Notebook,Vessel,Temperature,Treatment,Plate,Row,Column,Electrophile,Electrophile SMILES,Electrophile Conc (M),Nucleophile,Nucleophile SMILES,Nucleophile Conc (M),Product,Product SMILES,Catalyst1,Catalyst1 SMILES,Catalyst1 Conc (M),Ligand1,Ligand1 SMILES,Ligand1 Conc (M),Ligand2,Ligand2 SMILES,Ligand2 Conc (M),Catalyst2,Catalyst2 SMILES,Catalyst2 Conc (M),BaseAcid,BaseAcid SMILES,BaseAcid Conc (M),ReductantOxidant,ReductantOxidant SMILES,ReductantOxidant Conc (M),Additive1,Additive1 SMILES,Additive1 Conc (M),Additive2,Additive2 SMILES,Additive2 Conc (M),Solvent1,Solvent1 percentage,Solvent2,Solvent2 percentage,Analytical Method,index_waters,t3-eic(+)[m+h]_product1 areaabs,ms tic(+)_product1 areaabs,t2-eic(+)[m+h]_n3 areaabs,ms tic(+)_n3 areaabs,t2-eic(+)[m+h]_n4 areaabs,ms tic(+)_n4 areaabs,t2-eic(+)[m+h]_product1 areaabs,t3-eic(+)[m+h]_n3 areaabs,t3-eic(+)[m+h]_n4 areaabs,nu/100000,prod/100000,prod/(nu+prod)*100,inhibition %,third score (inhibition/prod conv),inhibition % in 5-fold dilution
yk-1536-4-make-product,1536,80,,1536,A,1,"E1_2-BIBENZYLCARBOXYLIC ACID, 97%",C1=CC=C(C=C1)CCC2=CC=CC=C2C(=O)O,0.2,N1_(+)-Dehydroabietylamine,CC(C)c1ccc2c(c1)CC[C@H]1[C@](C)(CN)CCC[C@]21C,0.1,,CC(C)c1ccc2c(c1)CC[C@H]1[C@](C)(CNCc3ccccc3CCc3ccccc3)CCC[C@]21C,"C1_PLATINUM-1,3-DIVINYL-1,1,3,3-TETRAMETHYLDISILOXANE COMPLEX, IN XYLENES",C=C[Si](C)(C)O[Si](C)(C)C=C.[Pt],0.15,L1_Davephos,CN(C)c1ccccc1-c1ccccc1P(C1CCCCC1)C1CCCCC1,0.005,None,None,None,None,None,None,None,None,None,O1_phenylsilane,C1=CC=C(C=C1)[Si]ÔøΩÔøΩ,0.6,None,None,None,None,None,None,none,100,none,0,UPLCMS,A1,1076747.598,573599.4582,,,,,0,,,59.24,5.7,8.8,-23.5,-2.67,0
yk-1536-4-make-product,1536,80,,1536,A,2,"E53_N-4-BOC-N-1-CBZ-2-PIPERAZINE CARBOXYLIC ACID, 97%",CC(C)(C)OC(=O)N1CCN(C(C1)C(=O)O)C(=O)OCC2=CC=CC=C2,0.2,N1_(+)-Dehydroabietylamine,CC(C)c1ccc2c(c1)CC[C@H]1[C@](C)(CN)CCC[C@]21C,0.1,,CC(C)c1ccc2c(c1)CC[C@H]1[C@](C)(CNCC3CN(C(=O)OC(C)(C)C)CCN3C(=O)OCc3ccccc3)CCC[C@]21C,"C1_PLATINUM-1,3-DIVINYL-1,1,3,3-TETRAMETHYLDISILOXANE COMPLEX, IN XYLENES",C=C[Si](C)(C)O[Si](C)(C)C=C.[Pt],0.15,L1_Davephos,CN(C)c1ccccc1-c1ccccc1P(C1CCCCC1)C1CCCCC1,0.005,None,None,None,None,None,None,None,None,None,O1_phenylsilane,C1=CC=C(C=C1)[Si]ÔøΩÔøΩ,0.6,None,None,None,None,None,None,none,100,none,0,UPLCMS,A2,2759791.564,1399699.162,,,,,0,,,38.67,14,26.6,54.8,2.06,0
yk-1536-4-make-product,1536,80,,1536,A,3,"E96_4-BUTYLBENZOIC ACID, 97%",CCCCC1=CC=C(C=C1)C(=O)O,0.2,N1_(+)-Dehydroabietylamine,CC(C)c1ccc2c(c1)CC[C@H]1[C@](C)(CN)CCC[C@]21C,0.1,,CCCCc1ccc(CNC[C@]2(C)CCC[C@]3(C)c4ccc(C(C)C)cc4CC[C@@H]23)cc1,"C1_PLATINUM-1,3-DIVINYL-1,1,3,3-TETRAMETHYLDISILOXANE COMPLEX, IN XYLENES",C=C[Si](C)(C)O[Si](C)(C)C=C.[Pt],0.15,L1_Davephos,CN(C)c1ccccc1-c1ccccc1P(C1CCCCC1)C1CCCCC1,0.005,None,None,None,None,None,None,None,None,None,O1_phenylsilane,C1=CC=C(C=C1)[Si]ÔøΩÔøΩ,0.6,None,None,None,None,None,None,none,100,none,0,UPLCMS,A3,3037639.67,4632279.935,,,,,0,,,23.21,46.3,66.6,-21.6,-0.32,0
yk-1536-4-make-product,1536,80,,1536,A,4,E142_4-cyclohexylbenzoic acid,C1CCC(CC1)C2=CC=C(C=C2)C(=O)O,0.2,N1_(+)-Dehydroabietylamine,CC(C)c1ccc2c(c1)CC[C@H]1[C@](C)(CN)CCC[C@]21C,0.1,,CC(C)c1ccc2c(c1)CC[C@H]1[C@](C)(CNCc3ccc(C4CCCCC4)cc3)CCC[C@]21C,"C1_PLATINUM-1,3-DIVINYL-1,1,3,3-TETRAMETHYLDISILOXANE COMPLEX, IN XYLENES",C=C[Si](C)(C)O[Si](C)(C)C=C.[Pt],0.15,L1_Davephos,CN(C)c1ccccc1-c1ccccc1P(C1CCCCC1)C1CCCCC1,0.005,None,None,None,None,None,None,None,None,None,O1_phenylsilane,C1=CC=C(C=C1)[Si]ÔøΩÔøΩ,0.6,None,None,None,None,None,None,none,100,none,0,UPLCMS,A4,1290851.768,881862.0811,,,,,0,,,5.54,8.8,61.4,-44,-0.72,0
yk-1536-4-make-product,1536,80,,1536,A,5,E181_9H-fluorene-9-carboxylic acid,C1=CC=C2C(=C1)C(C3=CC=CC=C32)C(=O)O,0.2,N1_(+)-Dehydroabietylamine,CC(C)c1ccc2c(c1)CC[C@H]1[C@](C)(CN)CCC[C@]21C,0.1,,CC(C)c1ccc2c(c1)CC[C@H]1[C@](C)(CNCC3c4ccccc4-c4ccccc43)CCC[C@]21C,"C1_PLATINUM-1,3-DIVINYL-1,1,3,3-TETRAMETHYLDISILOXANE COMPLEX, IN XYLENES",C=C[Si](C)(C)O[Si](C)(C)C=C.[Pt],0.15,L1_Davephos,CN(C)c1ccccc1-c1ccccc1P(C1CCCCC1)C1CCCCC1,0.005,None,None,None,None,None,None,None,None,None,O1_phenylsilane,C1=CC=C(C=C1)[Si]ÔøΩÔøΩ,0.6,None,None,None,None,None,None,none,100,none,0,UPLCMS,A5,70447.69885,131713.8373,,,,,0,,,14.19,1.3,8.5,-43.7,-5.14,0
yk-1536-4-make-product,1536,80,,1536,A,6,E223_(2S)-2-(6-methoxynaphthalen-2-yl)propanoic acid,CC(C1=CC2=C(C=C1)C=C(C=C2)OC)C(=O)O,0.2,N1_(+)-Dehydroabietylamine,CC(C)c1ccc2c(c1)CC[C@H]1[C@](C)(CN)CCC[C@]21C,0.1,,COc1ccc2cc(C(C)CNC[C@]3(C)CCC[C@]4(C)c5ccc(C(C)C)cc5CC[C@@H]34)ccc2c1,"C1_PLATINUM-1,3-DIVINYL-1,1,3,3-TETRAMETHYLDISILOXANE COMPLEX, IN XYLENES",C=C[Si](C)(C)O[Si](C)(C)C=C.[Pt],0.15,L1_Davephos,CN(C)c1ccccc1-c1ccccc1P(C1CCCCC1)C1CCCCC1,0.005,None,None,None,None,None,None,None,None,None,O1_phenylsilane,C1=CC=C(C=C1)[Si]ÔøΩÔøΩ,0.6,None,None,None,None,None,None,none,100,none,0,UPLCMS,A6,7905669.753,5887553.907,,,,,0,,,18.11,58.9,76.5,-58.8,-0.77,0
yk-1536-4-make-product,1536,80,,1536,A,7,E279_10-Undecenoic Acid,C=CCCCCCCCCC(=O)O,0.2,N1_(+)-Dehydroabietylamine,CC(C)c1ccc2c(c1)CC[C@H]1[C@](C)(CN)CCC[C@]21C,0.1,,C=CCCCCCCCCCNC[C@]1(C)CCC[C@]2(C)c3ccc(C(C)C)cc3CC[C@@H]12,"C1_PLATINUM-1,3-DIVINYL-1,1,3,3-TETRAMETHYLDISILOXANE COMPLEX, IN XYLENES",C=C[Si](C)(C)O[Si](C)(C)C=C.[Pt],0.15,L1_Davephos,CN(C)c1ccccc1-c1ccccc1P(C1CCCCC1)C1CCCCC1,0.005,None,None,None,None,None,None,None,None,None,O1_phenylsilane,C1=CC=C(C=C1)[Si]ÔøΩÔøΩ,0.6,None,None,None,None,None,None,none,100,none,0,UPLCMS,A7,0,0,,,,,0,,,16.1,0,0,-44.7,0,0
yk-1536-4-make-product,1536,80,,1536,A,8,"E3_4-HYDROXYBENZOIC ACID, 99%",C1=CC(=CC=C1C(=O)O)O,0.2,N1_(+)-Dehydroabietylamine,CC(C)c1ccc2c(c1)CC[C@H]1[C@](C)(CN)CCC[C@]21C,0.1,,CC(C)c1ccc2c(c1)CC[C@H]1[C@](C)(CNCc3ccc(O)cc3)CCC[C@]21C,"C1_PLATINUM-1,3-DIVINYL-1,1,3,3-TETRAMETHYLDISILOXANE COMPLEX, IN XYLENES",C=C[Si](C)(C)O[Si](C)(C)C=C.[Pt],0.15,L1_Davephos,CN(C)c1ccccc1-c1ccccc1P(C1CCCCC1)C1CCCCC1,0.005,None,None,None,None,None,None,None,None,None,O1_phenylsilane,C1=CC=C(C=C1)[Si]ÔøΩÔøΩ,0.6,None,None,None,None,None,None,none,100,none,0,UPLCMS,A8,10818.96586,0,,,,,0,,,20.04,0,0,-38.9,0,0
yk-1536-4-make-product,1536,80,,1536,A,9,"E102_3-CHLORO-2,2-DIMETHYLPROPIONIC ACID, 97%",CC(C)(CCl)C(=O)O,0.2,N1_(+)-Dehydroabietylamine,CC(C)c1ccc2c(c1)CC[C@H]1[C@](C)(CN)CCC[C@]21C,0.1,,CC(C)c1ccc2c(c1)CC[C@H]1[C@](C)(CNCC(C)(C)CCl)CCC[C@]21C,"C1_PLATINUM-1,3-DIVINYL-1,1,3,3-TETRAMETHYLDISILOXANE COMPLEX, IN XYLENES",C=C[Si](C)(C)O[Si](C)(C)C=C.[Pt],0.15,L1_Davephos,CN(C)c1ccccc1-c1ccccc1P(C1CCCCC1)C1CCCCC1,0.005,None,None,None,None,None,None,None,None,None,O1_phenylsilane,C1=CC=C(C=C1)[Si]ÔøΩÔøΩ,0.6,None,None,None,None,None,None,none,100,none,0,UPLCMS,A9,46494.26297,0,,,,,0,,,17.83,0,0,-49.1,0,0
yk-1536-4-make-product,1536,80,,1536,A,10,E227_3-methylbut-2-enoic acid,CC(=CC(=O)O)C,0.2,N1_(+)-Dehydroabietylamine,CC(C)c1ccc2c(c1)CC[C@H]1[C@](C)(CN)CCC[C@]21C,0.1,,CC(C)=CCNC[C@]1(C)CCC[C@]2(C)c3ccc(C(C)C)cc3CC[C@@H]12,"C1_PLATINUM-1,3-DIVINYL-1,1,3,3-TETRAMETHYLDISILOXANE COMPLEX, IN XYLENES",C=C[Si](C)(C)O[Si](C)(C)C=C.[Pt],0.15,L1_Davephos,CN(C)c1ccccc1-c1ccccc1P(C1CCCCC1)C1CCCCC1,0.005,None,None,None,None,None,None,None,None,None,O1_phenylsilane,C1=CC=C(C=C1)[Si]ÔøΩÔøΩ,0.6,None,None,None,None,None,None,none,100,none,0,UPLCMS,A10,527101.794,668499.707,,,,,0,,,13.84,6.7,32.6,-48.6,-1.49,0
yk-1536-4-make-product,1536,80,,1536,A,11,E321_Blank1,O=CO,0.2,N1_(+)-Dehydroabietylamine,CC(C)c1ccc2c(c1)CC[C@H]1[C@](C)(CN)CCC[C@]21C,0.1,MainProduct[2],CC(C)c1cc2c(cc1)[C@]3(C)[C@@H](CC2)[C@](C)(CN)CCC3,"C1_PLATINUM-1,3-DIVINYL-1,1,3,3-TETRAMETHYLDISILOXANE COMPLEX, IN XYLENES",C=C[Si](C)(C)O[Si](C)(C)C=C.[Pt],0.15,L1_Davephos,CN(C)c1ccccc1-c1ccccc1P(C1CCCCC1)C1CCCCC1,0.005,None,None,None,None,None,None,None,None,None,O1_phenylsilane,C1=CC=C(C=C1)[Si]ÔøΩÔøΩ,0.6,None,None,None,None,None,None,none,100,none,0,UPLCMS,A11,0,2451333.661,,,,,2818379.237,,,0,24.5,100,0,0,0
yk-1536-4-make-product,1536,80,,1536,A,12,E353_Blank33,O=CO,0.2,N1_(+)-Dehydroabietylamine,CC(C)c1ccc2c(c1)CC[C@H]1[C@](C)(CN)CCC[C@]21C,0.1,MainProduct[3],CC(C)c1cc2c(cc1)[C@]3(C)[C@@H](CC2)[C@](C)(CN)CCC3,"C1_PLATINUM-1,3-DIVINYL-1,1,3,3-TETRAMETHYLDISILOXANE COMPLEX, IN XYLENES",C=C[Si](C)(C)O[Si](C)(C)C=C.[Pt],0.15,L1_Davephos,CN(C)c1ccccc1-c1ccccc1P(C1CCCCC1)C1CCCCC1,0.005,None,None,None,None,None,None,None,None,None,O1_phenylsilane,C1=CC=C(C=C1)[Si]ÔøΩÔøΩ,0.6,None,None,None,None,None,None,none,100,none,0,UPLCMS,A12,0,0,,,,,0,,,0,0,0,0,0,0
yk-1536-4-make-product,1536,80,,1536,A,13,"E1_2-BIBENZYLCARBOXYLIC ACID, 97%",C1=CC=C(C=C1)CCC2=CC=CC=C2C(=O)O,0.2,N2_hydroxydehydroabietylamine,CC(C)C(C(O)=C1)=CC2=C1[C@]3(C)C(CC2)[C@](C)(CN)CCC3,0.1,,CC(C)c1cc2c(cc1O)[C@@]1(C)CCC[C@@](C)(CNCc3ccccc3CCc3ccccc3)C1CC2,"C1_PLATINUM-1,3-DIVINYL-1,1,3,3-TETRAMETHYLDISILOXANE COMPLEX, IN XYLENES",C=C[Si](C)(C)O[Si](C)(C)C=C.[Pt],0.15,L1_Davephos,CN(C)c1ccccc1-c1ccccc1P(C1CCCCC1)C1CCCCC1,0.005,None,None,None,None,None,None,None,None,None,O1_phenylsilane,C1=CC=C(C=C1)[Si]ÔøΩÔøΩ,0.6,None,None,None,None,None,None,none,100,none,0,UPLCMS,A13,3384739.699,2927671.923,,,,,35950.77996,,,62.45,29.3,31.9,80.2,2.51,-1.58
yk-1536-4-make-product,1536,80,,1536,A,14,"E53_N-4-BOC-N-1-CBZ-2-PIPERAZINE CARBOXYLIC ACID, 97%",CC(C)(C)OC(=O)N1CCN(C(C1)C(=O)O)C(=O)OCC2=CC=CC=C2,0.2,N2_hydroxydehydroabietylamine,CC(C)C(C(O)=C1)=CC2=C1[C@]3(C)C(CC2)[C@](C)(CN)CCC3,0.1,,CC(C)c1cc2c(cc1O)[C@@]1(C)CCC[C@@](C)(CNCC3CN(C(=O)OC(C)(C)C)CCN3C(=O)OCc3ccccc3)C1CC2,"C1_PLATINUM-1,3-DIVINYL-1,1,3,3-TETRAMETHYLDISILOXANE COMPLEX, IN XYLENES",C=C[Si](C)(C)O[Si](C)(C)C=C.[Pt],0.15,L1_Davephos,CN(C)c1ccccc1-c1ccccc1P(C1CCCCC1)C1CCCCC1,0.005,None,None,None,None,None,None,None,None,None,O1_phenylsilane,C1=CC=C(C=C1)[Si]ÔøΩÔøΩ,0.6,None,None,None,None,None,None,none,100,none,0,UPLCMS,A14,699676.6897,1026497.736,,,,,0,,,65.37,10.3,13.6,90,6.62,3.38
yk-1536-4-make-product,1536,80,,1536,A,15,"E96_4-BUTYLBENZOIC ACID, 97%",CCCCC1=CC=C(C=C1)C(=O)O,0.2,N2_hydroxydehydroabietylamine,CC(C)C(C(O)=C1)=CC2=C1[C@]3(C)C(CC2)[C@](C)(CN)CCC3,0.1,,CCCCc1ccc(CNC[C@]2(C)CCC[C@]3(C)c4cc(O)c(C(C)C)cc4CCC23)cc1,"C1_PLATINUM-1,3-DIVINYL-1,1,3,3-TETRAMETHYLDISILOXANE COMPLEX, IN XYLENES",C=C[Si](C)(C)O[Si](C)(C)C=C.[Pt],0.15,L1_Davephos,CN(C)c1ccccc1-c1ccccc1P(C1CCCCC1)C1CCCCC1,0.005,None,None,None,None,None,None,None,None,None,O1_phenylsilane,C1=CC=C(C=C1)[Si]ÔøΩÔøΩ,0.6,None,None,None,None,None,None,none,100,none,0,UPLCMS,A15,2709115.797,1582006.971,,,,,0,,,46.96,15.8,25.2,64.3,2.55,0
yk-1536-4-make-product,1536,80,,1536,A,16,E142_4-cyclohexylbenzoic acid,C1CCC(CC1)C2=CC=C(C=C2)C(=O)O,0.2,N2_hydroxydehydroabietylamine,CC(C)C(C(O)=C1)=CC2=C1[C@]3(C)C(CC2)[C@](C)(CN)CCC3,0.1,,CC(C)c1cc2c(cc1O)[C@@]1(C)CCC[C@@](C)(CNCc3ccc(C4CCCCC4)cc3)C1CC2,"C1_PLATINUM-1,3-DIVINYL-1,1,3,3-TETRAMETHYLDISILOXANE COMPLEX, IN XYLENES",C=C[Si](C)(C)O[Si](C)(C)C=C.[Pt],0.15,L1_Davephos,CN(C)c1ccccc1-c1ccccc1P(C1CCCCC1)C1CCCCC1,0.005,None,None,None,None,None,None,None,None,None,O1_phenylsilane,C1=CC=C(C=C1)[Si]ÔøΩÔøΩ,0.6,None,None,None,None,None,None,none,100,none,0,UPLCMS,A16,916302.2034,760542.6547,,,,,0,,,1.67,7.6,82,-41,-0.5,0
yk-1536-4-make-product,1536,80,,1536,A,17,E181_9H-fluorene-9-carboxylic acid,C1=CC=C2C(=C1)C(C3=CC=CC=C32)C(=O)O,0.2,N2_hydroxydehydroabietylamine,CC(C)C(C(O)=C1)=CC2=C1[C@]3(C)C(CC2)[C@](C)(CN)CCC3,0.1,,CC(C)c1cc2c(cc1O)[C@@]1(C)CCC[C@@](C)(CNCC3c4ccccc4-c4ccccc43)C1CC2,"C1_PLATINUM-1,3-DIVINYL-1,1,3,3-TETRAMETHYLDISILOXANE COMPLEX, IN XYLENES",C=C[Si](C)(C)O[Si](C)(C)C=C.[Pt],0.15,L1_Davephos,CN(C)c1ccccc1-c1ccccc1P(C1CCCCC1)C1CCCCC1,0.005,None,None,None,None,None,None,None,None,None,O1_phenylsilane,C1=CC=C(C=C1)[Si]ÔøΩÔøΩ,0.6,None,None,None,None,None,None,none,100,none,0,UPLCMS,A17,88678.91597,156419.6769,,,,,0,,,17.16,1.6,8.4,-75.4,-8.98,0
yk-1536-4-make-product,1536,80,,1536,A,18,E223_(2S)-2-(6-methoxynaphthalen-2-yl)propanoic acid,CC(C1=CC2=C(C=C1)C=C(C=C2)OC)C(=O)O,0.2,N2_hydroxydehydroabietylamine,CC(C)C(C(O)=C1)=CC2=C1[C@]3(C)C(CC2)[C@](C)(CN)CCC3,0.1,,COc1ccc2cc(C(C)CNC[C@]3(C)CCC[C@]4(C)c5cc(O)c(C(C)C)cc5CCC34)ccc2c1,"C1_PLATINUM-1,3-DIVINYL-1,1,3,3-TETRAMETHYLDISILOXANE COMPLEX, IN XYLENES",C=C[Si](C)(C)O[Si](C)(C)C=C.[Pt],0.15,L1_Davephos,CN(C)c1ccccc1-c1ccccc1P(C1CCCCC1)C1CCCCC1,0.005,None,None,None,None,None,None,None,None,None,O1_phenylsilane,C1=CC=C(C=C1)[Si]ÔøΩÔøΩ,0.6,None,None,None,None,None,None,none,100,none,0,UPLCMS,A18,5117503.475,4833651.443,,,,,0,,,6.37,48.3,88.4,-64.3,-0.73,0
yk-1536-4-make-product,1536,80,,1536,A,19,E279_10-Undecenoic Acid,C=CCCCCCCCCC(=O)O,0.2,N2_hydroxydehydroabietylamine,CC(C)C(C(O)=C1)=CC2=C1[C@]3(C)C(CC2)[C@](C)(CN)CCC3,0.1,,C=CCCCCCCCCCNC[C@]1(C)CCC[C@]2(C)c3cc(O)c(C(C)C)cc3CCC12,"C1_PLATINUM-1,3-DIVINYL-1,1,3,3-TETRAMETHYLDISILOXANE COMPLEX, IN XYLENES",C=C[Si](C)(C)O[Si](C)(C)C=C.[Pt],0.15,L1_Davephos,CN(C)c1ccccc1-c1ccccc1P(C1CCCCC1)C1CCCCC1,0.005,None,None,None,None,None,None,None,None,None,O1_phenylsilane,C1=CC=C(C=C1)[Si]ÔøΩÔøΩ,0.6,None,None,None,None,None,None,none,100,none,0,UPLCMS,A19,0,0,,,,,0,,,7.58,0,0,-61.7,0,0
yk-1536-4-make-product,1536,80,,1536,A,20,"E3_4-HYDROXYBENZOIC ACID, 99%",C1=CC(=CC=C1C(=O)O)O,0.2,N2_hydroxydehydroabietylamine,CC(C)C(C(O)=C1)=CC2=C1[C@]3(C)C(CC2)[C@](C)(CN)CCC3,0.1,,CC(C)c1cc2c(cc1O)[C@@]1(C)CCC[C@@](C)(CNCc3ccc(O)cc3)C1CC2,"C1_PLATINUM-1,3-DIVINYL-1,1,3,3-TETRAMETHYLDISILOXANE COMPLEX, IN XYLENES",C=C[Si](C)(C)O[Si](C)(C)C=C.[Pt],0.15,L1_Davephos,CN(C)c1ccccc1-c1ccccc1P(C1CCCCC1)C1CCCCC1,0.005,None,None,None,None,None,None,None,None,None,O1_phenylsilane,C1=CC=C(C=C1)[Si]ÔøΩÔøΩ,0.6,None,None,None,None,None,None,none,100,none,0,UPLCMS,A20,0,0,,,,,0,,,14.38,0,0,-65.6,0,0
yk-1536-4-make-product,1536,80,,1536,A,21,"E102_3-CHLORO-2,2-DIMETHYLPROPIONIC ACID, 97%",CC(C)(CCl)C(=O)O,0.2,N2_hydroxydehydroabietylamine,CC(C)C(C(O)=C1)=CC2=C1[C@]3(C)C(CC2)[C@](C)(CN)CCC3,0.1,,CC(C)c1cc2c(cc1O)[C@@]1(C)CCC[C@@](C)(CNCC(C)(C)CCl)C1CC2,"C1_PLATINUM-1,3-DIVINYL-1,1,3,3-TETRAMETHYLDISILOXANE COMPLEX, IN XYLENES",C=C[Si](C)(C)O[Si](C)(C)C=C.[Pt],0.15,L1_Davephos,CN(C)c1ccccc1-c1ccccc1P(C1CCCCC1)C1CCCCC1,0.005,None,None,None,None,None,None,None,None,None,O1_phenylsilane,C1=CC=C(C=C1)[Si]ÔøΩÔøΩ,0.6,None,None,None,None,None,None,none,100,none,0,UPLCMS,A21,420182.0702,431863.2617,,,,,0,,,19.95,4.3,17.8,-67.7,-3.8,0
yk-1536-4-make-product,1536,80,,1536,A,22,E227_3-methylbut-2-enoic acid,CC(=CC(=O)O)C,0.2,N2_hydroxydehydroabietylamine,CC(C)C(C(O)=C1)=CC2=C1[C@]3(C)C(CC2)[C@](C)(CN)CCC3,0.1,,CC(C)=CCNC[C@]1(C)CCC[C@]2(C)c3cc(O)c(C(C)C)cc3CCC12,"C1_PLATINUM-1,3-DIVINYL-1,1,3,3-TETRAMETHYLDISILOXANE COMPLEX, IN XYLENES",C=C[Si](C)(C)O[Si](C)(C)C=C.[Pt],0.15,L1_Davephos,CN(C)c1ccccc1-c1ccccc1P(C1CCCCC1)C1CCCCC1,0.005,None,None,None,None,None,None,None,None,None,O1_phenylsilane,C1=CC=C(C=C1)[Si]ÔøΩÔøΩ,0.6,None,None,None,None,None,None,none,100,none,0,UPLCMS,A22,258804.5059,323859.1452,,,,,0,,,1.54,3.2,67.8,-57.8,-0.85,0
yk-1536-4-make-product,1536,80,,1536,A,23,E321_Blank1,O=CO,0.2,N2_hydroxydehydroabietylamine,CC(C)C(C(O)=C1)=CC2=C1[C@]3(C)C(CC2)[C@](C)(CN)CCC3,0.1,MainProduct[15],CC(C)C(C(O)=C1)=CC2=C1[C@]3(C)C(CC2)[C@](C)(CN)CCC3,"C1_PLATINUM-1,3-DIVINYL-1,1,3,3-TETRAMETHYLDISILOXANE COMPLEX, IN XYLENES",C=C[Si](C)(C)O[Si](C)(C)C=C.[Pt],0.15,L1_Davephos,CN(C)c1ccccc1-c1ccccc1P(C1CCCCC1)C1CCCCC1,0.005,None,None,None,None,None,None,None,None,None,O1_phenylsilane,C1=CC=C(C=C1)[Si]ÔøΩÔøΩ,0.6,None,None,None,None,None,None,none,100,none,0,UPLCMS,A23,0,1125786.829,,,,,1096842.419,,,0,11.3,100,0,0,0
yk-1536-4-make-product,1536,80,,1536,A,24,E353_Blank33,O=CO,0.2,N2_hydroxydehydroabietylamine,CC(C)C(C(O)=C1)=CC2=C1[C@]3(C)C(CC2)[C@](C)(CN)CCC3,0.1,MainProduct[16],CC(C)C(C(O)=C1)=CC2=C1[C@]3(C)C(CC2)[C@](C)(CN)CCC3,"C1_PLATINUM-1,3-DIVINYL-1,1,3,3-TETRAMETHYLDISILOXANE COMPLEX, IN XYLENES",C=C[Si](C)(C)O[Si](C)(C)C=C.[Pt],0.15,L1_Davephos,CN(C)c1ccccc1-c1ccccc1P(C1CCCCC1)C1CCCCC1,0.005,None,None,None,None,None,None,None,None,None,O1_phenylsilane,C1=CC=C(C=C1)[Si]ÔøΩÔøΩ,0.6,None,None,None,None,None,None,none,100,none,0,UPLCMS,A24,0,0,,,,,0,,,0,0,0,0,0,0
yk-1536-4-make-product,1536,80,,1536,A,25,"E1_2-BIBENZYLCARBOXYLIC ACID, 97%",C1=CC=C(C=C1)CCC2=CC=CC=C2C(=O)O,0.2,N3_Scaffold 7,CC(C)C1=CC2=CCC3[C@](C)(CN)CCC[C@]3(C)C2CC1,0.1,,CC(C)C1=CC2=CCC3[C@](C)(CNCc4ccccc4CCc4ccccc4)CCC[C@]3(C)C2CC1,"C1_PLATINUM-1,3-DIVINYL-1,1,3,3-TETRAMETHYLDISILOXANE COMPLEX, IN XYLENES",C=C[Si](C)(C)O[Si](C)(C)C=C.[Pt],0.15,L1_Davephos,CN(C)c1ccccc1-c1ccccc1P(C1CCCCC1)C1CCCCC1,0.005,None,None,None,None,None,None,None,None,None,O1_phenylsilane,C1=CC=C(C=C1)[Si]ÔøΩÔøΩ,0.6,None,None,None,None,None,None,none,100,none,0,UPLCMS,A25,2358086.935,2098159.994,588334.2735,787830.774,0,0,0,0,0,7.9,21,72.6,-82.2,-1.1,0
yk-1536-4-make-product,1536,80,,1536,A,26,"E53_N-4-BOC-N-1-CBZ-2-PIPERAZINE CARBOXYLIC ACID, 97%",CC(C)(C)OC(=O)N1CCN(C(C1)C(=O)O)C(=O)OCC2=CC=CC=C2,0.2,N3_Scaffold 7,CC(C)C1=CC2=CCC3[C@](C)(CN)CCC[C@]3(C)C2CC1,0.1,,CC(C)C1=CC2=CCC3[C@](C)(CNCC4CN(C(=O)OC(C)(C)C)CCN4C(=O)OCc4ccccc4)CCC[C@]3(C)C2CC1,"C1_PLATINUM-1,3-DIVINYL-1,1,3,3-TETRAMETHYLDISILOXANE COMPLEX, IN XYLENES",C=C[Si](C)(C)O[Si](C)(C)C=C.[Pt],0.15,L1_Davephos,CN(C)c1ccccc1-c1ccccc1P(C1CCCCC1)C1CCCCC1,0.005,None,None,None,None,None,None,None,None,None,O1_phenylsilane,C1=CC=C(C=C1)[Si]ÔøΩÔøΩ,0.6,None,None,None,None,None,None,none,100,none,0,UPLCMS,A26,1708168.03,1453515.207,1408453.458,2805919.966,0,0,0,0,0,28.1,14.5,34.1,16.6,0.5,0
yk-1536-4-make-product,1536,80,,1536,A,27,"E96_4-BUTYLBENZOIC ACID, 97%",CCCCC1=CC=C(C=C1)C(=O)O,0.2,N3_Scaffold 7,CC(C)C1=CC2=CCC3[C@](C)(CN)CCC[C@]3(C)C2CC1,0.1,,CCCCc1ccc(CNC[C@]2(C)CCC[C@]3(C)C4CCC(C(C)C)=CC4=CCC23)cc1,"C1_PLATINUM-1,3-DIVINYL-1,1,3,3-TETRAMETHYLDISILOXANE COMPLEX, IN XYLENES",C=C[Si](C)(C)O[Si](C)(C)C=C.[Pt],0.15,L1_Davephos,CN(C)c1ccccc1-c1ccccc1P(C1CCCCC1)C1CCCCC1,0.005,None,None,None,None,None,None,None,None,None,O1_phenylsilane,C1=CC=C(C=C1)[Si]ÔøΩÔøΩ,0.6,None,None,None,None,None,None,none,100,none,0,UPLCMS,A27,2095845.374,2722462.858,82915.81665,645365.4447,0,0,0,0,0,6.5,27.2,80.7,0.9,0,0
yk-1536-4-make-product,1536,80,,1536,A,28,E142_4-cyclohexylbenzoic acid,C1CCC(CC1)C2=CC=C(C=C2)C(=O)O,0.2,N3_Scaffold 7,CC(C)C1=CC2=CCC3[C@](C)(CN)CCC[C@]3(C)C2CC1,0.1,,CC(C)C1=CC2=CCC3[C@](C)(CNCc4ccc(C5CCCCC5)cc4)CCC[C@]3(C)C2CC1,"C1_PLATINUM-1,3-DIVINYL-1,1,3,3-TETRAMETHYLDISILOXANE COMPLEX, IN XYLENES",C=C[Si](C)(C)O[Si](C)(C)C=C.[Pt],0.15,L1_Davephos,CN(C)c1ccccc1-c1ccccc1P(C1CCCCC1)C1CCCCC1,0.005,None,None,None,None,None,None,None,None,None,O1_phenylsilane,C1=CC=C(C=C1)[Si]ÔøΩÔøΩ,0.6,None,None,None,None,None,None,none,100,none,0,UPLCMS,A28,608154.962,398818.2936,62960.57403,166740.7065,0,0,0,0,0,1.7,4,70.1,-25.3,-0.4,0
yk-1536-4-make-product,1536,80,,1536,A,29,E181_9H-fluorene-9-carboxylic acid,C1=CC=C2C(=C1)C(C3=CC=CC=C32)C(=O)O,0.2,N3_Scaffold 7,CC(C)C1=CC2=CCC3[C@](C)(CN)CCC[C@]3(C)C2CC1,0.1,,CC(C)C1=CC2=CCC3[C@](C)(CNCC4c5ccccc5-c5ccccc54)CCC[C@]3(C)C2CC1,"C1_PLATINUM-1,3-DIVINYL-1,1,3,3-TETRAMETHYLDISILOXANE COMPLEX, IN XYLENES",C=C[Si](C)(C)O[Si](C)(C)C=C.[Pt],0.15,L1_Davephos,CN(C)c1ccccc1-c1ccccc1P(C1CCCCC1)C1CCCCC1,0.005,None,None,None,None,None,None,None,None,None,O1_phenylsilane,C1=CC=C(C=C1)[Si]ÔøΩÔøΩ,0.6,None,None,None,None,None,None,none,100,none,0,UPLCMS,A29,28211.02227,193014.8613,667671.0443,918440.5949,0,0,0,0,0,9.2,1.9,17.3,-20.7,-1.2,0
yk-1536-4-make-product,1536,80,,1536,A,30,E223_(2S)-2-(6-methoxynaphthalen-2-yl)propanoic acid,CC(C1=CC2=C(C=C1)C=C(C=C2)OC)C(=O)O,0.2,N3_Scaffold 7,CC(C)C1=CC2=CCC3[C@](C)(CN)CCC[C@]3(C)C2CC1,0.1,,COc1ccc2cc(C(C)CNC[C@]3(C)CCC[C@]4(C)C5CCC(C(C)C)=CC5=CCC34)ccc2c1,"C1_PLATINUM-1,3-DIVINYL-1,1,3,3-TETRAMETHYLDISILOXANE COMPLEX, IN XYLENES",C=C[Si](C)(C)O[Si](C)(C)C=C.[Pt],0.15,L1_Davephos,CN(C)c1ccccc1-c1ccccc1P(C1CCCCC1)C1CCCCC1,0.005,None,None,None,None,None,None,None,None,None,O1_phenylsilane,C1=CC=C(C=C1)[Si]ÔøΩÔøΩ,0.6,None,None,None,None,None,None,none,100,none,0,UPLCMS,A30,2793761.603,2829671.115,44533.7502,241917.4667,0,0,0,0,0,2.4,28.3,92.2,-1.6,0,0
yk-1536-4-make-product,1536,80,,1536,A,31,E279_10-Undecenoic Acid,C=CCCCCCCCCC(=O)O,0.2,N3_Scaffold 7,CC(C)C1=CC2=CCC3[C@](C)(CN)CCC[C@]3(C)C2CC1,0.1,,C=CCCCCCCCCCNC[C@]1(C)CCC[C@]2(C)C3CCC(C(C)C)=CC3=CCC12,"C1_PLATINUM-1,3-DIVINYL-1,1,3,3-TETRAMETHYLDISILOXANE COMPLEX, IN XYLENES",C=C[Si](C)(C)O[Si](C)(C)C=C.[Pt],0.15,L1_Davephos,CN(C)c1ccccc1-c1ccccc1P(C1CCCCC1)C1CCCCC1,0.005,None,None,None,None,None,None,None,None,None,O1_phenylsilane,C1=CC=C(C=C1)[Si]ÔøΩÔøΩ,0.6,None,None,None,None,None,None,none,100,none,0,UPLCMS,A31,1537.09448,0,858068.3595,883118.8392,0,0,0,0,0,8.8,0,0,-33.2,0,0
yk-1536-4-make-product,1536,80,,1536,A,32,"E3_4-HYDROXYBENZOIC ACID, 99%",C1=CC(=CC=C1C(=O)O)O,0.2,N3_Scaffold 7,CC(C)C1=CC2=CCC3[C@](C)(CN)CCC[C@]3(C)C2CC1,0.1,MainProduct[25],CC(C)C1=CC2=CCC3[C@](C)(CNCc4ccc(O)cc4)CCC[C@]3(C)C2CC1,"C1_PLATINUM-1,3-DIVINYL-1,1,3,3-TETRAMETHYLDISILOXANE COMPLEX, IN XYLENES",C=C[Si](C)(C)O[Si](C)(C)C=C.[Pt],0.15,L1_Davephos,CN(C)c1ccccc1-c1ccccc1P(C1CCCCC1)C1CCCCC1,0.005,None,None,None,None,None,None,None,None,None,O1_phenylsilane,C1=CC=C(C=C1)[Si]ÔøΩÔøΩ,0.6,None,None,None,None,None,None,none,100,none,0,UPLCMS,A32,23484.20251,0,1111882.326,1142052.33,0,0,396794.1077,0,0,11.4,0,0,-22,0,0
yk-1536-4-make-product,1536,80,,1536,A,33,"E102_3-CHLORO-2,2-DIMETHYLPROPIONIC ACID, 97%",CC(C)(CCl)C(=O)O,0.2,N3_Scaffold 7,CC(C)C1=CC2=CCC3[C@](C)(CN)CCC[C@]3(C)C2CC1,0.1,,CC(C)C1=CC2=CCC3[C@](C)(CNCC(C)(C)CCl)CCC[C@]3(C)C2CC1,"C1_PLATINUM-1,3-DIVINYL-1,1,3,3-TETRAMETHYLDISILOXANE COMPLEX, IN XYLENES",C=C[Si](C)(C)O[Si](C)(C)C=C.[Pt],0.15,L1_Davephos,CN(C)c1ccccc1-c1ccccc1P(C1CCCCC1)C1CCCCC1,0.005,None,None,None,None,None,None,None,None,None,O1_phenylsilane,C1=CC=C(C=C1)[Si]ÔøΩÔøΩ,0.6,None,None,None,None,None,None,none,100,none,0,UPLCMS,A33,46285.10355,172312.1708,330991.6047,359909.8643,0,0,0,0,0,3.6,1.7,32.4,-15.9,-0.5,0
yk-1536-4-make-product,1536,80,,1536,A,34,E227_3-methylbut-2-enoic acid,CC(=CC(=O)O)C,0.2,N3_Scaffold 7,CC(C)C1=CC2=CCC3[C@](C)(CN)CCC[C@]3(C)C2CC1,0.1,,CC(C)=CCNC[C@]1(C)CCC[C@]2(C)C3CCC(C(C)C)=CC3=CCC12,"C1_PLATINUM-1,3-DIVINYL-1,1,3,3-TETRAMETHYLDISILOXANE COMPLEX, IN XYLENES",C=C[Si](C)(C)O[Si](C)(C)C=C.[Pt],0.15,L1_Davephos,CN(C)c1ccccc1-c1ccccc1P(C1CCCCC1)C1CCCCC1,0.005,None,None,None,None,None,None,None,None,None,O1_phenylsilane,C1=CC=C(C=C1)[Si]ÔøΩÔøΩ,0.6,None,None,None,None,None,None,none,100,none,0,UPLCMS,A34,175105.2656,181695.7873,69668.13646,98395.48948,0,0,0,0,0,1,1.8,64.5,-23.9,-0.4,0
yk-1536-4-make-product,1536,80,,1536,A,35,E321_Blank1,O=CO,0.2,N3_Scaffold 7,CC(C)C1=CC2=CCC3[C@](C)(CN)CCC[C@]3(C)C2CC1,0.1,MainProduct[28],CC(C)C1=CC2=CCC3[C@](C)(CN)CCC[C@]3(C)C2CC1,"C1_PLATINUM-1,3-DIVINYL-1,1,3,3-TETRAMETHYLDISILOXANE COMPLEX, IN XYLENES",C=C[Si](C)(C)O[Si](C)(C)C=C.[Pt],0.15,L1_Davephos,CN(C)c1ccccc1-c1ccccc1P(C1CCCCC1)C1CCCCC1,0.005,None,None,None,None,None,None,None,None,None,O1_phenylsilane,C1=CC=C(C=C1)[Si]ÔøΩÔøΩ,0.6,None,None,None,None,None,None,none,100,none,0,UPLCMS,A35,0,653944.0184,0,0,0,0,648985.7902,0,0,0,6.5,100,0,0,0
yk-1536-4-make-product,1536,80,,1536,A,36,E353_Blank33,O=CO,0.2,N3_Scaffold 7,CC(C)C1=CC2=CCC3[C@](C)(CN)CCC[C@]3(C)C2CC1,0.1,MainProduct[29],CC(C)C1=CC2=CCC3[C@](C)(CN)CCC[C@]3(C)C2CC1,"C1_PLATINUM-1,3-DIVINYL-1,1,3,3-TETRAMETHYLDISILOXANE COMPLEX, IN XYLENES",C=C[Si](C)(C)O[Si](C)(C)C=C.[Pt],0.15,L1_Davephos,CN(C)c1ccccc1-c1ccccc1P(C1CCCCC1)C1CCCCC1,0.005,None,None,None,None,None,None,None,None,None,O1_phenylsilane,C1=CC=C(C=C1)[Si]ÔøΩÔøΩ,0.6,None,None,None,None,None,None,none,100,none,0,UPLCMS,A36,0,0,0,0,0,0,0,0,0,0,0,0,0,0,0
yk-1536-4-make-product,1536,80,,1536,A,37,"E1_2-BIBENZYLCARBOXYLIC ACID, 97%",C1=CC=C(C=C1)CCC2=CC=CC=C2C(=O)O,0.2,N4_Scaffold 6,CCNC[C@@]1(C)C2[C@](C)(CCC1)c3c(CC2)cc(C(C)C)c(c3)N,0.1,,CCNC[C@]1(C)CCC[C@]2(C)c3cc(NCc4ccccc4CCc4ccccc4)c(C(C)C)cc3CCC12,"C1_PLATINUM-1,3-DIVINYL-1,1,3,3-TETRAMETHYLDISILOXANE COMPLEX, IN XYLENES",C=C[Si](C)(C)O[Si](C)(C)C=C.[Pt],0.15,L1_Davephos,CN(C)c1ccccc1-c1ccccc1P(C1CCCCC1)C1CCCCC1,0.005,None,None,None,None,None,None,None,None,None,O1_phenylsilane,C1=CC=C(C=C1)[Si]ÔøΩÔøΩ,0.6,None,None,None,None,None,None,none,100,none,0,UPLCMS,A37,277140.8904,692981.125,0,0,1698214.091,1672762.74,0,0,0,16.7,6.9,29.3,-27.9,-1,0
yk-1536-4-make-product,1536,80,,1536,A,38,"E53_N-4-BOC-N-1-CBZ-2-PIPERAZINE CARBOXYLIC ACID, 97%",CC(C)(C)OC(=O)N1CCN(C(C1)C(=O)O)C(=O)OCC2=CC=CC=C2,0.2,N4_Scaffold 6,CCNC[C@@]1(C)C2[C@](C)(CCC1)c3c(CC2)cc(C(C)C)c(c3)N,0.1,,CCNC[C@]1(C)CCC[C@]2(C)c3cc(NCC4CN(C(=O)OC(C)(C)C)CCN4C(=O)OCc4ccccc4)c(C(C)C)cc3CCC12,"C1_PLATINUM-1,3-DIVINYL-1,1,3,3-TETRAMETHYLDISILOXANE COMPLEX, IN XYLENES",C=C[Si](C)(C)O[Si](C)(C)C=C.[Pt],0.15,L1_Davephos,CN(C)c1ccccc1-c1ccccc1P(C1CCCCC1)C1CCCCC1,0.005,None,None,None,None,None,None,None,None,None,O1_phenylsilane,C1=CC=C(C=C1)[Si]ÔøΩÔøΩ,0.6,None,None,None,None,None,None,none,100,none,0,UPLCMS,A38,2998.83457,0,0,0,212442.9046,134443.4955,6027.35554,0,0,1.3,0,0,-46,0,0
yk-1536-4-make-product,1536,80,,1536,A,39,"E96_4-BUTYLBENZOIC ACID, 97%",CCCCC1=CC=C(C=C1)C(=O)O,0.2,N4_Scaffold 6,CCNC[C@@]1(C)C2[C@](C)(CCC1)c3c(CC2)cc(C(C)C)c(c3)N,0.1,,CCCCc1ccc(CNc2cc3c(cc2C(C)C)CCC2[C@](C)(CNCC)CCC[C@]32C)cc1,"C1_PLATINUM-1,3-DIVINYL-1,1,3,3-TETRAMETHYLDISILOXANE COMPLEX, IN XYLENES",C=C[Si](C)(C)O[Si](C)(C)C=C.[Pt],0.15,L1_Davephos,CN(C)c1ccccc1-c1ccccc1P(C1CCCCC1)C1CCCCC1,0.005,None,None,None,None,None,None,None,None,None,O1_phenylsilane,C1=CC=C(C=C1)[Si]ÔøΩÔøΩ,0.6,None,None,None,None,None,None,none,100,none,0,UPLCMS,A39,365476.4326,912385.6474,0,0,2193844.126,1838767.308,586839.2448,0,0,18.4,9.1,33.1,-31.8,-1,0
yk-1536-4-make-product,1536,80,,1536,A,40,E142_4-cyclohexylbenzoic acid,C1CCC(CC1)C2=CC=C(C=C2)C(=O)O,0.2,N4_Scaffold 6,CCNC[C@@]1(C)C2[C@](C)(CCC1)c3c(CC2)cc(C(C)C)c(c3)N,0.1,,CCNC[C@]1(C)CCC[C@]2(C)c3cc(NCc4ccc(C5CCCCC5)cc4)c(C(C)C)cc3CCC12,"C1_PLATINUM-1,3-DIVINYL-1,1,3,3-TETRAMETHYLDISILOXANE COMPLEX, IN XYLENES",C=C[Si](C)(C)O[Si](C)(C)C=C.[Pt],0.15,L1_Davephos,CN(C)c1ccccc1-c1ccccc1P(C1CCCCC1)C1CCCCC1,0.005,None,None,None,None,None,None,None,None,None,O1_phenylsilane,C1=CC=C(C=C1)[Si]ÔøΩÔøΩ,0.6,None,None,None,None,None,None,none,100,none,0,UPLCMS,A40,66539.60503,81965.19595,0,0,1075534.404,1040877.767,42518.69983,0,0,10.4,0.8,7.3,-46.5,-6.4,0
yk-1536-4-make-product,1536,80,,1536,A,41,E181_9H-fluorene-9-carboxylic acid,C1=CC=C2C(=C1)C(C3=CC=CC=C32)C(=O)O,0.2,N4_Scaffold 6,CCNC[C@@]1(C)C2[C@](C)(CCC1)c3c(CC2)cc(C(C)C)c(c3)N,0.1,,CCNC[C@]1(C)CCC[C@]2(C)c3cc(NCC4c5ccccc5-c5ccccc54)c(C(C)C)cc3CCC12,"C1_PLATINUM-1,3-DIVINYL-1,1,3,3-TETRAMETHYLDISILOXANE COMPLEX, IN XYLENES",C=C[Si](C)(C)O[Si](C)(C)C=C.[Pt],0.15,L1_Davephos,CN(C)c1ccccc1-c1ccccc1P(C1CCCCC1)C1CCCCC1,0.005,None,None,None,None,None,None,None,None,None,O1_phenylsilane,C1=CC=C(C=C1)[Si]ÔøΩÔøΩ,0.6,None,None,None,None,None,None,none,100,none,0,UPLCMS,A41,42238.31075,1390057.67,0,0,1563227.904,1434618.532,0,0,0,14.3,13.9,49.3,-51.4,-1,0
yk-1536-4-make-product,1536,80,,1536,A,42,E223_(2S)-2-(6-methoxynaphthalen-2-yl)propanoic acid,CC(C1=CC2=C(C=C1)C=C(C=C2)OC)C(=O)O,0.2,N4_Scaffold 6,CCNC[C@@]1(C)C2[C@](C)(CCC1)c3c(CC2)cc(C(C)C)c(c3)N,0.1,,CCNC[C@]1(C)CCC[C@]2(C)c3cc(NCC(C)c4ccc5cc(OC)ccc5c4)c(C(C)C)cc3CCC12,"C1_PLATINUM-1,3-DIVINYL-1,1,3,3-TETRAMETHYLDISILOXANE COMPLEX, IN XYLENES",C=C[Si](C)(C)O[Si](C)(C)C=C.[Pt],0.15,L1_Davephos,CN(C)c1ccccc1-c1ccccc1P(C1CCCCC1)C1CCCCC1,0.005,None,None,None,None,None,None,None,None,None,O1_phenylsilane,C1=CC=C(C=C1)[Si]ÔøΩÔøΩ,0.6,None,None,None,None,None,None,none,100,none,0,UPLCMS,A42,439742.8888,2366019.11,0,0,707295.4189,624423.5349,0,0,0,6.2,23.7,79.2,-24.6,-0.3,0
yk-1536-4-make-product,1536,80,,1536,A,43,E279_10-Undecenoic Acid,C=CCCCCCCCCC(=O)O,0.2,N4_Scaffold 6,CCNC[C@@]1(C)C2[C@](C)(CCC1)c3c(CC2)cc(C(C)C)c(c3)N,0.1,,C=CCCCCCCCCCNc1cc2c(cc1C(C)C)CCC1[C@](C)(CNCC)CCC[C@]21C,"C1_PLATINUM-1,3-DIVINYL-1,1,3,3-TETRAMETHYLDISILOXANE COMPLEX, IN XYLENES",C=C[Si](C)(C)O[Si](C)(C)C=C.[Pt],0.15,L1_Davephos,CN(C)c1ccccc1-c1ccccc1P(C1CCCCC1)C1CCCCC1,0.005,None,None,None,None,None,None,None,None,None,O1_phenylsilane,C1=CC=C(C=C1)[Si]ÔøΩÔøΩ,0.6,None,None,None,None,None,None,none,100,none,0,UPLCMS,A43,0,0,0,0,396556.3405,334391.2008,0,0,0,3.3,0,0,-46.5,0,0
yk-1536-4-make-product,1536,80,,1536,A,44,"E3_4-HYDROXYBENZOIC ACID, 99%",C1=CC(=CC=C1C(=O)O)O,0.2,N4_Scaffold 6,CCNC[C@@]1(C)C2[C@](C)(CCC1)c3c(CC2)cc(C(C)C)c(c3)N,0.1,,CCNC[C@]1(C)CCC[C@]2(C)c3cc(NCc4ccc(O)cc4)c(C(C)C)cc3CCC12,"C1_PLATINUM-1,3-DIVINYL-1,1,3,3-TETRAMETHYLDISILOXANE COMPLEX, IN XYLENES",C=C[Si](C)(C)O[Si](C)(C)C=C.[Pt],0.15,L1_Davephos,CN(C)c1ccccc1-c1ccccc1P(C1CCCCC1)C1CCCCC1,0.005,None,None,None,None,None,None,None,None,None,O1_phenylsilane,C1=CC=C(C=C1)[Si]ÔøΩÔøΩ,0.6,None,None,None,None,None,None,none,100,none,0,UPLCMS,A44,0,0,0,0,231676.7862,185657.3568,0,0,0,1.9,0,0,-22.1,0,0
yk-1536-4-make-product,1536,80,,1536,A,45,"E102_3-CHLORO-2,2-DIMETHYLPROPIONIC ACID, 97%",CC(C)(CCl)C(=O)O,0.2,N4_Scaffold 6,CCNC[C@@]1(C)C2[C@](C)(CCC1)c3c(CC2)cc(C(C)C)c(c3)N,0.1,,CCNC[C@]1(C)CCC[C@]2(C)c3cc(NCC(C)(C)CCl)c(C(C)C)cc3CCC12,"C1_PLATINUM-1,3-DIVINYL-1,1,3,3-TETRAMETHYLDISILOXANE COMPLEX, IN XYLENES",C=C[Si](C)(C)O[Si](C)(C)C=C.[Pt],0.15,L1_Davephos,CN(C)c1ccccc1-c1ccccc1P(C1CCCCC1)C1CCCCC1,0.005,None,None,None,None,None,None,None,None,None,O1_phenylsilane,C1=CC=C(C=C1)[Si]ÔøΩÔøΩ,0.6,None,None,None,None,None,None,none,100,none,0,UPLCMS,A45,5665.08928,0,0,0,1538929.325,1568777.783,0,0,0,15.7,0,0,-26.5,0,0
yk-1536-4-make-product,1536,80,,1536,A,46,E227_3-methylbut-2-enoic acid,CC(=CC(=O)O)C,0.2,N4_Scaffold 6,CCNC[C@@]1(C)C2[C@](C)(CCC1)c3c(CC2)cc(C(C)C)c(c3)N,0.1,,CCNC[C@]1(C)CCC[C@]2(C)c3cc(NCC=C(C)C)c(C(C)C)cc3CCC12,"C1_PLATINUM-1,3-DIVINYL-1,1,3,3-TETRAMETHYLDISILOXANE COMPLEX, IN XYLENES",C=C[Si](C)(C)O[Si](C)(C)C=C.[Pt],0.15,L1_Davephos,CN(C)c1ccccc1-c1ccccc1P(C1CCCCC1)C1CCCCC1,0.005,None,None,None,None,None,None,None,None,None,O1_phenylsilane,C1=CC=C(C=C1)[Si]ÔøΩÔøΩ,0.6,None,None,None,None,None,None,none,100,none,0,UPLCMS,A46,20191.23645,0,0,0,202550.577,156520.552,0,0,0,1.6,0,0,-43.7,0,0
yk-1536-4-make-product,1536,80,,1536,A,47,E321_Blank1,O=CO,0.2,N4_Scaffold 6,CCNC[C@@]1(C)C2[C@](C)(CCC1)c3c(CC2)cc(C(C)C)c(c3)N,0.1,MainProduct[41],CCNC[C@@]1(C)C2[C@](C)(CCC1)c3c(CC2)cc(C(C)C)c(c3)N,"C1_PLATINUM-1,3-DIVINYL-1,1,3,3-TETRAMETHYLDISILOXANE COMPLEX, IN XYLENES",C=C[Si](C)(C)O[Si](C)(C)C=C.[Pt],0.15,L1_Davephos,CN(C)c1ccccc1-c1ccccc1P(C1CCCCC1)C1CCCCC1,0.005,None,None,None,None,None,None,None,None,None,O1_phenylsilane,C1=CC=C(C=C1)[Si]ÔøΩÔøΩ,0.6,None,None,None,None,None,None,none,100,none,0,UPLCMS,A47,0,540608.1368,0,0,0,0,544965.109,0,0,0,5.4,100,0,0,0
yk-1536-4-make-product,1536,80,,1536,A,48,E353_Blank33,O=CO,0.2,N4_Scaffold 6,CCNC[C@@]1(C)C2[C@](C)(CCC1)c3c(CC2)cc(C(C)C)c(c3)N,0.1,MainProduct[42],CCNC[C@@]1(C)C2[C@](C)(CCC1)c3c(CC2)cc(C(C)C)c(c3)N,"C1_PLATINUM-1,3-DIVINYL-1,1,3,3-TETRAMETHYLDISILOXANE COMPLEX, IN XYLENES",C=C[Si](C)(C)O[Si](C)(C)C=C.[Pt],0.15,L1_Davephos,CN(C)c1ccccc1-c1ccccc1P(C1CCCCC1)C1CCCCC1,0.005,None,None,None,None,None,None,None,None,None,O1_phenylsilane,C1=CC=C(C=C1)[Si]ÔøΩÔøΩ,0.6,None,None,None,None,None,None,none,100,none,0,UPLCMS,A48,0,0,0,0,0,0,0,0,0,0,0,0,0,0,0
yk-1536-4-make-product,1536,80,,1536,B,1,"E2_2-CHLORO-5-(TRIFLUOROMETHYL)ISONICOTINIC ACID, 97%",C1=C(C(=CN=C1Cl)C(F)(F)F)C(=O)O,0.2,N1_(+)-Dehydroabietylamine,CC(C)c1ccc2c(c1)CC[C@H]1[C@](C)(CN)CCC[C@]21C,0.1,,CC(C)c1ccc2c(c1)CC[C@H]1[C@](C)(CNCc3cc(Cl)ncc3C(F)(F)F)CCC[C@]21C,"C1_PLATINUM-1,3-DIVINYL-1,1,3,3-TETRAMETHYLDISILOXANE COMPLEX, IN XYLENES",C=C[Si](C)(C)O[Si](C)(C)C=C.[Pt],0.15,L1_Davephos,CN(C)c1ccccc1-c1ccccc1P(C1CCCCC1)C1CCCCC1,0.005,None,None,None,None,None,None,None,None,None,O1_phenylsilane,C1=CC=C(C=C1)[Si]ÔøΩÔøΩ,0.6,None,None,None,None,None,None,none,100,none,0,UPLCMS,B1,1235568.569,1211540.495,,,,,0,,,44.4,12.1,21.4,72.5,3.39,29.63
yk-1536-4-make-product,1536,80,,1536,B,2,"E54_3-BENZOYLBENZOIC ACID, 98%",C1=CC=C(C=C1)C(=O)C2=CC(=CC=C2)C(=O)O,0.2,N1_(+)-Dehydroabietylamine,CC(C)c1ccc2c(c1)CC[C@H]1[C@](C)(CN)CCC[C@]21C,0.1,,CC(C)c1ccc2c(c1)CC[C@H]1[C@](C)(CNCc3cccc(C(=O)c4ccccc4)c3)CCC[C@]21C,"C1_PLATINUM-1,3-DIVINYL-1,1,3,3-TETRAMETHYLDISILOXANE COMPLEX, IN XYLENES",C=C[Si](C)(C)O[Si](C)(C)C=C.[Pt],0.15,L1_Davephos,CN(C)c1ccccc1-c1ccccc1P(C1CCCCC1)C1CCCCC1,0.005,None,None,None,None,None,None,None,None,None,O1_phenylsilane,C1=CC=C(C=C1)[Si]ÔøΩÔøΩ,0.6,None,None,None,None,None,None,none,100,none,0,UPLCMS,B2,3940892.194,3286818.717,,,,,0,,,25.2,32.9,56.6,-7.6,-0.13,0
yk-1536-4-make-product,1536,80,,1536,B,3,"E97_TRANS-4-TERT-BUTYLCYCLOHEXANECARBOXYLIC ACID, 97%",CC(C)(C)C1CCC(CC1)C(=O)O,0.2,N1_(+)-Dehydroabietylamine,CC(C)c1ccc2c(c1)CC[C@H]1[C@](C)(CN)CCC[C@]21C,0.1,,CC(C)c1ccc2c(c1)CC[C@H]1[C@](C)(CNCC3CCC(C(C)(C)C)CC3)CCC[C@]21C,"C1_PLATINUM-1,3-DIVINYL-1,1,3,3-TETRAMETHYLDISILOXANE COMPLEX, IN XYLENES",C=C[Si](C)(C)O[Si](C)(C)C=C.[Pt],0.15,L1_Davephos,CN(C)c1ccccc1-c1ccccc1P(C1CCCCC1)C1CCCCC1,0.005,None,None,None,None,None,None,None,None,None,O1_phenylsilane,C1=CC=C(C=C1)[Si]ÔøΩÔøΩ,0.6,None,None,None,None,None,None,none,100,none,0,UPLCMS,B3,18228.23903,277315.2107,,,,,0,,,19.9,2.8,12.2,-25.5,-2.09,0
yk-1536-4-make-product,1536,80,,1536,B,4,E144_2-(4-chlorophenyl)acetic acid,C1=CC(=CC=C1CC(=O)O)Cl,0.2,N1_(+)-Dehydroabietylamine,CC(C)c1ccc2c(c1)CC[C@H]1[C@](C)(CN)CCC[C@]21C,0.1,,CC(C)c1ccc2c(c1)CC[C@H]1[C@](C)(CNCCc3ccc(Cl)cc3)CCC[C@]21C,"C1_PLATINUM-1,3-DIVINYL-1,1,3,3-TETRAMETHYLDISILOXANE COMPLEX, IN XYLENES",C=C[Si](C)(C)O[Si](C)(C)C=C.[Pt],0.15,L1_Davephos,CN(C)c1ccccc1-c1ccccc1P(C1CCCCC1)C1CCCCC1,0.005,None,None,None,None,None,None,None,None,None,O1_phenylsilane,C1=CC=C(C=C1)[Si]ÔøΩÔøΩ,0.6,None,None,None,None,None,None,none,100,none,0,UPLCMS,B4,482914.613,350923.3507,,,,,0,,,5.1,3.5,40.7,-19.5,-0.48,0
yk-1536-4-make-product,1536,80,,1536,B,5,E183_3-fluorobenzoic acid,C1=CC(=CC(=C1)F)C(=O)O,0.2,N1_(+)-Dehydroabietylamine,CC(C)c1ccc2c(c1)CC[C@H]1[C@](C)(CN)CCC[C@]21C,0.1,,CC(C)c1ccc2c(c1)CC[C@H]1[C@](C)(CNCc3cccc(F)c3)CCC[C@]21C,"C1_PLATINUM-1,3-DIVINYL-1,1,3,3-TETRAMETHYLDISILOXANE COMPLEX, IN XYLENES",C=C[Si](C)(C)O[Si](C)(C)C=C.[Pt],0.15,L1_Davephos,CN(C)c1ccccc1-c1ccccc1P(C1CCCCC1)C1CCCCC1,0.005,None,None,None,None,None,None,None,None,None,O1_phenylsilane,C1=CC=C(C=C1)[Si]ÔøΩÔøΩ,0.6,None,None,None,None,None,None,none,100,none,0,UPLCMS,B5,0,0,,,,,0,,,13.3,0,0,-10.2,0,0
yk-1536-4-make-product,1536,80,,1536,B,6,E226_2-(2-methoxyphenyl)acetic acid,COC1=CC=CC=C1CC(=O)O,0.2,N1_(+)-Dehydroabietylamine,CC(C)c1ccc2c(c1)CC[C@H]1[C@](C)(CN)CCC[C@]21C,0.1,,COc1ccccc1CCNC[C@]1(C)CCC[C@]2(C)c3ccc(C(C)C)cc3CC[C@@H]12,"C1_PLATINUM-1,3-DIVINYL-1,1,3,3-TETRAMETHYLDISILOXANE COMPLEX, IN XYLENES",C=C[Si](C)(C)O[Si](C)(C)C=C.[Pt],0.15,L1_Davephos,CN(C)c1ccccc1-c1ccccc1P(C1CCCCC1)C1CCCCC1,0.005,None,None,None,None,None,None,None,None,None,O1_phenylsilane,C1=CC=C(C=C1)[Si]ÔøΩÔøΩ,0.6,None,None,None,None,None,None,none,100,none,0,UPLCMS,B6,137791.7688,156212.6675,,,,,0,,,16.7,1.6,8.6,-27.5,-3.2,0
yk-1536-4-make-product,1536,80,,1536,B,7,E282_Vanillic acid,COC1=C(C=CC(=C1)C(=O)O)O,0.2,N1_(+)-Dehydroabietylamine,CC(C)c1ccc2c(c1)CC[C@H]1[C@](C)(CN)CCC[C@]21C,0.1,,COc1cc(CNC[C@]2(C)CCC[C@]3(C)c4ccc(C(C)C)cc4CC[C@@H]23)ccc1O,"C1_PLATINUM-1,3-DIVINYL-1,1,3,3-TETRAMETHYLDISILOXANE COMPLEX, IN XYLENES",C=C[Si](C)(C)O[Si](C)(C)C=C.[Pt],0.15,L1_Davephos,CN(C)c1ccccc1-c1ccccc1P(C1CCCCC1)C1CCCCC1,0.005,None,None,None,None,None,None,None,None,None,O1_phenylsilane,C1=CC=C(C=C1)[Si]ÔøΩÔøΩ,0.6,None,None,None,None,None,None,none,100,none,0,UPLCMS,B7,2838920.793,3743539.438,,,,,0,,,33.6,37.4,52.7,101.1,1.92,44.86
yk-1536-4-make-product,1536,80,,1536,B,8,"E12_ISOVALERIC ACID, 99%",CC(C)CC(=O)O,0.2,N1_(+)-Dehydroabietylamine,CC(C)c1ccc2c(c1)CC[C@H]1[C@](C)(CN)CCC[C@]21C,0.1,,CC(C)CCNC[C@]1(C)CCC[C@]2(C)c3ccc(C(C)C)cc3CC[C@@H]12,"C1_PLATINUM-1,3-DIVINYL-1,1,3,3-TETRAMETHYLDISILOXANE COMPLEX, IN XYLENES",C=C[Si](C)(C)O[Si](C)(C)C=C.[Pt],0.15,L1_Davephos,CN(C)c1ccccc1-c1ccccc1P(C1CCCCC1)C1CCCCC1,0.005,None,None,None,None,None,None,None,None,None,O1_phenylsilane,C1=CC=C(C=C1)[Si]ÔøΩÔøΩ,0.6,None,None,None,None,None,None,none,100,none,0,UPLCMS,B8,617980.7696,925994.975,,,,,242701.5933,,,14.2,9.3,39.4,-36.8,-0.93,0
yk-1536-4-make-product,1536,80,,1536,B,9,"E107_1-CYCLOHEXENE-1-CARBOXYLIC ACID, 97%",C1CCC(=CC1)C(=O)O,0.2,N1_(+)-Dehydroabietylamine,CC(C)c1ccc2c(c1)CC[C@H]1[C@](C)(CN)CCC[C@]21C,0.1,,CC(C)c1ccc2c(c1)CC[C@H]1[C@](C)(CNCC3=CCCCC3)CCC[C@]21C,"C1_PLATINUM-1,3-DIVINYL-1,1,3,3-TETRAMETHYLDISILOXANE COMPLEX, IN XYLENES",C=C[Si](C)(C)O[Si](C)(C)C=C.[Pt],0.15,L1_Davephos,CN(C)c1ccccc1-c1ccccc1P(C1CCCCC1)C1CCCCC1,0.005,None,None,None,None,None,None,None,None,None,O1_phenylsilane,C1=CC=C(C=C1)[Si]ÔøΩÔøΩ,0.6,None,None,None,None,None,None,none,100,none,0,UPLCMS,B9,259470.4393,274458.2808,,,,,0,,,11,2.7,20,-36.6,-1.83,0
yk-1536-4-make-product,1536,80,,1536,B,10,E228_1-methylpiperidine-4-carboxylic acid,CN1CCC(CC1)C(=O)O,0.2,N1_(+)-Dehydroabietylamine,CC(C)c1ccc2c(c1)CC[C@H]1[C@](C)(CN)CCC[C@]21C,0.1,,CC(C)c1ccc2c(c1)CC[C@H]1[C@](C)(CNCC3CCN(C)CC3)CCC[C@]21C,"C1_PLATINUM-1,3-DIVINYL-1,1,3,3-TETRAMETHYLDISILOXANE COMPLEX, IN XYLENES",C=C[Si](C)(C)O[Si](C)(C)C=C.[Pt],0.15,L1_Davephos,CN(C)c1ccccc1-c1ccccc1P(C1CCCCC1)C1CCCCC1,0.005,None,None,None,None,None,None,None,None,None,O1_phenylsilane,C1=CC=C(C=C1)[Si]ÔøΩÔøΩ,0.6,None,None,None,None,None,None,none,100,none,0,UPLCMS,B10,4385.90666,0,,,,,0,,,29.7,0,0,-21.3,0,0
yk-1536-4-make-product,1536,80,,1536,B,11,E322_Blank2,O=CO,0.2,N1_(+)-Dehydroabietylamine,CC(C)c1ccc2c(c1)CC[C@H]1[C@](C)(CN)CCC[C@]21C,0.1,MainProduct[338],CC(C)c1ccc2c(c1)CC[C@H]1[C@](C)(CN)CCC[C@]21C,"C1_PLATINUM-1,3-DIVINYL-1,1,3,3-TETRAMETHYLDISILOXANE COMPLEX, IN XYLENES",C=C[Si](C)(C)O[Si](C)(C)C=C.[Pt],0.15,L1_Davephos,CN(C)c1ccccc1-c1ccccc1P(C1CCCCC1)C1CCCCC1,0.005,None,None,None,None,None,None,None,None,None,O1_phenylsilane,C1=CC=C(C=C1)[Si]ÔøΩÔøΩ,0.6,None,None,None,None,None,None,none,100,none,0,UPLCMS,B11,0,2871754,,,,,3057598.404,,,0,28.7,100,0,0,0
yk-1536-4-make-product,1536,80,,1536,B,12,E354_Blank34,O=CO,0.2,N1_(+)-Dehydroabietylamine,CC(C)c1ccc2c(c1)CC[C@H]1[C@](C)(CN)CCC[C@]21C,0.1,MainProduct[339],CC(C)c1ccc2c(c1)CC[C@H]1[C@](C)(CN)CCC[C@]21C,"C1_PLATINUM-1,3-DIVINYL-1,1,3,3-TETRAMETHYLDISILOXANE COMPLEX, IN XYLENES",C=C[Si](C)(C)O[Si](C)(C)C=C.[Pt],0.15,L1_Davephos,CN(C)c1ccccc1-c1ccccc1P(C1CCCCC1)C1CCCCC1,0.005,None,None,None,None,None,None,None,None,None,O1_phenylsilane,C1=CC=C(C=C1)[Si]ÔøΩÔøΩ,0.6,None,None,None,None,None,None,none,100,none,0,UPLCMS,B12,0,0,,,,,0,,,0,0,0,0,0,0
yk-1536-4-make-product,1536,80,,1536,B,13,"E2_2-CHLORO-5-(TRIFLUOROMETHYL)ISONICOTINIC ACID, 97%",C1=C(C(=CN=C1Cl)C(F)(F)F)C(=O)O,0.2,N2_hydroxydehydroabietylamine,CC(C)C(C(O)=C1)=CC2=C1[C@]3(C)C(CC2)[C@](C)(CN)CCC3,0.1,,CC(C)c1cc2c(cc1O)[C@@]1(C)CCC[C@@](C)(CNCc3cc(Cl)ncc3C(F)(F)F)C1CC2,"C1_PLATINUM-1,3-DIVINYL-1,1,3,3-TETRAMETHYLDISILOXANE COMPLEX, IN XYLENES",C=C[Si](C)(C)O[Si](C)(C)C=C.[Pt],0.15,L1_Davephos,CN(C)c1ccccc1-c1ccccc1P(C1CCCCC1)C1CCCCC1,0.005,None,None,None,None,None,None,None,None,None,O1_phenylsilane,C1=CC=C(C=C1)[Si]ÔøΩÔøΩ,0.6,None,None,None,None,None,None,none,100,none,0,UPLCMS,B13,1279096.223,1066978.103,,,,,0,,,71.2,10.7,13,97,7.46,3.91
yk-1536-4-make-product,1536,80,,1536,B,14,"E54_3-BENZOYLBENZOIC ACID, 98%",C1=CC=C(C=C1)C(=O)C2=CC(=CC=C2)C(=O)O,0.2,N2_hydroxydehydroabietylamine,CC(C)C(C(O)=C1)=CC2=C1[C@]3(C)C(CC2)[C@](C)(CN)CCC3,0.1,,CC(C)c1cc2c(cc1O)[C@@]1(C)CCC[C@@](C)(CNCc3cccc(C(=O)c4ccccc4)c3)C1CC2,"C1_PLATINUM-1,3-DIVINYL-1,1,3,3-TETRAMETHYLDISILOXANE COMPLEX, IN XYLENES",C=C[Si](C)(C)O[Si](C)(C)C=C.[Pt],0.15,L1_Davephos,CN(C)c1ccccc1-c1ccccc1P(C1CCCCC1)C1CCCCC1,0.005,None,None,None,None,None,None,None,None,None,O1_phenylsilane,C1=CC=C(C=C1)[Si]ÔøΩÔøΩ,0.6,None,None,None,None,None,None,none,100,none,0,UPLCMS,B14,1629801.353,1755434.154,,,,,0,,,42.3,17.6,29.3,0.6,0.02,0
yk-1536-4-make-product,1536,80,,1536,B,15,"E97_TRANS-4-TERT-BUTYLCYCLOHEXANECARBOXYLIC ACID, 97%",CC(C)(C)C1CCC(CC1)C(=O)O,0.2,N2_hydroxydehydroabietylamine,CC(C)C(C(O)=C1)=CC2=C1[C@]3(C)C(CC2)[C@](C)(CN)CCC3,0.1,,CC(C)c1cc2c(cc1O)[C@@]1(C)CCC[C@@](C)(CNCC3CCC(C(C)(C)C)CC3)C1CC2,"C1_PLATINUM-1,3-DIVINYL-1,1,3,3-TETRAMETHYLDISILOXANE COMPLEX, IN XYLENES",C=C[Si](C)(C)O[Si](C)(C)C=C.[Pt],0.15,L1_Davephos,CN(C)c1ccccc1-c1ccccc1P(C1CCCCC1)C1CCCCC1,0.005,None,None,None,None,None,None,None,None,None,O1_phenylsilane,C1=CC=C(C=C1)[Si]ÔøΩÔøΩ,0.6,None,None,None,None,None,None,none,100,none,0,UPLCMS,B15,53567.60695,68954.17398,,,,,0,,,29.1,0.7,2.3,-33,-14.35,0
yk-1536-4-make-product,1536,80,,1536,B,16,E144_2-(4-chlorophenyl)acetic acid,C1=CC(=CC=C1CC(=O)O)Cl,0.2,N2_hydroxydehydroabietylamine,CC(C)C(C(O)=C1)=CC2=C1[C@]3(C)C(CC2)[C@](C)(CN)CCC3,0.1,,CC(C)c1cc2c(cc1O)[C@@]1(C)CCC[C@@](C)(CNCCc3ccc(Cl)cc3)C1CC2,"C1_PLATINUM-1,3-DIVINYL-1,1,3,3-TETRAMETHYLDISILOXANE COMPLEX, IN XYLENES",C=C[Si](C)(C)O[Si](C)(C)C=C.[Pt],0.15,L1_Davephos,CN(C)c1ccccc1-c1ccccc1P(C1CCCCC1)C1CCCCC1,0.005,None,None,None,None,None,None,None,None,None,O1_phenylsilane,C1=CC=C(C=C1)[Si]ÔøΩÔøΩ,0.6,None,None,None,None,None,None,none,100,none,0,UPLCMS,B16,880665.2444,722841.6215,,,,,0,,,7.3,7.2,49.8,-46.9,-0.94,0
yk-1536-4-make-product,1536,80,,1536,B,17,E183_3-fluorobenzoic acid,C1=CC(=CC(=C1)F)C(=O)O,0.2,N2_hydroxydehydroabietylamine,CC(C)C(C(O)=C1)=CC2=C1[C@]3(C)C(CC2)[C@](C)(CN)CCC3,0.1,,CC(C)c1cc2c(cc1O)[C@@]1(C)CCC[C@@](C)(CNCc3cccc(F)c3)C1CC2,"C1_PLATINUM-1,3-DIVINYL-1,1,3,3-TETRAMETHYLDISILOXANE COMPLEX, IN XYLENES",C=C[Si](C)(C)O[Si](C)(C)C=C.[Pt],0.15,L1_Davephos,CN(C)c1ccccc1-c1ccccc1P(C1CCCCC1)C1CCCCC1,0.005,None,None,None,None,None,None,None,None,None,O1_phenylsilane,C1=CC=C(C=C1)[Si]ÔøΩÔøΩ,0.6,None,None,None,None,None,None,none,100,none,0,UPLCMS,B17,70727.74976,97146.91995,,,,,0,,,18,1,5.1,-63.1,-12.37,0
yk-1536-4-make-product,1536,80,,1536,B,18,E226_2-(2-methoxyphenyl)acetic acid,COC1=CC=CC=C1CC(=O)O,0.2,N2_hydroxydehydroabietylamine,CC(C)C(C(O)=C1)=CC2=C1[C@]3(C)C(CC2)[C@](C)(CN)CCC3,0.1,,COc1ccccc1CCNC[C@]1(C)CCC[C@]2(C)c3cc(O)c(C(C)C)cc3CCC12,"C1_PLATINUM-1,3-DIVINYL-1,1,3,3-TETRAMETHYLDISILOXANE COMPLEX, IN XYLENES",C=C[Si](C)(C)O[Si](C)(C)C=C.[Pt],0.15,L1_Davephos,CN(C)c1ccccc1-c1ccccc1P(C1CCCCC1)C1CCCCC1,0.005,None,None,None,None,None,None,None,None,None,O1_phenylsilane,C1=CC=C(C=C1)[Si]ÔøΩÔøΩ,0.6,None,None,None,None,None,None,none,100,none,0,UPLCMS,B18,2982264.846,2439389.195,,,,,0,,,1.2,24.4,95.2,-53.2,-0.56,0
yk-1536-4-make-product,1536,80,,1536,B,19,E282_Vanillic acid,COC1=C(C=CC(=C1)C(=O)O)O,0.2,N2_hydroxydehydroabietylamine,CC(C)C(C(O)=C1)=CC2=C1[C@]3(C)C(CC2)[C@](C)(CN)CCC3,0.1,,COc1cc(CNC[C@]2(C)CCC[C@]3(C)c4cc(O)c(C(C)C)cc4CCC23)ccc1O,"C1_PLATINUM-1,3-DIVINYL-1,1,3,3-TETRAMETHYLDISILOXANE COMPLEX, IN XYLENES",C=C[Si](C)(C)O[Si](C)(C)C=C.[Pt],0.15,L1_Davephos,CN(C)c1ccccc1-c1ccccc1P(C1CCCCC1)C1CCCCC1,0.005,None,None,None,None,None,None,None,None,None,O1_phenylsilane,C1=CC=C(C=C1)[Si]ÔøΩÔøΩ,0.6,None,None,None,None,None,None,none,100,none,0,UPLCMS,B19,2185432.479,3941451.591,,,,,191976.2456,,,12.1,39.4,76.6,4.9,0.06,0
yk-1536-4-make-product,1536,80,,1536,B,20,"E12_ISOVALERIC ACID, 99%",CC(C)CC(=O)O,0.2,N2_hydroxydehydroabietylamine,CC(C)C(C(O)=C1)=CC2=C1[C@]3(C)C(CC2)[C@](C)(CN)CCC3,0.1,,CC(C)CCNC[C@]1(C)CCC[C@]2(C)c3cc(O)c(C(C)C)cc3CCC12,"C1_PLATINUM-1,3-DIVINYL-1,1,3,3-TETRAMETHYLDISILOXANE COMPLEX, IN XYLENES",C=C[Si](C)(C)O[Si](C)(C)C=C.[Pt],0.15,L1_Davephos,CN(C)c1ccccc1-c1ccccc1P(C1CCCCC1)C1CCCCC1,0.005,None,None,None,None,None,None,None,None,None,O1_phenylsilane,C1=CC=C(C=C1)[Si]ÔøΩÔøΩ,0.6,None,None,None,None,None,None,none,100,none,0,UPLCMS,B20,141768.1269,128959.5438,,,,,0,,,0.4,1.3,78.3,-33.3,-0.43,0
yk-1536-4-make-product,1536,80,,1536,B,21,"E107_1-CYCLOHEXENE-1-CARBOXYLIC ACID, 97%",C1CCC(=CC1)C(=O)O,0.2,N2_hydroxydehydroabietylamine,CC(C)C(C(O)=C1)=CC2=C1[C@]3(C)C(CC2)[C@](C)(CN)CCC3,0.1,,CC(C)c1cc2c(cc1O)[C@@]1(C)CCC[C@@](C)(CNCC3=CCCCC3)C1CC2,"C1_PLATINUM-1,3-DIVINYL-1,1,3,3-TETRAMETHYLDISILOXANE COMPLEX, IN XYLENES",C=C[Si](C)(C)O[Si](C)(C)C=C.[Pt],0.15,L1_Davephos,CN(C)c1ccccc1-c1ccccc1P(C1CCCCC1)C1CCCCC1,0.005,None,None,None,None,None,None,None,None,None,O1_phenylsilane,C1=CC=C(C=C1)[Si]ÔøΩÔøΩ,0.6,None,None,None,None,None,None,none,100,none,0,UPLCMS,B21,343557.0456,315086.1504,,,,,0,,,3,3.2,50.9,-39.1,-0.77,0
yk-1536-4-make-product,1536,80,,1536,B,22,E228_1-methylpiperidine-4-carboxylic acid,CN1CCC(CC1)C(=O)O,0.2,N2_hydroxydehydroabietylamine,CC(C)C(C(O)=C1)=CC2=C1[C@]3(C)C(CC2)[C@](C)(CN)CCC3,0.1,,CC(C)c1cc2c(cc1O)[C@@]1(C)CCC[C@@](C)(CNCC3CCN(C)CC3)C1CC2,"C1_PLATINUM-1,3-DIVINYL-1,1,3,3-TETRAMETHYLDISILOXANE COMPLEX, IN XYLENES",C=C[Si](C)(C)O[Si](C)(C)C=C.[Pt],0.15,L1_Davephos,CN(C)c1ccccc1-c1ccccc1P(C1CCCCC1)C1CCCCC1,0.005,None,None,None,None,None,None,None,None,None,O1_phenylsilane,C1=CC=C(C=C1)[Si]ÔøΩÔøΩ,0.6,None,None,None,None,None,None,none,100,none,0,UPLCMS,B22,2228.35652,0,,,,,0,,,13.3,0,0,-59.3,0,0
yk-1536-4-make-product,1536,80,,1536,B,23,E322_Blank2,O=CO,0.2,N2_hydroxydehydroabietylamine,CC(C)C(C(O)=C1)=CC2=C1[C@]3(C)C(CC2)[C@](C)(CN)CCC3,0.1,MainProduct[351],CC(C)C(C(O)=C1)=CC2=C1[C@]3(C)C(CC2)[C@](C)(CN)CCC3,"C1_PLATINUM-1,3-DIVINYL-1,1,3,3-TETRAMETHYLDISILOXANE COMPLEX, IN XYLENES",C=C[Si](C)(C)O[Si](C)(C)C=C.[Pt],0.15,L1_Davephos,CN(C)c1ccccc1-c1ccccc1P(C1CCCCC1)C1CCCCC1,0.005,None,None,None,None,None,None,None,None,None,O1_phenylsilane,C1=CC=C(C=C1)[Si]ÔøΩÔøΩ,0.6,None,None,None,None,None,None,none,100,none,0,UPLCMS,B23,0,1566373.591,,,,,1537885.884,,,0,15.7,100,0,0,0
yk-1536-4-make-product,1536,80,,1536,B,24,E354_Blank34,O=CO,0.2,N2_hydroxydehydroabietylamine,CC(C)C(C(O)=C1)=CC2=C1[C@]3(C)C(CC2)[C@](C)(CN)CCC3,0.1,MainProduct[352],CC(C)C(C(O)=C1)=CC2=C1[C@]3(C)C(CC2)[C@](C)(CN)CCC3,"C1_PLATINUM-1,3-DIVINYL-1,1,3,3-TETRAMETHYLDISILOXANE COMPLEX, IN XYLENES",C=C[Si](C)(C)O[Si](C)(C)C=C.[Pt],0.15,L1_Davephos,CN(C)c1ccccc1-c1ccccc1P(C1CCCCC1)C1CCCCC1,0.005,None,None,None,None,None,None,None,None,None,O1_phenylsilane,C1=CC=C(C=C1)[Si]ÔøΩÔøΩ,0.6,None,None,None,None,None,None,none,100,none,0,UPLCMS,B24,0,0,,,,,0,,,0,0,0,0,0,0
yk-1536-4-make-product,1536,80,,1536,B,25,"E2_2-CHLORO-5-(TRIFLUOROMETHYL)ISONICOTINIC ACID, 97%",C1=C(C(=CN=C1Cl)C(F)(F)F)C(=O)O,0.2,N3_Scaffold 7,CC(C)C1=CC2=CCC3[C@](C)(CN)CCC[C@]3(C)C2CC1,0.1,,CC(C)C1=CC2=CCC3[C@](C)(CNCc4cc(Cl)ncc4C(F)(F)F)CCC[C@]3(C)C2CC1,"C1_PLATINUM-1,3-DIVINYL-1,1,3,3-TETRAMETHYLDISILOXANE COMPLEX, IN XYLENES",C=C[Si](C)(C)O[Si](C)(C)C=C.[Pt],0.15,L1_Davephos,CN(C)c1ccccc1-c1ccccc1P(C1CCCCC1)C1CCCCC1,0.005,None,None,None,None,None,None,None,None,None,O1_phenylsilane,C1=CC=C(C=C1)[Si]ÔøΩÔøΩ,0.6,None,None,None,None,None,None,none,100,none,0,UPLCMS,B25,1086385.542,1082886.209,1703383.742,2246674.54,0,0,0,0,0,22.5,10.8,32.5,-23.2,-0.71,0
yk-1536-4-make-product,1536,80,,1536,B,26,"E54_3-BENZOYLBENZOIC ACID, 98%",C1=CC=C(C=C1)C(=O)C2=CC(=CC=C2)C(=O)O,0.2,N3_Scaffold 7,CC(C)C1=CC2=CCC3[C@](C)(CN)CCC[C@]3(C)C2CC1,0.1,,CC(C)C1=CC2=CCC3[C@](C)(CNCc4cccc(C(=O)c5ccccc5)c4)CCC[C@]3(C)C2CC1,"C1_PLATINUM-1,3-DIVINYL-1,1,3,3-TETRAMETHYLDISILOXANE COMPLEX, IN XYLENES",C=C[Si](C)(C)O[Si](C)(C)C=C.[Pt],0.15,L1_Davephos,CN(C)c1ccccc1-c1ccccc1P(C1CCCCC1)C1CCCCC1,0.005,None,None,None,None,None,None,None,None,None,O1_phenylsilane,C1=CC=C(C=C1)[Si]ÔøΩÔøΩ,0.6,None,None,None,None,None,None,none,100,none,0,UPLCMS,B26,2345424.45,2202021.656,483670.5852,868456.5883,0,0,0,0,0,8.7,22,71.7,-4.2,-0.06,0
yk-1536-4-make-product,1536,80,,1536,B,27,"E97_TRANS-4-TERT-BUTYLCYCLOHEXANECARBOXYLIC ACID, 97%",CC(C)(C)C1CCC(CC1)C(=O)O,0.2,N3_Scaffold 7,CC(C)C1=CC2=CCC3[C@](C)(CN)CCC[C@]3(C)C2CC1,0.1,,CC(C)C1=CC2=CCC3[C@](C)(CNCC4CCC(C(C)(C)C)CC4)CCC[C@]3(C)C2CC1,"C1_PLATINUM-1,3-DIVINYL-1,1,3,3-TETRAMETHYLDISILOXANE COMPLEX, IN XYLENES",C=C[Si](C)(C)O[Si](C)(C)C=C.[Pt],0.15,L1_Davephos,CN(C)c1ccccc1-c1ccccc1P(C1CCCCC1)C1CCCCC1,0.005,None,None,None,None,None,None,None,None,None,O1_phenylsilane,C1=CC=C(C=C1)[Si]ÔøΩÔøΩ,0.6,None,None,None,None,None,None,none,100,none,0,UPLCMS,B27,3415.13519,349377.0593,761247.7572,784625.8526,0,0,0,0,0,7.8,3.5,30.9,-17,-0.55,0
yk-1536-4-make-product,1536,80,,1536,B,28,E144_2-(4-chlorophenyl)acetic acid,C1=CC(=CC=C1CC(=O)O)Cl,0.2,N3_Scaffold 7,CC(C)C1=CC2=CCC3[C@](C)(CN)CCC[C@]3(C)C2CC1,0.1,,CC(C)C1=CC2=CCC3[C@](C)(CNCCc4ccc(Cl)cc4)CCC[C@]3(C)C2CC1,"C1_PLATINUM-1,3-DIVINYL-1,1,3,3-TETRAMETHYLDISILOXANE COMPLEX, IN XYLENES",C=C[Si](C)(C)O[Si](C)(C)C=C.[Pt],0.15,L1_Davephos,CN(C)c1ccccc1-c1ccccc1P(C1CCCCC1)C1CCCCC1,0.005,None,None,None,None,None,None,None,None,None,O1_phenylsilane,C1=CC=C(C=C1)[Si]ÔøΩÔøΩ,0.6,None,None,None,None,None,None,none,100,none,0,UPLCMS,B28,188458.2219,163119.339,445936.1506,444174.684,0,0,0,0,0,4.4,1.6,27,-1.3,-0.05,0
yk-1536-4-make-product,1536,80,,1536,B,29,E183_3-fluorobenzoic acid,C1=CC(=CC(=C1)F)C(=O)O,0.2,N3_Scaffold 7,CC(C)C1=CC2=CCC3[C@](C)(CN)CCC[C@]3(C)C2CC1,0.1,,CC(C)C1=CC2=CCC3[C@](C)(CNCc4cccc(F)c4)CCC[C@]3(C)C2CC1,"C1_PLATINUM-1,3-DIVINYL-1,1,3,3-TETRAMETHYLDISILOXANE COMPLEX, IN XYLENES",C=C[Si](C)(C)O[Si](C)(C)C=C.[Pt],0.15,L1_Davephos,CN(C)c1ccccc1-c1ccccc1P(C1CCCCC1)C1CCCCC1,0.005,None,None,None,None,None,None,None,None,None,O1_phenylsilane,C1=CC=C(C=C1)[Si]ÔøΩÔøΩ,0.6,None,None,None,None,None,None,none,100,none,0,UPLCMS,B29,6770.96294,0,387341.376,409347.6052,0,0,0,0,0,4.1,0,0,-10,0,0
yk-1536-4-make-product,1536,80,,1536,B,30,E226_2-(2-methoxyphenyl)acetic acid,COC1=CC=CC=C1CC(=O)O,0.2,N3_Scaffold 7,CC(C)C1=CC2=CCC3[C@](C)(CN)CCC[C@]3(C)C2CC1,0.1,,COc1ccccc1CCNC[C@]1(C)CCC[C@]2(C)C3CCC(C(C)C)=CC3=CCC12,"C1_PLATINUM-1,3-DIVINYL-1,1,3,3-TETRAMETHYLDISILOXANE COMPLEX, IN XYLENES",C=C[Si](C)(C)O[Si](C)(C)C=C.[Pt],0.15,L1_Davephos,CN(C)c1ccccc1-c1ccccc1P(C1CCCCC1)C1CCCCC1,0.005,None,None,None,None,None,None,None,None,None,O1_phenylsilane,C1=CC=C(C=C1)[Si]ÔøΩÔøΩ,0.6,None,None,None,None,None,None,none,100,none,0,UPLCMS,B30,21269.60975,54723.23799,377644.2004,360190.1478,0,0,0,0,0,3.6,0.5,13.2,-9.8,-0.75,0
yk-1536-4-make-product,1536,80,,1536,B,31,E282_Vanillic acid,COC1=C(C=CC(=C1)C(=O)O)O,0.2,N3_Scaffold 7,CC(C)C1=CC2=CCC3[C@](C)(CN)CCC[C@]3(C)C2CC1,0.1,,COc1cc(CNC[C@]2(C)CCC[C@]3(C)C4CCC(C(C)C)=CC4=CCC23)ccc1O,"C1_PLATINUM-1,3-DIVINYL-1,1,3,3-TETRAMETHYLDISILOXANE COMPLEX, IN XYLENES",C=C[Si](C)(C)O[Si](C)(C)C=C.[Pt],0.15,L1_Davephos,CN(C)c1ccccc1-c1ccccc1P(C1CCCCC1)C1CCCCC1,0.005,None,None,None,None,None,None,None,None,None,O1_phenylsilane,C1=CC=C(C=C1)[Si]ÔøΩÔøΩ,0.6,None,None,None,None,None,None,none,100,none,0,UPLCMS,B31,1551031.719,4728862.37,892060.8362,1416310.083,0,0,147853.5741,0,0,14.2,47.3,76.9,59.6,0.78,0
yk-1536-4-make-product,1536,80,,1536,B,32,"E12_ISOVALERIC ACID, 99%",CC(C)CC(=O)O,0.2,N3_Scaffold 7,CC(C)C1=CC2=CCC3[C@](C)(CN)CCC[C@]3(C)C2CC1,0.1,,CC(C)CCNC[C@]1(C)CCC[C@]2(C)C3CCC(C(C)C)=CC3=CCC12,"C1_PLATINUM-1,3-DIVINYL-1,1,3,3-TETRAMETHYLDISILOXANE COMPLEX, IN XYLENES",C=C[Si](C)(C)O[Si](C)(C)C=C.[Pt],0.15,L1_Davephos,CN(C)c1ccccc1-c1ccccc1P(C1CCCCC1)C1CCCCC1,0.005,None,None,None,None,None,None,None,None,None,O1_phenylsilane,C1=CC=C(C=C1)[Si]ÔøΩÔøΩ,0.6,None,None,None,None,None,None,none,100,none,0,UPLCMS,B32,448816.8923,439294.3063,130715.9876,163036.0826,0,0,0,58671.40125,0,1.6,4.4,73.3,-24.6,-0.34,0
yk-1536-4-make-product,1536,80,,1536,B,33,"E107_1-CYCLOHEXENE-1-CARBOXYLIC ACID, 97%",C1CCC(=CC1)C(=O)O,0.2,N3_Scaffold 7,CC(C)C1=CC2=CCC3[C@](C)(CN)CCC[C@]3(C)C2CC1,0.1,,CC(C)C1=CC2=CCC3[C@](C)(CNCC4=CCCCC4)CCC[C@]3(C)C2CC1,"C1_PLATINUM-1,3-DIVINYL-1,1,3,3-TETRAMETHYLDISILOXANE COMPLEX, IN XYLENES",C=C[Si](C)(C)O[Si](C)(C)C=C.[Pt],0.15,L1_Davephos,CN(C)c1ccccc1-c1ccccc1P(C1CCCCC1)C1CCCCC1,0.005,None,None,None,None,None,None,None,None,None,O1_phenylsilane,C1=CC=C(C=C1)[Si]ÔøΩÔøΩ,0.6,None,None,None,None,None,None,none,100,none,0,UPLCMS,B33,164294.5768,67362.7597,126139.4625,241073.7759,0,0,0,0,0,2.4,0.7,21.9,-14.2,-0.65,0
yk-1536-4-make-product,1536,80,,1536,B,34,E228_1-methylpiperidine-4-carboxylic acid,CN1CCC(CC1)C(=O)O,0.2,N3_Scaffold 7,CC(C)C1=CC2=CCC3[C@](C)(CN)CCC[C@]3(C)C2CC1,0.1,,CC(C)C1=CC2=CCC3[C@](C)(CNCC4CCN(C)CC4)CCC[C@]3(C)C2CC1,"C1_PLATINUM-1,3-DIVINYL-1,1,3,3-TETRAMETHYLDISILOXANE COMPLEX, IN XYLENES",C=C[Si](C)(C)O[Si](C)(C)C=C.[Pt],0.15,L1_Davephos,CN(C)c1ccccc1-c1ccccc1P(C1CCCCC1)C1CCCCC1,0.005,None,None,None,None,None,None,None,None,None,O1_phenylsilane,C1=CC=C(C=C1)[Si]ÔøΩÔøΩ,0.6,None,None,None,None,None,None,none,100,none,0,UPLCMS,B34,0,0,1014457.055,1021970.173,0,0,0,0,0,10.2,0,0,-22.7,0,0
yk-1536-4-make-product,1536,80,,1536,B,35,E322_Blank2,O=CO,0.2,N3_Scaffold 7,CC(C)C1=CC2=CCC3[C@](C)(CN)CCC[C@]3(C)C2CC1,0.1,MainProduct[364],CC(C)C1=CC2=CCC3[C@](C)(CN)CCC[C@]3(C)C2CC1,"C1_PLATINUM-1,3-DIVINYL-1,1,3,3-TETRAMETHYLDISILOXANE COMPLEX, IN XYLENES",C=C[Si](C)(C)O[Si](C)(C)C=C.[Pt],0.15,L1_Davephos,CN(C)c1ccccc1-c1ccccc1P(C1CCCCC1)C1CCCCC1,0.005,None,None,None,None,None,None,None,None,None,O1_phenylsilane,C1=CC=C(C=C1)[Si]ÔøΩÔøΩ,0.6,None,None,None,None,None,None,none,100,none,0,UPLCMS,B35,0,934450.0782,0,0,0,0,887061.9225,0,0,0,9.3,100,0,0,0
yk-1536-4-make-product,1536,80,,1536,B,36,E354_Blank34,O=CO,0.2,N3_Scaffold 7,CC(C)C1=CC2=CCC3[C@](C)(CN)CCC[C@]3(C)C2CC1,0.1,MainProduct[365],CC(C)C1=CC2=CCC3[C@](C)(CN)CCC[C@]3(C)C2CC1,"C1_PLATINUM-1,3-DIVINYL-1,1,3,3-TETRAMETHYLDISILOXANE COMPLEX, IN XYLENES",C=C[Si](C)(C)O[Si](C)(C)C=C.[Pt],0.15,L1_Davephos,CN(C)c1ccccc1-c1ccccc1P(C1CCCCC1)C1CCCCC1,0.005,None,None,None,None,None,None,None,None,None,O1_phenylsilane,C1=CC=C(C=C1)[Si]ÔøΩÔøΩ,0.6,None,None,None,None,None,None,none,100,none,0,UPLCMS,B36,0,0,0,0,0,0,0,0,0,0,0,0,0,0,0
yk-1536-4-make-product,1536,80,,1536,B,37,"E2_2-CHLORO-5-(TRIFLUOROMETHYL)ISONICOTINIC ACID, 97%",C1=C(C(=CN=C1Cl)C(F)(F)F)C(=O)O,0.2,N4_Scaffold 6,CCNC[C@@]1(C)C2[C@](C)(CCC1)c3c(CC2)cc(C(C)C)c(c3)N,0.1,,CCNC[C@]1(C)CCC[C@]2(C)c3cc(NCc4cc(Cl)ncc4C(F)(F)F)c(C(C)C)cc3CCC12,"C1_PLATINUM-1,3-DIVINYL-1,1,3,3-TETRAMETHYLDISILOXANE COMPLEX, IN XYLENES",C=C[Si](C)(C)O[Si](C)(C)C=C.[Pt],0.15,L1_Davephos,CN(C)c1ccccc1-c1ccccc1P(C1CCCCC1)C1CCCCC1,0.005,None,None,None,None,None,None,None,None,None,O1_phenylsilane,C1=CC=C(C=C1)[Si]ÔøΩÔøΩ,0.6,None,None,None,None,None,None,none,100,none,0,UPLCMS,B37,706406.6272,2340851.221,0,0,2037443.571,1580296.13,25866.92401,0,0,15.8,23.4,59.7,-31.2,-0.52,0
yk-1536-4-make-product,1536,80,,1536,B,38,"E54_3-BENZOYLBENZOIC ACID, 98%",C1=CC=C(C=C1)C(=O)C2=CC(=CC=C2)C(=O)O,0.2,N4_Scaffold 6,CCNC[C@@]1(C)C2[C@](C)(CCC1)c3c(CC2)cc(C(C)C)c(c3)N,0.1,,CCNC[C@]1(C)CCC[C@]2(C)c3cc(NCc4cccc(C(=O)c5ccccc5)c4)c(C(C)C)cc3CCC12,"C1_PLATINUM-1,3-DIVINYL-1,1,3,3-TETRAMETHYLDISILOXANE COMPLEX, IN XYLENES",C=C[Si](C)(C)O[Si](C)(C)C=C.[Pt],0.15,L1_Davephos,CN(C)c1ccccc1-c1ccccc1P(C1CCCCC1)C1CCCCC1,0.005,None,None,None,None,None,None,None,None,None,O1_phenylsilane,C1=CC=C(C=C1)[Si]ÔøΩÔøΩ,0.6,None,None,None,None,None,None,none,100,none,0,UPLCMS,B38,255701.0055,662643.4645,0,0,2135086.229,2005740.341,0,0,0,20.1,6.6,24.8,-4,-0.16,0
yk-1536-4-make-product,1536,80,,1536,B,39,"E97_TRANS-4-TERT-BUTYLCYCLOHEXANECARBOXYLIC ACID, 97%",CC(C)(C)C1CCC(CC1)C(=O)O,0.2,N4_Scaffold 6,CCNC[C@@]1(C)C2[C@](C)(CCC1)c3c(CC2)cc(C(C)C)c(c3)N,0.1,,CCNC[C@]1(C)CCC[C@]2(C)c3cc(NCC4CCC(C(C)(C)C)CC4)c(C(C)C)cc3CCC12,"C1_PLATINUM-1,3-DIVINYL-1,1,3,3-TETRAMETHYLDISILOXANE COMPLEX, IN XYLENES",C=C[Si](C)(C)O[Si](C)(C)C=C.[Pt],0.15,L1_Davephos,CN(C)c1ccccc1-c1ccccc1P(C1CCCCC1)C1CCCCC1,0.005,None,None,None,None,None,None,None,None,None,O1_phenylsilane,C1=CC=C(C=C1)[Si]ÔøΩÔøΩ,0.6,None,None,None,None,None,None,none,100,none,0,UPLCMS,B39,4476.17703,245591.0029,0,0,1065346.86,1043142.294,0,0,0,10.4,2.5,19.1,-27.8,-1.45,0
yk-1536-4-make-product,1536,80,,1536,B,40,E144_2-(4-chlorophenyl)acetic acid,C1=CC(=CC=C1CC(=O)O)Cl,0.2,N4_Scaffold 6,CCNC[C@@]1(C)C2[C@](C)(CCC1)c3c(CC2)cc(C(C)C)c(c3)N,0.1,,CCNC[C@]1(C)CCC[C@]2(C)c3cc(NCCc4ccc(Cl)cc4)c(C(C)C)cc3CCC12,"C1_PLATINUM-1,3-DIVINYL-1,1,3,3-TETRAMETHYLDISILOXANE COMPLEX, IN XYLENES",C=C[Si](C)(C)O[Si](C)(C)C=C.[Pt],0.15,L1_Davephos,CN(C)c1ccccc1-c1ccccc1P(C1CCCCC1)C1CCCCC1,0.005,None,None,None,None,None,None,None,None,None,O1_phenylsilane,C1=CC=C(C=C1)[Si]ÔøΩÔøΩ,0.6,None,None,None,None,None,None,none,100,none,0,UPLCMS,B40,181390.0165,553813.7322,0,0,678939.6842,611668.3046,11750.01005,0,0,6.1,5.5,47.6,-50,-1.05,0
yk-1536-4-make-product,1536,80,,1536,B,41,E183_3-fluorobenzoic acid,C1=CC(=CC(=C1)F)C(=O)O,0.2,N4_Scaffold 6,CCNC[C@@]1(C)C2[C@](C)(CCC1)c3c(CC2)cc(C(C)C)c(c3)N,0.1,,CCNC[C@]1(C)CCC[C@]2(C)c3cc(NCc4cccc(F)c4)c(C(C)C)cc3CCC12,"C1_PLATINUM-1,3-DIVINYL-1,1,3,3-TETRAMETHYLDISILOXANE COMPLEX, IN XYLENES",C=C[Si](C)(C)O[Si](C)(C)C=C.[Pt],0.15,L1_Davephos,CN(C)c1ccccc1-c1ccccc1P(C1CCCCC1)C1CCCCC1,0.005,None,None,None,None,None,None,None,None,None,O1_phenylsilane,C1=CC=C(C=C1)[Si]ÔøΩÔøΩ,0.6,None,None,None,None,None,None,none,100,none,0,UPLCMS,B41,0,0,0,0,629506.8128,614745.0234,0,0,0,6.1,0,0,-40,0,0
yk-1536-4-make-product,1536,80,,1536,B,42,E226_2-(2-methoxyphenyl)acetic acid,COC1=CC=CC=C1CC(=O)O,0.2,N4_Scaffold 6,CCNC[C@@]1(C)C2[C@](C)(CCC1)c3c(CC2)cc(C(C)C)c(c3)N,0.1,,CCNC[C@]1(C)CCC[C@]2(C)c3cc(NCCc4ccccc4OC)c(C(C)C)cc3CCC12,"C1_PLATINUM-1,3-DIVINYL-1,1,3,3-TETRAMETHYLDISILOXANE COMPLEX, IN XYLENES",C=C[Si](C)(C)O[Si](C)(C)C=C.[Pt],0.15,L1_Davephos,CN(C)c1ccccc1-c1ccccc1P(C1CCCCC1)C1CCCCC1,0.005,None,None,None,None,None,None,None,None,None,O1_phenylsilane,C1=CC=C(C=C1)[Si]ÔøΩÔøΩ,0.6,None,None,None,None,None,None,none,100,none,0,UPLCMS,B42,28875.50528,77828.22398,0,0,547905.2976,533481.4149,0,0,0,5.3,0.8,12.8,-18.4,-1.44,0
yk-1536-4-make-product,1536,80,,1536,B,43,E282_Vanillic acid,COC1=C(C=CC(=C1)C(=O)O)O,0.2,N4_Scaffold 6,CCNC[C@@]1(C)C2[C@](C)(CCC1)c3c(CC2)cc(C(C)C)c(c3)N,0.1,,CCNC[C@]1(C)CCC[C@]2(C)c3cc(NCc4ccc(O)c(OC)c4)c(C(C)C)cc3CCC12,"C1_PLATINUM-1,3-DIVINYL-1,1,3,3-TETRAMETHYLDISILOXANE COMPLEX, IN XYLENES",C=C[Si](C)(C)O[Si](C)(C)C=C.[Pt],0.15,L1_Davephos,CN(C)c1ccccc1-c1ccccc1P(C1CCCCC1)C1CCCCC1,0.005,None,None,None,None,None,None,None,None,None,O1_phenylsilane,C1=CC=C(C=C1)[Si]ÔøΩÔøΩ,0.6,None,None,None,None,None,None,none,100,none,0,UPLCMS,B43,679337.9229,2134773.114,0,0,2222003.668,2055481.205,1157928.124,0,0,20.6,21.3,50.9,-22.8,-0.45,0
yk-1536-4-make-product,1536,80,,1536,B,44,"E12_ISOVALERIC ACID, 99%",CC(C)CC(=O)O,0.2,N4_Scaffold 6,CCNC[C@@]1(C)C2[C@](C)(CCC1)c3c(CC2)cc(C(C)C)c(c3)N,0.1,,CCNC[C@]1(C)CCC[C@]2(C)c3cc(NCCC(C)C)c(C(C)C)cc3CCC12,"C1_PLATINUM-1,3-DIVINYL-1,1,3,3-TETRAMETHYLDISILOXANE COMPLEX, IN XYLENES",C=C[Si](C)(C)O[Si](C)(C)C=C.[Pt],0.15,L1_Davephos,CN(C)c1ccccc1-c1ccccc1P(C1CCCCC1)C1CCCCC1,0.005,None,None,None,None,None,None,None,None,None,O1_phenylsilane,C1=CC=C(C=C1)[Si]ÔøΩÔøΩ,0.6,None,None,None,None,None,None,none,100,none,0,UPLCMS,B44,48646.82205,141208.3446,0,0,181557.2869,100367.893,0,0,0,1,1.4,58.5,-38.3,-0.65,0
yk-1536-4-make-product,1536,80,,1536,B,45,"E107_1-CYCLOHEXENE-1-CARBOXYLIC ACID, 97%",C1CCC(=CC1)C(=O)O,0.2,N4_Scaffold 6,CCNC[C@@]1(C)C2[C@](C)(CCC1)c3c(CC2)cc(C(C)C)c(c3)N,0.1,,CCNC[C@]1(C)CCC[C@]2(C)c3cc(NCC4=CCCCC4)c(C(C)C)cc3CCC12,"C1_PLATINUM-1,3-DIVINYL-1,1,3,3-TETRAMETHYLDISILOXANE COMPLEX, IN XYLENES",C=C[Si](C)(C)O[Si](C)(C)C=C.[Pt],0.15,L1_Davephos,CN(C)c1ccccc1-c1ccccc1P(C1CCCCC1)C1CCCCC1,0.005,None,None,None,None,None,None,None,None,None,O1_phenylsilane,C1=CC=C(C=C1)[Si]ÔøΩÔøΩ,0.6,None,None,None,None,None,None,none,100,none,0,UPLCMS,B45,16940.36304,24226.79321,0,0,194369.6144,105123.2015,4439.58658,0,0,1.1,0.2,18,-28.4,-1.58,0
yk-1536-4-make-product,1536,80,,1536,B,46,E228_1-methylpiperidine-4-carboxylic acid,CN1CCC(CC1)C(=O)O,0.2,N4_Scaffold 6,CCNC[C@@]1(C)C2[C@](C)(CCC1)c3c(CC2)cc(C(C)C)c(c3)N,0.1,,CCNC[C@]1(C)CCC[C@]2(C)c3cc(NCC4CCN(C)CC4)c(C(C)C)cc3CCC12,"C1_PLATINUM-1,3-DIVINYL-1,1,3,3-TETRAMETHYLDISILOXANE COMPLEX, IN XYLENES",C=C[Si](C)(C)O[Si](C)(C)C=C.[Pt],0.15,L1_Davephos,CN(C)c1ccccc1-c1ccccc1P(C1CCCCC1)C1CCCCC1,0.005,None,None,None,None,None,None,None,None,None,O1_phenylsilane,C1=CC=C(C=C1)[Si]ÔøΩÔøΩ,0.6,None,None,None,None,None,None,none,100,none,0,UPLCMS,B46,2159.34602,322639.4389,0,0,449174.6864,414245.0887,0,0,0,4.1,3.2,44,-28.4,-0.65,0
yk-1536-4-make-product,1536,80,,1536,B,47,E322_Blank2,O=CO,0.2,N4_Scaffold 6,CCNC[C@@]1(C)C2[C@](C)(CCC1)c3c(CC2)cc(C(C)C)c(c3)N,0.1,MainProduct[377],CCNC[C@@]1(C)C2[C@](C)(CCC1)c3c(CC2)cc(C(C)C)c(c3)N,"C1_PLATINUM-1,3-DIVINYL-1,1,3,3-TETRAMETHYLDISILOXANE COMPLEX, IN XYLENES",C=C[Si](C)(C)O[Si](C)(C)C=C.[Pt],0.15,L1_Davephos,CN(C)c1ccccc1-c1ccccc1P(C1CCCCC1)C1CCCCC1,0.005,None,None,None,None,None,None,None,None,None,O1_phenylsilane,C1=CC=C(C=C1)[Si]ÔøΩÔøΩ,0.6,None,None,None,None,None,None,none,100,none,0,UPLCMS,B47,0,636114.3331,0,0,0,0,618549.7366,0,0,0,6.4,100,0,0,0
yk-1536-4-make-product,1536,80,,1536,B,48,E354_Blank34,O=CO,0.2,N4_Scaffold 6,CCNC[C@@]1(C)C2[C@](C)(CCC1)c3c(CC2)cc(C(C)C)c(c3)N,0.1,MainProduct[378],CCNC[C@@]1(C)C2[C@](C)(CCC1)c3c(CC2)cc(C(C)C)c(c3)N,"C1_PLATINUM-1,3-DIVINYL-1,1,3,3-TETRAMETHYLDISILOXANE COMPLEX, IN XYLENES",C=C[Si](C)(C)O[Si](C)(C)C=C.[Pt],0.15,L1_Davephos,CN(C)c1ccccc1-c1ccccc1P(C1CCCCC1)C1CCCCC1,0.005,None,None,None,None,None,None,None,None,None,O1_phenylsilane,C1=CC=C(C=C1)[Si]ÔøΩÔøΩ,0.6,None,None,None,None,None,None,none,100,none,0,UPLCMS,B48,0,0,0,0,0,0,0,0,0,0,0,0,0,0,0
yk-1536-4-make-product,1536,80,,1536,C,1,"E4_4-METHOXYBENZOIC ACID, 97%",COC1=CC=C(C=C1)C(=O)O,0.2,N1_(+)-Dehydroabietylamine,CC(C)c1ccc2c(c1)CC[C@H]1[C@](C)(CN)CCC[C@]21C,0.1,,COc1ccc(CNC[C@]2(C)CCC[C@]3(C)c4ccc(C(C)C)cc4CC[C@@H]23)cc1,"C1_PLATINUM-1,3-DIVINYL-1,1,3,3-TETRAMETHYLDISILOXANE COMPLEX, IN XYLENES",C=C[Si](C)(C)O[Si](C)(C)C=C.[Pt],0.15,L1_Davephos,CN(C)c1ccccc1-c1ccccc1P(C1CCCCC1)C1CCCCC1,0.005,None,None,None,None,None,None,None,None,None,O1_phenylsilane,C1=CC=C(C=C1)[Si]ÔøΩÔøΩ,0.6,None,None,None,None,None,None,none,100,none,0,UPLCMS,C1,1462670.241,2538239.987,,,,,1981013.406,,,0,25.4,100,100,1,37.54
yk-1536-4-make-product,1536,80,,1536,C,2,"E55_1-BOC-AZETIDINE-3-CARBOXYLIC ACID, 97%",CC(C)(C)OC(=O)N1CC(C1)C(=O)O,0.2,N1_(+)-Dehydroabietylamine,CC(C)c1ccc2c(c1)CC[C@H]1[C@](C)(CN)CCC[C@]21C,0.1,,CC(C)c1ccc2c(c1)CC[C@H]1[C@](C)(CNCC3CN(C(=O)OC(C)(C)C)C3)CCC[C@]21C,"C1_PLATINUM-1,3-DIVINYL-1,1,3,3-TETRAMETHYLDISILOXANE COMPLEX, IN XYLENES",C=C[Si](C)(C)O[Si](C)(C)C=C.[Pt],0.15,L1_Davephos,CN(C)c1ccccc1-c1ccccc1P(C1CCCCC1)C1CCCCC1,0.005,None,None,None,None,None,None,None,None,None,O1_phenylsilane,C1=CC=C(C=C1)[Si]ÔøΩÔøΩ,0.6,None,None,None,None,None,None,none,100,none,0,UPLCMS,C2,3293150.352,3165284,,,,,27225.96936,,,6.52,31.7,82.9,-10,-0.12,0
yk-1536-4-make-product,1536,80,,1536,C,3,"E98_3-BROMOPROPIONIC ACID, 97%",C(CBr)C(=O)O,0.2,N1_(+)-Dehydroabietylamine,CC(C)c1ccc2c(c1)CC[C@H]1[C@](C)(CN)CCC[C@]21C,0.1,,CC(C)c1ccc2c(c1)CC[C@H]1[C@](C)(CNCCCBr)CCC[C@]21C,"C1_PLATINUM-1,3-DIVINYL-1,1,3,3-TETRAMETHYLDISILOXANE COMPLEX, IN XYLENES",C=C[Si](C)(C)O[Si](C)(C)C=C.[Pt],0.15,L1_Davephos,CN(C)c1ccccc1-c1ccccc1P(C1CCCCC1)C1CCCCC1,0.005,None,None,None,None,None,None,None,None,None,O1_phenylsilane,C1=CC=C(C=C1)[Si]ÔøΩÔøΩ,0.6,None,None,None,None,None,None,none,100,none,0,UPLCMS,C3,0,0,,,,,0,,,15.5,0,0,-36.1,0,0
yk-1536-4-make-product,1536,80,,1536,C,4,E145_2-(2-chlorophenyl)acetic acid,C1=CC=C(C(=C1)CC(=O)O)Cl,0.2,N1_(+)-Dehydroabietylamine,CC(C)c1ccc2c(c1)CC[C@H]1[C@](C)(CN)CCC[C@]21C,0.1,,CC(C)c1ccc2c(c1)CC[C@H]1[C@](C)(CNCCc3ccccc3Cl)CCC[C@]21C,"C1_PLATINUM-1,3-DIVINYL-1,1,3,3-TETRAMETHYLDISILOXANE COMPLEX, IN XYLENES",C=C[Si](C)(C)O[Si](C)(C)C=C.[Pt],0.15,L1_Davephos,CN(C)c1ccccc1-c1ccccc1P(C1CCCCC1)C1CCCCC1,0.005,None,None,None,None,None,None,None,None,None,O1_phenylsilane,C1=CC=C(C=C1)[Si]ÔøΩÔøΩ,0.6,None,None,None,None,None,None,none,100,none,0,UPLCMS,C4,59062.54003,65344.76916,,,,,0,,,12.13,0.7,5.1,-17.5,-3.43,0
yk-1536-4-make-product,1536,80,,1536,C,5,E184_3-(2-fluorophenyl)propanoic acid,C1=CC=C(C(=C1)CCC(=O)O)F,0.2,N1_(+)-Dehydroabietylamine,CC(C)c1ccc2c(c1)CC[C@H]1[C@](C)(CN)CCC[C@]21C,0.1,,CC(C)c1ccc2c(c1)CC[C@H]1[C@](C)(CNCCCc3ccccc3F)CCC[C@]21C,"C1_PLATINUM-1,3-DIVINYL-1,1,3,3-TETRAMETHYLDISILOXANE COMPLEX, IN XYLENES",C=C[Si](C)(C)O[Si](C)(C)C=C.[Pt],0.15,L1_Davephos,CN(C)c1ccccc1-c1ccccc1P(C1CCCCC1)C1CCCCC1,0.005,None,None,None,None,None,None,None,None,None,O1_phenylsilane,C1=CC=C(C=C1)[Si]ÔøΩÔøΩ,0.6,None,None,None,None,None,None,none,100,none,0,UPLCMS,C5,11799.21205,0,,,,,0,,,11.27,0,0,-21.3,0,0
yk-1536-4-make-product,1536,80,,1536,C,6,"E229_2-(3-methyl-1,2-oxazol-5-yl)acetic acid",CC1=NOC(=C1)CC(=O)O,0.2,N1_(+)-Dehydroabietylamine,CC(C)c1ccc2c(c1)CC[C@H]1[C@](C)(CN)CCC[C@]21C,0.1,,Cc1cc(CCNC[C@]2(C)CCC[C@]3(C)c4ccc(C(C)C)cc4CC[C@@H]23)on1,"C1_PLATINUM-1,3-DIVINYL-1,1,3,3-TETRAMETHYLDISILOXANE COMPLEX, IN XYLENES",C=C[Si](C)(C)O[Si](C)(C)C=C.[Pt],0.15,L1_Davephos,CN(C)c1ccccc1-c1ccccc1P(C1CCCCC1)C1CCCCC1,0.005,None,None,None,None,None,None,None,None,None,O1_phenylsilane,C1=CC=C(C=C1)[Si]ÔøΩÔøΩ,0.6,None,None,None,None,None,None,none,100,none,0,UPLCMS,C6,2372131.199,2680845.233,,,,,0,,,5.76,26.8,82.3,-8.2,-0.1,0
yk-1536-4-make-product,1536,80,,1536,C,7,E283_2-Bromopropionic Acid,CC(C(=O)O)Br,0.2,N1_(+)-Dehydroabietylamine,CC(C)c1ccc2c(c1)CC[C@H]1[C@](C)(CN)CCC[C@]21C,0.1,,CC(Br)CNC[C@]1(C)CCC[C@]2(C)c3ccc(C(C)C)cc3CC[C@@H]12,"C1_PLATINUM-1,3-DIVINYL-1,1,3,3-TETRAMETHYLDISILOXANE COMPLEX, IN XYLENES",C=C[Si](C)(C)O[Si](C)(C)C=C.[Pt],0.15,L1_Davephos,CN(C)c1ccccc1-c1ccccc1P(C1CCCCC1)C1CCCCC1,0.005,None,None,None,None,None,None,None,None,None,O1_phenylsilane,C1=CC=C(C=C1)[Si]ÔøΩÔøΩ,0.6,None,None,None,None,None,None,none,100,none,0,UPLCMS,C7,2268.45448,0,,,,,0,,,15.68,0,0,-23.8,0,0
yk-1536-4-make-product,1536,80,,1536,C,8,"E13_2-(BROMOMETHYL)BENZOIC ACID, 97%",C1=CC=C(C(=C1)CBr)C(=O)O,0.2,N1_(+)-Dehydroabietylamine,CC(C)c1ccc2c(c1)CC[C@H]1[C@](C)(CN)CCC[C@]21C,0.1,,CC(C)c1ccc2c(c1)CC[C@H]1[C@](C)(CNCc3ccccc3CBr)CCC[C@]21C,"C1_PLATINUM-1,3-DIVINYL-1,1,3,3-TETRAMETHYLDISILOXANE COMPLEX, IN XYLENES",C=C[Si](C)(C)O[Si](C)(C)C=C.[Pt],0.15,L1_Davephos,CN(C)c1ccccc1-c1ccccc1P(C1CCCCC1)C1CCCCC1,0.005,None,None,None,None,None,None,None,None,None,O1_phenylsilane,C1=CC=C(C=C1)[Si]ÔøΩÔøΩ,0.6,None,None,None,None,None,None,none,100,none,0,UPLCMS,C8,0,0,,,,,0,,,25.26,0,0,-0.2,0,0
yk-1536-4-make-product,1536,80,,1536,C,9,"E108_CROTONIC ACID, 98%",CC=CC(=O)O,0.2,N1_(+)-Dehydroabietylamine,CC(C)c1ccc2c(c1)CC[C@H]1[C@](C)(CN)CCC[C@]21C,0.1,,CC=CCNC[C@]1(C)CCC[C@]2(C)c3ccc(C(C)C)cc3CC[C@@H]12,"C1_PLATINUM-1,3-DIVINYL-1,1,3,3-TETRAMETHYLDISILOXANE COMPLEX, IN XYLENES",C=C[Si](C)(C)O[Si](C)(C)C=C.[Pt],0.15,L1_Davephos,CN(C)c1ccccc1-c1ccccc1P(C1CCCCC1)C1CCCCC1,0.005,None,None,None,None,None,None,None,None,None,O1_phenylsilane,C1=CC=C(C=C1)[Si]ÔøΩÔøΩ,0.6,None,None,None,None,None,None,none,100,none,0,UPLCMS,C9,0,0,,,,,0,,,1.68,0,0,-21.6,0,0
yk-1536-4-make-product,1536,80,,1536,C,10,E240_pyridine-3-carboxylic acid,C1=CC(=CN=C1)C(=O)O,0.2,N1_(+)-Dehydroabietylamine,CC(C)c1ccc2c(c1)CC[C@H]1[C@](C)(CN)CCC[C@]21C,0.1,,CC(C)c1ccc2c(c1)CC[C@H]1[C@](C)(CNCc3cccnc3)CCC[C@]21C,"C1_PLATINUM-1,3-DIVINYL-1,1,3,3-TETRAMETHYLDISILOXANE COMPLEX, IN XYLENES",C=C[Si](C)(C)O[Si](C)(C)C=C.[Pt],0.15,L1_Davephos,CN(C)c1ccccc1-c1ccccc1P(C1CCCCC1)C1CCCCC1,0.005,None,None,None,None,None,None,None,None,None,O1_phenylsilane,C1=CC=C(C=C1)[Si]ÔøΩÔøΩ,0.6,None,None,None,None,None,None,none,100,none,0,UPLCMS,C10,0,0,,,,,0,,,18.69,0,0,-15.6,0,0
yk-1536-4-make-product,1536,80,,1536,C,11,E323_Blank3,O=CO,0.2,N1_(+)-Dehydroabietylamine,CC(C)c1ccc2c(c1)CC[C@H]1[C@](C)(CN)CCC[C@]21C,0.1,MainProduct[386],CC(C)c1ccc2c(c1)CC[C@H]1[C@](C)(CN)CCC[C@]21C,"C1_PLATINUM-1,3-DIVINYL-1,1,3,3-TETRAMETHYLDISILOXANE COMPLEX, IN XYLENES",C=C[Si](C)(C)O[Si](C)(C)C=C.[Pt],0.15,L1_Davephos,CN(C)c1ccccc1-c1ccccc1P(C1CCCCC1)C1CCCCC1,0.005,None,None,None,None,None,None,None,None,None,O1_phenylsilane,C1=CC=C(C=C1)[Si]ÔøΩÔøΩ,0.6,None,None,None,None,None,None,none,100,none,0,UPLCMS,C11,0,1862829.207,,,,,2087341.466,,,0,18.6,100,0,0,0
yk-1536-4-make-product,1536,80,,1536,C,12,E355_Blank35,O=CO,0.2,N1_(+)-Dehydroabietylamine,CC(C)c1ccc2c(c1)CC[C@H]1[C@](C)(CN)CCC[C@]21C,0.1,MainProduct[387],CC(C)c1ccc2c(c1)CC[C@H]1[C@](C)(CN)CCC[C@]21C,"C1_PLATINUM-1,3-DIVINYL-1,1,3,3-TETRAMETHYLDISILOXANE COMPLEX, IN XYLENES",C=C[Si](C)(C)O[Si](C)(C)C=C.[Pt],0.15,L1_Davephos,CN(C)c1ccccc1-c1ccccc1P(C1CCCCC1)C1CCCCC1,0.005,None,None,None,None,None,None,None,None,None,O1_phenylsilane,C1=CC=C(C=C1)[Si]ÔøΩÔøΩ,0.6,None,None,None,None,None,None,none,100,none,0,UPLCMS,C12,0,0,,,,,0,,,0,0,0,0,0,0
yk-1536-4-make-product,1536,80,,1536,C,13,"E4_4-METHOXYBENZOIC ACID, 97%",COC1=CC=C(C=C1)C(=O)O,0.2,N2_hydroxydehydroabietylamine,CC(C)C(C(O)=C1)=CC2=C1[C@]3(C)C(CC2)[C@](C)(CN)CCC3,0.1,,COc1ccc(CNC[C@]2(C)CCC[C@]3(C)c4cc(O)c(C(C)C)cc4CCC23)cc1,"C1_PLATINUM-1,3-DIVINYL-1,1,3,3-TETRAMETHYLDISILOXANE COMPLEX, IN XYLENES",C=C[Si](C)(C)O[Si](C)(C)C=C.[Pt],0.15,L1_Davephos,CN(C)c1ccccc1-c1ccccc1P(C1CCCCC1)C1CCCCC1,0.005,None,None,None,None,None,None,None,None,None,O1_phenylsilane,C1=CC=C(C=C1)[Si]ÔøΩÔøΩ,0.6,None,None,None,None,None,None,none,100,none,0,UPLCMS,C13,2171991.256,2209331,,,,,0,,,51.38,22.1,30.1,92.7,3.08,-3.68
yk-1536-4-make-product,1536,80,,1536,C,14,"E55_1-BOC-AZETIDINE-3-CARBOXYLIC ACID, 97%",CC(C)(C)OC(=O)N1CC(C1)C(=O)O,0.2,N2_hydroxydehydroabietylamine,CC(C)C(C(O)=C1)=CC2=C1[C@]3(C)C(CC2)[C@](C)(CN)CCC3,0.1,,CC(C)c1cc2c(cc1O)[C@@]1(C)CCC[C@@](C)(CNCC3CN(C(=O)OC(C)(C)C)C3)C1CC2,"C1_PLATINUM-1,3-DIVINYL-1,1,3,3-TETRAMETHYLDISILOXANE COMPLEX, IN XYLENES",C=C[Si](C)(C)O[Si](C)(C)C=C.[Pt],0.15,L1_Davephos,CN(C)c1ccccc1-c1ccccc1P(C1CCCCC1)C1CCCCC1,0.005,None,None,None,None,None,None,None,None,None,O1_phenylsilane,C1=CC=C(C=C1)[Si]ÔøΩÔøΩ,0.6,None,None,None,None,None,None,none,100,none,0,UPLCMS,C14,58844.07761,227672.795,,,,,0,,,0,2.3,100,-6.8,-0.07,0
yk-1536-4-make-product,1536,80,,1536,C,15,"E98_3-BROMOPROPIONIC ACID, 97%",C(CBr)C(=O)O,0.2,N2_hydroxydehydroabietylamine,CC(C)C(C(O)=C1)=CC2=C1[C@]3(C)C(CC2)[C@](C)(CN)CCC3,0.1,,CC(C)c1cc2c(cc1O)[C@@]1(C)CCC[C@@](C)(CNCCCBr)C1CC2,"C1_PLATINUM-1,3-DIVINYL-1,1,3,3-TETRAMETHYLDISILOXANE COMPLEX, IN XYLENES",C=C[Si](C)(C)O[Si](C)(C)C=C.[Pt],0.15,L1_Davephos,CN(C)c1ccccc1-c1ccccc1P(C1CCCCC1)C1CCCCC1,0.005,None,None,None,None,None,None,None,None,None,O1_phenylsilane,C1=CC=C(C=C1)[Si]ÔøΩÔøΩ,0.6,None,None,None,None,None,None,none,100,none,0,UPLCMS,C15,0,0,,,,,0,,,6.59,0,0,-2.7,0,0
yk-1536-4-make-product,1536,80,,1536,C,16,E145_2-(2-chlorophenyl)acetic acid,C1=CC=C(C(=C1)CC(=O)O)Cl,0.2,N2_hydroxydehydroabietylamine,CC(C)C(C(O)=C1)=CC2=C1[C@]3(C)C(CC2)[C@](C)(CN)CCC3,0.1,,CC(C)c1cc2c(cc1O)[C@@]1(C)CCC[C@@](C)(CNCCc3ccccc3Cl)C1CC2,"C1_PLATINUM-1,3-DIVINYL-1,1,3,3-TETRAMETHYLDISILOXANE COMPLEX, IN XYLENES",C=C[Si](C)(C)O[Si](C)(C)C=C.[Pt],0.15,L1_Davephos,CN(C)c1ccccc1-c1ccccc1P(C1CCCCC1)C1CCCCC1,0.005,None,None,None,None,None,None,None,None,None,O1_phenylsilane,C1=CC=C(C=C1)[Si]ÔøΩÔøΩ,0.6,None,None,None,None,None,None,none,100,none,0,UPLCMS,C16,134323.0945,111955.4026,,,,,0,,,7.25,1.1,13.4,-4.8,-0.36,0
yk-1536-4-make-product,1536,80,,1536,C,17,E184_3-(2-fluorophenyl)propanoic acid,C1=CC=C(C(=C1)CCC(=O)O)F,0.2,N2_hydroxydehydroabietylamine,CC(C)C(C(O)=C1)=CC2=C1[C@]3(C)C(CC2)[C@](C)(CN)CCC3,0.1,,CC(C)c1cc2c(cc1O)[C@@]1(C)CCC[C@@](C)(CNCCCc3ccccc3F)C1CC2,"C1_PLATINUM-1,3-DIVINYL-1,1,3,3-TETRAMETHYLDISILOXANE COMPLEX, IN XYLENES",C=C[Si](C)(C)O[Si](C)(C)C=C.[Pt],0.15,L1_Davephos,CN(C)c1ccccc1-c1ccccc1P(C1CCCCC1)C1CCCCC1,0.005,None,None,None,None,None,None,None,None,None,O1_phenylsilane,C1=CC=C(C=C1)[Si]ÔøΩÔøΩ,0.6,None,None,None,None,None,None,none,100,none,0,UPLCMS,C17,0,0,,,,,0,,,3.1,0,0,-2.9,0,0
yk-1536-4-make-product,1536,80,,1536,C,18,"E229_2-(3-methyl-1,2-oxazol-5-yl)acetic acid",CC1=NOC(=C1)CC(=O)O,0.2,N2_hydroxydehydroabietylamine,CC(C)C(C(O)=C1)=CC2=C1[C@]3(C)C(CC2)[C@](C)(CN)CCC3,0.1,,Cc1cc(CCNC[C@]2(C)CCC[C@]3(C)c4cc(O)c(C(C)C)cc4CCC23)on1,"C1_PLATINUM-1,3-DIVINYL-1,1,3,3-TETRAMETHYLDISILOXANE COMPLEX, IN XYLENES",C=C[Si](C)(C)O[Si](C)(C)C=C.[Pt],0.15,L1_Davephos,CN(C)c1ccccc1-c1ccccc1P(C1CCCCC1)C1CCCCC1,0.005,None,None,None,None,None,None,None,None,None,O1_phenylsilane,C1=CC=C(C=C1)[Si]ÔøΩÔøΩ,0.6,None,None,None,None,None,None,none,100,none,0,UPLCMS,C18,421876.9327,831799.1285,,,,,0,,,0,8.3,100,-16.9,-0.17,0
yk-1536-4-make-product,1536,80,,1536,C,19,E283_2-Bromopropionic Acid,CC(C(=O)O)Br,0.2,N2_hydroxydehydroabietylamine,CC(C)C(C(O)=C1)=CC2=C1[C@]3(C)C(CC2)[C@](C)(CN)CCC3,0.1,,CC(Br)CNC[C@]1(C)CCC[C@]2(C)c3cc(O)c(C(C)C)cc3CCC12,"C1_PLATINUM-1,3-DIVINYL-1,1,3,3-TETRAMETHYLDISILOXANE COMPLEX, IN XYLENES",C=C[Si](C)(C)O[Si](C)(C)C=C.[Pt],0.15,L1_Davephos,CN(C)c1ccccc1-c1ccccc1P(C1CCCCC1)C1CCCCC1,0.005,None,None,None,None,None,None,None,None,None,O1_phenylsilane,C1=CC=C(C=C1)[Si]ÔøΩÔøΩ,0.6,None,None,None,None,None,None,none,100,none,0,UPLCMS,C19,0,0,,,,,0,,,5.58,0,0,3.7,0,0
yk-1536-4-make-product,1536,80,,1536,C,20,"E13_2-(BROMOMETHYL)BENZOIC ACID, 97%",C1=CC=C(C(=C1)CBr)C(=O)O,0.2,N2_hydroxydehydroabietylamine,CC(C)C(C(O)=C1)=CC2=C1[C@]3(C)C(CC2)[C@](C)(CN)CCC3,0.1,,CC(C)c1cc2c(cc1O)[C@@]1(C)CCC[C@@](C)(CNCc3ccccc3CBr)C1CC2,"C1_PLATINUM-1,3-DIVINYL-1,1,3,3-TETRAMETHYLDISILOXANE COMPLEX, IN XYLENES",C=C[Si](C)(C)O[Si](C)(C)C=C.[Pt],0.15,L1_Davephos,CN(C)c1ccccc1-c1ccccc1P(C1CCCCC1)C1CCCCC1,0.005,None,None,None,None,None,None,None,None,None,O1_phenylsilane,C1=CC=C(C=C1)[Si]ÔøΩÔøΩ,0.6,None,None,None,None,None,None,none,100,none,0,UPLCMS,C20,2248.12006,0,,,,,0,,,7.71,0,0,-12.3,0,0
yk-1536-4-make-product,1536,80,,1536,C,21,"E108_CROTONIC ACID, 98%",CC=CC(=O)O,0.2,N2_hydroxydehydroabietylamine,CC(C)C(C(O)=C1)=CC2=C1[C@]3(C)C(CC2)[C@](C)(CN)CCC3,0.1,,CC=CCNC[C@]1(C)CCC[C@]2(C)c3cc(O)c(C(C)C)cc3CCC12,"C1_PLATINUM-1,3-DIVINYL-1,1,3,3-TETRAMETHYLDISILOXANE COMPLEX, IN XYLENES",C=C[Si](C)(C)O[Si](C)(C)C=C.[Pt],0.15,L1_Davephos,CN(C)c1ccccc1-c1ccccc1P(C1CCCCC1)C1CCCCC1,0.005,None,None,None,None,None,None,None,None,None,O1_phenylsilane,C1=CC=C(C=C1)[Si]ÔøΩÔøΩ,0.6,None,None,None,None,None,None,none,100,none,0,UPLCMS,C21,0,0,,,,,0,,,0,0,0,2.3,0,0
yk-1536-4-make-product,1536,80,,1536,C,22,E240_pyridine-3-carboxylic acid,C1=CC(=CN=C1)C(=O)O,0.2,N2_hydroxydehydroabietylamine,CC(C)C(C(O)=C1)=CC2=C1[C@]3(C)C(CC2)[C@](C)(CN)CCC3,0.1,,CC(C)c1cc2c(cc1O)[C@@]1(C)CCC[C@@](C)(CNCc3cccnc3)C1CC2,"C1_PLATINUM-1,3-DIVINYL-1,1,3,3-TETRAMETHYLDISILOXANE COMPLEX, IN XYLENES",C=C[Si](C)(C)O[Si](C)(C)C=C.[Pt],0.15,L1_Davephos,CN(C)c1ccccc1-c1ccccc1P(C1CCCCC1)C1CCCCC1,0.005,None,None,None,None,None,None,None,None,None,O1_phenylsilane,C1=CC=C(C=C1)[Si]ÔøΩÔøΩ,0.6,None,None,None,None,None,None,none,100,none,0,UPLCMS,C22,0,0,,,,,0,,,9.19,0,0,10.5,0,0
yk-1536-4-make-product,1536,80,,1536,C,23,E323_Blank3,O=CO,0.2,N2_hydroxydehydroabietylamine,CC(C)C(C(O)=C1)=CC2=C1[C@]3(C)C(CC2)[C@](C)(CN)CCC3,0.1,MainProduct[399],CC(C)C(C(O)=C1)=CC2=C1[C@]3(C)C(CC2)[C@](C)(CN)CCC3,"C1_PLATINUM-1,3-DIVINYL-1,1,3,3-TETRAMETHYLDISILOXANE COMPLEX, IN XYLENES",C=C[Si](C)(C)O[Si](C)(C)C=C.[Pt],0.15,L1_Davephos,CN(C)c1ccccc1-c1ccccc1P(C1CCCCC1)C1CCCCC1,0.005,None,None,None,None,None,None,None,None,None,O1_phenylsilane,C1=CC=C(C=C1)[Si]ÔøΩÔøΩ,0.6,None,None,None,None,None,None,none,100,none,0,UPLCMS,C23,0,573723.0137,,,,,562869.3068,,,0,5.7,100,0,0,0
yk-1536-4-make-product,1536,80,,1536,C,24,E355_Blank35,O=CO,0.2,N2_hydroxydehydroabietylamine,CC(C)C(C(O)=C1)=CC2=C1[C@]3(C)C(CC2)[C@](C)(CN)CCC3,0.1,MainProduct[400],CC(C)C(C(O)=C1)=CC2=C1[C@]3(C)C(CC2)[C@](C)(CN)CCC3,"C1_PLATINUM-1,3-DIVINYL-1,1,3,3-TETRAMETHYLDISILOXANE COMPLEX, IN XYLENES",C=C[Si](C)(C)O[Si](C)(C)C=C.[Pt],0.15,L1_Davephos,CN(C)c1ccccc1-c1ccccc1P(C1CCCCC1)C1CCCCC1,0.005,None,None,None,None,None,None,None,None,None,O1_phenylsilane,C1=CC=C(C=C1)[Si]ÔøΩÔøΩ,0.6,None,None,None,None,None,None,none,100,none,0,UPLCMS,C24,0,0,,,,,0,,,0,0,0,0,0,0
yk-1536-4-make-product,1536,80,,1536,C,25,"E4_4-METHOXYBENZOIC ACID, 97%",COC1=CC=C(C=C1)C(=O)O,0.2,N3_Scaffold 7,CC(C)C1=CC2=CCC3[C@](C)(CN)CCC[C@]3(C)C2CC1,0.1,,COc1ccc(CNC[C@]2(C)CCC[C@]3(C)C4CCC(C(C)C)=CC4=CCC23)cc1,"C1_PLATINUM-1,3-DIVINYL-1,1,3,3-TETRAMETHYLDISILOXANE COMPLEX, IN XYLENES",C=C[Si](C)(C)O[Si](C)(C)C=C.[Pt],0.15,L1_Davephos,CN(C)c1ccccc1-c1ccccc1P(C1CCCCC1)C1CCCCC1,0.005,None,None,None,None,None,None,None,None,None,O1_phenylsilane,C1=CC=C(C=C1)[Si]ÔøΩÔøΩ,0.6,None,None,None,None,None,None,none,100,none,0,UPLCMS,C25,1417987.774,2365799.702,180374.4986,438142.0317,0,0,0,0,0,4.4,23.7,84.3,-15.7,-0.2,0
yk-1536-4-make-product,1536,80,,1536,C,26,"E55_1-BOC-AZETIDINE-3-CARBOXYLIC ACID, 97%",CC(C)(C)OC(=O)N1CC(C1)C(=O)O,0.2,N3_Scaffold 7,CC(C)C1=CC2=CCC3[C@](C)(CN)CCC[C@]3(C)C2CC1,0.1,,CC(C)C1=CC2=CCC3[C@](C)(CNCC4CN(C(=O)OC(C)(C)C)C4)CCC[C@]3(C)C2CC1,"C1_PLATINUM-1,3-DIVINYL-1,1,3,3-TETRAMETHYLDISILOXANE COMPLEX, IN XYLENES",C=C[Si](C)(C)O[Si](C)(C)C=C.[Pt],0.15,L1_Davephos,CN(C)c1ccccc1-c1ccccc1P(C1CCCCC1)C1CCCCC1,0.005,None,None,None,None,None,None,None,None,None,O1_phenylsilane,C1=CC=C(C=C1)[Si]ÔøΩÔøΩ,0.6,None,None,None,None,None,None,none,100,none,0,UPLCMS,C26,703769.8513,1323300.52,63850.44702,441941.5623,0,0,0,0,0,4.4,13.2,75,-2.2,0,0
yk-1536-4-make-product,1536,80,,1536,C,27,"E98_3-BROMOPROPIONIC ACID, 97%",C(CBr)C(=O)O,0.2,N3_Scaffold 7,CC(C)C1=CC2=CCC3[C@](C)(CN)CCC[C@]3(C)C2CC1,0.1,,CC(C)C1=CC2=CCC3[C@](C)(CNCCCBr)CCC[C@]3(C)C2CC1,"C1_PLATINUM-1,3-DIVINYL-1,1,3,3-TETRAMETHYLDISILOXANE COMPLEX, IN XYLENES",C=C[Si](C)(C)O[Si](C)(C)C=C.[Pt],0.15,L1_Davephos,CN(C)c1ccccc1-c1ccccc1P(C1CCCCC1)C1CCCCC1,0.005,None,None,None,None,None,None,None,None,None,O1_phenylsilane,C1=CC=C(C=C1)[Si]ÔøΩÔøΩ,0.6,None,None,None,None,None,None,none,100,none,0,UPLCMS,C27,148878.4354,191255.9923,486081.4695,608945.1521,0,0,0,26739.0249,0,6.1,1.9,23.9,5.2,0.2,0
yk-1536-4-make-product,1536,80,,1536,C,28,E145_2-(2-chlorophenyl)acetic acid,C1=CC=C(C(=C1)CC(=O)O)Cl,0.2,N3_Scaffold 7,CC(C)C1=CC2=CCC3[C@](C)(CN)CCC[C@]3(C)C2CC1,0.1,,CC(C)C1=CC2=CCC3[C@](C)(CNCCc4ccccc4Cl)CCC[C@]3(C)C2CC1,"C1_PLATINUM-1,3-DIVINYL-1,1,3,3-TETRAMETHYLDISILOXANE COMPLEX, IN XYLENES",C=C[Si](C)(C)O[Si](C)(C)C=C.[Pt],0.15,L1_Davephos,CN(C)c1ccccc1-c1ccccc1P(C1CCCCC1)C1CCCCC1,0.005,None,None,None,None,None,None,None,None,None,O1_phenylsilane,C1=CC=C(C=C1)[Si]ÔøΩÔøΩ,0.6,None,None,None,None,None,None,none,100,none,0,UPLCMS,C28,19001.79103,24826.71366,722856.1604,723899.5152,0,0,0,0,0,7.2,0.2,3.3,-0.3,-0.1,0
yk-1536-4-make-product,1536,80,,1536,C,29,E184_3-(2-fluorophenyl)propanoic acid,C1=CC=C(C(=C1)CCC(=O)O)F,0.2,N3_Scaffold 7,CC(C)C1=CC2=CCC3[C@](C)(CN)CCC[C@]3(C)C2CC1,0.1,,CC(C)C1=CC2=CCC3[C@](C)(CNCCCc4ccccc4F)CCC[C@]3(C)C2CC1,"C1_PLATINUM-1,3-DIVINYL-1,1,3,3-TETRAMETHYLDISILOXANE COMPLEX, IN XYLENES",C=C[Si](C)(C)O[Si](C)(C)C=C.[Pt],0.15,L1_Davephos,CN(C)c1ccccc1-c1ccccc1P(C1CCCCC1)C1CCCCC1,0.005,None,None,None,None,None,None,None,None,None,O1_phenylsilane,C1=CC=C(C=C1)[Si]ÔøΩÔøΩ,0.6,None,None,None,None,None,None,none,100,none,0,UPLCMS,C29,0,0,698754.0731,715796.6675,0,0,0,0,0,7.2,0,0,6.3,0,0
yk-1536-4-make-product,1536,80,,1536,C,30,"E229_2-(3-methyl-1,2-oxazol-5-yl)acetic acid",CC1=NOC(=C1)CC(=O)O,0.2,N3_Scaffold 7,CC(C)C1=CC2=CCC3[C@](C)(CN)CCC[C@]3(C)C2CC1,0.1,,Cc1cc(CCNC[C@]2(C)CCC[C@]3(C)C4CCC(C(C)C)=CC4=CCC23)on1,"C1_PLATINUM-1,3-DIVINYL-1,1,3,3-TETRAMETHYLDISILOXANE COMPLEX, IN XYLENES",C=C[Si](C)(C)O[Si](C)(C)C=C.[Pt],0.15,L1_Davephos,CN(C)c1ccccc1-c1ccccc1P(C1CCCCC1)C1CCCCC1,0.005,None,None,None,None,None,None,None,None,None,O1_phenylsilane,C1=CC=C(C=C1)[Si]ÔøΩÔøΩ,0.6,None,None,None,None,None,None,none,100,none,0,UPLCMS,C30,695729.2084,0,97410.47975,699351.2918,0,0,0,11824.72416,0,7,0,0,20.5,0,0
yk-1536-4-make-product,1536,80,,1536,C,31,E283_2-Bromopropionic Acid,CC(C(=O)O)Br,0.2,N3_Scaffold 7,CC(C)C1=CC2=CCC3[C@](C)(CN)CCC[C@]3(C)C2CC1,0.1,,CC(Br)CNC[C@]1(C)CCC[C@]2(C)C3CCC(C(C)C)=CC3=CCC12,"C1_PLATINUM-1,3-DIVINYL-1,1,3,3-TETRAMETHYLDISILOXANE COMPLEX, IN XYLENES",C=C[Si](C)(C)O[Si](C)(C)C=C.[Pt],0.15,L1_Davephos,CN(C)c1ccccc1-c1ccccc1P(C1CCCCC1)C1CCCCC1,0.005,None,None,None,None,None,None,None,None,None,O1_phenylsilane,C1=CC=C(C=C1)[Si]ÔøΩÔøΩ,0.6,None,None,None,None,None,None,none,100,none,0,UPLCMS,C31,90576.20865,160222.6828,652495.1659,690975.1208,0,0,0,16930.8053,0,6.9,1.6,18.8,9.8,0.5,0
yk-1536-4-make-product,1536,80,,1536,C,32,"E13_2-(BROMOMETHYL)BENZOIC ACID, 97%",C1=CC=C(C(=C1)CBr)C(=O)O,0.2,N3_Scaffold 7,CC(C)C1=CC2=CCC3[C@](C)(CN)CCC[C@]3(C)C2CC1,0.1,,CC(C)C1=CC2=CCC3[C@](C)(CNCc4ccccc4CBr)CCC[C@]3(C)C2CC1,"C1_PLATINUM-1,3-DIVINYL-1,1,3,3-TETRAMETHYLDISILOXANE COMPLEX, IN XYLENES",C=C[Si](C)(C)O[Si](C)(C)C=C.[Pt],0.15,L1_Davephos,CN(C)c1ccccc1-c1ccccc1P(C1CCCCC1)C1CCCCC1,0.005,None,None,None,None,None,None,None,None,None,O1_phenylsilane,C1=CC=C(C=C1)[Si]ÔøΩÔøΩ,0.6,None,None,None,None,None,None,none,100,none,0,UPLCMS,C32,0,0,810856.2596,798566.6836,0,0,0,0,0,8,0,0,11.5,0,0
yk-1536-4-make-product,1536,80,,1536,C,33,"E108_CROTONIC ACID, 98%",CC=CC(=O)O,0.2,N3_Scaffold 7,CC(C)C1=CC2=CCC3[C@](C)(CN)CCC[C@]3(C)C2CC1,0.1,,CC=CCNC[C@]1(C)CCC[C@]2(C)C3CCC(C(C)C)=CC3=CCC12,"C1_PLATINUM-1,3-DIVINYL-1,1,3,3-TETRAMETHYLDISILOXANE COMPLEX, IN XYLENES",C=C[Si](C)(C)O[Si](C)(C)C=C.[Pt],0.15,L1_Davephos,CN(C)c1ccccc1-c1ccccc1P(C1CCCCC1)C1CCCCC1,0.005,None,None,None,None,None,None,None,None,None,O1_phenylsilane,C1=CC=C(C=C1)[Si]ÔøΩÔøΩ,0.6,None,None,None,None,None,None,none,100,none,0,UPLCMS,C33,12996.8531,0,32866.89493,0,0,0,0,0,0,0,0,0,16.4,0,0
yk-1536-4-make-product,1536,80,,1536,C,34,E240_pyridine-3-carboxylic acid,C1=CC(=CN=C1)C(=O)O,0.2,N3_Scaffold 7,CC(C)C1=CC2=CCC3[C@](C)(CN)CCC[C@]3(C)C2CC1,0.1,,CC(C)C1=CC2=CCC3[C@](C)(CNCc4cccnc4)CCC[C@]3(C)C2CC1,"C1_PLATINUM-1,3-DIVINYL-1,1,3,3-TETRAMETHYLDISILOXANE COMPLEX, IN XYLENES",C=C[Si](C)(C)O[Si](C)(C)C=C.[Pt],0.15,L1_Davephos,CN(C)c1ccccc1-c1ccccc1P(C1CCCCC1)C1CCCCC1,0.005,None,None,None,None,None,None,None,None,None,O1_phenylsilane,C1=CC=C(C=C1)[Si]ÔøΩÔøΩ,0.6,None,None,None,None,None,None,none,100,none,0,UPLCMS,C34,2641.959,0,689270.4138,694420.3159,0,0,0,0,0,6.9,0,0,0.6,0,0
yk-1536-4-make-product,1536,80,,1536,C,35,E323_Blank3,O=CO,0.2,N3_Scaffold 7,CC(C)C1=CC2=CCC3[C@](C)(CN)CCC[C@]3(C)C2CC1,0.1,MainProduct[412],CC(C)C1=CC2=CCC3[C@](C)(CN)CCC[C@]3(C)C2CC1,"C1_PLATINUM-1,3-DIVINYL-1,1,3,3-TETRAMETHYLDISILOXANE COMPLEX, IN XYLENES",C=C[Si](C)(C)O[Si](C)(C)C=C.[Pt],0.15,L1_Davephos,CN(C)c1ccccc1-c1ccccc1P(C1CCCCC1)C1CCCCC1,0.005,None,None,None,None,None,None,None,None,None,O1_phenylsilane,C1=CC=C(C=C1)[Si]ÔøΩÔøΩ,0.6,None,None,None,None,None,None,none,100,none,0,UPLCMS,C35,0,860472.2047,0,0,0,0,825006.6494,0,0,0,8.6,100,0,0,0
yk-1536-4-make-product,1536,80,,1536,C,36,E355_Blank35,O=CO,0.2,N3_Scaffold 7,CC(C)C1=CC2=CCC3[C@](C)(CN)CCC[C@]3(C)C2CC1,0.1,MainProduct[413],CC(C)C1=CC2=CCC3[C@](C)(CN)CCC[C@]3(C)C2CC1,"C1_PLATINUM-1,3-DIVINYL-1,1,3,3-TETRAMETHYLDISILOXANE COMPLEX, IN XYLENES",C=C[Si](C)(C)O[Si](C)(C)C=C.[Pt],0.15,L1_Davephos,CN(C)c1ccccc1-c1ccccc1P(C1CCCCC1)C1CCCCC1,0.005,None,None,None,None,None,None,None,None,None,O1_phenylsilane,C1=CC=C(C=C1)[Si]ÔøΩÔøΩ,0.6,None,None,None,None,None,None,none,100,none,0,UPLCMS,C36,0,0,0,0,0,0,0,0,0,0,0,0,0,0,0
yk-1536-4-make-product,1536,80,,1536,C,37,"E4_4-METHOXYBENZOIC ACID, 97%",COC1=CC=C(C=C1)C(=O)O,0.2,N4_Scaffold 6,CCNC[C@@]1(C)C2[C@](C)(CCC1)c3c(CC2)cc(C(C)C)c(c3)N,0.1,,CCNC[C@]1(C)CCC[C@]2(C)c3cc(NCc4ccc(OC)cc4)c(C(C)C)cc3CCC12,"C1_PLATINUM-1,3-DIVINYL-1,1,3,3-TETRAMETHYLDISILOXANE COMPLEX, IN XYLENES",C=C[Si](C)(C)O[Si](C)(C)C=C.[Pt],0.15,L1_Davephos,CN(C)c1ccccc1-c1ccccc1P(C1CCCCC1)C1CCCCC1,0.005,None,None,None,None,None,None,None,None,None,O1_phenylsilane,C1=CC=C(C=C1)[Si]ÔøΩÔøΩ,0.6,None,None,None,None,None,None,none,100,none,0,UPLCMS,C37,295047.7254,0,0,0,2780225.924,2684037.477,154148.2035,0,0,26.8,0,0,-14.4,0,0
yk-1536-4-make-product,1536,80,,1536,C,38,"E55_1-BOC-AZETIDINE-3-CARBOXYLIC ACID, 97%",CC(C)(C)OC(=O)N1CC(C1)C(=O)O,0.2,N4_Scaffold 6,CCNC[C@@]1(C)C2[C@](C)(CCC1)c3c(CC2)cc(C(C)C)c(c3)N,0.1,,CCNC[C@]1(C)CCC[C@]2(C)c3cc(NCC4CN(C(=O)OC(C)(C)C)C4)c(C(C)C)cc3CCC12,"C1_PLATINUM-1,3-DIVINYL-1,1,3,3-TETRAMETHYLDISILOXANE COMPLEX, IN XYLENES",C=C[Si](C)(C)O[Si](C)(C)C=C.[Pt],0.15,L1_Davephos,CN(C)c1ccccc1-c1ccccc1P(C1CCCCC1)C1CCCCC1,0.005,None,None,None,None,None,None,None,None,None,O1_phenylsilane,C1=CC=C(C=C1)[Si]ÔøΩÔøΩ,0.6,None,None,None,None,None,None,none,100,none,0,UPLCMS,C38,505175.6228,856049.3199,0,0,893843.8708,790799.0185,0,0,0,7.9,8.6,52,-4.7,-0.1,0
yk-1536-4-make-product,1536,80,,1536,C,39,"E98_3-BROMOPROPIONIC ACID, 97%",C(CBr)C(=O)O,0.2,N4_Scaffold 6,CCNC[C@@]1(C)C2[C@](C)(CCC1)c3c(CC2)cc(C(C)C)c(c3)N,0.1,,CCNC[C@]1(C)CCC[C@]2(C)c3cc(NCCCBr)c(C(C)C)cc3CCC12,"C1_PLATINUM-1,3-DIVINYL-1,1,3,3-TETRAMETHYLDISILOXANE COMPLEX, IN XYLENES",C=C[Si](C)(C)O[Si](C)(C)C=C.[Pt],0.15,L1_Davephos,CN(C)c1ccccc1-c1ccccc1P(C1CCCCC1)C1CCCCC1,0.005,None,None,None,None,None,None,None,None,None,O1_phenylsilane,C1=CC=C(C=C1)[Si]ÔøΩÔøΩ,0.6,None,None,None,None,None,None,none,100,none,0,UPLCMS,C39,5186.55532,0,0,0,877332.7793,964504.9741,0,0,0,9.6,0,0,-11.4,0,0
yk-1536-4-make-product,1536,80,,1536,C,40,E145_2-(2-chlorophenyl)acetic acid,C1=CC=C(C(=C1)CC(=O)O)Cl,0.2,N4_Scaffold 6,CCNC[C@@]1(C)C2[C@](C)(CCC1)c3c(CC2)cc(C(C)C)c(c3)N,0.1,,CCNC[C@]1(C)CCC[C@]2(C)c3cc(NCCc4ccccc4Cl)c(C(C)C)cc3CCC12,"C1_PLATINUM-1,3-DIVINYL-1,1,3,3-TETRAMETHYLDISILOXANE COMPLEX, IN XYLENES",C=C[Si](C)(C)O[Si](C)(C)C=C.[Pt],0.15,L1_Davephos,CN(C)c1ccccc1-c1ccccc1P(C1CCCCC1)C1CCCCC1,0.005,None,None,None,None,None,None,None,None,None,O1_phenylsilane,C1=CC=C(C=C1)[Si]ÔøΩÔøΩ,0.6,None,None,None,None,None,None,none,100,none,0,UPLCMS,C40,34000.28399,235552.6118,0,0,428924.8779,383083.6838,4847.4308,0,0,3.8,2.4,38.3,-10,-0.3,0
yk-1536-4-make-product,1536,80,,1536,C,41,E184_3-(2-fluorophenyl)propanoic acid,C1=CC=C(C(=C1)CCC(=O)O)F,0.2,N4_Scaffold 6,CCNC[C@@]1(C)C2[C@](C)(CCC1)c3c(CC2)cc(C(C)C)c(c3)N,0.1,,CCNC[C@]1(C)CCC[C@]2(C)c3cc(NCCCc4ccccc4F)c(C(C)C)cc3CCC12,"C1_PLATINUM-1,3-DIVINYL-1,1,3,3-TETRAMETHYLDISILOXANE COMPLEX, IN XYLENES",C=C[Si](C)(C)O[Si](C)(C)C=C.[Pt],0.15,L1_Davephos,CN(C)c1ccccc1-c1ccccc1P(C1CCCCC1)C1CCCCC1,0.005,None,None,None,None,None,None,None,None,None,O1_phenylsilane,C1=CC=C(C=C1)[Si]ÔøΩÔøΩ,0.6,None,None,None,None,None,None,none,100,none,0,UPLCMS,C41,0,0,0,0,541728.5515,526833.218,0,0,0,5.3,0,0,-17.2,0,0
yk-1536-4-make-product,1536,80,,1536,C,42,"E229_2-(3-methyl-1,2-oxazol-5-yl)acetic acid",CC1=NOC(=C1)CC(=O)O,0.2,N4_Scaffold 6,CCNC[C@@]1(C)C2[C@](C)(CCC1)c3c(CC2)cc(C(C)C)c(c3)N,0.1,,CCNC[C@]1(C)CCC[C@]2(C)c3cc(NCCc4cc(C)no4)c(C(C)C)cc3CCC12,"C1_PLATINUM-1,3-DIVINYL-1,1,3,3-TETRAMETHYLDISILOXANE COMPLEX, IN XYLENES",C=C[Si](C)(C)O[Si](C)(C)C=C.[Pt],0.15,L1_Davephos,CN(C)c1ccccc1-c1ccccc1P(C1CCCCC1)C1CCCCC1,0.005,None,None,None,None,None,None,None,None,None,O1_phenylsilane,C1=CC=C(C=C1)[Si]ÔøΩÔøΩ,0.6,None,None,None,None,None,None,none,100,none,0,UPLCMS,C42,132459.8678,108681,0,0,801842.4474,960270.215,0,0,0,9.6,1.1,10.2,5.6,0.5,0
yk-1536-4-make-product,1536,80,,1536,C,43,E283_2-Bromopropionic Acid,CC(C(=O)O)Br,0.2,N4_Scaffold 6,CCNC[C@@]1(C)C2[C@](C)(CCC1)c3c(CC2)cc(C(C)C)c(c3)N,0.1,,CCNC[C@]1(C)CCC[C@]2(C)c3cc(NCC(C)Br)c(C(C)C)cc3CCC12,"C1_PLATINUM-1,3-DIVINYL-1,1,3,3-TETRAMETHYLDISILOXANE COMPLEX, IN XYLENES",C=C[Si](C)(C)O[Si](C)(C)C=C.[Pt],0.15,L1_Davephos,CN(C)c1ccccc1-c1ccccc1P(C1CCCCC1)C1CCCCC1,0.005,None,None,None,None,None,None,None,None,None,O1_phenylsilane,C1=CC=C(C=C1)[Si]ÔøΩÔøΩ,0.6,None,None,None,None,None,None,none,100,none,0,UPLCMS,C43,0,0,0,0,566310.6527,574008.3257,0,0,0,5.7,0,0,-9.8,0,0
yk-1536-4-make-product,1536,80,,1536,C,44,"E13_2-(BROMOMETHYL)BENZOIC ACID, 97%",C1=CC=C(C(=C1)CBr)C(=O)O,0.2,N4_Scaffold 6,CCNC[C@@]1(C)C2[C@](C)(CCC1)c3c(CC2)cc(C(C)C)c(c3)N,0.1,,CCNC[C@]1(C)CCC[C@]2(C)c3cc(NCc4ccccc4CBr)c(C(C)C)cc3CCC12,"C1_PLATINUM-1,3-DIVINYL-1,1,3,3-TETRAMETHYLDISILOXANE COMPLEX, IN XYLENES",C=C[Si](C)(C)O[Si](C)(C)C=C.[Pt],0.15,L1_Davephos,CN(C)c1ccccc1-c1ccccc1P(C1CCCCC1)C1CCCCC1,0.005,None,None,None,None,None,None,None,None,None,O1_phenylsilane,C1=CC=C(C=C1)[Si]ÔøΩÔøΩ,0.6,None,None,None,None,None,None,none,100,none,0,UPLCMS,C44,0,0,0,0,712908.0647,761443.2875,0,0,0,7.6,0,0,-12.1,0,0
yk-1536-4-make-product,1536,80,,1536,C,45,"E108_CROTONIC ACID, 98%",CC=CC(=O)O,0.2,N4_Scaffold 6,CCNC[C@@]1(C)C2[C@](C)(CCC1)c3c(CC2)cc(C(C)C)c(c3)N,0.1,,CC=CCNc1cc2c(cc1C(C)C)CCC1[C@](C)(CNCC)CCC[C@]21C,"C1_PLATINUM-1,3-DIVINYL-1,1,3,3-TETRAMETHYLDISILOXANE COMPLEX, IN XYLENES",C=C[Si](C)(C)O[Si](C)(C)C=C.[Pt],0.15,L1_Davephos,CN(C)c1ccccc1-c1ccccc1P(C1CCCCC1)C1CCCCC1,0.005,None,None,None,None,None,None,None,None,None,O1_phenylsilane,C1=CC=C(C=C1)[Si]ÔøΩÔøΩ,0.6,None,None,None,None,None,None,none,100,none,0,UPLCMS,C45,0,0,0,0,356046.3839,245015.6403,0,0,0,2.5,0,0,2.3,0,0
yk-1536-4-make-product,1536,80,,1536,C,46,E240_pyridine-3-carboxylic acid,C1=CC(=CN=C1)C(=O)O,0.2,N4_Scaffold 6,CCNC[C@@]1(C)C2[C@](C)(CCC1)c3c(CC2)cc(C(C)C)c(c3)N,0.1,,CCNC[C@]1(C)CCC[C@]2(C)c3cc(NCc4cccnc4)c(C(C)C)cc3CCC12,"C1_PLATINUM-1,3-DIVINYL-1,1,3,3-TETRAMETHYLDISILOXANE COMPLEX, IN XYLENES",C=C[Si](C)(C)O[Si](C)(C)C=C.[Pt],0.15,L1_Davephos,CN(C)c1ccccc1-c1ccccc1P(C1CCCCC1)C1CCCCC1,0.005,None,None,None,None,None,None,None,None,None,O1_phenylsilane,C1=CC=C(C=C1)[Si]ÔøΩÔøΩ,0.6,None,None,None,None,None,None,none,100,none,0,UPLCMS,C46,0,0,0,0,559654.9348,545304.1222,0,0,0,5.5,0,0,-4.9,0,0
yk-1536-4-make-product,1536,80,,1536,C,47,E323_Blank3,O=CO,0.2,N4_Scaffold 6,CCNC[C@@]1(C)C2[C@](C)(CCC1)c3c(CC2)cc(C(C)C)c(c3)N,0.1,MainProduct[425],CCNC[C@@]1(C)C2[C@](C)(CCC1)c3c(CC2)cc(C(C)C)c(c3)N,"C1_PLATINUM-1,3-DIVINYL-1,1,3,3-TETRAMETHYLDISILOXANE COMPLEX, IN XYLENES",C=C[Si](C)(C)O[Si](C)(C)C=C.[Pt],0.15,L1_Davephos,CN(C)c1ccccc1-c1ccccc1P(C1CCCCC1)C1CCCCC1,0.005,None,None,None,None,None,None,None,None,None,O1_phenylsilane,C1=CC=C(C=C1)[Si]ÔøΩÔøΩ,0.6,None,None,None,None,None,None,none,100,none,0,UPLCMS,C47,0,815124.6023,0,0,0,0,814519.3668,0,0,0,8.2,100,0,0,0
yk-1536-4-make-product,1536,80,,1536,C,48,E355_Blank35,O=CO,0.2,N4_Scaffold 6,CCNC[C@@]1(C)C2[C@](C)(CCC1)c3c(CC2)cc(C(C)C)c(c3)N,0.1,MainProduct[426],CCNC[C@@]1(C)C2[C@](C)(CCC1)c3c(CC2)cc(C(C)C)c(c3)N,"C1_PLATINUM-1,3-DIVINYL-1,1,3,3-TETRAMETHYLDISILOXANE COMPLEX, IN XYLENES",C=C[Si](C)(C)O[Si](C)(C)C=C.[Pt],0.15,L1_Davephos,CN(C)c1ccccc1-c1ccccc1P(C1CCCCC1)C1CCCCC1,0.005,None,None,None,None,None,None,None,None,None,O1_phenylsilane,C1=CC=C(C=C1)[Si]ÔøΩÔøΩ,0.6,None,None,None,None,None,None,none,100,none,0,UPLCMS,C48,0,0,0,0,0,0,0,0,0,0,0,0,0,0,0
yk-1536-4-make-product,1536,80,,1536,D,1,"E5_3-(4-METHOXYPHENYL)PROPIONIC ACID, 98%",COC1=CC=C(C=C1)CCC(=O)O,0.2,N1_(+)-Dehydroabietylamine,CC(C)c1ccc2c(c1)CC[C@H]1[C@](C)(CN)CCC[C@]21C,0.1,,COc1ccc(CCCNC[C@]2(C)CCC[C@]3(C)c4ccc(C(C)C)cc4CC[C@@H]23)cc1,"C1_PLATINUM-1,3-DIVINYL-1,1,3,3-TETRAMETHYLDISILOXANE COMPLEX, IN XYLENES",C=C[Si](C)(C)O[Si](C)(C)C=C.[Pt],0.15,L1_Davephos,CN(C)c1ccccc1-c1ccccc1P(C1CCCCC1)C1CCCCC1,0.005,None,None,None,None,None,None,None,None,None,O1_phenylsilane,C1=CC=C(C=C1)[Si]ÔøΩÔøΩ,0.6,None,None,None,None,None,None,none,100,none,0,UPLCMS,D1,2730105.049,3993068.82,,,,,0,,,5.4,39.9,88.1,101.1,1.15,13.29
yk-1536-4-make-product,1536,80,,1536,D,2,"E56_CIS-3-CARBOMETHOXYCYCLOHEXANE-1-CARBOXYLIC ACID, 97%",COC(=O)C1CCCC(C1)C(=O)O,0.2,N1_(+)-Dehydroabietylamine,CC(C)c1ccc2c(c1)CC[C@H]1[C@](C)(CN)CCC[C@]21C,0.1,MainProduct[443],COC(=O)C1CC(CCC1)CNC[C@@]2(C)[C@H]3[C@](C)(CCC2)c4c(CC3)cc(C(C)C)cc4,"C1_PLATINUM-1,3-DIVINYL-1,1,3,3-TETRAMETHYLDISILOXANE COMPLEX, IN XYLENES",C=C[Si](C)(C)O[Si](C)(C)C=C.[Pt],0.15,L1_Davephos,CN(C)c1ccccc1-c1ccccc1P(C1CCCCC1)C1CCCCC1,0.005,None,None,None,None,None,None,None,None,None,O1_phenylsilane,C1=CC=C(C=C1)[Si]ÔøΩÔøΩ,0.6,None,None,None,None,None,None,none,100,none,0,UPLCMS,D2,495313.1325,1659392,,,,,81015.58925,,,12.8,16.6,56.5,-34.6,-0.61,0
yk-1536-4-make-product,1536,80,,1536,D,3,"E99_5-CHLOROBENZOFURAN-2-CARBOXYLIC ACID, 97%",C1=CC2=C(C=C1Cl)C=C(O2)C(=O)O,0.2,N1_(+)-Dehydroabietylamine,CC(C)c1ccc2c(c1)CC[C@H]1[C@](C)(CN)CCC[C@]21C,0.1,,CC(C)c1ccc2c(c1)CC[C@H]1[C@](C)(CNCc3cc4cc(Cl)ccc4o3)CCC[C@]21C,"C1_PLATINUM-1,3-DIVINYL-1,1,3,3-TETRAMETHYLDISILOXANE COMPLEX, IN XYLENES",C=C[Si](C)(C)O[Si](C)(C)C=C.[Pt],0.15,L1_Davephos,CN(C)c1ccccc1-c1ccccc1P(C1CCCCC1)C1CCCCC1,0.005,None,None,None,None,None,None,None,None,None,O1_phenylsilane,C1=CC=C(C=C1)[Si]ÔøΩÔøΩ,0.6,None,None,None,None,None,None,none,100,none,0,UPLCMS,D3,3436880.383,2573034.906,,,,,0,,,26.4,25.7,49.3,-5.4,-0.11,0
yk-1536-4-make-product,1536,80,,1536,D,4,E146_2-(4-chlorophenyl)propanoic acid,CC(C1=CC=C(C=C1)Cl)C(=O)O,0.2,N1_(+)-Dehydroabietylamine,CC(C)c1ccc2c(c1)CC[C@H]1[C@](C)(CN)CCC[C@]21C,0.1,,CC(C)c1ccc2c(c1)CC[C@H]1[C@](C)(CNCC(C)c3ccc(Cl)cc3)CCC[C@]21C,"C1_PLATINUM-1,3-DIVINYL-1,1,3,3-TETRAMETHYLDISILOXANE COMPLEX, IN XYLENES",C=C[Si](C)(C)O[Si](C)(C)C=C.[Pt],0.15,L1_Davephos,CN(C)c1ccccc1-c1ccccc1P(C1CCCCC1)C1CCCCC1,0.005,None,None,None,None,None,None,None,None,None,O1_phenylsilane,C1=CC=C(C=C1)[Si]ÔøΩÔøΩ,0.6,None,None,None,None,None,None,none,100,none,0,UPLCMS,D4,4057.90748,254471.1654,,,,,0,,,13.4,2.5,15.9,-0.7,-0.04,0
yk-1536-4-make-product,1536,80,,1536,D,5,E185_3-hydroxy-4-methylbenzoic acid,CC1=C(C=C(C=C1)C(=O)O)O,0.2,N1_(+)-Dehydroabietylamine,CC(C)c1ccc2c(c1)CC[C@H]1[C@](C)(CN)CCC[C@]21C,0.1,,Cc1ccc(CNC[C@]2(C)CCC[C@]3(C)c4ccc(C(C)C)cc4CC[C@@H]23)cc1O,"C1_PLATINUM-1,3-DIVINYL-1,1,3,3-TETRAMETHYLDISILOXANE COMPLEX, IN XYLENES",C=C[Si](C)(C)O[Si](C)(C)C=C.[Pt],0.15,L1_Davephos,CN(C)c1ccccc1-c1ccccc1P(C1CCCCC1)C1CCCCC1,0.005,None,None,None,None,None,None,None,None,None,O1_phenylsilane,C1=CC=C(C=C1)[Si]ÔøΩÔøΩ,0.6,None,None,None,None,None,None,none,100,none,0,UPLCMS,D5,1946863.059,3537402.394,,,,,0,,,39.5,35.4,47.3,103.3,2.18,-3
yk-1536-4-make-product,1536,80,,1536,D,6,E230_6-methoxynaphthalene-2-carboxylic acid,COC1=CC2=C(C=C1)C=C(C=C2)C(=O)O,0.2,N1_(+)-Dehydroabietylamine,CC(C)c1ccc2c(c1)CC[C@H]1[C@](C)(CN)CCC[C@]21C,0.1,,COc1ccc2cc(CNC[C@]3(C)CCC[C@]4(C)c5ccc(C(C)C)cc5CC[C@@H]34)ccc2c1,"C1_PLATINUM-1,3-DIVINYL-1,1,3,3-TETRAMETHYLDISILOXANE COMPLEX, IN XYLENES",C=C[Si](C)(C)O[Si](C)(C)C=C.[Pt],0.15,L1_Davephos,CN(C)c1ccccc1-c1ccccc1P(C1CCCCC1)C1CCCCC1,0.005,None,None,None,None,None,None,None,None,None,O1_phenylsilane,C1=CC=C(C=C1)[Si]ÔøΩÔøΩ,0.6,None,None,None,None,None,None,none,100,none,0,UPLCMS,D6,3999601.207,3642246,,,,,0,,,26.1,36.4,58.2,94,1.62,20.37
yk-1536-4-make-product,1536,80,,1536,D,7,E284_2-Hydroxy-2-(4-methylphenyl)acetic acid,Cc1ccc(C(O)C(=O)O)cc1,0.2,N1_(+)-Dehydroabietylamine,CC(C)c1ccc2c(c1)CC[C@H]1[C@](C)(CN)CCC[C@]21C,0.1,,Cc1ccc(C(O)CNC[C@]2(C)CCC[C@]3(C)c4ccc(C(C)C)cc4CC[C@@H]23)cc1,"C1_PLATINUM-1,3-DIVINYL-1,1,3,3-TETRAMETHYLDISILOXANE COMPLEX, IN XYLENES",C=C[Si](C)(C)O[Si](C)(C)C=C.[Pt],0.15,L1_Davephos,CN(C)c1ccccc1-c1ccccc1P(C1CCCCC1)C1CCCCC1,0.005,None,None,None,None,None,None,None,None,None,O1_phenylsilane,C1=CC=C(C=C1)[Si]ÔøΩÔøΩ,0.6,None,None,None,None,None,None,none,100,none,0,UPLCMS,D7,809141.9804,809141,,,,,2214507.421,,,47,8.1,14.7,104.4,7.1,24.49
yk-1536-4-make-product,1536,80,,1536,D,8,"E15_4-METHYLVALERIC ACID, 99%",CC(C)CCC(=O)O,0.2,N1_(+)-Dehydroabietylamine,CC(C)c1ccc2c(c1)CC[C@H]1[C@](C)(CN)CCC[C@]21C,0.1,,CC(C)CCCNC[C@]1(C)CCC[C@]2(C)c3ccc(C(C)C)cc3CC[C@@H]12,"C1_PLATINUM-1,3-DIVINYL-1,1,3,3-TETRAMETHYLDISILOXANE COMPLEX, IN XYLENES",C=C[Si](C)(C)O[Si](C)(C)C=C.[Pt],0.15,L1_Davephos,CN(C)c1ccccc1-c1ccccc1P(C1CCCCC1)C1CCCCC1,0.005,None,None,None,None,None,None,None,None,None,O1_phenylsilane,C1=CC=C(C=C1)[Si]ÔøΩÔøΩ,0.6,None,None,None,None,None,None,none,100,none,0,UPLCMS,D8,1087038.759,937813.1761,,,,,0,,,5,9.4,65,-20.2,-0.31,0
yk-1536-4-make-product,1536,80,,1536,D,9,E109_(1S)-cyclohex-3-ene-1-carboxylic acid,C1CC(CC=C1)C(=O)O,0.2,N1_(+)-Dehydroabietylamine,CC(C)c1ccc2c(c1)CC[C@H]1[C@](C)(CN)CCC[C@]21C,0.1,,CC(C)c1ccc2c(c1)CC[C@H]1[C@](C)(CNCC3CC=CCC3)CCC[C@]21C,"C1_PLATINUM-1,3-DIVINYL-1,1,3,3-TETRAMETHYLDISILOXANE COMPLEX, IN XYLENES",C=C[Si](C)(C)O[Si](C)(C)C=C.[Pt],0.15,L1_Davephos,CN(C)c1ccccc1-c1ccccc1P(C1CCCCC1)C1CCCCC1,0.005,None,None,None,None,None,None,None,None,None,O1_phenylsilane,C1=CC=C(C=C1)[Si]ÔøΩÔøΩ,0.6,None,None,None,None,None,None,none,100,none,0,UPLCMS,D9,763756.2212,620071.7288,,,,,0,,,4.1,6.2,60.1,-12.3,-0.2,0
yk-1536-4-make-product,1536,80,,1536,D,10,"E241_2,4-dioxo-1H-pyrimidine-6-carboxylic acid",C1=C(NC(=O)NC1=O)C(=O)O,0.2,N1_(+)-Dehydroabietylamine,CC(C)c1ccc2c(c1)CC[C@H]1[C@](C)(CN)CCC[C@]21C,0.1,,CC(C)c1ccc2c(c1)CC[C@H]1[C@](C)(CNCc3cc(=O)[nH]c(=O)[nH]3)CCC[C@]21C,"C1_PLATINUM-1,3-DIVINYL-1,1,3,3-TETRAMETHYLDISILOXANE COMPLEX, IN XYLENES",C=C[Si](C)(C)O[Si](C)(C)C=C.[Pt],0.15,L1_Davephos,CN(C)c1ccccc1-c1ccccc1P(C1CCCCC1)C1CCCCC1,0.005,None,None,None,None,None,None,None,None,None,O1_phenylsilane,C1=CC=C(C=C1)[Si]ÔøΩÔøΩ,0.6,None,None,None,None,None,None,none,100,none,0,UPLCMS,D10,0,0,,,,,0,,,24.9,0,0,11.4,0,0
yk-1536-4-make-product,1536,80,,1536,D,11,E324_Blank4,O=CO,0.2,N1_(+)-Dehydroabietylamine,CC(C)c1ccc2c(c1)CC[C@H]1[C@](C)(CN)CCC[C@]21C,0.1,MainProduct[434],CC(C)c1ccc2c(c1)CC[C@H]1[C@](C)(CN)CCC[C@]21C,"C1_PLATINUM-1,3-DIVINYL-1,1,3,3-TETRAMETHYLDISILOXANE COMPLEX, IN XYLENES",C=C[Si](C)(C)O[Si](C)(C)C=C.[Pt],0.15,L1_Davephos,CN(C)c1ccccc1-c1ccccc1P(C1CCCCC1)C1CCCCC1,0.005,None,None,None,None,None,None,None,None,None,O1_phenylsilane,C1=CC=C(C=C1)[Si]ÔøΩÔøΩ,0.6,None,None,None,None,None,None,none,100,none,0,UPLCMS,D11,0,2064621.361,,,,,2150075.491,,,0,20.6,100,0,0,0
yk-1536-4-make-product,1536,80,,1536,D,12,E356_Blank36,O=CO,0.2,N1_(+)-Dehydroabietylamine,CC(C)c1ccc2c(c1)CC[C@H]1[C@](C)(CN)CCC[C@]21C,0.1,MainProduct[435],CC(C)c1ccc2c(c1)CC[C@H]1[C@](C)(CN)CCC[C@]21C,"C1_PLATINUM-1,3-DIVINYL-1,1,3,3-TETRAMETHYLDISILOXANE COMPLEX, IN XYLENES",C=C[Si](C)(C)O[Si](C)(C)C=C.[Pt],0.15,L1_Davephos,CN(C)c1ccccc1-c1ccccc1P(C1CCCCC1)C1CCCCC1,0.005,None,None,None,None,None,None,None,None,None,O1_phenylsilane,C1=CC=C(C=C1)[Si]ÔøΩÔøΩ,0.6,None,None,None,None,None,None,none,100,none,0,UPLCMS,D12,0,0,,,,,0,,,0,0,0,0,0,0
yk-1536-4-make-product,1536,80,,1536,D,13,"E5_3-(4-METHOXYPHENYL)PROPIONIC ACID, 98%",COC1=CC=C(C=C1)CCC(=O)O,0.2,N2_hydroxydehydroabietylamine,CC(C)C(C(O)=C1)=CC2=C1[C@]3(C)C(CC2)[C@](C)(CN)CCC3,0.1,,COc1ccc(CCCNC[C@]2(C)CCC[C@]3(C)c4cc(O)c(C(C)C)cc4CCC23)cc1,"C1_PLATINUM-1,3-DIVINYL-1,1,3,3-TETRAMETHYLDISILOXANE COMPLEX, IN XYLENES",C=C[Si](C)(C)O[Si](C)(C)C=C.[Pt],0.15,L1_Davephos,CN(C)c1ccccc1-c1ccccc1P(C1CCCCC1)C1CCCCC1,0.005,None,None,None,None,None,None,None,None,None,O1_phenylsilane,C1=CC=C(C=C1)[Si]ÔøΩÔøΩ,0.6,None,None,None,None,None,None,none,100,none,0,UPLCMS,D13,210501.7643,367423.1866,,,,,0,,,0,3.7,100,-7.4,-0.07,0
yk-1536-4-make-product,1536,80,,1536,D,14,"E56_CIS-3-CARBOMETHOXYCYCLOHEXANE-1-CARBOXYLIC ACID, 97%",COC(=O)C1CCCC(C1)C(=O)O,0.2,N2_hydroxydehydroabietylamine,CC(C)C(C(O)=C1)=CC2=C1[C@]3(C)C(CC2)[C@](C)(CN)CCC3,0.1,,COC(=O)C1CCCC(CNC[C@]2(C)CCC[C@]3(C)c4cc(O)c(C(C)C)cc4CCC23)C1,"C1_PLATINUM-1,3-DIVINYL-1,1,3,3-TETRAMETHYLDISILOXANE COMPLEX, IN XYLENES",C=C[Si](C)(C)O[Si](C)(C)C=C.[Pt],0.15,L1_Davephos,CN(C)c1ccccc1-c1ccccc1P(C1CCCCC1)C1CCCCC1,0.005,None,None,None,None,None,None,None,None,None,O1_phenylsilane,C1=CC=C(C=C1)[Si]ÔøΩÔøΩ,0.6,None,None,None,None,None,None,none,100,none,0,UPLCMS,D14,45428.42876,65255.2279,,,,,0,,,0,0.7,100,4.9,0.05,0
yk-1536-4-make-product,1536,80,,1536,D,15,"E99_5-CHLOROBENZOFURAN-2-CARBOXYLIC ACID, 97%",C1=CC2=C(C=C1Cl)C=C(O2)C(=O)O,0.2,N2_hydroxydehydroabietylamine,CC(C)C(C(O)=C1)=CC2=C1[C@]3(C)C(CC2)[C@](C)(CN)CCC3,0.1,,CC(C)c1cc2c(cc1O)[C@@]1(C)CCC[C@@](C)(CNCc3cc4cc(Cl)ccc4o3)C1CC2,"C1_PLATINUM-1,3-DIVINYL-1,1,3,3-TETRAMETHYLDISILOXANE COMPLEX, IN XYLENES",C=C[Si](C)(C)O[Si](C)(C)C=C.[Pt],0.15,L1_Davephos,CN(C)c1ccccc1-c1ccccc1P(C1CCCCC1)C1CCCCC1,0.005,None,None,None,None,None,None,None,None,None,O1_phenylsilane,C1=CC=C(C=C1)[Si]ÔøΩÔøΩ,0.6,None,None,None,None,None,None,none,100,none,0,UPLCMS,D15,296233.5334,221666.5113,,,,,0,,,0.3,2.2,87.7,-2.5,-0.03,0
yk-1536-4-make-product,1536,80,,1536,D,16,E146_2-(4-chlorophenyl)propanoic acid,CC(C1=CC=C(C=C1)Cl)C(=O)O,0.2,N2_hydroxydehydroabietylamine,CC(C)C(C(O)=C1)=CC2=C1[C@]3(C)C(CC2)[C@](C)(CN)CCC3,0.1,,CC(C)c1cc2c(cc1O)[C@@]1(C)CCC[C@@](C)(CNCC(C)c3ccc(Cl)cc3)C1CC2,"C1_PLATINUM-1,3-DIVINYL-1,1,3,3-TETRAMETHYLDISILOXANE COMPLEX, IN XYLENES",C=C[Si](C)(C)O[Si](C)(C)C=C.[Pt],0.15,L1_Davephos,CN(C)c1ccccc1-c1ccccc1P(C1CCCCC1)C1CCCCC1,0.005,None,None,None,None,None,None,None,None,None,O1_phenylsilane,C1=CC=C(C=C1)[Si]ÔøΩÔøΩ,0.6,None,None,None,None,None,None,none,100,none,0,UPLCMS,D16,2571.52648,0,,,,,0,,,3.8,0,0,-5.5,0,0
yk-1536-4-make-product,1536,80,,1536,D,17,E185_3-hydroxy-4-methylbenzoic acid,CC1=C(C=C(C=C1)C(=O)O)O,0.2,N2_hydroxydehydroabietylamine,CC(C)C(C(O)=C1)=CC2=C1[C@]3(C)C(CC2)[C@](C)(CN)CCC3,0.1,,Cc1ccc(CNC[C@]2(C)CCC[C@]3(C)c4cc(O)c(C(C)C)cc4CCC23)cc1O,"C1_PLATINUM-1,3-DIVINYL-1,1,3,3-TETRAMETHYLDISILOXANE COMPLEX, IN XYLENES",C=C[Si](C)(C)O[Si](C)(C)C=C.[Pt],0.15,L1_Davephos,CN(C)c1ccccc1-c1ccccc1P(C1CCCCC1)C1CCCCC1,0.005,None,None,None,None,None,None,None,None,None,O1_phenylsilane,C1=CC=C(C=C1)[Si]ÔøΩÔøΩ,0.6,None,None,None,None,None,None,none,100,none,0,UPLCMS,D17,1339743.735,1436331.465,,,,,0,,,2.3,14.4,86.3,17,0.2,0
yk-1536-4-make-product,1536,80,,1536,D,18,E230_6-methoxynaphthalene-2-carboxylic acid,COC1=CC2=C(C=C1)C=C(C=C2)C(=O)O,0.2,N2_hydroxydehydroabietylamine,CC(C)C(C(O)=C1)=CC2=C1[C@]3(C)C(CC2)[C@](C)(CN)CCC3,0.1,,COc1ccc2cc(CNC[C@]3(C)CCC[C@]4(C)c5cc(O)c(C(C)C)cc5CCC34)ccc2c1,"C1_PLATINUM-1,3-DIVINYL-1,1,3,3-TETRAMETHYLDISILOXANE COMPLEX, IN XYLENES",C=C[Si](C)(C)O[Si](C)(C)C=C.[Pt],0.15,L1_Davephos,CN(C)c1ccccc1-c1ccccc1P(C1CCCCC1)C1CCCCC1,0.005,None,None,None,None,None,None,None,None,None,O1_phenylsilane,C1=CC=C(C=C1)[Si]ÔøΩÔøΩ,0.6,None,None,None,None,None,None,none,100,none,0,UPLCMS,D18,2382563.538,2328567.302,,,,,0,,,1.3,23.3,94.9,16.3,0.17,0
yk-1536-4-make-product,1536,80,,1536,D,19,E284_2-Hydroxy-2-(4-methylphenyl)acetic acid,Cc1ccc(C(O)C(=O)O)cc1,0.2,N2_hydroxydehydroabietylamine,CC(C)C(C(O)=C1)=CC2=C1[C@]3(C)C(CC2)[C@](C)(CN)CCC3,0.1,,Cc1ccc(C(O)CNC[C@]2(C)CCC[C@]3(C)c4cc(O)c(C(C)C)cc4CCC23)cc1,"C1_PLATINUM-1,3-DIVINYL-1,1,3,3-TETRAMETHYLDISILOXANE COMPLEX, IN XYLENES",C=C[Si](C)(C)O[Si](C)(C)C=C.[Pt],0.15,L1_Davephos,CN(C)c1ccccc1-c1ccccc1P(C1CCCCC1)C1CCCCC1,0.005,None,None,None,None,None,None,None,None,None,O1_phenylsilane,C1=CC=C(C=C1)[Si]ÔøΩÔøΩ,0.6,None,None,None,None,None,None,none,100,none,0,UPLCMS,D19,511866.6227,882779.8399,,,,,0,,,24.7,8.8,26.3,20.3,0.77,0
yk-1536-4-make-product,1536,80,,1536,D,20,"E15_4-METHYLVALERIC ACID, 99%",CC(C)CCC(=O)O,0.2,N2_hydroxydehydroabietylamine,CC(C)C(C(O)=C1)=CC2=C1[C@]3(C)C(CC2)[C@](C)(CN)CCC3,0.1,,CC(C)CCCNC[C@]1(C)CCC[C@]2(C)c3cc(O)c(C(C)C)cc3CCC12,"C1_PLATINUM-1,3-DIVINYL-1,1,3,3-TETRAMETHYLDISILOXANE COMPLEX, IN XYLENES",C=C[Si](C)(C)O[Si](C)(C)C=C.[Pt],0.15,L1_Davephos,CN(C)c1ccccc1-c1ccccc1P(C1CCCCC1)C1CCCCC1,0.005,None,None,None,None,None,None,None,None,None,O1_phenylsilane,C1=CC=C(C=C1)[Si]ÔøΩÔøΩ,0.6,None,None,None,None,None,None,none,100,none,0,UPLCMS,D20,91044.55945,100216.5182,,,,,0,,,0,1,100,25.1,0.25,0
yk-1536-4-make-product,1536,80,,1536,D,21,E109_(1S)-cyclohex-3-ene-1-carboxylic acid,C1CC(CC=C1)C(=O)O,0.2,N2_hydroxydehydroabietylamine,CC(C)C(C(O)=C1)=CC2=C1[C@]3(C)C(CC2)[C@](C)(CN)CCC3,0.1,,CC(C)c1cc2c(cc1O)[C@@]1(C)CCC[C@@](C)(CNCC3CC=CCC3)C1CC2,"C1_PLATINUM-1,3-DIVINYL-1,1,3,3-TETRAMETHYLDISILOXANE COMPLEX, IN XYLENES",C=C[Si](C)(C)O[Si](C)(C)C=C.[Pt],0.15,L1_Davephos,CN(C)c1ccccc1-c1ccccc1P(C1CCCCC1)C1CCCCC1,0.005,None,None,None,None,None,None,None,None,None,O1_phenylsilane,C1=CC=C(C=C1)[Si]ÔøΩÔøΩ,0.6,None,None,None,None,None,None,none,100,none,0,UPLCMS,D21,0,0,,,,,0,,,0,0,0,11.8,0,0
yk-1536-4-make-product,1536,80,,1536,D,22,"E241_2,4-dioxo-1H-pyrimidine-6-carboxylic acid",C1=C(NC(=O)NC1=O)C(=O)O,0.2,N2_hydroxydehydroabietylamine,CC(C)C(C(O)=C1)=CC2=C1[C@]3(C)C(CC2)[C@](C)(CN)CCC3,0.1,,CC(C)c1cc2c(cc1O)[C@@]1(C)CCC[C@@](C)(CNCc3cc(=O)[nH]c(=O)[nH]3)C1CC2,"C1_PLATINUM-1,3-DIVINYL-1,1,3,3-TETRAMETHYLDISILOXANE COMPLEX, IN XYLENES",C=C[Si](C)(C)O[Si](C)(C)C=C.[Pt],0.15,L1_Davephos,CN(C)c1ccccc1-c1ccccc1P(C1CCCCC1)C1CCCCC1,0.005,None,None,None,None,None,None,None,None,None,O1_phenylsilane,C1=CC=C(C=C1)[Si]ÔøΩÔøΩ,0.6,None,None,None,None,None,None,none,100,none,0,UPLCMS,D22,6800.27106,0,,,,,0,,,10.1,0,0,15.6,0,0
yk-1536-4-make-product,1536,80,,1536,D,23,E324_Blank4,O=CO,0.2,N2_hydroxydehydroabietylamine,CC(C)C(C(O)=C1)=CC2=C1[C@]3(C)C(CC2)[C@](C)(CN)CCC3,0.1,MainProduct[447],CC(C)C(C(O)=C1)=CC2=C1[C@]3(C)C(CC2)[C@](C)(CN)CCC3,"C1_PLATINUM-1,3-DIVINYL-1,1,3,3-TETRAMETHYLDISILOXANE COMPLEX, IN XYLENES",C=C[Si](C)(C)O[Si](C)(C)C=C.[Pt],0.15,L1_Davephos,CN(C)c1ccccc1-c1ccccc1P(C1CCCCC1)C1CCCCC1,0.005,None,None,None,None,None,None,None,None,None,O1_phenylsilane,C1=CC=C(C=C1)[Si]ÔøΩÔøΩ,0.6,None,None,None,None,None,None,none,100,none,0,UPLCMS,D23,0,738335.0275,,,,,727103.6367,,,0,7.4,100,0,0,0
yk-1536-4-make-product,1536,80,,1536,D,24,E356_Blank36,O=CO,0.2,N2_hydroxydehydroabietylamine,CC(C)C(C(O)=C1)=CC2=C1[C@]3(C)C(CC2)[C@](C)(CN)CCC3,0.1,MainProduct[448],CC(C)C(C(O)=C1)=CC2=C1[C@]3(C)C(CC2)[C@](C)(CN)CCC3,"C1_PLATINUM-1,3-DIVINYL-1,1,3,3-TETRAMETHYLDISILOXANE COMPLEX, IN XYLENES",C=C[Si](C)(C)O[Si](C)(C)C=C.[Pt],0.15,L1_Davephos,CN(C)c1ccccc1-c1ccccc1P(C1CCCCC1)C1CCCCC1,0.005,None,None,None,None,None,None,None,None,None,O1_phenylsilane,C1=CC=C(C=C1)[Si]ÔøΩÔøΩ,0.6,None,None,None,None,None,None,none,100,none,0,UPLCMS,D24,0,0,,,,,0,,,0,0,0,0,0,0
yk-1536-4-make-product,1536,80,,1536,D,25,"E5_3-(4-METHOXYPHENYL)PROPIONIC ACID, 98%",COC1=CC=C(C=C1)CCC(=O)O,0.2,N3_Scaffold 7,CC(C)C1=CC2=CCC3[C@](C)(CN)CCC[C@]3(C)C2CC1,0.1,,COc1ccc(CCCNC[C@]2(C)CCC[C@]3(C)C4CCC(C(C)C)=CC4=CCC23)cc1,"C1_PLATINUM-1,3-DIVINYL-1,1,3,3-TETRAMETHYLDISILOXANE COMPLEX, IN XYLENES",C=C[Si](C)(C)O[Si](C)(C)C=C.[Pt],0.15,L1_Davephos,CN(C)c1ccccc1-c1ccccc1P(C1CCCCC1)C1CCCCC1,0.005,None,None,None,None,None,None,None,None,None,O1_phenylsilane,C1=CC=C(C=C1)[Si]ÔøΩÔøΩ,0.6,None,None,None,None,None,None,none,100,none,0,UPLCMS,D25,471159.6074,438702.6745,48397.84828,214514.2446,0,0,0,0,0,2.1,4.4,67.6,-1.4,-0.02,0
yk-1536-4-make-product,1536,80,,1536,D,26,"E56_CIS-3-CARBOMETHOXYCYCLOHEXANE-1-CARBOXYLIC ACID, 97%",COC(=O)C1CCCC(C1)C(=O)O,0.2,N3_Scaffold 7,CC(C)C1=CC2=CCC3[C@](C)(CN)CCC[C@]3(C)C2CC1,0.1,MainProduct[450],COC(=O)C1CC(CCC1)CNC[C@@]2(C)C3[C@](C)(CCC2)C4C(=CC3)C=C(C(C)C)CC4,"C1_PLATINUM-1,3-DIVINYL-1,1,3,3-TETRAMETHYLDISILOXANE COMPLEX, IN XYLENES",C=C[Si](C)(C)O[Si](C)(C)C=C.[Pt],0.15,L1_Davephos,CN(C)c1ccccc1-c1ccccc1P(C1CCCCC1)C1CCCCC1,0.005,None,None,None,None,None,None,None,None,None,O1_phenylsilane,C1=CC=C(C=C1)[Si]ÔøΩÔøΩ,0.6,None,None,None,None,None,None,none,100,none,0,UPLCMS,D26,278946.6021,1137898,153776.3278,306889.2664,0,0,0,0,0,3.1,11.4,78.6,3.3,0.04,0
yk-1536-4-make-product,1536,80,,1536,D,27,"E99_5-CHLOROBENZOFURAN-2-CARBOXYLIC ACID, 97%",C1=CC2=C(C=C1Cl)C=C(O2)C(=O)O,0.2,N3_Scaffold 7,CC(C)C1=CC2=CCC3[C@](C)(CN)CCC[C@]3(C)C2CC1,0.1,,CC(C)C1=CC2=CCC3[C@](C)(CNCc4cc5cc(Cl)ccc5o4)CCC[C@]3(C)C2CC1,"C1_PLATINUM-1,3-DIVINYL-1,1,3,3-TETRAMETHYLDISILOXANE COMPLEX, IN XYLENES",C=C[Si](C)(C)O[Si](C)(C)C=C.[Pt],0.15,L1_Davephos,CN(C)c1ccccc1-c1ccccc1P(C1CCCCC1)C1CCCCC1,0.005,None,None,None,None,None,None,None,None,None,O1_phenylsilane,C1=CC=C(C=C1)[Si]ÔøΩÔøΩ,0.6,None,None,None,None,None,None,none,100,none,0,UPLCMS,D27,2041824.011,1625522.547,397694.6091,997068.3032,0,0,0,0,0,10,16.3,61.9,22.9,0.37,0
yk-1536-4-make-product,1536,80,,1536,D,28,E146_2-(4-chlorophenyl)propanoic acid,CC(C1=CC=C(C=C1)Cl)C(=O)O,0.2,N3_Scaffold 7,CC(C)C1=CC2=CCC3[C@](C)(CN)CCC[C@]3(C)C2CC1,0.1,,CC(C)C1=CC2=CCC3[C@](C)(CNCC(C)c4ccc(Cl)cc4)CCC[C@]3(C)C2CC1,"C1_PLATINUM-1,3-DIVINYL-1,1,3,3-TETRAMETHYLDISILOXANE COMPLEX, IN XYLENES",C=C[Si](C)(C)O[Si](C)(C)C=C.[Pt],0.15,L1_Davephos,CN(C)c1ccccc1-c1ccccc1P(C1CCCCC1)C1CCCCC1,0.005,None,None,None,None,None,None,None,None,None,O1_phenylsilane,C1=CC=C(C=C1)[Si]ÔøΩÔøΩ,0.6,None,None,None,None,None,None,none,100,none,0,UPLCMS,D28,2823.12627,0,782327.7382,809901.4432,0,0,0,0,0,8.1,0,0,-0.6,0,0
yk-1536-4-make-product,1536,80,,1536,D,29,E185_3-hydroxy-4-methylbenzoic acid,CC1=C(C=C(C=C1)C(=O)O)O,0.2,N3_Scaffold 7,CC(C)C1=CC2=CCC3[C@](C)(CN)CCC[C@]3(C)C2CC1,0.1,,Cc1ccc(CNC[C@]2(C)CCC[C@]3(C)C4CCC(C(C)C)=CC4=CCC23)cc1O,"C1_PLATINUM-1,3-DIVINYL-1,1,3,3-TETRAMETHYLDISILOXANE COMPLEX, IN XYLENES",C=C[Si](C)(C)O[Si](C)(C)C=C.[Pt],0.15,L1_Davephos,CN(C)c1ccccc1-c1ccccc1P(C1CCCCC1)C1CCCCC1,0.005,None,None,None,None,None,None,None,None,None,O1_phenylsilane,C1=CC=C(C=C1)[Si]ÔøΩÔøΩ,0.6,None,None,None,None,None,None,none,100,none,0,UPLCMS,D29,2885304.991,4130631.009,2625533.293,2863300.868,0,0,0,0,0,28.6,41.3,59.1,97.7,1.65,-13.59
yk-1536-4-make-product,1536,80,,1536,D,30,E230_6-methoxynaphthalene-2-carboxylic acid,COC1=CC2=C(C=C1)C=C(C=C2)C(=O)O,0.2,N3_Scaffold 7,CC(C)C1=CC2=CCC3[C@](C)(CN)CCC[C@]3(C)C2CC1,0.1,,COc1ccc2cc(CNC[C@]3(C)CCC[C@]4(C)C5CCC(C(C)C)=CC5=CCC34)ccc2c1,"C1_PLATINUM-1,3-DIVINYL-1,1,3,3-TETRAMETHYLDISILOXANE COMPLEX, IN XYLENES",C=C[Si](C)(C)O[Si](C)(C)C=C.[Pt],0.15,L1_Davephos,CN(C)c1ccccc1-c1ccccc1P(C1CCCCC1)C1CCCCC1,0.005,None,None,None,None,None,None,None,None,None,O1_phenylsilane,C1=CC=C(C=C1)[Si]ÔøΩÔøΩ,0.6,None,None,None,None,None,None,none,100,none,0,UPLCMS,D30,2467653.409,2250611.652,253756.309,561344.3743,0,0,0,0,0,5.6,22.5,80.1,18,0.22,0
yk-1536-4-make-product,1536,80,,1536,D,31,E284_2-Hydroxy-2-(4-methylphenyl)acetic acid,Cc1ccc(C(O)C(=O)O)cc1,0.2,N3_Scaffold 7,CC(C)C1=CC2=CCC3[C@](C)(CN)CCC[C@]3(C)C2CC1,0.1,,Cc1ccc(C(O)CNC[C@]2(C)CCC[C@]3(C)C4CCC(C(C)C)=CC4=CCC23)cc1,"C1_PLATINUM-1,3-DIVINYL-1,1,3,3-TETRAMETHYLDISILOXANE COMPLEX, IN XYLENES",C=C[Si](C)(C)O[Si](C)(C)C=C.[Pt],0.15,L1_Davephos,CN(C)c1ccccc1-c1ccccc1P(C1CCCCC1)C1CCCCC1,0.005,None,None,None,None,None,None,None,None,None,O1_phenylsilane,C1=CC=C(C=C1)[Si]ÔøΩÔøΩ,0.6,None,None,None,None,None,None,none,100,none,0,UPLCMS,D31,774543.5361,2062035.564,3308884.623,3939845.279,0,0,0,0,0,39.4,20.6,34.4,78.6,2.28,-1.69
yk-1536-4-make-product,1536,80,,1536,D,32,"E15_4-METHYLVALERIC ACID, 99%",CC(C)CCC(=O)O,0.2,N3_Scaffold 7,CC(C)C1=CC2=CCC3[C@](C)(CN)CCC[C@]3(C)C2CC1,0.1,,CC(C)CCCNC[C@]1(C)CCC[C@]2(C)C3CCC(C(C)C)=CC3=CCC12,"C1_PLATINUM-1,3-DIVINYL-1,1,3,3-TETRAMETHYLDISILOXANE COMPLEX, IN XYLENES",C=C[Si](C)(C)O[Si](C)(C)C=C.[Pt],0.15,L1_Davephos,CN(C)c1ccccc1-c1ccccc1P(C1CCCCC1)C1CCCCC1,0.005,None,None,None,None,None,None,None,None,None,O1_phenylsilane,C1=CC=C(C=C1)[Si]ÔøΩÔøΩ,0.6,None,None,None,None,None,None,none,100,none,0,UPLCMS,D32,248839.4078,214362.7656,53407.91707,116437.6116,0,0,0,0,0,1.2,2.1,64.1,-2.3,-0.04,0
yk-1536-4-make-product,1536,80,,1536,D,33,E109_(1S)-cyclohex-3-ene-1-carboxylic acid,C1CC(CC=C1)C(=O)O,0.2,N3_Scaffold 7,CC(C)C1=CC2=CCC3[C@](C)(CN)CCC[C@]3(C)C2CC1,0.1,,CC(C)C1=CC2=CCC3[C@](C)(CNCC4CC=CCC4)CCC[C@]3(C)C2CC1,"C1_PLATINUM-1,3-DIVINYL-1,1,3,3-TETRAMETHYLDISILOXANE COMPLEX, IN XYLENES",C=C[Si](C)(C)O[Si](C)(C)C=C.[Pt],0.15,L1_Davephos,CN(C)c1ccccc1-c1ccccc1P(C1CCCCC1)C1CCCCC1,0.005,None,None,None,None,None,None,None,None,None,O1_phenylsilane,C1=CC=C(C=C1)[Si]ÔøΩÔøΩ,0.6,None,None,None,None,None,None,none,100,none,0,UPLCMS,D33,277457.2157,119598.7087,42866.61186,265749.8087,0,0,0,0,0,2.7,1.2,30.7,22,0.72,0
yk-1536-4-make-product,1536,80,,1536,D,34,"E241_2,4-dioxo-1H-pyrimidine-6-carboxylic acid",C1=C(NC(=O)NC1=O)C(=O)O,0.2,N3_Scaffold 7,CC(C)C1=CC2=CCC3[C@](C)(CN)CCC[C@]3(C)C2CC1,0.1,,CC(C)C1=CC2=CCC3[C@](C)(CNCc4cc(=O)[nH]c(=O)[nH]4)CCC[C@]3(C)C2CC1,"C1_PLATINUM-1,3-DIVINYL-1,1,3,3-TETRAMETHYLDISILOXANE COMPLEX, IN XYLENES",C=C[Si](C)(C)O[Si](C)(C)C=C.[Pt],0.15,L1_Davephos,CN(C)c1ccccc1-c1ccccc1P(C1CCCCC1)C1CCCCC1,0.005,None,None,None,None,None,None,None,None,None,O1_phenylsilane,C1=CC=C(C=C1)[Si]ÔøΩÔøΩ,0.6,None,None,None,None,None,None,none,100,none,0,UPLCMS,D34,5815.79786,0,1052182.896,1091417.051,0,0,0,2071.98193,0,10.9,0,0,1.8,0,0
yk-1536-4-make-product,1536,80,,1536,D,35,E324_Blank4,O=CO,0.2,N3_Scaffold 7,CC(C)C1=CC2=CCC3[C@](C)(CN)CCC[C@]3(C)C2CC1,0.1,MainProduct[460],CC(C)C1=CC2=CCC3[C@](C)(CN)CCC[C@]3(C)C2CC1,"C1_PLATINUM-1,3-DIVINYL-1,1,3,3-TETRAMETHYLDISILOXANE COMPLEX, IN XYLENES",C=C[Si](C)(C)O[Si](C)(C)C=C.[Pt],0.15,L1_Davephos,CN(C)c1ccccc1-c1ccccc1P(C1CCCCC1)C1CCCCC1,0.005,None,None,None,None,None,None,None,None,None,O1_phenylsilane,C1=CC=C(C=C1)[Si]ÔøΩÔøΩ,0.6,None,None,None,None,None,None,none,100,none,0,UPLCMS,D35,0,965375.9405,0,0,0,0,946044.577,0,0,0,9.7,100,0,0,0
yk-1536-4-make-product,1536,80,,1536,D,36,E356_Blank36,O=CO,0.2,N3_Scaffold 7,CC(C)C1=CC2=CCC3[C@](C)(CN)CCC[C@]3(C)C2CC1,0.1,MainProduct[461],CC(C)C1=CC2=CCC3[C@](C)(CN)CCC[C@]3(C)C2CC1,"C1_PLATINUM-1,3-DIVINYL-1,1,3,3-TETRAMETHYLDISILOXANE COMPLEX, IN XYLENES",C=C[Si](C)(C)O[Si](C)(C)C=C.[Pt],0.15,L1_Davephos,CN(C)c1ccccc1-c1ccccc1P(C1CCCCC1)C1CCCCC1,0.005,None,None,None,None,None,None,None,None,None,O1_phenylsilane,C1=CC=C(C=C1)[Si]ÔøΩÔøΩ,0.6,None,None,None,None,None,None,none,100,none,0,UPLCMS,D36,0,0,0,0,0,0,0,0,0,0,0,0,0,0,0
yk-1536-4-make-product,1536,80,,1536,D,37,"E5_3-(4-METHOXYPHENYL)PROPIONIC ACID, 98%",COC1=CC=C(C=C1)CCC(=O)O,0.2,N4_Scaffold 6,CCNC[C@@]1(C)C2[C@](C)(CCC1)c3c(CC2)cc(C(C)C)c(c3)N,0.1,,CCNC[C@]1(C)CCC[C@]2(C)c3cc(NCCCc4ccc(OC)cc4)c(C(C)C)cc3CCC12,"C1_PLATINUM-1,3-DIVINYL-1,1,3,3-TETRAMETHYLDISILOXANE COMPLEX, IN XYLENES",C=C[Si](C)(C)O[Si](C)(C)C=C.[Pt],0.15,L1_Davephos,CN(C)c1ccccc1-c1ccccc1P(C1CCCCC1)C1CCCCC1,0.005,None,None,None,None,None,None,None,None,None,O1_phenylsilane,C1=CC=C(C=C1)[Si]ÔøΩÔøΩ,0.6,None,None,None,None,None,None,none,100,none,0,UPLCMS,D37,1249976.727,2707404.936,0,0,857806.618,741447.8857,0,0,0,7.4,27.1,78.5,-7.6,-0.1,0
yk-1536-4-make-product,1536,80,,1536,D,38,"E56_CIS-3-CARBOMETHOXYCYCLOHEXANE-1-CARBOXYLIC ACID, 97%",COC(=O)C1CCCC(C1)C(=O)O,0.2,N4_Scaffold 6,CCNC[C@@]1(C)C2[C@](C)(CCC1)c3c(CC2)cc(C(C)C)c(c3)N,0.1,,CCNC[C@]1(C)CCC[C@]2(C)c3cc(NCC4CCCC(C(=O)OC)C4)c(C(C)C)cc3CCC12,"C1_PLATINUM-1,3-DIVINYL-1,1,3,3-TETRAMETHYLDISILOXANE COMPLEX, IN XYLENES",C=C[Si](C)(C)O[Si](C)(C)C=C.[Pt],0.15,L1_Davephos,CN(C)c1ccccc1-c1ccccc1P(C1CCCCC1)C1CCCCC1,0.005,None,None,None,None,None,None,None,None,None,O1_phenylsilane,C1=CC=C(C=C1)[Si]ÔøΩÔøΩ,0.6,None,None,None,None,None,None,none,100,none,0,UPLCMS,D38,175418.3673,376128.3571,0,0,1278663.55,1173472.647,44765.21255,0,0,11.7,3.8,24.3,-3.5,-0.14,0
yk-1536-4-make-product,1536,80,,1536,D,39,"E99_5-CHLOROBENZOFURAN-2-CARBOXYLIC ACID, 97%",C1=CC2=C(C=C1Cl)C=C(O2)C(=O)O,0.2,N4_Scaffold 6,CCNC[C@@]1(C)C2[C@](C)(CCC1)c3c(CC2)cc(C(C)C)c(c3)N,0.1,,CCNC[C@]1(C)CCC[C@]2(C)c3cc(NCc4cc5cc(Cl)ccc5o4)c(C(C)C)cc3CCC12,"C1_PLATINUM-1,3-DIVINYL-1,1,3,3-TETRAMETHYLDISILOXANE COMPLEX, IN XYLENES",C=C[Si](C)(C)O[Si](C)(C)C=C.[Pt],0.15,L1_Davephos,CN(C)c1ccccc1-c1ccccc1P(C1CCCCC1)C1CCCCC1,0.005,None,None,None,None,None,None,None,None,None,O1_phenylsilane,C1=CC=C(C=C1)[Si]ÔøΩÔøΩ,0.6,None,None,None,None,None,None,none,100,none,0,UPLCMS,D39,422567.1424,844477.2067,0,0,2118906.683,1938469.127,539257.3329,0,0,19.4,8.4,30.3,3.2,0.11,0
yk-1536-4-make-product,1536,80,,1536,D,40,E146_2-(4-chlorophenyl)propanoic acid,CC(C1=CC=C(C=C1)Cl)C(=O)O,0.2,N4_Scaffold 6,CCNC[C@@]1(C)C2[C@](C)(CCC1)c3c(CC2)cc(C(C)C)c(c3)N,0.1,,CCNC[C@]1(C)CCC[C@]2(C)c3cc(NCC(C)c4ccc(Cl)cc4)c(C(C)C)cc3CCC12,"C1_PLATINUM-1,3-DIVINYL-1,1,3,3-TETRAMETHYLDISILOXANE COMPLEX, IN XYLENES",C=C[Si](C)(C)O[Si](C)(C)C=C.[Pt],0.15,L1_Davephos,CN(C)c1ccccc1-c1ccccc1P(C1CCCCC1)C1CCCCC1,0.005,None,None,None,None,None,None,None,None,None,O1_phenylsilane,C1=CC=C(C=C1)[Si]ÔøΩÔøΩ,0.6,None,None,None,None,None,None,none,100,none,0,UPLCMS,D40,1173.6132,0,0,0,1069010.566,1080324.238,0,0,0,10.8,0,0,-6,0,0
yk-1536-4-make-product,1536,80,,1536,D,41,E185_3-hydroxy-4-methylbenzoic acid,CC1=C(C=C(C=C1)C(=O)O)O,0.2,N4_Scaffold 6,CCNC[C@@]1(C)C2[C@](C)(CCC1)c3c(CC2)cc(C(C)C)c(c3)N,0.1,,CCNC[C@]1(C)CCC[C@]2(C)c3cc(NCc4ccc(C)c(O)c4)c(C(C)C)cc3CCC12,"C1_PLATINUM-1,3-DIVINYL-1,1,3,3-TETRAMETHYLDISILOXANE COMPLEX, IN XYLENES",C=C[Si](C)(C)O[Si](C)(C)C=C.[Pt],0.15,L1_Davephos,CN(C)c1ccccc1-c1ccccc1P(C1CCCCC1)C1CCCCC1,0.005,None,None,None,None,None,None,None,None,None,O1_phenylsilane,C1=CC=C(C=C1)[Si]ÔøΩÔøΩ,0.6,None,None,None,None,None,None,none,100,none,0,UPLCMS,D41,132370.0282,166053.7306,0,0,2571276.041,2204598.842,0,0,0,22,1.7,7,-20.5,-2.92,0
yk-1536-4-make-product,1536,80,,1536,D,42,E230_6-methoxynaphthalene-2-carboxylic acid,COC1=CC2=C(C=C1)C=C(C=C2)C(=O)O,0.2,N4_Scaffold 6,CCNC[C@@]1(C)C2[C@](C)(CCC1)c3c(CC2)cc(C(C)C)c(c3)N,0.1,,CCNC[C@]1(C)CCC[C@]2(C)c3cc(NCc4ccc5cc(OC)ccc5c4)c(C(C)C)cc3CCC12,"C1_PLATINUM-1,3-DIVINYL-1,1,3,3-TETRAMETHYLDISILOXANE COMPLEX, IN XYLENES",C=C[Si](C)(C)O[Si](C)(C)C=C.[Pt],0.15,L1_Davephos,CN(C)c1ccccc1-c1ccccc1P(C1CCCCC1)C1CCCCC1,0.005,None,None,None,None,None,None,None,None,None,O1_phenylsilane,C1=CC=C(C=C1)[Si]ÔøΩÔøΩ,0.6,None,None,None,None,None,None,none,100,none,0,UPLCMS,D42,371103.8858,437581.4231,0,0,2347546.692,2211107.909,0,0,0,22.1,4.4,16.5,1.9,0.11,0
yk-1536-4-make-product,1536,80,,1536,D,43,E284_2-Hydroxy-2-(4-methylphenyl)acetic acid,Cc1ccc(C(O)C(=O)O)cc1,0.2,N4_Scaffold 6,CCNC[C@@]1(C)C2[C@](C)(CCC1)c3c(CC2)cc(C(C)C)c(c3)N,0.1,,CCNC[C@]1(C)CCC[C@]2(C)c3cc(NCC(O)c4ccc(C)cc4)c(C(C)C)cc3CCC12,"C1_PLATINUM-1,3-DIVINYL-1,1,3,3-TETRAMETHYLDISILOXANE COMPLEX, IN XYLENES",C=C[Si](C)(C)O[Si](C)(C)C=C.[Pt],0.15,L1_Davephos,CN(C)c1ccccc1-c1ccccc1P(C1CCCCC1)C1CCCCC1,0.005,None,None,None,None,None,None,None,None,None,O1_phenylsilane,C1=CC=C(C=C1)[Si]ÔøΩÔøΩ,0.6,None,None,None,None,None,None,none,100,none,0,UPLCMS,D43,139317.5813,1169621.783,0,0,2579456.362,2460299.034,0,0,0,24.6,11.7,32.2,-9.8,-0.3,0
yk-1536-4-make-product,1536,80,,1536,D,44,"E15_4-METHYLVALERIC ACID, 99%",CC(C)CCC(=O)O,0.2,N4_Scaffold 6,CCNC[C@@]1(C)C2[C@](C)(CCC1)c3c(CC2)cc(C(C)C)c(c3)N,0.1,,CCNC[C@]1(C)CCC[C@]2(C)c3cc(NCCCC(C)C)c(C(C)C)cc3CCC12,"C1_PLATINUM-1,3-DIVINYL-1,1,3,3-TETRAMETHYLDISILOXANE COMPLEX, IN XYLENES",C=C[Si](C)(C)O[Si](C)(C)C=C.[Pt],0.15,L1_Davephos,CN(C)c1ccccc1-c1ccccc1P(C1CCCCC1)C1CCCCC1,0.005,None,None,None,None,None,None,None,None,None,O1_phenylsilane,C1=CC=C(C=C1)[Si]ÔøΩÔøΩ,0.6,None,None,None,None,None,None,none,100,none,0,UPLCMS,D44,114548.2798,550274.7063,0,0,331531.5478,203127.2513,0,0,0,2,5.5,73.3,-15,-0.2,0
yk-1536-4-make-product,1536,80,,1536,D,45,E109_(1S)-cyclohex-3-ene-1-carboxylic acid,C1CC(CC=C1)C(=O)O,0.2,N4_Scaffold 6,CCNC[C@@]1(C)C2[C@](C)(CCC1)c3c(CC2)cc(C(C)C)c(c3)N,0.1,,CCNC[C@]1(C)CCC[C@]2(C)c3cc(NCC4CC=CCC4)c(C(C)C)cc3CCC12,"C1_PLATINUM-1,3-DIVINYL-1,1,3,3-TETRAMETHYLDISILOXANE COMPLEX, IN XYLENES",C=C[Si](C)(C)O[Si](C)(C)C=C.[Pt],0.15,L1_Davephos,CN(C)c1ccccc1-c1ccccc1P(C1CCCCC1)C1CCCCC1,0.005,None,None,None,None,None,None,None,None,None,O1_phenylsilane,C1=CC=C(C=C1)[Si]ÔøΩÔøΩ,0.6,None,None,None,None,None,None,none,100,none,0,UPLCMS,D45,81986.35352,320290.5402,0,0,293135.7725,179949.2955,0,0,0,1.8,3.2,64,-1.9,-0.03,0
yk-1536-4-make-product,1536,80,,1536,D,46,"E241_2,4-dioxo-1H-pyrimidine-6-carboxylic acid",C1=C(NC(=O)NC1=O)C(=O)O,0.2,N4_Scaffold 6,CCNC[C@@]1(C)C2[C@](C)(CCC1)c3c(CC2)cc(C(C)C)c(c3)N,0.1,,CCNC[C@]1(C)CCC[C@]2(C)c3cc(NCc4cc(=O)[nH]c(=O)[nH]4)c(C(C)C)cc3CCC12,"C1_PLATINUM-1,3-DIVINYL-1,1,3,3-TETRAMETHYLDISILOXANE COMPLEX, IN XYLENES",C=C[Si](C)(C)O[Si](C)(C)C=C.[Pt],0.15,L1_Davephos,CN(C)c1ccccc1-c1ccccc1P(C1CCCCC1)C1CCCCC1,0.005,None,None,None,None,None,None,None,None,None,O1_phenylsilane,C1=CC=C(C=C1)[Si]ÔøΩÔøΩ,0.6,None,None,None,None,None,None,none,100,none,0,UPLCMS,D46,3598.3053,0,0,0,824221.7835,848952.8483,0,0,0,8.5,0,0,-8.8,0,0
yk-1536-4-make-product,1536,80,,1536,D,47,E324_Blank4,O=CO,0.2,N4_Scaffold 6,CCNC[C@@]1(C)C2[C@](C)(CCC1)c3c(CC2)cc(C(C)C)c(c3)N,0.1,MainProduct[473],CCNC[C@@]1(C)C2[C@](C)(CCC1)c3c(CC2)cc(C(C)C)c(c3)N,"C1_PLATINUM-1,3-DIVINYL-1,1,3,3-TETRAMETHYLDISILOXANE COMPLEX, IN XYLENES",C=C[Si](C)(C)O[Si](C)(C)C=C.[Pt],0.15,L1_Davephos,CN(C)c1ccccc1-c1ccccc1P(C1CCCCC1)C1CCCCC1,0.005,None,None,None,None,None,None,None,None,None,O1_phenylsilane,C1=CC=C(C=C1)[Si]ÔøΩÔøΩ,0.6,None,None,None,None,None,None,none,100,none,0,UPLCMS,D47,0,831357.6592,0,0,0,0,773687.1399,0,0,0,8.3,100,0,0,0
yk-1536-4-make-product,1536,80,,1536,D,48,E356_Blank36,O=CO,0.2,N4_Scaffold 6,CCNC[C@@]1(C)C2[C@](C)(CCC1)c3c(CC2)cc(C(C)C)c(c3)N,0.1,MainProduct[474],CCNC[C@@]1(C)C2[C@](C)(CCC1)c3c(CC2)cc(C(C)C)c(c3)N,"C1_PLATINUM-1,3-DIVINYL-1,1,3,3-TETRAMETHYLDISILOXANE COMPLEX, IN XYLENES",C=C[Si](C)(C)O[Si](C)(C)C=C.[Pt],0.15,L1_Davephos,CN(C)c1ccccc1-c1ccccc1P(C1CCCCC1)C1CCCCC1,0.005,None,None,None,None,None,None,None,None,None,O1_phenylsilane,C1=CC=C(C=C1)[Si]ÔøΩÔøΩ,0.6,None,None,None,None,None,None,none,100,none,0,UPLCMS,D48,0,0,0,0,0,0,0,0,0,0,0,0,0,0,0
yk-1536-4-make-product,1536,80,,1536,E,1,"E6_3-(METHOXYCARBONYL)BENZOIC ACID, 98%",COC(=O)C1=CC=CC(=C1)C(=O)O,0.2,N1_(+)-Dehydroabietylamine,CC(C)c1ccc2c(c1)CC[C@H]1[C@](C)(CN)CCC[C@]21C,0.1,,COC(=O)c1cccc(CNC[C@]2(C)CCC[C@]3(C)c4ccc(C(C)C)cc4CC[C@@H]23)c1,"C1_PLATINUM-1,3-DIVINYL-1,1,3,3-TETRAMETHYLDISILOXANE COMPLEX, IN XYLENES",C=C[Si](C)(C)O[Si](C)(C)C=C.[Pt],0.15,L1_Davephos,CN(C)c1ccccc1-c1ccccc1P(C1CCCCC1)C1CCCCC1,0.005,None,None,None,None,None,None,None,None,None,O1_phenylsilane,C1=CC=C(C=C1)[Si]ÔøΩÔøΩ,0.6,None,None,None,None,None,None,none,100,none,0,UPLCMS,E1,677437.3167,2403472.398,,,,,2100279.65,,,52.59,24,31.4,99.1,3.16,-6.84
yk-1536-4-make-product,1536,80,,1536,E,2,"E57_4-CHLOROBENZOIC ACID, 99%",C1=CC(=CC=C1C(=O)O)Cl,0.2,N1_(+)-Dehydroabietylamine,CC(C)c1ccc2c(c1)CC[C@H]1[C@](C)(CN)CCC[C@]21C,0.1,,CC(C)c1ccc2c(c1)CC[C@H]1[C@](C)(CNCc3ccc(Cl)cc3)CCC[C@]21C,"C1_PLATINUM-1,3-DIVINYL-1,1,3,3-TETRAMETHYLDISILOXANE COMPLEX, IN XYLENES",C=C[Si](C)(C)O[Si](C)(C)C=C.[Pt],0.15,L1_Davephos,CN(C)c1ccccc1-c1ccccc1P(C1CCCCC1)C1CCCCC1,0.005,None,None,None,None,None,None,None,None,None,O1_phenylsilane,C1=CC=C(C=C1)[Si]ÔøΩÔøΩ,0.6,None,None,None,None,None,None,none,100,none,0,UPLCMS,E2,2405042.157,2042183.472,,,,,0,,,22.12,20.4,48,7.7,0.16,0
yk-1536-4-make-product,1536,80,,1536,E,3,"E101_(-)-CAMPHANIC ACID, 98.0+%",CC1(C2(CCC1(OC2=O)C(=O)O)C)C,0.2,N1_(+)-Dehydroabietylamine,CC(C)c1ccc2c(c1)CC[C@H]1[C@](C)(CN)CCC[C@]21C,0.1,,CC(C)c1ccc2c(c1)CC[C@H]1[C@](C)(CNCC3(C)CCC(C(=O)O)C3(C)C)CCC[C@]21C,"C1_PLATINUM-1,3-DIVINYL-1,1,3,3-TETRAMETHYLDISILOXANE COMPLEX, IN XYLENES",C=C[Si](C)(C)O[Si](C)(C)C=C.[Pt],0.15,L1_Davephos,CN(C)c1ccccc1-c1ccccc1P(C1CCCCC1)C1CCCCC1,0.005,None,None,None,None,None,None,None,None,None,O1_phenylsilane,C1=CC=C(C=C1)[Si]ÔøΩÔøΩ,0.6,None,None,None,None,None,None,none,100,none,0,UPLCMS,E3,1376422.346,771245,,,,,0,,,29.65,7.7,20.6,51.4,2.5,0
yk-1536-4-make-product,1536,80,,1536,E,4,E147_2-(2-cyanophenyl)acetic acid,C1=CC=C(C(=C1)CC(=O)O)C#N,0.2,N1_(+)-Dehydroabietylamine,CC(C)c1ccc2c(c1)CC[C@H]1[C@](C)(CN)CCC[C@]21C,0.1,MainProduct[513],CC(C)c1ccc2c(c1)CC[C@H]1[C@](C)(CNCCc3ccccc3C#N)CCC[C@]21C,"C1_PLATINUM-1,3-DIVINYL-1,1,3,3-TETRAMETHYLDISILOXANE COMPLEX, IN XYLENES",C=C[Si](C)(C)O[Si](C)(C)C=C.[Pt],0.15,L1_Davephos,CN(C)c1ccccc1-c1ccccc1P(C1CCCCC1)C1CCCCC1,0.005,None,None,None,None,None,None,None,None,None,O1_phenylsilane,C1=CC=C(C=C1)[Si]ÔøΩÔøΩ,0.6,None,None,None,None,None,None,none,100,none,0,UPLCMS,E4,1988711.378,1751193.19,,,,,0,,,10.39,17.5,62.8,33.3,0.53,0
yk-1536-4-make-product,1536,80,,1536,E,5,E187_2-benzamidoacetic acid,C1=CC=C(C=C1)C(=O)NCC(=O)O,0.2,N1_(+)-Dehydroabietylamine,CC(C)c1ccc2c(c1)CC[C@H]1[C@](C)(CN)CCC[C@]21C,0.1,,CC(C)c1ccc2c(c1)CC[C@H]1[C@](C)(CNCCNC(=O)c3ccccc3)CCC[C@]21C,"C1_PLATINUM-1,3-DIVINYL-1,1,3,3-TETRAMETHYLDISILOXANE COMPLEX, IN XYLENES",C=C[Si](C)(C)O[Si](C)(C)C=C.[Pt],0.15,L1_Davephos,CN(C)c1ccccc1-c1ccccc1P(C1CCCCC1)C1CCCCC1,0.005,None,None,None,None,None,None,None,None,None,O1_phenylsilane,C1=CC=C(C=C1)[Si]ÔøΩÔøΩ,0.6,None,None,None,None,None,None,none,100,none,0,UPLCMS,E5,1648332.283,1525965.999,,,,,222326.6364,,,11.23,15.3,57.6,0.7,0.01,0
yk-1536-4-make-product,1536,80,,1536,E,6,E231_2-(1-methylpyrazol-4-yl)acetic acid,CN1C=C(C=N1)CC(=O)O,0.2,N1_(+)-Dehydroabietylamine,CC(C)c1ccc2c(c1)CC[C@H]1[C@](C)(CN)CCC[C@]21C,0.1,,CC(C)c1ccc2c(c1)CC[C@H]1[C@](C)(CNCCc3cnn(C)c3)CCC[C@]21C,"C1_PLATINUM-1,3-DIVINYL-1,1,3,3-TETRAMETHYLDISILOXANE COMPLEX, IN XYLENES",C=C[Si](C)(C)O[Si](C)(C)C=C.[Pt],0.15,L1_Davephos,CN(C)c1ccccc1-c1ccccc1P(C1CCCCC1)C1CCCCC1,0.005,None,None,None,None,None,None,None,None,None,O1_phenylsilane,C1=CC=C(C=C1)[Si]ÔøΩÔøΩ,0.6,None,None,None,None,None,None,none,100,none,0,UPLCMS,E6,1858490.714,2214664.331,,,,,0,,,10.04,22.1,68.8,28.2,0.41,0
yk-1536-4-make-product,1536,80,,1536,E,7,E285_4-(Dimethylcarbamoyl)benzoic acid,CN(C)C(=O)C1=CC=C(C=C1)C(=O)O,0.2,N1_(+)-Dehydroabietylamine,CC(C)c1ccc2c(c1)CC[C@H]1[C@](C)(CN)CCC[C@]21C,0.1,,CC(C)c1ccc2c(c1)CC[C@H]1[C@](C)(CNCc3ccc(C(=O)N(C)C)cc3)CCC[C@]21C,"C1_PLATINUM-1,3-DIVINYL-1,1,3,3-TETRAMETHYLDISILOXANE COMPLEX, IN XYLENES",C=C[Si](C)(C)O[Si](C)(C)C=C.[Pt],0.15,L1_Davephos,CN(C)c1ccccc1-c1ccccc1P(C1CCCCC1)C1CCCCC1,0.005,None,None,None,None,None,None,None,None,None,O1_phenylsilane,C1=CC=C(C=C1)[Si]ÔøΩÔøΩ,0.6,None,None,None,None,None,None,none,100,none,0,UPLCMS,E7,1831111.347,2556266.482,,,,,0,,,27.24,25.6,48.4,69.2,1.43,0
yk-1536-4-make-product,1536,80,,1536,E,8,"E18_2-HYDROXYISOBUTYRIC ACID, 99%",CC(C)(C(=O)O)O,0.2,N1_(+)-Dehydroabietylamine,CC(C)c1ccc2c(c1)CC[C@H]1[C@](C)(CN)CCC[C@]21C,0.1,,CC(C)c1ccc2c(c1)CC[C@H]1[C@](C)(CNCC(C)(C)O)CCC[C@]21C,"C1_PLATINUM-1,3-DIVINYL-1,1,3,3-TETRAMETHYLDISILOXANE COMPLEX, IN XYLENES",C=C[Si](C)(C)O[Si](C)(C)C=C.[Pt],0.15,L1_Davephos,CN(C)c1ccccc1-c1ccccc1P(C1CCCCC1)C1CCCCC1,0.005,None,None,None,None,None,None,None,None,None,O1_phenylsilane,C1=CC=C(C=C1)[Si]ÔøΩÔøΩ,0.6,None,None,None,None,None,None,none,100,none,0,UPLCMS,E8,219454.9275,879072.1975,,,,,0,,,21.37,8.8,29.1,-34,-1.17,0
yk-1536-4-make-product,1536,80,,1536,E,9,E112_DIFLUOROACETIC ACID,C(C(=O)O)(F)F,0.2,N1_(+)-Dehydroabietylamine,CC(C)c1ccc2c(c1)CC[C@H]1[C@](C)(CN)CCC[C@]21C,0.1,,CC(C)c1ccc2c(c1)CC[C@H]1[C@](C)(CNCC(F)F)CCC[C@]21C,"C1_PLATINUM-1,3-DIVINYL-1,1,3,3-TETRAMETHYLDISILOXANE COMPLEX, IN XYLENES",C=C[Si](C)(C)O[Si](C)(C)C=C.[Pt],0.15,L1_Davephos,CN(C)c1ccccc1-c1ccccc1P(C1CCCCC1)C1CCCCC1,0.005,None,None,None,None,None,None,None,None,None,O1_phenylsilane,C1=CC=C(C=C1)[Si]ÔøΩÔøΩ,0.6,None,None,None,None,None,None,none,100,none,0,UPLCMS,E9,1706570.644,1714948.043,,,,,0,,,5.85,17.1,74.6,-17.9,-0.24,0
yk-1536-4-make-product,1536,80,,1536,E,10,E243_2-methylbenzoic acid,CC1=CC=CC=C1C(=O)O,0.2,N1_(+)-Dehydroabietylamine,CC(C)c1ccc2c(c1)CC[C@H]1[C@](C)(CN)CCC[C@]21C,0.1,,Cc1ccccc1CNC[C@]1(C)CCC[C@]2(C)c3ccc(C(C)C)cc3CC[C@@H]12,"C1_PLATINUM-1,3-DIVINYL-1,1,3,3-TETRAMETHYLDISILOXANE COMPLEX, IN XYLENES",C=C[Si](C)(C)O[Si](C)(C)C=C.[Pt],0.15,L1_Davephos,CN(C)c1ccccc1-c1ccccc1P(C1CCCCC1)C1CCCCC1,0.005,None,None,None,None,None,None,None,None,None,O1_phenylsilane,C1=CC=C(C=C1)[Si]ÔøΩÔøΩ,0.6,None,None,None,None,None,None,none,100,none,0,UPLCMS,E10,1782714.731,1137520.209,,,,,0,,,19.35,11.4,37,-27.9,-0.75,0
yk-1536-4-make-product,1536,80,,1536,E,11,E325_Blank5,O=CO,0.2,N1_(+)-Dehydroabietylamine,CC(C)c1ccc2c(c1)CC[C@H]1[C@](C)(CN)CCC[C@]21C,0.1,MainProduct[482],CC(C)c1ccc2c(c1)CC[C@H]1[C@](C)(CN)CCC[C@]21C,"C1_PLATINUM-1,3-DIVINYL-1,1,3,3-TETRAMETHYLDISILOXANE COMPLEX, IN XYLENES",C=C[Si](C)(C)O[Si](C)(C)C=C.[Pt],0.15,L1_Davephos,CN(C)c1ccccc1-c1ccccc1P(C1CCCCC1)C1CCCCC1,0.005,None,None,None,None,None,None,None,None,None,O1_phenylsilane,C1=CC=C(C=C1)[Si]ÔøΩÔøΩ,0.6,None,None,None,None,None,None,none,100,none,0,UPLCMS,E11,0,1732847.651,,,,,1947324.46,,,0,17.3,100,0,0,0
yk-1536-4-make-product,1536,80,,1536,E,12,E357_Blank37,O=CO,0.2,N1_(+)-Dehydroabietylamine,CC(C)c1ccc2c(c1)CC[C@H]1[C@](C)(CN)CCC[C@]21C,0.1,MainProduct[483],CC(C)c1ccc2c(c1)CC[C@H]1[C@](C)(CN)CCC[C@]21C,"C1_PLATINUM-1,3-DIVINYL-1,1,3,3-TETRAMETHYLDISILOXANE COMPLEX, IN XYLENES",C=C[Si](C)(C)O[Si](C)(C)C=C.[Pt],0.15,L1_Davephos,CN(C)c1ccccc1-c1ccccc1P(C1CCCCC1)C1CCCCC1,0.005,None,None,None,None,None,None,None,None,None,O1_phenylsilane,C1=CC=C(C=C1)[Si]ÔøΩÔøΩ,0.6,None,None,None,None,None,None,none,100,none,0,UPLCMS,E12,0,0,,,,,0,,,0,0,0,0,0,0
yk-1536-4-make-product,1536,80,,1536,E,13,"E6_3-(METHOXYCARBONYL)BENZOIC ACID, 98%",COC(=O)C1=CC=CC(=C1)C(=O)O,0.2,N2_hydroxydehydroabietylamine,CC(C)C(C(O)=C1)=CC2=C1[C@]3(C)C(CC2)[C@](C)(CN)CCC3,0.1,MainProduct[484],COC(=O)c1cc(ccc1)CNC[C@@]2(C)C3[C@](C)(CCC2)c4c(CC3)cc(C(C)C)c(c4)O,"C1_PLATINUM-1,3-DIVINYL-1,1,3,3-TETRAMETHYLDISILOXANE COMPLEX, IN XYLENES",C=C[Si](C)(C)O[Si](C)(C)C=C.[Pt],0.15,L1_Davephos,CN(C)c1ccccc1-c1ccccc1P(C1CCCCC1)C1CCCCC1,0.005,None,None,None,None,None,None,None,None,None,O1_phenylsilane,C1=CC=C(C=C1)[Si]ÔøΩÔøΩ,0.6,None,None,None,None,None,None,none,100,none,0,UPLCMS,E13,122884.2084,2267958,,,,,0,,,21.85,22.7,50.9,26,0.51,0
yk-1536-4-make-product,1536,80,,1536,E,14,"E57_4-CHLOROBENZOIC ACID, 99%",C1=CC(=CC=C1C(=O)O)Cl,0.2,N2_hydroxydehydroabietylamine,CC(C)C(C(O)=C1)=CC2=C1[C@]3(C)C(CC2)[C@](C)(CN)CCC3,0.1,,CC(C)c1cc2c(cc1O)[C@@]1(C)CCC[C@@](C)(CNCc3ccc(Cl)cc3)C1CC2,"C1_PLATINUM-1,3-DIVINYL-1,1,3,3-TETRAMETHYLDISILOXANE COMPLEX, IN XYLENES",C=C[Si](C)(C)O[Si](C)(C)C=C.[Pt],0.15,L1_Davephos,CN(C)c1ccccc1-c1ccccc1P(C1CCCCC1)C1CCCCC1,0.005,None,None,None,None,None,None,None,None,None,O1_phenylsilane,C1=CC=C(C=C1)[Si]ÔøΩÔøΩ,0.6,None,None,None,None,None,None,none,100,none,0,UPLCMS,E14,1230228.543,1209665.7,,,,,0,,,0.88,12.1,93.2,-27.1,-0.29,0
yk-1536-4-make-product,1536,80,,1536,E,15,"E101_(-)-CAMPHANIC ACID, 98.0+%",CC1(C2(CCC1(OC2=O)C(=O)O)C)C,0.2,N2_hydroxydehydroabietylamine,CC(C)C(C(O)=C1)=CC2=C1[C@]3(C)C(CC2)[C@](C)(CN)CCC3,0.1,,CC(C)c1cc2c(cc1O)[C@@]1(C)CCC[C@@](C)(CNCC34CCC(C)(C(=O)O3)C4(C)C)C1CC2,"C1_PLATINUM-1,3-DIVINYL-1,1,3,3-TETRAMETHYLDISILOXANE COMPLEX, IN XYLENES",C=C[Si](C)(C)O[Si](C)(C)C=C.[Pt],0.15,L1_Davephos,CN(C)c1ccccc1-c1ccccc1P(C1CCCCC1)C1CCCCC1,0.005,None,None,None,None,None,None,None,None,None,O1_phenylsilane,C1=CC=C(C=C1)[Si]ÔøΩÔøΩ,0.6,None,None,None,None,None,None,none,100,none,0,UPLCMS,E15,1909867.742,1999610.71,,,,,0,,,0,20,100,-34,-0.34,0
yk-1536-4-make-product,1536,80,,1536,E,16,E147_2-(2-cyanophenyl)acetic acid,C1=CC=C(C(=C1)CC(=O)O)C#N,0.2,N2_hydroxydehydroabietylamine,CC(C)C(C(O)=C1)=CC2=C1[C@]3(C)C(CC2)[C@](C)(CN)CCC3,0.1,,CC(C)c1cc2c(cc1O)[C@@]1(C)CCC[C@@](C)(CNCCc3ccccc3C#N)C1CC2,"C1_PLATINUM-1,3-DIVINYL-1,1,3,3-TETRAMETHYLDISILOXANE COMPLEX, IN XYLENES",C=C[Si](C)(C)O[Si](C)(C)C=C.[Pt],0.15,L1_Davephos,CN(C)c1ccccc1-c1ccccc1P(C1CCCCC1)C1CCCCC1,0.005,None,None,None,None,None,None,None,None,None,O1_phenylsilane,C1=CC=C(C=C1)[Si]ÔøΩÔøΩ,0.6,None,None,None,None,None,None,none,100,none,0,UPLCMS,E16,456069.3879,848543.6514,,,,,0,,,0,8.5,100,-47.6,-0.48,0
yk-1536-4-make-product,1536,80,,1536,E,17,E187_2-benzamidoacetic acid,C1=CC=C(C=C1)C(=O)NCC(=O)O,0.2,N2_hydroxydehydroabietylamine,CC(C)C(C(O)=C1)=CC2=C1[C@]3(C)C(CC2)[C@](C)(CN)CCC3,0.1,,CC(C)c1cc2c(cc1O)[C@@]1(C)CCC[C@@](C)(CNCCNC(=O)c3ccccc3)C1CC2,"C1_PLATINUM-1,3-DIVINYL-1,1,3,3-TETRAMETHYLDISILOXANE COMPLEX, IN XYLENES",C=C[Si](C)(C)O[Si](C)(C)C=C.[Pt],0.15,L1_Davephos,CN(C)c1ccccc1-c1ccccc1P(C1CCCCC1)C1CCCCC1,0.005,None,None,None,None,None,None,None,None,None,O1_phenylsilane,C1=CC=C(C=C1)[Si]ÔøΩÔøΩ,0.6,None,None,None,None,None,None,none,100,none,0,UPLCMS,E17,495290.1493,409081.4522,,,,,0,,,0,4.1,100,-35.5,-0.36,0
yk-1536-4-make-product,1536,80,,1536,E,18,E231_2-(1-methylpyrazol-4-yl)acetic acid,CN1C=C(C=N1)CC(=O)O,0.2,N2_hydroxydehydroabietylamine,CC(C)C(C(O)=C1)=CC2=C1[C@]3(C)C(CC2)[C@](C)(CN)CCC3,0.1,,CC(C)c1cc2c(cc1O)[C@@]1(C)CCC[C@@](C)(CNCCc3cnn(C)c3)C1CC2,"C1_PLATINUM-1,3-DIVINYL-1,1,3,3-TETRAMETHYLDISILOXANE COMPLEX, IN XYLENES",C=C[Si](C)(C)O[Si](C)(C)C=C.[Pt],0.15,L1_Davephos,CN(C)c1ccccc1-c1ccccc1P(C1CCCCC1)C1CCCCC1,0.005,None,None,None,None,None,None,None,None,None,O1_phenylsilane,C1=CC=C(C=C1)[Si]ÔøΩÔøΩ,0.6,None,None,None,None,None,None,none,100,none,0,UPLCMS,E18,135938.5198,141359.3574,,,,,0,,,0,1.4,100,-29.2,-0.29,0
yk-1536-4-make-product,1536,80,,1536,E,19,E285_4-(Dimethylcarbamoyl)benzoic acid,CN(C)C(=O)C1=CC=C(C=C1)C(=O)O,0.2,N2_hydroxydehydroabietylamine,CC(C)C(C(O)=C1)=CC2=C1[C@]3(C)C(CC2)[C@](C)(CN)CCC3,0.1,,CC(C)c1cc2c(cc1O)[C@@]1(C)CCC[C@@](C)(CNCc3ccc(C(=O)N(C)C)cc3)C1CC2,"C1_PLATINUM-1,3-DIVINYL-1,1,3,3-TETRAMETHYLDISILOXANE COMPLEX, IN XYLENES",C=C[Si](C)(C)O[Si](C)(C)C=C.[Pt],0.15,L1_Davephos,CN(C)c1ccccc1-c1ccccc1P(C1CCCCC1)C1CCCCC1,0.005,None,None,None,None,None,None,None,None,None,O1_phenylsilane,C1=CC=C(C=C1)[Si]ÔøΩÔøΩ,0.6,None,None,None,None,None,None,none,100,none,0,UPLCMS,E19,376104.3874,411195,,,,,0,,,4.27,4.1,49.1,-57.6,-1.17,0
yk-1536-4-make-product,1536,80,,1536,E,20,"E18_2-HYDROXYISOBUTYRIC ACID, 99%",CC(C)(C(=O)O)O,0.2,N2_hydroxydehydroabietylamine,CC(C)C(C(O)=C1)=CC2=C1[C@]3(C)C(CC2)[C@](C)(CN)CCC3,0.1,,CC(C)c1cc2c(cc1O)[C@@]1(C)CCC[C@@](C)(CNCC(C)(C)O)C1CC2,"C1_PLATINUM-1,3-DIVINYL-1,1,3,3-TETRAMETHYLDISILOXANE COMPLEX, IN XYLENES",C=C[Si](C)(C)O[Si](C)(C)C=C.[Pt],0.15,L1_Davephos,CN(C)c1ccccc1-c1ccccc1P(C1CCCCC1)C1CCCCC1,0.005,None,None,None,None,None,None,None,None,None,O1_phenylsilane,C1=CC=C(C=C1)[Si]ÔøΩÔøΩ,0.6,None,None,None,None,None,None,none,100,none,0,UPLCMS,E20,2152.63098,0,,,,,0,,,0,0,0,-12.5,0,0
yk-1536-4-make-product,1536,80,,1536,E,21,E112_DIFLUOROACETIC ACID,C(C(=O)O)(F)F,0.2,N2_hydroxydehydroabietylamine,CC(C)C(C(O)=C1)=CC2=C1[C@]3(C)C(CC2)[C@](C)(CN)CCC3,0.1,,CC(C)c1cc2c(cc1O)[C@@]1(C)CCC[C@@](C)(CNCC(F)F)C1CC2,"C1_PLATINUM-1,3-DIVINYL-1,1,3,3-TETRAMETHYLDISILOXANE COMPLEX, IN XYLENES",C=C[Si](C)(C)O[Si](C)(C)C=C.[Pt],0.15,L1_Davephos,CN(C)c1ccccc1-c1ccccc1P(C1CCCCC1)C1CCCCC1,0.005,None,None,None,None,None,None,None,None,None,O1_phenylsilane,C1=CC=C(C=C1)[Si]ÔøΩÔøΩ,0.6,None,None,None,None,None,None,none,100,none,0,UPLCMS,E21,604522.3739,1005955.144,,,,,0,,,2.78,10.1,78.3,-23,-0.29,0
yk-1536-4-make-product,1536,80,,1536,E,22,E243_2-methylbenzoic acid,CC1=CC=CC=C1C(=O)O,0.2,N2_hydroxydehydroabietylamine,CC(C)C(C(O)=C1)=CC2=C1[C@]3(C)C(CC2)[C@](C)(CN)CCC3,0.1,,Cc1ccccc1CNC[C@]1(C)CCC[C@]2(C)c3cc(O)c(C(C)C)cc3CCC12,"C1_PLATINUM-1,3-DIVINYL-1,1,3,3-TETRAMETHYLDISILOXANE COMPLEX, IN XYLENES",C=C[Si](C)(C)O[Si](C)(C)C=C.[Pt],0.15,L1_Davephos,CN(C)c1ccccc1-c1ccccc1P(C1CCCCC1)C1CCCCC1,0.005,None,None,None,None,None,None,None,None,None,O1_phenylsilane,C1=CC=C(C=C1)[Si]ÔøΩÔøΩ,0.6,None,None,None,None,None,None,none,100,none,0,UPLCMS,E22,558620.3824,539763.9561,,,,,0,,,0.77,5.4,87.5,-44,-0.5,0
yk-1536-4-make-product,1536,80,,1536,E,23,E325_Blank5,O=CO,0.2,N2_hydroxydehydroabietylamine,CC(C)C(C(O)=C1)=CC2=C1[C@]3(C)C(CC2)[C@](C)(CN)CCC3,0.1,MainProduct[495],CC(C)C(C(O)=C1)=CC2=C1[C@]3(C)C(CC2)[C@](C)(CN)CCC3,"C1_PLATINUM-1,3-DIVINYL-1,1,3,3-TETRAMETHYLDISILOXANE COMPLEX, IN XYLENES",C=C[Si](C)(C)O[Si](C)(C)C=C.[Pt],0.15,L1_Davephos,CN(C)c1ccccc1-c1ccccc1P(C1CCCCC1)C1CCCCC1,0.005,None,None,None,None,None,None,None,None,None,O1_phenylsilane,C1=CC=C(C=C1)[Si]ÔøΩÔøΩ,0.6,None,None,None,None,None,None,none,100,none,0,UPLCMS,E23,0,467739.7859,,,,,459881.2835,,,0,4.7,100,0,0,0
yk-1536-4-make-product,1536,80,,1536,E,24,E357_Blank37,O=CO,0.2,N2_hydroxydehydroabietylamine,CC(C)C(C(O)=C1)=CC2=C1[C@]3(C)C(CC2)[C@](C)(CN)CCC3,0.1,MainProduct[496],CC(C)C(C(O)=C1)=CC2=C1[C@]3(C)C(CC2)[C@](C)(CN)CCC3,"C1_PLATINUM-1,3-DIVINYL-1,1,3,3-TETRAMETHYLDISILOXANE COMPLEX, IN XYLENES",C=C[Si](C)(C)O[Si](C)(C)C=C.[Pt],0.15,L1_Davephos,CN(C)c1ccccc1-c1ccccc1P(C1CCCCC1)C1CCCCC1,0.005,None,None,None,None,None,None,None,None,None,O1_phenylsilane,C1=CC=C(C=C1)[Si]ÔøΩÔøΩ,0.6,None,None,None,None,None,None,none,100,none,0,UPLCMS,E24,0,0,,,,,0,,,0,0,0,0,0,0
yk-1536-4-make-product,1536,80,,1536,E,25,"E6_3-(METHOXYCARBONYL)BENZOIC ACID, 98%",COC(=O)C1=CC=CC(=C1)C(=O)O,0.2,N3_Scaffold 7,CC(C)C1=CC2=CCC3[C@](C)(CN)CCC[C@]3(C)C2CC1,0.1,MainProduct[497],COC(=O)c1cc(ccc1)CNC[C@@]2(C)C3[C@](C)(CCC2)C4C(=CC3)C=C(C(C)C)CC4,"C1_PLATINUM-1,3-DIVINYL-1,1,3,3-TETRAMETHYLDISILOXANE COMPLEX, IN XYLENES",C=C[Si](C)(C)O[Si](C)(C)C=C.[Pt],0.15,L1_Davephos,CN(C)c1ccccc1-c1ccccc1P(C1CCCCC1)C1CCCCC1,0.005,None,None,None,None,None,None,None,None,None,O1_phenylsilane,C1=CC=C(C=C1)[Si]ÔøΩÔøΩ,0.6,None,None,None,None,None,None,none,100,none,0,UPLCMS,E25,52346.67594,2080045,234753.175,521821.8008,0,0,34392.26186,0,0,5.2,20.8,80,-15.1,-0.2,0
yk-1536-4-make-product,1536,80,,1536,E,26,"E57_4-CHLOROBENZOIC ACID, 99%",C1=CC(=CC=C1C(=O)O)Cl,0.2,N3_Scaffold 7,CC(C)C1=CC2=CCC3[C@](C)(CN)CCC[C@]3(C)C2CC1,0.1,,CC(C)C1=CC2=CCC3[C@](C)(CNCc4ccc(Cl)cc4)CCC[C@]3(C)C2CC1,"C1_PLATINUM-1,3-DIVINYL-1,1,3,3-TETRAMETHYLDISILOXANE COMPLEX, IN XYLENES",C=C[Si](C)(C)O[Si](C)(C)C=C.[Pt],0.15,L1_Davephos,CN(C)c1ccccc1-c1ccccc1P(C1CCCCC1)C1CCCCC1,0.005,None,None,None,None,None,None,None,None,None,O1_phenylsilane,C1=CC=C(C=C1)[Si]ÔøΩÔøΩ,0.6,None,None,None,None,None,None,none,100,none,0,UPLCMS,E26,1067638.144,869740.7518,199244.3875,428286.5888,0,0,0,0,0,4.3,8.7,66.9,-23.6,-0.4,0
yk-1536-4-make-product,1536,80,,1536,E,27,"E101_(-)-CAMPHANIC ACID, 98.0+%",CC1(C2(CCC1(OC2=O)C(=O)O)C)C,0.2,N3_Scaffold 7,CC(C)C1=CC2=CCC3[C@](C)(CN)CCC[C@]3(C)C2CC1,0.1,,CC(C)C1=CC2=CCC3[C@](C)(CNCC45CCC(C)(C(=O)O4)C5(C)C)CCC[C@]3(C)C2CC1,"C1_PLATINUM-1,3-DIVINYL-1,1,3,3-TETRAMETHYLDISILOXANE COMPLEX, IN XYLENES",C=C[Si](C)(C)O[Si](C)(C)C=C.[Pt],0.15,L1_Davephos,CN(C)c1ccccc1-c1ccccc1P(C1CCCCC1)C1CCCCC1,0.005,None,None,None,None,None,None,None,None,None,O1_phenylsilane,C1=CC=C(C=C1)[Si]ÔøΩÔøΩ,0.6,None,None,None,None,None,None,none,100,none,0,UPLCMS,E27,1431454.344,2151509.593,1165214.602,1611738.543,0,0,0,0,0,16.1,21.5,57.2,6.7,0.1,0
yk-1536-4-make-product,1536,80,,1536,E,28,E147_2-(2-cyanophenyl)acetic acid,C1=CC=C(C(=C1)CC(=O)O)C#N,0.2,N3_Scaffold 7,CC(C)C1=CC2=CCC3[C@](C)(CN)CCC[C@]3(C)C2CC1,0.1,,CC(C)C1=CC2=CCC3[C@](C)(CNCCc4ccccc4C#N)CCC[C@]3(C)C2CC1,"C1_PLATINUM-1,3-DIVINYL-1,1,3,3-TETRAMETHYLDISILOXANE COMPLEX, IN XYLENES",C=C[Si](C)(C)O[Si](C)(C)C=C.[Pt],0.15,L1_Davephos,CN(C)c1ccccc1-c1ccccc1P(C1CCCCC1)C1CCCCC1,0.005,None,None,None,None,None,None,None,None,None,O1_phenylsilane,C1=CC=C(C=C1)[Si]ÔøΩÔøΩ,0.6,None,None,None,None,None,None,none,100,none,0,UPLCMS,E28,1510478.204,1371898.951,113218.6877,775559.7022,0,0,0,0,0,7.8,13.7,63.8,0.3,0,0
yk-1536-4-make-product,1536,80,,1536,E,29,E187_2-benzamidoacetic acid,C1=CC=C(C=C1)C(=O)NCC(=O)O,0.2,N3_Scaffold 7,CC(C)C1=CC2=CCC3[C@](C)(CN)CCC[C@]3(C)C2CC1,0.1,,CC(C)C1=CC2=CCC3[C@](C)(CNCCNC(=O)c4ccccc4)CCC[C@]3(C)C2CC1,"C1_PLATINUM-1,3-DIVINYL-1,1,3,3-TETRAMETHYLDISILOXANE COMPLEX, IN XYLENES",C=C[Si](C)(C)O[Si](C)(C)C=C.[Pt],0.15,L1_Davephos,CN(C)c1ccccc1-c1ccccc1P(C1CCCCC1)C1CCCCC1,0.005,None,None,None,None,None,None,None,None,None,O1_phenylsilane,C1=CC=C(C=C1)[Si]ÔøΩÔøΩ,0.6,None,None,None,None,None,None,none,100,none,0,UPLCMS,E29,1570784.275,2308620.77,91664.51269,548410.6878,0,0,0,0,0,5.5,23.1,80.8,22.3,0.3,0
yk-1536-4-make-product,1536,80,,1536,E,30,E231_2-(1-methylpyrazol-4-yl)acetic acid,CN1C=C(C=N1)CC(=O)O,0.2,N3_Scaffold 7,CC(C)C1=CC2=CCC3[C@](C)(CN)CCC[C@]3(C)C2CC1,0.1,,CC(C)C1=CC2=CCC3[C@](C)(CNCCc4cnn(C)c4)CCC[C@]3(C)C2CC1,"C1_PLATINUM-1,3-DIVINYL-1,1,3,3-TETRAMETHYLDISILOXANE COMPLEX, IN XYLENES",C=C[Si](C)(C)O[Si](C)(C)C=C.[Pt],0.15,L1_Davephos,CN(C)c1ccccc1-c1ccccc1P(C1CCCCC1)C1CCCCC1,0.005,None,None,None,None,None,None,None,None,None,O1_phenylsilane,C1=CC=C(C=C1)[Si]ÔøΩÔøΩ,0.6,None,None,None,None,None,None,none,100,none,0,UPLCMS,E30,871732.2508,942733,95912.14653,519137.9732,0,0,0,0,0,5.2,9.4,64.5,10.6,0.2,0
yk-1536-4-make-product,1536,80,,1536,E,31,E285_4-(Dimethylcarbamoyl)benzoic acid,CN(C)C(=O)C1=CC=C(C=C1)C(=O)O,0.2,N3_Scaffold 7,CC(C)C1=CC2=CCC3[C@](C)(CN)CCC[C@]3(C)C2CC1,0.1,,CC(C)C1=CC2=CCC3[C@](C)(CNCc4ccc(C(=O)N(C)C)cc4)CCC[C@]3(C)C2CC1,"C1_PLATINUM-1,3-DIVINYL-1,1,3,3-TETRAMETHYLDISILOXANE COMPLEX, IN XYLENES",C=C[Si](C)(C)O[Si](C)(C)C=C.[Pt],0.15,L1_Davephos,CN(C)c1ccccc1-c1ccccc1P(C1CCCCC1)C1CCCCC1,0.005,None,None,None,None,None,None,None,None,None,O1_phenylsilane,C1=CC=C(C=C1)[Si]ÔøΩÔøΩ,0.6,None,None,None,None,None,None,none,100,none,0,UPLCMS,E31,1003004.914,1300764,1352799.059,1442985.278,0,0,251015.0227,14353.08016,0,14.4,13,47.5,12.1,0.3,0
yk-1536-4-make-product,1536,80,,1536,E,32,"E18_2-HYDROXYISOBUTYRIC ACID, 99%",CC(C)(C(=O)O)O,0.2,N3_Scaffold 7,CC(C)C1=CC2=CCC3[C@](C)(CN)CCC[C@]3(C)C2CC1,0.1,,CC(C)C1=CC2=CCC3[C@](C)(CNCC(C)(C)O)CCC[C@]3(C)C2CC1,"C1_PLATINUM-1,3-DIVINYL-1,1,3,3-TETRAMETHYLDISILOXANE COMPLEX, IN XYLENES",C=C[Si](C)(C)O[Si](C)(C)C=C.[Pt],0.15,L1_Davephos,CN(C)c1ccccc1-c1ccccc1P(C1CCCCC1)C1CCCCC1,0.005,None,None,None,None,None,None,None,None,None,O1_phenylsilane,C1=CC=C(C=C1)[Si]ÔøΩÔøΩ,0.6,None,None,None,None,None,None,none,100,none,0,UPLCMS,E32,312175.0227,357495,994346.7266,1274145.643,0,0,134932.4937,0,0,12.7,3.6,22,-19.5,-0.9,0
yk-1536-4-make-product,1536,80,,1536,E,33,E112_DIFLUOROACETIC ACID,C(C(=O)O)(F)F,0.2,N3_Scaffold 7,CC(C)C1=CC2=CCC3[C@](C)(CN)CCC[C@]3(C)C2CC1,0.1,,CC(C)C1=CC2=CCC3[C@](C)(CNCC(F)F)CCC[C@]3(C)C2CC1,"C1_PLATINUM-1,3-DIVINYL-1,1,3,3-TETRAMETHYLDISILOXANE COMPLEX, IN XYLENES",C=C[Si](C)(C)O[Si](C)(C)C=C.[Pt],0.15,L1_Davephos,CN(C)c1ccccc1-c1ccccc1P(C1CCCCC1)C1CCCCC1,0.005,None,None,None,None,None,None,None,None,None,O1_phenylsilane,C1=CC=C(C=C1)[Si]ÔøΩÔøΩ,0.6,None,None,None,None,None,None,none,100,none,0,UPLCMS,E33,1126447.793,2041654.006,177585.8028,468341.6151,0,0,0,0,0,4.7,20.4,81.3,-2.8,0,0
yk-1536-4-make-product,1536,80,,1536,E,34,E243_2-methylbenzoic acid,CC1=CC=CC=C1C(=O)O,0.2,N3_Scaffold 7,CC(C)C1=CC2=CCC3[C@](C)(CN)CCC[C@]3(C)C2CC1,0.1,,Cc1ccccc1CNC[C@]1(C)CCC[C@]2(C)C3CCC(C(C)C)=CC3=CCC12,"C1_PLATINUM-1,3-DIVINYL-1,1,3,3-TETRAMETHYLDISILOXANE COMPLEX, IN XYLENES",C=C[Si](C)(C)O[Si](C)(C)C=C.[Pt],0.15,L1_Davephos,CN(C)c1ccccc1-c1ccccc1P(C1CCCCC1)C1CCCCC1,0.005,None,None,None,None,None,None,None,None,None,O1_phenylsilane,C1=CC=C(C=C1)[Si]ÔøΩÔøΩ,0.6,None,None,None,None,None,None,none,100,none,0,UPLCMS,E34,619452.1433,556011.7434,275999.8102,314371.4466,0,0,0,0,0,3.1,5.6,64.2,10.3,0.2,0
yk-1536-4-make-product,1536,80,,1536,E,35,E325_Blank5,O=CO,0.2,N3_Scaffold 7,CC(C)C1=CC2=CCC3[C@](C)(CN)CCC[C@]3(C)C2CC1,0.1,MainProduct[508],CC(C)C1=CC2=CCC3[C@](C)(CN)CCC[C@]3(C)C2CC1,"C1_PLATINUM-1,3-DIVINYL-1,1,3,3-TETRAMETHYLDISILOXANE COMPLEX, IN XYLENES",C=C[Si](C)(C)O[Si](C)(C)C=C.[Pt],0.15,L1_Davephos,CN(C)c1ccccc1-c1ccccc1P(C1CCCCC1)C1CCCCC1,0.005,None,None,None,None,None,None,None,None,None,O1_phenylsilane,C1=CC=C(C=C1)[Si]ÔøΩÔøΩ,0.6,None,None,None,None,None,None,none,100,none,0,UPLCMS,E35,0,1075091.95,0,0,0,0,1047011.161,0,0,0,10.8,100,0,0,0
yk-1536-4-make-product,1536,80,,1536,E,36,E357_Blank37,O=CO,0.2,N3_Scaffold 7,CC(C)C1=CC2=CCC3[C@](C)(CN)CCC[C@]3(C)C2CC1,0.1,MainProduct[509],CC(C)C1=CC2=CCC3[C@](C)(CN)CCC[C@]3(C)C2CC1,"C1_PLATINUM-1,3-DIVINYL-1,1,3,3-TETRAMETHYLDISILOXANE COMPLEX, IN XYLENES",C=C[Si](C)(C)O[Si](C)(C)C=C.[Pt],0.15,L1_Davephos,CN(C)c1ccccc1-c1ccccc1P(C1CCCCC1)C1CCCCC1,0.005,None,None,None,None,None,None,None,None,None,O1_phenylsilane,C1=CC=C(C=C1)[Si]ÔøΩÔøΩ,0.6,None,None,None,None,None,None,none,100,none,0,UPLCMS,E36,0,0,0,0,0,0,0,0,0,0,0,0,0,0,0
yk-1536-4-make-product,1536,80,,1536,E,37,"E6_3-(METHOXYCARBONYL)BENZOIC ACID, 98%",COC(=O)C1=CC=CC(=C1)C(=O)O,0.2,N4_Scaffold 6,CCNC[C@@]1(C)C2[C@](C)(CCC1)c3c(CC2)cc(C(C)C)c(c3)N,0.1,MainProduct[510],COC(=O)c1cc(ccc1)CNc2cc3[C@]4(C)C([C@](CNCC)(CCC4)C)CCc3cc2C(C)C,"C1_PLATINUM-1,3-DIVINYL-1,1,3,3-TETRAMETHYLDISILOXANE COMPLEX, IN XYLENES",C=C[Si](C)(C)O[Si](C)(C)C=C.[Pt],0.15,L1_Davephos,CN(C)c1ccccc1-c1ccccc1P(C1CCCCC1)C1CCCCC1,0.005,None,None,None,None,None,None,None,None,None,O1_phenylsilane,C1=CC=C(C=C1)[Si]ÔøΩÔøΩ,0.6,None,None,None,None,None,None,none,100,none,0,UPLCMS,E37,62027.94804,560203,0,0,1987904.059,1873586.913,32326.89988,0,0,18.7,5.6,23.1,-48.1,-2.1,0
yk-1536-4-make-product,1536,80,,1536,E,38,"E57_4-CHLOROBENZOIC ACID, 99%",C1=CC(=CC=C1C(=O)O)Cl,0.2,N4_Scaffold 6,CCNC[C@@]1(C)C2[C@](C)(CCC1)c3c(CC2)cc(C(C)C)c(c3)N,0.1,,CCNC[C@]1(C)CCC[C@]2(C)c3cc(NCc4ccc(Cl)cc4)c(C(C)C)cc3CCC12,"C1_PLATINUM-1,3-DIVINYL-1,1,3,3-TETRAMETHYLDISILOXANE COMPLEX, IN XYLENES",C=C[Si](C)(C)O[Si](C)(C)C=C.[Pt],0.15,L1_Davephos,CN(C)c1ccccc1-c1ccccc1P(C1CCCCC1)C1CCCCC1,0.005,None,None,None,None,None,None,None,None,None,O1_phenylsilane,C1=CC=C(C=C1)[Si]ÔøΩÔøΩ,0.6,None,None,None,None,None,None,none,100,none,0,UPLCMS,E38,120499.6419,433919.0657,0,0,2128091.035,2288202.898,0,0,0,22.9,4.3,15.9,-32.3,-2,0
yk-1536-4-make-product,1536,80,,1536,E,39,"E101_(-)-CAMPHANIC ACID, 98.0+%",CC1(C2(CCC1(OC2=O)C(=O)O)C)C,0.2,N4_Scaffold 6,CCNC[C@@]1(C)C2[C@](C)(CCC1)c3c(CC2)cc(C(C)C)c(c3)N,0.1,,CCNC[C@]1(C)CCC[C@]2(C)c3cc(NCC4(C)CCC(C(=O)O)C4(C)C)c(C(C)C)cc3CCC12,"C1_PLATINUM-1,3-DIVINYL-1,1,3,3-TETRAMETHYLDISILOXANE COMPLEX, IN XYLENES",C=C[Si](C)(C)O[Si](C)(C)C=C.[Pt],0.15,L1_Davephos,CN(C)c1ccccc1-c1ccccc1P(C1CCCCC1)C1CCCCC1,0.005,None,None,None,None,None,None,None,None,None,O1_phenylsilane,C1=CC=C(C=C1)[Si]ÔøΩÔøΩ,0.6,None,None,None,None,None,None,none,100,none,0,UPLCMS,E39,18680.54295,573600.1179,0,0,1830543.561,1792480.716,0,0,0,17.9,5.7,24.3,-7.2,-0.3,0
yk-1536-4-make-product,1536,80,,1536,E,40,E147_2-(2-cyanophenyl)acetic acid,C1=CC=C(C(=C1)CC(=O)O)C#N,0.2,N4_Scaffold 6,CCNC[C@@]1(C)C2[C@](C)(CCC1)c3c(CC2)cc(C(C)C)c(c3)N,0.1,MainProduct[514],CCNC[C@]1(C)CCC[C@]2(C)c3cc(NCCc4ccccc4C#N)c(C(C)C)cc3CCC12,"C1_PLATINUM-1,3-DIVINYL-1,1,3,3-TETRAMETHYLDISILOXANE COMPLEX, IN XYLENES",C=C[Si](C)(C)O[Si](C)(C)C=C.[Pt],0.15,L1_Davephos,CN(C)c1ccccc1-c1ccccc1P(C1CCCCC1)C1CCCCC1,0.005,None,None,None,None,None,None,None,None,None,O1_phenylsilane,C1=CC=C(C=C1)[Si]ÔøΩÔøΩ,0.6,None,None,None,None,None,None,none,100,none,0,UPLCMS,E40,40090.65241,0,0,0,1224692.273,1422920.649,0,0,0,14.2,0,0,-17.2,0,0
yk-1536-4-make-product,1536,80,,1536,E,41,E187_2-benzamidoacetic acid,C1=CC=C(C=C1)C(=O)NCC(=O)O,0.2,N4_Scaffold 6,CCNC[C@@]1(C)C2[C@](C)(CCC1)c3c(CC2)cc(C(C)C)c(c3)N,0.1,,CCNC[C@]1(C)CCC[C@]2(C)c3cc(NCCNC(=O)c4ccccc4)c(C(C)C)cc3CCC12,"C1_PLATINUM-1,3-DIVINYL-1,1,3,3-TETRAMETHYLDISILOXANE COMPLEX, IN XYLENES",C=C[Si](C)(C)O[Si](C)(C)C=C.[Pt],0.15,L1_Davephos,CN(C)c1ccccc1-c1ccccc1P(C1CCCCC1)C1CCCCC1,0.005,None,None,None,None,None,None,None,None,None,O1_phenylsilane,C1=CC=C(C=C1)[Si]ÔøΩÔøΩ,0.6,None,None,None,None,None,None,none,100,none,0,UPLCMS,E41,335977.6349,1617795.016,0,0,1368238.321,1169269.886,0,0,0,11.7,16.2,58,-20,-0.3,0
yk-1536-4-make-product,1536,80,,1536,E,42,E231_2-(1-methylpyrazol-4-yl)acetic acid,CN1C=C(C=N1)CC(=O)O,0.2,N4_Scaffold 6,CCNC[C@@]1(C)C2[C@](C)(CCC1)c3c(CC2)cc(C(C)C)c(c3)N,0.1,,CCNC[C@]1(C)CCC[C@]2(C)c3cc(NCCc4cnn(C)c4)c(C(C)C)cc3CCC12,"C1_PLATINUM-1,3-DIVINYL-1,1,3,3-TETRAMETHYLDISILOXANE COMPLEX, IN XYLENES",C=C[Si](C)(C)O[Si](C)(C)C=C.[Pt],0.15,L1_Davephos,CN(C)c1ccccc1-c1ccccc1P(C1CCCCC1)C1CCCCC1,0.005,None,None,None,None,None,None,None,None,None,O1_phenylsilane,C1=CC=C(C=C1)[Si]ÔøΩÔøΩ,0.6,None,None,None,None,None,None,none,100,none,0,UPLCMS,E42,399155.3739,2446355.829,0,0,884238.2904,754277.3313,0,0,0,7.5,24.5,76.5,-13.7,-0.2,0
yk-1536-4-make-product,1536,80,,1536,E,43,E285_4-(Dimethylcarbamoyl)benzoic acid,CN(C)C(=O)C1=CC=C(C=C1)C(=O)O,0.2,N4_Scaffold 6,CCNC[C@@]1(C)C2[C@](C)(CCC1)c3c(CC2)cc(C(C)C)c(c3)N,0.1,,CCNC[C@]1(C)CCC[C@]2(C)c3cc(NCc4ccc(C(=O)N(C)C)cc4)c(C(C)C)cc3CCC12,"C1_PLATINUM-1,3-DIVINYL-1,1,3,3-TETRAMETHYLDISILOXANE COMPLEX, IN XYLENES",C=C[Si](C)(C)O[Si](C)(C)C=C.[Pt],0.15,L1_Davephos,CN(C)c1ccccc1-c1ccccc1P(C1CCCCC1)C1CCCCC1,0.005,None,None,None,None,None,None,None,None,None,O1_phenylsilane,C1=CC=C(C=C1)[Si]ÔøΩÔøΩ,0.6,None,None,None,None,None,None,none,100,none,0,UPLCMS,E43,79732.24964,124100.5004,0,0,1924099.817,1663407.815,0,0,0,16.6,1.2,7,-44.2,-6.3,0
yk-1536-4-make-product,1536,80,,1536,E,44,"E18_2-HYDROXYISOBUTYRIC ACID, 99%",CC(C)(C(=O)O)O,0.2,N4_Scaffold 6,CCNC[C@@]1(C)C2[C@](C)(CCC1)c3c(CC2)cc(C(C)C)c(c3)N,0.1,,CCNC[C@]1(C)CCC[C@]2(C)c3cc(NCC(C)(C)O)c(C(C)C)cc3CCC12,"C1_PLATINUM-1,3-DIVINYL-1,1,3,3-TETRAMETHYLDISILOXANE COMPLEX, IN XYLENES",C=C[Si](C)(C)O[Si](C)(C)C=C.[Pt],0.15,L1_Davephos,CN(C)c1ccccc1-c1ccccc1P(C1CCCCC1)C1CCCCC1,0.005,None,None,None,None,None,None,None,None,None,O1_phenylsilane,C1=CC=C(C=C1)[Si]ÔøΩÔøΩ,0.6,None,None,None,None,None,None,none,100,none,0,UPLCMS,E44,12795.02244,96059.43939,0,0,1313709.01,1407378.607,138657.7854,0,0,14.1,1,6.4,-18.6,-2.9,0
yk-1536-4-make-product,1536,80,,1536,E,45,E112_DIFLUOROACETIC ACID,C(C(=O)O)(F)F,0.2,N4_Scaffold 6,CCNC[C@@]1(C)C2[C@](C)(CCC1)c3c(CC2)cc(C(C)C)c(c3)N,0.1,,CCNC[C@]1(C)CCC[C@]2(C)c3cc(NCC(F)F)c(C(C)C)cc3CCC12,"C1_PLATINUM-1,3-DIVINYL-1,1,3,3-TETRAMETHYLDISILOXANE COMPLEX, IN XYLENES",C=C[Si](C)(C)O[Si](C)(C)C=C.[Pt],0.15,L1_Davephos,CN(C)c1ccccc1-c1ccccc1P(C1CCCCC1)C1CCCCC1,0.005,None,None,None,None,None,None,None,None,None,O1_phenylsilane,C1=CC=C(C=C1)[Si]ÔøΩÔøΩ,0.6,None,None,None,None,None,None,none,100,none,0,UPLCMS,E45,363554.2705,642538.8059,0,0,744300.869,589275.8959,0,0,0,5.9,6.4,52.1,-11.6,-0.2,0
yk-1536-4-make-product,1536,80,,1536,E,46,E243_2-methylbenzoic acid,CC1=CC=CC=C1C(=O)O,0.2,N4_Scaffold 6,CCNC[C@@]1(C)C2[C@](C)(CCC1)c3c(CC2)cc(C(C)C)c(c3)N,0.1,,CCNC[C@]1(C)CCC[C@]2(C)c3cc(NCc4ccccc4C)c(C(C)C)cc3CCC12,"C1_PLATINUM-1,3-DIVINYL-1,1,3,3-TETRAMETHYLDISILOXANE COMPLEX, IN XYLENES",C=C[Si](C)(C)O[Si](C)(C)C=C.[Pt],0.15,L1_Davephos,CN(C)c1ccccc1-c1ccccc1P(C1CCCCC1)C1CCCCC1,0.005,None,None,None,None,None,None,None,None,None,O1_phenylsilane,C1=CC=C(C=C1)[Si]ÔøΩÔøΩ,0.6,None,None,None,None,None,None,none,100,none,0,UPLCMS,E46,115449.5216,100121.2662,0,0,1032058.064,1053045.677,0,0,0,10.5,1,8.7,-1.6,-0.2,0
yk-1536-4-make-product,1536,80,,1536,E,47,E325_Blank5,O=CO,0.2,N4_Scaffold 6,CCNC[C@@]1(C)C2[C@](C)(CCC1)c3c(CC2)cc(C(C)C)c(c3)N,0.1,MainProduct[521],CCNC[C@@]1(C)C2[C@](C)(CCC1)c3c(CC2)cc(C(C)C)c(c3)N,"C1_PLATINUM-1,3-DIVINYL-1,1,3,3-TETRAMETHYLDISILOXANE COMPLEX, IN XYLENES",C=C[Si](C)(C)O[Si](C)(C)C=C.[Pt],0.15,L1_Davephos,CN(C)c1ccccc1-c1ccccc1P(C1CCCCC1)C1CCCCC1,0.005,None,None,None,None,None,None,None,None,None,O1_phenylsilane,C1=CC=C(C=C1)[Si]ÔøΩÔøΩ,0.6,None,None,None,None,None,None,none,100,none,0,UPLCMS,E47,0,724178.3931,0,0,0,0,707613.3441,0,0,0,7.2,100,0,0,0
yk-1536-4-make-product,1536,80,,1536,E,48,E357_Blank37,O=CO,0.2,N4_Scaffold 6,CCNC[C@@]1(C)C2[C@](C)(CCC1)c3c(CC2)cc(C(C)C)c(c3)N,0.1,MainProduct[522],CCNC[C@@]1(C)C2[C@](C)(CCC1)c3c(CC2)cc(C(C)C)c(c3)N,"C1_PLATINUM-1,3-DIVINYL-1,1,3,3-TETRAMETHYLDISILOXANE COMPLEX, IN XYLENES",C=C[Si](C)(C)O[Si](C)(C)C=C.[Pt],0.15,L1_Davephos,CN(C)c1ccccc1-c1ccccc1P(C1CCCCC1)C1CCCCC1,0.005,None,None,None,None,None,None,None,None,None,O1_phenylsilane,C1=CC=C(C=C1)[Si]ÔøΩÔøΩ,0.6,None,None,None,None,None,None,none,100,none,0,UPLCMS,E48,0,0,0,0,0,0,0,0,0,0,0,0,0,0,0
yk-1536-4-make-product,1536,80,,1536,F,1,"E7_1-METHYLINDOLE-3-CARBOXYLIC ACID, 97%",CN1C=C(C2=CC=CC=C21)C(=O)O,0.2,N1_(+)-Dehydroabietylamine,CC(C)c1ccc2c(c1)CC[C@H]1[C@](C)(CN)CCC[C@]21C,0.1,,CC(C)c1ccc2c(c1)CC[C@H]1[C@](C)(CNCc3cn(C)c4ccccc34)CCC[C@]21C,"C1_PLATINUM-1,3-DIVINYL-1,1,3,3-TETRAMETHYLDISILOXANE COMPLEX, IN XYLENES",C=C[Si](C)(C)O[Si](C)(C)C=C.[Pt],0.15,L1_Davephos,CN(C)c1ccccc1-c1ccccc1P(C1CCCCC1)C1CCCCC1,0.005,None,None,None,None,None,None,None,None,None,O1_phenylsilane,C1=CC=C(C=C1)[Si]ÔøΩÔøΩ,0.6,None,None,None,None,None,None,none,100,none,0,UPLCMS,F1,279935.2974,279935,,,,,0,,,30.1,2.8,8.5,81.4,9.58,33.15
yk-1536-4-make-product,1536,80,,1536,F,2,"E60_3,4-DICHLOROBENZOIC ACID, 95%",C1=CC(=C(C=C1C(=O)O)Cl)Cl,0.2,N1_(+)-Dehydroabietylamine,CC(C)c1ccc2c(c1)CC[C@H]1[C@](C)(CN)CCC[C@]21C,0.1,MainProduct[539],CC(C)c1ccc2c(c1)CC[C@H]1[C@](C)(CNCc3ccc(Cl)c(Cl)c3)CCC[C@]21C,"C1_PLATINUM-1,3-DIVINYL-1,1,3,3-TETRAMETHYLDISILOXANE COMPLEX, IN XYLENES",C=C[Si](C)(C)O[Si](C)(C)C=C.[Pt],0.15,L1_Davephos,CN(C)c1ccccc1-c1ccccc1P(C1CCCCC1)C1CCCCC1,0.005,None,None,None,None,None,None,None,None,None,O1_phenylsilane,C1=CC=C(C=C1)[Si]ÔøΩÔøΩ,0.6,None,None,None,None,None,None,none,100,none,0,UPLCMS,F2,2332877.875,2076391.907,,,,,0,,,16.9,20.8,55.1,-1,-0.02,0
yk-1536-4-make-product,1536,80,,1536,F,3,"E103_5-CHLORO-2-PYRIDINECARBOXYLIC ACID, 97%",C1=CC(=NC=C1Cl)C(=O)O,0.2,N1_(+)-Dehydroabietylamine,CC(C)c1ccc2c(c1)CC[C@H]1[C@](C)(CN)CCC[C@]21C,0.1,,CC(C)c1ccc2c(c1)CC[C@H]1[C@](C)(CNCc3ccc(Cl)cn3)CCC[C@]21C,"C1_PLATINUM-1,3-DIVINYL-1,1,3,3-TETRAMETHYLDISILOXANE COMPLEX, IN XYLENES",C=C[Si](C)(C)O[Si](C)(C)C=C.[Pt],0.15,L1_Davephos,CN(C)c1ccccc1-c1ccccc1P(C1CCCCC1)C1CCCCC1,0.005,None,None,None,None,None,None,None,None,None,O1_phenylsilane,C1=CC=C(C=C1)[Si]ÔøΩÔøΩ,0.6,None,None,None,None,None,None,none,100,none,0,UPLCMS,F3,290358.7991,425440,,,,,0,,,25.4,4.3,14.4,-3.6,-0.25,0
yk-1536-4-make-product,1536,80,,1536,F,4,E148_1-phenylmethoxycarbonylpiperidine-4-carboxylic acid,C1CN(CCC1C(=O)O)C(=O)OCC2=CC=CC=C2,0.2,N1_(+)-Dehydroabietylamine,CC(C)c1ccc2c(c1)CC[C@H]1[C@](C)(CN)CCC[C@]21C,0.1,,CC(C)c1ccc2c(c1)CC[C@H]1[C@](C)(CNCC3CCN(C(=O)OCc4ccccc4)CC3)CCC[C@]21C,"C1_PLATINUM-1,3-DIVINYL-1,1,3,3-TETRAMETHYLDISILOXANE COMPLEX, IN XYLENES",C=C[Si](C)(C)O[Si](C)(C)C=C.[Pt],0.15,L1_Davephos,CN(C)c1ccccc1-c1ccccc1P(C1CCCCC1)C1CCCCC1,0.005,None,None,None,None,None,None,None,None,None,O1_phenylsilane,C1=CC=C(C=C1)[Si]ÔøΩÔøΩ,0.6,None,None,None,None,None,None,none,100,none,0,UPLCMS,F4,3009764.299,3764587.339,,,,,0,,,3.4,37.6,91.7,-5.2,-0.06,0
yk-1536-4-make-product,1536,80,,1536,F,5,E188_3-phenylpropanoic acid,C1=CC=C(C=C1)CCC(=O)O,0.2,N1_(+)-Dehydroabietylamine,CC(C)c1ccc2c(c1)CC[C@H]1[C@](C)(CN)CCC[C@]21C,0.1,,CC(C)c1ccc2c(c1)CC[C@H]1[C@](C)(CNCCCc3ccccc3)CCC[C@]21C,"C1_PLATINUM-1,3-DIVINYL-1,1,3,3-TETRAMETHYLDISILOXANE COMPLEX, IN XYLENES",C=C[Si](C)(C)O[Si](C)(C)C=C.[Pt],0.15,L1_Davephos,CN(C)c1ccccc1-c1ccccc1P(C1CCCCC1)C1CCCCC1,0.005,None,None,None,None,None,None,None,None,None,O1_phenylsilane,C1=CC=C(C=C1)[Si]ÔøΩÔøΩ,0.6,None,None,None,None,None,None,none,100,none,0,UPLCMS,F5,26508.02354,88550.13249,,,,,0,,,17.9,0.9,4.7,14,2.98,0
yk-1536-4-make-product,1536,80,,1536,F,6,E232_2-methoxypyridine-4-carboxylic acid,COC1=NC=CC(=C1)C(=O)O,0.2,N1_(+)-Dehydroabietylamine,CC(C)c1ccc2c(c1)CC[C@H]1[C@](C)(CN)CCC[C@]21C,0.1,,COc1cc(CNC[C@]2(C)CCC[C@]3(C)c4ccc(C(C)C)cc4CC[C@@H]23)ccn1,"C1_PLATINUM-1,3-DIVINYL-1,1,3,3-TETRAMETHYLDISILOXANE COMPLEX, IN XYLENES",C=C[Si](C)(C)O[Si](C)(C)C=C.[Pt],0.15,L1_Davephos,CN(C)c1ccccc1-c1ccccc1P(C1CCCCC1)C1CCCCC1,0.005,None,None,None,None,None,None,None,None,None,O1_phenylsilane,C1=CC=C(C=C1)[Si]ÔøΩÔøΩ,0.6,None,None,None,None,None,None,none,100,none,0,UPLCMS,F6,1456614.096,1332129.123,,,,,0,,,27.9,13.3,32.3,11.3,0.35,0
yk-1536-4-make-product,1536,80,,1536,F,7,"E287_(E)-3,4-Dimethoxycinnamic acid",COC1=C(C=C(C=C1)C=CC(=O)O)OC,0.2,N1_(+)-Dehydroabietylamine,CC(C)c1ccc2c(c1)CC[C@H]1[C@](C)(CN)CCC[C@]21C,0.1,,COc1ccc(C=CCNC[C@]2(C)CCC[C@]3(C)c4ccc(C(C)C)cc4CC[C@@H]23)cc1OC,"C1_PLATINUM-1,3-DIVINYL-1,1,3,3-TETRAMETHYLDISILOXANE COMPLEX, IN XYLENES",C=C[Si](C)(C)O[Si](C)(C)C=C.[Pt],0.15,L1_Davephos,CN(C)c1ccccc1-c1ccccc1P(C1CCCCC1)C1CCCCC1,0.005,None,None,None,None,None,None,None,None,None,O1_phenylsilane,C1=CC=C(C=C1)[Si]ÔøΩÔøΩ,0.6,None,None,None,None,None,None,none,100,none,0,UPLCMS,F7,3601730.973,3763418.259,,,,,251690.172,,,16.5,37.6,69.6,101.6,1.46,40.62
yk-1536-4-make-product,1536,80,,1536,F,8,"E19_DL-PIPECOLINIC ACID, 98%",C1CCNC(C1)C(=O)O,0.2,N1_(+)-Dehydroabietylamine,CC(C)c1ccc2c(c1)CC[C@H]1[C@](C)(CN)CCC[C@]21C,0.1,,CC(C)c1ccc2c(c1)CC[C@H]1[C@](C)(CNCC3CCCCN3)CCC[C@]21C,"C1_PLATINUM-1,3-DIVINYL-1,1,3,3-TETRAMETHYLDISILOXANE COMPLEX, IN XYLENES",C=C[Si](C)(C)O[Si](C)(C)C=C.[Pt],0.15,L1_Davephos,CN(C)c1ccccc1-c1ccccc1P(C1CCCCC1)C1CCCCC1,0.005,None,None,None,None,None,None,None,None,None,O1_phenylsilane,C1=CC=C(C=C1)[Si]ÔøΩÔøΩ,0.6,None,None,None,None,None,None,none,100,none,0,UPLCMS,F8,0,0,,,,,0,,,21.9,0,0,-19.7,0,0
yk-1536-4-make-product,1536,80,,1536,F,9,"E113_2,2-DIFLUOROPENT-4-ENOIC ACID, 95%",C=CCC(C(=O)O)(F)F,0.2,N1_(+)-Dehydroabietylamine,CC(C)c1ccc2c(c1)CC[C@H]1[C@](C)(CN)CCC[C@]21C,0.1,,C=CCC(F)(F)CNC[C@]1(C)CCC[C@]2(C)c3ccc(C(C)C)cc3CC[C@@H]12,"C1_PLATINUM-1,3-DIVINYL-1,1,3,3-TETRAMETHYLDISILOXANE COMPLEX, IN XYLENES",C=C[Si](C)(C)O[Si](C)(C)C=C.[Pt],0.15,L1_Davephos,CN(C)c1ccccc1-c1ccccc1P(C1CCCCC1)C1CCCCC1,0.005,None,None,None,None,None,None,None,None,None,O1_phenylsilane,C1=CC=C(C=C1)[Si]ÔøΩÔøΩ,0.6,None,None,None,None,None,None,none,100,none,0,UPLCMS,F9,1044012.497,1116982.084,,,,,0,,,24.1,11.2,31.6,-23,-0.73,0
yk-1536-4-make-product,1536,80,,1536,F,10,E244_Pyridazine-4-carboxylic acid,C1=CN=NC=C1C(=O)O,0.2,N1_(+)-Dehydroabietylamine,CC(C)c1ccc2c(c1)CC[C@H]1[C@](C)(CN)CCC[C@]21C,0.1,,CC(C)c1ccc2c(c1)CC[C@H]1[C@](C)(CNCc3ccnnc3)CCC[C@]21C,"C1_PLATINUM-1,3-DIVINYL-1,1,3,3-TETRAMETHYLDISILOXANE COMPLEX, IN XYLENES",C=C[Si](C)(C)O[Si](C)(C)C=C.[Pt],0.15,L1_Davephos,CN(C)c1ccccc1-c1ccccc1P(C1CCCCC1)C1CCCCC1,0.005,None,None,None,None,None,None,None,None,None,O1_phenylsilane,C1=CC=C(C=C1)[Si]ÔøΩÔøΩ,0.6,None,None,None,None,None,None,none,100,none,0,UPLCMS,F10,0,0,,,,,0,,,25.6,0,0,-17,0,0
yk-1536-4-make-product,1536,80,,1536,F,11,E326_Blank6,O=CO,0.2,N1_(+)-Dehydroabietylamine,CC(C)c1ccc2c(c1)CC[C@H]1[C@](C)(CN)CCC[C@]21C,0.1,MainProduct[530],CC(C)c1ccc2c(c1)CC[C@H]1[C@](C)(CN)CCC[C@]21C,"C1_PLATINUM-1,3-DIVINYL-1,1,3,3-TETRAMETHYLDISILOXANE COMPLEX, IN XYLENES",C=C[Si](C)(C)O[Si](C)(C)C=C.[Pt],0.15,L1_Davephos,CN(C)c1ccccc1-c1ccccc1P(C1CCCCC1)C1CCCCC1,0.005,None,None,None,None,None,None,None,None,None,O1_phenylsilane,C1=CC=C(C=C1)[Si]ÔøΩÔøΩ,0.6,None,None,None,None,None,None,none,100,none,0,UPLCMS,F11,0,2021289.184,,,,,2114159.245,,,0,20.2,100,0,0,0
yk-1536-4-make-product,1536,80,,1536,F,12,E358_Blank38,O=CO,0.2,N1_(+)-Dehydroabietylamine,CC(C)c1ccc2c(c1)CC[C@H]1[C@](C)(CN)CCC[C@]21C,0.1,MainProduct[531],CC(C)c1ccc2c(c1)CC[C@H]1[C@](C)(CN)CCC[C@]21CCC(C)c1ccc2c(c1)CC[C@H]1[C@](C)(CN)CCC[C@]21C,"C1_PLATINUM-1,3-DIVINYL-1,1,3,3-TETRAMETHYLDISILOXANE COMPLEX, IN XYLENES",C=C[Si](C)(C)O[Si](C)(C)C=C.[Pt],0.15,L1_Davephos,CN(C)c1ccccc1-c1ccccc1P(C1CCCCC1)C1CCCCC1,0.005,None,None,None,None,None,None,None,None,None,O1_phenylsilane,C1=CC=C(C=C1)[Si]ÔøΩÔøΩ,0.6,None,None,None,None,None,None,none,100,none,0,UPLCMS,F12,0,0,,,,,0,,,0,0,0,0,0,0
yk-1536-4-make-product,1536,80,,1536,F,13,"E7_1-METHYLINDOLE-3-CARBOXYLIC ACID, 97%",CN1C=C(C2=CC=CC=C21)C(=O)O,0.2,N2_hydroxydehydroabietylamine,CC(C)C(C(O)=C1)=CC2=C1[C@]3(C)C(CC2)[C@](C)(CN)CCC3,0.1,,CC(C)c1cc2c(cc1O)[C@@]1(C)CCC[C@@](C)(CNCc3cn(C)c4ccccc34)C1CC2,"C1_PLATINUM-1,3-DIVINYL-1,1,3,3-TETRAMETHYLDISILOXANE COMPLEX, IN XYLENES",C=C[Si](C)(C)O[Si](C)(C)C=C.[Pt],0.15,L1_Davephos,CN(C)c1ccccc1-c1ccccc1P(C1CCCCC1)C1CCCCC1,0.005,None,None,None,None,None,None,None,None,None,O1_phenylsilane,C1=CC=C(C=C1)[Si]ÔøΩÔøΩ,0.6,None,None,None,None,None,None,none,100,none,0,UPLCMS,F13,414939.746,548602.3774,,,,,0,,,12.1,5.5,31.1,93.4,3,-1.3
yk-1536-4-make-product,1536,80,,1536,F,14,"E60_3,4-DICHLOROBENZOIC ACID, 95%",C1=CC(=C(C=C1C(=O)O)Cl)Cl,0.2,N2_hydroxydehydroabietylamine,CC(C)C(C(O)=C1)=CC2=C1[C@]3(C)C(CC2)[C@](C)(CN)CCC3,0.1,,CC(C)c1cc2c(cc1O)[C@@]1(C)CCC[C@@](C)(CNCc3ccc(Cl)c(Cl)c3)C1CC2,"C1_PLATINUM-1,3-DIVINYL-1,1,3,3-TETRAMETHYLDISILOXANE COMPLEX, IN XYLENES",C=C[Si](C)(C)O[Si](C)(C)C=C.[Pt],0.15,L1_Davephos,CN(C)c1ccccc1-c1ccccc1P(C1CCCCC1)C1CCCCC1,0.005,None,None,None,None,None,None,None,None,None,O1_phenylsilane,C1=CC=C(C=C1)[Si]ÔøΩÔøΩ,0.6,None,None,None,None,None,None,none,100,none,0,UPLCMS,F14,624968.0927,544307.3991,,,,,0,,,0.1,5.4,98.7,-5.2,-0.05,0
yk-1536-4-make-product,1536,80,,1536,F,15,"E103_5-CHLORO-2-PYRIDINECARBOXYLIC ACID, 97%",C1=CC(=NC=C1Cl)C(=O)O,0.2,N2_hydroxydehydroabietylamine,CC(C)C(C(O)=C1)=CC2=C1[C@]3(C)C(CC2)[C@](C)(CN)CCC3,0.1,,CC(C)c1cc2c(cc1O)[C@@]1(C)CCC[C@@](C)(CNCc3ccc(Cl)cn3)C1CC2,"C1_PLATINUM-1,3-DIVINYL-1,1,3,3-TETRAMETHYLDISILOXANE COMPLEX, IN XYLENES",C=C[Si](C)(C)O[Si](C)(C)C=C.[Pt],0.15,L1_Davephos,CN(C)c1ccccc1-c1ccccc1P(C1CCCCC1)C1CCCCC1,0.005,None,None,None,None,None,None,None,None,None,O1_phenylsilane,C1=CC=C(C=C1)[Si]ÔøΩÔøΩ,0.6,None,None,None,None,None,None,none,100,none,0,UPLCMS,F15,197447.1994,241545.7108,,,,,0,,,0.3,2.4,87.6,-20.6,-0.24,0
yk-1536-4-make-product,1536,80,,1536,F,16,E148_1-phenylmethoxycarbonylpiperidine-4-carboxylic acid,C1CN(CCC1C(=O)O)C(=O)OCC2=CC=CC=C2,0.2,N2_hydroxydehydroabietylamine,CC(C)C(C(O)=C1)=CC2=C1[C@]3(C)C(CC2)[C@](C)(CN)CCC3,0.1,,CC(C)c1cc2c(cc1O)[C@@]1(C)CCC[C@@](C)(CNCC3CCN(C(=O)OCc4ccccc4)CC3)C1CC2,"C1_PLATINUM-1,3-DIVINYL-1,1,3,3-TETRAMETHYLDISILOXANE COMPLEX, IN XYLENES",C=C[Si](C)(C)O[Si](C)(C)C=C.[Pt],0.15,L1_Davephos,CN(C)c1ccccc1-c1ccccc1P(C1CCCCC1)C1CCCCC1,0.005,None,None,None,None,None,None,None,None,None,O1_phenylsilane,C1=CC=C(C=C1)[Si]ÔøΩÔøΩ,0.6,None,None,None,None,None,None,none,100,none,0,UPLCMS,F16,360392.9581,478591.4503,,,,,0,,,0,4.8,100,-34.5,-0.35,0
yk-1536-4-make-product,1536,80,,1536,F,17,E188_3-phenylpropanoic acid,C1=CC=C(C=C1)CCC(=O)O,0.2,N2_hydroxydehydroabietylamine,CC(C)C(C(O)=C1)=CC2=C1[C@]3(C)C(CC2)[C@](C)(CN)CCC3,0.1,,CC(C)c1cc2c(cc1O)[C@@]1(C)CCC[C@@](C)(CNCCCc3ccccc3)C1CC2,"C1_PLATINUM-1,3-DIVINYL-1,1,3,3-TETRAMETHYLDISILOXANE COMPLEX, IN XYLENES",C=C[Si](C)(C)O[Si](C)(C)C=C.[Pt],0.15,L1_Davephos,CN(C)c1ccccc1-c1ccccc1P(C1CCCCC1)C1CCCCC1,0.005,None,None,None,None,None,None,None,None,None,O1_phenylsilane,C1=CC=C(C=C1)[Si]ÔøΩÔøΩ,0.6,None,None,None,None,None,None,none,100,none,0,UPLCMS,F17,3183.84363,0,,,,,0,,,6.3,0,0,-19.5,0,0
yk-1536-4-make-product,1536,80,,1536,F,18,E232_2-methoxypyridine-4-carboxylic acid,COC1=NC=CC(=C1)C(=O)O,0.2,N2_hydroxydehydroabietylamine,CC(C)C(C(O)=C1)=CC2=C1[C@]3(C)C(CC2)[C@](C)(CN)CCC3,0.1,,COc1cc(CNC[C@]2(C)CCC[C@]3(C)c4cc(O)c(C(C)C)cc4CCC23)ccn1,"C1_PLATINUM-1,3-DIVINYL-1,1,3,3-TETRAMETHYLDISILOXANE COMPLEX, IN XYLENES",C=C[Si](C)(C)O[Si](C)(C)C=C.[Pt],0.15,L1_Davephos,CN(C)c1ccccc1-c1ccccc1P(C1CCCCC1)C1CCCCC1,0.005,None,None,None,None,None,None,None,None,None,O1_phenylsilane,C1=CC=C(C=C1)[Si]ÔøΩÔøΩ,0.6,None,None,None,None,None,None,none,100,none,0,UPLCMS,F18,506845.3761,493304,,,,,0,,,0.8,4.9,86.2,-34.5,-0.4,0
yk-1536-4-make-product,1536,80,,1536,F,19,"E287_(E)-3,4-Dimethoxycinnamic acid",COC1=C(C=C(C=C1)C=CC(=O)O)OC,0.2,N2_hydroxydehydroabietylamine,CC(C)C(C(O)=C1)=CC2=C1[C@]3(C)C(CC2)[C@](C)(CN)CCC3,0.1,,COc1ccc(C=CCNC[C@]2(C)CCC[C@]3(C)c4cc(O)c(C(C)C)cc4CCC23)cc1OC,"C1_PLATINUM-1,3-DIVINYL-1,1,3,3-TETRAMETHYLDISILOXANE COMPLEX, IN XYLENES",C=C[Si](C)(C)O[Si](C)(C)C=C.[Pt],0.15,L1_Davephos,CN(C)c1ccccc1-c1ccccc1P(C1CCCCC1)C1CCCCC1,0.005,None,None,None,None,None,None,None,None,None,O1_phenylsilane,C1=CC=C(C=C1)[Si]ÔøΩÔøΩ,0.6,None,None,None,None,None,None,none,100,none,0,UPLCMS,F19,481385.1444,1139277.506,,,,,0,,,0,11.4,100,-11,-0.11,0
yk-1536-4-make-product,1536,80,,1536,F,20,"E19_DL-PIPECOLINIC ACID, 98%",C1CCNC(C1)C(=O)O,0.2,N2_hydroxydehydroabietylamine,CC(C)C(C(O)=C1)=CC2=C1[C@]3(C)C(CC2)[C@](C)(CN)CCC3,0.1,,CC(C)c1cc2c(cc1O)[C@@]1(C)CCC[C@@](C)(CNCC3CCCCN3)C1CC2,"C1_PLATINUM-1,3-DIVINYL-1,1,3,3-TETRAMETHYLDISILOXANE COMPLEX, IN XYLENES",C=C[Si](C)(C)O[Si](C)(C)C=C.[Pt],0.15,L1_Davephos,CN(C)c1ccccc1-c1ccccc1P(C1CCCCC1)C1CCCCC1,0.005,None,None,None,None,None,None,None,None,None,O1_phenylsilane,C1=CC=C(C=C1)[Si]ÔøΩÔøΩ,0.6,None,None,None,None,None,None,none,100,none,0,UPLCMS,F20,0,0,,,,,0,,,5.2,0,0,-26.4,0,0
yk-1536-4-make-product,1536,80,,1536,F,21,"E113_2,2-DIFLUOROPENT-4-ENOIC ACID, 95%",C=CCC(C(=O)O)(F)F,0.2,N2_hydroxydehydroabietylamine,CC(C)C(C(O)=C1)=CC2=C1[C@]3(C)C(CC2)[C@](C)(CN)CCC3,0.1,,C=CCC(F)(F)CNC[C@]1(C)CCC[C@]2(C)c3cc(O)c(C(C)C)cc3CCC12,"C1_PLATINUM-1,3-DIVINYL-1,1,3,3-TETRAMETHYLDISILOXANE COMPLEX, IN XYLENES",C=C[Si](C)(C)O[Si](C)(C)C=C.[Pt],0.15,L1_Davephos,CN(C)c1ccccc1-c1ccccc1P(C1CCCCC1)C1CCCCC1,0.005,None,None,None,None,None,None,None,None,None,O1_phenylsilane,C1=CC=C(C=C1)[Si]ÔøΩÔøΩ,0.6,None,None,None,None,None,None,none,100,none,0,UPLCMS,F21,0,0,,,,,0,,,0.3,0,0,-13.1,0,0
yk-1536-4-make-product,1536,80,,1536,F,22,E244_Pyridazine-4-carboxylic acid,C1=CN=NC=C1C(=O)O,0.2,N2_hydroxydehydroabietylamine,CC(C)C(C(O)=C1)=CC2=C1[C@]3(C)C(CC2)[C@](C)(CN)CCC3,0.1,,CC(C)c1cc2c(cc1O)[C@@]1(C)CCC[C@@](C)(CNCc3ccnnc3)C1CC2,"C1_PLATINUM-1,3-DIVINYL-1,1,3,3-TETRAMETHYLDISILOXANE COMPLEX, IN XYLENES",C=C[Si](C)(C)O[Si](C)(C)C=C.[Pt],0.15,L1_Davephos,CN(C)c1ccccc1-c1ccccc1P(C1CCCCC1)C1CCCCC1,0.005,None,None,None,None,None,None,None,None,None,O1_phenylsilane,C1=CC=C(C=C1)[Si]ÔøΩÔøΩ,0.6,None,None,None,None,None,None,none,100,none,0,UPLCMS,F22,0,0,,,,,0,,,8.5,0,0,-15.6,0,0
yk-1536-4-make-product,1536,80,,1536,F,23,E326_Blank6,O=CO,0.2,N2_hydroxydehydroabietylamine,CC(C)C(C(O)=C1)=CC2=C1[C@]3(C)C(CC2)[C@](C)(CN)CCC3,0.1,MainProduct[543],CC(C)C(C(O)=C1)=CC2=C1[C@]3(C)C(CC2)[C@](C)(CN)CCC3,"C1_PLATINUM-1,3-DIVINYL-1,1,3,3-TETRAMETHYLDISILOXANE COMPLEX, IN XYLENES",C=C[Si](C)(C)O[Si](C)(C)C=C.[Pt],0.15,L1_Davephos,CN(C)c1ccccc1-c1ccccc1P(C1CCCCC1)C1CCCCC1,0.005,None,None,None,None,None,None,None,None,None,O1_phenylsilane,C1=CC=C(C=C1)[Si]ÔøΩÔøΩ,0.6,None,None,None,None,None,None,none,100,none,0,UPLCMS,F23,0,755647.991,,,,,751801.1251,,,0,7.6,100,0,0,0
yk-1536-4-make-product,1536,80,,1536,F,24,E358_Blank38,O=CO,0.2,N2_hydroxydehydroabietylamine,CC(C)C(C(O)=C1)=CC2=C1[C@]3(C)C(CC2)[C@](C)(CN)CCC3,0.1,MainProduct[544],CC(C)C(C(O)=C1)=CC2=C1[C@]3(C)C(CC2)[C@](C)(CN)CCC3,"C1_PLATINUM-1,3-DIVINYL-1,1,3,3-TETRAMETHYLDISILOXANE COMPLEX, IN XYLENES",C=C[Si](C)(C)O[Si](C)(C)C=C.[Pt],0.15,L1_Davephos,CN(C)c1ccccc1-c1ccccc1P(C1CCCCC1)C1CCCCC1,0.005,None,None,None,None,None,None,None,None,None,O1_phenylsilane,C1=CC=C(C=C1)[Si]ÔøΩÔøΩ,0.6,None,None,None,None,None,None,none,100,none,0,UPLCMS,F24,0,0,,,,,0,,,0,0,0,0,0,0
yk-1536-4-make-product,1536,80,,1536,F,25,"E7_1-METHYLINDOLE-3-CARBOXYLIC ACID, 97%",CN1C=C(C2=CC=CC=C21)C(=O)O,0.2,N3_Scaffold 7,CC(C)C1=CC2=CCC3[C@](C)(CN)CCC[C@]3(C)C2CC1,0.1,MainProduct[545],CC(C)C1=CC2=CCC3[C@](C)(CNCc4cn(C)c5ccccc45)CCC[C@]3(C)C2CC1,"C1_PLATINUM-1,3-DIVINYL-1,1,3,3-TETRAMETHYLDISILOXANE COMPLEX, IN XYLENES",C=C[Si](C)(C)O[Si](C)(C)C=C.[Pt],0.15,L1_Davephos,CN(C)c1ccccc1-c1ccccc1P(C1CCCCC1)C1CCCCC1,0.005,None,None,None,None,None,None,None,None,None,O1_phenylsilane,C1=CC=C(C=C1)[Si]ÔøΩÔøΩ,0.6,None,None,None,None,None,None,none,100,none,0,UPLCMS,F25,356282.0934,819311.8027,560507.7935,1119771.441,0,0,0,0,0,11.2,8.2,42.2,42.3,1,0
yk-1536-4-make-product,1536,80,,1536,F,26,"E60_3,4-DICHLOROBENZOIC ACID, 95%",C1=CC(=C(C=C1C(=O)O)Cl)Cl,0.2,N3_Scaffold 7,CC(C)C1=CC2=CCC3[C@](C)(CN)CCC[C@]3(C)C2CC1,0.1,MainProduct[546],CC(C)C1=CC2=CCC3[C@](C)(CNCc4ccc(Cl)c(Cl)c4)CCC[C@]3(C)C2CC1,"C1_PLATINUM-1,3-DIVINYL-1,1,3,3-TETRAMETHYLDISILOXANE COMPLEX, IN XYLENES",C=C[Si](C)(C)O[Si](C)(C)C=C.[Pt],0.15,L1_Davephos,CN(C)c1ccccc1-c1ccccc1P(C1CCCCC1)C1CCCCC1,0.005,None,None,None,None,None,None,None,None,None,O1_phenylsilane,C1=CC=C(C=C1)[Si]ÔøΩÔøΩ,0.6,None,None,None,None,None,None,none,100,none,0,UPLCMS,F26,1552705.809,1245831.134,275909.2409,751988.4993,0,0,0,0,0,7.5,12.5,62.4,10.5,0.17,0
yk-1536-4-make-product,1536,80,,1536,F,27,"E103_5-CHLORO-2-PYRIDINECARBOXYLIC ACID, 97%",C1=CC(=NC=C1Cl)C(=O)O,0.2,N3_Scaffold 7,CC(C)C1=CC2=CCC3[C@](C)(CN)CCC[C@]3(C)C2CC1,0.1,,CC(C)C1=CC2=CCC3[C@](C)(CNCc4ccc(Cl)cn4)CCC[C@]3(C)C2CC1,"C1_PLATINUM-1,3-DIVINYL-1,1,3,3-TETRAMETHYLDISILOXANE COMPLEX, IN XYLENES",C=C[Si](C)(C)O[Si](C)(C)C=C.[Pt],0.15,L1_Davephos,CN(C)c1ccccc1-c1ccccc1P(C1CCCCC1)C1CCCCC1,0.005,None,None,None,None,None,None,None,None,None,O1_phenylsilane,C1=CC=C(C=C1)[Si]ÔøΩÔøΩ,0.6,None,None,None,None,None,None,none,100,none,0,UPLCMS,F27,442121.1479,559911.6244,542804.6402,712581.5326,0,0,0,0,0,7.1,5.6,44.1,9.6,0.22,0
yk-1536-4-make-product,1536,80,,1536,F,28,E148_1-phenylmethoxycarbonylpiperidine-4-carboxylic acid,C1CN(CCC1C(=O)O)C(=O)OCC2=CC=CC=C2,0.2,N3_Scaffold 7,CC(C)C1=CC2=CCC3[C@](C)(CN)CCC[C@]3(C)C2CC1,0.1,,CC(C)C1=CC2=CCC3[C@](C)(CNCC4CCN(C(=O)OCc5ccccc5)CC4)CCC[C@]3(C)C2CC1,"C1_PLATINUM-1,3-DIVINYL-1,1,3,3-TETRAMETHYLDISILOXANE COMPLEX, IN XYLENES",C=C[Si](C)(C)O[Si](C)(C)C=C.[Pt],0.15,L1_Davephos,CN(C)c1ccccc1-c1ccccc1P(C1CCCCC1)C1CCCCC1,0.005,None,None,None,None,None,None,None,None,None,O1_phenylsilane,C1=CC=C(C=C1)[Si]ÔøΩÔøΩ,0.6,None,None,None,None,None,None,none,100,none,0,UPLCMS,F28,1020272.919,1175285.087,60846.9527,330871.8043,0,0,0,0,0,3.3,11.8,78.1,12.1,0.15,0
yk-1536-4-make-product,1536,80,,1536,F,29,E188_3-phenylpropanoic acid,C1=CC=C(C=C1)CCC(=O)O,0.2,N3_Scaffold 7,CC(C)C1=CC2=CCC3[C@](C)(CN)CCC[C@]3(C)C2CC1,0.1,,CC(C)C1=CC2=CCC3[C@](C)(CNCCCc4ccccc4)CCC[C@]3(C)C2CC1,"C1_PLATINUM-1,3-DIVINYL-1,1,3,3-TETRAMETHYLDISILOXANE COMPLEX, IN XYLENES",C=C[Si](C)(C)O[Si](C)(C)C=C.[Pt],0.15,L1_Davephos,CN(C)c1ccccc1-c1ccccc1P(C1CCCCC1)C1CCCCC1,0.005,None,None,None,None,None,None,None,None,None,O1_phenylsilane,C1=CC=C(C=C1)[Si]ÔøΩÔøΩ,0.6,None,None,None,None,None,None,none,100,none,0,UPLCMS,F29,1877.5533,27266.22481,840275.4708,868023.4475,0,0,0,12772.08648,0,8.7,0.3,3,15.4,5.12,0
yk-1536-4-make-product,1536,80,,1536,F,30,E232_2-methoxypyridine-4-carboxylic acid,COC1=NC=CC(=C1)C(=O)O,0.2,N3_Scaffold 7,CC(C)C1=CC2=CCC3[C@](C)(CN)CCC[C@]3(C)C2CC1,0.1,,COc1cc(CNC[C@]2(C)CCC[C@]3(C)C4CCC(C(C)C)=CC4=CCC23)ccn1,"C1_PLATINUM-1,3-DIVINYL-1,1,3,3-TETRAMETHYLDISILOXANE COMPLEX, IN XYLENES",C=C[Si](C)(C)O[Si](C)(C)C=C.[Pt],0.15,L1_Davephos,CN(C)c1ccccc1-c1ccccc1P(C1CCCCC1)C1CCCCC1,0.005,None,None,None,None,None,None,None,None,None,O1_phenylsilane,C1=CC=C(C=C1)[Si]ÔøΩÔøΩ,0.6,None,None,None,None,None,None,none,100,none,0,UPLCMS,F30,776746.8223,3821752.878,874984.8563,1442025.128,0,0,0,0,0,14.4,38.2,72.6,19.7,0.27,0
yk-1536-4-make-product,1536,80,,1536,F,31,"E287_(E)-3,4-Dimethoxycinnamic acid",COC1=C(C=C(C=C1)C=CC(=O)O)OC,0.2,N3_Scaffold 7,CC(C)C1=CC2=CCC3[C@](C)(CN)CCC[C@]3(C)C2CC1,0.1,,COc1ccc(C=CCNC[C@]2(C)CCC[C@]3(C)C4CCC(C(C)C)=CC4=CCC23)cc1OC,"C1_PLATINUM-1,3-DIVINYL-1,1,3,3-TETRAMETHYLDISILOXANE COMPLEX, IN XYLENES",C=C[Si](C)(C)O[Si](C)(C)C=C.[Pt],0.15,L1_Davephos,CN(C)c1ccccc1-c1ccccc1P(C1CCCCC1)C1CCCCC1,0.005,None,None,None,None,None,None,None,None,None,O1_phenylsilane,C1=CC=C(C=C1)[Si]ÔøΩÔøΩ,0.6,None,None,None,None,None,None,none,100,none,0,UPLCMS,F31,1197697.168,1796593.985,193354.9708,434689.1672,0,0,0,67100.50374,0,4.3,18,80.7,4.4,0.05,0
yk-1536-4-make-product,1536,80,,1536,F,32,"E19_DL-PIPECOLINIC ACID, 98%",C1CCNC(C1)C(=O)O,0.2,N3_Scaffold 7,CC(C)C1=CC2=CCC3[C@](C)(CN)CCC[C@]3(C)C2CC1,0.1,,CC(C)C1=CC2=CCC3[C@](C)(CNCC4CCCCN4)CCC[C@]3(C)C2CC1,"C1_PLATINUM-1,3-DIVINYL-1,1,3,3-TETRAMETHYLDISILOXANE COMPLEX, IN XYLENES",C=C[Si](C)(C)O[Si](C)(C)C=C.[Pt],0.15,L1_Davephos,CN(C)c1ccccc1-c1ccccc1P(C1CCCCC1)C1CCCCC1,0.005,None,None,None,None,None,None,None,None,None,O1_phenylsilane,C1=CC=C(C=C1)[Si]ÔøΩÔøΩ,0.6,None,None,None,None,None,None,none,100,none,0,UPLCMS,F32,0,0,843003.3929,889461.1523,0,0,0,2075.75222,0,8.9,0,0,-8.9,0,0
yk-1536-4-make-product,1536,80,,1536,F,33,"E113_2,2-DIFLUOROPENT-4-ENOIC ACID, 95%",C=CCC(C(=O)O)(F)F,0.2,N3_Scaffold 7,CC(C)C1=CC2=CCC3[C@](C)(CN)CCC[C@]3(C)C2CC1,0.1,,C=CCC(F)(F)CNC[C@]1(C)CCC[C@]2(C)C3CCC(C(C)C)=CC3=CCC12,"C1_PLATINUM-1,3-DIVINYL-1,1,3,3-TETRAMETHYLDISILOXANE COMPLEX, IN XYLENES",C=C[Si](C)(C)O[Si](C)(C)C=C.[Pt],0.15,L1_Davephos,CN(C)c1ccccc1-c1ccccc1P(C1CCCCC1)C1CCCCC1,0.005,None,None,None,None,None,None,None,None,None,O1_phenylsilane,C1=CC=C(C=C1)[Si]ÔøΩÔøΩ,0.6,None,None,None,None,None,None,none,100,none,0,UPLCMS,F33,5661.14761,0,1738525.542,2836938.23,0,0,0,0,0,28.4,0,0,71.7,0,7.49
yk-1536-4-make-product,1536,80,,1536,F,34,E244_Pyridazine-4-carboxylic acid,C1=CN=NC=C1C(=O)O,0.2,N3_Scaffold 7,CC(C)C1=CC2=CCC3[C@](C)(CN)CCC[C@]3(C)C2CC1,0.1,,CC(C)C1=CC2=CCC3[C@](C)(CNCc4ccnnc4)CCC[C@]3(C)C2CC1,"C1_PLATINUM-1,3-DIVINYL-1,1,3,3-TETRAMETHYLDISILOXANE COMPLEX, IN XYLENES",C=C[Si](C)(C)O[Si](C)(C)C=C.[Pt],0.15,L1_Davephos,CN(C)c1ccccc1-c1ccccc1P(C1CCCCC1)C1CCCCC1,0.005,None,None,None,None,None,None,None,None,None,O1_phenylsilane,C1=CC=C(C=C1)[Si]ÔøΩÔøΩ,0.6,None,None,None,None,None,None,none,100,none,0,UPLCMS,F34,0,0,905017.6083,935075.7773,0,0,0,0,0,9.4,0,0,-4.2,0,0
yk-1536-4-make-product,1536,80,,1536,F,35,E326_Blank6,O=CO,0.2,N3_Scaffold 7,CC(C)C1=CC2=CCC3[C@](C)(CN)CCC[C@]3(C)C2CC1,0.1,MainProduct[556],CC(C)C1=CC2=CCC3[C@](C)(CN)CCC[C@]3(C)C2CC1,"C1_PLATINUM-1,3-DIVINYL-1,1,3,3-TETRAMETHYLDISILOXANE COMPLEX, IN XYLENES",C=C[Si](C)(C)O[Si](C)(C)C=C.[Pt],0.15,L1_Davephos,CN(C)c1ccccc1-c1ccccc1P(C1CCCCC1)C1CCCCC1,0.005,None,None,None,None,None,None,None,None,None,O1_phenylsilane,C1=CC=C(C=C1)[Si]ÔøΩÔøΩ,0.6,None,None,None,None,None,None,none,100,none,0,UPLCMS,F35,0,1218543.792,0,0,0,0,1196176.549,0,0,0,12.2,100,0,0,0
yk-1536-4-make-product,1536,80,,1536,F,36,E358_Blank38,O=CO,0.2,N3_Scaffold 7,CC(C)C1=CC2=CCC3[C@](C)(CN)CCC[C@]3(C)C2CC1,0.1,MainProduct[557],CC(C)C1=CC2=CCC3[C@](C)(CN)CCC[C@]3(C)C2CC1,"C1_PLATINUM-1,3-DIVINYL-1,1,3,3-TETRAMETHYLDISILOXANE COMPLEX, IN XYLENES",C=C[Si](C)(C)O[Si](C)(C)C=C.[Pt],0.15,L1_Davephos,CN(C)c1ccccc1-c1ccccc1P(C1CCCCC1)C1CCCCC1,0.005,None,None,None,None,None,None,None,None,None,O1_phenylsilane,C1=CC=C(C=C1)[Si]ÔøΩÔøΩ,0.6,None,None,None,None,None,None,none,100,none,0,UPLCMS,F36,0,0,0,0,0,0,0,0,0,0,0,0,0,0,0
yk-1536-4-make-product,1536,80,,1536,F,37,"E7_1-METHYLINDOLE-3-CARBOXYLIC ACID, 97%",CN1C=C(C2=CC=CC=C21)C(=O)O,0.2,N4_Scaffold 6,CCNC[C@@]1(C)C2[C@](C)(CCC1)c3c(CC2)cc(C(C)C)c(c3)N,0.1,MainProduct[558],CCNC[C@]1(C)CCC[C@]2(C)c3cc(NCc4cn(C)c5ccccc45)c(C(C)C)cc3CCC12,"C1_PLATINUM-1,3-DIVINYL-1,1,3,3-TETRAMETHYLDISILOXANE COMPLEX, IN XYLENES",C=C[Si](C)(C)O[Si](C)(C)C=C.[Pt],0.15,L1_Davephos,CN(C)c1ccccc1-c1ccccc1P(C1CCCCC1)C1CCCCC1,0.005,None,None,None,None,None,None,None,None,None,O1_phenylsilane,C1=CC=C(C=C1)[Si]ÔøΩÔøΩ,0.6,None,None,None,None,None,None,none,100,none,0,UPLCMS,F37,169382.7201,0,0,0,1813402.333,1512181.338,0,0,0,15.1,0,0,2.5,0,0
yk-1536-4-make-product,1536,80,,1536,F,38,"E60_3,4-DICHLOROBENZOIC ACID, 95%",C1=CC(=C(C=C1C(=O)O)Cl)Cl,0.2,N4_Scaffold 6,CCNC[C@@]1(C)C2[C@](C)(CCC1)c3c(CC2)cc(C(C)C)c(c3)N,0.1,,CCNC[C@]1(C)CCC[C@]2(C)c3cc(NCc4ccc(Cl)c(Cl)c4)c(C(C)C)cc3CCC12,"C1_PLATINUM-1,3-DIVINYL-1,1,3,3-TETRAMETHYLDISILOXANE COMPLEX, IN XYLENES",C=C[Si](C)(C)O[Si](C)(C)C=C.[Pt],0.15,L1_Davephos,CN(C)c1ccccc1-c1ccccc1P(C1CCCCC1)C1CCCCC1,0.005,None,None,None,None,None,None,None,None,None,O1_phenylsilane,C1=CC=C(C=C1)[Si]ÔøΩÔøΩ,0.6,None,None,None,None,None,None,none,100,none,0,UPLCMS,F38,180023.1191,761236.317,0,0,1606829.997,1459257.125,189756.2367,0,0,14.6,7.6,34.3,2.3,0.07,0
yk-1536-4-make-product,1536,80,,1536,F,39,"E103_5-CHLORO-2-PYRIDINECARBOXYLIC ACID, 97%",C1=CC(=NC=C1Cl)C(=O)O,0.2,N4_Scaffold 6,CCNC[C@@]1(C)C2[C@](C)(CCC1)c3c(CC2)cc(C(C)C)c(c3)N,0.1,,CCNC[C@]1(C)CCC[C@]2(C)c3cc(NCc4ccc(Cl)cn4)c(C(C)C)cc3CCC12,"C1_PLATINUM-1,3-DIVINYL-1,1,3,3-TETRAMETHYLDISILOXANE COMPLEX, IN XYLENES",C=C[Si](C)(C)O[Si](C)(C)C=C.[Pt],0.15,L1_Davephos,CN(C)c1ccccc1-c1ccccc1P(C1CCCCC1)C1CCCCC1,0.005,None,None,None,None,None,None,None,None,None,O1_phenylsilane,C1=CC=C(C=C1)[Si]ÔøΩÔøΩ,0.6,None,None,None,None,None,None,none,100,none,0,UPLCMS,F39,47550.3886,333498.9467,0,0,2000811.865,1916510.515,0,0,0,19.2,3.3,14.8,9.1,0.61,0
yk-1536-4-make-product,1536,80,,1536,F,40,E148_1-phenylmethoxycarbonylpiperidine-4-carboxylic acid,C1CN(CCC1C(=O)O)C(=O)OCC2=CC=CC=C2,0.2,N4_Scaffold 6,CCNC[C@@]1(C)C2[C@](C)(CCC1)c3c(CC2)cc(C(C)C)c(c3)N,0.1,,CCNC[C@]1(C)CCC[C@]2(C)c3cc(NCC4CCN(C(=O)OCc5ccccc5)CC4)c(C(C)C)cc3CCC12,"C1_PLATINUM-1,3-DIVINYL-1,1,3,3-TETRAMETHYLDISILOXANE COMPLEX, IN XYLENES",C=C[Si](C)(C)O[Si](C)(C)C=C.[Pt],0.15,L1_Davephos,CN(C)c1ccccc1-c1ccccc1P(C1CCCCC1)C1CCCCC1,0.005,None,None,None,None,None,None,None,None,None,O1_phenylsilane,C1=CC=C(C=C1)[Si]ÔøΩÔøΩ,0.6,None,None,None,None,None,None,none,100,none,0,UPLCMS,F40,692423.6217,794294.438,0,0,513775.5131,483524.5231,0,0,0,4.8,7.9,62.3,-12.2,-0.2,0
yk-1536-4-make-product,1536,80,,1536,F,41,E188_3-phenylpropanoic acid,C1=CC=C(C=C1)CCC(=O)O,0.2,N4_Scaffold 6,CCNC[C@@]1(C)C2[C@](C)(CCC1)c3c(CC2)cc(C(C)C)c(c3)N,0.1,,CCNC[C@]1(C)CCC[C@]2(C)c3cc(NCCCc4ccccc4)c(C(C)C)cc3CCC12,"C1_PLATINUM-1,3-DIVINYL-1,1,3,3-TETRAMETHYLDISILOXANE COMPLEX, IN XYLENES",C=C[Si](C)(C)O[Si](C)(C)C=C.[Pt],0.15,L1_Davephos,CN(C)c1ccccc1-c1ccccc1P(C1CCCCC1)C1CCCCC1,0.005,None,None,None,None,None,None,None,None,None,O1_phenylsilane,C1=CC=C(C=C1)[Si]ÔøΩÔøΩ,0.6,None,None,None,None,None,None,none,100,none,0,UPLCMS,F41,0,0,0,0,831095.4466,847150.9775,0,0,0,8.5,0,0,-23.5,0,0
yk-1536-4-make-product,1536,80,,1536,F,42,E232_2-methoxypyridine-4-carboxylic acid,COC1=NC=CC(=C1)C(=O)O,0.2,N4_Scaffold 6,CCNC[C@@]1(C)C2[C@](C)(CCC1)c3c(CC2)cc(C(C)C)c(c3)N,0.1,,CCNC[C@]1(C)CCC[C@]2(C)c3cc(NCc4ccnc(OC)c4)c(C(C)C)cc3CCC12,"C1_PLATINUM-1,3-DIVINYL-1,1,3,3-TETRAMETHYLDISILOXANE COMPLEX, IN XYLENES",C=C[Si](C)(C)O[Si](C)(C)C=C.[Pt],0.15,L1_Davephos,CN(C)c1ccccc1-c1ccccc1P(C1CCCCC1)C1CCCCC1,0.005,None,None,None,None,None,None,None,None,None,O1_phenylsilane,C1=CC=C(C=C1)[Si]ÔøΩÔøΩ,0.6,None,None,None,None,None,None,none,100,none,0,UPLCMS,F42,188006.3725,1128008.123,0,0,2137917.168,1818462.179,0,0,0,18.2,11.3,38.3,4.8,0.13,0
yk-1536-4-make-product,1536,80,,1536,F,43,"E287_(E)-3,4-Dimethoxycinnamic acid",COC1=C(C=C(C=C1)C=CC(=O)O)OC,0.2,N4_Scaffold 6,CCNC[C@@]1(C)C2[C@](C)(CCC1)c3c(CC2)cc(C(C)C)c(c3)N,0.1,,CCNC[C@]1(C)CCC[C@]2(C)c3cc(NCC=Cc4ccc(OC)c(OC)c4)c(C(C)C)cc3CCC12,"C1_PLATINUM-1,3-DIVINYL-1,1,3,3-TETRAMETHYLDISILOXANE COMPLEX, IN XYLENES",C=C[Si](C)(C)O[Si](C)(C)C=C.[Pt],0.15,L1_Davephos,CN(C)c1ccccc1-c1ccccc1P(C1CCCCC1)C1CCCCC1,0.005,None,None,None,None,None,None,None,None,None,O1_phenylsilane,C1=CC=C(C=C1)[Si]ÔøΩÔøΩ,0.6,None,None,None,None,None,None,none,100,none,0,UPLCMS,F43,742934.4821,1454859.609,0,0,1609616.592,1510170.698,61918.28214,0,0,15.1,14.5,49.1,14,0.28,0
yk-1536-4-make-product,1536,80,,1536,F,44,"E19_DL-PIPECOLINIC ACID, 98%",C1CCNC(C1)C(=O)O,0.2,N4_Scaffold 6,CCNC[C@@]1(C)C2[C@](C)(CCC1)c3c(CC2)cc(C(C)C)c(c3)N,0.1,,CCNC[C@]1(C)CCC[C@]2(C)c3cc(NCC4CCCCN4)c(C(C)C)cc3CCC12,"C1_PLATINUM-1,3-DIVINYL-1,1,3,3-TETRAMETHYLDISILOXANE COMPLEX, IN XYLENES",C=C[Si](C)(C)O[Si](C)(C)C=C.[Pt],0.15,L1_Davephos,CN(C)c1ccccc1-c1ccccc1P(C1CCCCC1)C1CCCCC1,0.005,None,None,None,None,None,None,None,None,None,O1_phenylsilane,C1=CC=C(C=C1)[Si]ÔøΩÔøΩ,0.6,None,None,None,None,None,None,none,100,none,0,UPLCMS,F44,6490.99214,0,0,0,737334.4044,712098.3624,0,0,0,7.1,0,0,-10.7,0,0
yk-1536-4-make-product,1536,80,,1536,F,45,"E113_2,2-DIFLUOROPENT-4-ENOIC ACID, 95%",C=CCC(C(=O)O)(F)F,0.2,N4_Scaffold 6,CCNC[C@@]1(C)C2[C@](C)(CCC1)c3c(CC2)cc(C(C)C)c(c3)N,0.1,,C=CCC(F)(F)CNc1cc2c(cc1C(C)C)CCC1[C@](C)(CNCC)CCC[C@]21C,"C1_PLATINUM-1,3-DIVINYL-1,1,3,3-TETRAMETHYLDISILOXANE COMPLEX, IN XYLENES",C=C[Si](C)(C)O[Si](C)(C)C=C.[Pt],0.15,L1_Davephos,CN(C)c1ccccc1-c1ccccc1P(C1CCCCC1)C1CCCCC1,0.005,None,None,None,None,None,None,None,None,None,O1_phenylsilane,C1=CC=C(C=C1)[Si]ÔøΩÔøΩ,0.6,None,None,None,None,None,None,none,100,none,0,UPLCMS,F45,2950.38436,0,0,0,396767.9822,298112.8773,0,0,0,3,0,0,11.8,0,0
yk-1536-4-make-product,1536,80,,1536,F,46,E244_Pyridazine-4-carboxylic acid,C1=CN=NC=C1C(=O)O,0.2,N4_Scaffold 6,CCNC[C@@]1(C)C2[C@](C)(CCC1)c3c(CC2)cc(C(C)C)c(c3)N,0.1,,CCNC[C@]1(C)CCC[C@]2(C)c3cc(NCc4ccnnc4)c(C(C)C)cc3CCC12,"C1_PLATINUM-1,3-DIVINYL-1,1,3,3-TETRAMETHYLDISILOXANE COMPLEX, IN XYLENES",C=C[Si](C)(C)O[Si](C)(C)C=C.[Pt],0.15,L1_Davephos,CN(C)c1ccccc1-c1ccccc1P(C1CCCCC1)C1CCCCC1,0.005,None,None,None,None,None,None,None,None,None,O1_phenylsilane,C1=CC=C(C=C1)[Si]ÔøΩÔøΩ,0.6,None,None,None,None,None,None,none,100,none,0,UPLCMS,F46,879.4652,31490.34111,0,0,806157.8892,830824.0051,5207.43222,0,0,8.3,0.3,3.7,-15.3,-4.14,0
yk-1536-4-make-product,1536,80,,1536,F,47,E326_Blank6,O=CO,0.2,N4_Scaffold 6,CCNC[C@@]1(C)C2[C@](C)(CCC1)c3c(CC2)cc(C(C)C)c(c3)N,0.1,MainProduct[569],CCNC[C@@]1(C)C2[C@](C)(CCC1)c3c(CC2)cc(C(C)C)c(c3)N,"C1_PLATINUM-1,3-DIVINYL-1,1,3,3-TETRAMETHYLDISILOXANE COMPLEX, IN XYLENES",C=C[Si](C)(C)O[Si](C)(C)C=C.[Pt],0.15,L1_Davephos,CN(C)c1ccccc1-c1ccccc1P(C1CCCCC1)C1CCCCC1,0.005,None,None,None,None,None,None,None,None,None,O1_phenylsilane,C1=CC=C(C=C1)[Si]ÔøΩÔøΩ,0.6,None,None,None,None,None,None,none,100,none,0,UPLCMS,F47,0,980901.6663,0,0,0,0,893393.5577,0,0,0,9.8,100,0,0,0
yk-1536-4-make-product,1536,80,,1536,F,48,E358_Blank38,O=CO,0.2,N4_Scaffold 6,CCNC[C@@]1(C)C2[C@](C)(CCC1)c3c(CC2)cc(C(C)C)c(c3)N,0.1,MainProduct[570],CCNC[C@@]1(C)C2[C@](C)(CCC1)c3c(CC2)cc(C(C)C)c(c3)N,"C1_PLATINUM-1,3-DIVINYL-1,1,3,3-TETRAMETHYLDISILOXANE COMPLEX, IN XYLENES",C=C[Si](C)(C)O[Si](C)(C)C=C.[Pt],0.15,L1_Davephos,CN(C)c1ccccc1-c1ccccc1P(C1CCCCC1)C1CCCCC1,0.005,None,None,None,None,None,None,None,None,None,O1_phenylsilane,C1=CC=C(C=C1)[Si]ÔøΩÔøΩ,0.6,None,None,None,None,None,None,none,100,none,0,UPLCMS,F48,0,0,0,0,0,0,0,0,0,0,0,0,0,0,0
yk-1536-4-make-product,1536,80,,1536,G,1,"E8_4-FLUOROBENZOIC ACID, 98%",C1=CC(=CC=C1C(=O)O)F,0.2,N1_(+)-Dehydroabietylamine,CC(C)c1ccc2c(c1)CC[C@H]1[C@](C)(CN)CCC[C@]21C,0.1,MainProduct[576],CC(C)c1ccc2c(c1)CC[C@H]1[C@](C)(CNCc3ccc(F)cc3)CCC[C@]21C,"C1_PLATINUM-1,3-DIVINYL-1,1,3,3-TETRAMETHYLDISILOXANE COMPLEX, IN XYLENES",C=C[Si](C)(C)O[Si](C)(C)C=C.[Pt],0.15,L1_Davephos,CN(C)c1ccccc1-c1ccccc1P(C1CCCCC1)C1CCCCC1,0.005,None,None,None,None,None,None,None,None,None,O1_phenylsilane,C1=CC=C(C=C1)[Si]ÔøΩÔøΩ,0.6,None,None,None,None,None,None,none,100,none,0,UPLCMS,G1,245386.368,1029662.267,,,,,949129.953,,,38.91,10.3,20.9,87.2,4.17,-12.94
yk-1536-4-make-product,1536,80,,1536,G,2,"E63_5-(FURAN-2-YL)-1,2-OXAZOLE-3-CARBOXYLIC ACID",C1=COC(=C1)C2=CC(=NO2)C(=O)O,0.2,N1_(+)-Dehydroabietylamine,CC(C)c1ccc2c(c1)CC[C@H]1[C@](C)(CN)CCC[C@]21C,0.1,,CC(C)c1ccc2c(c1)CC[C@H]1[C@](C)(CNCc3cc(-c4ccco4)on3)CCC[C@]21C,"C1_PLATINUM-1,3-DIVINYL-1,1,3,3-TETRAMETHYLDISILOXANE COMPLEX, IN XYLENES",C=C[Si](C)(C)O[Si](C)(C)C=C.[Pt],0.15,L1_Davephos,CN(C)c1ccccc1-c1ccccc1P(C1CCCCC1)C1CCCCC1,0.005,None,None,None,None,None,None,None,None,None,O1_phenylsilane,C1=CC=C(C=C1)[Si]ÔøΩÔøΩ,0.6,None,None,None,None,None,None,none,100,none,0,UPLCMS,G2,1349456.486,2012625.359,,,,,851233.3948,,,22.03,20.1,47.7,-17.3,-0.36,0
yk-1536-4-make-product,1536,80,,1536,G,3,"E104_CITRAZINIC ACID, 97%",C1=C(C=C(NC1=O)O)C(=O)O,0.2,N1_(+)-Dehydroabietylamine,CC(C)c1ccc2c(c1)CC[C@H]1[C@](C)(CN)CCC[C@]21C,0.1,,CC(C)c1ccc2c(c1)CC[C@H]1[C@](C)(CNCc3cc(O)[nH]c(=O)c3)CCC[C@]21C,"C1_PLATINUM-1,3-DIVINYL-1,1,3,3-TETRAMETHYLDISILOXANE COMPLEX, IN XYLENES",C=C[Si](C)(C)O[Si](C)(C)C=C.[Pt],0.15,L1_Davephos,CN(C)c1ccccc1-c1ccccc1P(C1CCCCC1)C1CCCCC1,0.005,None,None,None,None,None,None,None,None,None,O1_phenylsilane,C1=CC=C(C=C1)[Si]ÔøΩÔøΩ,0.6,None,None,None,None,None,None,none,100,none,0,UPLCMS,G3,0,0,,,,,0,,,18.99,0,0,-16.2,0,0
yk-1536-4-make-product,1536,80,,1536,G,4,E149_5-(4-chlorophenyl)furan-2-carboxylic acid,C1=CC(=CC=C1C2=CC=C(O2)C(=O)O)Cl,0.2,N1_(+)-Dehydroabietylamine,CC(C)c1ccc2c(c1)CC[C@H]1[C@](C)(CN)CCC[C@]21C,0.1,,CC(C)c1ccc2c(c1)CC[C@H]1[C@](C)(CNCc3ccc(-c4ccc(Cl)cc4)o3)CCC[C@]21C,"C1_PLATINUM-1,3-DIVINYL-1,1,3,3-TETRAMETHYLDISILOXANE COMPLEX, IN XYLENES",C=C[Si](C)(C)O[Si](C)(C)C=C.[Pt],0.15,L1_Davephos,CN(C)c1ccccc1-c1ccccc1P(C1CCCCC1)C1CCCCC1,0.005,None,None,None,None,None,None,None,None,None,O1_phenylsilane,C1=CC=C(C=C1)[Si]ÔøΩÔøΩ,0.6,None,None,None,None,None,None,none,100,none,0,UPLCMS,G4,2549601.492,1928480.152,,,,,0,,,17.39,19.3,52.6,7.8,0.15,0
yk-1536-4-make-product,1536,80,,1536,G,5,E189_2-(4-hydroxy-3-methoxyphenyl)acetic acid,COC1=C(C=CC(=C1)CC(=O)O)O,0.2,N1_(+)-Dehydroabietylamine,CC(C)c1ccc2c(c1)CC[C@H]1[C@](C)(CN)CCC[C@]21C,0.1,,COc1cc(CCNC[C@]2(C)CCC[C@]3(C)c4ccc(C(C)C)cc4CC[C@@H]23)ccc1O,"C1_PLATINUM-1,3-DIVINYL-1,1,3,3-TETRAMETHYLDISILOXANE COMPLEX, IN XYLENES",C=C[Si](C)(C)O[Si](C)(C)C=C.[Pt],0.15,L1_Davephos,CN(C)c1ccccc1-c1ccccc1P(C1CCCCC1)C1CCCCC1,0.005,None,None,None,None,None,None,None,None,None,O1_phenylsilane,C1=CC=C(C=C1)[Si]ÔøΩÔøΩ,0.6,None,None,None,None,None,None,none,100,none,0,UPLCMS,G5,2984945.581,4209617.525,,,,,0,,,11.96,42.1,77.9,45.6,0.59,0
yk-1536-4-make-product,1536,80,,1536,G,6,E233_3-(3-methylphenyl)propanoic acid,CC1=CC(=CC=C1)CCC(=O)O,0.2,N1_(+)-Dehydroabietylamine,CC(C)c1ccc2c(c1)CC[C@H]1[C@](C)(CN)CCC[C@]21C,0.1,,Cc1cccc(CCCNC[C@]2(C)CCC[C@]3(C)c4ccc(C(C)C)cc4CC[C@@H]23)c1,"C1_PLATINUM-1,3-DIVINYL-1,1,3,3-TETRAMETHYLDISILOXANE COMPLEX, IN XYLENES",C=C[Si](C)(C)O[Si](C)(C)C=C.[Pt],0.15,L1_Davephos,CN(C)c1ccccc1-c1ccccc1P(C1CCCCC1)C1CCCCC1,0.005,None,None,None,None,None,None,None,None,None,O1_phenylsilane,C1=CC=C(C=C1)[Si]ÔøΩÔøΩ,0.6,None,None,None,None,None,None,none,100,none,0,UPLCMS,G6,0,0,,,,,0,,,17.72,0,0,4.1,0,0
yk-1536-4-make-product,1536,80,,1536,G,7,E288_(E)-4-Oxo-4-phenylbut-2-enoic acid,C1=CC=C(C=C1)C(=O)C=CC(=O)O,0.2,N1_(+)-Dehydroabietylamine,CC(C)c1ccc2c(c1)CC[C@H]1[C@](C)(CN)CCC[C@]21C,0.1,,CC(C)c1ccc2c(c1)CC[C@H]1[C@](C)(CNCC=CC(=O)c3ccccc3)CCC[C@]21C,"C1_PLATINUM-1,3-DIVINYL-1,1,3,3-TETRAMETHYLDISILOXANE COMPLEX, IN XYLENES",C=C[Si](C)(C)O[Si](C)(C)C=C.[Pt],0.15,L1_Davephos,CN(C)c1ccccc1-c1ccccc1P(C1CCCCC1)C1CCCCC1,0.005,None,None,None,None,None,None,None,None,None,O1_phenylsilane,C1=CC=C(C=C1)[Si]ÔøΩÔøΩ,0.6,None,None,None,None,None,None,none,100,none,0,UPLCMS,G7,359151.2283,0,,,,,61316.77521,,,20.65,0,0,-2.7,0,0
yk-1536-4-make-product,1536,80,,1536,G,8,"E21_2-PHENYLPROPIONIC ACID, 97%",CC(C1=CC=CC=C1)C(=O)O,0.2,N1_(+)-Dehydroabietylamine,CC(C)c1ccc2c(c1)CC[C@H]1[C@](C)(CN)CCC[C@]21C,0.1,,CC(C)c1ccc2c(c1)CC[C@H]1[C@](C)(CNCC(C)c3ccccc3)CCC[C@]21C,"C1_PLATINUM-1,3-DIVINYL-1,1,3,3-TETRAMETHYLDISILOXANE COMPLEX, IN XYLENES",C=C[Si](C)(C)O[Si](C)(C)C=C.[Pt],0.15,L1_Davephos,CN(C)c1ccccc1-c1ccccc1P(C1CCCCC1)C1CCCCC1,0.005,None,None,None,None,None,None,None,None,None,O1_phenylsilane,C1=CC=C(C=C1)[Si]ÔøΩÔøΩ,0.6,None,None,None,None,None,None,none,100,none,0,UPLCMS,G8,631021.2791,403963.865,,,,,0,,,5.16,4,43.9,-17.7,-0.4,0
yk-1536-4-make-product,1536,80,,1536,G,9,"E114_3,3-DIMETHYLBUTYRIC ACID, 98%",CC(C)(C)CC(=O)O,0.2,N1_(+)-Dehydroabietylamine,CC(C)c1ccc2c(c1)CC[C@H]1[C@](C)(CN)CCC[C@]21C,0.1,,CC(C)c1ccc2c(c1)CC[C@H]1[C@](C)(CNCCC(C)(C)C)CCC[C@]21C,"C1_PLATINUM-1,3-DIVINYL-1,1,3,3-TETRAMETHYLDISILOXANE COMPLEX, IN XYLENES",C=C[Si](C)(C)O[Si](C)(C)C=C.[Pt],0.15,L1_Davephos,CN(C)c1ccccc1-c1ccccc1P(C1CCCCC1)C1CCCCC1,0.005,None,None,None,None,None,None,None,None,None,O1_phenylsilane,C1=CC=C(C=C1)[Si]ÔøΩÔøΩ,0.6,None,None,None,None,None,None,none,100,none,0,UPLCMS,G9,1001310.233,570944.3175,,,,,0,,,3.24,5.7,63.8,-4.9,-0.08,0
yk-1536-4-make-product,1536,80,,1536,G,10,E246_Pyrazinecarboxylic acid,C1=CN=C(C=N1)C(=O)O,0.2,N1_(+)-Dehydroabietylamine,CC(C)c1ccc2c(c1)CC[C@H]1[C@](C)(CN)CCC[C@]21C,0.1,,CC(C)c1ccc2c(c1)CC[C@H]1[C@](C)(CNCc3cnccn3)CCC[C@]21C,"C1_PLATINUM-1,3-DIVINYL-1,1,3,3-TETRAMETHYLDISILOXANE COMPLEX, IN XYLENES",C=C[Si](C)(C)O[Si](C)(C)C=C.[Pt],0.15,L1_Davephos,CN(C)c1ccccc1-c1ccccc1P(C1CCCCC1)C1CCCCC1,0.005,None,None,None,None,None,None,None,None,None,O1_phenylsilane,C1=CC=C(C=C1)[Si]ÔøΩÔøΩ,0.6,None,None,None,None,None,None,none,100,none,0,UPLCMS,G10,0,0,,,,,0,,,23.05,0,0,8.3,0,0
yk-1536-4-make-product,1536,80,,1536,G,11,E327_Blank7,O=CO,0.2,N1_(+)-Dehydroabietylamine,CC(C)c1ccc2c(c1)CC[C@H]1[C@](C)(CN)CCC[C@]21C,0.1,MainProduct[578],CC(C)c1ccc2c(c1)CC[C@H]1[C@](C)(CN)CCC[C@]21C,"C1_PLATINUM-1,3-DIVINYL-1,1,3,3-TETRAMETHYLDISILOXANE COMPLEX, IN XYLENES",C=C[Si](C)(C)O[Si](C)(C)C=C.[Pt],0.15,L1_Davephos,CN(C)c1ccccc1-c1ccccc1P(C1CCCCC1)C1CCCCC1,0.005,None,None,None,None,None,None,None,None,None,O1_phenylsilane,C1=CC=C(C=C1)[Si]ÔøΩÔøΩ,0.6,None,None,None,None,None,None,none,100,none,0,UPLCMS,G11,0,1771752.928,,,,,1960952.801,,,0,17.7,100,0,0,0
yk-1536-4-make-product,1536,80,,1536,G,12,E359_Blank39,O=CO,0.2,N1_(+)-Dehydroabietylamine,CC(C)c1ccc2c(c1)CC[C@H]1[C@](C)(CN)CCC[C@]21C,0.1,MainProduct[579],CC(C)c1ccc2c(c1)CC[C@H]1[C@](C)(CN)CCC[C@]21C,"C1_PLATINUM-1,3-DIVINYL-1,1,3,3-TETRAMETHYLDISILOXANE COMPLEX, IN XYLENES",C=C[Si](C)(C)O[Si](C)(C)C=C.[Pt],0.15,L1_Davephos,CN(C)c1ccccc1-c1ccccc1P(C1CCCCC1)C1CCCCC1,0.005,None,None,None,None,None,None,None,None,None,O1_phenylsilane,C1=CC=C(C=C1)[Si]ÔøΩÔøΩ,0.6,None,None,None,None,None,None,none,100,none,0,UPLCMS,G12,0,0,,,,,0,,,0,0,0,0,0,0
yk-1536-4-make-product,1536,80,,1536,G,13,"E8_4-FLUOROBENZOIC ACID, 98%",C1=CC(=CC=C1C(=O)O)F,0.2,N2_hydroxydehydroabietylamine,CC(C)C(C(O)=C1)=CC2=C1[C@]3(C)C(CC2)[C@](C)(CN)CCC3,0.1,,CC(C)c1cc2c(cc1O)[C@@]1(C)CCC[C@@](C)(CNCc3ccc(F)cc3)C1CC2,"C1_PLATINUM-1,3-DIVINYL-1,1,3,3-TETRAMETHYLDISILOXANE COMPLEX, IN XYLENES",C=C[Si](C)(C)O[Si](C)(C)C=C.[Pt],0.15,L1_Davephos,CN(C)c1ccccc1-c1ccccc1P(C1CCCCC1)C1CCCCC1,0.005,None,None,None,None,None,None,None,None,None,O1_phenylsilane,C1=CC=C(C=C1)[Si]ÔøΩÔøΩ,0.6,None,None,None,None,None,None,none,100,none,0,UPLCMS,G13,249508.3198,519000.0045,,,,,0,,,17.88,5.2,22.5,9.4,0.42,0
yk-1536-4-make-product,1536,80,,1536,G,14,"E63_5-(FURAN-2-YL)-1,2-OXAZOLE-3-CARBOXYLIC ACID",C1=COC(=C1)C2=CC(=NO2)C(=O)O,0.2,N2_hydroxydehydroabietylamine,CC(C)C(C(O)=C1)=CC2=C1[C@]3(C)C(CC2)[C@](C)(CN)CCC3,0.1,,CC(C)c1cc2c(cc1O)[C@@]1(C)CCC[C@@](C)(CNCc3cc(-c4ccco4)on3)C1CC2,"C1_PLATINUM-1,3-DIVINYL-1,1,3,3-TETRAMETHYLDISILOXANE COMPLEX, IN XYLENES",C=C[Si](C)(C)O[Si](C)(C)C=C.[Pt],0.15,L1_Davephos,CN(C)c1ccccc1-c1ccccc1P(C1CCCCC1)C1CCCCC1,0.005,None,None,None,None,None,None,None,None,None,O1_phenylsilane,C1=CC=C(C=C1)[Si]ÔøΩÔøΩ,0.6,None,None,None,None,None,None,none,100,none,0,UPLCMS,G14,1206180.024,1266372.498,,,,,0,,,2.02,12.7,86.2,5.3,0.06,0
yk-1536-4-make-product,1536,80,,1536,G,15,"E104_CITRAZINIC ACID, 97%",C1=C(C=C(NC1=O)O)C(=O)O,0.2,N2_hydroxydehydroabietylamine,CC(C)C(C(O)=C1)=CC2=C1[C@]3(C)C(CC2)[C@](C)(CN)CCC3,0.1,,CC(C)c1cc2c(cc1O)[C@@]1(C)CCC[C@@](C)(CNCc3cc(O)[nH]c(=O)c3)C1CC2,"C1_PLATINUM-1,3-DIVINYL-1,1,3,3-TETRAMETHYLDISILOXANE COMPLEX, IN XYLENES",C=C[Si](C)(C)O[Si](C)(C)C=C.[Pt],0.15,L1_Davephos,CN(C)c1ccccc1-c1ccccc1P(C1CCCCC1)C1CCCCC1,0.005,None,None,None,None,None,None,None,None,None,O1_phenylsilane,C1=CC=C(C=C1)[Si]ÔøΩÔøΩ,0.6,None,None,None,None,None,None,none,100,none,0,UPLCMS,G15,0,0,,,,,0,,,10.96,0,0,4.3,0,0
yk-1536-4-make-product,1536,80,,1536,G,16,E149_5-(4-chlorophenyl)furan-2-carboxylic acid,C1=CC(=CC=C1C2=CC=C(O2)C(=O)O)Cl,0.2,N2_hydroxydehydroabietylamine,CC(C)C(C(O)=C1)=CC2=C1[C@]3(C)C(CC2)[C@](C)(CN)CCC3,0.1,,CC(C)c1cc2c(cc1O)[C@@]1(C)CCC[C@@](C)(CNCc3ccc(-c4ccc(Cl)cc4)o3)C1CC2,"C1_PLATINUM-1,3-DIVINYL-1,1,3,3-TETRAMETHYLDISILOXANE COMPLEX, IN XYLENES",C=C[Si](C)(C)O[Si](C)(C)C=C.[Pt],0.15,L1_Davephos,CN(C)c1ccccc1-c1ccccc1P(C1CCCCC1)C1CCCCC1,0.005,None,None,None,None,None,None,None,None,None,O1_phenylsilane,C1=CC=C(C=C1)[Si]ÔøΩÔøΩ,0.6,None,None,None,None,None,None,none,100,none,0,UPLCMS,G16,80444.10216,199782.9828,,,,,0,,,0.25,2,88.9,15.5,0.17,0
yk-1536-4-make-product,1536,80,,1536,G,17,E189_2-(4-hydroxy-3-methoxyphenyl)acetic acid,COC1=C(C=CC(=C1)CC(=O)O)O,0.2,N2_hydroxydehydroabietylamine,CC(C)C(C(O)=C1)=CC2=C1[C@]3(C)C(CC2)[C@](C)(CN)CCC3,0.1,,COc1cc(CCNC[C@]2(C)CCC[C@]3(C)c4cc(O)c(C(C)C)cc4CCC23)ccc1O,"C1_PLATINUM-1,3-DIVINYL-1,1,3,3-TETRAMETHYLDISILOXANE COMPLEX, IN XYLENES",C=C[Si](C)(C)O[Si](C)(C)C=C.[Pt],0.15,L1_Davephos,CN(C)c1ccccc1-c1ccccc1P(C1CCCCC1)C1CCCCC1,0.005,None,None,None,None,None,None,None,None,None,O1_phenylsilane,C1=CC=C(C=C1)[Si]ÔøΩÔøΩ,0.6,None,None,None,None,None,None,none,100,none,0,UPLCMS,G17,39783.95154,131000.6353,,,,,0,,,0,1.3,100,11.6,0.12,0
yk-1536-4-make-product,1536,80,,1536,G,18,E233_3-(3-methylphenyl)propanoic acid,CC1=CC(=CC=C1)CCC(=O)O,0.2,N2_hydroxydehydroabietylamine,CC(C)C(C(O)=C1)=CC2=C1[C@]3(C)C(CC2)[C@](C)(CN)CCC3,0.1,,Cc1cccc(CCCNC[C@]2(C)CCC[C@]3(C)c4cc(O)c(C(C)C)cc4CCC23)c1,"C1_PLATINUM-1,3-DIVINYL-1,1,3,3-TETRAMETHYLDISILOXANE COMPLEX, IN XYLENES",C=C[Si](C)(C)O[Si](C)(C)C=C.[Pt],0.15,L1_Davephos,CN(C)c1ccccc1-c1ccccc1P(C1CCCCC1)C1CCCCC1,0.005,None,None,None,None,None,None,None,None,None,O1_phenylsilane,C1=CC=C(C=C1)[Si]ÔøΩÔøΩ,0.6,None,None,None,None,None,None,none,100,none,0,UPLCMS,G18,0,0,,,,,0,,,3.82,0,0,16.6,0,0
yk-1536-4-make-product,1536,80,,1536,G,19,E288_(E)-4-Oxo-4-phenylbut-2-enoic acid,C1=CC=C(C=C1)C(=O)C=CC(=O)O,0.2,N2_hydroxydehydroabietylamine,CC(C)C(C(O)=C1)=CC2=C1[C@]3(C)C(CC2)[C@](C)(CN)CCC3,0.1,,CC(C)c1cc2c(cc1O)[C@@]1(C)CCC[C@@](C)(CNCC=CC(=O)c3ccccc3)C1CC2,"C1_PLATINUM-1,3-DIVINYL-1,1,3,3-TETRAMETHYLDISILOXANE COMPLEX, IN XYLENES",C=C[Si](C)(C)O[Si](C)(C)C=C.[Pt],0.15,L1_Davephos,CN(C)c1ccccc1-c1ccccc1P(C1CCCCC1)C1CCCCC1,0.005,None,None,None,None,None,None,None,None,None,O1_phenylsilane,C1=CC=C(C=C1)[Si]ÔøΩÔøΩ,0.6,None,None,None,None,None,None,none,100,none,0,UPLCMS,G19,65435.39326,610704.6994,,,,,0,,,0,6.1,100,24.1,0.24,0
yk-1536-4-make-product,1536,80,,1536,G,20,"E21_2-PHENYLPROPIONIC ACID, 97%",CC(C1=CC=CC=C1)C(=O)O,0.2,N2_hydroxydehydroabietylamine,CC(C)C(C(O)=C1)=CC2=C1[C@]3(C)C(CC2)[C@](C)(CN)CCC3,0.1,,CC(C)c1cc2c(cc1O)[C@@]1(C)CCC[C@@](C)(CNCC(C)c3ccccc3)C1CC2,"C1_PLATINUM-1,3-DIVINYL-1,1,3,3-TETRAMETHYLDISILOXANE COMPLEX, IN XYLENES",C=C[Si](C)(C)O[Si](C)(C)C=C.[Pt],0.15,L1_Davephos,CN(C)c1ccccc1-c1ccccc1P(C1CCCCC1)C1CCCCC1,0.005,None,None,None,None,None,None,None,None,None,O1_phenylsilane,C1=CC=C(C=C1)[Si]ÔøΩÔøΩ,0.6,None,None,None,None,None,None,none,100,none,0,UPLCMS,G20,208325.7701,195787.4779,,,,,0,,,0,2,100,23.2,0.23,0
yk-1536-4-make-product,1536,80,,1536,G,21,"E114_3,3-DIMETHYLBUTYRIC ACID, 98%",CC(C)(C)CC(=O)O,0.2,N2_hydroxydehydroabietylamine,CC(C)C(C(O)=C1)=CC2=C1[C@]3(C)C(CC2)[C@](C)(CN)CCC3,0.1,,CC(C)c1cc2c(cc1O)[C@@]1(C)CCC[C@@](C)(CNCCC(C)(C)C)C1CC2,"C1_PLATINUM-1,3-DIVINYL-1,1,3,3-TETRAMETHYLDISILOXANE COMPLEX, IN XYLENES",C=C[Si](C)(C)O[Si](C)(C)C=C.[Pt],0.15,L1_Davephos,CN(C)c1ccccc1-c1ccccc1P(C1CCCCC1)C1CCCCC1,0.005,None,None,None,None,None,None,None,None,None,O1_phenylsilane,C1=CC=C(C=C1)[Si]ÔøΩÔøΩ,0.6,None,None,None,None,None,None,none,100,none,0,UPLCMS,G21,85738.76039,99844.15491,,,,,0,,,0,1,100,28,0.28,0
yk-1536-4-make-product,1536,80,,1536,G,22,E246_Pyrazinecarboxylic acid,C1=CN=C(C=N1)C(=O)O,0.2,N2_hydroxydehydroabietylamine,CC(C)C(C(O)=C1)=CC2=C1[C@]3(C)C(CC2)[C@](C)(CN)CCC3,0.1,,CC(C)c1cc2c(cc1O)[C@@]1(C)CCC[C@@](C)(CNCc3cnccn3)C1CC2,"C1_PLATINUM-1,3-DIVINYL-1,1,3,3-TETRAMETHYLDISILOXANE COMPLEX, IN XYLENES",C=C[Si](C)(C)O[Si](C)(C)C=C.[Pt],0.15,L1_Davephos,CN(C)c1ccccc1-c1ccccc1P(C1CCCCC1)C1CCCCC1,0.005,None,None,None,None,None,None,None,None,None,O1_phenylsilane,C1=CC=C(C=C1)[Si]ÔøΩÔøΩ,0.6,None,None,None,None,None,None,none,100,none,0,UPLCMS,G22,0,0,,,,,0,,,6.72,0,0,27.8,0,0
yk-1536-4-make-product,1536,80,,1536,G,23,E327_Blank7,O=CO,0.2,N2_hydroxydehydroabietylamine,CC(C)C(C(O)=C1)=CC2=C1[C@]3(C)C(CC2)[C@](C)(CN)CCC3,0.1,MainProduct[591],CC(C)C(C(O)=C1)=CC2=C1[C@]3(C)C(CC2)[C@](C)(CN)CCC3,"C1_PLATINUM-1,3-DIVINYL-1,1,3,3-TETRAMETHYLDISILOXANE COMPLEX, IN XYLENES",C=C[Si](C)(C)O[Si](C)(C)C=C.[Pt],0.15,L1_Davephos,CN(C)c1ccccc1-c1ccccc1P(C1CCCCC1)C1CCCCC1,0.005,None,None,None,None,None,None,None,None,None,O1_phenylsilane,C1=CC=C(C=C1)[Si]ÔøΩÔøΩ,0.6,None,None,None,None,None,None,none,100,none,0,UPLCMS,G23,0,442712.0705,,,,,430766.9102,,,0,4.4,100,0,0,0
yk-1536-4-make-product,1536,80,,1536,G,24,E359_Blank39,O=CO,0.2,N2_hydroxydehydroabietylamine,CC(C)C(C(O)=C1)=CC2=C1[C@]3(C)C(CC2)[C@](C)(CN)CCC3,0.1,MainProduct[592],CC(C)C(C(O)=C1)=CC2=C1[C@]3(C)C(CC2)[C@](C)(CN)CCC3,"C1_PLATINUM-1,3-DIVINYL-1,1,3,3-TETRAMETHYLDISILOXANE COMPLEX, IN XYLENES",C=C[Si](C)(C)O[Si](C)(C)C=C.[Pt],0.15,L1_Davephos,CN(C)c1ccccc1-c1ccccc1P(C1CCCCC1)C1CCCCC1,0.005,None,None,None,None,None,None,None,None,None,O1_phenylsilane,C1=CC=C(C=C1)[Si]ÔøΩÔøΩ,0.6,None,None,None,None,None,None,none,100,none,0,UPLCMS,G24,0,0,,,,,0,,,0,0,0,0,0,0
yk-1536-4-make-product,1536,80,,1536,G,25,"E8_4-FLUOROBENZOIC ACID, 98%",C1=CC(=CC=C1C(=O)O)F,0.2,N3_Scaffold 7,CC(C)C1=CC2=CCC3[C@](C)(CN)CCC[C@]3(C)C2CC1,0.1,,CC(C)C1=CC2=CCC3[C@](C)(CNCc4ccc(F)cc4)CCC[C@]3(C)C2CC1,"C1_PLATINUM-1,3-DIVINYL-1,1,3,3-TETRAMETHYLDISILOXANE COMPLEX, IN XYLENES",C=C[Si](C)(C)O[Si](C)(C)C=C.[Pt],0.15,L1_Davephos,CN(C)c1ccccc1-c1ccccc1P(C1CCCCC1)C1CCCCC1,0.005,None,None,None,None,None,None,None,None,None,O1_phenylsilane,C1=CC=C(C=C1)[Si]ÔøΩÔøΩ,0.6,None,None,None,None,None,None,none,100,none,0,UPLCMS,G25,30494.34765,28404.55201,906217.0984,918045.0271,0,0,0,0,0,9.2,0.3,3,-6.8,-2.3,0
yk-1536-4-make-product,1536,80,,1536,G,26,"E63_5-(FURAN-2-YL)-1,2-OXAZOLE-3-CARBOXYLIC ACID",C1=COC(=C1)C2=CC(=NO2)C(=O)O,0.2,N3_Scaffold 7,CC(C)C1=CC2=CCC3[C@](C)(CN)CCC[C@]3(C)C2CC1,0.1,,CC(C)C1=CC2=CCC3[C@](C)(CNCc4cc(-c5ccco5)on4)CCC[C@]3(C)C2CC1,"C1_PLATINUM-1,3-DIVINYL-1,1,3,3-TETRAMETHYLDISILOXANE COMPLEX, IN XYLENES",C=C[Si](C)(C)O[Si](C)(C)C=C.[Pt],0.15,L1_Davephos,CN(C)c1ccccc1-c1ccccc1P(C1CCCCC1)C1CCCCC1,0.005,None,None,None,None,None,None,None,None,None,O1_phenylsilane,C1=CC=C(C=C1)[Si]ÔøΩÔøΩ,0.6,None,None,None,None,None,None,none,100,none,0,UPLCMS,G26,1066721.48,2192728.543,385753.0629,867778.4145,0,0,0,0,0,8.7,21.9,71.6,-0.3,0,0
yk-1536-4-make-product,1536,80,,1536,G,27,"E104_CITRAZINIC ACID, 97%",C1=C(C=C(NC1=O)O)C(=O)O,0.2,N3_Scaffold 7,CC(C)C1=CC2=CCC3[C@](C)(CN)CCC[C@]3(C)C2CC1,0.1,,CC(C)C1=CC2=CCC3[C@](C)(CNCc4cc(O)[nH]c(=O)c4)CCC[C@]3(C)C2CC1,"C1_PLATINUM-1,3-DIVINYL-1,1,3,3-TETRAMETHYLDISILOXANE COMPLEX, IN XYLENES",C=C[Si](C)(C)O[Si](C)(C)C=C.[Pt],0.15,L1_Davephos,CN(C)c1ccccc1-c1ccccc1P(C1CCCCC1)C1CCCCC1,0.005,None,None,None,None,None,None,None,None,None,O1_phenylsilane,C1=CC=C(C=C1)[Si]ÔøΩÔøΩ,0.6,None,None,None,None,None,None,none,100,none,0,UPLCMS,G27,36648.64586,285885.2521,1235677.817,1278819.787,0,0,0,0,0,12.8,2.9,18.3,-13.5,-0.7,0
yk-1536-4-make-product,1536,80,,1536,G,28,E149_5-(4-chlorophenyl)furan-2-carboxylic acid,C1=CC(=CC=C1C2=CC=C(O2)C(=O)O)Cl,0.2,N3_Scaffold 7,CC(C)C1=CC2=CCC3[C@](C)(CN)CCC[C@]3(C)C2CC1,0.1,,CC(C)C1=CC2=CCC3[C@](C)(CNCc4ccc(-c5ccc(Cl)cc5)o4)CCC[C@]3(C)C2CC1,"C1_PLATINUM-1,3-DIVINYL-1,1,3,3-TETRAMETHYLDISILOXANE COMPLEX, IN XYLENES",C=C[Si](C)(C)O[Si](C)(C)C=C.[Pt],0.15,L1_Davephos,CN(C)c1ccccc1-c1ccccc1P(C1CCCCC1)C1CCCCC1,0.005,None,None,None,None,None,None,None,None,None,O1_phenylsilane,C1=CC=C(C=C1)[Si]ÔøΩÔøΩ,0.6,None,None,None,None,None,None,none,100,none,0,UPLCMS,G28,758387.1319,1230605.166,122578.3999,695223.7385,0,0,0,0,0,7,12.3,63.7,-22.4,-0.4,0
yk-1536-4-make-product,1536,80,,1536,G,29,E189_2-(4-hydroxy-3-methoxyphenyl)acetic acid,COC1=C(C=CC(=C1)CC(=O)O)O,0.2,N3_Scaffold 7,CC(C)C1=CC2=CCC3[C@](C)(CN)CCC[C@]3(C)C2CC1,0.1,,COc1cc(CCNC[C@]2(C)CCC[C@]3(C)C4CCC(C(C)C)=CC4=CCC23)ccc1O,"C1_PLATINUM-1,3-DIVINYL-1,1,3,3-TETRAMETHYLDISILOXANE COMPLEX, IN XYLENES",C=C[Si](C)(C)O[Si](C)(C)C=C.[Pt],0.15,L1_Davephos,CN(C)c1ccccc1-c1ccccc1P(C1CCCCC1)C1CCCCC1,0.005,None,None,None,None,None,None,None,None,None,O1_phenylsilane,C1=CC=C(C=C1)[Si]ÔøΩÔøΩ,0.6,None,None,None,None,None,None,none,100,none,0,UPLCMS,G29,1720222.233,4159541.735,83026.77454,854308.0289,0,0,0,12667.52886,0,8.5,41.6,83,53.7,0.6,0
yk-1536-4-make-product,1536,80,,1536,G,30,E233_3-(3-methylphenyl)propanoic acid,CC1=CC(=CC=C1)CCC(=O)O,0.2,N3_Scaffold 7,CC(C)C1=CC2=CCC3[C@](C)(CN)CCC[C@]3(C)C2CC1,0.1,,Cc1cccc(CCCNC[C@]2(C)CCC[C@]3(C)C4CCC(C(C)C)=CC4=CCC23)c1,"C1_PLATINUM-1,3-DIVINYL-1,1,3,3-TETRAMETHYLDISILOXANE COMPLEX, IN XYLENES",C=C[Si](C)(C)O[Si](C)(C)C=C.[Pt],0.15,L1_Davephos,CN(C)c1ccccc1-c1ccccc1P(C1CCCCC1)C1CCCCC1,0.005,None,None,None,None,None,None,None,None,None,O1_phenylsilane,C1=CC=C(C=C1)[Si]ÔøΩÔøΩ,0.6,None,None,None,None,None,None,none,100,none,0,UPLCMS,G30,0,0,940944.4603,979355.8557,0,0,0,0,0,9.8,0,0,12.7,0,0
yk-1536-4-make-product,1536,80,,1536,G,31,E288_(E)-4-Oxo-4-phenylbut-2-enoic acid,C1=CC=C(C=C1)C(=O)C=CC(=O)O,0.2,N3_Scaffold 7,CC(C)C1=CC2=CCC3[C@](C)(CN)CCC[C@]3(C)C2CC1,0.1,,CC(C)C1=CC2=CCC3[C@](C)(CNCC=CC(=O)c4ccccc4)CCC[C@]3(C)C2CC1,"C1_PLATINUM-1,3-DIVINYL-1,1,3,3-TETRAMETHYLDISILOXANE COMPLEX, IN XYLENES",C=C[Si](C)(C)O[Si](C)(C)C=C.[Pt],0.15,L1_Davephos,CN(C)c1ccccc1-c1ccccc1P(C1CCCCC1)C1CCCCC1,0.005,None,None,None,None,None,None,None,None,None,O1_phenylsilane,C1=CC=C(C=C1)[Si]ÔøΩÔøΩ,0.6,None,None,None,None,None,None,none,100,none,0,UPLCMS,G31,50925.49436,0,80389.20777,363081.3887,0,0,0,0,0,3.6,0,0,8.7,0,0
yk-1536-4-make-product,1536,80,,1536,G,32,"E21_2-PHENYLPROPIONIC ACID, 97%",CC(C1=CC=CC=C1)C(=O)O,0.2,N3_Scaffold 7,CC(C)C1=CC2=CCC3[C@](C)(CN)CCC[C@]3(C)C2CC1,0.1,,CC(C)C1=CC2=CCC3[C@](C)(CNCC(C)c4ccccc4)CCC[C@]3(C)C2CC1,"C1_PLATINUM-1,3-DIVINYL-1,1,3,3-TETRAMETHYLDISILOXANE COMPLEX, IN XYLENES",C=C[Si](C)(C)O[Si](C)(C)C=C.[Pt],0.15,L1_Davephos,CN(C)c1ccccc1-c1ccccc1P(C1CCCCC1)C1CCCCC1,0.005,None,None,None,None,None,None,None,None,None,O1_phenylsilane,C1=CC=C(C=C1)[Si]ÔøΩÔøΩ,0.6,None,None,None,None,None,None,none,100,none,0,UPLCMS,G32,713238.4285,730808.2831,52148.24569,187895.7378,0,0,0,0,0,1.9,7.3,79.4,3.2,0,0
yk-1536-4-make-product,1536,80,,1536,G,33,"E114_3,3-DIMETHYLBUTYRIC ACID, 98%",CC(C)(C)CC(=O)O,0.2,N3_Scaffold 7,CC(C)C1=CC2=CCC3[C@](C)(CN)CCC[C@]3(C)C2CC1,0.1,,CC(C)C1=CC2=CCC3[C@](C)(CNCCC(C)(C)C)CCC[C@]3(C)C2CC1,"C1_PLATINUM-1,3-DIVINYL-1,1,3,3-TETRAMETHYLDISILOXANE COMPLEX, IN XYLENES",C=C[Si](C)(C)O[Si](C)(C)C=C.[Pt],0.15,L1_Davephos,CN(C)c1ccccc1-c1ccccc1P(C1CCCCC1)C1CCCCC1,0.005,None,None,None,None,None,None,None,None,None,O1_phenylsilane,C1=CC=C(C=C1)[Si]ÔøΩÔøΩ,0.6,None,None,None,None,None,None,none,100,none,0,UPLCMS,G33,475171.246,478579.0918,121328.4529,165999.6813,0,0,0,0,0,1.7,4.8,73.8,-16.6,-0.2,0
yk-1536-4-make-product,1536,80,,1536,G,34,E246_Pyrazinecarboxylic acid,C1=CN=C(C=N1)C(=O)O,0.2,N3_Scaffold 7,CC(C)C1=CC2=CCC3[C@](C)(CN)CCC[C@]3(C)C2CC1,0.1,,CC(C)C1=CC2=CCC3[C@](C)(CNCc4cnccn4)CCC[C@]3(C)C2CC1,"C1_PLATINUM-1,3-DIVINYL-1,1,3,3-TETRAMETHYLDISILOXANE COMPLEX, IN XYLENES",C=C[Si](C)(C)O[Si](C)(C)C=C.[Pt],0.15,L1_Davephos,CN(C)c1ccccc1-c1ccccc1P(C1CCCCC1)C1CCCCC1,0.005,None,None,None,None,None,None,None,None,None,O1_phenylsilane,C1=CC=C(C=C1)[Si]ÔøΩÔøΩ,0.6,None,None,None,None,None,None,none,100,none,0,UPLCMS,G34,1277.67494,0,834840.945,928716.308,0,0,0,0,0,9.3,0,0,8.6,0,0
yk-1536-4-make-product,1536,80,,1536,G,35,E327_Blank7,O=CO,0.2,N3_Scaffold 7,CC(C)C1=CC2=CCC3[C@](C)(CN)CCC[C@]3(C)C2CC1,0.1,MainProduct[604],CC(C)C1=CC2=CCC3[C@](C)(CN)CCC[C@]3(C)C2CC1,"C1_PLATINUM-1,3-DIVINYL-1,1,3,3-TETRAMETHYLDISILOXANE COMPLEX, IN XYLENES",C=C[Si](C)(C)O[Si](C)(C)C=C.[Pt],0.15,L1_Davephos,CN(C)c1ccccc1-c1ccccc1P(C1CCCCC1)C1CCCCC1,0.005,None,None,None,None,None,None,None,None,None,O1_phenylsilane,C1=CC=C(C=C1)[Si]ÔøΩÔøΩ,0.6,None,None,None,None,None,None,none,100,none,0,UPLCMS,G35,0,1005623.006,0,0,0,0,954921.5511,0,0,0,10.1,100,0,0,0
yk-1536-4-make-product,1536,80,,1536,G,36,E359_Blank39,O=CO,0.2,N3_Scaffold 7,CC(C)C1=CC2=CCC3[C@](C)(CN)CCC[C@]3(C)C2CC1,0.1,MainProduct[605],CC(C)C1=CC2=CCC3[C@](C)(CN)CCC[C@]3(C)C2CC1,"C1_PLATINUM-1,3-DIVINYL-1,1,3,3-TETRAMETHYLDISILOXANE COMPLEX, IN XYLENES",C=C[Si](C)(C)O[Si](C)(C)C=C.[Pt],0.15,L1_Davephos,CN(C)c1ccccc1-c1ccccc1P(C1CCCCC1)C1CCCCC1,0.005,None,None,None,None,None,None,None,None,None,O1_phenylsilane,C1=CC=C(C=C1)[Si]ÔøΩÔøΩ,0.6,None,None,None,None,None,None,none,100,none,0,UPLCMS,G36,0,0,0,0,0,0,0,0,0,0,0,0,0,0,0
yk-1536-4-make-product,1536,80,,1536,G,37,"E8_4-FLUOROBENZOIC ACID, 98%",C1=CC(=CC=C1C(=O)O)F,0.2,N4_Scaffold 6,CCNC[C@@]1(C)C2[C@](C)(CCC1)c3c(CC2)cc(C(C)C)c(c3)N,0.1,,CCNC[C@]1(C)CCC[C@]2(C)c3cc(NCc4ccc(F)cc4)c(C(C)C)cc3CCC12,"C1_PLATINUM-1,3-DIVINYL-1,1,3,3-TETRAMETHYLDISILOXANE COMPLEX, IN XYLENES",C=C[Si](C)(C)O[Si](C)(C)C=C.[Pt],0.15,L1_Davephos,CN(C)c1ccccc1-c1ccccc1P(C1CCCCC1)C1CCCCC1,0.005,None,None,None,None,None,None,None,None,None,O1_phenylsilane,C1=CC=C(C=C1)[Si]ÔøΩÔøΩ,0.6,None,None,None,None,None,None,none,100,none,0,UPLCMS,G37,11250.33945,70939.35538,0,0,882305.5689,926549.8492,0,0,0,9.3,0.7,7.1,-9.1,-1.3,0
yk-1536-4-make-product,1536,80,,1536,G,38,"E63_5-(FURAN-2-YL)-1,2-OXAZOLE-3-CARBOXYLIC ACID",C1=COC(=C1)C2=CC(=NO2)C(=O)O,0.2,N4_Scaffold 6,CCNC[C@@]1(C)C2[C@](C)(CCC1)c3c(CC2)cc(C(C)C)c(c3)N,0.1,,CCNC[C@]1(C)CCC[C@]2(C)c3cc(NCc4cc(-c5ccco5)on4)c(C(C)C)cc3CCC12,"C1_PLATINUM-1,3-DIVINYL-1,1,3,3-TETRAMETHYLDISILOXANE COMPLEX, IN XYLENES",C=C[Si](C)(C)O[Si](C)(C)C=C.[Pt],0.15,L1_Davephos,CN(C)c1ccccc1-c1ccccc1P(C1CCCCC1)C1CCCCC1,0.005,None,None,None,None,None,None,None,None,None,O1_phenylsilane,C1=CC=C(C=C1)[Si]ÔøΩÔøΩ,0.6,None,None,None,None,None,None,none,100,none,0,UPLCMS,G38,46283.50429,876766.6129,0,0,707428.6906,571273.2347,0,0,0,5.7,8.8,60.6,-16.5,-0.3,0
yk-1536-4-make-product,1536,80,,1536,G,39,"E104_CITRAZINIC ACID, 97%",C1=C(C=C(NC1=O)O)C(=O)O,0.2,N4_Scaffold 6,CCNC[C@@]1(C)C2[C@](C)(CCC1)c3c(CC2)cc(C(C)C)c(c3)N,0.1,,CCNC[C@]1(C)CCC[C@]2(C)c3cc(NCc4cc(O)[nH]c(=O)c4)c(C(C)C)cc3CCC12,"C1_PLATINUM-1,3-DIVINYL-1,1,3,3-TETRAMETHYLDISILOXANE COMPLEX, IN XYLENES",C=C[Si](C)(C)O[Si](C)(C)C=C.[Pt],0.15,L1_Davephos,CN(C)c1ccccc1-c1ccccc1P(C1CCCCC1)C1CCCCC1,0.005,None,None,None,None,None,None,None,None,None,O1_phenylsilane,C1=CC=C(C=C1)[Si]ÔøΩÔøΩ,0.6,None,None,None,None,None,None,none,100,none,0,UPLCMS,G39,0,0,0,0,879589.5402,960610.2507,0,0,0,9.6,0,0,-1.4,0,0
yk-1536-4-make-product,1536,80,,1536,G,40,E149_5-(4-chlorophenyl)furan-2-carboxylic acid,C1=CC(=CC=C1C2=CC=C(O2)C(=O)O)Cl,0.2,N4_Scaffold 6,CCNC[C@@]1(C)C2[C@](C)(CCC1)c3c(CC2)cc(C(C)C)c(c3)N,0.1,,CCNC[C@]1(C)CCC[C@]2(C)c3cc(NCc4ccc(-c5ccc(Cl)cc5)o4)c(C(C)C)cc3CCC12,"C1_PLATINUM-1,3-DIVINYL-1,1,3,3-TETRAMETHYLDISILOXANE COMPLEX, IN XYLENES",C=C[Si](C)(C)O[Si](C)(C)C=C.[Pt],0.15,L1_Davephos,CN(C)c1ccccc1-c1ccccc1P(C1CCCCC1)C1CCCCC1,0.005,None,None,None,None,None,None,None,None,None,O1_phenylsilane,C1=CC=C(C=C1)[Si]ÔøΩÔøΩ,0.6,None,None,None,None,None,None,none,100,none,0,UPLCMS,G40,541038.6822,1292786.702,0,0,1523690.759,1229921.668,618888.532,0,0,12.3,12.9,51.2,3.3,0.1,0
yk-1536-4-make-product,1536,80,,1536,G,41,E189_2-(4-hydroxy-3-methoxyphenyl)acetic acid,COC1=C(C=CC(=C1)CC(=O)O)O,0.2,N4_Scaffold 6,CCNC[C@@]1(C)C2[C@](C)(CCC1)c3c(CC2)cc(C(C)C)c(c3)N,0.1,,CCNC[C@]1(C)CCC[C@]2(C)c3cc(NCCc4ccc(O)c(OC)c4)c(C(C)C)cc3CCC12,"C1_PLATINUM-1,3-DIVINYL-1,1,3,3-TETRAMETHYLDISILOXANE COMPLEX, IN XYLENES",C=C[Si](C)(C)O[Si](C)(C)C=C.[Pt],0.15,L1_Davephos,CN(C)c1ccccc1-c1ccccc1P(C1CCCCC1)C1CCCCC1,0.005,None,None,None,None,None,None,None,None,None,O1_phenylsilane,C1=CC=C(C=C1)[Si]ÔøΩÔøΩ,0.6,None,None,None,None,None,None,none,100,none,0,UPLCMS,G41,476626.8281,1364192.964,0,0,1200811.992,1007050.64,253634.3829,0,0,10.1,13.6,57.5,-12.3,-0.2,0
yk-1536-4-make-product,1536,80,,1536,G,42,E233_3-(3-methylphenyl)propanoic acid,CC1=CC(=CC=C1)CCC(=O)O,0.2,N4_Scaffold 6,CCNC[C@@]1(C)C2[C@](C)(CCC1)c3c(CC2)cc(C(C)C)c(c3)N,0.1,,CCNC[C@]1(C)CCC[C@]2(C)c3cc(NCCCc4cccc(C)c4)c(C(C)C)cc3CCC12,"C1_PLATINUM-1,3-DIVINYL-1,1,3,3-TETRAMETHYLDISILOXANE COMPLEX, IN XYLENES",C=C[Si](C)(C)O[Si](C)(C)C=C.[Pt],0.15,L1_Davephos,CN(C)c1ccccc1-c1ccccc1P(C1CCCCC1)C1CCCCC1,0.005,None,None,None,None,None,None,None,None,None,O1_phenylsilane,C1=CC=C(C=C1)[Si]ÔøΩÔøΩ,0.6,None,None,None,None,None,None,none,100,none,0,UPLCMS,G42,0,0,0,0,584049.3429,553979.9641,0,0,0,5.5,0,0,-2.1,0,0
yk-1536-4-make-product,1536,80,,1536,G,43,E288_(E)-4-Oxo-4-phenylbut-2-enoic acid,C1=CC=C(C=C1)C(=O)C=CC(=O)O,0.2,N4_Scaffold 6,CCNC[C@@]1(C)C2[C@](C)(CCC1)c3c(CC2)cc(C(C)C)c(c3)N,0.1,,CCNC[C@]1(C)CCC[C@]2(C)c3cc(NCC=CC(=O)c4ccccc4)c(C(C)C)cc3CCC12,"C1_PLATINUM-1,3-DIVINYL-1,1,3,3-TETRAMETHYLDISILOXANE COMPLEX, IN XYLENES",C=C[Si](C)(C)O[Si](C)(C)C=C.[Pt],0.15,L1_Davephos,CN(C)c1ccccc1-c1ccccc1P(C1CCCCC1)C1CCCCC1,0.005,None,None,None,None,None,None,None,None,None,O1_phenylsilane,C1=CC=C(C=C1)[Si]ÔøΩÔøΩ,0.6,None,None,None,None,None,None,none,100,none,0,UPLCMS,G43,723129.8718,590285.2869,0,0,419378.7681,288322.2288,0,0,0,2.9,5.9,67.1,10.2,0.2,0
yk-1536-4-make-product,1536,80,,1536,G,44,"E21_2-PHENYLPROPIONIC ACID, 97%",CC(C1=CC=CC=C1)C(=O)O,0.2,N4_Scaffold 6,CCNC[C@@]1(C)C2[C@](C)(CCC1)c3c(CC2)cc(C(C)C)c(c3)N,0.1,,CCNC[C@]1(C)CCC[C@]2(C)c3cc(NCC(C)c4ccccc4)c(C(C)C)cc3CCC12,"C1_PLATINUM-1,3-DIVINYL-1,1,3,3-TETRAMETHYLDISILOXANE COMPLEX, IN XYLENES",C=C[Si](C)(C)O[Si](C)(C)C=C.[Pt],0.15,L1_Davephos,CN(C)c1ccccc1-c1ccccc1P(C1CCCCC1)C1CCCCC1,0.005,None,None,None,None,None,None,None,None,None,O1_phenylsilane,C1=CC=C(C=C1)[Si]ÔøΩÔøΩ,0.6,None,None,None,None,None,None,none,100,none,0,UPLCMS,G44,150520.4229,654574.9306,0,0,1356723.424,1440147.268,21026.46523,0,0,14.4,6.5,31.3,18.2,0.6,0
yk-1536-4-make-product,1536,80,,1536,G,45,"E114_3,3-DIMETHYLBUTYRIC ACID, 98%",CC(C)(C)CC(=O)O,0.2,N4_Scaffold 6,CCNC[C@@]1(C)C2[C@](C)(CCC1)c3c(CC2)cc(C(C)C)c(c3)N,0.1,,CCNC[C@]1(C)CCC[C@]2(C)c3cc(NCCC(C)(C)C)c(C(C)C)cc3CCC12,"C1_PLATINUM-1,3-DIVINYL-1,1,3,3-TETRAMETHYLDISILOXANE COMPLEX, IN XYLENES",C=C[Si](C)(C)O[Si](C)(C)C=C.[Pt],0.15,L1_Davephos,CN(C)c1ccccc1-c1ccccc1P(C1CCCCC1)C1CCCCC1,0.005,None,None,None,None,None,None,None,None,None,O1_phenylsilane,C1=CC=C(C=C1)[Si]ÔøΩÔøΩ,0.6,None,None,None,None,None,None,none,100,none,0,UPLCMS,G45,110753.6637,690880.1925,0,0,353041.0656,226686.5214,0,0,0,2.3,6.9,75,12.5,0.2,0
yk-1536-4-make-product,1536,80,,1536,G,46,E246_Pyrazinecarboxylic acid,C1=CN=C(C=N1)C(=O)O,0.2,N4_Scaffold 6,CCNC[C@@]1(C)C2[C@](C)(CCC1)c3c(CC2)cc(C(C)C)c(c3)N,0.1,,CCNC[C@]1(C)CCC[C@]2(C)c3cc(NCc4cnccn4)c(C(C)C)cc3CCC12,"C1_PLATINUM-1,3-DIVINYL-1,1,3,3-TETRAMETHYLDISILOXANE COMPLEX, IN XYLENES",C=C[Si](C)(C)O[Si](C)(C)C=C.[Pt],0.15,L1_Davephos,CN(C)c1ccccc1-c1ccccc1P(C1CCCCC1)C1CCCCC1,0.005,None,None,None,None,None,None,None,None,None,O1_phenylsilane,C1=CC=C(C=C1)[Si]ÔøΩÔøΩ,0.6,None,None,None,None,None,None,none,100,none,0,UPLCMS,G46,0,0,0,0,693370.8134,706095.412,0,0,0,7.1,0,0,10.2,0,0
yk-1536-4-make-product,1536,80,,1536,G,47,E327_Blank7,O=CO,0.2,N4_Scaffold 6,CCNC[C@@]1(C)C2[C@](C)(CCC1)c3c(CC2)cc(C(C)C)c(c3)N,0.1,MainProduct[617],CCNC[C@@]1(C)C2[C@](C)(CCC1)c3c(CC2)cc(C(C)C)c(c3)N,"C1_PLATINUM-1,3-DIVINYL-1,1,3,3-TETRAMETHYLDISILOXANE COMPLEX, IN XYLENES",C=C[Si](C)(C)O[Si](C)(C)C=C.[Pt],0.15,L1_Davephos,CN(C)c1ccccc1-c1ccccc1P(C1CCCCC1)C1CCCCC1,0.005,None,None,None,None,None,None,None,None,None,O1_phenylsilane,C1=CC=C(C=C1)[Si]ÔøΩÔøΩ,0.6,None,None,None,None,None,None,none,100,none,0,UPLCMS,G47,0,632407.4359,0,0,0,0,652509.1038,0,0,0,6.3,100,0,0,0
yk-1536-4-make-product,1536,80,,1536,G,48,E359_Blank39,O=CO,0.2,N4_Scaffold 6,CCNC[C@@]1(C)C2[C@](C)(CCC1)c3c(CC2)cc(C(C)C)c(c3)N,0.1,MainProduct[618],CCNC[C@@]1(C)C2[C@](C)(CCC1)c3c(CC2)cc(C(C)C)c(c3)N,"C1_PLATINUM-1,3-DIVINYL-1,1,3,3-TETRAMETHYLDISILOXANE COMPLEX, IN XYLENES",C=C[Si](C)(C)O[Si](C)(C)C=C.[Pt],0.15,L1_Davephos,CN(C)c1ccccc1-c1ccccc1P(C1CCCCC1)C1CCCCC1,0.005,None,None,None,None,None,None,None,None,None,O1_phenylsilane,C1=CC=C(C=C1)[Si]ÔøΩÔøΩ,0.6,None,None,None,None,None,None,none,100,none,0,UPLCMS,G48,0,0,0,0,0,0,0,0,0,0,0,0,0,0,0
yk-1536-4-make-product,1536,80,,1536,H,1,"E9_4-PHENOXYBENZOIC ACID, 97%",C1=CC=C(C=C1)OC2=CC=C(C=C2)C(=O)O,0.2,N1_(+)-Dehydroabietylamine,CC(C)c1ccc2c(c1)CC[C@H]1[C@](C)(CN)CCC[C@]21C,0.1,,CC(C)c1ccc2c(c1)CC[C@H]1[C@](C)(CNCc3ccc(Oc4ccccc4)cc3)CCC[C@]21C,"C1_PLATINUM-1,3-DIVINYL-1,1,3,3-TETRAMETHYLDISILOXANE COMPLEX, IN XYLENES",C=C[Si](C)(C)O[Si](C)(C)C=C.[Pt],0.15,L1_Davephos,CN(C)c1ccccc1-c1ccccc1P(C1CCCCC1)C1CCCCC1,0.005,None,None,None,None,None,None,None,None,None,O1_phenylsilane,C1=CC=C(C=C1)[Si]ÔøΩÔøΩ,0.6,None,None,None,None,None,None,none,100,none,0,UPLCMS,H1,4554278.822,3908366,,,,,0,,,29.5,39.1,57,39.3,0.69,0
yk-1536-4-make-product,1536,80,,1536,H,2,"E64_2-(FURAN-2-YL)-1,3-THIAZOLE-4-CARBOXYLIC ACID",C1=COC(=C1)C2=NC(=CS2)C(=O)O,0.2,N1_(+)-Dehydroabietylamine,CC(C)c1ccc2c(c1)CC[C@H]1[C@](C)(CN)CCC[C@]21C,0.1,,CC(C)c1ccc2c(c1)CC[C@H]1[C@](C)(CNCc3csc(-c4ccco4)n3)CCC[C@]21C,"C1_PLATINUM-1,3-DIVINYL-1,1,3,3-TETRAMETHYLDISILOXANE COMPLEX, IN XYLENES",C=C[Si](C)(C)O[Si](C)(C)C=C.[Pt],0.15,L1_Davephos,CN(C)c1ccccc1-c1ccccc1P(C1CCCCC1)C1CCCCC1,0.005,None,None,None,None,None,None,None,None,None,O1_phenylsilane,C1=CC=C(C=C1)[Si]ÔøΩÔøΩ,0.6,None,None,None,None,None,None,none,100,none,0,UPLCMS,H2,4759842.919,5936510.571,,,,,1212341.133,,,35.5,59.4,62.6,92.4,1.48,2.04
yk-1536-4-make-product,1536,80,,1536,H,3,"E105_2-(4-CYANOPHENYL)-2,2-DIFLUOROACETIC ACID, 95%",C1=CC(=CC=C1C#N)C(C(=O)O)(F)F,0.2,N1_(+)-Dehydroabietylamine,CC(C)c1ccc2c(c1)CC[C@H]1[C@](C)(CN)CCC[C@]21C,0.1,,CC(C)c1ccc2c(c1)CC[C@H]1[C@](C)(CNCC(F)(F)c3ccc(C#N)cc3)CCC[C@]21C,"C1_PLATINUM-1,3-DIVINYL-1,1,3,3-TETRAMETHYLDISILOXANE COMPLEX, IN XYLENES",C=C[Si](C)(C)O[Si](C)(C)C=C.[Pt],0.15,L1_Davephos,CN(C)c1ccccc1-c1ccccc1P(C1CCCCC1)C1CCCCC1,0.005,None,None,None,None,None,None,None,None,None,O1_phenylsilane,C1=CC=C(C=C1)[Si]ÔøΩÔøΩ,0.6,None,None,None,None,None,None,none,100,none,0,UPLCMS,H3,577565.6886,618518.9436,,,,,0,,,36.4,6.2,14.5,74.4,5.13,-18.02
yk-1536-4-make-product,1536,80,,1536,H,4,E150_2-(3-chlorophenyl)acetic acid,C1=CC(=CC(=C1)Cl)CC(=O)O,0.2,N1_(+)-Dehydroabietylamine,CC(C)c1ccc2c(c1)CC[C@H]1[C@](C)(CN)CCC[C@]21C,0.1,,CC(C)c1ccc2c(c1)CC[C@H]1[C@](C)(CNCCc3cccc(Cl)c3)CCC[C@]21C,"C1_PLATINUM-1,3-DIVINYL-1,1,3,3-TETRAMETHYLDISILOXANE COMPLEX, IN XYLENES",C=C[Si](C)(C)O[Si](C)(C)C=C.[Pt],0.15,L1_Davephos,CN(C)c1ccccc1-c1ccccc1P(C1CCCCC1)C1CCCCC1,0.005,None,None,None,None,None,None,None,None,None,O1_phenylsilane,C1=CC=C(C=C1)[Si]ÔøΩÔøΩ,0.6,None,None,None,None,None,None,none,100,none,0,UPLCMS,H4,4597.84164,0,,,,,0,,,12.2,0,0,8.2,0,0
yk-1536-4-make-product,1536,80,,1536,H,5,E190_2-(3-hydroxy-4-methoxyphenyl)acetic acid,COC1=C(C=C(C=C1)CC(=O)O)O,0.2,N1_(+)-Dehydroabietylamine,CC(C)c1ccc2c(c1)CC[C@H]1[C@](C)(CN)CCC[C@]21C,0.1,,COc1ccc(CCNC[C@]2(C)CCC[C@]3(C)c4ccc(C(C)C)cc4CC[C@@H]23)cc1O,"C1_PLATINUM-1,3-DIVINYL-1,1,3,3-TETRAMETHYLDISILOXANE COMPLEX, IN XYLENES",C=C[Si](C)(C)O[Si](C)(C)C=C.[Pt],0.15,L1_Davephos,CN(C)c1ccccc1-c1ccccc1P(C1CCCCC1)C1CCCCC1,0.005,None,None,None,None,None,None,None,None,None,O1_phenylsilane,C1=CC=C(C=C1)[Si]ÔøΩÔøΩ,0.6,None,None,None,None,None,None,none,100,none,0,UPLCMS,H5,3692903.703,3130168,,,,,178998.4344,,,20.9,31.3,59.9,88.6,1.48,3.52
yk-1536-4-make-product,1536,80,,1536,H,6,E234_naphthalene-2-carboxylic acid,C1=CC=C2C=C(C=CC2=C1)C(=O)O,0.2,N1_(+)-Dehydroabietylamine,CC(C)c1ccc2c(c1)CC[C@H]1[C@](C)(CN)CCC[C@]21C,0.1,,CC(C)c1ccc2c(c1)CC[C@H]1[C@](C)(CNCc3ccc4ccccc4c3)CCC[C@]21C,"C1_PLATINUM-1,3-DIVINYL-1,1,3,3-TETRAMETHYLDISILOXANE COMPLEX, IN XYLENES",C=C[Si](C)(C)O[Si](C)(C)C=C.[Pt],0.15,L1_Davephos,CN(C)c1ccccc1-c1ccccc1P(C1CCCCC1)C1CCCCC1,0.005,None,None,None,None,None,None,None,None,None,O1_phenylsilane,C1=CC=C(C=C1)[Si]ÔøΩÔøΩ,0.6,None,None,None,None,None,None,none,100,none,0,UPLCMS,H6,3810309.294,3350688.795,,,,,0,,,18.6,33.5,64.4,24.7,0.38,0
yk-1536-4-make-product,1536,80,,1536,H,7,E289_3-(4-Bromophenyl)acrylic acid,C1=CC(=CC=C1C=CC(=O)O)Br,0.2,N1_(+)-Dehydroabietylamine,CC(C)c1ccc2c(c1)CC[C@H]1[C@](C)(CN)CCC[C@]21C,0.1,,CC(C)c1ccc2c(c1)CC[C@H]1[C@](C)(CNCC=Cc3ccc(Br)cc3)CCC[C@]21C,"C1_PLATINUM-1,3-DIVINYL-1,1,3,3-TETRAMETHYLDISILOXANE COMPLEX, IN XYLENES",C=C[Si](C)(C)O[Si](C)(C)C=C.[Pt],0.15,L1_Davephos,CN(C)c1ccccc1-c1ccccc1P(C1CCCCC1)C1CCCCC1,0.005,None,None,None,None,None,None,None,None,None,O1_phenylsilane,C1=CC=C(C=C1)[Si]ÔøΩÔøΩ,0.6,None,None,None,None,None,None,none,100,none,0,UPLCMS,H7,2344482.143,2134376.956,,,,,0,,,11.1,21.3,65.8,6,0.09,0
yk-1536-4-make-product,1536,80,,1536,H,8,"E22_3-CYCLOPENTENE-1-CARBOXYLIC ACID, 98%",C1C=CCC1C(=O)O,0.2,N1_(+)-Dehydroabietylamine,CC(C)c1ccc2c(c1)CC[C@H]1[C@](C)(CN)CCC[C@]21C,0.1,,CC(C)c1ccc2c(c1)CC[C@H]1[C@](C)(CNCC3CC=CC3)CCC[C@]21C,"C1_PLATINUM-1,3-DIVINYL-1,1,3,3-TETRAMETHYLDISILOXANE COMPLEX, IN XYLENES",C=C[Si](C)(C)O[Si](C)(C)C=C.[Pt],0.15,L1_Davephos,CN(C)c1ccccc1-c1ccccc1P(C1CCCCC1)C1CCCCC1,0.005,None,None,None,None,None,None,None,None,None,O1_phenylsilane,C1=CC=C(C=C1)[Si]ÔøΩÔøΩ,0.6,None,None,None,None,None,None,none,100,none,0,UPLCMS,H8,614261.1879,576288.823,,,,,20518.64744,,,2.6,5.8,69,-11.7,-0.17,0
yk-1536-4-make-product,1536,80,,1536,H,9,"E115_2,2-DIMETHYL-4-PENTENOIC ACID, 95%",CC(C)(CC=C)C(=O)O,0.2,N1_(+)-Dehydroabietylamine,CC(C)c1ccc2c(c1)CC[C@H]1[C@](C)(CN)CCC[C@]21C,0.1,MainProduct[671],C=CCC(C)(C)CNC[C@]1(C)CCC[C@]2(C)c3ccc(C(C)C)cc3CC[C@@H]12,"C1_PLATINUM-1,3-DIVINYL-1,1,3,3-TETRAMETHYLDISILOXANE COMPLEX, IN XYLENES",C=C[Si](C)(C)O[Si](C)(C)C=C.[Pt],0.15,L1_Davephos,CN(C)c1ccccc1-c1ccccc1P(C1CCCCC1)C1CCCCC1,0.005,None,None,None,None,None,None,None,None,None,O1_phenylsilane,C1=CC=C(C=C1)[Si]ÔøΩÔøΩ,0.6,None,None,None,None,None,None,none,100,none,0,UPLCMS,H9,0,0,,,,,0,,,6.2,0,0,10,0,0
yk-1536-4-make-product,1536,80,,1536,H,10,E250_Pyrrole-2-carboxylic acid,C1=CNC(=C1)C(=O)O,0.2,N1_(+)-Dehydroabietylamine,CC(C)c1ccc2c(c1)CC[C@H]1[C@](C)(CN)CCC[C@]21C,0.1,,CC(C)c1ccc2c(c1)CC[C@H]1[C@](C)(CNCc3ccc[nH]3)CCC[C@]21C,"C1_PLATINUM-1,3-DIVINYL-1,1,3,3-TETRAMETHYLDISILOXANE COMPLEX, IN XYLENES",C=C[Si](C)(C)O[Si](C)(C)C=C.[Pt],0.15,L1_Davephos,CN(C)c1ccccc1-c1ccccc1P(C1CCCCC1)C1CCCCC1,0.005,None,None,None,None,None,None,None,None,None,O1_phenylsilane,C1=CC=C(C=C1)[Si]ÔøΩÔøΩ,0.6,None,None,None,None,None,None,none,100,none,0,UPLCMS,H10,14832.07266,0,,,,,0,,,20.4,0,0,13.2,0,0
yk-1536-4-make-product,1536,80,,1536,H,11,E328_Blank8,O=CO,0.2,N1_(+)-Dehydroabietylamine,CC(C)c1ccc2c(c1)CC[C@H]1[C@](C)(CN)CCC[C@]21C,0.1,MainProduct[626],CC(C)c1ccc2c(c1)CC[C@H]1[C@](C)(CN)CCC[C@]21C,"C1_PLATINUM-1,3-DIVINYL-1,1,3,3-TETRAMETHYLDISILOXANE COMPLEX, IN XYLENES",C=C[Si](C)(C)O[Si](C)(C)C=C.[Pt],0.15,L1_Davephos,CN(C)c1ccccc1-c1ccccc1P(C1CCCCC1)C1CCCCC1,0.005,None,None,None,None,None,None,None,None,None,O1_phenylsilane,C1=CC=C(C=C1)[Si]ÔøΩÔøΩ,0.6,None,None,None,None,None,None,none,100,none,0,UPLCMS,H11,0,2190835.741,,,,,2189024.725,,,0,21.9,100,0,0,0
yk-1536-4-make-product,1536,80,,1536,H,12,E360_Blank40,O=CO,0.2,N1_(+)-Dehydroabietylamine,CC(C)c1ccc2c(c1)CC[C@H]1[C@](C)(CN)CCC[C@]21C,0.1,MainProduct[627],CC(C)c1ccc2c(c1)CC[C@H]1[C@](C)(CN)CCC[C@]21C,"C1_PLATINUM-1,3-DIVINYL-1,1,3,3-TETRAMETHYLDISILOXANE COMPLEX, IN XYLENES",C=C[Si](C)(C)O[Si](C)(C)C=C.[Pt],0.15,L1_Davephos,CN(C)c1ccccc1-c1ccccc1P(C1CCCCC1)C1CCCCC1,0.005,None,None,None,None,None,None,None,None,None,O1_phenylsilane,C1=CC=C(C=C1)[Si]ÔøΩÔøΩ,0.6,None,None,None,None,None,None,none,100,none,0,UPLCMS,H12,0,0,,,,,0,,,0,0,0,0,0,0
yk-1536-4-make-product,1536,80,,1536,H,13,"E9_4-PHENOXYBENZOIC ACID, 97%",C1=CC=C(C=C1)OC2=CC=C(C=C2)C(=O)O,0.2,N2_hydroxydehydroabietylamine,CC(C)C(C(O)=C1)=CC2=C1[C@]3(C)C(CC2)[C@](C)(CN)CCC3,0.1,,CC(C)c1cc2c(cc1O)[C@@]1(C)CCC[C@@](C)(CNCc3ccc(Oc4ccccc4)cc3)C1CC2,"C1_PLATINUM-1,3-DIVINYL-1,1,3,3-TETRAMETHYLDISILOXANE COMPLEX, IN XYLENES",C=C[Si](C)(C)O[Si](C)(C)C=C.[Pt],0.15,L1_Davephos,CN(C)c1ccccc1-c1ccccc1P(C1CCCCC1)C1CCCCC1,0.005,None,None,None,None,None,None,None,None,None,O1_phenylsilane,C1=CC=C(C=C1)[Si]ÔøΩÔøΩ,0.6,None,None,None,None,None,None,none,100,none,0,UPLCMS,H13,1829668.922,1801023.564,,,,,0,,,0,18,100,4.5,0.05,0
yk-1536-4-make-product,1536,80,,1536,H,14,"E64_2-(FURAN-2-YL)-1,3-THIAZOLE-4-CARBOXYLIC ACID",C1=COC(=C1)C2=NC(=CS2)C(=O)O,0.2,N2_hydroxydehydroabietylamine,CC(C)C(C(O)=C1)=CC2=C1[C@]3(C)C(CC2)[C@](C)(CN)CCC3,0.1,,CC(C)c1cc2c(cc1O)[C@@]1(C)CCC[C@@](C)(CNCc3csc(-c4ccco4)n3)C1CC2,"C1_PLATINUM-1,3-DIVINYL-1,1,3,3-TETRAMETHYLDISILOXANE COMPLEX, IN XYLENES",C=C[Si](C)(C)O[Si](C)(C)C=C.[Pt],0.15,L1_Davephos,CN(C)c1ccccc1-c1ccccc1P(C1CCCCC1)C1CCCCC1,0.005,None,None,None,None,None,None,None,None,None,O1_phenylsilane,C1=CC=C(C=C1)[Si]ÔøΩÔøΩ,0.6,None,None,None,None,None,None,none,100,none,0,UPLCMS,H14,56553.06668,413473.9224,,,,,0,,,0,4.1,100,6.6,0.07,0
yk-1536-4-make-product,1536,80,,1536,H,15,"E105_2-(4-CYANOPHENYL)-2,2-DIFLUOROACETIC ACID, 95%",C1=CC(=CC=C1C#N)C(C(=O)O)(F)F,0.2,N2_hydroxydehydroabietylamine,CC(C)C(C(O)=C1)=CC2=C1[C@]3(C)C(CC2)[C@](C)(CN)CCC3,0.1,,CC(C)c1cc2c(cc1O)[C@@]1(C)CCC[C@@](C)(CNCC(F)(F)c3ccc(C#N)cc3)C1CC2,"C1_PLATINUM-1,3-DIVINYL-1,1,3,3-TETRAMETHYLDISILOXANE COMPLEX, IN XYLENES",C=C[Si](C)(C)O[Si](C)(C)C=C.[Pt],0.15,L1_Davephos,CN(C)c1ccccc1-c1ccccc1P(C1CCCCC1)C1CCCCC1,0.005,None,None,None,None,None,None,None,None,None,O1_phenylsilane,C1=CC=C(C=C1)[Si]ÔøΩÔøΩ,0.6,None,None,None,None,None,None,none,100,none,0,UPLCMS,H15,1004748.533,1071972.391,,,,,0,,,2.2,10.7,82.8,24,0.29,0
yk-1536-4-make-product,1536,80,,1536,H,16,E150_2-(3-chlorophenyl)acetic acid,C1=CC(=CC(=C1)Cl)CC(=O)O,0.2,N2_hydroxydehydroabietylamine,CC(C)C(C(O)=C1)=CC2=C1[C@]3(C)C(CC2)[C@](C)(CN)CCC3,0.1,,CC(C)c1cc2c(cc1O)[C@@]1(C)CCC[C@@](C)(CNCCc3cccc(Cl)c3)C1CC2,"C1_PLATINUM-1,3-DIVINYL-1,1,3,3-TETRAMETHYLDISILOXANE COMPLEX, IN XYLENES",C=C[Si](C)(C)O[Si](C)(C)C=C.[Pt],0.15,L1_Davephos,CN(C)c1ccccc1-c1ccccc1P(C1CCCCC1)C1CCCCC1,0.005,None,None,None,None,None,None,None,None,None,O1_phenylsilane,C1=CC=C(C=C1)[Si]ÔøΩÔøΩ,0.6,None,None,None,None,None,None,none,100,none,0,UPLCMS,H16,21074.61592,33167.75081,,,,,0,,,3.3,0.3,9.1,8.1,0.89,0
yk-1536-4-make-product,1536,80,,1536,H,17,E190_2-(3-hydroxy-4-methoxyphenyl)acetic acid,COC1=C(C=C(C=C1)CC(=O)O)O,0.2,N2_hydroxydehydroabietylamine,CC(C)C(C(O)=C1)=CC2=C1[C@]3(C)C(CC2)[C@](C)(CN)CCC3,0.1,,COc1ccc(CCNC[C@]2(C)CCC[C@]3(C)c4cc(O)c(C(C)C)cc4CCC23)cc1O,"C1_PLATINUM-1,3-DIVINYL-1,1,3,3-TETRAMETHYLDISILOXANE COMPLEX, IN XYLENES",C=C[Si](C)(C)O[Si](C)(C)C=C.[Pt],0.15,L1_Davephos,CN(C)c1ccccc1-c1ccccc1P(C1CCCCC1)C1CCCCC1,0.005,None,None,None,None,None,None,None,None,None,O1_phenylsilane,C1=CC=C(C=C1)[Si]ÔøΩÔøΩ,0.6,None,None,None,None,None,None,none,100,none,0,UPLCMS,H17,17218.02017,0,,,,,0,,,0,0,0,12.6,0,0
yk-1536-4-make-product,1536,80,,1536,H,18,E234_naphthalene-2-carboxylic acid,C1=CC=C2C=C(C=CC2=C1)C(=O)O,0.2,N2_hydroxydehydroabietylamine,CC(C)C(C(O)=C1)=CC2=C1[C@]3(C)C(CC2)[C@](C)(CN)CCC3,0.1,,CC(C)c1cc2c(cc1O)[C@@]1(C)CCC[C@@](C)(CNCc3ccc4ccccc4c3)C1CC2,"C1_PLATINUM-1,3-DIVINYL-1,1,3,3-TETRAMETHYLDISILOXANE COMPLEX, IN XYLENES",C=C[Si](C)(C)O[Si](C)(C)C=C.[Pt],0.15,L1_Davephos,CN(C)c1ccccc1-c1ccccc1P(C1CCCCC1)C1CCCCC1,0.005,None,None,None,None,None,None,None,None,None,O1_phenylsilane,C1=CC=C(C=C1)[Si]ÔøΩÔøΩ,0.6,None,None,None,None,None,None,none,100,none,0,UPLCMS,H18,1381251.867,1325459.776,,,,,0,,,0,13.3,100,13.1,0.13,0
yk-1536-4-make-product,1536,80,,1536,H,19,E289_3-(4-Bromophenyl)acrylic acid,C1=CC(=CC=C1C=CC(=O)O)Br,0.2,N2_hydroxydehydroabietylamine,CC(C)C(C(O)=C1)=CC2=C1[C@]3(C)C(CC2)[C@](C)(CN)CCC3,0.1,,CC(C)c1cc2c(cc1O)[C@@]1(C)CCC[C@@](C)(CNCC=Cc3ccc(Br)cc3)C1CC2,"C1_PLATINUM-1,3-DIVINYL-1,1,3,3-TETRAMETHYLDISILOXANE COMPLEX, IN XYLENES",C=C[Si](C)(C)O[Si](C)(C)C=C.[Pt],0.15,L1_Davephos,CN(C)c1ccccc1-c1ccccc1P(C1CCCCC1)C1CCCCC1,0.005,None,None,None,None,None,None,None,None,None,O1_phenylsilane,C1=CC=C(C=C1)[Si]ÔøΩÔøΩ,0.6,None,None,None,None,None,None,none,100,none,0,UPLCMS,H19,220314.024,217997.5084,,,,,0,,,0,2.2,100,18.5,0.19,0
yk-1536-4-make-product,1536,80,,1536,H,20,"E22_3-CYCLOPENTENE-1-CARBOXYLIC ACID, 98%",C1C=CCC1C(=O)O,0.2,N2_hydroxydehydroabietylamine,CC(C)C(C(O)=C1)=CC2=C1[C@]3(C)C(CC2)[C@](C)(CN)CCC3,0.1,,CC(C)c1cc2c(cc1O)[C@@]1(C)CCC[C@@](C)(CNCC3CC=CC3)C1CC2,"C1_PLATINUM-1,3-DIVINYL-1,1,3,3-TETRAMETHYLDISILOXANE COMPLEX, IN XYLENES",C=C[Si](C)(C)O[Si](C)(C)C=C.[Pt],0.15,L1_Davephos,CN(C)c1ccccc1-c1ccccc1P(C1CCCCC1)C1CCCCC1,0.005,None,None,None,None,None,None,None,None,None,O1_phenylsilane,C1=CC=C(C=C1)[Si]ÔøΩÔøΩ,0.6,None,None,None,None,None,None,none,100,none,0,UPLCMS,H20,0,0,,,,,0,,,0,0,0,26.7,0,0
yk-1536-4-make-product,1536,80,,1536,H,21,"E115_2,2-DIMETHYL-4-PENTENOIC ACID, 95%",CC(C)(CC=C)C(=O)O,0.2,N2_hydroxydehydroabietylamine,CC(C)C(C(O)=C1)=CC2=C1[C@]3(C)C(CC2)[C@](C)(CN)CCC3,0.1,,C=CCC(C)(C)CNC[C@]1(C)CCC[C@]2(C)c3cc(O)c(C(C)C)cc3CCC12,"C1_PLATINUM-1,3-DIVINYL-1,1,3,3-TETRAMETHYLDISILOXANE COMPLEX, IN XYLENES",C=C[Si](C)(C)O[Si](C)(C)C=C.[Pt],0.15,L1_Davephos,CN(C)c1ccccc1-c1ccccc1P(C1CCCCC1)C1CCCCC1,0.005,None,None,None,None,None,None,None,None,None,O1_phenylsilane,C1=CC=C(C=C1)[Si]ÔøΩÔøΩ,0.6,None,None,None,None,None,None,none,100,none,0,UPLCMS,H21,0,0,,,,,0,,,0,0,0,33.5,0,0
yk-1536-4-make-product,1536,80,,1536,H,22,E250_Pyrrole-2-carboxylic acid,C1=CNC(=C1)C(=O)O,0.2,N2_hydroxydehydroabietylamine,CC(C)C(C(O)=C1)=CC2=C1[C@]3(C)C(CC2)[C@](C)(CN)CCC3,0.1,,CC(C)c1cc2c(cc1O)[C@@]1(C)CCC[C@@](C)(CNCc3ccc[nH]3)C1CC2,"C1_PLATINUM-1,3-DIVINYL-1,1,3,3-TETRAMETHYLDISILOXANE COMPLEX, IN XYLENES",C=C[Si](C)(C)O[Si](C)(C)C=C.[Pt],0.15,L1_Davephos,CN(C)c1ccccc1-c1ccccc1P(C1CCCCC1)C1CCCCC1,0.005,None,None,None,None,None,None,None,None,None,O1_phenylsilane,C1=CC=C(C=C1)[Si]ÔøΩÔøΩ,0.6,None,None,None,None,None,None,none,100,none,0,UPLCMS,H22,6557.37884,0,,,,,44210.70087,,,6.6,0,0,39,0,0
yk-1536-4-make-product,1536,80,,1536,H,23,E328_Blank8,O=CO,0.2,N2_hydroxydehydroabietylamine,CC(C)C(C(O)=C1)=CC2=C1[C@]3(C)C(CC2)[C@](C)(CN)CCC3,0.1,MainProduct[639],CC(C)C(C(O)=C1)=CC2=C1[C@]3(C)C(CC2)[C@](C)(CN)CCC3,"C1_PLATINUM-1,3-DIVINYL-1,1,3,3-TETRAMETHYLDISILOXANE COMPLEX, IN XYLENES",C=C[Si](C)(C)O[Si](C)(C)C=C.[Pt],0.15,L1_Davephos,CN(C)c1ccccc1-c1ccccc1P(C1CCCCC1)C1CCCCC1,0.005,None,None,None,None,None,None,None,None,None,O1_phenylsilane,C1=CC=C(C=C1)[Si]ÔøΩÔøΩ,0.6,None,None,None,None,None,None,none,100,none,0,UPLCMS,H23,0,376219.9784,,,,,374195.8894,,,0,3.8,100,0,0,0
yk-1536-4-make-product,1536,80,,1536,H,24,E360_Blank40,O=CO,0.2,N2_hydroxydehydroabietylamine,CC(C)C(C(O)=C1)=CC2=C1[C@]3(C)C(CC2)[C@](C)(CN)CCC3,0.1,MainProduct[640],CC(C)C(C(O)=C1)=CC2=C1[C@]3(C)C(CC2)[C@](C)(CN)CCC3,"C1_PLATINUM-1,3-DIVINYL-1,1,3,3-TETRAMETHYLDISILOXANE COMPLEX, IN XYLENES",C=C[Si](C)(C)O[Si](C)(C)C=C.[Pt],0.15,L1_Davephos,CN(C)c1ccccc1-c1ccccc1P(C1CCCCC1)C1CCCCC1,0.005,None,None,None,None,None,None,None,None,None,O1_phenylsilane,C1=CC=C(C=C1)[Si]ÔøΩÔøΩ,0.6,None,None,None,None,None,None,none,100,none,0,UPLCMS,H24,0,0,,,,,0,,,0,0,0,0,0,0
yk-1536-4-make-product,1536,80,,1536,H,25,"E9_4-PHENOXYBENZOIC ACID, 97%",C1=CC=C(C=C1)OC2=CC=C(C=C2)C(=O)O,0.2,N3_Scaffold 7,CC(C)C1=CC2=CCC3[C@](C)(CN)CCC[C@]3(C)C2CC1,0.1,,CC(C)C1=CC2=CCC3[C@](C)(CNCc4ccc(Oc5ccccc5)cc4)CCC[C@]3(C)C2CC1,"C1_PLATINUM-1,3-DIVINYL-1,1,3,3-TETRAMETHYLDISILOXANE COMPLEX, IN XYLENES",C=C[Si](C)(C)O[Si](C)(C)C=C.[Pt],0.15,L1_Davephos,CN(C)c1ccccc1-c1ccccc1P(C1CCCCC1)C1CCCCC1,0.005,None,None,None,None,None,None,None,None,None,O1_phenylsilane,C1=CC=C(C=C1)[Si]ÔøΩÔøΩ,0.6,None,None,None,None,None,None,none,100,none,0,UPLCMS,H25,2309647.817,2144490.534,125969.2356,554423.1694,0,0,0,0,0,5.5,21.4,79.6,12.8,0.16,0
yk-1536-4-make-product,1536,80,,1536,H,26,"E64_2-(FURAN-2-YL)-1,3-THIAZOLE-4-CARBOXYLIC ACID",C1=COC(=C1)C2=NC(=CS2)C(=O)O,0.2,N3_Scaffold 7,CC(C)C1=CC2=CCC3[C@](C)(CN)CCC[C@]3(C)C2CC1,0.1,,CC(C)C1=CC2=CCC3[C@](C)(CNCc4csc(-c5ccco5)n4)CCC[C@]3(C)C2CC1,"C1_PLATINUM-1,3-DIVINYL-1,1,3,3-TETRAMETHYLDISILOXANE COMPLEX, IN XYLENES",C=C[Si](C)(C)O[Si](C)(C)C=C.[Pt],0.15,L1_Davephos,CN(C)c1ccccc1-c1ccccc1P(C1CCCCC1)C1CCCCC1,0.005,None,None,None,None,None,None,None,None,None,O1_phenylsilane,C1=CC=C(C=C1)[Si]ÔøΩÔøΩ,0.6,None,None,None,None,None,None,none,100,none,0,UPLCMS,H26,2895801.284,4053580.639,171216.9262,776620.106,0,0,0,0,0,7.8,40.5,83.9,21,0.25,0
yk-1536-4-make-product,1536,80,,1536,H,27,"E105_2-(4-CYANOPHENYL)-2,2-DIFLUOROACETIC ACID, 95%",C1=CC(=CC=C1C#N)C(C(=O)O)(F)F,0.2,N3_Scaffold 7,CC(C)C1=CC2=CCC3[C@](C)(CN)CCC[C@]3(C)C2CC1,0.1,,CC(C)C1=CC2=CCC3[C@](C)(CNCC(F)(F)c4ccc(C#N)cc4)CCC[C@]3(C)C2CC1,"C1_PLATINUM-1,3-DIVINYL-1,1,3,3-TETRAMETHYLDISILOXANE COMPLEX, IN XYLENES",C=C[Si](C)(C)O[Si](C)(C)C=C.[Pt],0.15,L1_Davephos,CN(C)c1ccccc1-c1ccccc1P(C1CCCCC1)C1CCCCC1,0.005,None,None,None,None,None,None,None,None,None,O1_phenylsilane,C1=CC=C(C=C1)[Si]ÔøΩÔøΩ,0.6,None,None,None,None,None,None,none,100,none,0,UPLCMS,H27,16456.0591,0,854419.9991,1655191.296,0,0,0,0,0,16.6,0,0,45.1,0,0
yk-1536-4-make-product,1536,80,,1536,H,28,E150_2-(3-chlorophenyl)acetic acid,C1=CC(=CC(=C1)Cl)CC(=O)O,0.2,N3_Scaffold 7,CC(C)C1=CC2=CCC3[C@](C)(CN)CCC[C@]3(C)C2CC1,0.1,,CC(C)C1=CC2=CCC3[C@](C)(CNCCc4cccc(Cl)c4)CCC[C@]3(C)C2CC1,"C1_PLATINUM-1,3-DIVINYL-1,1,3,3-TETRAMETHYLDISILOXANE COMPLEX, IN XYLENES",C=C[Si](C)(C)O[Si](C)(C)C=C.[Pt],0.15,L1_Davephos,CN(C)c1ccccc1-c1ccccc1P(C1CCCCC1)C1CCCCC1,0.005,None,None,None,None,None,None,None,None,None,O1_phenylsilane,C1=CC=C(C=C1)[Si]ÔøΩÔøΩ,0.6,None,None,None,None,None,None,none,100,none,0,UPLCMS,H28,6244.20935,0,1297733.66,1468644.426,0,0,0,0,0,14.7,0,0,31.3,0,0
yk-1536-4-make-product,1536,80,,1536,H,29,E190_2-(3-hydroxy-4-methoxyphenyl)acetic acid,COC1=C(C=C(C=C1)CC(=O)O)O,0.2,N3_Scaffold 7,CC(C)C1=CC2=CCC3[C@](C)(CN)CCC[C@]3(C)C2CC1,0.1,,COc1ccc(CCNC[C@]2(C)CCC[C@]3(C)C4CCC(C(C)C)=CC4=CCC23)cc1O,"C1_PLATINUM-1,3-DIVINYL-1,1,3,3-TETRAMETHYLDISILOXANE COMPLEX, IN XYLENES",C=C[Si](C)(C)O[Si](C)(C)C=C.[Pt],0.15,L1_Davephos,CN(C)c1ccccc1-c1ccccc1P(C1CCCCC1)C1CCCCC1,0.005,None,None,None,None,None,None,None,None,None,O1_phenylsilane,C1=CC=C(C=C1)[Si]ÔøΩÔøΩ,0.6,None,None,None,None,None,None,none,100,none,0,UPLCMS,H29,1839538.564,6134372.685,77624.72624,911532.6847,0,0,0,0,0,9.1,61.3,87.1,66.5,0.76,0
yk-1536-4-make-product,1536,80,,1536,H,30,E234_naphthalene-2-carboxylic acid,C1=CC=C2C=C(C=CC2=C1)C(=O)O,0.2,N3_Scaffold 7,CC(C)C1=CC2=CCC3[C@](C)(CN)CCC[C@]3(C)C2CC1,0.1,,CC(C)C1=CC2=CCC3[C@](C)(CNCc4ccc5ccccc5c4)CCC[C@]3(C)C2CC1,"C1_PLATINUM-1,3-DIVINYL-1,1,3,3-TETRAMETHYLDISILOXANE COMPLEX, IN XYLENES",C=C[Si](C)(C)O[Si](C)(C)C=C.[Pt],0.15,L1_Davephos,CN(C)c1ccccc1-c1ccccc1P(C1CCCCC1)C1CCCCC1,0.005,None,None,None,None,None,None,None,None,None,O1_phenylsilane,C1=CC=C(C=C1)[Si]ÔøΩÔøΩ,0.6,None,None,None,None,None,None,none,100,none,0,UPLCMS,H30,1215137.76,1037961.188,102673.4829,389163.8592,0,0,0,0,0,3.9,10.4,72.7,10.8,0.15,0
yk-1536-4-make-product,1536,80,,1536,H,31,E289_3-(4-Bromophenyl)acrylic acid,C1=CC(=CC=C1C=CC(=O)O)Br,0.2,N3_Scaffold 7,CC(C)C1=CC2=CCC3[C@](C)(CN)CCC[C@]3(C)C2CC1,0.1,MainProduct[648],CC(C)C1=CC2=CCC3[C@](C)(CNCC=Cc4ccc(Br)cc4)CCC[C@]3(C)C2CC1,"C1_PLATINUM-1,3-DIVINYL-1,1,3,3-TETRAMETHYLDISILOXANE COMPLEX, IN XYLENES",C=C[Si](C)(C)O[Si](C)(C)C=C.[Pt],0.15,L1_Davephos,CN(C)c1ccccc1-c1ccccc1P(C1CCCCC1)C1CCCCC1,0.005,None,None,None,None,None,None,None,None,None,O1_phenylsilane,C1=CC=C(C=C1)[Si]ÔøΩÔøΩ,0.6,None,None,None,None,None,None,none,100,none,0,UPLCMS,H31,935553.1269,746739.1952,77867.34429,269651.0866,0,0,0,0,0,2.7,7.5,73.4,11.8,0.16,0
yk-1536-4-make-product,1536,80,,1536,H,32,"E22_3-CYCLOPENTENE-1-CARBOXYLIC ACID, 98%",C1C=CCC1C(=O)O,0.2,N3_Scaffold 7,CC(C)C1=CC2=CCC3[C@](C)(CN)CCC[C@]3(C)C2CC1,0.1,,CC(C)C1=CC2=CCC3[C@](C)(CNCC4CC=CC4)CCC[C@]3(C)C2CC1,"C1_PLATINUM-1,3-DIVINYL-1,1,3,3-TETRAMETHYLDISILOXANE COMPLEX, IN XYLENES",C=C[Si](C)(C)O[Si](C)(C)C=C.[Pt],0.15,L1_Davephos,CN(C)c1ccccc1-c1ccccc1P(C1CCCCC1)C1CCCCC1,0.005,None,None,None,None,None,None,None,None,None,O1_phenylsilane,C1=CC=C(C=C1)[Si]ÔøΩÔøΩ,0.6,None,None,None,None,None,None,none,100,none,0,UPLCMS,H32,121384.8839,138937.1634,36186.98945,62844.82155,0,0,0,0,0,0.6,1.4,69.8,-1.7,-0.02,0
yk-1536-4-make-product,1536,80,,1536,H,33,"E115_2,2-DIMETHYL-4-PENTENOIC ACID, 95%",CC(C)(CC=C)C(=O)O,0.2,N3_Scaffold 7,CC(C)C1=CC2=CCC3[C@](C)(CN)CCC[C@]3(C)C2CC1,0.1,,C=CCC(C)(C)CNC[C@]1(C)CCC[C@]2(C)C3CCC(C(C)C)=CC3=CCC12,"C1_PLATINUM-1,3-DIVINYL-1,1,3,3-TETRAMETHYLDISILOXANE COMPLEX, IN XYLENES",C=C[Si](C)(C)O[Si](C)(C)C=C.[Pt],0.15,L1_Davephos,CN(C)c1ccccc1-c1ccccc1P(C1CCCCC1)C1CCCCC1,0.005,None,None,None,None,None,None,None,None,None,O1_phenylsilane,C1=CC=C(C=C1)[Si]ÔøΩÔøΩ,0.6,None,None,None,None,None,None,none,100,none,0,UPLCMS,H33,32340.11386,0,314616.2815,437279.7202,0,0,0,2669.26621,0,4.4,0,0,12,0,0
yk-1536-4-make-product,1536,80,,1536,H,34,E250_Pyrrole-2-carboxylic acid,C1=CNC(=C1)C(=O)O,0.2,N3_Scaffold 7,CC(C)C1=CC2=CCC3[C@](C)(CN)CCC[C@]3(C)C2CC1,0.1,,CC(C)C1=CC2=CCC3[C@](C)(CNCc4ccc[nH]4)CCC[C@]3(C)C2CC1,"C1_PLATINUM-1,3-DIVINYL-1,1,3,3-TETRAMETHYLDISILOXANE COMPLEX, IN XYLENES",C=C[Si](C)(C)O[Si](C)(C)C=C.[Pt],0.15,L1_Davephos,CN(C)c1ccccc1-c1ccccc1P(C1CCCCC1)C1CCCCC1,0.005,None,None,None,None,None,None,None,None,None,O1_phenylsilane,C1=CC=C(C=C1)[Si]ÔøΩÔøΩ,0.6,None,None,None,None,None,None,none,100,none,0,UPLCMS,H34,44662.45928,0,1141208.996,1167516.471,0,0,79465.45856,2644.74297,0,11.7,0,0,-7.9,0,0
yk-1536-4-make-product,1536,80,,1536,H,35,E328_Blank8,O=CO,0.2,N3_Scaffold 7,CC(C)C1=CC2=CCC3[C@](C)(CN)CCC[C@]3(C)C2CC1,0.1,MainProduct[652],CC(C)C1=CC2=CCC3[C@](C)(CN)CCC[C@]3(C)C2CC1,"C1_PLATINUM-1,3-DIVINYL-1,1,3,3-TETRAMETHYLDISILOXANE COMPLEX, IN XYLENES",C=C[Si](C)(C)O[Si](C)(C)C=C.[Pt],0.15,L1_Davephos,CN(C)c1ccccc1-c1ccccc1P(C1CCCCC1)C1CCCCC1,0.005,None,None,None,None,None,None,None,None,None,O1_phenylsilane,C1=CC=C(C=C1)[Si]ÔøΩÔøΩ,0.6,None,None,None,None,None,None,none,100,none,0,UPLCMS,H35,0,1164916.517,0,0,0,0,1136674.955,0,0,0,11.6,100,0,0,0
yk-1536-4-make-product,1536,80,,1536,H,36,E360_Blank40,O=CO,0.2,N3_Scaffold 7,CC(C)C1=CC2=CCC3[C@](C)(CN)CCC[C@]3(C)C2CC1,0.1,MainProduct[653],CC(C)C1=CC2=CCC3[C@](C)(CN)CCC[C@]3(C)C2CC1,"C1_PLATINUM-1,3-DIVINYL-1,1,3,3-TETRAMETHYLDISILOXANE COMPLEX, IN XYLENES",C=C[Si](C)(C)O[Si](C)(C)C=C.[Pt],0.15,L1_Davephos,CN(C)c1ccccc1-c1ccccc1P(C1CCCCC1)C1CCCCC1,0.005,None,None,None,None,None,None,None,None,None,O1_phenylsilane,C1=CC=C(C=C1)[Si]ÔøΩÔøΩ,0.6,None,None,None,None,None,None,none,100,none,0,UPLCMS,H36,0,0,0,0,0,0,0,0,0,0,0,0,0,0,0
yk-1536-4-make-product,1536,80,,1536,H,37,"E9_4-PHENOXYBENZOIC ACID, 97%",C1=CC=C(C=C1)OC2=CC=C(C=C2)C(=O)O,0.2,N4_Scaffold 6,CCNC[C@@]1(C)C2[C@](C)(CCC1)c3c(CC2)cc(C(C)C)c(c3)N,0.1,,CCNC[C@]1(C)CCC[C@]2(C)c3cc(NCc4ccc(Oc5ccccc5)cc4)c(C(C)C)cc3CCC12,"C1_PLATINUM-1,3-DIVINYL-1,1,3,3-TETRAMETHYLDISILOXANE COMPLEX, IN XYLENES",C=C[Si](C)(C)O[Si](C)(C)C=C.[Pt],0.15,L1_Davephos,CN(C)c1ccccc1-c1ccccc1P(C1CCCCC1)C1CCCCC1,0.005,None,None,None,None,None,None,None,None,None,O1_phenylsilane,C1=CC=C(C=C1)[Si]ÔøΩÔøΩ,0.6,None,None,None,None,None,None,none,100,none,0,UPLCMS,H37,427695.7152,646513.0854,0,0,2524017.11,2318237.034,383225.0224,0,0,23.2,6.5,21.8,-10.9,-0.5,0
yk-1536-4-make-product,1536,80,,1536,H,38,"E64_2-(FURAN-2-YL)-1,3-THIAZOLE-4-CARBOXYLIC ACID",C1=COC(=C1)C2=NC(=CS2)C(=O)O,0.2,N4_Scaffold 6,CCNC[C@@]1(C)C2[C@](C)(CCC1)c3c(CC2)cc(C(C)C)c(c3)N,0.1,,CCNC[C@]1(C)CCC[C@]2(C)c3cc(NCc4csc(-c5ccco5)n4)c(C(C)C)cc3CCC12,"C1_PLATINUM-1,3-DIVINYL-1,1,3,3-TETRAMETHYLDISILOXANE COMPLEX, IN XYLENES",C=C[Si](C)(C)O[Si](C)(C)C=C.[Pt],0.15,L1_Davephos,CN(C)c1ccccc1-c1ccccc1P(C1CCCCC1)C1CCCCC1,0.005,None,None,None,None,None,None,None,None,None,O1_phenylsilane,C1=CC=C(C=C1)[Si]ÔøΩÔøΩ,0.6,None,None,None,None,None,None,none,100,none,0,UPLCMS,H38,586720.504,3480754.852,0,0,990087.0219,0,400307.3516,0,0,0,34.8,100,4.1,0.04,0
yk-1536-4-make-product,1536,80,,1536,H,39,"E105_2-(4-CYANOPHENYL)-2,2-DIFLUOROACETIC ACID, 95%",C1=CC(=CC=C1C#N)C(C(=O)O)(F)F,0.2,N4_Scaffold 6,CCNC[C@@]1(C)C2[C@](C)(CCC1)c3c(CC2)cc(C(C)C)c(c3)N,0.1,,CCNC[C@]1(C)CCC[C@]2(C)c3cc(NCC(F)(F)c4ccc(C#N)cc4)c(C(C)C)cc3CCC12,"C1_PLATINUM-1,3-DIVINYL-1,1,3,3-TETRAMETHYLDISILOXANE COMPLEX, IN XYLENES",C=C[Si](C)(C)O[Si](C)(C)C=C.[Pt],0.15,L1_Davephos,CN(C)c1ccccc1-c1ccccc1P(C1CCCCC1)C1CCCCC1,0.005,None,None,None,None,None,None,None,None,None,O1_phenylsilane,C1=CC=C(C=C1)[Si]ÔøΩÔøΩ,0.6,None,None,None,None,None,None,none,100,none,0,UPLCMS,H39,25745.31924,449437.0485,0,0,1267421.463,1161848.195,21597.28582,0,0,11.6,4.5,27.9,0,0,0
yk-1536-4-make-product,1536,80,,1536,H,40,E150_2-(3-chlorophenyl)acetic acid,C1=CC(=CC(=C1)Cl)CC(=O)O,0.2,N4_Scaffold 6,CCNC[C@@]1(C)C2[C@](C)(CCC1)c3c(CC2)cc(C(C)C)c(c3)N,0.1,,CCNC[C@]1(C)CCC[C@]2(C)c3cc(NCCc4cccc(Cl)c4)c(C(C)C)cc3CCC12,"C1_PLATINUM-1,3-DIVINYL-1,1,3,3-TETRAMETHYLDISILOXANE COMPLEX, IN XYLENES",C=C[Si](C)(C)O[Si](C)(C)C=C.[Pt],0.15,L1_Davephos,CN(C)c1ccccc1-c1ccccc1P(C1CCCCC1)C1CCCCC1,0.005,None,None,None,None,None,None,None,None,None,O1_phenylsilane,C1=CC=C(C=C1)[Si]ÔøΩÔøΩ,0.6,None,None,None,None,None,None,none,100,none,0,UPLCMS,H40,5672.20399,77811.67994,0,0,915305.784,880920.6577,0,0,0,8.8,0.8,8.1,-6.1,-0.75,0
yk-1536-4-make-product,1536,80,,1536,H,41,E190_2-(3-hydroxy-4-methoxyphenyl)acetic acid,COC1=C(C=C(C=C1)CC(=O)O)O,0.2,N4_Scaffold 6,CCNC[C@@]1(C)C2[C@](C)(CCC1)c3c(CC2)cc(C(C)C)c(c3)N,0.1,,CCNC[C@]1(C)CCC[C@]2(C)c3cc(NCCc4ccc(OC)c(O)c4)c(C(C)C)cc3CCC12,"C1_PLATINUM-1,3-DIVINYL-1,1,3,3-TETRAMETHYLDISILOXANE COMPLEX, IN XYLENES",C=C[Si](C)(C)O[Si](C)(C)C=C.[Pt],0.15,L1_Davephos,CN(C)c1ccccc1-c1ccccc1P(C1CCCCC1)C1CCCCC1,0.005,None,None,None,None,None,None,None,None,None,O1_phenylsilane,C1=CC=C(C=C1)[Si]ÔøΩÔøΩ,0.6,None,None,None,None,None,None,none,100,none,0,UPLCMS,H41,425238.9984,1692298.045,0,0,1106260.39,855973.9558,182652.3516,0,0,8.6,16.9,66.3,13.2,0.2,0
yk-1536-4-make-product,1536,80,,1536,H,42,E234_naphthalene-2-carboxylic acid,C1=CC=C2C=C(C=CC2=C1)C(=O)O,0.2,N4_Scaffold 6,CCNC[C@@]1(C)C2[C@](C)(CCC1)c3c(CC2)cc(C(C)C)c(c3)N,0.1,,CCNC[C@]1(C)CCC[C@]2(C)c3cc(NCc4ccc5ccccc5c4)c(C(C)C)cc3CCC12,"C1_PLATINUM-1,3-DIVINYL-1,1,3,3-TETRAMETHYLDISILOXANE COMPLEX, IN XYLENES",C=C[Si](C)(C)O[Si](C)(C)C=C.[Pt],0.15,L1_Davephos,CN(C)c1ccccc1-c1ccccc1P(C1CCCCC1)C1CCCCC1,0.005,None,None,None,None,None,None,None,None,None,O1_phenylsilane,C1=CC=C(C=C1)[Si]ÔøΩÔøΩ,0.6,None,None,None,None,None,None,none,100,none,0,UPLCMS,H42,271233.8195,407896.2242,0,0,1944864.756,1828970.18,39992.45809,0,0,18.3,4.1,18.2,18.3,1.01,0
yk-1536-4-make-product,1536,80,,1536,H,43,E289_3-(4-Bromophenyl)acrylic acid,C1=CC(=CC=C1C=CC(=O)O)Br,0.2,N4_Scaffold 6,CCNC[C@@]1(C)C2[C@](C)(CCC1)c3c(CC2)cc(C(C)C)c(c3)N,0.1,,CCNC[C@]1(C)CCC[C@]2(C)c3cc(NCC=Cc4ccc(Br)cc4)c(C(C)C)cc3CCC12,"C1_PLATINUM-1,3-DIVINYL-1,1,3,3-TETRAMETHYLDISILOXANE COMPLEX, IN XYLENES",C=C[Si](C)(C)O[Si](C)(C)C=C.[Pt],0.15,L1_Davephos,CN(C)c1ccccc1-c1ccccc1P(C1CCCCC1)C1CCCCC1,0.005,None,None,None,None,None,None,None,None,None,O1_phenylsilane,C1=CC=C(C=C1)[Si]ÔøΩÔøΩ,0.6,None,None,None,None,None,None,none,100,none,0,UPLCMS,H43,539335.0663,1538713.821,0,0,1710122.998,1675949.17,0,0,0,16.8,15.4,47.8,3.1,0.06,0
yk-1536-4-make-product,1536,80,,1536,H,44,"E22_3-CYCLOPENTENE-1-CARBOXYLIC ACID, 98%",C1C=CCC1C(=O)O,0.2,N4_Scaffold 6,CCNC[C@@]1(C)C2[C@](C)(CCC1)c3c(CC2)cc(C(C)C)c(c3)N,0.1,,CCNC[C@]1(C)CCC[C@]2(C)c3cc(NCC4CC=CC4)c(C(C)C)cc3CCC12,"C1_PLATINUM-1,3-DIVINYL-1,1,3,3-TETRAMETHYLDISILOXANE COMPLEX, IN XYLENES",C=C[Si](C)(C)O[Si](C)(C)C=C.[Pt],0.15,L1_Davephos,CN(C)c1ccccc1-c1ccccc1P(C1CCCCC1)C1CCCCC1,0.005,None,None,None,None,None,None,None,None,None,O1_phenylsilane,C1=CC=C(C=C1)[Si]ÔøΩÔøΩ,0.6,None,None,None,None,None,None,none,100,none,0,UPLCMS,H44,137000.71,0,0,0,271388.5392,137412.7279,0,0,0,1.4,0,0,4.5,0,0
yk-1536-4-make-product,1536,80,,1536,H,45,"E115_2,2-DIMETHYL-4-PENTENOIC ACID, 95%",CC(C)(CC=C)C(=O)O,0.2,N4_Scaffold 6,CCNC[C@@]1(C)C2[C@](C)(CCC1)c3c(CC2)cc(C(C)C)c(c3)N,0.1,,C=CCC(C)(C)CNc1cc2c(cc1C(C)C)CCC1[C@](C)(CNCC)CCC[C@]21C,"C1_PLATINUM-1,3-DIVINYL-1,1,3,3-TETRAMETHYLDISILOXANE COMPLEX, IN XYLENES",C=C[Si](C)(C)O[Si](C)(C)C=C.[Pt],0.15,L1_Davephos,CN(C)c1ccccc1-c1ccccc1P(C1CCCCC1)C1CCCCC1,0.005,None,None,None,None,None,None,None,None,None,O1_phenylsilane,C1=CC=C(C=C1)[Si]ÔøΩÔøΩ,0.6,None,None,None,None,None,None,none,100,none,0,UPLCMS,H45,3219.27664,0,0,0,1411896.492,1435484.544,0,0,0,14.4,0,0,20.3,0,0
yk-1536-4-make-product,1536,80,,1536,H,46,E250_Pyrrole-2-carboxylic acid,C1=CNC(=C1)C(=O)O,0.2,N4_Scaffold 6,CCNC[C@@]1(C)C2[C@](C)(CCC1)c3c(CC2)cc(C(C)C)c(c3)N,0.1,,CCNC[C@]1(C)CCC[C@]2(C)c3cc(NCc4ccc[nH]4)c(C(C)C)cc3CCC12,"C1_PLATINUM-1,3-DIVINYL-1,1,3,3-TETRAMETHYLDISILOXANE COMPLEX, IN XYLENES",C=C[Si](C)(C)O[Si](C)(C)C=C.[Pt],0.15,L1_Davephos,CN(C)c1ccccc1-c1ccccc1P(C1CCCCC1)C1CCCCC1,0.005,None,None,None,None,None,None,None,None,None,O1_phenylsilane,C1=CC=C(C=C1)[Si]ÔøΩÔøΩ,0.6,None,None,None,None,None,None,none,100,none,0,UPLCMS,H46,0,0,0,0,783230.5929,732196.4333,0,0,0,7.3,0,0,12.8,0,0
yk-1536-4-make-product,1536,80,,1536,H,47,E328_Blank8,O=CO,0.2,N4_Scaffold 6,CCNC[C@@]1(C)C2[C@](C)(CCC1)c3c(CC2)cc(C(C)C)c(c3)N,0.1,MainProduct[665],CCNC[C@@]1(C)C2[C@](C)(CCC1)c3c(CC2)cc(C(C)C)c(c3)N,"C1_PLATINUM-1,3-DIVINYL-1,1,3,3-TETRAMETHYLDISILOXANE COMPLEX, IN XYLENES",C=C[Si](C)(C)O[Si](C)(C)C=C.[Pt],0.15,L1_Davephos,CN(C)c1ccccc1-c1ccccc1P(C1CCCCC1)C1CCCCC1,0.005,None,None,None,None,None,None,None,None,None,O1_phenylsilane,C1=CC=C(C=C1)[Si]ÔøΩÔøΩ,0.6,None,None,None,None,None,None,none,100,none,0,UPLCMS,H47,0,833238.781,0,0,0,0,827232.3061,0,0,0,8.3,100,0,0,0
yk-1536-4-make-product,1536,80,,1536,H,48,E360_Blank40,O=CO,0.2,N4_Scaffold 6,CCNC[C@@]1(C)C2[C@](C)(CCC1)c3c(CC2)cc(C(C)C)c(c3)N,0.1,MainProduct[666],CCNC[C@@]1(C)C2[C@](C)(CCC1)c3c(CC2)cc(C(C)C)c(c3)N,"C1_PLATINUM-1,3-DIVINYL-1,1,3,3-TETRAMETHYLDISILOXANE COMPLEX, IN XYLENES",C=C[Si](C)(C)O[Si](C)(C)C=C.[Pt],0.15,L1_Davephos,CN(C)c1ccccc1-c1ccccc1P(C1CCCCC1)C1CCCCC1,0.005,None,None,None,None,None,None,None,None,None,O1_phenylsilane,C1=CC=C(C=C1)[Si]ÔøΩÔøΩ,0.6,None,None,None,None,None,None,none,100,none,0,UPLCMS,H48,0,0,0,0,0,0,0,0,0,0,0,0,0,0,0
yk-1536-4-make-product,1536,80,,1536,I,1,"E10_5-METHYL-2-NITROBENZOIC ACID, 98%",CC1=CC(=C(C=C1)[N+](=O)[O-])C(=O)O,0.2,N1_(+)-Dehydroabietylamine,CC(C)c1ccc2c(c1)CC[C@H]1[C@](C)(CN)CCC[C@]21C,0.1,,Cc1ccc([N+](=O)[O-])c(CNC[C@]2(C)CCC[C@]3(C)c4ccc(C(C)C)cc4CC[C@@H]23)c1,"C1_PLATINUM-1,3-DIVINYL-1,1,3,3-TETRAMETHYLDISILOXANE COMPLEX, IN XYLENES",C=C[Si](C)(C)O[Si](C)(C)C=C.[Pt],0.15,L1_Davephos,CN(C)c1ccccc1-c1ccccc1P(C1CCCCC1)C1CCCCC1,0.005,None,None,None,None,None,None,None,None,None,O1_phenylsilane,C1=CC=C(C=C1)[Si]ÔøΩÔøΩ,0.6,None,None,None,None,None,None,none,100,none,0,UPLCMS,I1,382819.8846,1333854.791,,,,,0,,,79.32,13.3,14.4,106.1,7.37,63.16
yk-1536-4-make-product,1536,80,,1536,I,2,"E65_(S)-(+)-2-PHENYLPROPIONIC ACID, 97%",CC(C1=CC=CC=C1)C(=O)O,0.2,N1_(+)-Dehydroabietylamine,CC(C)c1ccc2c(c1)CC[C@H]1[C@](C)(CN)CCC[C@]21C,0.1,,CC(C)c1ccc2c(c1)CC[C@H]1[C@](C)(CNCC(C)c3ccccc3)CCC[C@]21C,"C1_PLATINUM-1,3-DIVINYL-1,1,3,3-TETRAMETHYLDISILOXANE COMPLEX, IN XYLENES",C=C[Si](C)(C)O[Si](C)(C)C=C.[Pt],0.15,L1_Davephos,CN(C)c1ccccc1-c1ccccc1P(C1CCCCC1)C1CCCCC1,0.005,None,None,None,None,None,None,None,None,None,O1_phenylsilane,C1=CC=C(C=C1)[Si]ÔøΩÔøΩ,0.6,None,None,None,None,None,None,none,100,none,0,UPLCMS,I2,89736.91412,0,,,,,0,,,20.97,0,0,-0.7,0,0
yk-1536-4-make-product,1536,80,,1536,I,3,"E106_4-CYANOBENZOIC ACID, 98%",C1=CC(=CC=C1C#N)C(=O)O,0.2,N1_(+)-Dehydroabietylamine,CC(C)c1ccc2c(c1)CC[C@H]1[C@](C)(CN)CCC[C@]21C,0.1,,CC(C)c1ccc2c(c1)CC[C@H]1[C@](C)(CNCc3ccc(C#N)cc3)CCC[C@]21C,"C1_PLATINUM-1,3-DIVINYL-1,1,3,3-TETRAMETHYLDISILOXANE COMPLEX, IN XYLENES",C=C[Si](C)(C)O[Si](C)(C)C=C.[Pt],0.15,L1_Davephos,CN(C)c1ccccc1-c1ccccc1P(C1CCCCC1)C1CCCCC1,0.005,None,None,None,None,None,None,None,None,None,O1_phenylsilane,C1=CC=C(C=C1)[Si]ÔøΩÔøΩ,0.6,None,None,None,None,None,None,none,100,none,0,UPLCMS,I3,2042138.372,3418198.302,,,,,0,,,27.48,34.2,55.4,49.7,0.9,0
yk-1536-4-make-product,1536,80,,1536,I,4,E151_3-cyanobenzoic acid,C1=CC(=CC(=C1)C(=O)O)C#N,0.2,N1_(+)-Dehydroabietylamine,CC(C)c1ccc2c(c1)CC[C@H]1[C@](C)(CN)CCC[C@]21C,0.1,,CC(C)c1ccc2c(c1)CC[C@H]1[C@](C)(CNCc3cccc(C#N)c3)CCC[C@]21C,"C1_PLATINUM-1,3-DIVINYL-1,1,3,3-TETRAMETHYLDISILOXANE COMPLEX, IN XYLENES",C=C[Si](C)(C)O[Si](C)(C)C=C.[Pt],0.15,L1_Davephos,CN(C)c1ccccc1-c1ccccc1P(C1CCCCC1)C1CCCCC1,0.005,None,None,None,None,None,None,None,None,None,O1_phenylsilane,C1=CC=C(C=C1)[Si]ÔøΩÔøΩ,0.6,None,None,None,None,None,None,none,100,none,0,UPLCMS,I4,1309735.156,2445681.482,,,,,1036976.469,,,26.84,24.5,47.7,43,0.9,0
yk-1536-4-make-product,1536,80,,1536,I,5,E191_2-(1H-indol-3-yl)acetic acid,C1=CC=C2C(=C1)C(=CN2)CC(=O)O,0.2,N1_(+)-Dehydroabietylamine,CC(C)c1ccc2c(c1)CC[C@H]1[C@](C)(CN)CCC[C@]21C,0.1,,CC(C)c1ccc2c(c1)CC[C@H]1[C@](C)(CNCCc3c[nH]c4ccccc34)CCC[C@]21C,"C1_PLATINUM-1,3-DIVINYL-1,1,3,3-TETRAMETHYLDISILOXANE COMPLEX, IN XYLENES",C=C[Si](C)(C)O[Si](C)(C)C=C.[Pt],0.15,L1_Davephos,CN(C)c1ccccc1-c1ccccc1P(C1CCCCC1)C1CCCCC1,0.005,None,None,None,None,None,None,None,None,None,O1_phenylsilane,C1=CC=C(C=C1)[Si]ÔøΩÔøΩ,0.6,None,None,None,None,None,None,none,100,none,0,UPLCMS,I5,2786702.213,2415773.502,,,,,262563.2574,,,10.98,24.2,68.8,58.5,0.85,0
yk-1536-4-make-product,1536,80,,1536,I,6,E235_1-methyl-5-phenylpyrazole-3-carboxylic acid,CN1C(=CC(=N1)C(=O)O)C2=CC=CC=C2,0.2,N1_(+)-Dehydroabietylamine,CC(C)c1ccc2c(c1)CC[C@H]1[C@](C)(CN)CCC[C@]21C,0.1,,CC(C)c1ccc2c(c1)CC[C@H]1[C@](C)(CNCc3cc(-c4ccccc4)n(C)n3)CCC[C@]21C,"C1_PLATINUM-1,3-DIVINYL-1,1,3,3-TETRAMETHYLDISILOXANE COMPLEX, IN XYLENES",C=C[Si](C)(C)O[Si](C)(C)C=C.[Pt],0.15,L1_Davephos,CN(C)c1ccccc1-c1ccccc1P(C1CCCCC1)C1CCCCC1,0.005,None,None,None,None,None,None,None,None,None,O1_phenylsilane,C1=CC=C(C=C1)[Si]ÔøΩÔøΩ,0.6,None,None,None,None,None,None,none,100,none,0,UPLCMS,I6,5607648.038,3648260.729,,,,,0,,,25.01,36.5,59.3,66.3,1.12,0
yk-1536-4-make-product,1536,80,,1536,I,7,E292_3-quinolinecarboxylic acid,C1=CC=C2C(=C1)C=C(C=N2)C(=O)O,0.2,N1_(+)-Dehydroabietylamine,CC(C)c1ccc2c(c1)CC[C@H]1[C@](C)(CN)CCC[C@]21C,0.1,,CC(C)c1ccc2c(c1)CC[C@H]1[C@](C)(CNCc3cnc4ccccc4c3)CCC[C@]21C,"C1_PLATINUM-1,3-DIVINYL-1,1,3,3-TETRAMETHYLDISILOXANE COMPLEX, IN XYLENES",C=C[Si](C)(C)O[Si](C)(C)C=C.[Pt],0.15,L1_Davephos,CN(C)c1ccccc1-c1ccccc1P(C1CCCCC1)C1CCCCC1,0.005,None,None,None,None,None,None,None,None,None,O1_phenylsilane,C1=CC=C(C=C1)[Si]ÔøΩÔøΩ,0.6,None,None,None,None,None,None,none,100,none,0,UPLCMS,I7,697530.0524,366081,,,,,0,,,30.4,3.7,10.7,35.4,3.31,0
yk-1536-4-make-product,1536,80,,1536,I,8,"E23_5-HEXENOIC ACID, 98%",C=CCCCC(=O)O,0.2,N1_(+)-Dehydroabietylamine,CC(C)c1ccc2c(c1)CC[C@H]1[C@](C)(CN)CCC[C@]21C,0.1,,C=CCCCCNC[C@]1(C)CCC[C@]2(C)c3ccc(C(C)C)cc3CC[C@@H]12,"C1_PLATINUM-1,3-DIVINYL-1,1,3,3-TETRAMETHYLDISILOXANE COMPLEX, IN XYLENES",C=C[Si](C)(C)O[Si](C)(C)C=C.[Pt],0.15,L1_Davephos,CN(C)c1ccccc1-c1ccccc1P(C1CCCCC1)C1CCCCC1,0.005,None,None,None,None,None,None,None,None,None,O1_phenylsilane,C1=CC=C(C=C1)[Si]ÔøΩÔøΩ,0.6,None,None,None,None,None,None,none,100,none,0,UPLCMS,I8,386255.3842,231735.7041,,,,,0,,,0,2.3,100,-18.2,-0.18,0
yk-1536-4-make-product,1536,80,,1536,I,9,E125_2-acetamidoprop-2-enoic acid,CC(=O)NC(=C)C(=O)O,0.2,N1_(+)-Dehydroabietylamine,CC(C)c1ccc2c(c1)CC[C@H]1[C@](C)(CN)CCC[C@]21C,0.1,,C=C(CNC[C@]1(C)CCC[C@]2(C)c3ccc(C(C)C)cc3CC[C@@H]12)NC(C)=O,"C1_PLATINUM-1,3-DIVINYL-1,1,3,3-TETRAMETHYLDISILOXANE COMPLEX, IN XYLENES",C=C[Si](C)(C)O[Si](C)(C)C=C.[Pt],0.15,L1_Davephos,CN(C)c1ccccc1-c1ccccc1P(C1CCCCC1)C1CCCCC1,0.005,None,None,None,None,None,None,None,None,None,O1_phenylsilane,C1=CC=C(C=C1)[Si]ÔøΩÔøΩ,0.6,None,None,None,None,None,None,none,100,none,0,UPLCMS,I9,3516.59787,0,,,,,0,,,20.28,0,0,-16.3,0,0
yk-1536-4-make-product,1536,80,,1536,I,10,E251_PHENYLPROPIOLIC ACID 97%,C1=CC=C(C=C1)C#CC(=O)O,0.2,N1_(+)-Dehydroabietylamine,CC(C)c1ccc2c(c1)CC[C@H]1[C@](C)(CN)CCC[C@]21C,0.1,,CC(C)c1ccc2c(c1)CC[C@H]1[C@](C)(CNCC#Cc3ccccc3)CCC[C@]21C,"C1_PLATINUM-1,3-DIVINYL-1,1,3,3-TETRAMETHYLDISILOXANE COMPLEX, IN XYLENES",C=C[Si](C)(C)O[Si](C)(C)C=C.[Pt],0.15,L1_Davephos,CN(C)c1ccccc1-c1ccccc1P(C1CCCCC1)C1CCCCC1,0.005,None,None,None,None,None,None,None,None,None,O1_phenylsilane,C1=CC=C(C=C1)[Si]ÔøΩÔøΩ,0.6,None,None,None,None,None,None,none,100,none,0,UPLCMS,I10,0,0,,,,,0,,,11.46,0,0,-20.4,0,0
yk-1536-4-make-product,1536,80,,1536,I,11,E329_Blank9,O=CO,0.2,N1_(+)-Dehydroabietylamine,CC(C)c1ccc2c(c1)CC[C@H]1[C@](C)(CN)CCC[C@]21C,0.1,MainProduct[674],CC(C)c1ccc2c(c1)CC[C@H]1[C@](C)(CN)CCC[C@]21C,"C1_PLATINUM-1,3-DIVINYL-1,1,3,3-TETRAMETHYLDISILOXANE COMPLEX, IN XYLENES",C=C[Si](C)(C)O[Si](C)(C)C=C.[Pt],0.15,L1_Davephos,CN(C)c1ccccc1-c1ccccc1P(C1CCCCC1)C1CCCCC1,0.005,None,None,None,None,None,None,None,None,None,O1_phenylsilane,C1=CC=C(C=C1)[Si]ÔøΩÔøΩ,0.6,None,None,None,None,None,None,none,100,none,0,UPLCMS,I11,0,1902132.156,,,,,2172689,,,0,19,100,0,0,0
yk-1536-4-make-product,1536,80,,1536,I,12,E361_Blank41,O=CO,0.2,N1_(+)-Dehydroabietylamine,CC(C)c1ccc2c(c1)CC[C@H]1[C@](C)(CN)CCC[C@]21C,0.1,MainProduct[675],CC(C)c1ccc2c(c1)CC[C@H]1[C@](C)(CN)CCC[C@]21C,"C1_PLATINUM-1,3-DIVINYL-1,1,3,3-TETRAMETHYLDISILOXANE COMPLEX, IN XYLENES",C=C[Si](C)(C)O[Si](C)(C)C=C.[Pt],0.15,L1_Davephos,CN(C)c1ccccc1-c1ccccc1P(C1CCCCC1)C1CCCCC1,0.005,None,None,None,None,None,None,None,None,None,O1_phenylsilane,C1=CC=C(C=C1)[Si]ÔøΩÔøΩ,0.6,None,None,None,None,None,None,none,100,none,0,UPLCMS,I12,0,0,,,,,0,,,0,0,0,0,0,0
yk-1536-4-make-product,1536,80,,1536,I,13,"E10_5-METHYL-2-NITROBENZOIC ACID, 98%",CC1=CC(=C(C=C1)[N+](=O)[O-])C(=O)O,0.2,N2_hydroxydehydroabietylamine,CC(C)C(C(O)=C1)=CC2=C1[C@]3(C)C(CC2)[C@](C)(CN)CCC3,0.1,,Cc1ccc([N+](=O)[O-])c(CNC[C@]2(C)CCC[C@]3(C)c4cc(O)c(C(C)C)cc4CCC23)c1,"C1_PLATINUM-1,3-DIVINYL-1,1,3,3-TETRAMETHYLDISILOXANE COMPLEX, IN XYLENES",C=C[Si](C)(C)O[Si](C)(C)C=C.[Pt],0.15,L1_Davephos,CN(C)c1ccccc1-c1ccccc1P(C1CCCCC1)C1CCCCC1,0.005,None,None,None,None,None,None,None,None,None,O1_phenylsilane,C1=CC=C(C=C1)[Si]ÔøΩÔøΩ,0.6,None,None,None,None,None,None,none,100,none,0,UPLCMS,I13,1401097.547,1496412.918,,,,,0,,,0.55,15,96.5,-33.9,-0.35,0
yk-1536-4-make-product,1536,80,,1536,I,14,"E65_(S)-(+)-2-PHENYLPROPIONIC ACID, 97%",CC(C1=CC=CC=C1)C(=O)O,0.2,N2_hydroxydehydroabietylamine,CC(C)C(C(O)=C1)=CC2=C1[C@]3(C)C(CC2)[C@](C)(CN)CCC3,0.1,,CC(C)c1cc2c(cc1O)[C@@]1(C)CCC[C@@](C)(CNCC(C)c3ccccc3)C1CC2,"C1_PLATINUM-1,3-DIVINYL-1,1,3,3-TETRAMETHYLDISILOXANE COMPLEX, IN XYLENES",C=C[Si](C)(C)O[Si](C)(C)C=C.[Pt],0.15,L1_Davephos,CN(C)c1ccccc1-c1ccccc1P(C1CCCCC1)C1CCCCC1,0.005,None,None,None,None,None,None,None,None,None,O1_phenylsilane,C1=CC=C(C=C1)[Si]ÔøΩÔøΩ,0.6,None,None,None,None,None,None,none,100,none,0,UPLCMS,I14,90483.75634,136210.5943,,,,,0,,,4.55,1.4,23,-11.8,-0.51,0
yk-1536-4-make-product,1536,80,,1536,I,15,"E106_4-CYANOBENZOIC ACID, 98%",C1=CC(=CC=C1C#N)C(=O)O,0.2,N2_hydroxydehydroabietylamine,CC(C)C(C(O)=C1)=CC2=C1[C@]3(C)C(CC2)[C@](C)(CN)CCC3,0.1,,CC(C)c1cc2c(cc1O)[C@@]1(C)CCC[C@@](C)(CNCc3ccc(C#N)cc3)C1CC2,"C1_PLATINUM-1,3-DIVINYL-1,1,3,3-TETRAMETHYLDISILOXANE COMPLEX, IN XYLENES",C=C[Si](C)(C)O[Si](C)(C)C=C.[Pt],0.15,L1_Davephos,CN(C)c1ccccc1-c1ccccc1P(C1CCCCC1)C1CCCCC1,0.005,None,None,None,None,None,None,None,None,None,O1_phenylsilane,C1=CC=C(C=C1)[Si]ÔøΩÔøΩ,0.6,None,None,None,None,None,None,none,100,none,0,UPLCMS,I15,213506.2694,174329,,,,,0,,,1.94,1.7,47.3,-23.5,-0.5,0
yk-1536-4-make-product,1536,80,,1536,I,16,E151_3-cyanobenzoic acid,C1=CC(=CC(=C1)C(=O)O)C#N,0.2,N2_hydroxydehydroabietylamine,CC(C)C(C(O)=C1)=CC2=C1[C@]3(C)C(CC2)[C@](C)(CN)CCC3,0.1,,CC(C)c1cc2c(cc1O)[C@@]1(C)CCC[C@@](C)(CNCc3cccc(C#N)c3)C1CC2,"C1_PLATINUM-1,3-DIVINYL-1,1,3,3-TETRAMETHYLDISILOXANE COMPLEX, IN XYLENES",C=C[Si](C)(C)O[Si](C)(C)C=C.[Pt],0.15,L1_Davephos,CN(C)c1ccccc1-c1ccccc1P(C1CCCCC1)C1CCCCC1,0.005,None,None,None,None,None,None,None,None,None,O1_phenylsilane,C1=CC=C(C=C1)[Si]ÔøΩÔøΩ,0.6,None,None,None,None,None,None,none,100,none,0,UPLCMS,I16,34262.42801,0,,,,,0,,,2.67,0,0,-31,0,0
yk-1536-4-make-product,1536,80,,1536,I,17,E191_2-(1H-indol-3-yl)acetic acid,C1=CC=C2C(=C1)C(=CN2)CC(=O)O,0.2,N2_hydroxydehydroabietylamine,CC(C)C(C(O)=C1)=CC2=C1[C@]3(C)C(CC2)[C@](C)(CN)CCC3,0.1,,CC(C)c1cc2c(cc1O)[C@@]1(C)CCC[C@@](C)(CNCCc3c[nH]c4ccccc34)C1CC2,"C1_PLATINUM-1,3-DIVINYL-1,1,3,3-TETRAMETHYLDISILOXANE COMPLEX, IN XYLENES",C=C[Si](C)(C)O[Si](C)(C)C=C.[Pt],0.15,L1_Davephos,CN(C)c1ccccc1-c1ccccc1P(C1CCCCC1)C1CCCCC1,0.005,None,None,None,None,None,None,None,None,None,O1_phenylsilane,C1=CC=C(C=C1)[Si]ÔøΩÔøΩ,0.6,None,None,None,None,None,None,none,100,none,0,UPLCMS,I17,14252.25451,95587.17091,,,,,0,,,0,1,100,-35.8,-0.36,0
yk-1536-4-make-product,1536,80,,1536,I,18,E235_1-methyl-5-phenylpyrazole-3-carboxylic acid,CN1C(=CC(=N1)C(=O)O)C2=CC=CC=C2,0.2,N2_hydroxydehydroabietylamine,CC(C)C(C(O)=C1)=CC2=C1[C@]3(C)C(CC2)[C@](C)(CN)CCC3,0.1,,CC(C)c1cc2c(cc1O)[C@@]1(C)CCC[C@@](C)(CNCc3cc(-c4ccccc4)n(C)n3)C1CC2,"C1_PLATINUM-1,3-DIVINYL-1,1,3,3-TETRAMETHYLDISILOXANE COMPLEX, IN XYLENES",C=C[Si](C)(C)O[Si](C)(C)C=C.[Pt],0.15,L1_Davephos,CN(C)c1ccccc1-c1ccccc1P(C1CCCCC1)C1CCCCC1,0.005,None,None,None,None,None,None,None,None,None,O1_phenylsilane,C1=CC=C(C=C1)[Si]ÔøΩÔøΩ,0.6,None,None,None,None,None,None,none,100,none,0,UPLCMS,I18,49677.75057,0,,,,,0,,,0,0,0,-47.4,0,0
yk-1536-4-make-product,1536,80,,1536,I,19,E292_3-quinolinecarboxylic acid,C1=CC=C2C(=C1)C=C(C=N2)C(=O)O,0.2,N2_hydroxydehydroabietylamine,CC(C)C(C(O)=C1)=CC2=C1[C@]3(C)C(CC2)[C@](C)(CN)CCC3,0.1,,CC(C)c1cc2c(cc1O)[C@@]1(C)CCC[C@@](C)(CNCc3cnc4ccccc4c3)C1CC2,"C1_PLATINUM-1,3-DIVINYL-1,1,3,3-TETRAMETHYLDISILOXANE COMPLEX, IN XYLENES",C=C[Si](C)(C)O[Si](C)(C)C=C.[Pt],0.15,L1_Davephos,CN(C)c1ccccc1-c1ccccc1P(C1CCCCC1)C1CCCCC1,0.005,None,None,None,None,None,None,None,None,None,O1_phenylsilane,C1=CC=C(C=C1)[Si]ÔøΩÔøΩ,0.6,None,None,None,None,None,None,none,100,none,0,UPLCMS,I19,384532.3345,240041.1731,,,,,0,,,2.05,2.4,53.9,-31.4,-0.58,0
yk-1536-4-make-product,1536,80,,1536,I,20,"E23_5-HEXENOIC ACID, 98%",C=CCCCC(=O)O,0.2,N2_hydroxydehydroabietylamine,CC(C)C(C(O)=C1)=CC2=C1[C@]3(C)C(CC2)[C@](C)(CN)CCC3,0.1,,C=CCCCCNC[C@]1(C)CCC[C@]2(C)c3cc(O)c(C(C)C)cc3CCC12,"C1_PLATINUM-1,3-DIVINYL-1,1,3,3-TETRAMETHYLDISILOXANE COMPLEX, IN XYLENES",C=C[Si](C)(C)O[Si](C)(C)C=C.[Pt],0.15,L1_Davephos,CN(C)c1ccccc1-c1ccccc1P(C1CCCCC1)C1CCCCC1,0.005,None,None,None,None,None,None,None,None,None,O1_phenylsilane,C1=CC=C(C=C1)[Si]ÔøΩÔøΩ,0.6,None,None,None,None,None,None,none,100,none,0,UPLCMS,I20,0,0,,,,,0,,,0,0,0,-21.9,0,0
yk-1536-4-make-product,1536,80,,1536,I,21,E125_2-acetamidoprop-2-enoic acid,CC(=O)NC(=C)C(=O)O,0.2,N2_hydroxydehydroabietylamine,CC(C)C(C(O)=C1)=CC2=C1[C@]3(C)C(CC2)[C@](C)(CN)CCC3,0.1,,C=C(CNC[C@]1(C)CCC[C@]2(C)c3cc(O)c(C(C)C)cc3CCC12)NC(C)=O,"C1_PLATINUM-1,3-DIVINYL-1,1,3,3-TETRAMETHYLDISILOXANE COMPLEX, IN XYLENES",C=C[Si](C)(C)O[Si](C)(C)C=C.[Pt],0.15,L1_Davephos,CN(C)c1ccccc1-c1ccccc1P(C1CCCCC1)C1CCCCC1,0.005,None,None,None,None,None,None,None,None,None,O1_phenylsilane,C1=CC=C(C=C1)[Si]ÔøΩÔøΩ,0.6,None,None,None,None,None,None,none,100,none,0,UPLCMS,I21,0,0,,,,,0,,,1.15,0,0,-14.1,0,0
yk-1536-4-make-product,1536,80,,1536,I,22,E251_PHENYLPROPIOLIC ACID 97%,C1=CC=C(C=C1)C#CC(=O)O,0.2,N2_hydroxydehydroabietylamine,CC(C)C(C(O)=C1)=CC2=C1[C@]3(C)C(CC2)[C@](C)(CN)CCC3,0.1,,CC(C)c1cc2c(cc1O)[C@@]1(C)CCC[C@@](C)(CNCC#Cc3ccccc3)C1CC2,"C1_PLATINUM-1,3-DIVINYL-1,1,3,3-TETRAMETHYLDISILOXANE COMPLEX, IN XYLENES",C=C[Si](C)(C)O[Si](C)(C)C=C.[Pt],0.15,L1_Davephos,CN(C)c1ccccc1-c1ccccc1P(C1CCCCC1)C1CCCCC1,0.005,None,None,None,None,None,None,None,None,None,O1_phenylsilane,C1=CC=C(C=C1)[Si]ÔøΩÔøΩ,0.6,None,None,None,None,None,None,none,100,none,0,UPLCMS,I22,0,0,,,,,0,,,0,0,0,-8,0,0
yk-1536-4-make-product,1536,80,,1536,I,23,E329_Blank9,O=CO,0.2,N2_hydroxydehydroabietylamine,CC(C)C(C(O)=C1)=CC2=C1[C@]3(C)C(CC2)[C@](C)(CN)CCC3,0.1,MainProduct[687],CC(C)C(C(O)=C1)=CC2=C1[C@]3(C)C(CC2)[C@](C)(CN)CCC3,"C1_PLATINUM-1,3-DIVINYL-1,1,3,3-TETRAMETHYLDISILOXANE COMPLEX, IN XYLENES",C=C[Si](C)(C)O[Si](C)(C)C=C.[Pt],0.15,L1_Davephos,CN(C)c1ccccc1-c1ccccc1P(C1CCCCC1)C1CCCCC1,0.005,None,None,None,None,None,None,None,None,None,O1_phenylsilane,C1=CC=C(C=C1)[Si]ÔøΩÔøΩ,0.6,None,None,None,None,None,None,none,100,none,0,UPLCMS,I23,0,404063.0071,,,,,397370.1188,,,0,4,100,0,0,0
yk-1536-4-make-product,1536,80,,1536,I,24,E361_Blank41,O=CO,0.2,N2_hydroxydehydroabietylamine,CC(C)C(C(O)=C1)=CC2=C1[C@]3(C)C(CC2)[C@](C)(CN)CCC3,0.1,MainProduct[688],CC(C)C(C(O)=C1)=CC2=C1[C@]3(C)C(CC2)[C@](C)(CN)CCC3,"C1_PLATINUM-1,3-DIVINYL-1,1,3,3-TETRAMETHYLDISILOXANE COMPLEX, IN XYLENES",C=C[Si](C)(C)O[Si](C)(C)C=C.[Pt],0.15,L1_Davephos,CN(C)c1ccccc1-c1ccccc1P(C1CCCCC1)C1CCCCC1,0.005,None,None,None,None,None,None,None,None,None,O1_phenylsilane,C1=CC=C(C=C1)[Si]ÔøΩÔøΩ,0.6,None,None,None,None,None,None,none,100,none,0,UPLCMS,I24,0,0,,,,,0,,,0,0,0,0,0,0
yk-1536-4-make-product,1536,80,,1536,I,25,"E10_5-METHYL-2-NITROBENZOIC ACID, 98%",CC1=CC(=C(C=C1)[N+](=O)[O-])C(=O)O,0.2,N3_Scaffold 7,CC(C)C1=CC2=CCC3[C@](C)(CN)CCC[C@]3(C)C2CC1,0.1,,Cc1ccc([N+](=O)[O-])c(CNC[C@]2(C)CCC[C@]3(C)C4CCC(C(C)C)=CC4=CCC23)c1,"C1_PLATINUM-1,3-DIVINYL-1,1,3,3-TETRAMETHYLDISILOXANE COMPLEX, IN XYLENES",C=C[Si](C)(C)O[Si](C)(C)C=C.[Pt],0.15,L1_Davephos,CN(C)c1ccccc1-c1ccccc1P(C1CCCCC1)C1CCCCC1,0.005,None,None,None,None,None,None,None,None,None,O1_phenylsilane,C1=CC=C(C=C1)[Si]ÔøΩÔøΩ,0.6,None,None,None,None,None,None,none,100,none,0,UPLCMS,I25,2859448.958,3880856.728,911737.1216,1527501.499,0,0,0,0,0,15.3,38.8,71.7,22,0.3,0
yk-1536-4-make-product,1536,80,,1536,I,26,"E65_(S)-(+)-2-PHENYLPROPIONIC ACID, 97%",CC(C1=CC=CC=C1)C(=O)O,0.2,N3_Scaffold 7,CC(C)C1=CC2=CCC3[C@](C)(CN)CCC[C@]3(C)C2CC1,0.1,,CC(C)C1=CC2=CCC3[C@](C)(CNCC(C)c4ccccc4)CCC[C@]3(C)C2CC1,"C1_PLATINUM-1,3-DIVINYL-1,1,3,3-TETRAMETHYLDISILOXANE COMPLEX, IN XYLENES",C=C[Si](C)(C)O[Si](C)(C)C=C.[Pt],0.15,L1_Davephos,CN(C)c1ccccc1-c1ccccc1P(C1CCCCC1)C1CCCCC1,0.005,None,None,None,None,None,None,None,None,None,O1_phenylsilane,C1=CC=C(C=C1)[Si]ÔøΩÔøΩ,0.6,None,None,None,None,None,None,none,100,none,0,UPLCMS,I26,10671.88712,53692.98353,1354088.762,1457404.382,0,0,0,23409.21558,0,14.6,0.5,3.5,6.4,1.8,0
yk-1536-4-make-product,1536,80,,1536,I,27,"E106_4-CYANOBENZOIC ACID, 98%",C1=CC(=CC=C1C#N)C(=O)O,0.2,N3_Scaffold 7,CC(C)C1=CC2=CCC3[C@](C)(CN)CCC[C@]3(C)C2CC1,0.1,,CC(C)C1=CC2=CCC3[C@](C)(CNCc4ccc(C#N)cc4)CCC[C@]3(C)C2CC1,"C1_PLATINUM-1,3-DIVINYL-1,1,3,3-TETRAMETHYLDISILOXANE COMPLEX, IN XYLENES",C=C[Si](C)(C)O[Si](C)(C)C=C.[Pt],0.15,L1_Davephos,CN(C)c1ccccc1-c1ccccc1P(C1CCCCC1)C1CCCCC1,0.005,None,None,None,None,None,None,None,None,None,O1_phenylsilane,C1=CC=C(C=C1)[Si]ÔøΩÔøΩ,0.6,None,None,None,None,None,None,none,100,none,0,UPLCMS,I27,662665.0119,2956810.496,751200.3067,1532366.029,0,0,0,0,0,15.3,29.6,65.9,15.4,0.2,0
yk-1536-4-make-product,1536,80,,1536,I,28,E151_3-cyanobenzoic acid,C1=CC(=CC(=C1)C(=O)O)C#N,0.2,N3_Scaffold 7,CC(C)C1=CC2=CCC3[C@](C)(CN)CCC[C@]3(C)C2CC1,0.1,,CC(C)C1=CC2=CCC3[C@](C)(CNCc4cccc(C#N)c4)CCC[C@]3(C)C2CC1,"C1_PLATINUM-1,3-DIVINYL-1,1,3,3-TETRAMETHYLDISILOXANE COMPLEX, IN XYLENES",C=C[Si](C)(C)O[Si](C)(C)C=C.[Pt],0.15,L1_Davephos,CN(C)c1ccccc1-c1ccccc1P(C1CCCCC1)C1CCCCC1,0.005,None,None,None,None,None,None,None,None,None,O1_phenylsilane,C1=CC=C(C=C1)[Si]ÔøΩÔøΩ,0.6,None,None,None,None,None,None,none,100,none,0,UPLCMS,I28,908190.0488,3807387.459,738356.8277,1460953.353,0,0,0,0,0,14.6,38.1,72.3,5.7,0.1,0
yk-1536-4-make-product,1536,80,,1536,I,29,E191_2-(1H-indol-3-yl)acetic acid,C1=CC=C2C(=C1)C(=CN2)CC(=O)O,0.2,N3_Scaffold 7,CC(C)C1=CC2=CCC3[C@](C)(CN)CCC[C@]3(C)C2CC1,0.1,,CC(C)C1=CC2=CCC3[C@](C)(CNCCc4c[nH]c5ccccc45)CCC[C@]3(C)C2CC1,"C1_PLATINUM-1,3-DIVINYL-1,1,3,3-TETRAMETHYLDISILOXANE COMPLEX, IN XYLENES",C=C[Si](C)(C)O[Si](C)(C)C=C.[Pt],0.15,L1_Davephos,CN(C)c1ccccc1-c1ccccc1P(C1CCCCC1)C1CCCCC1,0.005,None,None,None,None,None,None,None,None,None,O1_phenylsilane,C1=CC=C(C=C1)[Si]ÔøΩÔøΩ,0.6,None,None,None,None,None,None,none,100,none,0,UPLCMS,I29,1386861.09,2555560.095,123999.3068,370144.2062,0,0,0,0,0,3.7,25.6,87.4,33,0.4,0
yk-1536-4-make-product,1536,80,,1536,I,30,E235_1-methyl-5-phenylpyrazole-3-carboxylic acid,CN1C(=CC(=N1)C(=O)O)C2=CC=CC=C2,0.2,N3_Scaffold 7,CC(C)C1=CC2=CCC3[C@](C)(CN)CCC[C@]3(C)C2CC1,0.1,,CC(C)C1=CC2=CCC3[C@](C)(CNCc4cc(-c5ccccc5)n(C)n4)CCC[C@]3(C)C2CC1,"C1_PLATINUM-1,3-DIVINYL-1,1,3,3-TETRAMETHYLDISILOXANE COMPLEX, IN XYLENES",C=C[Si](C)(C)O[Si](C)(C)C=C.[Pt],0.15,L1_Davephos,CN(C)c1ccccc1-c1ccccc1P(C1CCCCC1)C1CCCCC1,0.005,None,None,None,None,None,None,None,None,None,O1_phenylsilane,C1=CC=C(C=C1)[Si]ÔøΩÔøΩ,0.6,None,None,None,None,None,None,none,100,none,0,UPLCMS,I30,3460970.727,3686380.018,986197.7977,1277086.59,0,0,0,0,0,12.8,36.9,74.2,7.6,0.1,0
yk-1536-4-make-product,1536,80,,1536,I,31,E292_3-quinolinecarboxylic acid,C1=CC=C2C(=C1)C=C(C=N2)C(=O)O,0.2,N3_Scaffold 7,CC(C)C1=CC2=CCC3[C@](C)(CN)CCC[C@]3(C)C2CC1,0.1,,CC(C)C1=CC2=CCC3[C@](C)(CNCc4cnc5ccccc5c4)CCC[C@]3(C)C2CC1,"C1_PLATINUM-1,3-DIVINYL-1,1,3,3-TETRAMETHYLDISILOXANE COMPLEX, IN XYLENES",C=C[Si](C)(C)O[Si](C)(C)C=C.[Pt],0.15,L1_Davephos,CN(C)c1ccccc1-c1ccccc1P(C1CCCCC1)C1CCCCC1,0.005,None,None,None,None,None,None,None,None,None,O1_phenylsilane,C1=CC=C(C=C1)[Si]ÔøΩÔøΩ,0.6,None,None,None,None,None,None,none,100,none,0,UPLCMS,I31,527582.8701,3010755.635,1576362.163,1903389.823,0,0,0,0,0,19,30.1,61.3,10.9,0.2,0
yk-1536-4-make-product,1536,80,,1536,I,32,"E23_5-HEXENOIC ACID, 98%",C=CCCCC(=O)O,0.2,N3_Scaffold 7,CC(C)C1=CC2=CCC3[C@](C)(CN)CCC[C@]3(C)C2CC1,0.1,,C=CCCCCNC[C@]1(C)CCC[C@]2(C)C3CCC(C(C)C)=CC3=CCC12,"C1_PLATINUM-1,3-DIVINYL-1,1,3,3-TETRAMETHYLDISILOXANE COMPLEX, IN XYLENES",C=C[Si](C)(C)O[Si](C)(C)C=C.[Pt],0.15,L1_Davephos,CN(C)c1ccccc1-c1ccccc1P(C1CCCCC1)C1CCCCC1,0.005,None,None,None,None,None,None,None,None,None,O1_phenylsilane,C1=CC=C(C=C1)[Si]ÔøΩÔøΩ,0.6,None,None,None,None,None,None,none,100,none,0,UPLCMS,I32,43601.03005,48771.3651,42696.72562,56923.69955,0,0,0,0,0,0.6,0.5,44.8,-8,-0.2,0
yk-1536-4-make-product,1536,80,,1536,I,33,E125_2-acetamidoprop-2-enoic acid,CC(=O)NC(=C)C(=O)O,0.2,N3_Scaffold 7,CC(C)C1=CC2=CCC3[C@](C)(CN)CCC[C@]3(C)C2CC1,0.1,,C=C(CNC[C@]1(C)CCC[C@]2(C)C3CCC(C(C)C)=CC3=CCC12)NC(C)=O,"C1_PLATINUM-1,3-DIVINYL-1,1,3,3-TETRAMETHYLDISILOXANE COMPLEX, IN XYLENES",C=C[Si](C)(C)O[Si](C)(C)C=C.[Pt],0.15,L1_Davephos,CN(C)c1ccccc1-c1ccccc1P(C1CCCCC1)C1CCCCC1,0.005,None,None,None,None,None,None,None,None,None,O1_phenylsilane,C1=CC=C(C=C1)[Si]ÔøΩÔøΩ,0.6,None,None,None,None,None,None,none,100,none,0,UPLCMS,I33,2274.48371,42640.82304,947801.7983,999470.9164,0,0,0,1873.19969,0,10,0.4,4.1,15.3,3.7,0
yk-1536-4-make-product,1536,80,,1536,I,34,E251_PHENYLPROPIOLIC ACID 97%,C1=CC=C(C=C1)C#CC(=O)O,0.2,N3_Scaffold 7,CC(C)C1=CC2=CCC3[C@](C)(CN)CCC[C@]3(C)C2CC1,0.1,,CC(C)C1=CC2=CCC3[C@](C)(CNCC#Cc4ccccc4)CCC[C@]3(C)C2CC1,"C1_PLATINUM-1,3-DIVINYL-1,1,3,3-TETRAMETHYLDISILOXANE COMPLEX, IN XYLENES",C=C[Si](C)(C)O[Si](C)(C)C=C.[Pt],0.15,L1_Davephos,CN(C)c1ccccc1-c1ccccc1P(C1CCCCC1)C1CCCCC1,0.005,None,None,None,None,None,None,None,None,None,O1_phenylsilane,C1=CC=C(C=C1)[Si]ÔøΩÔøΩ,0.6,None,None,None,None,None,None,none,100,none,0,UPLCMS,I34,184549.3582,217890.7647,119938.5851,183042.7486,0,0,0,0,0,1.8,2.2,54.8,5.4,0.1,0
yk-1536-4-make-product,1536,80,,1536,I,35,E329_Blank9,O=CO,0.2,N3_Scaffold 7,CC(C)C1=CC2=CCC3[C@](C)(CN)CCC[C@]3(C)C2CC1,0.1,MainProduct[700],CC(C)C1=CC2=CCC3[C@](C)(CN)CCC[C@]3(C)C2CC1,"C1_PLATINUM-1,3-DIVINYL-1,1,3,3-TETRAMETHYLDISILOXANE COMPLEX, IN XYLENES",C=C[Si](C)(C)O[Si](C)(C)C=C.[Pt],0.15,L1_Davephos,CN(C)c1ccccc1-c1ccccc1P(C1CCCCC1)C1CCCCC1,0.005,None,None,None,None,None,None,None,None,None,O1_phenylsilane,C1=CC=C(C=C1)[Si]ÔøΩÔøΩ,0.6,None,None,None,None,None,None,none,100,none,0,UPLCMS,I35,0,1117985.325,0,0,0,0,1033993.847,0,0,0,11.2,100,0,0,0
yk-1536-4-make-product,1536,80,,1536,I,36,E361_Blank41,O=CO,0.2,N3_Scaffold 7,CC(C)C1=CC2=CCC3[C@](C)(CN)CCC[C@]3(C)C2CC1,0.1,MainProduct[701],CC(C)C1=CC2=CCC3[C@](C)(CN)CCC[C@]3(C)C2CC1,"C1_PLATINUM-1,3-DIVINYL-1,1,3,3-TETRAMETHYLDISILOXANE COMPLEX, IN XYLENES",C=C[Si](C)(C)O[Si](C)(C)C=C.[Pt],0.15,L1_Davephos,CN(C)c1ccccc1-c1ccccc1P(C1CCCCC1)C1CCCCC1,0.005,None,None,None,None,None,None,None,None,None,O1_phenylsilane,C1=CC=C(C=C1)[Si]ÔøΩÔøΩ,0.6,None,None,None,None,None,None,none,100,none,0,UPLCMS,I36,0,0,0,0,0,0,0,0,0,0,0,0,0,0,0
yk-1536-4-make-product,1536,80,,1536,I,37,"E10_5-METHYL-2-NITROBENZOIC ACID, 98%",CC1=CC(=C(C=C1)[N+](=O)[O-])C(=O)O,0.2,N4_Scaffold 6,CCNC[C@@]1(C)C2[C@](C)(CCC1)c3c(CC2)cc(C(C)C)c(c3)N,0.1,,CCNC[C@]1(C)CCC[C@]2(C)c3cc(NCc4cc(C)ccc4[N+](=O)[O-])c(C(C)C)cc3CCC12,"C1_PLATINUM-1,3-DIVINYL-1,1,3,3-TETRAMETHYLDISILOXANE COMPLEX, IN XYLENES",C=C[Si](C)(C)O[Si](C)(C)C=C.[Pt],0.15,L1_Davephos,CN(C)c1ccccc1-c1ccccc1P(C1CCCCC1)C1CCCCC1,0.005,None,None,None,None,None,None,None,None,None,O1_phenylsilane,C1=CC=C(C=C1)[Si]ÔøΩÔøΩ,0.6,None,None,None,None,None,None,none,100,none,0,UPLCMS,I37,176236.4462,1117469.81,0,0,1965841.325,2299847.748,38016.15614,0,0,23,11.2,32.7,-13.3,-0.4,0
yk-1536-4-make-product,1536,80,,1536,I,38,"E65_(S)-(+)-2-PHENYLPROPIONIC ACID, 97%",CC(C1=CC=CC=C1)C(=O)O,0.2,N4_Scaffold 6,CCNC[C@@]1(C)C2[C@](C)(CCC1)c3c(CC2)cc(C(C)C)c(c3)N,0.1,,CCNC[C@]1(C)CCC[C@]2(C)c3cc(NCC(C)c4ccccc4)c(C(C)C)cc3CCC12,"C1_PLATINUM-1,3-DIVINYL-1,1,3,3-TETRAMETHYLDISILOXANE COMPLEX, IN XYLENES",C=C[Si](C)(C)O[Si](C)(C)C=C.[Pt],0.15,L1_Davephos,CN(C)c1ccccc1-c1ccccc1P(C1CCCCC1)C1CCCCC1,0.005,None,None,None,None,None,None,None,None,None,O1_phenylsilane,C1=CC=C(C=C1)[Si]ÔøΩÔøΩ,0.6,None,None,None,None,None,None,none,100,none,0,UPLCMS,I38,0,0,0,0,717093.3711,716692.763,0,0,0,7.2,0,0,-5.8,0,0
yk-1536-4-make-product,1536,80,,1536,I,39,"E106_4-CYANOBENZOIC ACID, 98%",C1=CC(=CC=C1C#N)C(=O)O,0.2,N4_Scaffold 6,CCNC[C@@]1(C)C2[C@](C)(CCC1)c3c(CC2)cc(C(C)C)c(c3)N,0.1,,CCNC[C@]1(C)CCC[C@]2(C)c3cc(NCc4ccc(C#N)cc4)c(C(C)C)cc3CCC12,"C1_PLATINUM-1,3-DIVINYL-1,1,3,3-TETRAMETHYLDISILOXANE COMPLEX, IN XYLENES",C=C[Si](C)(C)O[Si](C)(C)C=C.[Pt],0.15,L1_Davephos,CN(C)c1ccccc1-c1ccccc1P(C1CCCCC1)C1CCCCC1,0.005,None,None,None,None,None,None,None,None,None,O1_phenylsilane,C1=CC=C(C=C1)[Si]ÔøΩÔøΩ,0.6,None,None,None,None,None,None,none,100,none,0,UPLCMS,I39,56039.49762,441879.6285,0,0,1504937.83,1586728.727,0,0,3103.4096,15.9,4.4,21.7,-28.1,-1.3,0
yk-1536-4-make-product,1536,80,,1536,I,40,E151_3-cyanobenzoic acid,C1=CC(=CC(=C1)C(=O)O)C#N,0.2,N4_Scaffold 6,CCNC[C@@]1(C)C2[C@](C)(CCC1)c3c(CC2)cc(C(C)C)c(c3)N,0.1,,CCNC[C@]1(C)CCC[C@]2(C)c3cc(NCc4cccc(C#N)c4)c(C(C)C)cc3CCC12,"C1_PLATINUM-1,3-DIVINYL-1,1,3,3-TETRAMETHYLDISILOXANE COMPLEX, IN XYLENES",C=C[Si](C)(C)O[Si](C)(C)C=C.[Pt],0.15,L1_Davephos,CN(C)c1ccccc1-c1ccccc1P(C1CCCCC1)C1CCCCC1,0.005,None,None,None,None,None,None,None,None,None,O1_phenylsilane,C1=CC=C(C=C1)[Si]ÔøΩÔøΩ,0.6,None,None,None,None,None,None,none,100,none,0,UPLCMS,I40,108844.9286,550492.7063,0,0,1521302.532,1391915.779,0,0,2598.91505,13.9,5.5,28.4,-1.6,-0.1,0
yk-1536-4-make-product,1536,80,,1536,I,41,E191_2-(1H-indol-3-yl)acetic acid,C1=CC=C2C(=C1)C(=CN2)CC(=O)O,0.2,N4_Scaffold 6,CCNC[C@@]1(C)C2[C@](C)(CCC1)c3c(CC2)cc(C(C)C)c(c3)N,0.1,,CCNC[C@]1(C)CCC[C@]2(C)c3cc(NCCc4c[nH]c5ccccc45)c(C(C)C)cc3CCC12,"C1_PLATINUM-1,3-DIVINYL-1,1,3,3-TETRAMETHYLDISILOXANE COMPLEX, IN XYLENES",C=C[Si](C)(C)O[Si](C)(C)C=C.[Pt],0.15,L1_Davephos,CN(C)c1ccccc1-c1ccccc1P(C1CCCCC1)C1CCCCC1,0.005,None,None,None,None,None,None,None,None,None,O1_phenylsilane,C1=CC=C(C=C1)[Si]ÔøΩÔøΩ,0.6,None,None,None,None,None,None,none,100,none,0,UPLCMS,I41,460409.4741,692057.7517,0,0,910146.1876,788140.2847,18334.49626,0,0,7.9,6.9,46.7,-7.4,-0.2,0
yk-1536-4-make-product,1536,80,,1536,I,42,E235_1-methyl-5-phenylpyrazole-3-carboxylic acid,CN1C(=CC(=N1)C(=O)O)C2=CC=CC=C2,0.2,N4_Scaffold 6,CCNC[C@@]1(C)C2[C@](C)(CCC1)c3c(CC2)cc(C(C)C)c(c3)N,0.1,,CCNC[C@]1(C)CCC[C@]2(C)c3cc(NCc4cc(-c5ccccc5)n(C)n4)c(C(C)C)cc3CCC12,"C1_PLATINUM-1,3-DIVINYL-1,1,3,3-TETRAMETHYLDISILOXANE COMPLEX, IN XYLENES",C=C[Si](C)(C)O[Si](C)(C)C=C.[Pt],0.15,L1_Davephos,CN(C)c1ccccc1-c1ccccc1P(C1CCCCC1)C1CCCCC1,0.005,None,None,None,None,None,None,None,None,None,O1_phenylsilane,C1=CC=C(C=C1)[Si]ÔøΩÔøΩ,0.6,None,None,None,None,None,None,none,100,none,0,UPLCMS,I42,490017.8093,953634.4419,0,0,1958966.025,2217506.44,0,0,0,22.2,9.5,30,-8.4,-0.3,0
yk-1536-4-make-product,1536,80,,1536,I,43,E292_3-quinolinecarboxylic acid,C1=CC=C2C(=C1)C=C(C=N2)C(=O)O,0.2,N4_Scaffold 6,CCNC[C@@]1(C)C2[C@](C)(CCC1)c3c(CC2)cc(C(C)C)c(c3)N,0.1,,CCNC[C@]1(C)CCC[C@]2(C)c3cc(NCc4cnc5ccccc5c4)c(C(C)C)cc3CCC12,"C1_PLATINUM-1,3-DIVINYL-1,1,3,3-TETRAMETHYLDISILOXANE COMPLEX, IN XYLENES",C=C[Si](C)(C)O[Si](C)(C)C=C.[Pt],0.15,L1_Davephos,CN(C)c1ccccc1-c1ccccc1P(C1CCCCC1)C1CCCCC1,0.005,None,None,None,None,None,None,None,None,None,O1_phenylsilane,C1=CC=C(C=C1)[Si]ÔøΩÔøΩ,0.6,None,None,None,None,None,None,none,100,none,0,UPLCMS,I43,99438.42019,297112.7421,0,0,1788221.92,1489025.447,0,0,0,14.9,3,16.6,-6.1,-0.4,0
yk-1536-4-make-product,1536,80,,1536,I,44,"E23_5-HEXENOIC ACID, 98%",C=CCCCC(=O)O,0.2,N4_Scaffold 6,CCNC[C@@]1(C)C2[C@](C)(CCC1)c3c(CC2)cc(C(C)C)c(c3)N,0.1,,C=CCCCCNc1cc2c(cc1C(C)C)CCC1[C@](C)(CNCC)CCC[C@]21C,"C1_PLATINUM-1,3-DIVINYL-1,1,3,3-TETRAMETHYLDISILOXANE COMPLEX, IN XYLENES",C=C[Si](C)(C)O[Si](C)(C)C=C.[Pt],0.15,L1_Davephos,CN(C)c1ccccc1-c1ccccc1P(C1CCCCC1)C1CCCCC1,0.005,None,None,None,None,None,None,None,None,None,O1_phenylsilane,C1=CC=C(C=C1)[Si]ÔøΩÔøΩ,0.6,None,None,None,None,None,None,none,100,none,0,UPLCMS,I44,34099.86178,0,0,0,210189.414,92404.88092,0,0,0,0.9,0,0,1.6,0,0
yk-1536-4-make-product,1536,80,,1536,I,45,E125_2-acetamidoprop-2-enoic acid,CC(=O)NC(=C)C(=O)O,0.2,N4_Scaffold 6,CCNC[C@@]1(C)C2[C@](C)(CCC1)c3c(CC2)cc(C(C)C)c(c3)N,0.1,,C=C(CNc1cc2c(cc1C(C)C)CCC1[C@](C)(CNCC)CCC[C@]21C)NC(C)=O,"C1_PLATINUM-1,3-DIVINYL-1,1,3,3-TETRAMETHYLDISILOXANE COMPLEX, IN XYLENES",C=C[Si](C)(C)O[Si](C)(C)C=C.[Pt],0.15,L1_Davephos,CN(C)c1ccccc1-c1ccccc1P(C1CCCCC1)C1CCCCC1,0.005,None,None,None,None,None,None,None,None,None,O1_phenylsilane,C1=CC=C(C=C1)[Si]ÔøΩÔøΩ,0.6,None,None,None,None,None,None,none,100,none,0,UPLCMS,I45,5776.13045,0,0,0,614177.2707,587790.1491,0,0,0,5.9,0,0,-11.1,0,0
yk-1536-4-make-product,1536,80,,1536,I,46,E251_PHENYLPROPIOLIC ACID 97%,C1=CC=C(C=C1)C#CC(=O)O,0.2,N4_Scaffold 6,CCNC[C@@]1(C)C2[C@](C)(CCC1)c3c(CC2)cc(C(C)C)c(c3)N,0.1,,CCNC[C@]1(C)CCC[C@]2(C)c3cc(NCC#Cc4ccccc4)c(C(C)C)cc3CCC12,"C1_PLATINUM-1,3-DIVINYL-1,1,3,3-TETRAMETHYLDISILOXANE COMPLEX, IN XYLENES",C=C[Si](C)(C)O[Si](C)(C)C=C.[Pt],0.15,L1_Davephos,CN(C)c1ccccc1-c1ccccc1P(C1CCCCC1)C1CCCCC1,0.005,None,None,None,None,None,None,None,None,None,O1_phenylsilane,C1=CC=C(C=C1)[Si]ÔøΩÔøΩ,0.6,None,None,None,None,None,None,none,100,none,0,UPLCMS,I46,0,0,0,0,966958.0417,944515.4569,0,0,0,9.4,0,0,-11.9,0,0
yk-1536-4-make-product,1536,80,,1536,I,47,E329_Blank9,O=CO,0.2,N4_Scaffold 6,CCNC[C@@]1(C)C2[C@](C)(CCC1)c3c(CC2)cc(C(C)C)c(c3)N,0.1,MainProduct[713],CCNC[C@@]1(C)C2[C@](C)(CCC1)c3c(CC2)cc(C(C)C)c(c3)N,"C1_PLATINUM-1,3-DIVINYL-1,1,3,3-TETRAMETHYLDISILOXANE COMPLEX, IN XYLENES",C=C[Si](C)(C)O[Si](C)(C)C=C.[Pt],0.15,L1_Davephos,CN(C)c1ccccc1-c1ccccc1P(C1CCCCC1)C1CCCCC1,0.005,None,None,None,None,None,None,None,None,None,O1_phenylsilane,C1=CC=C(C=C1)[Si]ÔøΩÔøΩ,0.6,None,None,None,None,None,None,none,100,none,0,UPLCMS,I47,0,818307.8385,0,0,0,0,818122.3935,0,0,0,8.2,100,0,0,0
yk-1536-4-make-product,1536,80,,1536,I,48,E361_Blank41,O=CO,0.2,N4_Scaffold 6,CCNC[C@@]1(C)C2[C@](C)(CCC1)c3c(CC2)cc(C(C)C)c(c3)N,0.1,MainProduct[714],CCNC[C@@]1(C)C2[C@](C)(CCC1)c3c(CC2)cc(C(C)C)c(c3)N,"C1_PLATINUM-1,3-DIVINYL-1,1,3,3-TETRAMETHYLDISILOXANE COMPLEX, IN XYLENES",C=C[Si](C)(C)O[Si](C)(C)C=C.[Pt],0.15,L1_Davephos,CN(C)c1ccccc1-c1ccccc1P(C1CCCCC1)C1CCCCC1,0.005,None,None,None,None,None,None,None,None,None,O1_phenylsilane,C1=CC=C(C=C1)[Si]ÔøΩÔøΩ,0.6,None,None,None,None,None,None,none,100,none,0,UPLCMS,I48,0,0,0,0,0,0,0,0,0,0,0,0,0,0,0
yk-1536-4-make-product,1536,80,,1536,J,1,"E11_4-(DIMETHYLAMINO)PHENYLACETIC ACID, 97%",CN(C)C1=CC=C(C=C1)CC(=O)O,0.2,N1_(+)-Dehydroabietylamine,CC(C)c1ccc2c(c1)CC[C@H]1[C@](C)(CN)CCC[C@]21C,0.1,,CC(C)c1ccc2c(c1)CC[C@H]1[C@](C)(CNCCc3ccc(N(C)C)cc3)CCC[C@]21C,"C1_PLATINUM-1,3-DIVINYL-1,1,3,3-TETRAMETHYLDISILOXANE COMPLEX, IN XYLENES",C=C[Si](C)(C)O[Si](C)(C)C=C.[Pt],0.15,L1_Davephos,CN(C)c1ccccc1-c1ccccc1P(C1CCCCC1)C1CCCCC1,0.005,None,None,None,None,None,None,None,None,None,O1_phenylsilane,C1=CC=C(C=C1)[Si]ÔøΩÔøΩ,0.6,None,None,None,None,None,None,none,100,none,0,UPLCMS,J1,1431358.878,3555323.828,,,,,28474.6132,,,1.9,35.6,95,-18.6,-0.2,0
yk-1536-4-make-product,1536,80,,1536,J,2,"E67_4-FLUORO-3-HYDROXYBENZOIC ACID, 97%",C1=CC(=C(C=C1C(=O)O)O)F,0.2,N1_(+)-Dehydroabietylamine,CC(C)c1ccc2c(c1)CC[C@H]1[C@](C)(CN)CCC[C@]21C,0.1,,CC(C)c1ccc2c(c1)CC[C@H]1[C@](C)(CNCc3ccc(F)c(O)c3)CCC[C@]21C,"C1_PLATINUM-1,3-DIVINYL-1,1,3,3-TETRAMETHYLDISILOXANE COMPLEX, IN XYLENES",C=C[Si](C)(C)O[Si](C)(C)C=C.[Pt],0.15,L1_Davephos,CN(C)c1ccccc1-c1ccccc1P(C1CCCCC1)C1CCCCC1,0.005,None,None,None,None,None,None,None,None,None,O1_phenylsilane,C1=CC=C(C=C1)[Si]ÔøΩÔøΩ,0.6,None,None,None,None,None,None,none,100,none,0,UPLCMS,J2,1954453.026,2956743.041,,,,,0,,,40.1,29.6,42.4,101.1,2.38,13.46
yk-1536-4-make-product,1536,80,,1536,J,3,"E110_2-(DIFLUOROMETHYL)BENZOIC ACID,",C1=CC=C(C(=C1)C(F)F)C(=O)O,0.2,N1_(+)-Dehydroabietylamine,CC(C)c1ccc2c(c1)CC[C@H]1[C@](C)(CN)CCC[C@]21C,0.1,,CC(C)c1ccc2c(c1)CC[C@H]1[C@](C)(CNCc3ccccc3C(F)F)CCC[C@]21C,"C1_PLATINUM-1,3-DIVINYL-1,1,3,3-TETRAMETHYLDISILOXANE COMPLEX, IN XYLENES",C=C[Si](C)(C)O[Si](C)(C)C=C.[Pt],0.15,L1_Davephos,CN(C)c1ccccc1-c1ccccc1P(C1CCCCC1)C1CCCCC1,0.005,None,None,None,None,None,None,None,None,None,O1_phenylsilane,C1=CC=C(C=C1)[Si]ÔøΩÔøΩ,0.6,None,None,None,None,None,None,none,100,none,0,UPLCMS,J3,495894.8989,684590.3551,,,,,0,,,25.7,6.8,21.1,33.8,1.6,0
yk-1536-4-make-product,1536,80,,1536,J,4,E153_2-phenylquinoline-4-carboxylic acid,C1=CC=C(C=C1)C2=NC3=CC=CC=C3C(=C2)C(=O)O,0.2,N1_(+)-Dehydroabietylamine,CC(C)c1ccc2c(c1)CC[C@H]1[C@](C)(CN)CCC[C@]21C,0.1,,CC(C)c1ccc2c(c1)CC[C@H]1[C@](C)(CNCc3cc(-c4ccccc4)nc4ccccc34)CCC[C@]21C,"C1_PLATINUM-1,3-DIVINYL-1,1,3,3-TETRAMETHYLDISILOXANE COMPLEX, IN XYLENES",C=C[Si](C)(C)O[Si](C)(C)C=C.[Pt],0.15,L1_Davephos,CN(C)c1ccccc1-c1ccccc1P(C1CCCCC1)C1CCCCC1,0.005,None,None,None,None,None,None,None,None,None,O1_phenylsilane,C1=CC=C(C=C1)[Si]ÔøΩÔøΩ,0.6,None,None,None,None,None,None,none,100,none,0,UPLCMS,J4,1922371.753,2663391.575,,,,,0,,,29.2,26.6,47.7,29,0.61,0
yk-1536-4-make-product,1536,80,,1536,J,5,"E193_(2S)-2,3-dihydro-1H-indole-2-carboxylic acid",C1C(NC2=CC=CC=C21)C(=O)O,0.2,N1_(+)-Dehydroabietylamine,CC(C)c1ccc2c(c1)CC[C@H]1[C@](C)(CN)CCC[C@]21C,0.1,,CC(C)c1ccc2c(c1)CC[C@H]1[C@](C)(CNCC3Cc4ccccc4N3)CCC[C@]21C,"C1_PLATINUM-1,3-DIVINYL-1,1,3,3-TETRAMETHYLDISILOXANE COMPLEX, IN XYLENES",C=C[Si](C)(C)O[Si](C)(C)C=C.[Pt],0.15,L1_Davephos,CN(C)c1ccccc1-c1ccccc1P(C1CCCCC1)C1CCCCC1,0.005,None,None,None,None,None,None,None,None,None,O1_phenylsilane,C1=CC=C(C=C1)[Si]ÔøΩÔøΩ,0.6,None,None,None,None,None,None,none,100,none,0,UPLCMS,J5,46225.14436,323759.5316,,,,,0,,,23.3,3.2,12.2,27.2,2.23,0
yk-1536-4-make-product,1536,80,,1536,J,6,E236_4-nitrobenzoic acid,C1=CC(=CC=C1C(=O)O)[N+](=O)[O-],0.2,N1_(+)-Dehydroabietylamine,CC(C)c1ccc2c(c1)CC[C@H]1[C@](C)(CN)CCC[C@]21C,0.1,,CC(C)c1ccc2c(c1)CC[C@H]1[C@](C)(CNCc3ccc([N+](=O)[O-])cc3)CCC[C@]21C,"C1_PLATINUM-1,3-DIVINYL-1,1,3,3-TETRAMETHYLDISILOXANE COMPLEX, IN XYLENES",C=C[Si](C)(C)O[Si](C)(C)C=C.[Pt],0.15,L1_Davephos,CN(C)c1ccccc1-c1ccccc1P(C1CCCCC1)C1CCCCC1,0.005,None,None,None,None,None,None,None,None,None,O1_phenylsilane,C1=CC=C(C=C1)[Si]ÔøΩÔøΩ,0.6,None,None,None,None,None,None,none,100,none,0,UPLCMS,J6,1256391.159,1870579.923,,,,,742616.182,,,28.5,18.7,39.6,25.3,0.64,0
yk-1536-4-make-product,1536,80,,1536,J,7,E294_6-Quinolinecarboxylic Acid,C1=CC2=C(C=CC(=C2)C(=O)O)N=C1,0.2,N1_(+)-Dehydroabietylamine,CC(C)c1ccc2c(c1)CC[C@H]1[C@](C)(CN)CCC[C@]21C,0.1,,CC(C)c1ccc2c(c1)CC[C@H]1[C@](C)(CNCc3ccc4ncccc4c3)CCC[C@]21C,"C1_PLATINUM-1,3-DIVINYL-1,1,3,3-TETRAMETHYLDISILOXANE COMPLEX, IN XYLENES",C=C[Si](C)(C)O[Si](C)(C)C=C.[Pt],0.15,L1_Davephos,CN(C)c1ccccc1-c1ccccc1P(C1CCCCC1)C1CCCCC1,0.005,None,None,None,None,None,None,None,None,None,O1_phenylsilane,C1=CC=C(C=C1)[Si]ÔøΩÔøΩ,0.6,None,None,None,None,None,None,none,100,none,0,UPLCMS,J7,1007884.583,1968369.651,,,,,0,,,36,19.7,35.4,72.4,2.05,0.82
yk-1536-4-make-product,1536,80,,1536,J,8,"E26_16-HYDROXYHEXADECANOIC ACID, 98%",C(CCCCCCCC(=O)O)CCCCCCCO,0.2,N1_(+)-Dehydroabietylamine,CC(C)c1ccc2c(c1)CC[C@H]1[C@](C)(CN)CCC[C@]21C,0.1,,CC(C)c1ccc2c(c1)CC[C@H]1[C@](C)(CNCCCCCCCCCCCCCCCCO)CCC[C@]21C,"C1_PLATINUM-1,3-DIVINYL-1,1,3,3-TETRAMETHYLDISILOXANE COMPLEX, IN XYLENES",C=C[Si](C)(C)O[Si](C)(C)C=C.[Pt],0.15,L1_Davephos,CN(C)c1ccccc1-c1ccccc1P(C1CCCCC1)C1CCCCC1,0.005,None,None,None,None,None,None,None,None,None,O1_phenylsilane,C1=CC=C(C=C1)[Si]ÔøΩÔøΩ,0.6,None,None,None,None,None,None,none,100,none,0,UPLCMS,J8,8510.34316,246668.8675,,,,,0,,,17.4,2.5,12.4,9.4,0.76,0
yk-1536-4-make-product,1536,80,,1536,J,9,E128_azetidine-3-carboxylic acid,C1C(CN1)C(=O)O,0.2,N1_(+)-Dehydroabietylamine,CC(C)c1ccc2c(c1)CC[C@H]1[C@](C)(CN)CCC[C@]21C,0.1,,CC(C)c1ccc2c(c1)CC[C@H]1[C@](C)(CNCC3CNC3)CCC[C@]21C,"C1_PLATINUM-1,3-DIVINYL-1,1,3,3-TETRAMETHYLDISILOXANE COMPLEX, IN XYLENES",C=C[Si](C)(C)O[Si](C)(C)C=C.[Pt],0.15,L1_Davephos,CN(C)c1ccccc1-c1ccccc1P(C1CCCCC1)C1CCCCC1,0.005,None,None,None,None,None,None,None,None,None,O1_phenylsilane,C1=CC=C(C=C1)[Si]ÔøΩÔøΩ,0.6,None,None,None,None,None,None,none,100,none,0,UPLCMS,J9,1149.58512,0,,,,,0,,,19.7,0,0,-2.3,0,0
yk-1536-4-make-product,1536,80,,1536,J,10,E252_Pyrimidine-2-carboxylic acid,C1=CN=C(N=C1)C(=O)O,0.2,N1_(+)-Dehydroabietylamine,CC(C)c1ccc2c(c1)CC[C@H]1[C@](C)(CN)CCC[C@]21C,0.1,,CC(C)c1ccc2c(c1)CC[C@H]1[C@](C)(CNCc3ncccn3)CCC[C@]21C,"C1_PLATINUM-1,3-DIVINYL-1,1,3,3-TETRAMETHYLDISILOXANE COMPLEX, IN XYLENES",C=C[Si](C)(C)O[Si](C)(C)C=C.[Pt],0.15,L1_Davephos,CN(C)c1ccccc1-c1ccccc1P(C1CCCCC1)C1CCCCC1,0.005,None,None,None,None,None,None,None,None,None,O1_phenylsilane,C1=CC=C(C=C1)[Si]ÔøΩÔøΩ,0.6,None,None,None,None,None,None,none,100,none,0,UPLCMS,J10,0,0,,,,,0,,,23.1,0,0,-4.9,0,0
yk-1536-4-make-product,1536,80,,1536,J,11,E330_Blank10,O=CO,0.2,N1_(+)-Dehydroabietylamine,CC(C)c1ccc2c(c1)CC[C@H]1[C@](C)(CN)CCC[C@]21C,0.1,MainProduct[722],CC(C)c1ccc2c(c1)CC[C@H]1[C@](C)(CN)CCC[C@]21C,"C1_PLATINUM-1,3-DIVINYL-1,1,3,3-TETRAMETHYLDISILOXANE COMPLEX, IN XYLENES",C=C[Si](C)(C)O[Si](C)(C)C=C.[Pt],0.15,L1_Davephos,CN(C)c1ccccc1-c1ccccc1P(C1CCCCC1)C1CCCCC1,0.005,None,None,None,None,None,None,None,None,None,O1_phenylsilane,C1=CC=C(C=C1)[Si]ÔøΩÔøΩ,0.6,None,None,None,None,None,None,none,100,none,0,UPLCMS,J11,0,2465820.097,,,,,2742747.078,,,0,24.7,100,0,0,0
yk-1536-4-make-product,1536,80,,1536,J,12,E362_Blank42,O=CO,0.2,N1_(+)-Dehydroabietylamine,CC(C)c1ccc2c(c1)CC[C@H]1[C@](C)(CN)CCC[C@]21C,0.1,MainProduct[723],CC(C)c1ccc2c(c1)CC[C@H]1[C@](C)(CN)CCC[C@]21C,"C1_PLATINUM-1,3-DIVINYL-1,1,3,3-TETRAMETHYLDISILOXANE COMPLEX, IN XYLENES",C=C[Si](C)(C)O[Si](C)(C)C=C.[Pt],0.15,L1_Davephos,CN(C)c1ccccc1-c1ccccc1P(C1CCCCC1)C1CCCCC1,0.005,None,None,None,None,None,None,None,None,None,O1_phenylsilane,C1=CC=C(C=C1)[Si]ÔøΩÔøΩ,0.6,None,None,None,None,None,None,none,100,none,0,UPLCMS,J12,0,0,,,,,0,,,0,0,0,0,0,0
yk-1536-4-make-product,1536,80,,1536,J,13,"E11_4-(DIMETHYLAMINO)PHENYLACETIC ACID, 97%",CN(C)C1=CC=C(C=C1)CC(=O)O,0.2,N2_hydroxydehydroabietylamine,CC(C)C(C(O)=C1)=CC2=C1[C@]3(C)C(CC2)[C@](C)(CN)CCC3,0.1,,CC(C)c1cc2c(cc1O)[C@@]1(C)CCC[C@@](C)(CNCCc3ccc(N(C)C)cc3)C1CC2,"C1_PLATINUM-1,3-DIVINYL-1,1,3,3-TETRAMETHYLDISILOXANE COMPLEX, IN XYLENES",C=C[Si](C)(C)O[Si](C)(C)C=C.[Pt],0.15,L1_Davephos,CN(C)c1ccccc1-c1ccccc1P(C1CCCCC1)C1CCCCC1,0.005,None,None,None,None,None,None,None,None,None,O1_phenylsilane,C1=CC=C(C=C1)[Si]ÔøΩÔøΩ,0.6,None,None,None,None,None,None,none,100,none,0,UPLCMS,J13,102326.6624,154637.5367,,,,,0,,,0,1.5,100,-5.6,-0.06,0
yk-1536-4-make-product,1536,80,,1536,J,14,"E67_4-FLUORO-3-HYDROXYBENZOIC ACID, 97%",C1=CC(=C(C=C1C(=O)O)O)F,0.2,N2_hydroxydehydroabietylamine,CC(C)C(C(O)=C1)=CC2=C1[C@]3(C)C(CC2)[C@](C)(CN)CCC3,0.1,,CC(C)c1cc2c(cc1O)[C@@]1(C)CCC[C@@](C)(CNCc3ccc(F)c(O)c3)C1CC2,"C1_PLATINUM-1,3-DIVINYL-1,1,3,3-TETRAMETHYLDISILOXANE COMPLEX, IN XYLENES",C=C[Si](C)(C)O[Si](C)(C)C=C.[Pt],0.15,L1_Davephos,CN(C)c1ccccc1-c1ccccc1P(C1CCCCC1)C1CCCCC1,0.005,None,None,None,None,None,None,None,None,None,O1_phenylsilane,C1=CC=C(C=C1)[Si]ÔøΩÔøΩ,0.6,None,None,None,None,None,None,none,100,none,0,UPLCMS,J14,965122.118,1821715.678,,,,,0,,,2.1,18.2,89.7,-13.3,-0.15,0
yk-1536-4-make-product,1536,80,,1536,J,15,"E110_2-(DIFLUOROMETHYL)BENZOIC ACID,",C1=CC=C(C(=C1)C(F)F)C(=O)O,0.2,N2_hydroxydehydroabietylamine,CC(C)C(C(O)=C1)=CC2=C1[C@]3(C)C(CC2)[C@](C)(CN)CCC3,0.1,,CC(C)c1cc2c(cc1O)[C@@]1(C)CCC[C@@](C)(CNCc3ccccc3C(F)F)C1CC2,"C1_PLATINUM-1,3-DIVINYL-1,1,3,3-TETRAMETHYLDISILOXANE COMPLEX, IN XYLENES",C=C[Si](C)(C)O[Si](C)(C)C=C.[Pt],0.15,L1_Davephos,CN(C)c1ccccc1-c1ccccc1P(C1CCCCC1)C1CCCCC1,0.005,None,None,None,None,None,None,None,None,None,O1_phenylsilane,C1=CC=C(C=C1)[Si]ÔøΩÔøΩ,0.6,None,None,None,None,None,None,none,100,none,0,UPLCMS,J15,684151.8751,914700.8734,,,,,0,,,4.5,9.1,67.1,0.7,0.01,0
yk-1536-4-make-product,1536,80,,1536,J,16,E153_2-phenylquinoline-4-carboxylic acid,C1=CC=C(C=C1)C2=NC3=CC=CC=C3C(=C2)C(=O)O,0.2,N2_hydroxydehydroabietylamine,CC(C)C(C(O)=C1)=CC2=C1[C@]3(C)C(CC2)[C@](C)(CN)CCC3,0.1,,CC(C)c1cc2c(cc1O)[C@@]1(C)CCC[C@@](C)(CNCc3cc(-c4ccccc4)nc4ccccc34)C1CC2,"C1_PLATINUM-1,3-DIVINYL-1,1,3,3-TETRAMETHYLDISILOXANE COMPLEX, IN XYLENES",C=C[Si](C)(C)O[Si](C)(C)C=C.[Pt],0.15,L1_Davephos,CN(C)c1ccccc1-c1ccccc1P(C1CCCCC1)C1CCCCC1,0.005,None,None,None,None,None,None,None,None,None,O1_phenylsilane,C1=CC=C(C=C1)[Si]ÔøΩÔøΩ,0.6,None,None,None,None,None,None,none,100,none,0,UPLCMS,J16,515078.6077,483289.283,,,,,28002.01647,,,1.2,4.8,79.8,-7.1,-0.09,0
yk-1536-4-make-product,1536,80,,1536,J,17,"E193_(2S)-2,3-dihydro-1H-indole-2-carboxylic acid",C1C(NC2=CC=CC=C21)C(=O)O,0.2,N2_hydroxydehydroabietylamine,CC(C)C(C(O)=C1)=CC2=C1[C@]3(C)C(CC2)[C@](C)(CN)CCC3,0.1,,CC(C)c1cc2c(cc1O)[C@@]1(C)CCC[C@@](C)(CNCC3Cc4ccccc4N3)C1CC2,"C1_PLATINUM-1,3-DIVINYL-1,1,3,3-TETRAMETHYLDISILOXANE COMPLEX, IN XYLENES",C=C[Si](C)(C)O[Si](C)(C)C=C.[Pt],0.15,L1_Davephos,CN(C)c1ccccc1-c1ccccc1P(C1CCCCC1)C1CCCCC1,0.005,None,None,None,None,None,None,None,None,None,O1_phenylsilane,C1=CC=C(C=C1)[Si]ÔøΩÔøΩ,0.6,None,None,None,None,None,None,none,100,none,0,UPLCMS,J17,0,0,,,,,0,,,4.1,0,0,-5.2,0,0
yk-1536-4-make-product,1536,80,,1536,J,18,E236_4-nitrobenzoic acid,C1=CC(=CC=C1C(=O)O)[N+](=O)[O-],0.2,N2_hydroxydehydroabietylamine,CC(C)C(C(O)=C1)=CC2=C1[C@]3(C)C(CC2)[C@](C)(CN)CCC3,0.1,,CC(C)c1cc2c(cc1O)[C@@]1(C)CCC[C@@](C)(CNCc3ccc([N+](=O)[O-])cc3)C1CC2,"C1_PLATINUM-1,3-DIVINYL-1,1,3,3-TETRAMETHYLDISILOXANE COMPLEX, IN XYLENES",C=C[Si](C)(C)O[Si](C)(C)C=C.[Pt],0.15,L1_Davephos,CN(C)c1ccccc1-c1ccccc1P(C1CCCCC1)C1CCCCC1,0.005,None,None,None,None,None,None,None,None,None,O1_phenylsilane,C1=CC=C(C=C1)[Si]ÔøΩÔøΩ,0.6,None,None,None,None,None,None,none,100,none,0,UPLCMS,J18,513344.755,602355.6951,,,,,0,,,4.1,6,59.4,-23.8,-0.4,0
yk-1536-4-make-product,1536,80,,1536,J,19,E294_6-Quinolinecarboxylic Acid,C1=CC2=C(C=CC(=C2)C(=O)O)N=C1,0.2,N2_hydroxydehydroabietylamine,CC(C)C(C(O)=C1)=CC2=C1[C@]3(C)C(CC2)[C@](C)(CN)CCC3,0.1,,CC(C)c1cc2c(cc1O)[C@@]1(C)CCC[C@@](C)(CNCc3ccc4ncccc4c3)C1CC2,"C1_PLATINUM-1,3-DIVINYL-1,1,3,3-TETRAMETHYLDISILOXANE COMPLEX, IN XYLENES",C=C[Si](C)(C)O[Si](C)(C)C=C.[Pt],0.15,L1_Davephos,CN(C)c1ccccc1-c1ccccc1P(C1CCCCC1)C1CCCCC1,0.005,None,None,None,None,None,None,None,None,None,O1_phenylsilane,C1=CC=C(C=C1)[Si]ÔøΩÔøΩ,0.6,None,None,None,None,None,None,none,100,none,0,UPLCMS,J19,185567.8229,548043.3827,,,,,0,,,2.9,5.5,65.1,-5.1,-0.08,0
yk-1536-4-make-product,1536,80,,1536,J,20,"E26_16-HYDROXYHEXADECANOIC ACID, 98%",C(CCCCCCCC(=O)O)CCCCCCCO,0.2,N2_hydroxydehydroabietylamine,CC(C)C(C(O)=C1)=CC2=C1[C@]3(C)C(CC2)[C@](C)(CN)CCC3,0.1,,CC(C)c1cc2c(cc1O)[C@@]1(C)CCC[C@@](C)(CNCCCCCCCCCCCCCCCCO)C1CC2,"C1_PLATINUM-1,3-DIVINYL-1,1,3,3-TETRAMETHYLDISILOXANE COMPLEX, IN XYLENES",C=C[Si](C)(C)O[Si](C)(C)C=C.[Pt],0.15,L1_Davephos,CN(C)c1ccccc1-c1ccccc1P(C1CCCCC1)C1CCCCC1,0.005,None,None,None,None,None,None,None,None,None,O1_phenylsilane,C1=CC=C(C=C1)[Si]ÔøΩÔøΩ,0.6,None,None,None,None,None,None,none,100,none,0,UPLCMS,J20,3068.13577,28565.8141,,,,,0,,,1.6,0.3,14.9,-9.5,-0.64,0
yk-1536-4-make-product,1536,80,,1536,J,21,E128_azetidine-3-carboxylic acid,C1C(CN1)C(=O)O,0.2,N2_hydroxydehydroabietylamine,CC(C)C(C(O)=C1)=CC2=C1[C@]3(C)C(CC2)[C@](C)(CN)CCC3,0.1,,CC(C)c1cc2c(cc1O)[C@@]1(C)CCC[C@@](C)(CNCC3CNC3)C1CC2,"C1_PLATINUM-1,3-DIVINYL-1,1,3,3-TETRAMETHYLDISILOXANE COMPLEX, IN XYLENES",C=C[Si](C)(C)O[Si](C)(C)C=C.[Pt],0.15,L1_Davephos,CN(C)c1ccccc1-c1ccccc1P(C1CCCCC1)C1CCCCC1,0.005,None,None,None,None,None,None,None,None,None,O1_phenylsilane,C1=CC=C(C=C1)[Si]ÔøΩÔøΩ,0.6,None,None,None,None,None,None,none,100,none,0,UPLCMS,J21,0,0,,,,,0,,,2.6,0,0,-18.5,0,0
yk-1536-4-make-product,1536,80,,1536,J,22,E252_Pyrimidine-2-carboxylic acid,C1=CN=C(N=C1)C(=O)O,0.2,N2_hydroxydehydroabietylamine,CC(C)C(C(O)=C1)=CC2=C1[C@]3(C)C(CC2)[C@](C)(CN)CCC3,0.1,,CC(C)c1cc2c(cc1O)[C@@]1(C)CCC[C@@](C)(CNCc3ncccn3)C1CC2,"C1_PLATINUM-1,3-DIVINYL-1,1,3,3-TETRAMETHYLDISILOXANE COMPLEX, IN XYLENES",C=C[Si](C)(C)O[Si](C)(C)C=C.[Pt],0.15,L1_Davephos,CN(C)c1ccccc1-c1ccccc1P(C1CCCCC1)C1CCCCC1,0.005,None,None,None,None,None,None,None,None,None,O1_phenylsilane,C1=CC=C(C=C1)[Si]ÔøΩÔøΩ,0.6,None,None,None,None,None,None,none,100,none,0,UPLCMS,J22,0,0,,,,,0,,,4.7,0,0,-4.6,0,0
yk-1536-4-make-product,1536,80,,1536,J,23,E330_Blank10,O=CO,0.2,N2_hydroxydehydroabietylamine,CC(C)C(C(O)=C1)=CC2=C1[C@]3(C)C(CC2)[C@](C)(CN)CCC3,0.1,MainProduct[735],CC(C)C(C(O)=C1)=CC2=C1[C@]3(C)C(CC2)[C@](C)(CN)CCC3,"C1_PLATINUM-1,3-DIVINYL-1,1,3,3-TETRAMETHYLDISILOXANE COMPLEX, IN XYLENES",C=C[Si](C)(C)O[Si](C)(C)C=C.[Pt],0.15,L1_Davephos,CN(C)c1ccccc1-c1ccccc1P(C1CCCCC1)C1CCCCC1,0.005,None,None,None,None,None,None,None,None,None,O1_phenylsilane,C1=CC=C(C=C1)[Si]ÔøΩÔøΩ,0.6,None,None,None,None,None,None,none,100,none,0,UPLCMS,J23,0,356722.6461,,,,,359968.7022,,,0,3.6,100,0,0,0
yk-1536-4-make-product,1536,80,,1536,J,24,E362_Blank42,O=CO,0.2,N2_hydroxydehydroabietylamine,CC(C)C(C(O)=C1)=CC2=C1[C@]3(C)C(CC2)[C@](C)(CN)CCC3,0.1,MainProduct[736],CC(C)C(C(O)=C1)=CC2=C1[C@]3(C)C(CC2)[C@](C)(CN)CCC3,"C1_PLATINUM-1,3-DIVINYL-1,1,3,3-TETRAMETHYLDISILOXANE COMPLEX, IN XYLENES",C=C[Si](C)(C)O[Si](C)(C)C=C.[Pt],0.15,L1_Davephos,CN(C)c1ccccc1-c1ccccc1P(C1CCCCC1)C1CCCCC1,0.005,None,None,None,None,None,None,None,None,None,O1_phenylsilane,C1=CC=C(C=C1)[Si]ÔøΩÔøΩ,0.6,None,None,None,None,None,None,none,100,none,0,UPLCMS,J24,0,0,,,,,0,,,0,0,0,0,0,0
yk-1536-4-make-product,1536,80,,1536,J,25,"E11_4-(DIMETHYLAMINO)PHENYLACETIC ACID, 97%",CN(C)C1=CC=C(C=C1)CC(=O)O,0.2,N3_Scaffold 7,CC(C)C1=CC2=CCC3[C@](C)(CN)CCC[C@]3(C)C2CC1,0.1,,CC(C)C1=CC2=CCC3[C@](C)(CNCCc4ccc(N(C)C)cc4)CCC[C@]3(C)C2CC1,"C1_PLATINUM-1,3-DIVINYL-1,1,3,3-TETRAMETHYLDISILOXANE COMPLEX, IN XYLENES",C=C[Si](C)(C)O[Si](C)(C)C=C.[Pt],0.15,L1_Davephos,CN(C)c1ccccc1-c1ccccc1P(C1CCCCC1)C1CCCCC1,0.005,None,None,None,None,None,None,None,None,None,O1_phenylsilane,C1=CC=C(C=C1)[Si]ÔøΩÔøΩ,0.6,None,None,None,None,None,None,none,100,none,0,UPLCMS,J25,466088.4987,1707243.523,42283.25749,335328.5646,0,0,34793.32032,0,0,3.4,17.1,83.4,5.4,0.06,0
yk-1536-4-make-product,1536,80,,1536,J,26,"E67_4-FLUORO-3-HYDROXYBENZOIC ACID, 97%",C1=CC(=C(C=C1C(=O)O)O)F,0.2,N3_Scaffold 7,CC(C)C1=CC2=CCC3[C@](C)(CN)CCC[C@]3(C)C2CC1,0.1,,CC(C)C1=CC2=CCC3[C@](C)(CNCc4ccc(F)c(O)c4)CCC[C@]3(C)C2CC1,"C1_PLATINUM-1,3-DIVINYL-1,1,3,3-TETRAMETHYLDISILOXANE COMPLEX, IN XYLENES",C=C[Si](C)(C)O[Si](C)(C)C=C.[Pt],0.15,L1_Davephos,CN(C)c1ccccc1-c1ccccc1P(C1CCCCC1)C1CCCCC1,0.005,None,None,None,None,None,None,None,None,None,O1_phenylsilane,C1=CC=C(C=C1)[Si]ÔøΩÔøΩ,0.6,None,None,None,None,None,None,none,100,none,0,UPLCMS,J26,1571406.485,5612511.656,1848777.82,2548735.054,0,0,0,0,0,25.5,56.1,68.8,83.1,1.21,5.71
yk-1536-4-make-product,1536,80,,1536,J,27,"E110_2-(DIFLUOROMETHYL)BENZOIC ACID,",C1=CC=C(C(=C1)C(F)F)C(=O)O,0.2,N3_Scaffold 7,CC(C)C1=CC2=CCC3[C@](C)(CN)CCC[C@]3(C)C2CC1,0.1,,CC(C)C1=CC2=CCC3[C@](C)(CNCc4ccccc4C(F)F)CCC[C@]3(C)C2CC1,"C1_PLATINUM-1,3-DIVINYL-1,1,3,3-TETRAMETHYLDISILOXANE COMPLEX, IN XYLENES",C=C[Si](C)(C)O[Si](C)(C)C=C.[Pt],0.15,L1_Davephos,CN(C)c1ccccc1-c1ccccc1P(C1CCCCC1)C1CCCCC1,0.005,None,None,None,None,None,None,None,None,None,O1_phenylsilane,C1=CC=C(C=C1)[Si]ÔøΩÔøΩ,0.6,None,None,None,None,None,None,none,100,none,0,UPLCMS,J27,527699.3349,538230.0799,1313708.467,1553313.974,0,0,0,0,0,15.5,5.4,25.8,27.4,1.06,0
yk-1536-4-make-product,1536,80,,1536,J,28,E153_2-phenylquinoline-4-carboxylic acid,C1=CC=C(C=C1)C2=NC3=CC=CC=C3C(=C2)C(=O)O,0.2,N3_Scaffold 7,CC(C)C1=CC2=CCC3[C@](C)(CN)CCC[C@]3(C)C2CC1,0.1,,CC(C)C1=CC2=CCC3[C@](C)(CNCc4cc(-c5ccccc5)nc5ccccc45)CCC[C@]3(C)C2CC1,"C1_PLATINUM-1,3-DIVINYL-1,1,3,3-TETRAMETHYLDISILOXANE COMPLEX, IN XYLENES",C=C[Si](C)(C)O[Si](C)(C)C=C.[Pt],0.15,L1_Davephos,CN(C)c1ccccc1-c1ccccc1P(C1CCCCC1)C1CCCCC1,0.005,None,None,None,None,None,None,None,None,None,O1_phenylsilane,C1=CC=C(C=C1)[Si]ÔøΩÔøΩ,0.6,None,None,None,None,None,None,none,100,none,0,UPLCMS,J28,2461974.43,1958059.295,1298524.278,1878294.296,0,0,0,0,0,18.8,19.6,51,62.6,1.23,0
yk-1536-4-make-product,1536,80,,1536,J,29,"E193_(2S)-2,3-dihydro-1H-indole-2-carboxylic acid",C1C(NC2=CC=CC=C21)C(=O)O,0.2,N3_Scaffold 7,CC(C)C1=CC2=CCC3[C@](C)(CN)CCC[C@]3(C)C2CC1,0.1,,CC(C)C1=CC2=CCC3[C@](C)(CNCC4Cc5ccccc5N4)CCC[C@]3(C)C2CC1,"C1_PLATINUM-1,3-DIVINYL-1,1,3,3-TETRAMETHYLDISILOXANE COMPLEX, IN XYLENES",C=C[Si](C)(C)O[Si](C)(C)C=C.[Pt],0.15,L1_Davephos,CN(C)c1ccccc1-c1ccccc1P(C1CCCCC1)C1CCCCC1,0.005,None,None,None,None,None,None,None,None,None,O1_phenylsilane,C1=CC=C(C=C1)[Si]ÔøΩÔøΩ,0.6,None,None,None,None,None,None,none,100,none,0,UPLCMS,J29,41231.47487,136365.6119,1135137.635,1238968.042,0,0,0,0,0,12.4,1.4,9.9,40.7,4.11,0
yk-1536-4-make-product,1536,80,,1536,J,30,E236_4-nitrobenzoic acid,C1=CC(=CC=C1C(=O)O)[N+](=O)[O-],0.2,N3_Scaffold 7,CC(C)C1=CC2=CCC3[C@](C)(CN)CCC[C@]3(C)C2CC1,0.1,,CC(C)C1=CC2=CCC3[C@](C)(CNCc4ccc([N+](=O)[O-])cc4)CCC[C@]3(C)C2CC1,"C1_PLATINUM-1,3-DIVINYL-1,1,3,3-TETRAMETHYLDISILOXANE COMPLEX, IN XYLENES",C=C[Si](C)(C)O[Si](C)(C)C=C.[Pt],0.15,L1_Davephos,CN(C)c1ccccc1-c1ccccc1P(C1CCCCC1)C1CCCCC1,0.005,None,None,None,None,None,None,None,None,None,O1_phenylsilane,C1=CC=C(C=C1)[Si]ÔøΩÔøΩ,0.6,None,None,None,None,None,None,none,100,none,0,UPLCMS,J30,871007.8577,1627423.65,1225358.046,1692801.517,0,0,0,0,0,16.9,16.3,49.1,17.6,0.36,0
yk-1536-4-make-product,1536,80,,1536,J,31,E294_6-Quinolinecarboxylic Acid,C1=CC2=C(C=CC(=C2)C(=O)O)N=C1,0.2,N3_Scaffold 7,CC(C)C1=CC2=CCC3[C@](C)(CN)CCC[C@]3(C)C2CC1,0.1,,CC(C)C1=CC2=CCC3[C@](C)(CNCc4ccc5ncccc5c4)CCC[C@]3(C)C2CC1,"C1_PLATINUM-1,3-DIVINYL-1,1,3,3-TETRAMETHYLDISILOXANE COMPLEX, IN XYLENES",C=C[Si](C)(C)O[Si](C)(C)C=C.[Pt],0.15,L1_Davephos,CN(C)c1ccccc1-c1ccccc1P(C1CCCCC1)C1CCCCC1,0.005,None,None,None,None,None,None,None,None,None,O1_phenylsilane,C1=CC=C(C=C1)[Si]ÔøΩÔøΩ,0.6,None,None,None,None,None,None,none,100,none,0,UPLCMS,J31,452998.452,799314,1061992.402,1280893.105,0,0,88418.43758,0,0,12.8,8,38.4,-12,-0.31,0
yk-1536-4-make-product,1536,80,,1536,J,32,"E26_16-HYDROXYHEXADECANOIC ACID, 98%",C(CCCCCCCC(=O)O)CCCCCCCO,0.2,N3_Scaffold 7,CC(C)C1=CC2=CCC3[C@](C)(CN)CCC[C@]3(C)C2CC1,0.1,,CC(C)C1=CC2=CCC3[C@](C)(CNCCCCCCCCCCCCCCCCO)CCC[C@]3(C)C2CC1,"C1_PLATINUM-1,3-DIVINYL-1,1,3,3-TETRAMETHYLDISILOXANE COMPLEX, IN XYLENES",C=C[Si](C)(C)O[Si](C)(C)C=C.[Pt],0.15,L1_Davephos,CN(C)c1ccccc1-c1ccccc1P(C1CCCCC1)C1CCCCC1,0.005,None,None,None,None,None,None,None,None,None,O1_phenylsilane,C1=CC=C(C=C1)[Si]ÔøΩÔøΩ,0.6,None,None,None,None,None,None,none,100,none,0,UPLCMS,J32,21702.9863,0,1028870.466,1044898.661,0,0,0,0,0,10.4,0,0,-3.3,0,0
yk-1536-4-make-product,1536,80,,1536,J,33,E128_azetidine-3-carboxylic acid,C1C(CN1)C(=O)O,0.2,N3_Scaffold 7,CC(C)C1=CC2=CCC3[C@](C)(CN)CCC[C@]3(C)C2CC1,0.1,,CC(C)C1=CC2=CCC3[C@](C)(CNCC4CNC4)CCC[C@]3(C)C2CC1,"C1_PLATINUM-1,3-DIVINYL-1,1,3,3-TETRAMETHYLDISILOXANE COMPLEX, IN XYLENES",C=C[Si](C)(C)O[Si](C)(C)C=C.[Pt],0.15,L1_Davephos,CN(C)c1ccccc1-c1ccccc1P(C1CCCCC1)C1CCCCC1,0.005,None,None,None,None,None,None,None,None,None,O1_phenylsilane,C1=CC=C(C=C1)[Si]ÔøΩÔøΩ,0.6,None,None,None,None,None,None,none,100,none,0,UPLCMS,J33,17125.03527,0,933750.3665,986684.0016,0,0,0,60277.6835,0,9.9,0,0,-5.1,0,0
yk-1536-4-make-product,1536,80,,1536,J,34,E252_Pyrimidine-2-carboxylic acid,C1=CN=C(N=C1)C(=O)O,0.2,N3_Scaffold 7,CC(C)C1=CC2=CCC3[C@](C)(CN)CCC[C@]3(C)C2CC1,0.1,,CC(C)C1=CC2=CCC3[C@](C)(CNCc4ncccn4)CCC[C@]3(C)C2CC1,"C1_PLATINUM-1,3-DIVINYL-1,1,3,3-TETRAMETHYLDISILOXANE COMPLEX, IN XYLENES",C=C[Si](C)(C)O[Si](C)(C)C=C.[Pt],0.15,L1_Davephos,CN(C)c1ccccc1-c1ccccc1P(C1CCCCC1)C1CCCCC1,0.005,None,None,None,None,None,None,None,None,None,O1_phenylsilane,C1=CC=C(C=C1)[Si]ÔøΩÔøΩ,0.6,None,None,None,None,None,None,none,100,none,0,UPLCMS,J34,0,0,1069067.837,1189163.058,0,0,0,0,0,11.9,0,0,1.1,0,0
yk-1536-4-make-product,1536,80,,1536,J,35,E330_Blank10,O=CO,0.2,N3_Scaffold 7,CC(C)C1=CC2=CCC3[C@](C)(CN)CCC[C@]3(C)C2CC1,0.1,MainProduct[748],CC(C)C1=CC2=CCC3[C@](C)(CN)CCC[C@]3(C)C2CC1,"C1_PLATINUM-1,3-DIVINYL-1,1,3,3-TETRAMETHYLDISILOXANE COMPLEX, IN XYLENES",C=C[Si](C)(C)O[Si](C)(C)C=C.[Pt],0.15,L1_Davephos,CN(C)c1ccccc1-c1ccccc1P(C1CCCCC1)C1CCCCC1,0.005,None,None,None,None,None,None,None,None,None,O1_phenylsilane,C1=CC=C(C=C1)[Si]ÔøΩÔøΩ,0.6,None,None,None,None,None,None,none,100,none,0,UPLCMS,J35,0,1111982.813,0,0,0,0,1080212.264,0,0,0,11.1,100,0,0,0
yk-1536-4-make-product,1536,80,,1536,J,36,E362_Blank42,O=CO,0.2,N3_Scaffold 7,CC(C)C1=CC2=CCC3[C@](C)(CN)CCC[C@]3(C)C2CC1,0.1,MainProduct[749],CC(C)C1=CC2=CCC3[C@](C)(CN)CCC[C@]3(C)C2CC1,"C1_PLATINUM-1,3-DIVINYL-1,1,3,3-TETRAMETHYLDISILOXANE COMPLEX, IN XYLENES",C=C[Si](C)(C)O[Si](C)(C)C=C.[Pt],0.15,L1_Davephos,CN(C)c1ccccc1-c1ccccc1P(C1CCCCC1)C1CCCCC1,0.005,None,None,None,None,None,None,None,None,None,O1_phenylsilane,C1=CC=C(C=C1)[Si]ÔøΩÔøΩ,0.6,None,None,None,None,None,None,none,100,none,0,UPLCMS,J36,0,0,0,0,0,0,0,0,0,0,0,0,0,0,0
yk-1536-4-make-product,1536,80,,1536,J,37,"E11_4-(DIMETHYLAMINO)PHENYLACETIC ACID, 97%",CN(C)C1=CC=C(C=C1)CC(=O)O,0.2,N4_Scaffold 6,CCNC[C@@]1(C)C2[C@](C)(CCC1)c3c(CC2)cc(C(C)C)c(c3)N,0.1,,CCNC[C@]1(C)CCC[C@]2(C)c3cc(NCCc4ccc(N(C)C)cc4)c(C(C)C)cc3CCC12,"C1_PLATINUM-1,3-DIVINYL-1,1,3,3-TETRAMETHYLDISILOXANE COMPLEX, IN XYLENES",C=C[Si](C)(C)O[Si](C)(C)C=C.[Pt],0.15,L1_Davephos,CN(C)c1ccccc1-c1ccccc1P(C1CCCCC1)C1CCCCC1,0.005,None,None,None,None,None,None,None,None,None,O1_phenylsilane,C1=CC=C(C=C1)[Si]ÔøΩÔøΩ,0.6,None,None,None,None,None,None,none,100,none,0,UPLCMS,J37,629649.6999,0,0,0,694291.0121,710377.7803,52228.04522,0,0,7.1,0,0,31.9,0,0
yk-1536-4-make-product,1536,80,,1536,J,38,"E67_4-FLUORO-3-HYDROXYBENZOIC ACID, 97%",C1=CC(=C(C=C1C(=O)O)O)F,0.2,N4_Scaffold 6,CCNC[C@@]1(C)C2[C@](C)(CCC1)c3c(CC2)cc(C(C)C)c(c3)N,0.1,,CCNC[C@]1(C)CCC[C@]2(C)c3cc(NCc4ccc(F)c(O)c4)c(C(C)C)cc3CCC12,"C1_PLATINUM-1,3-DIVINYL-1,1,3,3-TETRAMETHYLDISILOXANE COMPLEX, IN XYLENES",C=C[Si](C)(C)O[Si](C)(C)C=C.[Pt],0.15,L1_Davephos,CN(C)c1ccccc1-c1ccccc1P(C1CCCCC1)C1CCCCC1,0.005,None,None,None,None,None,None,None,None,None,O1_phenylsilane,C1=CC=C(C=C1)[Si]ÔøΩÔøΩ,0.6,None,None,None,None,None,None,none,100,none,0,UPLCMS,J38,87863.49329,154384.0365,0,0,2004858.214,2045088.319,0,0,0,20.5,1.5,7,3.1,0.44,0
yk-1536-4-make-product,1536,80,,1536,J,39,"E110_2-(DIFLUOROMETHYL)BENZOIC ACID,",C1=CC=C(C(=C1)C(F)F)C(=O)O,0.2,N4_Scaffold 6,CCNC[C@@]1(C)C2[C@](C)(CCC1)c3c(CC2)cc(C(C)C)c(c3)N,0.1,,CCNC[C@]1(C)CCC[C@]2(C)c3cc(NCc4ccccc4C(F)F)c(C(C)C)cc3CCC12,"C1_PLATINUM-1,3-DIVINYL-1,1,3,3-TETRAMETHYLDISILOXANE COMPLEX, IN XYLENES",C=C[Si](C)(C)O[Si](C)(C)C=C.[Pt],0.15,L1_Davephos,CN(C)c1ccccc1-c1ccccc1P(C1CCCCC1)C1CCCCC1,0.005,None,None,None,None,None,None,None,None,None,O1_phenylsilane,C1=CC=C(C=C1)[Si]ÔøΩÔøΩ,0.6,None,None,None,None,None,None,none,100,none,0,UPLCMS,J39,28198.90377,0,0,0,2167067.233,2312596.177,0,0,0,23.1,0,0,-5.5,0,0
yk-1536-4-make-product,1536,80,,1536,J,40,E153_2-phenylquinoline-4-carboxylic acid,C1=CC=C(C=C1)C2=NC3=CC=CC=C3C(=C2)C(=O)O,0.2,N4_Scaffold 6,CCNC[C@@]1(C)C2[C@](C)(CCC1)c3c(CC2)cc(C(C)C)c(c3)N,0.1,,CCNC[C@]1(C)CCC[C@]2(C)c3cc(NCc4cc(-c5ccccc5)nc5ccccc45)c(C(C)C)cc3CCC12,"C1_PLATINUM-1,3-DIVINYL-1,1,3,3-TETRAMETHYLDISILOXANE COMPLEX, IN XYLENES",C=C[Si](C)(C)O[Si](C)(C)C=C.[Pt],0.15,L1_Davephos,CN(C)c1ccccc1-c1ccccc1P(C1CCCCC1)C1CCCCC1,0.005,None,None,None,None,None,None,None,None,None,O1_phenylsilane,C1=CC=C(C=C1)[Si]ÔøΩÔøΩ,0.6,None,None,None,None,None,None,none,100,none,0,UPLCMS,J40,353147.9047,1631337,0,0,1654416.947,1365613.12,0,0,0,13.7,16.3,54.4,63.2,1.16,0
yk-1536-4-make-product,1536,80,,1536,J,41,"E193_(2S)-2,3-dihydro-1H-indole-2-carboxylic acid",C1C(NC2=CC=CC=C21)C(=O)O,0.2,N4_Scaffold 6,CCNC[C@@]1(C)C2[C@](C)(CCC1)c3c(CC2)cc(C(C)C)c(c3)N,0.1,,CCNC[C@]1(C)CCC[C@]2(C)c3cc(NCC4Cc5ccccc5N4)c(C(C)C)cc3CCC12,"C1_PLATINUM-1,3-DIVINYL-1,1,3,3-TETRAMETHYLDISILOXANE COMPLEX, IN XYLENES",C=C[Si](C)(C)O[Si](C)(C)C=C.[Pt],0.15,L1_Davephos,CN(C)c1ccccc1-c1ccccc1P(C1CCCCC1)C1CCCCC1,0.005,None,None,None,None,None,None,None,None,None,O1_phenylsilane,C1=CC=C(C=C1)[Si]ÔøΩÔøΩ,0.6,None,None,None,None,None,None,none,100,none,0,UPLCMS,J41,10286.44615,0,0,0,1679306.106,1759989.078,0,0,0,17.6,0,0,-13.8,0,0
yk-1536-4-make-product,1536,80,,1536,J,42,E236_4-nitrobenzoic acid,C1=CC(=CC=C1C(=O)O)[N+](=O)[O-],0.2,N4_Scaffold 6,CCNC[C@@]1(C)C2[C@](C)(CCC1)c3c(CC2)cc(C(C)C)c(c3)N,0.1,,CCNC[C@]1(C)CCC[C@]2(C)c3cc(NCc4ccc([N+](=O)[O-])cc4)c(C(C)C)cc3CCC12,"C1_PLATINUM-1,3-DIVINYL-1,1,3,3-TETRAMETHYLDISILOXANE COMPLEX, IN XYLENES",C=C[Si](C)(C)O[Si](C)(C)C=C.[Pt],0.15,L1_Davephos,CN(C)c1ccccc1-c1ccccc1P(C1CCCCC1)C1CCCCC1,0.005,None,None,None,None,None,None,None,None,None,O1_phenylsilane,C1=CC=C(C=C1)[Si]ÔøΩÔøΩ,0.6,None,None,None,None,None,None,none,100,none,0,UPLCMS,J42,71795.89403,509647.1058,0,0,1598191.73,1459217.926,0,0,0,14.6,5.1,25.9,18.6,0.72,0
yk-1536-4-make-product,1536,80,,1536,J,43,E294_6-Quinolinecarboxylic Acid,C1=CC2=C(C=CC(=C2)C(=O)O)N=C1,0.2,N4_Scaffold 6,CCNC[C@@]1(C)C2[C@](C)(CCC1)c3c(CC2)cc(C(C)C)c(c3)N,0.1,,CCNC[C@]1(C)CCC[C@]2(C)c3cc(NCc4ccc5ncccc5c4)c(C(C)C)cc3CCC12,"C1_PLATINUM-1,3-DIVINYL-1,1,3,3-TETRAMETHYLDISILOXANE COMPLEX, IN XYLENES",C=C[Si](C)(C)O[Si](C)(C)C=C.[Pt],0.15,L1_Davephos,CN(C)c1ccccc1-c1ccccc1P(C1CCCCC1)C1CCCCC1,0.005,None,None,None,None,None,None,None,None,None,O1_phenylsilane,C1=CC=C(C=C1)[Si]ÔøΩÔøΩ,0.6,None,None,None,None,None,None,none,100,none,0,UPLCMS,J43,230510.7825,156470,0,0,2276046.032,2188804.455,148419.8689,0,0,21.9,1.6,6.7,2.5,0.37,0
yk-1536-4-make-product,1536,80,,1536,J,44,"E26_16-HYDROXYHEXADECANOIC ACID, 98%",C(CCCCCCCC(=O)O)CCCCCCCO,0.2,N4_Scaffold 6,CCNC[C@@]1(C)C2[C@](C)(CCC1)c3c(CC2)cc(C(C)C)c(c3)N,0.1,,CCNC[C@]1(C)CCC[C@]2(C)c3cc(NCCCCCCCCCCCCCCCCO)c(C(C)C)cc3CCC12,"C1_PLATINUM-1,3-DIVINYL-1,1,3,3-TETRAMETHYLDISILOXANE COMPLEX, IN XYLENES",C=C[Si](C)(C)O[Si](C)(C)C=C.[Pt],0.15,L1_Davephos,CN(C)c1ccccc1-c1ccccc1P(C1CCCCC1)C1CCCCC1,0.005,None,None,None,None,None,None,None,None,None,O1_phenylsilane,C1=CC=C(C=C1)[Si]ÔøΩÔøΩ,0.6,None,None,None,None,None,None,none,100,none,0,UPLCMS,J44,0,0,0,0,559734.519,473052.0977,0,0,0,4.7,0,0,6.4,0,0
yk-1536-4-make-product,1536,80,,1536,J,45,E128_azetidine-3-carboxylic acid,C1C(CN1)C(=O)O,0.2,N4_Scaffold 6,CCNC[C@@]1(C)C2[C@](C)(CCC1)c3c(CC2)cc(C(C)C)c(c3)N,0.1,,CCNC[C@]1(C)CCC[C@]2(C)c3cc(NCC4CNC4)c(C(C)C)cc3CCC12,"C1_PLATINUM-1,3-DIVINYL-1,1,3,3-TETRAMETHYLDISILOXANE COMPLEX, IN XYLENES",C=C[Si](C)(C)O[Si](C)(C)C=C.[Pt],0.15,L1_Davephos,CN(C)c1ccccc1-c1ccccc1P(C1CCCCC1)C1CCCCC1,0.005,None,None,None,None,None,None,None,None,None,O1_phenylsilane,C1=CC=C(C=C1)[Si]ÔøΩÔøΩ,0.6,None,None,None,None,None,None,none,100,none,0,UPLCMS,J45,0,0,0,0,872876.8314,901169.371,0,0,0,9,0,0,0.7,0,0
yk-1536-4-make-product,1536,80,,1536,J,46,E252_Pyrimidine-2-carboxylic acid,C1=CN=C(N=C1)C(=O)O,0.2,N4_Scaffold 6,CCNC[C@@]1(C)C2[C@](C)(CCC1)c3c(CC2)cc(C(C)C)c(c3)N,0.1,,CCNC[C@]1(C)CCC[C@]2(C)c3cc(NCc4ncccn4)c(C(C)C)cc3CCC12,"C1_PLATINUM-1,3-DIVINYL-1,1,3,3-TETRAMETHYLDISILOXANE COMPLEX, IN XYLENES",C=C[Si](C)(C)O[Si](C)(C)C=C.[Pt],0.15,L1_Davephos,CN(C)c1ccccc1-c1ccccc1P(C1CCCCC1)C1CCCCC1,0.005,None,None,None,None,None,None,None,None,None,O1_phenylsilane,C1=CC=C(C=C1)[Si]ÔøΩÔøΩ,0.6,None,None,None,None,None,None,none,100,none,0,UPLCMS,J46,0,0,0,0,797557.3578,709234.7877,0,0,0,7.1,0,0,16,0,0
yk-1536-4-make-product,1536,80,,1536,J,47,E330_Blank10,O=CO,0.2,N4_Scaffold 6,CCNC[C@@]1(C)C2[C@](C)(CCC1)c3c(CC2)cc(C(C)C)c(c3)N,0.1,MainProduct[761],CCNC[C@@]1(C)C2[C@](C)(CCC1)c3c(CC2)cc(C(C)C)c(c3)N,"C1_PLATINUM-1,3-DIVINYL-1,1,3,3-TETRAMETHYLDISILOXANE COMPLEX, IN XYLENES",C=C[Si](C)(C)O[Si](C)(C)C=C.[Pt],0.15,L1_Davephos,CN(C)c1ccccc1-c1ccccc1P(C1CCCCC1)C1CCCCC1,0.005,None,None,None,None,None,None,None,None,None,O1_phenylsilane,C1=CC=C(C=C1)[Si]ÔøΩÔøΩ,0.6,None,None,None,None,None,None,none,100,none,0,UPLCMS,J47,0,824596.9411,0,0,0,0,797936.2066,0,0,0,8.2,100,0,0,0
yk-1536-4-make-product,1536,80,,1536,J,48,E362_Blank42,O=CO,0.2,N4_Scaffold 6,CCNC[C@@]1(C)C2[C@](C)(CCC1)c3c(CC2)cc(C(C)C)c(c3)N,0.1,MainProduct[762],CCNC[C@@]1(C)C2[C@](C)(CCC1)c3c(CC2)cc(C(C)C)c(c3)N,"C1_PLATINUM-1,3-DIVINYL-1,1,3,3-TETRAMETHYLDISILOXANE COMPLEX, IN XYLENES",C=C[Si](C)(C)O[Si](C)(C)C=C.[Pt],0.15,L1_Davephos,CN(C)c1ccccc1-c1ccccc1P(C1CCCCC1)C1CCCCC1,0.005,None,None,None,None,None,None,None,None,None,O1_phenylsilane,C1=CC=C(C=C1)[Si]ÔøΩÔøΩ,0.6,None,None,None,None,None,None,none,100,none,0,UPLCMS,J48,0,0,0,0,0,0,0,0,0,0,0,0,0,0,0
yk-1536-4-make-product,1536,80,,1536,K,1,"E14_4-CARBOXYBENZALDEHYDE, 97%",C1=CC(=CC=C1C=O)C(=O)O,0.2,N1_(+)-Dehydroabietylamine,CC(C)c1ccc2c(c1)CC[C@H]1[C@](C)(CN)CCC[C@]21C,0.1,,CC(C)c1ccc2c(c1)CC[C@H]1[C@](C)(CNCc3ccc(C=O)cc3)CCC[C@]21C,"C1_PLATINUM-1,3-DIVINYL-1,1,3,3-TETRAMETHYLDISILOXANE COMPLEX, IN XYLENES",C=C[Si](C)(C)O[Si](C)(C)C=C.[Pt],0.15,L1_Davephos,CN(C)c1ccccc1-c1ccccc1P(C1CCCCC1)C1CCCCC1,0.005,None,None,None,None,None,None,None,None,None,O1_phenylsilane,C1=CC=C(C=C1)[Si]ÔøΩÔøΩ,0.6,None,None,None,None,None,None,none,100,none,0,UPLCMS,K1,0,0,,,,,0,,,9.7,0,0,-3.1,0,0
yk-1536-4-make-product,1536,80,,1536,K,2,"E68_2-FLUORO-6-IODOBENZOIC ACID, 97%",C1=CC(=C(C(=C1)I)C(=O)O)F,0.2,N1_(+)-Dehydroabietylamine,CC(C)c1ccc2c(c1)CC[C@H]1[C@](C)(CN)CCC[C@]21C,0.1,,c1cc(F)c(cc1)CNC[C@@]2(C)[C@H]3[C@](C)(CCC2)c4c(CC3)cc(C(C)C)cc4,"C1_PLATINUM-1,3-DIVINYL-1,1,3,3-TETRAMETHYLDISILOXANE COMPLEX, IN XYLENES",C=C[Si](C)(C)O[Si](C)(C)C=C.[Pt],0.15,L1_Davephos,CN(C)c1ccccc1-c1ccccc1P(C1CCCCC1)C1CCCCC1,0.005,None,None,None,None,None,None,None,None,None,O1_phenylsilane,C1=CC=C(C=C1)[Si]ÔøΩÔøΩ,0.6,None,None,None,None,None,None,none,100,none,0,UPLCMS,K2,215627,215627,,,,,0,,,37.97,6,5.37,90.6,6.66,19.56
yk-1536-4-make-product,1536,80,,1536,K,3,"E111_2,2-DIFLUORO-2-PHENYLACETIC ACID, 95%",C1=CC=C(C=C1)C(C(=O)O)(F)F,0.2,N1_(+)-Dehydroabietylamine,CC(C)c1ccc2c(c1)CC[C@H]1[C@](C)(CN)CCC[C@]21C,0.1,,CC(C)c1ccc2c(c1)CC[C@H]1[C@](C)(CNCC(F)(F)c3ccccc3)CCC[C@]21C,"C1_PLATINUM-1,3-DIVINYL-1,1,3,3-TETRAMETHYLDISILOXANE COMPLEX, IN XYLENES",C=C[Si](C)(C)O[Si](C)(C)C=C.[Pt],0.15,L1_Davephos,CN(C)c1ccccc1-c1ccccc1P(C1CCCCC1)C1CCCCC1,0.005,None,None,None,None,None,None,None,None,None,O1_phenylsilane,C1=CC=C(C=C1)[Si]ÔøΩÔøΩ,0.6,None,None,None,None,None,None,none,100,none,0,UPLCMS,K3,96242.13554,66231.75521,,,,,0,,,25.91,0.7,2.5,16.2,6.48,0
yk-1536-4-make-product,1536,80,,1536,K,4,"E154_3,4-difluorobenzoic acid",C1=CC(=C(C=C1C(=O)O)F)F,0.2,N1_(+)-Dehydroabietylamine,CC(C)c1ccc2c(c1)CC[C@H]1[C@](C)(CN)CCC[C@]21C,0.1,,CC(C)c1ccc2c(c1)CC[C@H]1[C@](C)(CNCc3ccc(F)c(F)c3)CCC[C@]21C,"C1_PLATINUM-1,3-DIVINYL-1,1,3,3-TETRAMETHYLDISILOXANE COMPLEX, IN XYLENES",C=C[Si](C)(C)O[Si](C)(C)C=C.[Pt],0.15,L1_Davephos,CN(C)c1ccccc1-c1ccccc1P(C1CCCCC1)C1CCCCC1,0.005,None,None,None,None,None,None,None,None,None,O1_phenylsilane,C1=CC=C(C=C1)[Si]ÔøΩÔøΩ,0.6,None,None,None,None,None,None,none,100,none,0,UPLCMS,K4,3485.81836,1354322.895,,,,,1450350.687,,,13.54,13.5,50,16.3,0.33,0
yk-1536-4-make-product,1536,80,,1536,K,5,E194_1H-indole-3-carboxylic acid,C1=CC=C2C(=C1)C(=CN2)C(=O)O,0.2,N1_(+)-Dehydroabietylamine,CC(C)c1ccc2c(c1)CC[C@H]1[C@](C)(CN)CCC[C@]21C,0.1,,CC(C)c1ccc2c(c1)CC[C@H]1[C@](C)(CNCc3c[nH]c4ccccc34)CCC[C@]21C,"C1_PLATINUM-1,3-DIVINYL-1,1,3,3-TETRAMETHYLDISILOXANE COMPLEX, IN XYLENES",C=C[Si](C)(C)O[Si](C)(C)C=C.[Pt],0.15,L1_Davephos,CN(C)c1ccccc1-c1ccccc1P(C1CCCCC1)C1CCCCC1,0.005,None,None,None,None,None,None,None,None,None,O1_phenylsilane,C1=CC=C(C=C1)[Si]ÔøΩÔøΩ,0.6,None,None,None,None,None,None,none,100,none,0,UPLCMS,K5,501095.5723,1756017.608,,,,,1708062.204,,,20.15,17.6,46.6,70.4,1.51,26.45
yk-1536-4-make-product,1536,80,,1536,K,6,E237_2-nitrobenzoic acid,C1=CC=C(C(=C1)C(=O)O)[N+](=O)[O-],0.2,N1_(+)-Dehydroabietylamine,CC(C)c1ccc2c(c1)CC[C@H]1[C@](C)(CN)CCC[C@]21C,0.1,,CC(C)c1ccc2c(c1)CC[C@H]1[C@](C)(CNCc3ccccc3[N+](=O)[O-])CCC[C@]21C,"C1_PLATINUM-1,3-DIVINYL-1,1,3,3-TETRAMETHYLDISILOXANE COMPLEX, IN XYLENES",C=C[Si](C)(C)O[Si](C)(C)C=C.[Pt],0.15,L1_Davephos,CN(C)c1ccccc1-c1ccccc1P(C1CCCCC1)C1CCCCC1,0.005,None,None,None,None,None,None,None,None,None,O1_phenylsilane,C1=CC=C(C=C1)[Si]ÔøΩÔøΩ,0.6,None,None,None,None,None,None,none,100,none,0,UPLCMS,K6,2792335.141,3400282.14,,,,,893422.1266,,,29.14,34,53.9,62.1,1.15,0
yk-1536-4-make-product,1536,80,,1536,K,7,E295_6-phenoxyhexanoic acid,C1=CC=C(C=C1)OCCCCCC(=O)O,0.2,N1_(+)-Dehydroabietylamine,CC(C)c1ccc2c(c1)CC[C@H]1[C@](C)(CN)CCC[C@]21C,0.1,,CC(C)c1ccc2c(c1)CC[C@H]1[C@](C)(CNCCCCCCOc3ccccc3)CCC[C@]21C,"C1_PLATINUM-1,3-DIVINYL-1,1,3,3-TETRAMETHYLDISILOXANE COMPLEX, IN XYLENES",C=C[Si](C)(C)O[Si](C)(C)C=C.[Pt],0.15,L1_Davephos,CN(C)c1ccccc1-c1ccccc1P(C1CCCCC1)C1CCCCC1,0.005,None,None,None,None,None,None,None,None,None,O1_phenylsilane,C1=CC=C(C=C1)[Si]ÔøΩÔøΩ,0.6,None,None,None,None,None,None,none,100,none,0,UPLCMS,K7,3980301.831,2944284.531,,,,,0,,,3.04,29.4,90.6,2.6,0.03,0
yk-1536-4-make-product,1536,80,,1536,K,8,E27_4'-HYDROXYAZOBENZENE-2-CARBOXYLIC ACID,C1=CC=C(C(=C1)C(=O)O)N=NC2=CC=C(C=C2)O,0.2,N1_(+)-Dehydroabietylamine,CC(C)c1ccc2c(c1)CC[C@H]1[C@](C)(CN)CCC[C@]21C,0.1,,CC(C)c1ccc2c(c1)CC[C@H]1[C@](C)(CNCc3ccccc3N=Nc3ccc(O)cc3)CCC[C@]21C,"C1_PLATINUM-1,3-DIVINYL-1,1,3,3-TETRAMETHYLDISILOXANE COMPLEX, IN XYLENES",C=C[Si](C)(C)O[Si](C)(C)C=C.[Pt],0.15,L1_Davephos,CN(C)c1ccccc1-c1ccccc1P(C1CCCCC1)C1CCCCC1,0.005,None,None,None,None,None,None,None,None,None,O1_phenylsilane,C1=CC=C(C=C1)[Si]ÔøΩÔøΩ,0.6,None,None,None,None,None,None,none,100,none,0,UPLCMS,K8,35612.3609,0,,,,,0,,,20.26,0,0,5.3,0,0
yk-1536-4-make-product,1536,80,,1536,K,9,E130_azetidine-2-carboxylic acid,O=C(O)C1CCN1,0.2,N1_(+)-Dehydroabietylamine,CC(C)c1ccc2c(c1)CC[C@H]1[C@](C)(CN)CCC[C@]21C,0.1,,CC(C)c1ccc2c(c1)CC[C@H]1[C@](C)(CNCC3CCN3)CCC[C@]21C,"C1_PLATINUM-1,3-DIVINYL-1,1,3,3-TETRAMETHYLDISILOXANE COMPLEX, IN XYLENES",C=C[Si](C)(C)O[Si](C)(C)C=C.[Pt],0.15,L1_Davephos,CN(C)c1ccccc1-c1ccccc1P(C1CCCCC1)C1CCCCC1,0.005,None,None,None,None,None,None,None,None,None,O1_phenylsilane,C1=CC=C(C=C1)[Si]ÔøΩÔøΩ,0.6,None,None,None,None,None,None,none,100,none,0,UPLCMS,K9,0,0,,,,,0,,,18.93,0,0,6,0,0
yk-1536-4-make-product,1536,80,,1536,K,10,E253_1H-Pyrazole-3-carboxylic acid,C1=C(NN=C1)C(=O)O,0.2,N1_(+)-Dehydroabietylamine,CC(C)c1ccc2c(c1)CC[C@H]1[C@](C)(CN)CCC[C@]21C,0.1,,CC(C)c1ccc2c(c1)CC[C@H]1[C@](C)(CNCc3ccn[nH]3)CCC[C@]21C,"C1_PLATINUM-1,3-DIVINYL-1,1,3,3-TETRAMETHYLDISILOXANE COMPLEX, IN XYLENES",C=C[Si](C)(C)O[Si](C)(C)C=C.[Pt],0.15,L1_Davephos,CN(C)c1ccccc1-c1ccccc1P(C1CCCCC1)C1CCCCC1,0.005,None,None,None,None,None,None,None,None,None,O1_phenylsilane,C1=CC=C(C=C1)[Si]ÔøΩÔøΩ,0.6,None,None,None,None,None,None,none,100,none,0,UPLCMS,K10,28211.59369,2289369.485,,,,,0,,,22.89,22.9,50,18.4,0.37,0
yk-1536-4-make-product,1536,80,,1536,K,11,E331_Blank11,O=CO,0.2,N1_(+)-Dehydroabietylamine,CC(C)c1ccc2c(c1)CC[C@H]1[C@](C)(CN)CCC[C@]21C,0.1,MainProduct[770],CC(C)c1ccc2c(c1)CC[C@H]1[C@](C)(CN)CCC[C@]21C,"C1_PLATINUM-1,3-DIVINYL-1,1,3,3-TETRAMETHYLDISILOXANE COMPLEX, IN XYLENES",C=C[Si](C)(C)O[Si](C)(C)C=C.[Pt],0.15,L1_Davephos,CN(C)c1ccccc1-c1ccccc1P(C1CCCCC1)C1CCCCC1,0.005,None,None,None,None,None,None,None,None,None,O1_phenylsilane,C1=CC=C(C=C1)[Si]ÔøΩÔøΩ,0.6,None,None,None,None,None,None,none,100,none,0,UPLCMS,K11,0,2285374.734,,,,,2576343.749,,,0,22.9,100,0,0,0
yk-1536-4-make-product,1536,80,,1536,K,12,E363_Blank43,O=CO,0.2,N1_(+)-Dehydroabietylamine,CC(C)c1ccc2c(c1)CC[C@H]1[C@](C)(CN)CCC[C@]21C,0.1,MainProduct[771],CC(C)c1ccc2c(c1)CC[C@H]1[C@](C)(CN)CCC[C@]21C,"C1_PLATINUM-1,3-DIVINYL-1,1,3,3-TETRAMETHYLDISILOXANE COMPLEX, IN XYLENES",C=C[Si](C)(C)O[Si](C)(C)C=C.[Pt],0.15,L1_Davephos,CN(C)c1ccccc1-c1ccccc1P(C1CCCCC1)C1CCCCC1,0.005,None,None,None,None,None,None,None,None,None,O1_phenylsilane,C1=CC=C(C=C1)[Si]ÔøΩÔøΩ,0.6,None,None,None,None,None,None,none,100,none,0,UPLCMS,K12,0,0,,,,,0,,,0,0,0,0,0,0
yk-1536-4-make-product,1536,80,,1536,K,13,"E14_4-CARBOXYBENZALDEHYDE, 97%",C1=CC(=CC=C1C=O)C(=O)O,0.2,N2_hydroxydehydroabietylamine,CC(C)C(C(O)=C1)=CC2=C1[C@]3(C)C(CC2)[C@](C)(CN)CCC3,0.1,,CC(C)c1cc2c(cc1O)[C@@]1(C)CCC[C@@](C)(CNCc3ccc(C=O)cc3)C1CC2,"C1_PLATINUM-1,3-DIVINYL-1,1,3,3-TETRAMETHYLDISILOXANE COMPLEX, IN XYLENES",C=C[Si](C)(C)O[Si](C)(C)C=C.[Pt],0.15,L1_Davephos,CN(C)c1ccccc1-c1ccccc1P(C1CCCCC1)C1CCCCC1,0.005,None,None,None,None,None,None,None,None,None,O1_phenylsilane,C1=CC=C(C=C1)[Si]ÔøΩÔøΩ,0.6,None,None,None,None,None,None,none,100,none,0,UPLCMS,K13,0,0,,,,,0,,,0.39,0,0,0.2,0,0
yk-1536-4-make-product,1536,80,,1536,K,14,"E68_2-FLUORO-6-IODOBENZOIC ACID, 97%",C1=CC(=C(C(=C1)I)C(=O)O)F,0.2,N2_hydroxydehydroabietylamine,CC(C)C(C(O)=C1)=CC2=C1[C@]3(C)C(CC2)[C@](C)(CN)CCC3,0.1,,CC(C)c1cc2c(cc1O)[C@@]1(C)CCC[C@@](C)(CNCc3c(F)cccc3I)C1CC2,"C1_PLATINUM-1,3-DIVINYL-1,1,3,3-TETRAMETHYLDISILOXANE COMPLEX, IN XYLENES",C=C[Si](C)(C)O[Si](C)(C)C=C.[Pt],0.15,L1_Davephos,CN(C)c1ccccc1-c1ccccc1P(C1CCCCC1)C1CCCCC1,0.005,None,None,None,None,None,None,None,None,None,O1_phenylsilane,C1=CC=C(C=C1)[Si]ÔøΩÔøΩ,0.6,None,None,None,None,None,None,none,100,none,0,UPLCMS,K14,823442,741232,,,,,0,,,3.2,2.6,47.37293519,13.5,0.3,0
yk-1536-4-make-product,1536,80,,1536,K,15,"E111_2,2-DIFLUORO-2-PHENYLACETIC ACID, 95%",C1=CC=C(C=C1)C(C(=O)O)(F)F,0.2,N2_hydroxydehydroabietylamine,CC(C)C(C(O)=C1)=CC2=C1[C@]3(C)C(CC2)[C@](C)(CN)CCC3,0.1,,CC(C)c1cc2c(cc1O)[C@@]1(C)CCC[C@@](C)(CNCC(F)(F)c3ccccc3)C1CC2,"C1_PLATINUM-1,3-DIVINYL-1,1,3,3-TETRAMETHYLDISILOXANE COMPLEX, IN XYLENES",C=C[Si](C)(C)O[Si](C)(C)C=C.[Pt],0.15,L1_Davephos,CN(C)c1ccccc1-c1ccccc1P(C1CCCCC1)C1CCCCC1,0.005,None,None,None,None,None,None,None,None,None,O1_phenylsilane,C1=CC=C(C=C1)[Si]ÔøΩÔøΩ,0.6,None,None,None,None,None,None,none,100,none,0,UPLCMS,K15,185285.8312,159618.4949,,,,,0,,,3.61,1.6,30.7,12.7,0.41,0
yk-1536-4-make-product,1536,80,,1536,K,16,"E154_3,4-difluorobenzoic acid",C1=CC(=C(C=C1C(=O)O)F)F,0.2,N2_hydroxydehydroabietylamine,CC(C)C(C(O)=C1)=CC2=C1[C@]3(C)C(CC2)[C@](C)(CN)CCC3,0.1,,CC(C)c1cc2c(cc1O)[C@@]1(C)CCC[C@@](C)(CNCc3ccc(F)c(F)c3)C1CC2,"C1_PLATINUM-1,3-DIVINYL-1,1,3,3-TETRAMETHYLDISILOXANE COMPLEX, IN XYLENES",C=C[Si](C)(C)O[Si](C)(C)C=C.[Pt],0.15,L1_Davephos,CN(C)c1ccccc1-c1ccccc1P(C1CCCCC1)C1CCCCC1,0.005,None,None,None,None,None,None,None,None,None,O1_phenylsilane,C1=CC=C(C=C1)[Si]ÔøΩÔøΩ,0.6,None,None,None,None,None,None,none,100,none,0,UPLCMS,K16,0,0,,,,,0,,,2.76,0,0,27.1,0,0
yk-1536-4-make-product,1536,80,,1536,K,17,E194_1H-indole-3-carboxylic acid,C1=CC=C2C(=C1)C(=CN2)C(=O)O,0.2,N2_hydroxydehydroabietylamine,CC(C)C(C(O)=C1)=CC2=C1[C@]3(C)C(CC2)[C@](C)(CN)CCC3,0.1,,CC(C)c1cc2c(cc1O)[C@@]1(C)CCC[C@@](C)(CNCc3c[nH]c4ccccc34)C1CC2,"C1_PLATINUM-1,3-DIVINYL-1,1,3,3-TETRAMETHYLDISILOXANE COMPLEX, IN XYLENES",C=C[Si](C)(C)O[Si](C)(C)C=C.[Pt],0.15,L1_Davephos,CN(C)c1ccccc1-c1ccccc1P(C1CCCCC1)C1CCCCC1,0.005,None,None,None,None,None,None,None,None,None,O1_phenylsilane,C1=CC=C(C=C1)[Si]ÔøΩÔøΩ,0.6,None,None,None,None,None,None,none,100,none,0,UPLCMS,K17,139714.9985,434725.4279,,,,,212440.3618,,,4.38,4.3,49.8,23.5,0.47,0
yk-1536-4-make-product,1536,80,,1536,K,18,E237_2-nitrobenzoic acid,C1=CC=C(C(=C1)C(=O)O)[N+](=O)[O-],0.2,N2_hydroxydehydroabietylamine,CC(C)C(C(O)=C1)=CC2=C1[C@]3(C)C(CC2)[C@](C)(CN)CCC3,0.1,,CC(C)c1cc2c(cc1O)[C@@]1(C)CCC[C@@](C)(CNCc3ccccc3[N+](=O)[O-])C1CC2,"C1_PLATINUM-1,3-DIVINYL-1,1,3,3-TETRAMETHYLDISILOXANE COMPLEX, IN XYLENES",C=C[Si](C)(C)O[Si](C)(C)C=C.[Pt],0.15,L1_Davephos,CN(C)c1ccccc1-c1ccccc1P(C1CCCCC1)C1CCCCC1,0.005,None,None,None,None,None,None,None,None,None,O1_phenylsilane,C1=CC=C(C=C1)[Si]ÔøΩÔøΩ,0.6,None,None,None,None,None,None,none,100,none,0,UPLCMS,K18,548328.2651,819742.9465,,,,,0,,,0,8.2,100,31.4,0.31,0
yk-1536-4-make-product,1536,80,,1536,K,19,E295_6-phenoxyhexanoic acid,C1=CC=C(C=C1)OCCCCCC(=O)O,0.2,N2_hydroxydehydroabietylamine,CC(C)C(C(O)=C1)=CC2=C1[C@]3(C)C(CC2)[C@](C)(CN)CCC3,0.1,,CC(C)c1cc2c(cc1O)[C@@]1(C)CCC[C@@](C)(CNCCCCCCOc3ccccc3)C1CC2,"C1_PLATINUM-1,3-DIVINYL-1,1,3,3-TETRAMETHYLDISILOXANE COMPLEX, IN XYLENES",C=C[Si](C)(C)O[Si](C)(C)C=C.[Pt],0.15,L1_Davephos,CN(C)c1ccccc1-c1ccccc1P(C1CCCCC1)C1CCCCC1,0.005,None,None,None,None,None,None,None,None,None,O1_phenylsilane,C1=CC=C(C=C1)[Si]ÔøΩÔøΩ,0.6,None,None,None,None,None,None,none,100,none,0,UPLCMS,K19,15187.10571,0,,,,,0,,,0,0,0,27.8,0,0
yk-1536-4-make-product,1536,80,,1536,K,20,E27_4'-HYDROXYAZOBENZENE-2-CARBOXYLIC ACID,C1=CC=C(C(=C1)C(=O)O)N=NC2=CC=C(C=C2)O,0.2,N2_hydroxydehydroabietylamine,CC(C)C(C(O)=C1)=CC2=C1[C@]3(C)C(CC2)[C@](C)(CN)CCC3,0.1,,CC(C)c1cc2c(cc1O)[C@@]1(C)CCC[C@@](C)(CNCc3ccccc3N=Nc3ccc(O)cc3)C1CC2,"C1_PLATINUM-1,3-DIVINYL-1,1,3,3-TETRAMETHYLDISILOXANE COMPLEX, IN XYLENES",C=C[Si](C)(C)O[Si](C)(C)C=C.[Pt],0.15,L1_Davephos,CN(C)c1ccccc1-c1ccccc1P(C1CCCCC1)C1CCCCC1,0.005,None,None,None,None,None,None,None,None,None,O1_phenylsilane,C1=CC=C(C=C1)[Si]ÔøΩÔøΩ,0.6,None,None,None,None,None,None,none,100,none,0,UPLCMS,K20,9798.32115,24116.61091,,,,,0,,,5.44,0.2,4.2,25.7,6.12,0
yk-1536-4-make-product,1536,80,,1536,K,21,E130_azetidine-2-carboxylic acid,O=C(O)C1CCN1,0.2,N2_hydroxydehydroabietylamine,CC(C)C(C(O)=C1)=CC2=C1[C@]3(C)C(CC2)[C@](C)(CN)CCC3,0.1,,CC(C)c1cc2c(cc1O)[C@@]1(C)CCC[C@@](C)(CNCC3CCN3)C1CC2,"C1_PLATINUM-1,3-DIVINYL-1,1,3,3-TETRAMETHYLDISILOXANE COMPLEX, IN XYLENES",C=C[Si](C)(C)O[Si](C)(C)C=C.[Pt],0.15,L1_Davephos,CN(C)c1ccccc1-c1ccccc1P(C1CCCCC1)C1CCCCC1,0.005,None,None,None,None,None,None,None,None,None,O1_phenylsilane,C1=CC=C(C=C1)[Si]ÔøΩÔøΩ,0.6,None,None,None,None,None,None,none,100,none,0,UPLCMS,K21,0,0,,,,,0,,,2.15,0,0,25.7,0,0
yk-1536-4-make-product,1536,80,,1536,K,22,E253_1H-Pyrazole-3-carboxylic acid,C1=C(NN=C1)C(=O)O,0.2,N2_hydroxydehydroabietylamine,CC(C)C(C(O)=C1)=CC2=C1[C@]3(C)C(CC2)[C@](C)(CN)CCC3,0.1,,CC(C)c1cc2c(cc1O)[C@@]1(C)CCC[C@@](C)(CNCc3ccn[nH]3)C1CC2,"C1_PLATINUM-1,3-DIVINYL-1,1,3,3-TETRAMETHYLDISILOXANE COMPLEX, IN XYLENES",C=C[Si](C)(C)O[Si](C)(C)C=C.[Pt],0.15,L1_Davephos,CN(C)c1ccccc1-c1ccccc1P(C1CCCCC1)C1CCCCC1,0.005,None,None,None,None,None,None,None,None,None,O1_phenylsilane,C1=CC=C(C=C1)[Si]ÔøΩÔøΩ,0.6,None,None,None,None,None,None,none,100,none,0,UPLCMS,K22,2618.70697,0,,,,,0,,,3.09,0,0,32.8,0,0
yk-1536-4-make-product,1536,80,,1536,K,23,E331_Blank11,O=CO,0.2,N2_hydroxydehydroabietylamine,CC(C)C(C(O)=C1)=CC2=C1[C@]3(C)C(CC2)[C@](C)(CN)CCC3,0.1,MainProduct[783],CC(C)C(C(O)=C1)=CC2=C1[C@]3(C)C(CC2)[C@](C)(CN)CCC3,"C1_PLATINUM-1,3-DIVINYL-1,1,3,3-TETRAMETHYLDISILOXANE COMPLEX, IN XYLENES",C=C[Si](C)(C)O[Si](C)(C)C=C.[Pt],0.15,L1_Davephos,CN(C)c1ccccc1-c1ccccc1P(C1CCCCC1)C1CCCCC1,0.005,None,None,None,None,None,None,None,None,None,O1_phenylsilane,C1=CC=C(C=C1)[Si]ÔøΩÔøΩ,0.6,None,None,None,None,None,None,none,100,none,0,UPLCMS,K23,0,232112.2073,,,,,231471.8759,,,0,2.3,100,0,0,0
yk-1536-4-make-product,1536,80,,1536,K,24,E363_Blank43,O=CO,0.2,N2_hydroxydehydroabietylamine,CC(C)C(C(O)=C1)=CC2=C1[C@]3(C)C(CC2)[C@](C)(CN)CCC3,0.1,MainProduct[784],CC(C)C(C(O)=C1)=CC2=C1[C@]3(C)C(CC2)[C@](C)(CN)CCC3,"C1_PLATINUM-1,3-DIVINYL-1,1,3,3-TETRAMETHYLDISILOXANE COMPLEX, IN XYLENES",C=C[Si](C)(C)O[Si](C)(C)C=C.[Pt],0.15,L1_Davephos,CN(C)c1ccccc1-c1ccccc1P(C1CCCCC1)C1CCCCC1,0.005,None,None,None,None,None,None,None,None,None,O1_phenylsilane,C1=CC=C(C=C1)[Si]ÔøΩÔøΩ,0.6,None,None,None,None,None,None,none,100,none,0,UPLCMS,K24,0,0,,,,,0,,,0,0,0,0,0,0
yk-1536-4-make-product,1536,80,,1536,K,25,"E14_4-CARBOXYBENZALDEHYDE, 97%",C1=CC(=CC=C1C=O)C(=O)O,0.2,N3_Scaffold 7,CC(C)C1=CC2=CCC3[C@](C)(CN)CCC[C@]3(C)C2CC1,0.1,,CC(C)C1=CC2=CCC3[C@](C)(CNCc4ccc(C=O)cc4)CCC[C@]3(C)C2CC1,"C1_PLATINUM-1,3-DIVINYL-1,1,3,3-TETRAMETHYLDISILOXANE COMPLEX, IN XYLENES",C=C[Si](C)(C)O[Si](C)(C)C=C.[Pt],0.15,L1_Davephos,CN(C)c1ccccc1-c1ccccc1P(C1CCCCC1)C1CCCCC1,0.005,None,None,None,None,None,None,None,None,None,O1_phenylsilane,C1=CC=C(C=C1)[Si]ÔøΩÔøΩ,0.6,None,None,None,None,None,None,none,100,none,0,UPLCMS,K25,39921.44372,0,305038.0398,659917.8367,0,0,7698.67594,0,0,6.6,0,0,6.1,0,0
yk-1536-4-make-product,1536,80,,1536,K,26,"E68_2-FLUORO-6-IODOBENZOIC ACID, 97%",C1=CC(=C(C(=C1)I)C(=O)O)F,0.2,N3_Scaffold 7,CC(C)C1=CC2=CCC3[C@](C)(CN)CCC[C@]3(C)C2CC1,0.1,,c1cc(F)c(cc1)CNC[C@@]2(C)C3[C@](C)(CCC2)C4C(=CC3)C=C(C(C)C)CC4,"C1_PLATINUM-1,3-DIVINYL-1,1,3,3-TETRAMETHYLDISILOXANE COMPLEX, IN XYLENES",C=C[Si](C)(C)O[Si](C)(C)C=C.[Pt],0.15,L1_Davephos,CN(C)c1ccccc1-c1ccccc1P(C1CCCCC1)C1CCCCC1,0.005,None,None,None,None,None,None,None,None,None,O1_phenylsilane,C1=CC=C(C=C1)[Si]ÔøΩÔøΩ,0.6,None,None,None,None,None,None,none,100,none,0,UPLCMS,K26,310309,463352,1314046.316,1527170.219,0,0,0,0,0,15.3,4.63352,23.24,6.4,0.28,0
yk-1536-4-make-product,1536,80,,1536,K,27,"E111_2,2-DIFLUORO-2-PHENYLACETIC ACID, 95%",C1=CC=C(C=C1)C(C(=O)O)(F)F,0.2,N3_Scaffold 7,CC(C)C1=CC2=CCC3[C@](C)(CN)CCC[C@]3(C)C2CC1,0.1,,CC(C)C1=CC2=CCC3[C@](C)(CNCC(F)(F)c4ccccc4)CCC[C@]3(C)C2CC1,"C1_PLATINUM-1,3-DIVINYL-1,1,3,3-TETRAMETHYLDISILOXANE COMPLEX, IN XYLENES",C=C[Si](C)(C)O[Si](C)(C)C=C.[Pt],0.15,L1_Davephos,CN(C)c1ccccc1-c1ccccc1P(C1CCCCC1)C1CCCCC1,0.005,None,None,None,None,None,None,None,None,None,O1_phenylsilane,C1=CC=C(C=C1)[Si]ÔøΩÔøΩ,0.6,None,None,None,None,None,None,none,100,none,0,UPLCMS,K27,34456.28244,34494.23552,1026453.327,1135329.53,0,0,0,0,0,11.4,0.3,2.9,4.8,1.7,0
yk-1536-4-make-product,1536,80,,1536,K,28,"E154_3,4-difluorobenzoic acid",C1=CC(=C(C=C1C(=O)O)F)F,0.2,N3_Scaffold 7,CC(C)C1=CC2=CCC3[C@](C)(CN)CCC[C@]3(C)C2CC1,0.1,,CC(C)C1=CC2=CCC3[C@](C)(CNCc4ccc(F)c(F)c4)CCC[C@]3(C)C2CC1,"C1_PLATINUM-1,3-DIVINYL-1,1,3,3-TETRAMETHYLDISILOXANE COMPLEX, IN XYLENES",C=C[Si](C)(C)O[Si](C)(C)C=C.[Pt],0.15,L1_Davephos,CN(C)c1ccccc1-c1ccccc1P(C1CCCCC1)C1CCCCC1,0.005,None,None,None,None,None,None,None,None,None,O1_phenylsilane,C1=CC=C(C=C1)[Si]ÔøΩÔøΩ,0.6,None,None,None,None,None,None,none,100,none,0,UPLCMS,K28,0,0,769562.7446,792797.2201,0,0,0,0,0,7.9,0,0,15.1,0,0
yk-1536-4-make-product,1536,80,,1536,K,29,E194_1H-indole-3-carboxylic acid,C1=CC=C2C(=C1)C(=CN2)C(=O)O,0.2,N3_Scaffold 7,CC(C)C1=CC2=CCC3[C@](C)(CN)CCC[C@]3(C)C2CC1,0.1,,CC(C)C1=CC2=CCC3[C@](C)(CNCc4c[nH]c5ccccc45)CCC[C@]3(C)C2CC1,"C1_PLATINUM-1,3-DIVINYL-1,1,3,3-TETRAMETHYLDISILOXANE COMPLEX, IN XYLENES",C=C[Si](C)(C)O[Si](C)(C)C=C.[Pt],0.15,L1_Davephos,CN(C)c1ccccc1-c1ccccc1P(C1CCCCC1)C1CCCCC1,0.005,None,None,None,None,None,None,None,None,None,O1_phenylsilane,C1=CC=C(C=C1)[Si]ÔøΩÔøΩ,0.6,None,None,None,None,None,None,none,100,none,0,UPLCMS,K29,457148.6401,2497146.664,1092654.72,1290614.383,0,0,826824.4939,0,0,12.9,25,65.9,72.2,1.1,2.34
yk-1536-4-make-product,1536,80,,1536,K,30,E237_2-nitrobenzoic acid,C1=CC=C(C(=C1)C(=O)O)[N+](=O)[O-],0.2,N3_Scaffold 7,CC(C)C1=CC2=CCC3[C@](C)(CN)CCC[C@]3(C)C2CC1,0.1,,CC(C)C1=CC2=CCC3[C@](C)(CNCc4ccccc4[N+](=O)[O-])CCC[C@]3(C)C2CC1,"C1_PLATINUM-1,3-DIVINYL-1,1,3,3-TETRAMETHYLDISILOXANE COMPLEX, IN XYLENES",C=C[Si](C)(C)O[Si](C)(C)C=C.[Pt],0.15,L1_Davephos,CN(C)c1ccccc1-c1ccccc1P(C1CCCCC1)C1CCCCC1,0.005,None,None,None,None,None,None,None,None,None,O1_phenylsilane,C1=CC=C(C=C1)[Si]ÔøΩÔøΩ,0.6,None,None,None,None,None,None,none,100,none,0,UPLCMS,K30,1709858.509,3311502.753,1081878.182,1779747.694,0,0,0,0,0,17.8,33.1,65,18.3,0.3,0
yk-1536-4-make-product,1536,80,,1536,K,31,E295_6-phenoxyhexanoic acid,C1=CC=C(C=C1)OCCCCCC(=O)O,0.2,N3_Scaffold 7,CC(C)C1=CC2=CCC3[C@](C)(CN)CCC[C@]3(C)C2CC1,0.1,,CC(C)C1=CC2=CCC3[C@](C)(CNCCCCCCOc4ccccc4)CCC[C@]3(C)C2CC1,"C1_PLATINUM-1,3-DIVINYL-1,1,3,3-TETRAMETHYLDISILOXANE COMPLEX, IN XYLENES",C=C[Si](C)(C)O[Si](C)(C)C=C.[Pt],0.15,L1_Davephos,CN(C)c1ccccc1-c1ccccc1P(C1CCCCC1)C1CCCCC1,0.005,None,None,None,None,None,None,None,None,None,O1_phenylsilane,C1=CC=C(C=C1)[Si]ÔøΩÔøΩ,0.6,None,None,None,None,None,None,none,100,none,0,UPLCMS,K31,304300.8036,346132.3425,53687.39609,256065.1115,0,0,0,0,0,2.6,3.5,57.1,8.3,0.1,0
yk-1536-4-make-product,1536,80,,1536,K,32,E27_4'-HYDROXYAZOBENZENE-2-CARBOXYLIC ACID,C1=CC=C(C(=C1)C(=O)O)N=NC2=CC=C(C=C2)O,0.2,N3_Scaffold 7,CC(C)C1=CC2=CCC3[C@](C)(CN)CCC[C@]3(C)C2CC1,0.1,,CC(C)C1=CC2=CCC3[C@](C)(CNCc4ccccc4N=Nc4ccc(O)cc4)CCC[C@]3(C)C2CC1,"C1_PLATINUM-1,3-DIVINYL-1,1,3,3-TETRAMETHYLDISILOXANE COMPLEX, IN XYLENES",C=C[Si](C)(C)O[Si](C)(C)C=C.[Pt],0.15,L1_Davephos,CN(C)c1ccccc1-c1ccccc1P(C1CCCCC1)C1CCCCC1,0.005,None,None,None,None,None,None,None,None,None,O1_phenylsilane,C1=CC=C(C=C1)[Si]ÔøΩÔøΩ,0.6,None,None,None,None,None,None,none,100,none,0,UPLCMS,K32,6287.96234,0,1453248.449,1508140.736,0,0,0,0,0,15.1,0,0,-2.8,0,0
yk-1536-4-make-product,1536,80,,1536,K,33,E130_azetidine-2-carboxylic acid,O=C(O)C1CCN1,0.2,N3_Scaffold 7,CC(C)C1=CC2=CCC3[C@](C)(CN)CCC[C@]3(C)C2CC1,0.1,,CC(C)C1=CC2=CCC3[C@](C)(CNCC4CCN4)CCC[C@]3(C)C2CC1,"C1_PLATINUM-1,3-DIVINYL-1,1,3,3-TETRAMETHYLDISILOXANE COMPLEX, IN XYLENES",C=C[Si](C)(C)O[Si](C)(C)C=C.[Pt],0.15,L1_Davephos,CN(C)c1ccccc1-c1ccccc1P(C1CCCCC1)C1CCCCC1,0.005,None,None,None,None,None,None,None,None,None,O1_phenylsilane,C1=CC=C(C=C1)[Si]ÔøΩÔøΩ,0.6,None,None,None,None,None,None,none,100,none,0,UPLCMS,K33,3184.8663,394298.7314,1010706.824,1023297.646,0,0,0,19972.85623,0,10.2,3.9,27.9,7,0.3,0
yk-1536-4-make-product,1536,80,,1536,K,34,E253_1H-Pyrazole-3-carboxylic acid,C1=C(NN=C1)C(=O)O,0.2,N3_Scaffold 7,CC(C)C1=CC2=CCC3[C@](C)(CN)CCC[C@]3(C)C2CC1,0.1,,CC(C)C1=CC2=CCC3[C@](C)(CNCc4ccn[nH]4)CCC[C@]3(C)C2CC1,"C1_PLATINUM-1,3-DIVINYL-1,1,3,3-TETRAMETHYLDISILOXANE COMPLEX, IN XYLENES",C=C[Si](C)(C)O[Si](C)(C)C=C.[Pt],0.15,L1_Davephos,CN(C)c1ccccc1-c1ccccc1P(C1CCCCC1)C1CCCCC1,0.005,None,None,None,None,None,None,None,None,None,O1_phenylsilane,C1=CC=C(C=C1)[Si]ÔøΩÔøΩ,0.6,None,None,None,None,None,None,none,100,none,0,UPLCMS,K34,0,0,1057206.181,1065280.043,0,0,0,1580.61153,0,10.7,0,0,14,0,0
yk-1536-4-make-product,1536,80,,1536,K,35,E331_Blank11,O=CO,0.2,N3_Scaffold 7,CC(C)C1=CC2=CCC3[C@](C)(CN)CCC[C@]3(C)C2CC1,0.1,MainProduct[796],CC(C)C1=CC2=CCC3[C@](C)(CN)CCC[C@]3(C)C2CC1,"C1_PLATINUM-1,3-DIVINYL-1,1,3,3-TETRAMETHYLDISILOXANE COMPLEX, IN XYLENES",C=C[Si](C)(C)O[Si](C)(C)C=C.[Pt],0.15,L1_Davephos,CN(C)c1ccccc1-c1ccccc1P(C1CCCCC1)C1CCCCC1,0.005,None,None,None,None,None,None,None,None,None,O1_phenylsilane,C1=CC=C(C=C1)[Si]ÔøΩÔøΩ,0.6,None,None,None,None,None,None,none,100,none,0,UPLCMS,K35,0,1227615.919,0,0,0,0,1189731.522,0,0,0,12.3,100,0,0,0
yk-1536-4-make-product,1536,80,,1536,K,36,E363_Blank43,O=CO,0.2,N3_Scaffold 7,CC(C)C1=CC2=CCC3[C@](C)(CN)CCC[C@]3(C)C2CC1,0.1,MainProduct[797],CC(C)C1=CC2=CCC3[C@](C)(CN)CCC[C@]3(C)C2CC1,"C1_PLATINUM-1,3-DIVINYL-1,1,3,3-TETRAMETHYLDISILOXANE COMPLEX, IN XYLENES",C=C[Si](C)(C)O[Si](C)(C)C=C.[Pt],0.15,L1_Davephos,CN(C)c1ccccc1-c1ccccc1P(C1CCCCC1)C1CCCCC1,0.005,None,None,None,None,None,None,None,None,None,O1_phenylsilane,C1=CC=C(C=C1)[Si]ÔøΩÔøΩ,0.6,None,None,None,None,None,None,none,100,none,0,UPLCMS,K36,0,0,0,0,0,0,0,0,0,0,0,0,0,0,0
yk-1536-4-make-product,1536,80,,1536,K,37,"E14_4-CARBOXYBENZALDEHYDE, 97%",C1=CC(=CC=C1C=O)C(=O)O,0.2,N4_Scaffold 6,CCNC[C@@]1(C)C2[C@](C)(CCC1)c3c(CC2)cc(C(C)C)c(c3)N,0.1,,CCNC[C@]1(C)CCC[C@]2(C)c3cc(NCc4ccc(C=O)cc4)c(C(C)C)cc3CCC12,"C1_PLATINUM-1,3-DIVINYL-1,1,3,3-TETRAMETHYLDISILOXANE COMPLEX, IN XYLENES",C=C[Si](C)(C)O[Si](C)(C)C=C.[Pt],0.15,L1_Davephos,CN(C)c1ccccc1-c1ccccc1P(C1CCCCC1)C1CCCCC1,0.005,None,None,None,None,None,None,None,None,None,O1_phenylsilane,C1=CC=C(C=C1)[Si]ÔøΩÔøΩ,0.6,None,None,None,None,None,None,none,100,none,0,UPLCMS,K37,129740.7798,1251030.718,0,0,146492.1481,63410.14296,4982.12302,0,0,0.6,12.5,95.4,-18.8,-0.2,0
yk-1536-4-make-product,1536,80,,1536,K,38,"E68_2-FLUORO-6-IODOBENZOIC ACID, 97%",C1=CC(=C(C(=C1)I)C(=O)O)F,0.2,N4_Scaffold 6,CCNC[C@@]1(C)C2[C@](C)(CCC1)c3c(CC2)cc(C(C)C)c(c3)N,0.1,,c1cc(F)c(cc1)CNc2cc3[C@]4(C)C([C@](CNCC)(CCC4)C)CCc3cc2C(C)C,"C1_PLATINUM-1,3-DIVINYL-1,1,3,3-TETRAMETHYLDISILOXANE COMPLEX, IN XYLENES",C=C[Si](C)(C)O[Si](C)(C)C=C.[Pt],0.15,L1_Davephos,CN(C)c1ccccc1-c1ccccc1P(C1CCCCC1)C1CCCCC1,0.005,None,None,None,None,None,None,None,None,None,O1_phenylsilane,C1=CC=C(C=C1)[Si]ÔøΩÔøΩ,0.6,None,None,None,None,None,None,none,100,none,0,UPLCMS,K38,16380,261429.7485,0,0,2157831.863,2263235.827,0,0,0,22.6,2.6,10.4,-7.9,-0.8,0
yk-1536-4-make-product,1536,80,,1536,K,39,"E111_2,2-DIFLUORO-2-PHENYLACETIC ACID, 95%",C1=CC=C(C=C1)C(C(=O)O)(F)F,0.2,N4_Scaffold 6,CCNC[C@@]1(C)C2[C@](C)(CCC1)c3c(CC2)cc(C(C)C)c(c3)N,0.1,,CCNC[C@]1(C)CCC[C@]2(C)c3cc(NCC(F)(F)c4ccccc4)c(C(C)C)cc3CCC12,"C1_PLATINUM-1,3-DIVINYL-1,1,3,3-TETRAMETHYLDISILOXANE COMPLEX, IN XYLENES",C=C[Si](C)(C)O[Si](C)(C)C=C.[Pt],0.15,L1_Davephos,CN(C)c1ccccc1-c1ccccc1P(C1CCCCC1)C1CCCCC1,0.005,None,None,None,None,None,None,None,None,None,O1_phenylsilane,C1=CC=C(C=C1)[Si]ÔøΩÔøΩ,0.6,None,None,None,None,None,None,none,100,none,0,UPLCMS,K39,12491.6887,0,0,0,1911928.505,1831054.095,0,0,0,18.3,0,0,13.7,0,0
yk-1536-4-make-product,1536,80,,1536,K,40,"E154_3,4-difluorobenzoic acid",C1=CC(=C(C=C1C(=O)O)F)F,0.2,N4_Scaffold 6,CCNC[C@@]1(C)C2[C@](C)(CCC1)c3c(CC2)cc(C(C)C)c(c3)N,0.1,,CCNC[C@]1(C)CCC[C@]2(C)c3cc(NCc4ccc(F)c(F)c4)c(C(C)C)cc3CCC12,"C1_PLATINUM-1,3-DIVINYL-1,1,3,3-TETRAMETHYLDISILOXANE COMPLEX, IN XYLENES",C=C[Si](C)(C)O[Si](C)(C)C=C.[Pt],0.15,L1_Davephos,CN(C)c1ccccc1-c1ccccc1P(C1CCCCC1)C1CCCCC1,0.005,None,None,None,None,None,None,None,None,None,O1_phenylsilane,C1=CC=C(C=C1)[Si]ÔøΩÔøΩ,0.6,None,None,None,None,None,None,none,100,none,0,UPLCMS,K40,0,0,0,0,880645.3598,916321.3569,0,0,0,9.2,0,0,18.4,0,0
yk-1536-4-make-product,1536,80,,1536,K,41,E194_1H-indole-3-carboxylic acid,C1=CC=C2C(=C1)C(=CN2)C(=O)O,0.2,N4_Scaffold 6,CCNC[C@@]1(C)C2[C@](C)(CCC1)c3c(CC2)cc(C(C)C)c(c3)N,0.1,,CCNC[C@]1(C)CCC[C@]2(C)c3cc(NCc4c[nH]c5ccccc45)c(C(C)C)cc3CCC12,"C1_PLATINUM-1,3-DIVINYL-1,1,3,3-TETRAMETHYLDISILOXANE COMPLEX, IN XYLENES",C=C[Si](C)(C)O[Si](C)(C)C=C.[Pt],0.15,L1_Davephos,CN(C)c1ccccc1-c1ccccc1P(C1CCCCC1)C1CCCCC1,0.005,None,None,None,None,None,None,None,None,None,O1_phenylsilane,C1=CC=C(C=C1)[Si]ÔøΩÔøΩ,0.6,None,None,None,None,None,None,none,100,none,0,UPLCMS,K41,72215.13304,2046207.823,0,0,2448867.498,2685592.394,0,0,0,26.9,20.5,43.2,20.7,0.5,0
yk-1536-4-make-product,1536,80,,1536,K,42,E237_2-nitrobenzoic acid,C1=CC=C(C(=C1)C(=O)O)[N+](=O)[O-],0.2,N4_Scaffold 6,CCNC[C@@]1(C)C2[C@](C)(CCC1)c3c(CC2)cc(C(C)C)c(c3)N,0.1,,CCNC[C@]1(C)CCC[C@]2(C)c3cc(NCc4ccccc4[N+](=O)[O-])c(C(C)C)cc3CCC12,"C1_PLATINUM-1,3-DIVINYL-1,1,3,3-TETRAMETHYLDISILOXANE COMPLEX, IN XYLENES",C=C[Si](C)(C)O[Si](C)(C)C=C.[Pt],0.15,L1_Davephos,CN(C)c1ccccc1-c1ccccc1P(C1CCCCC1)C1CCCCC1,0.005,None,None,None,None,None,None,None,None,None,O1_phenylsilane,C1=CC=C(C=C1)[Si]ÔøΩÔøΩ,0.6,None,None,None,None,None,None,none,100,none,0,UPLCMS,K42,225411.4841,1192242.38,0,0,1845774.694,1660312.913,0,0,0,16.6,11.9,41.8,29.8,0.7,0
yk-1536-4-make-product,1536,80,,1536,K,43,E295_6-phenoxyhexanoic acid,C1=CC=C(C=C1)OCCCCCC(=O)O,0.2,N4_Scaffold 6,CCNC[C@@]1(C)C2[C@](C)(CCC1)c3c(CC2)cc(C(C)C)c(c3)N,0.1,,CCNC[C@]1(C)CCC[C@]2(C)c3cc(NCCCCCCOc4ccccc4)c(C(C)C)cc3CCC12,"C1_PLATINUM-1,3-DIVINYL-1,1,3,3-TETRAMETHYLDISILOXANE COMPLEX, IN XYLENES",C=C[Si](C)(C)O[Si](C)(C)C=C.[Pt],0.15,L1_Davephos,CN(C)c1ccccc1-c1ccccc1P(C1CCCCC1)C1CCCCC1,0.005,None,None,None,None,None,None,None,None,None,O1_phenylsilane,C1=CC=C(C=C1)[Si]ÔøΩÔøΩ,0.6,None,None,None,None,None,None,none,100,none,0,UPLCMS,K43,772992.6807,2093366.304,0,0,534474.7782,395002.104,0,0,0,4,20.9,84,8.1,0.1,0
yk-1536-4-make-product,1536,80,,1536,K,44,E27_4'-HYDROXYAZOBENZENE-2-CARBOXYLIC ACID,C1=CC=C(C(=C1)C(=O)O)N=NC2=CC=C(C=C2)O,0.2,N4_Scaffold 6,CCNC[C@@]1(C)C2[C@](C)(CCC1)c3c(CC2)cc(C(C)C)c(c3)N,0.1,,CCNC[C@]1(C)CCC[C@]2(C)c3cc(NCc4ccccc4N=Nc4ccc(O)cc4)c(C(C)C)cc3CCC12,"C1_PLATINUM-1,3-DIVINYL-1,1,3,3-TETRAMETHYLDISILOXANE COMPLEX, IN XYLENES",C=C[Si](C)(C)O[Si](C)(C)C=C.[Pt],0.15,L1_Davephos,CN(C)c1ccccc1-c1ccccc1P(C1CCCCC1)C1CCCCC1,0.005,None,None,None,None,None,None,None,None,None,O1_phenylsilane,C1=CC=C(C=C1)[Si]ÔøΩÔøΩ,0.6,None,None,None,None,None,None,none,100,none,0,UPLCMS,K44,0,0,0,0,796062.5079,821680.4539,0,0,0,8.2,0,0,18.9,0,0
yk-1536-4-make-product,1536,80,,1536,K,45,E130_azetidine-2-carboxylic acid,O=C(O)C1CCN1,0.2,N4_Scaffold 6,CCNC[C@@]1(C)C2[C@](C)(CCC1)c3c(CC2)cc(C(C)C)c(c3)N,0.1,,CCNC[C@]1(C)CCC[C@]2(C)c3cc(NCC4CCN4)c(C(C)C)cc3CCC12,"C1_PLATINUM-1,3-DIVINYL-1,1,3,3-TETRAMETHYLDISILOXANE COMPLEX, IN XYLENES",C=C[Si](C)(C)O[Si](C)(C)C=C.[Pt],0.15,L1_Davephos,CN(C)c1ccccc1-c1ccccc1P(C1CCCCC1)C1CCCCC1,0.005,None,None,None,None,None,None,None,None,None,O1_phenylsilane,C1=CC=C(C=C1)[Si]ÔøΩÔøΩ,0.6,None,None,None,None,None,None,none,100,none,0,UPLCMS,K45,0,0,0,0,673350.5406,609447.6804,0,0,0,6.1,0,0,8.6,0,0
yk-1536-4-make-product,1536,80,,1536,K,46,E253_1H-Pyrazole-3-carboxylic acid,C1=C(NN=C1)C(=O)O,0.2,N4_Scaffold 6,CCNC[C@@]1(C)C2[C@](C)(CCC1)c3c(CC2)cc(C(C)C)c(c3)N,0.1,,CCNC[C@]1(C)CCC[C@]2(C)c3cc(NCc4ccn[nH]4)c(C(C)C)cc3CCC12,"C1_PLATINUM-1,3-DIVINYL-1,1,3,3-TETRAMETHYLDISILOXANE COMPLEX, IN XYLENES",C=C[Si](C)(C)O[Si](C)(C)C=C.[Pt],0.15,L1_Davephos,CN(C)c1ccccc1-c1ccccc1P(C1CCCCC1)C1CCCCC1,0.005,None,None,None,None,None,None,None,None,None,O1_phenylsilane,C1=CC=C(C=C1)[Si]ÔøΩÔøΩ,0.6,None,None,None,None,None,None,none,100,none,0,UPLCMS,K46,13346.05431,33567.04044,0,0,629104.8687,645562.686,0,0,0,6.5,0.3,4.9,11.4,2.3,0
yk-1536-4-make-product,1536,80,,1536,K,47,E331_Blank11,O=CO,0.2,N4_Scaffold 6,CCNC[C@@]1(C)C2[C@](C)(CCC1)c3c(CC2)cc(C(C)C)c(c3)N,0.1,MainProduct[809],CCNC[C@@]1(C)C2[C@](C)(CCC1)c3c(CC2)cc(C(C)C)c(c3)N,"C1_PLATINUM-1,3-DIVINYL-1,1,3,3-TETRAMETHYLDISILOXANE COMPLEX, IN XYLENES",C=C[Si](C)(C)O[Si](C)(C)C=C.[Pt],0.15,L1_Davephos,CN(C)c1ccccc1-c1ccccc1P(C1CCCCC1)C1CCCCC1,0.005,None,None,None,None,None,None,None,None,None,O1_phenylsilane,C1=CC=C(C=C1)[Si]ÔøΩÔøΩ,0.6,None,None,None,None,None,None,none,100,none,0,UPLCMS,K47,0,751546.9782,0,0,0,0,762987.3133,0,0,0,7.5,100,0,0,0
yk-1536-4-make-product,1536,80,,1536,K,48,E363_Blank43,O=CO,0.2,N4_Scaffold 6,CCNC[C@@]1(C)C2[C@](C)(CCC1)c3c(CC2)cc(C(C)C)c(c3)N,0.1,MainProduct[810],CCNC[C@@]1(C)C2[C@](C)(CCC1)c3c(CC2)cc(C(C)C)c(c3)N,"C1_PLATINUM-1,3-DIVINYL-1,1,3,3-TETRAMETHYLDISILOXANE COMPLEX, IN XYLENES",C=C[Si](C)(C)O[Si](C)(C)C=C.[Pt],0.15,L1_Davephos,CN(C)c1ccccc1-c1ccccc1P(C1CCCCC1)C1CCCCC1,0.005,None,None,None,None,None,None,None,None,None,O1_phenylsilane,C1=CC=C(C=C1)[Si]ÔøΩÔøΩ,0.6,None,None,None,None,None,None,none,100,none,0,UPLCMS,K48,0,0,0,0,0,0,0,0,0,0,0,0,0,0,0
yk-1536-4-make-product,1536,80,,1536,L,1,"E16_3-(DIMETHYLAMINO)BENZOIC ACID, 97%",CN(C)C1=CC=CC(=C1)C(=O)O,0.2,N1_(+)-Dehydroabietylamine,CC(C)c1ccc2c(c1)CC[C@H]1[C@](C)(CN)CCC[C@]21C,0.1,,CC(C)c1ccc2c(c1)CC[C@H]1[C@](C)(CNCc3cccc(N(C)C)c3)CCC[C@]21C,"C1_PLATINUM-1,3-DIVINYL-1,1,3,3-TETRAMETHYLDISILOXANE COMPLEX, IN XYLENES",C=C[Si](C)(C)O[Si](C)(C)C=C.[Pt],0.15,L1_Davephos,CN(C)c1ccccc1-c1ccccc1P(C1CCCCC1)C1CCCCC1,0.005,None,None,None,None,None,None,None,None,None,O1_phenylsilane,C1=CC=C(C=C1)[Si]ÔøΩÔøΩ,0.6,None,None,None,None,None,None,none,100,none,0,UPLCMS,L1,2540491.523,2686993.556,,,,,0,,,31.2,26.9,46.2,96.1,2.08,5.06
yk-1536-4-make-product,1536,80,,1536,L,2,"E69_3-FLUOROISONICOTINIC ACID, 98%",C1=CN=CC(=C1C(=O)O)F,0.2,N1_(+)-Dehydroabietylamine,CC(C)c1ccc2c(c1)CC[C@H]1[C@](C)(CN)CCC[C@]21C,0.1,,CC(C)c1ccc2c(c1)CC[C@H]1[C@](C)(CNCc3ccncc3F)CCC[C@]21C,"C1_PLATINUM-1,3-DIVINYL-1,1,3,3-TETRAMETHYLDISILOXANE COMPLEX, IN XYLENES",C=C[Si](C)(C)O[Si](C)(C)C=C.[Pt],0.15,L1_Davephos,CN(C)c1ccccc1-c1ccccc1P(C1CCCCC1)C1CCCCC1,0.005,None,None,None,None,None,None,None,None,None,O1_phenylsilane,C1=CC=C(C=C1)[Si]ÔøΩÔøΩ,0.6,None,None,None,None,None,None,none,100,none,0,UPLCMS,L2,317840.9968,1880816.436,,,,,0,,,39.2,18.8,32.4,98.3,3.03,-13.87
yk-1536-4-make-product,1536,80,,1536,L,3,"E116_2,6-DIMETHOXYBENZOIC ACID, 99%",COC1=C(C(=CC=C1)OC)C(=O)O,0.2,N1_(+)-Dehydroabietylamine,CC(C)c1ccc2c(c1)CC[C@H]1[C@](C)(CN)CCC[C@]21C,0.1,,COc1cccc(OC)c1CNC[C@]1(C)CCC[C@]2(C)c3ccc(C(C)C)cc3CC[C@@H]12,"C1_PLATINUM-1,3-DIVINYL-1,1,3,3-TETRAMETHYLDISILOXANE COMPLEX, IN XYLENES",C=C[Si](C)(C)O[Si](C)(C)C=C.[Pt],0.15,L1_Davephos,CN(C)c1ccccc1-c1ccccc1P(C1CCCCC1)C1CCCCC1,0.005,None,None,None,None,None,None,None,None,None,O1_phenylsilane,C1=CC=C(C=C1)[Si]ÔøΩÔøΩ,0.6,None,None,None,None,None,None,none,100,none,0,UPLCMS,L3,3888705.432,3009693.237,,,,,0,,,27.1,30.1,52.6,54.4,1.03,0
yk-1536-4-make-product,1536,80,,1536,L,4,"E155_3-(4,5-diphenyl-1,3-oxazol-2-yl)propanoic acid",C1=CC=C(C=C1)C2=C(OC(=N2)CCC(=O)O)C3=CC=CC=C3,0.2,N1_(+)-Dehydroabietylamine,CC(C)c1ccc2c(c1)CC[C@H]1[C@](C)(CN)CCC[C@]21C,0.1,,CC(C)c1ccc2c(c1)CC[C@H]1[C@](C)(CNCCCc3nc(-c4ccccc4)c(-c4ccccc4)o3)CCC[C@]21C,"C1_PLATINUM-1,3-DIVINYL-1,1,3,3-TETRAMETHYLDISILOXANE COMPLEX, IN XYLENES",C=C[Si](C)(C)O[Si](C)(C)C=C.[Pt],0.15,L1_Davephos,CN(C)c1ccccc1-c1ccccc1P(C1CCCCC1)C1CCCCC1,0.005,None,None,None,None,None,None,None,None,None,O1_phenylsilane,C1=CC=C(C=C1)[Si]ÔøΩÔøΩ,0.6,None,None,None,None,None,None,none,100,none,0,UPLCMS,L4,4487105.267,4144973.018,,,,,0,,,3.6,41.4,92,7.2,0.08,0
yk-1536-4-make-product,1536,80,,1536,L,5,"E196_2,3-dihydro-1H-indole-2-carboxylic acid",C1C(NC2=CC=CC=C21)C(=O)O,0.2,N1_(+)-Dehydroabietylamine,CC(C)c1ccc2c(c1)CC[C@H]1[C@](C)(CN)CCC[C@]21C,0.1,,CC(C)c1ccc2c(c1)CC[C@H]1[C@](C)(CNCC3Cc4ccccc4N3)CCC[C@]21C,"C1_PLATINUM-1,3-DIVINYL-1,1,3,3-TETRAMETHYLDISILOXANE COMPLEX, IN XYLENES",C=C[Si](C)(C)O[Si](C)(C)C=C.[Pt],0.15,L1_Davephos,CN(C)c1ccccc1-c1ccccc1P(C1CCCCC1)C1CCCCC1,0.005,None,None,None,None,None,None,None,None,None,O1_phenylsilane,C1=CC=C(C=C1)[Si]ÔøΩÔøΩ,0.6,None,None,None,None,None,None,none,100,none,0,UPLCMS,L5,130544.9998,181674.2652,,,,,0,,,37.1,1.8,4.7,97.6,20.77,-7.53
yk-1536-4-make-product,1536,80,,1536,L,6,E238_2-(2-nitrophenyl)acetic acid,C1=CC=C(C(=C1)CC(=O)O)[N+](=O)[O-],0.2,N1_(+)-Dehydroabietylamine,CC(C)c1ccc2c(c1)CC[C@H]1[C@](C)(CN)CCC[C@]21C,0.1,,CC(C)c1ccc2c(c1)CC[C@H]1[C@](C)(CNCCc3ccccc3[N+](=O)[O-])CCC[C@]21C,"C1_PLATINUM-1,3-DIVINYL-1,1,3,3-TETRAMETHYLDISILOXANE COMPLEX, IN XYLENES",C=C[Si](C)(C)O[Si](C)(C)C=C.[Pt],0.15,L1_Davephos,CN(C)c1ccccc1-c1ccccc1P(C1CCCCC1)C1CCCCC1,0.005,None,None,None,None,None,None,None,None,None,O1_phenylsilane,C1=CC=C(C=C1)[Si]ÔøΩÔøΩ,0.6,None,None,None,None,None,None,none,100,none,0,UPLCMS,L6,3073174.646,3998473.243,,,,,420736.3826,,,18.2,40,68.7,45.2,0.66,0
yk-1536-4-make-product,1536,80,,1536,L,7,E296_2-Methoxybenzoic acid,COC1=CC=CC=C1C(=O)O,0.2,N1_(+)-Dehydroabietylamine,CC(C)c1ccc2c(c1)CC[C@H]1[C@](C)(CN)CCC[C@]21C,0.1,,COc1ccccc1CNC[C@]1(C)CCC[C@]2(C)c3ccc(C(C)C)cc3CC[C@@H]12,"C1_PLATINUM-1,3-DIVINYL-1,1,3,3-TETRAMETHYLDISILOXANE COMPLEX, IN XYLENES",C=C[Si](C)(C)O[Si](C)(C)C=C.[Pt],0.15,L1_Davephos,CN(C)c1ccccc1-c1ccccc1P(C1CCCCC1)C1CCCCC1,0.005,None,None,None,None,None,None,None,None,None,O1_phenylsilane,C1=CC=C(C=C1)[Si]ÔøΩÔøΩ,0.6,None,None,None,None,None,None,none,100,none,0,UPLCMS,L7,15876.12551,0,,,,,95554.17919,,,22,0,0,26.9,0,0
yk-1536-4-make-product,1536,80,,1536,L,8,"E31_LEVULINIC ACID, 98+%",CC(=O)CCC(=O)O,0.2,N1_(+)-Dehydroabietylamine,CC(C)c1ccc2c(c1)CC[C@H]1[C@](C)(CN)CCC[C@]21C,0.1,,CC(=O)CCCNC[C@]1(C)CCC[C@]2(C)c3ccc(C(C)C)cc3CC[C@@H]12,"C1_PLATINUM-1,3-DIVINYL-1,1,3,3-TETRAMETHYLDISILOXANE COMPLEX, IN XYLENES",C=C[Si](C)(C)O[Si](C)(C)C=C.[Pt],0.15,L1_Davephos,CN(C)c1ccccc1-c1ccccc1P(C1CCCCC1)C1CCCCC1,0.005,None,None,None,None,None,None,None,None,None,O1_phenylsilane,C1=CC=C(C=C1)[Si]ÔøΩÔøΩ,0.6,None,None,None,None,None,None,none,100,none,0,UPLCMS,L8,76837.88272,269377.9005,,,,,8427.68515,,,0.7,2.7,78.5,12.6,0.16,0
yk-1536-4-make-product,1536,80,,1536,L,9,E138_but-2-ynoic acid,CC#CC(=O)O,0.2,N1_(+)-Dehydroabietylamine,CC(C)c1ccc2c(c1)CC[C@H]1[C@](C)(CN)CCC[C@]21C,0.1,,CC#CCNC[C@]1(C)CCC[C@]2(C)c3ccc(C(C)C)cc3CC[C@@H]12,"C1_PLATINUM-1,3-DIVINYL-1,1,3,3-TETRAMETHYLDISILOXANE COMPLEX, IN XYLENES",C=C[Si](C)(C)O[Si](C)(C)C=C.[Pt],0.15,L1_Davephos,CN(C)c1ccccc1-c1ccccc1P(C1CCCCC1)C1CCCCC1,0.005,None,None,None,None,None,None,None,None,None,O1_phenylsilane,C1=CC=C(C=C1)[Si]ÔøΩÔøΩ,0.6,None,None,None,None,None,None,none,100,none,0,UPLCMS,L9,240698.7908,327912.5659,,,,,66572.58168,,,4.1,3.3,44.4,29.3,0.66,0
yk-1536-4-make-product,1536,80,,1536,L,10,E254_2-Picolinic acid,C1=CC=NC(=C1)C(=O)O,0.2,N1_(+)-Dehydroabietylamine,CC(C)c1ccc2c(c1)CC[C@H]1[C@](C)(CN)CCC[C@]21C,0.1,,CC(C)c1ccc2c(c1)CC[C@H]1[C@](C)(CNCc3ccccn3)CCC[C@]21C,"C1_PLATINUM-1,3-DIVINYL-1,1,3,3-TETRAMETHYLDISILOXANE COMPLEX, IN XYLENES",C=C[Si](C)(C)O[Si](C)(C)C=C.[Pt],0.15,L1_Davephos,CN(C)c1ccccc1-c1ccccc1P(C1CCCCC1)C1CCCCC1,0.005,None,None,None,None,None,None,None,None,None,O1_phenylsilane,C1=CC=C(C=C1)[Si]ÔøΩÔøΩ,0.6,None,None,None,None,None,None,none,100,none,0,UPLCMS,L10,101951.1088,197036,,,,,0,,,22,2,8.2,34,4.15,0
yk-1536-4-make-product,1536,80,,1536,L,11,E332_Blank12,O=CO,0.2,N1_(+)-Dehydroabietylamine,CC(C)c1ccc2c(c1)CC[C@H]1[C@](C)(CN)CCC[C@]21C,0.1,MainProduct[818],CC(C)c1ccc2c(c1)CC[C@H]1[C@](C)(CN)CCC[C@]21C,"C1_PLATINUM-1,3-DIVINYL-1,1,3,3-TETRAMETHYLDISILOXANE COMPLEX, IN XYLENES",C=C[Si](C)(C)O[Si](C)(C)C=C.[Pt],0.15,L1_Davephos,CN(C)c1ccccc1-c1ccccc1P(C1CCCCC1)C1CCCCC1,0.005,None,None,None,None,None,None,None,None,None,O1_phenylsilane,C1=CC=C(C=C1)[Si]ÔøΩÔøΩ,0.6,None,None,None,None,None,None,none,100,none,0,UPLCMS,L11,0,2180068.168,,,,,2341062.917,,,0,21.8,100,0,0,0
yk-1536-4-make-product,1536,80,,1536,L,12,E364_Blank44,O=CO,0.2,N1_(+)-Dehydroabietylamine,CC(C)c1ccc2c(c1)CC[C@H]1[C@](C)(CN)CCC[C@]21C,0.1,MainProduct[819],CC(C)c1ccc2c(c1)CC[C@H]1[C@](C)(CN)CCC[C@]21C,"C1_PLATINUM-1,3-DIVINYL-1,1,3,3-TETRAMETHYLDISILOXANE COMPLEX, IN XYLENES",C=C[Si](C)(C)O[Si](C)(C)C=C.[Pt],0.15,L1_Davephos,CN(C)c1ccccc1-c1ccccc1P(C1CCCCC1)C1CCCCC1,0.005,None,None,None,None,None,None,None,None,None,O1_phenylsilane,C1=CC=C(C=C1)[Si]ÔøΩÔøΩ,0.6,None,None,None,None,None,None,none,100,none,0,UPLCMS,L12,0,0,,,,,0,,,0,0,0,0,0,0
yk-1536-4-make-product,1536,80,,1536,L,13,"E16_3-(DIMETHYLAMINO)BENZOIC ACID, 97%",CN(C)C1=CC=CC(=C1)C(=O)O,0.2,N2_hydroxydehydroabietylamine,CC(C)C(C(O)=C1)=CC2=C1[C@]3(C)C(CC2)[C@](C)(CN)CCC3,0.1,,CC(C)c1cc2c(cc1O)[C@@]1(C)CCC[C@@](C)(CNCc3cccc(N(C)C)c3)C1CC2,"C1_PLATINUM-1,3-DIVINYL-1,1,3,3-TETRAMETHYLDISILOXANE COMPLEX, IN XYLENES",C=C[Si](C)(C)O[Si](C)(C)C=C.[Pt],0.15,L1_Davephos,CN(C)c1ccccc1-c1ccccc1P(C1CCCCC1)C1CCCCC1,0.005,None,None,None,None,None,None,None,None,None,O1_phenylsilane,C1=CC=C(C=C1)[Si]ÔøΩÔøΩ,0.6,None,None,None,None,None,None,none,100,none,0,UPLCMS,L13,1135641.95,1220785.731,,,,,0,,,0.8,12.2,93.8,32.2,0.34,0
yk-1536-4-make-product,1536,80,,1536,L,14,"E69_3-FLUOROISONICOTINIC ACID, 98%",C1=CN=CC(=C1C(=O)O)F,0.2,N2_hydroxydehydroabietylamine,CC(C)C(C(O)=C1)=CC2=C1[C@]3(C)C(CC2)[C@](C)(CN)CCC3,0.1,,CC(C)c1cc2c(cc1O)[C@@]1(C)CCC[C@@](C)(CNCc3ccncc3F)C1CC2,"C1_PLATINUM-1,3-DIVINYL-1,1,3,3-TETRAMETHYLDISILOXANE COMPLEX, IN XYLENES",C=C[Si](C)(C)O[Si](C)(C)C=C.[Pt],0.15,L1_Davephos,CN(C)c1ccccc1-c1ccccc1P(C1CCCCC1)C1CCCCC1,0.005,None,None,None,None,None,None,None,None,None,O1_phenylsilane,C1=CC=C(C=C1)[Si]ÔøΩÔøΩ,0.6,None,None,None,None,None,None,none,100,none,0,UPLCMS,L14,174155.7306,205037,,,,,0,,,2.9,2.1,41.8,20.8,0.5,0
yk-1536-4-make-product,1536,80,,1536,L,15,"E116_2,6-DIMETHOXYBENZOIC ACID, 99%",COC1=C(C(=CC=C1)OC)C(=O)O,0.2,N2_hydroxydehydroabietylamine,CC(C)C(C(O)=C1)=CC2=C1[C@]3(C)C(CC2)[C@](C)(CN)CCC3,0.1,,COc1cccc(OC)c1CNC[C@]1(C)CCC[C@]2(C)c3cc(O)c(C(C)C)cc3CCC12,"C1_PLATINUM-1,3-DIVINYL-1,1,3,3-TETRAMETHYLDISILOXANE COMPLEX, IN XYLENES",C=C[Si](C)(C)O[Si](C)(C)C=C.[Pt],0.15,L1_Davephos,CN(C)c1ccccc1-c1ccccc1P(C1CCCCC1)C1CCCCC1,0.005,None,None,None,None,None,None,None,None,None,O1_phenylsilane,C1=CC=C(C=C1)[Si]ÔøΩÔøΩ,0.6,None,None,None,None,None,None,none,100,none,0,UPLCMS,L15,1823368.037,2039183.026,,,,,0,,,0,20.4,100,33.3,0.33,0
yk-1536-4-make-product,1536,80,,1536,L,16,"E155_3-(4,5-diphenyl-1,3-oxazol-2-yl)propanoic acid",C1=CC=C(C=C1)C2=C(OC(=N2)CCC(=O)O)C3=CC=CC=C3,0.2,N2_hydroxydehydroabietylamine,CC(C)C(C(O)=C1)=CC2=C1[C@]3(C)C(CC2)[C@](C)(CN)CCC3,0.1,,CC(C)c1cc2c(cc1O)[C@@]1(C)CCC[C@@](C)(CNCCCc3nc(-c4ccccc4)c(-c4ccccc4)o3)C1CC2,"C1_PLATINUM-1,3-DIVINYL-1,1,3,3-TETRAMETHYLDISILOXANE COMPLEX, IN XYLENES",C=C[Si](C)(C)O[Si](C)(C)C=C.[Pt],0.15,L1_Davephos,CN(C)c1ccccc1-c1ccccc1P(C1CCCCC1)C1CCCCC1,0.005,None,None,None,None,None,None,None,None,None,O1_phenylsilane,C1=CC=C(C=C1)[Si]ÔøΩÔøΩ,0.6,None,None,None,None,None,None,none,100,none,0,UPLCMS,L16,54851.26204,0,,,,,0,,,0,0,0,31.5,0,0
yk-1536-4-make-product,1536,80,,1536,L,17,"E196_2,3-dihydro-1H-indole-2-carboxylic acid",C1C(NC2=CC=CC=C21)C(=O)O,0.2,N2_hydroxydehydroabietylamine,CC(C)C(C(O)=C1)=CC2=C1[C@]3(C)C(CC2)[C@](C)(CN)CCC3,0.1,,CC(C)c1cc2c(cc1O)[C@@]1(C)CCC[C@@](C)(CNCC3Cc4ccccc4N3)C1CC2,"C1_PLATINUM-1,3-DIVINYL-1,1,3,3-TETRAMETHYLDISILOXANE COMPLEX, IN XYLENES",C=C[Si](C)(C)O[Si](C)(C)C=C.[Pt],0.15,L1_Davephos,CN(C)c1ccccc1-c1ccccc1P(C1CCCCC1)C1CCCCC1,0.005,None,None,None,None,None,None,None,None,None,O1_phenylsilane,C1=CC=C(C=C1)[Si]ÔøΩÔøΩ,0.6,None,None,None,None,None,None,none,100,none,0,UPLCMS,L17,52922.60548,0,,,,,0,,,2,0,0,26.7,0,0
yk-1536-4-make-product,1536,80,,1536,L,18,E238_2-(2-nitrophenyl)acetic acid,C1=CC=C(C(=C1)CC(=O)O)[N+](=O)[O-],0.2,N2_hydroxydehydroabietylamine,CC(C)C(C(O)=C1)=CC2=C1[C@]3(C)C(CC2)[C@](C)(CN)CCC3,0.1,,CC(C)c1cc2c(cc1O)[C@@]1(C)CCC[C@@](C)(CNCCc3ccccc3[N+](=O)[O-])C1CC2,"C1_PLATINUM-1,3-DIVINYL-1,1,3,3-TETRAMETHYLDISILOXANE COMPLEX, IN XYLENES",C=C[Si](C)(C)O[Si](C)(C)C=C.[Pt],0.15,L1_Davephos,CN(C)c1ccccc1-c1ccccc1P(C1CCCCC1)C1CCCCC1,0.005,None,None,None,None,None,None,None,None,None,O1_phenylsilane,C1=CC=C(C=C1)[Si]ÔøΩÔøΩ,0.6,None,None,None,None,None,None,none,100,none,0,UPLCMS,L18,712462.1894,1061416.894,,,,,0,,,0,10.6,100,44.9,0.45,0
yk-1536-4-make-product,1536,80,,1536,L,19,E296_2-Methoxybenzoic acid,COC1=CC=CC=C1C(=O)O,0.2,N2_hydroxydehydroabietylamine,CC(C)C(C(O)=C1)=CC2=C1[C@]3(C)C(CC2)[C@](C)(CN)CCC3,0.1,,COc1ccccc1CNC[C@]1(C)CCC[C@]2(C)c3cc(O)c(C(C)C)cc3CCC12,"C1_PLATINUM-1,3-DIVINYL-1,1,3,3-TETRAMETHYLDISILOXANE COMPLEX, IN XYLENES",C=C[Si](C)(C)O[Si](C)(C)C=C.[Pt],0.15,L1_Davephos,CN(C)c1ccccc1-c1ccccc1P(C1CCCCC1)C1CCCCC1,0.005,None,None,None,None,None,None,None,None,None,O1_phenylsilane,C1=CC=C(C=C1)[Si]ÔøΩÔøΩ,0.6,None,None,None,None,None,None,none,100,none,0,UPLCMS,L19,5371.37199,0,,,,,0,,,4,0,0,33.5,0,0
yk-1536-4-make-product,1536,80,,1536,L,20,"E31_LEVULINIC ACID, 98+%",CC(=O)CCC(=O)O,0.2,N2_hydroxydehydroabietylamine,CC(C)C(C(O)=C1)=CC2=C1[C@]3(C)C(CC2)[C@](C)(CN)CCC3,0.1,,CC(=O)CCCNC[C@]1(C)CCC[C@]2(C)c3cc(O)c(C(C)C)cc3CCC12,"C1_PLATINUM-1,3-DIVINYL-1,1,3,3-TETRAMETHYLDISILOXANE COMPLEX, IN XYLENES",C=C[Si](C)(C)O[Si](C)(C)C=C.[Pt],0.15,L1_Davephos,CN(C)c1ccccc1-c1ccccc1P(C1CCCCC1)C1CCCCC1,0.005,None,None,None,None,None,None,None,None,None,O1_phenylsilane,C1=CC=C(C=C1)[Si]ÔøΩÔøΩ,0.6,None,None,None,None,None,None,none,100,none,0,UPLCMS,L20,3306.74806,0,,,,,0,,,0,0,0,28.4,0,0
yk-1536-4-make-product,1536,80,,1536,L,21,E138_but-2-ynoic acid,CC#CC(=O)O,0.2,N2_hydroxydehydroabietylamine,CC(C)C(C(O)=C1)=CC2=C1[C@]3(C)C(CC2)[C@](C)(CN)CCC3,0.1,,CC#CCNC[C@]1(C)CCC[C@]2(C)c3cc(O)c(C(C)C)cc3CCC12,"C1_PLATINUM-1,3-DIVINYL-1,1,3,3-TETRAMETHYLDISILOXANE COMPLEX, IN XYLENES",C=C[Si](C)(C)O[Si](C)(C)C=C.[Pt],0.15,L1_Davephos,CN(C)c1ccccc1-c1ccccc1P(C1CCCCC1)C1CCCCC1,0.005,None,None,None,None,None,None,None,None,None,O1_phenylsilane,C1=CC=C(C=C1)[Si]ÔøΩÔøΩ,0.6,None,None,None,None,None,None,none,100,none,0,UPLCMS,L21,2532.24488,0,,,,,0,,,0,0,0,42.4,0,0
yk-1536-4-make-product,1536,80,,1536,L,22,E254_2-Picolinic acid,C1=CC=NC(=C1)C(=O)O,0.2,N2_hydroxydehydroabietylamine,CC(C)C(C(O)=C1)=CC2=C1[C@]3(C)C(CC2)[C@](C)(CN)CCC3,0.1,,CC(C)c1cc2c(cc1O)[C@@]1(C)CCC[C@@](C)(CNCc3ccccn3)C1CC2,"C1_PLATINUM-1,3-DIVINYL-1,1,3,3-TETRAMETHYLDISILOXANE COMPLEX, IN XYLENES",C=C[Si](C)(C)O[Si](C)(C)C=C.[Pt],0.15,L1_Davephos,CN(C)c1ccccc1-c1ccccc1P(C1CCCCC1)C1CCCCC1,0.005,None,None,None,None,None,None,None,None,None,O1_phenylsilane,C1=CC=C(C=C1)[Si]ÔøΩÔøΩ,0.6,None,None,None,None,None,None,none,100,none,0,UPLCMS,L22,12981.92972,0,,,,,0,,,2.4,0,0,40.8,0,0
yk-1536-4-make-product,1536,80,,1536,L,23,E332_Blank12,O=CO,0.2,N2_hydroxydehydroabietylamine,CC(C)C(C(O)=C1)=CC2=C1[C@]3(C)C(CC2)[C@](C)(CN)CCC3,0.1,MainProduct[831],CC(C)C(C(O)=C1)=CC2=C1[C@]3(C)C(CC2)[C@](C)(CN)CCC3,"C1_PLATINUM-1,3-DIVINYL-1,1,3,3-TETRAMETHYLDISILOXANE COMPLEX, IN XYLENES",C=C[Si](C)(C)O[Si](C)(C)C=C.[Pt],0.15,L1_Davephos,CN(C)c1ccccc1-c1ccccc1P(C1CCCCC1)C1CCCCC1,0.005,None,None,None,None,None,None,None,None,None,O1_phenylsilane,C1=CC=C(C=C1)[Si]ÔøΩÔøΩ,0.6,None,None,None,None,None,None,none,100,none,0,UPLCMS,L23,0,353300.4594,,,,,356389.9435,,,0,3.5,100,0,0,0
yk-1536-4-make-product,1536,80,,1536,L,24,E364_Blank44,O=CO,0.2,N2_hydroxydehydroabietylamine,CC(C)C(C(O)=C1)=CC2=C1[C@]3(C)C(CC2)[C@](C)(CN)CCC3,0.1,MainProduct[832],CC(C)C(C(O)=C1)=CC2=C1[C@]3(C)C(CC2)[C@](C)(CN)CCC3,"C1_PLATINUM-1,3-DIVINYL-1,1,3,3-TETRAMETHYLDISILOXANE COMPLEX, IN XYLENES",C=C[Si](C)(C)O[Si](C)(C)C=C.[Pt],0.15,L1_Davephos,CN(C)c1ccccc1-c1ccccc1P(C1CCCCC1)C1CCCCC1,0.005,None,None,None,None,None,None,None,None,None,O1_phenylsilane,C1=CC=C(C=C1)[Si]ÔøΩÔøΩ,0.6,None,None,None,None,None,None,none,100,none,0,UPLCMS,L24,0,0,,,,,0,,,0,0,0,0,0,0
yk-1536-4-make-product,1536,80,,1536,L,25,"E16_3-(DIMETHYLAMINO)BENZOIC ACID, 97%",CN(C)C1=CC=CC(=C1)C(=O)O,0.2,N3_Scaffold 7,CC(C)C1=CC2=CCC3[C@](C)(CN)CCC[C@]3(C)C2CC1,0.1,,CC(C)C1=CC2=CCC3[C@](C)(CNCc4cccc(N(C)C)c4)CCC[C@]3(C)C2CC1,"C1_PLATINUM-1,3-DIVINYL-1,1,3,3-TETRAMETHYLDISILOXANE COMPLEX, IN XYLENES",C=C[Si](C)(C)O[Si](C)(C)C=C.[Pt],0.15,L1_Davephos,CN(C)c1ccccc1-c1ccccc1P(C1CCCCC1)C1CCCCC1,0.005,None,None,None,None,None,None,None,None,None,O1_phenylsilane,C1=CC=C(C=C1)[Si]ÔøΩÔøΩ,0.6,None,None,None,None,None,None,none,100,none,0,UPLCMS,L25,1510088.678,1611775.046,176914.6742,396285.3616,0,0,65800.23913,0,0,4,16.1,80.1,15.7,0.2,0
yk-1536-4-make-product,1536,80,,1536,L,26,"E69_3-FLUOROISONICOTINIC ACID, 98%",C1=CN=CC(=C1C(=O)O)F,0.2,N3_Scaffold 7,CC(C)C1=CC2=CCC3[C@](C)(CN)CCC[C@]3(C)C2CC1,0.1,,CC(C)C1=CC2=CCC3[C@](C)(CNCc4ccncc4F)CCC[C@]3(C)C2CC1,"C1_PLATINUM-1,3-DIVINYL-1,1,3,3-TETRAMETHYLDISILOXANE COMPLEX, IN XYLENES",C=C[Si](C)(C)O[Si](C)(C)C=C.[Pt],0.15,L1_Davephos,CN(C)c1ccccc1-c1ccccc1P(C1CCCCC1)C1CCCCC1,0.005,None,None,None,None,None,None,None,None,None,O1_phenylsilane,C1=CC=C(C=C1)[Si]ÔøΩÔøΩ,0.6,None,None,None,None,None,None,none,100,none,0,UPLCMS,L26,336327.779,678241.2345,1970924.385,2433367.417,0,0,0,0,0,24.3,6.8,21.8,25.7,1.18,0
yk-1536-4-make-product,1536,80,,1536,L,27,"E116_2,6-DIMETHOXYBENZOIC ACID, 99%",COC1=C(C(=CC=C1)OC)C(=O)O,0.2,N3_Scaffold 7,CC(C)C1=CC2=CCC3[C@](C)(CN)CCC[C@]3(C)C2CC1,0.1,,COc1cccc(OC)c1CNC[C@]1(C)CCC[C@]2(C)C3CCC(C(C)C)=CC3=CCC12,"C1_PLATINUM-1,3-DIVINYL-1,1,3,3-TETRAMETHYLDISILOXANE COMPLEX, IN XYLENES",C=C[Si](C)(C)O[Si](C)(C)C=C.[Pt],0.15,L1_Davephos,CN(C)c1ccccc1-c1ccccc1P(C1CCCCC1)C1CCCCC1,0.005,None,None,None,None,None,None,None,None,None,O1_phenylsilane,C1=CC=C(C=C1)[Si]ÔøΩÔøΩ,0.6,None,None,None,None,None,None,none,100,none,0,UPLCMS,L27,3598089.765,2714852.69,262155.6393,573565.5393,0,0,0,0,0,5.7,27.1,82.6,55.8,0.68,0
yk-1536-4-make-product,1536,80,,1536,L,28,"E155_3-(4,5-diphenyl-1,3-oxazol-2-yl)propanoic acid",C1=CC=C(C=C1)C2=C(OC(=N2)CCC(=O)O)C3=CC=CC=C3,0.2,N3_Scaffold 7,CC(C)C1=CC2=CCC3[C@](C)(CN)CCC[C@]3(C)C2CC1,0.1,,CC(C)C1=CC2=CCC3[C@](C)(CNCCCc4nc(-c5ccccc5)c(-c5ccccc5)o4)CCC[C@]3(C)C2CC1,"C1_PLATINUM-1,3-DIVINYL-1,1,3,3-TETRAMETHYLDISILOXANE COMPLEX, IN XYLENES",C=C[Si](C)(C)O[Si](C)(C)C=C.[Pt],0.15,L1_Davephos,CN(C)c1ccccc1-c1ccccc1P(C1CCCCC1)C1CCCCC1,0.005,None,None,None,None,None,None,None,None,None,O1_phenylsilane,C1=CC=C(C=C1)[Si]ÔøΩÔøΩ,0.6,None,None,None,None,None,None,none,100,none,0,UPLCMS,L28,966020.4458,1189621.637,57198.36799,258303.7709,0,0,0,0,0,2.6,11.9,82.1,14.9,0.18,0
yk-1536-4-make-product,1536,80,,1536,L,29,"E196_2,3-dihydro-1H-indole-2-carboxylic acid",C1C(NC2=CC=CC=C21)C(=O)O,0.2,N3_Scaffold 7,CC(C)C1=CC2=CCC3[C@](C)(CN)CCC[C@]3(C)C2CC1,0.1,,CC(C)C1=CC2=CCC3[C@](C)(CNCC4Cc5ccccc5N4)CCC[C@]3(C)C2CC1,"C1_PLATINUM-1,3-DIVINYL-1,1,3,3-TETRAMETHYLDISILOXANE COMPLEX, IN XYLENES",C=C[Si](C)(C)O[Si](C)(C)C=C.[Pt],0.15,L1_Davephos,CN(C)c1ccccc1-c1ccccc1P(C1CCCCC1)C1CCCCC1,0.005,None,None,None,None,None,None,None,None,None,O1_phenylsilane,C1=CC=C(C=C1)[Si]ÔøΩÔøΩ,0.6,None,None,None,None,None,None,none,100,none,0,UPLCMS,L29,60303.16089,738895.6632,947566.8677,1568895.954,0,0,0,0,0,15.7,7.4,32,12.4,0.39,0
yk-1536-4-make-product,1536,80,,1536,L,30,E238_2-(2-nitrophenyl)acetic acid,C1=CC=C(C(=C1)CC(=O)O)[N+](=O)[O-],0.2,N3_Scaffold 7,CC(C)C1=CC2=CCC3[C@](C)(CN)CCC[C@]3(C)C2CC1,0.1,,CC(C)C1=CC2=CCC3[C@](C)(CNCCc4ccccc4[N+](=O)[O-])CCC[C@]3(C)C2CC1,"C1_PLATINUM-1,3-DIVINYL-1,1,3,3-TETRAMETHYLDISILOXANE COMPLEX, IN XYLENES",C=C[Si](C)(C)O[Si](C)(C)C=C.[Pt],0.15,L1_Davephos,CN(C)c1ccccc1-c1ccccc1P(C1CCCCC1)C1CCCCC1,0.005,None,None,None,None,None,None,None,None,None,O1_phenylsilane,C1=CC=C(C=C1)[Si]ÔøΩÔøΩ,0.6,None,None,None,None,None,None,none,100,none,0,UPLCMS,L30,284554.578,576113,257388.9168,684141.5407,0,0,0,0,0,6.8,5.8,45.9,19.8,0.43,0
yk-1536-4-make-product,1536,80,,1536,L,31,E296_2-Methoxybenzoic acid,COC1=CC=CC=C1C(=O)O,0.2,N3_Scaffold 7,CC(C)C1=CC2=CCC3[C@](C)(CN)CCC[C@]3(C)C2CC1,0.1,,COc1ccccc1CNC[C@]1(C)CCC[C@]2(C)C3CCC(C(C)C)=CC3=CCC12,"C1_PLATINUM-1,3-DIVINYL-1,1,3,3-TETRAMETHYLDISILOXANE COMPLEX, IN XYLENES",C=C[Si](C)(C)O[Si](C)(C)C=C.[Pt],0.15,L1_Davephos,CN(C)c1ccccc1-c1ccccc1P(C1CCCCC1)C1CCCCC1,0.005,None,None,None,None,None,None,None,None,None,O1_phenylsilane,C1=CC=C(C=C1)[Si]ÔøΩÔøΩ,0.6,None,None,None,None,None,None,none,100,none,0,UPLCMS,L31,27518.95673,0,1243086.018,1260261.635,0,0,0,0,0,12.6,0,0,1.6,0,0
yk-1536-4-make-product,1536,80,,1536,L,32,"E31_LEVULINIC ACID, 98+%",CC(=O)CCC(=O)O,0.2,N3_Scaffold 7,CC(C)C1=CC2=CCC3[C@](C)(CN)CCC[C@]3(C)C2CC1,0.1,,CC(=O)CCCNC[C@]1(C)CCC[C@]2(C)C3CCC(C(C)C)=CC3=CCC12,"C1_PLATINUM-1,3-DIVINYL-1,1,3,3-TETRAMETHYLDISILOXANE COMPLEX, IN XYLENES",C=C[Si](C)(C)O[Si](C)(C)C=C.[Pt],0.15,L1_Davephos,CN(C)c1ccccc1-c1ccccc1P(C1CCCCC1)C1CCCCC1,0.005,None,None,None,None,None,None,None,None,None,O1_phenylsilane,C1=CC=C(C=C1)[Si]ÔøΩÔøΩ,0.6,None,None,None,None,None,None,none,100,none,0,UPLCMS,L32,66392.1659,58025.90975,0,0,0,0,0,0,0,0,0.6,100,-12.9,-0.13,0
yk-1536-4-make-product,1536,80,,1536,L,33,E138_but-2-ynoic acid,CC#CC(=O)O,0.2,N3_Scaffold 7,CC(C)C1=CC2=CCC3[C@](C)(CN)CCC[C@]3(C)C2CC1,0.1,,CC#CCNC[C@]1(C)CCC[C@]2(C)C3CCC(C(C)C)=CC3=CCC12,"C1_PLATINUM-1,3-DIVINYL-1,1,3,3-TETRAMETHYLDISILOXANE COMPLEX, IN XYLENES",C=C[Si](C)(C)O[Si](C)(C)C=C.[Pt],0.15,L1_Davephos,CN(C)c1ccccc1-c1ccccc1P(C1CCCCC1)C1CCCCC1,0.005,None,None,None,None,None,None,None,None,None,O1_phenylsilane,C1=CC=C(C=C1)[Si]ÔøΩÔøΩ,0.6,None,None,None,None,None,None,none,100,none,0,UPLCMS,L33,189678.9186,0,141441.2199,752748.7058,0,0,0,0,0,7.5,0,0,3.3,0,0
yk-1536-4-make-product,1536,80,,1536,L,34,E254_2-Picolinic acid,C1=CC=NC(=C1)C(=O)O,0.2,N3_Scaffold 7,CC(C)C1=CC2=CCC3[C@](C)(CN)CCC[C@]3(C)C2CC1,0.1,,CC(C)C1=CC2=CCC3[C@](C)(CNCc4ccccn4)CCC[C@]3(C)C2CC1,"C1_PLATINUM-1,3-DIVINYL-1,1,3,3-TETRAMETHYLDISILOXANE COMPLEX, IN XYLENES",C=C[Si](C)(C)O[Si](C)(C)C=C.[Pt],0.15,L1_Davephos,CN(C)c1ccccc1-c1ccccc1P(C1CCCCC1)C1CCCCC1,0.005,None,None,None,None,None,None,None,None,None,O1_phenylsilane,C1=CC=C(C=C1)[Si]ÔøΩÔøΩ,0.6,None,None,None,None,None,None,none,100,none,0,UPLCMS,L34,186395.795,196310,995822.1475,1046073.407,0,0,0,0,0,10.5,2,15.8,-11.7,-0.74,0
yk-1536-4-make-product,1536,80,,1536,L,35,E332_Blank12,O=CO,0.2,N3_Scaffold 7,CC(C)C1=CC2=CCC3[C@](C)(CN)CCC[C@]3(C)C2CC1,0.1,MainProduct[844],CC(C)C1=CC2=CCC3[C@](C)(CN)CCC[C@]3(C)C2CC1,"C1_PLATINUM-1,3-DIVINYL-1,1,3,3-TETRAMETHYLDISILOXANE COMPLEX, IN XYLENES",C=C[Si](C)(C)O[Si](C)(C)C=C.[Pt],0.15,L1_Davephos,CN(C)c1ccccc1-c1ccccc1P(C1CCCCC1)C1CCCCC1,0.005,None,None,None,None,None,None,None,None,None,O1_phenylsilane,C1=CC=C(C=C1)[Si]ÔøΩÔøΩ,0.6,None,None,None,None,None,None,none,100,none,0,UPLCMS,L35,0,1384459.044,0,0,0,0,1297774.377,0,0,0,13.8,100,0,0,0
yk-1536-4-make-product,1536,80,,1536,L,36,E364_Blank44,O=CO,0.2,N3_Scaffold 7,CC(C)C1=CC2=CCC3[C@](C)(CN)CCC[C@]3(C)C2CC1,0.1,MainProduct[845],CC(C)C1=CC2=CCC3[C@](C)(CN)CCC[C@]3(C)C2CC1,"C1_PLATINUM-1,3-DIVINYL-1,1,3,3-TETRAMETHYLDISILOXANE COMPLEX, IN XYLENES",C=C[Si](C)(C)O[Si](C)(C)C=C.[Pt],0.15,L1_Davephos,CN(C)c1ccccc1-c1ccccc1P(C1CCCCC1)C1CCCCC1,0.005,None,None,None,None,None,None,None,None,None,O1_phenylsilane,C1=CC=C(C=C1)[Si]ÔøΩÔøΩ,0.6,None,None,None,None,None,None,none,100,none,0,UPLCMS,L36,0,0,0,0,0,0,0,0,0,0,0,0,0,0,0
yk-1536-4-make-product,1536,80,,1536,L,37,"E16_3-(DIMETHYLAMINO)BENZOIC ACID, 97%",CN(C)C1=CC=CC(=C1)C(=O)O,0.2,N4_Scaffold 6,CCNC[C@@]1(C)C2[C@](C)(CCC1)c3c(CC2)cc(C(C)C)c(c3)N,0.1,,CCNC[C@]1(C)CCC[C@]2(C)c3cc(NCc4cccc(N(C)C)c4)c(C(C)C)cc3CCC12,"C1_PLATINUM-1,3-DIVINYL-1,1,3,3-TETRAMETHYLDISILOXANE COMPLEX, IN XYLENES",C=C[Si](C)(C)O[Si](C)(C)C=C.[Pt],0.15,L1_Davephos,CN(C)c1ccccc1-c1ccccc1P(C1CCCCC1)C1CCCCC1,0.005,None,None,None,None,None,None,None,None,None,O1_phenylsilane,C1=CC=C(C=C1)[Si]ÔøΩÔøΩ,0.6,None,None,None,None,None,None,none,100,none,0,UPLCMS,L37,345639.6175,0,0,0,2441879.523,2138525.89,0,0,0,21.4,0,0,-16.6,0,0
yk-1536-4-make-product,1536,80,,1536,L,38,"E69_3-FLUOROISONICOTINIC ACID, 98%",C1=CN=CC(=C1C(=O)O)F,0.2,N4_Scaffold 6,CCNC[C@@]1(C)C2[C@](C)(CCC1)c3c(CC2)cc(C(C)C)c(c3)N,0.1,,CCNC[C@]1(C)CCC[C@]2(C)c3cc(NCc4ccncc4F)c(C(C)C)cc3CCC12,"C1_PLATINUM-1,3-DIVINYL-1,1,3,3-TETRAMETHYLDISILOXANE COMPLEX, IN XYLENES",C=C[Si](C)(C)O[Si](C)(C)C=C.[Pt],0.15,L1_Davephos,CN(C)c1ccccc1-c1ccccc1P(C1CCCCC1)C1CCCCC1,0.005,None,None,None,None,None,None,None,None,None,O1_phenylsilane,C1=CC=C(C=C1)[Si]ÔøΩÔøΩ,0.6,None,None,None,None,None,None,none,100,none,0,UPLCMS,L38,41495.11879,108273.701,0,0,1662570.93,1510783.528,0,0,0,15.1,1.1,6.7,8.7,1.31,0
yk-1536-4-make-product,1536,80,,1536,L,39,"E116_2,6-DIMETHOXYBENZOIC ACID, 99%",COC1=C(C(=CC=C1)OC)C(=O)O,0.2,N4_Scaffold 6,CCNC[C@@]1(C)C2[C@](C)(CCC1)c3c(CC2)cc(C(C)C)c(c3)N,0.1,,CCNC[C@]1(C)CCC[C@]2(C)c3cc(NCc4c(OC)cccc4OC)c(C(C)C)cc3CCC12,"C1_PLATINUM-1,3-DIVINYL-1,1,3,3-TETRAMETHYLDISILOXANE COMPLEX, IN XYLENES",C=C[Si](C)(C)O[Si](C)(C)C=C.[Pt],0.15,L1_Davephos,CN(C)c1ccccc1-c1ccccc1P(C1CCCCC1)C1CCCCC1,0.005,None,None,None,None,None,None,None,None,None,O1_phenylsilane,C1=CC=C(C=C1)[Si]ÔøΩÔøΩ,0.6,None,None,None,None,None,None,none,100,none,0,UPLCMS,L39,963269.9395,3444599.024,0,0,1957585.241,2439146.186,1670209.456,0,0,24.4,34.4,58.5,17.8,0.3,0
yk-1536-4-make-product,1536,80,,1536,L,40,"E155_3-(4,5-diphenyl-1,3-oxazol-2-yl)propanoic acid",C1=CC=C(C=C1)C2=C(OC(=N2)CCC(=O)O)C3=CC=CC=C3,0.2,N4_Scaffold 6,CCNC[C@@]1(C)C2[C@](C)(CCC1)c3c(CC2)cc(C(C)C)c(c3)N,0.1,,CCNC[C@]1(C)CCC[C@]2(C)c3cc(NCCCc4nc(-c5ccccc5)c(-c5ccccc5)o4)c(C(C)C)cc3CCC12,"C1_PLATINUM-1,3-DIVINYL-1,1,3,3-TETRAMETHYLDISILOXANE COMPLEX, IN XYLENES",C=C[Si](C)(C)O[Si](C)(C)C=C.[Pt],0.15,L1_Davephos,CN(C)c1ccccc1-c1ccccc1P(C1CCCCC1)C1CCCCC1,0.005,None,None,None,None,None,None,None,None,None,O1_phenylsilane,C1=CC=C(C=C1)[Si]ÔøΩÔøΩ,0.6,None,None,None,None,None,None,none,100,none,0,UPLCMS,L40,996121.8752,4983847.487,0,0,594939.4429,332351.084,0,0,0,3.3,49.8,93.8,18.3,0.2,0
yk-1536-4-make-product,1536,80,,1536,L,41,"E196_2,3-dihydro-1H-indole-2-carboxylic acid",C1C(NC2=CC=CC=C21)C(=O)O,0.2,N4_Scaffold 6,CCNC[C@@]1(C)C2[C@](C)(CCC1)c3c(CC2)cc(C(C)C)c(c3)N,0.1,,CCNC[C@]1(C)CCC[C@]2(C)c3cc(NCC4Cc5ccccc5N4)c(C(C)C)cc3CCC12,"C1_PLATINUM-1,3-DIVINYL-1,1,3,3-TETRAMETHYLDISILOXANE COMPLEX, IN XYLENES",C=C[Si](C)(C)O[Si](C)(C)C=C.[Pt],0.15,L1_Davephos,CN(C)c1ccccc1-c1ccccc1P(C1CCCCC1)C1CCCCC1,0.005,None,None,None,None,None,None,None,None,None,O1_phenylsilane,C1=CC=C(C=C1)[Si]ÔøΩÔøΩ,0.6,None,None,None,None,None,None,none,100,none,0,UPLCMS,L41,13384.10935,362788.8549,0,0,2514352.709,2525215.258,243209.8382,0,0,25.3,3.6,12.5,24.1,1.93,0
yk-1536-4-make-product,1536,80,,1536,L,42,E238_2-(2-nitrophenyl)acetic acid,C1=CC=C(C(=C1)CC(=O)O)[N+](=O)[O-],0.2,N4_Scaffold 6,CCNC[C@@]1(C)C2[C@](C)(CCC1)c3c(CC2)cc(C(C)C)c(c3)N,0.1,,CCNC[C@]1(C)CCC[C@]2(C)c3cc(NCCc4ccccc4[N+](=O)[O-])c(C(C)C)cc3CCC12,"C1_PLATINUM-1,3-DIVINYL-1,1,3,3-TETRAMETHYLDISILOXANE COMPLEX, IN XYLENES",C=C[Si](C)(C)O[Si](C)(C)C=C.[Pt],0.15,L1_Davephos,CN(C)c1ccccc1-c1ccccc1P(C1CCCCC1)C1CCCCC1,0.005,None,None,None,None,None,None,None,None,None,O1_phenylsilane,C1=CC=C(C=C1)[Si]ÔøΩÔøΩ,0.6,None,None,None,None,None,None,none,100,none,0,UPLCMS,L42,241167.2436,849940.2926,0,0,1416556.689,1194336.869,42317.46647,0,0,11.9,8.5,41.7,24,0.57,0
yk-1536-4-make-product,1536,80,,1536,L,43,E296_2-Methoxybenzoic acid,COC1=CC=CC=C1C(=O)O,0.2,N4_Scaffold 6,CCNC[C@@]1(C)C2[C@](C)(CCC1)c3c(CC2)cc(C(C)C)c(c3)N,0.1,,CCNC[C@]1(C)CCC[C@]2(C)c3cc(NCc4ccccc4OC)c(C(C)C)cc3CCC12,"C1_PLATINUM-1,3-DIVINYL-1,1,3,3-TETRAMETHYLDISILOXANE COMPLEX, IN XYLENES",C=C[Si](C)(C)O[Si](C)(C)C=C.[Pt],0.15,L1_Davephos,CN(C)c1ccccc1-c1ccccc1P(C1CCCCC1)C1CCCCC1,0.005,None,None,None,None,None,None,None,None,None,O1_phenylsilane,C1=CC=C(C=C1)[Si]ÔøΩÔøΩ,0.6,None,None,None,None,None,None,none,100,none,0,UPLCMS,L43,0,0,0,0,1037747.048,1077766.641,0,0,0,10.8,0,0,23.6,0,0
yk-1536-4-make-product,1536,80,,1536,L,44,"E31_LEVULINIC ACID, 98+%",CC(=O)CCC(=O)O,0.2,N4_Scaffold 6,CCNC[C@@]1(C)C2[C@](C)(CCC1)c3c(CC2)cc(C(C)C)c(c3)N,0.1,,CCNC[C@]1(C)CCC[C@]2(C)c3cc(NCCCC(C)=O)c(C(C)C)cc3CCC12,"C1_PLATINUM-1,3-DIVINYL-1,1,3,3-TETRAMETHYLDISILOXANE COMPLEX, IN XYLENES",C=C[Si](C)(C)O[Si](C)(C)C=C.[Pt],0.15,L1_Davephos,CN(C)c1ccccc1-c1ccccc1P(C1CCCCC1)C1CCCCC1,0.005,None,None,None,None,None,None,None,None,None,O1_phenylsilane,C1=CC=C(C=C1)[Si]ÔøΩÔøΩ,0.6,None,None,None,None,None,None,none,100,none,0,UPLCMS,L44,33523.3361,0,0,0,244727.6211,104167.1179,0,0,0,1,0,0,-7.7,0,0
yk-1536-4-make-product,1536,80,,1536,L,45,E138_but-2-ynoic acid,CC#CC(=O)O,0.2,N4_Scaffold 6,CCNC[C@@]1(C)C2[C@](C)(CCC1)c3c(CC2)cc(C(C)C)c(c3)N,0.1,,CC#CCNc1cc2c(cc1C(C)C)CCC1[C@](C)(CNCC)CCC[C@]21C,"C1_PLATINUM-1,3-DIVINYL-1,1,3,3-TETRAMETHYLDISILOXANE COMPLEX, IN XYLENES",C=C[Si](C)(C)O[Si](C)(C)C=C.[Pt],0.15,L1_Davephos,CN(C)c1ccccc1-c1ccccc1P(C1CCCCC1)C1CCCCC1,0.005,None,None,None,None,None,None,None,None,None,O1_phenylsilane,C1=CC=C(C=C1)[Si]ÔøΩÔøΩ,0.6,None,None,None,None,None,None,none,100,none,0,UPLCMS,L45,24231.01562,0,0,0,418062.5904,308434.4162,29750.15351,0,0,3.1,0,0,30,0,0
yk-1536-4-make-product,1536,80,,1536,L,46,E254_2-Picolinic acid,C1=CC=NC(=C1)C(=O)O,0.2,N4_Scaffold 6,CCNC[C@@]1(C)C2[C@](C)(CCC1)c3c(CC2)cc(C(C)C)c(c3)N,0.1,,CCNC[C@]1(C)CCC[C@]2(C)c3cc(NCc4ccccn4)c(C(C)C)cc3CCC12,"C1_PLATINUM-1,3-DIVINYL-1,1,3,3-TETRAMETHYLDISILOXANE COMPLEX, IN XYLENES",C=C[Si](C)(C)O[Si](C)(C)C=C.[Pt],0.15,L1_Davephos,CN(C)c1ccccc1-c1ccccc1P(C1CCCCC1)C1CCCCC1,0.005,None,None,None,None,None,None,None,None,None,O1_phenylsilane,C1=CC=C(C=C1)[Si]ÔøΩÔøΩ,0.6,None,None,None,None,None,None,none,100,none,0,UPLCMS,L46,30472.23523,0,0,0,1527427.581,1665281.459,0,0,0,16.7,0,0,24.9,0,0
yk-1536-4-make-product,1536,80,,1536,L,47,E332_Blank12,O=CO,0.2,N4_Scaffold 6,CCNC[C@@]1(C)C2[C@](C)(CCC1)c3c(CC2)cc(C(C)C)c(c3)N,0.1,MainProduct[857],CCNC[C@@]1(C)C2[C@](C)(CCC1)c3c(CC2)cc(C(C)C)c(c3)N,"C1_PLATINUM-1,3-DIVINYL-1,1,3,3-TETRAMETHYLDISILOXANE COMPLEX, IN XYLENES",C=C[Si](C)(C)O[Si](C)(C)C=C.[Pt],0.15,L1_Davephos,CN(C)c1ccccc1-c1ccccc1P(C1CCCCC1)C1CCCCC1,0.005,None,None,None,None,None,None,None,None,None,O1_phenylsilane,C1=CC=C(C=C1)[Si]ÔøΩÔøΩ,0.6,None,None,None,None,None,None,none,100,none,0,UPLCMS,L47,0,917570.6209,0,0,0,0,868133.4337,0,0,0,9.2,100,0,0,0
yk-1536-4-make-product,1536,80,,1536,L,48,E364_Blank44,O=CO,0.2,N4_Scaffold 6,CCNC[C@@]1(C)C2[C@](C)(CCC1)c3c(CC2)cc(C(C)C)c(c3)N,0.1,MainProduct[858],CCNC[C@@]1(C)C2[C@](C)(CCC1)c3c(CC2)cc(C(C)C)c(c3)N,"C1_PLATINUM-1,3-DIVINYL-1,1,3,3-TETRAMETHYLDISILOXANE COMPLEX, IN XYLENES",C=C[Si](C)(C)O[Si](C)(C)C=C.[Pt],0.15,L1_Davephos,CN(C)c1ccccc1-c1ccccc1P(C1CCCCC1)C1CCCCC1,0.005,None,None,None,None,None,None,None,None,None,O1_phenylsilane,C1=CC=C(C=C1)[Si]ÔøΩÔøΩ,0.6,None,None,None,None,None,None,none,100,none,0,UPLCMS,L48,0,0,0,0,0,0,0,0,0,0,0,0,0,0,0
yk-1536-4-make-product,1536,80,,1536,M,1,"E17_4-CYANO-3-NITROBENZOIC ACID, 98%",C1=CC(=C(C=C1C(=O)O)[N+](=O)[O-])C#N,0.2,N1_(+)-Dehydroabietylamine,CC(C)c1ccc2c(c1)CC[C@H]1[C@](C)(CN)CCC[C@]21C,0.1,,CC(C)c1ccc2c(c1)CC[C@H]1[C@](C)(CNCc3ccc(C#N)c([N+](=O)[O-])c3)CCC[C@]21C,"C1_PLATINUM-1,3-DIVINYL-1,1,3,3-TETRAMETHYLDISILOXANE COMPLEX, IN XYLENES",C=C[Si](C)(C)O[Si](C)(C)C=C.[Pt],0.15,L1_Davephos,CN(C)c1ccccc1-c1ccccc1P(C1CCCCC1)C1CCCCC1,0.005,None,None,None,None,None,None,None,None,None,O1_phenylsilane,C1=CC=C(C=C1)[Si]ÔøΩÔøΩ,0.6,None,None,None,None,None,None,none,100,none,0,UPLCMS,M1,1660121.965,3447772.642,,,,,0,,,39.95,34.5,46.3,89.3,1.93,-12.06
yk-1536-4-make-product,1536,80,,1536,M,2,"E70_3-FLUORO-2-IODOBENZOIC ACID, 98%",C1=CC(=C(C(=C1)F)I)C(=O)O,0.2,N1_(+)-Dehydroabietylamine,CC(C)c1ccc2c(c1)CC[C@H]1[C@](C)(CN)CCC[C@]21C,0.1,,CC(C)c1ccc2c(c1)CC[C@H]1[C@](C)(CNCc3cccc(F)c3I)CCC[C@]21C,"C1_PLATINUM-1,3-DIVINYL-1,1,3,3-TETRAMETHYLDISILOXANE COMPLEX, IN XYLENES",C=C[Si](C)(C)O[Si](C)(C)C=C.[Pt],0.15,L1_Davephos,CN(C)c1ccccc1-c1ccccc1P(C1CCCCC1)C1CCCCC1,0.005,None,None,None,None,None,None,None,None,None,O1_phenylsilane,C1=CC=C(C=C1)[Si]ÔøΩÔøΩ,0.6,None,None,None,None,None,None,none,100,none,0,UPLCMS,M2,5608100.917,5131255.248,,,,,0,,,26.93,51.3,65.6,28.6,0.44,0
yk-1536-4-make-product,1536,80,,1536,M,3,"E117_3,5-DIMETHOXYBENZOIC ACID 99%",COC1=CC(=CC(=C1)C(=O)O)OC,0.2,N1_(+)-Dehydroabietylamine,CC(C)c1ccc2c(c1)CC[C@H]1[C@](C)(CN)CCC[C@]21C,0.1,,COc1cc(CNC[C@]2(C)CCC[C@]3(C)c4ccc(C(C)C)cc4CC[C@@H]23)cc(OC)c1,"C1_PLATINUM-1,3-DIVINYL-1,1,3,3-TETRAMETHYLDISILOXANE COMPLEX, IN XYLENES",C=C[Si](C)(C)O[Si](C)(C)C=C.[Pt],0.15,L1_Davephos,CN(C)c1ccccc1-c1ccccc1P(C1CCCCC1)C1CCCCC1,0.005,None,None,None,None,None,None,None,None,None,O1_phenylsilane,C1=CC=C(C=C1)[Si]ÔøΩÔøΩ,0.6,None,None,None,None,None,None,none,100,none,0,UPLCMS,M3,3806831.982,1207169,,,,,894674.9038,,,30.87,12.1,28.1,81.1,2.89,13.6
yk-1536-4-make-product,1536,80,,1536,M,4,"E156_2,3-dihydro-1H-indene-2-carboxylic acid",C1C(CC2=CC=CC=C21)C(=O)O,0.2,N1_(+)-Dehydroabietylamine,CC(C)c1ccc2c(c1)CC[C@H]1[C@](C)(CN)CCC[C@]21C,0.1,,CC(C)c1ccc2c(c1)CC[C@H]1[C@](C)(CNCC3Cc4ccccc4C3)CCC[C@]21C,"C1_PLATINUM-1,3-DIVINYL-1,1,3,3-TETRAMETHYLDISILOXANE COMPLEX, IN XYLENES",C=C[Si](C)(C)O[Si](C)(C)C=C.[Pt],0.15,L1_Davephos,CN(C)c1ccccc1-c1ccccc1P(C1CCCCC1)C1CCCCC1,0.005,None,None,None,None,None,None,None,None,None,O1_phenylsilane,C1=CC=C(C=C1)[Si]ÔøΩÔøΩ,0.6,None,None,None,None,None,None,none,100,none,0,UPLCMS,M4,2871419.554,1638966.99,,,,,0,,,4.32,16.4,79.1,5.8,0.07,0
yk-1536-4-make-product,1536,80,,1536,M,5,E197_1H-indazole-3-carboxylic acid,C1=CC=C2C(=C1)C(=NN2)C(=O)O,0.2,N1_(+)-Dehydroabietylamine,CC(C)c1ccc2c(c1)CC[C@H]1[C@](C)(CN)CCC[C@]21C,0.1,,CC(C)c1ccc2c(c1)CC[C@H]1[C@](C)(CNCc3n[nH]c4ccccc34)CCC[C@]21C,"C1_PLATINUM-1,3-DIVINYL-1,1,3,3-TETRAMETHYLDISILOXANE COMPLEX, IN XYLENES",C=C[Si](C)(C)O[Si](C)(C)C=C.[Pt],0.15,L1_Davephos,CN(C)c1ccccc1-c1ccccc1P(C1CCCCC1)C1CCCCC1,0.005,None,None,None,None,None,None,None,None,None,O1_phenylsilane,C1=CC=C(C=C1)[Si]ÔøΩÔøΩ,0.6,None,None,None,None,None,None,none,100,none,0,UPLCMS,M5,601321.3812,516764,,,,,0,,,40.28,5.2,11.4,73.8,6.47,-3.2
yk-1536-4-make-product,1536,80,,1536,M,6,E239_naphthalene-1-carboxylic acid,C1=CC=C2C(=C1)C=CC=C2C(=O)O,0.2,N1_(+)-Dehydroabietylamine,CC(C)c1ccc2c(c1)CC[C@H]1[C@](C)(CN)CCC[C@]21C,0.1,,CC(C)c1ccc2c(c1)CC[C@H]1[C@](C)(CNCc3cccc4ccccc34)CCC[C@]21C,"C1_PLATINUM-1,3-DIVINYL-1,1,3,3-TETRAMETHYLDISILOXANE COMPLEX, IN XYLENES",C=C[Si](C)(C)O[Si](C)(C)C=C.[Pt],0.15,L1_Davephos,CN(C)c1ccccc1-c1ccccc1P(C1CCCCC1)C1CCCCC1,0.005,None,None,None,None,None,None,None,None,None,O1_phenylsilane,C1=CC=C(C=C1)[Si]ÔøΩÔøΩ,0.6,None,None,None,None,None,None,none,100,none,0,UPLCMS,M6,6045342.263,3392095.949,,,,,0,,,29.33,33.9,53.6,32.8,0.61,0
yk-1536-4-make-product,1536,80,,1536,M,7,E297_Flumequine,CC1CCC2=C3N1C=C(C(=O)C3=CC(=C2)F)C(=O)O,0.2,N1_(+)-Dehydroabietylamine,CC(C)c1ccc2c(c1)CC[C@H]1[C@](C)(CN)CCC[C@]21C,0.1,,CC(C)c1ccc2c(c1)CC[C@H]1[C@](C)(CNCc3cn4c5c(cc(F)cc5c3=O)CCC4C)CCC[C@]21C,"C1_PLATINUM-1,3-DIVINYL-1,1,3,3-TETRAMETHYLDISILOXANE COMPLEX, IN XYLENES",C=C[Si](C)(C)O[Si](C)(C)C=C.[Pt],0.15,L1_Davephos,CN(C)c1ccccc1-c1ccccc1P(C1CCCCC1)C1CCCCC1,0.005,None,None,None,None,None,None,None,None,None,O1_phenylsilane,C1=CC=C(C=C1)[Si]ÔøΩÔøΩ,0.6,None,None,None,None,None,None,none,100,none,0,UPLCMS,M7,1517003.025,977718.8991,,,,,0,,,17.67,9.8,35.6,33,0.93,0
yk-1536-4-make-product,1536,80,,1536,M,8,"E34_1H-IMIDAZOLE-4-CARBOXYLIC ACID, 95%",C1=C(NC=N1)C(=O)O,0.2,N1_(+)-Dehydroabietylamine,CC(C)c1ccc2c(c1)CC[C@H]1[C@](C)(CN)CCC[C@]21C,0.1,,CC(C)c1ccc2c(c1)CC[C@H]1[C@](C)(CNCc3cnc[nH]3)CCC[C@]21C,"C1_PLATINUM-1,3-DIVINYL-1,1,3,3-TETRAMETHYLDISILOXANE COMPLEX, IN XYLENES",C=C[Si](C)(C)O[Si](C)(C)C=C.[Pt],0.15,L1_Davephos,CN(C)c1ccccc1-c1ccccc1P(C1CCCCC1)C1CCCCC1,0.005,None,None,None,None,None,None,None,None,None,O1_phenylsilane,C1=CC=C(C=C1)[Si]ÔøΩÔøΩ,0.6,None,None,None,None,None,None,none,100,none,0,UPLCMS,M8,14320.84255,0,,,,,0,,,22.17,0,0,11.1,0,0
yk-1536-4-make-product,1536,80,,1536,M,9,E141_cyclopentanecarboxylic acid,C1CCC(C1)C(=O)O,0.2,N1_(+)-Dehydroabietylamine,CC(C)c1ccc2c(c1)CC[C@H]1[C@](C)(CN)CCC[C@]21C,0.1,,CC(C)c1ccc2c(c1)CC[C@H]1[C@](C)(CNCC3CCCC3)CCC[C@]21C,"C1_PLATINUM-1,3-DIVINYL-1,1,3,3-TETRAMETHYLDISILOXANE COMPLEX, IN XYLENES",C=C[Si](C)(C)O[Si](C)(C)C=C.[Pt],0.15,L1_Davephos,CN(C)c1ccccc1-c1ccccc1P(C1CCCCC1)C1CCCCC1,0.005,None,None,None,None,None,None,None,None,None,O1_phenylsilane,C1=CC=C(C=C1)[Si]ÔøΩÔøΩ,0.6,None,None,None,None,None,None,none,100,none,0,UPLCMS,M9,2088117.948,1295336.089,,,,,0,,,4.7,13,73.4,-2.6,-0.04,0
yk-1536-4-make-product,1536,80,,1536,M,10,"E255_TRIMETHYLACETIC ACID, 99%",CC(C)(C)C(=O)O,0.2,N1_(+)-Dehydroabietylamine,CC(C)c1ccc2c(c1)CC[C@H]1[C@](C)(CN)CCC[C@]21C,0.1,,CC(C)c1ccc2c(c1)CC[C@H]1[C@](C)(CNCC(C)(C)C)CCC[C@]21C,"C1_PLATINUM-1,3-DIVINYL-1,1,3,3-TETRAMETHYLDISILOXANE COMPLEX, IN XYLENES",C=C[Si](C)(C)O[Si](C)(C)C=C.[Pt],0.15,L1_Davephos,CN(C)c1ccccc1-c1ccccc1P(C1CCCCC1)C1CCCCC1,0.005,None,None,None,None,None,None,None,None,None,O1_phenylsilane,C1=CC=C(C=C1)[Si]ÔøΩÔøΩ,0.6,None,None,None,None,None,None,none,100,none,0,UPLCMS,M10,151257.2378,503253.3388,,,,,364852.491,,,15.14,5,24.9,0.9,0.04,0
yk-1536-4-make-product,1536,80,,1536,M,11,E333_Blank13,O=CO,0.2,N1_(+)-Dehydroabietylamine,CC(C)c1ccc2c(c1)CC[C@H]1[C@](C)(CN)CCC[C@]21C,0.1,MainProduct[866],CC(C)c1ccc2c(c1)CC[C@H]1[C@](C)(CN)CCC[C@]21C,"C1_PLATINUM-1,3-DIVINYL-1,1,3,3-TETRAMETHYLDISILOXANE COMPLEX, IN XYLENES",C=C[Si](C)(C)O[Si](C)(C)C=C.[Pt],0.15,L1_Davephos,CN(C)c1ccccc1-c1ccccc1P(C1CCCCC1)C1CCCCC1,0.005,None,None,None,None,None,None,None,None,None,O1_phenylsilane,C1=CC=C(C=C1)[Si]ÔøΩÔøΩ,0.6,None,None,None,None,None,None,none,100,none,0,UPLCMS,M11,0,1953151.401,,,,,2200477.676,,,0,19.5,100,0,0,0
yk-1536-4-make-product,1536,80,,1536,M,12,E365_Blank45,O=CO,0.2,N1_(+)-Dehydroabietylamine,CC(C)c1ccc2c(c1)CC[C@H]1[C@](C)(CN)CCC[C@]21C,0.1,MainProduct[867],CC(C)c1ccc2c(c1)CC[C@H]1[C@](C)(CN)CCC[C@]21C,"C1_PLATINUM-1,3-DIVINYL-1,1,3,3-TETRAMETHYLDISILOXANE COMPLEX, IN XYLENES",C=C[Si](C)(C)O[Si](C)(C)C=C.[Pt],0.15,L1_Davephos,CN(C)c1ccccc1-c1ccccc1P(C1CCCCC1)C1CCCCC1,0.005,None,None,None,None,None,None,None,None,None,O1_phenylsilane,C1=CC=C(C=C1)[Si]ÔøΩÔøΩ,0.6,None,None,None,None,None,None,none,100,none,0,UPLCMS,M12,0,0,,,,,0,,,0,0,0,0,0,0
yk-1536-4-make-product,1536,80,,1536,M,13,"E17_4-CYANO-3-NITROBENZOIC ACID, 98%",C1=CC(=C(C=C1C(=O)O)[N+](=O)[O-])C#N,0.2,N2_hydroxydehydroabietylamine,CC(C)C(C(O)=C1)=CC2=C1[C@]3(C)C(CC2)[C@](C)(CN)CCC3,0.1,,CC(C)c1cc2c(cc1O)[C@@]1(C)CCC[C@@](C)(CNCc3ccc(C#N)c([N+](=O)[O-])c3)C1CC2,"C1_PLATINUM-1,3-DIVINYL-1,1,3,3-TETRAMETHYLDISILOXANE COMPLEX, IN XYLENES",C=C[Si](C)(C)O[Si](C)(C)C=C.[Pt],0.15,L1_Davephos,CN(C)c1ccccc1-c1ccccc1P(C1CCCCC1)C1CCCCC1,0.005,None,None,None,None,None,None,None,None,None,O1_phenylsilane,C1=CC=C(C=C1)[Si]ÔøΩÔøΩ,0.6,None,None,None,None,None,None,none,100,none,0,UPLCMS,M13,406419.3012,341721.7549,,,,,0,,,0,3.4,100,-13.7,-0.14,0
yk-1536-4-make-product,1536,80,,1536,M,14,"E70_3-FLUORO-2-IODOBENZOIC ACID, 98%",C1=CC(=C(C(=C1)F)I)C(=O)O,0.2,N2_hydroxydehydroabietylamine,CC(C)C(C(O)=C1)=CC2=C1[C@]3(C)C(CC2)[C@](C)(CN)CCC3,0.1,,CC(C)c1cc2c(cc1O)[C@@]1(C)CCC[C@@](C)(CNCc3cccc(F)c3I)C1CC2,"C1_PLATINUM-1,3-DIVINYL-1,1,3,3-TETRAMETHYLDISILOXANE COMPLEX, IN XYLENES",C=C[Si](C)(C)O[Si](C)(C)C=C.[Pt],0.15,L1_Davephos,CN(C)c1ccccc1-c1ccccc1P(C1CCCCC1)C1CCCCC1,0.005,None,None,None,None,None,None,None,None,None,O1_phenylsilane,C1=CC=C(C=C1)[Si]ÔøΩÔøΩ,0.6,None,None,None,None,None,None,none,100,none,0,UPLCMS,M14,885684.5064,987911.1857,,,,,0,,,0,9.9,100,2.7,0.03,0
yk-1536-4-make-product,1536,80,,1536,M,15,"E117_3,5-DIMETHOXYBENZOIC ACID 99%",COC1=CC(=CC(=C1)C(=O)O)OC,0.2,N2_hydroxydehydroabietylamine,CC(C)C(C(O)=C1)=CC2=C1[C@]3(C)C(CC2)[C@](C)(CN)CCC3,0.1,,COc1cc(CNC[C@]2(C)CCC[C@]3(C)c4cc(O)c(C(C)C)cc4CCC23)cc(OC)c1,"C1_PLATINUM-1,3-DIVINYL-1,1,3,3-TETRAMETHYLDISILOXANE COMPLEX, IN XYLENES",C=C[Si](C)(C)O[Si](C)(C)C=C.[Pt],0.15,L1_Davephos,CN(C)c1ccccc1-c1ccccc1P(C1CCCCC1)C1CCCCC1,0.005,None,None,None,None,None,None,None,None,None,O1_phenylsilane,C1=CC=C(C=C1)[Si]ÔøΩÔøΩ,0.6,None,None,None,None,None,None,none,100,none,0,UPLCMS,M15,1064883.69,1401464.237,,,,,0,,,0,14,100,3.4,0.03,0
yk-1536-4-make-product,1536,80,,1536,M,16,"E156_2,3-dihydro-1H-indene-2-carboxylic acid",C1C(CC2=CC=CC=C21)C(=O)O,0.2,N2_hydroxydehydroabietylamine,CC(C)C(C(O)=C1)=CC2=C1[C@]3(C)C(CC2)[C@](C)(CN)CCC3,0.1,,CC(C)c1cc2c(cc1O)[C@@]1(C)CCC[C@@](C)(CNCC3Cc4ccccc4C3)C1CC2,"C1_PLATINUM-1,3-DIVINYL-1,1,3,3-TETRAMETHYLDISILOXANE COMPLEX, IN XYLENES",C=C[Si](C)(C)O[Si](C)(C)C=C.[Pt],0.15,L1_Davephos,CN(C)c1ccccc1-c1ccccc1P(C1CCCCC1)C1CCCCC1,0.005,None,None,None,None,None,None,None,None,None,O1_phenylsilane,C1=CC=C(C=C1)[Si]ÔøΩÔøΩ,0.6,None,None,None,None,None,None,none,100,none,0,UPLCMS,M16,71952.78062,60459.57363,,,,,0,,,0,0.6,100,1.4,0.01,0
yk-1536-4-make-product,1536,80,,1536,M,17,E197_1H-indazole-3-carboxylic acid,C1=CC=C2C(=C1)C(=NN2)C(=O)O,0.2,N2_hydroxydehydroabietylamine,CC(C)C(C(O)=C1)=CC2=C1[C@]3(C)C(CC2)[C@](C)(CN)CCC3,0.1,,CC(C)c1cc2c(cc1O)[C@@]1(C)CCC[C@@](C)(CNCc3n[nH]c4ccccc34)C1CC2,"C1_PLATINUM-1,3-DIVINYL-1,1,3,3-TETRAMETHYLDISILOXANE COMPLEX, IN XYLENES",C=C[Si](C)(C)O[Si](C)(C)C=C.[Pt],0.15,L1_Davephos,CN(C)c1ccccc1-c1ccccc1P(C1CCCCC1)C1CCCCC1,0.005,None,None,None,None,None,None,None,None,None,O1_phenylsilane,C1=CC=C(C=C1)[Si]ÔøΩÔøΩ,0.6,None,None,None,None,None,None,none,100,none,0,UPLCMS,M17,357825.4917,326630.3857,,,,,0,,,11.1,3.3,22.7,-12.7,-0.56,0
yk-1536-4-make-product,1536,80,,1536,M,18,E239_naphthalene-1-carboxylic acid,C1=CC=C2C(=C1)C=CC=C2C(=O)O,0.2,N2_hydroxydehydroabietylamine,CC(C)C(C(O)=C1)=CC2=C1[C@]3(C)C(CC2)[C@](C)(CN)CCC3,0.1,,CC(C)c1cc2c(cc1O)[C@@]1(C)CCC[C@@](C)(CNCc3cccc4ccccc34)C1CC2,"C1_PLATINUM-1,3-DIVINYL-1,1,3,3-TETRAMETHYLDISILOXANE COMPLEX, IN XYLENES",C=C[Si](C)(C)O[Si](C)(C)C=C.[Pt],0.15,L1_Davephos,CN(C)c1ccccc1-c1ccccc1P(C1CCCCC1)C1CCCCC1,0.005,None,None,None,None,None,None,None,None,None,O1_phenylsilane,C1=CC=C(C=C1)[Si]ÔøΩÔøΩ,0.6,None,None,None,None,None,None,none,100,none,0,UPLCMS,M18,1094164.936,1092678,,,,,0,,,0,10.9,100,7,0.07,0
yk-1536-4-make-product,1536,80,,1536,M,19,E297_Flumequine,CC1CCC2=C3N1C=C(C(=O)C3=CC(=C2)F)C(=O)O,0.2,N2_hydroxydehydroabietylamine,CC(C)C(C(O)=C1)=CC2=C1[C@]3(C)C(CC2)[C@](C)(CN)CCC3,0.1,,CC(C)c1cc2c(cc1O)[C@@]1(C)CCC[C@@](C)(CNCc3cn4c5c(cc(F)cc5c3=O)CCC4C)C1CC2,"C1_PLATINUM-1,3-DIVINYL-1,1,3,3-TETRAMETHYLDISILOXANE COMPLEX, IN XYLENES",C=C[Si](C)(C)O[Si](C)(C)C=C.[Pt],0.15,L1_Davephos,CN(C)c1ccccc1-c1ccccc1P(C1CCCCC1)C1CCCCC1,0.005,None,None,None,None,None,None,None,None,None,O1_phenylsilane,C1=CC=C(C=C1)[Si]ÔøΩÔøΩ,0.6,None,None,None,None,None,None,none,100,none,0,UPLCMS,M19,483342.2088,751783.4742,,,,,0,,,1.82,7.5,80.5,13.5,0.17,0
yk-1536-4-make-product,1536,80,,1536,M,20,"E34_1H-IMIDAZOLE-4-CARBOXYLIC ACID, 95%",C1=C(NC=N1)C(=O)O,0.2,N2_hydroxydehydroabietylamine,CC(C)C(C(O)=C1)=CC2=C1[C@]3(C)C(CC2)[C@](C)(CN)CCC3,0.1,,CC(C)c1cc2c(cc1O)[C@@]1(C)CCC[C@@](C)(CNCc3cnc[nH]3)C1CC2,"C1_PLATINUM-1,3-DIVINYL-1,1,3,3-TETRAMETHYLDISILOXANE COMPLEX, IN XYLENES",C=C[Si](C)(C)O[Si](C)(C)C=C.[Pt],0.15,L1_Davephos,CN(C)c1ccccc1-c1ccccc1P(C1CCCCC1)C1CCCCC1,0.005,None,None,None,None,None,None,None,None,None,O1_phenylsilane,C1=CC=C(C=C1)[Si]ÔøΩÔøΩ,0.6,None,None,None,None,None,None,none,100,none,0,UPLCMS,M20,877.59253,0,,,,,0,,,2.04,0,0,-6.6,0,0
yk-1536-4-make-product,1536,80,,1536,M,21,E141_cyclopentanecarboxylic acid,C1CCC(C1)C(=O)O,0.2,N2_hydroxydehydroabietylamine,CC(C)C(C(O)=C1)=CC2=C1[C@]3(C)C(CC2)[C@](C)(CN)CCC3,0.1,,CC(C)c1cc2c(cc1O)[C@@]1(C)CCC[C@@](C)(CNCC3CCCC3)C1CC2,"C1_PLATINUM-1,3-DIVINYL-1,1,3,3-TETRAMETHYLDISILOXANE COMPLEX, IN XYLENES",C=C[Si](C)(C)O[Si](C)(C)C=C.[Pt],0.15,L1_Davephos,CN(C)c1ccccc1-c1ccccc1P(C1CCCCC1)C1CCCCC1,0.005,None,None,None,None,None,None,None,None,None,O1_phenylsilane,C1=CC=C(C=C1)[Si]ÔøΩÔøΩ,0.6,None,None,None,None,None,None,none,100,none,0,UPLCMS,M21,82345.27504,82308.13595,,,,,0,,,0,0.8,100,15.2,0.15,0
yk-1536-4-make-product,1536,80,,1536,M,22,"E255_TRIMETHYLACETIC ACID, 99%",CC(C)(C)C(=O)O,0.2,N2_hydroxydehydroabietylamine,CC(C)C(C(O)=C1)=CC2=C1[C@]3(C)C(CC2)[C@](C)(CN)CCC3,0.1,,CC(C)c1cc2c(cc1O)[C@@]1(C)CCC[C@@](C)(CNCC(C)(C)C)C1CC2,"C1_PLATINUM-1,3-DIVINYL-1,1,3,3-TETRAMETHYLDISILOXANE COMPLEX, IN XYLENES",C=C[Si](C)(C)O[Si](C)(C)C=C.[Pt],0.15,L1_Davephos,CN(C)c1ccccc1-c1ccccc1P(C1CCCCC1)C1CCCCC1,0.005,None,None,None,None,None,None,None,None,None,O1_phenylsilane,C1=CC=C(C=C1)[Si]ÔøΩÔøΩ,0.6,None,None,None,None,None,None,none,100,none,0,UPLCMS,M22,63763.00041,62372.11546,,,,,0,,,0,0.6,100,24.2,0.24,0
yk-1536-4-make-product,1536,80,,1536,M,23,E333_Blank13,O=CO,0.2,N2_hydroxydehydroabietylamine,CC(C)C(C(O)=C1)=CC2=C1[C@]3(C)C(CC2)[C@](C)(CN)CCC3,0.1,MainProduct[879],CC(C)C(C(O)=C1)=CC2=C1[C@]3(C)C(CC2)[C@](C)(CN)CCC3,"C1_PLATINUM-1,3-DIVINYL-1,1,3,3-TETRAMETHYLDISILOXANE COMPLEX, IN XYLENES",C=C[Si](C)(C)O[Si](C)(C)C=C.[Pt],0.15,L1_Davephos,CN(C)c1ccccc1-c1ccccc1P(C1CCCCC1)C1CCCCC1,0.005,None,None,None,None,None,None,None,None,None,O1_phenylsilane,C1=CC=C(C=C1)[Si]ÔøΩÔøΩ,0.6,None,None,None,None,None,None,none,100,none,0,UPLCMS,M23,0,170441.5232,,,,,171818.725,,,0,1.7,100,0,0,0
yk-1536-4-make-product,1536,80,,1536,M,24,E365_Blank45,O=CO,0.2,N2_hydroxydehydroabietylamine,CC(C)C(C(O)=C1)=CC2=C1[C@]3(C)C(CC2)[C@](C)(CN)CCC3,0.1,MainProduct[880],CC(C)C(C(O)=C1)=CC2=C1[C@]3(C)C(CC2)[C@](C)(CN)CCC3,"C1_PLATINUM-1,3-DIVINYL-1,1,3,3-TETRAMETHYLDISILOXANE COMPLEX, IN XYLENES",C=C[Si](C)(C)O[Si](C)(C)C=C.[Pt],0.15,L1_Davephos,CN(C)c1ccccc1-c1ccccc1P(C1CCCCC1)C1CCCCC1,0.005,None,None,None,None,None,None,None,None,None,O1_phenylsilane,C1=CC=C(C=C1)[Si]ÔøΩÔøΩ,0.6,None,None,None,None,None,None,none,100,none,0,UPLCMS,M24,0,0,,,,,0,,,0,0,0,0,0,0
yk-1536-4-make-product,1536,80,,1536,M,25,"E17_4-CYANO-3-NITROBENZOIC ACID, 98%",C1=CC(=C(C=C1C(=O)O)[N+](=O)[O-])C#N,0.2,N3_Scaffold 7,CC(C)C1=CC2=CCC3[C@](C)(CN)CCC[C@]3(C)C2CC1,0.1,,CC(C)C1=CC2=CCC3[C@](C)(CNCc4ccc(C#N)c([N+](=O)[O-])c4)CCC[C@]3(C)C2CC1,"C1_PLATINUM-1,3-DIVINYL-1,1,3,3-TETRAMETHYLDISILOXANE COMPLEX, IN XYLENES",C=C[Si](C)(C)O[Si](C)(C)C=C.[Pt],0.15,L1_Davephos,CN(C)c1ccccc1-c1ccccc1P(C1CCCCC1)C1CCCCC1,0.005,None,None,None,None,None,None,None,None,None,O1_phenylsilane,C1=CC=C(C=C1)[Si]ÔøΩÔøΩ,0.6,None,None,None,None,None,None,none,100,none,0,UPLCMS,M25,979123.2557,1982527.613,1615173.961,2184382.252,0,0,0,0,0,21.8,19.8,47.6,44.4,0.9,0
yk-1536-4-make-product,1536,80,,1536,M,26,"E70_3-FLUORO-2-IODOBENZOIC ACID, 98%",C1=CC(=C(C(=C1)F)I)C(=O)O,0.2,N3_Scaffold 7,CC(C)C1=CC2=CCC3[C@](C)(CN)CCC[C@]3(C)C2CC1,0.1,,CC(C)C1=CC2=CCC3[C@](C)(CNCc4cccc(F)c4I)CCC[C@]3(C)C2CC1,"C1_PLATINUM-1,3-DIVINYL-1,1,3,3-TETRAMETHYLDISILOXANE COMPLEX, IN XYLENES",C=C[Si](C)(C)O[Si](C)(C)C=C.[Pt],0.15,L1_Davephos,CN(C)c1ccccc1-c1ccccc1P(C1CCCCC1)C1CCCCC1,0.005,None,None,None,None,None,None,None,None,None,O1_phenylsilane,C1=CC=C(C=C1)[Si]ÔøΩÔøΩ,0.6,None,None,None,None,None,None,none,100,none,0,UPLCMS,M26,3287164.595,3457283.231,683250.8655,1397157.777,0,0,0,0,0,14,34.6,71.2,38.7,0.5,0
yk-1536-4-make-product,1536,80,,1536,M,27,"E117_3,5-DIMETHOXYBENZOIC ACID 99%",COC1=CC(=CC(=C1)C(=O)O)OC,0.2,N3_Scaffold 7,CC(C)C1=CC2=CCC3[C@](C)(CN)CCC[C@]3(C)C2CC1,0.1,,COc1cc(CNC[C@]2(C)CCC[C@]3(C)C4CCC(C(C)C)=CC4=CCC23)cc(OC)c1,"C1_PLATINUM-1,3-DIVINYL-1,1,3,3-TETRAMETHYLDISILOXANE COMPLEX, IN XYLENES",C=C[Si](C)(C)O[Si](C)(C)C=C.[Pt],0.15,L1_Davephos,CN(C)c1ccccc1-c1ccccc1P(C1CCCCC1)C1CCCCC1,0.005,None,None,None,None,None,None,None,None,None,O1_phenylsilane,C1=CC=C(C=C1)[Si]ÔøΩÔøΩ,0.6,None,None,None,None,None,None,none,100,none,0,UPLCMS,M27,2785999.108,3648612.554,214657.6269,644534.7122,0,0,0,0,0,6.4,36.5,85.1,14.4,0.2,0
yk-1536-4-make-product,1536,80,,1536,M,28,"E156_2,3-dihydro-1H-indene-2-carboxylic acid",C1C(CC2=CC=CC=C21)C(=O)O,0.2,N3_Scaffold 7,CC(C)C1=CC2=CCC3[C@](C)(CN)CCC[C@]3(C)C2CC1,0.1,,CC(C)C1=CC2=CCC3[C@](C)(CNCC4Cc5ccccc5C4)CCC[C@]3(C)C2CC1,"C1_PLATINUM-1,3-DIVINYL-1,1,3,3-TETRAMETHYLDISILOXANE COMPLEX, IN XYLENES",C=C[Si](C)(C)O[Si](C)(C)C=C.[Pt],0.15,L1_Davephos,CN(C)c1ccccc1-c1ccccc1P(C1CCCCC1)C1CCCCC1,0.005,None,None,None,None,None,None,None,None,None,O1_phenylsilane,C1=CC=C(C=C1)[Si]ÔøΩÔøΩ,0.6,None,None,None,None,None,None,none,100,none,0,UPLCMS,M28,900016.6579,887067.1067,72034.96191,325160.3818,0,0,0,0,0,3.3,8.9,72.9,22.1,0.3,0
yk-1536-4-make-product,1536,80,,1536,M,29,E197_1H-indazole-3-carboxylic acid,C1=CC=C2C(=C1)C(=NN2)C(=O)O,0.2,N3_Scaffold 7,CC(C)C1=CC2=CCC3[C@](C)(CN)CCC[C@]3(C)C2CC1,0.1,,CC(C)C1=CC2=CCC3[C@](C)(CNCc4n[nH]c5ccccc45)CCC[C@]3(C)C2CC1,"C1_PLATINUM-1,3-DIVINYL-1,1,3,3-TETRAMETHYLDISILOXANE COMPLEX, IN XYLENES",C=C[Si](C)(C)O[Si](C)(C)C=C.[Pt],0.15,L1_Davephos,CN(C)c1ccccc1-c1ccccc1P(C1CCCCC1)C1CCCCC1,0.005,None,None,None,None,None,None,None,None,None,O1_phenylsilane,C1=CC=C(C=C1)[Si]ÔøΩÔøΩ,0.6,None,None,None,None,None,None,none,100,none,0,UPLCMS,M29,521447.7347,1210112,4226924.745,4575685.864,0,0,0,0,0,45.8,12.1,20.9,92.6,4.4,-44.89
yk-1536-4-make-product,1536,80,,1536,M,30,E239_naphthalene-1-carboxylic acid,C1=CC=C2C(=C1)C=CC=C2C(=O)O,0.2,N3_Scaffold 7,CC(C)C1=CC2=CCC3[C@](C)(CN)CCC[C@]3(C)C2CC1,0.1,,CC(C)C1=CC2=CCC3[C@](C)(CNCc4cccc5ccccc45)CCC[C@]3(C)C2CC1,"C1_PLATINUM-1,3-DIVINYL-1,1,3,3-TETRAMETHYLDISILOXANE COMPLEX, IN XYLENES",C=C[Si](C)(C)O[Si](C)(C)C=C.[Pt],0.15,L1_Davephos,CN(C)c1ccccc1-c1ccccc1P(C1CCCCC1)C1CCCCC1,0.005,None,None,None,None,None,None,None,None,None,O1_phenylsilane,C1=CC=C(C=C1)[Si]ÔøΩÔøΩ,0.6,None,None,None,None,None,None,none,100,none,0,UPLCMS,M30,2375018.344,2029580.207,287865.0307,626875.54,0,0,0,0,0,6.3,20.3,76.3,10.5,0.1,0
yk-1536-4-make-product,1536,80,,1536,M,31,E297_Flumequine,CC1CCC2=C3N1C=C(C(=O)C3=CC(=C2)F)C(=O)O,0.2,N3_Scaffold 7,CC(C)C1=CC2=CCC3[C@](C)(CN)CCC[C@]3(C)C2CC1,0.1,,CC(C)C1=CC2=CCC3[C@](C)(CNCc4cn5c6c(cc(F)cc6c4=O)CCC5C)CCC[C@]3(C)C2CC1,"C1_PLATINUM-1,3-DIVINYL-1,1,3,3-TETRAMETHYLDISILOXANE COMPLEX, IN XYLENES",C=C[Si](C)(C)O[Si](C)(C)C=C.[Pt],0.15,L1_Davephos,CN(C)c1ccccc1-c1ccccc1P(C1CCCCC1)C1CCCCC1,0.005,None,None,None,None,None,None,None,None,None,O1_phenylsilane,C1=CC=C(C=C1)[Si]ÔøΩÔøΩ,0.6,None,None,None,None,None,None,none,100,none,0,UPLCMS,M31,1213895.182,1078951.258,666529.423,951590.2958,0,0,0,0,0,9.5,10.8,53.2,35.8,0.7,0
yk-1536-4-make-product,1536,80,,1536,M,32,"E34_1H-IMIDAZOLE-4-CARBOXYLIC ACID, 95%",C1=C(NC=N1)C(=O)O,0.2,N3_Scaffold 7,CC(C)C1=CC2=CCC3[C@](C)(CN)CCC[C@]3(C)C2CC1,0.1,,CC(C)C1=CC2=CCC3[C@](C)(CNCc4cnc[nH]4)CCC[C@]3(C)C2CC1,"C1_PLATINUM-1,3-DIVINYL-1,1,3,3-TETRAMETHYLDISILOXANE COMPLEX, IN XYLENES",C=C[Si](C)(C)O[Si](C)(C)C=C.[Pt],0.15,L1_Davephos,CN(C)c1ccccc1-c1ccccc1P(C1CCCCC1)C1CCCCC1,0.005,None,None,None,None,None,None,None,None,None,O1_phenylsilane,C1=CC=C(C=C1)[Si]ÔøΩÔøΩ,0.6,None,None,None,None,None,None,none,100,none,0,UPLCMS,M32,1939.29902,0,1421244.012,1463526.98,0,0,0,0,0,14.6,0,0,13.2,0,0
yk-1536-4-make-product,1536,80,,1536,M,33,E141_cyclopentanecarboxylic acid,C1CCC(C1)C(=O)O,0.2,N3_Scaffold 7,CC(C)C1=CC2=CCC3[C@](C)(CN)CCC[C@]3(C)C2CC1,0.1,,CC(C)C1=CC2=CCC3[C@](C)(CNCC4CCCC4)CCC[C@]3(C)C2CC1,"C1_PLATINUM-1,3-DIVINYL-1,1,3,3-TETRAMETHYLDISILOXANE COMPLEX, IN XYLENES",C=C[Si](C)(C)O[Si](C)(C)C=C.[Pt],0.15,L1_Davephos,CN(C)c1ccccc1-c1ccccc1P(C1CCCCC1)C1CCCCC1,0.005,None,None,None,None,None,None,None,None,None,O1_phenylsilane,C1=CC=C(C=C1)[Si]ÔøΩÔøΩ,0.6,None,None,None,None,None,None,none,100,none,0,UPLCMS,M33,456482.0425,521269.5446,51416.86897,161847.7072,0,0,0,0,0,1.6,5.2,76.5,17.6,0.2,0
yk-1536-4-make-product,1536,80,,1536,M,34,"E255_TRIMETHYLACETIC ACID, 99%",CC(C)(C)C(=O)O,0.2,N3_Scaffold 7,CC(C)C1=CC2=CCC3[C@](C)(CN)CCC[C@]3(C)C2CC1,0.1,,CC(C)C1=CC2=CCC3[C@](C)(CNCC(C)(C)C)CCC[C@]3(C)C2CC1,"C1_PLATINUM-1,3-DIVINYL-1,1,3,3-TETRAMETHYLDISILOXANE COMPLEX, IN XYLENES",C=C[Si](C)(C)O[Si](C)(C)C=C.[Pt],0.15,L1_Davephos,CN(C)c1ccccc1-c1ccccc1P(C1CCCCC1)C1CCCCC1,0.005,None,None,None,None,None,None,None,None,None,O1_phenylsilane,C1=CC=C(C=C1)[Si]ÔøΩÔøΩ,0.6,None,None,None,None,None,None,none,100,none,0,UPLCMS,M34,72268.07008,120596.5523,256305.4278,280413.9699,0,0,0,0,0,2.8,1.2,30.1,0.9,0,0
yk-1536-4-make-product,1536,80,,1536,M,35,E333_Blank13,O=CO,0.2,N3_Scaffold 7,CC(C)C1=CC2=CCC3[C@](C)(CN)CCC[C@]3(C)C2CC1,0.1,MainProduct[892],CC(C)C1=CC2=CCC3[C@](C)(CN)CCC[C@]3(C)C2CC1,"C1_PLATINUM-1,3-DIVINYL-1,1,3,3-TETRAMETHYLDISILOXANE COMPLEX, IN XYLENES",C=C[Si](C)(C)O[Si](C)(C)C=C.[Pt],0.15,L1_Davephos,CN(C)c1ccccc1-c1ccccc1P(C1CCCCC1)C1CCCCC1,0.005,None,None,None,None,None,None,None,None,None,O1_phenylsilane,C1=CC=C(C=C1)[Si]ÔøΩÔøΩ,0.6,None,None,None,None,None,None,none,100,none,0,UPLCMS,M35,0,1351570.18,0,0,0,0,1264003.83,0,0,0,13.5,100,0,0,0
yk-1536-4-make-product,1536,80,,1536,M,36,E365_Blank45,O=CO,0.2,N3_Scaffold 7,CC(C)C1=CC2=CCC3[C@](C)(CN)CCC[C@]3(C)C2CC1,0.1,MainProduct[893],CC(C)C1=CC2=CCC3[C@](C)(CN)CCC[C@]3(C)C2CC1,"C1_PLATINUM-1,3-DIVINYL-1,1,3,3-TETRAMETHYLDISILOXANE COMPLEX, IN XYLENES",C=C[Si](C)(C)O[Si](C)(C)C=C.[Pt],0.15,L1_Davephos,CN(C)c1ccccc1-c1ccccc1P(C1CCCCC1)C1CCCCC1,0.005,None,None,None,None,None,None,None,None,None,O1_phenylsilane,C1=CC=C(C=C1)[Si]ÔøΩÔøΩ,0.6,None,None,None,None,None,None,none,100,none,0,UPLCMS,M36,0,0,0,0,0,0,0,0,0,0,0,0,0,0,0
yk-1536-4-make-product,1536,80,,1536,M,37,"E17_4-CYANO-3-NITROBENZOIC ACID, 98%",C1=CC(=C(C=C1C(=O)O)[N+](=O)[O-])C#N,0.2,N4_Scaffold 6,CCNC[C@@]1(C)C2[C@](C)(CCC1)c3c(CC2)cc(C(C)C)c(c3)N,0.1,,CCNC[C@]1(C)CCC[C@]2(C)c3cc(NCc4ccc(C#N)c([N+](=O)[O-])c4)c(C(C)C)cc3CCC12,"C1_PLATINUM-1,3-DIVINYL-1,1,3,3-TETRAMETHYLDISILOXANE COMPLEX, IN XYLENES",C=C[Si](C)(C)O[Si](C)(C)C=C.[Pt],0.15,L1_Davephos,CN(C)c1ccccc1-c1ccccc1P(C1CCCCC1)C1CCCCC1,0.005,None,None,None,None,None,None,None,None,None,O1_phenylsilane,C1=CC=C(C=C1)[Si]ÔøΩÔøΩ,0.6,None,None,None,None,None,None,none,100,none,0,UPLCMS,M37,53385.95344,471634.9856,0,0,1856543.038,2147119.743,0,0,0,21.5,4.7,18,-11.4,-0.6,0
yk-1536-4-make-product,1536,80,,1536,M,38,"E70_3-FLUORO-2-IODOBENZOIC ACID, 98%",C1=CC(=C(C(=C1)F)I)C(=O)O,0.2,N4_Scaffold 6,CCNC[C@@]1(C)C2[C@](C)(CCC1)c3c(CC2)cc(C(C)C)c(c3)N,0.1,,CCNC[C@]1(C)CCC[C@]2(C)c3cc(NCc4cccc(F)c4I)c(C(C)C)cc3CCC12,"C1_PLATINUM-1,3-DIVINYL-1,1,3,3-TETRAMETHYLDISILOXANE COMPLEX, IN XYLENES",C=C[Si](C)(C)O[Si](C)(C)C=C.[Pt],0.15,L1_Davephos,CN(C)c1ccccc1-c1ccccc1P(C1CCCCC1)C1CCCCC1,0.005,None,None,None,None,None,None,None,None,None,O1_phenylsilane,C1=CC=C(C=C1)[Si]ÔøΩÔøΩ,0.6,None,None,None,None,None,None,none,100,none,0,UPLCMS,M38,152230.3213,619371.8172,0,0,2270227.636,2092528.4,161532.9646,0,0,20.9,6.2,22.9,7,0.3,0
yk-1536-4-make-product,1536,80,,1536,M,39,"E117_3,5-DIMETHOXYBENZOIC ACID 99%",COC1=CC(=CC(=C1)C(=O)O)OC,0.2,N4_Scaffold 6,CCNC[C@@]1(C)C2[C@](C)(CCC1)c3c(CC2)cc(C(C)C)c(c3)N,0.1,,CCNC[C@]1(C)CCC[C@]2(C)c3cc(NCc4cc(OC)cc(OC)c4)c(C(C)C)cc3CCC12,"C1_PLATINUM-1,3-DIVINYL-1,1,3,3-TETRAMETHYLDISILOXANE COMPLEX, IN XYLENES",C=C[Si](C)(C)O[Si](C)(C)C=C.[Pt],0.15,L1_Davephos,CN(C)c1ccccc1-c1ccccc1P(C1CCCCC1)C1CCCCC1,0.005,None,None,None,None,None,None,None,None,None,O1_phenylsilane,C1=CC=C(C=C1)[Si]ÔøΩÔøΩ,0.6,None,None,None,None,None,None,none,100,none,0,UPLCMS,M39,213355.2845,180318,0,0,1954863.349,1797765.394,172255.1575,0,0,18,1.8,9.1,11.9,1.3,0
yk-1536-4-make-product,1536,80,,1536,M,40,"E156_2,3-dihydro-1H-indene-2-carboxylic acid",C1C(CC2=CC=CC=C21)C(=O)O,0.2,N4_Scaffold 6,CCNC[C@@]1(C)C2[C@](C)(CCC1)c3c(CC2)cc(C(C)C)c(c3)N,0.1,,CCNC[C@]1(C)CCC[C@]2(C)c3cc(NCC4Cc5ccccc5C4)c(C(C)C)cc3CCC12,"C1_PLATINUM-1,3-DIVINYL-1,1,3,3-TETRAMETHYLDISILOXANE COMPLEX, IN XYLENES",C=C[Si](C)(C)O[Si](C)(C)C=C.[Pt],0.15,L1_Davephos,CN(C)c1ccccc1-c1ccccc1P(C1CCCCC1)C1CCCCC1,0.005,None,None,None,None,None,None,None,None,None,O1_phenylsilane,C1=CC=C(C=C1)[Si]ÔøΩÔøΩ,0.6,None,None,None,None,None,None,none,100,none,0,UPLCMS,M40,229381.0998,759971.4719,0,0,1516008.839,1424412.808,17681.20927,0,0,14.2,7.6,34.9,12.6,0.4,0
yk-1536-4-make-product,1536,80,,1536,M,41,E197_1H-indazole-3-carboxylic acid,C1=CC=C2C(=C1)C(=NN2)C(=O)O,0.2,N4_Scaffold 6,CCNC[C@@]1(C)C2[C@](C)(CCC1)c3c(CC2)cc(C(C)C)c(c3)N,0.1,,CCNC[C@]1(C)CCC[C@]2(C)c3cc(NCc4n[nH]c5ccccc45)c(C(C)C)cc3CCC12,"C1_PLATINUM-1,3-DIVINYL-1,1,3,3-TETRAMETHYLDISILOXANE COMPLEX, IN XYLENES",C=C[Si](C)(C)O[Si](C)(C)C=C.[Pt],0.15,L1_Davephos,CN(C)c1ccccc1-c1ccccc1P(C1CCCCC1)C1CCCCC1,0.005,None,None,None,None,None,None,None,None,None,O1_phenylsilane,C1=CC=C(C=C1)[Si]ÔøΩÔøΩ,0.6,None,None,None,None,None,None,none,100,none,0,UPLCMS,M41,26997.49186,0,0,0,2066090.926,2290534.366,80302.12949,0,0,22.9,0,0,20.2,0,0
yk-1536-4-make-product,1536,80,,1536,M,42,E239_naphthalene-1-carboxylic acid,C1=CC=C2C(=C1)C=CC=C2C(=O)O,0.2,N4_Scaffold 6,CCNC[C@@]1(C)C2[C@](C)(CCC1)c3c(CC2)cc(C(C)C)c(c3)N,0.1,,CCNC[C@]1(C)CCC[C@]2(C)c3cc(NCc4cccc5ccccc45)c(C(C)C)cc3CCC12,"C1_PLATINUM-1,3-DIVINYL-1,1,3,3-TETRAMETHYLDISILOXANE COMPLEX, IN XYLENES",C=C[Si](C)(C)O[Si](C)(C)C=C.[Pt],0.15,L1_Davephos,CN(C)c1ccccc1-c1ccccc1P(C1CCCCC1)C1CCCCC1,0.005,None,None,None,None,None,None,None,None,None,O1_phenylsilane,C1=CC=C(C=C1)[Si]ÔøΩÔøΩ,0.6,None,None,None,None,None,None,none,100,none,0,UPLCMS,M42,123459.8862,0,0,0,2025824.576,1749562.993,0,0,0,17.5,0,0,-8.2,0,0
yk-1536-4-make-product,1536,80,,1536,M,43,E297_Flumequine,CC1CCC2=C3N1C=C(C(=O)C3=CC(=C2)F)C(=O)O,0.2,N4_Scaffold 6,CCNC[C@@]1(C)C2[C@](C)(CCC1)c3c(CC2)cc(C(C)C)c(c3)N,0.1,,CCNC[C@]1(C)CCC[C@]2(C)c3cc(NCc4cn5c6c(cc(F)cc6c4=O)CCC5C)c(C(C)C)cc3CCC12,"C1_PLATINUM-1,3-DIVINYL-1,1,3,3-TETRAMETHYLDISILOXANE COMPLEX, IN XYLENES",C=C[Si](C)(C)O[Si](C)(C)C=C.[Pt],0.15,L1_Davephos,CN(C)c1ccccc1-c1ccccc1P(C1CCCCC1)C1CCCCC1,0.005,None,None,None,None,None,None,None,None,None,O1_phenylsilane,C1=CC=C(C=C1)[Si]ÔøΩÔøΩ,0.6,None,None,None,None,None,None,none,100,none,0,UPLCMS,M43,116665.158,1040067.04,0,0,1841191.679,1796315.522,0,0,0,18,10.4,36.6,15.1,0.4,0
yk-1536-4-make-product,1536,80,,1536,M,44,"E34_1H-IMIDAZOLE-4-CARBOXYLIC ACID, 95%",C1=C(NC=N1)C(=O)O,0.2,N4_Scaffold 6,CCNC[C@@]1(C)C2[C@](C)(CCC1)c3c(CC2)cc(C(C)C)c(c3)N,0.1,,CCNC[C@]1(C)CCC[C@]2(C)c3cc(NCc4cnc[nH]4)c(C(C)C)cc3CCC12,"C1_PLATINUM-1,3-DIVINYL-1,1,3,3-TETRAMETHYLDISILOXANE COMPLEX, IN XYLENES",C=C[Si](C)(C)O[Si](C)(C)C=C.[Pt],0.15,L1_Davephos,CN(C)c1ccccc1-c1ccccc1P(C1CCCCC1)C1CCCCC1,0.005,None,None,None,None,None,None,None,None,None,O1_phenylsilane,C1=CC=C(C=C1)[Si]ÔøΩÔøΩ,0.6,None,None,None,None,None,None,none,100,none,0,UPLCMS,M44,44808.37726,74719.27235,0,0,1399293.215,1584894.768,0,0,0,15.8,0.7,4.5,10.4,2.3,0
yk-1536-4-make-product,1536,80,,1536,M,45,E141_cyclopentanecarboxylic acid,C1CCC(C1)C(=O)O,0.2,N4_Scaffold 6,CCNC[C@@]1(C)C2[C@](C)(CCC1)c3c(CC2)cc(C(C)C)c(c3)N,0.1,,CCNC[C@]1(C)CCC[C@]2(C)c3cc(NCC4CCCC4)c(C(C)C)cc3CCC12,"C1_PLATINUM-1,3-DIVINYL-1,1,3,3-TETRAMETHYLDISILOXANE COMPLEX, IN XYLENES",C=C[Si](C)(C)O[Si](C)(C)C=C.[Pt],0.15,L1_Davephos,CN(C)c1ccccc1-c1ccccc1P(C1CCCCC1)C1CCCCC1,0.005,None,None,None,None,None,None,None,None,None,O1_phenylsilane,C1=CC=C(C=C1)[Si]ÔøΩÔøΩ,0.6,None,None,None,None,None,None,none,100,none,0,UPLCMS,M45,207377.3371,934127.9736,0,0,1058147.881,1023195.957,0,0,0,10.2,9.3,47.8,11.9,0.2,0
yk-1536-4-make-product,1536,80,,1536,M,46,"E255_TRIMETHYLACETIC ACID, 99%",CC(C)(C)C(=O)O,0.2,N4_Scaffold 6,CCNC[C@@]1(C)C2[C@](C)(CCC1)c3c(CC2)cc(C(C)C)c(c3)N,0.1,,CCNC[C@]1(C)CCC[C@]2(C)c3cc(NCC(C)(C)C)c(C(C)C)cc3CCC12,"C1_PLATINUM-1,3-DIVINYL-1,1,3,3-TETRAMETHYLDISILOXANE COMPLEX, IN XYLENES",C=C[Si](C)(C)O[Si](C)(C)C=C.[Pt],0.15,L1_Davephos,CN(C)c1ccccc1-c1ccccc1P(C1CCCCC1)C1CCCCC1,0.005,None,None,None,None,None,None,None,None,None,O1_phenylsilane,C1=CC=C(C=C1)[Si]ÔøΩÔøΩ,0.6,None,None,None,None,None,None,none,100,none,0,UPLCMS,M46,7156.79269,0,0,0,2172718.887,1975861.073,211247.3773,0,0,19.8,0,0,10.5,0,0
yk-1536-4-make-product,1536,80,,1536,M,47,E333_Blank13,O=CO,0.2,N4_Scaffold 6,CCNC[C@@]1(C)C2[C@](C)(CCC1)c3c(CC2)cc(C(C)C)c(c3)N,0.1,MainProduct[905],CCNC[C@@]1(C)C2[C@](C)(CCC1)c3c(CC2)cc(C(C)C)c(c3)N,"C1_PLATINUM-1,3-DIVINYL-1,1,3,3-TETRAMETHYLDISILOXANE COMPLEX, IN XYLENES",C=C[Si](C)(C)O[Si](C)(C)C=C.[Pt],0.15,L1_Davephos,CN(C)c1ccccc1-c1ccccc1P(C1CCCCC1)C1CCCCC1,0.005,None,None,None,None,None,None,None,None,None,O1_phenylsilane,C1=CC=C(C=C1)[Si]ÔøΩÔøΩ,0.6,None,None,None,None,None,None,none,100,none,0,UPLCMS,M47,0,605093.3342,0,0,0,0,675315.3528,0,0,0,6.1,100,0,0,0
yk-1536-4-make-product,1536,80,,1536,M,48,E365_Blank45,O=CO,0.2,N4_Scaffold 6,CCNC[C@@]1(C)C2[C@](C)(CCC1)c3c(CC2)cc(C(C)C)c(c3)N,0.1,MainProduct[906],CCNC[C@@]1(C)C2[C@](C)(CCC1)c3c(CC2)cc(C(C)C)c(c3)NCCNC[C@@]1(C)C2[C@](C)(CCC1)c3c(CC2)cc(C(C)C)c(c3)N,"C1_PLATINUM-1,3-DIVINYL-1,1,3,3-TETRAMETHYLDISILOXANE COMPLEX, IN XYLENES",C=C[Si](C)(C)O[Si](C)(C)C=C.[Pt],0.15,L1_Davephos,CN(C)c1ccccc1-c1ccccc1P(C1CCCCC1)C1CCCCC1,0.005,None,None,None,None,None,None,None,None,None,O1_phenylsilane,C1=CC=C(C=C1)[Si]ÔøΩÔøΩ,0.6,None,None,None,None,None,None,none,100,none,0,UPLCMS,M48,0,0,0,0,0,0,0,0,0,0,0,0,0,0,0
yk-1536-4-make-product,1536,80,,1536,N,1,"E20_PARA-METHOXYCINNAMIC ACID, 99%, PREDOMINANTLY TRANS",COC1=CC=C(C=C1)C=CC(=O)O,0.2,N1_(+)-Dehydroabietylamine,CC(C)c1ccc2c(c1)CC[C@H]1[C@](C)(CN)CCC[C@]21C,0.1,,COc1ccc(C=CCNC[C@]2(C)CCC[C@]3(C)c4ccc(C(C)C)cc4CC[C@@H]23)cc1,"C1_PLATINUM-1,3-DIVINYL-1,1,3,3-TETRAMETHYLDISILOXANE COMPLEX, IN XYLENES",C=C[Si](C)(C)O[Si](C)(C)C=C.[Pt],0.15,L1_Davephos,CN(C)c1ccccc1-c1ccccc1P(C1CCCCC1)C1CCCCC1,0.005,None,None,None,None,None,None,None,None,None,O1_phenylsilane,C1=CC=C(C=C1)[Si]ÔøΩÔøΩ,0.6,None,None,None,None,None,None,none,100,none,0,UPLCMS,N1,2751297.949,2441401.853,,,,,38606.89706,,,15.3,24.4,61.5,68.7,1.12,0
yk-1536-4-make-product,1536,80,,1536,N,2,"E71_2-FLUORO-4-(METHYLSULFONYL)BENZOIC ACID, 97+%",CS(=O)(=O)C1=CC(=C(C=C1)C(=O)O)F,0.2,N1_(+)-Dehydroabietylamine,CC(C)c1ccc2c(c1)CC[C@H]1[C@](C)(CN)CCC[C@]21C,0.1,,CC(C)c1ccc2c(c1)CC[C@H]1[C@](C)(CNCc3ccc(S(C)(=O)=O)cc3F)CCC[C@]21C,"C1_PLATINUM-1,3-DIVINYL-1,1,3,3-TETRAMETHYLDISILOXANE COMPLEX, IN XYLENES",C=C[Si](C)(C)O[Si](C)(C)C=C.[Pt],0.15,L1_Davephos,CN(C)c1ccccc1-c1ccccc1P(C1CCCCC1)C1CCCCC1,0.005,None,None,None,None,None,None,None,None,None,O1_phenylsilane,C1=CC=C(C=C1)[Si]ÔøΩÔøΩ,0.6,None,None,None,None,None,None,none,100,none,0,UPLCMS,N2,2302622.211,3756187.399,,,,,0,,,43.3,37.6,46.4,108.6,2.34,-6.63
yk-1536-4-make-product,1536,80,,1536,N,3,"E118_4,5-DIMETHOXY-2-IODOBENZOIC ACID, 98%",COC1=C(C=C(C(=C1)C(=O)O)I)OC,0.2,N1_(+)-Dehydroabietylamine,CC(C)c1ccc2c(c1)CC[C@H]1[C@](C)(CN)CCC[C@]21C,0.1,,COc1cc(I)c(CNC[C@]2(C)CCC[C@]3(C)c4ccc(C(C)C)cc4CC[C@@H]23)cc1OC,"C1_PLATINUM-1,3-DIVINYL-1,1,3,3-TETRAMETHYLDISILOXANE COMPLEX, IN XYLENES",C=C[Si](C)(C)O[Si](C)(C)C=C.[Pt],0.15,L1_Davephos,CN(C)c1ccccc1-c1ccccc1P(C1CCCCC1)C1CCCCC1,0.005,None,None,None,None,None,None,None,None,None,O1_phenylsilane,C1=CC=C(C=C1)[Si]ÔøΩÔøΩ,0.6,None,None,None,None,None,None,none,100,none,0,UPLCMS,N3,3939761.333,4039803.981,,,,,0,,,33.9,40.4,54.4,89.4,1.64,-1.03
yk-1536-4-make-product,1536,80,,1536,N,4,"E157_2,2-diphenylacetic acid",C1=CC=C(C=C1)C(C2=CC=CC=C2)C(=O)O,0.2,N1_(+)-Dehydroabietylamine,CC(C)c1ccc2c(c1)CC[C@H]1[C@](C)(CN)CCC[C@]21C,0.1,,CC(C)c1ccc2c(c1)CC[C@H]1[C@](C)(CNCC(c3ccccc3)c3ccccc3)CCC[C@]21C,"C1_PLATINUM-1,3-DIVINYL-1,1,3,3-TETRAMETHYLDISILOXANE COMPLEX, IN XYLENES",C=C[Si](C)(C)O[Si](C)(C)C=C.[Pt],0.15,L1_Davephos,CN(C)c1ccccc1-c1ccccc1P(C1CCCCC1)C1CCCCC1,0.005,None,None,None,None,None,None,None,None,None,O1_phenylsilane,C1=CC=C(C=C1)[Si]ÔøΩÔøΩ,0.6,None,None,None,None,None,None,none,100,none,0,UPLCMS,N4,1105849.489,1386358.767,,,,,0,,,10.3,13.9,57.5,23.5,0.41,0
yk-1536-4-make-product,1536,80,,1536,N,5,E198_1H-indole-2-carboxylic acid,C1=CC=C2C(=C1)C=C(N2)C(=O)O,0.2,N1_(+)-Dehydroabietylamine,CC(C)c1ccc2c(c1)CC[C@H]1[C@](C)(CN)CCC[C@]21C,0.1,,CC(C)c1ccc2c(c1)CC[C@H]1[C@](C)(CNCc3cc4ccccc4[nH]3)CCC[C@]21C,"C1_PLATINUM-1,3-DIVINYL-1,1,3,3-TETRAMETHYLDISILOXANE COMPLEX, IN XYLENES",C=C[Si](C)(C)O[Si](C)(C)C=C.[Pt],0.15,L1_Davephos,CN(C)c1ccccc1-c1ccccc1P(C1CCCCC1)C1CCCCC1,0.005,None,None,None,None,None,None,None,None,None,O1_phenylsilane,C1=CC=C(C=C1)[Si]ÔøΩÔøΩ,0.6,None,None,None,None,None,None,none,100,none,0,UPLCMS,N5,1879539.29,3000412.742,,,,,643535.0352,,,22.1,30,57.5,101.1,1.76,-1.56
yk-1536-4-make-product,1536,80,,1536,N,6,E242_(Z)-octadec-9-enoic acid,CCCCCCCCC=CCCCCCCCC(=O)O,0.2,N1_(+)-Dehydroabietylamine,CC(C)c1ccc2c(c1)CC[C@H]1[C@](C)(CN)CCC[C@]21C,0.1,,CCCCCCCCC=CCCCCCCCCNC[C@]1(C)CCC[C@]2(C)c3ccc(C(C)C)cc3CC[C@@H]12,"C1_PLATINUM-1,3-DIVINYL-1,1,3,3-TETRAMETHYLDISILOXANE COMPLEX, IN XYLENES",C=C[Si](C)(C)O[Si](C)(C)C=C.[Pt],0.15,L1_Davephos,CN(C)c1ccccc1-c1ccccc1P(C1CCCCC1)C1CCCCC1,0.005,None,None,None,None,None,None,None,None,None,O1_phenylsilane,C1=CC=C(C=C1)[Si]ÔøΩÔøΩ,0.6,None,None,None,None,None,None,none,100,none,0,UPLCMS,N6,0,0,,,,,0,,,17,0,0,25,0,0
yk-1536-4-make-product,1536,80,,1536,N,7,E298_Methoxy-1-methyl-1H-pyrazole-5-carboxylic acid,CN1C(=CC(=N1)OC)C(=O)O,0.2,N1_(+)-Dehydroabietylamine,CC(C)c1ccc2c(c1)CC[C@H]1[C@](C)(CN)CCC[C@]21C,0.1,,COc1cc(CNC[C@]2(C)CCC[C@]3(C)c4ccc(C(C)C)cc4CC[C@@H]23)n(C)n1,"C1_PLATINUM-1,3-DIVINYL-1,1,3,3-TETRAMETHYLDISILOXANE COMPLEX, IN XYLENES",C=C[Si](C)(C)O[Si](C)(C)C=C.[Pt],0.15,L1_Davephos,CN(C)c1ccccc1-c1ccccc1P(C1CCCCC1)C1CCCCC1,0.005,None,None,None,None,None,None,None,None,None,O1_phenylsilane,C1=CC=C(C=C1)[Si]ÔøΩÔøΩ,0.6,None,None,None,None,None,None,none,100,none,0,UPLCMS,N7,818808.4358,2436407.393,,,,,0,,,37.2,24.4,39.6,79,1.99,-1.56
yk-1536-4-make-product,1536,80,,1536,N,8,E36_MERCAPTOACETIC ACID 98%,C(C(=O)O)S,0.2,N1_(+)-Dehydroabietylamine,CC(C)c1ccc2c(c1)CC[C@H]1[C@](C)(CN)CCC[C@]21C,0.1,,CC(C)c1ccc2c(c1)CC[C@H]1[C@](C)(CNCCS)CCC[C@]21C,"C1_PLATINUM-1,3-DIVINYL-1,1,3,3-TETRAMETHYLDISILOXANE COMPLEX, IN XYLENES",C=C[Si](C)(C)O[Si](C)(C)C=C.[Pt],0.15,L1_Davephos,CN(C)c1ccccc1-c1ccccc1P(C1CCCCC1)C1CCCCC1,0.005,None,None,None,None,None,None,None,None,None,O1_phenylsilane,C1=CC=C(C=C1)[Si]ÔøΩÔøΩ,0.6,None,None,None,None,None,None,none,100,none,0,UPLCMS,N8,7446.09622,0,,,,,0,,,24.8,0,0,14.3,0,0
yk-1536-4-make-product,1536,80,,1536,N,9,E143_3-cyclohexylpropanoic acid,C1CCC(CC1)CCC(=O)O,0.2,N1_(+)-Dehydroabietylamine,CC(C)c1ccc2c(c1)CC[C@H]1[C@](C)(CN)CCC[C@]21C,0.1,,CC(C)c1ccc2c(c1)CC[C@H]1[C@](C)(CNCCCC3CCCCC3)CCC[C@]21C,"C1_PLATINUM-1,3-DIVINYL-1,1,3,3-TETRAMETHYLDISILOXANE COMPLEX, IN XYLENES",C=C[Si](C)(C)O[Si](C)(C)C=C.[Pt],0.15,L1_Davephos,CN(C)c1ccccc1-c1ccccc1P(C1CCCCC1)C1CCCCC1,0.005,None,None,None,None,None,None,None,None,None,O1_phenylsilane,C1=CC=C(C=C1)[Si]ÔøΩÔøΩ,0.6,None,None,None,None,None,None,none,100,none,0,UPLCMS,N9,1456240.417,1344069.237,,,,,0,,,5.8,13.4,69.9,16.9,0.24,0
yk-1536-4-make-product,1536,80,,1536,N,10,E257_Phenylacetic acid,C1=CC=C(C=C1)CC(=O)O,0.2,N1_(+)-Dehydroabietylamine,CC(C)c1ccc2c(c1)CC[C@H]1[C@](C)(CN)CCC[C@]21C,0.1,,CC(C)c1ccc2c(c1)CC[C@H]1[C@](C)(CNCCc3ccccc3)CCC[C@]21C,"C1_PLATINUM-1,3-DIVINYL-1,1,3,3-TETRAMETHYLDISILOXANE COMPLEX, IN XYLENES",C=C[Si](C)(C)O[Si](C)(C)C=C.[Pt],0.15,L1_Davephos,CN(C)c1ccccc1-c1ccccc1P(C1CCCCC1)C1CCCCC1,0.005,None,None,None,None,None,None,None,None,None,O1_phenylsilane,C1=CC=C(C=C1)[Si]ÔøΩÔøΩ,0.6,None,None,None,None,None,None,none,100,none,0,UPLCMS,N10,1745922.044,1715031.103,,,,,13484.63053,,,2,17.2,89.5,-3.1,-0.03,0
yk-1536-4-make-product,1536,80,,1536,N,11,E334_Blank14,O=CO,0.2,N1_(+)-Dehydroabietylamine,CC(C)c1ccc2c(c1)CC[C@H]1[C@](C)(CN)CCC[C@]21C,0.1,MainProduct[914],CC(C)c1ccc2c(c1)CC[C@H]1[C@](C)(CN)CCC[C@]21C,"C1_PLATINUM-1,3-DIVINYL-1,1,3,3-TETRAMETHYLDISILOXANE COMPLEX, IN XYLENES",C=C[Si](C)(C)O[Si](C)(C)C=C.[Pt],0.15,L1_Davephos,CN(C)c1ccccc1-c1ccccc1P(C1CCCCC1)C1CCCCC1,0.005,None,None,None,None,None,None,None,None,None,O1_phenylsilane,C1=CC=C(C=C1)[Si]ÔøΩÔøΩ,0.6,None,None,None,None,None,None,none,100,none,0,UPLCMS,N11,0,2234567.605,,,,,2446001.966,,,0,22.3,100,0,0,0
yk-1536-4-make-product,1536,80,,1536,N,12,E366_Blank46,O=CO,0.2,N1_(+)-Dehydroabietylamine,CC(C)c1ccc2c(c1)CC[C@H]1[C@](C)(CN)CCC[C@]21C,0.1,MainProduct[915],CC(C)c1ccc2c(c1)CC[C@H]1[C@](C)(CN)CCC[C@]21C,"C1_PLATINUM-1,3-DIVINYL-1,1,3,3-TETRAMETHYLDISILOXANE COMPLEX, IN XYLENES",C=C[Si](C)(C)O[Si](C)(C)C=C.[Pt],0.15,L1_Davephos,CN(C)c1ccccc1-c1ccccc1P(C1CCCCC1)C1CCCCC1,0.005,None,None,None,None,None,None,None,None,None,O1_phenylsilane,C1=CC=C(C=C1)[Si]ÔøΩÔøΩ,0.6,None,None,None,None,None,None,none,100,none,0,UPLCMS,N12,0,0,,,,,0,,,0,0,0,0,0,0
yk-1536-4-make-product,1536,80,,1536,N,13,"E20_PARA-METHOXYCINNAMIC ACID, 99%, PREDOMINANTLY TRANS",COC1=CC=C(C=C1)C=CC(=O)O,0.2,N2_hydroxydehydroabietylamine,CC(C)C(C(O)=C1)=CC2=C1[C@]3(C)C(CC2)[C@](C)(CN)CCC3,0.1,,COc1ccc(C=CCNC[C@]2(C)CCC[C@]3(C)c4cc(O)c(C(C)C)cc4CCC23)cc1,"C1_PLATINUM-1,3-DIVINYL-1,1,3,3-TETRAMETHYLDISILOXANE COMPLEX, IN XYLENES",C=C[Si](C)(C)O[Si](C)(C)C=C.[Pt],0.15,L1_Davephos,CN(C)c1ccccc1-c1ccccc1P(C1CCCCC1)C1CCCCC1,0.005,None,None,None,None,None,None,None,None,None,O1_phenylsilane,C1=CC=C(C=C1)[Si]ÔøΩÔøΩ,0.6,None,None,None,None,None,None,none,100,none,0,UPLCMS,N13,820197.3847,1197836.564,,,,,0,,,1.8,12,86.8,-0.1,0,0
yk-1536-4-make-product,1536,80,,1536,N,14,"E71_2-FLUORO-4-(METHYLSULFONYL)BENZOIC ACID, 97+%",CS(=O)(=O)C1=CC(=C(C=C1)C(=O)O)F,0.2,N2_hydroxydehydroabietylamine,CC(C)C(C(O)=C1)=CC2=C1[C@]3(C)C(CC2)[C@](C)(CN)CCC3,0.1,,CC(C)c1cc2c(cc1O)[C@@]1(C)CCC[C@@](C)(CNCc3ccc(S(C)(=O)=O)cc3F)C1CC2,"C1_PLATINUM-1,3-DIVINYL-1,1,3,3-TETRAMETHYLDISILOXANE COMPLEX, IN XYLENES",C=C[Si](C)(C)O[Si](C)(C)C=C.[Pt],0.15,L1_Davephos,CN(C)c1ccccc1-c1ccccc1P(C1CCCCC1)C1CCCCC1,0.005,None,None,None,None,None,None,None,None,None,O1_phenylsilane,C1=CC=C(C=C1)[Si]ÔøΩÔøΩ,0.6,None,None,None,None,None,None,none,100,none,0,UPLCMS,N14,539838.2292,1266787.287,,,,,0,,,1.1,12.7,92.2,-0.7,-0.01,0
yk-1536-4-make-product,1536,80,,1536,N,15,"E118_4,5-DIMETHOXY-2-IODOBENZOIC ACID, 98%",COC1=C(C=C(C(=C1)C(=O)O)I)OC,0.2,N2_hydroxydehydroabietylamine,CC(C)C(C(O)=C1)=CC2=C1[C@]3(C)C(CC2)[C@](C)(CN)CCC3,0.1,,COc1cc(I)c(CNC[C@]2(C)CCC[C@]3(C)c4cc(O)c(C(C)C)cc4CCC23)cc1OC,"C1_PLATINUM-1,3-DIVINYL-1,1,3,3-TETRAMETHYLDISILOXANE COMPLEX, IN XYLENES",C=C[Si](C)(C)O[Si](C)(C)C=C.[Pt],0.15,L1_Davephos,CN(C)c1ccccc1-c1ccccc1P(C1CCCCC1)C1CCCCC1,0.005,None,None,None,None,None,None,None,None,None,O1_phenylsilane,C1=CC=C(C=C1)[Si]ÔøΩÔøΩ,0.6,None,None,None,None,None,None,none,100,none,0,UPLCMS,N15,1148900.184,1430190.289,,,,,0,,,0,14.3,100,-5.2,-0.05,0
yk-1536-4-make-product,1536,80,,1536,N,16,"E157_2,2-diphenylacetic acid",C1=CC=C(C=C1)C(C2=CC=CC=C2)C(=O)O,0.2,N2_hydroxydehydroabietylamine,CC(C)C(C(O)=C1)=CC2=C1[C@]3(C)C(CC2)[C@](C)(CN)CCC3,0.1,,CC(C)c1cc2c(cc1O)[C@@]1(C)CCC[C@@](C)(CNCC(c3ccccc3)c3ccccc3)C1CC2,"C1_PLATINUM-1,3-DIVINYL-1,1,3,3-TETRAMETHYLDISILOXANE COMPLEX, IN XYLENES",C=C[Si](C)(C)O[Si](C)(C)C=C.[Pt],0.15,L1_Davephos,CN(C)c1ccccc1-c1ccccc1P(C1CCCCC1)C1CCCCC1,0.005,None,None,None,None,None,None,None,None,None,O1_phenylsilane,C1=CC=C(C=C1)[Si]ÔøΩÔøΩ,0.6,None,None,None,None,None,None,none,100,none,0,UPLCMS,N16,422325.2759,601653.4004,,,,,0,,,0,6,100,-0.3,0,0
yk-1536-4-make-product,1536,80,,1536,N,17,E198_1H-indole-2-carboxylic acid,C1=CC=C2C(=C1)C=C(N2)C(=O)O,0.2,N2_hydroxydehydroabietylamine,CC(C)C(C(O)=C1)=CC2=C1[C@]3(C)C(CC2)[C@](C)(CN)CCC3,0.1,,CC(C)c1cc2c(cc1O)[C@@]1(C)CCC[C@@](C)(CNCc3cc4ccccc4[nH]3)C1CC2,"C1_PLATINUM-1,3-DIVINYL-1,1,3,3-TETRAMETHYLDISILOXANE COMPLEX, IN XYLENES",C=C[Si](C)(C)O[Si](C)(C)C=C.[Pt],0.15,L1_Davephos,CN(C)c1ccccc1-c1ccccc1P(C1CCCCC1)C1CCCCC1,0.005,None,None,None,None,None,None,None,None,None,O1_phenylsilane,C1=CC=C(C=C1)[Si]ÔøΩÔøΩ,0.6,None,None,None,None,None,None,none,100,none,0,UPLCMS,N17,330671.834,576567,,,,,3252.33534,,,0,5.8,100,-8.5,-0.09,0
yk-1536-4-make-product,1536,80,,1536,N,18,E242_(Z)-octadec-9-enoic acid,CCCCCCCCC=CCCCCCCCC(=O)O,0.2,N2_hydroxydehydroabietylamine,CC(C)C(C(O)=C1)=CC2=C1[C@]3(C)C(CC2)[C@](C)(CN)CCC3,0.1,,CCCCCCCCC=CCCCCCCCCNC[C@]1(C)CCC[C@]2(C)c3cc(O)c(C(C)C)cc3CCC12,"C1_PLATINUM-1,3-DIVINYL-1,1,3,3-TETRAMETHYLDISILOXANE COMPLEX, IN XYLENES",C=C[Si](C)(C)O[Si](C)(C)C=C.[Pt],0.15,L1_Davephos,CN(C)c1ccccc1-c1ccccc1P(C1CCCCC1)C1CCCCC1,0.005,None,None,None,None,None,None,None,None,None,O1_phenylsilane,C1=CC=C(C=C1)[Si]ÔøΩÔøΩ,0.6,None,None,None,None,None,None,none,100,none,0,UPLCMS,N18,43525.81197,0,,,,,0,,,0.7,0,0,3.9,0,0
yk-1536-4-make-product,1536,80,,1536,N,19,E298_Methoxy-1-methyl-1H-pyrazole-5-carboxylic acid,CN1C(=CC(=N1)OC)C(=O)O,0.2,N2_hydroxydehydroabietylamine,CC(C)C(C(O)=C1)=CC2=C1[C@]3(C)C(CC2)[C@](C)(CN)CCC3,0.1,,COc1cc(CNC[C@]2(C)CCC[C@]3(C)c4cc(O)c(C(C)C)cc4CCC23)n(C)n1,"C1_PLATINUM-1,3-DIVINYL-1,1,3,3-TETRAMETHYLDISILOXANE COMPLEX, IN XYLENES",C=C[Si](C)(C)O[Si](C)(C)C=C.[Pt],0.15,L1_Davephos,CN(C)c1ccccc1-c1ccccc1P(C1CCCCC1)C1CCCCC1,0.005,None,None,None,None,None,None,None,None,None,O1_phenylsilane,C1=CC=C(C=C1)[Si]ÔøΩÔøΩ,0.6,None,None,None,None,None,None,none,100,none,0,UPLCMS,N19,477327.4429,407739.6482,,,,,0,,,0.4,4.1,90.4,-22.4,-0.25,0
yk-1536-4-make-product,1536,80,,1536,N,20,E36_MERCAPTOACETIC ACID 98%,C(C(=O)O)S,0.2,N2_hydroxydehydroabietylamine,CC(C)C(C(O)=C1)=CC2=C1[C@]3(C)C(CC2)[C@](C)(CN)CCC3,0.1,,CC(C)c1cc2c(cc1O)[C@@]1(C)CCC[C@@](C)(CNCCS)C1CC2,"C1_PLATINUM-1,3-DIVINYL-1,1,3,3-TETRAMETHYLDISILOXANE COMPLEX, IN XYLENES",C=C[Si](C)(C)O[Si](C)(C)C=C.[Pt],0.15,L1_Davephos,CN(C)c1ccccc1-c1ccccc1P(C1CCCCC1)C1CCCCC1,0.005,None,None,None,None,None,None,None,None,None,O1_phenylsilane,C1=CC=C(C=C1)[Si]ÔøΩÔøΩ,0.6,None,None,None,None,None,None,none,100,none,0,UPLCMS,N20,0,0,,,,,0,,,0,0,0,3.2,0,0
yk-1536-4-make-product,1536,80,,1536,N,21,E143_3-cyclohexylpropanoic acid,C1CCC(CC1)CCC(=O)O,0.2,N2_hydroxydehydroabietylamine,CC(C)C(C(O)=C1)=CC2=C1[C@]3(C)C(CC2)[C@](C)(CN)CCC3,0.1,,CC(C)c1cc2c(cc1O)[C@@]1(C)CCC[C@@](C)(CNCCCC3CCCCC3)C1CC2,"C1_PLATINUM-1,3-DIVINYL-1,1,3,3-TETRAMETHYLDISILOXANE COMPLEX, IN XYLENES",C=C[Si](C)(C)O[Si](C)(C)C=C.[Pt],0.15,L1_Davephos,CN(C)c1ccccc1-c1ccccc1P(C1CCCCC1)C1CCCCC1,0.005,None,None,None,None,None,None,None,None,None,O1_phenylsilane,C1=CC=C(C=C1)[Si]ÔøΩÔøΩ,0.6,None,None,None,None,None,None,none,100,none,0,UPLCMS,N21,85609.84315,138177.5243,,,,,0,,,0,1.4,100,19.8,0.2,0
yk-1536-4-make-product,1536,80,,1536,N,22,E257_Phenylacetic acid,C1=CC=C(C=C1)CC(=O)O,0.2,N2_hydroxydehydroabietylamine,CC(C)C(C(O)=C1)=CC2=C1[C@]3(C)C(CC2)[C@](C)(CN)CCC3,0.1,,CC(C)c1cc2c(cc1O)[C@@]1(C)CCC[C@@](C)(CNCCc3ccccc3)C1CC2,"C1_PLATINUM-1,3-DIVINYL-1,1,3,3-TETRAMETHYLDISILOXANE COMPLEX, IN XYLENES",C=C[Si](C)(C)O[Si](C)(C)C=C.[Pt],0.15,L1_Davephos,CN(C)c1ccccc1-c1ccccc1P(C1CCCCC1)C1CCCCC1,0.005,None,None,None,None,None,None,None,None,None,O1_phenylsilane,C1=CC=C(C=C1)[Si]ÔøΩÔøΩ,0.6,None,None,None,None,None,None,none,100,none,0,UPLCMS,N22,235281.3754,235643.8837,,,,,0,,,0,2.4,100,17.2,0.17,0
yk-1536-4-make-product,1536,80,,1536,N,23,E334_Blank14,O=CO,0.2,N2_hydroxydehydroabietylamine,CC(C)C(C(O)=C1)=CC2=C1[C@]3(C)C(CC2)[C@](C)(CN)CCC3,0.1,MainProduct[927],CC(C)C(C(O)=C1)=CC2=C1[C@]3(C)C(CC2)[C@](C)(CN)CCC3,"C1_PLATINUM-1,3-DIVINYL-1,1,3,3-TETRAMETHYLDISILOXANE COMPLEX, IN XYLENES",C=C[Si](C)(C)O[Si](C)(C)C=C.[Pt],0.15,L1_Davephos,CN(C)c1ccccc1-c1ccccc1P(C1CCCCC1)C1CCCCC1,0.005,None,None,None,None,None,None,None,None,None,O1_phenylsilane,C1=CC=C(C=C1)[Si]ÔøΩÔøΩ,0.6,None,None,None,None,None,None,none,100,none,0,UPLCMS,N23,0,244336.4213,,,,,252175.2782,,,0,2.4,100,0,0,0
yk-1536-4-make-product,1536,80,,1536,N,24,E366_Blank46,O=CO,0.2,N2_hydroxydehydroabietylamine,CC(C)C(C(O)=C1)=CC2=C1[C@]3(C)C(CC2)[C@](C)(CN)CCC3,0.1,MainProduct[928],CC(C)C(C(O)=C1)=CC2=C1[C@]3(C)C(CC2)[C@](C)(CN)CCC3,"C1_PLATINUM-1,3-DIVINYL-1,1,3,3-TETRAMETHYLDISILOXANE COMPLEX, IN XYLENES",C=C[Si](C)(C)O[Si](C)(C)C=C.[Pt],0.15,L1_Davephos,CN(C)c1ccccc1-c1ccccc1P(C1CCCCC1)C1CCCCC1,0.005,None,None,None,None,None,None,None,None,None,O1_phenylsilane,C1=CC=C(C=C1)[Si]ÔøΩÔøΩ,0.6,None,None,None,None,None,None,none,100,none,0,UPLCMS,N24,0,0,,,,,0,,,0,0,0,0,0,0
yk-1536-4-make-product,1536,80,,1536,N,25,"E20_PARA-METHOXYCINNAMIC ACID, 99%, PREDOMINANTLY TRANS",COC1=CC=C(C=C1)C=CC(=O)O,0.2,N3_Scaffold 7,CC(C)C1=CC2=CCC3[C@](C)(CN)CCC[C@]3(C)C2CC1,0.1,,COc1ccc(C=CCNC[C@]2(C)CCC[C@]3(C)C4CCC(C(C)C)=CC4=CCC23)cc1,"C1_PLATINUM-1,3-DIVINYL-1,1,3,3-TETRAMETHYLDISILOXANE COMPLEX, IN XYLENES",C=C[Si](C)(C)O[Si](C)(C)C=C.[Pt],0.15,L1_Davephos,CN(C)c1ccccc1-c1ccccc1P(C1CCCCC1)C1CCCCC1,0.005,None,None,None,None,None,None,None,None,None,O1_phenylsilane,C1=CC=C(C=C1)[Si]ÔøΩÔøΩ,0.6,None,None,None,None,None,None,none,100,none,0,UPLCMS,N25,2026653.695,1703541.465,228639.7988,504641.7971,0,0,0,0,0,5,17,77.3,51.4,0.66,0
yk-1536-4-make-product,1536,80,,1536,N,26,"E71_2-FLUORO-4-(METHYLSULFONYL)BENZOIC ACID, 97+%",CS(=O)(=O)C1=CC(=C(C=C1)C(=O)O)F,0.2,N3_Scaffold 7,CC(C)C1=CC2=CCC3[C@](C)(CN)CCC[C@]3(C)C2CC1,0.1,,CC(C)C1=CC2=CCC3[C@](C)(CNCc4ccc(S(C)(=O)=O)cc4F)CCC[C@]3(C)C2CC1,"C1_PLATINUM-1,3-DIVINYL-1,1,3,3-TETRAMETHYLDISILOXANE COMPLEX, IN XYLENES",C=C[Si](C)(C)O[Si](C)(C)C=C.[Pt],0.15,L1_Davephos,CN(C)c1ccccc1-c1ccccc1P(C1CCCCC1)C1CCCCC1,0.005,None,None,None,None,None,None,None,None,None,O1_phenylsilane,C1=CC=C(C=C1)[Si]ÔøΩÔøΩ,0.6,None,None,None,None,None,None,none,100,none,0,UPLCMS,N26,885476.0041,4467383.172,853712.0471,1903891.864,0,0,0,27143.0619,0,19,44.7,70.2,57.4,0.82,0
yk-1536-4-make-product,1536,80,,1536,N,27,"E118_4,5-DIMETHOXY-2-IODOBENZOIC ACID, 98%",COC1=C(C=C(C(=C1)C(=O)O)I)OC,0.2,N3_Scaffold 7,CC(C)C1=CC2=CCC3[C@](C)(CN)CCC[C@]3(C)C2CC1,0.1,,COc1cc(I)c(CNC[C@]2(C)CCC[C@]3(C)C4CCC(C(C)C)=CC4=CCC23)cc1OC,"C1_PLATINUM-1,3-DIVINYL-1,1,3,3-TETRAMETHYLDISILOXANE COMPLEX, IN XYLENES",C=C[Si](C)(C)O[Si](C)(C)C=C.[Pt],0.15,L1_Davephos,CN(C)c1ccccc1-c1ccccc1P(C1CCCCC1)C1CCCCC1,0.005,None,None,None,None,None,None,None,None,None,O1_phenylsilane,C1=CC=C(C=C1)[Si]ÔøΩÔøΩ,0.6,None,None,None,None,None,None,none,100,none,0,UPLCMS,N27,4385211.396,5151838.388,266081.2056,1032002.591,0,0,0,0,0,10.3,51.5,83.3,40.8,0.49,0
yk-1536-4-make-product,1536,80,,1536,N,28,"E157_2,2-diphenylacetic acid",C1=CC=C(C=C1)C(C2=CC=CC=C2)C(=O)O,0.2,N3_Scaffold 7,CC(C)C1=CC2=CCC3[C@](C)(CN)CCC[C@]3(C)C2CC1,0.1,,CC(C)C1=CC2=CCC3[C@](C)(CNCC(c4ccccc4)c4ccccc4)CCC[C@]3(C)C2CC1,"C1_PLATINUM-1,3-DIVINYL-1,1,3,3-TETRAMETHYLDISILOXANE COMPLEX, IN XYLENES",C=C[Si](C)(C)O[Si](C)(C)C=C.[Pt],0.15,L1_Davephos,CN(C)c1ccccc1-c1ccccc1P(C1CCCCC1)C1CCCCC1,0.005,None,None,None,None,None,None,None,None,None,O1_phenylsilane,C1=CC=C(C=C1)[Si]ÔøΩÔøΩ,0.6,None,None,None,None,None,None,none,100,none,0,UPLCMS,N28,839952.8882,878449.1385,1153914.123,1666939.073,0,0,0,0,0,16.7,8.8,34.5,16.8,0.49,0
yk-1536-4-make-product,1536,80,,1536,N,29,E198_1H-indole-2-carboxylic acid,C1=CC=C2C(=C1)C=C(N2)C(=O)O,0.2,N3_Scaffold 7,CC(C)C1=CC2=CCC3[C@](C)(CN)CCC[C@]3(C)C2CC1,0.1,,CC(C)C1=CC2=CCC3[C@](C)(CNCc4cc5ccccc5[nH]4)CCC[C@]3(C)C2CC1,"C1_PLATINUM-1,3-DIVINYL-1,1,3,3-TETRAMETHYLDISILOXANE COMPLEX, IN XYLENES",C=C[Si](C)(C)O[Si](C)(C)C=C.[Pt],0.15,L1_Davephos,CN(C)c1ccccc1-c1ccccc1P(C1CCCCC1)C1CCCCC1,0.005,None,None,None,None,None,None,None,None,None,O1_phenylsilane,C1=CC=C(C=C1)[Si]ÔøΩÔøΩ,0.6,None,None,None,None,None,None,none,100,none,0,UPLCMS,N29,2418618.96,2431863.843,128086.4307,683938.0566,0,0,0,0,0,6.8,24.3,78.1,64.6,0.83,0
yk-1536-4-make-product,1536,80,,1536,N,30,E242_(Z)-octadec-9-enoic acid,CCCCCCCCC=CCCCCCCCC(=O)O,0.2,N3_Scaffold 7,CC(C)C1=CC2=CCC3[C@](C)(CN)CCC[C@]3(C)C2CC1,0.1,,CCCCCCCCC=CCCCCCCCCNC[C@]1(C)CCC[C@]2(C)C3CCC(C(C)C)=CC3=CCC12,"C1_PLATINUM-1,3-DIVINYL-1,1,3,3-TETRAMETHYLDISILOXANE COMPLEX, IN XYLENES",C=C[Si](C)(C)O[Si](C)(C)C=C.[Pt],0.15,L1_Davephos,CN(C)c1ccccc1-c1ccccc1P(C1CCCCC1)C1CCCCC1,0.005,None,None,None,None,None,None,None,None,None,O1_phenylsilane,C1=CC=C(C=C1)[Si]ÔøΩÔøΩ,0.6,None,None,None,None,None,None,none,100,none,0,UPLCMS,N30,0,0,802662.7575,892996.8936,0,0,0,0,0,8.9,0,0,17.3,0,0
yk-1536-4-make-product,1536,80,,1536,N,31,E298_Methoxy-1-methyl-1H-pyrazole-5-carboxylic acid,CN1C(=CC(=N1)OC)C(=O)O,0.2,N3_Scaffold 7,CC(C)C1=CC2=CCC3[C@](C)(CN)CCC[C@]3(C)C2CC1,0.1,,COc1cc(CNC[C@]2(C)CCC[C@]3(C)C4CCC(C(C)C)=CC4=CCC23)n(C)n1,"C1_PLATINUM-1,3-DIVINYL-1,1,3,3-TETRAMETHYLDISILOXANE COMPLEX, IN XYLENES",C=C[Si](C)(C)O[Si](C)(C)C=C.[Pt],0.15,L1_Davephos,CN(C)c1ccccc1-c1ccccc1P(C1CCCCC1)C1CCCCC1,0.005,None,None,None,None,None,None,None,None,None,O1_phenylsilane,C1=CC=C(C=C1)[Si]ÔøΩÔøΩ,0.6,None,None,None,None,None,None,none,100,none,0,UPLCMS,N31,718267.1436,4191217.591,1595771.756,2203621.755,0,0,170295.7428,4944.08699,0,22,41.9,65.6,24.8,0.38,0
yk-1536-4-make-product,1536,80,,1536,N,32,E36_MERCAPTOACETIC ACID 98%,C(C(=O)O)S,0.2,N3_Scaffold 7,CC(C)C1=CC2=CCC3[C@](C)(CN)CCC[C@]3(C)C2CC1,0.1,,CC(C)C1=CC2=CCC3[C@](C)(CNCCS)CCC[C@]3(C)C2CC1,"C1_PLATINUM-1,3-DIVINYL-1,1,3,3-TETRAMETHYLDISILOXANE COMPLEX, IN XYLENES",C=C[Si](C)(C)O[Si](C)(C)C=C.[Pt],0.15,L1_Davephos,CN(C)c1ccccc1-c1ccccc1P(C1CCCCC1)C1CCCCC1,0.005,None,None,None,None,None,None,None,None,None,O1_phenylsilane,C1=CC=C(C=C1)[Si]ÔøΩÔøΩ,0.6,None,None,None,None,None,None,none,100,none,0,UPLCMS,N32,27602.98765,0,49181.57284,580860.8422,0,0,0,0,0,5.8,0,0,-1.6,0,0
yk-1536-4-make-product,1536,80,,1536,N,33,E143_3-cyclohexylpropanoic acid,C1CCC(CC1)CCC(=O)O,0.2,N3_Scaffold 7,CC(C)C1=CC2=CCC3[C@](C)(CN)CCC[C@]3(C)C2CC1,0.1,,CC(C)C1=CC2=CCC3[C@](C)(CNCCCC4CCCCC4)CCC[C@]3(C)C2CC1,"C1_PLATINUM-1,3-DIVINYL-1,1,3,3-TETRAMETHYLDISILOXANE COMPLEX, IN XYLENES",C=C[Si](C)(C)O[Si](C)(C)C=C.[Pt],0.15,L1_Davephos,CN(C)c1ccccc1-c1ccccc1P(C1CCCCC1)C1CCCCC1,0.005,None,None,None,None,None,None,None,None,None,O1_phenylsilane,C1=CC=C(C=C1)[Si]ÔøΩÔøΩ,0.6,None,None,None,None,None,None,none,100,none,0,UPLCMS,N33,230189.8376,349951.6732,36219.68047,684031.5333,0,0,0,0,0,6.8,3.5,34,12.7,0.37,0
yk-1536-4-make-product,1536,80,,1536,N,34,E257_Phenylacetic acid,C1=CC=C(C=C1)CC(=O)O,0.2,N3_Scaffold 7,CC(C)C1=CC2=CCC3[C@](C)(CN)CCC[C@]3(C)C2CC1,0.1,,CC(C)C1=CC2=CCC3[C@](C)(CNCCc4ccccc4)CCC[C@]3(C)C2CC1,"C1_PLATINUM-1,3-DIVINYL-1,1,3,3-TETRAMETHYLDISILOXANE COMPLEX, IN XYLENES",C=C[Si](C)(C)O[Si](C)(C)C=C.[Pt],0.15,L1_Davephos,CN(C)c1ccccc1-c1ccccc1P(C1CCCCC1)C1CCCCC1,0.005,None,None,None,None,None,None,None,None,None,O1_phenylsilane,C1=CC=C(C=C1)[Si]ÔøΩÔøΩ,0.6,None,None,None,None,None,None,none,100,none,0,UPLCMS,N34,1515461.79,1742778.793,56587.77525,303310.8269,0,0,0,0,0,3,17.4,85.3,4.3,0.05,0
yk-1536-4-make-product,1536,80,,1536,N,35,E334_Blank14,O=CO,0.2,N3_Scaffold 7,CC(C)C1=CC2=CCC3[C@](C)(CN)CCC[C@]3(C)C2CC1,0.1,MainProduct[940],CC(C)C1=CC2=CCC3[C@](C)(CN)CCC[C@]3(C)C2CC1,"C1_PLATINUM-1,3-DIVINYL-1,1,3,3-TETRAMETHYLDISILOXANE COMPLEX, IN XYLENES",C=C[Si](C)(C)O[Si](C)(C)C=C.[Pt],0.15,L1_Davephos,CN(C)c1ccccc1-c1ccccc1P(C1CCCCC1)C1CCCCC1,0.005,None,None,None,None,None,None,None,None,None,O1_phenylsilane,C1=CC=C(C=C1)[Si]ÔøΩÔøΩ,0.6,None,None,None,None,None,None,none,100,none,0,UPLCMS,N35,0,1209455.021,0,0,0,0,1161922.412,0,0,0,12.1,100,0,0,0
yk-1536-4-make-product,1536,80,,1536,N,36,E366_Blank46,O=CO,0.2,N3_Scaffold 7,CC(C)C1=CC2=CCC3[C@](C)(CN)CCC[C@]3(C)C2CC1,0.1,MainProduct[941],CC(C)C1=CC2=CCC3[C@](C)(CN)CCC[C@]3(C)C2CC1,"C1_PLATINUM-1,3-DIVINYL-1,1,3,3-TETRAMETHYLDISILOXANE COMPLEX, IN XYLENES",C=C[Si](C)(C)O[Si](C)(C)C=C.[Pt],0.15,L1_Davephos,CN(C)c1ccccc1-c1ccccc1P(C1CCCCC1)C1CCCCC1,0.005,None,None,None,None,None,None,None,None,None,O1_phenylsilane,C1=CC=C(C=C1)[Si]ÔøΩÔøΩ,0.6,None,None,None,None,None,None,none,100,none,0,UPLCMS,N36,0,0,0,0,0,0,0,0,0,0,0,0,0,0,0
yk-1536-4-make-product,1536,80,,1536,N,37,"E20_PARA-METHOXYCINNAMIC ACID, 99%, PREDOMINANTLY TRANS",COC1=CC=C(C=C1)C=CC(=O)O,0.2,N4_Scaffold 6,CCNC[C@@]1(C)C2[C@](C)(CCC1)c3c(CC2)cc(C(C)C)c(c3)N,0.1,,CCNC[C@]1(C)CCC[C@]2(C)c3cc(NCC=Cc4ccc(OC)cc4)c(C(C)C)cc3CCC12,"C1_PLATINUM-1,3-DIVINYL-1,1,3,3-TETRAMETHYLDISILOXANE COMPLEX, IN XYLENES",C=C[Si](C)(C)O[Si](C)(C)C=C.[Pt],0.15,L1_Davephos,CN(C)c1ccccc1-c1ccccc1P(C1CCCCC1)C1CCCCC1,0.005,None,None,None,None,None,None,None,None,None,O1_phenylsilane,C1=CC=C(C=C1)[Si]ÔøΩÔøΩ,0.6,None,None,None,None,None,None,none,100,none,0,UPLCMS,N37,525713.0658,1342205.832,0,0,1080766.265,932898.4613,262030.3294,0,0,9.3,13.4,59.1,-5.6,-0.09,0
yk-1536-4-make-product,1536,80,,1536,N,38,"E71_2-FLUORO-4-(METHYLSULFONYL)BENZOIC ACID, 97+%",CS(=O)(=O)C1=CC(=C(C=C1)C(=O)O)F,0.2,N4_Scaffold 6,CCNC[C@@]1(C)C2[C@](C)(CCC1)c3c(CC2)cc(C(C)C)c(c3)N,0.1,,CCNC[C@]1(C)CCC[C@]2(C)c3cc(NCc4ccc(S(C)(=O)=O)cc4F)c(C(C)C)cc3CCC12,"C1_PLATINUM-1,3-DIVINYL-1,1,3,3-TETRAMETHYLDISILOXANE COMPLEX, IN XYLENES",C=C[Si](C)(C)O[Si](C)(C)C=C.[Pt],0.15,L1_Davephos,CN(C)c1ccccc1-c1ccccc1P(C1CCCCC1)C1CCCCC1,0.005,None,None,None,None,None,None,None,None,None,O1_phenylsilane,C1=CC=C(C=C1)[Si]ÔøΩÔøΩ,0.6,None,None,None,None,None,None,none,100,none,0,UPLCMS,N38,252741.7466,485488.5766,0,0,1747835.788,1556852.739,0,0,0,15.6,4.9,23.7,-3.5,-0.15,0
yk-1536-4-make-product,1536,80,,1536,N,39,"E118_4,5-DIMETHOXY-2-IODOBENZOIC ACID, 98%",COC1=C(C=C(C(=C1)C(=O)O)I)OC,0.2,N4_Scaffold 6,CCNC[C@@]1(C)C2[C@](C)(CCC1)c3c(CC2)cc(C(C)C)c(c3)N,0.1,,CCNC[C@]1(C)CCC[C@]2(C)c3cc(NCc4cc(OC)c(OC)cc4I)c(C(C)C)cc3CCC12,"C1_PLATINUM-1,3-DIVINYL-1,1,3,3-TETRAMETHYLDISILOXANE COMPLEX, IN XYLENES",C=C[Si](C)(C)O[Si](C)(C)C=C.[Pt],0.15,L1_Davephos,CN(C)c1ccccc1-c1ccccc1P(C1CCCCC1)C1CCCCC1,0.005,None,None,None,None,None,None,None,None,None,O1_phenylsilane,C1=CC=C(C=C1)[Si]ÔøΩÔøΩ,0.6,None,None,None,None,None,None,none,100,none,0,UPLCMS,N39,174227.0144,896152.5012,0,0,2330143.785,2119486.708,306687.9449,0,0,21.2,9,29.7,32,1.08,0
yk-1536-4-make-product,1536,80,,1536,N,40,"E157_2,2-diphenylacetic acid",C1=CC=C(C=C1)C(C2=CC=CC=C2)C(=O)O,0.2,N4_Scaffold 6,CCNC[C@@]1(C)C2[C@](C)(CCC1)c3c(CC2)cc(C(C)C)c(c3)N,0.1,,CCNC[C@]1(C)CCC[C@]2(C)c3cc(NCC(c4ccccc4)c4ccccc4)c(C(C)C)cc3CCC12,"C1_PLATINUM-1,3-DIVINYL-1,1,3,3-TETRAMETHYLDISILOXANE COMPLEX, IN XYLENES",C=C[Si](C)(C)O[Si](C)(C)C=C.[Pt],0.15,L1_Davephos,CN(C)c1ccccc1-c1ccccc1P(C1CCCCC1)C1CCCCC1,0.005,None,None,None,None,None,None,None,None,None,O1_phenylsilane,C1=CC=C(C=C1)[Si]ÔøΩÔøΩ,0.6,None,None,None,None,None,None,none,100,none,0,UPLCMS,N40,66630.62366,1936651.894,0,0,1211497.382,1110582.326,0,0,0,11.1,19.4,63.6,-1.1,-0.02,0
yk-1536-4-make-product,1536,80,,1536,N,41,E198_1H-indole-2-carboxylic acid,C1=CC=C2C(=C1)C=C(N2)C(=O)O,0.2,N4_Scaffold 6,CCNC[C@@]1(C)C2[C@](C)(CCC1)c3c(CC2)cc(C(C)C)c(c3)N,0.1,,CCNC[C@]1(C)CCC[C@]2(C)c3cc(NCc4cc5ccccc5[nH]4)c(C(C)C)cc3CCC12,"C1_PLATINUM-1,3-DIVINYL-1,1,3,3-TETRAMETHYLDISILOXANE COMPLEX, IN XYLENES",C=C[Si](C)(C)O[Si](C)(C)C=C.[Pt],0.15,L1_Davephos,CN(C)c1ccccc1-c1ccccc1P(C1CCCCC1)C1CCCCC1,0.005,None,None,None,None,None,None,None,None,None,O1_phenylsilane,C1=CC=C(C=C1)[Si]ÔøΩÔøΩ,0.6,None,None,None,None,None,None,none,100,none,0,UPLCMS,N41,380117.5951,1587689.037,0,0,1882129.079,1631643.358,754844.5638,0,0,16.3,15.9,49.3,10.1,0.2,0
yk-1536-4-make-product,1536,80,,1536,N,42,E242_(Z)-octadec-9-enoic acid,CCCCCCCCC=CCCCCCCCC(=O)O,0.2,N4_Scaffold 6,CCNC[C@@]1(C)C2[C@](C)(CCC1)c3c(CC2)cc(C(C)C)c(c3)N,0.1,,CCCCCCCCC=CCCCCCCCCNc1cc2c(cc1C(C)C)CCC1[C@](C)(CNCC)CCC[C@]21C,"C1_PLATINUM-1,3-DIVINYL-1,1,3,3-TETRAMETHYLDISILOXANE COMPLEX, IN XYLENES",C=C[Si](C)(C)O[Si](C)(C)C=C.[Pt],0.15,L1_Davephos,CN(C)c1ccccc1-c1ccccc1P(C1CCCCC1)C1CCCCC1,0.005,None,None,None,None,None,None,None,None,None,O1_phenylsilane,C1=CC=C(C=C1)[Si]ÔøΩÔøΩ,0.6,None,None,None,None,None,None,none,100,none,0,UPLCMS,N42,8746.57413,24257.95311,0,0,817290.1332,809758.7066,0,0,0,8.1,0.2,2.9,4.5,1.56,0
yk-1536-4-make-product,1536,80,,1536,N,43,E298_Methoxy-1-methyl-1H-pyrazole-5-carboxylic acid,CN1C(=CC(=N1)OC)C(=O)O,0.2,N4_Scaffold 6,CCNC[C@@]1(C)C2[C@](C)(CCC1)c3c(CC2)cc(C(C)C)c(c3)N,0.1,,CCNC[C@]1(C)CCC[C@]2(C)c3cc(NCc4cc(OC)nn4C)c(C(C)C)cc3CCC12,"C1_PLATINUM-1,3-DIVINYL-1,1,3,3-TETRAMETHYLDISILOXANE COMPLEX, IN XYLENES",C=C[Si](C)(C)O[Si](C)(C)C=C.[Pt],0.15,L1_Davephos,CN(C)c1ccccc1-c1ccccc1P(C1CCCCC1)C1CCCCC1,0.005,None,None,None,None,None,None,None,None,None,O1_phenylsilane,C1=CC=C(C=C1)[Si]ÔøΩÔøΩ,0.6,None,None,None,None,None,None,none,100,none,0,UPLCMS,N43,78430.40591,0,0,0,2168229.345,2891488.176,152666.525,0,0,28.9,0,0,1.4,0,0
yk-1536-4-make-product,1536,80,,1536,N,44,E36_MERCAPTOACETIC ACID 98%,C(C(=O)O)S,0.2,N4_Scaffold 6,CCNC[C@@]1(C)C2[C@](C)(CCC1)c3c(CC2)cc(C(C)C)c(c3)N,0.1,,CCNC[C@]1(C)CCC[C@]2(C)c3cc(NCCS)c(C(C)C)cc3CCC12,"C1_PLATINUM-1,3-DIVINYL-1,1,3,3-TETRAMETHYLDISILOXANE COMPLEX, IN XYLENES",C=C[Si](C)(C)O[Si](C)(C)C=C.[Pt],0.15,L1_Davephos,CN(C)c1ccccc1-c1ccccc1P(C1CCCCC1)C1CCCCC1,0.005,None,None,None,None,None,None,None,None,None,O1_phenylsilane,C1=CC=C(C=C1)[Si]ÔøΩÔøΩ,0.6,None,None,None,None,None,None,none,100,none,0,UPLCMS,N44,12778.55622,82619.50496,0,0,97835.4637,0,99131.21296,0,0,0,0.8,100,22.5,0.23,0
yk-1536-4-make-product,1536,80,,1536,N,45,E143_3-cyclohexylpropanoic acid,C1CCC(CC1)CCC(=O)O,0.2,N4_Scaffold 6,CCNC[C@@]1(C)C2[C@](C)(CCC1)c3c(CC2)cc(C(C)C)c(c3)N,0.1,,CCNC[C@]1(C)CCC[C@]2(C)c3cc(NCCCC4CCCCC4)c(C(C)C)cc3CCC12,"C1_PLATINUM-1,3-DIVINYL-1,1,3,3-TETRAMETHYLDISILOXANE COMPLEX, IN XYLENES",C=C[Si](C)(C)O[Si](C)(C)C=C.[Pt],0.15,L1_Davephos,CN(C)c1ccccc1-c1ccccc1P(C1CCCCC1)C1CCCCC1,0.005,None,None,None,None,None,None,None,None,None,O1_phenylsilane,C1=CC=C(C=C1)[Si]ÔøΩÔøΩ,0.6,None,None,None,None,None,None,none,100,none,0,UPLCMS,N45,350471.102,978586.3777,0,0,1050496.924,1032415.406,0,0,0,10.3,9.8,48.7,2.1,0.04,0
yk-1536-4-make-product,1536,80,,1536,N,46,E257_Phenylacetic acid,C1=CC=C(C=C1)CC(=O)O,0.2,N4_Scaffold 6,CCNC[C@@]1(C)C2[C@](C)(CCC1)c3c(CC2)cc(C(C)C)c(c3)N,0.1,,CCNC[C@]1(C)CCC[C@]2(C)c3cc(NCCc4ccccc4)c(C(C)C)cc3CCC12,"C1_PLATINUM-1,3-DIVINYL-1,1,3,3-TETRAMETHYLDISILOXANE COMPLEX, IN XYLENES",C=C[Si](C)(C)O[Si](C)(C)C=C.[Pt],0.15,L1_Davephos,CN(C)c1ccccc1-c1ccccc1P(C1CCCCC1)C1CCCCC1,0.005,None,None,None,None,None,None,None,None,None,O1_phenylsilane,C1=CC=C(C=C1)[Si]ÔøΩÔøΩ,0.6,None,None,None,None,None,None,none,100,none,0,UPLCMS,N46,513825.4307,1854037.242,0,0,1905367.671,1821712.327,0,0,0,18.2,18.5,50.5,9.9,0.2,0
yk-1536-4-make-product,1536,80,,1536,N,47,E334_Blank14,O=CO,0.2,N4_Scaffold 6,CCNC[C@@]1(C)C2[C@](C)(CCC1)c3c(CC2)cc(C(C)C)c(c3)N,0.1,MainProduct[953],CCNC[C@@]1(C)C2[C@](C)(CCC1)c3c(CC2)cc(C(C)C)c(c3)N,"C1_PLATINUM-1,3-DIVINYL-1,1,3,3-TETRAMETHYLDISILOXANE COMPLEX, IN XYLENES",C=C[Si](C)(C)O[Si](C)(C)C=C.[Pt],0.15,L1_Davephos,CN(C)c1ccccc1-c1ccccc1P(C1CCCCC1)C1CCCCC1,0.005,None,None,None,None,None,None,None,None,None,O1_phenylsilane,C1=CC=C(C=C1)[Si]ÔøΩÔøΩ,0.6,None,None,None,None,None,None,none,100,none,0,UPLCMS,N47,0,900009.2811,0,0,0,0,869808.4163,0,0,0,9,100,0,0,0
yk-1536-4-make-product,1536,80,,1536,N,48,E366_Blank46,O=CO,0.2,N4_Scaffold 6,CCNC[C@@]1(C)C2[C@](C)(CCC1)c3c(CC2)cc(C(C)C)c(c3)N,0.1,MainProduct[954],CCNC[C@@]1(C)C2[C@](C)(CCC1)c3c(CC2)cc(C(C)C)c(c3)N,"C1_PLATINUM-1,3-DIVINYL-1,1,3,3-TETRAMETHYLDISILOXANE COMPLEX, IN XYLENES",C=C[Si](C)(C)O[Si](C)(C)C=C.[Pt],0.15,L1_Davephos,CN(C)c1ccccc1-c1ccccc1P(C1CCCCC1)C1CCCCC1,0.005,None,None,None,None,None,None,None,None,None,O1_phenylsilane,C1=CC=C(C=C1)[Si]ÔøΩÔøΩ,0.6,None,None,None,None,None,None,none,100,none,0,UPLCMS,N48,0,0,0,0,0,0,0,0,0,0,0,0,0,0,0
yk-1536-4-make-product,1536,80,,1536,O,1,E24_4-nitro-3-(trifluoromethyl)benzoic acid,C1=CC(=C(C=C1C(=O)O)C(F)(F)F)[N+](=O)[O-],0.2,N1_(+)-Dehydroabietylamine,CC(C)c1ccc2c(c1)CC[C@H]1[C@](C)(CN)CCC[C@]21C,0.1,,CC(C)c1ccc2c(c1)CC[C@H]1[C@](C)(CNCc3ccc([N+](=O)[O-])c(C(F)(F)F)c3)CCC[C@]21C,"C1_PLATINUM-1,3-DIVINYL-1,1,3,3-TETRAMETHYLDISILOXANE COMPLEX, IN XYLENES",C=C[Si](C)(C)O[Si](C)(C)C=C.[Pt],0.15,L1_Davephos,CN(C)c1ccccc1-c1ccccc1P(C1CCCCC1)C1CCCCC1,0.005,None,None,None,None,None,None,None,None,None,O1_phenylsilane,C1=CC=C(C=C1)[Si]ÔøΩÔøΩ,0.6,None,None,None,None,None,None,none,100,none,0,UPLCMS,O1,705040.2467,1961731.514,,,,,0,,,88.51,19.6,18.1,98.6,5.45,2.43
yk-1536-4-make-product,1536,80,,1536,O,2,"E73_4-(FMOC-AMINOMETHYL)BENZOIC ACID, 95%",C1=CC=C2C(=C1)C(C3=CC=CC=C32)COC(=O)NCC4=CC=C(C=C4)C(=O)O,0.2,N1_(+)-Dehydroabietylamine,CC(C)c1ccc2c(c1)CC[C@H]1[C@](C)(CN)CCC[C@]21C,0.1,,CC(C)c1ccc2c(c1)CC[C@H]1[C@](C)(CNCc3ccc(CNC(=O)OCC4c5ccccc5-c5ccccc54)cc3)CCC[C@]21C,"C1_PLATINUM-1,3-DIVINYL-1,1,3,3-TETRAMETHYLDISILOXANE COMPLEX, IN XYLENES",C=C[Si](C)(C)O[Si](C)(C)C=C.[Pt],0.15,L1_Davephos,CN(C)c1ccccc1-c1ccccc1P(C1CCCCC1)C1CCCCC1,0.005,None,None,None,None,None,None,None,None,None,O1_phenylsilane,C1=CC=C(C=C1)[Si]ÔøΩÔøΩ,0.6,None,None,None,None,None,None,none,100,none,0,UPLCMS,O2,1479001.839,988190.9338,,,,,0,,,39.82,9.9,19.9,99.5,5,5.79
yk-1536-4-make-product,1536,80,,1536,O,3,"E119_3,4-DIMETHOXYBENZOIC ACID, 99+%",COC1=C(C=C(C=C1)C(=O)O)OC,0.2,N1_(+)-Dehydroabietylamine,CC(C)c1ccc2c(c1)CC[C@H]1[C@](C)(CN)CCC[C@]21C,0.1,,COc1ccc(CNC[C@]2(C)CCC[C@]3(C)c4ccc(C(C)C)cc4CC[C@@H]23)cc1OC,"C1_PLATINUM-1,3-DIVINYL-1,1,3,3-TETRAMETHYLDISILOXANE COMPLEX, IN XYLENES",C=C[Si](C)(C)O[Si](C)(C)C=C.[Pt],0.15,L1_Davephos,CN(C)c1ccccc1-c1ccccc1P(C1CCCCC1)C1CCCCC1,0.005,None,None,None,None,None,None,None,None,None,O1_phenylsilane,C1=CC=C(C=C1)[Si]ÔøΩÔøΩ,0.6,None,None,None,None,None,None,none,100,none,0,UPLCMS,O3,2920279.555,2871949.773,,,,,0,,,27.12,28.7,51.4,88.6,1.72,11.8
yk-1536-4-make-product,1536,80,,1536,O,4,"E158_2,6-dimethylpyridine-3-carboxylic acid",CC1=NC(=C(C=C1)C(=O)O)C,0.2,N1_(+)-Dehydroabietylamine,CC(C)c1ccc2c(c1)CC[C@H]1[C@](C)(CN)CCC[C@]21C,0.1,,Cc1ccc(CNC[C@]2(C)CCC[C@]3(C)c4ccc(C(C)C)cc4CC[C@@H]23)c(C)n1,"C1_PLATINUM-1,3-DIVINYL-1,1,3,3-TETRAMETHYLDISILOXANE COMPLEX, IN XYLENES",C=C[Si](C)(C)O[Si](C)(C)C=C.[Pt],0.15,L1_Davephos,CN(C)c1ccccc1-c1ccccc1P(C1CCCCC1)C1CCCCC1,0.005,None,None,None,None,None,None,None,None,None,O1_phenylsilane,C1=CC=C(C=C1)[Si]ÔøΩÔøΩ,0.6,None,None,None,None,None,None,none,100,none,0,UPLCMS,O4,154943.5062,0,,,,,0,,,32.71,0,0,32,0,0
yk-1536-4-make-product,1536,80,,1536,O,5,E200_2-iodobenzoic acid,C1=CC=C(C(=C1)C(=O)O)I,0.2,N1_(+)-Dehydroabietylamine,CC(C)c1ccc2c(c1)CC[C@H]1[C@](C)(CN)CCC[C@]21C,0.1,,CC(C)c1ccc2c(c1)CC[C@H]1[C@](C)(CNCc3ccccc3I)CCC[C@]21C,"C1_PLATINUM-1,3-DIVINYL-1,1,3,3-TETRAMETHYLDISILOXANE COMPLEX, IN XYLENES",C=C[Si](C)(C)O[Si](C)(C)C=C.[Pt],0.15,L1_Davephos,CN(C)c1ccccc1-c1ccccc1P(C1CCCCC1)C1CCCCC1,0.005,None,None,None,None,None,None,None,None,None,O1_phenylsilane,C1=CC=C(C=C1)[Si]ÔøΩÔøΩ,0.6,None,None,None,None,None,None,none,100,none,0,UPLCMS,O5,4753083.289,3869399.151,,,,,0,,,12.62,38.7,75.4,21.4,0.28,0
yk-1536-4-make-product,1536,80,,1536,O,6,E245_3-(Pyridin-4-yl)propanoic acid,C1=CN=CC=C1CCC(=O)O,0.2,N1_(+)-Dehydroabietylamine,CC(C)c1ccc2c(c1)CC[C@H]1[C@](C)(CN)CCC[C@]21C,0.1,,CC(C)c1ccc2c(c1)CC[C@H]1[C@](C)(CNCCCc3ccncc3)CCC[C@]21C,"C1_PLATINUM-1,3-DIVINYL-1,1,3,3-TETRAMETHYLDISILOXANE COMPLEX, IN XYLENES",C=C[Si](C)(C)O[Si](C)(C)C=C.[Pt],0.15,L1_Davephos,CN(C)c1ccccc1-c1ccccc1P(C1CCCCC1)C1CCCCC1,0.005,None,None,None,None,None,None,None,None,None,O1_phenylsilane,C1=CC=C(C=C1)[Si]ÔøΩÔøΩ,0.6,None,None,None,None,None,None,none,100,none,0,UPLCMS,O6,442247.9245,0,,,,,0,,,23.88,0,0,39.5,0,0
yk-1536-4-make-product,1536,80,,1536,O,7,E299_Methoxyphenyl)propiolic acid,COC1=CC=C(C=C1)C#CC(=O)O,0.2,N1_(+)-Dehydroabietylamine,CC(C)c1ccc2c(c1)CC[C@H]1[C@](C)(CN)CCC[C@]21C,0.1,,COc1ccc(C#CCNC[C@]2(C)CCC[C@]3(C)c4ccc(C(C)C)cc4CC[C@@H]23)cc1,"C1_PLATINUM-1,3-DIVINYL-1,1,3,3-TETRAMETHYLDISILOXANE COMPLEX, IN XYLENES",C=C[Si](C)(C)O[Si](C)(C)C=C.[Pt],0.15,L1_Davephos,CN(C)c1ccccc1-c1ccccc1P(C1CCCCC1)C1CCCCC1,0.005,None,None,None,None,None,None,None,None,None,O1_phenylsilane,C1=CC=C(C=C1)[Si]ÔøΩÔøΩ,0.6,None,None,None,None,None,None,none,100,none,0,UPLCMS,O7,994697.1489,1200778.221,,,,,0,,,21.52,12,35.8,43.4,1.21,0
yk-1536-4-make-product,1536,80,,1536,O,8,"E39_3-(2-METHOXYPHENYL)PROPIONIC ACID, 98%",COC1=CC=CC=C1CCC(=O)O,0.2,N1_(+)-Dehydroabietylamine,CC(C)c1ccc2c(c1)CC[C@H]1[C@](C)(CN)CCC[C@]21C,0.1,,COc1ccccc1CCCNC[C@]1(C)CCC[C@]2(C)c3ccc(C(C)C)cc3CC[C@@H]12,"C1_PLATINUM-1,3-DIVINYL-1,1,3,3-TETRAMETHYLDISILOXANE COMPLEX, IN XYLENES",C=C[Si](C)(C)O[Si](C)(C)C=C.[Pt],0.15,L1_Davephos,CN(C)c1ccccc1-c1ccccc1P(C1CCCCC1)C1CCCCC1,0.005,None,None,None,None,None,None,None,None,None,O1_phenylsilane,C1=CC=C(C=C1)[Si]ÔøΩÔøΩ,0.6,None,None,None,None,None,None,none,100,none,0,UPLCMS,O8,5871071.499,3713426.169,,,,,0,,,4.7,37.1,88.8,44.2,0.5,0
yk-1536-4-make-product,1536,80,,1536,O,9,E152_3-cyclopentylpropanoic acid,C1CCC(C1)CCC(=O)O,0.2,N1_(+)-Dehydroabietylamine,CC(C)c1ccc2c(c1)CC[C@H]1[C@](C)(CN)CCC[C@]21C,0.1,,CC(C)c1ccc2c(c1)CC[C@H]1[C@](C)(CNCCCC3CCCC3)CCC[C@]21C,"C1_PLATINUM-1,3-DIVINYL-1,1,3,3-TETRAMETHYLDISILOXANE COMPLEX, IN XYLENES",C=C[Si](C)(C)O[Si](C)(C)C=C.[Pt],0.15,L1_Davephos,CN(C)c1ccccc1-c1ccccc1P(C1CCCCC1)C1CCCCC1,0.005,None,None,None,None,None,None,None,None,None,O1_phenylsilane,C1=CC=C(C=C1)[Si]ÔøΩÔøΩ,0.6,None,None,None,None,None,None,none,100,none,0,UPLCMS,O9,2845849.649,1748292.971,,,,,0,,,1.56,17.5,91.8,24.5,0.27,0
yk-1536-4-make-product,1536,80,,1536,O,10,E263_2-Thiophenecarboxylic acid,C1=CSC(=C1)C(=O)O,0.2,N1_(+)-Dehydroabietylamine,CC(C)c1ccc2c(c1)CC[C@H]1[C@](C)(CN)CCC[C@]21C,0.1,,CC(C)c1ccc2c(c1)CC[C@H]1[C@](C)(CNCc3cccs3)CCC[C@]21C,"C1_PLATINUM-1,3-DIVINYL-1,1,3,3-TETRAMETHYLDISILOXANE COMPLEX, IN XYLENES",C=C[Si](C)(C)O[Si](C)(C)C=C.[Pt],0.15,L1_Davephos,CN(C)c1ccccc1-c1ccccc1P(C1CCCCC1)C1CCCCC1,0.005,None,None,None,None,None,None,None,None,None,O1_phenylsilane,C1=CC=C(C=C1)[Si]ÔøΩÔøΩ,0.6,None,None,None,None,None,None,none,100,none,0,UPLCMS,O10,951684.0616,712014,,,,,0,,,26.08,7.1,21.4,33.2,1.55,0
yk-1536-4-make-product,1536,80,,1536,O,11,E335_Blank15,O=CO,0.2,N1_(+)-Dehydroabietylamine,CC(C)c1ccc2c(c1)CC[C@H]1[C@](C)(CN)CCC[C@]21C,0.1,MainProduct[962],CC(C)c1ccc2c(c1)CC[C@H]1[C@](C)(CN)CCC[C@]21C,"C1_PLATINUM-1,3-DIVINYL-1,1,3,3-TETRAMETHYLDISILOXANE COMPLEX, IN XYLENES",C=C[Si](C)(C)O[Si](C)(C)C=C.[Pt],0.15,L1_Davephos,CN(C)c1ccccc1-c1ccccc1P(C1CCCCC1)C1CCCCC1,0.005,None,None,None,None,None,None,None,None,None,O1_phenylsilane,C1=CC=C(C=C1)[Si]ÔøΩÔøΩ,0.6,None,None,None,None,None,None,none,100,none,0,UPLCMS,O11,0,1404767.935,,,,,1527979.837,,,0,14,100,0,0,0
yk-1536-4-make-product,1536,80,,1536,O,12,E367_Blank47,O=CO,0.2,N1_(+)-Dehydroabietylamine,CC(C)c1ccc2c(c1)CC[C@H]1[C@](C)(CN)CCC[C@]21C,0.1,MainProduct[963],CC(C)c1ccc2c(c1)CC[C@H]1[C@](C)(CN)CCC[C@]21C,"C1_PLATINUM-1,3-DIVINYL-1,1,3,3-TETRAMETHYLDISILOXANE COMPLEX, IN XYLENES",C=C[Si](C)(C)O[Si](C)(C)C=C.[Pt],0.15,L1_Davephos,CN(C)c1ccccc1-c1ccccc1P(C1CCCCC1)C1CCCCC1,0.005,None,None,None,None,None,None,None,None,None,O1_phenylsilane,C1=CC=C(C=C1)[Si]ÔøΩÔøΩ,0.6,None,None,None,None,None,None,none,100,none,0,UPLCMS,O12,0,0,,,,,0,,,0,0,0,0,0,0
yk-1536-4-make-product,1536,80,,1536,O,13,E24_4-nitro-3-(trifluoromethyl)benzoic acid,C1=CC(=C(C=C1C(=O)O)C(F)(F)F)[N+](=O)[O-],0.2,N2_hydroxydehydroabietylamine,CC(C)C(C(O)=C1)=CC2=C1[C@]3(C)C(CC2)[C@](C)(CN)CCC3,0.1,,CC(C)c1cc2c(cc1O)[C@@]1(C)CCC[C@@](C)(CNCc3ccc([N+](=O)[O-])c(C(F)(F)F)c3)C1CC2,"C1_PLATINUM-1,3-DIVINYL-1,1,3,3-TETRAMETHYLDISILOXANE COMPLEX, IN XYLENES",C=C[Si](C)(C)O[Si](C)(C)C=C.[Pt],0.15,L1_Davephos,CN(C)c1ccccc1-c1ccccc1P(C1CCCCC1)C1CCCCC1,0.005,None,None,None,None,None,None,None,None,None,O1_phenylsilane,C1=CC=C(C=C1)[Si]ÔøΩÔøΩ,0.6,None,None,None,None,None,None,none,100,none,0,UPLCMS,O13,512484.1806,963288.7759,,,,,0,,,4.54,9.6,68,21.4,0.31,0
yk-1536-4-make-product,1536,80,,1536,O,14,"E73_4-(FMOC-AMINOMETHYL)BENZOIC ACID, 95%",C1=CC=C2C(=C1)C(C3=CC=CC=C32)COC(=O)NCC4=CC=C(C=C4)C(=O)O,0.2,N2_hydroxydehydroabietylamine,CC(C)C(C(O)=C1)=CC2=C1[C@]3(C)C(CC2)[C@](C)(CN)CCC3,0.1,,CC(C)c1cc2c(cc1O)[C@@]1(C)CCC[C@@](C)(CNCc3ccc(CNC(=O)OCC4c5ccccc5-c5ccccc54)cc3)C1CC2,"C1_PLATINUM-1,3-DIVINYL-1,1,3,3-TETRAMETHYLDISILOXANE COMPLEX, IN XYLENES",C=C[Si](C)(C)O[Si](C)(C)C=C.[Pt],0.15,L1_Davephos,CN(C)c1ccccc1-c1ccccc1P(C1CCCCC1)C1CCCCC1,0.005,None,None,None,None,None,None,None,None,None,O1_phenylsilane,C1=CC=C(C=C1)[Si]ÔøΩÔøΩ,0.6,None,None,None,None,None,None,none,100,none,0,UPLCMS,O14,276577.8935,585777.1019,,,,,0,,,2.94,5.9,66.6,24.8,0.37,0
yk-1536-4-make-product,1536,80,,1536,O,15,"E119_3,4-DIMETHOXYBENZOIC ACID, 99+%",COC1=C(C=C(C=C1)C(=O)O)OC,0.2,N2_hydroxydehydroabietylamine,CC(C)C(C(O)=C1)=CC2=C1[C@]3(C)C(CC2)[C@](C)(CN)CCC3,0.1,,COc1ccc(CNC[C@]2(C)CCC[C@]3(C)c4cc(O)c(C(C)C)cc4CCC23)cc1OC,"C1_PLATINUM-1,3-DIVINYL-1,1,3,3-TETRAMETHYLDISILOXANE COMPLEX, IN XYLENES",C=C[Si](C)(C)O[Si](C)(C)C=C.[Pt],0.15,L1_Davephos,CN(C)c1ccccc1-c1ccccc1P(C1CCCCC1)C1CCCCC1,0.005,None,None,None,None,None,None,None,None,None,O1_phenylsilane,C1=CC=C(C=C1)[Si]ÔøΩÔøΩ,0.6,None,None,None,None,None,None,none,100,none,0,UPLCMS,O15,1609564.036,1494122.807,,,,,0,,,0,14.9,100,25,0.25,0
yk-1536-4-make-product,1536,80,,1536,O,16,"E158_2,6-dimethylpyridine-3-carboxylic acid",CC1=NC(=C(C=C1)C(=O)O)C,0.2,N2_hydroxydehydroabietylamine,CC(C)C(C(O)=C1)=CC2=C1[C@]3(C)C(CC2)[C@](C)(CN)CCC3,0.1,,Cc1ccc(CNC[C@]2(C)CCC[C@]3(C)c4cc(O)c(C(C)C)cc4CCC23)c(C)n1,"C1_PLATINUM-1,3-DIVINYL-1,1,3,3-TETRAMETHYLDISILOXANE COMPLEX, IN XYLENES",C=C[Si](C)(C)O[Si](C)(C)C=C.[Pt],0.15,L1_Davephos,CN(C)c1ccccc1-c1ccccc1P(C1CCCCC1)C1CCCCC1,0.005,None,None,None,None,None,None,None,None,None,O1_phenylsilane,C1=CC=C(C=C1)[Si]ÔøΩÔøΩ,0.6,None,None,None,None,None,None,none,100,none,0,UPLCMS,O16,161247.9689,0,,,,,0,,,6.95,0,0,37.6,0,0
yk-1536-4-make-product,1536,80,,1536,O,17,E200_2-iodobenzoic acid,C1=CC=C(C(=C1)C(=O)O)I,0.2,N2_hydroxydehydroabietylamine,CC(C)C(C(O)=C1)=CC2=C1[C@]3(C)C(CC2)[C@](C)(CN)CCC3,0.1,,CC(C)c1cc2c(cc1O)[C@@]1(C)CCC[C@@](C)(CNCc3ccccc3I)C1CC2,"C1_PLATINUM-1,3-DIVINYL-1,1,3,3-TETRAMETHYLDISILOXANE COMPLEX, IN XYLENES",C=C[Si](C)(C)O[Si](C)(C)C=C.[Pt],0.15,L1_Davephos,CN(C)c1ccccc1-c1ccccc1P(C1CCCCC1)C1CCCCC1,0.005,None,None,None,None,None,None,None,None,None,O1_phenylsilane,C1=CC=C(C=C1)[Si]ÔøΩÔøΩ,0.6,None,None,None,None,None,None,none,100,none,0,UPLCMS,O17,1139030.25,1070932.614,,,,,0,,,0,10.7,100,36,0.36,0
yk-1536-4-make-product,1536,80,,1536,O,18,E245_3-(Pyridin-4-yl)propanoic acid,C1=CN=CC=C1CCC(=O)O,0.2,N2_hydroxydehydroabietylamine,CC(C)C(C(O)=C1)=CC2=C1[C@]3(C)C(CC2)[C@](C)(CN)CCC3,0.1,,CC(C)c1cc2c(cc1O)[C@@]1(C)CCC[C@@](C)(CNCCCc3ccncc3)C1CC2,"C1_PLATINUM-1,3-DIVINYL-1,1,3,3-TETRAMETHYLDISILOXANE COMPLEX, IN XYLENES",C=C[Si](C)(C)O[Si](C)(C)C=C.[Pt],0.15,L1_Davephos,CN(C)c1ccccc1-c1ccccc1P(C1CCCCC1)C1CCCCC1,0.005,None,None,None,None,None,None,None,None,None,O1_phenylsilane,C1=CC=C(C=C1)[Si]ÔøΩÔøΩ,0.6,None,None,None,None,None,None,none,100,none,0,UPLCMS,O18,73118.51815,0,,,,,0,,,1.42,0,0,34.8,0,0
yk-1536-4-make-product,1536,80,,1536,O,19,E299_Methoxyphenyl)propiolic acid,COC1=CC=C(C=C1)C#CC(=O)O,0.2,N2_hydroxydehydroabietylamine,CC(C)C(C(O)=C1)=CC2=C1[C@]3(C)C(CC2)[C@](C)(CN)CCC3,0.1,,COc1ccc(C#CCNC[C@]2(C)CCC[C@]3(C)c4cc(O)c(C(C)C)cc4CCC23)cc1,"C1_PLATINUM-1,3-DIVINYL-1,1,3,3-TETRAMETHYLDISILOXANE COMPLEX, IN XYLENES",C=C[Si](C)(C)O[Si](C)(C)C=C.[Pt],0.15,L1_Davephos,CN(C)c1ccccc1-c1ccccc1P(C1CCCCC1)C1CCCCC1,0.005,None,None,None,None,None,None,None,None,None,O1_phenylsilane,C1=CC=C(C=C1)[Si]ÔøΩÔøΩ,0.6,None,None,None,None,None,None,none,100,none,0,UPLCMS,O19,0,0,,,,,0,,,0,0,0,38.3,0,0
yk-1536-4-make-product,1536,80,,1536,O,20,"E39_3-(2-METHOXYPHENYL)PROPIONIC ACID, 98%",COC1=CC=CC=C1CCC(=O)O,0.2,N2_hydroxydehydroabietylamine,CC(C)C(C(O)=C1)=CC2=C1[C@]3(C)C(CC2)[C@](C)(CN)CCC3,0.1,,COc1ccccc1CCCNC[C@]1(C)CCC[C@]2(C)c3cc(O)c(C(C)C)cc3CCC12,"C1_PLATINUM-1,3-DIVINYL-1,1,3,3-TETRAMETHYLDISILOXANE COMPLEX, IN XYLENES",C=C[Si](C)(C)O[Si](C)(C)C=C.[Pt],0.15,L1_Davephos,CN(C)c1ccccc1-c1ccccc1P(C1CCCCC1)C1CCCCC1,0.005,None,None,None,None,None,None,None,None,None,O1_phenylsilane,C1=CC=C(C=C1)[Si]ÔøΩÔøΩ,0.6,None,None,None,None,None,None,none,100,none,0,UPLCMS,O20,49227.64849,0,,,,,0,,,0,0,0,38.3,0,0
yk-1536-4-make-product,1536,80,,1536,O,21,E152_3-cyclopentylpropanoic acid,C1CCC(C1)CCC(=O)O,0.2,N2_hydroxydehydroabietylamine,CC(C)C(C(O)=C1)=CC2=C1[C@]3(C)C(CC2)[C@](C)(CN)CCC3,0.1,,CC(C)c1cc2c(cc1O)[C@@]1(C)CCC[C@@](C)(CNCCCC3CCCC3)C1CC2,"C1_PLATINUM-1,3-DIVINYL-1,1,3,3-TETRAMETHYLDISILOXANE COMPLEX, IN XYLENES",C=C[Si](C)(C)O[Si](C)(C)C=C.[Pt],0.15,L1_Davephos,CN(C)c1ccccc1-c1ccccc1P(C1CCCCC1)C1CCCCC1,0.005,None,None,None,None,None,None,None,None,None,O1_phenylsilane,C1=CC=C(C=C1)[Si]ÔøΩÔøΩ,0.6,None,None,None,None,None,None,none,100,none,0,UPLCMS,O21,86293.05227,75971.07421,,,,,0,,,0,0.8,100,33.2,0.33,0
yk-1536-4-make-product,1536,80,,1536,O,22,E263_2-Thiophenecarboxylic acid,C1=CSC(=C1)C(=O)O,0.2,N2_hydroxydehydroabietylamine,CC(C)C(C(O)=C1)=CC2=C1[C@]3(C)C(CC2)[C@](C)(CN)CCC3,0.1,,CC(C)c1cc2c(cc1O)[C@@]1(C)CCC[C@@](C)(CNCc3cccs3)C1CC2,"C1_PLATINUM-1,3-DIVINYL-1,1,3,3-TETRAMETHYLDISILOXANE COMPLEX, IN XYLENES",C=C[Si](C)(C)O[Si](C)(C)C=C.[Pt],0.15,L1_Davephos,CN(C)c1ccccc1-c1ccccc1P(C1CCCCC1)C1CCCCC1,0.005,None,None,None,None,None,None,None,None,None,O1_phenylsilane,C1=CC=C(C=C1)[Si]ÔøΩÔøΩ,0.6,None,None,None,None,None,None,none,100,none,0,UPLCMS,O22,364623.4739,627834,,,,,0,,,1.04,6.3,85.8,47.2,0.55,0
yk-1536-4-make-product,1536,80,,1536,O,23,E335_Blank15,O=CO,0.2,N2_hydroxydehydroabietylamine,CC(C)C(C(O)=C1)=CC2=C1[C@]3(C)C(CC2)[C@](C)(CN)CCC3,0.1,MainProduct[975],CC(C)C(C(O)=C1)=CC2=C1[C@]3(C)C(CC2)[C@](C)(CN)CCC3,"C1_PLATINUM-1,3-DIVINYL-1,1,3,3-TETRAMETHYLDISILOXANE COMPLEX, IN XYLENES",C=C[Si](C)(C)O[Si](C)(C)C=C.[Pt],0.15,L1_Davephos,CN(C)c1ccccc1-c1ccccc1P(C1CCCCC1)C1CCCCC1,0.005,None,None,None,None,None,None,None,None,None,O1_phenylsilane,C1=CC=C(C=C1)[Si]ÔøΩÔøΩ,0.6,None,None,None,None,None,None,none,100,none,0,UPLCMS,O23,0,390091.6685,,,,,388151.1002,,,0,3.9,100,0,0,0
yk-1536-4-make-product,1536,80,,1536,O,24,E367_Blank47,O=CO,0.2,N2_hydroxydehydroabietylamine,CC(C)C(C(O)=C1)=CC2=C1[C@]3(C)C(CC2)[C@](C)(CN)CCC3,0.1,MainProduct[976],CC(C)C(C(O)=C1)=CC2=C1[C@]3(C)C(CC2)[C@](C)(CN)CCC3,"C1_PLATINUM-1,3-DIVINYL-1,1,3,3-TETRAMETHYLDISILOXANE COMPLEX, IN XYLENES",C=C[Si](C)(C)O[Si](C)(C)C=C.[Pt],0.15,L1_Davephos,CN(C)c1ccccc1-c1ccccc1P(C1CCCCC1)C1CCCCC1,0.005,None,None,None,None,None,None,None,None,None,O1_phenylsilane,C1=CC=C(C=C1)[Si]ÔøΩÔøΩ,0.6,None,None,None,None,None,None,none,100,none,0,UPLCMS,O24,0,0,,,,,0,,,0,0,0,0,0,0
yk-1536-4-make-product,1536,80,,1536,O,25,E24_4-nitro-3-(trifluoromethyl)benzoic acid,C1=CC(=C(C=C1C(=O)O)C(F)(F)F)[N+](=O)[O-],0.2,N3_Scaffold 7,CC(C)C1=CC2=CCC3[C@](C)(CN)CCC[C@]3(C)C2CC1,0.1,,CC(C)C1=CC2=CCC3[C@](C)(CNCc4ccc([N+](=O)[O-])c(C(F)(F)F)c4)CCC[C@]3(C)C2CC1,"C1_PLATINUM-1,3-DIVINYL-1,1,3,3-TETRAMETHYLDISILOXANE COMPLEX, IN XYLENES",C=C[Si](C)(C)O[Si](C)(C)C=C.[Pt],0.15,L1_Davephos,CN(C)c1ccccc1-c1ccccc1P(C1CCCCC1)C1CCCCC1,0.005,None,None,None,None,None,None,None,None,None,O1_phenylsilane,C1=CC=C(C=C1)[Si]ÔøΩÔøΩ,0.6,None,None,None,None,None,None,none,100,none,0,UPLCMS,O25,655382.7236,1475465.158,1584014.463,2105548.215,0,0,0,0,0,21.1,14.8,41.2,26.3,0.6,0
yk-1536-4-make-product,1536,80,,1536,O,26,"E73_4-(FMOC-AMINOMETHYL)BENZOIC ACID, 95%",C1=CC=C2C(=C1)C(C3=CC=CC=C32)COC(=O)NCC4=CC=C(C=C4)C(=O)O,0.2,N3_Scaffold 7,CC(C)C1=CC2=CCC3[C@](C)(CN)CCC[C@]3(C)C2CC1,0.1,,CC(C)C1=CC2=CCC3[C@](C)(CNCc4ccc(CNC(=O)OCC5c6ccccc6-c6ccccc65)cc4)CCC[C@]3(C)C2CC1,"C1_PLATINUM-1,3-DIVINYL-1,1,3,3-TETRAMETHYLDISILOXANE COMPLEX, IN XYLENES",C=C[Si](C)(C)O[Si](C)(C)C=C.[Pt],0.15,L1_Davephos,CN(C)c1ccccc1-c1ccccc1P(C1CCCCC1)C1CCCCC1,0.005,None,None,None,None,None,None,None,None,None,O1_phenylsilane,C1=CC=C(C=C1)[Si]ÔøΩÔøΩ,0.6,None,None,None,None,None,None,none,100,none,0,UPLCMS,O26,1169124.427,991855.9618,1233491.759,1425720.872,0,0,0,0,0,14.3,9.9,41,28.8,0.7,0
yk-1536-4-make-product,1536,80,,1536,O,27,"E119_3,4-DIMETHOXYBENZOIC ACID, 99+%",COC1=C(C=C(C=C1)C(=O)O)OC,0.2,N3_Scaffold 7,CC(C)C1=CC2=CCC3[C@](C)(CN)CCC[C@]3(C)C2CC1,0.1,,COc1ccc(CNC[C@]2(C)CCC[C@]3(C)C4CCC(C(C)C)=CC4=CCC23)cc1OC,"C1_PLATINUM-1,3-DIVINYL-1,1,3,3-TETRAMETHYLDISILOXANE COMPLEX, IN XYLENES",C=C[Si](C)(C)O[Si](C)(C)C=C.[Pt],0.15,L1_Davephos,CN(C)c1ccccc1-c1ccccc1P(C1CCCCC1)C1CCCCC1,0.005,None,None,None,None,None,None,None,None,None,O1_phenylsilane,C1=CC=C(C=C1)[Si]ÔøΩÔøΩ,0.6,None,None,None,None,None,None,none,100,none,0,UPLCMS,O27,2747718.33,4397086.558,250763.6642,611773.1638,0,0,0,0,0,6.1,44,87.8,14.3,0.2,0
yk-1536-4-make-product,1536,80,,1536,O,28,"E158_2,6-dimethylpyridine-3-carboxylic acid",CC1=NC(=C(C=C1)C(=O)O)C,0.2,N3_Scaffold 7,CC(C)C1=CC2=CCC3[C@](C)(CN)CCC[C@]3(C)C2CC1,0.1,,Cc1ccc(CNC[C@]2(C)CCC[C@]3(C)C4CCC(C(C)C)=CC4=CCC23)c(C)n1,"C1_PLATINUM-1,3-DIVINYL-1,1,3,3-TETRAMETHYLDISILOXANE COMPLEX, IN XYLENES",C=C[Si](C)(C)O[Si](C)(C)C=C.[Pt],0.15,L1_Davephos,CN(C)c1ccccc1-c1ccccc1P(C1CCCCC1)C1CCCCC1,0.005,None,None,None,None,None,None,None,None,None,O1_phenylsilane,C1=CC=C(C=C1)[Si]ÔøΩÔøΩ,0.6,None,None,None,None,None,None,none,100,none,0,UPLCMS,O28,114733.0877,0,1586811.521,1921353.632,0,0,0,0,0,19.2,0,0,25.6,0,0
yk-1536-4-make-product,1536,80,,1536,O,29,E200_2-iodobenzoic acid,C1=CC=C(C(=C1)C(=O)O)I,0.2,N3_Scaffold 7,CC(C)C1=CC2=CCC3[C@](C)(CN)CCC[C@]3(C)C2CC1,0.1,,CC(C)C1=CC2=CCC3[C@](C)(CNCc4ccccc4I)CCC[C@]3(C)C2CC1,"C1_PLATINUM-1,3-DIVINYL-1,1,3,3-TETRAMETHYLDISILOXANE COMPLEX, IN XYLENES",C=C[Si](C)(C)O[Si](C)(C)C=C.[Pt],0.15,L1_Davephos,CN(C)c1ccccc1-c1ccccc1P(C1CCCCC1)C1CCCCC1,0.005,None,None,None,None,None,None,None,None,None,O1_phenylsilane,C1=CC=C(C=C1)[Si]ÔøΩÔøΩ,0.6,None,None,None,None,None,None,none,100,none,0,UPLCMS,O29,3176057.275,3667441.934,149663.2046,819313.0398,0,0,0,0,0,8.2,36.7,81.7,23.3,0.3,0
yk-1536-4-make-product,1536,80,,1536,O,30,E245_3-(Pyridin-4-yl)propanoic acid,C1=CN=CC=C1CCC(=O)O,0.2,N3_Scaffold 7,CC(C)C1=CC2=CCC3[C@](C)(CN)CCC[C@]3(C)C2CC1,0.1,,CC(C)C1=CC2=CCC3[C@](C)(CNCCCc4ccncc4)CCC[C@]3(C)C2CC1,"C1_PLATINUM-1,3-DIVINYL-1,1,3,3-TETRAMETHYLDISILOXANE COMPLEX, IN XYLENES",C=C[Si](C)(C)O[Si](C)(C)C=C.[Pt],0.15,L1_Davephos,CN(C)c1ccccc1-c1ccccc1P(C1CCCCC1)C1CCCCC1,0.005,None,None,None,None,None,None,None,None,None,O1_phenylsilane,C1=CC=C(C=C1)[Si]ÔøΩÔøΩ,0.6,None,None,None,None,None,None,none,100,none,0,UPLCMS,O30,214296.5502,269056.7373,906807.9901,923855.4918,0,0,0,0,0,9.2,2.7,22.6,15.7,0.7,0
yk-1536-4-make-product,1536,80,,1536,O,31,E299_Methoxyphenyl)propiolic acid,COC1=CC=C(C=C1)C#CC(=O)O,0.2,N3_Scaffold 7,CC(C)C1=CC2=CCC3[C@](C)(CN)CCC[C@]3(C)C2CC1,0.1,,COc1ccc(C#CCNC[C@]2(C)CCC[C@]3(C)C4CCC(C(C)C)=CC4=CCC23)cc1,"C1_PLATINUM-1,3-DIVINYL-1,1,3,3-TETRAMETHYLDISILOXANE COMPLEX, IN XYLENES",C=C[Si](C)(C)O[Si](C)(C)C=C.[Pt],0.15,L1_Davephos,CN(C)c1ccccc1-c1ccccc1P(C1CCCCC1)C1CCCCC1,0.005,None,None,None,None,None,None,None,None,None,O1_phenylsilane,C1=CC=C(C=C1)[Si]ÔøΩÔøΩ,0.6,None,None,None,None,None,None,none,100,none,0,UPLCMS,O31,295099.9598,591480.1394,129858.385,328223.3851,0,0,0,0,0,3.3,5.9,64.2,17.6,0.3,0
yk-1536-4-make-product,1536,80,,1536,O,32,"E39_3-(2-METHOXYPHENYL)PROPIONIC ACID, 98%",COC1=CC=CC=C1CCC(=O)O,0.2,N3_Scaffold 7,CC(C)C1=CC2=CCC3[C@](C)(CN)CCC[C@]3(C)C2CC1,0.1,,COc1ccccc1CCCNC[C@]1(C)CCC[C@]2(C)C3CCC(C(C)C)=CC3=CCC12,"C1_PLATINUM-1,3-DIVINYL-1,1,3,3-TETRAMETHYLDISILOXANE COMPLEX, IN XYLENES",C=C[Si](C)(C)O[Si](C)(C)C=C.[Pt],0.15,L1_Davephos,CN(C)c1ccccc1-c1ccccc1P(C1CCCCC1)C1CCCCC1,0.005,None,None,None,None,None,None,None,None,None,O1_phenylsilane,C1=CC=C(C=C1)[Si]ÔøΩÔøΩ,0.6,None,None,None,None,None,None,none,100,none,0,UPLCMS,O32,1259998.673,1058110.901,52562.57125,241635.0084,0,0,0,0,0,2.4,10.6,81.5,16.3,0.2,0
yk-1536-4-make-product,1536,80,,1536,O,33,E152_3-cyclopentylpropanoic acid,C1CCC(C1)CCC(=O)O,0.2,N3_Scaffold 7,CC(C)C1=CC2=CCC3[C@](C)(CN)CCC[C@]3(C)C2CC1,0.1,,CC(C)C1=CC2=CCC3[C@](C)(CNCCCC4CCCC4)CCC[C@]3(C)C2CC1,"C1_PLATINUM-1,3-DIVINYL-1,1,3,3-TETRAMETHYLDISILOXANE COMPLEX, IN XYLENES",C=C[Si](C)(C)O[Si](C)(C)C=C.[Pt],0.15,L1_Davephos,CN(C)c1ccccc1-c1ccccc1P(C1CCCCC1)C1CCCCC1,0.005,None,None,None,None,None,None,None,None,None,O1_phenylsilane,C1=CC=C(C=C1)[Si]ÔøΩÔøΩ,0.6,None,None,None,None,None,None,none,100,none,0,UPLCMS,O33,176744.6002,417506.512,29660.67621,76825.96239,0,0,0,0,0,0.8,4.2,83.9,19.9,0.2,0
yk-1536-4-make-product,1536,80,,1536,O,34,E263_2-Thiophenecarboxylic acid,C1=CSC(=C1)C(=O)O,0.2,N3_Scaffold 7,CC(C)C1=CC2=CCC3[C@](C)(CN)CCC[C@]3(C)C2CC1,0.1,,CC(C)C1=CC2=CCC3[C@](C)(CNCc4cccs4)CCC[C@]3(C)C2CC1,"C1_PLATINUM-1,3-DIVINYL-1,1,3,3-TETRAMETHYLDISILOXANE COMPLEX, IN XYLENES",C=C[Si](C)(C)O[Si](C)(C)C=C.[Pt],0.15,L1_Davephos,CN(C)c1ccccc1-c1ccccc1P(C1CCCCC1)C1CCCCC1,0.005,None,None,None,None,None,None,None,None,None,O1_phenylsilane,C1=CC=C(C=C1)[Si]ÔøΩÔøΩ,0.6,None,None,None,None,None,None,none,100,none,0,UPLCMS,O34,567328.3003,420760.498,342841.068,394074.011,0,0,0,0,0,3.9,4.2,51.9,17.5,0.3,0
yk-1536-4-make-product,1536,80,,1536,O,35,E335_Blank15,O=CO,0.2,N3_Scaffold 7,CC(C)C1=CC2=CCC3[C@](C)(CN)CCC[C@]3(C)C2CC1,0.1,MainProduct[988],CC(C)C1=CC2=CCC3[C@](C)(CN)CCC[C@]3(C)C2CC1,"C1_PLATINUM-1,3-DIVINYL-1,1,3,3-TETRAMETHYLDISILOXANE COMPLEX, IN XYLENES",C=C[Si](C)(C)O[Si](C)(C)C=C.[Pt],0.15,L1_Davephos,CN(C)c1ccccc1-c1ccccc1P(C1CCCCC1)C1CCCCC1,0.005,None,None,None,None,None,None,None,None,None,O1_phenylsilane,C1=CC=C(C=C1)[Si]ÔøΩÔøΩ,0.6,None,None,None,None,None,None,none,100,none,0,UPLCMS,O35,0,1161238.472,0,0,0,0,1082137.937,0,0,0,11.6,100,0,0,0
yk-1536-4-make-product,1536,80,,1536,O,36,E367_Blank47,O=CO,0.2,N3_Scaffold 7,CC(C)C1=CC2=CCC3[C@](C)(CN)CCC[C@]3(C)C2CC1,0.1,MainProduct[989],CC(C)C1=CC2=CCC3[C@](C)(CN)CCC[C@]3(C)C2CC1,"C1_PLATINUM-1,3-DIVINYL-1,1,3,3-TETRAMETHYLDISILOXANE COMPLEX, IN XYLENES",C=C[Si](C)(C)O[Si](C)(C)C=C.[Pt],0.15,L1_Davephos,CN(C)c1ccccc1-c1ccccc1P(C1CCCCC1)C1CCCCC1,0.005,None,None,None,None,None,None,None,None,None,O1_phenylsilane,C1=CC=C(C=C1)[Si]ÔøΩÔøΩ,0.6,None,None,None,None,None,None,none,100,none,0,UPLCMS,O36,0,0,0,0,0,0,0,0,0,0,0,0,0,0,0
yk-1536-4-make-product,1536,80,,1536,O,37,E24_4-nitro-3-(trifluoromethyl)benzoic acid,C1=CC(=C(C=C1C(=O)O)C(F)(F)F)[N+](=O)[O-],0.2,N4_Scaffold 6,CCNC[C@@]1(C)C2[C@](C)(CCC1)c3c(CC2)cc(C(C)C)c(c3)N,0.1,,CCNC[C@]1(C)CCC[C@]2(C)c3cc(NCc4ccc([N+](=O)[O-])c(C(F)(F)F)c4)c(C(C)C)cc3CCC12,"C1_PLATINUM-1,3-DIVINYL-1,1,3,3-TETRAMETHYLDISILOXANE COMPLEX, IN XYLENES",C=C[Si](C)(C)O[Si](C)(C)C=C.[Pt],0.15,L1_Davephos,CN(C)c1ccccc1-c1ccccc1P(C1CCCCC1)C1CCCCC1,0.005,None,None,None,None,None,None,None,None,None,O1_phenylsilane,C1=CC=C(C=C1)[Si]ÔøΩÔøΩ,0.6,None,None,None,None,None,None,none,100,none,0,UPLCMS,O37,57297.30826,126810.9437,0,0,899335.2289,933139.9711,0,0,0,9.3,1.3,12,6.5,0.5,0
yk-1536-4-make-product,1536,80,,1536,O,38,"E73_4-(FMOC-AMINOMETHYL)BENZOIC ACID, 95%",C1=CC=C2C(=C1)C(C3=CC=CC=C32)COC(=O)NCC4=CC=C(C=C4)C(=O)O,0.2,N4_Scaffold 6,CCNC[C@@]1(C)C2[C@](C)(CCC1)c3c(CC2)cc(C(C)C)c(c3)N,0.1,,CCNC[C@]1(C)CCC[C@]2(C)c3cc(NCc4ccc(CNC(=O)OCC5c6ccccc6-c6ccccc65)cc4)c(C(C)C)cc3CCC12,"C1_PLATINUM-1,3-DIVINYL-1,1,3,3-TETRAMETHYLDISILOXANE COMPLEX, IN XYLENES",C=C[Si](C)(C)O[Si](C)(C)C=C.[Pt],0.15,L1_Davephos,CN(C)c1ccccc1-c1ccccc1P(C1CCCCC1)C1CCCCC1,0.005,None,None,None,None,None,None,None,None,None,O1_phenylsilane,C1=CC=C(C=C1)[Si]ÔøΩÔøΩ,0.6,None,None,None,None,None,None,none,100,none,0,UPLCMS,O38,21846.34978,0,0,0,1727709.032,1964886.522,0,0,0,19.6,0,0,15.8,0,0
yk-1536-4-make-product,1536,80,,1536,O,39,"E119_3,4-DIMETHOXYBENZOIC ACID, 99+%",COC1=C(C=C(C=C1)C(=O)O)OC,0.2,N4_Scaffold 6,CCNC[C@@]1(C)C2[C@](C)(CCC1)c3c(CC2)cc(C(C)C)c(c3)N,0.1,,CCNC[C@]1(C)CCC[C@]2(C)c3cc(NCc4ccc(OC)c(OC)c4)c(C(C)C)cc3CCC12,"C1_PLATINUM-1,3-DIVINYL-1,1,3,3-TETRAMETHYLDISILOXANE COMPLEX, IN XYLENES",C=C[Si](C)(C)O[Si](C)(C)C=C.[Pt],0.15,L1_Davephos,CN(C)c1ccccc1-c1ccccc1P(C1CCCCC1)C1CCCCC1,0.005,None,None,None,None,None,None,None,None,None,O1_phenylsilane,C1=CC=C(C=C1)[Si]ÔøΩÔøΩ,0.6,None,None,None,None,None,None,none,100,none,0,UPLCMS,O39,135350.2345,2416047,0,0,1805412.291,2416047.675,225349.4677,0,0,24.2,24.2,50,13.3,0.3,0
yk-1536-4-make-product,1536,80,,1536,O,40,"E158_2,6-dimethylpyridine-3-carboxylic acid",CC1=NC(=C(C=C1)C(=O)O)C,0.2,N4_Scaffold 6,CCNC[C@@]1(C)C2[C@](C)(CCC1)c3c(CC2)cc(C(C)C)c(c3)N,0.1,,CCNC[C@]1(C)CCC[C@]2(C)c3cc(NCc4ccc(C)nc4C)c(C(C)C)cc3CCC12,"C1_PLATINUM-1,3-DIVINYL-1,1,3,3-TETRAMETHYLDISILOXANE COMPLEX, IN XYLENES",C=C[Si](C)(C)O[Si](C)(C)C=C.[Pt],0.15,L1_Davephos,CN(C)c1ccccc1-c1ccccc1P(C1CCCCC1)C1CCCCC1,0.005,None,None,None,None,None,None,None,None,None,O1_phenylsilane,C1=CC=C(C=C1)[Si]ÔøΩÔøΩ,0.6,None,None,None,None,None,None,none,100,none,0,UPLCMS,O40,7014.50249,282218.439,0,0,1298127.324,1356000.921,0,0,0,13.6,2.8,17.2,27,1.6,0
yk-1536-4-make-product,1536,80,,1536,O,41,E200_2-iodobenzoic acid,C1=CC=C(C(=C1)C(=O)O)I,0.2,N4_Scaffold 6,CCNC[C@@]1(C)C2[C@](C)(CCC1)c3c(CC2)cc(C(C)C)c(c3)N,0.1,,CCNC[C@]1(C)CCC[C@]2(C)c3cc(NCc4ccccc4I)c(C(C)C)cc3CCC12,"C1_PLATINUM-1,3-DIVINYL-1,1,3,3-TETRAMETHYLDISILOXANE COMPLEX, IN XYLENES",C=C[Si](C)(C)O[Si](C)(C)C=C.[Pt],0.15,L1_Davephos,CN(C)c1ccccc1-c1ccccc1P(C1CCCCC1)C1CCCCC1,0.005,None,None,None,None,None,None,None,None,None,O1_phenylsilane,C1=CC=C(C=C1)[Si]ÔøΩÔøΩ,0.6,None,None,None,None,None,None,none,100,none,0,UPLCMS,O41,185806.9147,860100.3115,0,0,2035581.077,1880206.673,150429.9716,0,0,18.8,8.6,31.4,37.2,1.2,0
yk-1536-4-make-product,1536,80,,1536,O,42,E245_3-(Pyridin-4-yl)propanoic acid,C1=CN=CC=C1CCC(=O)O,0.2,N4_Scaffold 6,CCNC[C@@]1(C)C2[C@](C)(CCC1)c3c(CC2)cc(C(C)C)c(c3)N,0.1,,CCNC[C@]1(C)CCC[C@]2(C)c3cc(NCCCc4ccncc4)c(C(C)C)cc3CCC12,"C1_PLATINUM-1,3-DIVINYL-1,1,3,3-TETRAMETHYLDISILOXANE COMPLEX, IN XYLENES",C=C[Si](C)(C)O[Si](C)(C)C=C.[Pt],0.15,L1_Davephos,CN(C)c1ccccc1-c1ccccc1P(C1CCCCC1)C1CCCCC1,0.005,None,None,None,None,None,None,None,None,None,O1_phenylsilane,C1=CC=C(C=C1)[Si]ÔøΩÔøΩ,0.6,None,None,None,None,None,None,none,100,none,0,UPLCMS,O42,23304.71081,0,0,0,1657493.125,1812948.577,0,0,0,18.1,0,0,37.5,0,0
yk-1536-4-make-product,1536,80,,1536,O,43,E299_Methoxyphenyl)propiolic acid,COC1=CC=C(C=C1)C#CC(=O)O,0.2,N4_Scaffold 6,CCNC[C@@]1(C)C2[C@](C)(CCC1)c3c(CC2)cc(C(C)C)c(c3)N,0.1,,CCNC[C@]1(C)CCC[C@]2(C)c3cc(NCC#Cc4ccc(OC)cc4)c(C(C)C)cc3CCC12,"C1_PLATINUM-1,3-DIVINYL-1,1,3,3-TETRAMETHYLDISILOXANE COMPLEX, IN XYLENES",C=C[Si](C)(C)O[Si](C)(C)C=C.[Pt],0.15,L1_Davephos,CN(C)c1ccccc1-c1ccccc1P(C1CCCCC1)C1CCCCC1,0.005,None,None,None,None,None,None,None,None,None,O1_phenylsilane,C1=CC=C(C=C1)[Si]ÔøΩÔøΩ,0.6,None,None,None,None,None,None,none,100,none,0,UPLCMS,O43,1646355.318,1728928.78,0,0,367423.0524,210716.7519,0,0,0,2.1,17.3,89.2,34.9,0.4,0
yk-1536-4-make-product,1536,80,,1536,O,44,"E39_3-(2-METHOXYPHENYL)PROPIONIC ACID, 98%",COC1=CC=CC=C1CCC(=O)O,0.2,N4_Scaffold 6,CCNC[C@@]1(C)C2[C@](C)(CCC1)c3c(CC2)cc(C(C)C)c(c3)N,0.1,,CCNC[C@]1(C)CCC[C@]2(C)c3cc(NCCCc4ccccc4OC)c(C(C)C)cc3CCC12,"C1_PLATINUM-1,3-DIVINYL-1,1,3,3-TETRAMETHYLDISILOXANE COMPLEX, IN XYLENES",C=C[Si](C)(C)O[Si](C)(C)C=C.[Pt],0.15,L1_Davephos,CN(C)c1ccccc1-c1ccccc1P(C1CCCCC1)C1CCCCC1,0.005,None,None,None,None,None,None,None,None,None,O1_phenylsilane,C1=CC=C(C=C1)[Si]ÔøΩÔøΩ,0.6,None,None,None,None,None,None,none,100,none,0,UPLCMS,O44,944805.4145,1356022.743,0,0,1290359.155,1314049.694,0,0,0,13.1,13.6,50.9,32.8,0.6,0
yk-1536-4-make-product,1536,80,,1536,O,45,E152_3-cyclopentylpropanoic acid,C1CCC(C1)CCC(=O)O,0.2,N4_Scaffold 6,CCNC[C@@]1(C)C2[C@](C)(CCC1)c3c(CC2)cc(C(C)C)c(c3)N,0.1,,CCNC[C@]1(C)CCC[C@]2(C)c3cc(NCCCC4CCCC4)c(C(C)C)cc3CCC12,"C1_PLATINUM-1,3-DIVINYL-1,1,3,3-TETRAMETHYLDISILOXANE COMPLEX, IN XYLENES",C=C[Si](C)(C)O[Si](C)(C)C=C.[Pt],0.15,L1_Davephos,CN(C)c1ccccc1-c1ccccc1P(C1CCCCC1)C1CCCCC1,0.005,None,None,None,None,None,None,None,None,None,O1_phenylsilane,C1=CC=C(C=C1)[Si]ÔøΩÔøΩ,0.6,None,None,None,None,None,None,none,100,none,0,UPLCMS,O45,221126.7145,789102.815,0,0,444417.8903,330806.7919,7036.75286,0,0,3.3,7.9,70.5,32.6,0.5,0
yk-1536-4-make-product,1536,80,,1536,O,46,E263_2-Thiophenecarboxylic acid,C1=CSC(=C1)C(=O)O,0.2,N4_Scaffold 6,CCNC[C@@]1(C)C2[C@](C)(CCC1)c3c(CC2)cc(C(C)C)c(c3)N,0.1,,CCNC[C@]1(C)CCC[C@]2(C)c3cc(NCc4cccs4)c(C(C)C)cc3CCC12,"C1_PLATINUM-1,3-DIVINYL-1,1,3,3-TETRAMETHYLDISILOXANE COMPLEX, IN XYLENES",C=C[Si](C)(C)O[Si](C)(C)C=C.[Pt],0.15,L1_Davephos,CN(C)c1ccccc1-c1ccccc1P(C1CCCCC1)C1CCCCC1,0.005,None,None,None,None,None,None,None,None,None,O1_phenylsilane,C1=CC=C(C=C1)[Si]ÔøΩÔøΩ,0.6,None,None,None,None,None,None,none,100,none,0,UPLCMS,O46,168484.3862,533524.3821,0,0,1581336.989,1629362.595,297188.4867,0,0,16.3,5.3,24.7,41.2,1.7,0
yk-1536-4-make-product,1536,80,,1536,O,47,E335_Blank15,O=CO,0.2,N4_Scaffold 6,CCNC[C@@]1(C)C2[C@](C)(CCC1)c3c(CC2)cc(C(C)C)c(c3)N,0.1,MainProduct[1001],CCNC[C@@]1(C)C2[C@](C)(CCC1)c3c(CC2)cc(C(C)C)c(c3)N,"C1_PLATINUM-1,3-DIVINYL-1,1,3,3-TETRAMETHYLDISILOXANE COMPLEX, IN XYLENES",C=C[Si](C)(C)O[Si](C)(C)C=C.[Pt],0.15,L1_Davephos,CN(C)c1ccccc1-c1ccccc1P(C1CCCCC1)C1CCCCC1,0.005,None,None,None,None,None,None,None,None,None,O1_phenylsilane,C1=CC=C(C=C1)[Si]ÔøΩÔøΩ,0.6,None,None,None,None,None,None,none,100,none,0,UPLCMS,O47,0,552494.3672,0,0,0,0,586474.5305,0,0,0,5.5,100,0,0,0
yk-1536-4-make-product,1536,80,,1536,O,48,E367_Blank47,O=CO,0.2,N4_Scaffold 6,CCNC[C@@]1(C)C2[C@](C)(CCC1)c3c(CC2)cc(C(C)C)c(c3)N,0.1,MainProduct[1002],CCNC[C@@]1(C)C2[C@](C)(CCC1)c3c(CC2)cc(C(C)C)c(c3)N,"C1_PLATINUM-1,3-DIVINYL-1,1,3,3-TETRAMETHYLDISILOXANE COMPLEX, IN XYLENES",C=C[Si](C)(C)O[Si](C)(C)C=C.[Pt],0.15,L1_Davephos,CN(C)c1ccccc1-c1ccccc1P(C1CCCCC1)C1CCCCC1,0.005,None,None,None,None,None,None,None,None,None,O1_phenylsilane,C1=CC=C(C=C1)[Si]ÔøΩÔøΩ,0.6,None,None,None,None,None,None,none,100,none,0,UPLCMS,O48,0,0,0,0,0,0,0,0,0,0,0,0,0,0,0
yk-1536-4-make-product,1536,80,,1536,P,1,"E25_2-BROMOBENZOIC ACID, 97%",C1=CC=C(C(=C1)C(=O)O)Br,0.2,N1_(+)-Dehydroabietylamine,CC(C)c1ccc2c(c1)CC[C@H]1[C@](C)(CN)CCC[C@]21C,0.1,,CC(C)c1ccc2c(c1)CC[C@H]1[C@](C)(CNCc3ccccc3Br)CCC[C@]21C,"C1_PLATINUM-1,3-DIVINYL-1,1,3,3-TETRAMETHYLDISILOXANE COMPLEX, IN XYLENES",C=C[Si](C)(C)O[Si](C)(C)C=C.[Pt],0.15,L1_Davephos,CN(C)c1ccccc1-c1ccccc1P(C1CCCCC1)C1CCCCC1,0.005,None,None,None,None,None,None,None,None,None,O1_phenylsilane,C1=CC=C(C=C1)[Si]ÔøΩÔøΩ,0.6,None,None,None,None,None,None,none,100,none,0,UPLCMS,P1,1634971.58,3063308.337,,,,,0,,,16.6,30.6,64.9,42.1,0.65,0
yk-1536-4-make-product,1536,80,,1536,P,2,"E74_3-(5-(2-FLUOROPHENYL)-1,2,4-OXADIAZOL-3-YL)BENZOIC ACID, 98%",C1=CC=C(C(=C1)C2=NC(=NO2)C3=CC(=CC=C3)C(=O)O)F,0.2,N1_(+)-Dehydroabietylamine,CC(C)c1ccc2c(c1)CC[C@H]1[C@](C)(CN)CCC[C@]21C,0.1,,CC(C)c1ccc2c(c1)CC[C@H]1[C@](C)(CNCc3cccc(-c4noc(-c5ccccc5F)n4)c3)CCC[C@]21C,"C1_PLATINUM-1,3-DIVINYL-1,1,3,3-TETRAMETHYLDISILOXANE COMPLEX, IN XYLENES",C=C[Si](C)(C)O[Si](C)(C)C=C.[Pt],0.15,L1_Davephos,CN(C)c1ccccc1-c1ccccc1P(C1CCCCC1)C1CCCCC1,0.005,None,None,None,None,None,None,None,None,None,O1_phenylsilane,C1=CC=C(C=C1)[Si]ÔøΩÔøΩ,0.6,None,None,None,None,None,None,none,100,none,0,UPLCMS,P2,2207040.915,2084522.988,,,,,0,,,36,20.8,36.7,83.7,2.28,4.46
yk-1536-4-make-product,1536,80,,1536,P,3,"E120_2-(DIPHENYLPHOSPHINO)BENZOIC ACID, 97%",C1=CC=C(C=C1)P(C2=CC=CC=C2)C3=CC=CC=C3C(=O)O,0.2,N1_(+)-Dehydroabietylamine,CC(C)c1ccc2c(c1)CC[C@H]1[C@](C)(CN)CCC[C@]21C,0.1,,CC(C)c1ccc2c(c1)CC[C@H]1[C@](C)(CNCc3ccccc3P(c3ccccc3)c3ccccc3)CCC[C@]21C,"C1_PLATINUM-1,3-DIVINYL-1,1,3,3-TETRAMETHYLDISILOXANE COMPLEX, IN XYLENES",C=C[Si](C)(C)O[Si](C)(C)C=C.[Pt],0.15,L1_Davephos,CN(C)c1ccccc1-c1ccccc1P(C1CCCCC1)C1CCCCC1,0.005,None,None,None,None,None,None,None,None,None,O1_phenylsilane,C1=CC=C(C=C1)[Si]ÔøΩÔøΩ,0.6,None,None,None,None,None,None,none,100,none,0,UPLCMS,P3,253350.4142,623228.0135,,,,,0,,,50,6.2,11.1,103.3,9.31,1.6
yk-1536-4-make-product,1536,80,,1536,P,4,"E159_3,5-difluorobenzoic acid",C1=C(C=C(C=C1F)F)C(=O)O,0.2,N1_(+)-Dehydroabietylamine,CC(C)c1ccc2c(c1)CC[C@H]1[C@](C)(CN)CCC[C@]21C,0.1,,CC(C)c1ccc2c(c1)CC[C@H]1[C@](C)(CNCc3cc(F)cc(F)c3)CCC[C@]21C,"C1_PLATINUM-1,3-DIVINYL-1,1,3,3-TETRAMETHYLDISILOXANE COMPLEX, IN XYLENES",C=C[Si](C)(C)O[Si](C)(C)C=C.[Pt],0.15,L1_Davephos,CN(C)c1ccccc1-c1ccccc1P(C1CCCCC1)C1CCCCC1,0.005,None,None,None,None,None,None,None,None,None,O1_phenylsilane,C1=CC=C(C=C1)[Si]ÔøΩÔøΩ,0.6,None,None,None,None,None,None,none,100,none,0,UPLCMS,P4,1320132.119,2444278.79,,,,,747618.4939,,,25.7,24.4,48.7,30.5,0.63,0
yk-1536-4-make-product,1536,80,,1536,P,5,E201_2-[4-(2-methylpropyl)phenyl]propanoic acid,CC(C)CC1=CC=C(C=C1)C(C)C(=O)O,0.2,N1_(+)-Dehydroabietylamine,CC(C)c1ccc2c(c1)CC[C@H]1[C@](C)(CN)CCC[C@]21C,0.1,,CC(C)Cc1ccc(C(C)CNC[C@]2(C)CCC[C@]3(C)c4ccc(C(C)C)cc4CC[C@@H]23)cc1,"C1_PLATINUM-1,3-DIVINYL-1,1,3,3-TETRAMETHYLDISILOXANE COMPLEX, IN XYLENES",C=C[Si](C)(C)O[Si](C)(C)C=C.[Pt],0.15,L1_Davephos,CN(C)c1ccccc1-c1ccccc1P(C1CCCCC1)C1CCCCC1,0.005,None,None,None,None,None,None,None,None,None,O1_phenylsilane,C1=CC=C(C=C1)[Si]ÔøΩÔøΩ,0.6,None,None,None,None,None,None,none,100,none,0,UPLCMS,P5,232269.2206,458006.9724,,,,,0,,,8.7,4.6,34.4,26.2,0.76,0
yk-1536-4-make-product,1536,80,,1536,P,6,"E247_1-PYRENEBUTYRIC ACID, 97%",C1=CC2=C3C(=C1)C=CC4=C(C=CC(=C43)C=C2)CCCC(=O)O,0.2,N1_(+)-Dehydroabietylamine,CC(C)c1ccc2c(c1)CC[C@H]1[C@](C)(CN)CCC[C@]21C,0.1,,CC(C)c1ccc2c(c1)CC[C@H]1[C@](C)(CNCCCCc3ccc4ccc5cccc6ccc3c4c56)CCC[C@]21C,"C1_PLATINUM-1,3-DIVINYL-1,1,3,3-TETRAMETHYLDISILOXANE COMPLEX, IN XYLENES",C=C[Si](C)(C)O[Si](C)(C)C=C.[Pt],0.15,L1_Davephos,CN(C)c1ccccc1-c1ccccc1P(C1CCCCC1)C1CCCCC1,0.005,None,None,None,None,None,None,None,None,None,O1_phenylsilane,C1=CC=C(C=C1)[Si]ÔøΩÔøΩ,0.6,None,None,None,None,None,None,none,100,none,0,UPLCMS,P6,5075521.314,4905975.805,,,,,0,,,6.8,49.1,87.9,11.6,0.13,0
yk-1536-4-make-product,1536,80,,1536,P,7,E300_Trifluoromethyl)phenylacetic acid,C1=CC(=CC(=C1)C(F)(F)F)CC(=O)O,0.2,N1_(+)-Dehydroabietylamine,CC(C)c1ccc2c(c1)CC[C@H]1[C@](C)(CN)CCC[C@]21C,0.1,,CC(C)c1ccc2c(c1)CC[C@H]1[C@](C)(CNCCc3cccc(C(F)(F)F)c3)CCC[C@]21C,"C1_PLATINUM-1,3-DIVINYL-1,1,3,3-TETRAMETHYLDISILOXANE COMPLEX, IN XYLENES",C=C[Si](C)(C)O[Si](C)(C)C=C.[Pt],0.15,L1_Davephos,CN(C)c1ccccc1-c1ccccc1P(C1CCCCC1)C1CCCCC1,0.005,None,None,None,None,None,None,None,None,None,O1_phenylsilane,C1=CC=C(C=C1)[Si]ÔøΩÔøΩ,0.6,None,None,None,None,None,None,none,100,none,0,UPLCMS,P7,24203.63878,299922.094,,,,,0,,,15.7,3,16,15.5,0.97,0
yk-1536-4-make-product,1536,80,,1536,P,8,"E42_(¬±)-ALPHA-METHYLHYDROCINNAMIC ACID, 98%",CC(CC1=CC=CC=C1)C(=O)O,0.2,N1_(+)-Dehydroabietylamine,CC(C)c1ccc2c(c1)CC[C@H]1[C@](C)(CN)CCC[C@]21C,0.1,,CC(CNC[C@]1(C)CCC[C@]2(C)c3ccc(C(C)C)cc3CC[C@@H]12)Cc1ccccc1,"C1_PLATINUM-1,3-DIVINYL-1,1,3,3-TETRAMETHYLDISILOXANE COMPLEX, IN XYLENES",C=C[Si](C)(C)O[Si](C)(C)C=C.[Pt],0.15,L1_Davephos,CN(C)c1ccccc1-c1ccccc1P(C1CCCCC1)C1CCCCC1,0.005,None,None,None,None,None,None,None,None,None,O1_phenylsilane,C1=CC=C(C=C1)[Si]ÔøΩÔøΩ,0.6,None,None,None,None,None,None,none,100,none,0,UPLCMS,P8,1703740.716,1803842.219,,,,,0,,,7.5,18,70.6,10,0.14,0
yk-1536-4-make-product,1536,80,,1536,P,9,E171_2-ethyl-5-methylpyrazole-3-carboxylic acid,CCN1C(=CC(=N1)C)C(=O)O,0.2,N1_(+)-Dehydroabietylamine,CC(C)c1ccc2c(c1)CC[C@H]1[C@](C)(CN)CCC[C@]21C,0.1,,CCn1nc(C)cc1CNC[C@]1(C)CCC[C@]2(C)c3ccc(C(C)C)cc3CC[C@@H]12,"C1_PLATINUM-1,3-DIVINYL-1,1,3,3-TETRAMETHYLDISILOXANE COMPLEX, IN XYLENES",C=C[Si](C)(C)O[Si](C)(C)C=C.[Pt],0.15,L1_Davephos,CN(C)c1ccccc1-c1ccccc1P(C1CCCCC1)C1CCCCC1,0.005,None,None,None,None,None,None,None,None,None,O1_phenylsilane,C1=CC=C(C=C1)[Si]ÔøΩÔøΩ,0.6,None,None,None,None,None,None,none,100,none,0,UPLCMS,P9,58350.49868,0,,,,,0,,,20.8,0,0,30.9,0,0
yk-1536-4-make-product,1536,80,,1536,P,10,E265_p-Tolylacetic acid,CC1=CC=C(C=C1)CC(=O)O,0.2,N1_(+)-Dehydroabietylamine,CC(C)c1ccc2c(c1)CC[C@H]1[C@](C)(CN)CCC[C@]21C,0.1,,Cc1ccc(CCNC[C@]2(C)CCC[C@]3(C)c4ccc(C(C)C)cc4CC[C@@H]23)cc1,"C1_PLATINUM-1,3-DIVINYL-1,1,3,3-TETRAMETHYLDISILOXANE COMPLEX, IN XYLENES",C=C[Si](C)(C)O[Si](C)(C)C=C.[Pt],0.15,L1_Davephos,CN(C)c1ccccc1-c1ccccc1P(C1CCCCC1)C1CCCCC1,0.005,None,None,None,None,None,None,None,None,None,O1_phenylsilane,C1=CC=C(C=C1)[Si]ÔøΩÔøΩ,0.6,None,None,None,None,None,None,none,100,none,0,UPLCMS,P10,1762429.547,1630835.393,,,,,0,,,2.6,16.3,86.3,15.3,0.18,0
yk-1536-4-make-product,1536,80,,1536,P,11,E336_Blank16,O=CO,0.2,N1_(+)-Dehydroabietylamine,CC(C)c1ccc2c(c1)CC[C@H]1[C@](C)(CN)CCC[C@]21C,0.1,MainProduct[1010],CC(C)c1ccc2c(c1)CC[C@H]1[C@](C)(CN)CCC[C@]21C,"C1_PLATINUM-1,3-DIVINYL-1,1,3,3-TETRAMETHYLDISILOXANE COMPLEX, IN XYLENES",C=C[Si](C)(C)O[Si](C)(C)C=C.[Pt],0.15,L1_Davephos,CN(C)c1ccccc1-c1ccccc1P(C1CCCCC1)C1CCCCC1,0.005,None,None,None,None,None,None,None,None,None,O1_phenylsilane,C1=CC=C(C=C1)[Si]ÔøΩÔøΩ,0.6,None,None,None,None,None,None,none,100,none,0,UPLCMS,P11,0,1893910.795,,,,,2058503.611,,,0,18.9,100,0,0,0
yk-1536-4-make-product,1536,80,,1536,P,12,E368_Blank48,O=CO,0.2,N1_(+)-Dehydroabietylamine,CC(C)c1ccc2c(c1)CC[C@H]1[C@](C)(CN)CCC[C@]21C,0.1,MainProduct[1011],CC(C)c1ccc2c(c1)CC[C@H]1[C@](C)(CN)CCC[C@]21C,"C1_PLATINUM-1,3-DIVINYL-1,1,3,3-TETRAMETHYLDISILOXANE COMPLEX, IN XYLENES",C=C[Si](C)(C)O[Si](C)(C)C=C.[Pt],0.15,L1_Davephos,CN(C)c1ccccc1-c1ccccc1P(C1CCCCC1)C1CCCCC1,0.005,None,None,None,None,None,None,None,None,None,O1_phenylsilane,C1=CC=C(C=C1)[Si]ÔøΩÔøΩ,0.6,None,None,None,None,None,None,none,100,none,0,UPLCMS,P12,0,0,,,,,0,,,0,0,0,0,0,0
yk-1536-4-make-product,1536,80,,1536,P,13,"E25_2-BROMOBENZOIC ACID, 97%",C1=CC=C(C(=C1)C(=O)O)Br,0.2,N2_hydroxydehydroabietylamine,CC(C)C(C(O)=C1)=CC2=C1[C@]3(C)C(CC2)[C@](C)(CN)CCC3,0.1,,CC(C)c1cc2c(cc1O)[C@@]1(C)CCC[C@@](C)(CNCc3ccccc3Br)C1CC2,"C1_PLATINUM-1,3-DIVINYL-1,1,3,3-TETRAMETHYLDISILOXANE COMPLEX, IN XYLENES",C=C[Si](C)(C)O[Si](C)(C)C=C.[Pt],0.15,L1_Davephos,CN(C)c1ccccc1-c1ccccc1P(C1CCCCC1)C1CCCCC1,0.005,None,None,None,None,None,None,None,None,None,O1_phenylsilane,C1=CC=C(C=C1)[Si]ÔøΩÔøΩ,0.6,None,None,None,None,None,None,none,100,none,0,UPLCMS,P13,191194.9862,453156.9515,,,,,0,,,0.4,4.5,91.8,38,0.41,0
yk-1536-4-make-product,1536,80,,1536,P,14,"E74_3-(5-(2-FLUOROPHENYL)-1,2,4-OXADIAZOL-3-YL)BENZOIC ACID, 98%",C1=CC=C(C(=C1)C2=NC(=NO2)C3=CC(=CC=C3)C(=O)O)F,0.2,N2_hydroxydehydroabietylamine,CC(C)C(C(O)=C1)=CC2=C1[C@]3(C)C(CC2)[C@](C)(CN)CCC3,0.1,,CC(C)c1cc2c(cc1O)[C@@]1(C)CCC[C@@](C)(CNCc3cccc(-c4noc(-c5ccccc5F)n4)c3)C1CC2,"C1_PLATINUM-1,3-DIVINYL-1,1,3,3-TETRAMETHYLDISILOXANE COMPLEX, IN XYLENES",C=C[Si](C)(C)O[Si](C)(C)C=C.[Pt],0.15,L1_Davephos,CN(C)c1ccccc1-c1ccccc1P(C1CCCCC1)C1CCCCC1,0.005,None,None,None,None,None,None,None,None,None,O1_phenylsilane,C1=CC=C(C=C1)[Si]ÔøΩÔøΩ,0.6,None,None,None,None,None,None,none,100,none,0,UPLCMS,P14,574062.413,2323062.839,,,,,0,,,0.9,23.2,96.4,18.9,0.2,0
yk-1536-4-make-product,1536,80,,1536,P,15,"E120_2-(DIPHENYLPHOSPHINO)BENZOIC ACID, 97%",C1=CC=C(C=C1)P(C2=CC=CC=C2)C3=CC=CC=C3C(=O)O,0.2,N2_hydroxydehydroabietylamine,CC(C)C(C(O)=C1)=CC2=C1[C@]3(C)C(CC2)[C@](C)(CN)CCC3,0.1,,CC(C)c1cc2c(cc1O)[C@@]1(C)CCC[C@@](C)(CNCc3ccccc3P(c3ccccc3)c3ccccc3)C1CC2,"C1_PLATINUM-1,3-DIVINYL-1,1,3,3-TETRAMETHYLDISILOXANE COMPLEX, IN XYLENES",C=C[Si](C)(C)O[Si](C)(C)C=C.[Pt],0.15,L1_Davephos,CN(C)c1ccccc1-c1ccccc1P(C1CCCCC1)C1CCCCC1,0.005,None,None,None,None,None,None,None,None,None,O1_phenylsilane,C1=CC=C(C=C1)[Si]ÔøΩÔøΩ,0.6,None,None,None,None,None,None,none,100,none,0,UPLCMS,P15,245339.2451,2804442.086,,,,,0,,,2.4,28,92,29.3,0.32,0
yk-1536-4-make-product,1536,80,,1536,P,16,"E159_3,5-difluorobenzoic acid",C1=C(C=C(C=C1F)F)C(=O)O,0.2,N2_hydroxydehydroabietylamine,CC(C)C(C(O)=C1)=CC2=C1[C@]3(C)C(CC2)[C@](C)(CN)CCC3,0.1,,CC(C)c1cc2c(cc1O)[C@@]1(C)CCC[C@@](C)(CNCc3cc(F)cc(F)c3)C1CC2,"C1_PLATINUM-1,3-DIVINYL-1,1,3,3-TETRAMETHYLDISILOXANE COMPLEX, IN XYLENES",C=C[Si](C)(C)O[Si](C)(C)C=C.[Pt],0.15,L1_Davephos,CN(C)c1ccccc1-c1ccccc1P(C1CCCCC1)C1CCCCC1,0.005,None,None,None,None,None,None,None,None,None,O1_phenylsilane,C1=CC=C(C=C1)[Si]ÔøΩÔøΩ,0.6,None,None,None,None,None,None,none,100,none,0,UPLCMS,P16,14226.84415,123182.3074,,,,,0,,,2.6,1.2,32.5,34.8,1.07,0
yk-1536-4-make-product,1536,80,,1536,P,17,E201_2-[4-(2-methylpropyl)phenyl]propanoic acid,CC(C)CC1=CC=C(C=C1)C(C)C(=O)O,0.2,N2_hydroxydehydroabietylamine,CC(C)C(C(O)=C1)=CC2=C1[C@]3(C)C(CC2)[C@](C)(CN)CCC3,0.1,,CC(C)Cc1ccc(C(C)CNC[C@]2(C)CCC[C@]3(C)c4cc(O)c(C(C)C)cc4CCC23)cc1,"C1_PLATINUM-1,3-DIVINYL-1,1,3,3-TETRAMETHYLDISILOXANE COMPLEX, IN XYLENES",C=C[Si](C)(C)O[Si](C)(C)C=C.[Pt],0.15,L1_Davephos,CN(C)c1ccccc1-c1ccccc1P(C1CCCCC1)C1CCCCC1,0.005,None,None,None,None,None,None,None,None,None,O1_phenylsilane,C1=CC=C(C=C1)[Si]ÔøΩÔøΩ,0.6,None,None,None,None,None,None,none,100,none,0,UPLCMS,P17,28895.3259,0,,,,,0,,,0,0,0,23.7,0,0
yk-1536-4-make-product,1536,80,,1536,P,18,"E247_1-PYRENEBUTYRIC ACID, 97%",C1=CC2=C3C(=C1)C=CC4=C(C=CC(=C43)C=C2)CCCC(=O)O,0.2,N2_hydroxydehydroabietylamine,CC(C)C(C(O)=C1)=CC2=C1[C@]3(C)C(CC2)[C@](C)(CN)CCC3,0.1,,CC(C)c1cc2c(cc1O)[C@@]1(C)CCC[C@@](C)(CNCCCCc3ccc4ccc5cccc6ccc3c4c56)C1CC2,"C1_PLATINUM-1,3-DIVINYL-1,1,3,3-TETRAMETHYLDISILOXANE COMPLEX, IN XYLENES",C=C[Si](C)(C)O[Si](C)(C)C=C.[Pt],0.15,L1_Davephos,CN(C)c1ccccc1-c1ccccc1P(C1CCCCC1)C1CCCCC1,0.005,None,None,None,None,None,None,None,None,None,O1_phenylsilane,C1=CC=C(C=C1)[Si]ÔøΩÔøΩ,0.6,None,None,None,None,None,None,none,100,none,0,UPLCMS,P18,20895.81472,0,,,,,0,,,0,0,0,40,0,0
yk-1536-4-make-product,1536,80,,1536,P,19,E300_Trifluoromethyl)phenylacetic acid,C1=CC(=CC(=C1)C(F)(F)F)CC(=O)O,0.2,N2_hydroxydehydroabietylamine,CC(C)C(C(O)=C1)=CC2=C1[C@]3(C)C(CC2)[C@](C)(CN)CCC3,0.1,,CC(C)c1cc2c(cc1O)[C@@]1(C)CCC[C@@](C)(CNCCc3cccc(C(F)(F)F)c3)C1CC2,"C1_PLATINUM-1,3-DIVINYL-1,1,3,3-TETRAMETHYLDISILOXANE COMPLEX, IN XYLENES",C=C[Si](C)(C)O[Si](C)(C)C=C.[Pt],0.15,L1_Davephos,CN(C)c1ccccc1-c1ccccc1P(C1CCCCC1)C1CCCCC1,0.005,None,None,None,None,None,None,None,None,None,O1_phenylsilane,C1=CC=C(C=C1)[Si]ÔøΩÔøΩ,0.6,None,None,None,None,None,None,none,100,none,0,UPLCMS,P19,11042.44178,58801.12144,,,,,0,,,6.7,0.6,8.1,32,3.95,0
yk-1536-4-make-product,1536,80,,1536,P,20,"E42_(¬±)-ALPHA-METHYLHYDROCINNAMIC ACID, 98%",CC(CC1=CC=CC=C1)C(=O)O,0.2,N2_hydroxydehydroabietylamine,CC(C)C(C(O)=C1)=CC2=C1[C@]3(C)C(CC2)[C@](C)(CN)CCC3,0.1,,CC(CNC[C@]1(C)CCC[C@]2(C)c3cc(O)c(C(C)C)cc3CCC12)Cc1ccccc1,"C1_PLATINUM-1,3-DIVINYL-1,1,3,3-TETRAMETHYLDISILOXANE COMPLEX, IN XYLENES",C=C[Si](C)(C)O[Si](C)(C)C=C.[Pt],0.15,L1_Davephos,CN(C)c1ccccc1-c1ccccc1P(C1CCCCC1)C1CCCCC1,0.005,None,None,None,None,None,None,None,None,None,O1_phenylsilane,C1=CC=C(C=C1)[Si]ÔøΩÔøΩ,0.6,None,None,None,None,None,None,none,100,none,0,UPLCMS,P20,362943.1348,311058.0506,,,,,0,,,0,3.1,100,41.7,0.42,0
yk-1536-4-make-product,1536,80,,1536,P,21,E171_2-ethyl-5-methylpyrazole-3-carboxylic acid,CCN1C(=CC(=N1)C)C(=O)O,0.2,N2_hydroxydehydroabietylamine,CC(C)C(C(O)=C1)=CC2=C1[C@]3(C)C(CC2)[C@](C)(CN)CCC3,0.1,,CCn1nc(C)cc1CNC[C@]1(C)CCC[C@]2(C)c3cc(O)c(C(C)C)cc3CCC12,"C1_PLATINUM-1,3-DIVINYL-1,1,3,3-TETRAMETHYLDISILOXANE COMPLEX, IN XYLENES",C=C[Si](C)(C)O[Si](C)(C)C=C.[Pt],0.15,L1_Davephos,CN(C)c1ccccc1-c1ccccc1P(C1CCCCC1)C1CCCCC1,0.005,None,None,None,None,None,None,None,None,None,O1_phenylsilane,C1=CC=C(C=C1)[Si]ÔøΩÔøΩ,0.6,None,None,None,None,None,None,none,100,none,0,UPLCMS,P21,10015.85809,72661.91966,,,,,0,,,1.7,0.7,29.6,36.1,1.22,0
yk-1536-4-make-product,1536,80,,1536,P,22,E265_p-Tolylacetic acid,CC1=CC=C(C=C1)CC(=O)O,0.2,N2_hydroxydehydroabietylamine,CC(C)C(C(O)=C1)=CC2=C1[C@]3(C)C(CC2)[C@](C)(CN)CCC3,0.1,,Cc1ccc(CCNC[C@]2(C)CCC[C@]3(C)c4cc(O)c(C(C)C)cc4CCC23)cc1,"C1_PLATINUM-1,3-DIVINYL-1,1,3,3-TETRAMETHYLDISILOXANE COMPLEX, IN XYLENES",C=C[Si](C)(C)O[Si](C)(C)C=C.[Pt],0.15,L1_Davephos,CN(C)c1ccccc1-c1ccccc1P(C1CCCCC1)C1CCCCC1,0.005,None,None,None,None,None,None,None,None,None,O1_phenylsilane,C1=CC=C(C=C1)[Si]ÔøΩÔøΩ,0.6,None,None,None,None,None,None,none,100,none,0,UPLCMS,P22,50402.28806,89076.19452,,,,,0,,,0,0.9,100,42.7,0.43,0
yk-1536-4-make-product,1536,80,,1536,P,23,E336_Blank16,O=CO,0.2,N2_hydroxydehydroabietylamine,CC(C)C(C(O)=C1)=CC2=C1[C@]3(C)C(CC2)[C@](C)(CN)CCC3,0.1,MainProduct[1023],CC(C)C(C(O)=C1)=CC2=C1[C@]3(C)C(CC2)[C@](C)(CN)CCC3,"C1_PLATINUM-1,3-DIVINYL-1,1,3,3-TETRAMETHYLDISILOXANE COMPLEX, IN XYLENES",C=C[Si](C)(C)O[Si](C)(C)C=C.[Pt],0.15,L1_Davephos,CN(C)c1ccccc1-c1ccccc1P(C1CCCCC1)C1CCCCC1,0.005,None,None,None,None,None,None,None,None,None,O1_phenylsilane,C1=CC=C(C=C1)[Si]ÔøΩÔøΩ,0.6,None,None,None,None,None,None,none,100,none,0,UPLCMS,P23,0,547537,,,,,539297.1694,,,0,5.5,100,0,0,0
yk-1536-4-make-product,1536,80,,1536,P,24,E368_Blank48,O=CO,0.2,N2_hydroxydehydroabietylamine,CC(C)C(C(O)=C1)=CC2=C1[C@]3(C)C(CC2)[C@](C)(CN)CCC3,0.1,MainProduct[1024],CC(C)C(C(O)=C1)=CC2=C1[C@]3(C)C(CC2)[C@](C)(CN)CCC3,"C1_PLATINUM-1,3-DIVINYL-1,1,3,3-TETRAMETHYLDISILOXANE COMPLEX, IN XYLENES",C=C[Si](C)(C)O[Si](C)(C)C=C.[Pt],0.15,L1_Davephos,CN(C)c1ccccc1-c1ccccc1P(C1CCCCC1)C1CCCCC1,0.005,None,None,None,None,None,None,None,None,None,O1_phenylsilane,C1=CC=C(C=C1)[Si]ÔøΩÔøΩ,0.6,None,None,None,None,None,None,none,100,none,0,UPLCMS,P24,0,0,,,,,0,,,0,0,0,0,0,0
yk-1536-4-make-product,1536,80,,1536,P,25,"E25_2-BROMOBENZOIC ACID, 97%",C1=CC=C(C(=C1)C(=O)O)Br,0.2,N3_Scaffold 7,CC(C)C1=CC2=CCC3[C@](C)(CN)CCC[C@]3(C)C2CC1,0.1,,CC(C)C1=CC2=CCC3[C@](C)(CNCc4ccccc4Br)CCC[C@]3(C)C2CC1,"C1_PLATINUM-1,3-DIVINYL-1,1,3,3-TETRAMETHYLDISILOXANE COMPLEX, IN XYLENES",C=C[Si](C)(C)O[Si](C)(C)C=C.[Pt],0.15,L1_Davephos,CN(C)c1ccccc1-c1ccccc1P(C1CCCCC1)C1CCCCC1,0.005,None,None,None,None,None,None,None,None,None,O1_phenylsilane,C1=CC=C(C=C1)[Si]ÔøΩÔøΩ,0.6,None,None,None,None,None,None,none,100,none,0,UPLCMS,P25,346896.2685,1035142.197,656214.1992,1091418.193,0,0,0,0,0,10.9,10.4,48.7,27.1,0.56,0
yk-1536-4-make-product,1536,80,,1536,P,26,"E74_3-(5-(2-FLUOROPHENYL)-1,2,4-OXADIAZOL-3-YL)BENZOIC ACID, 98%",C1=CC=C(C(=C1)C2=NC(=NO2)C3=CC(=CC=C3)C(=O)O)F,0.2,N3_Scaffold 7,CC(C)C1=CC2=CCC3[C@](C)(CN)CCC[C@]3(C)C2CC1,0.1,,CC(C)C1=CC2=CCC3[C@](C)(CNCc4cccc(-c5noc(-c6ccccc6F)n5)c4)CCC[C@]3(C)C2CC1,"C1_PLATINUM-1,3-DIVINYL-1,1,3,3-TETRAMETHYLDISILOXANE COMPLEX, IN XYLENES",C=C[Si](C)(C)O[Si](C)(C)C=C.[Pt],0.15,L1_Davephos,CN(C)c1ccccc1-c1ccccc1P(C1CCCCC1)C1CCCCC1,0.005,None,None,None,None,None,None,None,None,None,O1_phenylsilane,C1=CC=C(C=C1)[Si]ÔøΩÔøΩ,0.6,None,None,None,None,None,None,none,100,none,0,UPLCMS,P26,2234498.644,2666715.462,1350264.437,1802277.055,0,0,0,0,0,18,26.7,59.7,30,0.5,0
yk-1536-4-make-product,1536,80,,1536,P,27,"E120_2-(DIPHENYLPHOSPHINO)BENZOIC ACID, 97%",C1=CC=C(C=C1)P(C2=CC=CC=C2)C3=CC=CC=C3C(=O)O,0.2,N3_Scaffold 7,CC(C)C1=CC2=CCC3[C@](C)(CN)CCC[C@]3(C)C2CC1,0.1,,CC(C)C1=CC2=CCC3[C@](C)(CNCc4ccccc4P(c4ccccc4)c4ccccc4)CCC[C@]3(C)C2CC1,"C1_PLATINUM-1,3-DIVINYL-1,1,3,3-TETRAMETHYLDISILOXANE COMPLEX, IN XYLENES",C=C[Si](C)(C)O[Si](C)(C)C=C.[Pt],0.15,L1_Davephos,CN(C)c1ccccc1-c1ccccc1P(C1CCCCC1)C1CCCCC1,0.005,None,None,None,None,None,None,None,None,None,O1_phenylsilane,C1=CC=C(C=C1)[Si]ÔøΩÔøΩ,0.6,None,None,None,None,None,None,none,100,none,0,UPLCMS,P27,266702.0759,761486.8475,1332174.856,1756640.619,0,0,0,0,0,17.6,7.6,30.2,62.6,2.07,0
yk-1536-4-make-product,1536,80,,1536,P,28,"E159_3,5-difluorobenzoic acid",C1=C(C=C(C=C1F)F)C(=O)O,0.2,N3_Scaffold 7,CC(C)C1=CC2=CCC3[C@](C)(CN)CCC[C@]3(C)C2CC1,0.1,,CC(C)C1=CC2=CCC3[C@](C)(CNCc4cc(F)cc(F)c4)CCC[C@]3(C)C2CC1,"C1_PLATINUM-1,3-DIVINYL-1,1,3,3-TETRAMETHYLDISILOXANE COMPLEX, IN XYLENES",C=C[Si](C)(C)O[Si](C)(C)C=C.[Pt],0.15,L1_Davephos,CN(C)c1ccccc1-c1ccccc1P(C1CCCCC1)C1CCCCC1,0.005,None,None,None,None,None,None,None,None,None,O1_phenylsilane,C1=CC=C(C=C1)[Si]ÔøΩÔøΩ,0.6,None,None,None,None,None,None,none,100,none,0,UPLCMS,P28,148305.6105,288572.3518,1503913.979,1759249.931,0,0,0,4103.92634,0,17.6,2.9,14.1,18.2,1.29,0
yk-1536-4-make-product,1536,80,,1536,P,29,E201_2-[4-(2-methylpropyl)phenyl]propanoic acid,CC(C)CC1=CC=C(C=C1)C(C)C(=O)O,0.2,N3_Scaffold 7,CC(C)C1=CC2=CCC3[C@](C)(CN)CCC[C@]3(C)C2CC1,0.1,,CC(C)Cc1ccc(C(C)CNC[C@]2(C)CCC[C@]3(C)C4CCC(C(C)C)=CC4=CCC23)cc1,"C1_PLATINUM-1,3-DIVINYL-1,1,3,3-TETRAMETHYLDISILOXANE COMPLEX, IN XYLENES",C=C[Si](C)(C)O[Si](C)(C)C=C.[Pt],0.15,L1_Davephos,CN(C)c1ccccc1-c1ccccc1P(C1CCCCC1)C1CCCCC1,0.005,None,None,None,None,None,None,None,None,None,O1_phenylsilane,C1=CC=C(C=C1)[Si]ÔøΩÔøΩ,0.6,None,None,None,None,None,None,none,100,none,0,UPLCMS,P29,55256.85996,248041.728,1135900.231,1236062.258,0,0,0,0,0,12.4,2.5,16.7,22.4,1.34,0
yk-1536-4-make-product,1536,80,,1536,P,30,"E247_1-PYRENEBUTYRIC ACID, 97%",C1=CC2=C3C(=C1)C=CC4=C(C=CC(=C43)C=C2)CCCC(=O)O,0.2,N3_Scaffold 7,CC(C)C1=CC2=CCC3[C@](C)(CN)CCC[C@]3(C)C2CC1,0.1,,CC(C)C1=CC2=CCC3[C@](C)(CNCCCCc4ccc5ccc6cccc7ccc4c5c67)CCC[C@]3(C)C2CC1,"C1_PLATINUM-1,3-DIVINYL-1,1,3,3-TETRAMETHYLDISILOXANE COMPLEX, IN XYLENES",C=C[Si](C)(C)O[Si](C)(C)C=C.[Pt],0.15,L1_Davephos,CN(C)c1ccccc1-c1ccccc1P(C1CCCCC1)C1CCCCC1,0.005,None,None,None,None,None,None,None,None,None,O1_phenylsilane,C1=CC=C(C=C1)[Si]ÔøΩÔøΩ,0.6,None,None,None,None,None,None,none,100,none,0,UPLCMS,P30,1422287.723,1226290.95,99353.35151,365866.8036,0,0,0,0,0,3.7,12.3,76.8,28.5,0.37,0
yk-1536-4-make-product,1536,80,,1536,P,31,E300_Trifluoromethyl)phenylacetic acid,C1=CC(=CC(=C1)C(F)(F)F)CC(=O)O,0.2,N3_Scaffold 7,CC(C)C1=CC2=CCC3[C@](C)(CN)CCC[C@]3(C)C2CC1,0.1,,CC(C)C1=CC2=CCC3[C@](C)(CNCCc4cccc(C(F)(F)F)c4)CCC[C@]3(C)C2CC1,"C1_PLATINUM-1,3-DIVINYL-1,1,3,3-TETRAMETHYLDISILOXANE COMPLEX, IN XYLENES",C=C[Si](C)(C)O[Si](C)(C)C=C.[Pt],0.15,L1_Davephos,CN(C)c1ccccc1-c1ccccc1P(C1CCCCC1)C1CCCCC1,0.005,None,None,None,None,None,None,None,None,None,O1_phenylsilane,C1=CC=C(C=C1)[Si]ÔøΩÔøΩ,0.6,None,None,None,None,None,None,none,100,none,0,UPLCMS,P31,15939.27829,36211.05038,1181502.064,1222027.387,0,0,0,0,0,12.2,0.4,2.9,17.2,5.92,0
yk-1536-4-make-product,1536,80,,1536,P,32,"E42_(¬±)-ALPHA-METHYLHYDROCINNAMIC ACID, 98%",CC(CC1=CC=CC=C1)C(=O)O,0.2,N3_Scaffold 7,CC(C)C1=CC2=CCC3[C@](C)(CN)CCC[C@]3(C)C2CC1,0.1,,CC(CNC[C@]1(C)CCC[C@]2(C)C3CCC(C(C)C)=CC3=CCC12)Cc1ccccc1,"C1_PLATINUM-1,3-DIVINYL-1,1,3,3-TETRAMETHYLDISILOXANE COMPLEX, IN XYLENES",C=C[Si](C)(C)O[Si](C)(C)C=C.[Pt],0.15,L1_Davephos,CN(C)c1ccccc1-c1ccccc1P(C1CCCCC1)C1CCCCC1,0.005,None,None,None,None,None,None,None,None,None,O1_phenylsilane,C1=CC=C(C=C1)[Si]ÔøΩÔøΩ,0.6,None,None,None,None,None,None,none,100,none,0,UPLCMS,P32,1027178.296,932899.061,68764.6679,210995.5237,0,0,0,0,0,2.1,9.3,81.6,19,0.23,0
yk-1536-4-make-product,1536,80,,1536,P,33,E171_2-ethyl-5-methylpyrazole-3-carboxylic acid,CCN1C(=CC(=N1)C)C(=O)O,0.2,N3_Scaffold 7,CC(C)C1=CC2=CCC3[C@](C)(CN)CCC[C@]3(C)C2CC1,0.1,,CCn1nc(C)cc1CNC[C@]1(C)CCC[C@]2(C)C3CCC(C(C)C)=CC3=CCC12,"C1_PLATINUM-1,3-DIVINYL-1,1,3,3-TETRAMETHYLDISILOXANE COMPLEX, IN XYLENES",C=C[Si](C)(C)O[Si](C)(C)C=C.[Pt],0.15,L1_Davephos,CN(C)c1ccccc1-c1ccccc1P(C1CCCCC1)C1CCCCC1,0.005,None,None,None,None,None,None,None,None,None,O1_phenylsilane,C1=CC=C(C=C1)[Si]ÔøΩÔøΩ,0.6,None,None,None,None,None,None,none,100,none,0,UPLCMS,P33,94915.74488,182917.0173,962206.6852,1003229.995,0,0,0,13029.89223,0,10,1.8,15.5,15.1,0.97,0
yk-1536-4-make-product,1536,80,,1536,P,34,E265_p-Tolylacetic acid,CC1=CC=C(C=C1)CC(=O)O,0.2,N3_Scaffold 7,CC(C)C1=CC2=CCC3[C@](C)(CN)CCC[C@]3(C)C2CC1,0.1,,Cc1ccc(CCNC[C@]2(C)CCC[C@]3(C)C4CCC(C(C)C)=CC4=CCC23)cc1,"C1_PLATINUM-1,3-DIVINYL-1,1,3,3-TETRAMETHYLDISILOXANE COMPLEX, IN XYLENES",C=C[Si](C)(C)O[Si](C)(C)C=C.[Pt],0.15,L1_Davephos,CN(C)c1ccccc1-c1ccccc1P(C1CCCCC1)C1CCCCC1,0.005,None,None,None,None,None,None,None,None,None,O1_phenylsilane,C1=CC=C(C=C1)[Si]ÔøΩÔøΩ,0.6,None,None,None,None,None,None,none,100,none,0,UPLCMS,P34,575573.8878,557523.781,37345.66301,156136.6021,0,0,0,0,0,1.6,5.6,77.7,2.3,0.03,0
yk-1536-4-make-product,1536,80,,1536,P,35,E336_Blank16,O=CO,0.2,N3_Scaffold 7,CC(C)C1=CC2=CCC3[C@](C)(CN)CCC[C@]3(C)C2CC1,0.1,MainProduct[1036],CC(C)C1=CC2=CCC3[C@](C)(CN)CCC[C@]3(C)C2CC1,"C1_PLATINUM-1,3-DIVINYL-1,1,3,3-TETRAMETHYLDISILOXANE COMPLEX, IN XYLENES",C=C[Si](C)(C)O[Si](C)(C)C=C.[Pt],0.15,L1_Davephos,CN(C)c1ccccc1-c1ccccc1P(C1CCCCC1)C1CCCCC1,0.005,None,None,None,None,None,None,None,None,None,O1_phenylsilane,C1=CC=C(C=C1)[Si]ÔøΩÔøΩ,0.6,None,None,None,None,None,None,none,100,none,0,UPLCMS,P35,0,1108511.704,0,0,0,0,1072964.684,0,0,0,11.1,100,0,0,0
yk-1536-4-make-product,1536,80,,1536,P,36,E368_Blank48,O=CO,0.2,N3_Scaffold 7,CC(C)C1=CC2=CCC3[C@](C)(CN)CCC[C@]3(C)C2CC1,0.1,MainProduct[1037],CC(C)C1=CC2=CCC3[C@](C)(CN)CCC[C@]3(C)C2CC1,"C1_PLATINUM-1,3-DIVINYL-1,1,3,3-TETRAMETHYLDISILOXANE COMPLEX, IN XYLENES",C=C[Si](C)(C)O[Si](C)(C)C=C.[Pt],0.15,L1_Davephos,CN(C)c1ccccc1-c1ccccc1P(C1CCCCC1)C1CCCCC1,0.005,None,None,None,None,None,None,None,None,None,O1_phenylsilane,C1=CC=C(C=C1)[Si]ÔøΩÔøΩ,0.6,None,None,None,None,None,None,none,100,none,0,UPLCMS,P36,0,0,0,0,0,0,0,0,0,0,0,0,0,0,0
yk-1536-4-make-product,1536,80,,1536,P,37,"E25_2-BROMOBENZOIC ACID, 97%",C1=CC=C(C(=C1)C(=O)O)Br,0.2,N4_Scaffold 6,CCNC[C@@]1(C)C2[C@](C)(CCC1)c3c(CC2)cc(C(C)C)c(c3)N,0.1,,CCNC[C@]1(C)CCC[C@]2(C)c3cc(NCc4ccccc4Br)c(C(C)C)cc3CCC12,"C1_PLATINUM-1,3-DIVINYL-1,1,3,3-TETRAMETHYLDISILOXANE COMPLEX, IN XYLENES",C=C[Si](C)(C)O[Si](C)(C)C=C.[Pt],0.15,L1_Davephos,CN(C)c1ccccc1-c1ccccc1P(C1CCCCC1)C1CCCCC1,0.005,None,None,None,None,None,None,None,None,None,O1_phenylsilane,C1=CC=C(C=C1)[Si]ÔøΩÔøΩ,0.6,None,None,None,None,None,None,none,100,none,0,UPLCMS,P37,57300.23245,0,0,0,2051339.181,1975797.355,0,0,0,19.8,0,0,-8.5,0,0
yk-1536-4-make-product,1536,80,,1536,P,38,"E74_3-(5-(2-FLUOROPHENYL)-1,2,4-OXADIAZOL-3-YL)BENZOIC ACID, 98%",C1=CC=C(C(=C1)C2=NC(=NO2)C3=CC(=CC=C3)C(=O)O)F,0.2,N4_Scaffold 6,CCNC[C@@]1(C)C2[C@](C)(CCC1)c3c(CC2)cc(C(C)C)c(c3)N,0.1,,CCNC[C@]1(C)CCC[C@]2(C)c3cc(NCc4cccc(-c5noc(-c6ccccc6F)n5)c4)c(C(C)C)cc3CCC12,"C1_PLATINUM-1,3-DIVINYL-1,1,3,3-TETRAMETHYLDISILOXANE COMPLEX, IN XYLENES",C=C[Si](C)(C)O[Si](C)(C)C=C.[Pt],0.15,L1_Davephos,CN(C)c1ccccc1-c1ccccc1P(C1CCCCC1)C1CCCCC1,0.005,None,None,None,None,None,None,None,None,None,O1_phenylsilane,C1=CC=C(C=C1)[Si]ÔøΩÔøΩ,0.6,None,None,None,None,None,None,none,100,none,0,UPLCMS,P38,41048.94743,90847.42026,0,0,1448075.641,1738671.272,61429.15984,0,0,17.4,0.9,5,10.1,2.02,0
yk-1536-4-make-product,1536,80,,1536,P,39,"E120_2-(DIPHENYLPHOSPHINO)BENZOIC ACID, 97%",C1=CC=C(C=C1)P(C2=CC=CC=C2)C3=CC=CC=C3C(=O)O,0.2,N4_Scaffold 6,CCNC[C@@]1(C)C2[C@](C)(CCC1)c3c(CC2)cc(C(C)C)c(c3)N,0.1,,CCNC[C@]1(C)CCC[C@]2(C)c3cc(NCc4ccccc4P(c4ccccc4)c4ccccc4)c(C(C)C)cc3CCC12,"C1_PLATINUM-1,3-DIVINYL-1,1,3,3-TETRAMETHYLDISILOXANE COMPLEX, IN XYLENES",C=C[Si](C)(C)O[Si](C)(C)C=C.[Pt],0.15,L1_Davephos,CN(C)c1ccccc1-c1ccccc1P(C1CCCCC1)C1CCCCC1,0.005,None,None,None,None,None,None,None,None,None,O1_phenylsilane,C1=CC=C(C=C1)[Si]ÔøΩÔøΩ,0.6,None,None,None,None,None,None,none,100,none,0,UPLCMS,P39,0,0,0,0,664895.5728,496371.0095,0,0,327.40255,5,0,0,18.8,0,0
yk-1536-4-make-product,1536,80,,1536,P,40,"E159_3,5-difluorobenzoic acid",C1=C(C=C(C=C1F)F)C(=O)O,0.2,N4_Scaffold 6,CCNC[C@@]1(C)C2[C@](C)(CCC1)c3c(CC2)cc(C(C)C)c(c3)N,0.1,,CCNC[C@]1(C)CCC[C@]2(C)c3cc(NCc4cc(F)cc(F)c4)c(C(C)C)cc3CCC12,"C1_PLATINUM-1,3-DIVINYL-1,1,3,3-TETRAMETHYLDISILOXANE COMPLEX, IN XYLENES",C=C[Si](C)(C)O[Si](C)(C)C=C.[Pt],0.15,L1_Davephos,CN(C)c1ccccc1-c1ccccc1P(C1CCCCC1)C1CCCCC1,0.005,None,None,None,None,None,None,None,None,None,O1_phenylsilane,C1=CC=C(C=C1)[Si]ÔøΩÔøΩ,0.6,None,None,None,None,None,None,none,100,none,0,UPLCMS,P40,47958.29852,0,0,0,1183103.691,1178100.337,0,0,0,11.8,0,0,28,0,0
yk-1536-4-make-product,1536,80,,1536,P,41,E201_2-[4-(2-methylpropyl)phenyl]propanoic acid,CC(C)CC1=CC=C(C=C1)C(C)C(=O)O,0.2,N4_Scaffold 6,CCNC[C@@]1(C)C2[C@](C)(CCC1)c3c(CC2)cc(C(C)C)c(c3)N,0.1,,CCNC[C@]1(C)CCC[C@]2(C)c3cc(NCC(C)c4ccc(CC(C)C)cc4)c(C(C)C)cc3CCC12,"C1_PLATINUM-1,3-DIVINYL-1,1,3,3-TETRAMETHYLDISILOXANE COMPLEX, IN XYLENES",C=C[Si](C)(C)O[Si](C)(C)C=C.[Pt],0.15,L1_Davephos,CN(C)c1ccccc1-c1ccccc1P(C1CCCCC1)C1CCCCC1,0.005,None,None,None,None,None,None,None,None,None,O1_phenylsilane,C1=CC=C(C=C1)[Si]ÔøΩÔøΩ,0.6,None,None,None,None,None,None,none,100,none,0,UPLCMS,P41,27254.47186,468484.4256,0,0,986819.5103,925468.6385,0,0,0,9.3,4.7,33.5,24.8,0.74,0
yk-1536-4-make-product,1536,80,,1536,P,42,"E247_1-PYRENEBUTYRIC ACID, 97%",C1=CC2=C3C(=C1)C=CC4=C(C=CC(=C43)C=C2)CCCC(=O)O,0.2,N4_Scaffold 6,CCNC[C@@]1(C)C2[C@](C)(CCC1)c3c(CC2)cc(C(C)C)c(c3)N,0.1,,CCNC[C@]1(C)CCC[C@]2(C)c3cc(NCCCCc4ccc5ccc6cccc7ccc4c5c67)c(C(C)C)cc3CCC12,"C1_PLATINUM-1,3-DIVINYL-1,1,3,3-TETRAMETHYLDISILOXANE COMPLEX, IN XYLENES",C=C[Si](C)(C)O[Si](C)(C)C=C.[Pt],0.15,L1_Davephos,CN(C)c1ccccc1-c1ccccc1P(C1CCCCC1)C1CCCCC1,0.005,None,None,None,None,None,None,None,None,None,O1_phenylsilane,C1=CC=C(C=C1)[Si]ÔøΩÔøΩ,0.6,None,None,None,None,None,None,none,100,none,0,UPLCMS,P42,726427.7211,2448036.086,0,0,587954.2706,401881.7821,31642.36264,0,0,4,24.5,86,28.6,0.33,0
yk-1536-4-make-product,1536,80,,1536,P,43,E300_Trifluoromethyl)phenylacetic acid,C1=CC(=CC(=C1)C(F)(F)F)CC(=O)O,0.2,N4_Scaffold 6,CCNC[C@@]1(C)C2[C@](C)(CCC1)c3c(CC2)cc(C(C)C)c(c3)N,0.1,,CCNC[C@]1(C)CCC[C@]2(C)c3cc(NCCc4cccc(C(F)(F)F)c4)c(C(C)C)cc3CCC12,"C1_PLATINUM-1,3-DIVINYL-1,1,3,3-TETRAMETHYLDISILOXANE COMPLEX, IN XYLENES",C=C[Si](C)(C)O[Si](C)(C)C=C.[Pt],0.15,L1_Davephos,CN(C)c1ccccc1-c1ccccc1P(C1CCCCC1)C1CCCCC1,0.005,None,None,None,None,None,None,None,None,None,O1_phenylsilane,C1=CC=C(C=C1)[Si]ÔøΩÔøΩ,0.6,None,None,None,None,None,None,none,100,none,0,UPLCMS,P43,3275.32744,0,0,0,1378329.522,1668874.8,8492.98588,0,0,16.7,0,0,9.4,0,0
yk-1536-4-make-product,1536,80,,1536,P,44,"E42_(¬±)-ALPHA-METHYLHYDROCINNAMIC ACID, 98%",CC(CC1=CC=CC=C1)C(=O)O,0.2,N4_Scaffold 6,CCNC[C@@]1(C)C2[C@](C)(CCC1)c3c(CC2)cc(C(C)C)c(c3)N,0.1,,CCNC[C@]1(C)CCC[C@]2(C)c3cc(NCC(C)Cc4ccccc4)c(C(C)C)cc3CCC12,"C1_PLATINUM-1,3-DIVINYL-1,1,3,3-TETRAMETHYLDISILOXANE COMPLEX, IN XYLENES",C=C[Si](C)(C)O[Si](C)(C)C=C.[Pt],0.15,L1_Davephos,CN(C)c1ccccc1-c1ccccc1P(C1CCCCC1)C1CCCCC1,0.005,None,None,None,None,None,None,None,None,None,O1_phenylsilane,C1=CC=C(C=C1)[Si]ÔøΩÔøΩ,0.6,None,None,None,None,None,None,none,100,none,0,UPLCMS,P44,145234.5095,498824.6234,0,0,1187627.152,1351798.55,20112.06935,0,0,13.5,5,27,23.5,0.87,0
yk-1536-4-make-product,1536,80,,1536,P,45,E171_2-ethyl-5-methylpyrazole-3-carboxylic acid,CCN1C(=CC(=N1)C)C(=O)O,0.2,N4_Scaffold 6,CCNC[C@@]1(C)C2[C@](C)(CCC1)c3c(CC2)cc(C(C)C)c(c3)N,0.1,,CCNC[C@]1(C)CCC[C@]2(C)c3cc(NCc4cc(C)nn4CC)c(C(C)C)cc3CCC12,"C1_PLATINUM-1,3-DIVINYL-1,1,3,3-TETRAMETHYLDISILOXANE COMPLEX, IN XYLENES",C=C[Si](C)(C)O[Si](C)(C)C=C.[Pt],0.15,L1_Davephos,CN(C)c1ccccc1-c1ccccc1P(C1CCCCC1)C1CCCCC1,0.005,None,None,None,None,None,None,None,None,None,O1_phenylsilane,C1=CC=C(C=C1)[Si]ÔøΩÔøΩ,0.6,None,None,None,None,None,None,none,100,none,0,UPLCMS,P45,14191.30773,0,0,0,1052058.719,1173103.512,12158.74508,0,0,11.7,0,0,15.1,0,0
yk-1536-4-make-product,1536,80,,1536,P,46,E265_p-Tolylacetic acid,CC1=CC=C(C=C1)CC(=O)O,0.2,N4_Scaffold 6,CCNC[C@@]1(C)C2[C@](C)(CCC1)c3c(CC2)cc(C(C)C)c(c3)N,0.1,,CCNC[C@]1(C)CCC[C@]2(C)c3cc(NCCc4ccc(C)cc4)c(C(C)C)cc3CCC12,"C1_PLATINUM-1,3-DIVINYL-1,1,3,3-TETRAMETHYLDISILOXANE COMPLEX, IN XYLENES",C=C[Si](C)(C)O[Si](C)(C)C=C.[Pt],0.15,L1_Davephos,CN(C)c1ccccc1-c1ccccc1P(C1CCCCC1)C1CCCCC1,0.005,None,None,None,None,None,None,None,None,None,O1_phenylsilane,C1=CC=C(C=C1)[Si]ÔøΩÔøΩ,0.6,None,None,None,None,None,None,none,100,none,0,UPLCMS,P46,452477.5094,1786613.93,0,0,903408.0467,791897.7815,29159.01762,0,0,7.9,17.9,69.3,15.5,0.22,0
yk-1536-4-make-product,1536,80,,1536,P,47,E336_Blank16,O=CO,0.2,N4_Scaffold 6,CCNC[C@@]1(C)C2[C@](C)(CCC1)c3c(CC2)cc(C(C)C)c(c3)N,0.1,MainProduct[1049],CCNC[C@@]1(C)C2[C@](C)(CCC1)c3c(CC2)cc(C(C)C)c(c3)N,"C1_PLATINUM-1,3-DIVINYL-1,1,3,3-TETRAMETHYLDISILOXANE COMPLEX, IN XYLENES",C=C[Si](C)(C)O[Si](C)(C)C=C.[Pt],0.15,L1_Davephos,CN(C)c1ccccc1-c1ccccc1P(C1CCCCC1)C1CCCCC1,0.005,None,None,None,None,None,None,None,None,None,O1_phenylsilane,C1=CC=C(C=C1)[Si]ÔøΩÔøΩ,0.6,None,None,None,None,None,None,none,100,none,0,UPLCMS,P47,0,971904.8203,0,0,0,0,952128.3401,0,0,0,9.7,100,0,0,0
yk-1536-4-make-product,1536,80,,1536,P,48,E368_Blank48,O=CO,0.2,N4_Scaffold 6,CCNC[C@@]1(C)C2[C@](C)(CCC1)c3c(CC2)cc(C(C)C)c(c3)N,0.1,MainProduct[1050],CCNC[C@@]1(C)C2[C@](C)(CCC1)c3c(CC2)cc(C(C)C)c(c3)N,"C1_PLATINUM-1,3-DIVINYL-1,1,3,3-TETRAMETHYLDISILOXANE COMPLEX, IN XYLENES",C=C[Si](C)(C)O[Si](C)(C)C=C.[Pt],0.15,L1_Davephos,CN(C)c1ccccc1-c1ccccc1P(C1CCCCC1)C1CCCCC1,0.005,None,None,None,None,None,None,None,None,None,O1_phenylsilane,C1=CC=C(C=C1)[Si]ÔøΩÔøΩ,0.6,None,None,None,None,None,None,none,100,none,0,UPLCMS,P48,0,0,0,0,0,0,0,0,0,0,0,0,0,0,0
yk-1536-4-make-product,1536,80,,1536,Q,1,"E28_4-IODOBENZOIC ACID, 98%",C1=CC(=CC=C1C(=O)O)I,0.2,N1_(+)-Dehydroabietylamine,CC(C)c1ccc2c(c1)CC[C@H]1[C@](C)(CN)CCC[C@]21C,0.1,,CC(C)c1ccc2c(c1)CC[C@H]1[C@](C)(CNCc3ccc(I)cc3)CCC[C@]21C,"C1_PLATINUM-1,3-DIVINYL-1,1,3,3-TETRAMETHYLDISILOXANE COMPLEX, IN XYLENES",C=C[Si](C)(C)O[Si](C)(C)C=C.[Pt],0.15,L1_Davephos,CN(C)c1ccccc1-c1ccccc1P(C1CCCCC1)C1CCCCC1,0.005,None,None,None,None,None,None,None,None,None,O1_phenylsilane,C1=CC=C(C=C1)[Si]ÔøΩÔøΩ,0.6,None,None,None,None,None,None,none,100,none,0,UPLCMS,Q1,0,0,,,,,0,,,55.53,0,0,97.3,0,7.98
yk-1536-4-make-product,1536,80,,1536,Q,2,"E75_4-FLUORO-1-NAPHTHOIC ACID, 97%",C1=CC=C2C(=C1)C(=CC=C2F)C(=O)O,0.2,N1_(+)-Dehydroabietylamine,CC(C)c1ccc2c(c1)CC[C@H]1[C@](C)(CN)CCC[C@]21C,0.1,,CC(C)c1ccc2c(c1)CC[C@H]1[C@](C)(CNCc3ccc(F)c4ccccc34)CCC[C@]21C,"C1_PLATINUM-1,3-DIVINYL-1,1,3,3-TETRAMETHYLDISILOXANE COMPLEX, IN XYLENES",C=C[Si](C)(C)O[Si](C)(C)C=C.[Pt],0.15,L1_Davephos,CN(C)c1ccccc1-c1ccccc1P(C1CCCCC1)C1CCCCC1,0.005,None,None,None,None,None,None,None,None,None,O1_phenylsilane,C1=CC=C(C=C1)[Si]ÔøΩÔøΩ,0.6,None,None,None,None,None,None,none,100,none,0,UPLCMS,Q2,3366167.026,1889458.778,,,,,0,,,32.81,18.9,36.5,87.4,2.39,-2.19
yk-1536-4-make-product,1536,80,,1536,Q,3,"E121_3,5-DI-TERT-BUTYL-4-HYDROXYBENZOIC ACID, 97%",CC(C)(C)C1=CC(=CC(=C1O)C(C)(C)C)C(=O)O,0.2,N1_(+)-Dehydroabietylamine,CC(C)c1ccc2c(c1)CC[C@H]1[C@](C)(CN)CCC[C@]21C,0.1,,CC(C)c1ccc2c(c1)CC[C@H]1[C@](C)(CNCc3cc(C(C)(C)C)c(O)c(C(C)(C)C)c3)CCC[C@]21C,"C1_PLATINUM-1,3-DIVINYL-1,1,3,3-TETRAMETHYLDISILOXANE COMPLEX, IN XYLENES",C=C[Si](C)(C)O[Si](C)(C)C=C.[Pt],0.15,L1_Davephos,CN(C)c1ccccc1-c1ccccc1P(C1CCCCC1)C1CCCCC1,0.005,None,None,None,None,None,None,None,None,None,O1_phenylsilane,C1=CC=C(C=C1)[Si]ÔøΩÔøΩ,0.6,None,None,None,None,None,None,none,100,none,0,UPLCMS,Q3,4328898.549,3448215.173,,,,,453129.7027,,,34.47,34.5,50,92.2,1.84,-1.01
yk-1536-4-make-product,1536,80,,1536,Q,4,"E160_2,6-difluorobenzoic acid",C1=CC(=C(C(=C1)F)C(=O)O)F,0.2,N1_(+)-Dehydroabietylamine,CC(C)c1ccc2c(c1)CC[C@H]1[C@](C)(CN)CCC[C@]21C,0.1,,CC(C)c1ccc2c(c1)CC[C@H]1[C@](C)(CNCc3c(F)cccc3F)CCC[C@]21C,"C1_PLATINUM-1,3-DIVINYL-1,1,3,3-TETRAMETHYLDISILOXANE COMPLEX, IN XYLENES",C=C[Si](C)(C)O[Si](C)(C)C=C.[Pt],0.15,L1_Davephos,CN(C)c1ccccc1-c1ccccc1P(C1CCCCC1)C1CCCCC1,0.005,None,None,None,None,None,None,None,None,None,O1_phenylsilane,C1=CC=C(C=C1)[Si]ÔøΩÔøΩ,0.6,None,None,None,None,None,None,none,100,none,0,UPLCMS,Q4,181396.2626,672064.9394,,,,,600162.0338,,,20.3,6.7,24.9,15.6,0.63,0
yk-1536-4-make-product,1536,80,,1536,Q,5,"E202_(9Z,12Z)-octadeca-9,12-dienoic acid",CCCCCC=CCC=CCCCCCCCC(=O)O,0.2,N1_(+)-Dehydroabietylamine,CC(C)c1ccc2c(c1)CC[C@H]1[C@](C)(CN)CCC[C@]21C,0.1,,CCCCCC=CCC=CCCCCCCCCNC[C@]1(C)CCC[C@]2(C)c3ccc(C(C)C)cc3CC[C@@H]12,"C1_PLATINUM-1,3-DIVINYL-1,1,3,3-TETRAMETHYLDISILOXANE COMPLEX, IN XYLENES",C=C[Si](C)(C)O[Si](C)(C)C=C.[Pt],0.15,L1_Davephos,CN(C)c1ccccc1-c1ccccc1P(C1CCCCC1)C1CCCCC1,0.005,None,None,None,None,None,None,None,None,None,O1_phenylsilane,C1=CC=C(C=C1)[Si]ÔøΩÔøΩ,0.6,None,None,None,None,None,None,none,100,none,0,UPLCMS,Q5,0,0,,,,,0,,,4.61,0,0,4.9,0,0
yk-1536-4-make-product,1536,80,,1536,Q,6,E248_3-(3-Pyridyl)propionic acid,C1=CC(=CN=C1)CCC(=O)O,0.2,N1_(+)-Dehydroabietylamine,CC(C)c1ccc2c(c1)CC[C@H]1[C@](C)(CN)CCC[C@]21C,0.1,,CC(C)c1ccc2c(c1)CC[C@H]1[C@](C)(CNCCCc3cccnc3)CCC[C@]21C,"C1_PLATINUM-1,3-DIVINYL-1,1,3,3-TETRAMETHYLDISILOXANE COMPLEX, IN XYLENES",C=C[Si](C)(C)O[Si](C)(C)C=C.[Pt],0.15,L1_Davephos,CN(C)c1ccccc1-c1ccccc1P(C1CCCCC1)C1CCCCC1,0.005,None,None,None,None,None,None,None,None,None,O1_phenylsilane,C1=CC=C(C=C1)[Si]ÔøΩÔøΩ,0.6,None,None,None,None,None,None,none,100,none,0,UPLCMS,Q6,1222470.819,1222470,,,,,0,,,16.07,12.2,43.2,70.9,1.64,-10.88
yk-1536-4-make-product,1536,80,,1536,Q,7,E302_3-(2-Naphthyl)propanoic Acid,C1=CC=C2C=C(C=CC2=C1)CCC(=O)O,0.2,N1_(+)-Dehydroabietylamine,CC(C)c1ccc2c(c1)CC[C@H]1[C@](C)(CN)CCC[C@]21C,0.1,,CC(C)c1ccc2c(c1)CC[C@H]1[C@](C)(CNCCCc3ccc4ccccc4c3)CCC[C@]21C,"C1_PLATINUM-1,3-DIVINYL-1,1,3,3-TETRAMETHYLDISILOXANE COMPLEX, IN XYLENES",C=C[Si](C)(C)O[Si](C)(C)C=C.[Pt],0.15,L1_Davephos,CN(C)c1ccccc1-c1ccccc1P(C1CCCCC1)C1CCCCC1,0.005,None,None,None,None,None,None,None,None,None,O1_phenylsilane,C1=CC=C(C=C1)[Si]ÔøΩÔøΩ,0.6,None,None,None,None,None,None,none,100,none,0,UPLCMS,Q7,4867858.122,3209748.011,,,,,0,,,4,32.1,88.9,44.2,0.5,0
yk-1536-4-make-product,1536,80,,1536,Q,8,"E44_4-PYRAZOLECARBOXYLIC ACID, 97+%",C1=C(C=NN1)C(=O)O,0.2,N1_(+)-Dehydroabietylamine,CC(C)c1ccc2c(c1)CC[C@H]1[C@](C)(CN)CCC[C@]21C,0.1,,CC(C)c1ccc2c(c1)CC[C@H]1[C@](C)(CNCc3cn[nH]c3)CCC[C@]21C,"C1_PLATINUM-1,3-DIVINYL-1,1,3,3-TETRAMETHYLDISILOXANE COMPLEX, IN XYLENES",C=C[Si](C)(C)O[Si](C)(C)C=C.[Pt],0.15,L1_Davephos,CN(C)c1ccccc1-c1ccccc1P(C1CCCCC1)C1CCCCC1,0.005,None,None,None,None,None,None,None,None,None,O1_phenylsilane,C1=CC=C(C=C1)[Si]ÔøΩÔøΩ,0.6,None,None,None,None,None,None,none,100,none,0,UPLCMS,Q8,84080.15214,1915112.461,,,,,2035554.273,,,19.15,19.2,50,22.1,0.44,0
yk-1536-4-make-product,1536,80,,1536,Q,9,E174_2-(4-fluorophenyl)acetic acid,C1=CC(=CC=C1CC(=O)O)F,0.2,N1_(+)-Dehydroabietylamine,CC(C)c1ccc2c(c1)CC[C@H]1[C@](C)(CN)CCC[C@]21C,0.1,,CC(C)c1ccc2c(c1)CC[C@H]1[C@](C)(CNCCc3ccc(F)cc3)CCC[C@]21C,"C1_PLATINUM-1,3-DIVINYL-1,1,3,3-TETRAMETHYLDISILOXANE COMPLEX, IN XYLENES",C=C[Si](C)(C)O[Si](C)(C)C=C.[Pt],0.15,L1_Davephos,CN(C)c1ccccc1-c1ccccc1P(C1CCCCC1)C1CCCCC1,0.005,None,None,None,None,None,None,None,None,None,O1_phenylsilane,C1=CC=C(C=C1)[Si]ÔøΩÔøΩ,0.6,None,None,None,None,None,None,none,100,none,0,UPLCMS,Q9,4218663.043,2791857.169,,,,,0,,,1.55,27.9,94.7,9.5,0.1,0
yk-1536-4-make-product,1536,80,,1536,Q,10,E268_Tetrahydrofuran-3-carboxylic acid,C1COCC1C(=O)O,0.2,N1_(+)-Dehydroabietylamine,CC(C)c1ccc2c(c1)CC[C@H]1[C@](C)(CN)CCC[C@]21C,0.1,,CC(C)c1ccc2c(c1)CC[C@H]1[C@](C)(CNCC3CCOC3)CCC[C@]21C,"C1_PLATINUM-1,3-DIVINYL-1,1,3,3-TETRAMETHYLDISILOXANE COMPLEX, IN XYLENES",C=C[Si](C)(C)O[Si](C)(C)C=C.[Pt],0.15,L1_Davephos,CN(C)c1ccccc1-c1ccccc1P(C1CCCCC1)C1CCCCC1,0.005,None,None,None,None,None,None,None,None,None,O1_phenylsilane,C1=CC=C(C=C1)[Si]ÔøΩÔøΩ,0.6,None,None,None,None,None,None,none,100,none,0,UPLCMS,Q10,2412685.633,2932084.943,,,,,0,,,2.38,29.3,92.5,11.9,0.13,0
yk-1536-4-make-product,1536,80,,1536,Q,11,E337_Blank17,O=CO,0.2,N1_(+)-Dehydroabietylamine,CC(C)c1ccc2c(c1)CC[C@H]1[C@](C)(CN)CCC[C@]21C,0.1,MainProduct[1058],CC(C)c1ccc2c(c1)CC[C@H]1[C@](C)(CN)CCC[C@]21C,"C1_PLATINUM-1,3-DIVINYL-1,1,3,3-TETRAMETHYLDISILOXANE COMPLEX, IN XYLENES",C=C[Si](C)(C)O[Si](C)(C)C=C.[Pt],0.15,L1_Davephos,CN(C)c1ccccc1-c1ccccc1P(C1CCCCC1)C1CCCCC1,0.005,None,None,None,None,None,None,None,None,None,O1_phenylsilane,C1=CC=C(C=C1)[Si]ÔøΩÔøΩ,0.6,None,None,None,None,None,None,none,100,none,0,UPLCMS,Q11,0,1949312.158,,,,,2152778.702,,,0,19.5,100,0,0,0
yk-1536-4-make-product,1536,80,,1536,Q,12,E369_Blank49,O=CO,0.2,N1_(+)-Dehydroabietylamine,CC(C)c1ccc2c(c1)CC[C@H]1[C@](C)(CN)CCC[C@]21C,0.1,MainProduct[1059],CC(C)c1ccc2c(c1)CC[C@H]1[C@](C)(CN)CCC[C@]21C,"C1_PLATINUM-1,3-DIVINYL-1,1,3,3-TETRAMETHYLDISILOXANE COMPLEX, IN XYLENES",C=C[Si](C)(C)O[Si](C)(C)C=C.[Pt],0.15,L1_Davephos,CN(C)c1ccccc1-c1ccccc1P(C1CCCCC1)C1CCCCC1,0.005,None,None,None,None,None,None,None,None,None,O1_phenylsilane,C1=CC=C(C=C1)[Si]ÔøΩÔøΩ,0.6,None,None,None,None,None,None,none,100,none,0,UPLCMS,Q12,0,0,,,,,0,,,0,0,0,0,0,0
yk-1536-4-make-product,1536,80,,1536,Q,13,"E28_4-IODOBENZOIC ACID, 98%",C1=CC(=CC=C1C(=O)O)I,0.2,N2_hydroxydehydroabietylamine,CC(C)C(C(O)=C1)=CC2=C1[C@]3(C)C(CC2)[C@](C)(CN)CCC3,0.1,,CC(C)c1cc2c(cc1O)[C@@]1(C)CCC[C@@](C)(CNCc3ccc(I)cc3)C1CC2,"C1_PLATINUM-1,3-DIVINYL-1,1,3,3-TETRAMETHYLDISILOXANE COMPLEX, IN XYLENES",C=C[Si](C)(C)O[Si](C)(C)C=C.[Pt],0.15,L1_Davephos,CN(C)c1ccccc1-c1ccccc1P(C1CCCCC1)C1CCCCC1,0.005,None,None,None,None,None,None,None,None,None,O1_phenylsilane,C1=CC=C(C=C1)[Si]ÔøΩÔøΩ,0.6,None,None,None,None,None,None,none,100,none,0,UPLCMS,Q13,19173.0197,183458.9127,,,,,0,,,9.86,1.8,15.7,-17.3,-1.1,0
yk-1536-4-make-product,1536,80,,1536,Q,14,"E75_4-FLUORO-1-NAPHTHOIC ACID, 97%",C1=CC=C2C(=C1)C(=CC=C2F)C(=O)O,0.2,N2_hydroxydehydroabietylamine,CC(C)C(C(O)=C1)=CC2=C1[C@]3(C)C(CC2)[C@](C)(CN)CCC3,0.1,,CC(C)c1cc2c(cc1O)[C@@]1(C)CCC[C@@](C)(CNCc3ccc(F)c4ccccc34)C1CC2,"C1_PLATINUM-1,3-DIVINYL-1,1,3,3-TETRAMETHYLDISILOXANE COMPLEX, IN XYLENES",C=C[Si](C)(C)O[Si](C)(C)C=C.[Pt],0.15,L1_Davephos,CN(C)c1ccccc1-c1ccccc1P(C1CCCCC1)C1CCCCC1,0.005,None,None,None,None,None,None,None,None,None,O1_phenylsilane,C1=CC=C(C=C1)[Si]ÔøΩÔøΩ,0.6,None,None,None,None,None,None,none,100,none,0,UPLCMS,Q14,1833794.612,1435303.415,,,,,0,,,0.89,14.4,94.2,8.7,0.09,0
yk-1536-4-make-product,1536,80,,1536,Q,15,"E121_3,5-DI-TERT-BUTYL-4-HYDROXYBENZOIC ACID, 97%",CC(C)(C)C1=CC(=CC(=C1O)C(C)(C)C)C(=O)O,0.2,N2_hydroxydehydroabietylamine,CC(C)C(C(O)=C1)=CC2=C1[C@]3(C)C(CC2)[C@](C)(CN)CCC3,0.1,,CC(C)c1cc2c(cc1O)[C@@]1(C)CCC[C@@](C)(CNCc3cc(C(C)(C)C)c(O)c(C(C)(C)C)c3)C1CC2,"C1_PLATINUM-1,3-DIVINYL-1,1,3,3-TETRAMETHYLDISILOXANE COMPLEX, IN XYLENES",C=C[Si](C)(C)O[Si](C)(C)C=C.[Pt],0.15,L1_Davephos,CN(C)c1ccccc1-c1ccccc1P(C1CCCCC1)C1CCCCC1,0.005,None,None,None,None,None,None,None,None,None,O1_phenylsilane,C1=CC=C(C=C1)[Si]ÔøΩÔøΩ,0.6,None,None,None,None,None,None,none,100,none,0,UPLCMS,Q15,539824.1618,1140948.26,,,,,29640.46959,,,1.89,11.4,85.8,-7.3,-0.09,0
yk-1536-4-make-product,1536,80,,1536,Q,16,"E160_2,6-difluorobenzoic acid",C1=CC(=C(C(=C1)F)C(=O)O)F,0.2,N2_hydroxydehydroabietylamine,CC(C)C(C(O)=C1)=CC2=C1[C@]3(C)C(CC2)[C@](C)(CN)CCC3,0.1,,CC(C)c1cc2c(cc1O)[C@@]1(C)CCC[C@@](C)(CNCc3c(F)cccc3F)C1CC2,"C1_PLATINUM-1,3-DIVINYL-1,1,3,3-TETRAMETHYLDISILOXANE COMPLEX, IN XYLENES",C=C[Si](C)(C)O[Si](C)(C)C=C.[Pt],0.15,L1_Davephos,CN(C)c1ccccc1-c1ccccc1P(C1CCCCC1)C1CCCCC1,0.005,None,None,None,None,None,None,None,None,None,O1_phenylsilane,C1=CC=C(C=C1)[Si]ÔøΩÔøΩ,0.6,None,None,None,None,None,None,none,100,none,0,UPLCMS,Q16,21860.5763,86195.53068,,,,,0,,,1.43,0.9,37.6,12.7,0.34,0
yk-1536-4-make-product,1536,80,,1536,Q,17,"E202_(9Z,12Z)-octadeca-9,12-dienoic acid",CCCCCC=CCC=CCCCCCCCC(=O)O,0.2,N2_hydroxydehydroabietylamine,CC(C)C(C(O)=C1)=CC2=C1[C@]3(C)C(CC2)[C@](C)(CN)CCC3,0.1,,CCCCCC=CCC=CCCCCCCCCNC[C@]1(C)CCC[C@]2(C)c3cc(O)c(C(C)C)cc3CCC12,"C1_PLATINUM-1,3-DIVINYL-1,1,3,3-TETRAMETHYLDISILOXANE COMPLEX, IN XYLENES",C=C[Si](C)(C)O[Si](C)(C)C=C.[Pt],0.15,L1_Davephos,CN(C)c1ccccc1-c1ccccc1P(C1CCCCC1)C1CCCCC1,0.005,None,None,None,None,None,None,None,None,None,O1_phenylsilane,C1=CC=C(C=C1)[Si]ÔøΩÔøΩ,0.6,None,None,None,None,None,None,none,100,none,0,UPLCMS,Q17,0,0,,,,,0,,,0,0,0,-5.5,0,0
yk-1536-4-make-product,1536,80,,1536,Q,18,E248_3-(3-Pyridyl)propionic acid,C1=CC(=CN=C1)CCC(=O)O,0.2,N2_hydroxydehydroabietylamine,CC(C)C(C(O)=C1)=CC2=C1[C@]3(C)C(CC2)[C@](C)(CN)CCC3,0.1,,CC(C)c1cc2c(cc1O)[C@@]1(C)CCC[C@@](C)(CNCCCc3cccnc3)C1CC2,"C1_PLATINUM-1,3-DIVINYL-1,1,3,3-TETRAMETHYLDISILOXANE COMPLEX, IN XYLENES",C=C[Si](C)(C)O[Si](C)(C)C=C.[Pt],0.15,L1_Davephos,CN(C)c1ccccc1-c1ccccc1P(C1CCCCC1)C1CCCCC1,0.005,None,None,None,None,None,None,None,None,None,O1_phenylsilane,C1=CC=C(C=C1)[Si]ÔøΩÔøΩ,0.6,None,None,None,None,None,None,none,100,none,0,UPLCMS,Q18,49991.61663,33501.69115,,,,,17337.55964,,,0.34,0.3,49.6,8.2,0.17,0
yk-1536-4-make-product,1536,80,,1536,Q,19,E302_3-(2-Naphthyl)propanoic Acid,C1=CC=C2C=C(C=CC2=C1)CCC(=O)O,0.2,N2_hydroxydehydroabietylamine,CC(C)C(C(O)=C1)=CC2=C1[C@]3(C)C(CC2)[C@](C)(CN)CCC3,0.1,,CC(C)c1cc2c(cc1O)[C@@]1(C)CCC[C@@](C)(CNCCCc3ccc4ccccc4c3)C1CC2,"C1_PLATINUM-1,3-DIVINYL-1,1,3,3-TETRAMETHYLDISILOXANE COMPLEX, IN XYLENES",C=C[Si](C)(C)O[Si](C)(C)C=C.[Pt],0.15,L1_Davephos,CN(C)c1ccccc1-c1ccccc1P(C1CCCCC1)C1CCCCC1,0.005,None,None,None,None,None,None,None,None,None,O1_phenylsilane,C1=CC=C(C=C1)[Si]ÔøΩÔøΩ,0.6,None,None,None,None,None,None,none,100,none,0,UPLCMS,Q19,5027.14,279762.4639,,,,,0,,,0,2.8,100,3.6,0.04,0
yk-1536-4-make-product,1536,80,,1536,Q,20,"E44_4-PYRAZOLECARBOXYLIC ACID, 97+%",C1=C(C=NN1)C(=O)O,0.2,N2_hydroxydehydroabietylamine,CC(C)C(C(O)=C1)=CC2=C1[C@]3(C)C(CC2)[C@](C)(CN)CCC3,0.1,,CC(C)c1cc2c(cc1O)[C@@]1(C)CCC[C@@](C)(CNCc3cn[nH]c3)C1CC2,"C1_PLATINUM-1,3-DIVINYL-1,1,3,3-TETRAMETHYLDISILOXANE COMPLEX, IN XYLENES",C=C[Si](C)(C)O[Si](C)(C)C=C.[Pt],0.15,L1_Davephos,CN(C)c1ccccc1-c1ccccc1P(C1CCCCC1)C1CCCCC1,0.005,None,None,None,None,None,None,None,None,None,O1_phenylsilane,C1=CC=C(C=C1)[Si]ÔøΩÔøΩ,0.6,None,None,None,None,None,None,none,100,none,0,UPLCMS,Q20,61304.10592,196598.7609,,,,,167407.7177,,,1.97,2,49.9,8,0.16,0
yk-1536-4-make-product,1536,80,,1536,Q,21,E174_2-(4-fluorophenyl)acetic acid,C1=CC(=CC=C1CC(=O)O)F,0.2,N2_hydroxydehydroabietylamine,CC(C)C(C(O)=C1)=CC2=C1[C@]3(C)C(CC2)[C@](C)(CN)CCC3,0.1,,CC(C)c1cc2c(cc1O)[C@@]1(C)CCC[C@@](C)(CNCCc3ccc(F)cc3)C1CC2,"C1_PLATINUM-1,3-DIVINYL-1,1,3,3-TETRAMETHYLDISILOXANE COMPLEX, IN XYLENES",C=C[Si](C)(C)O[Si](C)(C)C=C.[Pt],0.15,L1_Davephos,CN(C)c1ccccc1-c1ccccc1P(C1CCCCC1)C1CCCCC1,0.005,None,None,None,None,None,None,None,None,None,O1_phenylsilane,C1=CC=C(C=C1)[Si]ÔøΩÔøΩ,0.6,None,None,None,None,None,None,none,100,none,0,UPLCMS,Q21,124974.3512,206707.253,,,,,0,,,0,2.1,100,-0.5,-0.01,0
yk-1536-4-make-product,1536,80,,1536,Q,22,E268_Tetrahydrofuran-3-carboxylic acid,C1COCC1C(=O)O,0.2,N2_hydroxydehydroabietylamine,CC(C)C(C(O)=C1)=CC2=C1[C@]3(C)C(CC2)[C@](C)(CN)CCC3,0.1,,CC(C)c1cc2c(cc1O)[C@@]1(C)CCC[C@@](C)(CNCC3CCOC3)C1CC2,"C1_PLATINUM-1,3-DIVINYL-1,1,3,3-TETRAMETHYLDISILOXANE COMPLEX, IN XYLENES",C=C[Si](C)(C)O[Si](C)(C)C=C.[Pt],0.15,L1_Davephos,CN(C)c1ccccc1-c1ccccc1P(C1CCCCC1)C1CCCCC1,0.005,None,None,None,None,None,None,None,None,None,O1_phenylsilane,C1=CC=C(C=C1)[Si]ÔøΩÔøΩ,0.6,None,None,None,None,None,None,none,100,none,0,UPLCMS,Q22,199491.7071,139581,,,,,0,,,0,1.4,100,14.4,0.14,0
yk-1536-4-make-product,1536,80,,1536,Q,23,E337_Blank17,O=CO,0.2,N2_hydroxydehydroabietylamine,CC(C)C(C(O)=C1)=CC2=C1[C@]3(C)C(CC2)[C@](C)(CN)CCC3,0.1,MainProduct[1071],CC(C)C(C(O)=C1)=CC2=C1[C@]3(C)C(CC2)[C@](C)(CN)CCC3,"C1_PLATINUM-1,3-DIVINYL-1,1,3,3-TETRAMETHYLDISILOXANE COMPLEX, IN XYLENES",C=C[Si](C)(C)O[Si](C)(C)C=C.[Pt],0.15,L1_Davephos,CN(C)c1ccccc1-c1ccccc1P(C1CCCCC1)C1CCCCC1,0.005,None,None,None,None,None,None,None,None,None,O1_phenylsilane,C1=CC=C(C=C1)[Si]ÔøΩÔøΩ,0.6,None,None,None,None,None,None,none,100,none,0,UPLCMS,Q23,0,141063.6556,,,,,151409.1122,,,0,1.4,100,0,0,0
yk-1536-4-make-product,1536,80,,1536,Q,24,E369_Blank49,O=CO,0.2,N2_hydroxydehydroabietylamine,CC(C)C(C(O)=C1)=CC2=C1[C@]3(C)C(CC2)[C@](C)(CN)CCC3,0.1,MainProduct[1072],CC(C)C(C(O)=C1)=CC2=C1[C@]3(C)C(CC2)[C@](C)(CN)CCC3,"C1_PLATINUM-1,3-DIVINYL-1,1,3,3-TETRAMETHYLDISILOXANE COMPLEX, IN XYLENES",C=C[Si](C)(C)O[Si](C)(C)C=C.[Pt],0.15,L1_Davephos,CN(C)c1ccccc1-c1ccccc1P(C1CCCCC1)C1CCCCC1,0.005,None,None,None,None,None,None,None,None,None,O1_phenylsilane,C1=CC=C(C=C1)[Si]ÔøΩÔøΩ,0.6,None,None,None,None,None,None,none,100,none,0,UPLCMS,Q24,0,0,,,,,0,,,0,0,0,0,0,0
yk-1536-4-make-product,1536,80,,1536,Q,25,"E28_4-IODOBENZOIC ACID, 98%",C1=CC(=CC=C1C(=O)O)I,0.2,N3_Scaffold 7,CC(C)C1=CC2=CCC3[C@](C)(CN)CCC[C@]3(C)C2CC1,0.1,,CC(C)C1=CC2=CCC3[C@](C)(CNCc4ccc(I)cc4)CCC[C@]3(C)C2CC1,"C1_PLATINUM-1,3-DIVINYL-1,1,3,3-TETRAMETHYLDISILOXANE COMPLEX, IN XYLENES",C=C[Si](C)(C)O[Si](C)(C)C=C.[Pt],0.15,L1_Davephos,CN(C)c1ccccc1-c1ccccc1P(C1CCCCC1)C1CCCCC1,0.005,None,None,None,None,None,None,None,None,None,O1_phenylsilane,C1=CC=C(C=C1)[Si]ÔøΩÔøΩ,0.6,None,None,None,None,None,None,none,100,none,0,UPLCMS,Q25,15454.59632,0,1023042.13,1709848.032,0,0,0,0,0,17.1,0,0,35.7,0,0
yk-1536-4-make-product,1536,80,,1536,Q,26,"E75_4-FLUORO-1-NAPHTHOIC ACID, 97%",C1=CC=C2C(=C1)C(=CC=C2F)C(=O)O,0.2,N3_Scaffold 7,CC(C)C1=CC2=CCC3[C@](C)(CN)CCC[C@]3(C)C2CC1,0.1,,CC(C)C1=CC2=CCC3[C@](C)(CNCc4ccc(F)c5ccccc45)CCC[C@]3(C)C2CC1,"C1_PLATINUM-1,3-DIVINYL-1,1,3,3-TETRAMETHYLDISILOXANE COMPLEX, IN XYLENES",C=C[Si](C)(C)O[Si](C)(C)C=C.[Pt],0.15,L1_Davephos,CN(C)c1ccccc1-c1ccccc1P(C1CCCCC1)C1CCCCC1,0.005,None,None,None,None,None,None,None,None,None,O1_phenylsilane,C1=CC=C(C=C1)[Si]ÔøΩÔøΩ,0.6,None,None,None,None,None,None,none,100,none,0,UPLCMS,Q26,2736647.812,2327751.155,536463.1618,878917.3166,0,0,0,0,0,8.8,23.3,72.6,13.8,0.2,0
yk-1536-4-make-product,1536,80,,1536,Q,27,"E121_3,5-DI-TERT-BUTYL-4-HYDROXYBENZOIC ACID, 97%",CC(C)(C)C1=CC(=CC(=C1O)C(C)(C)C)C(=O)O,0.2,N3_Scaffold 7,CC(C)C1=CC2=CCC3[C@](C)(CN)CCC[C@]3(C)C2CC1,0.1,,CC(C)C1=CC2=CCC3[C@](C)(CNCc4cc(C(C)(C)C)c(O)c(C(C)(C)C)c4)CCC[C@]3(C)C2CC1,"C1_PLATINUM-1,3-DIVINYL-1,1,3,3-TETRAMETHYLDISILOXANE COMPLEX, IN XYLENES",C=C[Si](C)(C)O[Si](C)(C)C=C.[Pt],0.15,L1_Davephos,CN(C)c1ccccc1-c1ccccc1P(C1CCCCC1)C1CCCCC1,0.005,None,None,None,None,None,None,None,None,None,O1_phenylsilane,C1=CC=C(C=C1)[Si]ÔøΩÔøΩ,0.6,None,None,None,None,None,None,none,100,none,0,UPLCMS,Q27,2154543.419,3008154.683,2422248.416,2368150.686,0,0,222952.2363,0,0,23.7,30.1,55.9,47.7,0.9,0
yk-1536-4-make-product,1536,80,,1536,Q,28,"E160_2,6-difluorobenzoic acid",C1=CC(=C(C(=C1)F)C(=O)O)F,0.2,N3_Scaffold 7,CC(C)C1=CC2=CCC3[C@](C)(CN)CCC[C@]3(C)C2CC1,0.1,,CC(C)C1=CC2=CCC3[C@](C)(CNCc4c(F)cccc4F)CCC[C@]3(C)C2CC1,"C1_PLATINUM-1,3-DIVINYL-1,1,3,3-TETRAMETHYLDISILOXANE COMPLEX, IN XYLENES",C=C[Si](C)(C)O[Si](C)(C)C=C.[Pt],0.15,L1_Davephos,CN(C)c1ccccc1-c1ccccc1P(C1CCCCC1)C1CCCCC1,0.005,None,None,None,None,None,None,None,None,None,O1_phenylsilane,C1=CC=C(C=C1)[Si]ÔøΩÔøΩ,0.6,None,None,None,None,None,None,none,100,none,0,UPLCMS,Q28,3252.25198,0,1123480.571,1198130.468,0,0,0,0,0,12,0,0,13.7,0,0
yk-1536-4-make-product,1536,80,,1536,Q,29,"E202_(9Z,12Z)-octadeca-9,12-dienoic acid",CCCCCC=CCC=CCCCCCCCC(=O)O,0.2,N3_Scaffold 7,CC(C)C1=CC2=CCC3[C@](C)(CN)CCC[C@]3(C)C2CC1,0.1,,CCCCCC=CCC=CCCCCCCCCNC[C@]1(C)CCC[C@]2(C)C3CCC(C(C)C)=CC3=CCC12,"C1_PLATINUM-1,3-DIVINYL-1,1,3,3-TETRAMETHYLDISILOXANE COMPLEX, IN XYLENES",C=C[Si](C)(C)O[Si](C)(C)C=C.[Pt],0.15,L1_Davephos,CN(C)c1ccccc1-c1ccccc1P(C1CCCCC1)C1CCCCC1,0.005,None,None,None,None,None,None,None,None,None,O1_phenylsilane,C1=CC=C(C=C1)[Si]ÔøΩÔøΩ,0.6,None,None,None,None,None,None,none,100,none,0,UPLCMS,Q29,0,0,33112.37725,179247.0813,0,0,0,0,0,1.8,0,0,17,0,0
yk-1536-4-make-product,1536,80,,1536,Q,30,E248_3-(3-Pyridyl)propionic acid,C1=CC(=CN=C1)CCC(=O)O,0.2,N3_Scaffold 7,CC(C)C1=CC2=CCC3[C@](C)(CN)CCC[C@]3(C)C2CC1,0.1,,CC(C)C1=CC2=CCC3[C@](C)(CNCCCc4cccnc4)CCC[C@]3(C)C2CC1,"C1_PLATINUM-1,3-DIVINYL-1,1,3,3-TETRAMETHYLDISILOXANE COMPLEX, IN XYLENES",C=C[Si](C)(C)O[Si](C)(C)C=C.[Pt],0.15,L1_Davephos,CN(C)c1ccccc1-c1ccccc1P(C1CCCCC1)C1CCCCC1,0.005,None,None,None,None,None,None,None,None,None,O1_phenylsilane,C1=CC=C(C=C1)[Si]ÔøΩÔøΩ,0.6,None,None,None,None,None,None,none,100,none,0,UPLCMS,Q30,401150.7851,0,158601.3415,523801.6314,0,0,4736.9916,0,0,5.2,0,0,18.3,0,-27.01
yk-1536-4-make-product,1536,80,,1536,Q,31,E302_3-(2-Naphthyl)propanoic Acid,C1=CC=C2C=C(C=CC2=C1)CCC(=O)O,0.2,N3_Scaffold 7,CC(C)C1=CC2=CCC3[C@](C)(CN)CCC[C@]3(C)C2CC1,0.1,,CC(C)C1=CC2=CCC3[C@](C)(CNCCCc4ccc5ccccc5c4)CCC[C@]3(C)C2CC1,"C1_PLATINUM-1,3-DIVINYL-1,1,3,3-TETRAMETHYLDISILOXANE COMPLEX, IN XYLENES",C=C[Si](C)(C)O[Si](C)(C)C=C.[Pt],0.15,L1_Davephos,CN(C)c1ccccc1-c1ccccc1P(C1CCCCC1)C1CCCCC1,0.005,None,None,None,None,None,None,None,None,None,O1_phenylsilane,C1=CC=C(C=C1)[Si]ÔøΩÔøΩ,0.6,None,None,None,None,None,None,none,100,none,0,UPLCMS,Q31,372454.4278,406728.7372,40304.79786,242096.9619,0,0,0,0,0,2.4,4.1,62.9,22.3,0.4,0
yk-1536-4-make-product,1536,80,,1536,Q,32,"E44_4-PYRAZOLECARBOXYLIC ACID, 97+%",C1=C(C=NN1)C(=O)O,0.2,N3_Scaffold 7,CC(C)C1=CC2=CCC3[C@](C)(CN)CCC[C@]3(C)C2CC1,0.1,,CC(C)C1=CC2=CCC3[C@](C)(CNCc4cn[nH]c4)CCC[C@]3(C)C2CC1,"C1_PLATINUM-1,3-DIVINYL-1,1,3,3-TETRAMETHYLDISILOXANE COMPLEX, IN XYLENES",C=C[Si](C)(C)O[Si](C)(C)C=C.[Pt],0.15,L1_Davephos,CN(C)c1ccccc1-c1ccccc1P(C1CCCCC1)C1CCCCC1,0.005,None,None,None,None,None,None,None,None,None,O1_phenylsilane,C1=CC=C(C=C1)[Si]ÔøΩÔøΩ,0.6,None,None,None,None,None,None,none,100,none,0,UPLCMS,Q32,1116.28637,0,1296884.177,1351203.248,0,0,0,0,0,13.5,0,0,3.1,0,0
yk-1536-4-make-product,1536,80,,1536,Q,33,E174_2-(4-fluorophenyl)acetic acid,C1=CC(=CC=C1CC(=O)O)F,0.2,N3_Scaffold 7,CC(C)C1=CC2=CCC3[C@](C)(CN)CCC[C@]3(C)C2CC1,0.1,,CC(C)C1=CC2=CCC3[C@](C)(CNCCc4ccc(F)cc4)CCC[C@]3(C)C2CC1,"C1_PLATINUM-1,3-DIVINYL-1,1,3,3-TETRAMETHYLDISILOXANE COMPLEX, IN XYLENES",C=C[Si](C)(C)O[Si](C)(C)C=C.[Pt],0.15,L1_Davephos,CN(C)c1ccccc1-c1ccccc1P(C1CCCCC1)C1CCCCC1,0.005,None,None,None,None,None,None,None,None,None,O1_phenylsilane,C1=CC=C(C=C1)[Si]ÔøΩÔøΩ,0.6,None,None,None,None,None,None,none,100,none,0,UPLCMS,Q33,987741.7559,1181367.222,51494.64881,194850.1635,0,0,11194.65902,0,0,1.9,11.8,86.1,-8.6,-0.1,0
yk-1536-4-make-product,1536,80,,1536,Q,34,E268_Tetrahydrofuran-3-carboxylic acid,C1COCC1C(=O)O,0.2,N3_Scaffold 7,CC(C)C1=CC2=CCC3[C@](C)(CN)CCC[C@]3(C)C2CC1,0.1,,CC(C)C1=CC2=CCC3[C@](C)(CNCC4CCOC4)CCC[C@]3(C)C2CC1,"C1_PLATINUM-1,3-DIVINYL-1,1,3,3-TETRAMETHYLDISILOXANE COMPLEX, IN XYLENES",C=C[Si](C)(C)O[Si](C)(C)C=C.[Pt],0.15,L1_Davephos,CN(C)c1ccccc1-c1ccccc1P(C1CCCCC1)C1CCCCC1,0.005,None,None,None,None,None,None,None,None,None,O1_phenylsilane,C1=CC=C(C=C1)[Si]ÔøΩÔøΩ,0.6,None,None,None,None,None,None,none,100,none,0,UPLCMS,Q34,571472.6375,424290,30315.82096,126395.0736,0,0,0,0,0,1.3,4.2,76.5,1.9,0,0
yk-1536-4-make-product,1536,80,,1536,Q,35,E337_Blank17,O=CO,0.2,N3_Scaffold 7,CC(C)C1=CC2=CCC3[C@](C)(CN)CCC[C@]3(C)C2CC1,0.1,MainProduct[1084],CC(C)C1=CC2=CCC3[C@](C)(CN)CCC[C@]3(C)C2CC1,"C1_PLATINUM-1,3-DIVINYL-1,1,3,3-TETRAMETHYLDISILOXANE COMPLEX, IN XYLENES",C=C[Si](C)(C)O[Si](C)(C)C=C.[Pt],0.15,L1_Davephos,CN(C)c1ccccc1-c1ccccc1P(C1CCCCC1)C1CCCCC1,0.005,None,None,None,None,None,None,None,None,None,O1_phenylsilane,C1=CC=C(C=C1)[Si]ÔøΩÔøΩ,0.6,None,None,None,None,None,None,none,100,none,0,UPLCMS,Q35,0,1017219.931,0,0,0,0,966188.5641,0,0,0,10.2,100,0,0,0
yk-1536-4-make-product,1536,80,,1536,Q,36,E369_Blank49,O=CO,0.2,N3_Scaffold 7,CC(C)C1=CC2=CCC3[C@](C)(CN)CCC[C@]3(C)C2CC1,0.1,MainProduct[1085],CC(C)C1=CC2=CCC3[C@](C)(CN)CCC[C@]3(C)C2CC1,"C1_PLATINUM-1,3-DIVINYL-1,1,3,3-TETRAMETHYLDISILOXANE COMPLEX, IN XYLENES",C=C[Si](C)(C)O[Si](C)(C)C=C.[Pt],0.15,L1_Davephos,CN(C)c1ccccc1-c1ccccc1P(C1CCCCC1)C1CCCCC1,0.005,None,None,None,None,None,None,None,None,None,O1_phenylsilane,C1=CC=C(C=C1)[Si]ÔøΩÔøΩ,0.6,None,None,None,None,None,None,none,100,none,0,UPLCMS,Q36,0,0,0,0,0,0,0,0,0,0,0,0,0,0,0
yk-1536-4-make-product,1536,80,,1536,Q,37,"E28_4-IODOBENZOIC ACID, 98%",C1=CC(=CC=C1C(=O)O)I,0.2,N4_Scaffold 6,CCNC[C@@]1(C)C2[C@](C)(CCC1)c3c(CC2)cc(C(C)C)c(c3)N,0.1,,CCNC[C@]1(C)CCC[C@]2(C)c3cc(NCc4ccc(I)cc4)c(C(C)C)cc3CCC12,"C1_PLATINUM-1,3-DIVINYL-1,1,3,3-TETRAMETHYLDISILOXANE COMPLEX, IN XYLENES",C=C[Si](C)(C)O[Si](C)(C)C=C.[Pt],0.15,L1_Davephos,CN(C)c1ccccc1-c1ccccc1P(C1CCCCC1)C1CCCCC1,0.005,None,None,None,None,None,None,None,None,None,O1_phenylsilane,C1=CC=C(C=C1)[Si]ÔøΩÔøΩ,0.6,None,None,None,None,None,None,none,100,none,0,UPLCMS,Q37,2268.02888,0,0,0,1421344.542,1572967.128,0,0,0,15.7,0,0,-17.2,0,0
yk-1536-4-make-product,1536,80,,1536,Q,38,"E75_4-FLUORO-1-NAPHTHOIC ACID, 97%",C1=CC=C2C(=C1)C(=CC=C2F)C(=O)O,0.2,N4_Scaffold 6,CCNC[C@@]1(C)C2[C@](C)(CCC1)c3c(CC2)cc(C(C)C)c(c3)N,0.1,,CCNC[C@]1(C)CCC[C@]2(C)c3cc(NCc4ccc(F)c5ccccc45)c(C(C)C)cc3CCC12,"C1_PLATINUM-1,3-DIVINYL-1,1,3,3-TETRAMETHYLDISILOXANE COMPLEX, IN XYLENES",C=C[Si](C)(C)O[Si](C)(C)C=C.[Pt],0.15,L1_Davephos,CN(C)c1ccccc1-c1ccccc1P(C1CCCCC1)C1CCCCC1,0.005,None,None,None,None,None,None,None,None,None,O1_phenylsilane,C1=CC=C(C=C1)[Si]ÔøΩÔøΩ,0.6,None,None,None,None,None,None,none,100,none,0,UPLCMS,Q38,120011.5351,204931.2684,0,0,1935342.577,1764459.502,143203.4376,0,0,17.6,2,10.4,-21.1,-2,0
yk-1536-4-make-product,1536,80,,1536,Q,39,"E121_3,5-DI-TERT-BUTYL-4-HYDROXYBENZOIC ACID, 97%",CC(C)(C)C1=CC(=CC(=C1O)C(C)(C)C)C(=O)O,0.2,N4_Scaffold 6,CCNC[C@@]1(C)C2[C@](C)(CCC1)c3c(CC2)cc(C(C)C)c(c3)N,0.1,,CCNC[C@]1(C)CCC[C@]2(C)c3cc(NCc4cc(C(C)(C)C)c(O)c(C(C)(C)C)c4)c(C(C)C)cc3CCC12,"C1_PLATINUM-1,3-DIVINYL-1,1,3,3-TETRAMETHYLDISILOXANE COMPLEX, IN XYLENES",C=C[Si](C)(C)O[Si](C)(C)C=C.[Pt],0.15,L1_Davephos,CN(C)c1ccccc1-c1ccccc1P(C1CCCCC1)C1CCCCC1,0.005,None,None,None,None,None,None,None,None,None,O1_phenylsilane,C1=CC=C(C=C1)[Si]ÔøΩÔøΩ,0.6,None,None,None,None,None,None,none,100,none,0,UPLCMS,Q39,1031309.99,2204633.567,0,0,1437824.674,1344774.439,1202914.396,0,0,13.4,22,62.2,-25.6,-0.4,0
yk-1536-4-make-product,1536,80,,1536,Q,40,"E160_2,6-difluorobenzoic acid",C1=CC(=C(C(=C1)F)C(=O)O)F,0.2,N4_Scaffold 6,CCNC[C@@]1(C)C2[C@](C)(CCC1)c3c(CC2)cc(C(C)C)c(c3)N,0.1,,CCNC[C@]1(C)CCC[C@]2(C)c3cc(NCc4c(F)cccc4F)c(C(C)C)cc3CCC12,"C1_PLATINUM-1,3-DIVINYL-1,1,3,3-TETRAMETHYLDISILOXANE COMPLEX, IN XYLENES",C=C[Si](C)(C)O[Si](C)(C)C=C.[Pt],0.15,L1_Davephos,CN(C)c1ccccc1-c1ccccc1P(C1CCCCC1)C1CCCCC1,0.005,None,None,None,None,None,None,None,None,None,O1_phenylsilane,C1=CC=C(C=C1)[Si]ÔøΩÔøΩ,0.6,None,None,None,None,None,None,none,100,none,0,UPLCMS,Q40,0,0,0,0,762013.3433,802107.4896,0,0,0,8,0,0,-18.6,0,0
yk-1536-4-make-product,1536,80,,1536,Q,41,"E202_(9Z,12Z)-octadeca-9,12-dienoic acid",CCCCCC=CCC=CCCCCCCCC(=O)O,0.2,N4_Scaffold 6,CCNC[C@@]1(C)C2[C@](C)(CCC1)c3c(CC2)cc(C(C)C)c(c3)N,0.1,,CCCCCC=CCC=CCCCCCCCCNc1cc2c(cc1C(C)C)CCC1[C@](C)(CNCC)CCC[C@]21C,"C1_PLATINUM-1,3-DIVINYL-1,1,3,3-TETRAMETHYLDISILOXANE COMPLEX, IN XYLENES",C=C[Si](C)(C)O[Si](C)(C)C=C.[Pt],0.15,L1_Davephos,CN(C)c1ccccc1-c1ccccc1P(C1CCCCC1)C1CCCCC1,0.005,None,None,None,None,None,None,None,None,None,O1_phenylsilane,C1=CC=C(C=C1)[Si]ÔøΩÔøΩ,0.6,None,None,None,None,None,None,none,100,none,0,UPLCMS,Q41,0,0,0,0,62914.00657,0,0,0,0,0,0,0,-14.4,0,0
yk-1536-4-make-product,1536,80,,1536,Q,42,E248_3-(3-Pyridyl)propionic acid,C1=CC(=CN=C1)CCC(=O)O,0.2,N4_Scaffold 6,CCNC[C@@]1(C)C2[C@](C)(CCC1)c3c(CC2)cc(C(C)C)c(c3)N,0.1,,CCNC[C@]1(C)CCC[C@]2(C)c3cc(NCCCc4cccnc4)c(C(C)C)cc3CCC12,"C1_PLATINUM-1,3-DIVINYL-1,1,3,3-TETRAMETHYLDISILOXANE COMPLEX, IN XYLENES",C=C[Si](C)(C)O[Si](C)(C)C=C.[Pt],0.15,L1_Davephos,CN(C)c1ccccc1-c1ccccc1P(C1CCCCC1)C1CCCCC1,0.005,None,None,None,None,None,None,None,None,None,O1_phenylsilane,C1=CC=C(C=C1)[Si]ÔøΩÔøΩ,0.6,None,None,None,None,None,None,none,100,none,0,UPLCMS,Q42,52624.78979,325157.9565,0,0,653263.7069,623691.961,0,0,0,6.2,3.3,34.4,0.5,0,0
yk-1536-4-make-product,1536,80,,1536,Q,43,E302_3-(2-Naphthyl)propanoic Acid,C1=CC=C2C=C(C=CC2=C1)CCC(=O)O,0.2,N4_Scaffold 6,CCNC[C@@]1(C)C2[C@](C)(CCC1)c3c(CC2)cc(C(C)C)c(c3)N,0.1,,CCNC[C@]1(C)CCC[C@]2(C)c3cc(NCCCc4ccc5ccccc5c4)c(C(C)C)cc3CCC12,"C1_PLATINUM-1,3-DIVINYL-1,1,3,3-TETRAMETHYLDISILOXANE COMPLEX, IN XYLENES",C=C[Si](C)(C)O[Si](C)(C)C=C.[Pt],0.15,L1_Davephos,CN(C)c1ccccc1-c1ccccc1P(C1CCCCC1)C1CCCCC1,0.005,None,None,None,None,None,None,None,None,None,O1_phenylsilane,C1=CC=C(C=C1)[Si]ÔøΩÔøΩ,0.6,None,None,None,None,None,None,none,100,none,0,UPLCMS,Q43,1057364.945,1882721.396,0,0,409162.4334,229900.1317,0,0,0,2.3,18.8,89.1,-11.8,-0.1,0
yk-1536-4-make-product,1536,80,,1536,Q,44,"E44_4-PYRAZOLECARBOXYLIC ACID, 97+%",C1=C(C=NN1)C(=O)O,0.2,N4_Scaffold 6,CCNC[C@@]1(C)C2[C@](C)(CCC1)c3c(CC2)cc(C(C)C)c(c3)N,0.1,,CCNC[C@]1(C)CCC[C@]2(C)c3cc(NCc4cn[nH]c4)c(C(C)C)cc3CCC12,"C1_PLATINUM-1,3-DIVINYL-1,1,3,3-TETRAMETHYLDISILOXANE COMPLEX, IN XYLENES",C=C[Si](C)(C)O[Si](C)(C)C=C.[Pt],0.15,L1_Davephos,CN(C)c1ccccc1-c1ccccc1P(C1CCCCC1)C1CCCCC1,0.005,None,None,None,None,None,None,None,None,None,O1_phenylsilane,C1=CC=C(C=C1)[Si]ÔøΩÔøΩ,0.6,None,None,None,None,None,None,none,100,none,0,UPLCMS,Q44,121255.6627,232750.3952,0,0,1496948.027,1536820.696,0,0,0,15.4,2.3,13.1,-22.5,-1.7,0
yk-1536-4-make-product,1536,80,,1536,Q,45,E174_2-(4-fluorophenyl)acetic acid,C1=CC(=CC=C1CC(=O)O)F,0.2,N4_Scaffold 6,CCNC[C@@]1(C)C2[C@](C)(CCC1)c3c(CC2)cc(C(C)C)c(c3)N,0.1,,CCNC[C@]1(C)CCC[C@]2(C)c3cc(NCCc4ccc(F)cc4)c(C(C)C)cc3CCC12,"C1_PLATINUM-1,3-DIVINYL-1,1,3,3-TETRAMETHYLDISILOXANE COMPLEX, IN XYLENES",C=C[Si](C)(C)O[Si](C)(C)C=C.[Pt],0.15,L1_Davephos,CN(C)c1ccccc1-c1ccccc1P(C1CCCCC1)C1CCCCC1,0.005,None,None,None,None,None,None,None,None,None,O1_phenylsilane,C1=CC=C(C=C1)[Si]ÔøΩÔøΩ,0.6,None,None,None,None,None,None,none,100,none,0,UPLCMS,Q45,755582.3883,2369658.999,0,0,1623846.625,1626281.926,0,0,0,16.3,23.7,59.2,-9.8,-0.2,0
yk-1536-4-make-product,1536,80,,1536,Q,46,E268_Tetrahydrofuran-3-carboxylic acid,C1COCC1C(=O)O,0.2,N4_Scaffold 6,CCNC[C@@]1(C)C2[C@](C)(CCC1)c3c(CC2)cc(C(C)C)c(c3)N,0.1,,CCNC[C@]1(C)CCC[C@]2(C)c3cc(NCC4CCOC4)c(C(C)C)cc3CCC12,"C1_PLATINUM-1,3-DIVINYL-1,1,3,3-TETRAMETHYLDISILOXANE COMPLEX, IN XYLENES",C=C[Si](C)(C)O[Si](C)(C)C=C.[Pt],0.15,L1_Davephos,CN(C)c1ccccc1-c1ccccc1P(C1CCCCC1)C1CCCCC1,0.005,None,None,None,None,None,None,None,None,None,O1_phenylsilane,C1=CC=C(C=C1)[Si]ÔøΩÔøΩ,0.6,None,None,None,None,None,None,none,100,none,0,UPLCMS,Q46,286710.0157,866145.3388,0,0,844771.5939,858402.1071,0,0,0,8.6,8.7,50.2,-0.5,0,0
yk-1536-4-make-product,1536,80,,1536,Q,47,E337_Blank17,O=CO,0.2,N4_Scaffold 6,CCNC[C@@]1(C)C2[C@](C)(CCC1)c3c(CC2)cc(C(C)C)c(c3)N,0.1,MainProduct[1097],CCNC[C@@]1(C)C2[C@](C)(CCC1)c3c(CC2)cc(C(C)C)c(c3)N,"C1_PLATINUM-1,3-DIVINYL-1,1,3,3-TETRAMETHYLDISILOXANE COMPLEX, IN XYLENES",C=C[Si](C)(C)O[Si](C)(C)C=C.[Pt],0.15,L1_Davephos,CN(C)c1ccccc1-c1ccccc1P(C1CCCCC1)C1CCCCC1,0.005,None,None,None,None,None,None,None,None,None,O1_phenylsilane,C1=CC=C(C=C1)[Si]ÔøΩÔøΩ,0.6,None,None,None,None,None,None,none,100,none,0,UPLCMS,Q47,0,798049.986,0,0,0,0,710939.6462,0,0,0,8,100,0,0,0
yk-1536-4-make-product,1536,80,,1536,Q,48,E369_Blank49,O=CO,0.2,N4_Scaffold 6,CCNC[C@@]1(C)C2[C@](C)(CCC1)c3c(CC2)cc(C(C)C)c(c3)N,0.1,MainProduct[1098],CCNC[C@@]1(C)C2[C@](C)(CCC1)c3c(CC2)cc(C(C)C)c(c3)N,"C1_PLATINUM-1,3-DIVINYL-1,1,3,3-TETRAMETHYLDISILOXANE COMPLEX, IN XYLENES",C=C[Si](C)(C)O[Si](C)(C)C=C.[Pt],0.15,L1_Davephos,CN(C)c1ccccc1-c1ccccc1P(C1CCCCC1)C1CCCCC1,0.005,None,None,None,None,None,None,None,None,None,O1_phenylsilane,C1=CC=C(C=C1)[Si]ÔøΩÔøΩ,0.6,None,None,None,None,None,None,none,100,none,0,UPLCMS,Q48,0,0,0,0,0,0,0,0,0,0,0,0,0,0,0
yk-1536-4-make-product,1536,80,,1536,R,1,"E29_(1R)-(-)-10-CAMPHORSULFONIC ACID, 98%",CC1(C2CCC1(C(=O)C2)CS(=O)(=O)O)C,0.2,N1_(+)-Dehydroabietylamine,CC(C)c1ccc2c(c1)CC[C@H]1[C@](C)(CN)CCC[C@]21C,0.1,,CC(C)c1ccc2c(c1)CC[C@H]1[C@](C)(CNCC(C)(C)O)CCC[C@]21C,"C1_PLATINUM-1,3-DIVINYL-1,1,3,3-TETRAMETHYLDISILOXANE COMPLEX, IN XYLENES",C=C[Si](C)(C)O[Si](C)(C)C=C.[Pt],0.15,L1_Davephos,CN(C)c1ccccc1-c1ccccc1P(C1CCCCC1)C1CCCCC1,0.005,None,None,None,None,None,None,None,None,None,O1_phenylsilane,C1=CC=C(C=C1)[Si]ÔøΩÔøΩ,0.6,None,None,None,None,None,None,none,100,none,0,UPLCMS,R1,0,0,,,,,0,,,54.6,0,0,109,0,0
yk-1536-4-make-product,1536,80,,1536,R,2,E76_2-(FLUOROSULFONYL)DIFLUOROACETIC ACID,C(=O)(C(F)(F)S(=O)(=O)F)O,0.2,N1_(+)-Dehydroabietylamine,CC(C)c1ccc2c(c1)CC[C@H]1[C@](C)(CN)CCC[C@]21C,0.1,,CC(C)c1ccc2c(c1)CC[C@H]1[C@](C)(CNCC(F)(F)S(=O)(=O)F)CCC[C@]21C,"C1_PLATINUM-1,3-DIVINYL-1,1,3,3-TETRAMETHYLDISILOXANE COMPLEX, IN XYLENES",C=C[Si](C)(C)O[Si](C)(C)C=C.[Pt],0.15,L1_Davephos,CN(C)c1ccccc1-c1ccccc1P(C1CCCCC1)C1CCCCC1,0.005,None,None,None,None,None,None,None,None,None,O1_phenylsilane,C1=CC=C(C=C1)[Si]ÔøΩÔøΩ,0.6,None,None,None,None,None,None,none,100,none,0,UPLCMS,R2,8414.06003,6881727.465,,,,,5686087.233,,,68.8,68.8,50,110.4,2.21,4.2
yk-1536-4-make-product,1536,80,,1536,R,3,E122_2-acetyloxybenzoic acid,CC(=O)OC1=CC=CC=C1C(=O)O,0.2,N1_(+)-Dehydroabietylamine,CC(C)c1ccc2c(c1)CC[C@H]1[C@](C)(CN)CCC[C@]21C,0.1,MainProduct[1126],CC(=O)Oc1c(cccc1)CNC[C@@]2(C)[C@H]3[C@](C)(CCC2)c4c(CC3)cc(C(C)C)cc4,"C1_PLATINUM-1,3-DIVINYL-1,1,3,3-TETRAMETHYLDISILOXANE COMPLEX, IN XYLENES",C=C[Si](C)(C)O[Si](C)(C)C=C.[Pt],0.15,L1_Davephos,CN(C)c1ccccc1-c1ccccc1P(C1CCCCC1)C1CCCCC1,0.005,None,None,None,None,None,None,None,None,None,O1_phenylsilane,C1=CC=C(C=C1)[Si]ÔøΩÔøΩ,0.6,None,None,None,None,None,None,none,100,none,0,UPLCMS,R3,1267370.995,479218,,,,,0,,,1.9,4.8,71.6,38.8,0.54,0
yk-1536-4-make-product,1536,80,,1536,R,4,"E161_2-(2,6-dimethoxyanilino)-2-oxoacetic acid",COC1=C(C(=CC=C1)OC)NC(=O)C(=O)O,0.2,N1_(+)-Dehydroabietylamine,CC(C)c1ccc2c(c1)CC[C@H]1[C@](C)(CN)CCC[C@]21C,0.1,,COc1cccc(OC)c1NC(=O)CNC[C@]1(C)CCC[C@]2(C)c3ccc(C(C)C)cc3CC[C@@H]12,"C1_PLATINUM-1,3-DIVINYL-1,1,3,3-TETRAMETHYLDISILOXANE COMPLEX, IN XYLENES",C=C[Si](C)(C)O[Si](C)(C)C=C.[Pt],0.15,L1_Davephos,CN(C)c1ccccc1-c1ccccc1P(C1CCCCC1)C1CCCCC1,0.005,None,None,None,None,None,None,None,None,None,O1_phenylsilane,C1=CC=C(C=C1)[Si]ÔøΩÔøΩ,0.6,None,None,None,None,None,None,none,100,none,0,UPLCMS,R4,739661.4094,566571,,,,,0,,,36.1,5.7,13.6,81.5,5.99,-2.42
yk-1536-4-make-product,1536,80,,1536,R,5,"E203_(4R)-4-[(3R,5R,8R,9S,10S,13R,14S,17R)-3-hydroxy-10,13-dimethyl-2,3,4,5,6,7,8,9,11,12,14,15,16,17-tetradecahydro-1H-cyclopenta[a]phenanthren-17-yl]pentanoic acid",CC(CCC(=O)O)C1CCC2C1(CCC3C2CCC4C3(CCC(C4)O)C)C,0.2,N1_(+)-Dehydroabietylamine,CC(C)c1ccc2c(c1)CC[C@H]1[C@](C)(CN)CCC[C@]21C,0.1,,CC(C)c1ccc2c(c1)CC[C@H]1[C@](C)(CNCCCC(C)C3CCC4C5CCC6CC(O)CCC6(C)C5CCC34C)CCC[C@]21C,"C1_PLATINUM-1,3-DIVINYL-1,1,3,3-TETRAMETHYLDISILOXANE COMPLEX, IN XYLENES",C=C[Si](C)(C)O[Si](C)(C)C=C.[Pt],0.15,L1_Davephos,CN(C)c1ccccc1-c1ccccc1P(C1CCCCC1)C1CCCCC1,0.005,None,None,None,None,None,None,None,None,None,O1_phenylsilane,C1=CC=C(C=C1)[Si]ÔøΩÔøΩ,0.6,None,None,None,None,None,None,none,100,none,0,UPLCMS,R5,20700.7178,0,,,,,0,,,4.7,0,0,18.7,0,0
yk-1536-4-make-product,1536,80,,1536,R,6,E249_2-(1H-Pyrazol-1-yl)benzoic acid,C1=CC=C(C(=C1)C(=O)O)N2C=CC=N2,0.2,N1_(+)-Dehydroabietylamine,CC(C)c1ccc2c(c1)CC[C@H]1[C@](C)(CN)CCC[C@]21C,0.1,,CC(C)c1ccc2c(c1)CC[C@H]1[C@](C)(CNCc3ccccc3-n3cccn3)CCC[C@]21C,"C1_PLATINUM-1,3-DIVINYL-1,1,3,3-TETRAMETHYLDISILOXANE COMPLEX, IN XYLENES",C=C[Si](C)(C)O[Si](C)(C)C=C.[Pt],0.15,L1_Davephos,CN(C)c1ccccc1-c1ccccc1P(C1CCCCC1)C1CCCCC1,0.005,None,None,None,None,None,None,None,None,None,O1_phenylsilane,C1=CC=C(C=C1)[Si]ÔøΩÔøΩ,0.6,None,None,None,None,None,None,none,100,none,0,UPLCMS,R6,3838111.107,3389534.778,,,,,0,,,30.3,33.9,52.8,73.8,1.4,-4.85
yk-1536-4-make-product,1536,80,,1536,R,7,E303_3-(Naphthalen-2-yl)acrylic acid,C1=CC=C2C=C(C=CC2=C1)C=CC(=O)O,0.2,N1_(+)-Dehydroabietylamine,CC(C)c1ccc2c(c1)CC[C@H]1[C@](C)(CN)CCC[C@]21C,0.1,,CC(C)c1ccc2c(c1)CC[C@H]1[C@](C)(CNCC=Cc3ccc4ccccc4c3)CCC[C@]21C,"C1_PLATINUM-1,3-DIVINYL-1,1,3,3-TETRAMETHYLDISILOXANE COMPLEX, IN XYLENES",C=C[Si](C)(C)O[Si](C)(C)C=C.[Pt],0.15,L1_Davephos,CN(C)c1ccccc1-c1ccccc1P(C1CCCCC1)C1CCCCC1,0.005,None,None,None,None,None,None,None,None,None,O1_phenylsilane,C1=CC=C(C=C1)[Si]ÔøΩÔøΩ,0.6,None,None,None,None,None,None,none,100,none,0,UPLCMS,R7,2718189.715,2125740.298,,,,,0,,,16.7,21.3,56,47.8,0.85,0
yk-1536-4-make-product,1536,80,,1536,R,8,E45_4-PHENYLBUTYRIC ACID 99%,C1=CC=C(C=C1)CCCC(=O)O,0.2,N1_(+)-Dehydroabietylamine,CC(C)c1ccc2c(c1)CC[C@H]1[C@](C)(CN)CCC[C@]21C,0.1,,CC(C)c1ccc2c(c1)CC[C@H]1[C@](C)(CNCCCCc3ccccc3)CCC[C@]21C,"C1_PLATINUM-1,3-DIVINYL-1,1,3,3-TETRAMETHYLDISILOXANE COMPLEX, IN XYLENES",C=C[Si](C)(C)O[Si](C)(C)C=C.[Pt],0.15,L1_Davephos,CN(C)c1ccccc1-c1ccccc1P(C1CCCCC1)C1CCCCC1,0.005,None,None,None,None,None,None,None,None,None,O1_phenylsilane,C1=CC=C(C=C1)[Si]ÔøΩÔøΩ,0.6,None,None,None,None,None,None,none,100,none,0,UPLCMS,R8,2950265.985,2969098.798,,,,,0,,,4,29.7,88.2,25.8,0.29,0
yk-1536-4-make-product,1536,80,,1536,R,9,E175_2-fluorobenzoic acid,C1=CC=C(C(=C1)C(=O)O)F,0.2,N1_(+)-Dehydroabietylamine,CC(C)c1ccc2c(c1)CC[C@H]1[C@](C)(CN)CCC[C@]21C,0.1,,CC(C)c1ccc2c(c1)CC[C@H]1[C@](C)(CNCc3ccccc3F)CCC[C@]21C,"C1_PLATINUM-1,3-DIVINYL-1,1,3,3-TETRAMETHYLDISILOXANE COMPLEX, IN XYLENES",C=C[Si](C)(C)O[Si](C)(C)C=C.[Pt],0.15,L1_Davephos,CN(C)c1ccccc1-c1ccccc1P(C1CCCCC1)C1CCCCC1,0.005,None,None,None,None,None,None,None,None,None,O1_phenylsilane,C1=CC=C(C=C1)[Si]ÔøΩÔøΩ,0.6,None,None,None,None,None,None,none,100,none,0,UPLCMS,R9,1168176.141,1855335.322,,,,,559614.0152,,,25.6,18.6,42.1,15,0.36,0
yk-1536-4-make-product,1536,80,,1536,R,10,E269_o-Tolylacetic acid,CC1=CC=CC=C1CC(=O)O,0.2,N1_(+)-Dehydroabietylamine,CC(C)c1ccc2c(c1)CC[C@H]1[C@](C)(CN)CCC[C@]21C,0.1,,Cc1ccccc1CCNC[C@]1(C)CCC[C@]2(C)c3ccc(C(C)C)cc3CC[C@@H]12,"C1_PLATINUM-1,3-DIVINYL-1,1,3,3-TETRAMETHYLDISILOXANE COMPLEX, IN XYLENES",C=C[Si](C)(C)O[Si](C)(C)C=C.[Pt],0.15,L1_Davephos,CN(C)c1ccccc1-c1ccccc1P(C1CCCCC1)C1CCCCC1,0.005,None,None,None,None,None,None,None,None,None,O1_phenylsilane,C1=CC=C(C=C1)[Si]ÔøΩÔøΩ,0.6,None,None,None,None,None,None,none,100,none,0,UPLCMS,R10,3491193.885,3036069.206,,,,,0,,,5.3,30.4,85.1,7.3,0.09,0
yk-1536-4-make-product,1536,80,,1536,R,11,E338_Blank18,O=CO,0.2,N1_(+)-Dehydroabietylamine,CC(C)c1ccc2c(c1)CC[C@H]1[C@](C)(CN)CCC[C@]21C,0.1,MainProduct[1106],CC(C)c1ccc2c(c1)CC[C@H]1[C@](C)(CN)CCC[C@]21C,"C1_PLATINUM-1,3-DIVINYL-1,1,3,3-TETRAMETHYLDISILOXANE COMPLEX, IN XYLENES",C=C[Si](C)(C)O[Si](C)(C)C=C.[Pt],0.15,L1_Davephos,CN(C)c1ccccc1-c1ccccc1P(C1CCCCC1)C1CCCCC1,0.005,None,None,None,None,None,None,None,None,None,O1_phenylsilane,C1=CC=C(C=C1)[Si]ÔøΩÔøΩ,0.6,None,None,None,None,None,None,none,100,none,0,UPLCMS,R11,0,2502201.27,,,,,2666057.605,,,0,25,100,0,0,0
yk-1536-4-make-product,1536,80,,1536,R,12,E370_Blank50,O=CO,0.2,N1_(+)-Dehydroabietylamine,CC(C)c1ccc2c(c1)CC[C@H]1[C@](C)(CN)CCC[C@]21C,0.1,MainProduct[1107],CC(C)c1ccc2c(c1)CC[C@H]1[C@](C)(CN)CCC[C@]21C,"C1_PLATINUM-1,3-DIVINYL-1,1,3,3-TETRAMETHYLDISILOXANE COMPLEX, IN XYLENES",C=C[Si](C)(C)O[Si](C)(C)C=C.[Pt],0.15,L1_Davephos,CN(C)c1ccccc1-c1ccccc1P(C1CCCCC1)C1CCCCC1,0.005,None,None,None,None,None,None,None,None,None,O1_phenylsilane,C1=CC=C(C=C1)[Si]ÔøΩÔøΩ,0.6,None,None,None,None,None,None,none,100,none,0,UPLCMS,R12,0,0,,,,,0,,,0,0,0,0,0,0
yk-1536-4-make-product,1536,80,,1536,R,13,"E29_(1R)-(-)-10-CAMPHORSULFONIC ACID, 98%",CC1(C2CCC1(C(=O)C2)CS(=O)(=O)O)C,0.2,N2_hydroxydehydroabietylamine,CC(C)C(C(O)=C1)=CC2=C1[C@]3(C)C(CC2)[C@](C)(CN)CCC3,0.1,,CC(C)c1cc2c(cc1O)[C@@]1(C)CCC[C@@](C)(CNCC(C)(C)O)C1CC2,"C1_PLATINUM-1,3-DIVINYL-1,1,3,3-TETRAMETHYLDISILOXANE COMPLEX, IN XYLENES",C=C[Si](C)(C)O[Si](C)(C)C=C.[Pt],0.15,L1_Davephos,CN(C)c1ccccc1-c1ccccc1P(C1CCCCC1)C1CCCCC1,0.005,None,None,None,None,None,None,None,None,None,O1_phenylsilane,C1=CC=C(C=C1)[Si]ÔøΩÔøΩ,0.6,None,None,None,None,None,None,none,100,none,0,UPLCMS,R13,831.81797,0,,,,,0,,,21.7,0,0,-21.4,0,0
yk-1536-4-make-product,1536,80,,1536,R,14,E76_2-(FLUOROSULFONYL)DIFLUOROACETIC ACID,C(=O)(C(F)(F)S(=O)(=O)F)O,0.2,N2_hydroxydehydroabietylamine,CC(C)C(C(O)=C1)=CC2=C1[C@]3(C)C(CC2)[C@](C)(CN)CCC3,0.1,,CC(C)c1cc2c(cc1O)[C@@]1(C)CCC[C@@](C)(CNCC(F)(F)S(=O)(=O)F)C1CC2,"C1_PLATINUM-1,3-DIVINYL-1,1,3,3-TETRAMETHYLDISILOXANE COMPLEX, IN XYLENES",C=C[Si](C)(C)O[Si](C)(C)C=C.[Pt],0.15,L1_Davephos,CN(C)c1ccccc1-c1ccccc1P(C1CCCCC1)C1CCCCC1,0.005,None,None,None,None,None,None,None,None,None,O1_phenylsilane,C1=CC=C(C=C1)[Si]ÔøΩÔøΩ,0.6,None,None,None,None,None,None,none,100,none,0,UPLCMS,R14,0,0,,,,,0,,,13.2,0,0,3.3,0,0
yk-1536-4-make-product,1536,80,,1536,R,15,E122_2-acetyloxybenzoic acid,CC(=O)OC1=CC=CC=C1C(=O)O,0.2,N2_hydroxydehydroabietylamine,CC(C)C(C(O)=C1)=CC2=C1[C@]3(C)C(CC2)[C@](C)(CN)CCC3,0.1,MainProduct[1110],CC(=O)Oc1c(cccc1)CNC[C@@]2(C)C3[C@](C)(CCC2)c4c(CC3)cc(C(C)C)c(c4)O,"C1_PLATINUM-1,3-DIVINYL-1,1,3,3-TETRAMETHYLDISILOXANE COMPLEX, IN XYLENES",C=C[Si](C)(C)O[Si](C)(C)C=C.[Pt],0.15,L1_Davephos,CN(C)c1ccccc1-c1ccccc1P(C1CCCCC1)C1CCCCC1,0.005,None,None,None,None,None,None,None,None,None,O1_phenylsilane,C1=CC=C(C=C1)[Si]ÔøΩÔøΩ,0.6,None,None,None,None,None,None,none,100,none,0,UPLCMS,R15,17317.22622,200614,,,,,0,,,0,2,100,-17.2,-0.17,0
yk-1536-4-make-product,1536,80,,1536,R,16,"E161_2-(2,6-dimethoxyanilino)-2-oxoacetic acid",COC1=C(C(=CC=C1)OC)NC(=O)C(=O)O,0.2,N2_hydroxydehydroabietylamine,CC(C)C(C(O)=C1)=CC2=C1[C@]3(C)C(CC2)[C@](C)(CN)CCC3,0.1,,COc1cccc(OC)c1NC(=O)CNC[C@]1(C)CCC[C@]2(C)c3cc(O)c(C(C)C)cc3CCC12,"C1_PLATINUM-1,3-DIVINYL-1,1,3,3-TETRAMETHYLDISILOXANE COMPLEX, IN XYLENES",C=C[Si](C)(C)O[Si](C)(C)C=C.[Pt],0.15,L1_Davephos,CN(C)c1ccccc1-c1ccccc1P(C1CCCCC1)C1CCCCC1,0.005,None,None,None,None,None,None,None,None,None,O1_phenylsilane,C1=CC=C(C=C1)[Si]ÔøΩÔøΩ,0.6,None,None,None,None,None,None,none,100,none,0,UPLCMS,R16,752426.9806,649545.6131,,,,,0,,,5.2,6.5,55.6,-7.2,-0.13,0
yk-1536-4-make-product,1536,80,,1536,R,17,"E203_(4R)-4-[(3R,5R,8R,9S,10S,13R,14S,17R)-3-hydroxy-10,13-dimethyl-2,3,4,5,6,7,8,9,11,12,14,15,16,17-tetradecahydro-1H-cyclopenta[a]phenanthren-17-yl]pentanoic acid",CC(CCC(=O)O)C1CCC2C1(CCC3C2CCC4C3(CCC(C4)O)C)C,0.2,N2_hydroxydehydroabietylamine,CC(C)C(C(O)=C1)=CC2=C1[C@]3(C)C(CC2)[C@](C)(CN)CCC3,0.1,,CC(C)c1cc2c(cc1O)[C@@]1(C)CCC[C@@](C)(CNCCCC(C)C3CCC4C5CCC6CC(O)CCC6(C)C5CCC34C)C1CC2,"C1_PLATINUM-1,3-DIVINYL-1,1,3,3-TETRAMETHYLDISILOXANE COMPLEX, IN XYLENES",C=C[Si](C)(C)O[Si](C)(C)C=C.[Pt],0.15,L1_Davephos,CN(C)c1ccccc1-c1ccccc1P(C1CCCCC1)C1CCCCC1,0.005,None,None,None,None,None,None,None,None,None,O1_phenylsilane,C1=CC=C(C=C1)[Si]ÔøΩÔøΩ,0.6,None,None,None,None,None,None,none,100,none,0,UPLCMS,R17,0,0,,,,,0,,,0,0,0,19.8,0,0
yk-1536-4-make-product,1536,80,,1536,R,18,E249_2-(1H-Pyrazol-1-yl)benzoic acid,C1=CC=C(C(=C1)C(=O)O)N2C=CC=N2,0.2,N2_hydroxydehydroabietylamine,CC(C)C(C(O)=C1)=CC2=C1[C@]3(C)C(CC2)[C@](C)(CN)CCC3,0.1,,CC(C)c1cc2c(cc1O)[C@@]1(C)CCC[C@@](C)(CNCc3ccccc3-n3cccn3)C1CC2,"C1_PLATINUM-1,3-DIVINYL-1,1,3,3-TETRAMETHYLDISILOXANE COMPLEX, IN XYLENES",C=C[Si](C)(C)O[Si](C)(C)C=C.[Pt],0.15,L1_Davephos,CN(C)c1ccccc1-c1ccccc1P(C1CCCCC1)C1CCCCC1,0.005,None,None,None,None,None,None,None,None,None,O1_phenylsilane,C1=CC=C(C=C1)[Si]ÔøΩÔøΩ,0.6,None,None,None,None,None,None,none,100,none,0,UPLCMS,R18,1209207.754,1648883.536,,,,,0,,,0,16.5,100,-36.7,-0.37,0
yk-1536-4-make-product,1536,80,,1536,R,19,E303_3-(Naphthalen-2-yl)acrylic acid,C1=CC=C2C=C(C=CC2=C1)C=CC(=O)O,0.2,N2_hydroxydehydroabietylamine,CC(C)C(C(O)=C1)=CC2=C1[C@]3(C)C(CC2)[C@](C)(CN)CCC3,0.1,,CC(C)c1cc2c(cc1O)[C@@]1(C)CCC[C@@](C)(CNCC=Cc3ccc4ccccc4c3)C1CC2,"C1_PLATINUM-1,3-DIVINYL-1,1,3,3-TETRAMETHYLDISILOXANE COMPLEX, IN XYLENES",C=C[Si](C)(C)O[Si](C)(C)C=C.[Pt],0.15,L1_Davephos,CN(C)c1ccccc1-c1ccccc1P(C1CCCCC1)C1CCCCC1,0.005,None,None,None,None,None,None,None,None,None,O1_phenylsilane,C1=CC=C(C=C1)[Si]ÔøΩÔøΩ,0.6,None,None,None,None,None,None,none,100,none,0,UPLCMS,R19,7214.90471,50971.54389,,,,,0,,,0,0.5,100,-7.2,-0.07,0
yk-1536-4-make-product,1536,80,,1536,R,20,E45_4-PHENYLBUTYRIC ACID 99%,C1=CC=C(C=C1)CCCC(=O)O,0.2,N2_hydroxydehydroabietylamine,CC(C)C(C(O)=C1)=CC2=C1[C@]3(C)C(CC2)[C@](C)(CN)CCC3,0.1,,CC(C)c1cc2c(cc1O)[C@@]1(C)CCC[C@@](C)(CNCCCCc3ccccc3)C1CC2,"C1_PLATINUM-1,3-DIVINYL-1,1,3,3-TETRAMETHYLDISILOXANE COMPLEX, IN XYLENES",C=C[Si](C)(C)O[Si](C)(C)C=C.[Pt],0.15,L1_Davephos,CN(C)c1ccccc1-c1ccccc1P(C1CCCCC1)C1CCCCC1,0.005,None,None,None,None,None,None,None,None,None,O1_phenylsilane,C1=CC=C(C=C1)[Si]ÔøΩÔøΩ,0.6,None,None,None,None,None,None,none,100,none,0,UPLCMS,R20,110052.5588,84906.50472,,,,,0,,,0,0.8,100,1,0.01,0
yk-1536-4-make-product,1536,80,,1536,R,21,E175_2-fluorobenzoic acid,C1=CC=C(C(=C1)C(=O)O)F,0.2,N2_hydroxydehydroabietylamine,CC(C)C(C(O)=C1)=CC2=C1[C@]3(C)C(CC2)[C@](C)(CN)CCC3,0.1,,CC(C)c1cc2c(cc1O)[C@@]1(C)CCC[C@@](C)(CNCc3ccccc3F)C1CC2,"C1_PLATINUM-1,3-DIVINYL-1,1,3,3-TETRAMETHYLDISILOXANE COMPLEX, IN XYLENES",C=C[Si](C)(C)O[Si](C)(C)C=C.[Pt],0.15,L1_Davephos,CN(C)c1ccccc1-c1ccccc1P(C1CCCCC1)C1CCCCC1,0.005,None,None,None,None,None,None,None,None,None,O1_phenylsilane,C1=CC=C(C=C1)[Si]ÔøΩÔøΩ,0.6,None,None,None,None,None,None,none,100,none,0,UPLCMS,R21,238312.9757,211567.5107,,,,,0,,,0,2.1,100,-3.9,-0.04,0
yk-1536-4-make-product,1536,80,,1536,R,22,E269_o-Tolylacetic acid,CC1=CC=CC=C1CC(=O)O,0.2,N2_hydroxydehydroabietylamine,CC(C)C(C(O)=C1)=CC2=C1[C@]3(C)C(CC2)[C@](C)(CN)CCC3,0.1,,Cc1ccccc1CCNC[C@]1(C)CCC[C@]2(C)c3cc(O)c(C(C)C)cc3CCC12,"C1_PLATINUM-1,3-DIVINYL-1,1,3,3-TETRAMETHYLDISILOXANE COMPLEX, IN XYLENES",C=C[Si](C)(C)O[Si](C)(C)C=C.[Pt],0.15,L1_Davephos,CN(C)c1ccccc1-c1ccccc1P(C1CCCCC1)C1CCCCC1,0.005,None,None,None,None,None,None,None,None,None,O1_phenylsilane,C1=CC=C(C=C1)[Si]ÔøΩÔøΩ,0.6,None,None,None,None,None,None,none,100,none,0,UPLCMS,R22,26284.0994,47059.9301,,,,,0,,,0,0.5,100,18.9,0.19,0
yk-1536-4-make-product,1536,80,,1536,R,23,E338_Blank18,O=CO,0.2,N2_hydroxydehydroabietylamine,CC(C)C(C(O)=C1)=CC2=C1[C@]3(C)C(CC2)[C@](C)(CN)CCC3,0.1,MainProduct[1119],CC(C)C(C(O)=C1)=CC2=C1[C@]3(C)C(CC2)[C@](C)(CN)CCC3,"C1_PLATINUM-1,3-DIVINYL-1,1,3,3-TETRAMETHYLDISILOXANE COMPLEX, IN XYLENES",C=C[Si](C)(C)O[Si](C)(C)C=C.[Pt],0.15,L1_Davephos,CN(C)c1ccccc1-c1ccccc1P(C1CCCCC1)C1CCCCC1,0.005,None,None,None,None,None,None,None,None,None,O1_phenylsilane,C1=CC=C(C=C1)[Si]ÔøΩÔøΩ,0.6,None,None,None,None,None,None,none,100,none,0,UPLCMS,R23,0,330060.412,,,,,326840.474,,,0,3.3,100,0,0,0
yk-1536-4-make-product,1536,80,,1536,R,24,E370_Blank50,O=CO,0.2,N2_hydroxydehydroabietylamine,CC(C)C(C(O)=C1)=CC2=C1[C@]3(C)C(CC2)[C@](C)(CN)CCC3,0.1,MainProduct[1120],CC(C)C(C(O)=C1)=CC2=C1[C@]3(C)C(CC2)[C@](C)(CN)CCC3,"C1_PLATINUM-1,3-DIVINYL-1,1,3,3-TETRAMETHYLDISILOXANE COMPLEX, IN XYLENES",C=C[Si](C)(C)O[Si](C)(C)C=C.[Pt],0.15,L1_Davephos,CN(C)c1ccccc1-c1ccccc1P(C1CCCCC1)C1CCCCC1,0.005,None,None,None,None,None,None,None,None,None,O1_phenylsilane,C1=CC=C(C=C1)[Si]ÔøΩÔøΩ,0.6,None,None,None,None,None,None,none,100,none,0,UPLCMS,R24,0,0,,,,,0,,,0,0,0,0,0,0
yk-1536-4-make-product,1536,80,,1536,R,25,"E29_(1R)-(-)-10-CAMPHORSULFONIC ACID, 98%",CC1(C2CCC1(C(=O)C2)CS(=O)(=O)O)C,0.2,N3_Scaffold 7,CC(C)C1=CC2=CCC3[C@](C)(CN)CCC[C@]3(C)C2CC1,0.1,,CC(C)C1=CC2=CCC3[C@](C)(CNCC(C)(C)O)CCC[C@]3(C)C2CC1,"C1_PLATINUM-1,3-DIVINYL-1,1,3,3-TETRAMETHYLDISILOXANE COMPLEX, IN XYLENES",C=C[Si](C)(C)O[Si](C)(C)C=C.[Pt],0.15,L1_Davephos,CN(C)c1ccccc1-c1ccccc1P(C1CCCCC1)C1CCCCC1,0.005,None,None,None,None,None,None,None,None,None,O1_phenylsilane,C1=CC=C(C=C1)[Si]ÔøΩÔøΩ,0.6,None,None,None,None,None,None,none,100,none,0,UPLCMS,R25,105959.0849,0,3675440.027,4621572.937,0,0,0,58872.13262,0,46.2,0,0,78.9,0,-6.28
yk-1536-4-make-product,1536,80,,1536,R,26,E76_2-(FLUOROSULFONYL)DIFLUOROACETIC ACID,C(=O)(C(F)(F)S(=O)(=O)F)O,0.2,N3_Scaffold 7,CC(C)C1=CC2=CCC3[C@](C)(CN)CCC[C@]3(C)C2CC1,0.1,,CC(C)C1=CC2=CCC3[C@](C)(CNCC(F)(F)S(=O)(=O)F)CCC[C@]3(C)C2CC1,"C1_PLATINUM-1,3-DIVINYL-1,1,3,3-TETRAMETHYLDISILOXANE COMPLEX, IN XYLENES",C=C[Si](C)(C)O[Si](C)(C)C=C.[Pt],0.15,L1_Davephos,CN(C)c1ccccc1-c1ccccc1P(C1CCCCC1)C1CCCCC1,0.005,None,None,None,None,None,None,None,None,None,O1_phenylsilane,C1=CC=C(C=C1)[Si]ÔøΩÔøΩ,0.6,None,None,None,None,None,None,none,100,none,0,UPLCMS,R26,5938.50154,1374224.205,930908.6015,2298983.03,0,0,0,0,0,23,13.7,37.4,44,1.18,0
yk-1536-4-make-product,1536,80,,1536,R,27,E122_2-acetyloxybenzoic acid,CC(=O)OC1=CC=CC=C1C(=O)O,0.2,N3_Scaffold 7,CC(C)C1=CC2=CCC3[C@](C)(CN)CCC[C@]3(C)C2CC1,0.1,,CC(=O)Oc1ccccc1CNC[C@]1(C)CCC[C@]2(C)C3CCC(C(C)C)=CC3=CCC12,"C1_PLATINUM-1,3-DIVINYL-1,1,3,3-TETRAMETHYLDISILOXANE COMPLEX, IN XYLENES",C=C[Si](C)(C)O[Si](C)(C)C=C.[Pt],0.15,L1_Davephos,CN(C)c1ccccc1-c1ccccc1P(C1CCCCC1)C1CCCCC1,0.005,None,None,None,None,None,None,None,None,None,O1_phenylsilane,C1=CC=C(C=C1)[Si]ÔøΩÔøΩ,0.6,None,None,None,None,None,None,none,100,none,0,UPLCMS,R27,32531.84374,282435.6594,99568.61306,443203.2439,0,0,0,2734.56053,0,4.4,2.8,39.1,25.3,0.65,0
yk-1536-4-make-product,1536,80,,1536,R,28,"E161_2-(2,6-dimethoxyanilino)-2-oxoacetic acid",COC1=C(C(=CC=C1)OC)NC(=O)C(=O)O,0.2,N3_Scaffold 7,CC(C)C1=CC2=CCC3[C@](C)(CN)CCC[C@]3(C)C2CC1,0.1,MainProduct[1124],COc1c(c(ccc1)OC)NC(=O)CNC[C@@]2(C)C3[C@](C)(CCC2)C4C(=CC3)C=C(C(C)C)CC4,"C1_PLATINUM-1,3-DIVINYL-1,1,3,3-TETRAMETHYLDISILOXANE COMPLEX, IN XYLENES",C=C[Si](C)(C)O[Si](C)(C)C=C.[Pt],0.15,L1_Davephos,CN(C)c1ccccc1-c1ccccc1P(C1CCCCC1)C1CCCCC1,0.005,None,None,None,None,None,None,None,None,None,O1_phenylsilane,C1=CC=C(C=C1)[Si]ÔøΩÔøΩ,0.6,None,None,None,None,None,None,none,100,none,0,UPLCMS,R28,1006408.953,1503869,2657244.923,3180230.199,0,0,0,0,0,31.8,15,32.1,49.4,1.54,0
yk-1536-4-make-product,1536,80,,1536,R,29,"E203_(4R)-4-[(3R,5R,8R,9S,10S,13R,14S,17R)-3-hydroxy-10,13-dimethyl-2,3,4,5,6,7,8,9,11,12,14,15,16,17-tetradecahydro-1H-cyclopenta[a]phenanthren-17-yl]pentanoic acid",CC(CCC(=O)O)C1CCC2C1(CCC3C2CCC4C3(CCC(C4)O)C)C,0.2,N3_Scaffold 7,CC(C)C1=CC2=CCC3[C@](C)(CN)CCC[C@]3(C)C2CC1,0.1,,CC(C)C1=CC2=CCC3[C@](C)(CNCCCC(C)C4CCC5C6CCC7CC(O)CCC7(C)C6CCC45C)CCC[C@]3(C)C2CC1,"C1_PLATINUM-1,3-DIVINYL-1,1,3,3-TETRAMETHYLDISILOXANE COMPLEX, IN XYLENES",C=C[Si](C)(C)O[Si](C)(C)C=C.[Pt],0.15,L1_Davephos,CN(C)c1ccccc1-c1ccccc1P(C1CCCCC1)C1CCCCC1,0.005,None,None,None,None,None,None,None,None,None,O1_phenylsilane,C1=CC=C(C=C1)[Si]ÔøΩÔøΩ,0.6,None,None,None,None,None,None,none,100,none,0,UPLCMS,R29,2857.86168,89952.43385,49871.51448,68347.65288,0,0,0,0,0,0.7,0.9,56.2,16.7,0.3,0
yk-1536-4-make-product,1536,80,,1536,R,30,E249_2-(1H-Pyrazol-1-yl)benzoic acid,C1=CC=C(C(=C1)C(=O)O)N2C=CC=N2,0.2,N3_Scaffold 7,CC(C)C1=CC2=CCC3[C@](C)(CN)CCC[C@]3(C)C2CC1,0.1,,CC(C)C1=CC2=CCC3[C@](C)(CNCc4ccccc4-n4cccn4)CCC[C@]3(C)C2CC1,"C1_PLATINUM-1,3-DIVINYL-1,1,3,3-TETRAMETHYLDISILOXANE COMPLEX, IN XYLENES",C=C[Si](C)(C)O[Si](C)(C)C=C.[Pt],0.15,L1_Davephos,CN(C)c1ccccc1-c1ccccc1P(C1CCCCC1)C1CCCCC1,0.005,None,None,None,None,None,None,None,None,None,O1_phenylsilane,C1=CC=C(C=C1)[Si]ÔøΩÔøΩ,0.6,None,None,None,None,None,None,none,100,none,0,UPLCMS,R30,4432968.311,4646640.854,873685.451,1310693.783,0,0,0,0,0,13.1,46.5,78,42,0.54,0
yk-1536-4-make-product,1536,80,,1536,R,31,E303_3-(Naphthalen-2-yl)acrylic acid,C1=CC=C2C=C(C=CC2=C1)C=CC(=O)O,0.2,N3_Scaffold 7,CC(C)C1=CC2=CCC3[C@](C)(CN)CCC[C@]3(C)C2CC1,0.1,,CC(C)C1=CC2=CCC3[C@](C)(CNCC=Cc4ccc5ccccc5c4)CCC[C@]3(C)C2CC1,"C1_PLATINUM-1,3-DIVINYL-1,1,3,3-TETRAMETHYLDISILOXANE COMPLEX, IN XYLENES",C=C[Si](C)(C)O[Si](C)(C)C=C.[Pt],0.15,L1_Davephos,CN(C)c1ccccc1-c1ccccc1P(C1CCCCC1)C1CCCCC1,0.005,None,None,None,None,None,None,None,None,None,O1_phenylsilane,C1=CC=C(C=C1)[Si]ÔøΩÔøΩ,0.6,None,None,None,None,None,None,none,100,none,0,UPLCMS,R31,1399938.976,970137.9352,99183.59047,441005.6861,0,0,0,0,0,4.4,9.7,68.8,7.5,0.11,0
yk-1536-4-make-product,1536,80,,1536,R,32,E45_4-PHENYLBUTYRIC ACID 99%,C1=CC=C(C=C1)CCCC(=O)O,0.2,N3_Scaffold 7,CC(C)C1=CC2=CCC3[C@](C)(CN)CCC[C@]3(C)C2CC1,0.1,,CC(C)C1=CC2=CCC3[C@](C)(CNCCCCc4ccccc4)CCC[C@]3(C)C2CC1,"C1_PLATINUM-1,3-DIVINYL-1,1,3,3-TETRAMETHYLDISILOXANE COMPLEX, IN XYLENES",C=C[Si](C)(C)O[Si](C)(C)C=C.[Pt],0.15,L1_Davephos,CN(C)c1ccccc1-c1ccccc1P(C1CCCCC1)C1CCCCC1,0.005,None,None,None,None,None,None,None,None,None,O1_phenylsilane,C1=CC=C(C=C1)[Si]ÔøΩÔøΩ,0.6,None,None,None,None,None,None,none,100,none,0,UPLCMS,R32,592131.831,451480.6243,42769.85432,157218.8722,0,0,0,0,0,1.6,4.5,73.8,-3.8,-0.05,0
yk-1536-4-make-product,1536,80,,1536,R,33,E175_2-fluorobenzoic acid,C1=CC=C(C(=C1)C(=O)O)F,0.2,N3_Scaffold 7,CC(C)C1=CC2=CCC3[C@](C)(CN)CCC[C@]3(C)C2CC1,0.1,,CC(C)C1=CC2=CCC3[C@](C)(CNCc4ccccc4F)CCC[C@]3(C)C2CC1,"C1_PLATINUM-1,3-DIVINYL-1,1,3,3-TETRAMETHYLDISILOXANE COMPLEX, IN XYLENES",C=C[Si](C)(C)O[Si](C)(C)C=C.[Pt],0.15,L1_Davephos,CN(C)c1ccccc1-c1ccccc1P(C1CCCCC1)C1CCCCC1,0.005,None,None,None,None,None,None,None,None,None,O1_phenylsilane,C1=CC=C(C=C1)[Si]ÔøΩÔøΩ,0.6,None,None,None,None,None,None,none,100,none,0,UPLCMS,R33,1241527.777,1310904.35,619903.6975,874182.5014,0,0,0,0,0,8.7,13.1,60.1,15.8,0.26,0
yk-1536-4-make-product,1536,80,,1536,R,34,E269_o-Tolylacetic acid,CC1=CC=CC=C1CC(=O)O,0.2,N3_Scaffold 7,CC(C)C1=CC2=CCC3[C@](C)(CN)CCC[C@]3(C)C2CC1,0.1,,Cc1ccccc1CCNC[C@]1(C)CCC[C@]2(C)C3CCC(C(C)C)=CC3=CCC12,"C1_PLATINUM-1,3-DIVINYL-1,1,3,3-TETRAMETHYLDISILOXANE COMPLEX, IN XYLENES",C=C[Si](C)(C)O[Si](C)(C)C=C.[Pt],0.15,L1_Davephos,CN(C)c1ccccc1-c1ccccc1P(C1CCCCC1)C1CCCCC1,0.005,None,None,None,None,None,None,None,None,None,O1_phenylsilane,C1=CC=C(C=C1)[Si]ÔøΩÔøΩ,0.6,None,None,None,None,None,None,none,100,none,0,UPLCMS,R34,1453066.939,1155095.948,49132.60072,250236.3905,0,0,0,23595.80956,0,2.5,11.6,82.2,4.4,0.05,0
yk-1536-4-make-product,1536,80,,1536,R,35,E338_Blank18,O=CO,0.2,N3_Scaffold 7,CC(C)C1=CC2=CCC3[C@](C)(CN)CCC[C@]3(C)C2CC1,0.1,MainProduct[1132],CC(C)C1=CC2=CCC3[C@](C)(CN)CCC[C@]3(C)C2CC1,"C1_PLATINUM-1,3-DIVINYL-1,1,3,3-TETRAMETHYLDISILOXANE COMPLEX, IN XYLENES",C=C[Si](C)(C)O[Si](C)(C)C=C.[Pt],0.15,L1_Davephos,CN(C)c1ccccc1-c1ccccc1P(C1CCCCC1)C1CCCCC1,0.005,None,None,None,None,None,None,None,None,None,O1_phenylsilane,C1=CC=C(C=C1)[Si]ÔøΩÔøΩ,0.6,None,None,None,None,None,None,none,100,none,0,UPLCMS,R35,0,1512961.416,0,0,0,0,1479365.611,0,0,0,15.1,100,0,0,0
yk-1536-4-make-product,1536,80,,1536,R,36,E370_Blank50,O=CO,0.2,N3_Scaffold 7,CC(C)C1=CC2=CCC3[C@](C)(CN)CCC[C@]3(C)C2CC1,0.1,MainProduct[1133],CC(C)C1=CC2=CCC3[C@](C)(CN)CCC[C@]3(C)C2CC1,"C1_PLATINUM-1,3-DIVINYL-1,1,3,3-TETRAMETHYLDISILOXANE COMPLEX, IN XYLENES",C=C[Si](C)(C)O[Si](C)(C)C=C.[Pt],0.15,L1_Davephos,CN(C)c1ccccc1-c1ccccc1P(C1CCCCC1)C1CCCCC1,0.005,None,None,None,None,None,None,None,None,None,O1_phenylsilane,C1=CC=C(C=C1)[Si]ÔøΩÔøΩ,0.6,None,None,None,None,None,None,none,100,none,0,UPLCMS,R36,0,0,0,0,0,0,0,0,0,0,0,0,0,0,0
yk-1536-4-make-product,1536,80,,1536,R,37,"E29_(1R)-(-)-10-CAMPHORSULFONIC ACID, 98%",CC1(C2CCC1(C(=O)C2)CS(=O)(=O)O)C,0.2,N4_Scaffold 6,CCNC[C@@]1(C)C2[C@](C)(CCC1)c3c(CC2)cc(C(C)C)c(c3)N,0.1,,CCNC[C@]1(C)CCC[C@]2(C)c3cc(NCC(C)(C)O)c(C(C)C)cc3CCC12,"C1_PLATINUM-1,3-DIVINYL-1,1,3,3-TETRAMETHYLDISILOXANE COMPLEX, IN XYLENES",C=C[Si](C)(C)O[Si](C)(C)C=C.[Pt],0.15,L1_Davephos,CN(C)c1ccccc1-c1ccccc1P(C1CCCCC1)C1CCCCC1,0.005,None,None,None,None,None,None,None,None,None,O1_phenylsilane,C1=CC=C(C=C1)[Si]ÔøΩÔøΩ,0.6,None,None,None,None,None,None,none,100,none,0,UPLCMS,R37,3138.57232,649775.0996,0,0,2580976.398,2507587.218,0,0,0,25.1,6.5,20.6,-9,-0.43,0
yk-1536-4-make-product,1536,80,,1536,R,38,E76_2-(FLUOROSULFONYL)DIFLUOROACETIC ACID,C(=O)(C(F)(F)S(=O)(=O)F)O,0.2,N4_Scaffold 6,CCNC[C@@]1(C)C2[C@](C)(CCC1)c3c(CC2)cc(C(C)C)c(c3)N,0.1,,CCNC[C@]1(C)CCC[C@]2(C)c3cc(NCC(F)(F)S(=O)(=O)F)c(C(C)C)cc3CCC12,"C1_PLATINUM-1,3-DIVINYL-1,1,3,3-TETRAMETHYLDISILOXANE COMPLEX, IN XYLENES",C=C[Si](C)(C)O[Si](C)(C)C=C.[Pt],0.15,L1_Davephos,CN(C)c1ccccc1-c1ccccc1P(C1CCCCC1)C1CCCCC1,0.005,None,None,None,None,None,None,None,None,None,O1_phenylsilane,C1=CC=C(C=C1)[Si]ÔøΩÔøΩ,0.6,None,None,None,None,None,None,none,100,none,0,UPLCMS,R38,20720.15374,0,0,0,2153398.905,2067587.106,0,0,0,20.7,0,0,-13.4,0,0
yk-1536-4-make-product,1536,80,,1536,R,39,E122_2-acetyloxybenzoic acid,CC(=O)OC1=CC=CC=C1C(=O)O,0.2,N4_Scaffold 6,CCNC[C@@]1(C)C2[C@](C)(CCC1)c3c(CC2)cc(C(C)C)c(c3)N,0.1,,CCNC[C@]1(C)CCC[C@]2(C)c3cc(NCc4ccccc4OC(C)=O)c(C(C)C)cc3CCC12,"C1_PLATINUM-1,3-DIVINYL-1,1,3,3-TETRAMETHYLDISILOXANE COMPLEX, IN XYLENES",C=C[Si](C)(C)O[Si](C)(C)C=C.[Pt],0.15,L1_Davephos,CN(C)c1ccccc1-c1ccccc1P(C1CCCCC1)C1CCCCC1,0.005,None,None,None,None,None,None,None,None,None,O1_phenylsilane,C1=CC=C(C=C1)[Si]ÔøΩÔøΩ,0.6,None,None,None,None,None,None,none,100,none,0,UPLCMS,R39,128032.858,619608.2089,0,0,196643.257,161986.0966,48389.03431,0,0,1.6,6.2,79.5,19.8,0.25,0
yk-1536-4-make-product,1536,80,,1536,R,40,"E161_2-(2,6-dimethoxyanilino)-2-oxoacetic acid",COC1=C(C(=CC=C1)OC)NC(=O)C(=O)O,0.2,N4_Scaffold 6,CCNC[C@@]1(C)C2[C@](C)(CCC1)c3c(CC2)cc(C(C)C)c(c3)N,0.1,,CCNC[C@]1(C)CCC[C@]2(C)c3cc(NCC(=O)Nc4c(OC)cccc4OC)c(C(C)C)cc3CCC12,"C1_PLATINUM-1,3-DIVINYL-1,1,3,3-TETRAMETHYLDISILOXANE COMPLEX, IN XYLENES",C=C[Si](C)(C)O[Si](C)(C)C=C.[Pt],0.15,L1_Davephos,CN(C)c1ccccc1-c1ccccc1P(C1CCCCC1)C1CCCCC1,0.005,None,None,None,None,None,None,None,None,None,O1_phenylsilane,C1=CC=C(C=C1)[Si]ÔøΩÔøΩ,0.6,None,None,None,None,None,None,none,100,none,0,UPLCMS,R40,173332.2325,478505.5881,0,0,829203.8071,850782.2946,0,0,0,8.5,4.8,36,17.6,0.49,0
yk-1536-4-make-product,1536,80,,1536,R,41,"E203_(4R)-4-[(3R,5R,8R,9S,10S,13R,14S,17R)-3-hydroxy-10,13-dimethyl-2,3,4,5,6,7,8,9,11,12,14,15,16,17-tetradecahydro-1H-cyclopenta[a]phenanthren-17-yl]pentanoic acid",CC(CCC(=O)O)C1CCC2C1(CCC3C2CCC4C3(CCC(C4)O)C)C,0.2,N4_Scaffold 6,CCNC[C@@]1(C)C2[C@](C)(CCC1)c3c(CC2)cc(C(C)C)c(c3)N,0.1,,CCNC[C@]1(C)CCC[C@]2(C)c3cc(NCCCC(C)C4CCC5C6CCC7CC(O)CCC7(C)C6CCC45C)c(C(C)C)cc3CCC12,"C1_PLATINUM-1,3-DIVINYL-1,1,3,3-TETRAMETHYLDISILOXANE COMPLEX, IN XYLENES",C=C[Si](C)(C)O[Si](C)(C)C=C.[Pt],0.15,L1_Davephos,CN(C)c1ccccc1-c1ccccc1P(C1CCCCC1)C1CCCCC1,0.005,None,None,None,None,None,None,None,None,None,O1_phenylsilane,C1=CC=C(C=C1)[Si]ÔøΩÔøΩ,0.6,None,None,None,None,None,None,none,100,none,0,UPLCMS,R41,0,0,0,0,140815.3664,62008.27103,0,0,0,0.6,0,0,-15.8,0,0
yk-1536-4-make-product,1536,80,,1536,R,42,E249_2-(1H-Pyrazol-1-yl)benzoic acid,C1=CC=C(C(=C1)C(=O)O)N2C=CC=N2,0.2,N4_Scaffold 6,CCNC[C@@]1(C)C2[C@](C)(CCC1)c3c(CC2)cc(C(C)C)c(c3)N,0.1,,CCNC[C@]1(C)CCC[C@]2(C)c3cc(NCc4ccccc4-n4cccn4)c(C(C)C)cc3CCC12,"C1_PLATINUM-1,3-DIVINYL-1,1,3,3-TETRAMETHYLDISILOXANE COMPLEX, IN XYLENES",C=C[Si](C)(C)O[Si](C)(C)C=C.[Pt],0.15,L1_Davephos,CN(C)c1ccccc1-c1ccccc1P(C1CCCCC1)C1CCCCC1,0.005,None,None,None,None,None,None,None,None,None,O1_phenylsilane,C1=CC=C(C=C1)[Si]ÔøΩÔøΩ,0.6,None,None,None,None,None,None,none,100,none,0,UPLCMS,R42,186038.0315,1191978.349,0,0,3010096.388,3226025.25,121310.9649,0,0,32.3,11.9,27,4.1,0.15,0
yk-1536-4-make-product,1536,80,,1536,R,43,E303_3-(Naphthalen-2-yl)acrylic acid,C1=CC=C2C=C(C=CC2=C1)C=CC(=O)O,0.2,N4_Scaffold 6,CCNC[C@@]1(C)C2[C@](C)(CCC1)c3c(CC2)cc(C(C)C)c(c3)N,0.1,,CCNC[C@]1(C)CCC[C@]2(C)c3cc(NCC=Cc4ccc5ccccc5c4)c(C(C)C)cc3CCC12,"C1_PLATINUM-1,3-DIVINYL-1,1,3,3-TETRAMETHYLDISILOXANE COMPLEX, IN XYLENES",C=C[Si](C)(C)O[Si](C)(C)C=C.[Pt],0.15,L1_Davephos,CN(C)c1ccccc1-c1ccccc1P(C1CCCCC1)C1CCCCC1,0.005,None,None,None,None,None,None,None,None,None,O1_phenylsilane,C1=CC=C(C=C1)[Si]ÔøΩÔøΩ,0.6,None,None,None,None,None,None,none,100,none,0,UPLCMS,R43,634481.4005,1851898.637,0,0,1725302.327,1487642.636,180716.2448,0,0,14.9,18.5,55.4,14.4,0.26,0
yk-1536-4-make-product,1536,80,,1536,R,44,E45_4-PHENYLBUTYRIC ACID 99%,C1=CC=C(C=C1)CCCC(=O)O,0.2,N4_Scaffold 6,CCNC[C@@]1(C)C2[C@](C)(CCC1)c3c(CC2)cc(C(C)C)c(c3)N,0.1,,CCNC[C@]1(C)CCC[C@]2(C)c3cc(NCCCCc4ccccc4)c(C(C)C)cc3CCC12,"C1_PLATINUM-1,3-DIVINYL-1,1,3,3-TETRAMETHYLDISILOXANE COMPLEX, IN XYLENES",C=C[Si](C)(C)O[Si](C)(C)C=C.[Pt],0.15,L1_Davephos,CN(C)c1ccccc1-c1ccccc1P(C1CCCCC1)C1CCCCC1,0.005,None,None,None,None,None,None,None,None,None,O1_phenylsilane,C1=CC=C(C=C1)[Si]ÔøΩÔøΩ,0.6,None,None,None,None,None,None,none,100,none,0,UPLCMS,R44,709924.0062,2203862.929,0,0,1214526.62,1129640.587,0,0,0,11.3,22,66.1,-8.4,-0.13,0
yk-1536-4-make-product,1536,80,,1536,R,45,E175_2-fluorobenzoic acid,C1=CC=C(C(=C1)C(=O)O)F,0.2,N4_Scaffold 6,CCNC[C@@]1(C)C2[C@](C)(CCC1)c3c(CC2)cc(C(C)C)c(c3)N,0.1,,CCNC[C@]1(C)CCC[C@]2(C)c3cc(NCc4ccccc4F)c(C(C)C)cc3CCC12,"C1_PLATINUM-1,3-DIVINYL-1,1,3,3-TETRAMETHYLDISILOXANE COMPLEX, IN XYLENES",C=C[Si](C)(C)O[Si](C)(C)C=C.[Pt],0.15,L1_Davephos,CN(C)c1ccccc1-c1ccccc1P(C1CCCCC1)C1CCCCC1,0.005,None,None,None,None,None,None,None,None,None,O1_phenylsilane,C1=CC=C(C=C1)[Si]ÔøΩÔøΩ,0.6,None,None,None,None,None,None,none,100,none,0,UPLCMS,R45,115451.9279,55994.35227,0,0,1908985.562,1859673.295,69222.68278,0,0,18.6,0.6,2.9,-7.9,-2.73,0
yk-1536-4-make-product,1536,80,,1536,R,46,E269_o-Tolylacetic acid,CC1=CC=CC=C1CC(=O)O,0.2,N4_Scaffold 6,CCNC[C@@]1(C)C2[C@](C)(CCC1)c3c(CC2)cc(C(C)C)c(c3)N,0.1,,CCNC[C@]1(C)CCC[C@]2(C)c3cc(NCCc4ccccc4C)c(C(C)C)cc3CCC12,"C1_PLATINUM-1,3-DIVINYL-1,1,3,3-TETRAMETHYLDISILOXANE COMPLEX, IN XYLENES",C=C[Si](C)(C)O[Si](C)(C)C=C.[Pt],0.15,L1_Davephos,CN(C)c1ccccc1-c1ccccc1P(C1CCCCC1)C1CCCCC1,0.005,None,None,None,None,None,None,None,None,None,O1_phenylsilane,C1=CC=C(C=C1)[Si]ÔøΩÔøΩ,0.6,None,None,None,None,None,None,none,100,none,0,UPLCMS,R46,613556.7147,2401701.303,0,0,1488603.506,1386869.933,0,0,0,13.9,24,63.3,5.6,0.09,0
yk-1536-4-make-product,1536,80,,1536,R,47,E338_Blank18,O=CO,0.2,N4_Scaffold 6,CCNC[C@@]1(C)C2[C@](C)(CCC1)c3c(CC2)cc(C(C)C)c(c3)N,0.1,MainProduct[1145],CCNC[C@@]1(C)C2[C@](C)(CCC1)c3c(CC2)cc(C(C)C)c(c3)N,"C1_PLATINUM-1,3-DIVINYL-1,1,3,3-TETRAMETHYLDISILOXANE COMPLEX, IN XYLENES",C=C[Si](C)(C)O[Si](C)(C)C=C.[Pt],0.15,L1_Davephos,CN(C)c1ccccc1-c1ccccc1P(C1CCCCC1)C1CCCCC1,0.005,None,None,None,None,None,None,None,None,None,O1_phenylsilane,C1=CC=C(C=C1)[Si]ÔøΩÔøΩ,0.6,None,None,None,None,None,None,none,100,none,0,UPLCMS,R47,0,1208908.526,0,0,0,0,1116875.587,0,0,0,12.1,100,0,0,0
yk-1536-4-make-product,1536,80,,1536,R,48,E370_Blank50,O=CO,0.2,N4_Scaffold 6,CCNC[C@@]1(C)C2[C@](C)(CCC1)c3c(CC2)cc(C(C)C)c(c3)N,0.1,MainProduct[1146],CCNC[C@@]1(C)C2[C@](C)(CCC1)c3c(CC2)cc(C(C)C)c(c3)N,"C1_PLATINUM-1,3-DIVINYL-1,1,3,3-TETRAMETHYLDISILOXANE COMPLEX, IN XYLENES",C=C[Si](C)(C)O[Si](C)(C)C=C.[Pt],0.15,L1_Davephos,CN(C)c1ccccc1-c1ccccc1P(C1CCCCC1)C1CCCCC1,0.005,None,None,None,None,None,None,None,None,None,O1_phenylsilane,C1=CC=C(C=C1)[Si]ÔøΩÔøΩ,0.6,None,None,None,None,None,None,none,100,none,0,UPLCMS,R48,0,0,0,0,0,0,0,0,0,0,0,0,0,0,0
yk-1536-4-make-product,1536,80,,1536,S,1,E30_4-Bromophenylacetic acid,C1=CC(=CC=C1CC(=O)O)Br,0.2,N1_(+)-Dehydroabietylamine,CC(C)c1ccc2c(c1)CC[C@H]1[C@](C)(CN)CCC[C@]21C,0.1,,CC(C)c1ccc2c(c1)CC[C@H]1[C@](C)(CNCCc3ccc(Br)cc3)CCC[C@]21C,"C1_PLATINUM-1,3-DIVINYL-1,1,3,3-TETRAMETHYLDISILOXANE COMPLEX, IN XYLENES",C=C[Si](C)(C)O[Si](C)(C)C=C.[Pt],0.15,L1_Davephos,CN(C)c1ccccc1-c1ccccc1P(C1CCCCC1)C1CCCCC1,0.005,None,None,None,None,None,None,None,None,None,O1_phenylsilane,C1=CC=C(C=C1)[Si]ÔøΩÔøΩ,0.6,None,None,None,None,None,None,none,100,none,0,UPLCMS,S1,3460808.316,1926017.762,,,,,0,,,36.93,19.3,34.3,85.4,2.49,-13.11
yk-1536-4-make-product,1536,80,,1536,S,2,"E77_2-FLUORO-4-NITROBENZOIC ACID, 98%",C1=CC(=C(C=C1[N+](=O)[O-])F)C(=O)O,0.2,N1_(+)-Dehydroabietylamine,CC(C)c1ccc2c(c1)CC[C@H]1[C@](C)(CN)CCC[C@]21C,0.1,,CC(C)c1ccc2c(c1)CC[C@H]1[C@](C)(CNCc3ccc([N+](=O)[O-])cc3F)CCC[C@]21C,"C1_PLATINUM-1,3-DIVINYL-1,1,3,3-TETRAMETHYLDISILOXANE COMPLEX, IN XYLENES",C=C[Si](C)(C)O[Si](C)(C)C=C.[Pt],0.15,L1_Davephos,CN(C)c1ccccc1-c1ccccc1P(C1CCCCC1)C1CCCCC1,0.005,None,None,None,None,None,None,None,None,None,O1_phenylsilane,C1=CC=C(C=C1)[Si]ÔøΩÔøΩ,0.6,None,None,None,None,None,None,none,100,none,0,UPLCMS,S2,2998061.34,3709237.967,,,,,661113.0219,,,25.31,37.1,59.4,37.1,0.62,0
yk-1536-4-make-product,1536,80,,1536,S,3,E123_3-methoxybenzoic acid,COC1=CC=CC(=C1)C(=O)O,0.2,N1_(+)-Dehydroabietylamine,CC(C)c1ccc2c(c1)CC[C@H]1[C@](C)(CN)CCC[C@]21C,0.1,,COc1cccc(CNC[C@]2(C)CCC[C@]3(C)c4ccc(C(C)C)cc4CC[C@@H]23)c1,"C1_PLATINUM-1,3-DIVINYL-1,1,3,3-TETRAMETHYLDISILOXANE COMPLEX, IN XYLENES",C=C[Si](C)(C)O[Si](C)(C)C=C.[Pt],0.15,L1_Davephos,CN(C)c1ccccc1-c1ccccc1P(C1CCCCC1)C1CCCCC1,0.005,None,None,None,None,None,None,None,None,None,O1_phenylsilane,C1=CC=C(C=C1)[Si]ÔøΩÔøΩ,0.6,None,None,None,None,None,None,none,100,none,0,UPLCMS,S3,1548526.045,1954102.736,,,,,819181.2082,,,26.49,19.5,42.5,60.2,1.42,0
yk-1536-4-make-product,1536,80,,1536,S,4,"E162_3,5-dichloropyridine-2-carboxylic acid",C1=C(C=NC(=C1Cl)C(=O)O)Cl,0.2,N1_(+)-Dehydroabietylamine,CC(C)c1ccc2c(c1)CC[C@H]1[C@](C)(CN)CCC[C@]21C,0.1,,CC(C)c1ccc2c(c1)CC[C@H]1[C@](C)(CNCc3ncc(Cl)cc3Cl)CCC[C@]21C,"C1_PLATINUM-1,3-DIVINYL-1,1,3,3-TETRAMETHYLDISILOXANE COMPLEX, IN XYLENES",C=C[Si](C)(C)O[Si](C)(C)C=C.[Pt],0.15,L1_Davephos,CN(C)c1ccccc1-c1ccccc1P(C1CCCCC1)C1CCCCC1,0.005,None,None,None,None,None,None,None,None,None,O1_phenylsilane,C1=CC=C(C=C1)[Si]ÔøΩÔøΩ,0.6,None,None,None,None,None,None,none,100,none,0,UPLCMS,S4,2911322.295,2708305.746,,,,,0,,,36.78,27.1,42.4,71.1,1.68,-3.77
yk-1536-4-make-product,1536,80,,1536,S,5,E205_2-(3-methoxyphenyl)acetic acid,COC1=CC=CC(=C1)CC(=O)O,0.2,N1_(+)-Dehydroabietylamine,CC(C)c1ccc2c(c1)CC[C@H]1[C@](C)(CN)CCC[C@]21C,0.1,,COc1cccc(CCNC[C@]2(C)CCC[C@]3(C)c4ccc(C(C)C)cc4CC[C@@H]23)c1,"C1_PLATINUM-1,3-DIVINYL-1,1,3,3-TETRAMETHYLDISILOXANE COMPLEX, IN XYLENES",C=C[Si](C)(C)O[Si](C)(C)C=C.[Pt],0.15,L1_Davephos,CN(C)c1ccccc1-c1ccccc1P(C1CCCCC1)C1CCCCC1,0.005,None,None,None,None,None,None,None,None,None,O1_phenylsilane,C1=CC=C(C=C1)[Si]ÔøΩÔøΩ,0.6,None,None,None,None,None,None,none,100,none,0,UPLCMS,S5,865151.742,908850.5009,,,,,0,,,16.22,9.1,35.9,21.3,0.59,0
yk-1536-4-make-product,1536,80,,1536,S,6,E256_1-Phenyl-1-cyclopropanecarboxylic acid,C1CC1(C2=CC=CC=C2)C(=O)O,0.2,N1_(+)-Dehydroabietylamine,CC(C)c1ccc2c(c1)CC[C@H]1[C@](C)(CN)CCC[C@]21C,0.1,,CC(C)c1ccc2c(c1)CC[C@H]1[C@](C)(CNCC3(c4ccccc4)CC3)CCC[C@]21C,"C1_PLATINUM-1,3-DIVINYL-1,1,3,3-TETRAMETHYLDISILOXANE COMPLEX, IN XYLENES",C=C[Si](C)(C)O[Si](C)(C)C=C.[Pt],0.15,L1_Davephos,CN(C)c1ccccc1-c1ccccc1P(C1CCCCC1)C1CCCCC1,0.005,None,None,None,None,None,None,None,None,None,O1_phenylsilane,C1=CC=C(C=C1)[Si]ÔøΩÔøΩ,0.6,None,None,None,None,None,None,none,100,none,0,UPLCMS,S6,0,0,,,,,0,,,21.04,0,0,25.2,0,0
yk-1536-4-make-product,1536,80,,1536,S,7,E304_3-(Naphthalen-1-yl)acrylic acid,C1=CC=C2C(=C1)C=CC=C2C=CC(=O)O,0.2,N1_(+)-Dehydroabietylamine,CC(C)c1ccc2c(c1)CC[C@H]1[C@](C)(CN)CCC[C@]21C,0.1,,CC(C)c1ccc2c(c1)CC[C@H]1[C@](C)(CNCC=Cc3cccc4ccccc34)CCC[C@]21C,"C1_PLATINUM-1,3-DIVINYL-1,1,3,3-TETRAMETHYLDISILOXANE COMPLEX, IN XYLENES",C=C[Si](C)(C)O[Si](C)(C)C=C.[Pt],0.15,L1_Davephos,CN(C)c1ccccc1-c1ccccc1P(C1CCCCC1)C1CCCCC1,0.005,None,None,None,None,None,None,None,None,None,O1_phenylsilane,C1=CC=C(C=C1)[Si]ÔøΩÔøΩ,0.6,None,None,None,None,None,None,none,100,none,0,UPLCMS,S7,3682911.129,2334025.157,,,,,0,,,17.11,23.3,57.7,45.2,0.78,0
yk-1536-4-make-product,1536,80,,1536,S,8,"E46_5-PHENYLVALERIC ACID, 99.0+%",C1=CC=C(C=C1)CCCCC(=O)O,0.2,N1_(+)-Dehydroabietylamine,CC(C)c1ccc2c(c1)CC[C@H]1[C@](C)(CN)CCC[C@]21C,0.1,,CC(C)c1ccc2c(c1)CC[C@H]1[C@](C)(CNCCCCCc3ccccc3)CCC[C@]21C,"C1_PLATINUM-1,3-DIVINYL-1,1,3,3-TETRAMETHYLDISILOXANE COMPLEX, IN XYLENES",C=C[Si](C)(C)O[Si](C)(C)C=C.[Pt],0.15,L1_Davephos,CN(C)c1ccccc1-c1ccccc1P(C1CCCCC1)C1CCCCC1,0.005,None,None,None,None,None,None,None,None,None,O1_phenylsilane,C1=CC=C(C=C1)[Si]ÔøΩÔøΩ,0.6,None,None,None,None,None,None,none,100,none,0,UPLCMS,S8,4879338.507,3251351.279,,,,,0,,,3.87,32.5,89.4,27.7,0.31,0
yk-1536-4-make-product,1536,80,,1536,S,9,E178_furan-3-carboxylic acid,C1=COC=C1C(=O)O,0.2,N1_(+)-Dehydroabietylamine,CC(C)c1ccc2c(c1)CC[C@H]1[C@](C)(CN)CCC[C@]21C,0.1,,CC(C)c1ccc2c(c1)CC[C@H]1[C@](C)(CNCc3ccoc3)CCC[C@]21C,"C1_PLATINUM-1,3-DIVINYL-1,1,3,3-TETRAMETHYLDISILOXANE COMPLEX, IN XYLENES",C=C[Si](C)(C)O[Si](C)(C)C=C.[Pt],0.15,L1_Davephos,CN(C)c1ccccc1-c1ccccc1P(C1CCCCC1)C1CCCCC1,0.005,None,None,None,None,None,None,None,None,None,O1_phenylsilane,C1=CC=C(C=C1)[Si]ÔøΩÔøΩ,0.6,None,None,None,None,None,None,none,100,none,0,UPLCMS,S9,781343.8221,640056.9119,,,,,0,,,19.92,6.4,24.3,19.7,0.81,0
yk-1536-4-make-product,1536,80,,1536,S,10,E271_Tetrahydro-2H-pyran-2-carboxylic acid,C1CCOC(C1)C(=O)O,0.2,N1_(+)-Dehydroabietylamine,CC(C)c1ccc2c(c1)CC[C@H]1[C@](C)(CN)CCC[C@]21C,0.1,,CC(C)c1ccc2c(c1)CC[C@H]1[C@](C)(CNCC3CCCCO3)CCC[C@]21C,"C1_PLATINUM-1,3-DIVINYL-1,1,3,3-TETRAMETHYLDISILOXANE COMPLEX, IN XYLENES",C=C[Si](C)(C)O[Si](C)(C)C=C.[Pt],0.15,L1_Davephos,CN(C)c1ccccc1-c1ccccc1P(C1CCCCC1)C1CCCCC1,0.005,None,None,None,None,None,None,None,None,None,O1_phenylsilane,C1=CC=C(C=C1)[Si]ÔøΩÔøΩ,0.6,None,None,None,None,None,None,none,100,none,0,UPLCMS,S10,3741566.894,2409040.467,,,,,14508.68007,,,6.24,24.1,79.4,23.1,0.29,0
yk-1536-4-make-product,1536,80,,1536,S,11,E339_Blank19,O=CO,0.2,N1_(+)-Dehydroabietylamine,CC(C)c1ccc2c(c1)CC[C@H]1[C@](C)(CN)CCC[C@]21C,0.1,MainProduct[1154],CC(C)c1ccc2c(c1)CC[C@H]1[C@](C)(CN)CCC[C@]21C,"C1_PLATINUM-1,3-DIVINYL-1,1,3,3-TETRAMETHYLDISILOXANE COMPLEX, IN XYLENES",C=C[Si](C)(C)O[Si](C)(C)C=C.[Pt],0.15,L1_Davephos,CN(C)c1ccccc1-c1ccccc1P(C1CCCCC1)C1CCCCC1,0.005,None,None,None,None,None,None,None,None,None,O1_phenylsilane,C1=CC=C(C=C1)[Si]ÔøΩÔøΩ,0.6,None,None,None,None,None,None,none,100,none,0,UPLCMS,S11,0,2205255.277,,,,,2534535.544,,,0,22.1,100,0,0,0
yk-1536-4-make-product,1536,80,,1536,S,12,E371_Blank51,O=CO,0.2,N1_(+)-Dehydroabietylamine,CC(C)c1ccc2c(c1)CC[C@H]1[C@](C)(CN)CCC[C@]21C,0.1,MainProduct[1155],CC(C)c1ccc2c(c1)CC[C@H]1[C@](C)(CN)CCC[C@]21C,"C1_PLATINUM-1,3-DIVINYL-1,1,3,3-TETRAMETHYLDISILOXANE COMPLEX, IN XYLENES",C=C[Si](C)(C)O[Si](C)(C)C=C.[Pt],0.15,L1_Davephos,CN(C)c1ccccc1-c1ccccc1P(C1CCCCC1)C1CCCCC1,0.005,None,None,None,None,None,None,None,None,None,O1_phenylsilane,C1=CC=C(C=C1)[Si]ÔøΩÔøΩ,0.6,None,None,None,None,None,None,none,100,none,0,UPLCMS,S12,0,0,,,,,0,,,0,0,0,0,0,0
yk-1536-4-make-product,1536,80,,1536,S,13,E30_4-Bromophenylacetic acid,C1=CC(=CC=C1CC(=O)O)Br,0.2,N2_hydroxydehydroabietylamine,CC(C)C(C(O)=C1)=CC2=C1[C@]3(C)C(CC2)[C@](C)(CN)CCC3,0.1,,CC(C)c1cc2c(cc1O)[C@@]1(C)CCC[C@@](C)(CNCCc3ccc(Br)cc3)C1CC2,"C1_PLATINUM-1,3-DIVINYL-1,1,3,3-TETRAMETHYLDISILOXANE COMPLEX, IN XYLENES",C=C[Si](C)(C)O[Si](C)(C)C=C.[Pt],0.15,L1_Davephos,CN(C)c1ccccc1-c1ccccc1P(C1CCCCC1)C1CCCCC1,0.005,None,None,None,None,None,None,None,None,None,O1_phenylsilane,C1=CC=C(C=C1)[Si]ÔøΩÔøΩ,0.6,None,None,None,None,None,None,none,100,none,0,UPLCMS,S13,85842.53017,0,,,,,0,,,0,0,0,17.3,0,0
yk-1536-4-make-product,1536,80,,1536,S,14,"E77_2-FLUORO-4-NITROBENZOIC ACID, 98%",C1=CC(=C(C=C1[N+](=O)[O-])F)C(=O)O,0.2,N2_hydroxydehydroabietylamine,CC(C)C(C(O)=C1)=CC2=C1[C@]3(C)C(CC2)[C@](C)(CN)CCC3,0.1,,CC(C)c1cc2c(cc1O)[C@@]1(C)CCC[C@@](C)(CNCc3ccc([N+](=O)[O-])cc3F)C1CC2,"C1_PLATINUM-1,3-DIVINYL-1,1,3,3-TETRAMETHYLDISILOXANE COMPLEX, IN XYLENES",C=C[Si](C)(C)O[Si](C)(C)C=C.[Pt],0.15,L1_Davephos,CN(C)c1ccccc1-c1ccccc1P(C1CCCCC1)C1CCCCC1,0.005,None,None,None,None,None,None,None,None,None,O1_phenylsilane,C1=CC=C(C=C1)[Si]ÔøΩÔøΩ,0.6,None,None,None,None,None,None,none,100,none,0,UPLCMS,S14,281032.4017,376713.2717,,,,,0,,,0.47,3.8,88.9,14.3,0.16,0
yk-1536-4-make-product,1536,80,,1536,S,15,E123_3-methoxybenzoic acid,COC1=CC=CC(=C1)C(=O)O,0.2,N2_hydroxydehydroabietylamine,CC(C)C(C(O)=C1)=CC2=C1[C@]3(C)C(CC2)[C@](C)(CN)CCC3,0.1,,COc1cccc(CNC[C@]2(C)CCC[C@]3(C)c4cc(O)c(C(C)C)cc4CCC23)c1,"C1_PLATINUM-1,3-DIVINYL-1,1,3,3-TETRAMETHYLDISILOXANE COMPLEX, IN XYLENES",C=C[Si](C)(C)O[Si](C)(C)C=C.[Pt],0.15,L1_Davephos,CN(C)c1ccccc1-c1ccccc1P(C1CCCCC1)C1CCCCC1,0.005,None,None,None,None,None,None,None,None,None,O1_phenylsilane,C1=CC=C(C=C1)[Si]ÔøΩÔøΩ,0.6,None,None,None,None,None,None,none,100,none,0,UPLCMS,S15,850321.7058,966721.1877,,,,,0,,,2.25,9.7,81.1,34.6,0.43,0
yk-1536-4-make-product,1536,80,,1536,S,16,"E162_3,5-dichloropyridine-2-carboxylic acid",C1=C(C=NC(=C1Cl)C(=O)O)Cl,0.2,N2_hydroxydehydroabietylamine,CC(C)C(C(O)=C1)=CC2=C1[C@]3(C)C(CC2)[C@](C)(CN)CCC3,0.1,,CC(C)c1cc2c(cc1O)[C@@]1(C)CCC[C@@](C)(CNCc3ncc(Cl)cc3Cl)C1CC2,"C1_PLATINUM-1,3-DIVINYL-1,1,3,3-TETRAMETHYLDISILOXANE COMPLEX, IN XYLENES",C=C[Si](C)(C)O[Si](C)(C)C=C.[Pt],0.15,L1_Davephos,CN(C)c1ccccc1-c1ccccc1P(C1CCCCC1)C1CCCCC1,0.005,None,None,None,None,None,None,None,None,None,O1_phenylsilane,C1=CC=C(C=C1)[Si]ÔøΩÔøΩ,0.6,None,None,None,None,None,None,none,100,none,0,UPLCMS,S16,1090993.511,2077798.58,,,,,0,,,0,20.8,100,33,0.33,0
yk-1536-4-make-product,1536,80,,1536,S,17,E205_2-(3-methoxyphenyl)acetic acid,COC1=CC=CC(=C1)CC(=O)O,0.2,N2_hydroxydehydroabietylamine,CC(C)C(C(O)=C1)=CC2=C1[C@]3(C)C(CC2)[C@](C)(CN)CCC3,0.1,,COc1cccc(CCNC[C@]2(C)CCC[C@]3(C)c4cc(O)c(C(C)C)cc4CCC23)c1,"C1_PLATINUM-1,3-DIVINYL-1,1,3,3-TETRAMETHYLDISILOXANE COMPLEX, IN XYLENES",C=C[Si](C)(C)O[Si](C)(C)C=C.[Pt],0.15,L1_Davephos,CN(C)c1ccccc1-c1ccccc1P(C1CCCCC1)C1CCCCC1,0.005,None,None,None,None,None,None,None,None,None,O1_phenylsilane,C1=CC=C(C=C1)[Si]ÔøΩÔøΩ,0.6,None,None,None,None,None,None,none,100,none,0,UPLCMS,S17,90454.14789,0,,,,,0,,,0,0,0,21.4,0,0
yk-1536-4-make-product,1536,80,,1536,S,18,E256_1-Phenyl-1-cyclopropanecarboxylic acid,C1CC1(C2=CC=CC=C2)C(=O)O,0.2,N2_hydroxydehydroabietylamine,CC(C)C(C(O)=C1)=CC2=C1[C@]3(C)C(CC2)[C@](C)(CN)CCC3,0.1,,CC(C)c1cc2c(cc1O)[C@@]1(C)CCC[C@@](C)(CNCC3(c4ccccc4)CC3)C1CC2,"C1_PLATINUM-1,3-DIVINYL-1,1,3,3-TETRAMETHYLDISILOXANE COMPLEX, IN XYLENES",C=C[Si](C)(C)O[Si](C)(C)C=C.[Pt],0.15,L1_Davephos,CN(C)c1ccccc1-c1ccccc1P(C1CCCCC1)C1CCCCC1,0.005,None,None,None,None,None,None,None,None,None,O1_phenylsilane,C1=CC=C(C=C1)[Si]ÔøΩÔøΩ,0.6,None,None,None,None,None,None,none,100,none,0,UPLCMS,S18,9729.29281,66069.54894,,,,,0,,,1.21,0.7,35.3,35.7,1.01,0
yk-1536-4-make-product,1536,80,,1536,S,19,E304_3-(Naphthalen-1-yl)acrylic acid,C1=CC=C2C(=C1)C=CC=C2C=CC(=O)O,0.2,N2_hydroxydehydroabietylamine,CC(C)C(C(O)=C1)=CC2=C1[C@]3(C)C(CC2)[C@](C)(CN)CCC3,0.1,,CC(C)c1cc2c(cc1O)[C@@]1(C)CCC[C@@](C)(CNCC=Cc3cccc4ccccc34)C1CC2,"C1_PLATINUM-1,3-DIVINYL-1,1,3,3-TETRAMETHYLDISILOXANE COMPLEX, IN XYLENES",C=C[Si](C)(C)O[Si](C)(C)C=C.[Pt],0.15,L1_Davephos,CN(C)c1ccccc1-c1ccccc1P(C1CCCCC1)C1CCCCC1,0.005,None,None,None,None,None,None,None,None,None,O1_phenylsilane,C1=CC=C(C=C1)[Si]ÔøΩÔøΩ,0.6,None,None,None,None,None,None,none,100,none,0,UPLCMS,S19,8972.25667,0,,,,,0,,,0,0,0,30.7,0,0
yk-1536-4-make-product,1536,80,,1536,S,20,"E46_5-PHENYLVALERIC ACID, 99.0+%",C1=CC=C(C=C1)CCCCC(=O)O,0.2,N2_hydroxydehydroabietylamine,CC(C)C(C(O)=C1)=CC2=C1[C@]3(C)C(CC2)[C@](C)(CN)CCC3,0.1,,CC(C)c1cc2c(cc1O)[C@@]1(C)CCC[C@@](C)(CNCCCCCc3ccccc3)C1CC2,"C1_PLATINUM-1,3-DIVINYL-1,1,3,3-TETRAMETHYLDISILOXANE COMPLEX, IN XYLENES",C=C[Si](C)(C)O[Si](C)(C)C=C.[Pt],0.15,L1_Davephos,CN(C)c1ccccc1-c1ccccc1P(C1CCCCC1)C1CCCCC1,0.005,None,None,None,None,None,None,None,None,None,O1_phenylsilane,C1=CC=C(C=C1)[Si]ÔøΩÔøΩ,0.6,None,None,None,None,None,None,none,100,none,0,UPLCMS,S20,238531.4355,289393.3131,,,,,0,,,0,2.9,100,34.2,0.34,0
yk-1536-4-make-product,1536,80,,1536,S,21,E178_furan-3-carboxylic acid,C1=COC=C1C(=O)O,0.2,N2_hydroxydehydroabietylamine,CC(C)C(C(O)=C1)=CC2=C1[C@]3(C)C(CC2)[C@](C)(CN)CCC3,0.1,,CC(C)c1cc2c(cc1O)[C@@]1(C)CCC[C@@](C)(CNCc3ccoc3)C1CC2,"C1_PLATINUM-1,3-DIVINYL-1,1,3,3-TETRAMETHYLDISILOXANE COMPLEX, IN XYLENES",C=C[Si](C)(C)O[Si](C)(C)C=C.[Pt],0.15,L1_Davephos,CN(C)c1ccccc1-c1ccccc1P(C1CCCCC1)C1CCCCC1,0.005,None,None,None,None,None,None,None,None,None,O1_phenylsilane,C1=CC=C(C=C1)[Si]ÔøΩÔøΩ,0.6,None,None,None,None,None,None,none,100,none,0,UPLCMS,S21,200696.6356,275327.7513,,,,,0,,,0.6,2.8,82.1,40.5,0.49,0
yk-1536-4-make-product,1536,80,,1536,S,22,E271_Tetrahydro-2H-pyran-2-carboxylic acid,C1CCOC(C1)C(=O)O,0.2,N2_hydroxydehydroabietylamine,CC(C)C(C(O)=C1)=CC2=C1[C@]3(C)C(CC2)[C@](C)(CN)CCC3,0.1,,CC(C)c1cc2c(cc1O)[C@@]1(C)CCC[C@@](C)(CNCC3CCCCO3)C1CC2,"C1_PLATINUM-1,3-DIVINYL-1,1,3,3-TETRAMETHYLDISILOXANE COMPLEX, IN XYLENES",C=C[Si](C)(C)O[Si](C)(C)C=C.[Pt],0.15,L1_Davephos,CN(C)c1ccccc1-c1ccccc1P(C1CCCCC1)C1CCCCC1,0.005,None,None,None,None,None,None,None,None,None,O1_phenylsilane,C1=CC=C(C=C1)[Si]ÔøΩÔøΩ,0.6,None,None,None,None,None,None,none,100,none,0,UPLCMS,S22,24301.86311,80958.24265,,,,,0,,,0,0.8,100,31.2,0.31,0
yk-1536-4-make-product,1536,80,,1536,S,23,E339_Blank19,O=CO,0.2,N2_hydroxydehydroabietylamine,CC(C)C(C(O)=C1)=CC2=C1[C@]3(C)C(CC2)[C@](C)(CN)CCC3,0.1,MainProduct[1167],CC(C)C(C(O)=C1)=CC2=C1[C@]3(C)C(CC2)[C@](C)(CN)CCC3,"C1_PLATINUM-1,3-DIVINYL-1,1,3,3-TETRAMETHYLDISILOXANE COMPLEX, IN XYLENES",C=C[Si](C)(C)O[Si](C)(C)C=C.[Pt],0.15,L1_Davephos,CN(C)c1ccccc1-c1ccccc1P(C1CCCCC1)C1CCCCC1,0.005,None,None,None,None,None,None,None,None,None,O1_phenylsilane,C1=CC=C(C=C1)[Si]ÔøΩÔøΩ,0.6,None,None,None,None,None,None,none,100,none,0,UPLCMS,S23,0,121822.1615,,,,,126186.2802,,,0,1.2,100,0,0,0
yk-1536-4-make-product,1536,80,,1536,S,24,E371_Blank51,O=CO,0.2,N2_hydroxydehydroabietylamine,CC(C)C(C(O)=C1)=CC2=C1[C@]3(C)C(CC2)[C@](C)(CN)CCC3,0.1,MainProduct[1168],CC(C)C(C(O)=C1)=CC2=C1[C@]3(C)C(CC2)[C@](C)(CN)CCC3,"C1_PLATINUM-1,3-DIVINYL-1,1,3,3-TETRAMETHYLDISILOXANE COMPLEX, IN XYLENES",C=C[Si](C)(C)O[Si](C)(C)C=C.[Pt],0.15,L1_Davephos,CN(C)c1ccccc1-c1ccccc1P(C1CCCCC1)C1CCCCC1,0.005,None,None,None,None,None,None,None,None,None,O1_phenylsilane,C1=CC=C(C=C1)[Si]ÔøΩÔøΩ,0.6,None,None,None,None,None,None,none,100,none,0,UPLCMS,S24,0,0,,,,,0,,,0,0,0,0,0,0
yk-1536-4-make-product,1536,80,,1536,S,25,E30_4-Bromophenylacetic acid,C1=CC(=CC=C1CC(=O)O)Br,0.2,N3_Scaffold 7,CC(C)C1=CC2=CCC3[C@](C)(CN)CCC[C@]3(C)C2CC1,0.1,,CC(C)C1=CC2=CCC3[C@](C)(CNCCc4ccc(Br)cc4)CCC[C@]3(C)C2CC1,"C1_PLATINUM-1,3-DIVINYL-1,1,3,3-TETRAMETHYLDISILOXANE COMPLEX, IN XYLENES",C=C[Si](C)(C)O[Si](C)(C)C=C.[Pt],0.15,L1_Davephos,CN(C)c1ccccc1-c1ccccc1P(C1CCCCC1)C1CCCCC1,0.005,None,None,None,None,None,None,None,None,None,O1_phenylsilane,C1=CC=C(C=C1)[Si]ÔøΩÔøΩ,0.6,None,None,None,None,None,None,none,100,none,0,UPLCMS,S25,1462585.497,1280667.218,38069.66127,344344.5597,0,0,0,0,0,3.4,12.8,79,-0.7,0,0
yk-1536-4-make-product,1536,80,,1536,S,26,"E77_2-FLUORO-4-NITROBENZOIC ACID, 98%",C1=CC(=C(C=C1[N+](=O)[O-])F)C(=O)O,0.2,N3_Scaffold 7,CC(C)C1=CC2=CCC3[C@](C)(CN)CCC[C@]3(C)C2CC1,0.1,,CC(C)C1=CC2=CCC3[C@](C)(CNCc4ccc([N+](=O)[O-])cc4F)CCC[C@]3(C)C2CC1,"C1_PLATINUM-1,3-DIVINYL-1,1,3,3-TETRAMETHYLDISILOXANE COMPLEX, IN XYLENES",C=C[Si](C)(C)O[Si](C)(C)C=C.[Pt],0.15,L1_Davephos,CN(C)c1ccccc1-c1ccccc1P(C1CCCCC1)C1CCCCC1,0.005,None,None,None,None,None,None,None,None,None,O1_phenylsilane,C1=CC=C(C=C1)[Si]ÔøΩÔøΩ,0.6,None,None,None,None,None,None,none,100,none,0,UPLCMS,S26,1070109.531,2144552.758,1351675.37,1906312.819,0,0,0,0,0,19.1,21.4,52.9,45.6,0.9,0
yk-1536-4-make-product,1536,80,,1536,S,27,E123_3-methoxybenzoic acid,COC1=CC=CC(=C1)C(=O)O,0.2,N3_Scaffold 7,CC(C)C1=CC2=CCC3[C@](C)(CN)CCC[C@]3(C)C2CC1,0.1,,COc1cccc(CNC[C@]2(C)CCC[C@]3(C)C4CCC(C(C)C)=CC4=CCC23)c1,"C1_PLATINUM-1,3-DIVINYL-1,1,3,3-TETRAMETHYLDISILOXANE COMPLEX, IN XYLENES",C=C[Si](C)(C)O[Si](C)(C)C=C.[Pt],0.15,L1_Davephos,CN(C)c1ccccc1-c1ccccc1P(C1CCCCC1)C1CCCCC1,0.005,None,None,None,None,None,None,None,None,None,O1_phenylsilane,C1=CC=C(C=C1)[Si]ÔøΩÔøΩ,0.6,None,None,None,None,None,None,none,100,none,0,UPLCMS,S27,585255.6884,524910,930765.5463,1017294.904,0,0,0,30826.63095,0,10.2,5.2,34,10.3,0.3,0
yk-1536-4-make-product,1536,80,,1536,S,28,"E162_3,5-dichloropyridine-2-carboxylic acid",C1=C(C=NC(=C1Cl)C(=O)O)Cl,0.2,N3_Scaffold 7,CC(C)C1=CC2=CCC3[C@](C)(CN)CCC[C@]3(C)C2CC1,0.1,,CC(C)C1=CC2=CCC3[C@](C)(CNCc4ncc(Cl)cc4Cl)CCC[C@]3(C)C2CC1,"C1_PLATINUM-1,3-DIVINYL-1,1,3,3-TETRAMETHYLDISILOXANE COMPLEX, IN XYLENES",C=C[Si](C)(C)O[Si](C)(C)C=C.[Pt],0.15,L1_Davephos,CN(C)c1ccccc1-c1ccccc1P(C1CCCCC1)C1CCCCC1,0.005,None,None,None,None,None,None,None,None,None,O1_phenylsilane,C1=CC=C(C=C1)[Si]ÔøΩÔøΩ,0.6,None,None,None,None,None,None,none,100,none,0,UPLCMS,S28,2312424.319,2972777.199,2063448.226,2234170.673,0,0,0,0,0,22.3,29.7,57.1,7.6,0.1,0
yk-1536-4-make-product,1536,80,,1536,S,29,E205_2-(3-methoxyphenyl)acetic acid,COC1=CC=CC(=C1)CC(=O)O,0.2,N3_Scaffold 7,CC(C)C1=CC2=CCC3[C@](C)(CN)CCC[C@]3(C)C2CC1,0.1,,COc1cccc(CCNC[C@]2(C)CCC[C@]3(C)C4CCC(C(C)C)=CC4=CCC23)c1,"C1_PLATINUM-1,3-DIVINYL-1,1,3,3-TETRAMETHYLDISILOXANE COMPLEX, IN XYLENES",C=C[Si](C)(C)O[Si](C)(C)C=C.[Pt],0.15,L1_Davephos,CN(C)c1ccccc1-c1ccccc1P(C1CCCCC1)C1CCCCC1,0.005,None,None,None,None,None,None,None,None,None,O1_phenylsilane,C1=CC=C(C=C1)[Si]ÔøΩÔøΩ,0.6,None,None,None,None,None,None,none,100,none,0,UPLCMS,S29,247225.4209,215830.138,940905.2856,989440.5839,0,0,7204.44664,0,0,9.9,2.2,17.9,22.4,1.3,0
yk-1536-4-make-product,1536,80,,1536,S,30,E256_1-Phenyl-1-cyclopropanecarboxylic acid,C1CC1(C2=CC=CC=C2)C(=O)O,0.2,N3_Scaffold 7,CC(C)C1=CC2=CCC3[C@](C)(CN)CCC[C@]3(C)C2CC1,0.1,,CC(C)C1=CC2=CCC3[C@](C)(CNCC4(c5ccccc5)CC4)CCC[C@]3(C)C2CC1,"C1_PLATINUM-1,3-DIVINYL-1,1,3,3-TETRAMETHYLDISILOXANE COMPLEX, IN XYLENES",C=C[Si](C)(C)O[Si](C)(C)C=C.[Pt],0.15,L1_Davephos,CN(C)c1ccccc1-c1ccccc1P(C1CCCCC1)C1CCCCC1,0.005,None,None,None,None,None,None,None,None,None,O1_phenylsilane,C1=CC=C(C=C1)[Si]ÔøΩÔøΩ,0.6,None,None,None,None,None,None,none,100,none,0,UPLCMS,S30,4374.7121,0,1165449.778,1245986.175,0,0,0,0,0,12.5,0,0,9.9,0,0
yk-1536-4-make-product,1536,80,,1536,S,31,E304_3-(Naphthalen-1-yl)acrylic acid,C1=CC=C2C(=C1)C=CC=C2C=CC(=O)O,0.2,N3_Scaffold 7,CC(C)C1=CC2=CCC3[C@](C)(CN)CCC[C@]3(C)C2CC1,0.1,,CC(C)C1=CC2=CCC3[C@](C)(CNCC=Cc4cccc5ccccc45)CCC[C@]3(C)C2CC1,"C1_PLATINUM-1,3-DIVINYL-1,1,3,3-TETRAMETHYLDISILOXANE COMPLEX, IN XYLENES",C=C[Si](C)(C)O[Si](C)(C)C=C.[Pt],0.15,L1_Davephos,CN(C)c1ccccc1-c1ccccc1P(C1CCCCC1)C1CCCCC1,0.005,None,None,None,None,None,None,None,None,None,O1_phenylsilane,C1=CC=C(C=C1)[Si]ÔøΩÔøΩ,0.6,None,None,None,None,None,None,none,100,none,0,UPLCMS,S31,962876.0009,845516.3727,87353.8509,235626.0227,0,0,0,0,0,2.4,8.5,77.9,7.6,0.1,0
yk-1536-4-make-product,1536,80,,1536,S,32,"E46_5-PHENYLVALERIC ACID, 99.0+%",C1=CC=C(C=C1)CCCCC(=O)O,0.2,N3_Scaffold 7,CC(C)C1=CC2=CCC3[C@](C)(CN)CCC[C@]3(C)C2CC1,0.1,,CC(C)C1=CC2=CCC3[C@](C)(CNCCCCCc4ccccc4)CCC[C@]3(C)C2CC1,"C1_PLATINUM-1,3-DIVINYL-1,1,3,3-TETRAMETHYLDISILOXANE COMPLEX, IN XYLENES",C=C[Si](C)(C)O[Si](C)(C)C=C.[Pt],0.15,L1_Davephos,CN(C)c1ccccc1-c1ccccc1P(C1CCCCC1)C1CCCCC1,0.005,None,None,None,None,None,None,None,None,None,O1_phenylsilane,C1=CC=C(C=C1)[Si]ÔøΩÔøΩ,0.6,None,None,None,None,None,None,none,100,none,0,UPLCMS,S32,754829.1445,781815.3965,38279.53672,137785.1158,0,0,0,0,0,1.4,7.8,84.8,15.9,0.2,0
yk-1536-4-make-product,1536,80,,1536,S,33,E178_furan-3-carboxylic acid,C1=COC=C1C(=O)O,0.2,N3_Scaffold 7,CC(C)C1=CC2=CCC3[C@](C)(CN)CCC[C@]3(C)C2CC1,0.1,,CC(C)C1=CC2=CCC3[C@](C)(CNCc4ccoc4)CCC[C@]3(C)C2CC1,"C1_PLATINUM-1,3-DIVINYL-1,1,3,3-TETRAMETHYLDISILOXANE COMPLEX, IN XYLENES",C=C[Si](C)(C)O[Si](C)(C)C=C.[Pt],0.15,L1_Davephos,CN(C)c1ccccc1-c1ccccc1P(C1CCCCC1)C1CCCCC1,0.005,None,None,None,None,None,None,None,None,None,O1_phenylsilane,C1=CC=C(C=C1)[Si]ÔøΩÔøΩ,0.6,None,None,None,None,None,None,none,100,none,0,UPLCMS,S33,669647.739,1328618.356,462283.3578,680526.3046,0,0,0,0,0,6.8,13.3,66.1,27.9,0.4,0
yk-1536-4-make-product,1536,80,,1536,S,34,E271_Tetrahydro-2H-pyran-2-carboxylic acid,C1CCOC(C1)C(=O)O,0.2,N3_Scaffold 7,CC(C)C1=CC2=CCC3[C@](C)(CN)CCC[C@]3(C)C2CC1,0.1,,CC(C)C1=CC2=CCC3[C@](C)(CNCC4CCCCO4)CCC[C@]3(C)C2CC1,"C1_PLATINUM-1,3-DIVINYL-1,1,3,3-TETRAMETHYLDISILOXANE COMPLEX, IN XYLENES",C=C[Si](C)(C)O[Si](C)(C)C=C.[Pt],0.15,L1_Davephos,CN(C)c1ccccc1-c1ccccc1P(C1CCCCC1)C1CCCCC1,0.005,None,None,None,None,None,None,None,None,None,O1_phenylsilane,C1=CC=C(C=C1)[Si]ÔøΩÔøΩ,0.6,None,None,None,None,None,None,none,100,none,0,UPLCMS,S34,597704.865,909655.1446,43781.52091,261491.636,0,0,0,0,0,2.6,9.1,77.8,15.1,0.2,0
yk-1536-4-make-product,1536,80,,1536,S,35,E339_Blank19,O=CO,0.2,N3_Scaffold 7,CC(C)C1=CC2=CCC3[C@](C)(CN)CCC[C@]3(C)C2CC1,0.1,MainProduct[1180],CC(C)C1=CC2=CCC3[C@](C)(CN)CCC[C@]3(C)C2CC1,"C1_PLATINUM-1,3-DIVINYL-1,1,3,3-TETRAMETHYLDISILOXANE COMPLEX, IN XYLENES",C=C[Si](C)(C)O[Si](C)(C)C=C.[Pt],0.15,L1_Davephos,CN(C)c1ccccc1-c1ccccc1P(C1CCCCC1)C1CCCCC1,0.005,None,None,None,None,None,None,None,None,None,O1_phenylsilane,C1=CC=C(C=C1)[Si]ÔøΩÔøΩ,0.6,None,None,None,None,None,None,none,100,none,0,UPLCMS,S35,0,1510486.778,0,0,0,0,1436609.012,0,0,0,15.1,100,0,0,0
yk-1536-4-make-product,1536,80,,1536,S,36,E371_Blank51,O=CO,0.2,N3_Scaffold 7,CC(C)C1=CC2=CCC3[C@](C)(CN)CCC[C@]3(C)C2CC1,0.1,MainProduct[1181],CC(C)C1=CC2=CCC3[C@](C)(CN)CCC[C@]3(C)C2CC1,"C1_PLATINUM-1,3-DIVINYL-1,1,3,3-TETRAMETHYLDISILOXANE COMPLEX, IN XYLENES",C=C[Si](C)(C)O[Si](C)(C)C=C.[Pt],0.15,L1_Davephos,CN(C)c1ccccc1-c1ccccc1P(C1CCCCC1)C1CCCCC1,0.005,None,None,None,None,None,None,None,None,None,O1_phenylsilane,C1=CC=C(C=C1)[Si]ÔøΩÔøΩ,0.6,None,None,None,None,None,None,none,100,none,0,UPLCMS,S36,0,0,0,0,0,0,0,0,0,0,0,0,0,0,0
yk-1536-4-make-product,1536,80,,1536,S,37,E30_4-Bromophenylacetic acid,C1=CC(=CC=C1CC(=O)O)Br,0.2,N4_Scaffold 6,CCNC[C@@]1(C)C2[C@](C)(CCC1)c3c(CC2)cc(C(C)C)c(c3)N,0.1,,CCNC[C@]1(C)CCC[C@]2(C)c3cc(NCCc4ccc(Br)cc4)c(C(C)C)cc3CCC12,"C1_PLATINUM-1,3-DIVINYL-1,1,3,3-TETRAMETHYLDISILOXANE COMPLEX, IN XYLENES",C=C[Si](C)(C)O[Si](C)(C)C=C.[Pt],0.15,L1_Davephos,CN(C)c1ccccc1-c1ccccc1P(C1CCCCC1)C1CCCCC1,0.005,None,None,None,None,None,None,None,None,None,O1_phenylsilane,C1=CC=C(C=C1)[Si]ÔøΩÔøΩ,0.6,None,None,None,None,None,None,none,100,none,0,UPLCMS,S37,643356.859,1971049.223,0,0,1006455.087,950534.1806,145668.0673,0,0,9.5,19.7,67.5,6.7,0.1,0
yk-1536-4-make-product,1536,80,,1536,S,38,"E77_2-FLUORO-4-NITROBENZOIC ACID, 98%",C1=CC(=C(C=C1[N+](=O)[O-])F)C(=O)O,0.2,N4_Scaffold 6,CCNC[C@@]1(C)C2[C@](C)(CCC1)c3c(CC2)cc(C(C)C)c(c3)N,0.1,,CCNC[C@]1(C)CCC[C@]2(C)c3cc(NCc4ccc([N+](=O)[O-])cc4F)c(C(C)C)cc3CCC12,"C1_PLATINUM-1,3-DIVINYL-1,1,3,3-TETRAMETHYLDISILOXANE COMPLEX, IN XYLENES",C=C[Si](C)(C)O[Si](C)(C)C=C.[Pt],0.15,L1_Davephos,CN(C)c1ccccc1-c1ccccc1P(C1CCCCC1)C1CCCCC1,0.005,None,None,None,None,None,None,None,None,None,O1_phenylsilane,C1=CC=C(C=C1)[Si]ÔøΩÔøΩ,0.6,None,None,None,None,None,None,none,100,none,0,UPLCMS,S38,225919.024,356484.5589,0,0,1235856.484,1184863.644,37440.84755,0,0,11.8,3.6,23.2,37.7,1.6,0
yk-1536-4-make-product,1536,80,,1536,S,39,E123_3-methoxybenzoic acid,COC1=CC=CC(=C1)C(=O)O,0.2,N4_Scaffold 6,CCNC[C@@]1(C)C2[C@](C)(CCC1)c3c(CC2)cc(C(C)C)c(c3)N,0.1,,CCNC[C@]1(C)CCC[C@]2(C)c3cc(NCc4cccc(OC)c4)c(C(C)C)cc3CCC12,"C1_PLATINUM-1,3-DIVINYL-1,1,3,3-TETRAMETHYLDISILOXANE COMPLEX, IN XYLENES",C=C[Si](C)(C)O[Si](C)(C)C=C.[Pt],0.15,L1_Davephos,CN(C)c1ccccc1-c1ccccc1P(C1CCCCC1)C1CCCCC1,0.005,None,None,None,None,None,None,None,None,None,O1_phenylsilane,C1=CC=C(C=C1)[Si]ÔøΩÔøΩ,0.6,None,None,None,None,None,None,none,100,none,0,UPLCMS,S39,129590.4863,77132,0,0,1800451.111,1840787.281,0,0,0,18.4,0.8,4,-4.7,-1.2,0
yk-1536-4-make-product,1536,80,,1536,S,40,"E162_3,5-dichloropyridine-2-carboxylic acid",C1=C(C=NC(=C1Cl)C(=O)O)Cl,0.2,N4_Scaffold 6,CCNC[C@@]1(C)C2[C@](C)(CCC1)c3c(CC2)cc(C(C)C)c(c3)N,0.1,,CCNC[C@]1(C)CCC[C@]2(C)c3cc(NCc4ncc(Cl)cc4Cl)c(C(C)C)cc3CCC12,"C1_PLATINUM-1,3-DIVINYL-1,1,3,3-TETRAMETHYLDISILOXANE COMPLEX, IN XYLENES",C=C[Si](C)(C)O[Si](C)(C)C=C.[Pt],0.15,L1_Davephos,CN(C)c1ccccc1-c1ccccc1P(C1CCCCC1)C1CCCCC1,0.005,None,None,None,None,None,None,None,None,None,O1_phenylsilane,C1=CC=C(C=C1)[Si]ÔøΩÔøΩ,0.6,None,None,None,None,None,None,none,100,none,0,UPLCMS,S40,399534.6414,1793817.263,0,0,1114514.495,993102.7577,215348.8634,0,0,9.9,17.9,64.4,13.3,0.2,0
yk-1536-4-make-product,1536,80,,1536,S,41,E205_2-(3-methoxyphenyl)acetic acid,COC1=CC=CC(=C1)CC(=O)O,0.2,N4_Scaffold 6,CCNC[C@@]1(C)C2[C@](C)(CCC1)c3c(CC2)cc(C(C)C)c(c3)N,0.1,,CCNC[C@]1(C)CCC[C@]2(C)c3cc(NCCc4cccc(OC)c4)c(C(C)C)cc3CCC12,"C1_PLATINUM-1,3-DIVINYL-1,1,3,3-TETRAMETHYLDISILOXANE COMPLEX, IN XYLENES",C=C[Si](C)(C)O[Si](C)(C)C=C.[Pt],0.15,L1_Davephos,CN(C)c1ccccc1-c1ccccc1P(C1CCCCC1)C1CCCCC1,0.005,None,None,None,None,None,None,None,None,None,O1_phenylsilane,C1=CC=C(C=C1)[Si]ÔøΩÔøΩ,0.6,None,None,None,None,None,None,none,100,none,0,UPLCMS,S41,156730.8019,526813.6752,0,0,1050670.491,1200339.571,0,0,0,12,5.3,30.5,9.8,0.3,0
yk-1536-4-make-product,1536,80,,1536,S,42,E256_1-Phenyl-1-cyclopropanecarboxylic acid,C1CC1(C2=CC=CC=C2)C(=O)O,0.2,N4_Scaffold 6,CCNC[C@@]1(C)C2[C@](C)(CCC1)c3c(CC2)cc(C(C)C)c(c3)N,0.1,,CCNC[C@]1(C)CCC[C@]2(C)c3cc(NCC4(c5ccccc5)CC4)c(C(C)C)cc3CCC12,"C1_PLATINUM-1,3-DIVINYL-1,1,3,3-TETRAMETHYLDISILOXANE COMPLEX, IN XYLENES",C=C[Si](C)(C)O[Si](C)(C)C=C.[Pt],0.15,L1_Davephos,CN(C)c1ccccc1-c1ccccc1P(C1CCCCC1)C1CCCCC1,0.005,None,None,None,None,None,None,None,None,None,O1_phenylsilane,C1=CC=C(C=C1)[Si]ÔøΩÔøΩ,0.6,None,None,None,None,None,None,none,100,none,0,UPLCMS,S42,0,0,0,0,677238.4926,701830.3803,0,0,0,7,0,0,23.5,0,0
yk-1536-4-make-product,1536,80,,1536,S,43,E304_3-(Naphthalen-1-yl)acrylic acid,C1=CC=C2C(=C1)C=CC=C2C=CC(=O)O,0.2,N4_Scaffold 6,CCNC[C@@]1(C)C2[C@](C)(CCC1)c3c(CC2)cc(C(C)C)c(c3)N,0.1,,CCNC[C@]1(C)CCC[C@]2(C)c3cc(NCC=Cc4cccc5ccccc45)c(C(C)C)cc3CCC12,"C1_PLATINUM-1,3-DIVINYL-1,1,3,3-TETRAMETHYLDISILOXANE COMPLEX, IN XYLENES",C=C[Si](C)(C)O[Si](C)(C)C=C.[Pt],0.15,L1_Davephos,CN(C)c1ccccc1-c1ccccc1P(C1CCCCC1)C1CCCCC1,0.005,None,None,None,None,None,None,None,None,None,O1_phenylsilane,C1=CC=C(C=C1)[Si]ÔøΩÔøΩ,0.6,None,None,None,None,None,None,none,100,none,0,UPLCMS,S43,516604.2903,1464395.974,0,0,1419313.768,1293131.781,286644.1031,0,0,12.9,14.6,53.2,20.7,0.4,0
yk-1536-4-make-product,1536,80,,1536,S,44,"E46_5-PHENYLVALERIC ACID, 99.0+%",C1=CC=C(C=C1)CCCCC(=O)O,0.2,N4_Scaffold 6,CCNC[C@@]1(C)C2[C@](C)(CCC1)c3c(CC2)cc(C(C)C)c(c3)N,0.1,,CCNC[C@]1(C)CCC[C@]2(C)c3cc(NCCCCCc4ccccc4)c(C(C)C)cc3CCC12,"C1_PLATINUM-1,3-DIVINYL-1,1,3,3-TETRAMETHYLDISILOXANE COMPLEX, IN XYLENES",C=C[Si](C)(C)O[Si](C)(C)C=C.[Pt],0.15,L1_Davephos,CN(C)c1ccccc1-c1ccccc1P(C1CCCCC1)C1CCCCC1,0.005,None,None,None,None,None,None,None,None,None,O1_phenylsilane,C1=CC=C(C=C1)[Si]ÔøΩÔøΩ,0.6,None,None,None,None,None,None,none,100,none,0,UPLCMS,S44,699177.0572,2327004.706,0,0,856781.6503,810553.4546,22127.50604,0,0,8.1,23.3,74.2,19.3,0.3,0
yk-1536-4-make-product,1536,80,,1536,S,45,E178_furan-3-carboxylic acid,C1=COC=C1C(=O)O,0.2,N4_Scaffold 6,CCNC[C@@]1(C)C2[C@](C)(CCC1)c3c(CC2)cc(C(C)C)c(c3)N,0.1,,CCNC[C@]1(C)CCC[C@]2(C)c3cc(NCc4ccoc4)c(C(C)C)cc3CCC12,"C1_PLATINUM-1,3-DIVINYL-1,1,3,3-TETRAMETHYLDISILOXANE COMPLEX, IN XYLENES",C=C[Si](C)(C)O[Si](C)(C)C=C.[Pt],0.15,L1_Davephos,CN(C)c1ccccc1-c1ccccc1P(C1CCCCC1)C1CCCCC1,0.005,None,None,None,None,None,None,None,None,None,O1_phenylsilane,C1=CC=C(C=C1)[Si]ÔøΩÔøΩ,0.6,None,None,None,None,None,None,none,100,none,0,UPLCMS,S45,226235.6609,195113.125,0,0,1205766.862,1278149.384,0,0,0,12.8,2,13.2,15.8,1.2,0
yk-1536-4-make-product,1536,80,,1536,S,46,E271_Tetrahydro-2H-pyran-2-carboxylic acid,C1CCOC(C1)C(=O)O,0.2,N4_Scaffold 6,CCNC[C@@]1(C)C2[C@](C)(CCC1)c3c(CC2)cc(C(C)C)c(c3)N,0.1,,CCNC[C@]1(C)CCC[C@]2(C)c3cc(NCC4CCCCO4)c(C(C)C)cc3CCC12,"C1_PLATINUM-1,3-DIVINYL-1,1,3,3-TETRAMETHYLDISILOXANE COMPLEX, IN XYLENES",C=C[Si](C)(C)O[Si](C)(C)C=C.[Pt],0.15,L1_Davephos,CN(C)c1ccccc1-c1ccccc1P(C1CCCCC1)C1CCCCC1,0.005,None,None,None,None,None,None,None,None,None,O1_phenylsilane,C1=CC=C(C=C1)[Si]ÔøΩÔøΩ,0.6,None,None,None,None,None,None,none,100,none,0,UPLCMS,S46,280433.1317,279088.3736,0,0,704430.875,647588.8046,0,0,0,6.5,2.8,30,27.5,0.9,0
yk-1536-4-make-product,1536,80,,1536,S,47,E339_Blank19,O=CO,0.2,N4_Scaffold 6,CCNC[C@@]1(C)C2[C@](C)(CCC1)c3c(CC2)cc(C(C)C)c(c3)N,0.1,MainProduct[1193],CCNC[C@@]1(C)C2[C@](C)(CCC1)c3c(CC2)cc(C(C)C)c(c3)N,"C1_PLATINUM-1,3-DIVINYL-1,1,3,3-TETRAMETHYLDISILOXANE COMPLEX, IN XYLENES",C=C[Si](C)(C)O[Si](C)(C)C=C.[Pt],0.15,L1_Davephos,CN(C)c1ccccc1-c1ccccc1P(C1CCCCC1)C1CCCCC1,0.005,None,None,None,None,None,None,None,None,None,O1_phenylsilane,C1=CC=C(C=C1)[Si]ÔøΩÔøΩ,0.6,None,None,None,None,None,None,none,100,none,0,UPLCMS,S47,0,663024.8486,0,0,0,0,718960.8136,0,0,0,6.6,100,0,0,0
yk-1536-4-make-product,1536,80,,1536,S,48,E371_Blank51,O=CO,0.2,N4_Scaffold 6,CCNC[C@@]1(C)C2[C@](C)(CCC1)c3c(CC2)cc(C(C)C)c(c3)N,0.1,MainProduct[1194],CCNC[C@@]1(C)C2[C@](C)(CCC1)c3c(CC2)cc(C(C)C)c(c3)N,"C1_PLATINUM-1,3-DIVINYL-1,1,3,3-TETRAMETHYLDISILOXANE COMPLEX, IN XYLENES",C=C[Si](C)(C)O[Si](C)(C)C=C.[Pt],0.15,L1_Davephos,CN(C)c1ccccc1-c1ccccc1P(C1CCCCC1)C1CCCCC1,0.005,None,None,None,None,None,None,None,None,None,O1_phenylsilane,C1=CC=C(C=C1)[Si]ÔøΩÔøΩ,0.6,None,None,None,None,None,None,none,100,none,0,UPLCMS,S48,0,0,0,0,0,0,0,0,0,0,0,0,0,0,0
yk-1536-4-make-product,1536,80,,1536,T,1,E32_(2R)-3-HYDROXY-2-(PHENYLMETHOXYCARBONYLAMINO)PROPANOIC ACID - [H68524],C1=CC=C(C=C1)COC(=O)NC(CO)C(=O)O,0.2,N1_(+)-Dehydroabietylamine,CC(C)c1ccc2c(c1)CC[C@H]1[C@](C)(CN)CCC[C@]21C,0.1,,CC(C)c1ccc2c(c1)CC[C@H]1[C@](C)(CNCC(CO)NC(=O)OCc3ccccc3)CCC[C@]21C,"C1_PLATINUM-1,3-DIVINYL-1,1,3,3-TETRAMETHYLDISILOXANE COMPLEX, IN XYLENES",C=C[Si](C)(C)O[Si](C)(C)C=C.[Pt],0.15,L1_Davephos,CN(C)c1ccccc1-c1ccccc1P(C1CCCCC1)C1CCCCC1,0.005,None,None,None,None,None,None,None,None,None,O1_phenylsilane,C1=CC=C(C=C1)[Si]ÔøΩÔøΩ,0.6,None,None,None,None,None,None,none,100,none,0,UPLCMS,T1,864727.077,1958148.302,,,,,1534103.74,,,34.6,19.6,36.2,102.4,2.83,0.52
yk-1536-4-make-product,1536,80,,1536,T,2,E79_8-FLUOROQUINOLINE-2-CARBOXYLIC ACID,C1=CC2=C(C(=C1)F)N=C(C=C2)C(=O)O,0.2,N1_(+)-Dehydroabietylamine,CC(C)c1ccc2c(c1)CC[C@H]1[C@](C)(CN)CCC[C@]21C,0.1,,CC(C)c1ccc2c(c1)CC[C@H]1[C@](C)(CNCc3ccc4cccc(F)c4n3)CCC[C@]21C,"C1_PLATINUM-1,3-DIVINYL-1,1,3,3-TETRAMETHYLDISILOXANE COMPLEX, IN XYLENES",C=C[Si](C)(C)O[Si](C)(C)C=C.[Pt],0.15,L1_Davephos,CN(C)c1ccccc1-c1ccccc1P(C1CCCCC1)C1CCCCC1,0.005,None,None,None,None,None,None,None,None,None,O1_phenylsilane,C1=CC=C(C=C1)[Si]ÔøΩÔøΩ,0.6,None,None,None,None,None,None,none,100,none,0,UPLCMS,T2,3626588.549,3042774.407,,,,,62256.93086,,,33.1,30.4,47.9,100.6,2.1,8.35
yk-1536-4-make-product,1536,80,,1536,T,3,"E124_9,10-dioxoanthracene-2-carboxylic acid",C1=CC=C2C(=C1)C(=O)C3=C(C2=O)C=C(C=C3)C(=O)O,0.2,N1_(+)-Dehydroabietylamine,CC(C)c1ccc2c(c1)CC[C@H]1[C@](C)(CN)CCC[C@]21C,0.1,,CC(C)c1ccc2c(c1)CC[C@H]1[C@](C)(CNCc3ccc4c(c3)C(=O)c3ccccc3C4=O)CCC[C@]21C,"C1_PLATINUM-1,3-DIVINYL-1,1,3,3-TETRAMETHYLDISILOXANE COMPLEX, IN XYLENES",C=C[Si](C)(C)O[Si](C)(C)C=C.[Pt],0.15,L1_Davephos,CN(C)c1ccccc1-c1ccccc1P(C1CCCCC1)C1CCCCC1,0.005,None,None,None,None,None,None,None,None,None,O1_phenylsilane,C1=CC=C(C=C1)[Si]ÔøΩÔøΩ,0.6,None,None,None,None,None,None,none,100,none,0,UPLCMS,T3,945100.6122,1769859.847,,,,,0,,,36.5,17.7,32.6,93.7,2.87,10.43
yk-1536-4-make-product,1536,80,,1536,T,4,E163_2-(11-oxo-6H-benzo[c][1]benzoxepin-2-yl)acetic acid,C1C2=CC=CC=C2C(=O)C3=C(O1)C=CC(=C3)CC(=O)O,0.2,N1_(+)-Dehydroabietylamine,CC(C)c1ccc2c(c1)CC[C@H]1[C@](C)(CN)CCC[C@]21C,0.1,,CC(C)c1ccc2c(c1)CC[C@H]1[C@](C)(CNCCc3ccc4c(c3)C(=O)c3ccccc3CO4)CCC[C@]21C,"C1_PLATINUM-1,3-DIVINYL-1,1,3,3-TETRAMETHYLDISILOXANE COMPLEX, IN XYLENES",C=C[Si](C)(C)O[Si](C)(C)C=C.[Pt],0.15,L1_Davephos,CN(C)c1ccccc1-c1ccccc1P(C1CCCCC1)C1CCCCC1,0.005,None,None,None,None,None,None,None,None,None,O1_phenylsilane,C1=CC=C(C=C1)[Si]ÔøΩÔøΩ,0.6,None,None,None,None,None,None,none,100,none,0,UPLCMS,T4,2843216.615,3686960.662,,,,,0,,,5.6,36.9,86.9,7.7,0.09,0
yk-1536-4-make-product,1536,80,,1536,T,5,E206_2-(4-methylphenyl)propanoic acid,CC1=CC=C(C=C1)C(C)C(=O)O,0.2,N1_(+)-Dehydroabietylamine,CC(C)c1ccc2c(c1)CC[C@H]1[C@](C)(CN)CCC[C@]21C,0.1,,Cc1ccc(C(C)CNC[C@]2(C)CCC[C@]3(C)c4ccc(C(C)C)cc4CC[C@@H]23)cc1,"C1_PLATINUM-1,3-DIVINYL-1,1,3,3-TETRAMETHYLDISILOXANE COMPLEX, IN XYLENES",C=C[Si](C)(C)O[Si](C)(C)C=C.[Pt],0.15,L1_Davephos,CN(C)c1ccccc1-c1ccccc1P(C1CCCCC1)C1CCCCC1,0.005,None,None,None,None,None,None,None,None,None,O1_phenylsilane,C1=CC=C(C=C1)[Si]ÔøΩÔøΩ,0.6,None,None,None,None,None,None,none,100,none,0,UPLCMS,T5,25562.15711,77078.54369,,,,,0,,,20.2,0.8,3.7,22.2,6,0
yk-1536-4-make-product,1536,80,,1536,T,6,E258_Quinoline-8-carboxylic acid,C1=CC2=C(C(=C1)C(=O)O)N=CC=C2,0.2,N1_(+)-Dehydroabietylamine,CC(C)c1ccc2c(c1)CC[C@H]1[C@](C)(CN)CCC[C@]21C,0.1,,CC(C)c1ccc2c(c1)CC[C@H]1[C@](C)(CNCc3cccc4cccnc34)CCC[C@]21C,"C1_PLATINUM-1,3-DIVINYL-1,1,3,3-TETRAMETHYLDISILOXANE COMPLEX, IN XYLENES",C=C[Si](C)(C)O[Si](C)(C)C=C.[Pt],0.15,L1_Davephos,CN(C)c1ccccc1-c1ccccc1P(C1CCCCC1)C1CCCCC1,0.005,None,None,None,None,None,None,None,None,None,O1_phenylsilane,C1=CC=C(C=C1)[Si]ÔøΩÔøΩ,0.6,None,None,None,None,None,None,none,100,none,0,UPLCMS,T6,1832152.881,1705290.658,,,,,0,,,24.7,17.1,40.9,29.5,0.72,0
yk-1536-4-make-product,1536,80,,1536,T,7,E306_4-(p-Tolyl)butanoic acid,CC1=CC=C(C=C1)CCCC(=O)O,0.2,N1_(+)-Dehydroabietylamine,CC(C)c1ccc2c(c1)CC[C@H]1[C@](C)(CN)CCC[C@]21C,0.1,,Cc1ccc(CCCCNC[C@]2(C)CCC[C@]3(C)c4ccc(C(C)C)cc4CC[C@@H]23)cc1,"C1_PLATINUM-1,3-DIVINYL-1,1,3,3-TETRAMETHYLDISILOXANE COMPLEX, IN XYLENES",C=C[Si](C)(C)O[Si](C)(C)C=C.[Pt],0.15,L1_Davephos,CN(C)c1ccccc1-c1ccccc1P(C1CCCCC1)C1CCCCC1,0.005,None,None,None,None,None,None,None,None,None,O1_phenylsilane,C1=CC=C(C=C1)[Si]ÔøΩÔøΩ,0.6,None,None,None,None,None,None,none,100,none,0,UPLCMS,T7,120416.1254,120913.148,,,,,0,,,0,1.2,100,23.6,0.24,0
yk-1536-4-make-product,1536,80,,1536,T,8,"E47_1-TRIFLUOROMETHYLCYCLOPROPANE-1-CARBOXYLIC ACID, 98%",C1CC1(C(=O)O)C(F)(F)F,0.2,N1_(+)-Dehydroabietylamine,CC(C)c1ccc2c(c1)CC[C@H]1[C@](C)(CN)CCC[C@]21C,0.1,,CC(C)c1ccc2c(c1)CC[C@H]1[C@](C)(CNCC3(C(F)(F)F)CC3)CCC[C@]21C,"C1_PLATINUM-1,3-DIVINYL-1,1,3,3-TETRAMETHYLDISILOXANE COMPLEX, IN XYLENES",C=C[Si](C)(C)O[Si](C)(C)C=C.[Pt],0.15,L1_Davephos,CN(C)c1ccccc1-c1ccccc1P(C1CCCCC1)C1CCCCC1,0.005,None,None,None,None,None,None,None,None,None,O1_phenylsilane,C1=CC=C(C=C1)[Si]ÔøΩÔøΩ,0.6,None,None,None,None,None,None,none,100,none,0,UPLCMS,T8,248428.1897,2084516.817,,,,,1072189.718,,,34.1,20.8,38,64.4,1.69,0
yk-1536-4-make-product,1536,80,,1536,T,9,E180_furan-2-carboxylic acid,C1=COC(=C1)C(=O)O,0.2,N1_(+)-Dehydroabietylamine,CC(C)c1ccc2c(c1)CC[C@H]1[C@](C)(CN)CCC[C@]21C,0.1,,CC(C)c1ccc2c(c1)CC[C@H]1[C@](C)(CNCc3ccco3)CCC[C@]21C,"C1_PLATINUM-1,3-DIVINYL-1,1,3,3-TETRAMETHYLDISILOXANE COMPLEX, IN XYLENES",C=C[Si](C)(C)O[Si](C)(C)C=C.[Pt],0.15,L1_Davephos,CN(C)c1ccccc1-c1ccccc1P(C1CCCCC1)C1CCCCC1,0.005,None,None,None,None,None,None,None,None,None,O1_phenylsilane,C1=CC=C(C=C1)[Si]ÔøΩÔøΩ,0.6,None,None,None,None,None,None,none,100,none,0,UPLCMS,T9,525465.0106,544899.4047,,,,,0,,,23.1,5.4,19.1,14,0.73,0
yk-1536-4-make-product,1536,80,,1536,T,10,E272_m-Tolylacetic acid,CC1=CC(=CC=C1)CC(=O)O,0.2,N1_(+)-Dehydroabietylamine,CC(C)c1ccc2c(c1)CC[C@H]1[C@](C)(CN)CCC[C@]21C,0.1,,Cc1cccc(CCNC[C@]2(C)CCC[C@]3(C)c4ccc(C(C)C)cc4CC[C@@H]23)c1,"C1_PLATINUM-1,3-DIVINYL-1,1,3,3-TETRAMETHYLDISILOXANE COMPLEX, IN XYLENES",C=C[Si](C)(C)O[Si](C)(C)C=C.[Pt],0.15,L1_Davephos,CN(C)c1ccccc1-c1ccccc1P(C1CCCCC1)C1CCCCC1,0.005,None,None,None,None,None,None,None,None,None,O1_phenylsilane,C1=CC=C(C=C1)[Si]ÔøΩÔøΩ,0.6,None,None,None,None,None,None,none,100,none,0,UPLCMS,T10,3446783.495,3039528.51,,,,,0,,,2.5,30.4,92.3,8.7,0.09,0
yk-1536-4-make-product,1536,80,,1536,T,11,E340_Blank20,O=CO,0.2,N1_(+)-Dehydroabietylamine,CC(C)c1ccc2c(c1)CC[C@H]1[C@](C)(CN)CCC[C@]21C,0.1,MainProduct[1202],CC(C)c1ccc2c(c1)CC[C@H]1[C@](C)(CN)CCC[C@]21C,"C1_PLATINUM-1,3-DIVINYL-1,1,3,3-TETRAMETHYLDISILOXANE COMPLEX, IN XYLENES",C=C[Si](C)(C)O[Si](C)(C)C=C.[Pt],0.15,L1_Davephos,CN(C)c1ccccc1-c1ccccc1P(C1CCCCC1)C1CCCCC1,0.005,None,None,None,None,None,None,None,None,None,O1_phenylsilane,C1=CC=C(C=C1)[Si]ÔøΩÔøΩ,0.6,None,None,None,None,None,None,none,100,none,0,UPLCMS,T11,0,2906965.554,,,,,3176277.21,,,0,29.1,100,0,0,0
yk-1536-4-make-product,1536,80,,1536,T,12,E372_Blank52,O=CO,0.2,N1_(+)-Dehydroabietylamine,CC(C)c1ccc2c(c1)CC[C@H]1[C@](C)(CN)CCC[C@]21C,0.1,MainProduct[1203],CC(C)c1ccc2c(c1)CC[C@H]1[C@](C)(CN)CCC[C@]21C,"C1_PLATINUM-1,3-DIVINYL-1,1,3,3-TETRAMETHYLDISILOXANE COMPLEX, IN XYLENES",C=C[Si](C)(C)O[Si](C)(C)C=C.[Pt],0.15,L1_Davephos,CN(C)c1ccccc1-c1ccccc1P(C1CCCCC1)C1CCCCC1,0.005,None,None,None,None,None,None,None,None,None,O1_phenylsilane,C1=CC=C(C=C1)[Si]ÔøΩÔøΩ,0.6,None,None,None,None,None,None,none,100,none,0,UPLCMS,T12,0,0,,,,,0,,,0,0,0,0,0,0
yk-1536-4-make-product,1536,80,,1536,T,13,E32_(2R)-3-HYDROXY-2-(PHENYLMETHOXYCARBONYLAMINO)PROPANOIC ACID - [H68524],C1=CC=C(C=C1)COC(=O)NC(CO)C(=O)O,0.2,N2_hydroxydehydroabietylamine,CC(C)C(C(O)=C1)=CC2=C1[C@]3(C)C(CC2)[C@](C)(CN)CCC3,0.1,,CC(C)c1cc2c(cc1O)[C@@]1(C)CCC[C@@](C)(CNCC(CO)NC(=O)OCc3ccccc3)C1CC2,"C1_PLATINUM-1,3-DIVINYL-1,1,3,3-TETRAMETHYLDISILOXANE COMPLEX, IN XYLENES",C=C[Si](C)(C)O[Si](C)(C)C=C.[Pt],0.15,L1_Davephos,CN(C)c1ccccc1-c1ccccc1P(C1CCCCC1)C1CCCCC1,0.005,None,None,None,None,None,None,None,None,None,O1_phenylsilane,C1=CC=C(C=C1)[Si]ÔøΩÔøΩ,0.6,None,None,None,None,None,None,none,100,none,0,UPLCMS,T13,443753.2171,397988.5629,,,,,0,,,0,4,100,-11.3,-0.11,0
yk-1536-4-make-product,1536,80,,1536,T,14,E79_8-FLUOROQUINOLINE-2-CARBOXYLIC ACID,C1=CC2=C(C(=C1)F)N=C(C=C2)C(=O)O,0.2,N2_hydroxydehydroabietylamine,CC(C)C(C(O)=C1)=CC2=C1[C@]3(C)C(CC2)[C@](C)(CN)CCC3,0.1,,CC(C)c1cc2c(cc1O)[C@@]1(C)CCC[C@@](C)(CNCc3ccc4cccc(F)c4n3)C1CC2,"C1_PLATINUM-1,3-DIVINYL-1,1,3,3-TETRAMETHYLDISILOXANE COMPLEX, IN XYLENES",C=C[Si](C)(C)O[Si](C)(C)C=C.[Pt],0.15,L1_Davephos,CN(C)c1ccccc1-c1ccccc1P(C1CCCCC1)C1CCCCC1,0.005,None,None,None,None,None,None,None,None,None,O1_phenylsilane,C1=CC=C(C=C1)[Si]ÔøΩÔøΩ,0.6,None,None,None,None,None,None,none,100,none,0,UPLCMS,T14,1697546.311,2492352.454,,,,,0,,,1.5,24.9,94.4,7.2,0.08,0
yk-1536-4-make-product,1536,80,,1536,T,15,"E124_9,10-dioxoanthracene-2-carboxylic acid",C1=CC=C2C(=C1)C(=O)C3=C(C2=O)C=C(C=C3)C(=O)O,0.2,N2_hydroxydehydroabietylamine,CC(C)C(C(O)=C1)=CC2=C1[C@]3(C)C(CC2)[C@](C)(CN)CCC3,0.1,,CC(C)c1cc2c(cc1O)[C@@]1(C)CCC[C@@](C)(CNCc3ccc4c(c3)C(=O)c3ccccc3C4=O)C1CC2,"C1_PLATINUM-1,3-DIVINYL-1,1,3,3-TETRAMETHYLDISILOXANE COMPLEX, IN XYLENES",C=C[Si](C)(C)O[Si](C)(C)C=C.[Pt],0.15,L1_Davephos,CN(C)c1ccccc1-c1ccccc1P(C1CCCCC1)C1CCCCC1,0.005,None,None,None,None,None,None,None,None,None,O1_phenylsilane,C1=CC=C(C=C1)[Si]ÔøΩÔøΩ,0.6,None,None,None,None,None,None,none,100,none,0,UPLCMS,T15,8562.30698,36324.06538,,,,,0,,,5.6,0.4,6.1,17.9,2.93,0
yk-1536-4-make-product,1536,80,,1536,T,16,E163_2-(11-oxo-6H-benzo[c][1]benzoxepin-2-yl)acetic acid,C1C2=CC=CC=C2C(=O)C3=C(O1)C=CC(=C3)CC(=O)O,0.2,N2_hydroxydehydroabietylamine,CC(C)C(C(O)=C1)=CC2=C1[C@]3(C)C(CC2)[C@](C)(CN)CCC3,0.1,,CC(C)c1cc2c(cc1O)[C@@]1(C)CCC[C@@](C)(CNCCc3ccc4c(c3)C(=O)c3ccccc3CO4)C1CC2,"C1_PLATINUM-1,3-DIVINYL-1,1,3,3-TETRAMETHYLDISILOXANE COMPLEX, IN XYLENES",C=C[Si](C)(C)O[Si](C)(C)C=C.[Pt],0.15,L1_Davephos,CN(C)c1ccccc1-c1ccccc1P(C1CCCCC1)C1CCCCC1,0.005,None,None,None,None,None,None,None,None,None,O1_phenylsilane,C1=CC=C(C=C1)[Si]ÔøΩÔøΩ,0.6,None,None,None,None,None,None,none,100,none,0,UPLCMS,T16,53320.19514,0,,,,,0,,,0,0,0,16.5,0,0
yk-1536-4-make-product,1536,80,,1536,T,17,E206_2-(4-methylphenyl)propanoic acid,CC1=CC=C(C=C1)C(C)C(=O)O,0.2,N2_hydroxydehydroabietylamine,CC(C)C(C(O)=C1)=CC2=C1[C@]3(C)C(CC2)[C@](C)(CN)CCC3,0.1,,Cc1ccc(C(C)CNC[C@]2(C)CCC[C@]3(C)c4cc(O)c(C(C)C)cc4CCC23)cc1,"C1_PLATINUM-1,3-DIVINYL-1,1,3,3-TETRAMETHYLDISILOXANE COMPLEX, IN XYLENES",C=C[Si](C)(C)O[Si](C)(C)C=C.[Pt],0.15,L1_Davephos,CN(C)c1ccccc1-c1ccccc1P(C1CCCCC1)C1CCCCC1,0.005,None,None,None,None,None,None,None,None,None,O1_phenylsilane,C1=CC=C(C=C1)[Si]ÔøΩÔøΩ,0.6,None,None,None,None,None,None,none,100,none,0,UPLCMS,T17,2076.75639,23508.80408,,,,,0,,,1.6,0.2,12.7,22.7,1.79,0
yk-1536-4-make-product,1536,80,,1536,T,18,E258_Quinoline-8-carboxylic acid,C1=CC2=C(C(=C1)C(=O)O)N=CC=C2,0.2,N2_hydroxydehydroabietylamine,CC(C)C(C(O)=C1)=CC2=C1[C@]3(C)C(CC2)[C@](C)(CN)CCC3,0.1,,CC(C)c1cc2c(cc1O)[C@@]1(C)CCC[C@@](C)(CNCc3cccc4cccnc34)C1CC2,"C1_PLATINUM-1,3-DIVINYL-1,1,3,3-TETRAMETHYLDISILOXANE COMPLEX, IN XYLENES",C=C[Si](C)(C)O[Si](C)(C)C=C.[Pt],0.15,L1_Davephos,CN(C)c1ccccc1-c1ccccc1P(C1CCCCC1)C1CCCCC1,0.005,None,None,None,None,None,None,None,None,None,O1_phenylsilane,C1=CC=C(C=C1)[Si]ÔøΩÔøΩ,0.6,None,None,None,None,None,None,none,100,none,0,UPLCMS,T18,263486.5049,349597,,,,,0,,,0,3.5,100,37.2,0.37,0
yk-1536-4-make-product,1536,80,,1536,T,19,E306_4-(p-Tolyl)butanoic acid,CC1=CC=C(C=C1)CCCC(=O)O,0.2,N2_hydroxydehydroabietylamine,CC(C)C(C(O)=C1)=CC2=C1[C@]3(C)C(CC2)[C@](C)(CN)CCC3,0.1,,Cc1ccc(CCCCNC[C@]2(C)CCC[C@]3(C)c4cc(O)c(C(C)C)cc4CCC23)cc1,"C1_PLATINUM-1,3-DIVINYL-1,1,3,3-TETRAMETHYLDISILOXANE COMPLEX, IN XYLENES",C=C[Si](C)(C)O[Si](C)(C)C=C.[Pt],0.15,L1_Davephos,CN(C)c1ccccc1-c1ccccc1P(C1CCCCC1)C1CCCCC1,0.005,None,None,None,None,None,None,None,None,None,O1_phenylsilane,C1=CC=C(C=C1)[Si]ÔøΩÔøΩ,0.6,None,None,None,None,None,None,none,100,none,0,UPLCMS,T19,33881.8843,108923.3422,,,,,0,,,1.3,1.1,46,20.6,0.45,0
yk-1536-4-make-product,1536,80,,1536,T,20,"E47_1-TRIFLUOROMETHYLCYCLOPROPANE-1-CARBOXYLIC ACID, 98%",C1CC1(C(=O)O)C(F)(F)F,0.2,N2_hydroxydehydroabietylamine,CC(C)C(C(O)=C1)=CC2=C1[C@]3(C)C(CC2)[C@](C)(CN)CCC3,0.1,,CC(C)c1cc2c(cc1O)[C@@]1(C)CCC[C@@](C)(CNCC3(C(F)(F)F)CC3)C1CC2,"C1_PLATINUM-1,3-DIVINYL-1,1,3,3-TETRAMETHYLDISILOXANE COMPLEX, IN XYLENES",C=C[Si](C)(C)O[Si](C)(C)C=C.[Pt],0.15,L1_Davephos,CN(C)c1ccccc1-c1ccccc1P(C1CCCCC1)C1CCCCC1,0.005,None,None,None,None,None,None,None,None,None,O1_phenylsilane,C1=CC=C(C=C1)[Si]ÔøΩÔøΩ,0.6,None,None,None,None,None,None,none,100,none,0,UPLCMS,T20,62300.69882,0,,,,,0,,,1.3,0,0,22.9,0,0
yk-1536-4-make-product,1536,80,,1536,T,21,E180_furan-2-carboxylic acid,C1=COC(=C1)C(=O)O,0.2,N2_hydroxydehydroabietylamine,CC(C)C(C(O)=C1)=CC2=C1[C@]3(C)C(CC2)[C@](C)(CN)CCC3,0.1,,CC(C)c1cc2c(cc1O)[C@@]1(C)CCC[C@@](C)(CNCc3ccco3)C1CC2,"C1_PLATINUM-1,3-DIVINYL-1,1,3,3-TETRAMETHYLDISILOXANE COMPLEX, IN XYLENES",C=C[Si](C)(C)O[Si](C)(C)C=C.[Pt],0.15,L1_Davephos,CN(C)c1ccccc1-c1ccccc1P(C1CCCCC1)C1CCCCC1,0.005,None,None,None,None,None,None,None,None,None,O1_phenylsilane,C1=CC=C(C=C1)[Si]ÔøΩÔøΩ,0.6,None,None,None,None,None,None,none,100,none,0,UPLCMS,T21,55700.7537,0,,,,,0,,,0.2,0,0,34.3,0,0
yk-1536-4-make-product,1536,80,,1536,T,22,E272_m-Tolylacetic acid,CC1=CC(=CC=C1)CC(=O)O,0.2,N2_hydroxydehydroabietylamine,CC(C)C(C(O)=C1)=CC2=C1[C@]3(C)C(CC2)[C@](C)(CN)CCC3,0.1,,Cc1cccc(CCNC[C@]2(C)CCC[C@]3(C)c4cc(O)c(C(C)C)cc4CCC23)c1,"C1_PLATINUM-1,3-DIVINYL-1,1,3,3-TETRAMETHYLDISILOXANE COMPLEX, IN XYLENES",C=C[Si](C)(C)O[Si](C)(C)C=C.[Pt],0.15,L1_Davephos,CN(C)c1ccccc1-c1ccccc1P(C1CCCCC1)C1CCCCC1,0.005,None,None,None,None,None,None,None,None,None,O1_phenylsilane,C1=CC=C(C=C1)[Si]ÔøΩÔøΩ,0.6,None,None,None,None,None,None,none,100,none,0,UPLCMS,T22,41475.2242,58974.19942,,,,,0,,,0,0.6,100,40.5,0.41,0
yk-1536-4-make-product,1536,80,,1536,T,23,E340_Blank20,O=CO,0.2,N2_hydroxydehydroabietylamine,CC(C)C(C(O)=C1)=CC2=C1[C@]3(C)C(CC2)[C@](C)(CN)CCC3,0.1,MainProduct[1215],CC(C)C(C(O)=C1)=CC2=C1[C@]3(C)C(CC2)[C@](C)(CN)CCC3,"C1_PLATINUM-1,3-DIVINYL-1,1,3,3-TETRAMETHYLDISILOXANE COMPLEX, IN XYLENES",C=C[Si](C)(C)O[Si](C)(C)C=C.[Pt],0.15,L1_Davephos,CN(C)c1ccccc1-c1ccccc1P(C1CCCCC1)C1CCCCC1,0.005,None,None,None,None,None,None,None,None,None,O1_phenylsilane,C1=CC=C(C=C1)[Si]ÔøΩÔøΩ,0.6,None,None,None,None,None,None,none,100,none,0,UPLCMS,T23,0,226017.6158,,,,,223793.387,,,0,2.3,100,0,0,0
yk-1536-4-make-product,1536,80,,1536,T,24,E372_Blank52,O=CO,0.2,N2_hydroxydehydroabietylamine,CC(C)C(C(O)=C1)=CC2=C1[C@]3(C)C(CC2)[C@](C)(CN)CCC3,0.1,MainProduct[1216],CC(C)C(C(O)=C1)=CC2=C1[C@]3(C)C(CC2)[C@](C)(CN)CCC3,"C1_PLATINUM-1,3-DIVINYL-1,1,3,3-TETRAMETHYLDISILOXANE COMPLEX, IN XYLENES",C=C[Si](C)(C)O[Si](C)(C)C=C.[Pt],0.15,L1_Davephos,CN(C)c1ccccc1-c1ccccc1P(C1CCCCC1)C1CCCCC1,0.005,None,None,None,None,None,None,None,None,None,O1_phenylsilane,C1=CC=C(C=C1)[Si]ÔøΩÔøΩ,0.6,None,None,None,None,None,None,none,100,none,0,UPLCMS,T24,0,0,,,,,0,,,0,0,0,0,0,0
yk-1536-4-make-product,1536,80,,1536,T,25,E32_(2R)-3-HYDROXY-2-(PHENYLMETHOXYCARBONYLAMINO)PROPANOIC ACID - [H68524],C1=CC=C(C=C1)COC(=O)NC(CO)C(=O)O,0.2,N3_Scaffold 7,CC(C)C1=CC2=CCC3[C@](C)(CN)CCC[C@]3(C)C2CC1,0.1,,CC(C)C1=CC2=CCC3[C@](C)(CNCC(CO)NC(=O)OCc4ccccc4)CCC[C@]3(C)C2CC1,"C1_PLATINUM-1,3-DIVINYL-1,1,3,3-TETRAMETHYLDISILOXANE COMPLEX, IN XYLENES",C=C[Si](C)(C)O[Si](C)(C)C=C.[Pt],0.15,L1_Davephos,CN(C)c1ccccc1-c1ccccc1P(C1CCCCC1)C1CCCCC1,0.005,None,None,None,None,None,None,None,None,None,O1_phenylsilane,C1=CC=C(C=C1)[Si]ÔøΩÔøΩ,0.6,None,None,None,None,None,None,none,100,none,0,UPLCMS,T25,566203.3443,1977698.901,1078980.683,1816206.085,0,0,0,0,0,18.2,19.8,52.1,48.5,0.93,0
yk-1536-4-make-product,1536,80,,1536,T,26,E79_8-FLUOROQUINOLINE-2-CARBOXYLIC ACID,C1=CC2=C(C(=C1)F)N=C(C=C2)C(=O)O,0.2,N3_Scaffold 7,CC(C)C1=CC2=CCC3[C@](C)(CN)CCC[C@]3(C)C2CC1,0.1,,CC(C)C1=CC2=CCC3[C@](C)(CNCc4ccc5cccc(F)c5n4)CCC[C@]3(C)C2CC1,"C1_PLATINUM-1,3-DIVINYL-1,1,3,3-TETRAMETHYLDISILOXANE COMPLEX, IN XYLENES",C=C[Si](C)(C)O[Si](C)(C)C=C.[Pt],0.15,L1_Davephos,CN(C)c1ccccc1-c1ccccc1P(C1CCCCC1)C1CCCCC1,0.005,None,None,None,None,None,None,None,None,None,O1_phenylsilane,C1=CC=C(C=C1)[Si]ÔøΩÔøΩ,0.6,None,None,None,None,None,None,none,100,none,0,UPLCMS,T26,4326669.424,4019058.569,752175.1153,1198490.733,0,0,0,0,0,12,40.2,77,60.7,0.79,0
yk-1536-4-make-product,1536,80,,1536,T,27,"E124_9,10-dioxoanthracene-2-carboxylic acid",C1=CC=C2C(=C1)C(=O)C3=C(C2=O)C=C(C=C3)C(=O)O,0.2,N3_Scaffold 7,CC(C)C1=CC2=CCC3[C@](C)(CN)CCC[C@]3(C)C2CC1,0.1,,CC(C)C1=CC2=CCC3[C@](C)(CNCc4ccc5c(c4)C(=O)c4ccccc4C5=O)CCC[C@]3(C)C2CC1,"C1_PLATINUM-1,3-DIVINYL-1,1,3,3-TETRAMETHYLDISILOXANE COMPLEX, IN XYLENES",C=C[Si](C)(C)O[Si](C)(C)C=C.[Pt],0.15,L1_Davephos,CN(C)c1ccccc1-c1ccccc1P(C1CCCCC1)C1CCCCC1,0.005,None,None,None,None,None,None,None,None,None,O1_phenylsilane,C1=CC=C(C=C1)[Si]ÔøΩÔøΩ,0.6,None,None,None,None,None,None,none,100,none,0,UPLCMS,T27,888711.92,1232175.437,1177192.704,1880975.117,0,0,0,0,0,18.8,12.3,39.6,35.4,0.89,0
yk-1536-4-make-product,1536,80,,1536,T,28,E163_2-(11-oxo-6H-benzo[c][1]benzoxepin-2-yl)acetic acid,C1C2=CC=CC=C2C(=O)C3=C(O1)C=CC(=C3)CC(=O)O,0.2,N3_Scaffold 7,CC(C)C1=CC2=CCC3[C@](C)(CN)CCC[C@]3(C)C2CC1,0.1,,CC(C)C1=CC2=CCC3[C@](C)(CNCCc4ccc5c(c4)C(=O)c4ccccc4CO5)CCC[C@]3(C)C2CC1,"C1_PLATINUM-1,3-DIVINYL-1,1,3,3-TETRAMETHYLDISILOXANE COMPLEX, IN XYLENES",C=C[Si](C)(C)O[Si](C)(C)C=C.[Pt],0.15,L1_Davephos,CN(C)c1ccccc1-c1ccccc1P(C1CCCCC1)C1CCCCC1,0.005,None,None,None,None,None,None,None,None,None,O1_phenylsilane,C1=CC=C(C=C1)[Si]ÔøΩÔøΩ,0.6,None,None,None,None,None,None,none,100,none,0,UPLCMS,T28,1861670.618,2042136.049,102739.5957,541522.3535,0,0,0,0,0,5.4,20.4,79.1,30.4,0.38,0
yk-1536-4-make-product,1536,80,,1536,T,29,E206_2-(4-methylphenyl)propanoic acid,CC1=CC=C(C=C1)C(C)C(=O)O,0.2,N3_Scaffold 7,CC(C)C1=CC2=CCC3[C@](C)(CN)CCC[C@]3(C)C2CC1,0.1,,Cc1ccc(C(C)CNC[C@]2(C)CCC[C@]3(C)C4CCC(C(C)C)=CC4=CCC23)cc1,"C1_PLATINUM-1,3-DIVINYL-1,1,3,3-TETRAMETHYLDISILOXANE COMPLEX, IN XYLENES",C=C[Si](C)(C)O[Si](C)(C)C=C.[Pt],0.15,L1_Davephos,CN(C)c1ccccc1-c1ccccc1P(C1CCCCC1)C1CCCCC1,0.005,None,None,None,None,None,None,None,None,None,O1_phenylsilane,C1=CC=C(C=C1)[Si]ÔøΩÔøΩ,0.6,None,None,None,None,None,None,none,100,none,0,UPLCMS,T29,2162.01431,42880.63772,1246932.836,1341820.77,0,0,0,0,0,13.4,0.4,3.1,20.1,6.47,0
yk-1536-4-make-product,1536,80,,1536,T,30,E258_Quinoline-8-carboxylic acid,C1=CC2=C(C(=C1)C(=O)O)N=CC=C2,0.2,N3_Scaffold 7,CC(C)C1=CC2=CCC3[C@](C)(CN)CCC[C@]3(C)C2CC1,0.1,,CC(C)C1=CC2=CCC3[C@](C)(CNCc4cccc5cccnc45)CCC[C@]3(C)C2CC1,"C1_PLATINUM-1,3-DIVINYL-1,1,3,3-TETRAMETHYLDISILOXANE COMPLEX, IN XYLENES",C=C[Si](C)(C)O[Si](C)(C)C=C.[Pt],0.15,L1_Davephos,CN(C)c1ccccc1-c1ccccc1P(C1CCCCC1)C1CCCCC1,0.005,None,None,None,None,None,None,None,None,None,O1_phenylsilane,C1=CC=C(C=C1)[Si]ÔøΩÔøΩ,0.6,None,None,None,None,None,None,none,100,none,0,UPLCMS,T30,1791202.825,1491506.207,209738.1455,339667.2183,0,0,0,0,0,3.4,14.9,81.4,15.3,0.19,0
yk-1536-4-make-product,1536,80,,1536,T,31,E306_4-(p-Tolyl)butanoic acid,CC1=CC=C(C=C1)CCCC(=O)O,0.2,N3_Scaffold 7,CC(C)C1=CC2=CCC3[C@](C)(CN)CCC[C@]3(C)C2CC1,0.1,,Cc1ccc(CCCCNC[C@]2(C)CCC[C@]3(C)C4CCC(C(C)C)=CC4=CCC23)cc1,"C1_PLATINUM-1,3-DIVINYL-1,1,3,3-TETRAMETHYLDISILOXANE COMPLEX, IN XYLENES",C=C[Si](C)(C)O[Si](C)(C)C=C.[Pt],0.15,L1_Davephos,CN(C)c1ccccc1-c1ccccc1P(C1CCCCC1)C1CCCCC1,0.005,None,None,None,None,None,None,None,None,None,O1_phenylsilane,C1=CC=C(C=C1)[Si]ÔøΩÔøΩ,0.6,None,None,None,None,None,None,none,100,none,0,UPLCMS,T31,51908.29571,338466.8549,1228974.365,1285655.104,0,0,0,0,0,12.9,3.4,20.8,22,1.06,0
yk-1536-4-make-product,1536,80,,1536,T,32,"E47_1-TRIFLUOROMETHYLCYCLOPROPANE-1-CARBOXYLIC ACID, 98%",C1CC1(C(=O)O)C(F)(F)F,0.2,N3_Scaffold 7,CC(C)C1=CC2=CCC3[C@](C)(CN)CCC[C@]3(C)C2CC1,0.1,,CC(C)C1=CC2=CCC3[C@](C)(CNCC4(C(F)(F)F)CC4)CCC[C@]3(C)C2CC1,"C1_PLATINUM-1,3-DIVINYL-1,1,3,3-TETRAMETHYLDISILOXANE COMPLEX, IN XYLENES",C=C[Si](C)(C)O[Si](C)(C)C=C.[Pt],0.15,L1_Davephos,CN(C)c1ccccc1-c1ccccc1P(C1CCCCC1)C1CCCCC1,0.005,None,None,None,None,None,None,None,None,None,O1_phenylsilane,C1=CC=C(C=C1)[Si]ÔøΩÔøΩ,0.6,None,None,None,None,None,None,none,100,none,0,UPLCMS,T32,314436.2082,755780,985365.4224,1666377.469,0,0,0,9525.28314,0,16.7,7.6,31.2,29.6,0.95,0
yk-1536-4-make-product,1536,80,,1536,T,33,E180_furan-2-carboxylic acid,C1=COC(=C1)C(=O)O,0.2,N3_Scaffold 7,CC(C)C1=CC2=CCC3[C@](C)(CN)CCC[C@]3(C)C2CC1,0.1,,CC(C)C1=CC2=CCC3[C@](C)(CNCc4ccco4)CCC[C@]3(C)C2CC1,"C1_PLATINUM-1,3-DIVINYL-1,1,3,3-TETRAMETHYLDISILOXANE COMPLEX, IN XYLENES",C=C[Si](C)(C)O[Si](C)(C)C=C.[Pt],0.15,L1_Davephos,CN(C)c1ccccc1-c1ccccc1P(C1CCCCC1)C1CCCCC1,0.005,None,None,None,None,None,None,None,None,None,O1_phenylsilane,C1=CC=C(C=C1)[Si]ÔøΩÔøΩ,0.6,None,None,None,None,None,None,none,100,none,0,UPLCMS,T33,893552.2212,826730,391215.901,319432.6863,0,0,0,0,0,3.2,8.3,72.1,12.3,0.17,0
yk-1536-4-make-product,1536,80,,1536,T,34,E272_m-Tolylacetic acid,CC1=CC(=CC=C1)CC(=O)O,0.2,N3_Scaffold 7,CC(C)C1=CC2=CCC3[C@](C)(CN)CCC[C@]3(C)C2CC1,0.1,,Cc1cccc(CCNC[C@]2(C)CCC[C@]3(C)C4CCC(C(C)C)=CC4=CCC23)c1,"C1_PLATINUM-1,3-DIVINYL-1,1,3,3-TETRAMETHYLDISILOXANE COMPLEX, IN XYLENES",C=C[Si](C)(C)O[Si](C)(C)C=C.[Pt],0.15,L1_Davephos,CN(C)c1ccccc1-c1ccccc1P(C1CCCCC1)C1CCCCC1,0.005,None,None,None,None,None,None,None,None,None,O1_phenylsilane,C1=CC=C(C=C1)[Si]ÔøΩÔøΩ,0.6,None,None,None,None,None,None,none,100,none,0,UPLCMS,T34,946812.0607,885794.7276,45873.09506,258951.586,0,0,0,0,0,2.6,8.9,77.3,16.3,0.21,0
yk-1536-4-make-product,1536,80,,1536,T,35,E340_Blank20,O=CO,0.2,N3_Scaffold 7,CC(C)C1=CC2=CCC3[C@](C)(CN)CCC[C@]3(C)C2CC1,0.1,MainProduct[1228],CC(C)C1=CC2=CCC3[C@](C)(CN)CCC[C@]3(C)C2CC1,"C1_PLATINUM-1,3-DIVINYL-1,1,3,3-TETRAMETHYLDISILOXANE COMPLEX, IN XYLENES",C=C[Si](C)(C)O[Si](C)(C)C=C.[Pt],0.15,L1_Davephos,CN(C)c1ccccc1-c1ccccc1P(C1CCCCC1)C1CCCCC1,0.005,None,None,None,None,None,None,None,None,None,O1_phenylsilane,C1=CC=C(C=C1)[Si]ÔøΩÔøΩ,0.6,None,None,None,None,None,None,none,100,none,0,UPLCMS,T35,0,1413672.979,0,0,0,0,1362084.282,0,0,0,14.1,100,0,0,0
yk-1536-4-make-product,1536,80,,1536,T,36,E372_Blank52,O=CO,0.2,N3_Scaffold 7,CC(C)C1=CC2=CCC3[C@](C)(CN)CCC[C@]3(C)C2CC1,0.1,MainProduct[1229],CC(C)C1=CC2=CCC3[C@](C)(CN)CCC[C@]3(C)C2CC1,"C1_PLATINUM-1,3-DIVINYL-1,1,3,3-TETRAMETHYLDISILOXANE COMPLEX, IN XYLENES",C=C[Si](C)(C)O[Si](C)(C)C=C.[Pt],0.15,L1_Davephos,CN(C)c1ccccc1-c1ccccc1P(C1CCCCC1)C1CCCCC1,0.005,None,None,None,None,None,None,None,None,None,O1_phenylsilane,C1=CC=C(C=C1)[Si]ÔøΩÔøΩ,0.6,None,None,None,None,None,None,none,100,none,0,UPLCMS,T36,0,0,0,0,0,0,0,0,0,0,0,0,0,0,0
yk-1536-4-make-product,1536,80,,1536,T,37,E32_(2R)-3-HYDROXY-2-(PHENYLMETHOXYCARBONYLAMINO)PROPANOIC ACID - [H68524],C1=CC=C(C=C1)COC(=O)NC(CO)C(=O)O,0.2,N4_Scaffold 6,CCNC[C@@]1(C)C2[C@](C)(CCC1)c3c(CC2)cc(C(C)C)c(c3)N,0.1,,CCNC[C@]1(C)CCC[C@]2(C)c3cc(NCC(CO)NC(=O)OCc4ccccc4)c(C(C)C)cc3CCC12,"C1_PLATINUM-1,3-DIVINYL-1,1,3,3-TETRAMETHYLDISILOXANE COMPLEX, IN XYLENES",C=C[Si](C)(C)O[Si](C)(C)C=C.[Pt],0.15,L1_Davephos,CN(C)c1ccccc1-c1ccccc1P(C1CCCCC1)C1CCCCC1,0.005,None,None,None,None,None,None,None,None,None,O1_phenylsilane,C1=CC=C(C=C1)[Si]ÔøΩÔøΩ,0.6,None,None,None,None,None,None,none,100,none,0,UPLCMS,T37,134189.5647,445889.9485,0,0,1533631.911,1634876.52,0,0,0,16.3,4.5,21.5,29.5,1.37,0
yk-1536-4-make-product,1536,80,,1536,T,38,E79_8-FLUOROQUINOLINE-2-CARBOXYLIC ACID,C1=CC2=C(C(=C1)F)N=C(C=C2)C(=O)O,0.2,N4_Scaffold 6,CCNC[C@@]1(C)C2[C@](C)(CCC1)c3c(CC2)cc(C(C)C)c(c3)N,0.1,,CCNC[C@]1(C)CCC[C@]2(C)c3cc(NCc4ccc5cccc(F)c5n4)c(C(C)C)cc3CCC12,"C1_PLATINUM-1,3-DIVINYL-1,1,3,3-TETRAMETHYLDISILOXANE COMPLEX, IN XYLENES",C=C[Si](C)(C)O[Si](C)(C)C=C.[Pt],0.15,L1_Davephos,CN(C)c1ccccc1-c1ccccc1P(C1CCCCC1)C1CCCCC1,0.005,None,None,None,None,None,None,None,None,None,O1_phenylsilane,C1=CC=C(C=C1)[Si]ÔøΩÔøΩ,0.6,None,None,None,None,None,None,none,100,none,0,UPLCMS,T38,661928.7729,3306343.449,0,0,791510.7161,978917.172,62266.89239,0,0,9.8,33.1,77.1,45.4,0.59,0
yk-1536-4-make-product,1536,80,,1536,T,39,"E124_9,10-dioxoanthracene-2-carboxylic acid",C1=CC=C2C(=C1)C(=O)C3=C(C2=O)C=C(C=C3)C(=O)O,0.2,N4_Scaffold 6,CCNC[C@@]1(C)C2[C@](C)(CCC1)c3c(CC2)cc(C(C)C)c(c3)N,0.1,,CCNC[C@]1(C)CCC[C@]2(C)c3cc(NCc4ccc5c(c4)C(=O)c4ccccc4C5=O)c(C(C)C)cc3CCC12,"C1_PLATINUM-1,3-DIVINYL-1,1,3,3-TETRAMETHYLDISILOXANE COMPLEX, IN XYLENES",C=C[Si](C)(C)O[Si](C)(C)C=C.[Pt],0.15,L1_Davephos,CN(C)c1ccccc1-c1ccccc1P(C1CCCCC1)C1CCCCC1,0.005,None,None,None,None,None,None,None,None,None,O1_phenylsilane,C1=CC=C(C=C1)[Si]ÔøΩÔøΩ,0.6,None,None,None,None,None,None,none,100,none,0,UPLCMS,T39,51240.45674,446418.6759,0,0,1860033.168,1733859.352,0,0,0,17.3,4.5,20.5,22.3,1.09,0
yk-1536-4-make-product,1536,80,,1536,T,40,E163_2-(11-oxo-6H-benzo[c][1]benzoxepin-2-yl)acetic acid,C1C2=CC=CC=C2C(=O)C3=C(O1)C=CC(=C3)CC(=O)O,0.2,N4_Scaffold 6,CCNC[C@@]1(C)C2[C@](C)(CCC1)c3c(CC2)cc(C(C)C)c(c3)N,0.1,,CCNC[C@]1(C)CCC[C@]2(C)c3cc(NCCc4ccc5c(c4)C(=O)c4ccccc4CO5)c(C(C)C)cc3CCC12,"C1_PLATINUM-1,3-DIVINYL-1,1,3,3-TETRAMETHYLDISILOXANE COMPLEX, IN XYLENES",C=C[Si](C)(C)O[Si](C)(C)C=C.[Pt],0.15,L1_Davephos,CN(C)c1ccccc1-c1ccccc1P(C1CCCCC1)C1CCCCC1,0.005,None,None,None,None,None,None,None,None,None,O1_phenylsilane,C1=CC=C(C=C1)[Si]ÔøΩÔøΩ,0.6,None,None,None,None,None,None,none,100,none,0,UPLCMS,T40,375760.5292,1012439.762,0,0,769628.9904,653123.5815,133222.3413,0,0,6.5,10.1,60.9,31.7,0.52,0
yk-1536-4-make-product,1536,80,,1536,T,41,E206_2-(4-methylphenyl)propanoic acid,CC1=CC=C(C=C1)C(C)C(=O)O,0.2,N4_Scaffold 6,CCNC[C@@]1(C)C2[C@](C)(CCC1)c3c(CC2)cc(C(C)C)c(c3)N,0.1,,CCNC[C@]1(C)CCC[C@]2(C)c3cc(NCC(C)c4ccc(C)cc4)c(C(C)C)cc3CCC12,"C1_PLATINUM-1,3-DIVINYL-1,1,3,3-TETRAMETHYLDISILOXANE COMPLEX, IN XYLENES",C=C[Si](C)(C)O[Si](C)(C)C=C.[Pt],0.15,L1_Davephos,CN(C)c1ccccc1-c1ccccc1P(C1CCCCC1)C1CCCCC1,0.005,None,None,None,None,None,None,None,None,None,O1_phenylsilane,C1=CC=C(C=C1)[Si]ÔøΩÔøΩ,0.6,None,None,None,None,None,None,none,100,none,0,UPLCMS,T41,0,0,0,0,985348.6799,1041425.114,0,0,0,10.4,0,0,25.8,0,0
yk-1536-4-make-product,1536,80,,1536,T,42,E258_Quinoline-8-carboxylic acid,C1=CC2=C(C(=C1)C(=O)O)N=CC=C2,0.2,N4_Scaffold 6,CCNC[C@@]1(C)C2[C@](C)(CCC1)c3c(CC2)cc(C(C)C)c(c3)N,0.1,,CCNC[C@]1(C)CCC[C@]2(C)c3cc(NCc4cccc5cccnc45)c(C(C)C)cc3CCC12,"C1_PLATINUM-1,3-DIVINYL-1,1,3,3-TETRAMETHYLDISILOXANE COMPLEX, IN XYLENES",C=C[Si](C)(C)O[Si](C)(C)C=C.[Pt],0.15,L1_Davephos,CN(C)c1ccccc1-c1ccccc1P(C1CCCCC1)C1CCCCC1,0.005,None,None,None,None,None,None,None,None,None,O1_phenylsilane,C1=CC=C(C=C1)[Si]ÔøΩÔøΩ,0.6,None,None,None,None,None,None,none,100,none,0,UPLCMS,T42,599653.8492,2448562.624,0,0,1835568.083,1666377.333,181487.5311,0,0,16.7,24.5,59.5,33.4,0.56,0
yk-1536-4-make-product,1536,80,,1536,T,43,E306_4-(p-Tolyl)butanoic acid,CC1=CC=C(C=C1)CCCC(=O)O,0.2,N4_Scaffold 6,CCNC[C@@]1(C)C2[C@](C)(CCC1)c3c(CC2)cc(C(C)C)c(c3)N,0.1,,CCNC[C@]1(C)CCC[C@]2(C)c3cc(NCCCCc4ccc(C)cc4)c(C(C)C)cc3CCC12,"C1_PLATINUM-1,3-DIVINYL-1,1,3,3-TETRAMETHYLDISILOXANE COMPLEX, IN XYLENES",C=C[Si](C)(C)O[Si](C)(C)C=C.[Pt],0.15,L1_Davephos,CN(C)c1ccccc1-c1ccccc1P(C1CCCCC1)C1CCCCC1,0.005,None,None,None,None,None,None,None,None,None,O1_phenylsilane,C1=CC=C(C=C1)[Si]ÔøΩÔøΩ,0.6,None,None,None,None,None,None,none,100,none,0,UPLCMS,T43,26359.90495,99281.37988,0,0,1058184.026,1184287.669,0,0,0,11.8,1,7.8,9.5,1.21,0
yk-1536-4-make-product,1536,80,,1536,T,44,"E47_1-TRIFLUOROMETHYLCYCLOPROPANE-1-CARBOXYLIC ACID, 98%",C1CC1(C(=O)O)C(F)(F)F,0.2,N4_Scaffold 6,CCNC[C@@]1(C)C2[C@](C)(CCC1)c3c(CC2)cc(C(C)C)c(c3)N,0.1,,CCNC[C@]1(C)CCC[C@]2(C)c3cc(NCC4(C(F)(F)F)CC4)c(C(C)C)cc3CCC12,"C1_PLATINUM-1,3-DIVINYL-1,1,3,3-TETRAMETHYLDISILOXANE COMPLEX, IN XYLENES",C=C[Si](C)(C)O[Si](C)(C)C=C.[Pt],0.15,L1_Davephos,CN(C)c1ccccc1-c1ccccc1P(C1CCCCC1)C1CCCCC1,0.005,None,None,None,None,None,None,None,None,None,O1_phenylsilane,C1=CC=C(C=C1)[Si]ÔøΩÔøΩ,0.6,None,None,None,None,None,None,none,100,none,0,UPLCMS,T44,27080.10221,0,0,0,1824045.505,1833957.905,46877.46079,0,0,18.3,0,0,12.8,0,0
yk-1536-4-make-product,1536,80,,1536,T,45,E180_furan-2-carboxylic acid,C1=COC(=C1)C(=O)O,0.2,N4_Scaffold 6,CCNC[C@@]1(C)C2[C@](C)(CCC1)c3c(CC2)cc(C(C)C)c(c3)N,0.1,,CCNC[C@]1(C)CCC[C@]2(C)c3cc(NCc4ccco4)c(C(C)C)cc3CCC12,"C1_PLATINUM-1,3-DIVINYL-1,1,3,3-TETRAMETHYLDISILOXANE COMPLEX, IN XYLENES",C=C[Si](C)(C)O[Si](C)(C)C=C.[Pt],0.15,L1_Davephos,CN(C)c1ccccc1-c1ccccc1P(C1CCCCC1)C1CCCCC1,0.005,None,None,None,None,None,None,None,None,None,O1_phenylsilane,C1=CC=C(C=C1)[Si]ÔøΩÔøΩ,0.6,None,None,None,None,None,None,none,100,none,0,UPLCMS,T45,463884.7982,623465,0,0,1143453.545,1167490.755,0,0,0,11.7,6.2,34.8,10.1,0.29,0
yk-1536-4-make-product,1536,80,,1536,T,46,E272_m-Tolylacetic acid,CC1=CC(=CC=C1)CC(=O)O,0.2,N4_Scaffold 6,CCNC[C@@]1(C)C2[C@](C)(CCC1)c3c(CC2)cc(C(C)C)c(c3)N,0.1,,CCNC[C@]1(C)CCC[C@]2(C)c3cc(NCCc4cccc(C)c4)c(C(C)C)cc3CCC12,"C1_PLATINUM-1,3-DIVINYL-1,1,3,3-TETRAMETHYLDISILOXANE COMPLEX, IN XYLENES",C=C[Si](C)(C)O[Si](C)(C)C=C.[Pt],0.15,L1_Davephos,CN(C)c1ccccc1-c1ccccc1P(C1CCCCC1)C1CCCCC1,0.005,None,None,None,None,None,None,None,None,None,O1_phenylsilane,C1=CC=C(C=C1)[Si]ÔøΩÔøΩ,0.6,None,None,None,None,None,None,none,100,none,0,UPLCMS,T46,486536.9433,1968093.624,0,0,1239450.432,1239066.074,0,0,0,12.4,19.7,61.3,21.9,0.36,0
yk-1536-4-make-product,1536,80,,1536,T,47,E340_Blank20,O=CO,0.2,N4_Scaffold 6,CCNC[C@@]1(C)C2[C@](C)(CCC1)c3c(CC2)cc(C(C)C)c(c3)N,0.1,MainProduct[1241],CCNC[C@@]1(C)C2[C@](C)(CCC1)c3c(CC2)cc(C(C)C)c(c3)N,"C1_PLATINUM-1,3-DIVINYL-1,1,3,3-TETRAMETHYLDISILOXANE COMPLEX, IN XYLENES",C=C[Si](C)(C)O[Si](C)(C)C=C.[Pt],0.15,L1_Davephos,CN(C)c1ccccc1-c1ccccc1P(C1CCCCC1)C1CCCCC1,0.005,None,None,None,None,None,None,None,None,None,O1_phenylsilane,C1=CC=C(C=C1)[Si]ÔøΩÔøΩ,0.6,None,None,None,None,None,None,none,100,none,0,UPLCMS,T47,0,782798.9738,0,0,0,0,857704.5453,0,0,0,7.8,100,0,0,0
yk-1536-4-make-product,1536,80,,1536,T,48,E372_Blank52,O=CO,0.2,N4_Scaffold 6,CCNC[C@@]1(C)C2[C@](C)(CCC1)c3c(CC2)cc(C(C)C)c(c3)N,0.1,MainProduct[1242],CCNC[C@@]1(C)C2[C@](C)(CCC1)c3c(CC2)cc(C(C)C)c(c3)N,"C1_PLATINUM-1,3-DIVINYL-1,1,3,3-TETRAMETHYLDISILOXANE COMPLEX, IN XYLENES",C=C[Si](C)(C)O[Si](C)(C)C=C.[Pt],0.15,L1_Davephos,CN(C)c1ccccc1-c1ccccc1P(C1CCCCC1)C1CCCCC1,0.005,None,None,None,None,None,None,None,None,None,O1_phenylsilane,C1=CC=C(C=C1)[Si]ÔøΩÔøΩ,0.6,None,None,None,None,None,None,none,100,none,0,UPLCMS,T48,0,0,0,0,0,0,0,0,0,0,0,0,0,0,0
yk-1536-4-make-product,1536,80,,1536,U,1,"E33_2-(2,3-DIHYDRO-1H-INDEN-2-YL)ACETIC ACID, 98%",C1C(CC2=CC=CC=C21)CC(=O)O,0.2,N1_(+)-Dehydroabietylamine,CC(C)c1ccc2c(c1)CC[C@H]1[C@](C)(CN)CCC[C@]21C,0.1,,CC(C)c1ccc2c(c1)CC[C@H]1[C@](C)(CNCCC3Cc4ccccc4C3)CCC[C@]21C,"C1_PLATINUM-1,3-DIVINYL-1,1,3,3-TETRAMETHYLDISILOXANE COMPLEX, IN XYLENES",C=C[Si](C)(C)O[Si](C)(C)C=C.[Pt],0.15,L1_Davephos,CN(C)c1ccccc1-c1ccccc1P(C1CCCCC1)C1CCCCC1,0.005,None,None,None,None,None,None,None,None,None,O1_phenylsilane,C1=CC=C(C=C1)[Si]ÔøΩÔøΩ,0.6,None,None,None,None,None,None,none,100,none,0,UPLCMS,U1,1741641.595,864314.1297,,,,,0,,,41.57,8.6,17.2,84.7,4.92,-0.31
yk-1536-4-make-product,1536,80,,1536,U,2,"E81_2-METHOXY-2-(NAPHTHALEN-1-YL)PROPANOIC ACID, 97%",CC(C1=CC=CC2=CC=CC=C21)(C(=O)O)OC,0.2,N1_(+)-Dehydroabietylamine,CC(C)c1ccc2c(c1)CC[C@H]1[C@](C)(CN)CCC[C@]21C,0.1,,COC(C)(CNC[C@]1(C)CCC[C@]2(C)c3ccc(C(C)C)cc3CC[C@@H]12)c1cccc2ccccc12,"C1_PLATINUM-1,3-DIVINYL-1,1,3,3-TETRAMETHYLDISILOXANE COMPLEX, IN XYLENES",C=C[Si](C)(C)O[Si](C)(C)C=C.[Pt],0.15,L1_Davephos,CN(C)c1ccccc1-c1ccccc1P(C1CCCCC1)C1CCCCC1,0.005,None,None,None,None,None,None,None,None,None,O1_phenylsilane,C1=CC=C(C=C1)[Si]ÔøΩÔøΩ,0.6,None,None,None,None,None,None,none,100,none,0,UPLCMS,U2,3663766.206,1923416.97,,,,,0,,,34.36,19.2,35.9,56.1,1.56,0
yk-1536-4-make-product,1536,80,,1536,U,3,E126_2-acetylbenzoic acid,CC(=O)C1=CC=CC=C1C(=O)O,0.2,N1_(+)-Dehydroabietylamine,CC(C)c1ccc2c(c1)CC[C@H]1[C@](C)(CN)CCC[C@]21C,0.1,,CC(=O)c1ccccc1CNC[C@]1(C)CCC[C@]2(C)c3ccc(C(C)C)cc3CC[C@@H]12,"C1_PLATINUM-1,3-DIVINYL-1,1,3,3-TETRAMETHYLDISILOXANE COMPLEX, IN XYLENES",C=C[Si](C)(C)O[Si](C)(C)C=C.[Pt],0.15,L1_Davephos,CN(C)c1ccccc1-c1ccccc1P(C1CCCCC1)C1CCCCC1,0.005,None,None,None,None,None,None,None,None,None,O1_phenylsilane,C1=CC=C(C=C1)[Si]ÔøΩÔøΩ,0.6,None,None,None,None,None,None,none,100,none,0,UPLCMS,U3,776093.0716,630504.7917,,,,,125406.1207,,,8.95,6.3,41.3,-29.3,-0.71,0
yk-1536-4-make-product,1536,80,,1536,U,4,"E164_2-(3,4-dimethoxyphenyl)acetic acid",COC1=C(C=C(C=C1)CC(=O)O)OC,0.2,N1_(+)-Dehydroabietylamine,CC(C)c1ccc2c(c1)CC[C@H]1[C@](C)(CN)CCC[C@]21C,0.1,,COc1ccc(CCNC[C@]2(C)CCC[C@]3(C)c4ccc(C(C)C)cc4CC[C@@H]23)cc1OC,"C1_PLATINUM-1,3-DIVINYL-1,1,3,3-TETRAMETHYLDISILOXANE COMPLEX, IN XYLENES",C=C[Si](C)(C)O[Si](C)(C)C=C.[Pt],0.15,L1_Davephos,CN(C)c1ccccc1-c1ccccc1P(C1CCCCC1)C1CCCCC1,0.005,None,None,None,None,None,None,None,None,None,O1_phenylsilane,C1=CC=C(C=C1)[Si]ÔøΩÔøΩ,0.6,None,None,None,None,None,None,none,100,none,0,UPLCMS,U4,3019733.777,2307527.993,,,,,15120.0166,,,3.36,23.1,87.3,-8.2,-0.09,0
yk-1536-4-make-product,1536,80,,1536,U,5,E207_1-methyl-5-thiophen-2-ylpyrazole-3-carboxylic acid,CN1C(=CC(=N1)C(=O)O)C2=CC=CS2,0.2,N1_(+)-Dehydroabietylamine,CC(C)c1ccc2c(c1)CC[C@H]1[C@](C)(CN)CCC[C@]21C,0.1,,CC(C)c1ccc2c(c1)CC[C@H]1[C@](C)(CNCc3cc(-c4cccs4)n(C)n3)CCC[C@]21C,"C1_PLATINUM-1,3-DIVINYL-1,1,3,3-TETRAMETHYLDISILOXANE COMPLEX, IN XYLENES",C=C[Si](C)(C)O[Si](C)(C)C=C.[Pt],0.15,L1_Davephos,CN(C)c1ccccc1-c1ccccc1P(C1CCCCC1)C1CCCCC1,0.005,None,None,None,None,None,None,None,None,None,O1_phenylsilane,C1=CC=C(C=C1)[Si]ÔøΩÔøΩ,0.6,None,None,None,None,None,None,none,100,none,0,UPLCMS,U5,3535625.293,4109832.757,,,,,1089072.216,,,29.93,41.1,57.9,-6,-0.1,0
yk-1536-4-make-product,1536,80,,1536,U,6,"E259_QUINALDIC ACID, 98.0+%",C1=CC=C2C(=C1)C=CC(=N2)C(=O)O,0.2,N1_(+)-Dehydroabietylamine,CC(C)c1ccc2c(c1)CC[C@H]1[C@](C)(CN)CCC[C@]21C,0.1,,CC(C)c1ccc2c(c1)CC[C@H]1[C@](C)(CNCc3ccc4ccccc4n3)CCC[C@]21C,"C1_PLATINUM-1,3-DIVINYL-1,1,3,3-TETRAMETHYLDISILOXANE COMPLEX, IN XYLENES",C=C[Si](C)(C)O[Si](C)(C)C=C.[Pt],0.15,L1_Davephos,CN(C)c1ccccc1-c1ccccc1P(C1CCCCC1)C1CCCCC1,0.005,None,None,None,None,None,None,None,None,None,O1_phenylsilane,C1=CC=C(C=C1)[Si]ÔøΩÔøΩ,0.6,None,None,None,None,None,None,none,100,none,0,UPLCMS,U6,3753229.412,2699204.754,,,,,0,,,35.33,27,43.3,78.7,1.82,12.68
yk-1536-4-make-product,1536,80,,1536,U,7,E307_1-Boc-4-Methylpiperidine-4-carboxylic acid,CC1(CCN(CC1)C(=O)OC(C)(C)C)C(=O)O,0.2,N1_(+)-Dehydroabietylamine,CC(C)c1ccc2c(c1)CC[C@H]1[C@](C)(CN)CCC[C@]21C,0.1,,CC(C)c1ccc2c(c1)CC[C@H]1[C@](C)(CNCC3(C)CCN(C(=O)OC(C)(C)C)CC3)CCC[C@]21C,"C1_PLATINUM-1,3-DIVINYL-1,1,3,3-TETRAMETHYLDISILOXANE COMPLEX, IN XYLENES",C=C[Si](C)(C)O[Si](C)(C)C=C.[Pt],0.15,L1_Davephos,CN(C)c1ccccc1-c1ccccc1P(C1CCCCC1)C1CCCCC1,0.005,None,None,None,None,None,None,None,None,None,O1_phenylsilane,C1=CC=C(C=C1)[Si]ÔøΩÔøΩ,0.6,None,None,None,None,None,None,none,100,none,0,UPLCMS,U7,1773989.871,1076185.352,,,,,0,,,14.56,10.8,42.5,-21.1,-0.5,0
yk-1536-4-make-product,1536,80,,1536,U,8,"E58_CYCLOPROPYLACETIC ACID, 98%",C1CC1CC(=O)O,0.2,N1_(+)-Dehydroabietylamine,CC(C)c1ccc2c(c1)CC[C@H]1[C@](C)(CN)CCC[C@]21C,0.1,,CC(C)c1ccc2c(c1)CC[C@H]1[C@](C)(CNCCC3CC3)CCC[C@]21C,"C1_PLATINUM-1,3-DIVINYL-1,1,3,3-TETRAMETHYLDISILOXANE COMPLEX, IN XYLENES",C=C[Si](C)(C)O[Si](C)(C)C=C.[Pt],0.15,L1_Davephos,CN(C)c1ccccc1-c1ccccc1P(C1CCCCC1)C1CCCCC1,0.005,None,None,None,None,None,None,None,None,None,O1_phenylsilane,C1=CC=C(C=C1)[Si]ÔøΩÔøΩ,0.6,None,None,None,None,None,None,none,100,none,0,UPLCMS,U8,2642654.921,1846376.539,,,,,10882.96431,,,1.19,18.5,93.9,-31.8,-0.34,0
yk-1536-4-make-product,1536,80,,1536,U,9,E182_2-(furan-2-yl)acetic acid,C1=COC(=C1)CC(=O)O,0.2,N1_(+)-Dehydroabietylamine,CC(C)c1ccc2c(c1)CC[C@H]1[C@](C)(CN)CCC[C@]21C,0.1,,CC(C)c1ccc2c(c1)CC[C@H]1[C@](C)(CNCCc3ccco3)CCC[C@]21C,"C1_PLATINUM-1,3-DIVINYL-1,1,3,3-TETRAMETHYLDISILOXANE COMPLEX, IN XYLENES",C=C[Si](C)(C)O[Si](C)(C)C=C.[Pt],0.15,L1_Davephos,CN(C)c1ccccc1-c1ccccc1P(C1CCCCC1)C1CCCCC1,0.005,None,None,None,None,None,None,None,None,None,O1_phenylsilane,C1=CC=C(C=C1)[Si]ÔøΩÔøΩ,0.6,None,None,None,None,None,None,none,100,none,0,UPLCMS,U9,3620130.899,2109872.841,,,,,102047.5933,,,9.63,21.1,68.7,-25.7,-0.37,0
yk-1536-4-make-product,1536,80,,1536,U,10,E276_2-Tetrahydrofuroic Acid,C1CC(OC1)C(=O)O,0.2,N1_(+)-Dehydroabietylamine,CC(C)c1ccc2c(c1)CC[C@H]1[C@](C)(CN)CCC[C@]21C,0.1,,CC(C)c1ccc2c(c1)CC[C@H]1[C@](C)(CNCC3CCCO3)CCC[C@]21C,"C1_PLATINUM-1,3-DIVINYL-1,1,3,3-TETRAMETHYLDISILOXANE COMPLEX, IN XYLENES",C=C[Si](C)(C)O[Si](C)(C)C=C.[Pt],0.15,L1_Davephos,CN(C)c1ccccc1-c1ccccc1P(C1CCCCC1)C1CCCCC1,0.005,None,None,None,None,None,None,None,None,None,O1_phenylsilane,C1=CC=C(C=C1)[Si]ÔøΩÔøΩ,0.6,None,None,None,None,None,None,none,100,none,0,UPLCMS,U10,2692388.021,2540064.427,,,,,0,,,1.56,25.4,94.2,-25.2,-0.27,0
yk-1536-4-make-product,1536,80,,1536,U,11,E341_Blank21,O=CO,0.2,N1_(+)-Dehydroabietylamine,CC(C)c1ccc2c(c1)CC[C@H]1[C@](C)(CN)CCC[C@]21C,0.1,MainProduct[1250],CC(C)c1ccc2c(c1)CC[C@H]1[C@](C)(CN)CCC[C@]21C,"C1_PLATINUM-1,3-DIVINYL-1,1,3,3-TETRAMETHYLDISILOXANE COMPLEX, IN XYLENES",C=C[Si](C)(C)O[Si](C)(C)C=C.[Pt],0.15,L1_Davephos,CN(C)c1ccccc1-c1ccccc1P(C1CCCCC1)C1CCCCC1,0.005,None,None,None,None,None,None,None,None,None,O1_phenylsilane,C1=CC=C(C=C1)[Si]ÔøΩÔøΩ,0.6,None,None,None,None,None,None,none,100,none,0,UPLCMS,U11,0,2588200.14,,,,,2914278.997,,,0,25.9,100,0,0,0
yk-1536-4-make-product,1536,80,,1536,U,12,E373_Blank53,O=CO,0.2,N1_(+)-Dehydroabietylamine,CC(C)c1ccc2c(c1)CC[C@H]1[C@](C)(CN)CCC[C@]21C,0.1,MainProduct[1251],CC(C)c1ccc2c(c1)CC[C@H]1[C@](C)(CN)CCC[C@]21C,"C1_PLATINUM-1,3-DIVINYL-1,1,3,3-TETRAMETHYLDISILOXANE COMPLEX, IN XYLENES",C=C[Si](C)(C)O[Si](C)(C)C=C.[Pt],0.15,L1_Davephos,CN(C)c1ccccc1-c1ccccc1P(C1CCCCC1)C1CCCCC1,0.005,None,None,None,None,None,None,None,None,None,O1_phenylsilane,C1=CC=C(C=C1)[Si]ÔøΩÔøΩ,0.6,None,None,None,None,None,None,none,100,none,0,UPLCMS,U12,0,0,,,,,0,,,0,0,0,0,0,0
yk-1536-4-make-product,1536,80,,1536,U,13,"E33_2-(2,3-DIHYDRO-1H-INDEN-2-YL)ACETIC ACID, 98%",C1C(CC2=CC=CC=C21)CC(=O)O,0.2,N2_hydroxydehydroabietylamine,CC(C)C(C(O)=C1)=CC2=C1[C@]3(C)C(CC2)[C@](C)(CN)CCC3,0.1,,CC(C)c1cc2c(cc1O)[C@@]1(C)CCC[C@@](C)(CNCCC3Cc4ccccc4C3)C1CC2,"C1_PLATINUM-1,3-DIVINYL-1,1,3,3-TETRAMETHYLDISILOXANE COMPLEX, IN XYLENES",C=C[Si](C)(C)O[Si](C)(C)C=C.[Pt],0.15,L1_Davephos,CN(C)c1ccccc1-c1ccccc1P(C1CCCCC1)C1CCCCC1,0.005,None,None,None,None,None,None,None,None,None,O1_phenylsilane,C1=CC=C(C=C1)[Si]ÔøΩÔøΩ,0.6,None,None,None,None,None,None,none,100,none,0,UPLCMS,U13,314398.7151,229244.0648,,,,,0,,,0,2.3,100,-18.7,-0.19,0
yk-1536-4-make-product,1536,80,,1536,U,14,"E81_2-METHOXY-2-(NAPHTHALEN-1-YL)PROPANOIC ACID, 97%",CC(C1=CC=CC2=CC=CC=C21)(C(=O)O)OC,0.2,N2_hydroxydehydroabietylamine,CC(C)C(C(O)=C1)=CC2=C1[C@]3(C)C(CC2)[C@](C)(CN)CCC3,0.1,,COC(C)(CNC[C@]1(C)CCC[C@]2(C)c3cc(O)c(C(C)C)cc3CCC12)c1cccc2ccccc12,"C1_PLATINUM-1,3-DIVINYL-1,1,3,3-TETRAMETHYLDISILOXANE COMPLEX, IN XYLENES",C=C[Si](C)(C)O[Si](C)(C)C=C.[Pt],0.15,L1_Davephos,CN(C)c1ccccc1-c1ccccc1P(C1CCCCC1)C1CCCCC1,0.005,None,None,None,None,None,None,None,None,None,O1_phenylsilane,C1=CC=C(C=C1)[Si]ÔøΩÔøΩ,0.6,None,None,None,None,None,None,none,100,none,0,UPLCMS,U14,2947675.503,2596560.858,,,,,0,,,0,26,100,-38.3,-0.38,0
yk-1536-4-make-product,1536,80,,1536,U,15,E126_2-acetylbenzoic acid,CC(=O)C1=CC=CC=C1C(=O)O,0.2,N2_hydroxydehydroabietylamine,CC(C)C(C(O)=C1)=CC2=C1[C@]3(C)C(CC2)[C@](C)(CN)CCC3,0.1,,CC(=O)c1ccccc1CNC[C@]1(C)CCC[C@]2(C)c3cc(O)c(C(C)C)cc3CCC12,"C1_PLATINUM-1,3-DIVINYL-1,1,3,3-TETRAMETHYLDISILOXANE COMPLEX, IN XYLENES",C=C[Si](C)(C)O[Si](C)(C)C=C.[Pt],0.15,L1_Davephos,CN(C)c1ccccc1-c1ccccc1P(C1CCCCC1)C1CCCCC1,0.005,None,None,None,None,None,None,None,None,None,O1_phenylsilane,C1=CC=C(C=C1)[Si]ÔøΩÔøΩ,0.6,None,None,None,None,None,None,none,100,none,0,UPLCMS,U15,24120.03783,0,,,,,0,,,0,0,0,-7.3,0,0
yk-1536-4-make-product,1536,80,,1536,U,16,"E164_2-(3,4-dimethoxyphenyl)acetic acid",COC1=C(C=C(C=C1)CC(=O)O)OC,0.2,N2_hydroxydehydroabietylamine,CC(C)C(C(O)=C1)=CC2=C1[C@]3(C)C(CC2)[C@](C)(CN)CCC3,0.1,,COc1ccc(CCNC[C@]2(C)CCC[C@]3(C)c4cc(O)c(C(C)C)cc4CCC23)cc1OC,"C1_PLATINUM-1,3-DIVINYL-1,1,3,3-TETRAMETHYLDISILOXANE COMPLEX, IN XYLENES",C=C[Si](C)(C)O[Si](C)(C)C=C.[Pt],0.15,L1_Davephos,CN(C)c1ccccc1-c1ccccc1P(C1CCCCC1)C1CCCCC1,0.005,None,None,None,None,None,None,None,None,None,O1_phenylsilane,C1=CC=C(C=C1)[Si]ÔøΩÔøΩ,0.6,None,None,None,None,None,None,none,100,none,0,UPLCMS,U16,41772.90876,0,,,,,0,,,0,0,0,-18.9,0,0
yk-1536-4-make-product,1536,80,,1536,U,17,E207_1-methyl-5-thiophen-2-ylpyrazole-3-carboxylic acid,CN1C(=CC(=N1)C(=O)O)C2=CC=CS2,0.2,N2_hydroxydehydroabietylamine,CC(C)C(C(O)=C1)=CC2=C1[C@]3(C)C(CC2)[C@](C)(CN)CCC3,0.1,,CC(C)c1cc2c(cc1O)[C@@]1(C)CCC[C@@](C)(CNCc3cc(-c4cccs4)n(C)n3)C1CC2,"C1_PLATINUM-1,3-DIVINYL-1,1,3,3-TETRAMETHYLDISILOXANE COMPLEX, IN XYLENES",C=C[Si](C)(C)O[Si](C)(C)C=C.[Pt],0.15,L1_Davephos,CN(C)c1ccccc1-c1ccccc1P(C1CCCCC1)C1CCCCC1,0.005,None,None,None,None,None,None,None,None,None,O1_phenylsilane,C1=CC=C(C=C1)[Si]ÔøΩÔøΩ,0.6,None,None,None,None,None,None,none,100,none,0,UPLCMS,U17,25437.13685,419052.6591,,,,,0,,,0,4.2,100,-19.3,-0.19,0
yk-1536-4-make-product,1536,80,,1536,U,18,"E259_QUINALDIC ACID, 98.0+%",C1=CC=C2C(=C1)C=CC(=N2)C(=O)O,0.2,N2_hydroxydehydroabietylamine,CC(C)C(C(O)=C1)=CC2=C1[C@]3(C)C(CC2)[C@](C)(CN)CCC3,0.1,,CC(C)c1cc2c(cc1O)[C@@]1(C)CCC[C@@](C)(CNCc3ccc4ccccc4n3)C1CC2,"C1_PLATINUM-1,3-DIVINYL-1,1,3,3-TETRAMETHYLDISILOXANE COMPLEX, IN XYLENES",C=C[Si](C)(C)O[Si](C)(C)C=C.[Pt],0.15,L1_Davephos,CN(C)c1ccccc1-c1ccccc1P(C1CCCCC1)C1CCCCC1,0.005,None,None,None,None,None,None,None,None,None,O1_phenylsilane,C1=CC=C(C=C1)[Si]ÔøΩÔøΩ,0.6,None,None,None,None,None,None,none,100,none,0,UPLCMS,U18,269279.678,495388.3975,,,,,0,,,0,5,100,-23.2,-0.23,0
yk-1536-4-make-product,1536,80,,1536,U,19,E307_1-Boc-4-Methylpiperidine-4-carboxylic acid,CC1(CCN(CC1)C(=O)OC(C)(C)C)C(=O)O,0.2,N2_hydroxydehydroabietylamine,CC(C)C(C(O)=C1)=CC2=C1[C@]3(C)C(CC2)[C@](C)(CN)CCC3,0.1,,CC(C)c1cc2c(cc1O)[C@@]1(C)CCC[C@@](C)(CNCC3(C)CCN(C(=O)OC(C)(C)C)CC3)C1CC2,"C1_PLATINUM-1,3-DIVINYL-1,1,3,3-TETRAMETHYLDISILOXANE COMPLEX, IN XYLENES",C=C[Si](C)(C)O[Si](C)(C)C=C.[Pt],0.15,L1_Davephos,CN(C)c1ccccc1-c1ccccc1P(C1CCCCC1)C1CCCCC1,0.005,None,None,None,None,None,None,None,None,None,O1_phenylsilane,C1=CC=C(C=C1)[Si]ÔøΩÔøΩ,0.6,None,None,None,None,None,None,none,100,none,0,UPLCMS,U19,2010893.29,1916119.257,,,,,0,,,2.18,19.2,89.8,-32.1,-0.36,0
yk-1536-4-make-product,1536,80,,1536,U,20,"E58_CYCLOPROPYLACETIC ACID, 98%",C1CC1CC(=O)O,0.2,N2_hydroxydehydroabietylamine,CC(C)C(C(O)=C1)=CC2=C1[C@]3(C)C(CC2)[C@](C)(CN)CCC3,0.1,,CC(C)c1cc2c(cc1O)[C@@]1(C)CCC[C@@](C)(CNCCC3CC3)C1CC2,"C1_PLATINUM-1,3-DIVINYL-1,1,3,3-TETRAMETHYLDISILOXANE COMPLEX, IN XYLENES",C=C[Si](C)(C)O[Si](C)(C)C=C.[Pt],0.15,L1_Davephos,CN(C)c1ccccc1-c1ccccc1P(C1CCCCC1)C1CCCCC1,0.005,None,None,None,None,None,None,None,None,None,O1_phenylsilane,C1=CC=C(C=C1)[Si]ÔøΩÔøΩ,0.6,None,None,None,None,None,None,none,100,none,0,UPLCMS,U20,36370.09171,41409.5771,,,,,0,,,0,0.4,100,-11.6,-0.12,0
yk-1536-4-make-product,1536,80,,1536,U,21,E182_2-(furan-2-yl)acetic acid,C1=COC(=C1)CC(=O)O,0.2,N2_hydroxydehydroabietylamine,CC(C)C(C(O)=C1)=CC2=C1[C@]3(C)C(CC2)[C@](C)(CN)CCC3,0.1,,CC(C)c1cc2c(cc1O)[C@@]1(C)CCC[C@@](C)(CNCCc3ccco3)C1CC2,"C1_PLATINUM-1,3-DIVINYL-1,1,3,3-TETRAMETHYLDISILOXANE COMPLEX, IN XYLENES",C=C[Si](C)(C)O[Si](C)(C)C=C.[Pt],0.15,L1_Davephos,CN(C)c1ccccc1-c1ccccc1P(C1CCCCC1)C1CCCCC1,0.005,None,None,None,None,None,None,None,None,None,O1_phenylsilane,C1=CC=C(C=C1)[Si]ÔøΩÔøΩ,0.6,None,None,None,None,None,None,none,100,none,0,UPLCMS,U21,70252.31806,144963.4489,,,,,0,,,0,1.4,100,-26.2,-0.26,0
yk-1536-4-make-product,1536,80,,1536,U,22,E276_2-Tetrahydrofuroic Acid,C1CC(OC1)C(=O)O,0.2,N2_hydroxydehydroabietylamine,CC(C)C(C(O)=C1)=CC2=C1[C@]3(C)C(CC2)[C@](C)(CN)CCC3,0.1,,CC(C)c1cc2c(cc1O)[C@@]1(C)CCC[C@@](C)(CNCC3CCCO3)C1CC2,"C1_PLATINUM-1,3-DIVINYL-1,1,3,3-TETRAMETHYLDISILOXANE COMPLEX, IN XYLENES",C=C[Si](C)(C)O[Si](C)(C)C=C.[Pt],0.15,L1_Davephos,CN(C)c1ccccc1-c1ccccc1P(C1CCCCC1)C1CCCCC1,0.005,None,None,None,None,None,None,None,None,None,O1_phenylsilane,C1=CC=C(C=C1)[Si]ÔøΩÔøΩ,0.6,None,None,None,None,None,None,none,100,none,0,UPLCMS,U22,27076.16693,0,,,,,0,,,0,0,0,-0.5,0,0
yk-1536-4-make-product,1536,80,,1536,U,23,E341_Blank21,O=CO,0.2,N2_hydroxydehydroabietylamine,CC(C)C(C(O)=C1)=CC2=C1[C@]3(C)C(CC2)[C@](C)(CN)CCC3,0.1,MainProduct[1263],CC(C)C(C(O)=C1)=CC2=C1[C@]3(C)C(CC2)[C@](C)(CN)CCC3,"C1_PLATINUM-1,3-DIVINYL-1,1,3,3-TETRAMETHYLDISILOXANE COMPLEX, IN XYLENES",C=C[Si](C)(C)O[Si](C)(C)C=C.[Pt],0.15,L1_Davephos,CN(C)c1ccccc1-c1ccccc1P(C1CCCCC1)C1CCCCC1,0.005,None,None,None,None,None,None,None,None,None,O1_phenylsilane,C1=CC=C(C=C1)[Si]ÔøΩÔøΩ,0.6,None,None,None,None,None,None,none,100,none,0,UPLCMS,U23,0,56208.07073,,,,,65841.75459,,,0,0.6,100,0,0,0
yk-1536-4-make-product,1536,80,,1536,U,24,E373_Blank53,O=CO,0.2,N2_hydroxydehydroabietylamine,CC(C)C(C(O)=C1)=CC2=C1[C@]3(C)C(CC2)[C@](C)(CN)CCC3,0.1,MainProduct[1264],CC(C)C(C(O)=C1)=CC2=C1[C@]3(C)C(CC2)[C@](C)(CN)CCC3,"C1_PLATINUM-1,3-DIVINYL-1,1,3,3-TETRAMETHYLDISILOXANE COMPLEX, IN XYLENES",C=C[Si](C)(C)O[Si](C)(C)C=C.[Pt],0.15,L1_Davephos,CN(C)c1ccccc1-c1ccccc1P(C1CCCCC1)C1CCCCC1,0.005,None,None,None,None,None,None,None,None,None,O1_phenylsilane,C1=CC=C(C=C1)[Si]ÔøΩÔøΩ,0.6,None,None,None,None,None,None,none,100,none,0,UPLCMS,U24,0,0,,,,,0,,,0,0,0,0,0,0
yk-1536-4-make-product,1536,80,,1536,U,25,"E33_2-(2,3-DIHYDRO-1H-INDEN-2-YL)ACETIC ACID, 98%",C1C(CC2=CC=CC=C21)CC(=O)O,0.2,N3_Scaffold 7,CC(C)C1=CC2=CCC3[C@](C)(CN)CCC[C@]3(C)C2CC1,0.1,,CC(C)C1=CC2=CCC3[C@](C)(CNCCC4Cc5ccccc5C4)CCC[C@]3(C)C2CC1,"C1_PLATINUM-1,3-DIVINYL-1,1,3,3-TETRAMETHYLDISILOXANE COMPLEX, IN XYLENES",C=C[Si](C)(C)O[Si](C)(C)C=C.[Pt],0.15,L1_Davephos,CN(C)c1ccccc1-c1ccccc1P(C1CCCCC1)C1CCCCC1,0.005,None,None,None,None,None,None,None,None,None,O1_phenylsilane,C1=CC=C(C=C1)[Si]ÔøΩÔøΩ,0.6,None,None,None,None,None,None,none,100,none,0,UPLCMS,U25,539588.774,465673.9833,332364.3739,372471.2394,0,0,0,0,0,3.7,4.7,55.7,-22.6,-0.4,0
yk-1536-4-make-product,1536,80,,1536,U,26,"E81_2-METHOXY-2-(NAPHTHALEN-1-YL)PROPANOIC ACID, 97%",CC(C1=CC=CC2=CC=CC=C21)(C(=O)O)OC,0.2,N3_Scaffold 7,CC(C)C1=CC2=CCC3[C@](C)(CN)CCC[C@]3(C)C2CC1,0.1,,COC(C)(CNC[C@]1(C)CCC[C@]2(C)C3CCC(C(C)C)=CC3=CCC12)c1cccc2ccccc12,"C1_PLATINUM-1,3-DIVINYL-1,1,3,3-TETRAMETHYLDISILOXANE COMPLEX, IN XYLENES",C=C[Si](C)(C)O[Si](C)(C)C=C.[Pt],0.15,L1_Davephos,CN(C)c1ccccc1-c1ccccc1P(C1CCCCC1)C1CCCCC1,0.005,None,None,None,None,None,None,None,None,None,O1_phenylsilane,C1=CC=C(C=C1)[Si]ÔøΩÔøΩ,0.6,None,None,None,None,None,None,none,100,none,0,UPLCMS,U26,1994133.931,1938903.464,1227140.086,1706340.255,0,0,0,0,0,17.1,19.4,53.1,-15.9,-0.3,0
yk-1536-4-make-product,1536,80,,1536,U,27,E126_2-acetylbenzoic acid,CC(=O)C1=CC=CC=C1C(=O)O,0.2,N3_Scaffold 7,CC(C)C1=CC2=CCC3[C@](C)(CN)CCC[C@]3(C)C2CC1,0.1,,CC(=O)c1ccccc1CNC[C@]1(C)CCC[C@]2(C)C3CCC(C(C)C)=CC3=CCC12,"C1_PLATINUM-1,3-DIVINYL-1,1,3,3-TETRAMETHYLDISILOXANE COMPLEX, IN XYLENES",C=C[Si](C)(C)O[Si](C)(C)C=C.[Pt],0.15,L1_Davephos,CN(C)c1ccccc1-c1ccccc1P(C1CCCCC1)C1CCCCC1,0.005,None,None,None,None,None,None,None,None,None,O1_phenylsilane,C1=CC=C(C=C1)[Si]ÔøΩÔøΩ,0.6,None,None,None,None,None,None,none,100,none,0,UPLCMS,U27,243763.7563,272426.2183,212863.7292,294487.8798,0,0,3384.06782,0,0,2.9,2.7,48.4,5.4,0.1,0
yk-1536-4-make-product,1536,80,,1536,U,28,"E164_2-(3,4-dimethoxyphenyl)acetic acid",COC1=C(C=C(C=C1)CC(=O)O)OC,0.2,N3_Scaffold 7,CC(C)C1=CC2=CCC3[C@](C)(CN)CCC[C@]3(C)C2CC1,0.1,,COc1ccc(CCNC[C@]2(C)CCC[C@]3(C)C4CCC(C(C)C)=CC4=CCC23)cc1OC,"C1_PLATINUM-1,3-DIVINYL-1,1,3,3-TETRAMETHYLDISILOXANE COMPLEX, IN XYLENES",C=C[Si](C)(C)O[Si](C)(C)C=C.[Pt],0.15,L1_Davephos,CN(C)c1ccccc1-c1ccccc1P(C1CCCCC1)C1CCCCC1,0.005,None,None,None,None,None,None,None,None,None,O1_phenylsilane,C1=CC=C(C=C1)[Si]ÔøΩÔøΩ,0.6,None,None,None,None,None,None,none,100,none,0,UPLCMS,U28,1320013.159,2045651,58059.31424,379286.5674,0,0,3211.89528,0,0,3.8,20.5,84.3,-6,-0.1,0
yk-1536-4-make-product,1536,80,,1536,U,29,E207_1-methyl-5-thiophen-2-ylpyrazole-3-carboxylic acid,CN1C(=CC(=N1)C(=O)O)C2=CC=CS2,0.2,N3_Scaffold 7,CC(C)C1=CC2=CCC3[C@](C)(CN)CCC[C@]3(C)C2CC1,0.1,,CC(C)C1=CC2=CCC3[C@](C)(CNCc4cc(-c5cccs5)n(C)n4)CCC[C@]3(C)C2CC1,"C1_PLATINUM-1,3-DIVINYL-1,1,3,3-TETRAMETHYLDISILOXANE COMPLEX, IN XYLENES",C=C[Si](C)(C)O[Si](C)(C)C=C.[Pt],0.15,L1_Davephos,CN(C)c1ccccc1-c1ccccc1P(C1CCCCC1)C1CCCCC1,0.005,None,None,None,None,None,None,None,None,None,O1_phenylsilane,C1=CC=C(C=C1)[Si]ÔøΩÔøΩ,0.6,None,None,None,None,None,None,none,100,none,0,UPLCMS,U29,3699264.009,4231287.754,1251895.926,1665348.466,0,0,0,0,0,16.7,42.3,71.7,6.1,0.1,0
yk-1536-4-make-product,1536,80,,1536,U,30,"E259_QUINALDIC ACID, 98.0+%",C1=CC=C2C(=C1)C=CC(=N2)C(=O)O,0.2,N3_Scaffold 7,CC(C)C1=CC2=CCC3[C@](C)(CN)CCC[C@]3(C)C2CC1,0.1,,CC(C)C1=CC2=CCC3[C@](C)(CNCc4ccc5ccccc5n4)CCC[C@]3(C)C2CC1,"C1_PLATINUM-1,3-DIVINYL-1,1,3,3-TETRAMETHYLDISILOXANE COMPLEX, IN XYLENES",C=C[Si](C)(C)O[Si](C)(C)C=C.[Pt],0.15,L1_Davephos,CN(C)c1ccccc1-c1ccccc1P(C1CCCCC1)C1CCCCC1,0.005,None,None,None,None,None,None,None,None,None,O1_phenylsilane,C1=CC=C(C=C1)[Si]ÔøΩÔøΩ,0.6,None,None,None,None,None,None,none,100,none,0,UPLCMS,U30,2845664.177,1739114.347,507995.3311,786641.0079,0,0,0,0,0,7.9,17.4,68.8,35.5,0.5,0
yk-1536-4-make-product,1536,80,,1536,U,31,E307_1-Boc-4-Methylpiperidine-4-carboxylic acid,CC1(CCN(CC1)C(=O)OC(C)(C)C)C(=O)O,0.2,N3_Scaffold 7,CC(C)C1=CC2=CCC3[C@](C)(CN)CCC[C@]3(C)C2CC1,0.1,,CC(C)C1=CC2=CCC3[C@](C)(CNCC4(C)CCN(C(=O)OC(C)(C)C)CC4)CCC[C@]3(C)C2CC1,"C1_PLATINUM-1,3-DIVINYL-1,1,3,3-TETRAMETHYLDISILOXANE COMPLEX, IN XYLENES",C=C[Si](C)(C)O[Si](C)(C)C=C.[Pt],0.15,L1_Davephos,CN(C)c1ccccc1-c1ccccc1P(C1CCCCC1)C1CCCCC1,0.005,None,None,None,None,None,None,None,None,None,O1_phenylsilane,C1=CC=C(C=C1)[Si]ÔøΩÔøΩ,0.6,None,None,None,None,None,None,none,100,none,0,UPLCMS,U31,935500.7869,1668224,1082191.718,1384480.957,0,0,0,0,0,13.8,16.7,54.7,-7.3,-0.1,0
yk-1536-4-make-product,1536,80,,1536,U,32,"E58_CYCLOPROPYLACETIC ACID, 98%",C1CC1CC(=O)O,0.2,N3_Scaffold 7,CC(C)C1=CC2=CCC3[C@](C)(CN)CCC[C@]3(C)C2CC1,0.1,,CC(C)C1=CC2=CCC3[C@](C)(CNCCC4CC4)CCC[C@]3(C)C2CC1,"C1_PLATINUM-1,3-DIVINYL-1,1,3,3-TETRAMETHYLDISILOXANE COMPLEX, IN XYLENES",C=C[Si](C)(C)O[Si](C)(C)C=C.[Pt],0.15,L1_Davephos,CN(C)c1ccccc1-c1ccccc1P(C1CCCCC1)C1CCCCC1,0.005,None,None,None,None,None,None,None,None,None,O1_phenylsilane,C1=CC=C(C=C1)[Si]ÔøΩÔøΩ,0.6,None,None,None,None,None,None,none,100,none,0,UPLCMS,U32,296751.7926,358497.9979,37228.86817,89442.36523,0,0,5529.31609,20650.42156,0,0.9,3.6,79.9,-7,-0.1,0
yk-1536-4-make-product,1536,80,,1536,U,33,E182_2-(furan-2-yl)acetic acid,C1=COC(=C1)CC(=O)O,0.2,N3_Scaffold 7,CC(C)C1=CC2=CCC3[C@](C)(CN)CCC[C@]3(C)C2CC1,0.1,,CC(C)C1=CC2=CCC3[C@](C)(CNCCc4ccco4)CCC[C@]3(C)C2CC1,"C1_PLATINUM-1,3-DIVINYL-1,1,3,3-TETRAMETHYLDISILOXANE COMPLEX, IN XYLENES",C=C[Si](C)(C)O[Si](C)(C)C=C.[Pt],0.15,L1_Davephos,CN(C)c1ccccc1-c1ccccc1P(C1CCCCC1)C1CCCCC1,0.005,None,None,None,None,None,None,None,None,None,O1_phenylsilane,C1=CC=C(C=C1)[Si]ÔøΩÔøΩ,0.6,None,None,None,None,None,None,none,100,none,0,UPLCMS,U33,832670.0501,1030810.816,42155.43949,180415.4358,0,0,4175.48332,0,0,1.8,10.3,85.1,-5.4,-0.1,0
yk-1536-4-make-product,1536,80,,1536,U,34,E276_2-Tetrahydrofuroic Acid,C1CC(OC1)C(=O)O,0.2,N3_Scaffold 7,CC(C)C1=CC2=CCC3[C@](C)(CN)CCC[C@]3(C)C2CC1,0.1,,CC(C)C1=CC2=CCC3[C@](C)(CNCC4CCCO4)CCC[C@]3(C)C2CC1,"C1_PLATINUM-1,3-DIVINYL-1,1,3,3-TETRAMETHYLDISILOXANE COMPLEX, IN XYLENES",C=C[Si](C)(C)O[Si](C)(C)C=C.[Pt],0.15,L1_Davephos,CN(C)c1ccccc1-c1ccccc1P(C1CCCCC1)C1CCCCC1,0.005,None,None,None,None,None,None,None,None,None,O1_phenylsilane,C1=CC=C(C=C1)[Si]ÔøΩÔøΩ,0.6,None,None,None,None,None,None,none,100,none,0,UPLCMS,U34,270162.8182,264489,33712.82462,264489.065,0,0,2403.59124,0,0,2.6,2.6,50.4,-2.2,0,0
yk-1536-4-make-product,1536,80,,1536,U,35,E341_Blank21,O=CO,0.2,N3_Scaffold 7,CC(C)C1=CC2=CCC3[C@](C)(CN)CCC[C@]3(C)C2CC1,0.1,MainProduct[1276],CC(C)C1=CC2=CCC3[C@](C)(CN)CCC[C@]3(C)C2CC1,"C1_PLATINUM-1,3-DIVINYL-1,1,3,3-TETRAMETHYLDISILOXANE COMPLEX, IN XYLENES",C=C[Si](C)(C)O[Si](C)(C)C=C.[Pt],0.15,L1_Davephos,CN(C)c1ccccc1-c1ccccc1P(C1CCCCC1)C1CCCCC1,0.005,None,None,None,None,None,None,None,None,None,O1_phenylsilane,C1=CC=C(C=C1)[Si]ÔøΩÔøΩ,0.6,None,None,None,None,None,None,none,100,none,0,UPLCMS,U35,0,1533270.963,0,0,0,0,1442008.986,0,0,0,15.3,100,0,0,0
yk-1536-4-make-product,1536,80,,1536,U,36,E373_Blank53,O=CO,0.2,N3_Scaffold 7,CC(C)C1=CC2=CCC3[C@](C)(CN)CCC[C@]3(C)C2CC1,0.1,MainProduct[1277],CC(C)C1=CC2=CCC3[C@](C)(CN)CCC[C@]3(C)C2CC1,"C1_PLATINUM-1,3-DIVINYL-1,1,3,3-TETRAMETHYLDISILOXANE COMPLEX, IN XYLENES",C=C[Si](C)(C)O[Si](C)(C)C=C.[Pt],0.15,L1_Davephos,CN(C)c1ccccc1-c1ccccc1P(C1CCCCC1)C1CCCCC1,0.005,None,None,None,None,None,None,None,None,None,O1_phenylsilane,C1=CC=C(C=C1)[Si]ÔøΩÔøΩ,0.6,None,None,None,None,None,None,none,100,none,0,UPLCMS,U36,0,0,0,0,0,0,0,0,0,0,0,0,0,0,0
yk-1536-4-make-product,1536,80,,1536,U,37,"E33_2-(2,3-DIHYDRO-1H-INDEN-2-YL)ACETIC ACID, 98%",C1C(CC2=CC=CC=C21)CC(=O)O,0.2,N4_Scaffold 6,CCNC[C@@]1(C)C2[C@](C)(CCC1)c3c(CC2)cc(C(C)C)c(c3)N,0.1,,CCNC[C@]1(C)CCC[C@]2(C)c3cc(NCCC4Cc5ccccc5C4)c(C(C)C)cc3CCC12,"C1_PLATINUM-1,3-DIVINYL-1,1,3,3-TETRAMETHYLDISILOXANE COMPLEX, IN XYLENES",C=C[Si](C)(C)O[Si](C)(C)C=C.[Pt],0.15,L1_Davephos,CN(C)c1ccccc1-c1ccccc1P(C1CCCCC1)C1CCCCC1,0.005,None,None,None,None,None,None,None,None,None,O1_phenylsilane,C1=CC=C(C=C1)[Si]ÔøΩÔøΩ,0.6,None,None,None,None,None,None,none,100,none,0,UPLCMS,U37,596917.0372,1470299.264,0,0,1006201.516,1007370.905,47085.61365,0,0,10.1,14.7,59.3,-30.5,-0.5,0
yk-1536-4-make-product,1536,80,,1536,U,38,"E81_2-METHOXY-2-(NAPHTHALEN-1-YL)PROPANOIC ACID, 97%",CC(C1=CC=CC2=CC=CC=C21)(C(=O)O)OC,0.2,N4_Scaffold 6,CCNC[C@@]1(C)C2[C@](C)(CCC1)c3c(CC2)cc(C(C)C)c(c3)N,0.1,,CCNC[C@]1(C)CCC[C@]2(C)c3cc(NCC(C)(OC)c4cccc5ccccc45)c(C(C)C)cc3CCC12,"C1_PLATINUM-1,3-DIVINYL-1,1,3,3-TETRAMETHYLDISILOXANE COMPLEX, IN XYLENES",C=C[Si](C)(C)O[Si](C)(C)C=C.[Pt],0.15,L1_Davephos,CN(C)c1ccccc1-c1ccccc1P(C1CCCCC1)C1CCCCC1,0.005,None,None,None,None,None,None,None,None,None,O1_phenylsilane,C1=CC=C(C=C1)[Si]ÔøΩÔøΩ,0.6,None,None,None,None,None,None,none,100,none,0,UPLCMS,U38,47976.72788,159484.071,0,0,2281098.501,1895439.006,0,0,0,19,1.6,7.7,-11.6,-1.5,0
yk-1536-4-make-product,1536,80,,1536,U,39,E126_2-acetylbenzoic acid,CC(=O)C1=CC=CC=C1C(=O)O,0.2,N4_Scaffold 6,CCNC[C@@]1(C)C2[C@](C)(CCC1)c3c(CC2)cc(C(C)C)c(c3)N,0.1,,CCNC[C@]1(C)CCC[C@]2(C)c3cc(NCc4ccccc4C(C)=O)c(C(C)C)cc3CCC12,"C1_PLATINUM-1,3-DIVINYL-1,1,3,3-TETRAMETHYLDISILOXANE COMPLEX, IN XYLENES",C=C[Si](C)(C)O[Si](C)(C)C=C.[Pt],0.15,L1_Davephos,CN(C)c1ccccc1-c1ccccc1P(C1CCCCC1)C1CCCCC1,0.005,None,None,None,None,None,None,None,None,None,O1_phenylsilane,C1=CC=C(C=C1)[Si]ÔøΩÔøΩ,0.6,None,None,None,None,None,None,none,100,none,0,UPLCMS,U39,54803.52184,2140301.009,0,0,1143018.968,939720.4418,0,0,0,9.4,21.4,69.5,-12.5,-0.2,0
yk-1536-4-make-product,1536,80,,1536,U,40,"E164_2-(3,4-dimethoxyphenyl)acetic acid",COC1=C(C=C(C=C1)CC(=O)O)OC,0.2,N4_Scaffold 6,CCNC[C@@]1(C)C2[C@](C)(CCC1)c3c(CC2)cc(C(C)C)c(c3)N,0.1,,CCNC[C@]1(C)CCC[C@]2(C)c3cc(NCCc4ccc(OC)c(OC)c4)c(C(C)C)cc3CCC12,"C1_PLATINUM-1,3-DIVINYL-1,1,3,3-TETRAMETHYLDISILOXANE COMPLEX, IN XYLENES",C=C[Si](C)(C)O[Si](C)(C)C=C.[Pt],0.15,L1_Davephos,CN(C)c1ccccc1-c1ccccc1P(C1CCCCC1)C1CCCCC1,0.005,None,None,None,None,None,None,None,None,None,O1_phenylsilane,C1=CC=C(C=C1)[Si]ÔøΩÔøΩ,0.6,None,None,None,None,None,None,none,100,none,0,UPLCMS,U40,765625.7164,1037052.649,0,0,979349.2454,924459.4152,77786.48037,0,0,9.2,10.4,53,-17.4,-0.3,0
yk-1536-4-make-product,1536,80,,1536,U,41,E207_1-methyl-5-thiophen-2-ylpyrazole-3-carboxylic acid,CN1C(=CC(=N1)C(=O)O)C2=CC=CS2,0.2,N4_Scaffold 6,CCNC[C@@]1(C)C2[C@](C)(CCC1)c3c(CC2)cc(C(C)C)c(c3)N,0.1,,CCNC[C@]1(C)CCC[C@]2(C)c3cc(NCc4cc(-c5cccs5)n(C)n4)c(C(C)C)cc3CCC12,"C1_PLATINUM-1,3-DIVINYL-1,1,3,3-TETRAMETHYLDISILOXANE COMPLEX, IN XYLENES",C=C[Si](C)(C)O[Si](C)(C)C=C.[Pt],0.15,L1_Davephos,CN(C)c1ccccc1-c1ccccc1P(C1CCCCC1)C1CCCCC1,0.005,None,None,None,None,None,None,None,None,None,O1_phenylsilane,C1=CC=C(C=C1)[Si]ÔøΩÔøΩ,0.6,None,None,None,None,None,None,none,100,none,0,UPLCMS,U41,1010077.063,1192392.816,0,0,1617802.277,1429167.141,0,0,0,14.3,11.9,45.5,-28.1,-0.6,0
yk-1536-4-make-product,1536,80,,1536,U,42,"E259_QUINALDIC ACID, 98.0+%",C1=CC=C2C(=C1)C=CC(=N2)C(=O)O,0.2,N4_Scaffold 6,CCNC[C@@]1(C)C2[C@](C)(CCC1)c3c(CC2)cc(C(C)C)c(c3)N,0.1,,CCNC[C@]1(C)CCC[C@]2(C)c3cc(NCc4ccc5ccccc5n4)c(C(C)C)cc3CCC12,"C1_PLATINUM-1,3-DIVINYL-1,1,3,3-TETRAMETHYLDISILOXANE COMPLEX, IN XYLENES",C=C[Si](C)(C)O[Si](C)(C)C=C.[Pt],0.15,L1_Davephos,CN(C)c1ccccc1-c1ccccc1P(C1CCCCC1)C1CCCCC1,0.005,None,None,None,None,None,None,None,None,None,O1_phenylsilane,C1=CC=C(C=C1)[Si]ÔøΩÔøΩ,0.6,None,None,None,None,None,None,none,100,none,0,UPLCMS,U42,253537.0087,2258245.565,0,0,611839.6581,461392.6913,0,0,0,4.6,22.6,83.1,0,0,0
yk-1536-4-make-product,1536,80,,1536,U,43,E307_1-Boc-4-Methylpiperidine-4-carboxylic acid,CC1(CCN(CC1)C(=O)OC(C)(C)C)C(=O)O,0.2,N4_Scaffold 6,CCNC[C@@]1(C)C2[C@](C)(CCC1)c3c(CC2)cc(C(C)C)c(c3)N,0.1,,CCNC[C@]1(C)CCC[C@]2(C)c3cc(NCC4(C)CCN(C(=O)OC(C)(C)C)CC4)c(C(C)C)cc3CCC12,"C1_PLATINUM-1,3-DIVINYL-1,1,3,3-TETRAMETHYLDISILOXANE COMPLEX, IN XYLENES",C=C[Si](C)(C)O[Si](C)(C)C=C.[Pt],0.15,L1_Davephos,CN(C)c1ccccc1-c1ccccc1P(C1CCCCC1)C1CCCCC1,0.005,None,None,None,None,None,None,None,None,None,O1_phenylsilane,C1=CC=C(C=C1)[Si]ÔøΩÔøΩ,0.6,None,None,None,None,None,None,none,100,none,0,UPLCMS,U43,41744.35447,0,0,0,1755443.608,1622208.576,0,0,0,16.2,0,0,-33,0,0
yk-1536-4-make-product,1536,80,,1536,U,44,"E58_CYCLOPROPYLACETIC ACID, 98%",C1CC1CC(=O)O,0.2,N4_Scaffold 6,CCNC[C@@]1(C)C2[C@](C)(CCC1)c3c(CC2)cc(C(C)C)c(c3)N,0.1,,CCNC[C@]1(C)CCC[C@]2(C)c3cc(NCCC4CC4)c(C(C)C)cc3CCC12,"C1_PLATINUM-1,3-DIVINYL-1,1,3,3-TETRAMETHYLDISILOXANE COMPLEX, IN XYLENES",C=C[Si](C)(C)O[Si](C)(C)C=C.[Pt],0.15,L1_Davephos,CN(C)c1ccccc1-c1ccccc1P(C1CCCCC1)C1CCCCC1,0.005,None,None,None,None,None,None,None,None,None,O1_phenylsilane,C1=CC=C(C=C1)[Si]ÔøΩÔøΩ,0.6,None,None,None,None,None,None,none,100,none,0,UPLCMS,U44,227421.06,895552.8363,0,0,524124.1093,402631.8907,0,0,0,4,9,69.1,-23.7,-0.3,0
yk-1536-4-make-product,1536,80,,1536,U,45,E182_2-(furan-2-yl)acetic acid,C1=COC(=C1)CC(=O)O,0.2,N4_Scaffold 6,CCNC[C@@]1(C)C2[C@](C)(CCC1)c3c(CC2)cc(C(C)C)c(c3)N,0.1,,CCNC[C@]1(C)CCC[C@]2(C)c3cc(NCCc4ccco4)c(C(C)C)cc3CCC12,"C1_PLATINUM-1,3-DIVINYL-1,1,3,3-TETRAMETHYLDISILOXANE COMPLEX, IN XYLENES",C=C[Si](C)(C)O[Si](C)(C)C=C.[Pt],0.15,L1_Davephos,CN(C)c1ccccc1-c1ccccc1P(C1CCCCC1)C1CCCCC1,0.005,None,None,None,None,None,None,None,None,None,O1_phenylsilane,C1=CC=C(C=C1)[Si]ÔøΩÔøΩ,0.6,None,None,None,None,None,None,none,100,none,0,UPLCMS,U45,110710.4238,872116.9525,0,0,1284833.025,1170469.955,0,0,0,11.7,8.7,42.7,-3.2,-0.1,0
yk-1536-4-make-product,1536,80,,1536,U,46,E276_2-Tetrahydrofuroic Acid,C1CC(OC1)C(=O)O,0.2,N4_Scaffold 6,CCNC[C@@]1(C)C2[C@](C)(CCC1)c3c(CC2)cc(C(C)C)c(c3)N,0.1,,CCNC[C@]1(C)CCC[C@]2(C)c3cc(NCC4CCCO4)c(C(C)C)cc3CCC12,"C1_PLATINUM-1,3-DIVINYL-1,1,3,3-TETRAMETHYLDISILOXANE COMPLEX, IN XYLENES",C=C[Si](C)(C)O[Si](C)(C)C=C.[Pt],0.15,L1_Davephos,CN(C)c1ccccc1-c1ccccc1P(C1CCCCC1)C1CCCCC1,0.005,None,None,None,None,None,None,None,None,None,O1_phenylsilane,C1=CC=C(C=C1)[Si]ÔøΩÔøΩ,0.6,None,None,None,None,None,None,none,100,none,0,UPLCMS,U46,138056.6688,455494.6343,0,0,191989.2523,92525.09017,0,0,0,0.9,4.6,83.5,-2.6,0,0
yk-1536-4-make-product,1536,80,,1536,U,47,E341_Blank21,O=CO,0.2,N4_Scaffold 6,CCNC[C@@]1(C)C2[C@](C)(CCC1)c3c(CC2)cc(C(C)C)c(c3)N,0.1,MainProduct[1289],CCNC[C@@]1(C)C2[C@](C)(CCC1)c3c(CC2)cc(C(C)C)c(c3)N,"C1_PLATINUM-1,3-DIVINYL-1,1,3,3-TETRAMETHYLDISILOXANE COMPLEX, IN XYLENES",C=C[Si](C)(C)O[Si](C)(C)C=C.[Pt],0.15,L1_Davephos,CN(C)c1ccccc1-c1ccccc1P(C1CCCCC1)C1CCCCC1,0.005,None,None,None,None,None,None,None,None,None,O1_phenylsilane,C1=CC=C(C=C1)[Si]ÔøΩÔøΩ,0.6,None,None,None,None,None,None,none,100,none,0,UPLCMS,U47,0,799457.2172,0,0,0,0,719826.3181,0,0,0,8,100,0,0,0
yk-1536-4-make-product,1536,80,,1536,U,48,E373_Blank53,O=CO,0.2,N4_Scaffold 6,CCNC[C@@]1(C)C2[C@](C)(CCC1)c3c(CC2)cc(C(C)C)c(c3)N,0.1,MainProduct[1290],CCNC[C@@]1(C)C2[C@](C)(CCC1)c3c(CC2)cc(C(C)C)c(c3)N,"C1_PLATINUM-1,3-DIVINYL-1,1,3,3-TETRAMETHYLDISILOXANE COMPLEX, IN XYLENES",C=C[Si](C)(C)O[Si](C)(C)C=C.[Pt],0.15,L1_Davephos,CN(C)c1ccccc1-c1ccccc1P(C1CCCCC1)C1CCCCC1,0.005,None,None,None,None,None,None,None,None,None,O1_phenylsilane,C1=CC=C(C=C1)[Si]ÔøΩÔøΩ,0.6,None,None,None,None,None,None,none,100,none,0,UPLCMS,U48,0,0,0,0,0,0,0,0,0,0,0,0,0,0,0
yk-1536-4-make-product,1536,80,,1536,V,1,"E35_3-IODOBENZOIC ACID, 98%",C1=CC(=CC(=C1)I)C(=O)O,0.2,N1_(+)-Dehydroabietylamine,CC(C)c1ccc2c(c1)CC[C@H]1[C@](C)(CN)CCC[C@]21C,0.1,,CC(C)c1ccc2c(c1)CC[C@H]1[C@](C)(CNCc3cccc(I)c3)CCC[C@]21C,"C1_PLATINUM-1,3-DIVINYL-1,1,3,3-TETRAMETHYLDISILOXANE COMPLEX, IN XYLENES",C=C[Si](C)(C)O[Si](C)(C)C=C.[Pt],0.15,L1_Davephos,CN(C)c1ccccc1-c1ccccc1P(C1CCCCC1)C1CCCCC1,0.005,None,None,None,None,None,None,None,None,None,O1_phenylsilane,C1=CC=C(C=C1)[Si]ÔøΩÔøΩ,0.6,None,None,None,None,None,None,none,100,none,0,UPLCMS,V1,4469594.912,4338245.522,,,,,51310.52439,,,27.5,43.4,61.2,-14.9,-0.24,0
yk-1536-4-make-product,1536,80,,1536,V,2,"E82_2-METHYL-4-NITROBENZOIC ACID, 98%",CC1=C(C=CC(=C1)[N+](=O)[O-])C(=O)O,0.2,N1_(+)-Dehydroabietylamine,CC(C)c1ccc2c(c1)CC[C@H]1[C@](C)(CN)CCC[C@]21C,0.1,,Cc1cc([N+](=O)[O-])ccc1CNC[C@]1(C)CCC[C@]2(C)c3ccc(C(C)C)cc3CC[C@@H]12,"C1_PLATINUM-1,3-DIVINYL-1,1,3,3-TETRAMETHYLDISILOXANE COMPLEX, IN XYLENES",C=C[Si](C)(C)O[Si](C)(C)C=C.[Pt],0.15,L1_Davephos,CN(C)c1ccccc1-c1ccccc1P(C1CCCCC1)C1CCCCC1,0.005,None,None,None,None,None,None,None,None,None,O1_phenylsilane,C1=CC=C(C=C1)[Si]ÔøΩÔøΩ,0.6,None,None,None,None,None,None,none,100,none,0,UPLCMS,V2,1524792.164,2690182.794,,,,,881926.2615,,,29.8,26.9,47.4,58.9,1.24,0
yk-1536-4-make-product,1536,80,,1536,V,3,E127_4-acetamidobenzoic acid,CC(=O)NC1=CC=C(C=C1)C(=O)O,0.2,N1_(+)-Dehydroabietylamine,CC(C)c1ccc2c(c1)CC[C@H]1[C@](C)(CN)CCC[C@]21C,0.1,,CC(=O)Nc1ccc(CNC[C@]2(C)CCC[C@]3(C)c4ccc(C(C)C)cc4CC[C@@H]23)cc1,"C1_PLATINUM-1,3-DIVINYL-1,1,3,3-TETRAMETHYLDISILOXANE COMPLEX, IN XYLENES",C=C[Si](C)(C)O[Si](C)(C)C=C.[Pt],0.15,L1_Davephos,CN(C)c1ccccc1-c1ccccc1P(C1CCCCC1)C1CCCCC1,0.005,None,None,None,None,None,None,None,None,None,O1_phenylsilane,C1=CC=C(C=C1)[Si]ÔøΩÔøΩ,0.6,None,None,None,None,None,None,none,100,none,0,UPLCMS,V3,955932.3818,3084002.183,,,,,226598.5007,,,26.2,30.8,54,67.7,1.25,0
yk-1536-4-make-product,1536,80,,1536,V,4,"E165_2,3-difluorobenzoic acid",C1=CC(=C(C(=C1)F)F)C(=O)O,0.2,N1_(+)-Dehydroabietylamine,CC(C)c1ccc2c(c1)CC[C@H]1[C@](C)(CN)CCC[C@]21C,0.1,,CC(C)c1ccc2c(c1)CC[C@H]1[C@](C)(CNCc3cccc(F)c3F)CCC[C@]21C,"C1_PLATINUM-1,3-DIVINYL-1,1,3,3-TETRAMETHYLDISILOXANE COMPLEX, IN XYLENES",C=C[Si](C)(C)O[Si](C)(C)C=C.[Pt],0.15,L1_Davephos,CN(C)c1ccccc1-c1ccccc1P(C1CCCCC1)C1CCCCC1,0.005,None,None,None,None,None,None,None,None,None,O1_phenylsilane,C1=CC=C(C=C1)[Si]ÔøΩÔøΩ,0.6,None,None,None,None,None,None,none,100,none,0,UPLCMS,V4,1902.57918,1414219.88,,,,,1382760.508,,,14.1,14.1,50,-24.6,-0.49,0
yk-1536-4-make-product,1536,80,,1536,V,5,E210_5-methoxy-1H-indole-3-carboxylic acid,COC1=CC2=C(C=C1)NC=C2C(=O)O,0.2,N1_(+)-Dehydroabietylamine,CC(C)c1ccc2c(c1)CC[C@H]1[C@](C)(CN)CCC[C@]21C,0.1,,COc1ccc2[nH]cc(CNC[C@]3(C)CCC[C@]4(C)c5ccc(C(C)C)cc5CC[C@@H]34)c2c1,"C1_PLATINUM-1,3-DIVINYL-1,1,3,3-TETRAMETHYLDISILOXANE COMPLEX, IN XYLENES",C=C[Si](C)(C)O[Si](C)(C)C=C.[Pt],0.15,L1_Davephos,CN(C)c1ccccc1-c1ccccc1P(C1CCCCC1)C1CCCCC1,0.005,None,None,None,None,None,None,None,None,None,O1_phenylsilane,C1=CC=C(C=C1)[Si]ÔøΩÔøΩ,0.6,None,None,None,None,None,None,none,100,none,0,UPLCMS,V5,233330.3689,2300820.549,,,,,1378610.725,,,40.3,23,36.3,101,2.78,-0.69
yk-1536-4-make-product,1536,80,,1536,V,6,E260_Retinoic acid,CC1=C(C(CCC1)(C)C)C=CC(=CC=CC(=CC(=O)O)C)C,0.2,N1_(+)-Dehydroabietylamine,CC(C)c1ccc2c(c1)CC[C@H]1[C@](C)(CN)CCC[C@]21C,0.1,,CC(C=CC1=C(C)CCCC1(C)C)=CC=CC(C)=CCNC[C@]1(C)CCC[C@]2(C)c3ccc(C(C)C)cc3CC[C@@H]12,"C1_PLATINUM-1,3-DIVINYL-1,1,3,3-TETRAMETHYLDISILOXANE COMPLEX, IN XYLENES",C=C[Si](C)(C)O[Si](C)(C)C=C.[Pt],0.15,L1_Davephos,CN(C)c1ccccc1-c1ccccc1P(C1CCCCC1)C1CCCCC1,0.005,None,None,None,None,None,None,None,None,None,O1_phenylsilane,C1=CC=C(C=C1)[Si]ÔøΩÔøΩ,0.6,None,None,None,None,None,None,none,100,none,0,UPLCMS,V6,9000.99124,110828.6228,,,,,0,,,8.4,1.1,11.6,-75.7,-6.53,0
yk-1536-4-make-product,1536,80,,1536,V,7,E309_1-Cbz-4-methylpiperidine-4-carboxylic acid,CC1(CCN(CC1)C(=O)OCC2=CC=CC=C2)C(=O)O,0.2,N1_(+)-Dehydroabietylamine,CC(C)c1ccc2c(c1)CC[C@H]1[C@](C)(CN)CCC[C@]21C,0.1,,CC(C)c1ccc2c(c1)CC[C@H]1[C@](C)(CNCC3(C)CCN(C(=O)OCc4ccccc4)CC3)CCC[C@]21C,"C1_PLATINUM-1,3-DIVINYL-1,1,3,3-TETRAMETHYLDISILOXANE COMPLEX, IN XYLENES",C=C[Si](C)(C)O[Si](C)(C)C=C.[Pt],0.15,L1_Davephos,CN(C)c1ccccc1-c1ccccc1P(C1CCCCC1)C1CCCCC1,0.005,None,None,None,None,None,None,None,None,None,O1_phenylsilane,C1=CC=C(C=C1)[Si]ÔøΩÔøΩ,0.6,None,None,None,None,None,None,none,100,none,0,UPLCMS,V7,929040.1586,1108417.092,,,,,0,,,43.1,11.1,20.4,52.2,2.56,0
yk-1536-4-make-product,1536,80,,1536,V,8,"E59_3-CYCLOHEXENE-1-CARBOXYLIC ACID, 98%",C1CC(CC=C1)C(=O)O,0.2,N1_(+)-Dehydroabietylamine,CC(C)c1ccc2c(c1)CC[C@H]1[C@](C)(CN)CCC[C@]21C,0.1,,CC(C)c1ccc2c(c1)CC[C@H]1[C@](C)(CNCC3CC=CCC3)CCC[C@]21C,"C1_PLATINUM-1,3-DIVINYL-1,1,3,3-TETRAMETHYLDISILOXANE COMPLEX, IN XYLENES",C=C[Si](C)(C)O[Si](C)(C)C=C.[Pt],0.15,L1_Davephos,CN(C)c1ccccc1-c1ccccc1P(C1CCCCC1)C1CCCCC1,0.005,None,None,None,None,None,None,None,None,None,O1_phenylsilane,C1=CC=C(C=C1)[Si]ÔøΩÔøΩ,0.6,None,None,None,None,None,None,none,100,none,0,UPLCMS,V8,1172105.703,1014493.133,,,,,0,,,7.4,10.1,57.7,-22.7,-0.39,0
yk-1536-4-make-product,1536,80,,1536,V,9,"E186_(2E,4E)-hexa-2,4-dienoic acid",CC=CC=CC(=O)O,0.2,N1_(+)-Dehydroabietylamine,CC(C)c1ccc2c(c1)CC[C@H]1[C@](C)(CN)CCC[C@]21C,0.1,,CC=CC=CCNC[C@]1(C)CCC[C@]2(C)c3ccc(C(C)C)cc3CC[C@@H]12,"C1_PLATINUM-1,3-DIVINYL-1,1,3,3-TETRAMETHYLDISILOXANE COMPLEX, IN XYLENES",C=C[Si](C)(C)O[Si](C)(C)C=C.[Pt],0.15,L1_Davephos,CN(C)c1ccccc1-c1ccccc1P(C1CCCCC1)C1CCCCC1,0.005,None,None,None,None,None,None,None,None,None,O1_phenylsilane,C1=CC=C(C=C1)[Si]ÔøΩÔøΩ,0.6,None,None,None,None,None,None,none,100,none,0,UPLCMS,V9,47758.43044,0,,,,,0,,,27.4,0,0,-46.2,0,0
yk-1536-4-make-product,1536,80,,1536,V,10,"E278_1H-TETRAZOLYL-1-ACETIC ACID, 98%",C1=NN=NN1CC(=O)O,0.2,N1_(+)-Dehydroabietylamine,CC(C)c1ccc2c(c1)CC[C@H]1[C@](C)(CN)CCC[C@]21C,0.1,,CC(C)c1ccc2c(c1)CC[C@H]1[C@](C)(CNCCn3cnnn3)CCC[C@]21C,"C1_PLATINUM-1,3-DIVINYL-1,1,3,3-TETRAMETHYLDISILOXANE COMPLEX, IN XYLENES",C=C[Si](C)(C)O[Si](C)(C)C=C.[Pt],0.15,L1_Davephos,CN(C)c1ccccc1-c1ccccc1P(C1CCCCC1)C1CCCCC1,0.005,None,None,None,None,None,None,None,None,None,O1_phenylsilane,C1=CC=C(C=C1)[Si]ÔøΩÔøΩ,0.6,None,None,None,None,None,None,none,100,none,0,UPLCMS,V10,661.07995,0,,,,,0,,,26.1,0,0,-40.9,0,0
yk-1536-4-make-product,1536,80,,1536,V,11,E342_Blank22,O=CO,0.2,N1_(+)-Dehydroabietylamine,CC(C)c1ccc2c(c1)CC[C@H]1[C@](C)(CN)CCC[C@]21C,0.1,MainProduct[1298],CC(C)c1ccc2c(c1)CC[C@H]1[C@](C)(CN)CCC[C@]21C,"C1_PLATINUM-1,3-DIVINYL-1,1,3,3-TETRAMETHYLDISILOXANE COMPLEX, IN XYLENES",C=C[Si](C)(C)O[Si](C)(C)C=C.[Pt],0.15,L1_Davephos,CN(C)c1ccccc1-c1ccccc1P(C1CCCCC1)C1CCCCC1,0.005,None,None,None,None,None,None,None,None,None,O1_phenylsilane,C1=CC=C(C=C1)[Si]ÔøΩÔøΩ,0.6,None,None,None,None,None,None,none,100,none,0,UPLCMS,V11,0,2498002.465,,,,,2779528.783,,,0,25,100,0,0,0
yk-1536-4-make-product,1536,80,,1536,V,12,E374_Blank54,O=CO,0.2,N1_(+)-Dehydroabietylamine,CC(C)c1ccc2c(c1)CC[C@H]1[C@](C)(CN)CCC[C@]21C,0.1,MainProduct[1299],CC(C)c1ccc2c(c1)CC[C@H]1[C@](C)(CN)CCC[C@]21C,"C1_PLATINUM-1,3-DIVINYL-1,1,3,3-TETRAMETHYLDISILOXANE COMPLEX, IN XYLENES",C=C[Si](C)(C)O[Si](C)(C)C=C.[Pt],0.15,L1_Davephos,CN(C)c1ccccc1-c1ccccc1P(C1CCCCC1)C1CCCCC1,0.005,None,None,None,None,None,None,None,None,None,O1_phenylsilane,C1=CC=C(C=C1)[Si]ÔøΩÔøΩ,0.6,None,None,None,None,None,None,none,100,none,0,UPLCMS,V12,0,0,,,,,0,,,0,0,0,0,0,0
yk-1536-4-make-product,1536,80,,1536,V,13,"E35_3-IODOBENZOIC ACID, 98%",C1=CC(=CC(=C1)I)C(=O)O,0.2,N2_hydroxydehydroabietylamine,CC(C)C(C(O)=C1)=CC2=C1[C@]3(C)C(CC2)[C@](C)(CN)CCC3,0.1,,CC(C)c1cc2c(cc1O)[C@@]1(C)CCC[C@@](C)(CNCc3cccc(I)c3)C1CC2,"C1_PLATINUM-1,3-DIVINYL-1,1,3,3-TETRAMETHYLDISILOXANE COMPLEX, IN XYLENES",C=C[Si](C)(C)O[Si](C)(C)C=C.[Pt],0.15,L1_Davephos,CN(C)c1ccccc1-c1ccccc1P(C1CCCCC1)C1CCCCC1,0.005,None,None,None,None,None,None,None,None,None,O1_phenylsilane,C1=CC=C(C=C1)[Si]ÔøΩÔøΩ,0.6,None,None,None,None,None,None,none,100,none,0,UPLCMS,V13,666682.5233,610013.1697,,,,,0,,,0,6.1,100,-32.9,-0.33,0
yk-1536-4-make-product,1536,80,,1536,V,14,"E82_2-METHYL-4-NITROBENZOIC ACID, 98%",CC1=C(C=CC(=C1)[N+](=O)[O-])C(=O)O,0.2,N2_hydroxydehydroabietylamine,CC(C)C(C(O)=C1)=CC2=C1[C@]3(C)C(CC2)[C@](C)(CN)CCC3,0.1,,Cc1cc([N+](=O)[O-])ccc1CNC[C@]1(C)CCC[C@]2(C)c3cc(O)c(C(C)C)cc3CCC12,"C1_PLATINUM-1,3-DIVINYL-1,1,3,3-TETRAMETHYLDISILOXANE COMPLEX, IN XYLENES",C=C[Si](C)(C)O[Si](C)(C)C=C.[Pt],0.15,L1_Davephos,CN(C)c1ccccc1-c1ccccc1P(C1CCCCC1)C1CCCCC1,0.005,None,None,None,None,None,None,None,None,None,O1_phenylsilane,C1=CC=C(C=C1)[Si]ÔøΩÔøΩ,0.6,None,None,None,None,None,None,none,100,none,0,UPLCMS,V14,0,0,,,,,0,,,2.3,0,0,-31.2,0,0
yk-1536-4-make-product,1536,80,,1536,V,15,E127_4-acetamidobenzoic acid,CC(=O)NC1=CC=C(C=C1)C(=O)O,0.2,N2_hydroxydehydroabietylamine,CC(C)C(C(O)=C1)=CC2=C1[C@]3(C)C(CC2)[C@](C)(CN)CCC3,0.1,,CC(=O)Nc1ccc(CNC[C@]2(C)CCC[C@]3(C)c4cc(O)c(C(C)C)cc4CCC23)cc1,"C1_PLATINUM-1,3-DIVINYL-1,1,3,3-TETRAMETHYLDISILOXANE COMPLEX, IN XYLENES",C=C[Si](C)(C)O[Si](C)(C)C=C.[Pt],0.15,L1_Davephos,CN(C)c1ccccc1-c1ccccc1P(C1CCCCC1)C1CCCCC1,0.005,None,None,None,None,None,None,None,None,None,O1_phenylsilane,C1=CC=C(C=C1)[Si]ÔøΩÔøΩ,0.6,None,None,None,None,None,None,none,100,none,0,UPLCMS,V15,16681.59229,0,,,,,2802.75446,,,0.8,0,0,-25.4,0,0
yk-1536-4-make-product,1536,80,,1536,V,16,"E165_2,3-difluorobenzoic acid",C1=CC(=C(C(=C1)F)F)C(=O)O,0.2,N2_hydroxydehydroabietylamine,CC(C)C(C(O)=C1)=CC2=C1[C@]3(C)C(CC2)[C@](C)(CN)CCC3,0.1,,CC(C)c1cc2c(cc1O)[C@@]1(C)CCC[C@@](C)(CNCc3cccc(F)c3F)C1CC2,"C1_PLATINUM-1,3-DIVINYL-1,1,3,3-TETRAMETHYLDISILOXANE COMPLEX, IN XYLENES",C=C[Si](C)(C)O[Si](C)(C)C=C.[Pt],0.15,L1_Davephos,CN(C)c1ccccc1-c1ccccc1P(C1CCCCC1)C1CCCCC1,0.005,None,None,None,None,None,None,None,None,None,O1_phenylsilane,C1=CC=C(C=C1)[Si]ÔøΩÔøΩ,0.6,None,None,None,None,None,None,none,100,none,0,UPLCMS,V16,0,0,,,,,0,,,1.2,0,0,-27.8,0,0
yk-1536-4-make-product,1536,80,,1536,V,17,E210_5-methoxy-1H-indole-3-carboxylic acid,COC1=CC2=C(C=C1)NC=C2C(=O)O,0.2,N2_hydroxydehydroabietylamine,CC(C)C(C(O)=C1)=CC2=C1[C@]3(C)C(CC2)[C@](C)(CN)CCC3,0.1,,COc1ccc2[nH]cc(CNC[C@]3(C)CCC[C@]4(C)c5cc(O)c(C(C)C)cc5CCC34)c2c1,"C1_PLATINUM-1,3-DIVINYL-1,1,3,3-TETRAMETHYLDISILOXANE COMPLEX, IN XYLENES",C=C[Si](C)(C)O[Si](C)(C)C=C.[Pt],0.15,L1_Davephos,CN(C)c1ccccc1-c1ccccc1P(C1CCCCC1)C1CCCCC1,0.005,None,None,None,None,None,None,None,None,None,O1_phenylsilane,C1=CC=C(C=C1)[Si]ÔøΩÔøΩ,0.6,None,None,None,None,None,None,none,100,none,0,UPLCMS,V17,7075.95574,114625.2845,,,,,7466.17198,,,3.1,1.1,26.8,-30.4,-1.13,0
yk-1536-4-make-product,1536,80,,1536,V,18,E260_Retinoic acid,CC1=C(C(CCC1)(C)C)C=CC(=CC=CC(=CC(=O)O)C)C,0.2,N2_hydroxydehydroabietylamine,CC(C)C(C(O)=C1)=CC2=C1[C@]3(C)C(CC2)[C@](C)(CN)CCC3,0.1,,CC(C=CC1=C(C)CCCC1(C)C)=CC=CC(C)=CCNC[C@]1(C)CCC[C@]2(C)c3cc(O)c(C(C)C)cc3CCC12,"C1_PLATINUM-1,3-DIVINYL-1,1,3,3-TETRAMETHYLDISILOXANE COMPLEX, IN XYLENES",C=C[Si](C)(C)O[Si](C)(C)C=C.[Pt],0.15,L1_Davephos,CN(C)c1ccccc1-c1ccccc1P(C1CCCCC1)C1CCCCC1,0.005,None,None,None,None,None,None,None,None,None,O1_phenylsilane,C1=CC=C(C=C1)[Si]ÔøΩÔøΩ,0.6,None,None,None,None,None,None,none,100,none,0,UPLCMS,V18,0,0,,,,,0,,,0,0,0,-49.1,0,0
yk-1536-4-make-product,1536,80,,1536,V,19,E309_1-Cbz-4-methylpiperidine-4-carboxylic acid,CC1(CCN(CC1)C(=O)OCC2=CC=CC=C2)C(=O)O,0.2,N2_hydroxydehydroabietylamine,CC(C)C(C(O)=C1)=CC2=C1[C@]3(C)C(CC2)[C@](C)(CN)CCC3,0.1,,CC(C)c1cc2c(cc1O)[C@@]1(C)CCC[C@@](C)(CNCC3(C)CCN(C(=O)OCc4ccccc4)CC3)C1CC2,"C1_PLATINUM-1,3-DIVINYL-1,1,3,3-TETRAMETHYLDISILOXANE COMPLEX, IN XYLENES",C=C[Si](C)(C)O[Si](C)(C)C=C.[Pt],0.15,L1_Davephos,CN(C)c1ccccc1-c1ccccc1P(C1CCCCC1)C1CCCCC1,0.005,None,None,None,None,None,None,None,None,None,O1_phenylsilane,C1=CC=C(C=C1)[Si]ÔøΩÔøΩ,0.6,None,None,None,None,None,None,none,100,none,0,UPLCMS,V19,1030193.053,1249072.651,,,,,0,,,0.9,12.5,93.1,-31.5,-0.34,0
yk-1536-4-make-product,1536,80,,1536,V,20,"E59_3-CYCLOHEXENE-1-CARBOXYLIC ACID, 98%",C1CC(CC=C1)C(=O)O,0.2,N2_hydroxydehydroabietylamine,CC(C)C(C(O)=C1)=CC2=C1[C@]3(C)C(CC2)[C@](C)(CN)CCC3,0.1,,CC(C)c1cc2c(cc1O)[C@@]1(C)CCC[C@@](C)(CNCC3CC=CCC3)C1CC2,"C1_PLATINUM-1,3-DIVINYL-1,1,3,3-TETRAMETHYLDISILOXANE COMPLEX, IN XYLENES",C=C[Si](C)(C)O[Si](C)(C)C=C.[Pt],0.15,L1_Davephos,CN(C)c1ccccc1-c1ccccc1P(C1CCCCC1)C1CCCCC1,0.005,None,None,None,None,None,None,None,None,None,O1_phenylsilane,C1=CC=C(C=C1)[Si]ÔøΩÔøΩ,0.6,None,None,None,None,None,None,none,100,none,0,UPLCMS,V20,0,0,,,,,0,,,0,0,0,-17.3,0,0
yk-1536-4-make-product,1536,80,,1536,V,21,"E186_(2E,4E)-hexa-2,4-dienoic acid",CC=CC=CC(=O)O,0.2,N2_hydroxydehydroabietylamine,CC(C)C(C(O)=C1)=CC2=C1[C@]3(C)C(CC2)[C@](C)(CN)CCC3,0.1,,CC=CC=CCNC[C@]1(C)CCC[C@]2(C)c3cc(O)c(C(C)C)cc3CCC12,"C1_PLATINUM-1,3-DIVINYL-1,1,3,3-TETRAMETHYLDISILOXANE COMPLEX, IN XYLENES",C=C[Si](C)(C)O[Si](C)(C)C=C.[Pt],0.15,L1_Davephos,CN(C)c1ccccc1-c1ccccc1P(C1CCCCC1)C1CCCCC1,0.005,None,None,None,None,None,None,None,None,None,O1_phenylsilane,C1=CC=C(C=C1)[Si]ÔøΩÔøΩ,0.6,None,None,None,None,None,None,none,100,none,0,UPLCMS,V21,10735.41036,19877.36503,,,,,0,,,0.2,0.2,51.6,-10,-0.19,0
yk-1536-4-make-product,1536,80,,1536,V,22,"E278_1H-TETRAZOLYL-1-ACETIC ACID, 98%",C1=NN=NN1CC(=O)O,0.2,N2_hydroxydehydroabietylamine,CC(C)C(C(O)=C1)=CC2=C1[C@]3(C)C(CC2)[C@](C)(CN)CCC3,0.1,,CC(C)c1cc2c(cc1O)[C@@]1(C)CCC[C@@](C)(CNCCn3cnnn3)C1CC2,"C1_PLATINUM-1,3-DIVINYL-1,1,3,3-TETRAMETHYLDISILOXANE COMPLEX, IN XYLENES",C=C[Si](C)(C)O[Si](C)(C)C=C.[Pt],0.15,L1_Davephos,CN(C)c1ccccc1-c1ccccc1P(C1CCCCC1)C1CCCCC1,0.005,None,None,None,None,None,None,None,None,None,O1_phenylsilane,C1=CC=C(C=C1)[Si]ÔøΩÔøΩ,0.6,None,None,None,None,None,None,none,100,none,0,UPLCMS,V22,0,0,,,,,0,,,0.4,0,0,5.8,0,0
yk-1536-4-make-product,1536,80,,1536,V,23,E342_Blank22,O=CO,0.2,N2_hydroxydehydroabietylamine,CC(C)C(C(O)=C1)=CC2=C1[C@]3(C)C(CC2)[C@](C)(CN)CCC3,0.1,MainProduct[1311],CC(C)C(C(O)=C1)=CC2=C1[C@]3(C)C(CC2)[C@](C)(CN)CCC3,"C1_PLATINUM-1,3-DIVINYL-1,1,3,3-TETRAMETHYLDISILOXANE COMPLEX, IN XYLENES",C=C[Si](C)(C)O[Si](C)(C)C=C.[Pt],0.15,L1_Davephos,CN(C)c1ccccc1-c1ccccc1P(C1CCCCC1)C1CCCCC1,0.005,None,None,None,None,None,None,None,None,None,O1_phenylsilane,C1=CC=C(C=C1)[Si]ÔøΩÔøΩ,0.6,None,None,None,None,None,None,none,100,none,0,UPLCMS,V23,0,91440.70161,,,,,100856.0831,,,0,0.9,100,0,0,0
yk-1536-4-make-product,1536,80,,1536,V,24,E374_Blank54,O=CO,0.2,N2_hydroxydehydroabietylamine,CC(C)C(C(O)=C1)=CC2=C1[C@]3(C)C(CC2)[C@](C)(CN)CCC3,0.1,MainProduct[1312],CC(C)C(C(O)=C1)=CC2=C1[C@]3(C)C(CC2)[C@](C)(CN)CCC3CC(C)C(C(O)=C1)=CC2=C1[C@]3(C)C(CC2)[C@](C)(CN)CCC3,"C1_PLATINUM-1,3-DIVINYL-1,1,3,3-TETRAMETHYLDISILOXANE COMPLEX, IN XYLENES",C=C[Si](C)(C)O[Si](C)(C)C=C.[Pt],0.15,L1_Davephos,CN(C)c1ccccc1-c1ccccc1P(C1CCCCC1)C1CCCCC1,0.005,None,None,None,None,None,None,None,None,None,O1_phenylsilane,C1=CC=C(C=C1)[Si]ÔøΩÔøΩ,0.6,None,None,None,None,None,None,none,100,none,0,UPLCMS,V24,0,0,,,,,0,,,0,0,0,0,0,0
yk-1536-4-make-product,1536,80,,1536,V,25,"E35_3-IODOBENZOIC ACID, 98%",C1=CC(=CC(=C1)I)C(=O)O,0.2,N3_Scaffold 7,CC(C)C1=CC2=CCC3[C@](C)(CN)CCC[C@]3(C)C2CC1,0.1,,CC(C)C1=CC2=CCC3[C@](C)(CNCc4cccc(I)c4)CCC[C@]3(C)C2CC1,"C1_PLATINUM-1,3-DIVINYL-1,1,3,3-TETRAMETHYLDISILOXANE COMPLEX, IN XYLENES",C=C[Si](C)(C)O[Si](C)(C)C=C.[Pt],0.15,L1_Davephos,CN(C)c1ccccc1-c1ccccc1P(C1CCCCC1)C1CCCCC1,0.005,None,None,None,None,None,None,None,None,None,O1_phenylsilane,C1=CC=C(C=C1)[Si]ÔøΩÔøΩ,0.6,None,None,None,None,None,None,none,100,none,0,UPLCMS,V25,2995534.55,2884788,233716.2612,792263.4376,0,0,0,0,0,7.9,28.8,78.5,-1.6,-0.02,0
yk-1536-4-make-product,1536,80,,1536,V,26,"E82_2-METHYL-4-NITROBENZOIC ACID, 98%",CC1=C(C=CC(=C1)[N+](=O)[O-])C(=O)O,0.2,N3_Scaffold 7,CC(C)C1=CC2=CCC3[C@](C)(CN)CCC[C@]3(C)C2CC1,0.1,,Cc1cc([N+](=O)[O-])ccc1CNC[C@]1(C)CCC[C@]2(C)C3CCC(C(C)C)=CC3=CCC12,"C1_PLATINUM-1,3-DIVINYL-1,1,3,3-TETRAMETHYLDISILOXANE COMPLEX, IN XYLENES",C=C[Si](C)(C)O[Si](C)(C)C=C.[Pt],0.15,L1_Davephos,CN(C)c1ccccc1-c1ccccc1P(C1CCCCC1)C1CCCCC1,0.005,None,None,None,None,None,None,None,None,None,O1_phenylsilane,C1=CC=C(C=C1)[Si]ÔøΩÔøΩ,0.6,None,None,None,None,None,None,none,100,none,0,UPLCMS,V26,1123603.654,1521597.975,1606318.795,2126766.011,0,0,0,0,0,21.3,15.2,41.7,24.3,0.58,0
yk-1536-4-make-product,1536,80,,1536,V,27,E127_4-acetamidobenzoic acid,CC(=O)NC1=CC=C(C=C1)C(=O)O,0.2,N3_Scaffold 7,CC(C)C1=CC2=CCC3[C@](C)(CN)CCC[C@]3(C)C2CC1,0.1,,CC(=O)Nc1ccc(CNC[C@]2(C)CCC[C@]3(C)C4CCC(C(C)C)=CC4=CCC23)cc1,"C1_PLATINUM-1,3-DIVINYL-1,1,3,3-TETRAMETHYLDISILOXANE COMPLEX, IN XYLENES",C=C[Si](C)(C)O[Si](C)(C)C=C.[Pt],0.15,L1_Davephos,CN(C)c1ccccc1-c1ccccc1P(C1CCCCC1)C1CCCCC1,0.005,None,None,None,None,None,None,None,None,None,O1_phenylsilane,C1=CC=C(C=C1)[Si]ÔøΩÔøΩ,0.6,None,None,None,None,None,None,none,100,none,0,UPLCMS,V27,958381.7289,4100513.247,1657323.369,1821969.348,0,0,0,0,0,18.2,41,69.3,20.5,0.3,0
yk-1536-4-make-product,1536,80,,1536,V,28,"E165_2,3-difluorobenzoic acid",C1=CC(=C(C(=C1)F)F)C(=O)O,0.2,N3_Scaffold 7,CC(C)C1=CC2=CCC3[C@](C)(CN)CCC[C@]3(C)C2CC1,0.1,,CC(C)C1=CC2=CCC3[C@](C)(CNCc4cccc(F)c4F)CCC[C@]3(C)C2CC1,"C1_PLATINUM-1,3-DIVINYL-1,1,3,3-TETRAMETHYLDISILOXANE COMPLEX, IN XYLENES",C=C[Si](C)(C)O[Si](C)(C)C=C.[Pt],0.15,L1_Davephos,CN(C)c1ccccc1-c1ccccc1P(C1CCCCC1)C1CCCCC1,0.005,None,None,None,None,None,None,None,None,None,O1_phenylsilane,C1=CC=C(C=C1)[Si]ÔøΩÔøΩ,0.6,None,None,None,None,None,None,none,100,none,0,UPLCMS,V28,9151.50812,0,1300546.066,1352330.018,0,0,0,0,0,13.5,0,0,15.6,0,0
yk-1536-4-make-product,1536,80,,1536,V,29,E210_5-methoxy-1H-indole-3-carboxylic acid,COC1=CC2=C(C=C1)NC=C2C(=O)O,0.2,N3_Scaffold 7,CC(C)C1=CC2=CCC3[C@](C)(CN)CCC[C@]3(C)C2CC1,0.1,,COc1ccc2[nH]cc(CNC[C@]3(C)CCC[C@]4(C)C5CCC(C(C)C)=CC5=CCC34)c2c1,"C1_PLATINUM-1,3-DIVINYL-1,1,3,3-TETRAMETHYLDISILOXANE COMPLEX, IN XYLENES",C=C[Si](C)(C)O[Si](C)(C)C=C.[Pt],0.15,L1_Davephos,CN(C)c1ccccc1-c1ccccc1P(C1CCCCC1)C1CCCCC1,0.005,None,None,None,None,None,None,None,None,None,O1_phenylsilane,C1=CC=C(C=C1)[Si]ÔøΩÔøΩ,0.6,None,None,None,None,None,None,none,100,none,0,UPLCMS,V29,232270.7034,1747085.216,1697183.199,2534751.76,0,0,480047.1287,0,0,25.3,17.5,40.8,51.8,1.27,0
yk-1536-4-make-product,1536,80,,1536,V,30,E260_Retinoic acid,CC1=C(C(CCC1)(C)C)C=CC(=CC=CC(=CC(=O)O)C)C,0.2,N3_Scaffold 7,CC(C)C1=CC2=CCC3[C@](C)(CN)CCC[C@]3(C)C2CC1,0.1,,CC(C=CC1=C(C)CCCC1(C)C)=CC=CC(C)=CCNC[C@]1(C)CCC[C@]2(C)C3CCC(C(C)C)=CC3=CCC12,"C1_PLATINUM-1,3-DIVINYL-1,1,3,3-TETRAMETHYLDISILOXANE COMPLEX, IN XYLENES",C=C[Si](C)(C)O[Si](C)(C)C=C.[Pt],0.15,L1_Davephos,CN(C)c1ccccc1-c1ccccc1P(C1CCCCC1)C1CCCCC1,0.005,None,None,None,None,None,None,None,None,None,O1_phenylsilane,C1=CC=C(C=C1)[Si]ÔøΩÔøΩ,0.6,None,None,None,None,None,None,none,100,none,0,UPLCMS,V30,5121.35643,0,67774.89994,220901.1865,0,0,0,0,0,2.2,0,0,-8,0,0
yk-1536-4-make-product,1536,80,,1536,V,31,E309_1-Cbz-4-methylpiperidine-4-carboxylic acid,CC1(CCN(CC1)C(=O)OCC2=CC=CC=C2)C(=O)O,0.2,N3_Scaffold 7,CC(C)C1=CC2=CCC3[C@](C)(CN)CCC[C@]3(C)C2CC1,0.1,,CC(C)C1=CC2=CCC3[C@](C)(CNCC4(C)CCN(C(=O)OCc5ccccc5)CC4)CCC[C@]3(C)C2CC1,"C1_PLATINUM-1,3-DIVINYL-1,1,3,3-TETRAMETHYLDISILOXANE COMPLEX, IN XYLENES",C=C[Si](C)(C)O[Si](C)(C)C=C.[Pt],0.15,L1_Davephos,CN(C)c1ccccc1-c1ccccc1P(C1CCCCC1)C1CCCCC1,0.005,None,None,None,None,None,None,None,None,None,O1_phenylsilane,C1=CC=C(C=C1)[Si]ÔøΩÔøΩ,0.6,None,None,None,None,None,None,none,100,none,0,UPLCMS,V31,1432857.805,2041663.24,1398413.302,1754102.553,0,0,0,0,0,17.5,20.4,53.8,3.3,0.06,0
yk-1536-4-make-product,1536,80,,1536,V,32,"E59_3-CYCLOHEXENE-1-CARBOXYLIC ACID, 98%",C1CC(CC=C1)C(=O)O,0.2,N3_Scaffold 7,CC(C)C1=CC2=CCC3[C@](C)(CN)CCC[C@]3(C)C2CC1,0.1,,CC(C)C1=CC2=CCC3[C@](C)(CNCC4CC=CCC4)CCC[C@]3(C)C2CC1,"C1_PLATINUM-1,3-DIVINYL-1,1,3,3-TETRAMETHYLDISILOXANE COMPLEX, IN XYLENES",C=C[Si](C)(C)O[Si](C)(C)C=C.[Pt],0.15,L1_Davephos,CN(C)c1ccccc1-c1ccccc1P(C1CCCCC1)C1CCCCC1,0.005,None,None,None,None,None,None,None,None,None,O1_phenylsilane,C1=CC=C(C=C1)[Si]ÔøΩÔøΩ,0.6,None,None,None,None,None,None,none,100,none,0,UPLCMS,V32,224784.4923,201473.8045,59277.97995,114860.5475,0,0,0,0,0,1.1,2,64.7,-11.7,-0.18,0
yk-1536-4-make-product,1536,80,,1536,V,33,"E186_(2E,4E)-hexa-2,4-dienoic acid",CC=CC=CC(=O)O,0.2,N3_Scaffold 7,CC(C)C1=CC2=CCC3[C@](C)(CN)CCC[C@]3(C)C2CC1,0.1,,CC=CC=CCNC[C@]1(C)CCC[C@]2(C)C3CCC(C(C)C)=CC3=CCC12,"C1_PLATINUM-1,3-DIVINYL-1,1,3,3-TETRAMETHYLDISILOXANE COMPLEX, IN XYLENES",C=C[Si](C)(C)O[Si](C)(C)C=C.[Pt],0.15,L1_Davephos,CN(C)c1ccccc1-c1ccccc1P(C1CCCCC1)C1CCCCC1,0.005,None,None,None,None,None,None,None,None,None,O1_phenylsilane,C1=CC=C(C=C1)[Si]ÔøΩÔøΩ,0.6,None,None,None,None,None,None,none,100,none,0,UPLCMS,V33,149333.4825,158827.5671,758307.8476,815621.0531,0,0,0,0,0,8.2,1.6,16.2,7.9,0.49,0
yk-1536-4-make-product,1536,80,,1536,V,34,"E278_1H-TETRAZOLYL-1-ACETIC ACID, 98%",C1=NN=NN1CC(=O)O,0.2,N3_Scaffold 7,CC(C)C1=CC2=CCC3[C@](C)(CN)CCC[C@]3(C)C2CC1,0.1,,CC(C)C1=CC2=CCC3[C@](C)(CNCCn4cnnn4)CCC[C@]3(C)C2CC1,"C1_PLATINUM-1,3-DIVINYL-1,1,3,3-TETRAMETHYLDISILOXANE COMPLEX, IN XYLENES",C=C[Si](C)(C)O[Si](C)(C)C=C.[Pt],0.15,L1_Davephos,CN(C)c1ccccc1-c1ccccc1P(C1CCCCC1)C1CCCCC1,0.005,None,None,None,None,None,None,None,None,None,O1_phenylsilane,C1=CC=C(C=C1)[Si]ÔøΩÔøΩ,0.6,None,None,None,None,None,None,none,100,none,0,UPLCMS,V34,6342.23249,27849.94084,1499823.086,1550719.839,0,0,0,2846.20233,0,15.5,0.3,1.8,1.4,0.8,0
yk-1536-4-make-product,1536,80,,1536,V,35,E342_Blank22,O=CO,0.2,N3_Scaffold 7,CC(C)C1=CC2=CCC3[C@](C)(CN)CCC[C@]3(C)C2CC1,0.1,MainProduct[1324],CC(C)C1=CC2=CCC3[C@](C)(CN)CCC[C@]3(C)C2CC1,"C1_PLATINUM-1,3-DIVINYL-1,1,3,3-TETRAMETHYLDISILOXANE COMPLEX, IN XYLENES",C=C[Si](C)(C)O[Si](C)(C)C=C.[Pt],0.15,L1_Davephos,CN(C)c1ccccc1-c1ccccc1P(C1CCCCC1)C1CCCCC1,0.005,None,None,None,None,None,None,None,None,None,O1_phenylsilane,C1=CC=C(C=C1)[Si]ÔøΩÔøΩ,0.6,None,None,None,None,None,None,none,100,none,0,UPLCMS,V35,0,1289667.175,0,0,0,0,1255367.686,0,0,0,12.9,100,0,0,0
yk-1536-4-make-product,1536,80,,1536,V,36,E374_Blank54,O=CO,0.2,N3_Scaffold 7,CC(C)C1=CC2=CCC3[C@](C)(CN)CCC[C@]3(C)C2CC1,0.1,MainProduct[1325],CC(C)C1=CC2=CCC3[C@](C)(CN)CCC[C@]3(C)C2CC1,"C1_PLATINUM-1,3-DIVINYL-1,1,3,3-TETRAMETHYLDISILOXANE COMPLEX, IN XYLENES",C=C[Si](C)(C)O[Si](C)(C)C=C.[Pt],0.15,L1_Davephos,CN(C)c1ccccc1-c1ccccc1P(C1CCCCC1)C1CCCCC1,0.005,None,None,None,None,None,None,None,None,None,O1_phenylsilane,C1=CC=C(C=C1)[Si]ÔøΩÔøΩ,0.6,None,None,None,None,None,None,none,100,none,0,UPLCMS,V36,0,0,0,0,0,0,0,0,0,0,0,0,0,0,0
yk-1536-4-make-product,1536,80,,1536,V,37,"E35_3-IODOBENZOIC ACID, 98%",C1=CC(=CC(=C1)I)C(=O)O,0.2,N4_Scaffold 6,CCNC[C@@]1(C)C2[C@](C)(CCC1)c3c(CC2)cc(C(C)C)c(c3)N,0.1,,CCNC[C@]1(C)CCC[C@]2(C)c3cc(NCc4cccc(I)c4)c(C(C)C)cc3CCC12,"C1_PLATINUM-1,3-DIVINYL-1,1,3,3-TETRAMETHYLDISILOXANE COMPLEX, IN XYLENES",C=C[Si](C)(C)O[Si](C)(C)C=C.[Pt],0.15,L1_Davephos,CN(C)c1ccccc1-c1ccccc1P(C1CCCCC1)C1CCCCC1,0.005,None,None,None,None,None,None,None,None,None,O1_phenylsilane,C1=CC=C(C=C1)[Si]ÔøΩÔøΩ,0.6,None,None,None,None,None,None,none,100,none,0,UPLCMS,V37,175563.7063,887694.0065,0,0,1931921.691,1806117.356,160306.2374,0,0,18.1,8.9,32.9,-11.2,-0.34,0
yk-1536-4-make-product,1536,80,,1536,V,38,"E82_2-METHYL-4-NITROBENZOIC ACID, 98%",CC1=C(C=CC(=C1)[N+](=O)[O-])C(=O)O,0.2,N4_Scaffold 6,CCNC[C@@]1(C)C2[C@](C)(CCC1)c3c(CC2)cc(C(C)C)c(c3)N,0.1,,CCNC[C@]1(C)CCC[C@]2(C)c3cc(NCc4ccc([N+](=O)[O-])cc4C)c(C(C)C)cc3CCC12,"C1_PLATINUM-1,3-DIVINYL-1,1,3,3-TETRAMETHYLDISILOXANE COMPLEX, IN XYLENES",C=C[Si](C)(C)O[Si](C)(C)C=C.[Pt],0.15,L1_Davephos,CN(C)c1ccccc1-c1ccccc1P(C1CCCCC1)C1CCCCC1,0.005,None,None,None,None,None,None,None,None,None,O1_phenylsilane,C1=CC=C(C=C1)[Si]ÔøΩÔøΩ,0.6,None,None,None,None,None,None,none,100,none,0,UPLCMS,V38,168703.1462,0,0,0,1629597.138,2430655.313,52815.07723,0,0,24.3,0,0,3.6,0,0
yk-1536-4-make-product,1536,80,,1536,V,39,E127_4-acetamidobenzoic acid,CC(=O)NC1=CC=C(C=C1)C(=O)O,0.2,N4_Scaffold 6,CCNC[C@@]1(C)C2[C@](C)(CCC1)c3c(CC2)cc(C(C)C)c(c3)N,0.1,,CCNC[C@]1(C)CCC[C@]2(C)c3cc(NCc4ccc(NC(C)=O)cc4)c(C(C)C)cc3CCC12,"C1_PLATINUM-1,3-DIVINYL-1,1,3,3-TETRAMETHYLDISILOXANE COMPLEX, IN XYLENES",C=C[Si](C)(C)O[Si](C)(C)C=C.[Pt],0.15,L1_Davephos,CN(C)c1ccccc1-c1ccccc1P(C1CCCCC1)C1CCCCC1,0.005,None,None,None,None,None,None,None,None,None,O1_phenylsilane,C1=CC=C(C=C1)[Si]ÔøΩÔøΩ,0.6,None,None,None,None,None,None,none,100,none,0,UPLCMS,V39,72204.93033,0,0,0,1858499.386,1679344.524,228825.2774,0,0,16.8,0,0,-8.2,0,0
yk-1536-4-make-product,1536,80,,1536,V,40,"E165_2,3-difluorobenzoic acid",C1=CC(=C(C(=C1)F)F)C(=O)O,0.2,N4_Scaffold 6,CCNC[C@@]1(C)C2[C@](C)(CCC1)c3c(CC2)cc(C(C)C)c(c3)N,0.1,,CCNC[C@]1(C)CCC[C@]2(C)c3cc(NCc4cccc(F)c4F)c(C(C)C)cc3CCC12,"C1_PLATINUM-1,3-DIVINYL-1,1,3,3-TETRAMETHYLDISILOXANE COMPLEX, IN XYLENES",C=C[Si](C)(C)O[Si](C)(C)C=C.[Pt],0.15,L1_Davephos,CN(C)c1ccccc1-c1ccccc1P(C1CCCCC1)C1CCCCC1,0.005,None,None,None,None,None,None,None,None,None,O1_phenylsilane,C1=CC=C(C=C1)[Si]ÔøΩÔøΩ,0.6,None,None,None,None,None,None,none,100,none,0,UPLCMS,V40,0,0,0,0,1061158.353,1095362.457,0,0,0,11,0,0,-28.4,0,0
yk-1536-4-make-product,1536,80,,1536,V,41,E210_5-methoxy-1H-indole-3-carboxylic acid,COC1=CC2=C(C=C1)NC=C2C(=O)O,0.2,N4_Scaffold 6,CCNC[C@@]1(C)C2[C@](C)(CCC1)c3c(CC2)cc(C(C)C)c(c3)N,0.1,,CCNC[C@]1(C)CCC[C@]2(C)c3cc(NCc4c[nH]c5ccc(OC)cc45)c(C(C)C)cc3CCC12,"C1_PLATINUM-1,3-DIVINYL-1,1,3,3-TETRAMETHYLDISILOXANE COMPLEX, IN XYLENES",C=C[Si](C)(C)O[Si](C)(C)C=C.[Pt],0.15,L1_Davephos,CN(C)c1ccccc1-c1ccccc1P(C1CCCCC1)C1CCCCC1,0.005,None,None,None,None,None,None,None,None,None,O1_phenylsilane,C1=CC=C(C=C1)[Si]ÔøΩÔøΩ,0.6,None,None,None,None,None,None,none,100,none,0,UPLCMS,V41,54463.24844,0,0,0,1633455.256,1873178.538,0,0,0,18.7,0,0,-24.7,0,0
yk-1536-4-make-product,1536,80,,1536,V,42,E260_Retinoic acid,CC1=C(C(CCC1)(C)C)C=CC(=CC=CC(=CC(=O)O)C)C,0.2,N4_Scaffold 6,CCNC[C@@]1(C)C2[C@](C)(CCC1)c3c(CC2)cc(C(C)C)c(c3)N,0.1,,CCNC[C@]1(C)CCC[C@]2(C)c3cc(NCC=C(C)C=CC=C(C)C=CC4=C(C)CCCC4(C)C)c(C(C)C)cc3CCC12,"C1_PLATINUM-1,3-DIVINYL-1,1,3,3-TETRAMETHYLDISILOXANE COMPLEX, IN XYLENES",C=C[Si](C)(C)O[Si](C)(C)C=C.[Pt],0.15,L1_Davephos,CN(C)c1ccccc1-c1ccccc1P(C1CCCCC1)C1CCCCC1,0.005,None,None,None,None,None,None,None,None,None,O1_phenylsilane,C1=CC=C(C=C1)[Si]ÔøΩÔøΩ,0.6,None,None,None,None,None,None,none,100,none,0,UPLCMS,V42,0,0,0,0,165454.1056,55204.85001,0,0,0,0.6,0,0,-38,0,0
yk-1536-4-make-product,1536,80,,1536,V,43,E309_1-Cbz-4-methylpiperidine-4-carboxylic acid,CC1(CCN(CC1)C(=O)OCC2=CC=CC=C2)C(=O)O,0.2,N4_Scaffold 6,CCNC[C@@]1(C)C2[C@](C)(CCC1)c3c(CC2)cc(C(C)C)c(c3)N,0.1,,CCNC[C@]1(C)CCC[C@]2(C)c3cc(NCC4(C)CCN(C(=O)OCc5ccccc5)CC4)c(C(C)C)cc3CCC12,"C1_PLATINUM-1,3-DIVINYL-1,1,3,3-TETRAMETHYLDISILOXANE COMPLEX, IN XYLENES",C=C[Si](C)(C)O[Si](C)(C)C=C.[Pt],0.15,L1_Davephos,CN(C)c1ccccc1-c1ccccc1P(C1CCCCC1)C1CCCCC1,0.005,None,None,None,None,None,None,None,None,None,O1_phenylsilane,C1=CC=C(C=C1)[Si]ÔøΩÔøΩ,0.6,None,None,None,None,None,None,none,100,none,0,UPLCMS,V43,37661.2876,111468.6764,0,0,1540311.96,1337645.533,53189.00939,0,0,13.4,1.1,7.7,-10.7,-1.39,0
yk-1536-4-make-product,1536,80,,1536,V,44,"E59_3-CYCLOHEXENE-1-CARBOXYLIC ACID, 98%",C1CC(CC=C1)C(=O)O,0.2,N4_Scaffold 6,CCNC[C@@]1(C)C2[C@](C)(CCC1)c3c(CC2)cc(C(C)C)c(c3)N,0.1,,CCNC[C@]1(C)CCC[C@]2(C)c3cc(NCC4CC=CCC4)c(C(C)C)cc3CCC12,"C1_PLATINUM-1,3-DIVINYL-1,1,3,3-TETRAMETHYLDISILOXANE COMPLEX, IN XYLENES",C=C[Si](C)(C)O[Si](C)(C)C=C.[Pt],0.15,L1_Davephos,CN(C)c1ccccc1-c1ccccc1P(C1CCCCC1)C1CCCCC1,0.005,None,None,None,None,None,None,None,None,None,O1_phenylsilane,C1=CC=C(C=C1)[Si]ÔøΩÔøΩ,0.6,None,None,None,None,None,None,none,100,none,0,UPLCMS,V44,93522.17641,305644.716,0,0,698819.7503,610282.1727,10468.52275,0,0,6.1,3.1,33.4,-9.9,-0.3,0
yk-1536-4-make-product,1536,80,,1536,V,45,"E186_(2E,4E)-hexa-2,4-dienoic acid",CC=CC=CC(=O)O,0.2,N4_Scaffold 6,CCNC[C@@]1(C)C2[C@](C)(CCC1)c3c(CC2)cc(C(C)C)c(c3)N,0.1,,CC=CC=CCNc1cc2c(cc1C(C)C)CCC1[C@](C)(CNCC)CCC[C@]21C,"C1_PLATINUM-1,3-DIVINYL-1,1,3,3-TETRAMETHYLDISILOXANE COMPLEX, IN XYLENES",C=C[Si](C)(C)O[Si](C)(C)C=C.[Pt],0.15,L1_Davephos,CN(C)c1ccccc1-c1ccccc1P(C1CCCCC1)C1CCCCC1,0.005,None,None,None,None,None,None,None,None,None,O1_phenylsilane,C1=CC=C(C=C1)[Si]ÔøΩÔøΩ,0.6,None,None,None,None,None,None,none,100,none,0,UPLCMS,V45,29791.86706,0,0,0,672619.7724,589006.4065,0,0,0,5.9,0,0,-11.5,0,0
yk-1536-4-make-product,1536,80,,1536,V,46,"E278_1H-TETRAZOLYL-1-ACETIC ACID, 98%",C1=NN=NN1CC(=O)O,0.2,N4_Scaffold 6,CCNC[C@@]1(C)C2[C@](C)(CCC1)c3c(CC2)cc(C(C)C)c(c3)N,0.1,,CCNC[C@]1(C)CCC[C@]2(C)c3cc(NCCn4cnnn4)c(C(C)C)cc3CCC12,"C1_PLATINUM-1,3-DIVINYL-1,1,3,3-TETRAMETHYLDISILOXANE COMPLEX, IN XYLENES",C=C[Si](C)(C)O[Si](C)(C)C=C.[Pt],0.15,L1_Davephos,CN(C)c1ccccc1-c1ccccc1P(C1CCCCC1)C1CCCCC1,0.005,None,None,None,None,None,None,None,None,None,O1_phenylsilane,C1=CC=C(C=C1)[Si]ÔøΩÔøΩ,0.6,None,None,None,None,None,None,none,100,none,0,UPLCMS,V46,0,0,0,0,886626.1429,823698.2699,0,0,0,8.2,0,0,-4.8,0,0
yk-1536-4-make-product,1536,80,,1536,V,47,E342_Blank22,O=CO,0.2,N4_Scaffold 6,CCNC[C@@]1(C)C2[C@](C)(CCC1)c3c(CC2)cc(C(C)C)c(c3)N,0.1,MainProduct[1337],CCNC[C@@]1(C)C2[C@](C)(CCC1)c3c(CC2)cc(C(C)C)c(c3)N,"C1_PLATINUM-1,3-DIVINYL-1,1,3,3-TETRAMETHYLDISILOXANE COMPLEX, IN XYLENES",C=C[Si](C)(C)O[Si](C)(C)C=C.[Pt],0.15,L1_Davephos,CN(C)c1ccccc1-c1ccccc1P(C1CCCCC1)C1CCCCC1,0.005,None,None,None,None,None,None,None,None,None,O1_phenylsilane,C1=CC=C(C=C1)[Si]ÔøΩÔøΩ,0.6,None,None,None,None,None,None,none,100,none,0,UPLCMS,V47,0,953256.5023,0,0,0,0,943418.1479,0,0,0,9.5,100,0,0,0
yk-1536-4-make-product,1536,80,,1536,V,48,E374_Blank54,O=CO,0.2,N4_Scaffold 6,CCNC[C@@]1(C)C2[C@](C)(CCC1)c3c(CC2)cc(C(C)C)c(c3)N,0.1,MainProduct[1338],CCNC[C@@]1(C)C2[C@](C)(CCC1)c3c(CC2)cc(C(C)C)c(c3)N,"C1_PLATINUM-1,3-DIVINYL-1,1,3,3-TETRAMETHYLDISILOXANE COMPLEX, IN XYLENES",C=C[Si](C)(C)O[Si](C)(C)C=C.[Pt],0.15,L1_Davephos,CN(C)c1ccccc1-c1ccccc1P(C1CCCCC1)C1CCCCC1,0.005,None,None,None,None,None,None,None,None,None,O1_phenylsilane,C1=CC=C(C=C1)[Si]ÔøΩÔøΩ,0.6,None,None,None,None,None,None,none,100,none,0,UPLCMS,V48,0,0,0,0,0,0,0,0,0,0,0,0,0,0,0
yk-1536-4-make-product,1536,80,,1536,W,1,"E37_3-METHOXY-4-METHYLBENZOIC ACID, 98%",CC1=C(C=C(C=C1)C(=O)O)OC,0.2,N1_(+)-Dehydroabietylamine,CC(C)c1ccc2c(c1)CC[C@H]1[C@](C)(CN)CCC[C@]21C,0.1,,COc1cc(CNC[C@]2(C)CCC[C@]3(C)c4ccc(C(C)C)cc4CC[C@@H]23)ccc1C,"C1_PLATINUM-1,3-DIVINYL-1,1,3,3-TETRAMETHYLDISILOXANE COMPLEX, IN XYLENES",C=C[Si](C)(C)O[Si](C)(C)C=C.[Pt],0.15,L1_Davephos,CN(C)c1ccccc1-c1ccccc1P(C1CCCCC1)C1CCCCC1,0.005,None,None,None,None,None,None,None,None,None,O1_phenylsilane,C1=CC=C(C=C1)[Si]ÔøΩÔøΩ,0.6,None,None,None,None,None,None,none,100,none,0,UPLCMS,W1,2596698.779,1406247.885,,,,,0,,,33.1,14.1,29.8,79.3,2.66,-7.28
yk-1536-4-make-product,1536,80,,1536,W,2,E83_4-(METHOXYCARBONYL)CYCLOHEXANECARBOXYLIC ACID,COC(=O)C1CCC(CC1)C(=O)O,0.2,N1_(+)-Dehydroabietylamine,CC(C)c1ccc2c(c1)CC[C@H]1[C@](C)(CN)CCC[C@]21C,0.1,MainProduct[1355],COC(=O)C1CCC(CC1)CNC[C@@]2(C)[C@H]3[C@](C)(CCC2)c4c(CC3)cc(C(C)C)cc4,"C1_PLATINUM-1,3-DIVINYL-1,1,3,3-TETRAMETHYLDISILOXANE COMPLEX, IN XYLENES",C=C[Si](C)(C)O[Si](C)(C)C=C.[Pt],0.15,L1_Davephos,CN(C)c1ccccc1-c1ccccc1P(C1CCCCC1)C1CCCCC1,0.005,None,None,None,None,None,None,None,None,None,O1_phenylsilane,C1=CC=C(C=C1)[Si]ÔøΩÔøΩ,0.6,None,None,None,None,None,None,none,100,none,0,UPLCMS,W2,465041.6464,2958556,,,,,0,,,9.13,29.6,76.4,-1.7,-0.02,0
yk-1536-4-make-product,1536,80,,1536,W,3,E129_4-acetylbenzoic acid,CC(=O)C1=CC=C(C=C1)C(=O)O,0.2,N1_(+)-Dehydroabietylamine,CC(C)c1ccc2c(c1)CC[C@H]1[C@](C)(CN)CCC[C@]21C,0.1,,CC(=O)c1ccc(CNC[C@]2(C)CCC[C@]3(C)c4ccc(C(C)C)cc4CC[C@@H]23)cc1,"C1_PLATINUM-1,3-DIVINYL-1,1,3,3-TETRAMETHYLDISILOXANE COMPLEX, IN XYLENES",C=C[Si](C)(C)O[Si](C)(C)C=C.[Pt],0.15,L1_Davephos,CN(C)c1ccccc1-c1ccccc1P(C1CCCCC1)C1CCCCC1,0.005,None,None,None,None,None,None,None,None,None,O1_phenylsilane,C1=CC=C(C=C1)[Si]ÔøΩÔøΩ,0.6,None,None,None,None,None,None,none,100,none,0,UPLCMS,W3,971334.5991,845331,,,,,0,,,30.52,8.5,21.7,36.2,1.67,0
yk-1536-4-make-product,1536,80,,1536,W,4,"E166_2,4-difluorobenzoic acid",C1=CC(=C(C=C1F)F)C(=O)O,0.2,N1_(+)-Dehydroabietylamine,CC(C)c1ccc2c(c1)CC[C@H]1[C@](C)(CN)CCC[C@]21C,0.1,,CC(C)c1ccc2c(c1)CC[C@H]1[C@](C)(CNCc3ccc(F)cc3F)CCC[C@]21C,"C1_PLATINUM-1,3-DIVINYL-1,1,3,3-TETRAMETHYLDISILOXANE COMPLEX, IN XYLENES",C=C[Si](C)(C)O[Si](C)(C)C=C.[Pt],0.15,L1_Davephos,CN(C)c1ccccc1-c1ccccc1P(C1CCCCC1)C1CCCCC1,0.005,None,None,None,None,None,None,None,None,None,O1_phenylsilane,C1=CC=C(C=C1)[Si]ÔøΩÔøΩ,0.6,None,None,None,None,None,None,none,100,none,0,UPLCMS,W4,916633.8244,1449660.995,,,,,754331.7893,,,24.23,14.5,37.4,9.7,0.26,0
yk-1536-4-make-product,1536,80,,1536,W,5,E211_4-methylsulfonylbenzoic acid,CS(=O)(=O)C1=CC=C(C=C1)C(=O)O,0.2,N1_(+)-Dehydroabietylamine,CC(C)c1ccc2c(c1)CC[C@H]1[C@](C)(CN)CCC[C@]21C,0.1,,CC(C)c1ccc2c(c1)CC[C@H]1[C@](C)(CNCc3ccc(S(C)(=O)=O)cc3)CCC[C@]21C,"C1_PLATINUM-1,3-DIVINYL-1,1,3,3-TETRAMETHYLDISILOXANE COMPLEX, IN XYLENES",C=C[Si](C)(C)O[Si](C)(C)C=C.[Pt],0.15,L1_Davephos,CN(C)c1ccccc1-c1ccccc1P(C1CCCCC1)C1CCCCC1,0.005,None,None,None,None,None,None,None,None,None,O1_phenylsilane,C1=CC=C(C=C1)[Si]ÔøΩÔøΩ,0.6,None,None,None,None,None,None,none,100,none,0,UPLCMS,W5,1064258.368,2033277.078,,,,,0,,,34.69,20.3,37,63.8,1.72,0
yk-1536-4-make-product,1536,80,,1536,W,6,E261_2-(4-Sulfamoylphenyl)acetic acid,C1=CC(=CC=C1CC(=O)O)S(=O)(=O)N,0.2,N1_(+)-Dehydroabietylamine,CC(C)c1ccc2c(c1)CC[C@H]1[C@](C)(CN)CCC[C@]21C,0.1,,CC(C)c1ccc2c(c1)CC[C@H]1[C@](C)(CNCCc3ccc(S(N)(=O)=O)cc3)CCC[C@]21C,"C1_PLATINUM-1,3-DIVINYL-1,1,3,3-TETRAMETHYLDISILOXANE COMPLEX, IN XYLENES",C=C[Si](C)(C)O[Si](C)(C)C=C.[Pt],0.15,L1_Davephos,CN(C)c1ccccc1-c1ccccc1P(C1CCCCC1)C1CCCCC1,0.005,None,None,None,None,None,None,None,None,None,O1_phenylsilane,C1=CC=C(C=C1)[Si]ÔøΩÔøΩ,0.6,None,None,None,None,None,None,none,100,none,0,UPLCMS,W6,1735328.854,3163252.725,,,,,0,,,35.55,31.6,47.1,98,2.08,-0.48
yk-1536-4-make-product,1536,80,,1536,W,7,E310_Indomethacin,COc1ccc2c(c1)c(CC(=O)O)c(C)n2C(=O)c1ccc(Cl)cc1,0.05,N1_(+)-Dehydroabietylamine,CC(C)c1ccc2c(c1)CC[C@H]1[C@](C)(CN)CCC[C@]21C,0.1,,COc1ccc2c(c1)c(CCNC[C@]1(C)CCC[C@]3(C)c4ccc(C(C)C)cc4CC[C@@H]13)c(C)n2C(=O)c1ccc(Cl)cc1,"C1_PLATINUM-1,3-DIVINYL-1,1,3,3-TETRAMETHYLDISILOXANE COMPLEX, IN XYLENES",C=C[Si](C)(C)O[Si](C)(C)C=C.[Pt],0.15,L1_Davephos,CN(C)c1ccccc1-c1ccccc1P(C1CCCCC1)C1CCCCC1,0.005,None,None,None,None,None,None,None,None,None,O1_phenylsilane,C1=CC=C(C=C1)[Si]ÔøΩÔøΩ,0.6,None,None,None,None,None,None,none,100,none,0,UPLCMS,W7,5486087.749,3170528.502,,,,,0,,,22.44,31.7,58.6,1.4,0.02,0
yk-1536-4-make-product,1536,80,,1536,W,8,"E61_3-ETHOXYACRYLIC ACID, 95+%",CCOC=CC(=O)O,0.2,N1_(+)-Dehydroabietylamine,CC(C)c1ccc2c(c1)CC[C@H]1[C@](C)(CN)CCC[C@]21C,0.1,,CCOC=CCNC[C@]1(C)CCC[C@]2(C)c3ccc(C(C)C)cc3CC[C@@H]12,"C1_PLATINUM-1,3-DIVINYL-1,1,3,3-TETRAMETHYLDISILOXANE COMPLEX, IN XYLENES",C=C[Si](C)(C)O[Si](C)(C)C=C.[Pt],0.15,L1_Davephos,CN(C)c1ccccc1-c1ccccc1P(C1CCCCC1)C1CCCCC1,0.005,None,None,None,None,None,None,None,None,None,O1_phenylsilane,C1=CC=C(C=C1)[Si]ÔøΩÔøΩ,0.6,None,None,None,None,None,None,none,100,none,0,UPLCMS,W8,0,0,,,,,0,,,11.58,0,0,16,0,0
yk-1536-4-make-product,1536,80,,1536,W,9,E192_piperidine-4-carboxylic acid,C1CNCCC1C(=O)O,0.2,N1_(+)-Dehydroabietylamine,CC(C)c1ccc2c(c1)CC[C@H]1[C@](C)(CN)CCC[C@]21C,0.1,,CC(C)c1ccc2c(c1)CC[C@H]1[C@](C)(CNCC3CCNCC3)CCC[C@]21C,"C1_PLATINUM-1,3-DIVINYL-1,1,3,3-TETRAMETHYLDISILOXANE COMPLEX, IN XYLENES",C=C[Si](C)(C)O[Si](C)(C)C=C.[Pt],0.15,L1_Davephos,CN(C)c1ccccc1-c1ccccc1P(C1CCCCC1)C1CCCCC1,0.005,None,None,None,None,None,None,None,None,None,O1_phenylsilane,C1=CC=C(C=C1)[Si]ÔøΩÔøΩ,0.6,None,None,None,None,None,None,none,100,none,0,UPLCMS,W9,0,0,,,,,0,,,28.86,0,0,11.2,0,0
yk-1536-4-make-product,1536,80,,1536,W,10,E280_Tetrahydropyran-4-carboxylic acid,O=C(O)C1CCOCC1,0.2,N1_(+)-Dehydroabietylamine,CC(C)c1ccc2c(c1)CC[C@H]1[C@](C)(CN)CCC[C@]21C,0.1,,CC(C)c1ccc2c(c1)CC[C@H]1[C@](C)(CNCC3CCOCC3)CCC[C@]21C,"C1_PLATINUM-1,3-DIVINYL-1,1,3,3-TETRAMETHYLDISILOXANE COMPLEX, IN XYLENES",C=C[Si](C)(C)O[Si](C)(C)C=C.[Pt],0.15,L1_Davephos,CN(C)c1ccccc1-c1ccccc1P(C1CCCCC1)C1CCCCC1,0.005,None,None,None,None,None,None,None,None,None,O1_phenylsilane,C1=CC=C(C=C1)[Si]ÔøΩÔøΩ,0.6,None,None,None,None,None,None,none,100,none,0,UPLCMS,W10,1858095.414,2312482.318,,,,,0,,,4.89,23.1,82.5,-11.9,-0.14,0
yk-1536-4-make-product,1536,80,,1536,W,11,E343_Blank23,O=CO,0.2,N1_(+)-Dehydroabietylamine,CC(C)c1ccc2c(c1)CC[C@H]1[C@](C)(CN)CCC[C@]21C,0.1,MainProduct[1346],CC(C)c1ccc2c(c1)CC[C@H]1[C@](C)(CN)CCC[C@]21C,"C1_PLATINUM-1,3-DIVINYL-1,1,3,3-TETRAMETHYLDISILOXANE COMPLEX, IN XYLENES",C=C[Si](C)(C)O[Si](C)(C)C=C.[Pt],0.15,L1_Davephos,CN(C)c1ccccc1-c1ccccc1P(C1CCCCC1)C1CCCCC1,0.005,None,None,None,None,None,None,None,None,None,O1_phenylsilane,C1=CC=C(C=C1)[Si]ÔøΩÔøΩ,0.6,None,None,None,None,None,None,none,100,none,0,UPLCMS,W11,0,3004814.912,,,,,3329230.885,,,0,30,100,0,0,0
yk-1536-4-make-product,1536,80,,1536,W,12,E375_Blank55,O=CO,0.2,N1_(+)-Dehydroabietylamine,CC(C)c1ccc2c(c1)CC[C@H]1[C@](C)(CN)CCC[C@]21C,0.1,MainProduct[1347],CC(C)c1ccc2c(c1)CC[C@H]1[C@](C)(CN)CCC[C@]21C,"C1_PLATINUM-1,3-DIVINYL-1,1,3,3-TETRAMETHYLDISILOXANE COMPLEX, IN XYLENES",C=C[Si](C)(C)O[Si](C)(C)C=C.[Pt],0.15,L1_Davephos,CN(C)c1ccccc1-c1ccccc1P(C1CCCCC1)C1CCCCC1,0.005,None,None,None,None,None,None,None,None,None,O1_phenylsilane,C1=CC=C(C=C1)[Si]ÔøΩÔøΩ,0.6,None,None,None,None,None,None,none,100,none,0,UPLCMS,W12,0,0,,,,,0,,,0,0,0,0,0,0
yk-1536-4-make-product,1536,80,,1536,W,13,"E37_3-METHOXY-4-METHYLBENZOIC ACID, 98%",CC1=C(C=C(C=C1)C(=O)O)OC,0.2,N2_hydroxydehydroabietylamine,CC(C)C(C(O)=C1)=CC2=C1[C@]3(C)C(CC2)[C@](C)(CN)CCC3,0.1,,COc1cc(CNC[C@]2(C)CCC[C@]3(C)c4cc(O)c(C(C)C)cc4CCC23)ccc1C,"C1_PLATINUM-1,3-DIVINYL-1,1,3,3-TETRAMETHYLDISILOXANE COMPLEX, IN XYLENES",C=C[Si](C)(C)O[Si](C)(C)C=C.[Pt],0.15,L1_Davephos,CN(C)c1ccccc1-c1ccccc1P(C1CCCCC1)C1CCCCC1,0.005,None,None,None,None,None,None,None,None,None,O1_phenylsilane,C1=CC=C(C=C1)[Si]ÔøΩÔøΩ,0.6,None,None,None,None,None,None,none,100,none,0,UPLCMS,W13,1122055.237,954741.144,,,,,0,,,0,9.5,100,20.1,0.2,0
yk-1536-4-make-product,1536,80,,1536,W,14,E83_4-(METHOXYCARBONYL)CYCLOHEXANECARBOXYLIC ACID,COC(=O)C1CCC(CC1)C(=O)O,0.2,N2_hydroxydehydroabietylamine,CC(C)C(C(O)=C1)=CC2=C1[C@]3(C)C(CC2)[C@](C)(CN)CCC3,0.1,MainProduct[1349],COC(=O)C1CCC(CC1)CNC[C@@]2(C)C3[C@](C)(CCC2)c4c(CC3)cc(C(C)C)c(c4)O,"C1_PLATINUM-1,3-DIVINYL-1,1,3,3-TETRAMETHYLDISILOXANE COMPLEX, IN XYLENES",C=C[Si](C)(C)O[Si](C)(C)C=C.[Pt],0.15,L1_Davephos,CN(C)c1ccccc1-c1ccccc1P(C1CCCCC1)C1CCCCC1,0.005,None,None,None,None,None,None,None,None,None,O1_phenylsilane,C1=CC=C(C=C1)[Si]ÔøΩÔøΩ,0.6,None,None,None,None,None,None,none,100,none,0,UPLCMS,W14,3973.16198,149817,,,,,0,,,0,1.5,100,15.3,0.15,0
yk-1536-4-make-product,1536,80,,1536,W,15,E129_4-acetylbenzoic acid,CC(=O)C1=CC=C(C=C1)C(=O)O,0.2,N2_hydroxydehydroabietylamine,CC(C)C(C(O)=C1)=CC2=C1[C@]3(C)C(CC2)[C@](C)(CN)CCC3,0.1,,CC(=O)c1ccc(CNC[C@]2(C)CCC[C@]3(C)c4cc(O)c(C(C)C)cc4CCC23)cc1,"C1_PLATINUM-1,3-DIVINYL-1,1,3,3-TETRAMETHYLDISILOXANE COMPLEX, IN XYLENES",C=C[Si](C)(C)O[Si](C)(C)C=C.[Pt],0.15,L1_Davephos,CN(C)c1ccccc1-c1ccccc1P(C1CCCCC1)C1CCCCC1,0.005,None,None,None,None,None,None,None,None,None,O1_phenylsilane,C1=CC=C(C=C1)[Si]ÔøΩÔøΩ,0.6,None,None,None,None,None,None,none,100,none,0,UPLCMS,W15,146102.3811,141180,,,,,0,,,0,1.4,100,-22.6,-0.23,0
yk-1536-4-make-product,1536,80,,1536,W,16,"E166_2,4-difluorobenzoic acid",C1=CC(=C(C=C1F)F)C(=O)O,0.2,N2_hydroxydehydroabietylamine,CC(C)C(C(O)=C1)=CC2=C1[C@]3(C)C(CC2)[C@](C)(CN)CCC3,0.1,,CC(C)c1cc2c(cc1O)[C@@]1(C)CCC[C@@](C)(CNCc3ccc(F)cc3F)C1CC2,"C1_PLATINUM-1,3-DIVINYL-1,1,3,3-TETRAMETHYLDISILOXANE COMPLEX, IN XYLENES",C=C[Si](C)(C)O[Si](C)(C)C=C.[Pt],0.15,L1_Davephos,CN(C)c1ccccc1-c1ccccc1P(C1CCCCC1)C1CCCCC1,0.005,None,None,None,None,None,None,None,None,None,O1_phenylsilane,C1=CC=C(C=C1)[Si]ÔøΩÔøΩ,0.6,None,None,None,None,None,None,none,100,none,0,UPLCMS,W16,39948.39203,100955.6257,,,,,0,,,0.95,1,51.5,9.8,0.19,0
yk-1536-4-make-product,1536,80,,1536,W,17,E211_4-methylsulfonylbenzoic acid,CS(=O)(=O)C1=CC=C(C=C1)C(=O)O,0.2,N2_hydroxydehydroabietylamine,CC(C)C(C(O)=C1)=CC2=C1[C@]3(C)C(CC2)[C@](C)(CN)CCC3,0.1,,CC(C)c1cc2c(cc1O)[C@@]1(C)CCC[C@@](C)(CNCc3ccc(S(C)(=O)=O)cc3)C1CC2,"C1_PLATINUM-1,3-DIVINYL-1,1,3,3-TETRAMETHYLDISILOXANE COMPLEX, IN XYLENES",C=C[Si](C)(C)O[Si](C)(C)C=C.[Pt],0.15,L1_Davephos,CN(C)c1ccccc1-c1ccccc1P(C1CCCCC1)C1CCCCC1,0.005,None,None,None,None,None,None,None,None,None,O1_phenylsilane,C1=CC=C(C=C1)[Si]ÔøΩÔøΩ,0.6,None,None,None,None,None,None,none,100,none,0,UPLCMS,W17,393100.8168,1152902.646,,,,,0,,,1.12,11.5,91.1,4.1,0.05,0
yk-1536-4-make-product,1536,80,,1536,W,18,E261_2-(4-Sulfamoylphenyl)acetic acid,C1=CC(=CC=C1CC(=O)O)S(=O)(=O)N,0.2,N2_hydroxydehydroabietylamine,CC(C)C(C(O)=C1)=CC2=C1[C@]3(C)C(CC2)[C@](C)(CN)CCC3,0.1,,CC(C)c1cc2c(cc1O)[C@@]1(C)CCC[C@@](C)(CNCCc3ccc(S(N)(=O)=O)cc3)C1CC2,"C1_PLATINUM-1,3-DIVINYL-1,1,3,3-TETRAMETHYLDISILOXANE COMPLEX, IN XYLENES",C=C[Si](C)(C)O[Si](C)(C)C=C.[Pt],0.15,L1_Davephos,CN(C)c1ccccc1-c1ccccc1P(C1CCCCC1)C1CCCCC1,0.005,None,None,None,None,None,None,None,None,None,O1_phenylsilane,C1=CC=C(C=C1)[Si]ÔøΩÔøΩ,0.6,None,None,None,None,None,None,none,100,none,0,UPLCMS,W18,414379.7948,1273993.731,,,,,0,,,0.32,12.7,97.5,19.1,0.2,0
yk-1536-4-make-product,1536,80,,1536,W,19,E310_Indomethacin,COc1ccc2c(c1)c(CC(=O)O)c(C)n2C(=O)c1ccc(Cl)cc1,0.05,N2_hydroxydehydroabietylamine,CC(C)C(C(O)=C1)=CC2=C1[C@]3(C)C(CC2)[C@](C)(CN)CCC3,0.1,,COc1ccc2c(c1)c(CCNC[C@]1(C)CCC[C@]3(C)c4cc(O)c(C(C)C)cc4CCC13)c(C)n2C(=O)c1ccc(Cl)cc1,"C1_PLATINUM-1,3-DIVINYL-1,1,3,3-TETRAMETHYLDISILOXANE COMPLEX, IN XYLENES",C=C[Si](C)(C)O[Si](C)(C)C=C.[Pt],0.15,L1_Davephos,CN(C)c1ccccc1-c1ccccc1P(C1CCCCC1)C1CCCCC1,0.005,None,None,None,None,None,None,None,None,None,O1_phenylsilane,C1=CC=C(C=C1)[Si]ÔøΩÔøΩ,0.6,None,None,None,None,None,None,none,100,none,0,UPLCMS,W19,0,0,,,,,0,,,0,0,0,15.7,0,0
yk-1536-4-make-product,1536,80,,1536,W,20,"E61_3-ETHOXYACRYLIC ACID, 95+%",CCOC=CC(=O)O,0.2,N2_hydroxydehydroabietylamine,CC(C)C(C(O)=C1)=CC2=C1[C@]3(C)C(CC2)[C@](C)(CN)CCC3,0.1,,CCOC=CCNC[C@]1(C)CCC[C@]2(C)c3cc(O)c(C(C)C)cc3CCC12,"C1_PLATINUM-1,3-DIVINYL-1,1,3,3-TETRAMETHYLDISILOXANE COMPLEX, IN XYLENES",C=C[Si](C)(C)O[Si](C)(C)C=C.[Pt],0.15,L1_Davephos,CN(C)c1ccccc1-c1ccccc1P(C1CCCCC1)C1CCCCC1,0.005,None,None,None,None,None,None,None,None,None,O1_phenylsilane,C1=CC=C(C=C1)[Si]ÔøΩÔøΩ,0.6,None,None,None,None,None,None,none,100,none,0,UPLCMS,W20,0,0,,,,,0,,,0,0,0,20,0,0
yk-1536-4-make-product,1536,80,,1536,W,21,E192_piperidine-4-carboxylic acid,C1CNCCC1C(=O)O,0.2,N2_hydroxydehydroabietylamine,CC(C)C(C(O)=C1)=CC2=C1[C@]3(C)C(CC2)[C@](C)(CN)CCC3,0.1,,CC(C)c1cc2c(cc1O)[C@@]1(C)CCC[C@@](C)(CNCC3CCNCC3)C1CC2,"C1_PLATINUM-1,3-DIVINYL-1,1,3,3-TETRAMETHYLDISILOXANE COMPLEX, IN XYLENES",C=C[Si](C)(C)O[Si](C)(C)C=C.[Pt],0.15,L1_Davephos,CN(C)c1ccccc1-c1ccccc1P(C1CCCCC1)C1CCCCC1,0.005,None,None,None,None,None,None,None,None,None,O1_phenylsilane,C1=CC=C(C=C1)[Si]ÔøΩÔøΩ,0.6,None,None,None,None,None,None,none,100,none,0,UPLCMS,W21,0,0,,,,,0,,,0.68,0,0,21.6,0,0
yk-1536-4-make-product,1536,80,,1536,W,22,E280_Tetrahydropyran-4-carboxylic acid,O=C(O)C1CCOCC1,0.2,N2_hydroxydehydroabietylamine,CC(C)C(C(O)=C1)=CC2=C1[C@]3(C)C(CC2)[C@](C)(CN)CCC3,0.1,,CC(C)c1cc2c(cc1O)[C@@]1(C)CCC[C@@](C)(CNCC3CCOCC3)C1CC2,"C1_PLATINUM-1,3-DIVINYL-1,1,3,3-TETRAMETHYLDISILOXANE COMPLEX, IN XYLENES",C=C[Si](C)(C)O[Si](C)(C)C=C.[Pt],0.15,L1_Davephos,CN(C)c1ccccc1-c1ccccc1P(C1CCCCC1)C1CCCCC1,0.005,None,None,None,None,None,None,None,None,None,O1_phenylsilane,C1=CC=C(C=C1)[Si]ÔøΩÔøΩ,0.6,None,None,None,None,None,None,none,100,none,0,UPLCMS,W22,220984.1683,443058.4944,,,,,0,,,0,4.4,100,17.8,0.18,0
yk-1536-4-make-product,1536,80,,1536,W,23,E343_Blank23,O=CO,0.2,N2_hydroxydehydroabietylamine,CC(C)C(C(O)=C1)=CC2=C1[C@]3(C)C(CC2)[C@](C)(CN)CCC3,0.1,MainProduct[1360],CC(C)C(C(O)=C1)=CC2=C1[C@]3(C)C(CC2)[C@](C)(CN)CCC3,"C1_PLATINUM-1,3-DIVINYL-1,1,3,3-TETRAMETHYLDISILOXANE COMPLEX, IN XYLENES",C=C[Si](C)(C)O[Si](C)(C)C=C.[Pt],0.15,L1_Davephos,CN(C)c1ccccc1-c1ccccc1P(C1CCCCC1)C1CCCCC1,0.005,None,None,None,None,None,None,None,None,None,O1_phenylsilane,C1=CC=C(C=C1)[Si]ÔøΩÔøΩ,0.6,None,None,None,None,None,None,none,100,none,0,UPLCMS,W23,0,71252.91931,,,,,82726.411,,,0,0.7,100,0,0,0
yk-1536-4-make-product,1536,80,,1536,W,24,E375_Blank55,O=CO,0.2,N2_hydroxydehydroabietylamine,CC(C)C(C(O)=C1)=CC2=C1[C@]3(C)C(CC2)[C@](C)(CN)CCC3,0.1,MainProduct[1360],CC(C)C(C(O)=C1)=CC2=C1[C@]3(C)C(CC2)[C@](C)(CN)CCC3,"C1_PLATINUM-1,3-DIVINYL-1,1,3,3-TETRAMETHYLDISILOXANE COMPLEX, IN XYLENES",C=C[Si](C)(C)O[Si](C)(C)C=C.[Pt],0.15,L1_Davephos,CN(C)c1ccccc1-c1ccccc1P(C1CCCCC1)C1CCCCC1,0.005,None,None,None,None,None,None,None,None,None,O1_phenylsilane,C1=CC=C(C=C1)[Si]ÔøΩÔøΩ,0.6,None,None,None,None,None,None,none,100,none,0,UPLCMS,W24,0,0,,,,,0,,,0,0,0,0,0,0
yk-1536-4-make-product,1536,80,,1536,W,25,"E37_3-METHOXY-4-METHYLBENZOIC ACID, 98%",CC1=C(C=C(C=C1)C(=O)O)OC,0.2,N3_Scaffold 7,CC(C)C1=CC2=CCC3[C@](C)(CN)CCC[C@]3(C)C2CC1,0.1,,COc1cc(CNC[C@]2(C)CCC[C@]3(C)C4CCC(C(C)C)=CC4=CCC23)ccc1C,"C1_PLATINUM-1,3-DIVINYL-1,1,3,3-TETRAMETHYLDISILOXANE COMPLEX, IN XYLENES",C=C[Si](C)(C)O[Si](C)(C)C=C.[Pt],0.15,L1_Davephos,CN(C)c1ccccc1-c1ccccc1P(C1CCCCC1)C1CCCCC1,0.005,None,None,None,None,None,None,None,None,None,O1_phenylsilane,C1=CC=C(C=C1)[Si]ÔøΩÔøΩ,0.6,None,None,None,None,None,None,none,100,none,0,UPLCMS,W25,2431501.433,1974034.589,234904.7823,456364.1827,0,0,0,0,0,4.6,19.7,81.1,-1.3,0,0
yk-1536-4-make-product,1536,80,,1536,W,26,E83_4-(METHOXYCARBONYL)CYCLOHEXANECARBOXYLIC ACID,COC(=O)C1CCC(CC1)C(=O)O,0.2,N3_Scaffold 7,CC(C)C1=CC2=CCC3[C@](C)(CN)CCC[C@]3(C)C2CC1,0.1,MainProduct[1362],COC(=O)C1CCC(CC1)CNC[C@@]2(C)C3[C@](C)(CCC2)C4C(=CC3)C=C(C(C)C)CC4,"C1_PLATINUM-1,3-DIVINYL-1,1,3,3-TETRAMETHYLDISILOXANE COMPLEX, IN XYLENES",C=C[Si](C)(C)O[Si](C)(C)C=C.[Pt],0.15,L1_Davephos,CN(C)c1ccccc1-c1ccccc1P(C1CCCCC1)C1CCCCC1,0.005,None,None,None,None,None,None,None,None,None,O1_phenylsilane,C1=CC=C(C=C1)[Si]ÔøΩÔøΩ,0.6,None,None,None,None,None,None,none,100,none,0,UPLCMS,W26,59095.79613,646144,62312.49212,239060.6067,0,0,0,714.92221,0,2.4,6.5,72.9,2.5,0,0
yk-1536-4-make-product,1536,80,,1536,W,27,E129_4-acetylbenzoic acid,CC(=O)C1=CC=C(C=C1)C(=O)O,0.2,N3_Scaffold 7,CC(C)C1=CC2=CCC3[C@](C)(CN)CCC[C@]3(C)C2CC1,0.1,,CC(=O)c1ccc(CNC[C@]2(C)CCC[C@]3(C)C4CCC(C(C)C)=CC4=CCC23)cc1,"C1_PLATINUM-1,3-DIVINYL-1,1,3,3-TETRAMETHYLDISILOXANE COMPLEX, IN XYLENES",C=C[Si](C)(C)O[Si](C)(C)C=C.[Pt],0.15,L1_Davephos,CN(C)c1ccccc1-c1ccccc1P(C1CCCCC1)C1CCCCC1,0.005,None,None,None,None,None,None,None,None,None,O1_phenylsilane,C1=CC=C(C=C1)[Si]ÔøΩÔøΩ,0.6,None,None,None,None,None,None,none,100,none,0,UPLCMS,W27,522486.381,1384634,529185.6056,1406883.454,0,0,0,29799.15415,0,14.1,13.8,49.5,2.9,0.1,0
yk-1536-4-make-product,1536,80,,1536,W,28,"E166_2,4-difluorobenzoic acid",C1=CC(=C(C=C1F)F)C(=O)O,0.2,N3_Scaffold 7,CC(C)C1=CC2=CCC3[C@](C)(CN)CCC[C@]3(C)C2CC1,0.1,,CC(C)C1=CC2=CCC3[C@](C)(CNCc4ccc(F)cc4F)CCC[C@]3(C)C2CC1,"C1_PLATINUM-1,3-DIVINYL-1,1,3,3-TETRAMETHYLDISILOXANE COMPLEX, IN XYLENES",C=C[Si](C)(C)O[Si](C)(C)C=C.[Pt],0.15,L1_Davephos,CN(C)c1ccccc1-c1ccccc1P(C1CCCCC1)C1CCCCC1,0.005,None,None,None,None,None,None,None,None,None,O1_phenylsilane,C1=CC=C(C=C1)[Si]ÔøΩÔøΩ,0.6,None,None,None,None,None,None,none,100,none,0,UPLCMS,W28,100031.93,109414.8419,1058004.764,1121830.168,0,0,0,0,0,11.2,1.1,8.9,7.1,0.8,0
yk-1536-4-make-product,1536,80,,1536,W,29,E211_4-methylsulfonylbenzoic acid,CS(=O)(=O)C1=CC=C(C=C1)C(=O)O,0.2,N3_Scaffold 7,CC(C)C1=CC2=CCC3[C@](C)(CN)CCC[C@]3(C)C2CC1,0.1,,CC(C)C1=CC2=CCC3[C@](C)(CNCc4ccc(S(C)(=O)=O)cc4)CCC[C@]3(C)C2CC1,"C1_PLATINUM-1,3-DIVINYL-1,1,3,3-TETRAMETHYLDISILOXANE COMPLEX, IN XYLENES",C=C[Si](C)(C)O[Si](C)(C)C=C.[Pt],0.15,L1_Davephos,CN(C)c1ccccc1-c1ccccc1P(C1CCCCC1)C1CCCCC1,0.005,None,None,None,None,None,None,None,None,None,O1_phenylsilane,C1=CC=C(C=C1)[Si]ÔøΩÔøΩ,0.6,None,None,None,None,None,None,none,100,none,0,UPLCMS,W29,1033834.803,1347898,1626198.001,2201751.883,0,0,241782.5797,22845.88128,0,22,13.5,38,31.1,0.8,0
yk-1536-4-make-product,1536,80,,1536,W,30,E261_2-(4-Sulfamoylphenyl)acetic acid,C1=CC(=CC=C1CC(=O)O)S(=O)(=O)N,0.2,N3_Scaffold 7,CC(C)C1=CC2=CCC3[C@](C)(CN)CCC[C@]3(C)C2CC1,0.1,,CC(C)C1=CC2=CCC3[C@](C)(CNCCc4ccc(S(N)(=O)=O)cc4)CCC[C@]3(C)C2CC1,"C1_PLATINUM-1,3-DIVINYL-1,1,3,3-TETRAMETHYLDISILOXANE COMPLEX, IN XYLENES",C=C[Si](C)(C)O[Si](C)(C)C=C.[Pt],0.15,L1_Davephos,CN(C)c1ccccc1-c1ccccc1P(C1CCCCC1)C1CCCCC1,0.005,None,None,None,None,None,None,None,None,None,O1_phenylsilane,C1=CC=C(C=C1)[Si]ÔøΩÔøΩ,0.6,None,None,None,None,None,None,none,100,none,0,UPLCMS,W30,1546283.393,1943828,1047442.285,1736920.64,0,0,0,17734.00424,0,17.4,19.4,52.8,72.6,1.4,0
yk-1536-4-make-product,1536,80,,1536,W,31,E310_Indomethacin,COc1ccc2c(c1)c(CC(=O)O)c(C)n2C(=O)c1ccc(Cl)cc1,0.05,N3_Scaffold 7,CC(C)C1=CC2=CCC3[C@](C)(CN)CCC[C@]3(C)C2CC1,0.1,,COc1ccc2c(c1)c(CCNC[C@]1(C)CCC[C@]3(C)C4CCC(C(C)C)=CC4=CCC13)c(C)n2C(=O)c1ccc(Cl)cc1,"C1_PLATINUM-1,3-DIVINYL-1,1,3,3-TETRAMETHYLDISILOXANE COMPLEX, IN XYLENES",C=C[Si](C)(C)O[Si](C)(C)C=C.[Pt],0.15,L1_Davephos,CN(C)c1ccccc1-c1ccccc1P(C1CCCCC1)C1CCCCC1,0.005,None,None,None,None,None,None,None,None,None,O1_phenylsilane,C1=CC=C(C=C1)[Si]ÔøΩÔøΩ,0.6,None,None,None,None,None,None,none,100,none,0,UPLCMS,W31,2990537.168,2689703.983,164542.3496,514759.2027,0,0,0,0,0,5.1,26.9,84.1,3.8,0,0
yk-1536-4-make-product,1536,80,,1536,W,32,"E61_3-ETHOXYACRYLIC ACID, 95+%",CCOC=CC(=O)O,0.2,N3_Scaffold 7,CC(C)C1=CC2=CCC3[C@](C)(CN)CCC[C@]3(C)C2CC1,0.1,,CCOC=CCNC[C@]1(C)CCC[C@]2(C)C3CCC(C(C)C)=CC3=CCC12,"C1_PLATINUM-1,3-DIVINYL-1,1,3,3-TETRAMETHYLDISILOXANE COMPLEX, IN XYLENES",C=C[Si](C)(C)O[Si](C)(C)C=C.[Pt],0.15,L1_Davephos,CN(C)c1ccccc1-c1ccccc1P(C1CCCCC1)C1CCCCC1,0.005,None,None,None,None,None,None,None,None,None,O1_phenylsilane,C1=CC=C(C=C1)[Si]ÔøΩÔøΩ,0.6,None,None,None,None,None,None,none,100,none,0,UPLCMS,W32,14907.17838,44200.21928,165834.8927,313140.7705,0,0,0,0,0,3.1,0.4,12.5,-5.2,-0.4,0
yk-1536-4-make-product,1536,80,,1536,W,33,E192_piperidine-4-carboxylic acid,C1CNCCC1C(=O)O,0.2,N3_Scaffold 7,CC(C)C1=CC2=CCC3[C@](C)(CN)CCC[C@]3(C)C2CC1,0.1,,CC(C)C1=CC2=CCC3[C@](C)(CNCC4CCNCC4)CCC[C@]3(C)C2CC1,"C1_PLATINUM-1,3-DIVINYL-1,1,3,3-TETRAMETHYLDISILOXANE COMPLEX, IN XYLENES",C=C[Si](C)(C)O[Si](C)(C)C=C.[Pt],0.15,L1_Davephos,CN(C)c1ccccc1-c1ccccc1P(C1CCCCC1)C1CCCCC1,0.005,None,None,None,None,None,None,None,None,None,O1_phenylsilane,C1=CC=C(C=C1)[Si]ÔøΩÔøΩ,0.6,None,None,None,None,None,None,none,100,none,0,UPLCMS,W33,0,0,983319.7239,1018411.317,0,0,0,1518.33286,0,10.2,0,0,0.4,0,0
yk-1536-4-make-product,1536,80,,1536,W,34,E280_Tetrahydropyran-4-carboxylic acid,O=C(O)C1CCOCC1,0.2,N3_Scaffold 7,CC(C)C1=CC2=CCC3[C@](C)(CN)CCC[C@]3(C)C2CC1,0.1,,CC(C)C1=CC2=CCC3[C@](C)(CNCC4CCOCC4)CCC[C@]3(C)C2CC1,"C1_PLATINUM-1,3-DIVINYL-1,1,3,3-TETRAMETHYLDISILOXANE COMPLEX, IN XYLENES",C=C[Si](C)(C)O[Si](C)(C)C=C.[Pt],0.15,L1_Davephos,CN(C)c1ccccc1-c1ccccc1P(C1CCCCC1)C1CCCCC1,0.005,None,None,None,None,None,None,None,None,None,O1_phenylsilane,C1=CC=C(C=C1)[Si]ÔøΩÔøΩ,0.6,None,None,None,None,None,None,none,100,none,0,UPLCMS,W34,693428.9401,573806,54633.43197,231949.8899,0,0,0,5682.98377,0,2.3,5.7,71.4,6.7,0.1,0
yk-1536-4-make-product,1536,80,,1536,W,35,E343_Blank23,O=CO,0.2,N3_Scaffold 7,CC(C)C1=CC2=CCC3[C@](C)(CN)CCC[C@]3(C)C2CC1,0.1,MainProduct[1372],CC(C)C1=CC2=CCC3[C@](C)(CN)CCC[C@]3(C)C2CC1,"C1_PLATINUM-1,3-DIVINYL-1,1,3,3-TETRAMETHYLDISILOXANE COMPLEX, IN XYLENES",C=C[Si](C)(C)O[Si](C)(C)C=C.[Pt],0.15,L1_Davephos,CN(C)c1ccccc1-c1ccccc1P(C1CCCCC1)C1CCCCC1,0.005,None,None,None,None,None,None,None,None,None,O1_phenylsilane,C1=CC=C(C=C1)[Si]ÔøΩÔøΩ,0.6,None,None,None,None,None,None,none,100,none,0,UPLCMS,W35,0,1283917.73,0,0,0,0,1277764.694,0,0,0,12.8,100,0,0,0
yk-1536-4-make-product,1536,80,,1536,W,36,E375_Blank55,O=CO,0.2,N3_Scaffold 7,CC(C)C1=CC2=CCC3[C@](C)(CN)CCC[C@]3(C)C2CC1,0.1,MainProduct[1373],CC(C)C1=CC2=CCC3[C@](C)(CN)CCC[C@]3(C)C2CC1,"C1_PLATINUM-1,3-DIVINYL-1,1,3,3-TETRAMETHYLDISILOXANE COMPLEX, IN XYLENES",C=C[Si](C)(C)O[Si](C)(C)C=C.[Pt],0.15,L1_Davephos,CN(C)c1ccccc1-c1ccccc1P(C1CCCCC1)C1CCCCC1,0.005,None,None,None,None,None,None,None,None,None,O1_phenylsilane,C1=CC=C(C=C1)[Si]ÔøΩÔøΩ,0.6,None,None,None,None,None,None,none,100,none,0,UPLCMS,W36,0,0,0,0,0,0,0,0,0,0,0,0,0,0,0
yk-1536-4-make-product,1536,80,,1536,W,37,"E37_3-METHOXY-4-METHYLBENZOIC ACID, 98%",CC1=C(C=C(C=C1)C(=O)O)OC,0.2,N4_Scaffold 6,CCNC[C@@]1(C)C2[C@](C)(CCC1)c3c(CC2)cc(C(C)C)c(c3)N,0.1,,CCNC[C@]1(C)CCC[C@]2(C)c3cc(NCc4ccc(C)c(OC)c4)c(C(C)C)cc3CCC12,"C1_PLATINUM-1,3-DIVINYL-1,1,3,3-TETRAMETHYLDISILOXANE COMPLEX, IN XYLENES",C=C[Si](C)(C)O[Si](C)(C)C=C.[Pt],0.15,L1_Davephos,CN(C)c1ccccc1-c1ccccc1P(C1CCCCC1)C1CCCCC1,0.005,None,None,None,None,None,None,None,None,None,O1_phenylsilane,C1=CC=C(C=C1)[Si]ÔøΩÔøΩ,0.6,None,None,None,None,None,None,none,100,none,0,UPLCMS,W37,269006.2302,284085.5882,0,0,2545810.939,2687724.758,0,0,0,26.9,2.8,9.6,-4.2,-0.4,0
yk-1536-4-make-product,1536,80,,1536,W,38,E83_4-(METHOXYCARBONYL)CYCLOHEXANECARBOXYLIC ACID,COC(=O)C1CCC(CC1)C(=O)O,0.2,N4_Scaffold 6,CCNC[C@@]1(C)C2[C@](C)(CCC1)c3c(CC2)cc(C(C)C)c(c3)N,0.1,,CCNC[C@]1(C)CCC[C@]2(C)c3cc(NCC4CCC(C(=O)OC)CC4)c(C(C)C)cc3CCC12,"C1_PLATINUM-1,3-DIVINYL-1,1,3,3-TETRAMETHYLDISILOXANE COMPLEX, IN XYLENES",C=C[Si](C)(C)O[Si](C)(C)C=C.[Pt],0.15,L1_Davephos,CN(C)c1ccccc1-c1ccccc1P(C1CCCCC1)C1CCCCC1,0.005,None,None,None,None,None,None,None,None,None,O1_phenylsilane,C1=CC=C(C=C1)[Si]ÔøΩÔøΩ,0.6,None,None,None,None,None,None,none,100,none,0,UPLCMS,W38,664683.2793,834745.567,0,0,795716.4863,737822.0712,0,0,0,7.4,8.3,53,-6.5,-0.1,0
yk-1536-4-make-product,1536,80,,1536,W,39,E129_4-acetylbenzoic acid,CC(=O)C1=CC=C(C=C1)C(=O)O,0.2,N4_Scaffold 6,CCNC[C@@]1(C)C2[C@](C)(CCC1)c3c(CC2)cc(C(C)C)c(c3)N,0.1,,CCNC[C@]1(C)CCC[C@]2(C)c3cc(NCc4ccc(C(C)=O)cc4)c(C(C)C)cc3CCC12,"C1_PLATINUM-1,3-DIVINYL-1,1,3,3-TETRAMETHYLDISILOXANE COMPLEX, IN XYLENES",C=C[Si](C)(C)O[Si](C)(C)C=C.[Pt],0.15,L1_Davephos,CN(C)c1ccccc1-c1ccccc1P(C1CCCCC1)C1CCCCC1,0.005,None,None,None,None,None,None,None,None,None,O1_phenylsilane,C1=CC=C(C=C1)[Si]ÔøΩÔøΩ,0.6,None,None,None,None,None,None,none,100,none,0,UPLCMS,W39,55863.34718,0,0,0,1453457.683,1255446.542,106424.2159,0,0,12.6,0,0,-4.6,0,0
yk-1536-4-make-product,1536,80,,1536,W,40,"E166_2,4-difluorobenzoic acid",C1=CC(=C(C=C1F)F)C(=O)O,0.2,N4_Scaffold 6,CCNC[C@@]1(C)C2[C@](C)(CCC1)c3c(CC2)cc(C(C)C)c(c3)N,0.1,,CCNC[C@]1(C)CCC[C@]2(C)c3cc(NCc4ccc(F)cc4F)c(C(C)C)cc3CCC12,"C1_PLATINUM-1,3-DIVINYL-1,1,3,3-TETRAMETHYLDISILOXANE COMPLEX, IN XYLENES",C=C[Si](C)(C)O[Si](C)(C)C=C.[Pt],0.15,L1_Davephos,CN(C)c1ccccc1-c1ccccc1P(C1CCCCC1)C1CCCCC1,0.005,None,None,None,None,None,None,None,None,None,O1_phenylsilane,C1=CC=C(C=C1)[Si]ÔøΩÔøΩ,0.6,None,None,None,None,None,None,none,100,none,0,UPLCMS,W40,0,0,0,0,600476.3979,544076.0835,0,0,0,5.4,0,0,-0.4,0,0
yk-1536-4-make-product,1536,80,,1536,W,41,E211_4-methylsulfonylbenzoic acid,CS(=O)(=O)C1=CC=C(C=C1)C(=O)O,0.2,N4_Scaffold 6,CCNC[C@@]1(C)C2[C@](C)(CCC1)c3c(CC2)cc(C(C)C)c(c3)N,0.1,,CCNC[C@]1(C)CCC[C@]2(C)c3cc(NCc4ccc(S(C)(=O)=O)cc4)c(C(C)C)cc3CCC12,"C1_PLATINUM-1,3-DIVINYL-1,1,3,3-TETRAMETHYLDISILOXANE COMPLEX, IN XYLENES",C=C[Si](C)(C)O[Si](C)(C)C=C.[Pt],0.15,L1_Davephos,CN(C)c1ccccc1-c1ccccc1P(C1CCCCC1)C1CCCCC1,0.005,None,None,None,None,None,None,None,None,None,O1_phenylsilane,C1=CC=C(C=C1)[Si]ÔøΩÔøΩ,0.6,None,None,None,None,None,None,none,100,none,0,UPLCMS,W41,116260.501,215399.8444,0,0,1858597.978,1721440.176,0,0,0,17.2,2.2,11.1,4.4,0.4,0
yk-1536-4-make-product,1536,80,,1536,W,42,E261_2-(4-Sulfamoylphenyl)acetic acid,C1=CC(=CC=C1CC(=O)O)S(=O)(=O)N,0.2,N4_Scaffold 6,CCNC[C@@]1(C)C2[C@](C)(CCC1)c3c(CC2)cc(C(C)C)c(c3)N,0.1,,CCNC[C@]1(C)CCC[C@]2(C)c3cc(NCCc4ccc(S(N)(=O)=O)cc4)c(C(C)C)cc3CCC12,"C1_PLATINUM-1,3-DIVINYL-1,1,3,3-TETRAMETHYLDISILOXANE COMPLEX, IN XYLENES",C=C[Si](C)(C)O[Si](C)(C)C=C.[Pt],0.15,L1_Davephos,CN(C)c1ccccc1-c1ccccc1P(C1CCCCC1)C1CCCCC1,0.005,None,None,None,None,None,None,None,None,None,O1_phenylsilane,C1=CC=C(C=C1)[Si]ÔøΩÔøΩ,0.6,None,None,None,None,None,None,none,100,none,0,UPLCMS,W42,201455.0199,413156,0,0,2187250.221,2244410.078,186831.5984,0,0,22.4,4.1,15.6,10.2,0.7,0
yk-1536-4-make-product,1536,80,,1536,W,43,E310_Indomethacin,COc1ccc2c(c1)c(CC(=O)O)c(C)n2C(=O)c1ccc(Cl)cc1,0.05,N4_Scaffold 6,CCNC[C@@]1(C)C2[C@](C)(CCC1)c3c(CC2)cc(C(C)C)c(c3)N,0.1,,CCNC[C@]1(C)CCC[C@]2(C)c3cc(NCCc4c(C)n(C(=O)c5ccc(Cl)cc5)c5ccc(OC)cc45)c(C(C)C)cc3CCC12,"C1_PLATINUM-1,3-DIVINYL-1,1,3,3-TETRAMETHYLDISILOXANE COMPLEX, IN XYLENES",C=C[Si](C)(C)O[Si](C)(C)C=C.[Pt],0.15,L1_Davephos,CN(C)c1ccccc1-c1ccccc1P(C1CCCCC1)C1CCCCC1,0.005,None,None,None,None,None,None,None,None,None,O1_phenylsilane,C1=CC=C(C=C1)[Si]ÔøΩÔøΩ,0.6,None,None,None,None,None,None,none,100,none,0,UPLCMS,W43,275134.7262,638117.8525,0,0,1233750.514,1006230.514,195000.9006,0,0,10.1,6.4,38.7,21.6,0.6,0
yk-1536-4-make-product,1536,80,,1536,W,44,"E61_3-ETHOXYACRYLIC ACID, 95+%",CCOC=CC(=O)O,0.2,N4_Scaffold 6,CCNC[C@@]1(C)C2[C@](C)(CCC1)c3c(CC2)cc(C(C)C)c(c3)N,0.1,,CCNC[C@]1(C)CCC[C@]2(C)c3cc(NCC=COCC)c(C(C)C)cc3CCC12,"C1_PLATINUM-1,3-DIVINYL-1,1,3,3-TETRAMETHYLDISILOXANE COMPLEX, IN XYLENES",C=C[Si](C)(C)O[Si](C)(C)C=C.[Pt],0.15,L1_Davephos,CN(C)c1ccccc1-c1ccccc1P(C1CCCCC1)C1CCCCC1,0.005,None,None,None,None,None,None,None,None,None,O1_phenylsilane,C1=CC=C(C=C1)[Si]ÔøΩÔøΩ,0.6,None,None,None,None,None,None,none,100,none,0,UPLCMS,W44,33105.07611,0,0,0,464570.0598,416270.341,0,0,0,4.2,0,0,19.5,0,0
yk-1536-4-make-product,1536,80,,1536,W,45,E192_piperidine-4-carboxylic acid,C1CNCCC1C(=O)O,0.2,N4_Scaffold 6,CCNC[C@@]1(C)C2[C@](C)(CCC1)c3c(CC2)cc(C(C)C)c(c3)N,0.1,,CCNC[C@]1(C)CCC[C@]2(C)c3cc(NCC4CCNCC4)c(C(C)C)cc3CCC12,"C1_PLATINUM-1,3-DIVINYL-1,1,3,3-TETRAMETHYLDISILOXANE COMPLEX, IN XYLENES",C=C[Si](C)(C)O[Si](C)(C)C=C.[Pt],0.15,L1_Davephos,CN(C)c1ccccc1-c1ccccc1P(C1CCCCC1)C1CCCCC1,0.005,None,None,None,None,None,None,None,None,None,O1_phenylsilane,C1=CC=C(C=C1)[Si]ÔøΩÔøΩ,0.6,None,None,None,None,None,None,none,100,none,0,UPLCMS,W45,3594.70832,0,0,0,581452.3115,572571.3584,0,0,0,5.7,0,0,21.1,0,0
yk-1536-4-make-product,1536,80,,1536,W,46,E280_Tetrahydropyran-4-carboxylic acid,O=C(O)C1CCOCC1,0.2,N4_Scaffold 6,CCNC[C@@]1(C)C2[C@](C)(CCC1)c3c(CC2)cc(C(C)C)c(c3)N,0.1,,CCNC[C@]1(C)CCC[C@]2(C)c3cc(NCC4CCOCC4)c(C(C)C)cc3CCC12,"C1_PLATINUM-1,3-DIVINYL-1,1,3,3-TETRAMETHYLDISILOXANE COMPLEX, IN XYLENES",C=C[Si](C)(C)O[Si](C)(C)C=C.[Pt],0.15,L1_Davephos,CN(C)c1ccccc1-c1ccccc1P(C1CCCCC1)C1CCCCC1,0.005,None,None,None,None,None,None,None,None,None,O1_phenylsilane,C1=CC=C(C=C1)[Si]ÔøΩÔøΩ,0.6,None,None,None,None,None,None,none,100,none,0,UPLCMS,W46,230062.1351,593415.5224,0,0,1447395.256,1459359.045,37282.53534,0,0,14.6,5.9,28.9,18.4,0.6,0
yk-1536-4-make-product,1536,80,,1536,W,47,E343_Blank23,O=CO,0.2,N4_Scaffold 6,CCNC[C@@]1(C)C2[C@](C)(CCC1)c3c(CC2)cc(C(C)C)c(c3)N,0.1,MainProduct[1385],CCNC[C@@]1(C)C2[C@](C)(CCC1)c3c(CC2)cc(C(C)C)c(c3)N,"C1_PLATINUM-1,3-DIVINYL-1,1,3,3-TETRAMETHYLDISILOXANE COMPLEX, IN XYLENES",C=C[Si](C)(C)O[Si](C)(C)C=C.[Pt],0.15,L1_Davephos,CN(C)c1ccccc1-c1ccccc1P(C1CCCCC1)C1CCCCC1,0.005,None,None,None,None,None,None,None,None,None,O1_phenylsilane,C1=CC=C(C=C1)[Si]ÔøΩÔøΩ,0.6,None,None,None,None,None,None,none,100,none,0,UPLCMS,W47,0,616139.7481,0,0,0,0,611091.9831,0,0,0,6.2,100,0,0,0
yk-1536-4-make-product,1536,80,,1536,W,48,E375_Blank55,O=CO,0.2,N4_Scaffold 6,CCNC[C@@]1(C)C2[C@](C)(CCC1)c3c(CC2)cc(C(C)C)c(c3)N,0.1,MainProduct[1386],CCNC[C@@]1(C)C2[C@](C)(CCC1)c3c(CC2)cc(C(C)C)c(c3)N,"C1_PLATINUM-1,3-DIVINYL-1,1,3,3-TETRAMETHYLDISILOXANE COMPLEX, IN XYLENES",C=C[Si](C)(C)O[Si](C)(C)C=C.[Pt],0.15,L1_Davephos,CN(C)c1ccccc1-c1ccccc1P(C1CCCCC1)C1CCCCC1,0.005,None,None,None,None,None,None,None,None,None,O1_phenylsilane,C1=CC=C(C=C1)[Si]ÔøΩÔøΩ,0.6,None,None,None,None,None,None,none,100,none,0,UPLCMS,W48,0,0,0,0,0,0,0,0,0,0,0,0,0,0,0
yk-1536-4-make-product,1536,80,,1536,X,1,"E38_3-(METHOXYCARBONYL)CYCLOHEXANECARBOXYLIC ACID, 95+%",COC(=O)C1CCCC(C1)C(=O)O,0.2,N1_(+)-Dehydroabietylamine,CC(C)c1ccc2c(c1)CC[C@H]1[C@](C)(CN)CCC[C@]21C,0.1,MainProduct[1392],COC(=O)C1CC(CCC1)CNC[C@@]2(C)[C@H]3[C@](C)(CCC2)c4c(CC3)cc(C(C)C)cc4,"C1_PLATINUM-1,3-DIVINYL-1,1,3,3-TETRAMETHYLDISILOXANE COMPLEX, IN XYLENES",C=C[Si](C)(C)O[Si](C)(C)C=C.[Pt],0.15,L1_Davephos,CN(C)c1ccccc1-c1ccccc1P(C1CCCCC1)C1CCCCC1,0.005,None,None,None,None,None,None,None,None,None,O1_phenylsilane,C1=CC=C(C=C1)[Si]ÔøΩÔøΩ,0.6,None,None,None,None,None,None,none,100,none,0,UPLCMS,X1,220441.9035,1629827,,,,,272101.8899,,,23.6,16.3,40.8,26.2,0.64,0
yk-1536-4-make-product,1536,80,,1536,X,2,"E84_6-METHYLPYRIDINE-2-CARBOXYLIC ACID, 98.0+%",CC1=NC(=CC=C1)C(=O)O,0.2,N1_(+)-Dehydroabietylamine,CC(C)c1ccc2c(c1)CC[C@H]1[C@](C)(CN)CCC[C@]21C,0.1,,Cc1cccc(CNC[C@]2(C)CCC[C@]3(C)c4ccc(C(C)C)cc4CC[C@@H]23)n1,"C1_PLATINUM-1,3-DIVINYL-1,1,3,3-TETRAMETHYLDISILOXANE COMPLEX, IN XYLENES",C=C[Si](C)(C)O[Si](C)(C)C=C.[Pt],0.15,L1_Davephos,CN(C)c1ccccc1-c1ccccc1P(C1CCCCC1)C1CCCCC1,0.005,None,None,None,None,None,None,None,None,None,O1_phenylsilane,C1=CC=C(C=C1)[Si]ÔøΩÔøΩ,0.6,None,None,None,None,None,None,none,100,none,0,UPLCMS,X2,1472557.692,3872306.922,,,,,974857.5131,,,36.2,38.7,51.7,83.4,1.61,-43.59
yk-1536-4-make-product,1536,80,,1536,X,3,E131_adamantane-1-carboxylic acid,C1C2CC3CC1CC(C2)(C3)C(=O)O,0.2,N1_(+)-Dehydroabietylamine,CC(C)c1ccc2c(c1)CC[C@H]1[C@](C)(CN)CCC[C@]21C,0.1,,CC(C)c1ccc2c(c1)CC[C@H]1[C@](C)(CNCC34CC5CC(CC(C5)C3)C4)CCC[C@]21C,"C1_PLATINUM-1,3-DIVINYL-1,1,3,3-TETRAMETHYLDISILOXANE COMPLEX, IN XYLENES",C=C[Si](C)(C)O[Si](C)(C)C=C.[Pt],0.15,L1_Davephos,CN(C)c1ccccc1-c1ccccc1P(C1CCCCC1)C1CCCCC1,0.005,None,None,None,None,None,None,None,None,None,O1_phenylsilane,C1=CC=C(C=C1)[Si]ÔøΩÔøΩ,0.6,None,None,None,None,None,None,none,100,none,0,UPLCMS,X3,93862.85939,80602.00402,,,,,0,,,16.2,0.8,4.8,14.2,2.96,0
yk-1536-4-make-product,1536,80,,1536,X,4,"E167_1,5-dimethylpyrazole-3-carboxylic acid",CC1=CC(=NN1C)C(=O)O,0.2,N1_(+)-Dehydroabietylamine,CC(C)c1ccc2c(c1)CC[C@H]1[C@](C)(CN)CCC[C@]21C,0.1,,Cc1cc(CNC[C@]2(C)CCC[C@]3(C)c4ccc(C(C)C)cc4CC[C@@H]23)nn1C,"C1_PLATINUM-1,3-DIVINYL-1,1,3,3-TETRAMETHYLDISILOXANE COMPLEX, IN XYLENES",C=C[Si](C)(C)O[Si](C)(C)C=C.[Pt],0.15,L1_Davephos,CN(C)c1ccccc1-c1ccccc1P(C1CCCCC1)C1CCCCC1,0.005,None,None,None,None,None,None,None,None,None,O1_phenylsilane,C1=CC=C(C=C1)[Si]ÔøΩÔøΩ,0.6,None,None,None,None,None,None,none,100,none,0,UPLCMS,X4,1875280.862,2452106.362,,,,,0,,,28.7,24.5,46.1,45.6,0.99,0
yk-1536-4-make-product,1536,80,,1536,X,5,E212_2-(4-methoxyphenyl)acetic acid,COC1=CC=C(C=C1)CC(=O)O,0.2,N1_(+)-Dehydroabietylamine,CC(C)c1ccc2c(c1)CC[C@H]1[C@](C)(CN)CCC[C@]21C,0.1,,COc1ccc(CCNC[C@]2(C)CCC[C@]3(C)c4ccc(C(C)C)cc4CC[C@@H]23)cc1,"C1_PLATINUM-1,3-DIVINYL-1,1,3,3-TETRAMETHYLDISILOXANE COMPLEX, IN XYLENES",C=C[Si](C)(C)O[Si](C)(C)C=C.[Pt],0.15,L1_Davephos,CN(C)c1ccccc1-c1ccccc1P(C1CCCCC1)C1CCCCC1,0.005,None,None,None,None,None,None,None,None,None,O1_phenylsilane,C1=CC=C(C=C1)[Si]ÔøΩÔøΩ,0.6,None,None,None,None,None,None,none,100,none,0,UPLCMS,X5,2254361.442,2651607.7,,,,,274527.8807,,,16.6,26.5,61.6,-10.9,-0.18,0
yk-1536-4-make-product,1536,80,,1536,X,6,"E262_4-SULFAMOYLBENZOIC ACID, 97%",C1=CC(=CC=C1C(=O)O)S(=O)(=O)N,0.2,N1_(+)-Dehydroabietylamine,CC(C)c1ccc2c(c1)CC[C@H]1[C@](C)(CN)CCC[C@]21C,0.1,,CC(C)c1ccc2c(c1)CC[C@H]1[C@](C)(CNCc3ccc(S(N)(=O)=O)cc3)CCC[C@]21C,"C1_PLATINUM-1,3-DIVINYL-1,1,3,3-TETRAMETHYLDISILOXANE COMPLEX, IN XYLENES",C=C[Si](C)(C)O[Si](C)(C)C=C.[Pt],0.15,L1_Davephos,CN(C)c1ccccc1-c1ccccc1P(C1CCCCC1)C1CCCCC1,0.005,None,None,None,None,None,None,None,None,None,O1_phenylsilane,C1=CC=C(C=C1)[Si]ÔøΩÔøΩ,0.6,None,None,None,None,None,None,none,100,none,0,UPLCMS,X6,221287.8904,5652379.202,,,,,0,,,56.5,56.5,50,107.7,2.15,-36.58
yk-1536-4-make-product,1536,80,,1536,X,7,E311_ciprofibrate,CC(C)(Oc1ccc(C2CC2(Cl)Cl)cc1)C(=O)O,0.05,N1_(+)-Dehydroabietylamine,CC(C)c1ccc2c(c1)CC[C@H]1[C@](C)(CN)CCC[C@]21C,0.1,,CC(C)c1ccc2c(c1)CC[C@H]1[C@](C)(CNCC(C)(C)Oc3ccc(C4CC4(Cl)Cl)cc3)CCC[C@]21C,"C1_PLATINUM-1,3-DIVINYL-1,1,3,3-TETRAMETHYLDISILOXANE COMPLEX, IN XYLENES",C=C[Si](C)(C)O[Si](C)(C)C=C.[Pt],0.15,L1_Davephos,CN(C)c1ccccc1-c1ccccc1P(C1CCCCC1)C1CCCCC1,0.005,None,None,None,None,None,None,None,None,None,O1_phenylsilane,C1=CC=C(C=C1)[Si]ÔøΩÔøΩ,0.6,None,None,None,None,None,None,none,100,none,0,UPLCMS,X7,3506226.778,3719819.702,,,,,0,,,32.4,37.2,53.5,47.5,0.89,0
yk-1536-4-make-product,1536,80,,1536,X,8,"E62_5-FORMYL-2,4-DIMETHYLPYRROLE-3-CARBOXYLIC ACID, 96%",CC1=C(NC(=C1C(=O)O)C)C=O,0.2,N1_(+)-Dehydroabietylamine,CC(C)c1ccc2c(c1)CC[C@H]1[C@](C)(CN)CCC[C@]21C,0.1,,Cc1[nH]c(C=O)c(C)c1CNC[C@]1(C)CCC[C@]2(C)c3ccc(C(C)C)cc3CC[C@@H]12,"C1_PLATINUM-1,3-DIVINYL-1,1,3,3-TETRAMETHYLDISILOXANE COMPLEX, IN XYLENES",C=C[Si](C)(C)O[Si](C)(C)C=C.[Pt],0.15,L1_Davephos,CN(C)c1ccccc1-c1ccccc1P(C1CCCCC1)C1CCCCC1,0.005,None,None,None,None,None,None,None,None,None,O1_phenylsilane,C1=CC=C(C=C1)[Si]ÔøΩÔøΩ,0.6,None,None,None,None,None,None,none,100,none,0,UPLCMS,X8,12228.51909,0,,,,,0,,,41.5,0,0,-18.3,0,0
yk-1536-4-make-product,1536,80,,1536,X,9,E195_pyridine-4-carboxylic acid,C1=CN=CC=C1C(=O)O,0.2,N1_(+)-Dehydroabietylamine,CC(C)c1ccc2c(c1)CC[C@H]1[C@](C)(CN)CCC[C@]21C,0.1,,CC(C)c1ccc2c(c1)CC[C@H]1[C@](C)(CNCc3ccncc3)CCC[C@]21C,"C1_PLATINUM-1,3-DIVINYL-1,1,3,3-TETRAMETHYLDISILOXANE COMPLEX, IN XYLENES",C=C[Si](C)(C)O[Si](C)(C)C=C.[Pt],0.15,L1_Davephos,CN(C)c1ccccc1-c1ccccc1P(C1CCCCC1)C1CCCCC1,0.005,None,None,None,None,None,None,None,None,None,O1_phenylsilane,C1=CC=C(C=C1)[Si]ÔøΩÔøΩ,0.6,None,None,None,None,None,None,none,100,none,0,UPLCMS,X9,9185.01902,2735020.657,,,,,2656745.778,,,27.4,27.4,50,14.2,0.28,0
yk-1536-4-make-product,1536,80,,1536,X,10,"E281_P-TOLUIC ACID, 98%",CC1=CC=C(C=C1)C(=O)O,0.2,N1_(+)-Dehydroabietylamine,CC(C)c1ccc2c(c1)CC[C@H]1[C@](C)(CN)CCC[C@]21C,0.1,,Cc1ccc(CNC[C@]2(C)CCC[C@]3(C)c4ccc(C(C)C)cc4CC[C@@H]23)cc1,"C1_PLATINUM-1,3-DIVINYL-1,1,3,3-TETRAMETHYLDISILOXANE COMPLEX, IN XYLENES",C=C[Si](C)(C)O[Si](C)(C)C=C.[Pt],0.15,L1_Davephos,CN(C)c1ccccc1-c1ccccc1P(C1CCCCC1)C1CCCCC1,0.005,None,None,None,None,None,None,None,None,None,O1_phenylsilane,C1=CC=C(C=C1)[Si]ÔøΩÔøΩ,0.6,None,None,None,None,None,None,none,100,none,0,UPLCMS,X10,205413.3372,246751.1345,,,,,0,,,22.8,2.5,9.8,-7.7,-0.79,0
yk-1536-4-make-product,1536,80,,1536,X,11,E344_Blank24,O=CO,0.2,N1_(+)-Dehydroabietylamine,CC(C)c1ccc2c(c1)CC[C@H]1[C@](C)(CN)CCC[C@]21C,0.1,MainProduct[1394],CC(C)c1ccc2c(c1)CC[C@H]1[C@](C)(CN)CCC[C@]21C,"C1_PLATINUM-1,3-DIVINYL-1,1,3,3-TETRAMETHYLDISILOXANE COMPLEX, IN XYLENES",C=C[Si](C)(C)O[Si](C)(C)C=C.[Pt],0.15,L1_Davephos,CN(C)c1ccccc1-c1ccccc1P(C1CCCCC1)C1CCCCC1,0.005,None,None,None,None,None,None,None,None,None,O1_phenylsilane,C1=CC=C(C=C1)[Si]ÔøΩÔøΩ,0.6,None,None,None,None,None,None,none,100,none,0,UPLCMS,X11,0,2676611.195,,,,,2998992.141,,,0,26.8,100,0,0,0
yk-1536-4-make-product,1536,80,,1536,X,12,E376_Blank56,O=CO,0.2,N1_(+)-Dehydroabietylamine,CC(C)c1ccc2c(c1)CC[C@H]1[C@](C)(CN)CCC[C@]21C,0.1,MainProduct[1395],CC(C)c1ccc2c(c1)CC[C@H]1[C@](C)(CN)CCC[C@]21C,"C1_PLATINUM-1,3-DIVINYL-1,1,3,3-TETRAMETHYLDISILOXANE COMPLEX, IN XYLENES",C=C[Si](C)(C)O[Si](C)(C)C=C.[Pt],0.15,L1_Davephos,CN(C)c1ccccc1-c1ccccc1P(C1CCCCC1)C1CCCCC1,0.005,None,None,None,None,None,None,None,None,None,O1_phenylsilane,C1=CC=C(C=C1)[Si]ÔøΩÔøΩ,0.6,None,None,None,None,None,None,none,100,none,0,UPLCMS,X12,0,0,,,,,0,,,0,0,0,0,0,0
yk-1536-4-make-product,1536,80,,1536,X,13,"E38_3-(METHOXYCARBONYL)CYCLOHEXANECARBOXYLIC ACID, 95+%",COC(=O)C1CCCC(C1)C(=O)O,0.2,N2_hydroxydehydroabietylamine,CC(C)C(C(O)=C1)=CC2=C1[C@]3(C)C(CC2)[C@](C)(CN)CCC3,0.1,,COC(=O)C1CCCC(CNC[C@]2(C)CCC[C@]3(C)c4cc(O)c(C(C)C)cc4CCC23)C1,"C1_PLATINUM-1,3-DIVINYL-1,1,3,3-TETRAMETHYLDISILOXANE COMPLEX, IN XYLENES",C=C[Si](C)(C)O[Si](C)(C)C=C.[Pt],0.15,L1_Davephos,CN(C)c1ccccc1-c1ccccc1P(C1CCCCC1)C1CCCCC1,0.005,None,None,None,None,None,None,None,None,None,O1_phenylsilane,C1=CC=C(C=C1)[Si]ÔøΩÔøΩ,0.6,None,None,None,None,None,None,none,100,none,0,UPLCMS,X13,98515.0724,100456.2532,,,,,0,,,0,1,100,5.8,0.06,0
yk-1536-4-make-product,1536,80,,1536,X,14,"E84_6-METHYLPYRIDINE-2-CARBOXYLIC ACID, 98.0+%",CC1=NC(=CC=C1)C(=O)O,0.2,N2_hydroxydehydroabietylamine,CC(C)C(C(O)=C1)=CC2=C1[C@]3(C)C(CC2)[C@](C)(CN)CCC3,0.1,,Cc1cccc(CNC[C@]2(C)CCC[C@]3(C)c4cc(O)c(C(C)C)cc4CCC23)n1,"C1_PLATINUM-1,3-DIVINYL-1,1,3,3-TETRAMETHYLDISILOXANE COMPLEX, IN XYLENES",C=C[Si](C)(C)O[Si](C)(C)C=C.[Pt],0.15,L1_Davephos,CN(C)c1ccccc1-c1ccccc1P(C1CCCCC1)C1CCCCC1,0.005,None,None,None,None,None,None,None,None,None,O1_phenylsilane,C1=CC=C(C=C1)[Si]ÔøΩÔøΩ,0.6,None,None,None,None,None,None,none,100,none,0,UPLCMS,X14,287593.8452,305729.0525,,,,,0,,,0,3.1,100,-9.2,-0.09,0
yk-1536-4-make-product,1536,80,,1536,X,15,E131_adamantane-1-carboxylic acid,C1C2CC3CC1CC(C2)(C3)C(=O)O,0.2,N2_hydroxydehydroabietylamine,CC(C)C(C(O)=C1)=CC2=C1[C@]3(C)C(CC2)[C@](C)(CN)CCC3,0.1,,CC(C)c1cc2c(cc1O)[C@@]1(C)CCC[C@@](C)(CNCC34CC5CC(CC(C5)C3)C4)C1CC2,"C1_PLATINUM-1,3-DIVINYL-1,1,3,3-TETRAMETHYLDISILOXANE COMPLEX, IN XYLENES",C=C[Si](C)(C)O[Si](C)(C)C=C.[Pt],0.15,L1_Davephos,CN(C)c1ccccc1-c1ccccc1P(C1CCCCC1)C1CCCCC1,0.005,None,None,None,None,None,None,None,None,None,O1_phenylsilane,C1=CC=C(C=C1)[Si]ÔøΩÔøΩ,0.6,None,None,None,None,None,None,none,100,none,0,UPLCMS,X15,4142.5147,79226.12629,,,,,0,,,1.4,0.8,35.8,8.1,0.23,0
yk-1536-4-make-product,1536,80,,1536,X,16,"E167_1,5-dimethylpyrazole-3-carboxylic acid",CC1=CC(=NN1C)C(=O)O,0.2,N2_hydroxydehydroabietylamine,CC(C)C(C(O)=C1)=CC2=C1[C@]3(C)C(CC2)[C@](C)(CN)CCC3,0.1,,Cc1cc(CNC[C@]2(C)CCC[C@]3(C)c4cc(O)c(C(C)C)cc4CCC23)nn1C,"C1_PLATINUM-1,3-DIVINYL-1,1,3,3-TETRAMETHYLDISILOXANE COMPLEX, IN XYLENES",C=C[Si](C)(C)O[Si](C)(C)C=C.[Pt],0.15,L1_Davephos,CN(C)c1ccccc1-c1ccccc1P(C1CCCCC1)C1CCCCC1,0.005,None,None,None,None,None,None,None,None,None,O1_phenylsilane,C1=CC=C(C=C1)[Si]ÔøΩÔøΩ,0.6,None,None,None,None,None,None,none,100,none,0,UPLCMS,X16,192242.6542,3088489.356,,,,,0,,,0,30.9,100,4.2,0.04,0
yk-1536-4-make-product,1536,80,,1536,X,17,E212_2-(4-methoxyphenyl)acetic acid,COC1=CC=C(C=C1)CC(=O)O,0.2,N2_hydroxydehydroabietylamine,CC(C)C(C(O)=C1)=CC2=C1[C@]3(C)C(CC2)[C@](C)(CN)CCC3,0.1,,COc1ccc(CCNC[C@]2(C)CCC[C@]3(C)c4cc(O)c(C(C)C)cc4CCC23)cc1,"C1_PLATINUM-1,3-DIVINYL-1,1,3,3-TETRAMETHYLDISILOXANE COMPLEX, IN XYLENES",C=C[Si](C)(C)O[Si](C)(C)C=C.[Pt],0.15,L1_Davephos,CN(C)c1ccccc1-c1ccccc1P(C1CCCCC1)C1CCCCC1,0.005,None,None,None,None,None,None,None,None,None,O1_phenylsilane,C1=CC=C(C=C1)[Si]ÔøΩÔøΩ,0.6,None,None,None,None,None,None,none,100,none,0,UPLCMS,X17,232604.2745,541972.6741,,,,,0,,,0,5.4,100,35.4,0.35,0
yk-1536-4-make-product,1536,80,,1536,X,18,"E262_4-SULFAMOYLBENZOIC ACID, 97%",C1=CC(=CC=C1C(=O)O)S(=O)(=O)N,0.2,N2_hydroxydehydroabietylamine,CC(C)C(C(O)=C1)=CC2=C1[C@]3(C)C(CC2)[C@](C)(CN)CCC3,0.1,,CC(C)c1cc2c(cc1O)[C@@]1(C)CCC[C@@](C)(CNCc3ccc(S(N)(=O)=O)cc3)C1CC2,"C1_PLATINUM-1,3-DIVINYL-1,1,3,3-TETRAMETHYLDISILOXANE COMPLEX, IN XYLENES",C=C[Si](C)(C)O[Si](C)(C)C=C.[Pt],0.15,L1_Davephos,CN(C)c1ccccc1-c1ccccc1P(C1CCCCC1)C1CCCCC1,0.005,None,None,None,None,None,None,None,None,None,O1_phenylsilane,C1=CC=C(C=C1)[Si]ÔøΩÔøΩ,0.6,None,None,None,None,None,None,none,100,none,0,UPLCMS,X18,364239.8737,520959.9633,,,,,0,,,6.2,5.2,45.6,0.9,0.02,0
yk-1536-4-make-product,1536,80,,1536,X,19,E311_ciprofibrate,CC(C)(Oc1ccc(C2CC2(Cl)Cl)cc1)C(=O)O,0.05,N2_hydroxydehydroabietylamine,CC(C)C(C(O)=C1)=CC2=C1[C@]3(C)C(CC2)[C@](C)(CN)CCC3,0.1,,CC(C)c1cc2c(cc1O)[C@@]1(C)CCC[C@@](C)(CNCC(C)(C)Oc3ccc(C4CC4(Cl)Cl)cc3)C1CC2,"C1_PLATINUM-1,3-DIVINYL-1,1,3,3-TETRAMETHYLDISILOXANE COMPLEX, IN XYLENES",C=C[Si](C)(C)O[Si](C)(C)C=C.[Pt],0.15,L1_Davephos,CN(C)c1ccccc1-c1ccccc1P(C1CCCCC1)C1CCCCC1,0.005,None,None,None,None,None,None,None,None,None,O1_phenylsilane,C1=CC=C(C=C1)[Si]ÔøΩÔøΩ,0.6,None,None,None,None,None,None,none,100,none,0,UPLCMS,X19,1437121.753,2448636.138,,,,,0,,,1.1,24.5,95.8,5.2,0.05,0
yk-1536-4-make-product,1536,80,,1536,X,20,"E62_5-FORMYL-2,4-DIMETHYLPYRROLE-3-CARBOXYLIC ACID, 96%",CC1=C(NC(=C1C(=O)O)C)C=O,0.2,N2_hydroxydehydroabietylamine,CC(C)C(C(O)=C1)=CC2=C1[C@]3(C)C(CC2)[C@](C)(CN)CCC3,0.1,,Cc1[nH]c(C=O)c(C)c1CNC[C@]1(C)CCC[C@]2(C)c3cc(O)c(C(C)C)cc3CCC12,"C1_PLATINUM-1,3-DIVINYL-1,1,3,3-TETRAMETHYLDISILOXANE COMPLEX, IN XYLENES",C=C[Si](C)(C)O[Si](C)(C)C=C.[Pt],0.15,L1_Davephos,CN(C)c1ccccc1-c1ccccc1P(C1CCCCC1)C1CCCCC1,0.005,None,None,None,None,None,None,None,None,None,O1_phenylsilane,C1=CC=C(C=C1)[Si]ÔøΩÔøΩ,0.6,None,None,None,None,None,None,none,100,none,0,UPLCMS,X20,6616.90363,0,,,,,0,,,2.2,0,0,2.3,0,0
yk-1536-4-make-product,1536,80,,1536,X,21,E195_pyridine-4-carboxylic acid,C1=CN=CC=C1C(=O)O,0.2,N2_hydroxydehydroabietylamine,CC(C)C(C(O)=C1)=CC2=C1[C@]3(C)C(CC2)[C@](C)(CN)CCC3,0.1,,CC(C)c1cc2c(cc1O)[C@@]1(C)CCC[C@@](C)(CNCc3ccncc3)C1CC2,"C1_PLATINUM-1,3-DIVINYL-1,1,3,3-TETRAMETHYLDISILOXANE COMPLEX, IN XYLENES",C=C[Si](C)(C)O[Si](C)(C)C=C.[Pt],0.15,L1_Davephos,CN(C)c1ccccc1-c1ccccc1P(C1CCCCC1)C1CCCCC1,0.005,None,None,None,None,None,None,None,None,None,O1_phenylsilane,C1=CC=C(C=C1)[Si]ÔøΩÔøΩ,0.6,None,None,None,None,None,None,none,100,none,0,UPLCMS,X21,0,0,,,,,0,,,1,0,0,14.9,0,0
yk-1536-4-make-product,1536,80,,1536,X,22,"E281_P-TOLUIC ACID, 98%",CC1=CC=C(C=C1)C(=O)O,0.2,N2_hydroxydehydroabietylamine,CC(C)C(C(O)=C1)=CC2=C1[C@]3(C)C(CC2)[C@](C)(CN)CCC3,0.1,,Cc1ccc(CNC[C@]2(C)CCC[C@]3(C)c4cc(O)c(C(C)C)cc4CCC23)cc1,"C1_PLATINUM-1,3-DIVINYL-1,1,3,3-TETRAMETHYLDISILOXANE COMPLEX, IN XYLENES",C=C[Si](C)(C)O[Si](C)(C)C=C.[Pt],0.15,L1_Davephos,CN(C)c1ccccc1-c1ccccc1P(C1CCCCC1)C1CCCCC1,0.005,None,None,None,None,None,None,None,None,None,O1_phenylsilane,C1=CC=C(C=C1)[Si]ÔøΩÔøΩ,0.6,None,None,None,None,None,None,none,100,none,0,UPLCMS,X22,34771.66982,28876.37977,,,,,0,,,0.9,0.3,24.6,19.8,0.8,0
yk-1536-4-make-product,1536,80,,1536,X,23,E344_Blank24,O=CO,0.2,N2_hydroxydehydroabietylamine,CC(C)C(C(O)=C1)=CC2=C1[C@]3(C)C(CC2)[C@](C)(CN)CCC3,0.1,MainProduct[1407],CC(C)C(C(O)=C1)=CC2=C1[C@]3(C)C(CC2)[C@](C)(CN)CCC3,"C1_PLATINUM-1,3-DIVINYL-1,1,3,3-TETRAMETHYLDISILOXANE COMPLEX, IN XYLENES",C=C[Si](C)(C)O[Si](C)(C)C=C.[Pt],0.15,L1_Davephos,CN(C)c1ccccc1-c1ccccc1P(C1CCCCC1)C1CCCCC1,0.005,None,None,None,None,None,None,None,None,None,O1_phenylsilane,C1=CC=C(C=C1)[Si]ÔøΩÔøΩ,0.6,None,None,None,None,None,None,none,100,none,0,UPLCMS,X23,0,143737.9242,,,,,151491.6178,,,0,1.4,100,0,0,0
yk-1536-4-make-product,1536,80,,1536,X,24,E376_Blank56,O=CO,0.2,N2_hydroxydehydroabietylamine,CC(C)C(C(O)=C1)=CC2=C1[C@]3(C)C(CC2)[C@](C)(CN)CCC3,0.1,MainProduct[1408],CC(C)C(C(O)=C1)=CC2=C1[C@]3(C)C(CC2)[C@](C)(CN)CCC3,"C1_PLATINUM-1,3-DIVINYL-1,1,3,3-TETRAMETHYLDISILOXANE COMPLEX, IN XYLENES",C=C[Si](C)(C)O[Si](C)(C)C=C.[Pt],0.15,L1_Davephos,CN(C)c1ccccc1-c1ccccc1P(C1CCCCC1)C1CCCCC1,0.005,None,None,None,None,None,None,None,None,None,O1_phenylsilane,C1=CC=C(C=C1)[Si]ÔøΩÔøΩ,0.6,None,None,None,None,None,None,none,100,none,0,UPLCMS,X24,0,0,,,,,0,,,0,0,0,0,0,0
yk-1536-4-make-product,1536,80,,1536,X,25,"E38_3-(METHOXYCARBONYL)CYCLOHEXANECARBOXYLIC ACID, 95+%",COC(=O)C1CCCC(C1)C(=O)O,0.2,N3_Scaffold 7,CC(C)C1=CC2=CCC3[C@](C)(CN)CCC[C@]3(C)C2CC1,0.1,MainProduct[1409],COC(=O)C1CC(CCC1)CNC[C@@]2(C)C3[C@](C)(CCC2)C4C(=CC3)C=C(C(C)C)CC4,"C1_PLATINUM-1,3-DIVINYL-1,1,3,3-TETRAMETHYLDISILOXANE COMPLEX, IN XYLENES",C=C[Si](C)(C)O[Si](C)(C)C=C.[Pt],0.15,L1_Davephos,CN(C)c1ccccc1-c1ccccc1P(C1CCCCC1)C1CCCCC1,0.005,None,None,None,None,None,None,None,None,None,O1_phenylsilane,C1=CC=C(C=C1)[Si]ÔøΩÔøΩ,0.6,None,None,None,None,None,None,none,100,none,0,UPLCMS,X25,36725.44712,317485,220751.0194,273605.8708,0,0,0,0,0,2.7,3.2,54,8.1,0.15,0
yk-1536-4-make-product,1536,80,,1536,X,26,"E84_6-METHYLPYRIDINE-2-CARBOXYLIC ACID, 98.0+%",CC1=NC(=CC=C1)C(=O)O,0.2,N3_Scaffold 7,CC(C)C1=CC2=CCC3[C@](C)(CN)CCC[C@]3(C)C2CC1,0.1,,Cc1cccc(CNC[C@]2(C)CCC[C@]3(C)C4CCC(C(C)C)=CC4=CCC23)n1,"C1_PLATINUM-1,3-DIVINYL-1,1,3,3-TETRAMETHYLDISILOXANE COMPLEX, IN XYLENES",C=C[Si](C)(C)O[Si](C)(C)C=C.[Pt],0.15,L1_Davephos,CN(C)c1ccccc1-c1ccccc1P(C1CCCCC1)C1CCCCC1,0.005,None,None,None,None,None,None,None,None,None,O1_phenylsilane,C1=CC=C(C=C1)[Si]ÔøΩÔøΩ,0.6,None,None,None,None,None,None,none,100,none,0,UPLCMS,X26,813072.8273,834874.2951,683598.7145,829318.0869,0,0,0,0,0,8.3,8.3,50.1,6.5,0.13,0
yk-1536-4-make-product,1536,80,,1536,X,27,E131_adamantane-1-carboxylic acid,C1C2CC3CC1CC(C2)(C3)C(=O)O,0.2,N3_Scaffold 7,CC(C)C1=CC2=CCC3[C@](C)(CN)CCC[C@]3(C)C2CC1,0.1,,CC(C)C1=CC2=CCC3[C@](C)(CNCC45CC6CC(CC(C6)C4)C5)CCC[C@]3(C)C2CC1,"C1_PLATINUM-1,3-DIVINYL-1,1,3,3-TETRAMETHYLDISILOXANE COMPLEX, IN XYLENES",C=C[Si](C)(C)O[Si](C)(C)C=C.[Pt],0.15,L1_Davephos,CN(C)c1ccccc1-c1ccccc1P(C1CCCCC1)C1CCCCC1,0.005,None,None,None,None,None,None,None,None,None,O1_phenylsilane,C1=CC=C(C=C1)[Si]ÔøΩÔøΩ,0.6,None,None,None,None,None,None,none,100,none,0,UPLCMS,X27,22960.7692,278267.9989,396558.9129,469378.3625,0,0,0,0,0,4.7,2.8,37.2,25.9,0.7,0
yk-1536-4-make-product,1536,80,,1536,X,28,"E167_1,5-dimethylpyrazole-3-carboxylic acid",CC1=CC(=NN1C)C(=O)O,0.2,N3_Scaffold 7,CC(C)C1=CC2=CCC3[C@](C)(CN)CCC[C@]3(C)C2CC1,0.1,,Cc1cc(CNC[C@]2(C)CCC[C@]3(C)C4CCC(C(C)C)=CC4=CCC23)nn1C,"C1_PLATINUM-1,3-DIVINYL-1,1,3,3-TETRAMETHYLDISILOXANE COMPLEX, IN XYLENES",C=C[Si](C)(C)O[Si](C)(C)C=C.[Pt],0.15,L1_Davephos,CN(C)c1ccccc1-c1ccccc1P(C1CCCCC1)C1CCCCC1,0.005,None,None,None,None,None,None,None,None,None,O1_phenylsilane,C1=CC=C(C=C1)[Si]ÔøΩÔøΩ,0.6,None,None,None,None,None,None,none,100,none,0,UPLCMS,X28,2571692.236,3975820.572,751757.6238,1300640.855,0,0,0,0,0,13,39.8,75.4,16.9,0.22,0
yk-1536-4-make-product,1536,80,,1536,X,29,E212_2-(4-methoxyphenyl)acetic acid,COC1=CC=C(C=C1)CC(=O)O,0.2,N3_Scaffold 7,CC(C)C1=CC2=CCC3[C@](C)(CN)CCC[C@]3(C)C2CC1,0.1,,COc1ccc(CCNC[C@]2(C)CCC[C@]3(C)C4CCC(C(C)C)=CC4=CCC23)cc1,"C1_PLATINUM-1,3-DIVINYL-1,1,3,3-TETRAMETHYLDISILOXANE COMPLEX, IN XYLENES",C=C[Si](C)(C)O[Si](C)(C)C=C.[Pt],0.15,L1_Davephos,CN(C)c1ccccc1-c1ccccc1P(C1CCCCC1)C1CCCCC1,0.005,None,None,None,None,None,None,None,None,None,O1_phenylsilane,C1=CC=C(C=C1)[Si]ÔøΩÔøΩ,0.6,None,None,None,None,None,None,none,100,none,0,UPLCMS,X29,1024549.403,963247.8771,311764.4831,400544.3259,0,0,0,0,0,4,9.6,70.7,16.4,0.23,0
yk-1536-4-make-product,1536,80,,1536,X,30,"E262_4-SULFAMOYLBENZOIC ACID, 97%",C1=CC(=CC=C1C(=O)O)S(=O)(=O)N,0.2,N3_Scaffold 7,CC(C)C1=CC2=CCC3[C@](C)(CN)CCC[C@]3(C)C2CC1,0.1,,CC(C)C1=CC2=CCC3[C@](C)(CNCc4ccc(S(N)(=O)=O)cc4)CCC[C@]3(C)C2CC1,"C1_PLATINUM-1,3-DIVINYL-1,1,3,3-TETRAMETHYLDISILOXANE COMPLEX, IN XYLENES",C=C[Si](C)(C)O[Si](C)(C)C=C.[Pt],0.15,L1_Davephos,CN(C)c1ccccc1-c1ccccc1P(C1CCCCC1)C1CCCCC1,0.005,None,None,None,None,None,None,None,None,None,O1_phenylsilane,C1=CC=C(C=C1)[Si]ÔøΩÔøΩ,0.6,None,None,None,None,None,None,none,100,none,0,UPLCMS,X30,467943.2936,0,4682339.781,5013081.157,0,0,0,0,0,50.1,0,0,75.1,0,-2.25
yk-1536-4-make-product,1536,80,,1536,X,31,E311_ciprofibrate,CC(C)(Oc1ccc(C2CC2(Cl)Cl)cc1)C(=O)O,0.05,N3_Scaffold 7,CC(C)C1=CC2=CCC3[C@](C)(CN)CCC[C@]3(C)C2CC1,0.1,,CC(C)C1=CC2=CCC3[C@](C)(CNCC(C)(C)Oc4ccc(C5CC5(Cl)Cl)cc4)CCC[C@]3(C)C2CC1,"C1_PLATINUM-1,3-DIVINYL-1,1,3,3-TETRAMETHYLDISILOXANE COMPLEX, IN XYLENES",C=C[Si](C)(C)O[Si](C)(C)C=C.[Pt],0.15,L1_Davephos,CN(C)c1ccccc1-c1ccccc1P(C1CCCCC1)C1CCCCC1,0.005,None,None,None,None,None,None,None,None,None,O1_phenylsilane,C1=CC=C(C=C1)[Si]ÔøΩÔøΩ,0.6,None,None,None,None,None,None,none,100,none,0,UPLCMS,X31,2729554.408,2247388.972,464665.9773,837027.1568,0,0,0,0,0,8.4,22.5,72.8,0.9,0.01,0
yk-1536-4-make-product,1536,80,,1536,X,32,"E62_5-FORMYL-2,4-DIMETHYLPYRROLE-3-CARBOXYLIC ACID, 96%",CC1=C(NC(=C1C(=O)O)C)C=O,0.2,N3_Scaffold 7,CC(C)C1=CC2=CCC3[C@](C)(CN)CCC[C@]3(C)C2CC1,0.1,,Cc1[nH]c(C=O)c(C)c1CNC[C@]1(C)CCC[C@]2(C)C3CCC(C(C)C)=CC3=CCC12,"C1_PLATINUM-1,3-DIVINYL-1,1,3,3-TETRAMETHYLDISILOXANE COMPLEX, IN XYLENES",C=C[Si](C)(C)O[Si](C)(C)C=C.[Pt],0.15,L1_Davephos,CN(C)c1ccccc1-c1ccccc1P(C1CCCCC1)C1CCCCC1,0.005,None,None,None,None,None,None,None,None,None,O1_phenylsilane,C1=CC=C(C=C1)[Si]ÔøΩÔøΩ,0.6,None,None,None,None,None,None,none,100,none,0,UPLCMS,X32,5896.21787,0,1110514.184,1439032.324,0,0,0,0,0,14.4,0,0,7,0,0
yk-1536-4-make-product,1536,80,,1536,X,33,E195_pyridine-4-carboxylic acid,C1=CN=CC=C1C(=O)O,0.2,N3_Scaffold 7,CC(C)C1=CC2=CCC3[C@](C)(CN)CCC[C@]3(C)C2CC1,0.1,,CC(C)C1=CC2=CCC3[C@](C)(CNCc4ccncc4)CCC[C@]3(C)C2CC1,"C1_PLATINUM-1,3-DIVINYL-1,1,3,3-TETRAMETHYLDISILOXANE COMPLEX, IN XYLENES",C=C[Si](C)(C)O[Si](C)(C)C=C.[Pt],0.15,L1_Davephos,CN(C)c1ccccc1-c1ccccc1P(C1CCCCC1)C1CCCCC1,0.005,None,None,None,None,None,None,None,None,None,O1_phenylsilane,C1=CC=C(C=C1)[Si]ÔøΩÔøΩ,0.6,None,None,None,None,None,None,none,100,none,0,UPLCMS,X33,29414.00372,734103.3409,809573.6941,780216.5006,0,0,0,0,0,7.8,7.3,48.5,22.9,0.47,0
yk-1536-4-make-product,1536,80,,1536,X,34,"E281_P-TOLUIC ACID, 98%",CC1=CC=C(C=C1)C(=O)O,0.2,N3_Scaffold 7,CC(C)C1=CC2=CCC3[C@](C)(CN)CCC[C@]3(C)C2CC1,0.1,,Cc1ccc(CNC[C@]2(C)CCC[C@]3(C)C4CCC(C(C)C)=CC4=CCC23)cc1,"C1_PLATINUM-1,3-DIVINYL-1,1,3,3-TETRAMETHYLDISILOXANE COMPLEX, IN XYLENES",C=C[Si](C)(C)O[Si](C)(C)C=C.[Pt],0.15,L1_Davephos,CN(C)c1ccccc1-c1ccccc1P(C1CCCCC1)C1CCCCC1,0.005,None,None,None,None,None,None,None,None,None,O1_phenylsilane,C1=CC=C(C=C1)[Si]ÔøΩÔøΩ,0.6,None,None,None,None,None,None,none,100,none,0,UPLCMS,X34,160111.3094,155733.6624,804106.8812,858517.6243,0,0,0,0,0,8.6,1.6,15.3,8.4,0.55,0
yk-1536-4-make-product,1536,80,,1536,X,35,E344_Blank24,O=CO,0.2,N3_Scaffold 7,CC(C)C1=CC2=CCC3[C@](C)(CN)CCC[C@]3(C)C2CC1,0.1,MainProduct[1420],CC(C)C1=CC2=CCC3[C@](C)(CN)CCC[C@]3(C)C2CC1,"C1_PLATINUM-1,3-DIVINYL-1,1,3,3-TETRAMETHYLDISILOXANE COMPLEX, IN XYLENES",C=C[Si](C)(C)O[Si](C)(C)C=C.[Pt],0.15,L1_Davephos,CN(C)c1ccccc1-c1ccccc1P(C1CCCCC1)C1CCCCC1,0.005,None,None,None,None,None,None,None,None,None,O1_phenylsilane,C1=CC=C(C=C1)[Si]ÔøΩÔøΩ,0.6,None,None,None,None,None,None,none,100,none,0,UPLCMS,X35,0,1438065.803,0,0,0,0,1389826.506,0,0,0,14.4,100,0,0,0
yk-1536-4-make-product,1536,80,,1536,X,36,E376_Blank56,O=CO,0.2,N3_Scaffold 7,CC(C)C1=CC2=CCC3[C@](C)(CN)CCC[C@]3(C)C2CC1,0.1,MainProduct[1421],CC(C)C1=CC2=CCC3[C@](C)(CN)CCC[C@]3(C)C2CC1,"C1_PLATINUM-1,3-DIVINYL-1,1,3,3-TETRAMETHYLDISILOXANE COMPLEX, IN XYLENES",C=C[Si](C)(C)O[Si](C)(C)C=C.[Pt],0.15,L1_Davephos,CN(C)c1ccccc1-c1ccccc1P(C1CCCCC1)C1CCCCC1,0.005,None,None,None,None,None,None,None,None,None,O1_phenylsilane,C1=CC=C(C=C1)[Si]ÔøΩÔøΩ,0.6,None,None,None,None,None,None,none,100,none,0,UPLCMS,X36,0,0,0,0,0,0,0,0,0,0,0,0,0,0,0
yk-1536-4-make-product,1536,80,,1536,X,37,"E38_3-(METHOXYCARBONYL)CYCLOHEXANECARBOXYLIC ACID, 95+%",COC(=O)C1CCCC(C1)C(=O)O,0.2,N4_Scaffold 6,CCNC[C@@]1(C)C2[C@](C)(CCC1)c3c(CC2)cc(C(C)C)c(c3)N,0.1,,CCNC[C@]1(C)CCC[C@]2(C)c3cc(NCC4CCCC(C(=O)OC)C4)c(C(C)C)cc3CCC12,"C1_PLATINUM-1,3-DIVINYL-1,1,3,3-TETRAMETHYLDISILOXANE COMPLEX, IN XYLENES",C=C[Si](C)(C)O[Si](C)(C)C=C.[Pt],0.15,L1_Davephos,CN(C)c1ccccc1-c1ccccc1P(C1CCCCC1)C1CCCCC1,0.005,None,None,None,None,None,None,None,None,None,O1_phenylsilane,C1=CC=C(C=C1)[Si]ÔøΩÔøΩ,0.6,None,None,None,None,None,None,none,100,none,0,UPLCMS,X37,28269.7822,0,0,0,654044.1919,599473.6401,0,0,0,6,0,0,10.2,0,0
yk-1536-4-make-product,1536,80,,1536,X,38,"E84_6-METHYLPYRIDINE-2-CARBOXYLIC ACID, 98.0+%",CC1=NC(=CC=C1)C(=O)O,0.2,N4_Scaffold 6,CCNC[C@@]1(C)C2[C@](C)(CCC1)c3c(CC2)cc(C(C)C)c(c3)N,0.1,,CCNC[C@]1(C)CCC[C@]2(C)c3cc(NCc4cccc(C)n4)c(C(C)C)cc3CCC12,"C1_PLATINUM-1,3-DIVINYL-1,1,3,3-TETRAMETHYLDISILOXANE COMPLEX, IN XYLENES",C=C[Si](C)(C)O[Si](C)(C)C=C.[Pt],0.15,L1_Davephos,CN(C)c1ccccc1-c1ccccc1P(C1CCCCC1)C1CCCCC1,0.005,None,None,None,None,None,None,None,None,None,O1_phenylsilane,C1=CC=C(C=C1)[Si]ÔøΩÔøΩ,0.6,None,None,None,None,None,None,none,100,none,0,UPLCMS,X38,195875.7377,1462322.466,0,0,1916977.971,1671883.976,0,0,0,16.7,14.6,46.7,-1.1,-0.02,0
yk-1536-4-make-product,1536,80,,1536,X,39,E131_adamantane-1-carboxylic acid,C1C2CC3CC1CC(C2)(C3)C(=O)O,0.2,N4_Scaffold 6,CCNC[C@@]1(C)C2[C@](C)(CCC1)c3c(CC2)cc(C(C)C)c(c3)N,0.1,,CCNC[C@]1(C)CCC[C@]2(C)c3cc(NCC45CC6CC(CC(C6)C4)C5)c(C(C)C)cc3CCC12,"C1_PLATINUM-1,3-DIVINYL-1,1,3,3-TETRAMETHYLDISILOXANE COMPLEX, IN XYLENES",C=C[Si](C)(C)O[Si](C)(C)C=C.[Pt],0.15,L1_Davephos,CN(C)c1ccccc1-c1ccccc1P(C1CCCCC1)C1CCCCC1,0.005,None,None,None,None,None,None,None,None,None,O1_phenylsilane,C1=CC=C(C=C1)[Si]ÔøΩÔøΩ,0.6,None,None,None,None,None,None,none,100,none,0,UPLCMS,X39,0,0,0,0,804399.835,829128.2576,0,0,0,8.3,0,0,14.7,0,0
yk-1536-4-make-product,1536,80,,1536,X,40,"E167_1,5-dimethylpyrazole-3-carboxylic acid",CC1=CC(=NN1C)C(=O)O,0.2,N4_Scaffold 6,CCNC[C@@]1(C)C2[C@](C)(CCC1)c3c(CC2)cc(C(C)C)c(c3)N,0.1,,CCNC[C@]1(C)CCC[C@]2(C)c3cc(NCc4cc(C)n(C)n4)c(C(C)C)cc3CCC12,"C1_PLATINUM-1,3-DIVINYL-1,1,3,3-TETRAMETHYLDISILOXANE COMPLEX, IN XYLENES",C=C[Si](C)(C)O[Si](C)(C)C=C.[Pt],0.15,L1_Davephos,CN(C)c1ccccc1-c1ccccc1P(C1CCCCC1)C1CCCCC1,0.005,None,None,None,None,None,None,None,None,None,O1_phenylsilane,C1=CC=C(C=C1)[Si]ÔøΩÔøΩ,0.6,None,None,None,None,None,None,none,100,none,0,UPLCMS,X40,330923.001,2199623.312,0,0,2521572.401,2548925.553,0,0,0,25.5,22,46.3,-3.2,-0.07,0
yk-1536-4-make-product,1536,80,,1536,X,41,E212_2-(4-methoxyphenyl)acetic acid,COC1=CC=C(C=C1)CC(=O)O,0.2,N4_Scaffold 6,CCNC[C@@]1(C)C2[C@](C)(CCC1)c3c(CC2)cc(C(C)C)c(c3)N,0.1,,CCNC[C@]1(C)CCC[C@]2(C)c3cc(NCCc4ccc(OC)cc4)c(C(C)C)cc3CCC12,"C1_PLATINUM-1,3-DIVINYL-1,1,3,3-TETRAMETHYLDISILOXANE COMPLEX, IN XYLENES",C=C[Si](C)(C)O[Si](C)(C)C=C.[Pt],0.15,L1_Davephos,CN(C)c1ccccc1-c1ccccc1P(C1CCCCC1)C1CCCCC1,0.005,None,None,None,None,None,None,None,None,None,O1_phenylsilane,C1=CC=C(C=C1)[Si]ÔøΩÔøΩ,0.6,None,None,None,None,None,None,none,100,none,0,UPLCMS,X41,463649.1639,287477.1792,0,0,1803596.015,1807890.177,0,0,0,18.1,2.9,13.7,9,0.65,0
yk-1536-4-make-product,1536,80,,1536,X,42,"E262_4-SULFAMOYLBENZOIC ACID, 97%",C1=CC(=CC=C1C(=O)O)S(=O)(=O)N,0.2,N4_Scaffold 6,CCNC[C@@]1(C)C2[C@](C)(CCC1)c3c(CC2)cc(C(C)C)c(c3)N,0.1,,CCNC[C@]1(C)CCC[C@]2(C)c3cc(NCc4ccc(S(N)(=O)=O)cc4)c(C(C)C)cc3CCC12,"C1_PLATINUM-1,3-DIVINYL-1,1,3,3-TETRAMETHYLDISILOXANE COMPLEX, IN XYLENES",C=C[Si](C)(C)O[Si](C)(C)C=C.[Pt],0.15,L1_Davephos,CN(C)c1ccccc1-c1ccccc1P(C1CCCCC1)C1CCCCC1,0.005,None,None,None,None,None,None,None,None,None,O1_phenylsilane,C1=CC=C(C=C1)[Si]ÔøΩÔøΩ,0.6,None,None,None,None,None,None,none,100,none,0,UPLCMS,X42,42684.39141,598907.9499,0,0,2911367.83,2891825.82,88510.63232,0,0,28.9,6,17.2,18.2,1.06,0
yk-1536-4-make-product,1536,80,,1536,X,43,E311_ciprofibrate,CC(C)(Oc1ccc(C2CC2(Cl)Cl)cc1)C(=O)O,0.05,N4_Scaffold 6,CCNC[C@@]1(C)C2[C@](C)(CCC1)c3c(CC2)cc(C(C)C)c(c3)N,0.1,,CCNC[C@]1(C)CCC[C@]2(C)c3cc(NCC(C)(C)Oc4ccc(C5CC5(Cl)Cl)cc4)c(C(C)C)cc3CCC12,"C1_PLATINUM-1,3-DIVINYL-1,1,3,3-TETRAMETHYLDISILOXANE COMPLEX, IN XYLENES",C=C[Si](C)(C)O[Si](C)(C)C=C.[Pt],0.15,L1_Davephos,CN(C)c1ccccc1-c1ccccc1P(C1CCCCC1)C1CCCCC1,0.005,None,None,None,None,None,None,None,None,None,O1_phenylsilane,C1=CC=C(C=C1)[Si]ÔøΩÔøΩ,0.6,None,None,None,None,None,None,none,100,none,0,UPLCMS,X43,163822.5474,0,0,0,1795446.776,1678732.157,0,0,0,16.8,0,0,30.3,0,0
yk-1536-4-make-product,1536,80,,1536,X,44,"E62_5-FORMYL-2,4-DIMETHYLPYRROLE-3-CARBOXYLIC ACID, 96%",CC1=C(NC(=C1C(=O)O)C)C=O,0.2,N4_Scaffold 6,CCNC[C@@]1(C)C2[C@](C)(CCC1)c3c(CC2)cc(C(C)C)c(c3)N,0.1,,CCNC[C@]1(C)CCC[C@]2(C)c3cc(NCc4c(C)[nH]c(C=O)c4C)c(C(C)C)cc3CCC12,"C1_PLATINUM-1,3-DIVINYL-1,1,3,3-TETRAMETHYLDISILOXANE COMPLEX, IN XYLENES",C=C[Si](C)(C)O[Si](C)(C)C=C.[Pt],0.15,L1_Davephos,CN(C)c1ccccc1-c1ccccc1P(C1CCCCC1)C1CCCCC1,0.005,None,None,None,None,None,None,None,None,None,O1_phenylsilane,C1=CC=C(C=C1)[Si]ÔøΩÔøΩ,0.6,None,None,None,None,None,None,none,100,none,0,UPLCMS,X44,0,0,0,0,922197.4829,865615.8918,0,0,0,8.7,0,0,-5.6,0,0
yk-1536-4-make-product,1536,80,,1536,X,45,E195_pyridine-4-carboxylic acid,C1=CN=CC=C1C(=O)O,0.2,N4_Scaffold 6,CCNC[C@@]1(C)C2[C@](C)(CCC1)c3c(CC2)cc(C(C)C)c(c3)N,0.1,,CCNC[C@]1(C)CCC[C@]2(C)c3cc(NCc4ccncc4)c(C(C)C)cc3CCC12,"C1_PLATINUM-1,3-DIVINYL-1,1,3,3-TETRAMETHYLDISILOXANE COMPLEX, IN XYLENES",C=C[Si](C)(C)O[Si](C)(C)C=C.[Pt],0.15,L1_Davephos,CN(C)c1ccccc1-c1ccccc1P(C1CCCCC1)C1CCCCC1,0.005,None,None,None,None,None,None,None,None,None,O1_phenylsilane,C1=CC=C(C=C1)[Si]ÔøΩÔøΩ,0.6,None,None,None,None,None,None,none,100,none,0,UPLCMS,X45,0,0,0,0,899223.4604,906254.3139,0,0,0,9.1,0,0,11.8,0,0
yk-1536-4-make-product,1536,80,,1536,X,46,"E281_P-TOLUIC ACID, 98%",CC1=CC=C(C=C1)C(=O)O,0.2,N4_Scaffold 6,CCNC[C@@]1(C)C2[C@](C)(CCC1)c3c(CC2)cc(C(C)C)c(c3)N,0.1,,CCNC[C@]1(C)CCC[C@]2(C)c3cc(NCc4ccc(C)cc4)c(C(C)C)cc3CCC12,"C1_PLATINUM-1,3-DIVINYL-1,1,3,3-TETRAMETHYLDISILOXANE COMPLEX, IN XYLENES",C=C[Si](C)(C)O[Si](C)(C)C=C.[Pt],0.15,L1_Davephos,CN(C)c1ccccc1-c1ccccc1P(C1CCCCC1)C1CCCCC1,0.005,None,None,None,None,None,None,None,None,None,O1_phenylsilane,C1=CC=C(C=C1)[Si]ÔøΩÔøΩ,0.6,None,None,None,None,None,None,none,100,none,0,UPLCMS,X46,34578.13083,89612.08062,0,0,662333.4287,590002.7099,26012.39055,0,0,5.9,0.9,13.2,10.3,0.78,0
yk-1536-4-make-product,1536,80,,1536,X,47,E344_Blank24,O=CO,0.2,N4_Scaffold 6,CCNC[C@@]1(C)C2[C@](C)(CCC1)c3c(CC2)cc(C(C)C)c(c3)N,0.1,MainProduct[1433],CCNC[C@@]1(C)C2[C@](C)(CCC1)c3c(CC2)cc(C(C)C)c(c3)N,"C1_PLATINUM-1,3-DIVINYL-1,1,3,3-TETRAMETHYLDISILOXANE COMPLEX, IN XYLENES",C=C[Si](C)(C)O[Si](C)(C)C=C.[Pt],0.15,L1_Davephos,CN(C)c1ccccc1-c1ccccc1P(C1CCCCC1)C1CCCCC1,0.005,None,None,None,None,None,None,None,None,None,O1_phenylsilane,C1=CC=C(C=C1)[Si]ÔøΩÔøΩ,0.6,None,None,None,None,None,None,none,100,none,0,UPLCMS,X47,0,947501.4565,0,0,0,0,903147.7717,0,0,0,9.5,100,0,0,0
yk-1536-4-make-product,1536,80,,1536,X,48,E376_Blank56,O=CO,0.2,N4_Scaffold 6,CCNC[C@@]1(C)C2[C@](C)(CCC1)c3c(CC2)cc(C(C)C)c(c3)N,0.1,MainProduct[1434],CCNC[C@@]1(C)C2[C@](C)(CCC1)c3c(CC2)cc(C(C)C)c(c3)N,"C1_PLATINUM-1,3-DIVINYL-1,1,3,3-TETRAMETHYLDISILOXANE COMPLEX, IN XYLENES",C=C[Si](C)(C)O[Si](C)(C)C=C.[Pt],0.15,L1_Davephos,CN(C)c1ccccc1-c1ccccc1P(C1CCCCC1)C1CCCCC1,0.005,None,None,None,None,None,None,None,None,None,O1_phenylsilane,C1=CC=C(C=C1)[Si]ÔøΩÔøΩ,0.6,None,None,None,None,None,None,none,100,none,0,UPLCMS,X48,0,0,0,0,0,0,0,0,0,0,0,0,0,0,0
yk-1536-4-make-product,1536,80,,1536,Y,1,"E40_6-METHOXYINDOLE-2-CARBOXYLIC ACID, 95%",COC1=CC2=C(C=C1)C=C(N2)C(=O)O,0.2,N1_(+)-Dehydroabietylamine,CC(C)c1ccc2c(c1)CC[C@H]1[C@](C)(CN)CCC[C@]21C,0.1,,COc1ccc2cc(CNC[C@]3(C)CCC[C@]4(C)c5ccc(C(C)C)cc5CC[C@@H]34)[nH]c2c1,"C1_PLATINUM-1,3-DIVINYL-1,1,3,3-TETRAMETHYLDISILOXANE COMPLEX, IN XYLENES",C=C[Si](C)(C)O[Si](C)(C)C=C.[Pt],0.15,L1_Davephos,CN(C)c1ccccc1-c1ccccc1P(C1CCCCC1)C1CCCCC1,0.005,None,None,None,None,None,None,None,None,None,O1_phenylsilane,C1=CC=C(C=C1)[Si]ÔøΩÔøΩ,0.6,None,None,None,None,None,None,none,100,none,0,UPLCMS,Y1,0,0,,,,,0,,,66.2,0,0,100.2,0,4.3
yk-1536-4-make-product,1536,80,,1536,Y,2,E88_MEFENAMIC ACID,CC1=C(C(=CC=C1)NC2=CC=CC=C2C(=O)O)C,0.2,N1_(+)-Dehydroabietylamine,CC(C)c1ccc2c(c1)CC[C@H]1[C@](C)(CN)CCC[C@]21C,0.1,,Cc1cccc(Nc2ccccc2CNC[C@]2(C)CCC[C@]3(C)c4ccc(C(C)C)cc4CC[C@@H]23)c1C,"C1_PLATINUM-1,3-DIVINYL-1,1,3,3-TETRAMETHYLDISILOXANE COMPLEX, IN XYLENES",C=C[Si](C)(C)O[Si](C)(C)C=C.[Pt],0.15,L1_Davephos,CN(C)c1ccccc1-c1ccccc1P(C1CCCCC1)C1CCCCC1,0.005,None,None,None,None,None,None,None,None,None,O1_phenylsilane,C1=CC=C(C=C1)[Si]ÔøΩÔøΩ,0.6,None,None,None,None,None,None,none,100,none,0,UPLCMS,Y2,0,0,,,,,0,,,0.35,0,0,-11.7,0,0
yk-1536-4-make-product,1536,80,,1536,Y,3,E132_3-(4-bromophenyl)propanoic acid,C1=CC(=CC=C1CCC(=O)O)Br,0.2,N1_(+)-Dehydroabietylamine,CC(C)c1ccc2c(c1)CC[C@H]1[C@](C)(CN)CCC[C@]21C,0.1,,CC(C)c1ccc2c(c1)CC[C@H]1[C@](C)(CNCCCc3ccc(Br)cc3)CCC[C@]21C,"C1_PLATINUM-1,3-DIVINYL-1,1,3,3-TETRAMETHYLDISILOXANE COMPLEX, IN XYLENES",C=C[Si](C)(C)O[Si](C)(C)C=C.[Pt],0.15,L1_Davephos,CN(C)c1ccccc1-c1ccccc1P(C1CCCCC1)C1CCCCC1,0.005,None,None,None,None,None,None,None,None,None,O1_phenylsilane,C1=CC=C(C=C1)[Si]ÔøΩÔøΩ,0.6,None,None,None,None,None,None,none,100,none,0,UPLCMS,Y3,6398187.273,3914198.339,,,,,0,,,5.23,39.1,88.2,64.1,0.73,0
yk-1536-4-make-product,1536,80,,1536,Y,4,"E168_2-(3,5-difluorophenyl)acetic acid",C1=C(C=C(C=C1F)F)CC(=O)O,0.2,N1_(+)-Dehydroabietylamine,CC(C)c1ccc2c(c1)CC[C@H]1[C@](C)(CN)CCC[C@]21C,0.1,,CC(C)c1ccc2c(c1)CC[C@H]1[C@](C)(CNCCc3cc(F)cc(F)c3)CCC[C@]21C,"C1_PLATINUM-1,3-DIVINYL-1,1,3,3-TETRAMETHYLDISILOXANE COMPLEX, IN XYLENES",C=C[Si](C)(C)O[Si](C)(C)C=C.[Pt],0.15,L1_Davephos,CN(C)c1ccccc1-c1ccccc1P(C1CCCCC1)C1CCCCC1,0.005,None,None,None,None,None,None,None,None,None,O1_phenylsilane,C1=CC=C(C=C1)[Si]ÔøΩÔøΩ,0.6,None,None,None,None,None,None,none,100,none,0,UPLCMS,Y4,12582.07145,0,,,,,0,,,18.66,0,0,-11.7,0,0
yk-1536-4-make-product,1536,80,,1536,Y,5,E213_4-methylsulfanylbenzoic acid,CSC1=CC=C(C=C1)C(=O)O,0.2,N1_(+)-Dehydroabietylamine,CC(C)c1ccc2c(c1)CC[C@H]1[C@](C)(CN)CCC[C@]21C,0.1,,CSc1ccc(CNC[C@]2(C)CCC[C@]3(C)c4ccc(C(C)C)cc4CC[C@@H]23)cc1,"C1_PLATINUM-1,3-DIVINYL-1,1,3,3-TETRAMETHYLDISILOXANE COMPLEX, IN XYLENES",C=C[Si](C)(C)O[Si](C)(C)C=C.[Pt],0.15,L1_Davephos,CN(C)c1ccccc1-c1ccccc1P(C1CCCCC1)C1CCCCC1,0.005,None,None,None,None,None,None,None,None,None,O1_phenylsilane,C1=CC=C(C=C1)[Si]ÔøΩÔøΩ,0.6,None,None,None,None,None,None,none,100,none,0,UPLCMS,Y5,2627074.913,1846468.477,,,,,0,,,24.9,18.5,42.6,10.9,0.26,0
yk-1536-4-make-product,1536,80,,1536,Y,6,E264_4-(Trifluoromethoxy)benzoic Acid,C1=CC(=CC=C1C(=O)O)OC(F)(F)F,0.2,N1_(+)-Dehydroabietylamine,CC(C)c1ccc2c(c1)CC[C@H]1[C@](C)(CN)CCC[C@]21C,0.1,,CC(C)c1ccc2c(c1)CC[C@H]1[C@](C)(CNCc3ccc(OC(F)(F)F)cc3)CCC[C@]21C,"C1_PLATINUM-1,3-DIVINYL-1,1,3,3-TETRAMETHYLDISILOXANE COMPLEX, IN XYLENES",C=C[Si](C)(C)O[Si](C)(C)C=C.[Pt],0.15,L1_Davephos,CN(C)c1ccccc1-c1ccccc1P(C1CCCCC1)C1CCCCC1,0.005,None,None,None,None,None,None,None,None,None,O1_phenylsilane,C1=CC=C(C=C1)[Si]ÔøΩÔøΩ,0.6,None,None,None,None,None,None,none,100,none,0,UPLCMS,Y6,5975.64688,228250.7426,,,,,0,,,28.79,2.3,7.3,-26.2,-3.59,0
yk-1536-4-make-product,1536,80,,1536,Y,7,E312_Fenbufen,O=C(O)CCC(=O)c1ccc(-c2ccccc2)cc1,0.05,N1_(+)-Dehydroabietylamine,CC(C)c1ccc2c(c1)CC[C@H]1[C@](C)(CN)CCC[C@]21C,0.1,,CC(C)c1ccc2c(c1)CC[C@H]1[C@](C)(CNCCCC(=O)c3ccc(-c4ccccc4)cc3)CCC[C@]21C,"C1_PLATINUM-1,3-DIVINYL-1,1,3,3-TETRAMETHYLDISILOXANE COMPLEX, IN XYLENES",C=C[Si](C)(C)O[Si](C)(C)C=C.[Pt],0.15,L1_Davephos,CN(C)c1ccccc1-c1ccccc1P(C1CCCCC1)C1CCCCC1,0.005,None,None,None,None,None,None,None,None,None,O1_phenylsilane,C1=CC=C(C=C1)[Si]ÔøΩÔøΩ,0.6,None,None,None,None,None,None,none,100,none,0,UPLCMS,Y7,1784997.393,1132101.098,,,,,240333.4492,,,12.64,11.3,47.2,-44.6,-0.94,0
yk-1536-4-make-product,1536,80,,1536,Y,8,"E66_METHACRYLIC ACID, 99%",CC(=C)C(=O)O,0.2,N1_(+)-Dehydroabietylamine,CC(C)c1ccc2c(c1)CC[C@H]1[C@](C)(CN)CCC[C@]21C,0.1,,C=C(C)CNC[C@]1(C)CCC[C@]2(C)c3ccc(C(C)C)cc3CC[C@@H]12,"C1_PLATINUM-1,3-DIVINYL-1,1,3,3-TETRAMETHYLDISILOXANE COMPLEX, IN XYLENES",C=C[Si](C)(C)O[Si](C)(C)C=C.[Pt],0.15,L1_Davephos,CN(C)c1ccccc1-c1ccccc1P(C1CCCCC1)C1CCCCC1,0.005,None,None,None,None,None,None,None,None,None,O1_phenylsilane,C1=CC=C(C=C1)[Si]ÔøΩÔøΩ,0.6,None,None,None,None,None,None,none,100,none,0,UPLCMS,Y8,751909.3938,838176.5892,,,,,167644.9311,,,10.07,8.4,45.4,-59,-1.3,0
yk-1536-4-make-product,1536,80,,1536,Y,9,E199_2-methylpropanoic acid,CC(C)C(=O)O,0.2,N1_(+)-Dehydroabietylamine,CC(C)c1ccc2c(c1)CC[C@H]1[C@](C)(CN)CCC[C@]21C,0.1,,CC(C)CNC[C@]1(C)CCC[C@]2(C)c3ccc(C(C)C)cc3CC[C@@H]12,"C1_PLATINUM-1,3-DIVINYL-1,1,3,3-TETRAMETHYLDISILOXANE COMPLEX, IN XYLENES",C=C[Si](C)(C)O[Si](C)(C)C=C.[Pt],0.15,L1_Davephos,CN(C)c1ccccc1-c1ccccc1P(C1CCCCC1)C1CCCCC1,0.005,None,None,None,None,None,None,None,None,None,O1_phenylsilane,C1=CC=C(C=C1)[Si]ÔøΩÔøΩ,0.6,None,None,None,None,None,None,none,100,none,0,UPLCMS,Y9,1177700.391,953097.064,,,,,164845.9568,,,11.21,9.5,46,-20.1,-0.44,0
yk-1536-4-make-product,1536,80,,1536,Y,10,E286_1-Cyclopentene-1-carboxylic acid,C1CC=C(C1)C(=O)O,0.2,N1_(+)-Dehydroabietylamine,CC(C)c1ccc2c(c1)CC[C@H]1[C@](C)(CN)CCC[C@]21C,0.1,,CC(C)c1ccc2c(c1)CC[C@H]1[C@](C)(CNCC3=CCCC3)CCC[C@]21C,"C1_PLATINUM-1,3-DIVINYL-1,1,3,3-TETRAMETHYLDISILOXANE COMPLEX, IN XYLENES",C=C[Si](C)(C)O[Si](C)(C)C=C.[Pt],0.15,L1_Davephos,CN(C)c1ccccc1-c1ccccc1P(C1CCCCC1)C1CCCCC1,0.005,None,None,None,None,None,None,None,None,None,O1_phenylsilane,C1=CC=C(C=C1)[Si]ÔøΩÔøΩ,0.6,None,None,None,None,None,None,none,100,none,0,UPLCMS,Y10,1040225.859,758614.7814,,,,,39887.72118,,,2.99,7.6,71.7,-28.2,-0.39,0
yk-1536-4-make-product,1536,80,,1536,Y,11,E345_Blank25,O=CO,0.2,N1_(+)-Dehydroabietylamine,CC(C)c1ccc2c(c1)CC[C@H]1[C@](C)(CN)CCC[C@]21C,0.1,MainProduct[1442],CC(C)c1ccc2c(c1)CC[C@H]1[C@](C)(CN)CCC[C@]21C,"C1_PLATINUM-1,3-DIVINYL-1,1,3,3-TETRAMETHYLDISILOXANE COMPLEX, IN XYLENES",C=C[Si](C)(C)O[Si](C)(C)C=C.[Pt],0.15,L1_Davephos,CN(C)c1ccccc1-c1ccccc1P(C1CCCCC1)C1CCCCC1,0.005,None,None,None,None,None,None,None,None,None,O1_phenylsilane,C1=CC=C(C=C1)[Si]ÔøΩÔøΩ,0.6,None,None,None,None,None,None,none,100,none,0,UPLCMS,Y11,0,2968049.544,,,,,3284038.622,,,0,29.7,100,0,0,0
yk-1536-4-make-product,1536,80,,1536,Y,12,E377_Blank57,O=CO,0.2,N1_(+)-Dehydroabietylamine,CC(C)c1ccc2c(c1)CC[C@H]1[C@](C)(CN)CCC[C@]21C,0.1,MainProduct[1443],CC(C)c1ccc2c(c1)CC[C@H]1[C@](C)(CN)CCC[C@]21C,"C1_PLATINUM-1,3-DIVINYL-1,1,3,3-TETRAMETHYLDISILOXANE COMPLEX, IN XYLENES",C=C[Si](C)(C)O[Si](C)(C)C=C.[Pt],0.15,L1_Davephos,CN(C)c1ccccc1-c1ccccc1P(C1CCCCC1)C1CCCCC1,0.005,None,None,None,None,None,None,None,None,None,O1_phenylsilane,C1=CC=C(C=C1)[Si]ÔøΩÔøΩ,0.6,None,None,None,None,None,None,none,100,none,0,UPLCMS,Y12,0,0,,,,,0,,,0,0,0,0,0,0
yk-1536-4-make-product,1536,80,,1536,Y,13,"E40_6-METHOXYINDOLE-2-CARBOXYLIC ACID, 95%",COC1=CC2=C(C=C1)C=C(N2)C(=O)O,0.2,N2_hydroxydehydroabietylamine,CC(C)C(C(O)=C1)=CC2=C1[C@]3(C)C(CC2)[C@](C)(CN)CCC3,0.1,,COc1ccc2cc(CNC[C@]3(C)CCC[C@]4(C)c5cc(O)c(C(C)C)cc5CCC34)[nH]c2c1,"C1_PLATINUM-1,3-DIVINYL-1,1,3,3-TETRAMETHYLDISILOXANE COMPLEX, IN XYLENES",C=C[Si](C)(C)O[Si](C)(C)C=C.[Pt],0.15,L1_Davephos,CN(C)c1ccccc1-c1ccccc1P(C1CCCCC1)C1CCCCC1,0.005,None,None,None,None,None,None,None,None,None,O1_phenylsilane,C1=CC=C(C=C1)[Si]ÔøΩÔøΩ,0.6,None,None,None,None,None,None,none,100,none,0,UPLCMS,Y13,29519.69195,203938.0634,,,,,0,,,0,2,100,-24.2,-0.24,0
yk-1536-4-make-product,1536,80,,1536,Y,14,E88_MEFENAMIC ACID,CC1=C(C(=CC=C1)NC2=CC=CC=C2C(=O)O)C,0.2,N2_hydroxydehydroabietylamine,CC(C)C(C(O)=C1)=CC2=C1[C@]3(C)C(CC2)[C@](C)(CN)CCC3,0.1,,Cc1cccc(Nc2ccccc2CNC[C@]2(C)CCC[C@]3(C)c4cc(O)c(C(C)C)cc4CCC23)c1C,"C1_PLATINUM-1,3-DIVINYL-1,1,3,3-TETRAMETHYLDISILOXANE COMPLEX, IN XYLENES",C=C[Si](C)(C)O[Si](C)(C)C=C.[Pt],0.15,L1_Davephos,CN(C)c1ccccc1-c1ccccc1P(C1CCCCC1)C1CCCCC1,0.005,None,None,None,None,None,None,None,None,None,O1_phenylsilane,C1=CC=C(C=C1)[Si]ÔøΩÔøΩ,0.6,None,None,None,None,None,None,none,100,none,0,UPLCMS,Y14,386742.5718,240439,,,,,0,,,0.92,2.4,72.3,-20,-0.28,0
yk-1536-4-make-product,1536,80,,1536,Y,15,E132_3-(4-bromophenyl)propanoic acid,C1=CC(=CC=C1CCC(=O)O)Br,0.2,N2_hydroxydehydroabietylamine,CC(C)C(C(O)=C1)=CC2=C1[C@]3(C)C(CC2)[C@](C)(CN)CCC3,0.1,,CC(C)c1cc2c(cc1O)[C@@]1(C)CCC[C@@](C)(CNCCCc3ccc(Br)cc3)C1CC2,"C1_PLATINUM-1,3-DIVINYL-1,1,3,3-TETRAMETHYLDISILOXANE COMPLEX, IN XYLENES",C=C[Si](C)(C)O[Si](C)(C)C=C.[Pt],0.15,L1_Davephos,CN(C)c1ccccc1-c1ccccc1P(C1CCCCC1)C1CCCCC1,0.005,None,None,None,None,None,None,None,None,None,O1_phenylsilane,C1=CC=C(C=C1)[Si]ÔøΩÔøΩ,0.6,None,None,None,None,None,None,none,100,none,0,UPLCMS,Y15,4458.37648,17134.4645,,,,,0,,,0,0.2,100,-27.8,-0.28,0
yk-1536-4-make-product,1536,80,,1536,Y,16,"E168_2-(3,5-difluorophenyl)acetic acid",C1=C(C=C(C=C1F)F)CC(=O)O,0.2,N2_hydroxydehydroabietylamine,CC(C)C(C(O)=C1)=CC2=C1[C@]3(C)C(CC2)[C@](C)(CN)CCC3,0.1,,CC(C)c1cc2c(cc1O)[C@@]1(C)CCC[C@@](C)(CNCCc3cc(F)cc(F)c3)C1CC2,"C1_PLATINUM-1,3-DIVINYL-1,1,3,3-TETRAMETHYLDISILOXANE COMPLEX, IN XYLENES",C=C[Si](C)(C)O[Si](C)(C)C=C.[Pt],0.15,L1_Davephos,CN(C)c1ccccc1-c1ccccc1P(C1CCCCC1)C1CCCCC1,0.005,None,None,None,None,None,None,None,None,None,O1_phenylsilane,C1=CC=C(C=C1)[Si]ÔøΩÔøΩ,0.6,None,None,None,None,None,None,none,100,none,0,UPLCMS,Y16,0,0,,,,,0,,,1.51,0,0,-32.6,0,0
yk-1536-4-make-product,1536,80,,1536,Y,17,E213_4-methylsulfanylbenzoic acid,CSC1=CC=C(C=C1)C(=O)O,0.2,N2_hydroxydehydroabietylamine,CC(C)C(C(O)=C1)=CC2=C1[C@]3(C)C(CC2)[C@](C)(CN)CCC3,0.1,,CSc1ccc(CNC[C@]2(C)CCC[C@]3(C)c4cc(O)c(C(C)C)cc4CCC23)cc1,"C1_PLATINUM-1,3-DIVINYL-1,1,3,3-TETRAMETHYLDISILOXANE COMPLEX, IN XYLENES",C=C[Si](C)(C)O[Si](C)(C)C=C.[Pt],0.15,L1_Davephos,CN(C)c1ccccc1-c1ccccc1P(C1CCCCC1)C1CCCCC1,0.005,None,None,None,None,None,None,None,None,None,O1_phenylsilane,C1=CC=C(C=C1)[Si]ÔøΩÔøΩ,0.6,None,None,None,None,None,None,none,100,none,0,UPLCMS,Y17,806149.8909,1033667.255,,,,,0,,,0,10.3,100,-65.1,-0.65,0
yk-1536-4-make-product,1536,80,,1536,Y,18,E264_4-(Trifluoromethoxy)benzoic Acid,C1=CC(=CC=C1C(=O)O)OC(F)(F)F,0.2,N2_hydroxydehydroabietylamine,CC(C)C(C(O)=C1)=CC2=C1[C@]3(C)C(CC2)[C@](C)(CN)CCC3,0.1,,CC(C)c1cc2c(cc1O)[C@@]1(C)CCC[C@@](C)(CNCc3ccc(OC(F)(F)F)cc3)C1CC2,"C1_PLATINUM-1,3-DIVINYL-1,1,3,3-TETRAMETHYLDISILOXANE COMPLEX, IN XYLENES",C=C[Si](C)(C)O[Si](C)(C)C=C.[Pt],0.15,L1_Davephos,CN(C)c1ccccc1-c1ccccc1P(C1CCCCC1)C1CCCCC1,0.005,None,None,None,None,None,None,None,None,None,O1_phenylsilane,C1=CC=C(C=C1)[Si]ÔøΩÔøΩ,0.6,None,None,None,None,None,None,none,100,none,0,UPLCMS,Y18,0,0,,,,,0,,,3.01,0,0,-31,0,0
yk-1536-4-make-product,1536,80,,1536,Y,19,E312_Fenbufen,O=C(O)CCC(=O)c1ccc(-c2ccccc2)cc1,0.05,N2_hydroxydehydroabietylamine,CC(C)C(C(O)=C1)=CC2=C1[C@]3(C)C(CC2)[C@](C)(CN)CCC3,0.1,,CC(C)c1cc2c(cc1O)[C@@]1(C)CCC[C@@](C)(CNCCCC(=O)c3ccc(-c4ccccc4)cc3)C1CC2,"C1_PLATINUM-1,3-DIVINYL-1,1,3,3-TETRAMETHYLDISILOXANE COMPLEX, IN XYLENES",C=C[Si](C)(C)O[Si](C)(C)C=C.[Pt],0.15,L1_Davephos,CN(C)c1ccccc1-c1ccccc1P(C1CCCCC1)C1CCCCC1,0.005,None,None,None,None,None,None,None,None,None,O1_phenylsilane,C1=CC=C(C=C1)[Si]ÔøΩÔøΩ,0.6,None,None,None,None,None,None,none,100,none,0,UPLCMS,Y19,21499.75303,0,,,,,0,,,0,0,0,-24.8,0,0
yk-1536-4-make-product,1536,80,,1536,Y,20,"E66_METHACRYLIC ACID, 99%",CC(=C)C(=O)O,0.2,N2_hydroxydehydroabietylamine,CC(C)C(C(O)=C1)=CC2=C1[C@]3(C)C(CC2)[C@](C)(CN)CCC3,0.1,,C=C(C)CNC[C@]1(C)CCC[C@]2(C)c3cc(O)c(C(C)C)cc3CCC12,"C1_PLATINUM-1,3-DIVINYL-1,1,3,3-TETRAMETHYLDISILOXANE COMPLEX, IN XYLENES",C=C[Si](C)(C)O[Si](C)(C)C=C.[Pt],0.15,L1_Davephos,CN(C)c1ccccc1-c1ccccc1P(C1CCCCC1)C1CCCCC1,0.005,None,None,None,None,None,None,None,None,None,O1_phenylsilane,C1=CC=C(C=C1)[Si]ÔøΩÔøΩ,0.6,None,None,None,None,None,None,none,100,none,0,UPLCMS,Y20,0,0,,,,,0,,,0,0,0,-40.5,0,0
yk-1536-4-make-product,1536,80,,1536,Y,21,E199_2-methylpropanoic acid,CC(C)C(=O)O,0.2,N2_hydroxydehydroabietylamine,CC(C)C(C(O)=C1)=CC2=C1[C@]3(C)C(CC2)[C@](C)(CN)CCC3,0.1,,CC(C)CNC[C@]1(C)CCC[C@]2(C)c3cc(O)c(C(C)C)cc3CCC12,"C1_PLATINUM-1,3-DIVINYL-1,1,3,3-TETRAMETHYLDISILOXANE COMPLEX, IN XYLENES",C=C[Si](C)(C)O[Si](C)(C)C=C.[Pt],0.15,L1_Davephos,CN(C)c1ccccc1-c1ccccc1P(C1CCCCC1)C1CCCCC1,0.005,None,None,None,None,None,None,None,None,None,O1_phenylsilane,C1=CC=C(C=C1)[Si]ÔøΩÔøΩ,0.6,None,None,None,None,None,None,none,100,none,0,UPLCMS,Y21,91092.16346,80210.37615,,,,,0,,,0,0.8,100,-45.5,-0.46,0
yk-1536-4-make-product,1536,80,,1536,Y,22,E286_1-Cyclopentene-1-carboxylic acid,C1CC=C(C1)C(=O)O,0.2,N2_hydroxydehydroabietylamine,CC(C)C(C(O)=C1)=CC2=C1[C@]3(C)C(CC2)[C@](C)(CN)CCC3,0.1,,CC(C)c1cc2c(cc1O)[C@@]1(C)CCC[C@@](C)(CNCC3=CCCC3)C1CC2,"C1_PLATINUM-1,3-DIVINYL-1,1,3,3-TETRAMETHYLDISILOXANE COMPLEX, IN XYLENES",C=C[Si](C)(C)O[Si](C)(C)C=C.[Pt],0.15,L1_Davephos,CN(C)c1ccccc1-c1ccccc1P(C1CCCCC1)C1CCCCC1,0.005,None,None,None,None,None,None,None,None,None,O1_phenylsilane,C1=CC=C(C=C1)[Si]ÔøΩÔøΩ,0.6,None,None,None,None,None,None,none,100,none,0,UPLCMS,Y22,11955.4953,40105.96111,,,,,0,,,0,0.4,100,-20.7,-0.21,0
yk-1536-4-make-product,1536,80,,1536,Y,23,E345_Blank25,O=CO,0.2,N2_hydroxydehydroabietylamine,CC(C)C(C(O)=C1)=CC2=C1[C@]3(C)C(CC2)[C@](C)(CN)CCC3,0.1,MainProduct[1455],CC(C)C(C(O)=C1)=CC2=C1[C@]3(C)C(CC2)[C@](C)(CN)CCC3,"C1_PLATINUM-1,3-DIVINYL-1,1,3,3-TETRAMETHYLDISILOXANE COMPLEX, IN XYLENES",C=C[Si](C)(C)O[Si](C)(C)C=C.[Pt],0.15,L1_Davephos,CN(C)c1ccccc1-c1ccccc1P(C1CCCCC1)C1CCCCC1,0.005,None,None,None,None,None,None,None,None,None,O1_phenylsilane,C1=CC=C(C=C1)[Si]ÔøΩÔøΩ,0.6,None,None,None,None,None,None,none,100,none,0,UPLCMS,Y23,0,178339.841,,,,,179563.7313,,,0,1.8,100,0,0,0
yk-1536-4-make-product,1536,80,,1536,Y,24,E377_Blank57,O=CO,0.2,N2_hydroxydehydroabietylamine,CC(C)C(C(O)=C1)=CC2=C1[C@]3(C)C(CC2)[C@](C)(CN)CCC3,0.1,MainProduct[1456],CC(C)C(C(O)=C1)=CC2=C1[C@]3(C)C(CC2)[C@](C)(CN)CCC3,"C1_PLATINUM-1,3-DIVINYL-1,1,3,3-TETRAMETHYLDISILOXANE COMPLEX, IN XYLENES",C=C[Si](C)(C)O[Si](C)(C)C=C.[Pt],0.15,L1_Davephos,CN(C)c1ccccc1-c1ccccc1P(C1CCCCC1)C1CCCCC1,0.005,None,None,None,None,None,None,None,None,None,O1_phenylsilane,C1=CC=C(C=C1)[Si]ÔøΩÔøΩ,0.6,None,None,None,None,None,None,none,100,none,0,UPLCMS,Y24,0,0,,,,,0,,,0,0,0,0,0,0
yk-1536-4-make-product,1536,80,,1536,Y,25,"E40_6-METHOXYINDOLE-2-CARBOXYLIC ACID, 95%",COC1=CC2=C(C=C1)C=C(N2)C(=O)O,0.2,N3_Scaffold 7,CC(C)C1=CC2=CCC3[C@](C)(CN)CCC[C@]3(C)C2CC1,0.1,,COc1ccc2cc(CNC[C@]3(C)CCC[C@]4(C)C5CCC(C(C)C)=CC5=CCC34)[nH]c2c1,"C1_PLATINUM-1,3-DIVINYL-1,1,3,3-TETRAMETHYLDISILOXANE COMPLEX, IN XYLENES",C=C[Si](C)(C)O[Si](C)(C)C=C.[Pt],0.15,L1_Davephos,CN(C)c1ccccc1-c1ccccc1P(C1CCCCC1)C1CCCCC1,0.005,None,None,None,None,None,None,None,None,None,O1_phenylsilane,C1=CC=C(C=C1)[Si]ÔøΩÔøΩ,0.6,None,None,None,None,None,None,none,100,none,0,UPLCMS,Y25,910627.9595,3566695.405,210398.2026,637862.5452,0,0,12346.24914,0,0,6.4,35.7,84.8,66.2,0.8,0
yk-1536-4-make-product,1536,80,,1536,Y,26,E88_MEFENAMIC ACID,CC1=C(C(=CC=C1)NC2=CC=CC=C2C(=O)O)C,0.2,N3_Scaffold 7,CC(C)C1=CC2=CCC3[C@](C)(CN)CCC[C@]3(C)C2CC1,0.1,,Cc1cccc(Nc2ccccc2CNC[C@]2(C)CCC[C@]3(C)C4CCC(C(C)C)=CC4=CCC23)c1C,"C1_PLATINUM-1,3-DIVINYL-1,1,3,3-TETRAMETHYLDISILOXANE COMPLEX, IN XYLENES",C=C[Si](C)(C)O[Si](C)(C)C=C.[Pt],0.15,L1_Davephos,CN(C)c1ccccc1-c1ccccc1P(C1CCCCC1)C1CCCCC1,0.005,None,None,None,None,None,None,None,None,None,O1_phenylsilane,C1=CC=C(C=C1)[Si]ÔøΩÔøΩ,0.6,None,None,None,None,None,None,none,100,none,0,UPLCMS,Y26,795678.1819,593013.4928,788182.9512,1152980.061,0,0,0,0,0,11.5,5.9,34,-11.5,-0.3,0
yk-1536-4-make-product,1536,80,,1536,Y,27,E132_3-(4-bromophenyl)propanoic acid,C1=CC(=CC=C1CCC(=O)O)Br,0.2,N3_Scaffold 7,CC(C)C1=CC2=CCC3[C@](C)(CN)CCC[C@]3(C)C2CC1,0.1,,CC(C)C1=CC2=CCC3[C@](C)(CNCCCc4ccc(Br)cc4)CCC[C@]3(C)C2CC1,"C1_PLATINUM-1,3-DIVINYL-1,1,3,3-TETRAMETHYLDISILOXANE COMPLEX, IN XYLENES",C=C[Si](C)(C)O[Si](C)(C)C=C.[Pt],0.15,L1_Davephos,CN(C)c1ccccc1-c1ccccc1P(C1CCCCC1)C1CCCCC1,0.005,None,None,None,None,None,None,None,None,None,O1_phenylsilane,C1=CC=C(C=C1)[Si]ÔøΩÔøΩ,0.6,None,None,None,None,None,None,none,100,none,0,UPLCMS,Y27,316171.2481,251156.1459,37118.72274,183582.8413,0,0,0,0,0,1.8,2.5,58.3,-24.9,-0.4,0
yk-1536-4-make-product,1536,80,,1536,Y,28,"E168_2-(3,5-difluorophenyl)acetic acid",C1=C(C=C(C=C1F)F)CC(=O)O,0.2,N3_Scaffold 7,CC(C)C1=CC2=CCC3[C@](C)(CN)CCC[C@]3(C)C2CC1,0.1,,CC(C)C1=CC2=CCC3[C@](C)(CNCCc4cc(F)cc(F)c4)CCC[C@]3(C)C2CC1,"C1_PLATINUM-1,3-DIVINYL-1,1,3,3-TETRAMETHYLDISILOXANE COMPLEX, IN XYLENES",C=C[Si](C)(C)O[Si](C)(C)C=C.[Pt],0.15,L1_Davephos,CN(C)c1ccccc1-c1ccccc1P(C1CCCCC1)C1CCCCC1,0.005,None,None,None,None,None,None,None,None,None,O1_phenylsilane,C1=CC=C(C=C1)[Si]ÔøΩÔøΩ,0.6,None,None,None,None,None,None,none,100,none,0,UPLCMS,Y28,0,0,919407.3429,925738.3292,0,0,0,0,0,9.3,0,0,3.2,0,0
yk-1536-4-make-product,1536,80,,1536,Y,29,E213_4-methylsulfanylbenzoic acid,CSC1=CC=C(C=C1)C(=O)O,0.2,N3_Scaffold 7,CC(C)C1=CC2=CCC3[C@](C)(CN)CCC[C@]3(C)C2CC1,0.1,,CSc1ccc(CNC[C@]2(C)CCC[C@]3(C)C4CCC(C(C)C)=CC4=CCC23)cc1,"C1_PLATINUM-1,3-DIVINYL-1,1,3,3-TETRAMETHYLDISILOXANE COMPLEX, IN XYLENES",C=C[Si](C)(C)O[Si](C)(C)C=C.[Pt],0.15,L1_Davephos,CN(C)c1ccccc1-c1ccccc1P(C1CCCCC1)C1CCCCC1,0.005,None,None,None,None,None,None,None,None,None,O1_phenylsilane,C1=CC=C(C=C1)[Si]ÔøΩÔøΩ,0.6,None,None,None,None,None,None,none,100,none,0,UPLCMS,Y29,1963943.137,2154613.111,292683.9945,511150.5032,0,0,0,0,0,5.1,21.5,80.9,-23.7,-0.3,0
yk-1536-4-make-product,1536,80,,1536,Y,30,E264_4-(Trifluoromethoxy)benzoic Acid,C1=CC(=CC=C1C(=O)O)OC(F)(F)F,0.2,N3_Scaffold 7,CC(C)C1=CC2=CCC3[C@](C)(CN)CCC[C@]3(C)C2CC1,0.1,,CC(C)C1=CC2=CCC3[C@](C)(CNCc4ccc(OC(F)(F)F)cc4)CCC[C@]3(C)C2CC1,"C1_PLATINUM-1,3-DIVINYL-1,1,3,3-TETRAMETHYLDISILOXANE COMPLEX, IN XYLENES",C=C[Si](C)(C)O[Si](C)(C)C=C.[Pt],0.15,L1_Davephos,CN(C)c1ccccc1-c1ccccc1P(C1CCCCC1)C1CCCCC1,0.005,None,None,None,None,None,None,None,None,None,O1_phenylsilane,C1=CC=C(C=C1)[Si]ÔøΩÔøΩ,0.6,None,None,None,None,None,None,none,100,none,0,UPLCMS,Y30,0,0,1082946.422,1113195.554,0,0,0,0,0,11.1,0,0,-19.1,0,0
yk-1536-4-make-product,1536,80,,1536,Y,31,E312_Fenbufen,O=C(O)CCC(=O)c1ccc(-c2ccccc2)cc1,0.05,N3_Scaffold 7,CC(C)C1=CC2=CCC3[C@](C)(CN)CCC[C@]3(C)C2CC1,0.1,,CC(C)C1=CC2=CCC3[C@](C)(CNCCCC(=O)c4ccc(-c5ccccc5)cc4)CCC[C@]3(C)C2CC1,"C1_PLATINUM-1,3-DIVINYL-1,1,3,3-TETRAMETHYLDISILOXANE COMPLEX, IN XYLENES",C=C[Si](C)(C)O[Si](C)(C)C=C.[Pt],0.15,L1_Davephos,CN(C)c1ccccc1-c1ccccc1P(C1CCCCC1)C1CCCCC1,0.005,None,None,None,None,None,None,None,None,None,O1_phenylsilane,C1=CC=C(C=C1)[Si]ÔøΩÔøΩ,0.6,None,None,None,None,None,None,none,100,none,0,UPLCMS,Y31,77574.76665,0,41490.85606,211025.1376,0,0,0,0,0,2.1,0,0,-13.5,0,0
yk-1536-4-make-product,1536,80,,1536,Y,32,"E66_METHACRYLIC ACID, 99%",CC(=C)C(=O)O,0.2,N3_Scaffold 7,CC(C)C1=CC2=CCC3[C@](C)(CN)CCC[C@]3(C)C2CC1,0.1,,C=C(C)CNC[C@]1(C)CCC[C@]2(C)C3CCC(C(C)C)=CC3=CCC12,"C1_PLATINUM-1,3-DIVINYL-1,1,3,3-TETRAMETHYLDISILOXANE COMPLEX, IN XYLENES",C=C[Si](C)(C)O[Si](C)(C)C=C.[Pt],0.15,L1_Davephos,CN(C)c1ccccc1-c1ccccc1P(C1CCCCC1)C1CCCCC1,0.005,None,None,None,None,None,None,None,None,None,O1_phenylsilane,C1=CC=C(C=C1)[Si]ÔøΩÔøΩ,0.6,None,None,None,None,None,None,none,100,none,0,UPLCMS,Y32,168297.5331,143912,55968.36856,100014.0973,0,0,8367.08586,0,0,1,1.4,59,-17.3,-0.3,0
yk-1536-4-make-product,1536,80,,1536,Y,33,E199_2-methylpropanoic acid,CC(C)C(=O)O,0.2,N3_Scaffold 7,CC(C)C1=CC2=CCC3[C@](C)(CN)CCC[C@]3(C)C2CC1,0.1,,CC(C)CNC[C@]1(C)CCC[C@]2(C)C3CCC(C(C)C)=CC3=CCC12,"C1_PLATINUM-1,3-DIVINYL-1,1,3,3-TETRAMETHYLDISILOXANE COMPLEX, IN XYLENES",C=C[Si](C)(C)O[Si](C)(C)C=C.[Pt],0.15,L1_Davephos,CN(C)c1ccccc1-c1ccccc1P(C1CCCCC1)C1CCCCC1,0.005,None,None,None,None,None,None,None,None,None,O1_phenylsilane,C1=CC=C(C=C1)[Si]ÔøΩÔøΩ,0.6,None,None,None,None,None,None,none,100,none,0,UPLCMS,Y33,424840.9104,398047.1547,112062.8047,152716.9316,0,0,0,0,0,1.5,4,72.6,-31.7,-0.4,0
yk-1536-4-make-product,1536,80,,1536,Y,34,E286_1-Cyclopentene-1-carboxylic acid,C1CC=C(C1)C(=O)O,0.2,N3_Scaffold 7,CC(C)C1=CC2=CCC3[C@](C)(CN)CCC[C@]3(C)C2CC1,0.1,,CC(C)C1=CC2=CCC3[C@](C)(CNCC4=CCCC4)CCC[C@]3(C)C2CC1,"C1_PLATINUM-1,3-DIVINYL-1,1,3,3-TETRAMETHYLDISILOXANE COMPLEX, IN XYLENES",C=C[Si](C)(C)O[Si](C)(C)C=C.[Pt],0.15,L1_Davephos,CN(C)c1ccccc1-c1ccccc1P(C1CCCCC1)C1CCCCC1,0.005,None,None,None,None,None,None,None,None,None,O1_phenylsilane,C1=CC=C(C=C1)[Si]ÔøΩÔøΩ,0.6,None,None,None,None,None,None,none,100,none,0,UPLCMS,Y34,106238.8651,104535.1215,36704.31676,58091.78421,0,0,0,0,0,0.6,1,63.5,-17.6,-0.3,0
yk-1536-4-make-product,1536,80,,1536,Y,35,E345_Blank25,O=CO,0.2,N3_Scaffold 7,CC(C)C1=CC2=CCC3[C@](C)(CN)CCC[C@]3(C)C2CC1,0.1,MainProduct[1468],CC(C)C1=CC2=CCC3[C@](C)(CN)CCC[C@]3(C)C2CC1,"C1_PLATINUM-1,3-DIVINYL-1,1,3,3-TETRAMETHYLDISILOXANE COMPLEX, IN XYLENES",C=C[Si](C)(C)O[Si](C)(C)C=C.[Pt],0.15,L1_Davephos,CN(C)c1ccccc1-c1ccccc1P(C1CCCCC1)C1CCCCC1,0.005,None,None,None,None,None,None,None,None,None,O1_phenylsilane,C1=CC=C(C=C1)[Si]ÔøΩÔøΩ,0.6,None,None,None,None,None,None,none,100,none,0,UPLCMS,Y35,0,1106257.652,0,0,0,0,998446.379,0,0,0,11.1,100,0,0,0
yk-1536-4-make-product,1536,80,,1536,Y,36,E377_Blank57,O=CO,0.2,N3_Scaffold 7,CC(C)C1=CC2=CCC3[C@](C)(CN)CCC[C@]3(C)C2CC1,0.1,MainProduct[1469],CC(C)C1=CC2=CCC3[C@](C)(CN)CCC[C@]3(C)C2CC1,"C1_PLATINUM-1,3-DIVINYL-1,1,3,3-TETRAMETHYLDISILOXANE COMPLEX, IN XYLENES",C=C[Si](C)(C)O[Si](C)(C)C=C.[Pt],0.15,L1_Davephos,CN(C)c1ccccc1-c1ccccc1P(C1CCCCC1)C1CCCCC1,0.005,None,None,None,None,None,None,None,None,None,O1_phenylsilane,C1=CC=C(C=C1)[Si]ÔøΩÔøΩ,0.6,None,None,None,None,None,None,none,100,none,0,UPLCMS,Y36,0,0,0,0,0,0,0,0,0,0,0,0,0,0,0
yk-1536-4-make-product,1536,80,,1536,Y,37,"E40_6-METHOXYINDOLE-2-CARBOXYLIC ACID, 95%",COC1=CC2=C(C=C1)C=C(N2)C(=O)O,0.2,N4_Scaffold 6,CCNC[C@@]1(C)C2[C@](C)(CCC1)c3c(CC2)cc(C(C)C)c(c3)N,0.1,,CCNC[C@]1(C)CCC[C@]2(C)c3cc(NCc4cc5ccc(OC)cc5[nH]4)c(C(C)C)cc3CCC12,"C1_PLATINUM-1,3-DIVINYL-1,1,3,3-TETRAMETHYLDISILOXANE COMPLEX, IN XYLENES",C=C[Si](C)(C)O[Si](C)(C)C=C.[Pt],0.15,L1_Davephos,CN(C)c1ccccc1-c1ccccc1P(C1CCCCC1)C1CCCCC1,0.005,None,None,None,None,None,None,None,None,None,O1_phenylsilane,C1=CC=C(C=C1)[Si]ÔøΩÔøΩ,0.6,None,None,None,None,None,None,none,100,none,0,UPLCMS,Y37,401423.5935,1693074.668,0,0,1458921.239,1760968.082,721978.1428,0,0,17.6,16.9,49,-37.5,-0.8,0
yk-1536-4-make-product,1536,80,,1536,Y,38,E88_MEFENAMIC ACID,CC1=C(C(=CC=C1)NC2=CC=CC=C2C(=O)O)C,0.2,N4_Scaffold 6,CCNC[C@@]1(C)C2[C@](C)(CCC1)c3c(CC2)cc(C(C)C)c(c3)N,0.1,,CCNC[C@]1(C)CCC[C@]2(C)c3cc(NCc4ccccc4Nc4cccc(C)c4C)c(C(C)C)cc3CCC12,"C1_PLATINUM-1,3-DIVINYL-1,1,3,3-TETRAMETHYLDISILOXANE COMPLEX, IN XYLENES",C=C[Si](C)(C)O[Si](C)(C)C=C.[Pt],0.15,L1_Davephos,CN(C)c1ccccc1-c1ccccc1P(C1CCCCC1)C1CCCCC1,0.005,None,None,None,None,None,None,None,None,None,O1_phenylsilane,C1=CC=C(C=C1)[Si]ÔøΩÔøΩ,0.6,None,None,None,None,None,None,none,100,none,0,UPLCMS,Y38,222944.8765,1715806.508,0,0,1699403.545,1388501.024,172065.1651,0,0,13.9,17.2,55.2,-46.7,-0.8,0
yk-1536-4-make-product,1536,80,,1536,Y,39,E132_3-(4-bromophenyl)propanoic acid,C1=CC(=CC=C1CCC(=O)O)Br,0.2,N4_Scaffold 6,CCNC[C@@]1(C)C2[C@](C)(CCC1)c3c(CC2)cc(C(C)C)c(c3)N,0.1,,CCNC[C@]1(C)CCC[C@]2(C)c3cc(NCCCc4ccc(Br)cc4)c(C(C)C)cc3CCC12,"C1_PLATINUM-1,3-DIVINYL-1,1,3,3-TETRAMETHYLDISILOXANE COMPLEX, IN XYLENES",C=C[Si](C)(C)O[Si](C)(C)C=C.[Pt],0.15,L1_Davephos,CN(C)c1ccccc1-c1ccccc1P(C1CCCCC1)C1CCCCC1,0.005,None,None,None,None,None,None,None,None,None,O1_phenylsilane,C1=CC=C(C=C1)[Si]ÔøΩÔøΩ,0.6,None,None,None,None,None,None,none,100,none,0,UPLCMS,Y39,760086.7219,1388034.033,0,0,440831.3028,323419.7031,0,0,0,3.2,13.9,81.3,-53.3,-0.7,0
yk-1536-4-make-product,1536,80,,1536,Y,40,"E168_2-(3,5-difluorophenyl)acetic acid",C1=C(C=C(C=C1F)F)CC(=O)O,0.2,N4_Scaffold 6,CCNC[C@@]1(C)C2[C@](C)(CCC1)c3c(CC2)cc(C(C)C)c(c3)N,0.1,,CCNC[C@]1(C)CCC[C@]2(C)c3cc(NCCc4cc(F)cc(F)c4)c(C(C)C)cc3CCC12,"C1_PLATINUM-1,3-DIVINYL-1,1,3,3-TETRAMETHYLDISILOXANE COMPLEX, IN XYLENES",C=C[Si](C)(C)O[Si](C)(C)C=C.[Pt],0.15,L1_Davephos,CN(C)c1ccccc1-c1ccccc1P(C1CCCCC1)C1CCCCC1,0.005,None,None,None,None,None,None,None,None,None,O1_phenylsilane,C1=CC=C(C=C1)[Si]ÔøΩÔøΩ,0.6,None,None,None,None,None,None,none,100,none,0,UPLCMS,Y40,0,0,0,0,848133.455,891493.6489,0,0,0,8.9,0,0,-61.1,0,0
yk-1536-4-make-product,1536,80,,1536,Y,41,E213_4-methylsulfanylbenzoic acid,CSC1=CC=C(C=C1)C(=O)O,0.2,N4_Scaffold 6,CCNC[C@@]1(C)C2[C@](C)(CCC1)c3c(CC2)cc(C(C)C)c(c3)N,0.1,,CCNC[C@]1(C)CCC[C@]2(C)c3cc(NCc4ccc(SC)cc4)c(C(C)C)cc3CCC12,"C1_PLATINUM-1,3-DIVINYL-1,1,3,3-TETRAMETHYLDISILOXANE COMPLEX, IN XYLENES",C=C[Si](C)(C)O[Si](C)(C)C=C.[Pt],0.15,L1_Davephos,CN(C)c1ccccc1-c1ccccc1P(C1CCCCC1)C1CCCCC1,0.005,None,None,None,None,None,None,None,None,None,O1_phenylsilane,C1=CC=C(C=C1)[Si]ÔøΩÔøΩ,0.6,None,None,None,None,None,None,none,100,none,0,UPLCMS,Y41,224014.3613,62771.64246,0,0,2227701.939,2472205.441,0,0,0,24.7,0.6,2.5,-43.7,-17.5,0
yk-1536-4-make-product,1536,80,,1536,Y,42,E264_4-(Trifluoromethoxy)benzoic Acid,C1=CC(=CC=C1C(=O)O)OC(F)(F)F,0.2,N4_Scaffold 6,CCNC[C@@]1(C)C2[C@](C)(CCC1)c3c(CC2)cc(C(C)C)c(c3)N,0.1,,CCNC[C@]1(C)CCC[C@]2(C)c3cc(NCc4ccc(OC(F)(F)F)cc4)c(C(C)C)cc3CCC12,"C1_PLATINUM-1,3-DIVINYL-1,1,3,3-TETRAMETHYLDISILOXANE COMPLEX, IN XYLENES",C=C[Si](C)(C)O[Si](C)(C)C=C.[Pt],0.15,L1_Davephos,CN(C)c1ccccc1-c1ccccc1P(C1CCCCC1)C1CCCCC1,0.005,None,None,None,None,None,None,None,None,None,O1_phenylsilane,C1=CC=C(C=C1)[Si]ÔøΩÔøΩ,0.6,None,None,None,None,None,None,none,100,none,0,UPLCMS,Y42,0,0,0,0,810522.7816,892441.3918,0,0,0,8.9,0,0,-54.9,0,0
yk-1536-4-make-product,1536,80,,1536,Y,43,E312_Fenbufen,O=C(O)CCC(=O)c1ccc(-c2ccccc2)cc1,0.05,N4_Scaffold 6,CCNC[C@@]1(C)C2[C@](C)(CCC1)c3c(CC2)cc(C(C)C)c(c3)N,0.1,,CCNC[C@]1(C)CCC[C@]2(C)c3cc(NCCCC(=O)c4ccc(-c5ccccc5)cc4)c(C(C)C)cc3CCC12,"C1_PLATINUM-1,3-DIVINYL-1,1,3,3-TETRAMETHYLDISILOXANE COMPLEX, IN XYLENES",C=C[Si](C)(C)O[Si](C)(C)C=C.[Pt],0.15,L1_Davephos,CN(C)c1ccccc1-c1ccccc1P(C1CCCCC1)C1CCCCC1,0.005,None,None,None,None,None,None,None,None,None,O1_phenylsilane,C1=CC=C(C=C1)[Si]ÔøΩÔøΩ,0.6,None,None,None,None,None,None,none,100,none,0,UPLCMS,Y43,744900.5603,1479716,0,0,546208.5136,400249.7544,0,0,0,4,14.8,78.7,-49.6,-0.6,0
yk-1536-4-make-product,1536,80,,1536,Y,44,"E66_METHACRYLIC ACID, 99%",CC(=C)C(=O)O,0.2,N4_Scaffold 6,CCNC[C@@]1(C)C2[C@](C)(CCC1)c3c(CC2)cc(C(C)C)c(c3)N,0.1,,C=C(C)CNc1cc2c(cc1C(C)C)CCC1[C@](C)(CNCC)CCC[C@]21C,"C1_PLATINUM-1,3-DIVINYL-1,1,3,3-TETRAMETHYLDISILOXANE COMPLEX, IN XYLENES",C=C[Si](C)(C)O[Si](C)(C)C=C.[Pt],0.15,L1_Davephos,CN(C)c1ccccc1-c1ccccc1P(C1CCCCC1)C1CCCCC1,0.005,None,None,None,None,None,None,None,None,None,O1_phenylsilane,C1=CC=C(C=C1)[Si]ÔøΩÔøΩ,0.6,None,None,None,None,None,None,none,100,none,0,UPLCMS,Y44,2311.3022,0,0,0,391359.4406,325279.8879,43462.38079,0,0,3.3,0,0,-26.8,0,0
yk-1536-4-make-product,1536,80,,1536,Y,45,E199_2-methylpropanoic acid,CC(C)C(=O)O,0.2,N4_Scaffold 6,CCNC[C@@]1(C)C2[C@](C)(CCC1)c3c(CC2)cc(C(C)C)c(c3)N,0.1,,CCNC[C@]1(C)CCC[C@]2(C)c3cc(NCC(C)C)c(C(C)C)cc3CCC12,"C1_PLATINUM-1,3-DIVINYL-1,1,3,3-TETRAMETHYLDISILOXANE COMPLEX, IN XYLENES",C=C[Si](C)(C)O[Si](C)(C)C=C.[Pt],0.15,L1_Davephos,CN(C)c1ccccc1-c1ccccc1P(C1CCCCC1)C1CCCCC1,0.005,None,None,None,None,None,None,None,None,None,O1_phenylsilane,C1=CC=C(C=C1)[Si]ÔøΩÔøΩ,0.6,None,None,None,None,None,None,none,100,none,0,UPLCMS,Y45,89780.35397,468832.5817,0,0,682687.2934,660433.9462,0,0,0,6.6,4.7,41.5,-26,-0.6,0
yk-1536-4-make-product,1536,80,,1536,Y,46,E286_1-Cyclopentene-1-carboxylic acid,C1CC=C(C1)C(=O)O,0.2,N4_Scaffold 6,CCNC[C@@]1(C)C2[C@](C)(CCC1)c3c(CC2)cc(C(C)C)c(c3)N,0.1,,CCNC[C@]1(C)CCC[C@]2(C)c3cc(NCC4=CCCC4)c(C(C)C)cc3CCC12,"C1_PLATINUM-1,3-DIVINYL-1,1,3,3-TETRAMETHYLDISILOXANE COMPLEX, IN XYLENES",C=C[Si](C)(C)O[Si](C)(C)C=C.[Pt],0.15,L1_Davephos,CN(C)c1ccccc1-c1ccccc1P(C1CCCCC1)C1CCCCC1,0.005,None,None,None,None,None,None,None,None,None,O1_phenylsilane,C1=CC=C(C=C1)[Si]ÔøΩÔøΩ,0.6,None,None,None,None,None,None,none,100,none,0,UPLCMS,Y46,145384.3544,172017.3957,0,0,322875.462,212387.1534,0,0,0,2.1,1.7,45,-16.8,-0.4,0
yk-1536-4-make-product,1536,80,,1536,Y,47,E345_Blank25,O=CO,0.2,N4_Scaffold 6,CCNC[C@@]1(C)C2[C@](C)(CCC1)c3c(CC2)cc(C(C)C)c(c3)N,0.1,MainProduct[1481],CCNC[C@@]1(C)C2[C@](C)(CCC1)c3c(CC2)cc(C(C)C)c(c3)N,"C1_PLATINUM-1,3-DIVINYL-1,1,3,3-TETRAMETHYLDISILOXANE COMPLEX, IN XYLENES",C=C[Si](C)(C)O[Si](C)(C)C=C.[Pt],0.15,L1_Davephos,CN(C)c1ccccc1-c1ccccc1P(C1CCCCC1)C1CCCCC1,0.005,None,None,None,None,None,None,None,None,None,O1_phenylsilane,C1=CC=C(C=C1)[Si]ÔøΩÔøΩ,0.6,None,None,None,None,None,None,none,100,none,0,UPLCMS,Y47,0,745244.5721,0,0,0,0,684316.3704,0,0,0,7.5,100,0,0,0
yk-1536-4-make-product,1536,80,,1536,Y,48,E377_Blank57,O=CO,0.2,N4_Scaffold 6,CCNC[C@@]1(C)C2[C@](C)(CCC1)c3c(CC2)cc(C(C)C)c(c3)N,0.1,MainProduct[1482],CCNC[C@@]1(C)C2[C@](C)(CCC1)c3c(CC2)cc(C(C)C)c(c3)N,"C1_PLATINUM-1,3-DIVINYL-1,1,3,3-TETRAMETHYLDISILOXANE COMPLEX, IN XYLENES",C=C[Si](C)(C)O[Si](C)(C)C=C.[Pt],0.15,L1_Davephos,CN(C)c1ccccc1-c1ccccc1P(C1CCCCC1)C1CCCCC1,0.005,None,None,None,None,None,None,None,None,None,O1_phenylsilane,C1=CC=C(C=C1)[Si]ÔøΩÔøΩ,0.6,None,None,None,None,None,None,none,100,none,0,UPLCMS,Y48,0,0,0,0,0,0,0,0,0,0,0,0,0,0,0
yk-1536-4-make-product,1536,80,,1536,Z,1,"E41_2-METHOXY-4-METHYLBENZOIC ACID, 97%",CC1=CC(=C(C=C1)C(=O)O)OC,0.2,N1_(+)-Dehydroabietylamine,CC(C)c1ccc2c(c1)CC[C@H]1[C@](C)(CN)CCC[C@]21C,0.1,,COc1cc(C)ccc1CNC[C@]1(C)CCC[C@]2(C)c3ccc(C(C)C)cc3CC[C@@H]12,"C1_PLATINUM-1,3-DIVINYL-1,1,3,3-TETRAMETHYLDISILOXANE COMPLEX, IN XYLENES",C=C[Si](C)(C)O[Si](C)(C)C=C.[Pt],0.15,L1_Davephos,CN(C)c1ccccc1-c1ccccc1P(C1CCCCC1)C1CCCCC1,0.005,None,None,None,None,None,None,None,None,None,O1_phenylsilane,C1=CC=C(C=C1)[Si]ÔøΩÔøΩ,0.6,None,None,None,None,None,None,none,100,none,0,UPLCMS,Z1,3542322.766,2968361.212,,,,,0,,,18.2,29.7,62,-42.8,-0.69,0
yk-1536-4-make-product,1536,80,,1536,Z,2,"E89_ANTI-3-OXOTRICYCLO[2.2.1.02,6]HEPTANE-7-CARBOXYLIC ACID",C1C2C3C2C(=O)C1C3C(=O)O,0.2,N1_(+)-Dehydroabietylamine,CC(C)c1ccc2c(c1)CC[C@H]1[C@](C)(CN)CCC[C@]21C,0.1,,CC(C)c1ccc2c(c1)CC[C@H]1[C@](C)(CNCC3C4CC5C(C4=O)C35)CCC[C@]21C,"C1_PLATINUM-1,3-DIVINYL-1,1,3,3-TETRAMETHYLDISILOXANE COMPLEX, IN XYLENES",C=C[Si](C)(C)O[Si](C)(C)C=C.[Pt],0.15,L1_Davephos,CN(C)c1ccccc1-c1ccccc1P(C1CCCCC1)C1CCCCC1,0.005,None,None,None,None,None,None,None,None,None,O1_phenylsilane,C1=CC=C(C=C1)[Si]ÔøΩÔøΩ,0.6,None,None,None,None,None,None,none,100,none,0,UPLCMS,Z2,411501.6312,3020641.041,,,,,12333.86336,,,2.4,30.2,92.5,-20,-0.22,0
yk-1536-4-make-product,1536,80,,1536,Z,3,E133_1-benzylpiperidine-4-carboxylic acid,C1CN(CCC1C(=O)O)CC2=CC=CC=C2,0.2,N1_(+)-Dehydroabietylamine,CC(C)c1ccc2c(c1)CC[C@H]1[C@](C)(CN)CCC[C@]21C,0.1,,CC(C)c1ccc2c(c1)CC[C@H]1[C@](C)(CNCC3CCN(Cc4ccccc4)CC3)CCC[C@]21C,"C1_PLATINUM-1,3-DIVINYL-1,1,3,3-TETRAMETHYLDISILOXANE COMPLEX, IN XYLENES",C=C[Si](C)(C)O[Si](C)(C)C=C.[Pt],0.15,L1_Davephos,CN(C)c1ccccc1-c1ccccc1P(C1CCCCC1)C1CCCCC1,0.005,None,None,None,None,None,None,None,None,None,O1_phenylsilane,C1=CC=C(C=C1)[Si]ÔøΩÔøΩ,0.6,None,None,None,None,None,None,none,100,none,0,UPLCMS,Z3,446193.2435,0,,,,,0,,,35.2,0,0,40.2,0,0
yk-1536-4-make-product,1536,80,,1536,Z,4,"E169_2-[2,3-dichloro-4-(2-methylidenebutanoyl)phenoxy]acetic acid",CCC(=C)C(=O)C1=C(C(=C(C=C1)OCC(=O)O)Cl)Cl,0.2,N1_(+)-Dehydroabietylamine,CC(C)c1ccc2c(c1)CC[C@H]1[C@](C)(CN)CCC[C@]21C,0.1,,C=C(CC)C(=O)c1ccc(OCCNC[C@]2(C)CCC[C@]3(C)c4ccc(C(C)C)cc4CC[C@@H]23)c(Cl)c1Cl,"C1_PLATINUM-1,3-DIVINYL-1,1,3,3-TETRAMETHYLDISILOXANE COMPLEX, IN XYLENES",C=C[Si](C)(C)O[Si](C)(C)C=C.[Pt],0.15,L1_Davephos,CN(C)c1ccccc1-c1ccccc1P(C1CCCCC1)C1CCCCC1,0.005,None,None,None,None,None,None,None,None,None,O1_phenylsilane,C1=CC=C(C=C1)[Si]ÔøΩÔøΩ,0.6,None,None,None,None,None,None,none,100,none,0,UPLCMS,Z4,1452340.335,1566645.336,,,,,0,,,8.3,15.7,65.4,-22.6,-0.35,0
yk-1536-4-make-product,1536,80,,1536,Z,5,E215_3-(2-methylphenyl)propanoic acid,CC1=CC=CC=C1CCC(=O)O,0.2,N1_(+)-Dehydroabietylamine,CC(C)c1ccc2c(c1)CC[C@H]1[C@](C)(CN)CCC[C@]21C,0.1,,Cc1ccccc1CCCNC[C@]1(C)CCC[C@]2(C)c3ccc(C(C)C)cc3CC[C@@H]12,"C1_PLATINUM-1,3-DIVINYL-1,1,3,3-TETRAMETHYLDISILOXANE COMPLEX, IN XYLENES",C=C[Si](C)(C)O[Si](C)(C)C=C.[Pt],0.15,L1_Davephos,CN(C)c1ccccc1-c1ccccc1P(C1CCCCC1)C1CCCCC1,0.005,None,None,None,None,None,None,None,None,None,O1_phenylsilane,C1=CC=C(C=C1)[Si]ÔøΩÔøΩ,0.6,None,None,None,None,None,None,none,100,none,0,UPLCMS,Z5,1562764.535,1427581.47,,,,,0,,,3.2,14.3,81.6,-31.5,-0.39,0
yk-1536-4-make-product,1536,80,,1536,Z,6,E266_2-(Trifluoromethyl)benzoic acid,C1=CC=C(C(=C1)C(=O)O)C(F)(F)F,0.2,N1_(+)-Dehydroabietylamine,CC(C)c1ccc2c(c1)CC[C@H]1[C@](C)(CN)CCC[C@]21C,0.1,,CC(C)c1ccc2c(c1)CC[C@H]1[C@](C)(CNCc3ccccc3C(F)(F)F)CCC[C@]21C,"C1_PLATINUM-1,3-DIVINYL-1,1,3,3-TETRAMETHYLDISILOXANE COMPLEX, IN XYLENES",C=C[Si](C)(C)O[Si](C)(C)C=C.[Pt],0.15,L1_Davephos,CN(C)c1ccccc1-c1ccccc1P(C1CCCCC1)C1CCCCC1,0.005,None,None,None,None,None,None,None,None,None,O1_phenylsilane,C1=CC=C(C=C1)[Si]ÔøΩÔøΩ,0.6,None,None,None,None,None,None,none,100,none,0,UPLCMS,Z6,36461.25106,0,,,,,0,,,31.7,0,0,-12.6,0,0
yk-1536-4-make-product,1536,80,,1536,Z,7,E313_Biotin,O=C(O)CCCC[C@@H]1SC[C@@H]2NC(=O)N[C@@H]21,0.05,N1_(+)-Dehydroabietylamine,CC(C)c1ccc2c(c1)CC[C@H]1[C@](C)(CN)CCC[C@]21C,0.1,,CC(C)c1ccc2c(c1)CC[C@H]1[C@](C)(CNCCCCC[C@@H]3SC[C@@H]4NC(=O)N[C@@H]43)CCC[C@]21C,"C1_PLATINUM-1,3-DIVINYL-1,1,3,3-TETRAMETHYLDISILOXANE COMPLEX, IN XYLENES",C=C[Si](C)(C)O[Si](C)(C)C=C.[Pt],0.15,L1_Davephos,CN(C)c1ccccc1-c1ccccc1P(C1CCCCC1)C1CCCCC1,0.005,None,None,None,None,None,None,None,None,None,O1_phenylsilane,C1=CC=C(C=C1)[Si]ÔøΩÔøΩ,0.6,None,None,None,None,None,None,none,100,none,0,UPLCMS,Z7,473648.8163,1363150.228,,,,,0,,,30.5,13.6,30.9,13,0.42,0
yk-1536-4-make-product,1536,80,,1536,Z,8,"E72_2-FLUORO-2-METHYLPROPANOIC ACID, 97%",CC(C)(C(=O)O)F,0.2,N1_(+)-Dehydroabietylamine,CC(C)c1ccc2c(c1)CC[C@H]1[C@](C)(CN)CCC[C@]21C,0.1,,CC(C)c1ccc2c(c1)CC[C@H]1[C@](C)(CNCC(C)(C)F)CCC[C@]21C,"C1_PLATINUM-1,3-DIVINYL-1,1,3,3-TETRAMETHYLDISILOXANE COMPLEX, IN XYLENES",C=C[Si](C)(C)O[Si](C)(C)C=C.[Pt],0.15,L1_Davephos,CN(C)c1ccccc1-c1ccccc1P(C1CCCCC1)C1CCCCC1,0.005,None,None,None,None,None,None,None,None,None,O1_phenylsilane,C1=CC=C(C=C1)[Si]ÔøΩÔøΩ,0.6,None,None,None,None,None,None,none,100,none,0,UPLCMS,Z8,570967.1831,1714663.827,,,,,0,,,20.6,17.1,45.4,-27.8,-0.61,0
yk-1536-4-make-product,1536,80,,1536,Z,9,E204_1-methylpyrazole-4-carboxylic acid,CN1C=C(C=N1)C(=O)O,0.2,N1_(+)-Dehydroabietylamine,CC(C)c1ccc2c(c1)CC[C@H]1[C@](C)(CN)CCC[C@]21C,0.1,,CC(C)c1ccc2c(c1)CC[C@H]1[C@](C)(CNCc3cnn(C)c3)CCC[C@]21C,"C1_PLATINUM-1,3-DIVINYL-1,1,3,3-TETRAMETHYLDISILOXANE COMPLEX, IN XYLENES",C=C[Si](C)(C)O[Si](C)(C)C=C.[Pt],0.15,L1_Davephos,CN(C)c1ccccc1-c1ccccc1P(C1CCCCC1)C1CCCCC1,0.005,None,None,None,None,None,None,None,None,None,O1_phenylsilane,C1=CC=C(C=C1)[Si]ÔøΩÔøΩ,0.6,None,None,None,None,None,None,none,100,none,0,UPLCMS,Z9,0,0,,,,,0,,,36.2,0,0,-9.2,0,0
yk-1536-4-make-product,1536,80,,1536,Z,10,"E290_CYCLOPROPANECARBOXYLIC ACID, 95%",C1CC1C(=O)O,0.2,N1_(+)-Dehydroabietylamine,CC(C)c1ccc2c(c1)CC[C@H]1[C@](C)(CN)CCC[C@]21C,0.1,,CC(C)c1ccc2c(c1)CC[C@H]1[C@](C)(CNCC3CC3)CCC[C@]21C,"C1_PLATINUM-1,3-DIVINYL-1,1,3,3-TETRAMETHYLDISILOXANE COMPLEX, IN XYLENES",C=C[Si](C)(C)O[Si](C)(C)C=C.[Pt],0.15,L1_Davephos,CN(C)c1ccccc1-c1ccccc1P(C1CCCCC1)C1CCCCC1,0.005,None,None,None,None,None,None,None,None,None,O1_phenylsilane,C1=CC=C(C=C1)[Si]ÔøΩÔøΩ,0.6,None,None,None,None,None,None,none,100,none,0,UPLCMS,Z10,2204114.856,2109409.254,,,,,0,,,3.6,21.1,85.3,-20.2,-0.24,0
yk-1536-4-make-product,1536,80,,1536,Z,11,E346_Blank26,O=CO,0.2,N1_(+)-Dehydroabietylamine,CC(C)c1ccc2c(c1)CC[C@H]1[C@](C)(CN)CCC[C@]21C,0.1,MainProduct[1490],CC(C)c1ccc2c(c1)CC[C@H]1[C@](C)(CN)CCC[C@]21C,"C1_PLATINUM-1,3-DIVINYL-1,1,3,3-TETRAMETHYLDISILOXANE COMPLEX, IN XYLENES",C=C[Si](C)(C)O[Si](C)(C)C=C.[Pt],0.15,L1_Davephos,CN(C)c1ccccc1-c1ccccc1P(C1CCCCC1)C1CCCCC1,0.005,None,None,None,None,None,None,None,None,None,O1_phenylsilane,C1=CC=C(C=C1)[Si]ÔøΩÔøΩ,0.6,None,None,None,None,None,None,none,100,none,0,UPLCMS,Z11,0,2981723.46,,,,,3278778.886,,,0,29.8,100,0,0,0
yk-1536-4-make-product,1536,80,,1536,Z,12,E378_Blank58,O=CO,0.2,N1_(+)-Dehydroabietylamine,CC(C)c1ccc2c(c1)CC[C@H]1[C@](C)(CN)CCC[C@]21C,0.1,MainProduct[1491],CC(C)c1ccc2c(c1)CC[C@H]1[C@](C)(CN)CCC[C@]21C,"C1_PLATINUM-1,3-DIVINYL-1,1,3,3-TETRAMETHYLDISILOXANE COMPLEX, IN XYLENES",C=C[Si](C)(C)O[Si](C)(C)C=C.[Pt],0.15,L1_Davephos,CN(C)c1ccccc1-c1ccccc1P(C1CCCCC1)C1CCCCC1,0.005,None,None,None,None,None,None,None,None,None,O1_phenylsilane,C1=CC=C(C=C1)[Si]ÔøΩÔøΩ,0.6,None,None,None,None,None,None,none,100,none,0,UPLCMS,Z12,0,0,,,,,0,,,0,0,0,0,0,0
yk-1536-4-make-product,1536,80,,1536,Z,13,"E41_2-METHOXY-4-METHYLBENZOIC ACID, 97%",CC1=CC(=C(C=C1)C(=O)O)OC,0.2,N2_hydroxydehydroabietylamine,CC(C)C(C(O)=C1)=CC2=C1[C@]3(C)C(CC2)[C@](C)(CN)CCC3,0.1,,COc1cc(C)ccc1CNC[C@]1(C)CCC[C@]2(C)c3cc(O)c(C(C)C)cc3CCC12,"C1_PLATINUM-1,3-DIVINYL-1,1,3,3-TETRAMETHYLDISILOXANE COMPLEX, IN XYLENES",C=C[Si](C)(C)O[Si](C)(C)C=C.[Pt],0.15,L1_Davephos,CN(C)c1ccccc1-c1ccccc1P(C1CCCCC1)C1CCCCC1,0.005,None,None,None,None,None,None,None,None,None,O1_phenylsilane,C1=CC=C(C=C1)[Si]ÔøΩÔøΩ,0.6,None,None,None,None,None,None,none,100,none,0,UPLCMS,Z13,1001936.235,1255578.001,,,,,0,,,0,12.6,100,-42.1,-0.42,0
yk-1536-4-make-product,1536,80,,1536,Z,14,"E89_ANTI-3-OXOTRICYCLO[2.2.1.02,6]HEPTANE-7-CARBOXYLIC ACID",C1C2C3C2C(=O)C1C3C(=O)O,0.2,N2_hydroxydehydroabietylamine,CC(C)C(C(O)=C1)=CC2=C1[C@]3(C)C(CC2)[C@](C)(CN)CCC3,0.1,,CC(C)c1cc2c(cc1O)[C@@]1(C)CCC[C@@](C)(CNCC3C4CC5C(C4=O)C35)C1CC2,"C1_PLATINUM-1,3-DIVINYL-1,1,3,3-TETRAMETHYLDISILOXANE COMPLEX, IN XYLENES",C=C[Si](C)(C)O[Si](C)(C)C=C.[Pt],0.15,L1_Davephos,CN(C)c1ccccc1-c1ccccc1P(C1CCCCC1)C1CCCCC1,0.005,None,None,None,None,None,None,None,None,None,O1_phenylsilane,C1=CC=C(C=C1)[Si]ÔøΩÔøΩ,0.6,None,None,None,None,None,None,none,100,none,0,UPLCMS,Z14,26109.12757,47229.2471,,,,,0,,,0,0.5,100,-43,-0.43,0
yk-1536-4-make-product,1536,80,,1536,Z,15,E133_1-benzylpiperidine-4-carboxylic acid,C1CN(CCC1C(=O)O)CC2=CC=CC=C2,0.2,N2_hydroxydehydroabietylamine,CC(C)C(C(O)=C1)=CC2=C1[C@]3(C)C(CC2)[C@](C)(CN)CCC3,0.1,,CC(C)c1cc2c(cc1O)[C@@]1(C)CCC[C@@](C)(CNCC3CCN(Cc4ccccc4)CC3)C1CC2,"C1_PLATINUM-1,3-DIVINYL-1,1,3,3-TETRAMETHYLDISILOXANE COMPLEX, IN XYLENES",C=C[Si](C)(C)O[Si](C)(C)C=C.[Pt],0.15,L1_Davephos,CN(C)c1ccccc1-c1ccccc1P(C1CCCCC1)C1CCCCC1,0.005,None,None,None,None,None,None,None,None,None,O1_phenylsilane,C1=CC=C(C=C1)[Si]ÔøΩÔøΩ,0.6,None,None,None,None,None,None,none,100,none,0,UPLCMS,Z15,176234.7883,481799.8735,,,,,0,,,0,4.8,100,-27.3,-0.27,0
yk-1536-4-make-product,1536,80,,1536,Z,16,"E169_2-[2,3-dichloro-4-(2-methylidenebutanoyl)phenoxy]acetic acid",CCC(=C)C(=O)C1=C(C(=C(C=C1)OCC(=O)O)Cl)Cl,0.2,N2_hydroxydehydroabietylamine,CC(C)C(C(O)=C1)=CC2=C1[C@]3(C)C(CC2)[C@](C)(CN)CCC3,0.1,,C=C(CC)C(=O)c1ccc(OCCNC[C@]2(C)CCC[C@]3(C)c4cc(O)c(C(C)C)cc4CCC23)c(Cl)c1Cl,"C1_PLATINUM-1,3-DIVINYL-1,1,3,3-TETRAMETHYLDISILOXANE COMPLEX, IN XYLENES",C=C[Si](C)(C)O[Si](C)(C)C=C.[Pt],0.15,L1_Davephos,CN(C)c1ccccc1-c1ccccc1P(C1CCCCC1)C1CCCCC1,0.005,None,None,None,None,None,None,None,None,None,O1_phenylsilane,C1=CC=C(C=C1)[Si]ÔøΩÔøΩ,0.6,None,None,None,None,None,None,none,100,none,0,UPLCMS,Z16,57329.70805,0,,,,,0,,,0,0,0,-35.6,0,0
yk-1536-4-make-product,1536,80,,1536,Z,17,E215_3-(2-methylphenyl)propanoic acid,CC1=CC=CC=C1CCC(=O)O,0.2,N2_hydroxydehydroabietylamine,CC(C)C(C(O)=C1)=CC2=C1[C@]3(C)C(CC2)[C@](C)(CN)CCC3,0.1,,Cc1ccccc1CCCNC[C@]1(C)CCC[C@]2(C)c3cc(O)c(C(C)C)cc3CCC12,"C1_PLATINUM-1,3-DIVINYL-1,1,3,3-TETRAMETHYLDISILOXANE COMPLEX, IN XYLENES",C=C[Si](C)(C)O[Si](C)(C)C=C.[Pt],0.15,L1_Davephos,CN(C)c1ccccc1-c1ccccc1P(C1CCCCC1)C1CCCCC1,0.005,None,None,None,None,None,None,None,None,None,O1_phenylsilane,C1=CC=C(C=C1)[Si]ÔøΩÔøΩ,0.6,None,None,None,None,None,None,none,100,none,0,UPLCMS,Z17,214747.5247,168519.9301,,,,,0,,,0,1.7,100,-49.5,-0.5,0
yk-1536-4-make-product,1536,80,,1536,Z,18,E266_2-(Trifluoromethyl)benzoic acid,C1=CC=C(C(=C1)C(=O)O)C(F)(F)F,0.2,N2_hydroxydehydroabietylamine,CC(C)C(C(O)=C1)=CC2=C1[C@]3(C)C(CC2)[C@](C)(CN)CCC3,0.1,,CC(C)c1cc2c(cc1O)[C@@]1(C)CCC[C@@](C)(CNCc3ccccc3C(F)(F)F)C1CC2,"C1_PLATINUM-1,3-DIVINYL-1,1,3,3-TETRAMETHYLDISILOXANE COMPLEX, IN XYLENES",C=C[Si](C)(C)O[Si](C)(C)C=C.[Pt],0.15,L1_Davephos,CN(C)c1ccccc1-c1ccccc1P(C1CCCCC1)C1CCCCC1,0.005,None,None,None,None,None,None,None,None,None,O1_phenylsilane,C1=CC=C(C=C1)[Si]ÔøΩÔøΩ,0.6,None,None,None,None,None,None,none,100,none,0,UPLCMS,Z18,10290.30789,40620.02374,,,,,0,,,3.6,0.4,10.2,-24.7,-2.42,0
yk-1536-4-make-product,1536,80,,1536,Z,19,E313_Biotin,O=C(O)CCCC[C@@H]1SC[C@@H]2NC(=O)N[C@@H]21,0.05,N2_hydroxydehydroabietylamine,CC(C)C(C(O)=C1)=CC2=C1[C@]3(C)C(CC2)[C@](C)(CN)CCC3,0.1,,CC(C)c1cc2c(cc1O)[C@@]1(C)CCC[C@@](C)(CNCCCCC[C@@H]3SC[C@@H]4NC(=O)N[C@@H]43)C1CC2,"C1_PLATINUM-1,3-DIVINYL-1,1,3,3-TETRAMETHYLDISILOXANE COMPLEX, IN XYLENES",C=C[Si](C)(C)O[Si](C)(C)C=C.[Pt],0.15,L1_Davephos,CN(C)c1ccccc1-c1ccccc1P(C1CCCCC1)C1CCCCC1,0.005,None,None,None,None,None,None,None,None,None,O1_phenylsilane,C1=CC=C(C=C1)[Si]ÔøΩÔøΩ,0.6,None,None,None,None,None,None,none,100,none,0,UPLCMS,Z19,16556.5533,0,,,,,2160.14215,,,2.1,0,0,-36.2,0,0
yk-1536-4-make-product,1536,80,,1536,Z,20,"E72_2-FLUORO-2-METHYLPROPANOIC ACID, 97%",CC(C)(C(=O)O)F,0.2,N2_hydroxydehydroabietylamine,CC(C)C(C(O)=C1)=CC2=C1[C@]3(C)C(CC2)[C@](C)(CN)CCC3,0.1,,CC(C)c1cc2c(cc1O)[C@@]1(C)CCC[C@@](C)(CNCC(C)(C)F)C1CC2,"C1_PLATINUM-1,3-DIVINYL-1,1,3,3-TETRAMETHYLDISILOXANE COMPLEX, IN XYLENES",C=C[Si](C)(C)O[Si](C)(C)C=C.[Pt],0.15,L1_Davephos,CN(C)c1ccccc1-c1ccccc1P(C1CCCCC1)C1CCCCC1,0.005,None,None,None,None,None,None,None,None,None,O1_phenylsilane,C1=CC=C(C=C1)[Si]ÔøΩÔøΩ,0.6,None,None,None,None,None,None,none,100,none,0,UPLCMS,Z20,148912.7916,338827,,,,,0,,,0,3.4,100,-39,-0.39,0
yk-1536-4-make-product,1536,80,,1536,Z,21,E204_1-methylpyrazole-4-carboxylic acid,CN1C=C(C=N1)C(=O)O,0.2,N2_hydroxydehydroabietylamine,CC(C)C(C(O)=C1)=CC2=C1[C@]3(C)C(CC2)[C@](C)(CN)CCC3,0.1,,CC(C)c1cc2c(cc1O)[C@@]1(C)CCC[C@@](C)(CNCc3cnn(C)c3)C1CC2,"C1_PLATINUM-1,3-DIVINYL-1,1,3,3-TETRAMETHYLDISILOXANE COMPLEX, IN XYLENES",C=C[Si](C)(C)O[Si](C)(C)C=C.[Pt],0.15,L1_Davephos,CN(C)c1ccccc1-c1ccccc1P(C1CCCCC1)C1CCCCC1,0.005,None,None,None,None,None,None,None,None,None,O1_phenylsilane,C1=CC=C(C=C1)[Si]ÔøΩÔøΩ,0.6,None,None,None,None,None,None,none,100,none,0,UPLCMS,Z21,3667.31165,0,,,,,0,,,4,0,0,-39.4,0,0
yk-1536-4-make-product,1536,80,,1536,Z,22,"E290_CYCLOPROPANECARBOXYLIC ACID, 95%",C1CC1C(=O)O,0.2,N2_hydroxydehydroabietylamine,CC(C)C(C(O)=C1)=CC2=C1[C@]3(C)C(CC2)[C@](C)(CN)CCC3,0.1,,CC(C)c1cc2c(cc1O)[C@@]1(C)CCC[C@@](C)(CNCC3CC3)C1CC2,"C1_PLATINUM-1,3-DIVINYL-1,1,3,3-TETRAMETHYLDISILOXANE COMPLEX, IN XYLENES",C=C[Si](C)(C)O[Si](C)(C)C=C.[Pt],0.15,L1_Davephos,CN(C)c1ccccc1-c1ccccc1P(C1CCCCC1)C1CCCCC1,0.005,None,None,None,None,None,None,None,None,None,O1_phenylsilane,C1=CC=C(C=C1)[Si]ÔøΩÔøΩ,0.6,None,None,None,None,None,None,none,100,none,0,UPLCMS,Z22,206698.4215,248043.5107,,,,,0,,,0,2.5,100,-37.5,-0.38,0
yk-1536-4-make-product,1536,80,,1536,Z,23,E346_Blank26,O=CO,0.2,N2_hydroxydehydroabietylamine,CC(C)C(C(O)=C1)=CC2=C1[C@]3(C)C(CC2)[C@](C)(CN)CCC3,0.1,MainProduct[1503],CC(C)C(C(O)=C1)=CC2=C1[C@]3(C)C(CC2)[C@](C)(CN)CCC3,"C1_PLATINUM-1,3-DIVINYL-1,1,3,3-TETRAMETHYLDISILOXANE COMPLEX, IN XYLENES",C=C[Si](C)(C)O[Si](C)(C)C=C.[Pt],0.15,L1_Davephos,CN(C)c1ccccc1-c1ccccc1P(C1CCCCC1)C1CCCCC1,0.005,None,None,None,None,None,None,None,None,None,O1_phenylsilane,C1=CC=C(C=C1)[Si]ÔøΩÔøΩ,0.6,None,None,None,None,None,None,none,100,none,0,UPLCMS,Z23,0,162604.5632,,,,,171113.2215,,,0,1.6,100,0,0,0
yk-1536-4-make-product,1536,80,,1536,Z,24,E378_Blank58,O=CO,0.2,N2_hydroxydehydroabietylamine,CC(C)C(C(O)=C1)=CC2=C1[C@]3(C)C(CC2)[C@](C)(CN)CCC3,0.1,MainProduct[1504],CC(C)C(C(O)=C1)=CC2=C1[C@]3(C)C(CC2)[C@](C)(CN)CCC3,"C1_PLATINUM-1,3-DIVINYL-1,1,3,3-TETRAMETHYLDISILOXANE COMPLEX, IN XYLENES",C=C[Si](C)(C)O[Si](C)(C)C=C.[Pt],0.15,L1_Davephos,CN(C)c1ccccc1-c1ccccc1P(C1CCCCC1)C1CCCCC1,0.005,None,None,None,None,None,None,None,None,None,O1_phenylsilane,C1=CC=C(C=C1)[Si]ÔøΩÔøΩ,0.6,None,None,None,None,None,None,none,100,none,0,UPLCMS,Z24,0,0,,,,,0,,,0,0,0,0,0,0
yk-1536-4-make-product,1536,80,,1536,Z,25,"E41_2-METHOXY-4-METHYLBENZOIC ACID, 97%",CC1=CC(=C(C=C1)C(=O)O)OC,0.2,N3_Scaffold 7,CC(C)C1=CC2=CCC3[C@](C)(CN)CCC[C@]3(C)C2CC1,0.1,,COc1cc(C)ccc1CNC[C@]1(C)CCC[C@]2(C)C3CCC(C(C)C)=CC3=CCC12,"C1_PLATINUM-1,3-DIVINYL-1,1,3,3-TETRAMETHYLDISILOXANE COMPLEX, IN XYLENES",C=C[Si](C)(C)O[Si](C)(C)C=C.[Pt],0.15,L1_Davephos,CN(C)c1ccccc1-c1ccccc1P(C1CCCCC1)C1CCCCC1,0.005,None,None,None,None,None,None,None,None,None,O1_phenylsilane,C1=CC=C(C=C1)[Si]ÔøΩÔøΩ,0.6,None,None,None,None,None,None,none,100,none,0,UPLCMS,Z25,1194059.155,1047291.695,125405.8605,227793.8197,0,0,0,0,0,2.3,10.5,82,12.6,0.15,0
yk-1536-4-make-product,1536,80,,1536,Z,26,"E89_ANTI-3-OXOTRICYCLO[2.2.1.02,6]HEPTANE-7-CARBOXYLIC ACID",C1C2C3C2C(=O)C1C3C(=O)O,0.2,N3_Scaffold 7,CC(C)C1=CC2=CCC3[C@](C)(CN)CCC[C@]3(C)C2CC1,0.1,,CC(C)C1=CC2=CCC3[C@](C)(CNCC4C5CC6C(C5=O)C46)CCC[C@]3(C)C2CC1,"C1_PLATINUM-1,3-DIVINYL-1,1,3,3-TETRAMETHYLDISILOXANE COMPLEX, IN XYLENES",C=C[Si](C)(C)O[Si](C)(C)C=C.[Pt],0.15,L1_Davephos,CN(C)c1ccccc1-c1ccccc1P(C1CCCCC1)C1CCCCC1,0.005,None,None,None,None,None,None,None,None,None,O1_phenylsilane,C1=CC=C(C=C1)[Si]ÔøΩÔøΩ,0.6,None,None,None,None,None,None,none,100,none,0,UPLCMS,Z26,336099.9044,408458.5156,111776.7129,215760.6785,0,0,5954.3298,105251.4756,0,2.2,4.1,65,13.2,0.2,0
yk-1536-4-make-product,1536,80,,1536,Z,27,E133_1-benzylpiperidine-4-carboxylic acid,C1CN(CCC1C(=O)O)CC2=CC=CC=C2,0.2,N3_Scaffold 7,CC(C)C1=CC2=CCC3[C@](C)(CN)CCC[C@]3(C)C2CC1,0.1,,CC(C)C1=CC2=CCC3[C@](C)(CNCC4CCN(Cc5ccccc5)CC4)CCC[C@]3(C)C2CC1,"C1_PLATINUM-1,3-DIVINYL-1,1,3,3-TETRAMETHYLDISILOXANE COMPLEX, IN XYLENES",C=C[Si](C)(C)O[Si](C)(C)C=C.[Pt],0.15,L1_Davephos,CN(C)c1ccccc1-c1ccccc1P(C1CCCCC1)C1CCCCC1,0.005,None,None,None,None,None,None,None,None,None,O1_phenylsilane,C1=CC=C(C=C1)[Si]ÔøΩÔøΩ,0.6,None,None,None,None,None,None,none,100,none,0,UPLCMS,Z27,90330.65896,0,159194.3526,337098.8732,0,0,19945.75359,0,0,3.4,0,0,15.4,0,0
yk-1536-4-make-product,1536,80,,1536,Z,28,"E169_2-[2,3-dichloro-4-(2-methylidenebutanoyl)phenoxy]acetic acid",CCC(=C)C(=O)C1=C(C(=C(C=C1)OCC(=O)O)Cl)Cl,0.2,N3_Scaffold 7,CC(C)C1=CC2=CCC3[C@](C)(CN)CCC[C@]3(C)C2CC1,0.1,,C=C(CC)C(=O)c1ccc(OCCNC[C@]2(C)CCC[C@]3(C)C4CCC(C(C)C)=CC4=CCC23)c(Cl)c1Cl,"C1_PLATINUM-1,3-DIVINYL-1,1,3,3-TETRAMETHYLDISILOXANE COMPLEX, IN XYLENES",C=C[Si](C)(C)O[Si](C)(C)C=C.[Pt],0.15,L1_Davephos,CN(C)c1ccccc1-c1ccccc1P(C1CCCCC1)C1CCCCC1,0.005,None,None,None,None,None,None,None,None,None,O1_phenylsilane,C1=CC=C(C=C1)[Si]ÔøΩÔøΩ,0.6,None,None,None,None,None,None,none,100,none,0,UPLCMS,Z28,779347.7017,564400.9852,42702.47398,895337.5878,0,0,0,0,0,9,5.6,38.5,11.1,0.29,0
yk-1536-4-make-product,1536,80,,1536,Z,29,E215_3-(2-methylphenyl)propanoic acid,CC1=CC=CC=C1CCC(=O)O,0.2,N3_Scaffold 7,CC(C)C1=CC2=CCC3[C@](C)(CN)CCC[C@]3(C)C2CC1,0.1,,Cc1ccccc1CCCNC[C@]1(C)CCC[C@]2(C)C3CCC(C(C)C)=CC3=CCC12,"C1_PLATINUM-1,3-DIVINYL-1,1,3,3-TETRAMETHYLDISILOXANE COMPLEX, IN XYLENES",C=C[Si](C)(C)O[Si](C)(C)C=C.[Pt],0.15,L1_Davephos,CN(C)c1ccccc1-c1ccccc1P(C1CCCCC1)C1CCCCC1,0.005,None,None,None,None,None,None,None,None,None,O1_phenylsilane,C1=CC=C(C=C1)[Si]ÔøΩÔøΩ,0.6,None,None,None,None,None,None,none,100,none,0,UPLCMS,Z29,877779.1538,618718.0959,84449.19788,153191.6366,0,0,0,0,0,1.5,6.2,80.5,7.8,0.1,0
yk-1536-4-make-product,1536,80,,1536,Z,30,E266_2-(Trifluoromethyl)benzoic acid,C1=CC=C(C(=C1)C(=O)O)C(F)(F)F,0.2,N3_Scaffold 7,CC(C)C1=CC2=CCC3[C@](C)(CN)CCC[C@]3(C)C2CC1,0.1,,CC(C)C1=CC2=CCC3[C@](C)(CNCc4ccccc4C(F)(F)F)CCC[C@]3(C)C2CC1,"C1_PLATINUM-1,3-DIVINYL-1,1,3,3-TETRAMETHYLDISILOXANE COMPLEX, IN XYLENES",C=C[Si](C)(C)O[Si](C)(C)C=C.[Pt],0.15,L1_Davephos,CN(C)c1ccccc1-c1ccccc1P(C1CCCCC1)C1CCCCC1,0.005,None,None,None,None,None,None,None,None,None,O1_phenylsilane,C1=CC=C(C=C1)[Si]ÔøΩÔøΩ,0.6,None,None,None,None,None,None,none,100,none,0,UPLCMS,Z30,26926.38045,0,1283188.665,1350367.838,0,0,0,0,0,13.5,0,0,12.9,0,0
yk-1536-4-make-product,1536,80,,1536,Z,31,E313_Biotin,O=C(O)CCCC[C@@H]1SC[C@@H]2NC(=O)N[C@@H]21,0.05,N3_Scaffold 7,CC(C)C1=CC2=CCC3[C@](C)(CN)CCC[C@]3(C)C2CC1,0.1,,CC(C)C1=CC2=CCC3[C@](C)(CNCCCCC[C@@H]4SC[C@@H]5NC(=O)N[C@@H]54)CCC[C@]3(C)C2CC1,"C1_PLATINUM-1,3-DIVINYL-1,1,3,3-TETRAMETHYLDISILOXANE COMPLEX, IN XYLENES",C=C[Si](C)(C)O[Si](C)(C)C=C.[Pt],0.15,L1_Davephos,CN(C)c1ccccc1-c1ccccc1P(C1CCCCC1)C1CCCCC1,0.005,None,None,None,None,None,None,None,None,None,O1_phenylsilane,C1=CC=C(C=C1)[Si]ÔøΩÔøΩ,0.6,None,None,None,None,None,None,none,100,none,0,UPLCMS,Z31,64901.22288,0,1119795.343,1170832.307,0,0,184773.3116,0,0,11.7,0,0,-12.9,0,0
yk-1536-4-make-product,1536,80,,1536,Z,32,"E72_2-FLUORO-2-METHYLPROPANOIC ACID, 97%",CC(C)(C(=O)O)F,0.2,N3_Scaffold 7,CC(C)C1=CC2=CCC3[C@](C)(CN)CCC[C@]3(C)C2CC1,0.1,,CC(C)C1=CC2=CCC3[C@](C)(CNCC(C)(C)F)CCC[C@]3(C)C2CC1,"C1_PLATINUM-1,3-DIVINYL-1,1,3,3-TETRAMETHYLDISILOXANE COMPLEX, IN XYLENES",C=C[Si](C)(C)O[Si](C)(C)C=C.[Pt],0.15,L1_Davephos,CN(C)c1ccccc1-c1ccccc1P(C1CCCCC1)C1CCCCC1,0.005,None,None,None,None,None,None,None,None,None,O1_phenylsilane,C1=CC=C(C=C1)[Si]ÔøΩÔøΩ,0.6,None,None,None,None,None,None,none,100,none,0,UPLCMS,Z32,543497.8601,1206683,418045.4283,823046.0789,0,0,0,25299.75672,0,8.2,12.1,59.5,2.8,0.05,0
yk-1536-4-make-product,1536,80,,1536,Z,33,E204_1-methylpyrazole-4-carboxylic acid,CN1C=C(C=N1)C(=O)O,0.2,N3_Scaffold 7,CC(C)C1=CC2=CCC3[C@](C)(CN)CCC[C@]3(C)C2CC1,0.1,,CC(C)C1=CC2=CCC3[C@](C)(CNCc4cnn(C)c4)CCC[C@]3(C)C2CC1,"C1_PLATINUM-1,3-DIVINYL-1,1,3,3-TETRAMETHYLDISILOXANE COMPLEX, IN XYLENES",C=C[Si](C)(C)O[Si](C)(C)C=C.[Pt],0.15,L1_Davephos,CN(C)c1ccccc1-c1ccccc1P(C1CCCCC1)C1CCCCC1,0.005,None,None,None,None,None,None,None,None,None,O1_phenylsilane,C1=CC=C(C=C1)[Si]ÔøΩÔøΩ,0.6,None,None,None,None,None,None,none,100,none,0,UPLCMS,Z33,0,0,960456.1049,1019775.007,0,0,0,10798.91578,0,10.2,0,0,3.9,0,0
yk-1536-4-make-product,1536,80,,1536,Z,34,"E290_CYCLOPROPANECARBOXYLIC ACID, 95%",C1CC1C(=O)O,0.2,N3_Scaffold 7,CC(C)C1=CC2=CCC3[C@](C)(CN)CCC[C@]3(C)C2CC1,0.1,,CC(C)C1=CC2=CCC3[C@](C)(CNCC4CC4)CCC[C@]3(C)C2CC1,"C1_PLATINUM-1,3-DIVINYL-1,1,3,3-TETRAMETHYLDISILOXANE COMPLEX, IN XYLENES",C=C[Si](C)(C)O[Si](C)(C)C=C.[Pt],0.15,L1_Davephos,CN(C)c1ccccc1-c1ccccc1P(C1CCCCC1)C1CCCCC1,0.005,None,None,None,None,None,None,None,None,None,O1_phenylsilane,C1=CC=C(C=C1)[Si]ÔøΩÔøΩ,0.6,None,None,None,None,None,None,none,100,none,0,UPLCMS,Z34,742255.4743,1134944.679,44362.62287,187610.6216,0,0,0,0,0,1.9,11.3,85.7,4.9,0.06,0
yk-1536-4-make-product,1536,80,,1536,Z,35,E346_Blank26,O=CO,0.2,N3_Scaffold 7,CC(C)C1=CC2=CCC3[C@](C)(CN)CCC[C@]3(C)C2CC1,0.1,MainProduct[1516],CC(C)C1=CC2=CCC3[C@](C)(CN)CCC[C@]3(C)C2CC1,"C1_PLATINUM-1,3-DIVINYL-1,1,3,3-TETRAMETHYLDISILOXANE COMPLEX, IN XYLENES",C=C[Si](C)(C)O[Si](C)(C)C=C.[Pt],0.15,L1_Davephos,CN(C)c1ccccc1-c1ccccc1P(C1CCCCC1)C1CCCCC1,0.005,None,None,None,None,None,None,None,None,None,O1_phenylsilane,C1=CC=C(C=C1)[Si]ÔøΩÔøΩ,0.6,None,None,None,None,None,None,none,100,none,0,UPLCMS,Z35,0,1367529.097,0,0,0,0,1307029.965,0,0,0,13.7,100,0,0,0
yk-1536-4-make-product,1536,80,,1536,Z,36,E378_Blank58,O=CO,0.2,N3_Scaffold 7,CC(C)C1=CC2=CCC3[C@](C)(CN)CCC[C@]3(C)C2CC1,0.1,MainProduct[1517],CC(C)C1=CC2=CCC3[C@](C)(CN)CCC[C@]3(C)C2CC1,"C1_PLATINUM-1,3-DIVINYL-1,1,3,3-TETRAMETHYLDISILOXANE COMPLEX, IN XYLENES",C=C[Si](C)(C)O[Si](C)(C)C=C.[Pt],0.15,L1_Davephos,CN(C)c1ccccc1-c1ccccc1P(C1CCCCC1)C1CCCCC1,0.005,None,None,None,None,None,None,None,None,None,O1_phenylsilane,C1=CC=C(C=C1)[Si]ÔøΩÔøΩ,0.6,None,None,None,None,None,None,none,100,none,0,UPLCMS,Z36,0,0,0,0,0,0,0,0,0,0,0,0,0,0,0
yk-1536-4-make-product,1536,80,,1536,Z,37,"E41_2-METHOXY-4-METHYLBENZOIC ACID, 97%",CC1=CC(=C(C=C1)C(=O)O)OC,0.2,N4_Scaffold 6,CCNC[C@@]1(C)C2[C@](C)(CCC1)c3c(CC2)cc(C(C)C)c(c3)N,0.1,,CCNC[C@]1(C)CCC[C@]2(C)c3cc(NCc4ccc(C)cc4OC)c(C(C)C)cc3CCC12,"C1_PLATINUM-1,3-DIVINYL-1,1,3,3-TETRAMETHYLDISILOXANE COMPLEX, IN XYLENES",C=C[Si](C)(C)O[Si](C)(C)C=C.[Pt],0.15,L1_Davephos,CN(C)c1ccccc1-c1ccccc1P(C1CCCCC1)C1CCCCC1,0.005,None,None,None,None,None,None,None,None,None,O1_phenylsilane,C1=CC=C(C=C1)[Si]ÔøΩÔøΩ,0.6,None,None,None,None,None,None,none,100,none,0,UPLCMS,Z37,372866.6718,552833,0,0,1219706.572,1215900.521,0,0,0,12.2,5.5,31.2,-1.5,-0.05,0
yk-1536-4-make-product,1536,80,,1536,Z,38,"E89_ANTI-3-OXOTRICYCLO[2.2.1.02,6]HEPTANE-7-CARBOXYLIC ACID",C1C2C3C2C(=O)C1C3C(=O)O,0.2,N4_Scaffold 6,CCNC[C@@]1(C)C2[C@](C)(CCC1)c3c(CC2)cc(C(C)C)c(c3)N,0.1,,CCNC[C@]1(C)CCC[C@]2(C)c3cc(NCC4C5CC6C(C5=O)C46)c(C(C)C)cc3CCC12,"C1_PLATINUM-1,3-DIVINYL-1,1,3,3-TETRAMETHYLDISILOXANE COMPLEX, IN XYLENES",C=C[Si](C)(C)O[Si](C)(C)C=C.[Pt],0.15,L1_Davephos,CN(C)c1ccccc1-c1ccccc1P(C1CCCCC1)C1CCCCC1,0.005,None,None,None,None,None,None,None,None,None,O1_phenylsilane,C1=CC=C(C=C1)[Si]ÔøΩÔøΩ,0.6,None,None,None,None,None,None,none,100,none,0,UPLCMS,Z38,625009.3424,407786,0,0,146185.0918,58826.09381,0,0,0,0.6,4.1,87.2,-28.9,-0.33,0
yk-1536-4-make-product,1536,80,,1536,Z,39,E133_1-benzylpiperidine-4-carboxylic acid,C1CN(CCC1C(=O)O)CC2=CC=CC=C2,0.2,N4_Scaffold 6,CCNC[C@@]1(C)C2[C@](C)(CCC1)c3c(CC2)cc(C(C)C)c(c3)N,0.1,,CCNC[C@]1(C)CCC[C@]2(C)c3cc(NCC4CCN(Cc5ccccc5)CC4)c(C(C)C)cc3CCC12,"C1_PLATINUM-1,3-DIVINYL-1,1,3,3-TETRAMETHYLDISILOXANE COMPLEX, IN XYLENES",C=C[Si](C)(C)O[Si](C)(C)C=C.[Pt],0.15,L1_Davephos,CN(C)c1ccccc1-c1ccccc1P(C1CCCCC1)C1CCCCC1,0.005,None,None,None,None,None,None,None,None,None,O1_phenylsilane,C1=CC=C(C=C1)[Si]ÔøΩÔøΩ,0.6,None,None,None,None,None,None,none,100,none,0,UPLCMS,Z39,37872.89046,0,0,0,1541475.769,1440599.865,0,0,0,14.4,0,0,-1.9,0,0
yk-1536-4-make-product,1536,80,,1536,Z,40,"E169_2-[2,3-dichloro-4-(2-methylidenebutanoyl)phenoxy]acetic acid",CCC(=C)C(=O)C1=C(C(=C(C=C1)OCC(=O)O)Cl)Cl,0.2,N4_Scaffold 6,CCNC[C@@]1(C)C2[C@](C)(CCC1)c3c(CC2)cc(C(C)C)c(c3)N,0.1,,C=C(CC)C(=O)c1ccc(OCCNc2cc3c(cc2C(C)C)CCC2[C@](C)(CNCC)CCC[C@]32C)c(Cl)c1Cl,"C1_PLATINUM-1,3-DIVINYL-1,1,3,3-TETRAMETHYLDISILOXANE COMPLEX, IN XYLENES",C=C[Si](C)(C)O[Si](C)(C)C=C.[Pt],0.15,L1_Davephos,CN(C)c1ccccc1-c1ccccc1P(C1CCCCC1)C1CCCCC1,0.005,None,None,None,None,None,None,None,None,None,O1_phenylsilane,C1=CC=C(C=C1)[Si]ÔøΩÔøΩ,0.6,None,None,None,None,None,None,none,100,none,0,UPLCMS,Z40,168302.9303,873630.0714,0,0,333249.7817,134961.1188,0,0,0,1.3,8.7,87,-26.2,-0.3,0
yk-1536-4-make-product,1536,80,,1536,Z,41,E215_3-(2-methylphenyl)propanoic acid,CC1=CC=CC=C1CCC(=O)O,0.2,N4_Scaffold 6,CCNC[C@@]1(C)C2[C@](C)(CCC1)c3c(CC2)cc(C(C)C)c(c3)N,0.1,,CCNC[C@]1(C)CCC[C@]2(C)c3cc(NCCCc4ccccc4C)c(C(C)C)cc3CCC12,"C1_PLATINUM-1,3-DIVINYL-1,1,3,3-TETRAMETHYLDISILOXANE COMPLEX, IN XYLENES",C=C[Si](C)(C)O[Si](C)(C)C=C.[Pt],0.15,L1_Davephos,CN(C)c1ccccc1-c1ccccc1P(C1CCCCC1)C1CCCCC1,0.005,None,None,None,None,None,None,None,None,None,O1_phenylsilane,C1=CC=C(C=C1)[Si]ÔøΩÔøΩ,0.6,None,None,None,None,None,None,none,100,none,0,UPLCMS,Z41,507177.1406,1372121.064,0,0,1147960.714,1017958.114,0,0,0,10.2,13.7,57.4,-19.7,-0.34,0
yk-1536-4-make-product,1536,80,,1536,Z,42,E266_2-(Trifluoromethyl)benzoic acid,C1=CC=C(C(=C1)C(=O)O)C(F)(F)F,0.2,N4_Scaffold 6,CCNC[C@@]1(C)C2[C@](C)(CCC1)c3c(CC2)cc(C(C)C)c(c3)N,0.1,,CCNC[C@]1(C)CCC[C@]2(C)c3cc(NCc4ccccc4C(F)(F)F)c(C(C)C)cc3CCC12,"C1_PLATINUM-1,3-DIVINYL-1,1,3,3-TETRAMETHYLDISILOXANE COMPLEX, IN XYLENES",C=C[Si](C)(C)O[Si](C)(C)C=C.[Pt],0.15,L1_Davephos,CN(C)c1ccccc1-c1ccccc1P(C1CCCCC1)C1CCCCC1,0.005,None,None,None,None,None,None,None,None,None,O1_phenylsilane,C1=CC=C(C=C1)[Si]ÔøΩÔøΩ,0.6,None,None,None,None,None,None,none,100,none,0,UPLCMS,Z42,2051.02941,0,0,0,1250585.015,1304279.061,0,0,0,13,0,0,-23.9,0,0
yk-1536-4-make-product,1536,80,,1536,Z,43,E313_Biotin,O=C(O)CCCC[C@@H]1SC[C@@H]2NC(=O)N[C@@H]21,0.05,N4_Scaffold 6,CCNC[C@@]1(C)C2[C@](C)(CCC1)c3c(CC2)cc(C(C)C)c(c3)N,0.1,,CCNC[C@]1(C)CCC[C@]2(C)c3cc(NCCCCC[C@@H]4SC[C@@H]5NC(=O)N[C@@H]54)c(C(C)C)cc3CCC12,"C1_PLATINUM-1,3-DIVINYL-1,1,3,3-TETRAMETHYLDISILOXANE COMPLEX, IN XYLENES",C=C[Si](C)(C)O[Si](C)(C)C=C.[Pt],0.15,L1_Davephos,CN(C)c1ccccc1-c1ccccc1P(C1CCCCC1)C1CCCCC1,0.005,None,None,None,None,None,None,None,None,None,O1_phenylsilane,C1=CC=C(C=C1)[Si]ÔøΩÔøΩ,0.6,None,None,None,None,None,None,none,100,none,0,UPLCMS,Z43,12206.06537,73391.22398,0,0,1196686.474,1284509.108,0,0,0,12.8,0.7,5.4,-31.3,-5.79,0
yk-1536-4-make-product,1536,80,,1536,Z,44,"E72_2-FLUORO-2-METHYLPROPANOIC ACID, 97%",CC(C)(C(=O)O)F,0.2,N4_Scaffold 6,CCNC[C@@]1(C)C2[C@](C)(CCC1)c3c(CC2)cc(C(C)C)c(c3)N,0.1,,CCNC[C@]1(C)CCC[C@]2(C)c3cc(NCC(C)(C)F)c(C(C)C)cc3CCC12,"C1_PLATINUM-1,3-DIVINYL-1,1,3,3-TETRAMETHYLDISILOXANE COMPLEX, IN XYLENES",C=C[Si](C)(C)O[Si](C)(C)C=C.[Pt],0.15,L1_Davephos,CN(C)c1ccccc1-c1ccccc1P(C1CCCCC1)C1CCCCC1,0.005,None,None,None,None,None,None,None,None,None,O1_phenylsilane,C1=CC=C(C=C1)[Si]ÔøΩÔøΩ,0.6,None,None,None,None,None,None,none,100,none,0,UPLCMS,Z44,18839.1604,0,0,0,2007343.182,2814388.871,0,0,2809.70398,28.1,0,0,-18.2,0,0
yk-1536-4-make-product,1536,80,,1536,Z,45,E204_1-methylpyrazole-4-carboxylic acid,CN1C=C(C=N1)C(=O)O,0.2,N4_Scaffold 6,CCNC[C@@]1(C)C2[C@](C)(CCC1)c3c(CC2)cc(C(C)C)c(c3)N,0.1,,CCNC[C@]1(C)CCC[C@]2(C)c3cc(NCc4cnn(C)c4)c(C(C)C)cc3CCC12,"C1_PLATINUM-1,3-DIVINYL-1,1,3,3-TETRAMETHYLDISILOXANE COMPLEX, IN XYLENES",C=C[Si](C)(C)O[Si](C)(C)C=C.[Pt],0.15,L1_Davephos,CN(C)c1ccccc1-c1ccccc1P(C1CCCCC1)C1CCCCC1,0.005,None,None,None,None,None,None,None,None,None,O1_phenylsilane,C1=CC=C(C=C1)[Si]ÔøΩÔøΩ,0.6,None,None,None,None,None,None,none,100,none,0,UPLCMS,Z45,3393.81825,0,0,0,1217099.937,1340506.3,0,0,0,13.4,0,0,-9.3,0,0
yk-1536-4-make-product,1536,80,,1536,Z,46,"E290_CYCLOPROPANECARBOXYLIC ACID, 95%",C1CC1C(=O)O,0.2,N4_Scaffold 6,CCNC[C@@]1(C)C2[C@](C)(CCC1)c3c(CC2)cc(C(C)C)c(c3)N,0.1,,CCNC[C@]1(C)CCC[C@]2(C)c3cc(NCC4CC4)c(C(C)C)cc3CCC12,"C1_PLATINUM-1,3-DIVINYL-1,1,3,3-TETRAMETHYLDISILOXANE COMPLEX, IN XYLENES",C=C[Si](C)(C)O[Si](C)(C)C=C.[Pt],0.15,L1_Davephos,CN(C)c1ccccc1-c1ccccc1P(C1CCCCC1)C1CCCCC1,0.005,None,None,None,None,None,None,None,None,None,O1_phenylsilane,C1=CC=C(C=C1)[Si]ÔøΩÔøΩ,0.6,None,None,None,None,None,None,none,100,none,0,UPLCMS,Z46,550838.5493,2291085.82,0,0,916765.2714,821458.2176,0,0,0,8.2,22.9,73.6,-34.8,-0.47,0
yk-1536-4-make-product,1536,80,,1536,Z,47,E346_Blank26,O=CO,0.2,N4_Scaffold 6,CCNC[C@@]1(C)C2[C@](C)(CCC1)c3c(CC2)cc(C(C)C)c(c3)N,0.1,MainProduct[1529],CCNC[C@@]1(C)C2[C@](C)(CCC1)c3c(CC2)cc(C(C)C)c(c3)N,"C1_PLATINUM-1,3-DIVINYL-1,1,3,3-TETRAMETHYLDISILOXANE COMPLEX, IN XYLENES",C=C[Si](C)(C)O[Si](C)(C)C=C.[Pt],0.15,L1_Davephos,CN(C)c1ccccc1-c1ccccc1P(C1CCCCC1)C1CCCCC1,0.005,None,None,None,None,None,None,None,None,None,O1_phenylsilane,C1=CC=C(C=C1)[Si]ÔøΩÔøΩ,0.6,None,None,None,None,None,None,none,100,none,0,UPLCMS,Z47,0,967406.6492,0,0,0,0,963470.333,0,0,0,9.7,100,0,0,0
yk-1536-4-make-product,1536,80,,1536,Z,48,E378_Blank58,O=CO,0.2,N4_Scaffold 6,CCNC[C@@]1(C)C2[C@](C)(CCC1)c3c(CC2)cc(C(C)C)c(c3)N,0.1,MainProduct[1530],CCNC[C@@]1(C)C2[C@](C)(CCC1)c3c(CC2)cc(C(C)C)c(c3)N,"C1_PLATINUM-1,3-DIVINYL-1,1,3,3-TETRAMETHYLDISILOXANE COMPLEX, IN XYLENES",C=C[Si](C)(C)O[Si](C)(C)C=C.[Pt],0.15,L1_Davephos,CN(C)c1ccccc1-c1ccccc1P(C1CCCCC1)C1CCCCC1,0.005,None,None,None,None,None,None,None,None,None,O1_phenylsilane,C1=CC=C(C=C1)[Si]ÔøΩÔøΩ,0.6,None,None,None,None,None,None,none,100,none,0,UPLCMS,Z48,0,0,0,0,0,0,0,0,0,0,0,0,0,0,0
yk-1536-4-make-product,1536,80,,1536,AA,1,"E43_3-(TERT-BUTYL)-1-METHYL-1H-PYRAZOLE-CARBOXYLIC ACID, 95%",CC(C)(C)C1=NN(C(=C1)C(=O)O)C,0.2,N1_(+)-Dehydroabietylamine,CC(C)c1ccc2c(c1)CC[C@H]1[C@](C)(CN)CCC[C@]21C,0.1,,CC(C)c1ccc2c(c1)CC[C@H]1[C@](C)(CNCc3cc(C(C)(C)C)nn3C)CCC[C@]21C,"C1_PLATINUM-1,3-DIVINYL-1,1,3,3-TETRAMETHYLDISILOXANE COMPLEX, IN XYLENES",C=C[Si](C)(C)O[Si](C)(C)C=C.[Pt],0.15,L1_Davephos,CN(C)c1ccccc1-c1ccccc1P(C1CCCCC1)C1CCCCC1,0.005,None,None,None,None,None,None,None,None,None,O1_phenylsilane,C1=CC=C(C=C1)[Si]ÔøΩÔøΩ,0.6,None,None,None,None,None,None,none,100,none,0,UPLCMS,AA1,793411.8365,1131997,,,,,0,,,59.81,11.3,15.9,91.7,5.77,-1.05
yk-1536-4-make-product,1536,80,,1536,AA,2,"E90_3-BENZOYLPROPIONIC ACID, 98%",C1=CC=C(C=C1)C(=O)CCC(=O)O,0.2,N1_(+)-Dehydroabietylamine,CC(C)c1ccc2c(c1)CC[C@H]1[C@](C)(CN)CCC[C@]21C,0.1,,CC(C)c1ccc2c(c1)CC[C@H]1[C@](C)(CNCCCC(=O)c3ccccc3)CCC[C@]21C,"C1_PLATINUM-1,3-DIVINYL-1,1,3,3-TETRAMETHYLDISILOXANE COMPLEX, IN XYLENES",C=C[Si](C)(C)O[Si](C)(C)C=C.[Pt],0.15,L1_Davephos,CN(C)c1ccccc1-c1ccccc1P(C1CCCCC1)C1CCCCC1,0.005,None,None,None,None,None,None,None,None,None,O1_phenylsilane,C1=CC=C(C=C1)[Si]ÔøΩÔøΩ,0.6,None,None,None,None,None,None,none,100,none,0,UPLCMS,AA2,997153.6746,762695.7677,,,,,67051.87096,,,4.95,7.6,60.6,-24.1,-0.4,0
yk-1536-4-make-product,1536,80,,1536,AA,3,"E134_1,3-benzothiazole-6-carboxylic acid",C1=CC2=C(C=C1C(=O)O)SC=N2,0.2,N1_(+)-Dehydroabietylamine,CC(C)c1ccc2c(c1)CC[C@H]1[C@](C)(CN)CCC[C@]21C,0.1,,CC(C)c1ccc2c(c1)CC[C@H]1[C@](C)(CNCc3ccc4ncsc4c3)CCC[C@]21C,"C1_PLATINUM-1,3-DIVINYL-1,1,3,3-TETRAMETHYLDISILOXANE COMPLEX, IN XYLENES",C=C[Si](C)(C)O[Si](C)(C)C=C.[Pt],0.15,L1_Davephos,CN(C)c1ccccc1-c1ccccc1P(C1CCCCC1)C1CCCCC1,0.005,None,None,None,None,None,None,None,None,None,O1_phenylsilane,C1=CC=C(C=C1)[Si]ÔøΩÔøΩ,0.6,None,None,None,None,None,None,none,100,none,0,UPLCMS,AA3,1204828.541,1169014.865,,,,,0,,,57.78,11.7,16.8,90.5,5.39,1.45
yk-1536-4-make-product,1536,80,,1536,AA,4,E170_2-(2-ethylsulfonylphenyl)acetic acid,CCS(=O)(=O)C1=CC=CC=C1CC(=O)O,0.2,N1_(+)-Dehydroabietylamine,CC(C)c1ccc2c(c1)CC[C@H]1[C@](C)(CN)CCC[C@]21C,0.1,,CCS(=O)(=O)c1ccccc1CCNC[C@]1(C)CCC[C@]2(C)c3ccc(C(C)C)cc3CC[C@@H]12,"C1_PLATINUM-1,3-DIVINYL-1,1,3,3-TETRAMETHYLDISILOXANE COMPLEX, IN XYLENES",C=C[Si](C)(C)O[Si](C)(C)C=C.[Pt],0.15,L1_Davephos,CN(C)c1ccccc1-c1ccccc1P(C1CCCCC1)C1CCCCC1,0.005,None,None,None,None,None,None,None,None,None,O1_phenylsilane,C1=CC=C(C=C1)[Si]ÔøΩÔøΩ,0.6,None,None,None,None,None,None,none,100,none,0,UPLCMS,AA4,3250537.674,3049188.345,,,,,491259.5167,,,22.51,30.5,57.5,45.7,0.79,0
yk-1536-4-make-product,1536,80,,1536,AA,5,E216_7-methyl-2-propyl-3H-benzimidazole-5-carboxylic acid,CCCC1=NC2=C(N1)C=C(C=C2C)C(=O)O,0.2,N1_(+)-Dehydroabietylamine,CC(C)c1ccc2c(c1)CC[C@H]1[C@](C)(CN)CCC[C@]21C,0.1,,CCCc1nc2c(C)cc(CNC[C@]3(C)CCC[C@]4(C)c5ccc(C(C)C)cc5CC[C@@H]34)cc2[nH]1,"C1_PLATINUM-1,3-DIVINYL-1,1,3,3-TETRAMETHYLDISILOXANE COMPLEX, IN XYLENES",C=C[Si](C)(C)O[Si](C)(C)C=C.[Pt],0.15,L1_Davephos,CN(C)c1ccccc1-c1ccccc1P(C1CCCCC1)C1CCCCC1,0.005,None,None,None,None,None,None,None,None,None,O1_phenylsilane,C1=CC=C(C=C1)[Si]ÔøΩÔøΩ,0.6,None,None,None,None,None,None,none,100,none,0,UPLCMS,AA5,852985.7225,4270372.432,,,,,3203965.526,,,42.7,42.7,50,-2.2,-0.04,0
yk-1536-4-make-product,1536,80,,1536,AA,6,E267_5-thiophen-2-yl-1H-pyrazole-3-carboxylic acid,C1=CSC(=C1)C2=CC(=NN2)C(=O)O,0.2,N1_(+)-Dehydroabietylamine,CC(C)c1ccc2c(c1)CC[C@H]1[C@](C)(CN)CCC[C@]21C,0.1,,CC(C)c1ccc2c(c1)CC[C@H]1[C@](C)(CNCc3cc(-c4cccs4)[nH]n3)CCC[C@]21C,"C1_PLATINUM-1,3-DIVINYL-1,1,3,3-TETRAMETHYLDISILOXANE COMPLEX, IN XYLENES",C=C[Si](C)(C)O[Si](C)(C)C=C.[Pt],0.15,L1_Davephos,CN(C)c1ccccc1-c1ccccc1P(C1CCCCC1)C1CCCCC1,0.005,None,None,None,None,None,None,None,None,None,O1_phenylsilane,C1=CC=C(C=C1)[Si]ÔøΩÔøΩ,0.6,None,None,None,None,None,None,none,100,none,0,UPLCMS,AA6,1296437.358,3773121.756,,,,,2615887.722,,,63.28,37.7,37.4,95.9,2.56,1.69
yk-1536-4-make-product,1536,80,,1536,AA,7,E314_Ibufenac,CC(C)Cc1ccc(CC(=O)O)cc1,0.05,N1_(+)-Dehydroabietylamine,CC(C)c1ccc2c(c1)CC[C@H]1[C@](C)(CN)CCC[C@]21C,0.1,,CC(C)Cc1ccc(CCNC[C@]2(C)CCC[C@]3(C)c4ccc(C(C)C)cc4CC[C@@H]23)cc1,"C1_PLATINUM-1,3-DIVINYL-1,1,3,3-TETRAMETHYLDISILOXANE COMPLEX, IN XYLENES",C=C[Si](C)(C)O[Si](C)(C)C=C.[Pt],0.15,L1_Davephos,CN(C)c1ccccc1-c1ccccc1P(C1CCCCC1)C1CCCCC1,0.005,None,None,None,None,None,None,None,None,None,O1_phenylsilane,C1=CC=C(C=C1)[Si]ÔøΩÔøΩ,0.6,None,None,None,None,None,None,none,100,none,0,UPLCMS,AA7,3511932.468,2532265.801,,,,,0,,,3.24,25.3,88.7,11.6,0.13,0
yk-1536-4-make-product,1536,80,,1536,AA,8,"E78_1-(4-FLUOROPHENYL)CYCLOPROPANECARBOXYLIC ACID, 97+%",C1CC1(C2=CC=C(C=C2)F)C(=O)O,0.2,N1_(+)-Dehydroabietylamine,CC(C)c1ccc2c(c1)CC[C@H]1[C@](C)(CN)CCC[C@]21C,0.1,,CC(C)c1ccc2c(c1)CC[C@H]1[C@](C)(CNCC3(c4ccc(F)cc4)CC3)CCC[C@]21C,"C1_PLATINUM-1,3-DIVINYL-1,1,3,3-TETRAMETHYLDISILOXANE COMPLEX, IN XYLENES",C=C[Si](C)(C)O[Si](C)(C)C=C.[Pt],0.15,L1_Davephos,CN(C)c1ccccc1-c1ccccc1P(C1CCCCC1)C1CCCCC1,0.005,None,None,None,None,None,None,None,None,None,O1_phenylsilane,C1=CC=C(C=C1)[Si]ÔøΩÔøΩ,0.6,None,None,None,None,None,None,none,100,none,0,UPLCMS,AA8,0,0,,,,,0,,,32.54,0,0,12.2,0,0
yk-1536-4-make-product,1536,80,,1536,AA,9,E208_2-methylpyrazole-3-carboxylic acid,CN1C(=CC=N1)C(=O)O,0.2,N1_(+)-Dehydroabietylamine,CC(C)c1ccc2c(c1)CC[C@H]1[C@](C)(CN)CCC[C@]21C,0.1,,CC(C)c1ccc2c(c1)CC[C@H]1[C@](C)(CNCc3ccnn3C)CCC[C@]21C,"C1_PLATINUM-1,3-DIVINYL-1,1,3,3-TETRAMETHYLDISILOXANE COMPLEX, IN XYLENES",C=C[Si](C)(C)O[Si](C)(C)C=C.[Pt],0.15,L1_Davephos,CN(C)c1ccccc1-c1ccccc1P(C1CCCCC1)C1CCCCC1,0.005,None,None,None,None,None,None,None,None,None,O1_phenylsilane,C1=CC=C(C=C1)[Si]ÔøΩÔøΩ,0.6,None,None,None,None,None,None,none,100,none,0,UPLCMS,AA9,14289.99798,0,,,,,0,,,30.03,0,0,8.3,0,0
yk-1536-4-make-product,1536,80,,1536,AA,10,E291_4-(Trifluoromethyl)benzoic acid,C1=CC(=CC=C1C(=O)O)C(F)(F)F,0.2,N1_(+)-Dehydroabietylamine,CC(C)c1ccc2c(c1)CC[C@H]1[C@](C)(CN)CCC[C@]21C,0.1,,CC(C)c1ccc2c(c1)CC[C@H]1[C@](C)(CNCc3ccc(C(F)(F)F)cc3)CCC[C@]21C,"C1_PLATINUM-1,3-DIVINYL-1,1,3,3-TETRAMETHYLDISILOXANE COMPLEX, IN XYLENES",C=C[Si](C)(C)O[Si](C)(C)C=C.[Pt],0.15,L1_Davephos,CN(C)c1ccccc1-c1ccccc1P(C1CCCCC1)C1CCCCC1,0.005,None,None,None,None,None,None,None,None,None,O1_phenylsilane,C1=CC=C(C=C1)[Si]ÔøΩÔøΩ,0.6,None,None,None,None,None,None,none,100,none,0,UPLCMS,AA10,81399.78108,184850.0249,,,,,0,,,32.84,1.8,5.3,17,3.21,0
yk-1536-4-make-product,1536,80,,1536,AA,11,E347_Blank27,O=CO,0.2,N1_(+)-Dehydroabietylamine,CC(C)c1ccc2c(c1)CC[C@H]1[C@](C)(CN)CCC[C@]21C,0.1,MainProduct[50],CC(C)c1ccc2c(c1)CC[C@H]1[C@](C)(CN)CCC[C@]21C,"C1_PLATINUM-1,3-DIVINYL-1,1,3,3-TETRAMETHYLDISILOXANE COMPLEX, IN XYLENES",C=C[Si](C)(C)O[Si](C)(C)C=C.[Pt],0.15,L1_Davephos,CN(C)c1ccccc1-c1ccccc1P(C1CCCCC1)C1CCCCC1,0.005,None,None,None,None,None,None,None,None,None,O1_phenylsilane,C1=CC=C(C=C1)[Si]ÔøΩÔøΩ,0.6,None,None,None,None,None,None,none,100,none,0,UPLCMS,AA11,0,2709605.238,,,,,3077577.47,,,0,27.1,100,0,0,0
yk-1536-4-make-product,1536,80,,1536,AA,12,E379_Blank59,O=CO,0.2,N1_(+)-Dehydroabietylamine,CC(C)c1ccc2c(c1)CC[C@H]1[C@](C)(CN)CCC[C@]21C,0.1,MainProduct[51],CC(C)c1ccc2c(c1)CC[C@H]1[C@](C)(CN)CCC[C@]21C,"C1_PLATINUM-1,3-DIVINYL-1,1,3,3-TETRAMETHYLDISILOXANE COMPLEX, IN XYLENES",C=C[Si](C)(C)O[Si](C)(C)C=C.[Pt],0.15,L1_Davephos,CN(C)c1ccccc1-c1ccccc1P(C1CCCCC1)C1CCCCC1,0.005,None,None,None,None,None,None,None,None,None,O1_phenylsilane,C1=CC=C(C=C1)[Si]ÔøΩÔøΩ,0.6,None,None,None,None,None,None,none,100,none,0,UPLCMS,AA12,0,0,,,,,0,,,0,0,0,0,0,0
yk-1536-4-make-product,1536,80,,1536,AA,13,"E43_3-(TERT-BUTYL)-1-METHYL-1H-PYRAZOLE-CARBOXYLIC ACID, 95%",CC(C)(C)C1=NN(C(=C1)C(=O)O)C,0.2,N2_hydroxydehydroabietylamine,CC(C)C(C(O)=C1)=CC2=C1[C@]3(C)C(CC2)[C@](C)(CN)CCC3,0.1,,CC(C)c1cc2c(cc1O)[C@@]1(C)CCC[C@@](C)(CNCc3cc(C(C)(C)C)nn3C)C1CC2,"C1_PLATINUM-1,3-DIVINYL-1,1,3,3-TETRAMETHYLDISILOXANE COMPLEX, IN XYLENES",C=C[Si](C)(C)O[Si](C)(C)C=C.[Pt],0.15,L1_Davephos,CN(C)c1ccccc1-c1ccccc1P(C1CCCCC1)C1CCCCC1,0.005,None,None,None,None,None,None,None,None,None,O1_phenylsilane,C1=CC=C(C=C1)[Si]ÔøΩÔøΩ,0.6,None,None,None,None,None,None,none,100,none,0,UPLCMS,AA13,904329.844,1106264.373,,,,,0,,,1.08,11.1,91.1,7.1,0.08,0
yk-1536-4-make-product,1536,80,,1536,AA,14,"E90_3-BENZOYLPROPIONIC ACID, 98%",C1=CC=C(C=C1)C(=O)CCC(=O)O,0.2,N2_hydroxydehydroabietylamine,CC(C)C(C(O)=C1)=CC2=C1[C@]3(C)C(CC2)[C@](C)(CN)CCC3,0.1,,CC(C)c1cc2c(cc1O)[C@@]1(C)CCC[C@@](C)(CNCCCC(=O)c3ccccc3)C1CC2,"C1_PLATINUM-1,3-DIVINYL-1,1,3,3-TETRAMETHYLDISILOXANE COMPLEX, IN XYLENES",C=C[Si](C)(C)O[Si](C)(C)C=C.[Pt],0.15,L1_Davephos,CN(C)c1ccccc1-c1ccccc1P(C1CCCCC1)C1CCCCC1,0.005,None,None,None,None,None,None,None,None,None,O1_phenylsilane,C1=CC=C(C=C1)[Si]ÔøΩÔøΩ,0.6,None,None,None,None,None,None,none,100,none,0,UPLCMS,AA14,6135.60127,0,,,,,0,,,0,0,0,-3.7,0,0
yk-1536-4-make-product,1536,80,,1536,AA,15,"E134_1,3-benzothiazole-6-carboxylic acid",C1=CC2=C(C=C1C(=O)O)SC=N2,0.2,N2_hydroxydehydroabietylamine,CC(C)C(C(O)=C1)=CC2=C1[C@]3(C)C(CC2)[C@](C)(CN)CCC3,0.1,,CC(C)c1cc2c(cc1O)[C@@]1(C)CCC[C@@](C)(CNCc3ccc4ncsc4c3)C1CC2,"C1_PLATINUM-1,3-DIVINYL-1,1,3,3-TETRAMETHYLDISILOXANE COMPLEX, IN XYLENES",C=C[Si](C)(C)O[Si](C)(C)C=C.[Pt],0.15,L1_Davephos,CN(C)c1ccccc1-c1ccccc1P(C1CCCCC1)C1CCCCC1,0.005,None,None,None,None,None,None,None,None,None,O1_phenylsilane,C1=CC=C(C=C1)[Si]ÔøΩÔøΩ,0.6,None,None,None,None,None,None,none,100,none,0,UPLCMS,AA15,299399.0799,767103.0008,,,,,0,,,2.94,7.7,72.3,-2.3,-0.03,0
yk-1536-4-make-product,1536,80,,1536,AA,16,E170_2-(2-ethylsulfonylphenyl)acetic acid,CCS(=O)(=O)C1=CC=CC=C1CC(=O)O,0.2,N2_hydroxydehydroabietylamine,CC(C)C(C(O)=C1)=CC2=C1[C@]3(C)C(CC2)[C@](C)(CN)CCC3,0.1,,CCS(=O)(=O)c1ccccc1CCNC[C@]1(C)CCC[C@]2(C)c3cc(O)c(C(C)C)cc3CCC12,"C1_PLATINUM-1,3-DIVINYL-1,1,3,3-TETRAMETHYLDISILOXANE COMPLEX, IN XYLENES",C=C[Si](C)(C)O[Si](C)(C)C=C.[Pt],0.15,L1_Davephos,CN(C)c1ccccc1-c1ccccc1P(C1CCCCC1)C1CCCCC1,0.005,None,None,None,None,None,None,None,None,None,O1_phenylsilane,C1=CC=C(C=C1)[Si]ÔøΩÔøΩ,0.6,None,None,None,None,None,None,none,100,none,0,UPLCMS,AA16,896441.2095,1280126.799,,,,,0,,,0,12.8,100,5.2,0.05,0
yk-1536-4-make-product,1536,80,,1536,AA,17,E216_7-methyl-2-propyl-3H-benzimidazole-5-carboxylic acid,CCCC1=NC2=C(N1)C=C(C=C2C)C(=O)O,0.2,N2_hydroxydehydroabietylamine,CC(C)C(C(O)=C1)=CC2=C1[C@]3(C)C(CC2)[C@](C)(CN)CCC3,0.1,,CCCc1nc2c(C)cc(CNC[C@]3(C)CCC[C@]4(C)c5cc(O)c(C(C)C)cc5CCC34)cc2[nH]1,"C1_PLATINUM-1,3-DIVINYL-1,1,3,3-TETRAMETHYLDISILOXANE COMPLEX, IN XYLENES",C=C[Si](C)(C)O[Si](C)(C)C=C.[Pt],0.15,L1_Davephos,CN(C)c1ccccc1-c1ccccc1P(C1CCCCC1)C1CCCCC1,0.005,None,None,None,None,None,None,None,None,None,O1_phenylsilane,C1=CC=C(C=C1)[Si]ÔøΩÔøΩ,0.6,None,None,None,None,None,None,none,100,none,0,UPLCMS,AA17,188437.6882,966678.6702,,,,,472731.7403,,,9.67,9.7,50,22.3,0.45,0
yk-1536-4-make-product,1536,80,,1536,AA,18,E267_5-thiophen-2-yl-1H-pyrazole-3-carboxylic acid,C1=CSC(=C1)C2=CC(=NN2)C(=O)O,0.2,N2_hydroxydehydroabietylamine,CC(C)C(C(O)=C1)=CC2=C1[C@]3(C)C(CC2)[C@](C)(CN)CCC3,0.1,,CC(C)c1cc2c(cc1O)[C@@]1(C)CCC[C@@](C)(CNCc3cc(-c4cccs4)[nH]n3)C1CC2,"C1_PLATINUM-1,3-DIVINYL-1,1,3,3-TETRAMETHYLDISILOXANE COMPLEX, IN XYLENES",C=C[Si](C)(C)O[Si](C)(C)C=C.[Pt],0.15,L1_Davephos,CN(C)c1ccccc1-c1ccccc1P(C1CCCCC1)C1CCCCC1,0.005,None,None,None,None,None,None,None,None,None,O1_phenylsilane,C1=CC=C(C=C1)[Si]ÔøΩÔøΩ,0.6,None,None,None,None,None,None,none,100,none,0,UPLCMS,AA18,802266.3918,714200.9477,,,,,0,,,3.72,7.1,65.8,10.9,0.17,0
yk-1536-4-make-product,1536,80,,1536,AA,19,E314_Ibufenac,CC(C)Cc1ccc(CC(=O)O)cc1,0.05,N2_hydroxydehydroabietylamine,CC(C)C(C(O)=C1)=CC2=C1[C@]3(C)C(CC2)[C@](C)(CN)CCC3,0.1,,CC(C)Cc1ccc(CCNC[C@]2(C)CCC[C@]3(C)c4cc(O)c(C(C)C)cc4CCC23)cc1,"C1_PLATINUM-1,3-DIVINYL-1,1,3,3-TETRAMETHYLDISILOXANE COMPLEX, IN XYLENES",C=C[Si](C)(C)O[Si](C)(C)C=C.[Pt],0.15,L1_Davephos,CN(C)c1ccccc1-c1ccccc1P(C1CCCCC1)C1CCCCC1,0.005,None,None,None,None,None,None,None,None,None,O1_phenylsilane,C1=CC=C(C=C1)[Si]ÔøΩÔøΩ,0.6,None,None,None,None,None,None,none,100,none,0,UPLCMS,AA19,50715.12307,88218.80686,,,,,0,,,0,0.9,100,33.3,0.33,0
yk-1536-4-make-product,1536,80,,1536,AA,20,"E78_1-(4-FLUOROPHENYL)CYCLOPROPANECARBOXYLIC ACID, 97+%",C1CC1(C2=CC=C(C=C2)F)C(=O)O,0.2,N2_hydroxydehydroabietylamine,CC(C)C(C(O)=C1)=CC2=C1[C@]3(C)C(CC2)[C@](C)(CN)CCC3,0.1,,CC(C)c1cc2c(cc1O)[C@@]1(C)CCC[C@@](C)(CNCC3(c4ccc(F)cc4)CC3)C1CC2,"C1_PLATINUM-1,3-DIVINYL-1,1,3,3-TETRAMETHYLDISILOXANE COMPLEX, IN XYLENES",C=C[Si](C)(C)O[Si](C)(C)C=C.[Pt],0.15,L1_Davephos,CN(C)c1ccccc1-c1ccccc1P(C1CCCCC1)C1CCCCC1,0.005,None,None,None,None,None,None,None,None,None,O1_phenylsilane,C1=CC=C(C=C1)[Si]ÔøΩÔøΩ,0.6,None,None,None,None,None,None,none,100,none,0,UPLCMS,AA20,0,0,,,,,0,,,2.55,0,0,29.1,0,0
yk-1536-4-make-product,1536,80,,1536,AA,21,E208_2-methylpyrazole-3-carboxylic acid,CN1C(=CC=N1)C(=O)O,0.2,N2_hydroxydehydroabietylamine,CC(C)C(C(O)=C1)=CC2=C1[C@]3(C)C(CC2)[C@](C)(CN)CCC3,0.1,,CC(C)c1cc2c(cc1O)[C@@]1(C)CCC[C@@](C)(CNCc3ccnn3C)C1CC2,"C1_PLATINUM-1,3-DIVINYL-1,1,3,3-TETRAMETHYLDISILOXANE COMPLEX, IN XYLENES",C=C[Si](C)(C)O[Si](C)(C)C=C.[Pt],0.15,L1_Davephos,CN(C)c1ccccc1-c1ccccc1P(C1CCCCC1)C1CCCCC1,0.005,None,None,None,None,None,None,None,None,None,O1_phenylsilane,C1=CC=C(C=C1)[Si]ÔøΩÔøΩ,0.6,None,None,None,None,None,None,none,100,none,0,UPLCMS,AA21,10738.45743,0,,,,,0,,,1.46,0,0,25.3,0,0
yk-1536-4-make-product,1536,80,,1536,AA,22,E291_4-(Trifluoromethyl)benzoic acid,C1=CC(=CC=C1C(=O)O)C(F)(F)F,0.2,N2_hydroxydehydroabietylamine,CC(C)C(C(O)=C1)=CC2=C1[C@]3(C)C(CC2)[C@](C)(CN)CCC3,0.1,,CC(C)c1cc2c(cc1O)[C@@]1(C)CCC[C@@](C)(CNCc3ccc(C(F)(F)F)cc3)C1CC2,"C1_PLATINUM-1,3-DIVINYL-1,1,3,3-TETRAMETHYLDISILOXANE COMPLEX, IN XYLENES",C=C[Si](C)(C)O[Si](C)(C)C=C.[Pt],0.15,L1_Davephos,CN(C)c1ccccc1-c1ccccc1P(C1CCCCC1)C1CCCCC1,0.005,None,None,None,None,None,None,None,None,None,O1_phenylsilane,C1=CC=C(C=C1)[Si]ÔøΩÔøΩ,0.6,None,None,None,None,None,None,none,100,none,0,UPLCMS,AA22,29493.68579,42646.73637,,,,,0,,,1.81,0.4,19.1,23.4,1.23,0
yk-1536-4-make-product,1536,80,,1536,AA,23,E347_Blank27,O=CO,0.2,N2_hydroxydehydroabietylamine,CC(C)C(C(O)=C1)=CC2=C1[C@]3(C)C(CC2)[C@](C)(CN)CCC3,0.1,MainProduct[63],CC(C)C(C(O)=C1)=CC2=C1[C@]3(C)C(CC2)[C@](C)(CN)CCC3,"C1_PLATINUM-1,3-DIVINYL-1,1,3,3-TETRAMETHYLDISILOXANE COMPLEX, IN XYLENES",C=C[Si](C)(C)O[Si](C)(C)C=C.[Pt],0.15,L1_Davephos,CN(C)c1ccccc1-c1ccccc1P(C1CCCCC1)C1CCCCC1,0.005,None,None,None,None,None,None,None,None,None,O1_phenylsilane,C1=CC=C(C=C1)[Si]ÔøΩÔøΩ,0.6,None,None,None,None,None,None,none,100,none,0,UPLCMS,AA23,0,273139.5035,,,,,281598.5285,,,0,2.7,100,0,0,0
yk-1536-4-make-product,1536,80,,1536,AA,24,E379_Blank59,O=CO,0.2,N2_hydroxydehydroabietylamine,CC(C)C(C(O)=C1)=CC2=C1[C@]3(C)C(CC2)[C@](C)(CN)CCC3,0.1,MainProduct[64],CC(C)C(C(O)=C1)=CC2=C1[C@]3(C)C(CC2)[C@](C)(CN)CCC3,"C1_PLATINUM-1,3-DIVINYL-1,1,3,3-TETRAMETHYLDISILOXANE COMPLEX, IN XYLENES",C=C[Si](C)(C)O[Si](C)(C)C=C.[Pt],0.15,L1_Davephos,CN(C)c1ccccc1-c1ccccc1P(C1CCCCC1)C1CCCCC1,0.005,None,None,None,None,None,None,None,None,None,O1_phenylsilane,C1=CC=C(C=C1)[Si]ÔøΩÔøΩ,0.6,None,None,None,None,None,None,none,100,none,0,UPLCMS,AA24,0,0,,,,,0,,,0,0,0,0,0,0
yk-1536-4-make-product,1536,80,,1536,AA,25,"E43_3-(TERT-BUTYL)-1-METHYL-1H-PYRAZOLE-CARBOXYLIC ACID, 95%",CC(C)(C)C1=NN(C(=C1)C(=O)O)C,0.2,N3_Scaffold 7,CC(C)C1=CC2=CCC3[C@](C)(CN)CCC[C@]3(C)C2CC1,0.1,,CC(C)C1=CC2=CCC3[C@](C)(CNCc4cc(C(C)(C)C)nn4C)CCC[C@]3(C)C2CC1,"C1_PLATINUM-1,3-DIVINYL-1,1,3,3-TETRAMETHYLDISILOXANE COMPLEX, IN XYLENES",C=C[Si](C)(C)O[Si](C)(C)C=C.[Pt],0.15,L1_Davephos,CN(C)c1ccccc1-c1ccccc1P(C1CCCCC1)C1CCCCC1,0.005,None,None,None,None,None,None,None,None,None,O1_phenylsilane,C1=CC=C(C=C1)[Si]ÔøΩÔøΩ,0.6,None,None,None,None,None,None,none,100,none,0,UPLCMS,AA25,607931.3357,955136.1492,505719.4115,629794.1148,0,0,36745.24077,0,0,6.3,9.6,60.3,-18.2,-0.3,0
yk-1536-4-make-product,1536,80,,1536,AA,26,"E90_3-BENZOYLPROPIONIC ACID, 98%",C1=CC=C(C=C1)C(=O)CCC(=O)O,0.2,N3_Scaffold 7,CC(C)C1=CC2=CCC3[C@](C)(CN)CCC[C@]3(C)C2CC1,0.1,,CC(C)C1=CC2=CCC3[C@](C)(CNCCCC(=O)c4ccccc4)CCC[C@]3(C)C2CC1,"C1_PLATINUM-1,3-DIVINYL-1,1,3,3-TETRAMETHYLDISILOXANE COMPLEX, IN XYLENES",C=C[Si](C)(C)O[Si](C)(C)C=C.[Pt],0.15,L1_Davephos,CN(C)c1ccccc1-c1ccccc1P(C1CCCCC1)C1CCCCC1,0.005,None,None,None,None,None,None,None,None,None,O1_phenylsilane,C1=CC=C(C=C1)[Si]ÔøΩÔøΩ,0.6,None,None,None,None,None,None,none,100,none,0,UPLCMS,AA26,59644.98327,0,25442.36577,106668.2594,0,0,7053.80167,6995.42684,0,1.1,0,0,-12.5,0,0
yk-1536-4-make-product,1536,80,,1536,AA,27,"E134_1,3-benzothiazole-6-carboxylic acid",C1=CC2=C(C=C1C(=O)O)SC=N2,0.2,N3_Scaffold 7,CC(C)C1=CC2=CCC3[C@](C)(CN)CCC[C@]3(C)C2CC1,0.1,,CC(C)C1=CC2=CCC3[C@](C)(CNCc4ccc5ncsc5c4)CCC[C@]3(C)C2CC1,"C1_PLATINUM-1,3-DIVINYL-1,1,3,3-TETRAMETHYLDISILOXANE COMPLEX, IN XYLENES",C=C[Si](C)(C)O[Si](C)(C)C=C.[Pt],0.15,L1_Davephos,CN(C)c1ccccc1-c1ccccc1P(C1CCCCC1)C1CCCCC1,0.005,None,None,None,None,None,None,None,None,None,O1_phenylsilane,C1=CC=C(C=C1)[Si]ÔøΩÔøΩ,0.6,None,None,None,None,None,None,none,100,none,0,UPLCMS,AA27,682770.2561,3609599.508,1146999.303,2048512.727,0,0,0,0,0,20.5,36.1,63.8,-12.4,-0.2,0
yk-1536-4-make-product,1536,80,,1536,AA,28,E170_2-(2-ethylsulfonylphenyl)acetic acid,CCS(=O)(=O)C1=CC=CC=C1CC(=O)O,0.2,N3_Scaffold 7,CC(C)C1=CC2=CCC3[C@](C)(CN)CCC[C@]3(C)C2CC1,0.1,,CCS(=O)(=O)c1ccccc1CCNC[C@]1(C)CCC[C@]2(C)C3CCC(C(C)C)=CC3=CCC12,"C1_PLATINUM-1,3-DIVINYL-1,1,3,3-TETRAMETHYLDISILOXANE COMPLEX, IN XYLENES",C=C[Si](C)(C)O[Si](C)(C)C=C.[Pt],0.15,L1_Davephos,CN(C)c1ccccc1-c1ccccc1P(C1CCCCC1)C1CCCCC1,0.005,None,None,None,None,None,None,None,None,None,O1_phenylsilane,C1=CC=C(C=C1)[Si]ÔøΩÔøΩ,0.6,None,None,None,None,None,None,none,100,none,0,UPLCMS,AA28,2577021.99,3157751.893,162520.529,430708.4032,0,0,0,0,0,4.3,31.6,88,-17.5,-0.2,0
yk-1536-4-make-product,1536,80,,1536,AA,29,E216_7-methyl-2-propyl-3H-benzimidazole-5-carboxylic acid,CCCC1=NC2=C(N1)C=C(C=C2C)C(=O)O,0.2,N3_Scaffold 7,CC(C)C1=CC2=CCC3[C@](C)(CN)CCC[C@]3(C)C2CC1,0.1,,CCCc1nc2c(C)cc(CNC[C@]3(C)CCC[C@]4(C)C5CCC(C(C)C)=CC5=CCC34)cc2[nH]1,"C1_PLATINUM-1,3-DIVINYL-1,1,3,3-TETRAMETHYLDISILOXANE COMPLEX, IN XYLENES",C=C[Si](C)(C)O[Si](C)(C)C=C.[Pt],0.15,L1_Davephos,CN(C)c1ccccc1-c1ccccc1P(C1CCCCC1)C1CCCCC1,0.005,None,None,None,None,None,None,None,None,None,O1_phenylsilane,C1=CC=C(C=C1)[Si]ÔøΩÔøΩ,0.6,None,None,None,None,None,None,none,100,none,0,UPLCMS,AA29,537450.8935,2252696.031,1465482.441,2252696.031,0,0,1465482.441,537450.8935,0,22.5,22.5,50,-5.1,-0.1,0
yk-1536-4-make-product,1536,80,,1536,AA,30,E267_5-thiophen-2-yl-1H-pyrazole-3-carboxylic acid,C1=CSC(=C1)C2=CC(=NN2)C(=O)O,0.2,N3_Scaffold 7,CC(C)C1=CC2=CCC3[C@](C)(CN)CCC[C@]3(C)C2CC1,0.1,,CC(C)C1=CC2=CCC3[C@](C)(CNCc4cc(-c5cccs5)[nH]n4)CCC[C@]3(C)C2CC1,"C1_PLATINUM-1,3-DIVINYL-1,1,3,3-TETRAMETHYLDISILOXANE COMPLEX, IN XYLENES",C=C[Si](C)(C)O[Si](C)(C)C=C.[Pt],0.15,L1_Davephos,CN(C)c1ccccc1-c1ccccc1P(C1CCCCC1)C1CCCCC1,0.005,None,None,None,None,None,None,None,None,None,O1_phenylsilane,C1=CC=C(C=C1)[Si]ÔøΩÔøΩ,0.6,None,None,None,None,None,None,none,100,none,0,UPLCMS,AA30,1108769.128,5212003,3865424.023,4070520.41,0,0,0,0,0,40.7,52.1,56.2,82.7,1.5,6.84
yk-1536-4-make-product,1536,80,,1536,AA,31,E314_Ibufenac,CC(C)Cc1ccc(CC(=O)O)cc1,0.05,N3_Scaffold 7,CC(C)C1=CC2=CCC3[C@](C)(CN)CCC[C@]3(C)C2CC1,0.1,,CC(C)Cc1ccc(CCNC[C@]2(C)CCC[C@]3(C)C4CCC(C(C)C)=CC4=CCC23)cc1,"C1_PLATINUM-1,3-DIVINYL-1,1,3,3-TETRAMETHYLDISILOXANE COMPLEX, IN XYLENES",C=C[Si](C)(C)O[Si](C)(C)C=C.[Pt],0.15,L1_Davephos,CN(C)c1ccccc1-c1ccccc1P(C1CCCCC1)C1CCCCC1,0.005,None,None,None,None,None,None,None,None,None,O1_phenylsilane,C1=CC=C(C=C1)[Si]ÔøΩÔøΩ,0.6,None,None,None,None,None,None,none,100,none,0,UPLCMS,AA31,69088.30422,0,697207.2119,715999.3027,0,0,0,0,0,7.2,0,0,-6,0,0
yk-1536-4-make-product,1536,80,,1536,AA,32,"E78_1-(4-FLUOROPHENYL)CYCLOPROPANECARBOXYLIC ACID, 97+%",C1CC1(C2=CC=C(C=C2)F)C(=O)O,0.2,N3_Scaffold 7,CC(C)C1=CC2=CCC3[C@](C)(CN)CCC[C@]3(C)C2CC1,0.1,,CC(C)C1=CC2=CCC3[C@](C)(CNCC4(c5ccc(F)cc5)CC4)CCC[C@]3(C)C2CC1,"C1_PLATINUM-1,3-DIVINYL-1,1,3,3-TETRAMETHYLDISILOXANE COMPLEX, IN XYLENES",C=C[Si](C)(C)O[Si](C)(C)C=C.[Pt],0.15,L1_Davephos,CN(C)c1ccccc1-c1ccccc1P(C1CCCCC1)C1CCCCC1,0.005,None,None,None,None,None,None,None,None,None,O1_phenylsilane,C1=CC=C(C=C1)[Si]ÔøΩÔøΩ,0.6,None,None,None,None,None,None,none,100,none,0,UPLCMS,AA32,1319.52477,0,939405.5207,985377.8051,0,0,0,0,0,9.9,0,0,2,0,0
yk-1536-4-make-product,1536,80,,1536,AA,33,E208_2-methylpyrazole-3-carboxylic acid,CN1C(=CC=N1)C(=O)O,0.2,N3_Scaffold 7,CC(C)C1=CC2=CCC3[C@](C)(CN)CCC[C@]3(C)C2CC1,0.1,,CC(C)C1=CC2=CCC3[C@](C)(CNCc4ccnn4C)CCC[C@]3(C)C2CC1,"C1_PLATINUM-1,3-DIVINYL-1,1,3,3-TETRAMETHYLDISILOXANE COMPLEX, IN XYLENES",C=C[Si](C)(C)O[Si](C)(C)C=C.[Pt],0.15,L1_Davephos,CN(C)c1ccccc1-c1ccccc1P(C1CCCCC1)C1CCCCC1,0.005,None,None,None,None,None,None,None,None,None,O1_phenylsilane,C1=CC=C(C=C1)[Si]ÔøΩÔøΩ,0.6,None,None,None,None,None,None,none,100,none,0,UPLCMS,AA33,5433.99176,0,821898.9804,873948.6459,0,0,144733.0724,0,0,8.7,0,0,-10.2,0,0
yk-1536-4-make-product,1536,80,,1536,AA,34,E291_4-(Trifluoromethyl)benzoic acid,C1=CC(=CC=C1C(=O)O)C(F)(F)F,0.2,N3_Scaffold 7,CC(C)C1=CC2=CCC3[C@](C)(CN)CCC[C@]3(C)C2CC1,0.1,,CC(C)C1=CC2=CCC3[C@](C)(CNCc4ccc(C(F)(F)F)cc4)CCC[C@]3(C)C2CC1,"C1_PLATINUM-1,3-DIVINYL-1,1,3,3-TETRAMETHYLDISILOXANE COMPLEX, IN XYLENES",C=C[Si](C)(C)O[Si](C)(C)C=C.[Pt],0.15,L1_Davephos,CN(C)c1ccccc1-c1ccccc1P(C1CCCCC1)C1CCCCC1,0.005,None,None,None,None,None,None,None,None,None,O1_phenylsilane,C1=CC=C(C=C1)[Si]ÔøΩÔøΩ,0.6,None,None,None,None,None,None,none,100,none,0,UPLCMS,AA34,36754.59624,50150.50082,837349.9212,877092.566,0,0,0,0,0,8.8,0.5,5.4,-4.9,-0.9,0
yk-1536-4-make-product,1536,80,,1536,AA,35,E347_Blank27,O=CO,0.2,N3_Scaffold 7,CC(C)C1=CC2=CCC3[C@](C)(CN)CCC[C@]3(C)C2CC1,0.1,MainProduct[76],CC(C)C1=CC2=CCC3[C@](C)(CN)CCC[C@]3(C)C2CC1,"C1_PLATINUM-1,3-DIVINYL-1,1,3,3-TETRAMETHYLDISILOXANE COMPLEX, IN XYLENES",C=C[Si](C)(C)O[Si](C)(C)C=C.[Pt],0.15,L1_Davephos,CN(C)c1ccccc1-c1ccccc1P(C1CCCCC1)C1CCCCC1,0.005,None,None,None,None,None,None,None,None,None,O1_phenylsilane,C1=CC=C(C=C1)[Si]ÔøΩÔøΩ,0.6,None,None,None,None,None,None,none,100,none,0,UPLCMS,AA35,0,1062262.543,0,0,0,0,996877.3883,0,0,0,10.6,100,0,0,0
yk-1536-4-make-product,1536,80,,1536,AA,36,E379_Blank59,O=CO,0.2,N3_Scaffold 7,CC(C)C1=CC2=CCC3[C@](C)(CN)CCC[C@]3(C)C2CC1,0.1,MainProduct[77],CC(C)C1=CC2=CCC3[C@](C)(CN)CCC[C@]3(C)C2CC1,"C1_PLATINUM-1,3-DIVINYL-1,1,3,3-TETRAMETHYLDISILOXANE COMPLEX, IN XYLENES",C=C[Si](C)(C)O[Si](C)(C)C=C.[Pt],0.15,L1_Davephos,CN(C)c1ccccc1-c1ccccc1P(C1CCCCC1)C1CCCCC1,0.005,None,None,None,None,None,None,None,None,None,O1_phenylsilane,C1=CC=C(C=C1)[Si]ÔøΩÔøΩ,0.6,None,None,None,None,None,None,none,100,none,0,UPLCMS,AA36,0,0,0,0,0,0,0,0,0,0,0,0,0,0,0
yk-1536-4-make-product,1536,80,,1536,AA,37,"E43_3-(TERT-BUTYL)-1-METHYL-1H-PYRAZOLE-CARBOXYLIC ACID, 95%",CC(C)(C)C1=NN(C(=C1)C(=O)O)C,0.2,N4_Scaffold 6,CCNC[C@@]1(C)C2[C@](C)(CCC1)c3c(CC2)cc(C(C)C)c(c3)N,0.1,,CCNC[C@]1(C)CCC[C@]2(C)c3cc(NCc4cc(C(C)(C)C)nn4C)c(C(C)C)cc3CCC12,"C1_PLATINUM-1,3-DIVINYL-1,1,3,3-TETRAMETHYLDISILOXANE COMPLEX, IN XYLENES",C=C[Si](C)(C)O[Si](C)(C)C=C.[Pt],0.15,L1_Davephos,CN(C)c1ccccc1-c1ccccc1P(C1CCCCC1)C1CCCCC1,0.005,None,None,None,None,None,None,None,None,None,O1_phenylsilane,C1=CC=C(C=C1)[Si]ÔøΩÔøΩ,0.6,None,None,None,None,None,None,none,100,none,0,UPLCMS,AA37,63006.9846,0,0,0,1736886.987,1424163.862,0,0,0,14.2,0,0,-15.8,0,0
yk-1536-4-make-product,1536,80,,1536,AA,38,"E90_3-BENZOYLPROPIONIC ACID, 98%",C1=CC=C(C=C1)C(=O)CCC(=O)O,0.2,N4_Scaffold 6,CCNC[C@@]1(C)C2[C@](C)(CCC1)c3c(CC2)cc(C(C)C)c(c3)N,0.1,,CCNC[C@]1(C)CCC[C@]2(C)c3cc(NCCCC(=O)c4ccccc4)c(C(C)C)cc3CCC12,"C1_PLATINUM-1,3-DIVINYL-1,1,3,3-TETRAMETHYLDISILOXANE COMPLEX, IN XYLENES",C=C[Si](C)(C)O[Si](C)(C)C=C.[Pt],0.15,L1_Davephos,CN(C)c1ccccc1-c1ccccc1P(C1CCCCC1)C1CCCCC1,0.005,None,None,None,None,None,None,None,None,None,O1_phenylsilane,C1=CC=C(C=C1)[Si]ÔøΩÔøΩ,0.6,None,None,None,None,None,None,none,100,none,0,UPLCMS,AA38,372919.6668,0,0,0,134879.5977,0,13105.89219,0,0,0,0,0,-18.6,0,0
yk-1536-4-make-product,1536,80,,1536,AA,39,"E134_1,3-benzothiazole-6-carboxylic acid",C1=CC2=C(C=C1C(=O)O)SC=N2,0.2,N4_Scaffold 6,CCNC[C@@]1(C)C2[C@](C)(CCC1)c3c(CC2)cc(C(C)C)c(c3)N,0.1,,CCNC[C@]1(C)CCC[C@]2(C)c3cc(NCc4ccc5ncsc5c4)c(C(C)C)cc3CCC12,"C1_PLATINUM-1,3-DIVINYL-1,1,3,3-TETRAMETHYLDISILOXANE COMPLEX, IN XYLENES",C=C[Si](C)(C)O[Si](C)(C)C=C.[Pt],0.15,L1_Davephos,CN(C)c1ccccc1-c1ccccc1P(C1CCCCC1)C1CCCCC1,0.005,None,None,None,None,None,None,None,None,None,O1_phenylsilane,C1=CC=C(C=C1)[Si]ÔøΩÔøΩ,0.6,None,None,None,None,None,None,none,100,none,0,UPLCMS,AA39,71855.53074,0,0,0,1699804.497,2164094.766,68054.34932,0,0,21.6,0,0,-8.1,0,0
yk-1536-4-make-product,1536,80,,1536,AA,40,E170_2-(2-ethylsulfonylphenyl)acetic acid,CCS(=O)(=O)C1=CC=CC=C1CC(=O)O,0.2,N4_Scaffold 6,CCNC[C@@]1(C)C2[C@](C)(CCC1)c3c(CC2)cc(C(C)C)c(c3)N,0.1,,CCNC[C@]1(C)CCC[C@]2(C)c3cc(NCCc4ccccc4S(=O)(=O)CC)c(C(C)C)cc3CCC12,"C1_PLATINUM-1,3-DIVINYL-1,1,3,3-TETRAMETHYLDISILOXANE COMPLEX, IN XYLENES",C=C[Si](C)(C)O[Si](C)(C)C=C.[Pt],0.15,L1_Davephos,CN(C)c1ccccc1-c1ccccc1P(C1CCCCC1)C1CCCCC1,0.005,None,None,None,None,None,None,None,None,None,O1_phenylsilane,C1=CC=C(C=C1)[Si]ÔøΩÔøΩ,0.6,None,None,None,None,None,None,none,100,none,0,UPLCMS,AA40,144450.2303,1317996.021,0,0,1418636.222,1287654.216,0,0,0,12.9,13.2,50.5,-28.9,-0.6,0
yk-1536-4-make-product,1536,80,,1536,AA,41,E216_7-methyl-2-propyl-3H-benzimidazole-5-carboxylic acid,CCCC1=NC2=C(N1)C=C(C=C2C)C(=O)O,0.2,N4_Scaffold 6,CCNC[C@@]1(C)C2[C@](C)(CCC1)c3c(CC2)cc(C(C)C)c(c3)N,0.1,,CCCc1nc2c(C)cc(CNc3cc4c(cc3C(C)C)CCC3[C@](C)(CNCC)CCC[C@]43C)cc2[nH]1,"C1_PLATINUM-1,3-DIVINYL-1,1,3,3-TETRAMETHYLDISILOXANE COMPLEX, IN XYLENES",C=C[Si](C)(C)O[Si](C)(C)C=C.[Pt],0.15,L1_Davephos,CN(C)c1ccccc1-c1ccccc1P(C1CCCCC1)C1CCCCC1,0.005,None,None,None,None,None,None,None,None,None,O1_phenylsilane,C1=CC=C(C=C1)[Si]ÔøΩÔøΩ,0.6,None,None,None,None,None,None,none,100,none,0,UPLCMS,AA41,38563.64701,317710.9003,0,0,1889954.563,2006461.256,0,0,0,20.1,3.2,13.6,-18.1,-1.3,0
yk-1536-4-make-product,1536,80,,1536,AA,42,E267_5-thiophen-2-yl-1H-pyrazole-3-carboxylic acid,C1=CSC(=C1)C2=CC(=NN2)C(=O)O,0.2,N4_Scaffold 6,CCNC[C@@]1(C)C2[C@](C)(CCC1)c3c(CC2)cc(C(C)C)c(c3)N,0.1,,CCNC[C@]1(C)CCC[C@]2(C)c3cc(NCc4cc(-c5cccs5)[nH]n4)c(C(C)C)cc3CCC12,"C1_PLATINUM-1,3-DIVINYL-1,1,3,3-TETRAMETHYLDISILOXANE COMPLEX, IN XYLENES",C=C[Si](C)(C)O[Si](C)(C)C=C.[Pt],0.15,L1_Davephos,CN(C)c1ccccc1-c1ccccc1P(C1CCCCC1)C1CCCCC1,0.005,None,None,None,None,None,None,None,None,None,O1_phenylsilane,C1=CC=C(C=C1)[Si]ÔøΩÔøΩ,0.6,None,None,None,None,None,None,none,100,none,0,UPLCMS,AA42,184042.5415,753872.79,0,0,1765998.861,1905112.167,134690.9235,0,0,19.1,7.5,28.3,-18.6,-0.7,0
yk-1536-4-make-product,1536,80,,1536,AA,43,E314_Ibufenac,CC(C)Cc1ccc(CC(=O)O)cc1,0.05,N4_Scaffold 6,CCNC[C@@]1(C)C2[C@](C)(CCC1)c3c(CC2)cc(C(C)C)c(c3)N,0.1,,CCNC[C@]1(C)CCC[C@]2(C)c3cc(NCCc4ccc(CC(C)C)cc4)c(C(C)C)cc3CCC12,"C1_PLATINUM-1,3-DIVINYL-1,1,3,3-TETRAMETHYLDISILOXANE COMPLEX, IN XYLENES",C=C[Si](C)(C)O[Si](C)(C)C=C.[Pt],0.15,L1_Davephos,CN(C)c1ccccc1-c1ccccc1P(C1CCCCC1)C1CCCCC1,0.005,None,None,None,None,None,None,None,None,None,O1_phenylsilane,C1=CC=C(C=C1)[Si]ÔøΩÔøΩ,0.6,None,None,None,None,None,None,none,100,none,0,UPLCMS,AA43,326945.7449,1582910.949,0,0,518814.6408,382412.82,116878.3977,0,0,3.8,15.8,80.6,-13.7,-0.2,0
yk-1536-4-make-product,1536,80,,1536,AA,44,"E78_1-(4-FLUOROPHENYL)CYCLOPROPANECARBOXYLIC ACID, 97+%",C1CC1(C2=CC=C(C=C2)F)C(=O)O,0.2,N4_Scaffold 6,CCNC[C@@]1(C)C2[C@](C)(CCC1)c3c(CC2)cc(C(C)C)c(c3)N,0.1,,CCNC[C@]1(C)CCC[C@]2(C)c3cc(NCC4(c5ccc(F)cc5)CC4)c(C(C)C)cc3CCC12,"C1_PLATINUM-1,3-DIVINYL-1,1,3,3-TETRAMETHYLDISILOXANE COMPLEX, IN XYLENES",C=C[Si](C)(C)O[Si](C)(C)C=C.[Pt],0.15,L1_Davephos,CN(C)c1ccccc1-c1ccccc1P(C1CCCCC1)C1CCCCC1,0.005,None,None,None,None,None,None,None,None,None,O1_phenylsilane,C1=CC=C(C=C1)[Si]ÔøΩÔøΩ,0.6,None,None,None,None,None,None,none,100,none,0,UPLCMS,AA44,0,0,0,0,590509.463,578442.4771,0,0,0,5.8,0,0,-10.5,0,0
yk-1536-4-make-product,1536,80,,1536,AA,45,E208_2-methylpyrazole-3-carboxylic acid,CN1C(=CC=N1)C(=O)O,0.2,N4_Scaffold 6,CCNC[C@@]1(C)C2[C@](C)(CCC1)c3c(CC2)cc(C(C)C)c(c3)N,0.1,,CCNC[C@]1(C)CCC[C@]2(C)c3cc(NCc4ccnn4C)c(C(C)C)cc3CCC12,"C1_PLATINUM-1,3-DIVINYL-1,1,3,3-TETRAMETHYLDISILOXANE COMPLEX, IN XYLENES",C=C[Si](C)(C)O[Si](C)(C)C=C.[Pt],0.15,L1_Davephos,CN(C)c1ccccc1-c1ccccc1P(C1CCCCC1)C1CCCCC1,0.005,None,None,None,None,None,None,None,None,None,O1_phenylsilane,C1=CC=C(C=C1)[Si]ÔøΩÔøΩ,0.6,None,None,None,None,None,None,none,100,none,0,UPLCMS,AA45,2427.24617,0,0,0,937897.2194,1013364.647,38445.85579,0,0,10.1,0,0,4,0,0
yk-1536-4-make-product,1536,80,,1536,AA,46,E291_4-(Trifluoromethyl)benzoic acid,C1=CC(=CC=C1C(=O)O)C(F)(F)F,0.2,N4_Scaffold 6,CCNC[C@@]1(C)C2[C@](C)(CCC1)c3c(CC2)cc(C(C)C)c(c3)N,0.1,,CCNC[C@]1(C)CCC[C@]2(C)c3cc(NCc4ccc(C(F)(F)F)cc4)c(C(C)C)cc3CCC12,"C1_PLATINUM-1,3-DIVINYL-1,1,3,3-TETRAMETHYLDISILOXANE COMPLEX, IN XYLENES",C=C[Si](C)(C)O[Si](C)(C)C=C.[Pt],0.15,L1_Davephos,CN(C)c1ccccc1-c1ccccc1P(C1CCCCC1)C1CCCCC1,0.005,None,None,None,None,None,None,None,None,None,O1_phenylsilane,C1=CC=C(C=C1)[Si]ÔøΩÔøΩ,0.6,None,None,None,None,None,None,none,100,none,0,UPLCMS,AA46,11665.13001,125183.8177,0,0,580791.7005,521905.0041,5876.95653,0,0,5.2,1.3,19.4,11.1,0.6,0
yk-1536-4-make-product,1536,80,,1536,AA,47,E347_Blank27,O=CO,0.2,N4_Scaffold 6,CCNC[C@@]1(C)C2[C@](C)(CCC1)c3c(CC2)cc(C(C)C)c(c3)N,0.1,MainProduct[89],CCNC[C@@]1(C)C2[C@](C)(CCC1)c3c(CC2)cc(C(C)C)c(c3)N,"C1_PLATINUM-1,3-DIVINYL-1,1,3,3-TETRAMETHYLDISILOXANE COMPLEX, IN XYLENES",C=C[Si](C)(C)O[Si](C)(C)C=C.[Pt],0.15,L1_Davephos,CN(C)c1ccccc1-c1ccccc1P(C1CCCCC1)C1CCCCC1,0.005,None,None,None,None,None,None,None,None,None,O1_phenylsilane,C1=CC=C(C=C1)[Si]ÔøΩÔøΩ,0.6,None,None,None,None,None,None,none,100,none,0,UPLCMS,AA47,0,646052.0837,0,0,0,0,635823.1155,0,0,0,6.5,100,0,0,0
yk-1536-4-make-product,1536,80,,1536,AA,48,E379_Blank59,O=CO,0.2,N4_Scaffold 6,CCNC[C@@]1(C)C2[C@](C)(CCC1)c3c(CC2)cc(C(C)C)c(c3)N,0.1,MainProduct[90],CCNC[C@@]1(C)C2[C@](C)(CCC1)c3c(CC2)cc(C(C)C)c(c3)N,"C1_PLATINUM-1,3-DIVINYL-1,1,3,3-TETRAMETHYLDISILOXANE COMPLEX, IN XYLENES",C=C[Si](C)(C)O[Si](C)(C)C=C.[Pt],0.15,L1_Davephos,CN(C)c1ccccc1-c1ccccc1P(C1CCCCC1)C1CCCCC1,0.005,None,None,None,None,None,None,None,None,None,O1_phenylsilane,C1=CC=C(C=C1)[Si]ÔøΩÔøΩ,0.6,None,None,None,None,None,None,none,100,none,0,UPLCMS,AA48,0,0,0,0,0,0,0,0,0,0,0,0,0,0,0
yk-1536-4-make-product,1536,80,,1536,AB,1,"E48_(S)-1-(TERT-BUTOXYCARBONYL)PIPERIDINE-3-CARBOXYLIC ACID, 97%",CC(C)(C)OC(=O)N1CCCC(C1)C(=O)O,0.2,N1_(+)-Dehydroabietylamine,CC(C)c1ccc2c(c1)CC[C@H]1[C@](C)(CN)CCC[C@]21C,0.1,,CC(C)c1ccc2c(c1)CC[C@H]1[C@](C)(CNCC3CCCN(C(=O)OC(C)(C)C)C3)CCC[C@]21C,"C1_PLATINUM-1,3-DIVINYL-1,1,3,3-TETRAMETHYLDISILOXANE COMPLEX, IN XYLENES",C=C[Si](C)(C)O[Si](C)(C)C=C.[Pt],0.15,L1_Davephos,CN(C)c1ccccc1-c1ccccc1P(C1CCCCC1)C1CCCCC1,0.005,None,None,None,None,None,None,None,None,None,O1_phenylsilane,C1=CC=C(C=C1)[Si]ÔøΩÔøΩ,0.6,None,None,None,None,None,None,none,100,none,0,UPLCMS,AB1,4815580.865,4583905.392,,,,,0,,,34.8,45.8,56.8,69.7,1.23,0
yk-1536-4-make-product,1536,80,,1536,AB,2,"E91_(BENZHYDRYLTHIO)ACETIC ACID, 98.0+%",C1=CC=C(C=C1)C(C2=CC=CC=C2)SCC(=O)O,0.2,N1_(+)-Dehydroabietylamine,CC(C)c1ccc2c(c1)CC[C@H]1[C@](C)(CN)CCC[C@]21C,0.1,,CC(C)c1ccc2c(c1)CC[C@H]1[C@](C)(CNCCSC(c3ccccc3)c3ccccc3)CCC[C@]21C,"C1_PLATINUM-1,3-DIVINYL-1,1,3,3-TETRAMETHYLDISILOXANE COMPLEX, IN XYLENES",C=C[Si](C)(C)O[Si](C)(C)C=C.[Pt],0.15,L1_Davephos,CN(C)c1ccccc1-c1ccccc1P(C1CCCCC1)C1CCCCC1,0.005,None,None,None,None,None,None,None,None,None,O1_phenylsilane,C1=CC=C(C=C1)[Si]ÔøΩÔøΩ,0.6,None,None,None,None,None,None,none,100,none,0,UPLCMS,AB2,6664068.729,5974204.23,,,,,0,,,24.5,59.7,70.9,-3.9,-0.06,0
yk-1536-4-make-product,1536,80,,1536,AB,3,"E135_4-bromo-3,5-dihydroxybenzoic acid",C1=C(C=C(C(=C1O)Br)O)C(=O)O,0.2,N1_(+)-Dehydroabietylamine,CC(C)c1ccc2c(c1)CC[C@H]1[C@](C)(CN)CCC[C@]21C,0.1,,CC(C)c1ccc2c(c1)CC[C@H]1[C@](C)(CNCc3cc(O)c(Br)c(O)c3)CCC[C@]21C,"C1_PLATINUM-1,3-DIVINYL-1,1,3,3-TETRAMETHYLDISILOXANE COMPLEX, IN XYLENES",C=C[Si](C)(C)O[Si](C)(C)C=C.[Pt],0.15,L1_Davephos,CN(C)c1ccccc1-c1ccccc1P(C1CCCCC1)C1CCCCC1,0.005,None,None,None,None,None,None,None,None,None,O1_phenylsilane,C1=CC=C(C=C1)[Si]ÔøΩÔøΩ,0.6,None,None,None,None,None,None,none,100,none,0,UPLCMS,AB3,1889493.502,4569573.368,,,,,0,,,40.9,45.7,52.8,98.3,1.86,-6.41
yk-1536-4-make-product,1536,80,,1536,AB,4,E172_2-(5-fluoropyridin-2-yl)acetic acid,C1=CC(=NC=C1F)CC(=O)O,0.2,N1_(+)-Dehydroabietylamine,CC(C)c1ccc2c(c1)CC[C@H]1[C@](C)(CN)CCC[C@]21C,0.1,,CC(C)c1ccc2c(c1)CC[C@H]1[C@](C)(CNCCc3ccc(F)cn3)CCC[C@]21C,"C1_PLATINUM-1,3-DIVINYL-1,1,3,3-TETRAMETHYLDISILOXANE COMPLEX, IN XYLENES",C=C[Si](C)(C)O[Si](C)(C)C=C.[Pt],0.15,L1_Davephos,CN(C)c1ccccc1-c1ccccc1P(C1CCCCC1)C1CCCCC1,0.005,None,None,None,None,None,None,None,None,None,O1_phenylsilane,C1=CC=C(C=C1)[Si]ÔøΩÔøΩ,0.6,None,None,None,None,None,None,none,100,none,0,UPLCMS,AB4,16643.09501,892488.4768,,,,,647337.5777,,,24.3,8.9,26.8,6,0.22,0
yk-1536-4-make-product,1536,80,,1536,AB,5,E217_6-methoxypyridine-3-carboxylic acid,COC1=NC=C(C=C1)C(=O)O,0.2,N1_(+)-Dehydroabietylamine,CC(C)c1ccc2c(c1)CC[C@H]1[C@](C)(CN)CCC[C@]21C,0.1,,COc1ccc(CNC[C@]2(C)CCC[C@]3(C)c4ccc(C(C)C)cc4CC[C@@H]23)cn1,"C1_PLATINUM-1,3-DIVINYL-1,1,3,3-TETRAMETHYLDISILOXANE COMPLEX, IN XYLENES",C=C[Si](C)(C)O[Si](C)(C)C=C.[Pt],0.15,L1_Davephos,CN(C)c1ccccc1-c1ccccc1P(C1CCCCC1)C1CCCCC1,0.005,None,None,None,None,None,None,None,None,None,O1_phenylsilane,C1=CC=C(C=C1)[Si]ÔøΩÔøΩ,0.6,None,None,None,None,None,None,none,100,none,0,UPLCMS,AB5,1929742.312,1833789.007,,,,,0,,,30.6,18.3,37.4,45.1,1.21,0
yk-1536-4-make-product,1536,80,,1536,AB,6,E270_Tolfenamic acid,CC1=C(C=CC=C1Cl)NC2=CC=CC=C2C(=O)O,0.2,N1_(+)-Dehydroabietylamine,CC(C)c1ccc2c(c1)CC[C@H]1[C@](C)(CN)CCC[C@]21C,0.1,,Cc1c(Cl)cccc1Nc1ccccc1CNC[C@]1(C)CCC[C@]2(C)c3ccc(C(C)C)cc3CC[C@@H]12,"C1_PLATINUM-1,3-DIVINYL-1,1,3,3-TETRAMETHYLDISILOXANE COMPLEX, IN XYLENES",C=C[Si](C)(C)O[Si](C)(C)C=C.[Pt],0.15,L1_Davephos,CN(C)c1ccccc1-c1ccccc1P(C1CCCCC1)C1CCCCC1,0.005,None,None,None,None,None,None,None,None,None,O1_phenylsilane,C1=CC=C(C=C1)[Si]ÔøΩÔøΩ,0.6,None,None,None,None,None,None,none,100,none,0,UPLCMS,AB6,1066647.028,1416471.516,,,,,0,,,0,14.2,100,83.1,0.83,3.98
yk-1536-4-make-product,1536,80,,1536,AB,7,E315_Deoxycholic Acid,C[C@H](CCC(=O)O)[C@H]1CC[C@H]2[C@@H]3C(=O)CC4CC(=O)CC[C@]4(C)[C@H]3CC(=O)[C@]12C,0.05,N1_(+)-Dehydroabietylamine,CC(C)c1ccc2c(c1)CC[C@H]1[C@](C)(CN)CCC[C@]21C,0.1,,CC(C)c1ccc2c(c1)CC[C@H]1[C@](C)(CNCCC[C@@H](C)[C@H]3CC[C@H]4[C@@H]5C(=O)CC6CC(=O)CC[C@]6(C)[C@H]5CC(=O)[C@]34C)CCC[C@]21C,"C1_PLATINUM-1,3-DIVINYL-1,1,3,3-TETRAMETHYLDISILOXANE COMPLEX, IN XYLENES",C=C[Si](C)(C)O[Si](C)(C)C=C.[Pt],0.15,L1_Davephos,CN(C)c1ccccc1-c1ccccc1P(C1CCCCC1)C1CCCCC1,0.005,None,None,None,None,None,None,None,None,None,O1_phenylsilane,C1=CC=C(C=C1)[Si]ÔøΩÔøΩ,0.6,None,None,None,None,None,None,none,100,none,0,UPLCMS,AB7,0,0,,,,,0,,,0,0,0,-19.7,0,0
yk-1536-4-make-product,1536,80,,1536,AB,8,"E80_2-FLUORO-6-(TRIFLUOROMETHYL)BENZOIC ACID, 98%",C1=CC(=C(C(=C1)F)C(=O)O)C(F)(F)F,0.2,N1_(+)-Dehydroabietylamine,CC(C)c1ccc2c(c1)CC[C@H]1[C@](C)(CN)CCC[C@]21C,0.1,,CC(C)c1ccc2c(c1)CC[C@H]1[C@](C)(CNCc3c(F)cccc3C(F)(F)F)CCC[C@]21C,"C1_PLATINUM-1,3-DIVINYL-1,1,3,3-TETRAMETHYLDISILOXANE COMPLEX, IN XYLENES",C=C[Si](C)(C)O[Si](C)(C)C=C.[Pt],0.15,L1_Davephos,CN(C)c1ccccc1-c1ccccc1P(C1CCCCC1)C1CCCCC1,0.005,None,None,None,None,None,None,None,None,None,O1_phenylsilane,C1=CC=C(C=C1)[Si]ÔøΩÔøΩ,0.6,None,None,None,None,None,None,none,100,none,0,UPLCMS,AB8,1301718.992,1163892.389,,,,,0,,,42.4,11.6,21.5,92.1,4.28,-6.19
yk-1536-4-make-product,1536,80,,1536,AB,9,E209_1-methylpyrazole-3-carboxylic acid,CN1C=CC(=N1)C(=O)O,0.2,N1_(+)-Dehydroabietylamine,CC(C)c1ccc2c(c1)CC[C@H]1[C@](C)(CN)CCC[C@]21C,0.1,,CC(C)c1ccc2c(c1)CC[C@H]1[C@](C)(CNCc3ccn(C)n3)CCC[C@]21C,"C1_PLATINUM-1,3-DIVINYL-1,1,3,3-TETRAMETHYLDISILOXANE COMPLEX, IN XYLENES",C=C[Si](C)(C)O[Si](C)(C)C=C.[Pt],0.15,L1_Davephos,CN(C)c1ccccc1-c1ccccc1P(C1CCCCC1)C1CCCCC1,0.005,None,None,None,None,None,None,None,None,None,O1_phenylsilane,C1=CC=C(C=C1)[Si]ÔøΩÔøΩ,0.6,None,None,None,None,None,None,none,100,none,0,UPLCMS,AB9,94375.87927,0,,,,,0,,,36.4,0,0,-23.7,0,0
yk-1536-4-make-product,1536,80,,1536,AB,10,"E293_M-TOLUIC ACID, 99%",CC1=CC(=CC=C1)C(=O)O,0.2,N1_(+)-Dehydroabietylamine,CC(C)c1ccc2c(c1)CC[C@H]1[C@](C)(CN)CCC[C@]21C,0.1,,Cc1cccc(CNC[C@]2(C)CCC[C@]3(C)c4ccc(C(C)C)cc4CC[C@@H]23)c1,"C1_PLATINUM-1,3-DIVINYL-1,1,3,3-TETRAMETHYLDISILOXANE COMPLEX, IN XYLENES",C=C[Si](C)(C)O[Si](C)(C)C=C.[Pt],0.15,L1_Davephos,CN(C)c1ccccc1-c1ccccc1P(C1CCCCC1)C1CCCCC1,0.005,None,None,None,None,None,None,None,None,None,O1_phenylsilane,C1=CC=C(C=C1)[Si]ÔøΩÔøΩ,0.6,None,None,None,None,None,None,none,100,none,0,UPLCMS,AB10,2631222.282,2282680.216,,,,,0,,,20.8,22.8,52.3,-33.3,-0.64,0
yk-1536-4-make-product,1536,80,,1536,AB,11,E348_Blank28,O=CO,0.2,N1_(+)-Dehydroabietylamine,CC(C)c1ccc2c(c1)CC[C@H]1[C@](C)(CN)CCC[C@]21C,0.1,MainProduct[98],CC(C)c1ccc2c(c1)CC[C@H]1[C@](C)(CN)CCC[C@]21C,"C1_PLATINUM-1,3-DIVINYL-1,1,3,3-TETRAMETHYLDISILOXANE COMPLEX, IN XYLENES",C=C[Si](C)(C)O[Si](C)(C)C=C.[Pt],0.15,L1_Davephos,CN(C)c1ccccc1-c1ccccc1P(C1CCCCC1)C1CCCCC1,0.005,None,None,None,None,None,None,None,None,None,O1_phenylsilane,C1=CC=C(C=C1)[Si]ÔøΩÔøΩ,0.6,None,None,None,None,None,None,none,100,none,0,UPLCMS,AB11,0,4088541.189,,,,,3787303.844,,,0,40.9,100,0,0,0
yk-1536-4-make-product,1536,80,,1536,AB,12,E380_Blank60,O=CO,0.2,N1_(+)-Dehydroabietylamine,CC(C)c1ccc2c(c1)CC[C@H]1[C@](C)(CN)CCC[C@]21C,0.1,MainProduct[99],CC(C)c1ccc2c(c1)CC[C@H]1[C@](C)(CN)CCC[C@]21C,"C1_PLATINUM-1,3-DIVINYL-1,1,3,3-TETRAMETHYLDISILOXANE COMPLEX, IN XYLENES",C=C[Si](C)(C)O[Si](C)(C)C=C.[Pt],0.15,L1_Davephos,CN(C)c1ccccc1-c1ccccc1P(C1CCCCC1)C1CCCCC1,0.005,None,None,None,None,None,None,None,None,None,O1_phenylsilane,C1=CC=C(C=C1)[Si]ÔøΩÔøΩ,0.6,None,None,None,None,None,None,none,100,none,0,UPLCMS,AB12,0,0,,,,,0,,,0,0,0,0,0,0
yk-1536-4-make-product,1536,80,,1536,AB,13,"E48_(S)-1-(TERT-BUTOXYCARBONYL)PIPERIDINE-3-CARBOXYLIC ACID, 97%",CC(C)(C)OC(=O)N1CCCC(C1)C(=O)O,0.2,N2_hydroxydehydroabietylamine,CC(C)C(C(O)=C1)=CC2=C1[C@]3(C)C(CC2)[C@](C)(CN)CCC3,0.1,,CC(C)c1cc2c(cc1O)[C@@]1(C)CCC[C@@](C)(CNCC3CCCN(C(=O)OC(C)(C)C)C3)C1CC2,"C1_PLATINUM-1,3-DIVINYL-1,1,3,3-TETRAMETHYLDISILOXANE COMPLEX, IN XYLENES",C=C[Si](C)(C)O[Si](C)(C)C=C.[Pt],0.15,L1_Davephos,CN(C)c1ccccc1-c1ccccc1P(C1CCCCC1)C1CCCCC1,0.005,None,None,None,None,None,None,None,None,None,O1_phenylsilane,C1=CC=C(C=C1)[Si]ÔøΩÔøΩ,0.6,None,None,None,None,None,None,none,100,none,0,UPLCMS,AB13,1516887.781,1698119.995,,,,,0,,,0,17,100,-9.2,-0.09,0
yk-1536-4-make-product,1536,80,,1536,AB,14,"E91_(BENZHYDRYLTHIO)ACETIC ACID, 98.0+%",C1=CC=C(C=C1)C(C2=CC=CC=C2)SCC(=O)O,0.2,N2_hydroxydehydroabietylamine,CC(C)C(C(O)=C1)=CC2=C1[C@]3(C)C(CC2)[C@](C)(CN)CCC3,0.1,,CC(C)c1cc2c(cc1O)[C@@]1(C)CCC[C@@](C)(CNCCSC(c3ccccc3)c3ccccc3)C1CC2,"C1_PLATINUM-1,3-DIVINYL-1,1,3,3-TETRAMETHYLDISILOXANE COMPLEX, IN XYLENES",C=C[Si](C)(C)O[Si](C)(C)C=C.[Pt],0.15,L1_Davephos,CN(C)c1ccccc1-c1ccccc1P(C1CCCCC1)C1CCCCC1,0.005,None,None,None,None,None,None,None,None,None,O1_phenylsilane,C1=CC=C(C=C1)[Si]ÔøΩÔøΩ,0.6,None,None,None,None,None,None,none,100,none,0,UPLCMS,AB14,185909.028,171687,,,,,0,,,0,1.7,100,-20.5,-0.21,0
yk-1536-4-make-product,1536,80,,1536,AB,15,"E135_4-bromo-3,5-dihydroxybenzoic acid",C1=C(C=C(C(=C1O)Br)O)C(=O)O,0.2,N2_hydroxydehydroabietylamine,CC(C)C(C(O)=C1)=CC2=C1[C@]3(C)C(CC2)[C@](C)(CN)CCC3,0.1,,CC(C)c1cc2c(cc1O)[C@@]1(C)CCC[C@@](C)(CNCc3cc(O)c(Br)c(O)c3)C1CC2,"C1_PLATINUM-1,3-DIVINYL-1,1,3,3-TETRAMETHYLDISILOXANE COMPLEX, IN XYLENES",C=C[Si](C)(C)O[Si](C)(C)C=C.[Pt],0.15,L1_Davephos,CN(C)c1ccccc1-c1ccccc1P(C1CCCCC1)C1CCCCC1,0.005,None,None,None,None,None,None,None,None,None,O1_phenylsilane,C1=CC=C(C=C1)[Si]ÔøΩÔøΩ,0.6,None,None,None,None,None,None,none,100,none,0,UPLCMS,AB15,471123.5338,1600832.17,,,,,0,,,0,16,100,-30.6,-0.31,0
yk-1536-4-make-product,1536,80,,1536,AB,16,E172_2-(5-fluoropyridin-2-yl)acetic acid,C1=CC(=NC=C1F)CC(=O)O,0.2,N2_hydroxydehydroabietylamine,CC(C)C(C(O)=C1)=CC2=C1[C@]3(C)C(CC2)[C@](C)(CN)CCC3,0.1,,CC(C)c1cc2c(cc1O)[C@@]1(C)CCC[C@@](C)(CNCCc3ccc(F)cn3)C1CC2,"C1_PLATINUM-1,3-DIVINYL-1,1,3,3-TETRAMETHYLDISILOXANE COMPLEX, IN XYLENES",C=C[Si](C)(C)O[Si](C)(C)C=C.[Pt],0.15,L1_Davephos,CN(C)c1ccccc1-c1ccccc1P(C1CCCCC1)C1CCCCC1,0.005,None,None,None,None,None,None,None,None,None,O1_phenylsilane,C1=CC=C(C=C1)[Si]ÔøΩÔøΩ,0.6,None,None,None,None,None,None,none,100,none,0,UPLCMS,AB16,12679.36315,0,,,,,0,,,6.9,0,0,-13.4,0,0
yk-1536-4-make-product,1536,80,,1536,AB,17,E217_6-methoxypyridine-3-carboxylic acid,COC1=NC=C(C=C1)C(=O)O,0.2,N2_hydroxydehydroabietylamine,CC(C)C(C(O)=C1)=CC2=C1[C@]3(C)C(CC2)[C@](C)(CN)CCC3,0.1,,COc1ccc(CNC[C@]2(C)CCC[C@]3(C)c4cc(O)c(C(C)C)cc4CCC23)cn1,"C1_PLATINUM-1,3-DIVINYL-1,1,3,3-TETRAMETHYLDISILOXANE COMPLEX, IN XYLENES",C=C[Si](C)(C)O[Si](C)(C)C=C.[Pt],0.15,L1_Davephos,CN(C)c1ccccc1-c1ccccc1P(C1CCCCC1)C1CCCCC1,0.005,None,None,None,None,None,None,None,None,None,O1_phenylsilane,C1=CC=C(C=C1)[Si]ÔøΩÔøΩ,0.6,None,None,None,None,None,None,none,100,none,0,UPLCMS,AB17,386269.4182,636400,,,,,0,,,0,6.4,100,-14.6,-0.15,0
yk-1536-4-make-product,1536,80,,1536,AB,18,E270_Tolfenamic acid,CC1=C(C=CC=C1Cl)NC2=CC=CC=C2C(=O)O,0.2,N2_hydroxydehydroabietylamine,CC(C)C(C(O)=C1)=CC2=C1[C@]3(C)C(CC2)[C@](C)(CN)CCC3,0.1,,Cc1c(Cl)cccc1Nc1ccccc1CNC[C@]1(C)CCC[C@]2(C)c3cc(O)c(C(C)C)cc3CCC12,"C1_PLATINUM-1,3-DIVINYL-1,1,3,3-TETRAMETHYLDISILOXANE COMPLEX, IN XYLENES",C=C[Si](C)(C)O[Si](C)(C)C=C.[Pt],0.15,L1_Davephos,CN(C)c1ccccc1-c1ccccc1P(C1CCCCC1)C1CCCCC1,0.005,None,None,None,None,None,None,None,None,None,O1_phenylsilane,C1=CC=C(C=C1)[Si]ÔøΩÔøΩ,0.6,None,None,None,None,None,None,none,100,none,0,UPLCMS,AB18,450261.3211,387387.8533,,,,,0,,,1.2,3.9,76.9,-1.2,-0.02,0
yk-1536-4-make-product,1536,80,,1536,AB,19,E315_Deoxycholic Acid,C[C@H](CCC(=O)O)[C@H]1CC[C@H]2[C@@H]3C(=O)CC4CC(=O)CC[C@]4(C)[C@H]3CC(=O)[C@]12C,0.05,N2_hydroxydehydroabietylamine,CC(C)C(C(O)=C1)=CC2=C1[C@]3(C)C(CC2)[C@](C)(CN)CCC3,0.1,,CC(C)c1cc2c(cc1O)[C@@]1(C)CCC[C@@](C)(CNCCC[C@@H](C)[C@H]3CC[C@H]4[C@@H]5C(=O)CC6CC(=O)CC[C@]6(C)[C@H]5CC(=O)[C@]34C)C1CC2,"C1_PLATINUM-1,3-DIVINYL-1,1,3,3-TETRAMETHYLDISILOXANE COMPLEX, IN XYLENES",C=C[Si](C)(C)O[Si](C)(C)C=C.[Pt],0.15,L1_Davephos,CN(C)c1ccccc1-c1ccccc1P(C1CCCCC1)C1CCCCC1,0.005,None,None,None,None,None,None,None,None,None,O1_phenylsilane,C1=CC=C(C=C1)[Si]ÔøΩÔøΩ,0.6,None,None,None,None,None,None,none,100,none,0,UPLCMS,AB19,0,0,,,,,0,,,0,0,0,22.1,0,0
yk-1536-4-make-product,1536,80,,1536,AB,20,"E80_2-FLUORO-6-(TRIFLUOROMETHYL)BENZOIC ACID, 98%",C1=CC(=C(C(=C1)F)C(=O)O)C(F)(F)F,0.2,N2_hydroxydehydroabietylamine,CC(C)C(C(O)=C1)=CC2=C1[C@]3(C)C(CC2)[C@](C)(CN)CCC3,0.1,,CC(C)c1cc2c(cc1O)[C@@]1(C)CCC[C@@](C)(CNCc3c(F)cccc3C(F)(F)F)C1CC2,"C1_PLATINUM-1,3-DIVINYL-1,1,3,3-TETRAMETHYLDISILOXANE COMPLEX, IN XYLENES",C=C[Si](C)(C)O[Si](C)(C)C=C.[Pt],0.15,L1_Davephos,CN(C)c1ccccc1-c1ccccc1P(C1CCCCC1)C1CCCCC1,0.005,None,None,None,None,None,None,None,None,None,O1_phenylsilane,C1=CC=C(C=C1)[Si]ÔøΩÔøΩ,0.6,None,None,None,None,None,None,none,100,none,0,UPLCMS,AB20,495186.2955,580649.6506,,,,,0,,,0,5.8,100,8.4,0.08,0
yk-1536-4-make-product,1536,80,,1536,AB,21,E209_1-methylpyrazole-3-carboxylic acid,CN1C=CC(=N1)C(=O)O,0.2,N2_hydroxydehydroabietylamine,CC(C)C(C(O)=C1)=CC2=C1[C@]3(C)C(CC2)[C@](C)(CN)CCC3,0.1,,CC(C)c1cc2c(cc1O)[C@@]1(C)CCC[C@@](C)(CNCc3ccn(C)n3)C1CC2,"C1_PLATINUM-1,3-DIVINYL-1,1,3,3-TETRAMETHYLDISILOXANE COMPLEX, IN XYLENES",C=C[Si](C)(C)O[Si](C)(C)C=C.[Pt],0.15,L1_Davephos,CN(C)c1ccccc1-c1ccccc1P(C1CCCCC1)C1CCCCC1,0.005,None,None,None,None,None,None,None,None,None,O1_phenylsilane,C1=CC=C(C=C1)[Si]ÔøΩÔøΩ,0.6,None,None,None,None,None,None,none,100,none,0,UPLCMS,AB21,23392.33061,0,,,,,0,,,3.2,0,0,-3.5,0,0
yk-1536-4-make-product,1536,80,,1536,AB,22,"E293_M-TOLUIC ACID, 99%",CC1=CC(=CC=C1)C(=O)O,0.2,N2_hydroxydehydroabietylamine,CC(C)C(C(O)=C1)=CC2=C1[C@]3(C)C(CC2)[C@](C)(CN)CCC3,0.1,,Cc1cccc(CNC[C@]2(C)CCC[C@]3(C)c4cc(O)c(C(C)C)cc4CCC23)c1,"C1_PLATINUM-1,3-DIVINYL-1,1,3,3-TETRAMETHYLDISILOXANE COMPLEX, IN XYLENES",C=C[Si](C)(C)O[Si](C)(C)C=C.[Pt],0.15,L1_Davephos,CN(C)c1ccccc1-c1ccccc1P(C1CCCCC1)C1CCCCC1,0.005,None,None,None,None,None,None,None,None,None,O1_phenylsilane,C1=CC=C(C=C1)[Si]ÔøΩÔøΩ,0.6,None,None,None,None,None,None,none,100,none,0,UPLCMS,AB22,215655.2674,216515.0391,,,,,0,,,0,2.2,100,19.3,0.19,0
yk-1536-4-make-product,1536,80,,1536,AB,23,E348_Blank28,O=CO,0.2,N2_hydroxydehydroabietylamine,CC(C)C(C(O)=C1)=CC2=C1[C@]3(C)C(CC2)[C@](C)(CN)CCC3,0.1,MainProduct[111],CC(C)C(C(O)=C1)=CC2=C1[C@]3(C)C(CC2)[C@](C)(CN)CCC3,"C1_PLATINUM-1,3-DIVINYL-1,1,3,3-TETRAMETHYLDISILOXANE COMPLEX, IN XYLENES",C=C[Si](C)(C)O[Si](C)(C)C=C.[Pt],0.15,L1_Davephos,CN(C)c1ccccc1-c1ccccc1P(C1CCCCC1)C1CCCCC1,0.005,None,None,None,None,None,None,None,None,None,O1_phenylsilane,C1=CC=C(C=C1)[Si]ÔøΩÔøΩ,0.6,None,None,None,None,None,None,none,100,none,0,UPLCMS,AB23,0,140338.795,,,,,140422.5073,,,0,1.4,100,0,0,0
yk-1536-4-make-product,1536,80,,1536,AB,24,E380_Blank60,O=CO,0.2,N2_hydroxydehydroabietylamine,CC(C)C(C(O)=C1)=CC2=C1[C@]3(C)C(CC2)[C@](C)(CN)CCC3,0.1,MainProduct[112],CC(C)C(C(O)=C1)=CC2=C1[C@]3(C)C(CC2)[C@](C)(CN)CCC3,"C1_PLATINUM-1,3-DIVINYL-1,1,3,3-TETRAMETHYLDISILOXANE COMPLEX, IN XYLENES",C=C[Si](C)(C)O[Si](C)(C)C=C.[Pt],0.15,L1_Davephos,CN(C)c1ccccc1-c1ccccc1P(C1CCCCC1)C1CCCCC1,0.005,None,None,None,None,None,None,None,None,None,O1_phenylsilane,C1=CC=C(C=C1)[Si]ÔøΩÔøΩ,0.6,None,None,None,None,None,None,none,100,none,0,UPLCMS,AB24,0,0,,,,,0,,,0,0,0,0,0,0
yk-1536-4-make-product,1536,80,,1536,AB,25,"E48_(S)-1-(TERT-BUTOXYCARBONYL)PIPERIDINE-3-CARBOXYLIC ACID, 97%",CC(C)(C)OC(=O)N1CCCC(C1)C(=O)O,0.2,N3_Scaffold 7,CC(C)C1=CC2=CCC3[C@](C)(CN)CCC[C@]3(C)C2CC1,0.1,,CC(C)C1=CC2=CCC3[C@](C)(CNCC4CCCN(C(=O)OC(C)(C)C)C4)CCC[C@]3(C)C2CC1,"C1_PLATINUM-1,3-DIVINYL-1,1,3,3-TETRAMETHYLDISILOXANE COMPLEX, IN XYLENES",C=C[Si](C)(C)O[Si](C)(C)C=C.[Pt],0.15,L1_Davephos,CN(C)c1ccccc1-c1ccccc1P(C1CCCCC1)C1CCCCC1,0.005,None,None,None,None,None,None,None,None,None,O1_phenylsilane,C1=CC=C(C=C1)[Si]ÔøΩÔøΩ,0.6,None,None,None,None,None,None,none,100,none,0,UPLCMS,AB25,3233127.765,2415546.252,104672.2434,481565.617,0,0,0,0,0,4.8,24.2,83.4,-2.5,-0.03,0
yk-1536-4-make-product,1536,80,,1536,AB,26,"E91_(BENZHYDRYLTHIO)ACETIC ACID, 98.0+%",C1=CC=C(C=C1)C(C2=CC=CC=C2)SCC(=O)O,0.2,N3_Scaffold 7,CC(C)C1=CC2=CCC3[C@](C)(CN)CCC[C@]3(C)C2CC1,0.1,,CC(C)C1=CC2=CCC3[C@](C)(CNCCSC(c4ccccc4)c4ccccc4)CCC[C@]3(C)C2CC1,"C1_PLATINUM-1,3-DIVINYL-1,1,3,3-TETRAMETHYLDISILOXANE COMPLEX, IN XYLENES",C=C[Si](C)(C)O[Si](C)(C)C=C.[Pt],0.15,L1_Davephos,CN(C)c1ccccc1-c1ccccc1P(C1CCCCC1)C1CCCCC1,0.005,None,None,None,None,None,None,None,None,None,O1_phenylsilane,C1=CC=C(C=C1)[Si]ÔøΩÔøΩ,0.6,None,None,None,None,None,None,none,100,none,0,UPLCMS,AB26,3597608.562,2913754.588,52769.75747,875151.6941,0,0,0,0,0,8.8,29.1,76.8,16.4,0.21,0
yk-1536-4-make-product,1536,80,,1536,AB,27,"E135_4-bromo-3,5-dihydroxybenzoic acid",C1=C(C=C(C(=C1O)Br)O)C(=O)O,0.2,N3_Scaffold 7,CC(C)C1=CC2=CCC3[C@](C)(CN)CCC[C@]3(C)C2CC1,0.1,,CC(C)C1=CC2=CCC3[C@](C)(CNCc4cc(O)c(Br)c(O)c4)CCC[C@]3(C)C2CC1,"C1_PLATINUM-1,3-DIVINYL-1,1,3,3-TETRAMETHYLDISILOXANE COMPLEX, IN XYLENES",C=C[Si](C)(C)O[Si](C)(C)C=C.[Pt],0.15,L1_Davephos,CN(C)c1ccccc1-c1ccccc1P(C1CCCCC1)C1CCCCC1,0.005,None,None,None,None,None,None,None,None,None,O1_phenylsilane,C1=CC=C(C=C1)[Si]ÔøΩÔøΩ,0.6,None,None,None,None,None,None,none,100,none,0,UPLCMS,AB27,2461308.775,3065432.824,2106141.24,2426429.78,0,0,0,0,0,24.3,30.7,55.8,86.2,1.54,0.22
yk-1536-4-make-product,1536,80,,1536,AB,28,E172_2-(5-fluoropyridin-2-yl)acetic acid,C1=CC(=NC=C1F)CC(=O)O,0.2,N3_Scaffold 7,CC(C)C1=CC2=CCC3[C@](C)(CN)CCC[C@]3(C)C2CC1,0.1,,CC(C)C1=CC2=CCC3[C@](C)(CNCCc4ccc(F)cn4)CCC[C@]3(C)C2CC1,"C1_PLATINUM-1,3-DIVINYL-1,1,3,3-TETRAMETHYLDISILOXANE COMPLEX, IN XYLENES",C=C[Si](C)(C)O[Si](C)(C)C=C.[Pt],0.15,L1_Davephos,CN(C)c1ccccc1-c1ccccc1P(C1CCCCC1)C1CCCCC1,0.005,None,None,None,None,None,None,None,None,None,O1_phenylsilane,C1=CC=C(C=C1)[Si]ÔøΩÔøΩ,0.6,None,None,None,None,None,None,none,100,none,0,UPLCMS,AB28,71382.76419,743925.4039,3286856.505,4045138.49,0,0,0,12997.96136,0,40.5,7.4,15.5,43,2.77,0
yk-1536-4-make-product,1536,80,,1536,AB,29,E217_6-methoxypyridine-3-carboxylic acid,COC1=NC=C(C=C1)C(=O)O,0.2,N3_Scaffold 7,CC(C)C1=CC2=CCC3[C@](C)(CN)CCC[C@]3(C)C2CC1,0.1,,COc1ccc(CNC[C@]2(C)CCC[C@]3(C)C4CCC(C(C)C)=CC4=CCC23)cn1,"C1_PLATINUM-1,3-DIVINYL-1,1,3,3-TETRAMETHYLDISILOXANE COMPLEX, IN XYLENES",C=C[Si](C)(C)O[Si](C)(C)C=C.[Pt],0.15,L1_Davephos,CN(C)c1ccccc1-c1ccccc1P(C1CCCCC1)C1CCCCC1,0.005,None,None,None,None,None,None,None,None,None,O1_phenylsilane,C1=CC=C(C=C1)[Si]ÔøΩÔøΩ,0.6,None,None,None,None,None,None,none,100,none,0,UPLCMS,AB29,972835.2723,1550505,229901.6246,643298.8188,0,0,65612.29458,0,0,6.4,15.5,70.8,-4.7,-0.07,0
yk-1536-4-make-product,1536,80,,1536,AB,30,E270_Tolfenamic acid,CC1=C(C=CC=C1Cl)NC2=CC=CC=C2C(=O)O,0.2,N3_Scaffold 7,CC(C)C1=CC2=CCC3[C@](C)(CN)CCC[C@]3(C)C2CC1,0.1,,Cc1c(Cl)cccc1Nc1ccccc1CNC[C@]1(C)CCC[C@]2(C)C3CCC(C(C)C)=CC3=CCC12,"C1_PLATINUM-1,3-DIVINYL-1,1,3,3-TETRAMETHYLDISILOXANE COMPLEX, IN XYLENES",C=C[Si](C)(C)O[Si](C)(C)C=C.[Pt],0.15,L1_Davephos,CN(C)c1ccccc1-c1ccccc1P(C1CCCCC1)C1CCCCC1,0.005,None,None,None,None,None,None,None,None,None,O1_phenylsilane,C1=CC=C(C=C1)[Si]ÔøΩÔøΩ,0.6,None,None,None,None,None,None,none,100,none,0,UPLCMS,AB30,839998.0459,668972.8719,696534.056,1062123.703,0,0,0,0,0,10.6,6.7,38.7,2.7,0.07,0
yk-1536-4-make-product,1536,80,,1536,AB,31,E315_Deoxycholic Acid,C[C@H](CCC(=O)O)[C@H]1CC[C@H]2[C@@H]3C(=O)CC4CC(=O)CC[C@]4(C)[C@H]3CC(=O)[C@]12C,0.05,N3_Scaffold 7,CC(C)C1=CC2=CCC3[C@](C)(CN)CCC[C@]3(C)C2CC1,0.1,,CC(C)C1=CC2=CCC3[C@](C)(CNCCC[C@@H](C)[C@H]4CC[C@H]5[C@@H]6C(=O)CC7CC(=O)CC[C@]7(C)[C@H]6CC(=O)[C@]45C)CCC[C@]3(C)C2CC1,"C1_PLATINUM-1,3-DIVINYL-1,1,3,3-TETRAMETHYLDISILOXANE COMPLEX, IN XYLENES",C=C[Si](C)(C)O[Si](C)(C)C=C.[Pt],0.15,L1_Davephos,CN(C)c1ccccc1-c1ccccc1P(C1CCCCC1)C1CCCCC1,0.005,None,None,None,None,None,None,None,None,None,O1_phenylsilane,C1=CC=C(C=C1)[Si]ÔøΩÔøΩ,0.6,None,None,None,None,None,None,none,100,none,0,UPLCMS,AB31,0,0,445695.0269,422959.8963,0,0,0,0,0,4.2,0,0,10.8,0,0
yk-1536-4-make-product,1536,80,,1536,AB,32,"E80_2-FLUORO-6-(TRIFLUOROMETHYL)BENZOIC ACID, 98%",C1=CC(=C(C(=C1)F)C(=O)O)C(F)(F)F,0.2,N3_Scaffold 7,CC(C)C1=CC2=CCC3[C@](C)(CN)CCC[C@]3(C)C2CC1,0.1,,CC(C)C1=CC2=CCC3[C@](C)(CNCc4c(F)cccc4C(F)(F)F)CCC[C@]3(C)C2CC1,"C1_PLATINUM-1,3-DIVINYL-1,1,3,3-TETRAMETHYLDISILOXANE COMPLEX, IN XYLENES",C=C[Si](C)(C)O[Si](C)(C)C=C.[Pt],0.15,L1_Davephos,CN(C)c1ccccc1-c1ccccc1P(C1CCCCC1)C1CCCCC1,0.005,None,None,None,None,None,None,None,None,None,O1_phenylsilane,C1=CC=C(C=C1)[Si]ÔøΩÔøΩ,0.6,None,None,None,None,None,None,none,100,none,0,UPLCMS,AB32,1550624.07,1442167.858,2034563.598,2620068.496,0,0,0,0,0,26.2,14.4,35.5,9.8,0.27,0
yk-1536-4-make-product,1536,80,,1536,AB,33,E209_1-methylpyrazole-3-carboxylic acid,CN1C=CC(=N1)C(=O)O,0.2,N3_Scaffold 7,CC(C)C1=CC2=CCC3[C@](C)(CN)CCC[C@]3(C)C2CC1,0.1,,CC(C)C1=CC2=CCC3[C@](C)(CNCc4ccn(C)n4)CCC[C@]3(C)C2CC1,"C1_PLATINUM-1,3-DIVINYL-1,1,3,3-TETRAMETHYLDISILOXANE COMPLEX, IN XYLENES",C=C[Si](C)(C)O[Si](C)(C)C=C.[Pt],0.15,L1_Davephos,CN(C)c1ccccc1-c1ccccc1P(C1CCCCC1)C1CCCCC1,0.005,None,None,None,None,None,None,None,None,None,O1_phenylsilane,C1=CC=C(C=C1)[Si]ÔøΩÔøΩ,0.6,None,None,None,None,None,None,none,100,none,0,UPLCMS,AB33,88345.54024,1457900.763,891235.4645,850078.3838,0,0,0,0,0,8.5,14.6,63.2,7.6,0.12,0
yk-1536-4-make-product,1536,80,,1536,AB,34,"E293_M-TOLUIC ACID, 99%",CC1=CC(=CC=C1)C(=O)O,0.2,N3_Scaffold 7,CC(C)C1=CC2=CCC3[C@](C)(CN)CCC[C@]3(C)C2CC1,0.1,,Cc1cccc(CNC[C@]2(C)CCC[C@]3(C)C4CCC(C(C)C)=CC4=CCC23)c1,"C1_PLATINUM-1,3-DIVINYL-1,1,3,3-TETRAMETHYLDISILOXANE COMPLEX, IN XYLENES",C=C[Si](C)(C)O[Si](C)(C)C=C.[Pt],0.15,L1_Davephos,CN(C)c1ccccc1-c1ccccc1P(C1CCCCC1)C1CCCCC1,0.005,None,None,None,None,None,None,None,None,None,O1_phenylsilane,C1=CC=C(C=C1)[Si]ÔøΩÔøΩ,0.6,None,None,None,None,None,None,none,100,none,0,UPLCMS,AB34,1198866.865,1090951.949,132675.2668,297218.0515,0,0,0,0,0,3,10.9,78.4,8.1,0.1,0
yk-1536-4-make-product,1536,80,,1536,AB,35,E348_Blank28,O=CO,0.2,N3_Scaffold 7,CC(C)C1=CC2=CCC3[C@](C)(CN)CCC[C@]3(C)C2CC1,0.1,MainProduct[124],CC(C)C1=CC2=CCC3[C@](C)(CN)CCC[C@]3(C)C2CC1,"C1_PLATINUM-1,3-DIVINYL-1,1,3,3-TETRAMETHYLDISILOXANE COMPLEX, IN XYLENES",C=C[Si](C)(C)O[Si](C)(C)C=C.[Pt],0.15,L1_Davephos,CN(C)c1ccccc1-c1ccccc1P(C1CCCCC1)C1CCCCC1,0.005,None,None,None,None,None,None,None,None,None,O1_phenylsilane,C1=CC=C(C=C1)[Si]ÔøΩÔøΩ,0.6,None,None,None,None,None,None,none,100,none,0,UPLCMS,AB35,0,1290347.569,0,0,0,0,1263818.685,0,0,0,12.9,100,0,0,0
yk-1536-4-make-product,1536,80,,1536,AB,36,E380_Blank60,O=CO,0.2,N3_Scaffold 7,CC(C)C1=CC2=CCC3[C@](C)(CN)CCC[C@]3(C)C2CC1,0.1,MainProduct[125],CC(C)C1=CC2=CCC3[C@](C)(CN)CCC[C@]3(C)C2CC1,"C1_PLATINUM-1,3-DIVINYL-1,1,3,3-TETRAMETHYLDISILOXANE COMPLEX, IN XYLENES",C=C[Si](C)(C)O[Si](C)(C)C=C.[Pt],0.15,L1_Davephos,CN(C)c1ccccc1-c1ccccc1P(C1CCCCC1)C1CCCCC1,0.005,None,None,None,None,None,None,None,None,None,O1_phenylsilane,C1=CC=C(C=C1)[Si]ÔøΩÔøΩ,0.6,None,None,None,None,None,None,none,100,none,0,UPLCMS,AB36,0,0,0,0,0,0,0,0,0,0,0,0,0,0,0
yk-1536-4-make-product,1536,80,,1536,AB,37,"E48_(S)-1-(TERT-BUTOXYCARBONYL)PIPERIDINE-3-CARBOXYLIC ACID, 97%",CC(C)(C)OC(=O)N1CCCC(C1)C(=O)O,0.2,N4_Scaffold 6,CCNC[C@@]1(C)C2[C@](C)(CCC1)c3c(CC2)cc(C(C)C)c(c3)N,0.1,,CCNC[C@]1(C)CCC[C@]2(C)c3cc(NCC4CCCN(C(=O)OC(C)(C)C)C4)c(C(C)C)cc3CCC12,"C1_PLATINUM-1,3-DIVINYL-1,1,3,3-TETRAMETHYLDISILOXANE COMPLEX, IN XYLENES",C=C[Si](C)(C)O[Si](C)(C)C=C.[Pt],0.15,L1_Davephos,CN(C)c1ccccc1-c1ccccc1P(C1CCCCC1)C1CCCCC1,0.005,None,None,None,None,None,None,None,None,None,O1_phenylsilane,C1=CC=C(C=C1)[Si]ÔøΩÔøΩ,0.6,None,None,None,None,None,None,none,100,none,0,UPLCMS,AB37,438155.91,1529309.414,0,0,1798042.908,1646749.195,103181.9333,0,0,16.5,15.3,48.1,10.7,0.22,0
yk-1536-4-make-product,1536,80,,1536,AB,38,"E91_(BENZHYDRYLTHIO)ACETIC ACID, 98.0+%",C1=CC=C(C=C1)C(C2=CC=CC=C2)SCC(=O)O,0.2,N4_Scaffold 6,CCNC[C@@]1(C)C2[C@](C)(CCC1)c3c(CC2)cc(C(C)C)c(c3)N,0.1,,CCNC[C@]1(C)CCC[C@]2(C)c3cc(NCCSC(c4ccccc4)c4ccccc4)c(C(C)C)cc3CCC12,"C1_PLATINUM-1,3-DIVINYL-1,1,3,3-TETRAMETHYLDISILOXANE COMPLEX, IN XYLENES",C=C[Si](C)(C)O[Si](C)(C)C=C.[Pt],0.15,L1_Davephos,CN(C)c1ccccc1-c1ccccc1P(C1CCCCC1)C1CCCCC1,0.005,None,None,None,None,None,None,None,None,None,O1_phenylsilane,C1=CC=C(C=C1)[Si]ÔøΩÔøΩ,0.6,None,None,None,None,None,None,none,100,none,0,UPLCMS,AB38,292970.7135,551720.1745,0,0,734021.8716,526260.211,77248.36931,0,0,5.3,5.5,51,15.3,0.3,0
yk-1536-4-make-product,1536,80,,1536,AB,39,"E135_4-bromo-3,5-dihydroxybenzoic acid",C1=C(C=C(C(=C1O)Br)O)C(=O)O,0.2,N4_Scaffold 6,CCNC[C@@]1(C)C2[C@](C)(CCC1)c3c(CC2)cc(C(C)C)c(c3)N,0.1,,CCNC[C@]1(C)CCC[C@]2(C)c3cc(NCc4cc(O)c(Br)c(O)c4)c(C(C)C)cc3CCC12,"C1_PLATINUM-1,3-DIVINYL-1,1,3,3-TETRAMETHYLDISILOXANE COMPLEX, IN XYLENES",C=C[Si](C)(C)O[Si](C)(C)C=C.[Pt],0.15,L1_Davephos,CN(C)c1ccccc1-c1ccccc1P(C1CCCCC1)C1CCCCC1,0.005,None,None,None,None,None,None,None,None,None,O1_phenylsilane,C1=CC=C(C=C1)[Si]ÔøΩÔøΩ,0.6,None,None,None,None,None,None,none,100,none,0,UPLCMS,AB39,73447.23813,0,0,0,3068695.951,4591783.026,253599.4063,0,0,45.9,0,0,-11.8,0,0
yk-1536-4-make-product,1536,80,,1536,AB,40,E172_2-(5-fluoropyridin-2-yl)acetic acid,C1=CC(=NC=C1F)CC(=O)O,0.2,N4_Scaffold 6,CCNC[C@@]1(C)C2[C@](C)(CCC1)c3c(CC2)cc(C(C)C)c(c3)N,0.1,,CCNC[C@]1(C)CCC[C@]2(C)c3cc(NCCc4ccc(F)cn4)c(C(C)C)cc3CCC12,"C1_PLATINUM-1,3-DIVINYL-1,1,3,3-TETRAMETHYLDISILOXANE COMPLEX, IN XYLENES",C=C[Si](C)(C)O[Si](C)(C)C=C.[Pt],0.15,L1_Davephos,CN(C)c1ccccc1-c1ccccc1P(C1CCCCC1)C1CCCCC1,0.005,None,None,None,None,None,None,None,None,None,O1_phenylsilane,C1=CC=C(C=C1)[Si]ÔøΩÔøΩ,0.6,None,None,None,None,None,None,none,100,none,0,UPLCMS,AB40,2211.74504,0,0,0,1289395.585,1300597.633,0,0,0,13,0,0,-2.3,0,0
yk-1536-4-make-product,1536,80,,1536,AB,41,E217_6-methoxypyridine-3-carboxylic acid,COC1=NC=C(C=C1)C(=O)O,0.2,N4_Scaffold 6,CCNC[C@@]1(C)C2[C@](C)(CCC1)c3c(CC2)cc(C(C)C)c(c3)N,0.1,,CCNC[C@]1(C)CCC[C@]2(C)c3cc(NCc4ccc(OC)nc4)c(C(C)C)cc3CCC12,"C1_PLATINUM-1,3-DIVINYL-1,1,3,3-TETRAMETHYLDISILOXANE COMPLEX, IN XYLENES",C=C[Si](C)(C)O[Si](C)(C)C=C.[Pt],0.15,L1_Davephos,CN(C)c1ccccc1-c1ccccc1P(C1CCCCC1)C1CCCCC1,0.005,None,None,None,None,None,None,None,None,None,O1_phenylsilane,C1=CC=C(C=C1)[Si]ÔøΩÔøΩ,0.6,None,None,None,None,None,None,none,100,none,0,UPLCMS,AB41,194615.9555,231110.5575,0,0,2620796.286,3085073.794,217037.0216,0,0,30.9,2.3,7,15.3,2.19,0
yk-1536-4-make-product,1536,80,,1536,AB,42,E270_Tolfenamic acid,CC1=C(C=CC=C1Cl)NC2=CC=CC=C2C(=O)O,0.2,N4_Scaffold 6,CCNC[C@@]1(C)C2[C@](C)(CCC1)c3c(CC2)cc(C(C)C)c(c3)N,0.1,,CCNC[C@]1(C)CCC[C@]2(C)c3cc(NCc4ccccc4Nc4cccc(Cl)c4C)c(C(C)C)cc3CCC12,"C1_PLATINUM-1,3-DIVINYL-1,1,3,3-TETRAMETHYLDISILOXANE COMPLEX, IN XYLENES",C=C[Si](C)(C)O[Si](C)(C)C=C.[Pt],0.15,L1_Davephos,CN(C)c1ccccc1-c1ccccc1P(C1CCCCC1)C1CCCCC1,0.005,None,None,None,None,None,None,None,None,None,O1_phenylsilane,C1=CC=C(C=C1)[Si]ÔøΩÔøΩ,0.6,None,None,None,None,None,None,none,100,none,0,UPLCMS,AB42,453384.4245,1729611.411,0,0,2300445.939,2020375.308,428945.6223,0,0,20.2,17.3,46.1,16.2,0.35,0
yk-1536-4-make-product,1536,80,,1536,AB,43,E315_Deoxycholic Acid,C[C@H](CCC(=O)O)[C@H]1CC[C@H]2[C@@H]3C(=O)CC4CC(=O)CC[C@]4(C)[C@H]3CC(=O)[C@]12C,0.05,N4_Scaffold 6,CCNC[C@@]1(C)C2[C@](C)(CCC1)c3c(CC2)cc(C(C)C)c(c3)N,0.1,,CCNC[C@]1(C)CCC[C@]2(C)c3cc(NCCC[C@@H](C)[C@H]4CC[C@H]5[C@@H]6C(=O)CC7CC(=O)CC[C@]7(C)[C@H]6CC(=O)[C@]45C)c(C(C)C)cc3CCC12,"C1_PLATINUM-1,3-DIVINYL-1,1,3,3-TETRAMETHYLDISILOXANE COMPLEX, IN XYLENES",C=C[Si](C)(C)O[Si](C)(C)C=C.[Pt],0.15,L1_Davephos,CN(C)c1ccccc1-c1ccccc1P(C1CCCCC1)C1CCCCC1,0.005,None,None,None,None,None,None,None,None,None,O1_phenylsilane,C1=CC=C(C=C1)[Si]ÔøΩÔøΩ,0.6,None,None,None,None,None,None,none,100,none,0,UPLCMS,AB43,0,0,0,0,1097922.563,1222556.447,0,0,0,12.2,0,0,15.5,0,0
yk-1536-4-make-product,1536,80,,1536,AB,44,"E80_2-FLUORO-6-(TRIFLUOROMETHYL)BENZOIC ACID, 98%",C1=CC(=C(C(=C1)F)C(=O)O)C(F)(F)F,0.2,N4_Scaffold 6,CCNC[C@@]1(C)C2[C@](C)(CCC1)c3c(CC2)cc(C(C)C)c(c3)N,0.1,,CCNC[C@]1(C)CCC[C@]2(C)c3cc(NCc4c(F)cccc4C(F)(F)F)c(C(C)C)cc3CCC12,"C1_PLATINUM-1,3-DIVINYL-1,1,3,3-TETRAMETHYLDISILOXANE COMPLEX, IN XYLENES",C=C[Si](C)(C)O[Si](C)(C)C=C.[Pt],0.15,L1_Davephos,CN(C)c1ccccc1-c1ccccc1P(C1CCCCC1)C1CCCCC1,0.005,None,None,None,None,None,None,None,None,None,O1_phenylsilane,C1=CC=C(C=C1)[Si]ÔøΩÔøΩ,0.6,None,None,None,None,None,None,none,100,none,0,UPLCMS,AB44,32999.37014,431100.8221,0,0,2823496.515,2460468.748,193135.1158,0,0,24.6,4.3,14.9,4,0.27,0
yk-1536-4-make-product,1536,80,,1536,AB,45,E209_1-methylpyrazole-3-carboxylic acid,CN1C=CC(=N1)C(=O)O,0.2,N4_Scaffold 6,CCNC[C@@]1(C)C2[C@](C)(CCC1)c3c(CC2)cc(C(C)C)c(c3)N,0.1,,CCNC[C@]1(C)CCC[C@]2(C)c3cc(NCc4ccn(C)n4)c(C(C)C)cc3CCC12,"C1_PLATINUM-1,3-DIVINYL-1,1,3,3-TETRAMETHYLDISILOXANE COMPLEX, IN XYLENES",C=C[Si](C)(C)O[Si](C)(C)C=C.[Pt],0.15,L1_Davephos,CN(C)c1ccccc1-c1ccccc1P(C1CCCCC1)C1CCCCC1,0.005,None,None,None,None,None,None,None,None,None,O1_phenylsilane,C1=CC=C(C=C1)[Si]ÔøΩÔøΩ,0.6,None,None,None,None,None,None,none,100,none,0,UPLCMS,AB45,15895.54971,53019.15665,0,0,989571.488,877091.6251,87254.05333,0,0,8.8,0.5,5.7,-6.3,-1.1,0
yk-1536-4-make-product,1536,80,,1536,AB,46,"E293_M-TOLUIC ACID, 99%",CC1=CC(=CC=C1)C(=O)O,0.2,N4_Scaffold 6,CCNC[C@@]1(C)C2[C@](C)(CCC1)c3c(CC2)cc(C(C)C)c(c3)N,0.1,,CCNC[C@]1(C)CCC[C@]2(C)c3cc(NCc4cccc(C)c4)c(C(C)C)cc3CCC12,"C1_PLATINUM-1,3-DIVINYL-1,1,3,3-TETRAMETHYLDISILOXANE COMPLEX, IN XYLENES",C=C[Si](C)(C)O[Si](C)(C)C=C.[Pt],0.15,L1_Davephos,CN(C)c1ccccc1-c1ccccc1P(C1CCCCC1)C1CCCCC1,0.005,None,None,None,None,None,None,None,None,None,O1_phenylsilane,C1=CC=C(C=C1)[Si]ÔøΩÔøΩ,0.6,None,None,None,None,None,None,none,100,none,0,UPLCMS,AB46,165519.911,100508.9731,0,0,1657246.387,1635479.561,0,0,0,16.4,1,5.8,-9.3,-1.6,0
yk-1536-4-make-product,1536,80,,1536,AB,47,E348_Blank28,O=CO,0.2,N4_Scaffold 6,CCNC[C@@]1(C)C2[C@](C)(CCC1)c3c(CC2)cc(C(C)C)c(c3)N,0.1,MainProduct[137],CCNC[C@@]1(C)C2[C@](C)(CCC1)c3c(CC2)cc(C(C)C)c(c3)N,"C1_PLATINUM-1,3-DIVINYL-1,1,3,3-TETRAMETHYLDISILOXANE COMPLEX, IN XYLENES",C=C[Si](C)(C)O[Si](C)(C)C=C.[Pt],0.15,L1_Davephos,CN(C)c1ccccc1-c1ccccc1P(C1CCCCC1)C1CCCCC1,0.005,None,None,None,None,None,None,None,None,None,O1_phenylsilane,C1=CC=C(C=C1)[Si]ÔøΩÔøΩ,0.6,None,None,None,None,None,None,none,100,none,0,UPLCMS,AB47,0,709377.0824,0,0,0,0,806879.3239,0,0,0,7.1,100,0,0,0
yk-1536-4-make-product,1536,80,,1536,AB,48,E380_Blank60,O=CO,0.2,N4_Scaffold 6,CCNC[C@@]1(C)C2[C@](C)(CCC1)c3c(CC2)cc(C(C)C)c(c3)N,0.1,MainProduct[138],CCNC[C@@]1(C)C2[C@](C)(CCC1)c3c(CC2)cc(C(C)C)c(c3)N,"C1_PLATINUM-1,3-DIVINYL-1,1,3,3-TETRAMETHYLDISILOXANE COMPLEX, IN XYLENES",C=C[Si](C)(C)O[Si](C)(C)C=C.[Pt],0.15,L1_Davephos,CN(C)c1ccccc1-c1ccccc1P(C1CCCCC1)C1CCCCC1,0.005,None,None,None,None,None,None,None,None,None,O1_phenylsilane,C1=CC=C(C=C1)[Si]ÔøΩÔøΩ,0.6,None,None,None,None,None,None,none,100,none,0,UPLCMS,AB48,0,0,0,0,0,0,0,0,0,0,0,0,0,0,0
yk-1536-4-make-product,1536,80,,1536,AC,1,"E49_1,2,3,4-TETRAHYDRO-2-NAPHTHOIC ACID, 98%",C1CC2=CC=CC=C2CC1C(=O)O,0.2,N1_(+)-Dehydroabietylamine,CC(C)c1ccc2c(c1)CC[C@H]1[C@](C)(CN)CCC[C@]21C,0.1,,CC(C)c1ccc2c(c1)CC[C@H]1[C@](C)(CNCC3CCc4ccccc4C3)CCC[C@]21C,"C1_PLATINUM-1,3-DIVINYL-1,1,3,3-TETRAMETHYLDISILOXANE COMPLEX, IN XYLENES",C=C[Si](C)(C)O[Si](C)(C)C=C.[Pt],0.15,L1_Davephos,CN(C)c1ccccc1-c1ccccc1P(C1CCCCC1)C1CCCCC1,0.005,None,None,None,None,None,None,None,None,None,O1_phenylsilane,C1=CC=C(C=C1)[Si]ÔøΩÔøΩ,0.6,None,None,None,None,None,None,none,100,none,0,UPLCMS,AC1,2499556.321,2486103.226,,,,,0,,,29,24.9,46.2,5.4,0.12,0
yk-1536-4-make-product,1536,80,,1536,AC,2,E92_1-benzylpiperidine-3-carboxylic acid,C1CC(CN(C1)CC2=CC=CC=C2)C(=O)O,0.2,N1_(+)-Dehydroabietylamine,CC(C)c1ccc2c(c1)CC[C@H]1[C@](C)(CN)CCC[C@]21C,0.1,,CC(C)c1ccc2c(c1)CC[C@H]1[C@](C)(CNCC3CCCN(Cc4ccccc4)C3)CCC[C@]21C,"C1_PLATINUM-1,3-DIVINYL-1,1,3,3-TETRAMETHYLDISILOXANE COMPLEX, IN XYLENES",C=C[Si](C)(C)O[Si](C)(C)C=C.[Pt],0.15,L1_Davephos,CN(C)c1ccccc1-c1ccccc1P(C1CCCCC1)C1CCCCC1,0.005,None,None,None,None,None,None,None,None,None,O1_phenylsilane,C1=CC=C(C=C1)[Si]ÔøΩÔøΩ,0.6,None,None,None,None,None,None,none,100,none,0,UPLCMS,AC2,778804.7251,1626370.441,,,,,1549650.414,,,48.4,16.3,25.2,64.6,2.56,0
yk-1536-4-make-product,1536,80,,1536,AC,3,"E136_2-bromo-1,3-thiazole-4-carboxylic acid",C1=C(N=C(S1)Br)C(=O)O,0.2,N1_(+)-Dehydroabietylamine,CC(C)c1ccc2c(c1)CC[C@H]1[C@](C)(CN)CCC[C@]21C,0.1,,CC(C)c1ccc2c(c1)CC[C@H]1[C@](C)(CNCc3csc(Br)n3)CCC[C@]21C,"C1_PLATINUM-1,3-DIVINYL-1,1,3,3-TETRAMETHYLDISILOXANE COMPLEX, IN XYLENES",C=C[Si](C)(C)O[Si](C)(C)C=C.[Pt],0.15,L1_Davephos,CN(C)c1ccccc1-c1ccccc1P(C1CCCCC1)C1CCCCC1,0.005,None,None,None,None,None,None,None,None,None,O1_phenylsilane,C1=CC=C(C=C1)[Si]ÔøΩÔøΩ,0.6,None,None,None,None,None,None,none,100,none,0,UPLCMS,AC3,3100353.684,5390614.826,,,,,2084179.74,,,50.47,53.9,51.6,97.3,1.89,13.37
yk-1536-4-make-product,1536,80,,1536,AC,4,E173_2-fluoro-2-phenylacetic acid,C1=CC=C(C=C1)C(C(=O)O)F,0.2,N1_(+)-Dehydroabietylamine,CC(C)c1ccc2c(c1)CC[C@H]1[C@](C)(CN)CCC[C@]21C,0.1,,CC(C)c1ccc2c(c1)CC[C@H]1[C@](C)(CNCC(F)c3ccccc3)CCC[C@]21C,"C1_PLATINUM-1,3-DIVINYL-1,1,3,3-TETRAMETHYLDISILOXANE COMPLEX, IN XYLENES",C=C[Si](C)(C)O[Si](C)(C)C=C.[Pt],0.15,L1_Davephos,CN(C)c1ccccc1-c1ccccc1P(C1CCCCC1)C1CCCCC1,0.005,None,None,None,None,None,None,None,None,None,O1_phenylsilane,C1=CC=C(C=C1)[Si]ÔøΩÔøΩ,0.6,None,None,None,None,None,None,none,100,none,0,UPLCMS,AC4,110186.9719,809836.697,,,,,648898.5068,,,24.83,8.1,24.6,-26.5,-1.08,0
yk-1536-4-make-product,1536,80,,1536,AC,5,E219_5-methyl-2-phenyltriazole-4-carboxylic acid,CC1=NN(N=C1C(=O)O)C2=CC=CC=C2,0.2,N1_(+)-Dehydroabietylamine,CC(C)c1ccc2c(c1)CC[C@H]1[C@](C)(CN)CCC[C@]21C,0.1,,Cc1nn(-c2ccccc2)nc1CNC[C@]1(C)CCC[C@]2(C)c3ccc(C(C)C)cc3CC[C@@H]12,"C1_PLATINUM-1,3-DIVINYL-1,1,3,3-TETRAMETHYLDISILOXANE COMPLEX, IN XYLENES",C=C[Si](C)(C)O[Si](C)(C)C=C.[Pt],0.15,L1_Davephos,CN(C)c1ccccc1-c1ccccc1P(C1CCCCC1)C1CCCCC1,0.005,None,None,None,None,None,None,None,None,None,O1_phenylsilane,C1=CC=C(C=C1)[Si]ÔøΩÔøΩ,0.6,None,None,None,None,None,None,none,100,none,0,UPLCMS,AC5,5197269.277,3032353.725,,,,,0,,,31.27,30.3,49.2,-13.1,-0.27,0
yk-1536-4-make-product,1536,80,,1536,AC,6,E273_3-(Trifluoromethoxy)benzoic acid,C1=CC(=CC(=C1)OC(F)(F)F)C(=O)O,0.2,N1_(+)-Dehydroabietylamine,CC(C)c1ccc2c(c1)CC[C@H]1[C@](C)(CN)CCC[C@]21C,0.1,,CC(C)c1ccc2c(c1)CC[C@H]1[C@](C)(CNCc3cccc(OC(F)(F)F)c3)CCC[C@]21C,"C1_PLATINUM-1,3-DIVINYL-1,1,3,3-TETRAMETHYLDISILOXANE COMPLEX, IN XYLENES",C=C[Si](C)(C)O[Si](C)(C)C=C.[Pt],0.15,L1_Davephos,CN(C)c1ccccc1-c1ccccc1P(C1CCCCC1)C1CCCCC1,0.005,None,None,None,None,None,None,None,None,None,O1_phenylsilane,C1=CC=C(C=C1)[Si]ÔøΩÔøΩ,0.6,None,None,None,None,None,None,none,100,none,0,UPLCMS,AC6,15528.67799,247651.8635,,,,,0,,,28.25,2.5,8.1,-24.3,-3,0
yk-1536-4-make-product,1536,80,,1536,AC,7,E316_Bezafibrate,CC(C)(Oc1ccc(CCNC(=O)c2ccc(Cl)cc2)cc1)C(=O)O,0.05,N1_(+)-Dehydroabietylamine,CC(C)c1ccc2c(c1)CC[C@H]1[C@](C)(CN)CCC[C@]21C,0.1,,CC(C)c1ccc2c(c1)CC[C@H]1[C@](C)(CNCC(C)(C)Oc3ccc(CCNC(=O)c4ccc(Cl)cc4)cc3)CCC[C@]21C,"C1_PLATINUM-1,3-DIVINYL-1,1,3,3-TETRAMETHYLDISILOXANE COMPLEX, IN XYLENES",C=C[Si](C)(C)O[Si](C)(C)C=C.[Pt],0.15,L1_Davephos,CN(C)c1ccccc1-c1ccccc1P(C1CCCCC1)C1CCCCC1,0.005,None,None,None,None,None,None,None,None,None,O1_phenylsilane,C1=CC=C(C=C1)[Si]ÔøΩÔøΩ,0.6,None,None,None,None,None,None,none,100,none,0,UPLCMS,AC7,1342831.991,719349.8769,,,,,0,,,68.97,7.2,9.4,95.6,10.17,9.38
yk-1536-4-make-product,1536,80,,1536,AC,8,"E85_3-METHYL-4-PENTENOIC ACID, 97%",CC(CC(=O)O)C=C,0.2,N1_(+)-Dehydroabietylamine,CC(C)c1ccc2c(c1)CC[C@H]1[C@](C)(CN)CCC[C@]21C,0.1,,C=CC(C)CCNC[C@]1(C)CCC[C@]2(C)c3ccc(C(C)C)cc3CC[C@@H]12,"C1_PLATINUM-1,3-DIVINYL-1,1,3,3-TETRAMETHYLDISILOXANE COMPLEX, IN XYLENES",C=C[Si](C)(C)O[Si](C)(C)C=C.[Pt],0.15,L1_Davephos,CN(C)c1ccccc1-c1ccccc1P(C1CCCCC1)C1CCCCC1,0.005,None,None,None,None,None,None,None,None,None,O1_phenylsilane,C1=CC=C(C=C1)[Si]ÔøΩÔøΩ,0.6,None,None,None,None,None,None,none,100,none,0,UPLCMS,AC8,1257511.453,928034.8659,,,,,0,,,9.83,9.3,48.6,-23.8,-0.49,0
yk-1536-4-make-product,1536,80,,1536,AC,9,E214_1-methylpiperidine-3-carboxylic acid,CN1CCCC(C1)C(=O)O,0.2,N1_(+)-Dehydroabietylamine,CC(C)c1ccc2c(c1)CC[C@H]1[C@](C)(CN)CCC[C@]21C,0.1,,CC(C)c1ccc2c(c1)CC[C@H]1[C@](C)(CNCC3CCCN(C)C3)CCC[C@]21C,"C1_PLATINUM-1,3-DIVINYL-1,1,3,3-TETRAMETHYLDISILOXANE COMPLEX, IN XYLENES",C=C[Si](C)(C)O[Si](C)(C)C=C.[Pt],0.15,L1_Davephos,CN(C)c1ccccc1-c1ccccc1P(C1CCCCC1)C1CCCCC1,0.005,None,None,None,None,None,None,None,None,None,O1_phenylsilane,C1=CC=C(C=C1)[Si]ÔøΩÔøΩ,0.6,None,None,None,None,None,None,none,100,none,0,UPLCMS,AC9,57601.24972,3192207.438,,,,,3543925.045,,,31.92,31.9,50,-38.6,-0.77,0
yk-1536-4-make-product,1536,80,,1536,AC,10,E301_Urocanic acid,C1=C(NC=N1)C=CC(=O)O,0.2,N1_(+)-Dehydroabietylamine,CC(C)c1ccc2c(c1)CC[C@H]1[C@](C)(CN)CCC[C@]21C,0.1,,CC(C)c1ccc2c(c1)CC[C@H]1[C@](C)(CNCC=Cc3cnc[nH]3)CCC[C@]21C,"C1_PLATINUM-1,3-DIVINYL-1,1,3,3-TETRAMETHYLDISILOXANE COMPLEX, IN XYLENES",C=C[Si](C)(C)O[Si](C)(C)C=C.[Pt],0.15,L1_Davephos,CN(C)c1ccccc1-c1ccccc1P(C1CCCCC1)C1CCCCC1,0.005,None,None,None,None,None,None,None,None,None,O1_phenylsilane,C1=CC=C(C=C1)[Si]ÔøΩÔøΩ,0.6,None,None,None,None,None,None,none,100,none,0,UPLCMS,AC10,0,0,,,,,0,,,29.48,0,0,-47.4,0,0
yk-1536-4-make-product,1536,80,,1536,AC,11,E349_Blank29,O=CO,0.2,N1_(+)-Dehydroabietylamine,CC(C)c1ccc2c(c1)CC[C@H]1[C@](C)(CN)CCC[C@]21C,0.1,MainProduct[146],CC(C)c1ccc2c(c1)CC[C@H]1[C@](C)(CN)CCC[C@]21C,"C1_PLATINUM-1,3-DIVINYL-1,1,3,3-TETRAMETHYLDISILOXANE COMPLEX, IN XYLENES",C=C[Si](C)(C)O[Si](C)(C)C=C.[Pt],0.15,L1_Davephos,CN(C)c1ccccc1-c1ccccc1P(C1CCCCC1)C1CCCCC1,0.005,None,None,None,None,None,None,None,None,None,O1_phenylsilane,C1=CC=C(C=C1)[Si]ÔøΩÔøΩ,0.6,None,None,None,None,None,None,none,100,none,0,UPLCMS,AC11,0,3476810.174,,,,,3854509.786,,,0,34.8,100,0,0,0
yk-1536-4-make-product,1536,80,,1536,AC,12,E381_Blank61,O=CO,0.2,N1_(+)-Dehydroabietylamine,CC(C)c1ccc2c(c1)CC[C@H]1[C@](C)(CN)CCC[C@]21C,0.1,MainProduct[147],CC(C)c1ccc2c(c1)CC[C@H]1[C@](C)(CN)CCC[C@]21C,"C1_PLATINUM-1,3-DIVINYL-1,1,3,3-TETRAMETHYLDISILOXANE COMPLEX, IN XYLENES",C=C[Si](C)(C)O[Si](C)(C)C=C.[Pt],0.15,L1_Davephos,CN(C)c1ccccc1-c1ccccc1P(C1CCCCC1)C1CCCCC1,0.005,None,None,None,None,None,None,None,None,None,O1_phenylsilane,C1=CC=C(C=C1)[Si]ÔøΩÔøΩ,0.6,None,None,None,None,None,None,none,100,none,0,UPLCMS,AC12,0,0,,,,,0,,,0,0,0,0,0,0
yk-1536-4-make-product,1536,80,,1536,AC,13,"E49_1,2,3,4-TETRAHYDRO-2-NAPHTHOIC ACID, 98%",C1CC2=CC=CC=C2CC1C(=O)O,0.2,N2_hydroxydehydroabietylamine,CC(C)C(C(O)=C1)=CC2=C1[C@]3(C)C(CC2)[C@](C)(CN)CCC3,0.1,,CC(C)c1cc2c(cc1O)[C@@]1(C)CCC[C@@](C)(CNCC3CCc4ccccc4C3)C1CC2,"C1_PLATINUM-1,3-DIVINYL-1,1,3,3-TETRAMETHYLDISILOXANE COMPLEX, IN XYLENES",C=C[Si](C)(C)O[Si](C)(C)C=C.[Pt],0.15,L1_Davephos,CN(C)c1ccccc1-c1ccccc1P(C1CCCCC1)C1CCCCC1,0.005,None,None,None,None,None,None,None,None,None,O1_phenylsilane,C1=CC=C(C=C1)[Si]ÔøΩÔøΩ,0.6,None,None,None,None,None,None,none,100,none,0,UPLCMS,AC13,394842.4543,468060.9336,,,,,0,,,0,4.7,100,-28.3,-0.28,0
yk-1536-4-make-product,1536,80,,1536,AC,14,E92_1-benzylpiperidine-3-carboxylic acid,C1CC(CN(C1)CC2=CC=CC=C2)C(=O)O,0.2,N2_hydroxydehydroabietylamine,CC(C)C(C(O)=C1)=CC2=C1[C@]3(C)C(CC2)[C@](C)(CN)CCC3,0.1,,CC(C)c1cc2c(cc1O)[C@@]1(C)CCC[C@@](C)(CNCC3CCCN(Cc4ccccc4)C3)C1CC2,"C1_PLATINUM-1,3-DIVINYL-1,1,3,3-TETRAMETHYLDISILOXANE COMPLEX, IN XYLENES",C=C[Si](C)(C)O[Si](C)(C)C=C.[Pt],0.15,L1_Davephos,CN(C)c1ccccc1-c1ccccc1P(C1CCCCC1)C1CCCCC1,0.005,None,None,None,None,None,None,None,None,None,O1_phenylsilane,C1=CC=C(C=C1)[Si]ÔøΩÔøΩ,0.6,None,None,None,None,None,None,none,100,none,0,UPLCMS,AC14,415181.2157,0,,,,,0,,,0,0,0,-31.7,0,0
yk-1536-4-make-product,1536,80,,1536,AC,15,"E136_2-bromo-1,3-thiazole-4-carboxylic acid",C1=C(N=C(S1)Br)C(=O)O,0.2,N2_hydroxydehydroabietylamine,CC(C)C(C(O)=C1)=CC2=C1[C@]3(C)C(CC2)[C@](C)(CN)CCC3,0.1,,CC(C)c1cc2c(cc1O)[C@@]1(C)CCC[C@@](C)(CNCc3csc(Br)n3)C1CC2,"C1_PLATINUM-1,3-DIVINYL-1,1,3,3-TETRAMETHYLDISILOXANE COMPLEX, IN XYLENES",C=C[Si](C)(C)O[Si](C)(C)C=C.[Pt],0.15,L1_Davephos,CN(C)c1ccccc1-c1ccccc1P(C1CCCCC1)C1CCCCC1,0.005,None,None,None,None,None,None,None,None,None,O1_phenylsilane,C1=CC=C(C=C1)[Si]ÔøΩÔøΩ,0.6,None,None,None,None,None,None,none,100,none,0,UPLCMS,AC15,442431.9414,902026.9317,,,,,0,,,0,9,100,-45.1,-0.45,0
yk-1536-4-make-product,1536,80,,1536,AC,16,E173_2-fluoro-2-phenylacetic acid,C1=CC=C(C=C1)C(C(=O)O)F,0.2,N2_hydroxydehydroabietylamine,CC(C)C(C(O)=C1)=CC2=C1[C@]3(C)C(CC2)[C@](C)(CN)CCC3,0.1,,CC(C)c1cc2c(cc1O)[C@@]1(C)CCC[C@@](C)(CNCC(F)c3ccccc3)C1CC2,"C1_PLATINUM-1,3-DIVINYL-1,1,3,3-TETRAMETHYLDISILOXANE COMPLEX, IN XYLENES",C=C[Si](C)(C)O[Si](C)(C)C=C.[Pt],0.15,L1_Davephos,CN(C)c1ccccc1-c1ccccc1P(C1CCCCC1)C1CCCCC1,0.005,None,None,None,None,None,None,None,None,None,O1_phenylsilane,C1=CC=C(C=C1)[Si]ÔøΩÔøΩ,0.6,None,None,None,None,None,None,none,100,none,0,UPLCMS,AC16,22105.11067,196150.5972,,,,,0,,,2.75,2,41.6,-28,-0.67,0
yk-1536-4-make-product,1536,80,,1536,AC,17,E219_5-methyl-2-phenyltriazole-4-carboxylic acid,CC1=NN(N=C1C(=O)O)C2=CC=CC=C2,0.2,N2_hydroxydehydroabietylamine,CC(C)C(C(O)=C1)=CC2=C1[C@]3(C)C(CC2)[C@](C)(CN)CCC3,0.1,,Cc1nn(-c2ccccc2)nc1CNC[C@]1(C)CCC[C@]2(C)c3cc(O)c(C(C)C)cc3CCC12,"C1_PLATINUM-1,3-DIVINYL-1,1,3,3-TETRAMETHYLDISILOXANE COMPLEX, IN XYLENES",C=C[Si](C)(C)O[Si](C)(C)C=C.[Pt],0.15,L1_Davephos,CN(C)c1ccccc1-c1ccccc1P(C1CCCCC1)C1CCCCC1,0.005,None,None,None,None,None,None,None,None,None,O1_phenylsilane,C1=CC=C(C=C1)[Si]ÔøΩÔøΩ,0.6,None,None,None,None,None,None,none,100,none,0,UPLCMS,AC17,163085.35,144058.217,,,,,0,,,0,1.4,100,-41.9,-0.42,0
yk-1536-4-make-product,1536,80,,1536,AC,18,E273_3-(Trifluoromethoxy)benzoic acid,C1=CC(=CC(=C1)OC(F)(F)F)C(=O)O,0.2,N2_hydroxydehydroabietylamine,CC(C)C(C(O)=C1)=CC2=C1[C@]3(C)C(CC2)[C@](C)(CN)CCC3,0.1,,CC(C)c1cc2c(cc1O)[C@@]1(C)CCC[C@@](C)(CNCc3cccc(OC(F)(F)F)c3)C1CC2,"C1_PLATINUM-1,3-DIVINYL-1,1,3,3-TETRAMETHYLDISILOXANE COMPLEX, IN XYLENES",C=C[Si](C)(C)O[Si](C)(C)C=C.[Pt],0.15,L1_Davephos,CN(C)c1ccccc1-c1ccccc1P(C1CCCCC1)C1CCCCC1,0.005,None,None,None,None,None,None,None,None,None,O1_phenylsilane,C1=CC=C(C=C1)[Si]ÔøΩÔøΩ,0.6,None,None,None,None,None,None,none,100,none,0,UPLCMS,AC18,0,0,,,,,0,,,1.28,0,0,-22.3,0,0
yk-1536-4-make-product,1536,80,,1536,AC,19,E316_Bezafibrate,CC(C)(Oc1ccc(CCNC(=O)c2ccc(Cl)cc2)cc1)C(=O)O,0.05,N2_hydroxydehydroabietylamine,CC(C)C(C(O)=C1)=CC2=C1[C@]3(C)C(CC2)[C@](C)(CN)CCC3,0.1,,CC(C)c1cc2c(cc1O)[C@@]1(C)CCC[C@@](C)(CNCC(C)(C)Oc3ccc(CCNC(=O)c4ccc(Cl)cc4)cc3)C1CC2,"C1_PLATINUM-1,3-DIVINYL-1,1,3,3-TETRAMETHYLDISILOXANE COMPLEX, IN XYLENES",C=C[Si](C)(C)O[Si](C)(C)C=C.[Pt],0.15,L1_Davephos,CN(C)c1ccccc1-c1ccccc1P(C1CCCCC1)C1CCCCC1,0.005,None,None,None,None,None,None,None,None,None,O1_phenylsilane,C1=CC=C(C=C1)[Si]ÔøΩÔøΩ,0.6,None,None,None,None,None,None,none,100,none,0,UPLCMS,AC19,195718.636,107388.4606,,,,,0,,,5.48,1.1,16.4,-33.2,-2.02,0
yk-1536-4-make-product,1536,80,,1536,AC,20,"E85_3-METHYL-4-PENTENOIC ACID, 97%",CC(CC(=O)O)C=C,0.2,N2_hydroxydehydroabietylamine,CC(C)C(C(O)=C1)=CC2=C1[C@]3(C)C(CC2)[C@](C)(CN)CCC3,0.1,,C=CC(C)CCNC[C@]1(C)CCC[C@]2(C)c3cc(O)c(C(C)C)cc3CCC12,"C1_PLATINUM-1,3-DIVINYL-1,1,3,3-TETRAMETHYLDISILOXANE COMPLEX, IN XYLENES",C=C[Si](C)(C)O[Si](C)(C)C=C.[Pt],0.15,L1_Davephos,CN(C)c1ccccc1-c1ccccc1P(C1CCCCC1)C1CCCCC1,0.005,None,None,None,None,None,None,None,None,None,O1_phenylsilane,C1=CC=C(C=C1)[Si]ÔøΩÔøΩ,0.6,None,None,None,None,None,None,none,100,none,0,UPLCMS,AC20,0,0,,,,,0,,,0,0,0,-34,0,0
yk-1536-4-make-product,1536,80,,1536,AC,21,E214_1-methylpiperidine-3-carboxylic acid,CN1CCCC(C1)C(=O)O,0.2,N2_hydroxydehydroabietylamine,CC(C)C(C(O)=C1)=CC2=C1[C@]3(C)C(CC2)[C@](C)(CN)CCC3,0.1,,CC(C)c1cc2c(cc1O)[C@@]1(C)CCC[C@@](C)(CNCC3CCCN(C)C3)C1CC2,"C1_PLATINUM-1,3-DIVINYL-1,1,3,3-TETRAMETHYLDISILOXANE COMPLEX, IN XYLENES",C=C[Si](C)(C)O[Si](C)(C)C=C.[Pt],0.15,L1_Davephos,CN(C)c1ccccc1-c1ccccc1P(C1CCCCC1)C1CCCCC1,0.005,None,None,None,None,None,None,None,None,None,O1_phenylsilane,C1=CC=C(C=C1)[Si]ÔøΩÔøΩ,0.6,None,None,None,None,None,None,none,100,none,0,UPLCMS,AC21,7580.36721,77664.55481,,,,,84754.48468,,,0.78,0.8,49.9,-12.8,-0.26,0
yk-1536-4-make-product,1536,80,,1536,AC,22,E301_Urocanic acid,C1=C(NC=N1)C=CC(=O)O,0.2,N2_hydroxydehydroabietylamine,CC(C)C(C(O)=C1)=CC2=C1[C@]3(C)C(CC2)[C@](C)(CN)CCC3,0.1,,CC(C)c1cc2c(cc1O)[C@@]1(C)CCC[C@@](C)(CNCC=Cc3cnc[nH]3)C1CC2,"C1_PLATINUM-1,3-DIVINYL-1,1,3,3-TETRAMETHYLDISILOXANE COMPLEX, IN XYLENES",C=C[Si](C)(C)O[Si](C)(C)C=C.[Pt],0.15,L1_Davephos,CN(C)c1ccccc1-c1ccccc1P(C1CCCCC1)C1CCCCC1,0.005,None,None,None,None,None,None,None,None,None,O1_phenylsilane,C1=CC=C(C=C1)[Si]ÔøΩÔøΩ,0.6,None,None,None,None,None,None,none,100,none,0,UPLCMS,AC22,0,0,,,,,0,,,0.84,0,0,-25,0,0
yk-1536-4-make-product,1536,80,,1536,AC,23,E349_Blank29,O=CO,0.2,N2_hydroxydehydroabietylamine,CC(C)C(C(O)=C1)=CC2=C1[C@]3(C)C(CC2)[C@](C)(CN)CCC3,0.1,MainProduct[159],CC(C)C(C(O)=C1)=CC2=C1[C@]3(C)C(CC2)[C@](C)(CN)CCC3,"C1_PLATINUM-1,3-DIVINYL-1,1,3,3-TETRAMETHYLDISILOXANE COMPLEX, IN XYLENES",C=C[Si](C)(C)O[Si](C)(C)C=C.[Pt],0.15,L1_Davephos,CN(C)c1ccccc1-c1ccccc1P(C1CCCCC1)C1CCCCC1,0.005,None,None,None,None,None,None,None,None,None,O1_phenylsilane,C1=CC=C(C=C1)[Si]ÔøΩÔøΩ,0.6,None,None,None,None,None,None,none,100,none,0,UPLCMS,AC23,0,104565.1928,,,,,115131.954,,,0,1,100,0,0,0
yk-1536-4-make-product,1536,80,,1536,AC,24,E381_Blank61,O=CO,0.2,N2_hydroxydehydroabietylamine,CC(C)C(C(O)=C1)=CC2=C1[C@]3(C)C(CC2)[C@](C)(CN)CCC3,0.1,MainProduct[160],CC(C)C(C(O)=C1)=CC2=C1[C@]3(C)C(CC2)[C@](C)(CN)CCC3,"C1_PLATINUM-1,3-DIVINYL-1,1,3,3-TETRAMETHYLDISILOXANE COMPLEX, IN XYLENES",C=C[Si](C)(C)O[Si](C)(C)C=C.[Pt],0.15,L1_Davephos,CN(C)c1ccccc1-c1ccccc1P(C1CCCCC1)C1CCCCC1,0.005,None,None,None,None,None,None,None,None,None,O1_phenylsilane,C1=CC=C(C=C1)[Si]ÔøΩÔøΩ,0.6,None,None,None,None,None,None,none,100,none,0,UPLCMS,AC24,0,0,,,,,0,,,0,0,0,0,0,0
yk-1536-4-make-product,1536,80,,1536,AC,25,"E49_1,2,3,4-TETRAHYDRO-2-NAPHTHOIC ACID, 98%",C1CC2=CC=CC=C2CC1C(=O)O,0.2,N3_Scaffold 7,CC(C)C1=CC2=CCC3[C@](C)(CN)CCC[C@]3(C)C2CC1,0.1,,CC(C)C1=CC2=CCC3[C@](C)(CNCC4CCc5ccccc5C4)CCC[C@]3(C)C2CC1,"C1_PLATINUM-1,3-DIVINYL-1,1,3,3-TETRAMETHYLDISILOXANE COMPLEX, IN XYLENES",C=C[Si](C)(C)O[Si](C)(C)C=C.[Pt],0.15,L1_Davephos,CN(C)c1ccccc1-c1ccccc1P(C1CCCCC1)C1CCCCC1,0.005,None,None,None,None,None,None,None,None,None,O1_phenylsilane,C1=CC=C(C=C1)[Si]ÔøΩÔøΩ,0.6,None,None,None,None,None,None,none,100,none,0,UPLCMS,AC25,267622.7375,451637.9948,357248.4804,386306.1603,0,0,0,0,0,3.9,4.5,53.7,-30.7,-0.6,0
yk-1536-4-make-product,1536,80,,1536,AC,26,E92_1-benzylpiperidine-3-carboxylic acid,C1CC(CN(C1)CC2=CC=CC=C2)C(=O)O,0.2,N3_Scaffold 7,CC(C)C1=CC2=CCC3[C@](C)(CN)CCC[C@]3(C)C2CC1,0.1,,CC(C)C1=CC2=CCC3[C@](C)(CNCC4CCCN(Cc5ccccc5)C4)CCC[C@]3(C)C2CC1,"C1_PLATINUM-1,3-DIVINYL-1,1,3,3-TETRAMETHYLDISILOXANE COMPLEX, IN XYLENES",C=C[Si](C)(C)O[Si](C)(C)C=C.[Pt],0.15,L1_Davephos,CN(C)c1ccccc1-c1ccccc1P(C1CCCCC1)C1CCCCC1,0.005,None,None,None,None,None,None,None,None,None,O1_phenylsilane,C1=CC=C(C=C1)[Si]ÔøΩÔøΩ,0.6,None,None,None,None,None,None,none,100,none,0,UPLCMS,AC26,207623.9249,0,158809.7186,283714.8099,0,0,0,0,0,2.8,0,0,-11.5,0,0
yk-1536-4-make-product,1536,80,,1536,AC,27,"E136_2-bromo-1,3-thiazole-4-carboxylic acid",C1=C(N=C(S1)Br)C(=O)O,0.2,N3_Scaffold 7,CC(C)C1=CC2=CCC3[C@](C)(CN)CCC[C@]3(C)C2CC1,0.1,,CC(C)C1=CC2=CCC3[C@](C)(CNCc4csc(Br)n4)CCC[C@]3(C)C2CC1,"C1_PLATINUM-1,3-DIVINYL-1,1,3,3-TETRAMETHYLDISILOXANE COMPLEX, IN XYLENES",C=C[Si](C)(C)O[Si](C)(C)C=C.[Pt],0.15,L1_Davephos,CN(C)c1ccccc1-c1ccccc1P(C1CCCCC1)C1CCCCC1,0.005,None,None,None,None,None,None,None,None,None,O1_phenylsilane,C1=CC=C(C=C1)[Si]ÔøΩÔøΩ,0.6,None,None,None,None,None,None,none,100,none,0,UPLCMS,AC27,2225805.957,3712668.95,859479.9325,1450398.503,0,0,0,0,0,14.5,37.1,71.9,-9.2,-0.1,0
yk-1536-4-make-product,1536,80,,1536,AC,28,E173_2-fluoro-2-phenylacetic acid,C1=CC=C(C=C1)C(C(=O)O)F,0.2,N3_Scaffold 7,CC(C)C1=CC2=CCC3[C@](C)(CN)CCC[C@]3(C)C2CC1,0.1,,CC(C)C1=CC2=CCC3[C@](C)(CNCC(F)c4ccccc4)CCC[C@]3(C)C2CC1,"C1_PLATINUM-1,3-DIVINYL-1,1,3,3-TETRAMETHYLDISILOXANE COMPLEX, IN XYLENES",C=C[Si](C)(C)O[Si](C)(C)C=C.[Pt],0.15,L1_Davephos,CN(C)c1ccccc1-c1ccccc1P(C1CCCCC1)C1CCCCC1,0.005,None,None,None,None,None,None,None,None,None,O1_phenylsilane,C1=CC=C(C=C1)[Si]ÔøΩÔøΩ,0.6,None,None,None,None,None,None,none,100,none,0,UPLCMS,AC28,204925.4386,269838.1044,842810.9631,927717.1959,0,0,0,0,0,9.3,2.7,22.5,-24.3,-1.1,0
yk-1536-4-make-product,1536,80,,1536,AC,29,E219_5-methyl-2-phenyltriazole-4-carboxylic acid,CC1=NN(N=C1C(=O)O)C2=CC=CC=C2,0.2,N3_Scaffold 7,CC(C)C1=CC2=CCC3[C@](C)(CN)CCC[C@]3(C)C2CC1,0.1,,Cc1nn(-c2ccccc2)nc1CNC[C@]1(C)CCC[C@]2(C)C3CCC(C(C)C)=CC3=CCC12,"C1_PLATINUM-1,3-DIVINYL-1,1,3,3-TETRAMETHYLDISILOXANE COMPLEX, IN XYLENES",C=C[Si](C)(C)O[Si](C)(C)C=C.[Pt],0.15,L1_Davephos,CN(C)c1ccccc1-c1ccccc1P(C1CCCCC1)C1CCCCC1,0.005,None,None,None,None,None,None,None,None,None,O1_phenylsilane,C1=CC=C(C=C1)[Si]ÔøΩÔøΩ,0.6,None,None,None,None,None,None,none,100,none,0,UPLCMS,AC29,3160116.421,3416672.134,606689.9078,1091929.889,0,0,0,0,0,10.9,34.2,75.8,-15.7,-0.2,0
yk-1536-4-make-product,1536,80,,1536,AC,30,E273_3-(Trifluoromethoxy)benzoic acid,C1=CC(=CC(=C1)OC(F)(F)F)C(=O)O,0.2,N3_Scaffold 7,CC(C)C1=CC2=CCC3[C@](C)(CN)CCC[C@]3(C)C2CC1,0.1,,CC(C)C1=CC2=CCC3[C@](C)(CNCc4cccc(OC(F)(F)F)c4)CCC[C@]3(C)C2CC1,"C1_PLATINUM-1,3-DIVINYL-1,1,3,3-TETRAMETHYLDISILOXANE COMPLEX, IN XYLENES",C=C[Si](C)(C)O[Si](C)(C)C=C.[Pt],0.15,L1_Davephos,CN(C)c1ccccc1-c1ccccc1P(C1CCCCC1)C1CCCCC1,0.005,None,None,None,None,None,None,None,None,None,O1_phenylsilane,C1=CC=C(C=C1)[Si]ÔøΩÔøΩ,0.6,None,None,None,None,None,None,none,100,none,0,UPLCMS,AC30,0,0,699901.1325,734350.3126,0,0,0,0,0,7.3,0,0,-12.2,0,0
yk-1536-4-make-product,1536,80,,1536,AC,31,E316_Bezafibrate,CC(C)(Oc1ccc(CCNC(=O)c2ccc(Cl)cc2)cc1)C(=O)O,0.05,N3_Scaffold 7,CC(C)C1=CC2=CCC3[C@](C)(CN)CCC[C@]3(C)C2CC1,0.1,,CC(C)C1=CC2=CCC3[C@](C)(CNCC(C)(C)Oc4ccc(CCNC(=O)c5ccc(Cl)cc5)cc4)CCC[C@]3(C)C2CC1,"C1_PLATINUM-1,3-DIVINYL-1,1,3,3-TETRAMETHYLDISILOXANE COMPLEX, IN XYLENES",C=C[Si](C)(C)O[Si](C)(C)C=C.[Pt],0.15,L1_Davephos,CN(C)c1ccccc1-c1ccccc1P(C1CCCCC1)C1CCCCC1,0.005,None,None,None,None,None,None,None,None,None,O1_phenylsilane,C1=CC=C(C=C1)[Si]ÔøΩÔøΩ,0.6,None,None,None,None,None,None,none,100,none,0,UPLCMS,AC31,724277.9205,596093.7353,3050214.097,3596383.868,0,0,0,0,0,36,6,14.2,24.9,1.8,0
yk-1536-4-make-product,1536,80,,1536,AC,32,"E85_3-METHYL-4-PENTENOIC ACID, 97%",CC(CC(=O)O)C=C,0.2,N3_Scaffold 7,CC(C)C1=CC2=CCC3[C@](C)(CN)CCC[C@]3(C)C2CC1,0.1,,C=CC(C)CCNC[C@]1(C)CCC[C@]2(C)C3CCC(C(C)C)=CC3=CCC12,"C1_PLATINUM-1,3-DIVINYL-1,1,3,3-TETRAMETHYLDISILOXANE COMPLEX, IN XYLENES",C=C[Si](C)(C)O[Si](C)(C)C=C.[Pt],0.15,L1_Davephos,CN(C)c1ccccc1-c1ccccc1P(C1CCCCC1)C1CCCCC1,0.005,None,None,None,None,None,None,None,None,None,O1_phenylsilane,C1=CC=C(C=C1)[Si]ÔøΩÔøΩ,0.6,None,None,None,None,None,None,none,100,none,0,UPLCMS,AC32,106323.4273,130800.2342,60165.49672,71308.82591,0,0,0,0,0,0.7,1.3,65.1,-17.2,-0.3,0
yk-1536-4-make-product,1536,80,,1536,AC,33,E214_1-methylpiperidine-3-carboxylic acid,CN1CCCC(C1)C(=O)O,0.2,N3_Scaffold 7,CC(C)C1=CC2=CCC3[C@](C)(CN)CCC[C@]3(C)C2CC1,0.1,,CC(C)C1=CC2=CCC3[C@](C)(CNCC4CCCN(C)C4)CCC[C@]3(C)C2CC1,"C1_PLATINUM-1,3-DIVINYL-1,1,3,3-TETRAMETHYLDISILOXANE COMPLEX, IN XYLENES",C=C[Si](C)(C)O[Si](C)(C)C=C.[Pt],0.15,L1_Davephos,CN(C)c1ccccc1-c1ccccc1P(C1CCCCC1)C1CCCCC1,0.005,None,None,None,None,None,None,None,None,None,O1_phenylsilane,C1=CC=C(C=C1)[Si]ÔøΩÔøΩ,0.6,None,None,None,None,None,None,none,100,none,0,UPLCMS,AC33,6441.03062,302904.7745,728485.8084,744957.1079,0,0,0,0,0,7.4,3,29,-11.4,-0.4,0
yk-1536-4-make-product,1536,80,,1536,AC,34,E301_Urocanic acid,C1=C(NC=N1)C=CC(=O)O,0.2,N3_Scaffold 7,CC(C)C1=CC2=CCC3[C@](C)(CN)CCC[C@]3(C)C2CC1,0.1,,CC(C)C1=CC2=CCC3[C@](C)(CNCC=Cc4cnc[nH]4)CCC[C@]3(C)C2CC1,"C1_PLATINUM-1,3-DIVINYL-1,1,3,3-TETRAMETHYLDISILOXANE COMPLEX, IN XYLENES",C=C[Si](C)(C)O[Si](C)(C)C=C.[Pt],0.15,L1_Davephos,CN(C)c1ccccc1-c1ccccc1P(C1CCCCC1)C1CCCCC1,0.005,None,None,None,None,None,None,None,None,None,O1_phenylsilane,C1=CC=C(C=C1)[Si]ÔøΩÔøΩ,0.6,None,None,None,None,None,None,none,100,none,0,UPLCMS,AC34,2486.4607,373824.3485,977901.5051,1000782.909,0,0,0,0,0,10,3.7,27.2,-15.9,-0.6,0
yk-1536-4-make-product,1536,80,,1536,AC,35,E349_Blank29,O=CO,0.2,N3_Scaffold 7,CC(C)C1=CC2=CCC3[C@](C)(CN)CCC[C@]3(C)C2CC1,0.1,MainProduct[172],CC(C)C1=CC2=CCC3[C@](C)(CN)CCC[C@]3(C)C2CC1,"C1_PLATINUM-1,3-DIVINYL-1,1,3,3-TETRAMETHYLDISILOXANE COMPLEX, IN XYLENES",C=C[Si](C)(C)O[Si](C)(C)C=C.[Pt],0.15,L1_Davephos,CN(C)c1ccccc1-c1ccccc1P(C1CCCCC1)C1CCCCC1,0.005,None,None,None,None,None,None,None,None,None,O1_phenylsilane,C1=CC=C(C=C1)[Si]ÔøΩÔøΩ,0.6,None,None,None,None,None,None,none,100,none,0,UPLCMS,AC35,0,935694.6248,0,0,0,0,863326.4363,0,0,0,9.4,100,0,0,0
yk-1536-4-make-product,1536,80,,1536,AC,36,E381_Blank61,O=CO,0.2,N3_Scaffold 7,CC(C)C1=CC2=CCC3[C@](C)(CN)CCC[C@]3(C)C2CC1,0.1,MainProduct[173],CC(C)C1=CC2=CCC3[C@](C)(CN)CCC[C@]3(C)C2CC1,"C1_PLATINUM-1,3-DIVINYL-1,1,3,3-TETRAMETHYLDISILOXANE COMPLEX, IN XYLENES",C=C[Si](C)(C)O[Si](C)(C)C=C.[Pt],0.15,L1_Davephos,CN(C)c1ccccc1-c1ccccc1P(C1CCCCC1)C1CCCCC1,0.005,None,None,None,None,None,None,None,None,None,O1_phenylsilane,C1=CC=C(C=C1)[Si]ÔøΩÔøΩ,0.6,None,None,None,None,None,None,none,100,none,0,UPLCMS,AC36,0,0,0,0,0,0,0,0,0,0,0,0,0,0,0
yk-1536-4-make-product,1536,80,,1536,AC,37,"E49_1,2,3,4-TETRAHYDRO-2-NAPHTHOIC ACID, 98%",C1CC2=CC=CC=C2CC1C(=O)O,0.2,N4_Scaffold 6,CCNC[C@@]1(C)C2[C@](C)(CCC1)c3c(CC2)cc(C(C)C)c(c3)N,0.1,,CCNC[C@]1(C)CCC[C@]2(C)c3cc(NCC4CCc5ccccc5C4)c(C(C)C)cc3CCC12,"C1_PLATINUM-1,3-DIVINYL-1,1,3,3-TETRAMETHYLDISILOXANE COMPLEX, IN XYLENES",C=C[Si](C)(C)O[Si](C)(C)C=C.[Pt],0.15,L1_Davephos,CN(C)c1ccccc1-c1ccccc1P(C1CCCCC1)C1CCCCC1,0.005,None,None,None,None,None,None,None,None,None,O1_phenylsilane,C1=CC=C(C=C1)[Si]ÔøΩÔøΩ,0.6,None,None,None,None,None,None,none,100,none,0,UPLCMS,AC37,149545.9497,369739.5219,0,0,1003564.016,1008296.523,0,0,0,10.1,3.7,26.8,-40.5,-1.5,0
yk-1536-4-make-product,1536,80,,1536,AC,38,E92_1-benzylpiperidine-3-carboxylic acid,C1CC(CN(C1)CC2=CC=CC=C2)C(=O)O,0.2,N4_Scaffold 6,CCNC[C@@]1(C)C2[C@](C)(CCC1)c3c(CC2)cc(C(C)C)c(c3)N,0.1,,CCNC[C@]1(C)CCC[C@]2(C)c3cc(NCC4CCCN(Cc5ccccc5)C4)c(C(C)C)cc3CCC12,"C1_PLATINUM-1,3-DIVINYL-1,1,3,3-TETRAMETHYLDISILOXANE COMPLEX, IN XYLENES",C=C[Si](C)(C)O[Si](C)(C)C=C.[Pt],0.15,L1_Davephos,CN(C)c1ccccc1-c1ccccc1P(C1CCCCC1)C1CCCCC1,0.005,None,None,None,None,None,None,None,None,None,O1_phenylsilane,C1=CC=C(C=C1)[Si]ÔøΩÔøΩ,0.6,None,None,None,None,None,None,none,100,none,0,UPLCMS,AC38,86761.6135,2233131.296,0,0,1105878.046,1033729.115,0,0,0,10.3,22.3,68.4,-33.2,-0.5,0
yk-1536-4-make-product,1536,80,,1536,AC,39,"E136_2-bromo-1,3-thiazole-4-carboxylic acid",C1=C(N=C(S1)Br)C(=O)O,0.2,N4_Scaffold 6,CCNC[C@@]1(C)C2[C@](C)(CCC1)c3c(CC2)cc(C(C)C)c(c3)N,0.1,,CCNC[C@]1(C)CCC[C@]2(C)c3cc(NCc4csc(Br)n4)c(C(C)C)cc3CCC12,"C1_PLATINUM-1,3-DIVINYL-1,1,3,3-TETRAMETHYLDISILOXANE COMPLEX, IN XYLENES",C=C[Si](C)(C)O[Si](C)(C)C=C.[Pt],0.15,L1_Davephos,CN(C)c1ccccc1-c1ccccc1P(C1CCCCC1)C1CCCCC1,0.005,None,None,None,None,None,None,None,None,None,O1_phenylsilane,C1=CC=C(C=C1)[Si]ÔøΩÔøΩ,0.6,None,None,None,None,None,None,none,100,none,0,UPLCMS,AC39,456958.3708,2205446.474,0,0,1247194.613,1123581.05,70841.84493,0,0,11.2,22.1,66.3,-32.6,-0.5,0
yk-1536-4-make-product,1536,80,,1536,AC,40,E173_2-fluoro-2-phenylacetic acid,C1=CC=C(C=C1)C(C(=O)O)F,0.2,N4_Scaffold 6,CCNC[C@@]1(C)C2[C@](C)(CCC1)c3c(CC2)cc(C(C)C)c(c3)N,0.1,,CCNC[C@]1(C)CCC[C@]2(C)c3cc(NCC(F)c4ccccc4)c(C(C)C)cc3CCC12,"C1_PLATINUM-1,3-DIVINYL-1,1,3,3-TETRAMETHYLDISILOXANE COMPLEX, IN XYLENES",C=C[Si](C)(C)O[Si](C)(C)C=C.[Pt],0.15,L1_Davephos,CN(C)c1ccccc1-c1ccccc1P(C1CCCCC1)C1CCCCC1,0.005,None,None,None,None,None,None,None,None,None,O1_phenylsilane,C1=CC=C(C=C1)[Si]ÔøΩÔøΩ,0.6,None,None,None,None,None,None,none,100,none,0,UPLCMS,AC40,0,0,0,0,882646.6073,883520.558,0,0,0,8.8,0,0,-51.4,0,0
yk-1536-4-make-product,1536,80,,1536,AC,41,E219_5-methyl-2-phenyltriazole-4-carboxylic acid,CC1=NN(N=C1C(=O)O)C2=CC=CC=C2,0.2,N4_Scaffold 6,CCNC[C@@]1(C)C2[C@](C)(CCC1)c3c(CC2)cc(C(C)C)c(c3)N,0.1,,CCNC[C@]1(C)CCC[C@]2(C)c3cc(NCc4nn(-c5ccccc5)nc4C)c(C(C)C)cc3CCC12,"C1_PLATINUM-1,3-DIVINYL-1,1,3,3-TETRAMETHYLDISILOXANE COMPLEX, IN XYLENES",C=C[Si](C)(C)O[Si](C)(C)C=C.[Pt],0.15,L1_Davephos,CN(C)c1ccccc1-c1ccccc1P(C1CCCCC1)C1CCCCC1,0.005,None,None,None,None,None,None,None,None,None,O1_phenylsilane,C1=CC=C(C=C1)[Si]ÔøΩÔøΩ,0.6,None,None,None,None,None,None,none,100,none,0,UPLCMS,AC41,254184.0384,884889.3694,0,0,2511548.631,2108371.888,0,0,0,21.1,8.8,29.5,-43,-1.5,0
yk-1536-4-make-product,1536,80,,1536,AC,42,E273_3-(Trifluoromethoxy)benzoic acid,C1=CC(=CC(=C1)OC(F)(F)F)C(=O)O,0.2,N4_Scaffold 6,CCNC[C@@]1(C)C2[C@](C)(CCC1)c3c(CC2)cc(C(C)C)c(c3)N,0.1,,CCNC[C@]1(C)CCC[C@]2(C)c3cc(NCc4cccc(OC(F)(F)F)c4)c(C(C)C)cc3CCC12,"C1_PLATINUM-1,3-DIVINYL-1,1,3,3-TETRAMETHYLDISILOXANE COMPLEX, IN XYLENES",C=C[Si](C)(C)O[Si](C)(C)C=C.[Pt],0.15,L1_Davephos,CN(C)c1ccccc1-c1ccccc1P(C1CCCCC1)C1CCCCC1,0.005,None,None,None,None,None,None,None,None,None,O1_phenylsilane,C1=CC=C(C=C1)[Si]ÔøΩÔøΩ,0.6,None,None,None,None,None,None,none,100,none,0,UPLCMS,AC42,0,0,0,0,668316.9855,673174.484,0,0,0,6.7,0,0,-39.8,0,0
yk-1536-4-make-product,1536,80,,1536,AC,43,E316_Bezafibrate,CC(C)(Oc1ccc(CCNC(=O)c2ccc(Cl)cc2)cc1)C(=O)O,0.05,N4_Scaffold 6,CCNC[C@@]1(C)C2[C@](C)(CCC1)c3c(CC2)cc(C(C)C)c(c3)N,0.1,,CCNC[C@]1(C)CCC[C@]2(C)c3cc(NCC(C)(C)Oc4ccc(CCNC(=O)c5ccc(Cl)cc5)cc4)c(C(C)C)cc3CCC12,"C1_PLATINUM-1,3-DIVINYL-1,1,3,3-TETRAMETHYLDISILOXANE COMPLEX, IN XYLENES",C=C[Si](C)(C)O[Si](C)(C)C=C.[Pt],0.15,L1_Davephos,CN(C)c1ccccc1-c1ccccc1P(C1CCCCC1)C1CCCCC1,0.005,None,None,None,None,None,None,None,None,None,O1_phenylsilane,C1=CC=C(C=C1)[Si]ÔøΩÔøΩ,0.6,None,None,None,None,None,None,none,100,none,0,UPLCMS,AC43,8464.57842,0,0,0,2422734.163,2382232.627,0,0,0,23.8,0,0,-38.1,0,0
yk-1536-4-make-product,1536,80,,1536,AC,44,"E85_3-METHYL-4-PENTENOIC ACID, 97%",CC(CC(=O)O)C=C,0.2,N4_Scaffold 6,CCNC[C@@]1(C)C2[C@](C)(CCC1)c3c(CC2)cc(C(C)C)c(c3)N,0.1,,C=CC(C)CCNc1cc2c(cc1C(C)C)CCC1[C@](C)(CNCC)CCC[C@]21C,"C1_PLATINUM-1,3-DIVINYL-1,1,3,3-TETRAMETHYLDISILOXANE COMPLEX, IN XYLENES",C=C[Si](C)(C)O[Si](C)(C)C=C.[Pt],0.15,L1_Davephos,CN(C)c1ccccc1-c1ccccc1P(C1CCCCC1)C1CCCCC1,0.005,None,None,None,None,None,None,None,None,None,O1_phenylsilane,C1=CC=C(C=C1)[Si]ÔøΩÔøΩ,0.6,None,None,None,None,None,None,none,100,none,0,UPLCMS,AC44,39753.77954,165702.6086,0,0,252810.3835,122642.6901,0,0,0,1.2,1.7,58,-32.6,-0.6,0
yk-1536-4-make-product,1536,80,,1536,AC,45,E214_1-methylpiperidine-3-carboxylic acid,CN1CCCC(C1)C(=O)O,0.2,N4_Scaffold 6,CCNC[C@@]1(C)C2[C@](C)(CCC1)c3c(CC2)cc(C(C)C)c(c3)N,0.1,,CCNC[C@]1(C)CCC[C@]2(C)c3cc(NCC4CCCN(C)C4)c(C(C)C)cc3CCC12,"C1_PLATINUM-1,3-DIVINYL-1,1,3,3-TETRAMETHYLDISILOXANE COMPLEX, IN XYLENES",C=C[Si](C)(C)O[Si](C)(C)C=C.[Pt],0.15,L1_Davephos,CN(C)c1ccccc1-c1ccccc1P(C1CCCCC1)C1CCCCC1,0.005,None,None,None,None,None,None,None,None,None,O1_phenylsilane,C1=CC=C(C=C1)[Si]ÔøΩÔøΩ,0.6,None,None,None,None,None,None,none,100,none,0,UPLCMS,AC45,3010.99075,278266.1452,0,0,757747.3672,771285.8423,0,0,0,7.7,2.8,26.5,-40.7,-1.5,0
yk-1536-4-make-product,1536,80,,1536,AC,46,E301_Urocanic acid,C1=C(NC=N1)C=CC(=O)O,0.2,N4_Scaffold 6,CCNC[C@@]1(C)C2[C@](C)(CCC1)c3c(CC2)cc(C(C)C)c(c3)N,0.1,,CCNC[C@]1(C)CCC[C@]2(C)c3cc(NCC=Cc4cnc[nH]4)c(C(C)C)cc3CCC12,"C1_PLATINUM-1,3-DIVINYL-1,1,3,3-TETRAMETHYLDISILOXANE COMPLEX, IN XYLENES",C=C[Si](C)(C)O[Si](C)(C)C=C.[Pt],0.15,L1_Davephos,CN(C)c1ccccc1-c1ccccc1P(C1CCCCC1)C1CCCCC1,0.005,None,None,None,None,None,None,None,None,None,O1_phenylsilane,C1=CC=C(C=C1)[Si]ÔøΩÔøΩ,0.6,None,None,None,None,None,None,none,100,none,0,UPLCMS,AC46,0,0,0,0,598982.7222,581142.2889,0,0,0,5.8,0,0,-25.1,0,0
yk-1536-4-make-product,1536,80,,1536,AC,47,E349_Blank29,O=CO,0.2,N4_Scaffold 6,CCNC[C@@]1(C)C2[C@](C)(CCC1)c3c(CC2)cc(C(C)C)c(c3)N,0.1,MainProduct[185],CCNC[C@@]1(C)C2[C@](C)(CCC1)c3c(CC2)cc(C(C)C)c(c3)N,"C1_PLATINUM-1,3-DIVINYL-1,1,3,3-TETRAMETHYLDISILOXANE COMPLEX, IN XYLENES",C=C[Si](C)(C)O[Si](C)(C)C=C.[Pt],0.15,L1_Davephos,CN(C)c1ccccc1-c1ccccc1P(C1CCCCC1)C1CCCCC1,0.005,None,None,None,None,None,None,None,None,None,O1_phenylsilane,C1=CC=C(C=C1)[Si]ÔøΩÔøΩ,0.6,None,None,None,None,None,None,none,100,none,0,UPLCMS,AC47,0,750782.4193,0,0,0,0,741280.1147,0,0,0,7.5,100,0,0,0
yk-1536-4-make-product,1536,80,,1536,AC,48,E381_Blank61,O=CO,0.2,N4_Scaffold 6,CCNC[C@@]1(C)C2[C@](C)(CCC1)c3c(CC2)cc(C(C)C)c(c3)N,0.1,MainProduct[186],CCNC[C@@]1(C)C2[C@](C)(CCC1)c3c(CC2)cc(C(C)C)c(c3)N,"C1_PLATINUM-1,3-DIVINYL-1,1,3,3-TETRAMETHYLDISILOXANE COMPLEX, IN XYLENES",C=C[Si](C)(C)O[Si](C)(C)C=C.[Pt],0.15,L1_Davephos,CN(C)c1ccccc1-c1ccccc1P(C1CCCCC1)C1CCCCC1,0.005,None,None,None,None,None,None,None,None,None,O1_phenylsilane,C1=CC=C(C=C1)[Si]ÔøΩÔøΩ,0.6,None,None,None,None,None,None,none,100,none,0,UPLCMS,AC48,0,0,0,0,0,0,0,0,0,0,0,0,0,0,0
yk-1536-4-make-product,1536,80,,1536,AD,1,"E50_3-ACETYLBENZOIC ACID, 98%",CC(=O)C1=CC(=CC=C1)C(=O)O,0.2,N1_(+)-Dehydroabietylamine,CC(C)c1ccc2c(c1)CC[C@H]1[C@](C)(CN)CCC[C@]21C,0.1,,CC(=O)c1cccc(CNC[C@]2(C)CCC[C@]3(C)c4ccc(C(C)C)cc4CC[C@@H]23)c1,"C1_PLATINUM-1,3-DIVINYL-1,1,3,3-TETRAMETHYLDISILOXANE COMPLEX, IN XYLENES",C=C[Si](C)(C)O[Si](C)(C)C=C.[Pt],0.15,L1_Davephos,CN(C)c1ccccc1-c1ccccc1P(C1CCCCC1)C1CCCCC1,0.005,None,None,None,None,None,None,None,None,None,O1_phenylsilane,C1=CC=C(C=C1)[Si]ÔøΩÔøΩ,0.6,None,None,None,None,None,None,none,100,none,0,UPLCMS,AD1,2512949.257,2883882.884,,,,,0,,,24.1,28.8,54.5,-62.5,-1.15,0
yk-1536-4-make-product,1536,80,,1536,AD,2,"E93_4-BIPHENYLCARBOXYLIC ACID, 99%",C1=CC=C(C=C1)C2=CC=C(C=C2)C(=O)O,0.2,N1_(+)-Dehydroabietylamine,CC(C)c1ccc2c(c1)CC[C@H]1[C@](C)(CN)CCC[C@]21C,0.1,,CC(C)c1ccc2c(c1)CC[C@H]1[C@](C)(CNCc3ccc(-c4ccccc4)cc3)CCC[C@]21C,"C1_PLATINUM-1,3-DIVINYL-1,1,3,3-TETRAMETHYLDISILOXANE COMPLEX, IN XYLENES",C=C[Si](C)(C)O[Si](C)(C)C=C.[Pt],0.15,L1_Davephos,CN(C)c1ccccc1-c1ccccc1P(C1CCCCC1)C1CCCCC1,0.005,None,None,None,None,None,None,None,None,None,O1_phenylsilane,C1=CC=C(C=C1)[Si]ÔøΩÔøΩ,0.6,None,None,None,None,None,None,none,100,none,0,UPLCMS,AD2,3137206.106,2575904.56,,,,,0,,,31.8,25.8,44.8,14,0.31,0
yk-1536-4-make-product,1536,80,,1536,AD,3,E137_5-bromofuran-2-carboxylic acid,C1=C(OC(=C1)Br)C(=O)O,0.2,N1_(+)-Dehydroabietylamine,CC(C)c1ccc2c(c1)CC[C@H]1[C@](C)(CN)CCC[C@]21C,0.1,,CC(C)c1ccc2c(c1)CC[C@H]1[C@](C)(CNCc3ccc(Br)o3)CCC[C@]21C,"C1_PLATINUM-1,3-DIVINYL-1,1,3,3-TETRAMETHYLDISILOXANE COMPLEX, IN XYLENES",C=C[Si](C)(C)O[Si](C)(C)C=C.[Pt],0.15,L1_Davephos,CN(C)c1ccccc1-c1ccccc1P(C1CCCCC1)C1CCCCC1,0.005,None,None,None,None,None,None,None,None,None,O1_phenylsilane,C1=CC=C(C=C1)[Si]ÔøΩÔøΩ,0.6,None,None,None,None,None,None,none,100,none,0,UPLCMS,AD3,2433763.753,5068172.209,,,,,1217158.843,,,36.3,50.7,58.3,59.2,1.02,0
yk-1536-4-make-product,1536,80,,1536,AD,4,E176_2-(2-fluorophenyl)acetic acid,C1=CC=C(C(=C1)CC(=O)O)F,0.2,N1_(+)-Dehydroabietylamine,CC(C)c1ccc2c(c1)CC[C@H]1[C@](C)(CN)CCC[C@]21C,0.1,,CC(C)c1ccc2c(c1)CC[C@H]1[C@](C)(CNCCc3ccccc3F)CCC[C@]21C,"C1_PLATINUM-1,3-DIVINYL-1,1,3,3-TETRAMETHYLDISILOXANE COMPLEX, IN XYLENES",C=C[Si](C)(C)O[Si](C)(C)C=C.[Pt],0.15,L1_Davephos,CN(C)c1ccccc1-c1ccccc1P(C1CCCCC1)C1CCCCC1,0.005,None,None,None,None,None,None,None,None,None,O1_phenylsilane,C1=CC=C(C=C1)[Si]ÔøΩÔøΩ,0.6,None,None,None,None,None,None,none,100,none,0,UPLCMS,AD4,2831.38924,0,,,,,0,,,21,0,0,-72.4,0,0
yk-1536-4-make-product,1536,80,,1536,AD,5,E220_2-(6-methylpyridin-3-yl)acetic acid,CC1=NC=C(C=C1)CC(=O)O,0.2,N1_(+)-Dehydroabietylamine,CC(C)c1ccc2c(c1)CC[C@H]1[C@](C)(CN)CCC[C@]21C,0.1,,Cc1ccc(CCNC[C@]2(C)CCC[C@]3(C)c4ccc(C(C)C)cc4CC[C@@H]23)cn1,"C1_PLATINUM-1,3-DIVINYL-1,1,3,3-TETRAMETHYLDISILOXANE COMPLEX, IN XYLENES",C=C[Si](C)(C)O[Si](C)(C)C=C.[Pt],0.15,L1_Davephos,CN(C)c1ccccc1-c1ccccc1P(C1CCCCC1)C1CCCCC1,0.005,None,None,None,None,None,None,None,None,None,O1_phenylsilane,C1=CC=C(C=C1)[Si]ÔøΩÔøΩ,0.6,None,None,None,None,None,None,none,100,none,0,UPLCMS,AD5,2139793.09,2272359.153,,,,,24434.24485,,,14.4,22.7,61.2,-70.4,-1.15,0
yk-1536-4-make-product,1536,80,,1536,AD,6,E274_trans-Indole-3-acrylic acid,C1=CC=C2C(=C1)C(=CN2)C=CC(=O)O,0.2,N1_(+)-Dehydroabietylamine,CC(C)c1ccc2c(c1)CC[C@H]1[C@](C)(CN)CCC[C@]21C,0.1,,CC(C)c1ccc2c(c1)CC[C@H]1[C@](C)(CNCC=Cc3c[nH]c4ccccc34)CCC[C@]21C,"C1_PLATINUM-1,3-DIVINYL-1,1,3,3-TETRAMETHYLDISILOXANE COMPLEX, IN XYLENES",C=C[Si](C)(C)O[Si](C)(C)C=C.[Pt],0.15,L1_Davephos,CN(C)c1ccccc1-c1ccccc1P(C1CCCCC1)C1CCCCC1,0.005,None,None,None,None,None,None,None,None,None,O1_phenylsilane,C1=CC=C(C=C1)[Si]ÔøΩÔøΩ,0.6,None,None,None,None,None,None,none,100,none,0,UPLCMS,AD6,418248.2407,1394402.736,,,,,0,,,42.7,13.9,24.6,97.6,3.97,17.4
yk-1536-4-make-product,1536,80,,1536,AD,7,E317_Indole-3-butyric acid,O=C(O)CCCc1c[nH]c2ccccc12,0.05,N1_(+)-Dehydroabietylamine,CC(C)c1ccc2c(c1)CC[C@H]1[C@](C)(CN)CCC[C@]21C,0.1,,CC(C)c1ccc2c(c1)CC[C@H]1[C@](C)(CNCCCCc3c[nH]c4ccccc34)CCC[C@]21C,"C1_PLATINUM-1,3-DIVINYL-1,1,3,3-TETRAMETHYLDISILOXANE COMPLEX, IN XYLENES",C=C[Si](C)(C)O[Si](C)(C)C=C.[Pt],0.15,L1_Davephos,CN(C)c1ccccc1-c1ccccc1P(C1CCCCC1)C1CCCCC1,0.005,None,None,None,None,None,None,None,None,None,O1_phenylsilane,C1=CC=C(C=C1)[Si]ÔøΩÔøΩ,0.6,None,None,None,None,None,None,none,100,none,0,UPLCMS,AD7,5363124.45,4742375.748,,,,,0,,,13.4,47.4,77.9,102.7,1.32,-1.82
yk-1536-4-make-product,1536,80,,1536,AD,8,"E86_4-MERCAPTOBENZOIC ACID, 90%",C1=CC(=CC=C1C(=O)O)S,0.2,N1_(+)-Dehydroabietylamine,CC(C)c1ccc2c(c1)CC[C@H]1[C@](C)(CN)CCC[C@]21C,0.1,,CC(C)c1ccc2c(c1)CC[C@H]1[C@](C)(CNCc3ccc(S)cc3)CCC[C@]21C,"C1_PLATINUM-1,3-DIVINYL-1,1,3,3-TETRAMETHYLDISILOXANE COMPLEX, IN XYLENES",C=C[Si](C)(C)O[Si](C)(C)C=C.[Pt],0.15,L1_Davephos,CN(C)c1ccccc1-c1ccccc1P(C1CCCCC1)C1CCCCC1,0.005,None,None,None,None,None,None,None,None,None,O1_phenylsilane,C1=CC=C(C=C1)[Si]ÔøΩÔøΩ,0.6,None,None,None,None,None,None,none,100,none,0,UPLCMS,AD8,0,0,,,,,0,,,41.5,0,0,32.2,0,0
yk-1536-4-make-product,1536,80,,1536,AD,9,E218_6-methylpyridine-3-carboxylic acid,CC1=NC=C(C=C1)C(=O)O,0.2,N1_(+)-Dehydroabietylamine,CC(C)c1ccc2c(c1)CC[C@H]1[C@](C)(CN)CCC[C@]21C,0.1,,Cc1ccc(CNC[C@]2(C)CCC[C@]3(C)c4ccc(C(C)C)cc4CC[C@@H]23)cn1,"C1_PLATINUM-1,3-DIVINYL-1,1,3,3-TETRAMETHYLDISILOXANE COMPLEX, IN XYLENES",C=C[Si](C)(C)O[Si](C)(C)C=C.[Pt],0.15,L1_Davephos,CN(C)c1ccccc1-c1ccccc1P(C1CCCCC1)C1CCCCC1,0.005,None,None,None,None,None,None,None,None,None,O1_phenylsilane,C1=CC=C(C=C1)[Si]ÔøΩÔøΩ,0.6,None,None,None,None,None,None,none,100,none,0,UPLCMS,AD9,0,0,,,,,0,,,29,0,0,-30.6,0,0
yk-1536-4-make-product,1536,80,,1536,AD,10,E305_2-(2-(2-Methoxyethoxy)ethoxy)acetic acid,COCCOCCOCC(=O)O,0.2,N1_(+)-Dehydroabietylamine,CC(C)c1ccc2c(c1)CC[C@H]1[C@](C)(CN)CCC[C@]21C,0.1,,COCCOCCOCCNC[C@]1(C)CCC[C@]2(C)c3ccc(C(C)C)cc3CC[C@@H]12,"C1_PLATINUM-1,3-DIVINYL-1,1,3,3-TETRAMETHYLDISILOXANE COMPLEX, IN XYLENES",C=C[Si](C)(C)O[Si](C)(C)C=C.[Pt],0.15,L1_Davephos,CN(C)c1ccccc1-c1ccccc1P(C1CCCCC1)C1CCCCC1,0.005,None,None,None,None,None,None,None,None,None,O1_phenylsilane,C1=CC=C(C=C1)[Si]ÔøΩÔøΩ,0.6,None,None,None,None,None,None,none,100,none,0,UPLCMS,AD10,1970519.918,2652668.46,,,,,9243.73416,,,4.4,26.5,85.7,-40.6,-0.47,0
yk-1536-4-make-product,1536,80,,1536,AD,11,E350_Blank30,O=CO,0.2,N1_(+)-Dehydroabietylamine,CC(C)c1ccc2c(c1)CC[C@H]1[C@](C)(CN)CCC[C@]21C,0.1,MainProduct[194],CC(C)c1ccc2c(c1)CC[C@H]1[C@](C)(CN)CCC[C@]21C,"C1_PLATINUM-1,3-DIVINYL-1,1,3,3-TETRAMETHYLDISILOXANE COMPLEX, IN XYLENES",C=C[Si](C)(C)O[Si](C)(C)C=C.[Pt],0.15,L1_Davephos,CN(C)c1ccccc1-c1ccccc1P(C1CCCCC1)C1CCCCC1,0.005,None,None,None,None,None,None,None,None,None,O1_phenylsilane,C1=CC=C(C=C1)[Si]ÔøΩÔøΩ,0.6,None,None,None,None,None,None,none,100,none,0,UPLCMS,AD11,0,2863644.645,,,,,3135016.059,,,0,28.6,100,0,0,0
yk-1536-4-make-product,1536,80,,1536,AD,12,E382_Blank62,O=CO,0.2,N1_(+)-Dehydroabietylamine,CC(C)c1ccc2c(c1)CC[C@H]1[C@](C)(CN)CCC[C@]21C,0.1,MainProduct[195],CC(C)c1ccc2c(c1)CC[C@H]1[C@](C)(CN)CCC[C@]21C,"C1_PLATINUM-1,3-DIVINYL-1,1,3,3-TETRAMETHYLDISILOXANE COMPLEX, IN XYLENES",C=C[Si](C)(C)O[Si](C)(C)C=C.[Pt],0.15,L1_Davephos,CN(C)c1ccccc1-c1ccccc1P(C1CCCCC1)C1CCCCC1,0.005,None,None,None,None,None,None,None,None,None,O1_phenylsilane,C1=CC=C(C=C1)[Si]ÔøΩÔøΩ,0.6,None,None,None,None,None,None,none,100,none,0,UPLCMS,AD12,0,0,,,,,0,,,0,0,0,0,0,0
yk-1536-4-make-product,1536,80,,1536,AD,13,"E50_3-ACETYLBENZOIC ACID, 98%",CC(=O)C1=CC(=CC=C1)C(=O)O,0.2,N2_hydroxydehydroabietylamine,CC(C)C(C(O)=C1)=CC2=C1[C@]3(C)C(CC2)[C@](C)(CN)CCC3,0.1,,CC(=O)c1cccc(CNC[C@]2(C)CCC[C@]3(C)c4cc(O)c(C(C)C)cc4CCC23)c1,"C1_PLATINUM-1,3-DIVINYL-1,1,3,3-TETRAMETHYLDISILOXANE COMPLEX, IN XYLENES",C=C[Si](C)(C)O[Si](C)(C)C=C.[Pt],0.15,L1_Davephos,CN(C)c1ccccc1-c1ccccc1P(C1CCCCC1)C1CCCCC1,0.005,None,None,None,None,None,None,None,None,None,O1_phenylsilane,C1=CC=C(C=C1)[Si]ÔøΩÔøΩ,0.6,None,None,None,None,None,None,none,100,none,0,UPLCMS,AD13,465878.33,0,,,,,0,,,0,0,0,-44.2,0,0
yk-1536-4-make-product,1536,80,,1536,AD,14,"E93_4-BIPHENYLCARBOXYLIC ACID, 99%",C1=CC=C(C=C1)C2=CC=C(C=C2)C(=O)O,0.2,N2_hydroxydehydroabietylamine,CC(C)C(C(O)=C1)=CC2=C1[C@]3(C)C(CC2)[C@](C)(CN)CCC3,0.1,,CC(C)c1cc2c(cc1O)[C@@]1(C)CCC[C@@](C)(CNCc3ccc(-c4ccccc4)cc3)C1CC2,"C1_PLATINUM-1,3-DIVINYL-1,1,3,3-TETRAMETHYLDISILOXANE COMPLEX, IN XYLENES",C=C[Si](C)(C)O[Si](C)(C)C=C.[Pt],0.15,L1_Davephos,CN(C)c1ccccc1-c1ccccc1P(C1CCCCC1)C1CCCCC1,0.005,None,None,None,None,None,None,None,None,None,O1_phenylsilane,C1=CC=C(C=C1)[Si]ÔøΩÔøΩ,0.6,None,None,None,None,None,None,none,100,none,0,UPLCMS,AD14,773370.26,797947.1619,,,,,0,,,0,8,100,-42,-0.42,0
yk-1536-4-make-product,1536,80,,1536,AD,15,E137_5-bromofuran-2-carboxylic acid,C1=C(OC(=C1)Br)C(=O)O,0.2,N2_hydroxydehydroabietylamine,CC(C)C(C(O)=C1)=CC2=C1[C@]3(C)C(CC2)[C@](C)(CN)CCC3,0.1,,CC(C)c1cc2c(cc1O)[C@@]1(C)CCC[C@@](C)(CNCc3ccc(Br)o3)C1CC2,"C1_PLATINUM-1,3-DIVINYL-1,1,3,3-TETRAMETHYLDISILOXANE COMPLEX, IN XYLENES",C=C[Si](C)(C)O[Si](C)(C)C=C.[Pt],0.15,L1_Davephos,CN(C)c1ccccc1-c1ccccc1P(C1CCCCC1)C1CCCCC1,0.005,None,None,None,None,None,None,None,None,None,O1_phenylsilane,C1=CC=C(C=C1)[Si]ÔøΩÔøΩ,0.6,None,None,None,None,None,None,none,100,none,0,UPLCMS,AD15,173934.9326,951043.2413,,,,,0,,,0,9.5,100,-39.8,-0.4,0
yk-1536-4-make-product,1536,80,,1536,AD,16,E176_2-(2-fluorophenyl)acetic acid,C1=CC=C(C(=C1)CC(=O)O)F,0.2,N2_hydroxydehydroabietylamine,CC(C)C(C(O)=C1)=CC2=C1[C@]3(C)C(CC2)[C@](C)(CN)CCC3,0.1,,CC(C)c1cc2c(cc1O)[C@@]1(C)CCC[C@@](C)(CNCCc3ccccc3F)C1CC2,"C1_PLATINUM-1,3-DIVINYL-1,1,3,3-TETRAMETHYLDISILOXANE COMPLEX, IN XYLENES",C=C[Si](C)(C)O[Si](C)(C)C=C.[Pt],0.15,L1_Davephos,CN(C)c1ccccc1-c1ccccc1P(C1CCCCC1)C1CCCCC1,0.005,None,None,None,None,None,None,None,None,None,O1_phenylsilane,C1=CC=C(C=C1)[Si]ÔøΩÔøΩ,0.6,None,None,None,None,None,None,none,100,none,0,UPLCMS,AD16,4347.67717,30537.66617,,,,,0,,,1.7,0.3,15.2,-29.3,-1.93,0
yk-1536-4-make-product,1536,80,,1536,AD,17,E220_2-(6-methylpyridin-3-yl)acetic acid,CC1=NC=C(C=C1)CC(=O)O,0.2,N2_hydroxydehydroabietylamine,CC(C)C(C(O)=C1)=CC2=C1[C@]3(C)C(CC2)[C@](C)(CN)CCC3,0.1,,Cc1ccc(CCNC[C@]2(C)CCC[C@]3(C)c4cc(O)c(C(C)C)cc4CCC23)cn1,"C1_PLATINUM-1,3-DIVINYL-1,1,3,3-TETRAMETHYLDISILOXANE COMPLEX, IN XYLENES",C=C[Si](C)(C)O[Si](C)(C)C=C.[Pt],0.15,L1_Davephos,CN(C)c1ccccc1-c1ccccc1P(C1CCCCC1)C1CCCCC1,0.005,None,None,None,None,None,None,None,None,None,O1_phenylsilane,C1=CC=C(C=C1)[Si]ÔøΩÔøΩ,0.6,None,None,None,None,None,None,none,100,none,0,UPLCMS,AD17,219873.2321,78100.68879,,,,,10629.15087,,,0,0.8,100,-41.1,-0.41,0
yk-1536-4-make-product,1536,80,,1536,AD,18,E274_trans-Indole-3-acrylic acid,C1=CC=C2C(=C1)C(=CN2)C=CC(=O)O,0.2,N2_hydroxydehydroabietylamine,CC(C)C(C(O)=C1)=CC2=C1[C@]3(C)C(CC2)[C@](C)(CN)CCC3,0.1,,CC(C)c1cc2c(cc1O)[C@@]1(C)CCC[C@@](C)(CNCC=Cc3c[nH]c4ccccc34)C1CC2,"C1_PLATINUM-1,3-DIVINYL-1,1,3,3-TETRAMETHYLDISILOXANE COMPLEX, IN XYLENES",C=C[Si](C)(C)O[Si](C)(C)C=C.[Pt],0.15,L1_Davephos,CN(C)c1ccccc1-c1ccccc1P(C1CCCCC1)C1CCCCC1,0.005,None,None,None,None,None,None,None,None,None,O1_phenylsilane,C1=CC=C(C=C1)[Si]ÔøΩÔøΩ,0.6,None,None,None,None,None,None,none,100,none,0,UPLCMS,AD18,306923.9578,552306.1142,,,,,0,,,0.7,5.5,88.1,68,0.77,0
yk-1536-4-make-product,1536,80,,1536,AD,19,E317_Indole-3-butyric acid,O=C(O)CCCc1c[nH]c2ccccc12,0.05,N2_hydroxydehydroabietylamine,CC(C)C(C(O)=C1)=CC2=C1[C@]3(C)C(CC2)[C@](C)(CN)CCC3,0.1,,CC(C)c1cc2c(cc1O)[C@@]1(C)CCC[C@@](C)(CNCCCCc3c[nH]c4ccccc34)C1CC2,"C1_PLATINUM-1,3-DIVINYL-1,1,3,3-TETRAMETHYLDISILOXANE COMPLEX, IN XYLENES",C=C[Si](C)(C)O[Si](C)(C)C=C.[Pt],0.15,L1_Davephos,CN(C)c1ccccc1-c1ccccc1P(C1CCCCC1)C1CCCCC1,0.005,None,None,None,None,None,None,None,None,None,O1_phenylsilane,C1=CC=C(C=C1)[Si]ÔøΩÔøΩ,0.6,None,None,None,None,None,None,none,100,none,0,UPLCMS,AD19,18823.28982,0,,,,,0,,,0,0,0,-52.5,0,0
yk-1536-4-make-product,1536,80,,1536,AD,20,"E86_4-MERCAPTOBENZOIC ACID, 90%",C1=CC(=CC=C1C(=O)O)S,0.2,N2_hydroxydehydroabietylamine,CC(C)C(C(O)=C1)=CC2=C1[C@]3(C)C(CC2)[C@](C)(CN)CCC3,0.1,,CC(C)c1cc2c(cc1O)[C@@]1(C)CCC[C@@](C)(CNCc3ccc(S)cc3)C1CC2,"C1_PLATINUM-1,3-DIVINYL-1,1,3,3-TETRAMETHYLDISILOXANE COMPLEX, IN XYLENES",C=C[Si](C)(C)O[Si](C)(C)C=C.[Pt],0.15,L1_Davephos,CN(C)c1ccccc1-c1ccccc1P(C1CCCCC1)C1CCCCC1,0.005,None,None,None,None,None,None,None,None,None,O1_phenylsilane,C1=CC=C(C=C1)[Si]ÔøΩÔøΩ,0.6,None,None,None,None,None,None,none,100,none,0,UPLCMS,AD20,0,0,,,,,0,,,6.2,0,0,-45,0,0
yk-1536-4-make-product,1536,80,,1536,AD,21,E218_6-methylpyridine-3-carboxylic acid,CC1=NC=C(C=C1)C(=O)O,0.2,N2_hydroxydehydroabietylamine,CC(C)C(C(O)=C1)=CC2=C1[C@]3(C)C(CC2)[C@](C)(CN)CCC3,0.1,,Cc1ccc(CNC[C@]2(C)CCC[C@]3(C)c4cc(O)c(C(C)C)cc4CCC23)cn1,"C1_PLATINUM-1,3-DIVINYL-1,1,3,3-TETRAMETHYLDISILOXANE COMPLEX, IN XYLENES",C=C[Si](C)(C)O[Si](C)(C)C=C.[Pt],0.15,L1_Davephos,CN(C)c1ccccc1-c1ccccc1P(C1CCCCC1)C1CCCCC1,0.005,None,None,None,None,None,None,None,None,None,O1_phenylsilane,C1=CC=C(C=C1)[Si]ÔøΩÔøΩ,0.6,None,None,None,None,None,None,none,100,none,0,UPLCMS,AD21,0,0,,,,,0,,,2,0,0,-50.9,0,0
yk-1536-4-make-product,1536,80,,1536,AD,22,E305_2-(2-(2-Methoxyethoxy)ethoxy)acetic acid,COCCOCCOCC(=O)O,0.2,N2_hydroxydehydroabietylamine,CC(C)C(C(O)=C1)=CC2=C1[C@]3(C)C(CC2)[C@](C)(CN)CCC3,0.1,,COCCOCCOCCNC[C@]1(C)CCC[C@]2(C)c3cc(O)c(C(C)C)cc3CCC12,"C1_PLATINUM-1,3-DIVINYL-1,1,3,3-TETRAMETHYLDISILOXANE COMPLEX, IN XYLENES",C=C[Si](C)(C)O[Si](C)(C)C=C.[Pt],0.15,L1_Davephos,CN(C)c1ccccc1-c1ccccc1P(C1CCCCC1)C1CCCCC1,0.005,None,None,None,None,None,None,None,None,None,O1_phenylsilane,C1=CC=C(C=C1)[Si]ÔøΩÔøΩ,0.6,None,None,None,None,None,None,none,100,none,0,UPLCMS,AD22,5331.1515,388554.1316,,,,,0,,,0,3.9,100,-66.5,-0.67,0
yk-1536-4-make-product,1536,80,,1536,AD,23,E350_Blank30,O=CO,0.2,N2_hydroxydehydroabietylamine,CC(C)C(C(O)=C1)=CC2=C1[C@]3(C)C(CC2)[C@](C)(CN)CCC3,0.1,MainProduct[207],CC(C)C(C(O)=C1)=CC2=C1[C@]3(C)C(CC2)[C@](C)(CN)CCC3,"C1_PLATINUM-1,3-DIVINYL-1,1,3,3-TETRAMETHYLDISILOXANE COMPLEX, IN XYLENES",C=C[Si](C)(C)O[Si](C)(C)C=C.[Pt],0.15,L1_Davephos,CN(C)c1ccccc1-c1ccccc1P(C1CCCCC1)C1CCCCC1,0.005,None,None,None,None,None,None,None,None,None,O1_phenylsilane,C1=CC=C(C=C1)[Si]ÔøΩÔøΩ,0.6,None,None,None,None,None,None,none,100,none,0,UPLCMS,AD23,0,196069.2929,,,,,198360.8547,,,0,2,100,0,0,0
yk-1536-4-make-product,1536,80,,1536,AD,24,E382_Blank62,O=CO,0.2,N2_hydroxydehydroabietylamine,CC(C)C(C(O)=C1)=CC2=C1[C@]3(C)C(CC2)[C@](C)(CN)CCC3,0.1,MainProduct[208],CC(C)C(C(O)=C1)=CC2=C1[C@]3(C)C(CC2)[C@](C)(CN)CCC3,"C1_PLATINUM-1,3-DIVINYL-1,1,3,3-TETRAMETHYLDISILOXANE COMPLEX, IN XYLENES",C=C[Si](C)(C)O[Si](C)(C)C=C.[Pt],0.15,L1_Davephos,CN(C)c1ccccc1-c1ccccc1P(C1CCCCC1)C1CCCCC1,0.005,None,None,None,None,None,None,None,None,None,O1_phenylsilane,C1=CC=C(C=C1)[Si]ÔøΩÔøΩ,0.6,None,None,None,None,None,None,none,100,none,0,UPLCMS,AD24,0,0,,,,,0,,,0,0,0,0,0,0
yk-1536-4-make-product,1536,80,,1536,AD,25,"E50_3-ACETYLBENZOIC ACID, 98%",CC(=O)C1=CC(=CC=C1)C(=O)O,0.2,N3_Scaffold 7,CC(C)C1=CC2=CCC3[C@](C)(CN)CCC[C@]3(C)C2CC1,0.1,,CC(=O)c1cccc(CNC[C@]2(C)CCC[C@]3(C)C4CCC(C(C)C)=CC4=CCC23)c1,"C1_PLATINUM-1,3-DIVINYL-1,1,3,3-TETRAMETHYLDISILOXANE COMPLEX, IN XYLENES",C=C[Si](C)(C)O[Si](C)(C)C=C.[Pt],0.15,L1_Davephos,CN(C)c1ccccc1-c1ccccc1P(C1CCCCC1)C1CCCCC1,0.005,None,None,None,None,None,None,None,None,None,O1_phenylsilane,C1=CC=C(C=C1)[Si]ÔøΩÔøΩ,0.6,None,None,None,None,None,None,none,100,none,0,UPLCMS,AD25,774050.735,3533485.678,465741.6076,924732.1123,0,0,0,33637.15188,0,9.2,35.3,79.3,-3.2,-0.04,0
yk-1536-4-make-product,1536,80,,1536,AD,26,"E93_4-BIPHENYLCARBOXYLIC ACID, 99%",C1=CC=C(C=C1)C2=CC=C(C=C2)C(=O)O,0.2,N3_Scaffold 7,CC(C)C1=CC2=CCC3[C@](C)(CN)CCC[C@]3(C)C2CC1,0.1,,CC(C)C1=CC2=CCC3[C@](C)(CNCc4ccc(-c5ccccc5)cc4)CCC[C@]3(C)C2CC1,"C1_PLATINUM-1,3-DIVINYL-1,1,3,3-TETRAMETHYLDISILOXANE COMPLEX, IN XYLENES",C=C[Si](C)(C)O[Si](C)(C)C=C.[Pt],0.15,L1_Davephos,CN(C)c1ccccc1-c1ccccc1P(C1CCCCC1)C1CCCCC1,0.005,None,None,None,None,None,None,None,None,None,O1_phenylsilane,C1=CC=C(C=C1)[Si]ÔøΩÔøΩ,0.6,None,None,None,None,None,None,none,100,none,0,UPLCMS,AD26,2088423.907,1919134.666,231979.682,646267.7486,0,0,0,0,0,6.5,19.2,74.7,22.9,0.31,0
yk-1536-4-make-product,1536,80,,1536,AD,27,E137_5-bromofuran-2-carboxylic acid,C1=C(OC(=C1)Br)C(=O)O,0.2,N3_Scaffold 7,CC(C)C1=CC2=CCC3[C@](C)(CN)CCC[C@]3(C)C2CC1,0.1,,CC(C)C1=CC2=CCC3[C@](C)(CNCc4ccc(Br)o4)CCC[C@]3(C)C2CC1,"C1_PLATINUM-1,3-DIVINYL-1,1,3,3-TETRAMETHYLDISILOXANE COMPLEX, IN XYLENES",C=C[Si](C)(C)O[Si](C)(C)C=C.[Pt],0.15,L1_Davephos,CN(C)c1ccccc1-c1ccccc1P(C1CCCCC1)C1CCCCC1,0.005,None,None,None,None,None,None,None,None,None,O1_phenylsilane,C1=CC=C(C=C1)[Si]ÔøΩÔøΩ,0.6,None,None,None,None,None,None,none,100,none,0,UPLCMS,AD27,2197545.103,3645048.507,157097.0004,1019441.572,0,0,0,0,0,10.2,36.5,78.1,6.1,0.08,0
yk-1536-4-make-product,1536,80,,1536,AD,28,E176_2-(2-fluorophenyl)acetic acid,C1=CC=C(C(=C1)CC(=O)O)F,0.2,N3_Scaffold 7,CC(C)C1=CC2=CCC3[C@](C)(CN)CCC[C@]3(C)C2CC1,0.1,,CC(C)C1=CC2=CCC3[C@](C)(CNCCc4ccccc4F)CCC[C@]3(C)C2CC1,"C1_PLATINUM-1,3-DIVINYL-1,1,3,3-TETRAMETHYLDISILOXANE COMPLEX, IN XYLENES",C=C[Si](C)(C)O[Si](C)(C)C=C.[Pt],0.15,L1_Davephos,CN(C)c1ccccc1-c1ccccc1P(C1CCCCC1)C1CCCCC1,0.005,None,None,None,None,None,None,None,None,None,O1_phenylsilane,C1=CC=C(C=C1)[Si]ÔøΩÔøΩ,0.6,None,None,None,None,None,None,none,100,none,0,UPLCMS,AD28,213736.0965,330414,1197205.521,1194617.902,0,0,10561.37415,36215.97608,0,11.9,3.3,21.7,8.9,0.41,0
yk-1536-4-make-product,1536,80,,1536,AD,29,E220_2-(6-methylpyridin-3-yl)acetic acid,CC1=NC=C(C=C1)CC(=O)O,0.2,N3_Scaffold 7,CC(C)C1=CC2=CCC3[C@](C)(CN)CCC[C@]3(C)C2CC1,0.1,,Cc1ccc(CCNC[C@]2(C)CCC[C@]3(C)C4CCC(C(C)C)=CC4=CCC23)cn1,"C1_PLATINUM-1,3-DIVINYL-1,1,3,3-TETRAMETHYLDISILOXANE COMPLEX, IN XYLENES",C=C[Si](C)(C)O[Si](C)(C)C=C.[Pt],0.15,L1_Davephos,CN(C)c1ccccc1-c1ccccc1P(C1CCCCC1)C1CCCCC1,0.005,None,None,None,None,None,None,None,None,None,O1_phenylsilane,C1=CC=C(C=C1)[Si]ÔøΩÔøΩ,0.6,None,None,None,None,None,None,none,100,none,0,UPLCMS,AD29,372867.89,370232.9626,92115.51257,555531.4851,0,0,0,300097.7906,0,5.6,3.7,39.8,-15.7,-0.39,0
yk-1536-4-make-product,1536,80,,1536,AD,30,E274_trans-Indole-3-acrylic acid,C1=CC=C2C(=C1)C(=CN2)C=CC(=O)O,0.2,N3_Scaffold 7,CC(C)C1=CC2=CCC3[C@](C)(CN)CCC[C@]3(C)C2CC1,0.1,,CC(C)C1=CC2=CCC3[C@](C)(CNCC=Cc4c[nH]c5ccccc45)CCC[C@]3(C)C2CC1,"C1_PLATINUM-1,3-DIVINYL-1,1,3,3-TETRAMETHYLDISILOXANE COMPLEX, IN XYLENES",C=C[Si](C)(C)O[Si](C)(C)C=C.[Pt],0.15,L1_Davephos,CN(C)c1ccccc1-c1ccccc1P(C1CCCCC1)C1CCCCC1,0.005,None,None,None,None,None,None,None,None,None,O1_phenylsilane,C1=CC=C(C=C1)[Si]ÔøΩÔøΩ,0.6,None,None,None,None,None,None,none,100,none,0,UPLCMS,AD30,604871.7026,1783131,1372675.702,1901641.706,0,0,141558.1362,0,0,19,17.8,48.4,81.8,1.69,20.3
yk-1536-4-make-product,1536,80,,1536,AD,31,E317_Indole-3-butyric acid,O=C(O)CCCc1c[nH]c2ccccc12,0.05,N3_Scaffold 7,CC(C)C1=CC2=CCC3[C@](C)(CN)CCC[C@]3(C)C2CC1,0.1,,CC(C)C1=CC2=CCC3[C@](C)(CNCCCCc4c[nH]c5ccccc45)CCC[C@]3(C)C2CC1,"C1_PLATINUM-1,3-DIVINYL-1,1,3,3-TETRAMETHYLDISILOXANE COMPLEX, IN XYLENES",C=C[Si](C)(C)O[Si](C)(C)C=C.[Pt],0.15,L1_Davephos,CN(C)c1ccccc1-c1ccccc1P(C1CCCCC1)C1CCCCC1,0.005,None,None,None,None,None,None,None,None,None,O1_phenylsilane,C1=CC=C(C=C1)[Si]ÔøΩÔøΩ,0.6,None,None,None,None,None,None,none,100,none,0,UPLCMS,AD31,2328229.524,2195041.321,182046.3698,466670.3206,0,0,0,0,0,4.7,22,82.4,0,0,0
yk-1536-4-make-product,1536,80,,1536,AD,32,"E86_4-MERCAPTOBENZOIC ACID, 90%",C1=CC(=CC=C1C(=O)O)S,0.2,N3_Scaffold 7,CC(C)C1=CC2=CCC3[C@](C)(CN)CCC[C@]3(C)C2CC1,0.1,,CC(C)C1=CC2=CCC3[C@](C)(CNCc4ccc(S)cc4)CCC[C@]3(C)C2CC1,"C1_PLATINUM-1,3-DIVINYL-1,1,3,3-TETRAMETHYLDISILOXANE COMPLEX, IN XYLENES",C=C[Si](C)(C)O[Si](C)(C)C=C.[Pt],0.15,L1_Davephos,CN(C)c1ccccc1-c1ccccc1P(C1CCCCC1)C1CCCCC1,0.005,None,None,None,None,None,None,None,None,None,O1_phenylsilane,C1=CC=C(C=C1)[Si]ÔøΩÔøΩ,0.6,None,None,None,None,None,None,none,100,none,0,UPLCMS,AD32,131655.3016,314015,1429035.21,1459980.511,0,0,15111.63568,33795.90216,0,14.6,3.1,17.7,4.3,0.24,0
yk-1536-4-make-product,1536,80,,1536,AD,33,E218_6-methylpyridine-3-carboxylic acid,CC1=NC=C(C=C1)C(=O)O,0.2,N3_Scaffold 7,CC(C)C1=CC2=CCC3[C@](C)(CN)CCC[C@]3(C)C2CC1,0.1,,Cc1ccc(CNC[C@]2(C)CCC[C@]3(C)C4CCC(C(C)C)=CC4=CCC23)cn1,"C1_PLATINUM-1,3-DIVINYL-1,1,3,3-TETRAMETHYLDISILOXANE COMPLEX, IN XYLENES",C=C[Si](C)(C)O[Si](C)(C)C=C.[Pt],0.15,L1_Davephos,CN(C)c1ccccc1-c1ccccc1P(C1CCCCC1)C1CCCCC1,0.005,None,None,None,None,None,None,None,None,None,O1_phenylsilane,C1=CC=C(C=C1)[Si]ÔøΩÔøΩ,0.6,None,None,None,None,None,None,none,100,none,0,UPLCMS,AD33,0,0,860861.0742,854506.4264,0,0,0,0,0,8.5,0,0,3.2,0,0
yk-1536-4-make-product,1536,80,,1536,AD,34,E305_2-(2-(2-Methoxyethoxy)ethoxy)acetic acid,COCCOCCOCC(=O)O,0.2,N3_Scaffold 7,CC(C)C1=CC2=CCC3[C@](C)(CN)CCC[C@]3(C)C2CC1,0.1,,COCCOCCOCCNC[C@]1(C)CCC[C@]2(C)C3CCC(C(C)C)=CC3=CCC12,"C1_PLATINUM-1,3-DIVINYL-1,1,3,3-TETRAMETHYLDISILOXANE COMPLEX, IN XYLENES",C=C[Si](C)(C)O[Si](C)(C)C=C.[Pt],0.15,L1_Davephos,CN(C)c1ccccc1-c1ccccc1P(C1CCCCC1)C1CCCCC1,0.005,None,None,None,None,None,None,None,None,None,O1_phenylsilane,C1=CC=C(C=C1)[Si]ÔøΩÔøΩ,0.6,None,None,None,None,None,None,none,100,none,0,UPLCMS,AD34,206322.1053,1894924.586,41248.99382,397384.4066,0,0,0,0,0,4,18.9,82.6,-5.6,-0.07,0
yk-1536-4-make-product,1536,80,,1536,AD,35,E350_Blank30,O=CO,0.2,N3_Scaffold 7,CC(C)C1=CC2=CCC3[C@](C)(CN)CCC[C@]3(C)C2CC1,0.1,MainProduct[220],CC(C)C1=CC2=CCC3[C@](C)(CN)CCC[C@]3(C)C2CC1,"C1_PLATINUM-1,3-DIVINYL-1,1,3,3-TETRAMETHYLDISILOXANE COMPLEX, IN XYLENES",C=C[Si](C)(C)O[Si](C)(C)C=C.[Pt],0.15,L1_Davephos,CN(C)c1ccccc1-c1ccccc1P(C1CCCCC1)C1CCCCC1,0.005,None,None,None,None,None,None,None,None,None,O1_phenylsilane,C1=CC=C(C=C1)[Si]ÔøΩÔøΩ,0.6,None,None,None,None,None,None,none,100,none,0,UPLCMS,AD35,0,1071095.369,0,0,0,0,1035072.751,0,0,0,10.7,100,0,0,0
yk-1536-4-make-product,1536,80,,1536,AD,36,E382_Blank62,O=CO,0.2,N3_Scaffold 7,CC(C)C1=CC2=CCC3[C@](C)(CN)CCC[C@]3(C)C2CC1,0.1,MainProduct[221],CC(C)C1=CC2=CCC3[C@](C)(CN)CCC[C@]3(C)C2CC1,"C1_PLATINUM-1,3-DIVINYL-1,1,3,3-TETRAMETHYLDISILOXANE COMPLEX, IN XYLENES",C=C[Si](C)(C)O[Si](C)(C)C=C.[Pt],0.15,L1_Davephos,CN(C)c1ccccc1-c1ccccc1P(C1CCCCC1)C1CCCCC1,0.005,None,None,None,None,None,None,None,None,None,O1_phenylsilane,C1=CC=C(C=C1)[Si]ÔøΩÔøΩ,0.6,None,None,None,None,None,None,none,100,none,0,UPLCMS,AD36,0,0,0,0,0,0,0,0,0,0,0,0,0,0,0
yk-1536-4-make-product,1536,80,,1536,AD,37,"E50_3-ACETYLBENZOIC ACID, 98%",CC(=O)C1=CC(=CC=C1)C(=O)O,0.2,N4_Scaffold 6,CCNC[C@@]1(C)C2[C@](C)(CCC1)c3c(CC2)cc(C(C)C)c(c3)N,0.1,,CCNC[C@]1(C)CCC[C@]2(C)c3cc(NCc4cccc(C(C)=O)c4)c(C(C)C)cc3CCC12,"C1_PLATINUM-1,3-DIVINYL-1,1,3,3-TETRAMETHYLDISILOXANE COMPLEX, IN XYLENES",C=C[Si](C)(C)O[Si](C)(C)C=C.[Pt],0.15,L1_Davephos,CN(C)c1ccccc1-c1ccccc1P(C1CCCCC1)C1CCCCC1,0.005,None,None,None,None,None,None,None,None,None,O1_phenylsilane,C1=CC=C(C=C1)[Si]ÔøΩÔøΩ,0.6,None,None,None,None,None,None,none,100,none,0,UPLCMS,AD37,120465.4539,0,0,0,1571034.389,1264950.846,97126.0418,0,0,12.6,0,0,-15.3,0,0
yk-1536-4-make-product,1536,80,,1536,AD,38,"E93_4-BIPHENYLCARBOXYLIC ACID, 99%",C1=CC=C(C=C1)C2=CC=C(C=C2)C(=O)O,0.2,N4_Scaffold 6,CCNC[C@@]1(C)C2[C@](C)(CCC1)c3c(CC2)cc(C(C)C)c(c3)N,0.1,,CCNC[C@]1(C)CCC[C@]2(C)c3cc(NCc4ccc(-c5ccccc5)cc4)c(C(C)C)cc3CCC12,"C1_PLATINUM-1,3-DIVINYL-1,1,3,3-TETRAMETHYLDISILOXANE COMPLEX, IN XYLENES",C=C[Si](C)(C)O[Si](C)(C)C=C.[Pt],0.15,L1_Davephos,CN(C)c1ccccc1-c1ccccc1P(C1CCCCC1)C1CCCCC1,0.005,None,None,None,None,None,None,None,None,None,O1_phenylsilane,C1=CC=C(C=C1)[Si]ÔøΩÔøΩ,0.6,None,None,None,None,None,None,none,100,none,0,UPLCMS,AD38,314072.0928,483856.7084,0,0,2364535.916,1996596.749,342484.2645,0,0,20,4.8,19.5,1.4,0.07,0
yk-1536-4-make-product,1536,80,,1536,AD,39,E137_5-bromofuran-2-carboxylic acid,C1=C(OC(=C1)Br)C(=O)O,0.2,N4_Scaffold 6,CCNC[C@@]1(C)C2[C@](C)(CCC1)c3c(CC2)cc(C(C)C)c(c3)N,0.1,,CCNC[C@]1(C)CCC[C@]2(C)c3cc(NCc4ccc(Br)o4)c(C(C)C)cc3CCC12,"C1_PLATINUM-1,3-DIVINYL-1,1,3,3-TETRAMETHYLDISILOXANE COMPLEX, IN XYLENES",C=C[Si](C)(C)O[Si](C)(C)C=C.[Pt],0.15,L1_Davephos,CN(C)c1ccccc1-c1ccccc1P(C1CCCCC1)C1CCCCC1,0.005,None,None,None,None,None,None,None,None,None,O1_phenylsilane,C1=CC=C(C=C1)[Si]ÔøΩÔøΩ,0.6,None,None,None,None,None,None,none,100,none,0,UPLCMS,AD39,396484.6508,1217739.037,0,0,2182295.376,1905904.72,513963.5232,0,0,19.1,12.2,38.9,-24.9,-0.64,0
yk-1536-4-make-product,1536,80,,1536,AD,40,E176_2-(2-fluorophenyl)acetic acid,C1=CC=C(C(=C1)CC(=O)O)F,0.2,N4_Scaffold 6,CCNC[C@@]1(C)C2[C@](C)(CCC1)c3c(CC2)cc(C(C)C)c(c3)N,0.1,,CCNC[C@]1(C)CCC[C@]2(C)c3cc(NCCc4ccccc4F)c(C(C)C)cc3CCC12,"C1_PLATINUM-1,3-DIVINYL-1,1,3,3-TETRAMETHYLDISILOXANE COMPLEX, IN XYLENES",C=C[Si](C)(C)O[Si](C)(C)C=C.[Pt],0.15,L1_Davephos,CN(C)c1ccccc1-c1ccccc1P(C1CCCCC1)C1CCCCC1,0.005,None,None,None,None,None,None,None,None,None,O1_phenylsilane,C1=CC=C(C=C1)[Si]ÔøΩÔøΩ,0.6,None,None,None,None,None,None,none,100,none,0,UPLCMS,AD40,0,0,0,0,950458.2799,1009101.239,0,0,0,10.1,0,0,-29,0,0
yk-1536-4-make-product,1536,80,,1536,AD,41,E220_2-(6-methylpyridin-3-yl)acetic acid,CC1=NC=C(C=C1)CC(=O)O,0.2,N4_Scaffold 6,CCNC[C@@]1(C)C2[C@](C)(CCC1)c3c(CC2)cc(C(C)C)c(c3)N,0.1,,CCNC[C@]1(C)CCC[C@]2(C)c3cc(NCCc4ccc(C)nc4)c(C(C)C)cc3CCC12,"C1_PLATINUM-1,3-DIVINYL-1,1,3,3-TETRAMETHYLDISILOXANE COMPLEX, IN XYLENES",C=C[Si](C)(C)O[Si](C)(C)C=C.[Pt],0.15,L1_Davephos,CN(C)c1ccccc1-c1ccccc1P(C1CCCCC1)C1CCCCC1,0.005,None,None,None,None,None,None,None,None,None,O1_phenylsilane,C1=CC=C(C=C1)[Si]ÔøΩÔøΩ,0.6,None,None,None,None,None,None,none,100,none,0,UPLCMS,AD41,61098.37401,0,0,0,1540027.118,1507914.581,0,0,0,15.1,0,0,-32.9,0,0
yk-1536-4-make-product,1536,80,,1536,AD,42,E274_trans-Indole-3-acrylic acid,C1=CC=C2C(=C1)C(=CN2)C=CC(=O)O,0.2,N4_Scaffold 6,CCNC[C@@]1(C)C2[C@](C)(CCC1)c3c(CC2)cc(C(C)C)c(c3)N,0.1,,CCNC[C@]1(C)CCC[C@]2(C)c3cc(NCC=Cc4c[nH]c5ccccc45)c(C(C)C)cc3CCC12,"C1_PLATINUM-1,3-DIVINYL-1,1,3,3-TETRAMETHYLDISILOXANE COMPLEX, IN XYLENES",C=C[Si](C)(C)O[Si](C)(C)C=C.[Pt],0.15,L1_Davephos,CN(C)c1ccccc1-c1ccccc1P(C1CCCCC1)C1CCCCC1,0.005,None,None,None,None,None,None,None,None,None,O1_phenylsilane,C1=CC=C(C=C1)[Si]ÔøΩÔøΩ,0.6,None,None,None,None,None,None,none,100,none,0,UPLCMS,AD42,175454.3662,582790.804,0,0,2328426.798,2076081.033,345027.6678,0,0,20.8,5.8,21.9,75.7,3.46,0.35
yk-1536-4-make-product,1536,80,,1536,AD,43,E317_Indole-3-butyric acid,O=C(O)CCCc1c[nH]c2ccccc12,0.05,N4_Scaffold 6,CCNC[C@@]1(C)C2[C@](C)(CCC1)c3c(CC2)cc(C(C)C)c(c3)N,0.1,,CCNC[C@]1(C)CCC[C@]2(C)c3cc(NCCCCc4c[nH]c5ccccc45)c(C(C)C)cc3CCC12,"C1_PLATINUM-1,3-DIVINYL-1,1,3,3-TETRAMETHYLDISILOXANE COMPLEX, IN XYLENES",C=C[Si](C)(C)O[Si](C)(C)C=C.[Pt],0.15,L1_Davephos,CN(C)c1ccccc1-c1ccccc1P(C1CCCCC1)C1CCCCC1,0.005,None,None,None,None,None,None,None,None,None,O1_phenylsilane,C1=CC=C(C=C1)[Si]ÔøΩÔøΩ,0.6,None,None,None,None,None,None,none,100,none,0,UPLCMS,AD43,2199199.652,3710864.176,0,0,623134.5905,451589.9792,0,0,0,4.5,37.1,89.2,-12.9,-0.14,0
yk-1536-4-make-product,1536,80,,1536,AD,44,"E86_4-MERCAPTOBENZOIC ACID, 90%",C1=CC(=CC=C1C(=O)O)S,0.2,N4_Scaffold 6,CCNC[C@@]1(C)C2[C@](C)(CCC1)c3c(CC2)cc(C(C)C)c(c3)N,0.1,,CCNC[C@]1(C)CCC[C@]2(C)c3cc(NCc4ccc(S)cc4)c(C(C)C)cc3CCC12,"C1_PLATINUM-1,3-DIVINYL-1,1,3,3-TETRAMETHYLDISILOXANE COMPLEX, IN XYLENES",C=C[Si](C)(C)O[Si](C)(C)C=C.[Pt],0.15,L1_Davephos,CN(C)c1ccccc1-c1ccccc1P(C1CCCCC1)C1CCCCC1,0.005,None,None,None,None,None,None,None,None,None,O1_phenylsilane,C1=CC=C(C=C1)[Si]ÔøΩÔøΩ,0.6,None,None,None,None,None,None,none,100,none,0,UPLCMS,AD44,0,0,0,0,1194581.25,1139535.575,0,0,0,11.4,0,0,-10.2,0,0
yk-1536-4-make-product,1536,80,,1536,AD,45,E218_6-methylpyridine-3-carboxylic acid,CC1=NC=C(C=C1)C(=O)O,0.2,N4_Scaffold 6,CCNC[C@@]1(C)C2[C@](C)(CCC1)c3c(CC2)cc(C(C)C)c(c3)N,0.1,,CCNC[C@]1(C)CCC[C@]2(C)c3cc(NCc4ccc(C)nc4)c(C(C)C)cc3CCC12,"C1_PLATINUM-1,3-DIVINYL-1,1,3,3-TETRAMETHYLDISILOXANE COMPLEX, IN XYLENES",C=C[Si](C)(C)O[Si](C)(C)C=C.[Pt],0.15,L1_Davephos,CN(C)c1ccccc1-c1ccccc1P(C1CCCCC1)C1CCCCC1,0.005,None,None,None,None,None,None,None,None,None,O1_phenylsilane,C1=CC=C(C=C1)[Si]ÔøΩÔøΩ,0.6,None,None,None,None,None,None,none,100,none,0,UPLCMS,AD45,3215.67346,110550.7782,0,0,1345046.182,1456653.31,8092.49889,0,0,14.6,1.1,7,-20.2,-2.88,0
yk-1536-4-make-product,1536,80,,1536,AD,46,E305_2-(2-(2-Methoxyethoxy)ethoxy)acetic acid,COCCOCCOCC(=O)O,0.2,N4_Scaffold 6,CCNC[C@@]1(C)C2[C@](C)(CCC1)c3c(CC2)cc(C(C)C)c(c3)N,0.1,,CCNC[C@]1(C)CCC[C@]2(C)c3cc(NCCOCCOCCOC)c(C(C)C)cc3CCC12,"C1_PLATINUM-1,3-DIVINYL-1,1,3,3-TETRAMETHYLDISILOXANE COMPLEX, IN XYLENES",C=C[Si](C)(C)O[Si](C)(C)C=C.[Pt],0.15,L1_Davephos,CN(C)c1ccccc1-c1ccccc1P(C1CCCCC1)C1CCCCC1,0.005,None,None,None,None,None,None,None,None,None,O1_phenylsilane,C1=CC=C(C=C1)[Si]ÔøΩÔøΩ,0.6,None,None,None,None,None,None,none,100,none,0,UPLCMS,AD46,346104.1262,1615500,0,0,373619.4167,149007.495,0,0,0,1.5,16.2,91.5,-17.2,-0.19,0
yk-1536-4-make-product,1536,80,,1536,AD,47,E350_Blank30,O=CO,0.2,N4_Scaffold 6,CCNC[C@@]1(C)C2[C@](C)(CCC1)c3c(CC2)cc(C(C)C)c(c3)N,0.1,MainProduct[233],CCNC[C@@]1(C)C2[C@](C)(CCC1)c3c(CC2)cc(C(C)C)c(c3)N,"C1_PLATINUM-1,3-DIVINYL-1,1,3,3-TETRAMETHYLDISILOXANE COMPLEX, IN XYLENES",C=C[Si](C)(C)O[Si](C)(C)C=C.[Pt],0.15,L1_Davephos,CN(C)c1ccccc1-c1ccccc1P(C1CCCCC1)C1CCCCC1,0.005,None,None,None,None,None,None,None,None,None,O1_phenylsilane,C1=CC=C(C=C1)[Si]ÔøΩÔøΩ,0.6,None,None,None,None,None,None,none,100,none,0,UPLCMS,AD47,0,951425.0673,0,0,0,0,1020127.678,0,0,0,9.5,100,0,0,0
yk-1536-4-make-product,1536,80,,1536,AD,48,E382_Blank62,O=CO,0.2,N4_Scaffold 6,CCNC[C@@]1(C)C2[C@](C)(CCC1)c3c(CC2)cc(C(C)C)c(c3)N,0.1,MainProduct[234],CCNC[C@@]1(C)C2[C@](C)(CCC1)c3c(CC2)cc(C(C)C)c(c3)N,"C1_PLATINUM-1,3-DIVINYL-1,1,3,3-TETRAMETHYLDISILOXANE COMPLEX, IN XYLENES",C=C[Si](C)(C)O[Si](C)(C)C=C.[Pt],0.15,L1_Davephos,CN(C)c1ccccc1-c1ccccc1P(C1CCCCC1)C1CCCCC1,0.005,None,None,None,None,None,None,None,None,None,O1_phenylsilane,C1=CC=C(C=C1)[Si]ÔøΩÔøΩ,0.6,None,None,None,None,None,None,none,100,none,0,UPLCMS,AD48,0,0,0,0,0,0,0,0,0,0,0,0,0,0,0
yk-1536-4-make-product,1536,80,,1536,AE,1,"E51_1,4-BENZODIOXANE-6-CARBOXYLIC ACID, 95%",C1COC2=C(O1)C=CC(=C2)C(=O)O,0.2,N1_(+)-Dehydroabietylamine,CC(C)c1ccc2c(c1)CC[C@H]1[C@](C)(CN)CCC[C@]21C,0.1,,CC(C)c1ccc2c(c1)CC[C@H]1[C@](C)(CNCc3ccc4c(c3)OCCO4)CCC[C@]21C,"C1_PLATINUM-1,3-DIVINYL-1,1,3,3-TETRAMETHYLDISILOXANE COMPLEX, IN XYLENES",C=C[Si](C)(C)O[Si](C)(C)C=C.[Pt],0.15,L1_Davephos,CN(C)c1ccccc1-c1ccccc1P(C1CCCCC1)C1CCCCC1,0.005,None,None,None,None,None,None,None,None,None,O1_phenylsilane,C1=CC=C(C=C1)[Si]ÔøΩÔøΩ,0.6,None,None,None,None,None,None,none,100,none,0,UPLCMS,AE1,2520798.079,4004743.092,,,,,2555817.069,,,75.85,40,34.6,96.4,2.79,6.13
yk-1536-4-make-product,1536,80,,1536,AE,2,"E94_2-BROMOISONICOTINIC ACID, 98%",C1=CN=C(C=C1C(=O)O)Br,0.2,N1_(+)-Dehydroabietylamine,CC(C)c1ccc2c(c1)CC[C@H]1[C@](C)(CN)CCC[C@]21C,0.1,,CC(C)c1ccc2c(c1)CC[C@H]1[C@](C)(CNCc3ccnc(Br)c3)CCC[C@]21C,"C1_PLATINUM-1,3-DIVINYL-1,1,3,3-TETRAMETHYLDISILOXANE COMPLEX, IN XYLENES",C=C[Si](C)(C)O[Si](C)(C)C=C.[Pt],0.15,L1_Davephos,CN(C)c1ccccc1-c1ccccc1P(C1CCCCC1)C1CCCCC1,0.005,None,None,None,None,None,None,None,None,None,O1_phenylsilane,C1=CC=C(C=C1)[Si]ÔøΩÔøΩ,0.6,None,None,None,None,None,None,none,100,none,0,UPLCMS,AE2,1280645.699,3036017.454,,,,,0,,,42.65,30.4,41.6,84.2,2.02,-0.12
yk-1536-4-make-product,1536,80,,1536,AE,3,"E139_(1S,2R)-2-benzamidocyclohexane-1-carboxylic acid",C1CCC(C(C1)C(=O)O)NC(=O)C2=CC=CC=C2,0.2,N1_(+)-Dehydroabietylamine,CC(C)c1ccc2c(c1)CC[C@H]1[C@](C)(CN)CCC[C@]21C,0.1,,CC(C)c1ccc2c(c1)CC[C@H]1[C@](C)(CNCC3CCCCC3NC(=O)c3ccccc3)CCC[C@]21C,"C1_PLATINUM-1,3-DIVINYL-1,1,3,3-TETRAMETHYLDISILOXANE COMPLEX, IN XYLENES",C=C[Si](C)(C)O[Si](C)(C)C=C.[Pt],0.15,L1_Davephos,CN(C)c1ccccc1-c1ccccc1P(C1CCCCC1)C1CCCCC1,0.005,None,None,None,None,None,None,None,None,None,O1_phenylsilane,C1=CC=C(C=C1)[Si]ÔøΩÔøΩ,0.6,None,None,None,None,None,None,none,100,none,0,UPLCMS,AE3,4281178.727,1359401.971,,,,,0,,,47.91,13.6,22.1,75,3.39,1.23
yk-1536-4-make-product,1536,80,,1536,AE,4,E177_3-(3-fluorophenyl)propanoic acid,C1=CC(=CC(=C1)F)CCC(=O)O,0.2,N1_(+)-Dehydroabietylamine,CC(C)c1ccc2c(c1)CC[C@H]1[C@](C)(CN)CCC[C@]21C,0.1,,CC(C)c1ccc2c(c1)CC[C@H]1[C@](C)(CNCCCc3cccc(F)c3)CCC[C@]21C,"C1_PLATINUM-1,3-DIVINYL-1,1,3,3-TETRAMETHYLDISILOXANE COMPLEX, IN XYLENES",C=C[Si](C)(C)O[Si](C)(C)C=C.[Pt],0.15,L1_Davephos,CN(C)c1ccccc1-c1ccccc1P(C1CCCCC1)C1CCCCC1,0.005,None,None,None,None,None,None,None,None,None,O1_phenylsilane,C1=CC=C(C=C1)[Si]ÔøΩÔøΩ,0.6,None,None,None,None,None,None,none,100,none,0,UPLCMS,AE4,2327.40881,0,,,,,0,,,18.6,0,0,-39.1,0,0
yk-1536-4-make-product,1536,80,,1536,AE,5,"E221_2-(1,3-benzodioxol-5-yl)acetic acid",C1OC2=C(O1)C=C(C=C2)CC(=O)O,0.2,N1_(+)-Dehydroabietylamine,CC(C)c1ccc2c(c1)CC[C@H]1[C@](C)(CN)CCC[C@]21C,0.1,,CC(C)c1ccc2c(c1)CC[C@H]1[C@](C)(CNCCc3ccc4c(c3)OCO4)CCC[C@]21C,"C1_PLATINUM-1,3-DIVINYL-1,1,3,3-TETRAMETHYLDISILOXANE COMPLEX, IN XYLENES",C=C[Si](C)(C)O[Si](C)(C)C=C.[Pt],0.15,L1_Davephos,CN(C)c1ccccc1-c1ccccc1P(C1CCCCC1)C1CCCCC1,0.005,None,None,None,None,None,None,None,None,None,O1_phenylsilane,C1=CC=C(C=C1)[Si]ÔøΩÔøΩ,0.6,None,None,None,None,None,None,none,100,none,0,UPLCMS,AE5,5694313.39,3596983.722,,,,,16771.99108,,,3.52,36,91.1,-29.6,-0.32,0
yk-1536-4-make-product,1536,80,,1536,AE,6,E275_3-(Trifluoromethyl)benzoic acid,C1=CC(=CC(=C1)C(F)(F)F)C(=O)O,0.2,N1_(+)-Dehydroabietylamine,CC(C)c1ccc2c(c1)CC[C@H]1[C@](C)(CN)CCC[C@]21C,0.1,,CC(C)c1ccc2c(c1)CC[C@H]1[C@](C)(CNCc3cccc(C(F)(F)F)c3)CCC[C@]21C,"C1_PLATINUM-1,3-DIVINYL-1,1,3,3-TETRAMETHYLDISILOXANE COMPLEX, IN XYLENES",C=C[Si](C)(C)O[Si](C)(C)C=C.[Pt],0.15,L1_Davephos,CN(C)c1ccccc1-c1ccccc1P(C1CCCCC1)C1CCCCC1,0.005,None,None,None,None,None,None,None,None,None,O1_phenylsilane,C1=CC=C(C=C1)[Si]ÔøΩÔøΩ,0.6,None,None,None,None,None,None,none,100,none,0,UPLCMS,AE6,8828.20881,0,,,,,0,,,28.63,0,0,-21.6,0,0
yk-1536-4-make-product,1536,80,,1536,AE,7,"E318_6-Methyl-2-(4-methylphenyl)imidazol[1,2-a]pyridine-3-acetic acid",Cc1ccc(-c2nc3ccc(C)cn3c2CC(=O)O)cc1,0.05,N1_(+)-Dehydroabietylamine,CC(C)c1ccc2c(c1)CC[C@H]1[C@](C)(CN)CCC[C@]21C,0.1,,Cc1ccc(-c2nc3ccc(C)cn3c2CCNC[C@]2(C)CCC[C@]3(C)c4ccc(C(C)C)cc4CC[C@@H]23)cc1,"C1_PLATINUM-1,3-DIVINYL-1,1,3,3-TETRAMETHYLDISILOXANE COMPLEX, IN XYLENES",C=C[Si](C)(C)O[Si](C)(C)C=C.[Pt],0.15,L1_Davephos,CN(C)c1ccccc1-c1ccccc1P(C1CCCCC1)C1CCCCC1,0.005,None,None,None,None,None,None,None,None,None,O1_phenylsilane,C1=CC=C(C=C1)[Si]ÔøΩÔøΩ,0.6,None,None,None,None,None,None,none,100,none,0,UPLCMS,AE7,2067025.372,863679.5563,,,,,0,,,40.87,8.6,17.4,80.8,4.64,-3.66
yk-1536-4-make-product,1536,80,,1536,AE,8,"E87_2-MERCAPTOPROPIONIC ACID, 95%",CC(C(=O)O)S,0.2,N1_(+)-Dehydroabietylamine,CC(C)c1ccc2c(c1)CC[C@H]1[C@](C)(CN)CCC[C@]21C,0.1,,CC(S)CNC[C@]1(C)CCC[C@]2(C)c3ccc(C(C)C)cc3CC[C@@H]12,"C1_PLATINUM-1,3-DIVINYL-1,1,3,3-TETRAMETHYLDISILOXANE COMPLEX, IN XYLENES",C=C[Si](C)(C)O[Si](C)(C)C=C.[Pt],0.15,L1_Davephos,CN(C)c1ccccc1-c1ccccc1P(C1CCCCC1)C1CCCCC1,0.005,None,None,None,None,None,None,None,None,None,O1_phenylsilane,C1=CC=C(C=C1)[Si]ÔøΩÔøΩ,0.6,None,None,None,None,None,None,none,100,none,0,UPLCMS,AE8,0,0,,,,,0,,,53.54,0,0,80.4,0,7.08
yk-1536-4-make-product,1536,80,,1536,AE,9,E224_1-methylpyrrole-2-carboxylic acid,CN1C=CC=C1C(=O)O,0.2,N1_(+)-Dehydroabietylamine,CC(C)c1ccc2c(c1)CC[C@H]1[C@](C)(CN)CCC[C@]21C,0.1,,CC(C)c1ccc2c(c1)CC[C@H]1[C@](C)(CNCc3cccn3C)CCC[C@]21C,"C1_PLATINUM-1,3-DIVINYL-1,1,3,3-TETRAMETHYLDISILOXANE COMPLEX, IN XYLENES",C=C[Si](C)(C)O[Si](C)(C)C=C.[Pt],0.15,L1_Davephos,CN(C)c1ccccc1-c1ccccc1P(C1CCCCC1)C1CCCCC1,0.005,None,None,None,None,None,None,None,None,None,O1_phenylsilane,C1=CC=C(C=C1)[Si]ÔøΩÔøΩ,0.6,None,None,None,None,None,None,none,100,none,0,UPLCMS,AE9,45741,189946.01,,,,,0,,,27,1.9,6.6,14.5,2.2,0
yk-1536-4-make-product,1536,80,,1536,AE,10,E308_1-Methyl-1-cyclohexanecarboxylic acid,CC1(CCCCC1)C(=O)O,0.2,N1_(+)-Dehydroabietylamine,CC(C)c1ccc2c(c1)CC[C@H]1[C@](C)(CN)CCC[C@]21C,0.1,,CC(C)c1ccc2c(c1)CC[C@H]1[C@](C)(CNCC3(C)CCCCC3)CCC[C@]21C,"C1_PLATINUM-1,3-DIVINYL-1,1,3,3-TETRAMETHYLDISILOXANE COMPLEX, IN XYLENES",C=C[Si](C)(C)O[Si](C)(C)C=C.[Pt],0.15,L1_Davephos,CN(C)c1ccccc1-c1ccccc1P(C1CCCCC1)C1CCCCC1,0.005,None,None,None,None,None,None,None,None,None,O1_phenylsilane,C1=CC=C(C=C1)[Si]ÔøΩÔøΩ,0.6,None,None,None,None,None,None,none,100,none,0,UPLCMS,AE10,226429.2369,102696.3934,,,,,0,,,19.04,1,5.1,-12.9,-2.53,0
yk-1536-4-make-product,1536,80,,1536,AE,11,E351_Blank31,O=CO,0.2,N1_(+)-Dehydroabietylamine,CC(C)c1ccc2c(c1)CC[C@H]1[C@](C)(CN)CCC[C@]21C,0.1,MainProduct[242],CC(C)c1ccc2c(c1)CC[C@H]1[C@](C)(CN)CCC[C@]21C,"C1_PLATINUM-1,3-DIVINYL-1,1,3,3-TETRAMETHYLDISILOXANE COMPLEX, IN XYLENES",C=C[Si](C)(C)O[Si](C)(C)C=C.[Pt],0.15,L1_Davephos,CN(C)c1ccccc1-c1ccccc1P(C1CCCCC1)C1CCCCC1,0.005,None,None,None,None,None,None,None,None,None,O1_phenylsilane,C1=CC=C(C=C1)[Si]ÔøΩÔøΩ,0.6,None,None,None,None,None,None,none,100,none,0,UPLCMS,AE11,0,4091407.02,,,,,4053546.586,,,0,40.9,100,0,0,0
yk-1536-4-make-product,1536,80,,1536,AE,12,E383_Blank63,O=CO,0.2,N1_(+)-Dehydroabietylamine,CC(C)c1ccc2c(c1)CC[C@H]1[C@](C)(CN)CCC[C@]21C,0.1,MainProduct[243],CC(C)c1ccc2c(c1)CC[C@H]1[C@](C)(CN)CCC[C@]21C,"C1_PLATINUM-1,3-DIVINYL-1,1,3,3-TETRAMETHYLDISILOXANE COMPLEX, IN XYLENES",C=C[Si](C)(C)O[Si](C)(C)C=C.[Pt],0.15,L1_Davephos,CN(C)c1ccccc1-c1ccccc1P(C1CCCCC1)C1CCCCC1,0.005,None,None,None,None,None,None,None,None,None,O1_phenylsilane,C1=CC=C(C=C1)[Si]ÔøΩÔøΩ,0.6,None,None,None,None,None,None,none,100,none,0,UPLCMS,AE12,0,0,,,,,0,,,0,0,0,0,0,0
yk-1536-4-make-product,1536,80,,1536,AE,13,"E51_1,4-BENZODIOXANE-6-CARBOXYLIC ACID, 95%",C1COC2=C(O1)C=CC(=C2)C(=O)O,0.2,N2_hydroxydehydroabietylamine,CC(C)C(C(O)=C1)=CC2=C1[C@]3(C)C(CC2)[C@](C)(CN)CCC3,0.1,,CC(C)c1cc2c(cc1O)[C@@]1(C)CCC[C@@](C)(CNCc3ccc4c(c3)OCCO4)C1CC2,"C1_PLATINUM-1,3-DIVINYL-1,1,3,3-TETRAMETHYLDISILOXANE COMPLEX, IN XYLENES",C=C[Si](C)(C)O[Si](C)(C)C=C.[Pt],0.15,L1_Davephos,CN(C)c1ccccc1-c1ccccc1P(C1CCCCC1)C1CCCCC1,0.005,None,None,None,None,None,None,None,None,None,O1_phenylsilane,C1=CC=C(C=C1)[Si]ÔøΩÔøΩ,0.6,None,None,None,None,None,None,none,100,none,0,UPLCMS,AE13,1476788.246,1743412.3,,,,,0,,,0,17.4,100,-31.2,-0.31,0
yk-1536-4-make-product,1536,80,,1536,AE,14,"E94_2-BROMOISONICOTINIC ACID, 98%",C1=CN=C(C=C1C(=O)O)Br,0.2,N2_hydroxydehydroabietylamine,CC(C)C(C(O)=C1)=CC2=C1[C@]3(C)C(CC2)[C@](C)(CN)CCC3,0.1,,CC(C)c1cc2c(cc1O)[C@@]1(C)CCC[C@@](C)(CNCc3ccnc(Br)c3)C1CC2,"C1_PLATINUM-1,3-DIVINYL-1,1,3,3-TETRAMETHYLDISILOXANE COMPLEX, IN XYLENES",C=C[Si](C)(C)O[Si](C)(C)C=C.[Pt],0.15,L1_Davephos,CN(C)c1ccccc1-c1ccccc1P(C1CCCCC1)C1CCCCC1,0.005,None,None,None,None,None,None,None,None,None,O1_phenylsilane,C1=CC=C(C=C1)[Si]ÔøΩÔøΩ,0.6,None,None,None,None,None,None,none,100,none,0,UPLCMS,AE14,463246.9323,423457,,,,,0,,,2.17,4.2,66.1,-37.4,-0.57,0
yk-1536-4-make-product,1536,80,,1536,AE,15,"E139_(1S,2R)-2-benzamidocyclohexane-1-carboxylic acid",C1CCC(C(C1)C(=O)O)NC(=O)C2=CC=CC=C2,0.2,N2_hydroxydehydroabietylamine,CC(C)C(C(O)=C1)=CC2=C1[C@]3(C)C(CC2)[C@](C)(CN)CCC3,0.1,,CC(C)c1cc2c(cc1O)[C@@]1(C)CCC[C@@](C)(CNCC3CCCCC3NC(=O)c3ccccc3)C1CC2,"C1_PLATINUM-1,3-DIVINYL-1,1,3,3-TETRAMETHYLDISILOXANE COMPLEX, IN XYLENES",C=C[Si](C)(C)O[Si](C)(C)C=C.[Pt],0.15,L1_Davephos,CN(C)c1ccccc1-c1ccccc1P(C1CCCCC1)C1CCCCC1,0.005,None,None,None,None,None,None,None,None,None,O1_phenylsilane,C1=CC=C(C=C1)[Si]ÔøΩÔøΩ,0.6,None,None,None,None,None,None,none,100,none,0,UPLCMS,AE15,1872424.414,972983.8305,,,,,0,,,22.34,9.7,30.3,-17.6,-0.58,0
yk-1536-4-make-product,1536,80,,1536,AE,16,E177_3-(3-fluorophenyl)propanoic acid,C1=CC(=CC(=C1)F)CCC(=O)O,0.2,N2_hydroxydehydroabietylamine,CC(C)C(C(O)=C1)=CC2=C1[C@]3(C)C(CC2)[C@](C)(CN)CCC3,0.1,,CC(C)c1cc2c(cc1O)[C@@]1(C)CCC[C@@](C)(CNCCCc3cccc(F)c3)C1CC2,"C1_PLATINUM-1,3-DIVINYL-1,1,3,3-TETRAMETHYLDISILOXANE COMPLEX, IN XYLENES",C=C[Si](C)(C)O[Si](C)(C)C=C.[Pt],0.15,L1_Davephos,CN(C)c1ccccc1-c1ccccc1P(C1CCCCC1)C1CCCCC1,0.005,None,None,None,None,None,None,None,None,None,O1_phenylsilane,C1=CC=C(C=C1)[Si]ÔøΩÔøΩ,0.6,None,None,None,None,None,None,none,100,none,0,UPLCMS,AE16,0,0,,,,,0,,,0.53,0,0,-23.9,0,0
yk-1536-4-make-product,1536,80,,1536,AE,17,"E221_2-(1,3-benzodioxol-5-yl)acetic acid",C1OC2=C(O1)C=C(C=C2)CC(=O)O,0.2,N2_hydroxydehydroabietylamine,CC(C)C(C(O)=C1)=CC2=C1[C@]3(C)C(CC2)[C@](C)(CN)CCC3,0.1,,CC(C)c1cc2c(cc1O)[C@@]1(C)CCC[C@@](C)(CNCCc3ccc4c(c3)OCO4)C1CC2,"C1_PLATINUM-1,3-DIVINYL-1,1,3,3-TETRAMETHYLDISILOXANE COMPLEX, IN XYLENES",C=C[Si](C)(C)O[Si](C)(C)C=C.[Pt],0.15,L1_Davephos,CN(C)c1ccccc1-c1ccccc1P(C1CCCCC1)C1CCCCC1,0.005,None,None,None,None,None,None,None,None,None,O1_phenylsilane,C1=CC=C(C=C1)[Si]ÔøΩÔøΩ,0.6,None,None,None,None,None,None,none,100,none,0,UPLCMS,AE17,37461.86377,189264.293,,,,,0,,,0,1.9,100,-9.6,-0.1,0
yk-1536-4-make-product,1536,80,,1536,AE,18,E275_3-(Trifluoromethyl)benzoic acid,C1=CC(=CC(=C1)C(F)(F)F)C(=O)O,0.2,N2_hydroxydehydroabietylamine,CC(C)C(C(O)=C1)=CC2=C1[C@]3(C)C(CC2)[C@](C)(CN)CCC3,0.1,,CC(C)c1cc2c(cc1O)[C@@]1(C)CCC[C@@](C)(CNCc3cccc(C(F)(F)F)c3)C1CC2,"C1_PLATINUM-1,3-DIVINYL-1,1,3,3-TETRAMETHYLDISILOXANE COMPLEX, IN XYLENES",C=C[Si](C)(C)O[Si](C)(C)C=C.[Pt],0.15,L1_Davephos,CN(C)c1ccccc1-c1ccccc1P(C1CCCCC1)C1CCCCC1,0.005,None,None,None,None,None,None,None,None,None,O1_phenylsilane,C1=CC=C(C=C1)[Si]ÔøΩÔøΩ,0.6,None,None,None,None,None,None,none,100,none,0,UPLCMS,AE18,0,0,,,,,0,,,1.1,0,0,-5.7,0,0
yk-1536-4-make-product,1536,80,,1536,AE,19,"E318_6-Methyl-2-(4-methylphenyl)imidazol[1,2-a]pyridine-3-acetic acid",Cc1ccc(-c2nc3ccc(C)cn3c2CC(=O)O)cc1,0.05,N2_hydroxydehydroabietylamine,CC(C)C(C(O)=C1)=CC2=C1[C@]3(C)C(CC2)[C@](C)(CN)CCC3,0.1,,Cc1ccc(-c2nc3ccc(C)cn3c2CCNC[C@]2(C)CCC[C@]3(C)c4cc(O)c(C(C)C)cc4CCC23)cc1,"C1_PLATINUM-1,3-DIVINYL-1,1,3,3-TETRAMETHYLDISILOXANE COMPLEX, IN XYLENES",C=C[Si](C)(C)O[Si](C)(C)C=C.[Pt],0.15,L1_Davephos,CN(C)c1ccccc1-c1ccccc1P(C1CCCCC1)C1CCCCC1,0.005,None,None,None,None,None,None,None,None,None,O1_phenylsilane,C1=CC=C(C=C1)[Si]ÔøΩÔøΩ,0.6,None,None,None,None,None,None,none,100,none,0,UPLCMS,AE19,394777.6162,290547.9714,,,,,0,,,1.02,2.9,74,2.5,0.03,0
yk-1536-4-make-product,1536,80,,1536,AE,20,"E87_2-MERCAPTOPROPIONIC ACID, 95%",CC(C(=O)O)S,0.2,N2_hydroxydehydroabietylamine,CC(C)C(C(O)=C1)=CC2=C1[C@]3(C)C(CC2)[C@](C)(CN)CCC3,0.1,,CC(S)CNC[C@]1(C)CCC[C@]2(C)c3cc(O)c(C(C)C)cc3CCC12,"C1_PLATINUM-1,3-DIVINYL-1,1,3,3-TETRAMETHYLDISILOXANE COMPLEX, IN XYLENES",C=C[Si](C)(C)O[Si](C)(C)C=C.[Pt],0.15,L1_Davephos,CN(C)c1ccccc1-c1ccccc1P(C1CCCCC1)C1CCCCC1,0.005,None,None,None,None,None,None,None,None,None,O1_phenylsilane,C1=CC=C(C=C1)[Si]ÔøΩÔøΩ,0.6,None,None,None,None,None,None,none,100,none,0,UPLCMS,AE20,16746.25587,0,,,,,0,,,0,0,0,-2.1,0,0
yk-1536-4-make-product,1536,80,,1536,AE,21,E224_1-methylpyrrole-2-carboxylic acid,CN1C=CC=C1C(=O)O,0.2,N2_hydroxydehydroabietylamine,CC(C)C(C(O)=C1)=CC2=C1[C@]3(C)C(CC2)[C@](C)(CN)CCC3,0.1,,CC(C)c1cc2c(cc1O)[C@@]1(C)CCC[C@@](C)(CNCc3cccn3C)C1CC2,"C1_PLATINUM-1,3-DIVINYL-1,1,3,3-TETRAMETHYLDISILOXANE COMPLEX, IN XYLENES",C=C[Si](C)(C)O[Si](C)(C)C=C.[Pt],0.15,L1_Davephos,CN(C)c1ccccc1-c1ccccc1P(C1CCCCC1)C1CCCCC1,0.005,None,None,None,None,None,None,None,None,None,O1_phenylsilane,C1=CC=C(C=C1)[Si]ÔøΩÔøΩ,0.6,None,None,None,None,None,None,none,100,none,0,UPLCMS,AE21,9073.48927,0,,,,,0,,,0,0,0,-4.1,0,0
yk-1536-4-make-product,1536,80,,1536,AE,22,E308_1-Methyl-1-cyclohexanecarboxylic acid,CC1(CCCCC1)C(=O)O,0.2,N2_hydroxydehydroabietylamine,CC(C)C(C(O)=C1)=CC2=C1[C@]3(C)C(CC2)[C@](C)(CN)CCC3,0.1,,CC(C)c1cc2c(cc1O)[C@@]1(C)CCC[C@@](C)(CNCC3(C)CCCCC3)C1CC2,"C1_PLATINUM-1,3-DIVINYL-1,1,3,3-TETRAMETHYLDISILOXANE COMPLEX, IN XYLENES",C=C[Si](C)(C)O[Si](C)(C)C=C.[Pt],0.15,L1_Davephos,CN(C)c1ccccc1-c1ccccc1P(C1CCCCC1)C1CCCCC1,0.005,None,None,None,None,None,None,None,None,None,O1_phenylsilane,C1=CC=C(C=C1)[Si]ÔøΩÔøΩ,0.6,None,None,None,None,None,None,none,100,none,0,UPLCMS,AE22,146108.0887,111343.4489,,,,,0,,,0,1.1,100,0,0,0
yk-1536-4-make-product,1536,80,,1536,AE,23,E351_Blank31,O=CO,0.2,N2_hydroxydehydroabietylamine,CC(C)C(C(O)=C1)=CC2=C1[C@]3(C)C(CC2)[C@](C)(CN)CCC3,0.1,MainProduct[255],CC(C)C(C(O)=C1)=CC2=C1[C@]3(C)C(CC2)[C@](C)(CN)CCC3,"C1_PLATINUM-1,3-DIVINYL-1,1,3,3-TETRAMETHYLDISILOXANE COMPLEX, IN XYLENES",C=C[Si](C)(C)O[Si](C)(C)C=C.[Pt],0.15,L1_Davephos,CN(C)c1ccccc1-c1ccccc1P(C1CCCCC1)C1CCCCC1,0.005,None,None,None,None,None,None,None,None,None,O1_phenylsilane,C1=CC=C(C=C1)[Si]ÔøΩÔøΩ,0.6,None,None,None,None,None,None,none,100,none,0,UPLCMS,AE23,0,89803.6926,,,,,91747.56168,,,0,0.9,100,0,0,0
yk-1536-4-make-product,1536,80,,1536,AE,24,E383_Blank63,O=CO,0.2,N2_hydroxydehydroabietylamine,CC(C)C(C(O)=C1)=CC2=C1[C@]3(C)C(CC2)[C@](C)(CN)CCC3,0.1,MainProduct[256],CC(C)C(C(O)=C1)=CC2=C1[C@]3(C)C(CC2)[C@](C)(CN)CCC3,"C1_PLATINUM-1,3-DIVINYL-1,1,3,3-TETRAMETHYLDISILOXANE COMPLEX, IN XYLENES",C=C[Si](C)(C)O[Si](C)(C)C=C.[Pt],0.15,L1_Davephos,CN(C)c1ccccc1-c1ccccc1P(C1CCCCC1)C1CCCCC1,0.005,None,None,None,None,None,None,None,None,None,O1_phenylsilane,C1=CC=C(C=C1)[Si]ÔøΩÔøΩ,0.6,None,None,None,None,None,None,none,100,none,0,UPLCMS,AE24,0,0,,,,,0,,,0,0,0,0,0,0
yk-1536-4-make-product,1536,80,,1536,AE,25,"E51_1,4-BENZODIOXANE-6-CARBOXYLIC ACID, 95%",C1COC2=C(O1)C=CC(=C2)C(=O)O,0.2,N3_Scaffold 7,CC(C)C1=CC2=CCC3[C@](C)(CN)CCC[C@]3(C)C2CC1,0.1,,CC(C)C1=CC2=CCC3[C@](C)(CNCc4ccc5c(c4)OCCO5)CCC[C@]3(C)C2CC1,"C1_PLATINUM-1,3-DIVINYL-1,1,3,3-TETRAMETHYLDISILOXANE COMPLEX, IN XYLENES",C=C[Si](C)(C)O[Si](C)(C)C=C.[Pt],0.15,L1_Davephos,CN(C)c1ccccc1-c1ccccc1P(C1CCCCC1)C1CCCCC1,0.005,None,None,None,None,None,None,None,None,None,O1_phenylsilane,C1=CC=C(C=C1)[Si]ÔøΩÔøΩ,0.6,None,None,None,None,None,None,none,100,none,0,UPLCMS,AE25,1616334.705,2191424.443,234052.6785,477117.2561,0,0,0,0,0,4.8,21.9,82,-54.4,-0.7,0
yk-1536-4-make-product,1536,80,,1536,AE,26,"E94_2-BROMOISONICOTINIC ACID, 98%",C1=CN=C(C=C1C(=O)O)Br,0.2,N3_Scaffold 7,CC(C)C1=CC2=CCC3[C@](C)(CN)CCC[C@]3(C)C2CC1,0.1,,CC(C)C1=CC2=CCC3[C@](C)(CNCc4ccnc(Br)c4)CCC[C@]3(C)C2CC1,"C1_PLATINUM-1,3-DIVINYL-1,1,3,3-TETRAMETHYLDISILOXANE COMPLEX, IN XYLENES",C=C[Si](C)(C)O[Si](C)(C)C=C.[Pt],0.15,L1_Davephos,CN(C)c1ccccc1-c1ccccc1P(C1CCCCC1)C1CCCCC1,0.005,None,None,None,None,None,None,None,None,None,O1_phenylsilane,C1=CC=C(C=C1)[Si]ÔøΩÔøΩ,0.6,None,None,None,None,None,None,none,100,none,0,UPLCMS,AE26,1029245.16,2263874,1046140.771,1594835.347,0,0,0,0,0,15.9,22.6,58.7,4.7,0.1,0
yk-1536-4-make-product,1536,80,,1536,AE,27,"E139_(1S,2R)-2-benzamidocyclohexane-1-carboxylic acid",C1CCC(C(C1)C(=O)O)NC(=O)C2=CC=CC=C2,0.2,N3_Scaffold 7,CC(C)C1=CC2=CCC3[C@](C)(CN)CCC[C@]3(C)C2CC1,0.1,,CC(C)C1=CC2=CCC3[C@](C)(CNCC4CCCCC4NC(=O)c4ccccc4)CCC[C@]3(C)C2CC1,"C1_PLATINUM-1,3-DIVINYL-1,1,3,3-TETRAMETHYLDISILOXANE COMPLEX, IN XYLENES",C=C[Si](C)(C)O[Si](C)(C)C=C.[Pt],0.15,L1_Davephos,CN(C)c1ccccc1-c1ccccc1P(C1CCCCC1)C1CCCCC1,0.005,None,None,None,None,None,None,None,None,None,O1_phenylsilane,C1=CC=C(C=C1)[Si]ÔøΩÔøΩ,0.6,None,None,None,None,None,None,none,100,none,0,UPLCMS,AE27,2635895.317,2099624.748,1236184.959,1402815.476,0,0,0,0,0,14,21,60,-12.8,-0.2,0
yk-1536-4-make-product,1536,80,,1536,AE,28,E177_3-(3-fluorophenyl)propanoic acid,C1=CC(=CC(=C1)F)CCC(=O)O,0.2,N3_Scaffold 7,CC(C)C1=CC2=CCC3[C@](C)(CN)CCC[C@]3(C)C2CC1,0.1,,CC(C)C1=CC2=CCC3[C@](C)(CNCCCc4cccc(F)c4)CCC[C@]3(C)C2CC1,"C1_PLATINUM-1,3-DIVINYL-1,1,3,3-TETRAMETHYLDISILOXANE COMPLEX, IN XYLENES",C=C[Si](C)(C)O[Si](C)(C)C=C.[Pt],0.15,L1_Davephos,CN(C)c1ccccc1-c1ccccc1P(C1CCCCC1)C1CCCCC1,0.005,None,None,None,None,None,None,None,None,None,O1_phenylsilane,C1=CC=C(C=C1)[Si]ÔøΩÔøΩ,0.6,None,None,None,None,None,None,none,100,none,0,UPLCMS,AE28,1461.24728,33717.28219,557946.9111,562071.1408,0,0,0,0,0,5.6,0.3,5.7,-34.8,-6.1,0
yk-1536-4-make-product,1536,80,,1536,AE,29,"E221_2-(1,3-benzodioxol-5-yl)acetic acid",C1OC2=C(O1)C=C(C=C2)CC(=O)O,0.2,N3_Scaffold 7,CC(C)C1=CC2=CCC3[C@](C)(CN)CCC[C@]3(C)C2CC1,0.1,,CC(C)C1=CC2=CCC3[C@](C)(CNCCc4ccc5c(c4)OCO5)CCC[C@]3(C)C2CC1,"C1_PLATINUM-1,3-DIVINYL-1,1,3,3-TETRAMETHYLDISILOXANE COMPLEX, IN XYLENES",C=C[Si](C)(C)O[Si](C)(C)C=C.[Pt],0.15,L1_Davephos,CN(C)c1ccccc1-c1ccccc1P(C1CCCCC1)C1CCCCC1,0.005,None,None,None,None,None,None,None,None,None,O1_phenylsilane,C1=CC=C(C=C1)[Si]ÔøΩÔøΩ,0.6,None,None,None,None,None,None,none,100,none,0,UPLCMS,AE29,1220021.533,1857854.38,47358.39721,0,0,0,0,0,0,0,18.6,100,-17.2,-0.2,0
yk-1536-4-make-product,1536,80,,1536,AE,30,E275_3-(Trifluoromethyl)benzoic acid,C1=CC(=CC(=C1)C(F)(F)F)C(=O)O,0.2,N3_Scaffold 7,CC(C)C1=CC2=CCC3[C@](C)(CN)CCC[C@]3(C)C2CC1,0.1,,CC(C)C1=CC2=CCC3[C@](C)(CNCc4cccc(C(F)(F)F)c4)CCC[C@]3(C)C2CC1,"C1_PLATINUM-1,3-DIVINYL-1,1,3,3-TETRAMETHYLDISILOXANE COMPLEX, IN XYLENES",C=C[Si](C)(C)O[Si](C)(C)C=C.[Pt],0.15,L1_Davephos,CN(C)c1ccccc1-c1ccccc1P(C1CCCCC1)C1CCCCC1,0.005,None,None,None,None,None,None,None,None,None,O1_phenylsilane,C1=CC=C(C=C1)[Si]ÔøΩÔøΩ,0.6,None,None,None,None,None,None,none,100,none,0,UPLCMS,AE30,0,0,673651.7105,692738.8296,0,0,0,0,0,6.9,0,0,-18.2,0,0
yk-1536-4-make-product,1536,80,,1536,AE,31,"E318_6-Methyl-2-(4-methylphenyl)imidazol[1,2-a]pyridine-3-acetic acid",Cc1ccc(-c2nc3ccc(C)cn3c2CC(=O)O)cc1,0.05,N3_Scaffold 7,CC(C)C1=CC2=CCC3[C@](C)(CN)CCC[C@]3(C)C2CC1,0.1,,Cc1ccc(-c2nc3ccc(C)cn3c2CCNC[C@]2(C)CCC[C@]3(C)C4CCC(C(C)C)=CC4=CCC23)cc1,"C1_PLATINUM-1,3-DIVINYL-1,1,3,3-TETRAMETHYLDISILOXANE COMPLEX, IN XYLENES",C=C[Si](C)(C)O[Si](C)(C)C=C.[Pt],0.15,L1_Davephos,CN(C)c1ccccc1-c1ccccc1P(C1CCCCC1)C1CCCCC1,0.005,None,None,None,None,None,None,None,None,None,O1_phenylsilane,C1=CC=C(C=C1)[Si]ÔøΩÔøΩ,0.6,None,None,None,None,None,None,none,100,none,0,UPLCMS,AE31,724355.9275,1008339.958,1046172.441,1386640.596,0,0,0,0,0,13.9,10.1,42,-1.2,0,0
yk-1536-4-make-product,1536,80,,1536,AE,32,"E87_2-MERCAPTOPROPIONIC ACID, 95%",CC(C(=O)O)S,0.2,N3_Scaffold 7,CC(C)C1=CC2=CCC3[C@](C)(CN)CCC[C@]3(C)C2CC1,0.1,,CC(S)CNC[C@]1(C)CCC[C@]2(C)C3CCC(C(C)C)=CC3=CCC12,"C1_PLATINUM-1,3-DIVINYL-1,1,3,3-TETRAMETHYLDISILOXANE COMPLEX, IN XYLENES",C=C[Si](C)(C)O[Si](C)(C)C=C.[Pt],0.15,L1_Davephos,CN(C)c1ccccc1-c1ccccc1P(C1CCCCC1)C1CCCCC1,0.005,None,None,None,None,None,None,None,None,None,O1_phenylsilane,C1=CC=C(C=C1)[Si]ÔøΩÔøΩ,0.6,None,None,None,None,None,None,none,100,none,0,UPLCMS,AE32,4183.11265,0,1180085.54,1542451.776,0,0,0,10357.43427,0,15.4,0,0,-3.6,0,0
yk-1536-4-make-product,1536,80,,1536,AE,33,E224_1-methylpyrrole-2-carboxylic acid,CN1C=CC=C1C(=O)O,0.2,N3_Scaffold 7,CC(C)C1=CC2=CCC3[C@](C)(CN)CCC[C@]3(C)C2CC1,0.1,,CC(C)C1=CC2=CCC3[C@](C)(CNCc4cccn4C)CCC[C@]3(C)C2CC1,"C1_PLATINUM-1,3-DIVINYL-1,1,3,3-TETRAMETHYLDISILOXANE COMPLEX, IN XYLENES",C=C[Si](C)(C)O[Si](C)(C)C=C.[Pt],0.15,L1_Davephos,CN(C)c1ccccc1-c1ccccc1P(C1CCCCC1)C1CCCCC1,0.005,None,None,None,None,None,None,None,None,None,O1_phenylsilane,C1=CC=C(C=C1)[Si]ÔøΩÔøΩ,0.6,None,None,None,None,None,None,none,100,none,0,UPLCMS,AE33,123112.6461,116463.5784,866504.5066,975572.9676,0,0,0,0,0,9.8,1.2,10.6,-5.2,-0.5,0
yk-1536-4-make-product,1536,80,,1536,AE,34,E308_1-Methyl-1-cyclohexanecarboxylic acid,CC1(CCCCC1)C(=O)O,0.2,N3_Scaffold 7,CC(C)C1=CC2=CCC3[C@](C)(CN)CCC[C@]3(C)C2CC1,0.1,,CC(C)C1=CC2=CCC3[C@](C)(CNCC4(C)CCCCC4)CCC[C@]3(C)C2CC1,"C1_PLATINUM-1,3-DIVINYL-1,1,3,3-TETRAMETHYLDISILOXANE COMPLEX, IN XYLENES",C=C[Si](C)(C)O[Si](C)(C)C=C.[Pt],0.15,L1_Davephos,CN(C)c1ccccc1-c1ccccc1P(C1CCCCC1)C1CCCCC1,0.005,None,None,None,None,None,None,None,None,None,O1_phenylsilane,C1=CC=C(C=C1)[Si]ÔøΩÔøΩ,0.6,None,None,None,None,None,None,none,100,none,0,UPLCMS,AE34,38163.70172,0,70527.83457,88054.56435,0,0,0,0,0,0.9,0,0,-15.9,0,0
yk-1536-4-make-product,1536,80,,1536,AE,35,E351_Blank31,O=CO,0.2,N3_Scaffold 7,CC(C)C1=CC2=CCC3[C@](C)(CN)CCC[C@]3(C)C2CC1,0.1,MainProduct[268],CC(C)C1=CC2=CCC3[C@](C)(CN)CCC[C@]3(C)C2CC1,"C1_PLATINUM-1,3-DIVINYL-1,1,3,3-TETRAMETHYLDISILOXANE COMPLEX, IN XYLENES",C=C[Si](C)(C)O[Si](C)(C)C=C.[Pt],0.15,L1_Davephos,CN(C)c1ccccc1-c1ccccc1P(C1CCCCC1)C1CCCCC1,0.005,None,None,None,None,None,None,None,None,None,O1_phenylsilane,C1=CC=C(C=C1)[Si]ÔøΩÔøΩ,0.6,None,None,None,None,None,None,none,100,none,0,UPLCMS,AE35,0,1190330.924,0,0,0,0,1129055.9,0,0,0,11.9,100,0,0,0
yk-1536-4-make-product,1536,80,,1536,AE,36,E383_Blank63,O=CO,0.2,N3_Scaffold 7,CC(C)C1=CC2=CCC3[C@](C)(CN)CCC[C@]3(C)C2CC1,0.1,MainProduct[269],CC(C)C1=CC2=CCC3[C@](C)(CN)CCC[C@]3(C)C2CC1,"C1_PLATINUM-1,3-DIVINYL-1,1,3,3-TETRAMETHYLDISILOXANE COMPLEX, IN XYLENES",C=C[Si](C)(C)O[Si](C)(C)C=C.[Pt],0.15,L1_Davephos,CN(C)c1ccccc1-c1ccccc1P(C1CCCCC1)C1CCCCC1,0.005,None,None,None,None,None,None,None,None,None,O1_phenylsilane,C1=CC=C(C=C1)[Si]ÔøΩÔøΩ,0.6,None,None,None,None,None,None,none,100,none,0,UPLCMS,AE36,0,0,0,0,0,0,0,0,0,0,0,0,0,0,0
yk-1536-4-make-product,1536,80,,1536,AE,37,"E51_1,4-BENZODIOXANE-6-CARBOXYLIC ACID, 95%",C1COC2=C(O1)C=CC(=C2)C(=O)O,0.2,N4_Scaffold 6,CCNC[C@@]1(C)C2[C@](C)(CCC1)c3c(CC2)cc(C(C)C)c(c3)N,0.1,,CCNC[C@]1(C)CCC[C@]2(C)c3cc(NCc4ccc5c(c4)OCCO5)c(C(C)C)cc3CCC12,"C1_PLATINUM-1,3-DIVINYL-1,1,3,3-TETRAMETHYLDISILOXANE COMPLEX, IN XYLENES",C=C[Si](C)(C)O[Si](C)(C)C=C.[Pt],0.15,L1_Davephos,CN(C)c1ccccc1-c1ccccc1P(C1CCCCC1)C1CCCCC1,0.005,None,None,None,None,None,None,None,None,None,O1_phenylsilane,C1=CC=C(C=C1)[Si]ÔøΩÔøΩ,0.6,None,None,None,None,None,None,none,100,none,0,UPLCMS,AE37,272871.9341,367187,0,0,2455315.345,2343753.868,0,0,0,23.4,3.7,13.6,-30.9,-2.3,0
yk-1536-4-make-product,1536,80,,1536,AE,38,"E94_2-BROMOISONICOTINIC ACID, 98%",C1=CN=C(C=C1C(=O)O)Br,0.2,N4_Scaffold 6,CCNC[C@@]1(C)C2[C@](C)(CCC1)c3c(CC2)cc(C(C)C)c(c3)N,0.1,,CCNC[C@]1(C)CCC[C@]2(C)c3cc(NCc4ccnc(Br)c4)c(C(C)C)cc3CCC12,"C1_PLATINUM-1,3-DIVINYL-1,1,3,3-TETRAMETHYLDISILOXANE COMPLEX, IN XYLENES",C=C[Si](C)(C)O[Si](C)(C)C=C.[Pt],0.15,L1_Davephos,CN(C)c1ccccc1-c1ccccc1P(C1CCCCC1)C1CCCCC1,0.005,None,None,None,None,None,None,None,None,None,O1_phenylsilane,C1=CC=C(C=C1)[Si]ÔøΩÔøΩ,0.6,None,None,None,None,None,None,none,100,none,0,UPLCMS,AE38,61478.25988,202404.6269,0,0,2265444.14,1952442.602,0,0,0,19.5,2,9.4,-24.7,-2.6,0
yk-1536-4-make-product,1536,80,,1536,AE,39,"E139_(1S,2R)-2-benzamidocyclohexane-1-carboxylic acid",C1CCC(C(C1)C(=O)O)NC(=O)C2=CC=CC=C2,0.2,N4_Scaffold 6,CCNC[C@@]1(C)C2[C@](C)(CCC1)c3c(CC2)cc(C(C)C)c(c3)N,0.1,,CCNC[C@]1(C)CCC[C@]2(C)c3cc(NCC4CCCCC4NC(=O)c4ccccc4)c(C(C)C)cc3CCC12,"C1_PLATINUM-1,3-DIVINYL-1,1,3,3-TETRAMETHYLDISILOXANE COMPLEX, IN XYLENES",C=C[Si](C)(C)O[Si](C)(C)C=C.[Pt],0.15,L1_Davephos,CN(C)c1ccccc1-c1ccccc1P(C1CCCCC1)C1CCCCC1,0.005,None,None,None,None,None,None,None,None,None,O1_phenylsilane,C1=CC=C(C=C1)[Si]ÔøΩÔøΩ,0.6,None,None,None,None,None,None,none,100,none,0,UPLCMS,AE39,234730.2168,409416.5425,0,0,2114963.153,2264293.909,0,0,0,22.6,4.1,15.3,-14.6,-1,0
yk-1536-4-make-product,1536,80,,1536,AE,40,E177_3-(3-fluorophenyl)propanoic acid,C1=CC(=CC(=C1)F)CCC(=O)O,0.2,N4_Scaffold 6,CCNC[C@@]1(C)C2[C@](C)(CCC1)c3c(CC2)cc(C(C)C)c(c3)N,0.1,,CCNC[C@]1(C)CCC[C@]2(C)c3cc(NCCCc4cccc(F)c4)c(C(C)C)cc3CCC12,"C1_PLATINUM-1,3-DIVINYL-1,1,3,3-TETRAMETHYLDISILOXANE COMPLEX, IN XYLENES",C=C[Si](C)(C)O[Si](C)(C)C=C.[Pt],0.15,L1_Davephos,CN(C)c1ccccc1-c1ccccc1P(C1CCCCC1)C1CCCCC1,0.005,None,None,None,None,None,None,None,None,None,O1_phenylsilane,C1=CC=C(C=C1)[Si]ÔøΩÔøΩ,0.6,None,None,None,None,None,None,none,100,none,0,UPLCMS,AE40,0,0,0,0,507509.5639,428233.8403,0,0,0,4.3,0,0,-39.8,0,0
yk-1536-4-make-product,1536,80,,1536,AE,41,"E221_2-(1,3-benzodioxol-5-yl)acetic acid",C1OC2=C(O1)C=C(C=C2)CC(=O)O,0.2,N4_Scaffold 6,CCNC[C@@]1(C)C2[C@](C)(CCC1)c3c(CC2)cc(C(C)C)c(c3)N,0.1,,CCNC[C@]1(C)CCC[C@]2(C)c3cc(NCCc4ccc5c(c4)OCO5)c(C(C)C)cc3CCC12,"C1_PLATINUM-1,3-DIVINYL-1,1,3,3-TETRAMETHYLDISILOXANE COMPLEX, IN XYLENES",C=C[Si](C)(C)O[Si](C)(C)C=C.[Pt],0.15,L1_Davephos,CN(C)c1ccccc1-c1ccccc1P(C1CCCCC1)C1CCCCC1,0.005,None,None,None,None,None,None,None,None,None,O1_phenylsilane,C1=CC=C(C=C1)[Si]ÔøΩÔøΩ,0.6,None,None,None,None,None,None,none,100,none,0,UPLCMS,AE41,638816.8216,645622.2348,0,0,1039408.964,883565.1697,0,0,0,8.8,6.5,42.3,-23.7,-0.6,0
yk-1536-4-make-product,1536,80,,1536,AE,42,E275_3-(Trifluoromethyl)benzoic acid,C1=CC(=CC(=C1)C(F)(F)F)C(=O)O,0.2,N4_Scaffold 6,CCNC[C@@]1(C)C2[C@](C)(CCC1)c3c(CC2)cc(C(C)C)c(c3)N,0.1,,CCNC[C@]1(C)CCC[C@]2(C)c3cc(NCc4cccc(C(F)(F)F)c4)c(C(C)C)cc3CCC12,"C1_PLATINUM-1,3-DIVINYL-1,1,3,3-TETRAMETHYLDISILOXANE COMPLEX, IN XYLENES",C=C[Si](C)(C)O[Si](C)(C)C=C.[Pt],0.15,L1_Davephos,CN(C)c1ccccc1-c1ccccc1P(C1CCCCC1)C1CCCCC1,0.005,None,None,None,None,None,None,None,None,None,O1_phenylsilane,C1=CC=C(C=C1)[Si]ÔøΩÔøΩ,0.6,None,None,None,None,None,None,none,100,none,0,UPLCMS,AE42,26626.89318,55479.6849,0,0,670519.1997,489168.3806,0,0,0,4.9,0.6,10.2,-15.6,-1.5,0
yk-1536-4-make-product,1536,80,,1536,AE,43,"E318_6-Methyl-2-(4-methylphenyl)imidazol[1,2-a]pyridine-3-acetic acid",Cc1ccc(-c2nc3ccc(C)cn3c2CC(=O)O)cc1,0.05,N4_Scaffold 6,CCNC[C@@]1(C)C2[C@](C)(CCC1)c3c(CC2)cc(C(C)C)c(c3)N,0.1,,CCNC[C@]1(C)CCC[C@]2(C)c3cc(NCCc4c(-c5ccc(C)cc5)nc5ccc(C)cn45)c(C(C)C)cc3CCC12,"C1_PLATINUM-1,3-DIVINYL-1,1,3,3-TETRAMETHYLDISILOXANE COMPLEX, IN XYLENES",C=C[Si](C)(C)O[Si](C)(C)C=C.[Pt],0.15,L1_Davephos,CN(C)c1ccccc1-c1ccccc1P(C1CCCCC1)C1CCCCC1,0.005,None,None,None,None,None,None,None,None,None,O1_phenylsilane,C1=CC=C(C=C1)[Si]ÔøΩÔøΩ,0.6,None,None,None,None,None,None,none,100,none,0,UPLCMS,AE43,40052.56447,300203.2052,0,0,1495747.19,1835496.734,0,0,0,18.4,3,14,-19.8,-1.4,0
yk-1536-4-make-product,1536,80,,1536,AE,44,"E87_2-MERCAPTOPROPIONIC ACID, 95%",CC(C(=O)O)S,0.2,N4_Scaffold 6,CCNC[C@@]1(C)C2[C@](C)(CCC1)c3c(CC2)cc(C(C)C)c(c3)N,0.1,,CCNC[C@]1(C)CCC[C@]2(C)c3cc(NCC(C)S)c(C(C)C)cc3CCC12,"C1_PLATINUM-1,3-DIVINYL-1,1,3,3-TETRAMETHYLDISILOXANE COMPLEX, IN XYLENES",C=C[Si](C)(C)O[Si](C)(C)C=C.[Pt],0.15,L1_Davephos,CN(C)c1ccccc1-c1ccccc1P(C1CCCCC1)C1CCCCC1,0.005,None,None,None,None,None,None,None,None,None,O1_phenylsilane,C1=CC=C(C=C1)[Si]ÔøΩÔøΩ,0.6,None,None,None,None,None,None,none,100,none,0,UPLCMS,AE44,0,0,0,0,89153.8876,0,0,0,0,0,0,0,-21.6,0,0
yk-1536-4-make-product,1536,80,,1536,AE,45,E224_1-methylpyrrole-2-carboxylic acid,CN1C=CC=C1C(=O)O,0.2,N4_Scaffold 6,CCNC[C@@]1(C)C2[C@](C)(CCC1)c3c(CC2)cc(C(C)C)c(c3)N,0.1,,CCNC[C@]1(C)CCC[C@]2(C)c3cc(NCc4cccn4C)c(C(C)C)cc3CCC12,"C1_PLATINUM-1,3-DIVINYL-1,1,3,3-TETRAMETHYLDISILOXANE COMPLEX, IN XYLENES",C=C[Si](C)(C)O[Si](C)(C)C=C.[Pt],0.15,L1_Davephos,CN(C)c1ccccc1-c1ccccc1P(C1CCCCC1)C1CCCCC1,0.005,None,None,None,None,None,None,None,None,None,O1_phenylsilane,C1=CC=C(C=C1)[Si]ÔøΩÔøΩ,0.6,None,None,None,None,None,None,none,100,none,0,UPLCMS,AE45,20454.34019,0,0,0,1276834.775,1234067.107,216313.1338,0,0,12.3,0,0,-13.3,0,0
yk-1536-4-make-product,1536,80,,1536,AE,46,E308_1-Methyl-1-cyclohexanecarboxylic acid,CC1(CCCCC1)C(=O)O,0.2,N4_Scaffold 6,CCNC[C@@]1(C)C2[C@](C)(CCC1)c3c(CC2)cc(C(C)C)c(c3)N,0.1,,CCNC[C@]1(C)CCC[C@]2(C)c3cc(NCC4(C)CCCCC4)c(C(C)C)cc3CCC12,"C1_PLATINUM-1,3-DIVINYL-1,1,3,3-TETRAMETHYLDISILOXANE COMPLEX, IN XYLENES",C=C[Si](C)(C)O[Si](C)(C)C=C.[Pt],0.15,L1_Davephos,CN(C)c1ccccc1-c1ccccc1P(C1CCCCC1)C1CCCCC1,0.005,None,None,None,None,None,None,None,None,None,O1_phenylsilane,C1=CC=C(C=C1)[Si]ÔøΩÔøΩ,0.6,None,None,None,None,None,None,none,100,none,0,UPLCMS,AE46,6363.95079,0,0,0,1191575.539,1126685.131,0,0,0,11.3,0,0,-12.6,0,0
yk-1536-4-make-product,1536,80,,1536,AE,47,E351_Blank31,O=CO,0.2,N4_Scaffold 6,CCNC[C@@]1(C)C2[C@](C)(CCC1)c3c(CC2)cc(C(C)C)c(c3)N,0.1,MainProduct[281],CCNC[C@@]1(C)C2[C@](C)(CCC1)c3c(CC2)cc(C(C)C)c(c3)N,"C1_PLATINUM-1,3-DIVINYL-1,1,3,3-TETRAMETHYLDISILOXANE COMPLEX, IN XYLENES",C=C[Si](C)(C)O[Si](C)(C)C=C.[Pt],0.15,L1_Davephos,CN(C)c1ccccc1-c1ccccc1P(C1CCCCC1)C1CCCCC1,0.005,None,None,None,None,None,None,None,None,None,O1_phenylsilane,C1=CC=C(C=C1)[Si]ÔøΩÔøΩ,0.6,None,None,None,None,None,None,none,100,none,0,UPLCMS,AE47,0,817230.534,0,0,0,0,883632.3202,0,0,0,8.2,100,0,0,0
yk-1536-4-make-product,1536,80,,1536,AE,48,E383_Blank63,O=CO,0.2,N4_Scaffold 6,CCNC[C@@]1(C)C2[C@](C)(CCC1)c3c(CC2)cc(C(C)C)c(c3)N,0.1,MainProduct[282],CCNC[C@@]1(C)C2[C@](C)(CCC1)c3c(CC2)cc(C(C)C)c(c3)N,"C1_PLATINUM-1,3-DIVINYL-1,1,3,3-TETRAMETHYLDISILOXANE COMPLEX, IN XYLENES",C=C[Si](C)(C)O[Si](C)(C)C=C.[Pt],0.15,L1_Davephos,CN(C)c1ccccc1-c1ccccc1P(C1CCCCC1)C1CCCCC1,0.005,None,None,None,None,None,None,None,None,None,O1_phenylsilane,C1=CC=C(C=C1)[Si]ÔøΩÔøΩ,0.6,None,None,None,None,None,None,none,100,none,0,UPLCMS,AE48,0,0,0,0,0,0,0,0,0,0,0,0,0,0,0
yk-1536-4-make-product,1536,80,,1536,AF,1,"E52_(R)-1-BOC-NIPECOTIC ACID, 97%",CC(C)(C)OC(=O)N1CCCC(C1)C(=O)O,0.2,N1_(+)-Dehydroabietylamine,CC(C)c1ccc2c(c1)CC[C@H]1[C@](C)(CN)CCC[C@]21C,0.1,,CC(C)c1ccc2c(c1)CC[C@H]1[C@](C)(CNCC3CCCN(C(=O)OC(C)(C)C)C3)CCC[C@]21C,"C1_PLATINUM-1,3-DIVINYL-1,1,3,3-TETRAMETHYLDISILOXANE COMPLEX, IN XYLENES",C=C[Si](C)(C)O[Si](C)(C)C=C.[Pt],0.15,L1_Davephos,CN(C)c1ccccc1-c1ccccc1P(C1CCCCC1)C1CCCCC1,0.005,None,None,None,None,None,None,None,None,None,O1_phenylsilane,C1=CC=C(C=C1)[Si]ÔøΩÔøΩ,0.6,None,None,None,None,None,None,none,100,none,0,UPLCMS,AF1,4684794.241,3853610.317,,,,,0,,,34,38.5,53.1,31.8,0.6,0
yk-1536-4-make-product,1536,80,,1536,AF,2,"E95_5-BROMO-2-IODOBENZOIC ACID, 98.0+%",C1=CC(=C(C=C1Br)C(=O)O)I,0.2,N1_(+)-Dehydroabietylamine,CC(C)c1ccc2c(c1)CC[C@H]1[C@](C)(CN)CCC[C@]21C,0.1,,CC(C)c1ccc2c(c1)CC[C@H]1[C@](C)(CNCc3cc(Br)ccc3I)CCC[C@]21C,"C1_PLATINUM-1,3-DIVINYL-1,1,3,3-TETRAMETHYLDISILOXANE COMPLEX, IN XYLENES",C=C[Si](C)(C)O[Si](C)(C)C=C.[Pt],0.15,L1_Davephos,CN(C)c1ccccc1-c1ccccc1P(C1CCCCC1)C1CCCCC1,0.005,None,None,None,None,None,None,None,None,None,O1_phenylsilane,C1=CC=C(C=C1)[Si]ÔøΩÔøΩ,0.6,None,None,None,None,None,None,none,100,none,0,UPLCMS,AF2,4726010.603,4256015.132,,,,,0,,,25.7,42.6,62.3,-17.2,-0.28,0
yk-1536-4-make-product,1536,80,,1536,AF,3,E140_benzoic acid,C1=CC=C(C=C1)C(=O)O,0.2,N1_(+)-Dehydroabietylamine,CC(C)c1ccc2c(c1)CC[C@H]1[C@](C)(CN)CCC[C@]21C,0.1,,CC(C)c1ccc2c(c1)CC[C@H]1[C@](C)(CNCc3ccccc3)CCC[C@]21C,"C1_PLATINUM-1,3-DIVINYL-1,1,3,3-TETRAMETHYLDISILOXANE COMPLEX, IN XYLENES",C=C[Si](C)(C)O[Si](C)(C)C=C.[Pt],0.15,L1_Davephos,CN(C)c1ccccc1-c1ccccc1P(C1CCCCC1)C1CCCCC1,0.005,None,None,None,None,None,None,None,None,None,O1_phenylsilane,C1=CC=C(C=C1)[Si]ÔøΩÔøΩ,0.6,None,None,None,None,None,None,none,100,none,0,UPLCMS,AF3,8513.01061,647833.1231,,,,,610086.5482,,,25.6,6.5,20.2,-20.6,-1.02,0
yk-1536-4-make-product,1536,80,,1536,AF,4,E179_3-(4-fluorophenyl)propanoic acid,C1=CC(=CC=C1CCC(=O)O)F,0.2,N1_(+)-Dehydroabietylamine,CC(C)c1ccc2c(c1)CC[C@H]1[C@](C)(CN)CCC[C@]21C,0.1,,CC(C)c1ccc2c(c1)CC[C@H]1[C@](C)(CNCCCc3ccc(F)cc3)CCC[C@]21C,"C1_PLATINUM-1,3-DIVINYL-1,1,3,3-TETRAMETHYLDISILOXANE COMPLEX, IN XYLENES",C=C[Si](C)(C)O[Si](C)(C)C=C.[Pt],0.15,L1_Davephos,CN(C)c1ccccc1-c1ccccc1P(C1CCCCC1)C1CCCCC1,0.005,None,None,None,None,None,None,None,None,None,O1_phenylsilane,C1=CC=C(C=C1)[Si]ÔøΩÔøΩ,0.6,None,None,None,None,None,None,none,100,none,0,UPLCMS,AF4,0,0,,,,,0,,,18.7,0,0,-35.6,0,0
yk-1536-4-make-product,1536,80,,1536,AF,5,E222_2-(6-methoxypyridin-3-yl)acetic acid,COC1=NC=C(C=C1)CC(=O)O,0.2,N1_(+)-Dehydroabietylamine,CC(C)c1ccc2c(c1)CC[C@H]1[C@](C)(CN)CCC[C@]21C,0.1,,COc1ccc(CCNC[C@]2(C)CCC[C@]3(C)c4ccc(C(C)C)cc4CC[C@@H]23)cn1,"C1_PLATINUM-1,3-DIVINYL-1,1,3,3-TETRAMETHYLDISILOXANE COMPLEX, IN XYLENES",C=C[Si](C)(C)O[Si](C)(C)C=C.[Pt],0.15,L1_Davephos,CN(C)c1ccccc1-c1ccccc1P(C1CCCCC1)C1CCCCC1,0.005,None,None,None,None,None,None,None,None,None,O1_phenylsilane,C1=CC=C(C=C1)[Si]ÔøΩÔøΩ,0.6,None,None,None,None,None,None,none,100,none,0,UPLCMS,AF5,1898619.52,2181273.828,,,,,0,,,15.8,21.8,58,-10.6,-0.18,0
yk-1536-4-make-product,1536,80,,1536,AF,6,E277_2-(6-(Trifluoromethyl)pyridin-3-yl)acetic Acid,C1=CC(=NC=C1CC(=O)O)C(F)(F)F,0.2,N1_(+)-Dehydroabietylamine,CC(C)c1ccc2c(c1)CC[C@H]1[C@](C)(CN)CCC[C@]21C,0.1,,CC(C)c1ccc2c(c1)CC[C@H]1[C@](C)(CNCCc3ccc(C(F)(F)F)nc3)CCC[C@]21C,"C1_PLATINUM-1,3-DIVINYL-1,1,3,3-TETRAMETHYLDISILOXANE COMPLEX, IN XYLENES",C=C[Si](C)(C)O[Si](C)(C)C=C.[Pt],0.15,L1_Davephos,CN(C)c1ccccc1-c1ccccc1P(C1CCCCC1)C1CCCCC1,0.005,None,None,None,None,None,None,None,None,None,O1_phenylsilane,C1=CC=C(C=C1)[Si]ÔøΩÔøΩ,0.6,None,None,None,None,None,None,none,100,none,0,UPLCMS,AF6,2188587.507,2590499.321,,,,,388684.3328,,,18.4,25.9,58.5,-13.6,-0.23,0
yk-1536-4-make-product,1536,80,,1536,AF,7,E319_Menbutone,COc1ccc(C(=O)CCC(=O)O)c2ccccc12,0.05,N1_(+)-Dehydroabietylamine,CC(C)c1ccc2c(c1)CC[C@H]1[C@](C)(CN)CCC[C@]21C,0.1,,COc1ccc(C(=O)CCCNC[C@]2(C)CCC[C@]3(C)c4ccc(C(C)C)cc4CC[C@@H]23)c2ccccc12,"C1_PLATINUM-1,3-DIVINYL-1,1,3,3-TETRAMETHYLDISILOXANE COMPLEX, IN XYLENES",C=C[Si](C)(C)O[Si](C)(C)C=C.[Pt],0.15,L1_Davephos,CN(C)c1ccccc1-c1ccccc1P(C1CCCCC1)C1CCCCC1,0.005,None,None,None,None,None,None,None,None,None,O1_phenylsilane,C1=CC=C(C=C1)[Si]ÔøΩÔøΩ,0.6,None,None,None,None,None,None,none,100,none,0,UPLCMS,AF7,725003.0479,571104.1903,,,,,0,,,16,5.7,26.3,-21,-0.8,0
yk-1536-4-make-product,1536,80,,1536,AF,8,"E100_N-BUTYRIC ACID, 99+%",CCCC(=O)O,0.2,N1_(+)-Dehydroabietylamine,CC(C)c1ccc2c(c1)CC[C@H]1[C@](C)(CN)CCC[C@]21C,0.1,,CCCCNC[C@]1(C)CCC[C@]2(C)c3ccc(C(C)C)cc3CC[C@@H]12,"C1_PLATINUM-1,3-DIVINYL-1,1,3,3-TETRAMETHYLDISILOXANE COMPLEX, IN XYLENES",C=C[Si](C)(C)O[Si](C)(C)C=C.[Pt],0.15,L1_Davephos,CN(C)c1ccccc1-c1ccccc1P(C1CCCCC1)C1CCCCC1,0.005,None,None,None,None,None,None,None,None,None,O1_phenylsilane,C1=CC=C(C=C1)[Si]ÔøΩÔøΩ,0.6,None,None,None,None,None,None,none,100,none,0,UPLCMS,AF8,3037556.601,2839508.095,,,,,26729.63343,,,4.7,28.4,85.8,-20.3,-0.24,0
yk-1536-4-make-product,1536,80,,1536,AF,9,"E225_4-methyl-1,3-thiazole-5-carboxylic acid",CC1=C(SC=N1)C(=O)O,0.2,N1_(+)-Dehydroabietylamine,CC(C)c1ccc2c(c1)CC[C@H]1[C@](C)(CN)CCC[C@]21C,0.1,,Cc1ncsc1CNC[C@]1(C)CCC[C@]2(C)c3ccc(C(C)C)cc3CC[C@@H]12,"C1_PLATINUM-1,3-DIVINYL-1,1,3,3-TETRAMETHYLDISILOXANE COMPLEX, IN XYLENES",C=C[Si](C)(C)O[Si](C)(C)C=C.[Pt],0.15,L1_Davephos,CN(C)c1ccccc1-c1ccccc1P(C1CCCCC1)C1CCCCC1,0.005,None,None,None,None,None,None,None,None,None,O1_phenylsilane,C1=CC=C(C=C1)[Si]ÔøΩÔøΩ,0.6,None,None,None,None,None,None,none,100,none,0,UPLCMS,AF9,21882.44609,0,,,,,0,,,37.5,0,0,-16.3,0,0
yk-1536-4-make-product,1536,80,,1536,AF,10,E320_1-Methyl-3-oxocyclobutanecarboxylic acid,CC1(C(=O)O)CC(=O)C1,0.2,N1_(+)-Dehydroabietylamine,CC(C)c1ccc2c(c1)CC[C@H]1[C@](C)(CN)CCC[C@]21C,0.1,,CC(C)c1ccc2c(c1)CC[C@H]1[C@](C)(CNCC3(C)CC(=O)C3)CCC[C@]21C,"C1_PLATINUM-1,3-DIVINYL-1,1,3,3-TETRAMETHYLDISILOXANE COMPLEX, IN XYLENES",C=C[Si](C)(C)O[Si](C)(C)C=C.[Pt],0.15,L1_Davephos,CN(C)c1ccccc1-c1ccccc1P(C1CCCCC1)C1CCCCC1,0.005,None,None,None,None,None,None,None,None,None,O1_phenylsilane,C1=CC=C(C=C1)[Si]ÔøΩÔøΩ,0.6,None,None,None,None,None,None,none,100,none,0,UPLCMS,AF10,432427.5031,564042,,,,,0,,,4.7,5.6,54.3,-11.4,-0.21,0
yk-1536-4-make-product,1536,80,,1536,AF,11,E352_Blank32,O=CO,0.2,N1_(+)-Dehydroabietylamine,CC(C)c1ccc2c(c1)CC[C@H]1[C@](C)(CN)CCC[C@]21C,0.1,MainProduct[290],CC(C)c1ccc2c(c1)CC[C@H]1[C@](C)(CN)CCC[C@]21C,"C1_PLATINUM-1,3-DIVINYL-1,1,3,3-TETRAMETHYLDISILOXANE COMPLEX, IN XYLENES",C=C[Si](C)(C)O[Si](C)(C)C=C.[Pt],0.15,L1_Davephos,CN(C)c1ccccc1-c1ccccc1P(C1CCCCC1)C1CCCCC1,0.005,None,None,None,None,None,None,None,None,None,O1_phenylsilane,C1=CC=C(C=C1)[Si]ÔøΩÔøΩ,0.6,None,None,None,None,None,None,none,100,none,0,UPLCMS,AF11,0,3092355.865,,,,,3502330.36,,,0,30.9,100,0,0,0
yk-1536-4-make-product,1536,80,,1536,AF,12,E384_Blank64,O=CO,0.2,N1_(+)-Dehydroabietylamine,CC(C)c1ccc2c(c1)CC[C@H]1[C@](C)(CN)CCC[C@]21C,0.1,MainProduct[291],CC(C)c1ccc2c(c1)CC[C@H]1[C@](C)(CN)CCC[C@]21C,"C1_PLATINUM-1,3-DIVINYL-1,1,3,3-TETRAMETHYLDISILOXANE COMPLEX, IN XYLENES",C=C[Si](C)(C)O[Si](C)(C)C=C.[Pt],0.15,L1_Davephos,CN(C)c1ccccc1-c1ccccc1P(C1CCCCC1)C1CCCCC1,0.005,None,None,None,None,None,None,None,None,None,O1_phenylsilane,C1=CC=C(C=C1)[Si]ÔøΩÔøΩ,0.6,None,None,None,None,None,None,none,100,none,0,UPLCMS,AF12,0,0,,,,,0,,,0,0,0,0,0,0
yk-1536-4-make-product,1536,80,,1536,AF,13,"E52_(R)-1-BOC-NIPECOTIC ACID, 97%",CC(C)(C)OC(=O)N1CCCC(C1)C(=O)O,0.2,N2_hydroxydehydroabietylamine,CC(C)C(C(O)=C1)=CC2=C1[C@]3(C)C(CC2)[C@](C)(CN)CCC3,0.1,,CC(C)c1cc2c(cc1O)[C@@]1(C)CCC[C@@](C)(CNCC3CCCN(C(=O)OC(C)(C)C)C3)C1CC2,"C1_PLATINUM-1,3-DIVINYL-1,1,3,3-TETRAMETHYLDISILOXANE COMPLEX, IN XYLENES",C=C[Si](C)(C)O[Si](C)(C)C=C.[Pt],0.15,L1_Davephos,CN(C)c1ccccc1-c1ccccc1P(C1CCCCC1)C1CCCCC1,0.005,None,None,None,None,None,None,None,None,None,O1_phenylsilane,C1=CC=C(C=C1)[Si]ÔøΩÔøΩ,0.6,None,None,None,None,None,None,none,100,none,0,UPLCMS,AF13,297094.4184,444663,,,,,0,,,0,4.4,100,-17.5,-0.18,0
yk-1536-4-make-product,1536,80,,1536,AF,14,"E95_5-BROMO-2-IODOBENZOIC ACID, 98.0+%",C1=CC(=C(C=C1Br)C(=O)O)I,0.2,N2_hydroxydehydroabietylamine,CC(C)C(C(O)=C1)=CC2=C1[C@]3(C)C(CC2)[C@](C)(CN)CCC3,0.1,,CC(C)c1cc2c(cc1O)[C@@]1(C)CCC[C@@](C)(CNCc3cc(Br)ccc3I)C1CC2,"C1_PLATINUM-1,3-DIVINYL-1,1,3,3-TETRAMETHYLDISILOXANE COMPLEX, IN XYLENES",C=C[Si](C)(C)O[Si](C)(C)C=C.[Pt],0.15,L1_Davephos,CN(C)c1ccccc1-c1ccccc1P(C1CCCCC1)C1CCCCC1,0.005,None,None,None,None,None,None,None,None,None,O1_phenylsilane,C1=CC=C(C=C1)[Si]ÔøΩÔøΩ,0.6,None,None,None,None,None,None,none,100,none,0,UPLCMS,AF14,1243516.327,1268755.567,,,,,0,,,0,12.7,100,-19,-0.19,0
yk-1536-4-make-product,1536,80,,1536,AF,15,E140_benzoic acid,C1=CC=C(C=C1)C(=O)O,0.2,N2_hydroxydehydroabietylamine,CC(C)C(C(O)=C1)=CC2=C1[C@]3(C)C(CC2)[C@](C)(CN)CCC3,0.1,,CC(C)c1cc2c(cc1O)[C@@]1(C)CCC[C@@](C)(CNCc3ccccc3)C1CC2,"C1_PLATINUM-1,3-DIVINYL-1,1,3,3-TETRAMETHYLDISILOXANE COMPLEX, IN XYLENES",C=C[Si](C)(C)O[Si](C)(C)C=C.[Pt],0.15,L1_Davephos,CN(C)c1ccccc1-c1ccccc1P(C1CCCCC1)C1CCCCC1,0.005,None,None,None,None,None,None,None,None,None,O1_phenylsilane,C1=CC=C(C=C1)[Si]ÔøΩÔøΩ,0.6,None,None,None,None,None,None,none,100,none,0,UPLCMS,AF15,3754.33701,53331.24587,,,,,0,,,0.8,0.5,40.9,-3.9,-0.1,0
yk-1536-4-make-product,1536,80,,1536,AF,16,E179_3-(4-fluorophenyl)propanoic acid,C1=CC(=CC=C1CCC(=O)O)F,0.2,N2_hydroxydehydroabietylamine,CC(C)C(C(O)=C1)=CC2=C1[C@]3(C)C(CC2)[C@](C)(CN)CCC3,0.1,,CC(C)c1cc2c(cc1O)[C@@]1(C)CCC[C@@](C)(CNCCCc3ccc(F)cc3)C1CC2,"C1_PLATINUM-1,3-DIVINYL-1,1,3,3-TETRAMETHYLDISILOXANE COMPLEX, IN XYLENES",C=C[Si](C)(C)O[Si](C)(C)C=C.[Pt],0.15,L1_Davephos,CN(C)c1ccccc1-c1ccccc1P(C1CCCCC1)C1CCCCC1,0.005,None,None,None,None,None,None,None,None,None,O1_phenylsilane,C1=CC=C(C=C1)[Si]ÔøΩÔøΩ,0.6,None,None,None,None,None,None,none,100,none,0,UPLCMS,AF16,0,0,,,,,0,,,0.6,0,0,4.9,0,0
yk-1536-4-make-product,1536,80,,1536,AF,17,E222_2-(6-methoxypyridin-3-yl)acetic acid,COC1=NC=C(C=C1)CC(=O)O,0.2,N2_hydroxydehydroabietylamine,CC(C)C(C(O)=C1)=CC2=C1[C@]3(C)C(CC2)[C@](C)(CN)CCC3,0.1,,COc1ccc(CCNC[C@]2(C)CCC[C@]3(C)c4cc(O)c(C(C)C)cc4CCC23)cn1,"C1_PLATINUM-1,3-DIVINYL-1,1,3,3-TETRAMETHYLDISILOXANE COMPLEX, IN XYLENES",C=C[Si](C)(C)O[Si](C)(C)C=C.[Pt],0.15,L1_Davephos,CN(C)c1ccccc1-c1ccccc1P(C1CCCCC1)C1CCCCC1,0.005,None,None,None,None,None,None,None,None,None,O1_phenylsilane,C1=CC=C(C=C1)[Si]ÔøΩÔøΩ,0.6,None,None,None,None,None,None,none,100,none,0,UPLCMS,AF17,297918.9054,327356.8758,,,,,0,,,0,3.3,100,-12.8,-0.13,0
yk-1536-4-make-product,1536,80,,1536,AF,18,E277_2-(6-(Trifluoromethyl)pyridin-3-yl)acetic Acid,C1=CC(=NC=C1CC(=O)O)C(F)(F)F,0.2,N2_hydroxydehydroabietylamine,CC(C)C(C(O)=C1)=CC2=C1[C@]3(C)C(CC2)[C@](C)(CN)CCC3,0.1,,CC(C)c1cc2c(cc1O)[C@@]1(C)CCC[C@@](C)(CNCCc3ccc(C(F)(F)F)nc3)C1CC2,"C1_PLATINUM-1,3-DIVINYL-1,1,3,3-TETRAMETHYLDISILOXANE COMPLEX, IN XYLENES",C=C[Si](C)(C)O[Si](C)(C)C=C.[Pt],0.15,L1_Davephos,CN(C)c1ccccc1-c1ccccc1P(C1CCCCC1)C1CCCCC1,0.005,None,None,None,None,None,None,None,None,None,O1_phenylsilane,C1=CC=C(C=C1)[Si]ÔøΩÔøΩ,0.6,None,None,None,None,None,None,none,100,none,0,UPLCMS,AF18,433514.6825,645372.6023,,,,,0,,,0,6.5,100,-9.4,-0.09,0
yk-1536-4-make-product,1536,80,,1536,AF,19,E319_Menbutone,COc1ccc(C(=O)CCC(=O)O)c2ccccc12,0.05,N2_hydroxydehydroabietylamine,CC(C)C(C(O)=C1)=CC2=C1[C@]3(C)C(CC2)[C@](C)(CN)CCC3,0.1,,COc1ccc(C(=O)CCCNC[C@]2(C)CCC[C@]3(C)c4cc(O)c(C(C)C)cc4CCC23)c2ccccc12,"C1_PLATINUM-1,3-DIVINYL-1,1,3,3-TETRAMETHYLDISILOXANE COMPLEX, IN XYLENES",C=C[Si](C)(C)O[Si](C)(C)C=C.[Pt],0.15,L1_Davephos,CN(C)c1ccccc1-c1ccccc1P(C1CCCCC1)C1CCCCC1,0.005,None,None,None,None,None,None,None,None,None,O1_phenylsilane,C1=CC=C(C=C1)[Si]ÔøΩÔøΩ,0.6,None,None,None,None,None,None,none,100,none,0,UPLCMS,AF19,3740.09355,0,,,,,0,,,0,0,0,-2.6,0,0
yk-1536-4-make-product,1536,80,,1536,AF,20,"E100_N-BUTYRIC ACID, 99+%",CCCC(=O)O,0.2,N2_hydroxydehydroabietylamine,CC(C)C(C(O)=C1)=CC2=C1[C@]3(C)C(CC2)[C@](C)(CN)CCC3,0.1,,CCCCNC[C@]1(C)CCC[C@]2(C)c3cc(O)c(C(C)C)cc3CCC12,"C1_PLATINUM-1,3-DIVINYL-1,1,3,3-TETRAMETHYLDISILOXANE COMPLEX, IN XYLENES",C=C[Si](C)(C)O[Si](C)(C)C=C.[Pt],0.15,L1_Davephos,CN(C)c1ccccc1-c1ccccc1P(C1CCCCC1)C1CCCCC1,0.005,None,None,None,None,None,None,None,None,None,O1_phenylsilane,C1=CC=C(C=C1)[Si]ÔøΩÔøΩ,0.6,None,None,None,None,None,None,none,100,none,0,UPLCMS,AF20,54515.65523,0,,,,,0,,,0,0,0,11.4,0,0
yk-1536-4-make-product,1536,80,,1536,AF,21,"E225_4-methyl-1,3-thiazole-5-carboxylic acid",CC1=C(SC=N1)C(=O)O,0.2,N2_hydroxydehydroabietylamine,CC(C)C(C(O)=C1)=CC2=C1[C@]3(C)C(CC2)[C@](C)(CN)CCC3,0.1,,Cc1ncsc1CNC[C@]1(C)CCC[C@]2(C)c3cc(O)c(C(C)C)cc3CCC12,"C1_PLATINUM-1,3-DIVINYL-1,1,3,3-TETRAMETHYLDISILOXANE COMPLEX, IN XYLENES",C=C[Si](C)(C)O[Si](C)(C)C=C.[Pt],0.15,L1_Davephos,CN(C)c1ccccc1-c1ccccc1P(C1CCCCC1)C1CCCCC1,0.005,None,None,None,None,None,None,None,None,None,O1_phenylsilane,C1=CC=C(C=C1)[Si]ÔøΩÔøΩ,0.6,None,None,None,None,None,None,none,100,none,0,UPLCMS,AF21,0,0,,,,,0,,,0.5,0,0,11.3,0,0
yk-1536-4-make-product,1536,80,,1536,AF,22,E320_1-Methyl-3-oxocyclobutanecarboxylic acid,CC1(C(=O)O)CC(=O)C1,0.2,N2_hydroxydehydroabietylamine,CC(C)C(C(O)=C1)=CC2=C1[C@]3(C)C(CC2)[C@](C)(CN)CCC3,0.1,,CC(C)c1cc2c(cc1O)[C@@]1(C)CCC[C@@](C)(CNCC3(C)CC(=O)C3)C1CC2,"C1_PLATINUM-1,3-DIVINYL-1,1,3,3-TETRAMETHYLDISILOXANE COMPLEX, IN XYLENES",C=C[Si](C)(C)O[Si](C)(C)C=C.[Pt],0.15,L1_Davephos,CN(C)c1ccccc1-c1ccccc1P(C1CCCCC1)C1CCCCC1,0.005,None,None,None,None,None,None,None,None,None,O1_phenylsilane,C1=CC=C(C=C1)[Si]ÔøΩÔøΩ,0.6,None,None,None,None,None,None,none,100,none,0,UPLCMS,AF22,12851,26991,,,,,0,,,0,0.3,100,-1.6,-0.02,0
yk-1536-4-make-product,1536,80,,1536,AF,23,E352_Blank32,O=CO,0.2,N2_hydroxydehydroabietylamine,CC(C)C(C(O)=C1)=CC2=C1[C@]3(C)C(CC2)[C@](C)(CN)CCC3,0.1,MainProduct[303],CC(C)C(C(O)=C1)=CC2=C1[C@]3(C)C(CC2)[C@](C)(CN)CCC3,"C1_PLATINUM-1,3-DIVINYL-1,1,3,3-TETRAMETHYLDISILOXANE COMPLEX, IN XYLENES",C=C[Si](C)(C)O[Si](C)(C)C=C.[Pt],0.15,L1_Davephos,CN(C)c1ccccc1-c1ccccc1P(C1CCCCC1)C1CCCCC1,0.005,None,None,None,None,None,None,None,None,None,O1_phenylsilane,C1=CC=C(C=C1)[Si]ÔøΩÔøΩ,0.6,None,None,None,None,None,None,none,100,none,0,UPLCMS,AF23,0,50091.0037,,,,,56017.23954,,,0,0.5,100,0,0,0
yk-1536-4-make-product,1536,80,,1536,AF,24,E384_Blank64,O=CO,0.2,N2_hydroxydehydroabietylamine,CC(C)C(C(O)=C1)=CC2=C1[C@]3(C)C(CC2)[C@](C)(CN)CCC3,0.1,MainProduct[304],CC(C)C(C(O)=C1)=CC2=C1[C@]3(C)C(CC2)[C@](C)(CN)CCC3,"C1_PLATINUM-1,3-DIVINYL-1,1,3,3-TETRAMETHYLDISILOXANE COMPLEX, IN XYLENES",C=C[Si](C)(C)O[Si](C)(C)C=C.[Pt],0.15,L1_Davephos,CN(C)c1ccccc1-c1ccccc1P(C1CCCCC1)C1CCCCC1,0.005,None,None,None,None,None,None,None,None,None,O1_phenylsilane,C1=CC=C(C=C1)[Si]ÔøΩÔøΩ,0.6,None,None,None,None,None,None,none,100,none,0,UPLCMS,AF24,0,0,,,,,0,,,0,0,0,0,0,0
yk-1536-4-make-product,1536,80,,1536,AF,25,"E52_(R)-1-BOC-NIPECOTIC ACID, 97%",CC(C)(C)OC(=O)N1CCCC(C1)C(=O)O,0.2,N3_Scaffold 7,CC(C)C1=CC2=CCC3[C@](C)(CN)CCC[C@]3(C)C2CC1,0.1,,CC(C)C1=CC2=CCC3[C@](C)(CNCC4CCCN(C(=O)OC(C)(C)C)C4)CCC[C@]3(C)C2CC1,"C1_PLATINUM-1,3-DIVINYL-1,1,3,3-TETRAMETHYLDISILOXANE COMPLEX, IN XYLENES",C=C[Si](C)(C)O[Si](C)(C)C=C.[Pt],0.15,L1_Davephos,CN(C)c1ccccc1-c1ccccc1P(C1CCCCC1)C1CCCCC1,0.005,None,None,None,None,None,None,None,None,None,O1_phenylsilane,C1=CC=C(C=C1)[Si]ÔøΩÔøΩ,0.6,None,None,None,None,None,None,none,100,none,0,UPLCMS,AF25,3096032.614,2402145.699,227747.1638,560800.5068,0,0,0,0,0,5.6,24,81.1,-25.2,-0.31,0
yk-1536-4-make-product,1536,80,,1536,AF,26,"E95_5-BROMO-2-IODOBENZOIC ACID, 98.0+%",C1=CC(=C(C=C1Br)C(=O)O)I,0.2,N3_Scaffold 7,CC(C)C1=CC2=CCC3[C@](C)(CN)CCC[C@]3(C)C2CC1,0.1,,CC(C)C1=CC2=CCC3[C@](C)(CNCc4cc(Br)ccc4I)CCC[C@]3(C)C2CC1,"C1_PLATINUM-1,3-DIVINYL-1,1,3,3-TETRAMETHYLDISILOXANE COMPLEX, IN XYLENES",C=C[Si](C)(C)O[Si](C)(C)C=C.[Pt],0.15,L1_Davephos,CN(C)c1ccccc1-c1ccccc1P(C1CCCCC1)C1CCCCC1,0.005,None,None,None,None,None,None,None,None,None,O1_phenylsilane,C1=CC=C(C=C1)[Si]ÔøΩÔøΩ,0.6,None,None,None,None,None,None,none,100,none,0,UPLCMS,AF26,3327501.715,3227747.132,111639.1078,1115755.627,0,0,0,0,0,11.2,32.3,74.2,10.6,0.14,0
yk-1536-4-make-product,1536,80,,1536,AF,27,E140_benzoic acid,C1=CC=C(C=C1)C(=O)O,0.2,N3_Scaffold 7,CC(C)C1=CC2=CCC3[C@](C)(CN)CCC[C@]3(C)C2CC1,0.1,,CC(C)C1=CC2=CCC3[C@](C)(CNCc4ccccc4)CCC[C@]3(C)C2CC1,"C1_PLATINUM-1,3-DIVINYL-1,1,3,3-TETRAMETHYLDISILOXANE COMPLEX, IN XYLENES",C=C[Si](C)(C)O[Si](C)(C)C=C.[Pt],0.15,L1_Davephos,CN(C)c1ccccc1-c1ccccc1P(C1CCCCC1)C1CCCCC1,0.005,None,None,None,None,None,None,None,None,None,O1_phenylsilane,C1=CC=C(C=C1)[Si]ÔøΩÔøΩ,0.6,None,None,None,None,None,None,none,100,none,0,UPLCMS,AF27,6745.80322,0,662382.5464,668975.528,0,0,0,1031.67835,0,6.7,0,0,-2.3,0,0
yk-1536-4-make-product,1536,80,,1536,AF,28,E179_3-(4-fluorophenyl)propanoic acid,C1=CC(=CC=C1CCC(=O)O)F,0.2,N3_Scaffold 7,CC(C)C1=CC2=CCC3[C@](C)(CN)CCC[C@]3(C)C2CC1,0.1,,CC(C)C1=CC2=CCC3[C@](C)(CNCCCc4ccc(F)cc4)CCC[C@]3(C)C2CC1,"C1_PLATINUM-1,3-DIVINYL-1,1,3,3-TETRAMETHYLDISILOXANE COMPLEX, IN XYLENES",C=C[Si](C)(C)O[Si](C)(C)C=C.[Pt],0.15,L1_Davephos,CN(C)c1ccccc1-c1ccccc1P(C1CCCCC1)C1CCCCC1,0.005,None,None,None,None,None,None,None,None,None,O1_phenylsilane,C1=CC=C(C=C1)[Si]ÔøΩÔøΩ,0.6,None,None,None,None,None,None,none,100,none,0,UPLCMS,AF28,0,0,392952.4452,381185.205,0,0,0,0,0,3.8,0,0,-7.9,0,0
yk-1536-4-make-product,1536,80,,1536,AF,29,E222_2-(6-methoxypyridin-3-yl)acetic acid,COC1=NC=C(C=C1)CC(=O)O,0.2,N3_Scaffold 7,CC(C)C1=CC2=CCC3[C@](C)(CN)CCC[C@]3(C)C2CC1,0.1,,COc1ccc(CCNC[C@]2(C)CCC[C@]3(C)C4CCC(C(C)C)=CC4=CCC23)cn1,"C1_PLATINUM-1,3-DIVINYL-1,1,3,3-TETRAMETHYLDISILOXANE COMPLEX, IN XYLENES",C=C[Si](C)(C)O[Si](C)(C)C=C.[Pt],0.15,L1_Davephos,CN(C)c1ccccc1-c1ccccc1P(C1CCCCC1)C1CCCCC1,0.005,None,None,None,None,None,None,None,None,None,O1_phenylsilane,C1=CC=C(C=C1)[Si]ÔøΩÔøΩ,0.6,None,None,None,None,None,None,none,100,none,0,UPLCMS,AF29,1370975.531,2467575,74700.04768,665339.8774,0,0,0,0,0,6.7,24.7,78.6,-6.9,-0.09,0
yk-1536-4-make-product,1536,80,,1536,AF,30,E277_2-(6-(Trifluoromethyl)pyridin-3-yl)acetic Acid,C1=CC(=NC=C1CC(=O)O)C(F)(F)F,0.2,N3_Scaffold 7,CC(C)C1=CC2=CCC3[C@](C)(CN)CCC[C@]3(C)C2CC1,0.1,,CC(C)C1=CC2=CCC3[C@](C)(CNCCc4ccc(C(F)(F)F)nc4)CCC[C@]3(C)C2CC1,"C1_PLATINUM-1,3-DIVINYL-1,1,3,3-TETRAMETHYLDISILOXANE COMPLEX, IN XYLENES",C=C[Si](C)(C)O[Si](C)(C)C=C.[Pt],0.15,L1_Davephos,CN(C)c1ccccc1-c1ccccc1P(C1CCCCC1)C1CCCCC1,0.005,None,None,None,None,None,None,None,None,None,O1_phenylsilane,C1=CC=C(C=C1)[Si]ÔøΩÔøΩ,0.6,None,None,None,None,None,None,none,100,none,0,UPLCMS,AF30,1554498.143,2863256.315,130600.7435,355227.7284,0,0,0,0,0,3.6,28.6,88.8,-2.8,-0.03,0
yk-1536-4-make-product,1536,80,,1536,AF,31,E319_Menbutone,COc1ccc(C(=O)CCC(=O)O)c2ccccc12,0.05,N3_Scaffold 7,CC(C)C1=CC2=CCC3[C@](C)(CN)CCC[C@]3(C)C2CC1,0.1,,COc1ccc(C(=O)CCCNC[C@]2(C)CCC[C@]3(C)C4CCC(C(C)C)=CC4=CCC23)c2ccccc12,"C1_PLATINUM-1,3-DIVINYL-1,1,3,3-TETRAMETHYLDISILOXANE COMPLEX, IN XYLENES",C=C[Si](C)(C)O[Si](C)(C)C=C.[Pt],0.15,L1_Davephos,CN(C)c1ccccc1-c1ccccc1P(C1CCCCC1)C1CCCCC1,0.005,None,None,None,None,None,None,None,None,None,O1_phenylsilane,C1=CC=C(C=C1)[Si]ÔøΩÔøΩ,0.6,None,None,None,None,None,None,none,100,none,0,UPLCMS,AF31,44305.04635,0,49047.61,275541.2593,0,0,0,0,0,2.8,0,0,-7.4,0,0
yk-1536-4-make-product,1536,80,,1536,AF,32,"E100_N-BUTYRIC ACID, 99+%",CCCC(=O)O,0.2,N3_Scaffold 7,CC(C)C1=CC2=CCC3[C@](C)(CN)CCC[C@]3(C)C2CC1,0.1,,CCCCNC[C@]1(C)CCC[C@]2(C)C3CCC(C(C)C)=CC3=CCC12,"C1_PLATINUM-1,3-DIVINYL-1,1,3,3-TETRAMETHYLDISILOXANE COMPLEX, IN XYLENES",C=C[Si](C)(C)O[Si](C)(C)C=C.[Pt],0.15,L1_Davephos,CN(C)c1ccccc1-c1ccccc1P(C1CCCCC1)C1CCCCC1,0.005,None,None,None,None,None,None,None,None,None,O1_phenylsilane,C1=CC=C(C=C1)[Si]ÔøΩÔøΩ,0.6,None,None,None,None,None,None,none,100,none,0,UPLCMS,AF32,888916.8802,879809.0518,46832.71845,164319.7498,0,0,5382.69895,0,0,1.6,8.8,84.6,-6.1,-0.07,0
yk-1536-4-make-product,1536,80,,1536,AF,33,"E225_4-methyl-1,3-thiazole-5-carboxylic acid",CC1=C(SC=N1)C(=O)O,0.2,N3_Scaffold 7,CC(C)C1=CC2=CCC3[C@](C)(CN)CCC[C@]3(C)C2CC1,0.1,,Cc1ncsc1CNC[C@]1(C)CCC[C@]2(C)C3CCC(C(C)C)=CC3=CCC12,"C1_PLATINUM-1,3-DIVINYL-1,1,3,3-TETRAMETHYLDISILOXANE COMPLEX, IN XYLENES",C=C[Si](C)(C)O[Si](C)(C)C=C.[Pt],0.15,L1_Davephos,CN(C)c1ccccc1-c1ccccc1P(C1CCCCC1)C1CCCCC1,0.005,None,None,None,None,None,None,None,None,None,O1_phenylsilane,C1=CC=C(C=C1)[Si]ÔøΩÔøΩ,0.6,None,None,None,None,None,None,none,100,none,0,UPLCMS,AF33,28384.81568,1104258.384,731606.6117,728343.0519,0,0,99746.12685,0,0,7.3,11,60.2,-4.2,-0.07,0
yk-1536-4-make-product,1536,80,,1536,AF,34,E320_1-Methyl-3-oxocyclobutanecarboxylic acid,CC1(C(=O)O)CC(=O)C1,0.2,N3_Scaffold 7,CC(C)C1=CC2=CCC3[C@](C)(CN)CCC[C@]3(C)C2CC1,0.1,,CC(C)C1=CC2=CCC3[C@](C)(CNCC4(C)CC(=O)C4)CCC[C@]3(C)C2CC1,"C1_PLATINUM-1,3-DIVINYL-1,1,3,3-TETRAMETHYLDISILOXANE COMPLEX, IN XYLENES",C=C[Si](C)(C)O[Si](C)(C)C=C.[Pt],0.15,L1_Davephos,CN(C)c1ccccc1-c1ccccc1P(C1CCCCC1)C1CCCCC1,0.005,None,None,None,None,None,None,None,None,None,O1_phenylsilane,C1=CC=C(C=C1)[Si]ÔøΩÔøΩ,0.6,None,None,None,None,None,None,none,100,none,0,UPLCMS,AF34,378049.6802,0,263845.7385,402040.0867,0,0,0,0,0,4,0,0,-12.5,0,0
yk-1536-4-make-product,1536,80,,1536,AF,35,E352_Blank32,O=CO,0.2,N3_Scaffold 7,CC(C)C1=CC2=CCC3[C@](C)(CN)CCC[C@]3(C)C2CC1,0.1,MainProduct[316],CC(C)C1=CC2=CCC3[C@](C)(CN)CCC[C@]3(C)C2CC1,"C1_PLATINUM-1,3-DIVINYL-1,1,3,3-TETRAMETHYLDISILOXANE COMPLEX, IN XYLENES",C=C[Si](C)(C)O[Si](C)(C)C=C.[Pt],0.15,L1_Davephos,CN(C)c1ccccc1-c1ccccc1P(C1CCCCC1)C1CCCCC1,0.005,None,None,None,None,None,None,None,None,None,O1_phenylsilane,C1=CC=C(C=C1)[Si]ÔøΩÔøΩ,0.6,None,None,None,None,None,None,none,100,none,0,UPLCMS,AF35,0,1116851.876,0,0,0,0,1088214.757,0,0,0,11.2,100,0,0,0
yk-1536-4-make-product,1536,80,,1536,AF,36,E384_Blank64,O=CO,0.2,N3_Scaffold 7,CC(C)C1=CC2=CCC3[C@](C)(CN)CCC[C@]3(C)C2CC1,0.1,MainProduct[317],CC(C)C1=CC2=CCC3[C@](C)(CN)CCC[C@]3(C)C2CC1,"C1_PLATINUM-1,3-DIVINYL-1,1,3,3-TETRAMETHYLDISILOXANE COMPLEX, IN XYLENES",C=C[Si](C)(C)O[Si](C)(C)C=C.[Pt],0.15,L1_Davephos,CN(C)c1ccccc1-c1ccccc1P(C1CCCCC1)C1CCCCC1,0.005,None,None,None,None,None,None,None,None,None,O1_phenylsilane,C1=CC=C(C=C1)[Si]ÔøΩÔøΩ,0.6,None,None,None,None,None,None,none,100,none,0,UPLCMS,AF36,0,0,0,0,0,0,0,0,0,0,0,0,0,0,0
yk-1536-4-make-product,1536,80,,1536,AF,37,"E52_(R)-1-BOC-NIPECOTIC ACID, 97%",CC(C)(C)OC(=O)N1CCCC(C1)C(=O)O,0.2,N4_Scaffold 6,CCNC[C@@]1(C)C2[C@](C)(CCC1)c3c(CC2)cc(C(C)C)c(c3)N,0.1,,CCNC[C@]1(C)CCC[C@]2(C)c3cc(NCC4CCCN(C(=O)OC(C)(C)C)C4)c(C(C)C)cc3CCC12,"C1_PLATINUM-1,3-DIVINYL-1,1,3,3-TETRAMETHYLDISILOXANE COMPLEX, IN XYLENES",C=C[Si](C)(C)O[Si](C)(C)C=C.[Pt],0.15,L1_Davephos,CN(C)c1ccccc1-c1ccccc1P(C1CCCCC1)C1CCCCC1,0.005,None,None,None,None,None,None,None,None,None,O1_phenylsilane,C1=CC=C(C=C1)[Si]ÔøΩÔøΩ,0.6,None,None,None,None,None,None,none,100,none,0,UPLCMS,AF37,495308.0912,1474099.375,0,0,1661506.416,1548883.592,0,0,0,15.5,14.7,48.7,-4.2,-0.09,0
yk-1536-4-make-product,1536,80,,1536,AF,38,"E95_5-BROMO-2-IODOBENZOIC ACID, 98.0+%",C1=CC(=C(C=C1Br)C(=O)O)I,0.2,N4_Scaffold 6,CCNC[C@@]1(C)C2[C@](C)(CCC1)c3c(CC2)cc(C(C)C)c(c3)N,0.1,,CCNC[C@]1(C)CCC[C@]2(C)c3cc(NCc4cc(Br)ccc4I)c(C(C)C)cc3CCC12,"C1_PLATINUM-1,3-DIVINYL-1,1,3,3-TETRAMETHYLDISILOXANE COMPLEX, IN XYLENES",C=C[Si](C)(C)O[Si](C)(C)C=C.[Pt],0.15,L1_Davephos,CN(C)c1ccccc1-c1ccccc1P(C1CCCCC1)C1CCCCC1,0.005,None,None,None,None,None,None,None,None,None,O1_phenylsilane,C1=CC=C(C=C1)[Si]ÔøΩÔøΩ,0.6,None,None,None,None,None,None,none,100,none,0,UPLCMS,AF38,157756.82,519422.7904,0,0,2561879.549,2149203.249,94726.11308,0,0,21.5,5.2,19.5,-6.6,-0.34,0
yk-1536-4-make-product,1536,80,,1536,AF,39,E140_benzoic acid,C1=CC=C(C=C1)C(=O)O,0.2,N4_Scaffold 6,CCNC[C@@]1(C)C2[C@](C)(CCC1)c3c(CC2)cc(C(C)C)c(c3)N,0.1,,CCNC[C@]1(C)CCC[C@]2(C)c3cc(NCc4ccccc4)c(C(C)C)cc3CCC12,"C1_PLATINUM-1,3-DIVINYL-1,1,3,3-TETRAMETHYLDISILOXANE COMPLEX, IN XYLENES",C=C[Si](C)(C)O[Si](C)(C)C=C.[Pt],0.15,L1_Davephos,CN(C)c1ccccc1-c1ccccc1P(C1CCCCC1)C1CCCCC1,0.005,None,None,None,None,None,None,None,None,None,O1_phenylsilane,C1=CC=C(C=C1)[Si]ÔøΩÔøΩ,0.6,None,None,None,None,None,None,none,100,none,0,UPLCMS,AF39,0,0,0,0,1255838.73,1211515.319,0,0,0,12.1,0,0,-30.3,0,0
yk-1536-4-make-product,1536,80,,1536,AF,40,E179_3-(4-fluorophenyl)propanoic acid,C1=CC(=CC=C1CCC(=O)O)F,0.2,N4_Scaffold 6,CCNC[C@@]1(C)C2[C@](C)(CCC1)c3c(CC2)cc(C(C)C)c(c3)N,0.1,,CCNC[C@]1(C)CCC[C@]2(C)c3cc(NCCCc4ccc(F)cc4)c(C(C)C)cc3CCC12,"C1_PLATINUM-1,3-DIVINYL-1,1,3,3-TETRAMETHYLDISILOXANE COMPLEX, IN XYLENES",C=C[Si](C)(C)O[Si](C)(C)C=C.[Pt],0.15,L1_Davephos,CN(C)c1ccccc1-c1ccccc1P(C1CCCCC1)C1CCCCC1,0.005,None,None,None,None,None,None,None,None,None,O1_phenylsilane,C1=CC=C(C=C1)[Si]ÔøΩÔøΩ,0.6,None,None,None,None,None,None,none,100,none,0,UPLCMS,AF40,0,0,0,0,567101.5618,559803.6142,0,0,0,5.6,0,0,-17.9,0,0
yk-1536-4-make-product,1536,80,,1536,AF,41,E222_2-(6-methoxypyridin-3-yl)acetic acid,COC1=NC=C(C=C1)CC(=O)O,0.2,N4_Scaffold 6,CCNC[C@@]1(C)C2[C@](C)(CCC1)c3c(CC2)cc(C(C)C)c(c3)N,0.1,,CCNC[C@]1(C)CCC[C@]2(C)c3cc(NCCc4ccc(OC)nc4)c(C(C)C)cc3CCC12,"C1_PLATINUM-1,3-DIVINYL-1,1,3,3-TETRAMETHYLDISILOXANE COMPLEX, IN XYLENES",C=C[Si](C)(C)O[Si](C)(C)C=C.[Pt],0.15,L1_Davephos,CN(C)c1ccccc1-c1ccccc1P(C1CCCCC1)C1CCCCC1,0.005,None,None,None,None,None,None,None,None,None,O1_phenylsilane,C1=CC=C(C=C1)[Si]ÔøΩÔøΩ,0.6,None,None,None,None,None,None,none,100,none,0,UPLCMS,AF41,371592.1807,987902.717,0,0,1457058.321,1256619.979,0,0,0,12.6,9.9,43.9,-18.8,-0.43,0
yk-1536-4-make-product,1536,80,,1536,AF,42,E277_2-(6-(Trifluoromethyl)pyridin-3-yl)acetic Acid,C1=CC(=NC=C1CC(=O)O)C(F)(F)F,0.2,N4_Scaffold 6,CCNC[C@@]1(C)C2[C@](C)(CCC1)c3c(CC2)cc(C(C)C)c(c3)N,0.1,,CCNC[C@]1(C)CCC[C@]2(C)c3cc(NCCc4ccc(C(F)(F)F)nc4)c(C(C)C)cc3CCC12,"C1_PLATINUM-1,3-DIVINYL-1,1,3,3-TETRAMETHYLDISILOXANE COMPLEX, IN XYLENES",C=C[Si](C)(C)O[Si](C)(C)C=C.[Pt],0.15,L1_Davephos,CN(C)c1ccccc1-c1ccccc1P(C1CCCCC1)C1CCCCC1,0.005,None,None,None,None,None,None,None,None,None,O1_phenylsilane,C1=CC=C(C=C1)[Si]ÔøΩÔøΩ,0.6,None,None,None,None,None,None,none,100,none,0,UPLCMS,AF42,172878.8974,556973.8207,0,0,1443488.019,1109652.845,0,0,0,11.1,5.6,33.4,-11.5,-0.34,0
yk-1536-4-make-product,1536,80,,1536,AF,43,E319_Menbutone,COc1ccc(C(=O)CCC(=O)O)c2ccccc12,0.05,N4_Scaffold 6,CCNC[C@@]1(C)C2[C@](C)(CCC1)c3c(CC2)cc(C(C)C)c(c3)N,0.1,,CCNC[C@]1(C)CCC[C@]2(C)c3cc(NCCCC(=O)c4ccc(OC)c5ccccc45)c(C(C)C)cc3CCC12,"C1_PLATINUM-1,3-DIVINYL-1,1,3,3-TETRAMETHYLDISILOXANE COMPLEX, IN XYLENES",C=C[Si](C)(C)O[Si](C)(C)C=C.[Pt],0.15,L1_Davephos,CN(C)c1ccccc1-c1ccccc1P(C1CCCCC1)C1CCCCC1,0.005,None,None,None,None,None,None,None,None,None,O1_phenylsilane,C1=CC=C(C=C1)[Si]ÔøΩÔøΩ,0.6,None,None,None,None,None,None,none,100,none,0,UPLCMS,AF43,1034734.468,2493094.815,0,0,576721.5309,488693.4281,0,0,0,4.9,24.9,83.6,-9.2,-0.11,0
yk-1536-4-make-product,1536,80,,1536,AF,44,"E100_N-BUTYRIC ACID, 99+%",CCCC(=O)O,0.2,N4_Scaffold 6,CCNC[C@@]1(C)C2[C@](C)(CCC1)c3c(CC2)cc(C(C)C)c(c3)N,0.1,,CCCCNc1cc2c(cc1C(C)C)CCC1[C@](C)(CNCC)CCC[C@]21C,"C1_PLATINUM-1,3-DIVINYL-1,1,3,3-TETRAMETHYLDISILOXANE COMPLEX, IN XYLENES",C=C[Si](C)(C)O[Si](C)(C)C=C.[Pt],0.15,L1_Davephos,CN(C)c1ccccc1-c1ccccc1P(C1CCCCC1)C1CCCCC1,0.005,None,None,None,None,None,None,None,None,None,O1_phenylsilane,C1=CC=C(C=C1)[Si]ÔøΩÔøΩ,0.6,None,None,None,None,None,None,none,100,none,0,UPLCMS,AF44,380154.8446,1413916.301,0,0,993951.0236,849657.9534,0,0,0,8.5,14.1,62.5,-15.6,-0.25,0
yk-1536-4-make-product,1536,80,,1536,AF,45,"E225_4-methyl-1,3-thiazole-5-carboxylic acid",CC1=C(SC=N1)C(=O)O,0.2,N4_Scaffold 6,CCNC[C@@]1(C)C2[C@](C)(CCC1)c3c(CC2)cc(C(C)C)c(c3)N,0.1,,CCNC[C@]1(C)CCC[C@]2(C)c3cc(NCc4scnc4C)c(C(C)C)cc3CCC12,"C1_PLATINUM-1,3-DIVINYL-1,1,3,3-TETRAMETHYLDISILOXANE COMPLEX, IN XYLENES",C=C[Si](C)(C)O[Si](C)(C)C=C.[Pt],0.15,L1_Davephos,CN(C)c1ccccc1-c1ccccc1P(C1CCCCC1)C1CCCCC1,0.005,None,None,None,None,None,None,None,None,None,O1_phenylsilane,C1=CC=C(C=C1)[Si]ÔøΩÔøΩ,0.6,None,None,None,None,None,None,none,100,none,0,UPLCMS,AF45,0,0,0,0,1087351.37,1023233.634,0,0,0,10.2,0,0,-4.4,0,0
yk-1536-4-make-product,1536,80,,1536,AF,46,E320_1-Methyl-3-oxocyclobutanecarboxylic acid,CC1(C(=O)O)CC(=O)C1,0.2,N4_Scaffold 6,CCNC[C@@]1(C)C2[C@](C)(CCC1)c3c(CC2)cc(C(C)C)c(c3)N,0.1,,CCNC[C@]1(C)CCC[C@]2(C)c3cc(NCC4(C)CC(=O)C4)c(C(C)C)cc3CCC12,"C1_PLATINUM-1,3-DIVINYL-1,1,3,3-TETRAMETHYLDISILOXANE COMPLEX, IN XYLENES",C=C[Si](C)(C)O[Si](C)(C)C=C.[Pt],0.15,L1_Davephos,CN(C)c1ccccc1-c1ccccc1P(C1CCCCC1)C1CCCCC1,0.005,None,None,None,None,None,None,None,None,None,O1_phenylsilane,C1=CC=C(C=C1)[Si]ÔøΩÔøΩ,0.6,None,None,None,None,None,None,none,100,none,0,UPLCMS,AF46,182730.0306,0,0,0,226719.5965,114033.1636,30087.97938,0,0,1.1,0,0,-5.9,0,0
yk-1536-4-make-product,1536,80,,1536,AF,47,E352_Blank32,O=CO,0.2,N4_Scaffold 6,CCNC[C@@]1(C)C2[C@](C)(CCC1)c3c(CC2)cc(C(C)C)c(c3)N,0.1,MainProduct[329],CCNC[C@@]1(C)C2[C@](C)(CCC1)c3c(CC2)cc(C(C)C)c(c3)N,"C1_PLATINUM-1,3-DIVINYL-1,1,3,3-TETRAMETHYLDISILOXANE COMPLEX, IN XYLENES",C=C[Si](C)(C)O[Si](C)(C)C=C.[Pt],0.15,L1_Davephos,CN(C)c1ccccc1-c1ccccc1P(C1CCCCC1)C1CCCCC1,0.005,None,None,None,None,None,None,None,None,None,O1_phenylsilane,C1=CC=C(C=C1)[Si]ÔøΩÔøΩ,0.6,None,None,None,None,None,None,none,100,none,0,UPLCMS,AF47,0,1037090.494,0,0,0,0,1011153.382,0,0,0,10.4,100,0,0,0
yk-1536-4-make-product,1536,80,,1536,AF,48,E384_Blank64,O=CO,0.2,N4_Scaffold 6,CCNC[C@@]1(C)C2[C@](C)(CCC1)c3c(CC2)cc(C(C)C)c(c3)N,0.1,MainProduct[330],CCNC[C@@]1(C)C2[C@](C)(CCC1)c3c(CC2)cc(C(C)C)c(c3)N,"C1_PLATINUM-1,3-DIVINYL-1,1,3,3-TETRAMETHYLDISILOXANE COMPLEX, IN XYLENES",C=C[Si](C)(C)O[Si](C)(C)C=C.[Pt],0.15,L1_Davephos,CN(C)c1ccccc1-c1ccccc1P(C1CCCCC1)C1CCCCC1,0.005,None,None,None,None,None,None,None,None,None,O1_phenylsilane,C1=CC=C(C=C1)[Si]ÔøΩÔøΩ,0.6,None,None,None,None,None,None,none,100,none,0,UPLCMS,AF48,0,0,0,0,0,0,0,0,0,0,0,0,0,0,0