gene_id,symbol,log2FoldChange,padj,Sig
ENSG00000096060,FKBP5,0.636598346,3.43E-129,NS
ENSG00000118985,ELL2,0.499956029,5.68E-57,NS
ENSG00000099194,SCD,-0.400563405,1.35E-55,NS
ENSG00000123983,ACSL3,0.43050646,2.80E-55,NS
ENSG00000178573,MAF,0.782565095,1.17E-51,NS
ENSG00000104419,NDRG1,0.512804025,6.15E-44,NS
ENSG00000114450,GNB4,0.432041922,4.97E-37,NS
ENSG00000135862,LAMC1,0.348632502,2.97E-36,NS
ENSG00000136235,GPNMB,-0.744836749,2.77E-35,NS
ENSG00000149809,TM7SF2,-0.453811915,1.50E-34,NS
ENSG00000115461,IGFBP5,0.90360951,2.72E-31,NS
ENSG00000163492,CCDC141,1.157566741,7.52E-30,Up
ENSG00000117724,CENPF,0.361210579,9.04E-30,NS
ENSG00000150672,DLG2,0.586839438,1.43E-29,NS
ENSG00000204262,COL5A2,-0.536729209,1.83E-28,NS
ENSG00000108932,SLC16A6,0.444813905,3.00E-28,NS
ENSG00000143797,MBOAT2,0.338119562,2.72E-27,NS
ENSG00000140443,IGF1R,0.479406063,4.00E-26,NS
ENSG00000169908,TM4SF1,0.512064704,4.00E-26,NS
ENSG00000117143,UAP1,0.264321279,5.37E-25,NS
ENSG00000166451,CENPN,0.260586559,2.18E-24,NS
ENSG00000156802,ATAD2,0.280725371,2.44E-24,NS
ENSG00000113594,LIFR,0.486266209,2.64E-24,NS
ENSG00000145569,OTULINL,0.482622128,3.04E-24,NS
ENSG00000151726,ACSL1,-0.291034046,9.46E-24,NS
ENSG00000112984,KIF20A,0.354180143,1.66E-23,NS
ENSG00000096088,PGC,0.66702806,1.84E-23,NS
ENSG00000158270,COLEC12,-0.523756277,9.52E-23,NS
ENSG00000148773,MKI67,0.331256326,1.36E-22,NS
ENSG00000198648,STK39,0.253833508,8.34E-22,NS
ENSG00000167751,KLK2,0.378076452,1.06E-21,NS
ENSG00000275342,PRAG1,0.599170076,1.76E-21,NS
ENSG00000116574,RHOU,0.316705348,3.91E-21,NS
ENSG00000079616,KIF22,0.288720636,5.03E-21,NS
ENSG00000163110,PDLIM5,0.313133474,6.13E-21,NS
ENSG00000206527,HACD2,0.277833273,2.13E-20,NS
ENSG00000164181,ELOVL7,0.270441011,2.44E-20,NS
ENSG00000099250,NRP1,0.294670355,3.14E-20,NS
ENSG00000145088,EAF2,0.534889086,4.79E-20,NS
ENSG00000162545,CAMK2N1,-0.712809533,5.00E-20,NS
ENSG00000124225,PMEPA1,0.269038068,9.65E-20,NS
ENSG00000070526,ST6GALNAC1,0.428722196,1.38E-19,NS
ENSG00000109107,ALDOC,-0.490718885,3.12E-19,NS
ENSG00000088325,TPX2,0.256379391,5.77E-19,NS
ENSG00000076554,TPD52,0.236633694,1.32E-18,NS
ENSG00000135549,PKIB,-0.453746827,2.22E-18,NS
ENSG00000072042,RDH11,-0.260086764,4.59E-18,NS
ENSG00000197888,UGT2B17,-0.394300497,4.59E-18,NS
ENSG00000012660,ELOVL5,0.210733668,2.47E-17,NS
ENSG00000065882,TBC1D1,0.273851435,2.47E-17,NS
ENSG00000010292,NCAPD2,0.231039388,2.94E-17,NS
ENSG00000072571,HMMR,0.279670722,4.33E-17,NS
ENSG00000156113,KCNMA1,0.25614602,7.71E-17,NS
ENSG00000130513,GDF15,-0.288917404,8.60E-17,NS
ENSG00000131747,TOP2A,0.276993129,1.43E-16,NS
ENSG00000160285,LSS,-0.328859582,1.96E-16,NS
ENSG00000166340,TPP1,-0.278911684,2.48E-16,NS
ENSG00000068489,PRR11,0.28344475,2.62E-16,NS
ENSG00000205189,ZBTB10,0.299588361,2.76E-16,NS
ENSG00000057252,SOAT1,0.247141305,7.07E-16,NS
ENSG00000169756,LIMS1,0.309510133,7.18E-16,NS
ENSG00000186480,INSIG1,-0.332731384,8.83E-16,NS
ENSG00000120833,SOCS2,0.435145702,1.34E-15,NS
ENSG00000164120,HPGD,0.736877629,2.26E-15,NS
ENSG00000134824,FADS2,-0.249807332,2.84E-15,NS
ENSG00000158715,SLC45A3,0.224999159,2.97E-15,NS
ENSG00000087586,AURKA,0.28794747,4.84E-15,NS
ENSG00000153201,RANBP2,0.250235246,6.10E-15,NS
ENSG00000120903,CHRNA2,0.631879227,7.86E-15,NS
ENSG00000124664,SPDEF,0.278734224,8.18E-15,NS
ENSG00000169710,FASN,-0.209441299,9.74E-15,NS
ENSG00000184678,H2BC21,-0.270909509,9.81E-15,NS
ENSG00000250722,SELENOP,0.263649774,1.01E-14,NS
ENSG00000014257,ACP3,-0.506907973,1.10E-14,NS
ENSG00000132872,SYT4,0.207836545,1.15E-14,NS
ENSG00000186193,SAPCD2,0.228722084,2.78E-14,NS
ENSG00000148700,ADD3,-0.259135902,2.84E-14,NS
ENSG00000140526,ABHD2,0.224098241,2.91E-14,NS
ENSG00000149503,INCENP,0.242597428,4.15E-14,NS
ENSG00000163171,CDC42EP3,0.422356437,6.37E-14,NS
ENSG00000135226,UGT2B28,0.730430529,7.26E-14,NS
ENSG00000122691,TWIST1,0.300116025,7.68E-14,NS
ENSG00000144218,AFF3,0.488458841,1.02E-13,NS
ENSG00000125266,EFNB2,0.243272196,1.24E-13,NS
ENSG00000165490,DDIAS,0.296603757,1.27E-13,NS
ENSG00000197977,ELOVL2,0.934618515,1.38E-13,NS
ENSG00000117399,CDC20,0.275254034,1.99E-13,NS
ENSG00000103196,CRISPLD2,0.743345948,5.10E-13,NS
ENSG00000161031,PGLYRP2,1.026614445,6.85E-13,Up
ENSG00000126787,DLGAP5,0.260139146,8.60E-13,NS
ENSG00000184661,CDCA2,0.264535772,9.77E-13,NS
ENSG00000101447,FAM83D,0.255492272,1.53E-12,NS
ENSG00000172572,PDE3A,1.178452418,1.55E-12,Up
ENSG00000182795,C1orf116,0.195319571,1.73E-12,NS
ENSG00000019549,SNAI2,0.592049079,2.01E-12,NS
ENSG00000125257,ABCC4,0.207552373,2.01E-12,NS
ENSG00000182481,KPNA2,0.210219157,2.30E-12,NS
ENSG00000184349,EFNA5,0.233755298,2.36E-12,NS
ENSG00000134240,HMGCS2,-0.474304045,2.80E-12,NS
ENSG00000162174,ASRGL1,0.353749127,3.13E-12,NS
ENSG00000170312,CDK1,0.223314001,4.12E-12,NS
ENSG00000233802,TRIM49D2,0.463720068,4.99E-12,NS
ENSG00000165175,MID1IP1,-0.195744174,8.98E-12,NS
ENSG00000169299,PGM2,0.211639503,1.11E-11,NS
ENSG00000145386,CCNA2,0.246454097,1.44E-11,NS
ENSG00000119655,NPC2,-0.335195868,1.51E-11,NS
ENSG00000116667,C1orf21,0.241113063,2.07E-11,NS
ENSG00000144476,ACKR3,-0.269880562,3.68E-11,NS
ENSG00000213759,UGT2B11,0.407083031,3.75E-11,NS
ENSG00000101384,JAG1,0.27200995,3.79E-11,NS
ENSG00000102780,DGKH,-0.312648608,4.01E-11,NS
ENSG00000166006,KCNC2,0.286054517,4.45E-11,NS
ENSG00000168159,RNF187,-0.182135805,4.81E-11,NS
ENSG00000179222,MAGED1,-0.200659435,4.92E-11,NS
ENSG00000138641,HERC3,0.219800199,5.75E-11,NS
ENSG00000198826,ARHGAP11A,0.241367801,6.85E-11,NS
ENSG00000154144,TBRG1,0.250434082,7.16E-11,NS
ENSG00000198734,F5,0.563429701,8.59E-11,NS
ENSG00000081181,ARG2,-0.285478759,8.80E-11,NS
ENSG00000011426,ANLN,0.214573277,9.34E-11,NS
ENSG00000172785,ZNG1A,0.238306105,9.48E-11,NS
ENSG00000134057,CCNB1,0.213929647,9.60E-11,NS
ENSG00000163399,ATP1A1,0.159566115,2.21E-10,NS
ENSG00000137337,MDC1,0.206953245,2.43E-10,NS
ENSG00000102172,SMS,0.2034861,2.73E-10,NS
ENSG00000103222,ABCC1,0.207682735,3.18E-10,NS
ENSG00000103942,HOMER2,0.215114476,3.50E-10,NS
ENSG00000113810,SMC4,0.215114271,3.51E-10,NS
ENSG00000133065,SLC41A1,0.218429426,3.51E-10,NS
ENSG00000138696,BMPR1B,0.397532922,3.51E-10,NS
ENSG00000189221,MAOA,0.194241984,3.68E-10,NS
ENSG00000134531,EMP1,0.816760053,4.25E-10,NS
ENSG00000072274,TFRC,-0.16578608,4.31E-10,NS
ENSG00000112742,TTK,0.271834767,4.31E-10,NS
ENSG00000129682,FGF13,-0.440924638,4.37E-10,NS
ENSG00000140416,TPM1,0.225167083,7.69E-10,NS
ENSG00000198911,SREBF2,-0.175259266,7.84E-10,NS
ENSG00000196167,COLCA1,-0.275677979,8.73E-10,NS
ENSG00000172893,DHCR7,-0.202314882,8.86E-10,NS
ENSG00000133639,BTG1,0.213878829,9.18E-10,NS
ENSG00000297852,NA,0.260235338,9.62E-10,NS
ENSG00000138771,SHROOM3,0.208909071,9.74E-10,NS
ENSG00000117984,CTSD,-0.202950351,9.76E-10,NS
ENSG00000120802,TMPO,0.178167997,1.12E-09,NS
ENSG00000182628,SKA2,0.202561597,1.22E-09,NS
ENSG00000196208,GREB1,0.377198431,1.51E-09,NS
ENSG00000136689,IL1RN,-0.603657739,1.68E-09,NS
ENSG00000092140,G2E3,0.225359625,1.70E-09,NS
ENSG00000100906,NFKBIA,0.223028381,1.85E-09,NS
ENSG00000185480,PARPBP,0.254325055,2.02E-09,NS
ENSG00000196620,UGT2B15,-0.320336158,2.03E-09,NS
ENSG00000079459,FDFT1,-0.208931275,2.10E-09,NS
ENSG00000150594,ADRA2A,0.185678976,2.37E-09,NS
ENSG00000118193,KIF14,0.26280062,2.63E-09,NS
ENSG00000187210,GCNT1,0.23593188,2.79E-09,NS
ENSG00000144481,TRPM8,0.445486879,3.08E-09,NS
ENSG00000138778,CENPE,0.278338806,3.30E-09,NS
ENSG00000172175,MALT1,0.219536216,3.81E-09,NS
ENSG00000164713,BRI3,-0.243474987,4.10E-09,NS
ENSG00000115414,FN1,0.149962033,4.11E-09,NS
ENSG00000137804,NUSAP1,0.192490713,4.16E-09,NS
ENSG00000109906,ZBTB16,0.251420107,4.16E-09,NS
ENSG00000145703,IQGAP2,0.233288337,4.97E-09,NS
ENSG00000134690,CDCA8,0.216994362,5.25E-09,NS
ENSG00000164938,TP53INP1,-0.249575789,5.60E-09,NS
ENSG00000111913,RIPOR2,0.23590368,5.76E-09,NS
ENSG00000143815,LBR,0.18822866,6.85E-09,NS
ENSG00000143416,SELENBP1,-0.161923969,6.93E-09,NS
ENSG00000161800,RACGAP1,0.187337332,8.10E-09,NS
ENSG00000103121,CMC2,0.226348639,9.67E-09,NS
ENSG00000289746,TARP,0.204949847,9.67E-09,NS
ENSG00000082269,FAM135A,0.291011861,1.04E-08,NS
ENSG00000024526,DEPDC1,0.248382779,1.15E-08,NS
ENSG00000086205,FOLH1,-0.15440263,1.24E-08,NS
ENSG00000166446,CDYL2,0.212604499,1.43E-08,NS
ENSG00000173456,RNF26,0.187458064,1.43E-08,NS
ENSG00000184012,TMPRSS2,0.172940613,1.43E-08,NS
ENSG00000035499,DEPDC1B,0.220255485,1.58E-08,NS
ENSG00000169679,BUB1,0.217279077,1.58E-08,NS
ENSG00000136824,SMC2,0.218147633,1.60E-08,NS
ENSG00000089685,BIRC5,0.177179433,2.04E-08,NS
ENSG00000170142,UBE2E1,0.156581533,2.09E-08,NS
ENSG00000160752,FDPS,-0.20378082,2.33E-08,NS
ENSG00000128641,MYO1B,0.232091495,2.42E-08,NS
ENSG00000141179,PCTP,0.315528531,2.68E-08,NS
ENSG00000075218,GTSE1,0.239816766,3.19E-08,NS
ENSG00000083857,FAT1,0.25899566,3.25E-08,NS
ENSG00000116285,ERRFI1,0.239099488,3.25E-08,NS
ENSG00000145779,TNFAIP8,0.227713017,3.25E-08,NS
ENSG00000101849,TBL1X,0.186845926,3.44E-08,NS
ENSG00000166851,PLK1,0.219348758,3.73E-08,NS
ENSG00000265817,FSBP,0.394984399,3.91E-08,NS
ENSG00000175216,CKAP5,0.152007992,4.24E-08,NS
ENSG00000170144,HNRNPA3,0.142913992,4.32E-08,NS
ENSG00000155850,SLC26A2,0.270033712,4.82E-08,NS
ENSG00000144339,TMEFF2,-0.228464852,5.09E-08,NS
ENSG00000171848,RRM2,0.155374887,5.74E-08,NS
ENSG00000148672,GLUD1,0.155799684,6.15E-08,NS
ENSG00000093167,LRRFIP2,0.201849162,6.50E-08,NS
ENSG00000159335,PTMS,-0.169728853,6.61E-08,NS
ENSG00000289316,NA,0.387724143,6.87E-08,NS
ENSG00000152217,SETBP1,0.243106452,6.98E-08,NS
ENSG00000173230,GOLGB1,0.182068776,7.90E-08,NS
ENSG00000197324,LRP10,-0.193416028,1.06E-07,NS
ENSG00000004866,ST7,-0.163149988,1.35E-07,NS
ENSG00000135373,EHF,0.147973603,1.37E-07,NS
ENSG00000278709,NKILA,0.405284132,1.53E-07,NS
ENSG00000006634,DBF4,0.22440772,1.67E-07,NS
ENSG00000157456,CCNB2,0.214606534,1.91E-07,NS
ENSG00000151012,SLC7A11,0.225434048,1.91E-07,NS
ENSG00000090661,CERS4,-0.336090149,1.97E-07,NS
ENSG00000069974,RAB27A,0.294958857,2.05E-07,NS
ENSG00000128944,KNSTRN,0.21999366,2.07E-07,NS
ENSG00000169122,FAM110B,0.350088316,2.11E-07,NS
ENSG00000058804,NDC1,0.162658549,2.21E-07,NS
ENSG00000101057,MYBL2,0.160008708,2.27E-07,NS
ENSG00000156011,PSD3,0.201823381,2.52E-07,NS
ENSG00000164104,HMGB2,0.165958843,2.67E-07,NS
ENSG00000144445,KANSL1L,0.402199483,2.72E-07,NS
ENSG00000111845,PAK1IP1,0.20625361,2.90E-07,NS
ENSG00000198901,PRC1,0.184739291,3.04E-07,NS
ENSG00000152377,SPOCK1,0.275529484,3.10E-07,NS
ENSG00000104154,SLC30A4,-0.222118451,3.76E-07,NS
ENSG00000170776,AKAP13,0.243717095,3.84E-07,NS
ENSG00000196730,DAPK1,-0.281526258,3.84E-07,NS
ENSG00000163535,SGO2,0.231348224,3.97E-07,NS
ENSG00000138376,BARD1,-0.183608286,3.99E-07,NS
ENSG00000005108,THSD7A,0.697403058,4.34E-07,NS
ENSG00000146555,SDK1,0.387442438,4.48E-07,NS
ENSG00000264522,OTUD7B,0.198887176,4.50E-07,NS
ENSG00000118200,CAMSAP2,0.159795344,4.70E-07,NS
ENSG00000104756,KCTD9,0.210457244,4.82E-07,NS
ENSG00000167034,NKX3-1,0.131197785,4.97E-07,NS
ENSG00000179094,PER1,0.282139954,5.00E-07,NS
ENSG00000043355,ZIC2,-0.269761027,5.02E-07,NS
ENSG00000109452,INPP4B,0.261057295,5.19E-07,NS
ENSG00000123473,STIL,0.214453838,5.42E-07,NS
ENSG00000076382,SPAG5,0.17387033,5.61E-07,NS
ENSG00000143153,ATP1B1,-0.160464085,5.61E-07,NS
ENSG00000143158,MPC2,0.181171382,5.77E-07,NS
ENSG00000102554,KLF5,0.352013434,5.84E-07,NS
ENSG00000134324,LPIN1,-0.238822713,6.53E-07,NS
ENSG00000159674,SPON2,-0.14187903,6.57E-07,NS
ENSG00000051825,MPHOSPH9,0.191527164,6.94E-07,NS
ENSG00000168827,GFM1,0.142117509,7.03E-07,NS
ENSG00000106853,PTGR1,0.182005152,7.16E-07,NS
ENSG00000163870,TPRA1,-0.197547671,7.28E-07,NS
ENSG00000164109,MAD2L1,0.180484304,7.84E-07,NS
ENSG00000083223,TUT7,0.20879898,8.90E-07,NS
ENSG00000116977,LGALS8,-0.209445383,8.91E-07,NS
ENSG00000066279,ASPM,0.246351117,9.34E-07,NS
ENSG00000127863,TNFRSF19,0.36419151,9.45E-07,NS
ENSG00000114346,ECT2,0.18143284,9.63E-07,NS
ENSG00000144452,ABCA12,-0.597345656,9.63E-07,NS
ENSG00000213694,S1PR3,0.225484492,1.13E-06,NS
ENSG00000038295,TLL1,-0.274640927,1.13E-06,NS
ENSG00000123416,TUBA1B,0.143952858,1.16E-06,NS
ENSG00000120875,DUSP4,0.191684402,1.17E-06,NS
ENSG00000135486,HNRNPA1,0.129121912,1.28E-06,NS
ENSG00000146648,EGFR,0.179172134,1.47E-06,NS
ENSG00000111206,FOXM1,0.139736504,1.57E-06,NS
ENSG00000181744,DIPK2A,0.271846695,1.60E-06,NS
ENSG00000100526,CDKN3,0.206559181,1.64E-06,NS
ENSG00000107537,PHYH,-0.201511548,1.80E-06,NS
ENSG00000008513,ST3GAL1,-0.128916954,1.83E-06,NS
ENSG00000104643,MTMR9,0.215758555,1.85E-06,NS
ENSG00000124207,CSE1L,0.128310506,1.85E-06,NS
ENSG00000188486,H2AX,0.161831908,2.07E-06,NS
ENSG00000067064,IDI1,-0.171873276,2.11E-06,NS
ENSG00000146859,TMEM140,-0.574737788,2.32E-06,NS
ENSG00000105707,HPN,-0.178959675,2.42E-06,NS
ENSG00000114646,CSPG5,-0.222890831,2.53E-06,NS
ENSG00000169213,RAB3B,0.192689207,2.58E-06,NS
ENSG00000137872,SEMA6D,0.381188521,2.72E-06,NS
ENSG00000105810,CDK6,0.294263569,2.80E-06,NS
ENSG00000112297,CRYBG1,0.175619834,2.83E-06,NS
ENSG00000137801,THBS1,0.184369143,2.84E-06,NS
ENSG00000164292,RHOBTB3,0.174835967,2.85E-06,NS
ENSG00000138160,KIF11,0.206381709,2.97E-06,NS
ENSG00000179241,LDLRAD3,0.213027622,3.00E-06,NS
ENSG00000065911,MTHFD2,0.134595428,3.03E-06,NS
ENSG00000132437,DDC,-0.212758126,3.15E-06,NS
ENSG00000149218,ENDOD1,0.132021427,3.20E-06,NS
ENSG00000164867,NOS3,-0.74687216,3.30E-06,NS
ENSG00000175928,LRRN1,-0.267938255,3.36E-06,NS
ENSG00000167996,FTH1,-0.153353007,3.66E-06,NS
ENSG00000147408,CSGALNACT1,0.635758079,3.72E-06,NS
ENSG00000169242,EFNA1,-0.207080005,3.78E-06,NS
ENSG00000164125,GASK1B,-0.18532205,4.32E-06,NS
ENSG00000198785,GRIN3A,0.194469874,4.62E-06,NS
ENSG00000069424,KCNAB2,-0.214929768,4.63E-06,NS
ENSG00000157483,MYO1E,0.235406032,4.68E-06,NS
ENSG00000136636,KCTD3,0.154513522,4.74E-06,NS
ENSG00000115758,ODC1,0.120506594,5.28E-06,NS
ENSG00000150347,ARID5B,0.189739484,5.28E-06,NS
ENSG00000113368,LMNB1,0.140296557,5.38E-06,NS
ENSG00000145687,SSBP2,-0.258902732,5.44E-06,NS
ENSG00000117650,NEK2,0.178512861,5.46E-06,NS
ENSG00000123240,OPTN,-0.49535928,5.81E-06,NS
ENSG00000003436,TFPI,0.167655128,5.90E-06,NS
ENSG00000075886,TUBA3D,0.490364563,5.95E-06,NS
ENSG00000167325,RRM1,0.133229642,6.41E-06,NS
ENSG00000197355,UAP1L1,-0.249665332,6.42E-06,NS
ENSG00000105649,RAB3A,-0.235615627,6.48E-06,NS
ENSG00000136108,CKAP2,0.156621228,6.71E-06,NS
ENSG00000102471,NDFIP2,0.171690776,6.72E-06,NS
ENSG00000110841,PPFIBP1,0.211176343,6.99E-06,NS
ENSG00000154803,FLCN,-0.237392676,7.31E-06,NS
ENSG00000115091,ACTR3,0.128775421,7.64E-06,NS
ENSG00000064601,CTSA,-0.224359595,7.72E-06,NS
ENSG00000121621,KIF18A,0.299942217,8.31E-06,NS
ENSG00000066654,THUMPD1,0.168456695,8.90E-06,NS
ENSG00000122952,ZWINT,0.141526226,9.31E-06,NS
ENSG00000105835,NAMPT,0.136599071,9.39E-06,NS
ENSG00000136854,STXBP1,-0.210407225,9.81E-06,NS
ENSG00000168078,PBK,0.156079547,9.81E-06,NS
ENSG00000111371,SLC38A1,0.144425165,1.01E-05,NS
ENSG00000069206,ADAM7,0.214311539,1.02E-05,NS
ENSG00000123908,AGO2,0.161560673,1.03E-05,NS
ENSG00000264364,DYNLL2,0.113461989,1.03E-05,NS
ENSG00000295471,NA,0.451771043,1.05E-05,NS
ENSG00000223459,TCAF1P1,0.410254811,1.13E-05,NS
ENSG00000142945,KIF2C,0.164092809,1.22E-05,NS
ENSG00000105879,CBLL1,0.199568276,1.36E-05,NS
ENSG00000166454,ATMIN,0.14295302,1.36E-05,NS
ENSG00000186458,DEFB132,0.242823353,1.36E-05,NS
ENSG00000129128,SPCS3,0.152551161,1.36E-05,NS
ENSG00000079246,XRCC5,0.119979717,1.38E-05,NS
ENSG00000206560,ANKRD28,0.155644311,1.43E-05,NS
ENSG00000017427,IGF1,0.370684611,1.46E-05,NS
ENSG00000151090,THRB,0.165097513,1.53E-05,NS
ENSG00000162063,CCNF,0.191686946,1.54E-05,NS
ENSG00000253729,PRKDC,0.15973733,1.57E-05,NS
ENSG00000164920,OSR2,-0.298020715,1.59E-05,NS
ENSG00000080986,NDC80,0.157561427,1.65E-05,NS
ENSG00000070778,PTPN21,0.316450102,1.67E-05,NS
ENSG00000052344,PRSS8,-0.216576747,1.72E-05,NS
ENSG00000101224,CDC25B,0.166333985,1.73E-05,NS
ENSG00000140525,FANCI,0.156703253,1.73E-05,NS
ENSG00000123485,HJURP,0.192296706,1.80E-05,NS
ENSG00000112249,ASCC3,0.147823999,1.82E-05,NS
ENSG00000082556,OPRK1,-0.624363971,1.83E-05,NS
ENSG00000132471,WBP2,-0.135826871,1.96E-05,NS
ENSG00000163626,COX18,0.215475662,2.00E-05,NS
ENSG00000021300,PLEKHB1,-0.171075453,2.02E-05,NS
ENSG00000078018,MAP2,0.29761363,2.19E-05,NS
ENSG00000154229,PRKCA,0.279145421,2.19E-05,NS
ENSG00000030582,GRN,-0.167320617,2.22E-05,NS
ENSG00000040275,SPDL1,0.182869958,2.24E-05,NS
ENSG00000204386,NEU1,-0.20991697,2.24E-05,NS
ENSG00000052802,MSMO1,-0.17837028,2.36E-05,NS
ENSG00000168209,DDIT4,-0.186404806,2.39E-05,NS
ENSG00000139220,PPFIA2,-0.15121279,2.42E-05,NS
ENSG00000116661,FBXO2,-0.382334125,2.43E-05,NS
ENSG00000112379,ARFGEF3,0.136145101,2.58E-05,NS
ENSG00000125148,MT2A,-0.23563468,2.58E-05,NS
ENSG00000136783,NIPSNAP3A,-0.189837069,2.65E-05,NS
ENSG00000135476,ESPL1,0.214195876,2.69E-05,NS
ENSG00000151692,RNF144A,-0.246572987,2.72E-05,NS
ENSG00000166016,ABTB2,-0.257464553,2.85E-05,NS
ENSG00000171451,DSEL,-0.15008174,2.99E-05,NS
ENSG00000171316,CHD7,0.224836651,2.99E-05,NS
ENSG00000215784,FAM72D,0.275758172,3.15E-05,NS
ENSG00000172795,DCP2,0.198671181,3.17E-05,NS
ENSG00000185963,BICD2,0.154149035,3.32E-05,NS
ENSG00000137812,KNL1,0.220561336,3.34E-05,NS
ENSG00000228716,DHFR,0.116806381,3.39E-05,NS
ENSG00000175063,UBE2C,0.17613502,3.55E-05,NS
ENSG00000123080,CDKN2C,0.182645331,4.16E-05,NS
ENSG00000175115,PACS1,0.159280506,4.33E-05,NS
ENSG00000171241,SHCBP1,0.163437904,4.59E-05,NS
ENSG00000186868,MAPT,-0.268457655,4.90E-05,NS
ENSG00000143228,NUF2,0.169934751,4.90E-05,NS
ENSG00000029993,HMGB3,0.136835428,5.31E-05,NS
ENSG00000173020,GRK2,0.114049846,5.40E-05,NS
ENSG00000175471,MCTP1,-0.477327593,5.60E-05,NS
ENSG00000164124,TMEM144,-0.199490904,5.64E-05,NS
ENSG00000086062,B4GALT1,0.121643957,5.65E-05,NS
ENSG00000081803,CADPS2,0.135109489,5.75E-05,NS
ENSG00000105939,ZC3HAV1,0.14178644,6.00E-05,NS
ENSG00000226742,HSBP1L1,-0.216918765,6.00E-05,NS
ENSG00000156103,MMP16,-0.250778799,6.17E-05,NS
ENSG00000169607,CKAP2L,0.173510634,6.31E-05,NS
ENSG00000178163,ZNF518B,0.192185538,6.50E-05,NS
ENSG00000152818,UTRN,0.136654544,7.02E-05,NS
ENSG00000185818,NAT8L,-0.175109425,7.45E-05,NS
ENSG00000075539,FRYL,0.187486215,7.88E-05,NS
ENSG00000163435,ELF3,-0.176363021,7.90E-05,NS
ENSG00000070950,RAD18,0.184785487,7.99E-05,NS
ENSG00000237457,BRINP3-DT,-0.213674252,8.02E-05,NS
ENSG00000151612,ZNF827,0.244228709,8.09E-05,NS
ENSG00000105281,SLC1A5,0.119911338,8.34E-05,NS
ENSG00000196550,FAM72A,0.203581379,8.34E-05,NS
ENSG00000170522,ELOVL6,-0.188180907,8.36E-05,NS
ENSG00000117155,SSX2IP,0.132101205,8.44E-05,NS
ENSG00000147862,NFIB,0.193567319,8.44E-05,NS
ENSG00000125398,SOX9,0.327633592,8.61E-05,NS
ENSG00000135404,CD63,-0.140260303,9.04E-05,NS
ENSG00000175197,DDIT3,-0.268306431,9.16E-05,NS
ENSG00000100522,GNPNAT1,0.12194588,9.67E-05,NS
ENSG00000090889,KIF4A,0.151239583,9.67E-05,NS
ENSG00000137500,CCDC90B,0.169478461,9.86E-05,NS
ENSG00000180535,BHLHA15,0.228756344,0.000100617,NS
ENSG00000104946,TBC1D17,-0.190230356,0.000102574,NS
ENSG00000095564,BTAF1,0.156052622,0.00010546,NS
ENSG00000144331,ZNF385B,0.154657443,0.000106826,NS
ENSG00000072310,SREBF1,-0.108524853,0.000107312,NS
ENSG00000180776,ZDHHC20,0.153934056,0.000111268,NS
ENSG00000139910,NOVA1,-0.263628945,0.000114268,NS
ENSG00000204217,BMPR2,0.145261881,0.000114517,NS
ENSG00000111319,SCNN1A,-0.253142146,0.000116154,NS
ENSG00000109805,NCAPG,0.14218154,0.000117478,NS
ENSG00000110713,NUP98,0.115356543,0.000119082,NS
ENSG00000157741,UBN2,0.196927951,0.000120705,NS
ENSG00000124795,DEK,0.123836751,0.000121678,NS
ENSG00000160213,CSTB,-0.187575332,0.000132655,NS
ENSG00000188522,FAM83G,-0.187380882,0.000135521,NS
ENSG00000014216,CAPN1,-0.143387978,0.000140809,NS
ENSG00000116679,IVNS1ABP,0.150169161,0.000141625,NS
ENSG00000133019,CHRM3,-0.198208179,0.000142789,NS
ENSG00000164754,RAD21,0.111882012,0.000142789,NS
ENSG00000198793,MTOR,0.147169489,0.000142789,NS
ENSG00000027075,PRKCH,-0.186932664,0.000144317,NS
ENSG00000189143,CLDN4,-0.130674388,0.000145613,NS
ENSG00000156970,BUB1B,0.138501482,0.000145951,NS
ENSG00000130066,SAT1,-0.139553958,0.000160914,NS
ENSG00000186205,MTARC1,0.107169202,0.000161764,NS
ENSG00000100664,EIF5,0.115618219,0.000163277,NS
ENSG00000154839,SKA1,0.189829469,0.000171702,NS
ENSG00000065526,SPEN,0.152529491,0.000173877,NS
ENSG00000176890,TYMS,0.117731298,0.000193561,NS
ENSG00000047648,ARHGAP6,0.137379164,0.000193998,NS
ENSG00000073350,LLGL2,-0.187208913,0.000198637,NS
ENSG00000187193,MT1X,-0.20423682,0.000218532,NS
ENSG00000106070,GRB10,-0.122526933,0.000228344,NS
ENSG00000184378,ACTRT3,-0.475954953,0.00023001,NS
ENSG00000113407,TARS1,0.101643349,0.000238043,NS
ENSG00000111247,RAD51AP1,0.162197194,0.000256132,NS
ENSG00000121064,SCPEP1,-0.144807126,0.000259457,NS
ENSG00000185924,RTN4RL1,-0.22306505,0.000261499,NS
ENSG00000166123,GPT2,0.117264758,0.000267432,NS
ENSG00000163346,PBXIP1,-0.280972287,0.000274965,NS
ENSG00000162694,EXTL2,0.198368484,0.000275422,NS
ENSG00000274180,NATD1,-0.45478523,0.000276081,NS
ENSG00000138180,CEP55,0.176389919,0.000276323,NS
ENSG00000116750,UCHL5,0.118572365,0.000277606,NS
ENSG00000140263,SORD,0.095614271,0.000277606,NS
ENSG00000189403,HMGB1,0.111943217,0.000277606,NS
ENSG00000129195,PIMREG,0.160083535,0.000279324,NS
ENSG00000135069,PSAT1,0.091275021,0.000282039,NS
ENSG00000108828,VAT1,-0.126767528,0.000282589,NS
ENSG00000096433,ITPR3,0.149363786,0.000283873,NS
ENSG00000129810,SGO1,0.19400593,0.00028519,NS
ENSG00000168300,PCMTD1,-0.175859222,0.00029785,NS
ENSG00000054690,PLEKHH1,-0.218032723,0.000298863,NS
ENSG00000162607,USP1,0.128158018,0.000298863,NS
ENSG00000174640,SLCO2A1,0.394538164,0.000298863,NS
ENSG00000164211,STARD4,-0.285312886,0.000299976,NS
ENSG00000149485,FADS1,-0.107021861,0.000306928,NS
ENSG00000170035,UBE2E3,0.14545545,0.000320045,NS
ENSG00000146433,TMEM181,-0.155752675,0.000329858,NS
ENSG00000163507,CIP2A,0.158253588,0.000341096,NS
ENSG00000124767,GLO1,0.106391635,0.000344704,NS
ENSG00000149970,CNKSR2,0.224315893,0.000346747,NS
ENSG00000124145,SDC4,-0.162252006,0.000352184,NS
ENSG00000135090,TAOK3,0.125546814,0.000359068,NS
ENSG00000154734,ADAMTS1,0.088110768,0.000360403,NS
ENSG00000160325,CACFD1,-0.183411523,0.000361576,NS
ENSG00000135378,PRRG4,0.15467031,0.00036391,NS
ENSG00000164167,LSM6,0.203088081,0.00036391,NS
ENSG00000172890,NADSYN1,-0.16970943,0.00036391,NS
ENSG00000067992,PDK3,0.148222806,0.000364873,NS
ENSG00000135002,RFK,0.115797874,0.00036561,NS
ENSG00000188610,FAM72B,0.206948873,0.00036561,NS
ENSG00000126432,PRDX5,-0.147400459,0.000369008,NS
ENSG00000080345,RIF1,0.128171027,0.000371909,NS
ENSG00000103249,CLCN7,-0.18035326,0.000375549,NS
ENSG00000237649,KIFC1,0.149445227,0.000384403,NS
ENSG00000081320,STK17B,0.216717609,0.000389962,NS
ENSG00000237807,LINC02984,-0.207100587,0.000397471,NS
ENSG00000160211,G6PD,-0.127201778,0.000400727,NS
ENSG00000002834,LASP1,-0.146517439,0.000419243,NS
ENSG00000178999,AURKB,0.168048481,0.000419243,NS
ENSG00000164032,H2AZ1,0.1177734,0.000419885,NS
ENSG00000054118,THRAP3,0.108471156,0.000425114,NS
ENSG00000185483,ROR1,0.213633342,0.000439245,NS
ENSG00000066629,EML1,0.163310714,0.000461284,NS
ENSG00000090581,GNPTG,-0.217118688,0.000461556,NS
ENSG00000197965,MPZL1,0.101880689,0.000463156,NS
ENSG00000087470,DNM1L,0.122832089,0.000465049,NS
ENSG00000121957,GPSM2,0.17955458,0.000467014,NS
ENSG00000132329,RAMP1,-0.151931875,0.00047337,NS
ENSG00000135269,TES,0.151407587,0.00047337,NS
ENSG00000141027,NCOR1,0.124898155,0.00047337,NS
ENSG00000219200,RNASEK,-0.157586271,0.000475478,NS
ENSG00000275563,NA,0.249124777,0.000475478,NS
ENSG00000280165,PCDH20,0.250667116,0.000475478,NS
ENSG00000111615,KRR1,0.108643426,0.00047696,NS
ENSG00000169359,SLC33A1,0.145185942,0.000482084,NS
ENSG00000166803,PCLAF,0.152889478,0.000487826,NS
ENSG00000121644,DESI2,0.128484493,0.000488878,NS
ENSG00000157600,TMEM164,0.140155705,0.000488878,NS
ENSG00000196220,SRGAP3,-0.241388662,0.000501967,NS
ENSG00000051341,POLQ,0.163111054,0.000507262,NS
ENSG00000147526,TACC1,0.131113154,0.000508713,NS
ENSG00000107779,BMPR1A,0.168632673,0.000517895,NS
ENSG00000172663,TMEM134,-0.15073177,0.000518893,NS
ENSG00000223802,CERS1,-0.190486668,0.000528623,NS
ENSG00000197746,PSAP,-0.090219023,0.00052956,NS
ENSG00000291102,GUSBP1,-0.211628761,0.000536526,NS
ENSG00000004975,DVL2,-0.130131496,0.00053699,NS
ENSG00000105849,POLR1F,0.121903599,0.00055144,NS
ENSG00000111652,COPS7A,-0.121565748,0.000576606,NS
ENSG00000139354,GAS2L3,0.208937061,0.000578993,NS
ENSG00000115361,ACADL,0.540674257,0.00058339,NS
ENSG00000067113,PLPP1,0.111569798,0.000587055,NS
ENSG00000135127,BICDL1,-0.223108318,0.000588296,NS
ENSG00000137807,KIF23,0.20715024,0.00059372,NS
ENSG00000111679,PTPN6,-0.184020831,0.000598819,NS
ENSG00000099290,WASHC2A,-0.132602324,0.00060578,NS
ENSG00000177602,HASPIN,0.183609034,0.000611607,NS
ENSG00000182158,CREB3L2,0.17801546,0.000612222,NS
ENSG00000105953,OGDH,-0.095792754,0.00062264,NS
ENSG00000188959,C9orf152,0.19797355,0.000645592,NS
ENSG00000101003,GINS1,0.136600455,0.000648084,NS
ENSG00000258162,NA,-0.421156065,0.000648084,NS
ENSG00000149177,PTPRJ,0.135155207,0.000650476,NS
ENSG00000196367,TRRAP,0.135665591,0.000650476,NS
ENSG00000196230,TUBB,0.097766772,0.000650626,NS
ENSG00000161888,SPC24,0.132816112,0.000655824,NS
ENSG00000170271,FAXDC2,0.168267961,0.000655824,NS
ENSG00000135837,CEP350,0.133807379,0.00067534,NS
ENSG00000086200,IPO11,0.140490105,0.000683148,NS
ENSG00000139428,MMAB,-0.135455475,0.000683148,NS
ENSG00000155761,SPAG17,0.491684873,0.000683148,NS
ENSG00000154917,RAB6B,-0.183154431,0.000683256,NS
ENSG00000184470,TXNRD2,-0.12468,0.00068622,NS
ENSG00000169228,RAB24,-0.189744646,0.00069028,NS
ENSG00000104067,TJP1,0.109507993,0.000702368,NS
ENSG00000124215,CDH26,-0.489680827,0.000702368,NS
ENSG00000107521,HPS1,-0.174234094,0.000713313,NS
ENSG00000118804,STBD1,-0.153328161,0.000714028,NS
ENSG00000141934,PLPP2,-0.155143863,0.000715249,NS
ENSG00000172469,MANEA,-0.135052656,0.000716292,NS
ENSG00000005469,CROT,0.158540326,0.000719587,NS
ENSG00000152556,PFKM,-0.101169927,0.000719989,NS
ENSG00000015479,MATR3,0.093185625,0.000733166,NS
ENSG00000109586,GALNT7,0.138297991,0.000734968,NS
ENSG00000063660,GPC1,-0.194885559,0.000739885,NS
ENSG00000111665,CDCA3,0.167945581,0.000742821,NS
ENSG00000080546,SESN1,-0.142016609,0.000754558,NS
ENSG00000133816,MICAL2,0.141698809,0.000776254,NS
ENSG00000132964,CDK8,-0.178459552,0.000787337,NS
ENSG00000160191,PDE9A,0.138472588,0.000787337,NS
ENSG00000153233,PTPRR,-0.289413799,0.000805762,NS
ENSG00000198125,MB,-0.160899152,0.000805762,NS
ENSG00000103194,USP10,0.119530623,0.000827119,NS
ENSG00000175161,CADM2,0.32805686,0.000827705,NS
ENSG00000176046,NUPR1,-0.122256246,0.000830076,NS
ENSG00000198015,MRPL42,0.101220158,0.000844578,NS
ENSG00000151835,SACS,0.159164101,0.000849163,NS
ENSG00000112972,HMGCS1,-0.117843643,0.000860253,NS
ENSG00000168542,COL3A1,-0.33656437,0.000865574,NS
ENSG00000177674,AGTRAP,-0.145608173,0.000870365,NS
ENSG00000138764,CCNG2,-0.151012881,0.000889998,NS
ENSG00000116209,TMEM59,-0.112885164,0.000890416,NS
ENSG00000144366,GULP1,-0.094622402,0.000891905,NS
ENSG00000065060,BLTP3A,0.127899222,0.000908065,NS
ENSG00000130338,TULP4,-0.158220067,0.000930738,NS
ENSG00000244462,RBM12,0.095745009,0.000930738,NS
ENSG00000100372,SLC25A17,-0.135829183,0.000935695,NS
ENSG00000196091,MYBPC1,0.412347137,0.000940887,NS
ENSG00000165156,ZHX1,0.127731992,0.000945955,NS
ENSG00000152455,SUV39H2,0.153218833,0.000959946,NS
ENSG00000006468,ETV1,0.098646942,0.000982503,NS
ENSG00000138757,G3BP2,0.09923899,0.000982503,NS
ENSG00000153132,CLGN,0.105473799,0.000996889,NS
ENSG00000213639,PPP1CB,0.113591702,0.001020209,NS
ENSG00000154153,RETREG1,-0.172912794,0.001023999,NS
ENSG00000196712,NF1,0.145780964,0.001023999,NS
ENSG00000149639,MTCL2,0.127655021,0.001027147,NS
ENSG00000064042,LIMCH1,0.098439616,0.001038597,NS
ENSG00000114850,SSR3,0.092596486,0.00105311,NS
ENSG00000165417,GTF2A1,0.124446674,0.001095856,NS
ENSG00000114446,IFT57,0.127314459,0.001140342,NS
ENSG00000166900,STX3,-0.128367033,0.001140342,NS
ENSG00000124782,RREB1,0.133275122,0.001143044,NS
ENSG00000140465,CYP1A1,-0.380784039,0.001149262,NS
ENSG00000050405,LIMA1,-0.143576994,0.001152733,NS
ENSG00000139514,SLC7A1,0.116995069,0.001159515,NS
ENSG00000142515,KLK3,0.102838625,0.001164272,NS
ENSG00000164933,SLC25A32,0.142429415,0.001172604,NS
ENSG00000267041,ZNF850,0.206942266,0.001172604,NS
ENSG00000146918,NCAPG2,0.116889251,0.001192644,NS
ENSG00000078070,MCCC1,-0.105096116,0.00119555,NS
ENSG00000075785,RAB7A,-0.10113426,0.001195688,NS
ENSG00000129534,MIS18BP1,0.173313026,0.001202996,NS
ENSG00000198860,TSEN15,0.113264603,0.001217706,NS
ENSG00000107745,MICU1,-0.132942864,0.001237818,NS
ENSG00000148019,CEP78,0.137619281,0.001246937,NS
ENSG00000186871,ERCC6L,0.14570412,0.001268066,NS
ENSG00000088756,ARHGAP28,0.219418284,0.001287547,NS
ENSG00000138182,KIF20B,0.172421972,0.001287547,NS
ENSG00000204175,GPRIN2,-0.175585473,0.001295847,NS
ENSG00000205339,IPO7,0.091781018,0.001299661,NS
ENSG00000113569,NUP155,0.123457195,0.00134025,NS
ENSG00000153107,ANAPC1,0.113794795,0.001372201,NS
ENSG00000128585,MKLN1,0.126017893,0.001417305,NS
ENSG00000153395,LPCAT1,-0.096701579,0.001417305,NS
ENSG00000176024,ZNF613,0.172246766,0.001431777,NS
ENSG00000113719,ERGIC1,-0.089776025,0.001433113,NS
ENSG00000012048,BRCA1,0.136889748,0.001445281,NS
ENSG00000115163,CENPA,0.174305082,0.001448965,NS
ENSG00000005810,MYCBP2,0.12694501,0.001470841,NS
ENSG00000111837,MAK,0.284021188,0.001470841,NS
ENSG00000167508,MVD,-0.187123037,0.001477846,NS
ENSG00000049759,NEDD4L,0.117618127,0.001504438,NS
ENSG00000166483,WEE1,0.118017359,0.001511401,NS
ENSG00000185187,SIGIRR,-0.198686887,0.001511401,NS
ENSG00000123124,WWP1,0.100104515,0.001521216,NS
ENSG00000096063,SRPK1,0.101775281,0.001530381,NS
ENSG00000113712,CSNK1A1,0.091962724,0.001530381,NS
ENSG00000168615,ADAM9,0.087386354,0.001530381,NS
ENSG00000076043,REXO2,-0.117849379,0.001575419,NS
ENSG00000163406,SLC15A2,0.384552389,0.001575419,NS
ENSG00000135677,GNS,-0.090340457,0.001585264,NS
ENSG00000167642,SPINT2,-0.105826753,0.001609484,NS
ENSG00000029363,BCLAF1,0.09122835,0.001612727,NS
ENSG00000086289,EPDR1,0.180163778,0.001612727,NS
ENSG00000145604,SKP2,0.121403254,0.001612727,NS
ENSG00000048707,VPS13D,0.151545053,0.001643536,NS
ENSG00000178607,ERN1,0.153671,0.001643536,NS
ENSG00000044459,CNTLN,0.147824329,0.001661357,NS
ENSG00000110172,CHORDC1,0.093122834,0.001691555,NS
ENSG00000011304,PTBP1,0.082227025,0.001718154,NS
ENSG00000112159,MDN1,0.174873121,0.001726588,NS
ENSG00000109133,TMEM33,0.100585355,0.001733866,NS
ENSG00000093000,NUP50,0.102599451,0.001776831,NS
ENSG00000169504,CLIC4,0.100434674,0.001792552,NS
ENSG00000127603,MACF1,0.153512481,0.001804082,NS
ENSG00000104823,ECH1,-0.110281715,0.001820558,NS
ENSG00000133393,CEP20,0.121033978,0.001825629,NS
ENSG00000035862,TIMP2,-0.155719945,0.001836284,NS
ENSG00000139517,LNX2,-0.151640864,0.001836284,NS
ENSG00000062725,APPBP2,0.112480644,0.001847774,NS
ENSG00000163251,FZD5,0.143247825,0.001858054,NS
ENSG00000183828,NUDT14,-0.197020219,0.001870136,NS
ENSG00000095066,HOOK2,-0.145537089,0.001873779,NS
ENSG00000145868,FBXO38,0.123318661,0.001894836,NS
ENSG00000143502,SUSD4,-0.346921645,0.001919408,NS
ENSG00000171320,ESCO2,0.122188698,0.001924879,NS
ENSG00000203685,STUM,-0.19965552,0.001970567,NS
ENSG00000064393,HIPK2,0.208892018,0.001976419,NS
ENSG00000187605,TET3,0.146394824,0.001980806,NS
ENSG00000214357,NEURL1B,0.168327698,0.001980806,NS
ENSG00000077097,TOP2B,0.092415918,0.001984312,NS
ENSG00000115963,RND3,0.14376597,0.002038314,NS
ENSG00000143995,MEIS1,0.221039803,0.002038314,NS
ENSG00000250387,LINC02197,0.123415362,0.002048984,NS
ENSG00000011451,WIZ,0.121372359,0.002058939,NS
ENSG00000163536,SERPINI1,-0.220515188,0.002058939,NS
ENSG00000068903,SIRT2,-0.125918395,0.002075374,NS
ENSG00000197020,ZNF100,0.164639805,0.00210054,NS
ENSG00000139734,DIAPH3,0.152721401,0.002106152,NS
ENSG00000122786,CALD1,-0.088740729,0.00212144,NS
ENSG00000005889,ZFX,0.152510795,0.002123591,NS
ENSG00000170540,ARL6IP1,0.084404605,0.002152785,NS
ENSG00000142556,ZNF614,0.166060008,0.002211651,NS
ENSG00000169241,SLC50A1,-0.106203031,0.002267809,NS
ENSG00000125648,SLC25A23,-0.099933694,0.002288947,NS
ENSG00000162496,DHRS3,0.154422048,0.002288947,NS
ENSG00000066926,FECH,0.090211991,0.002305106,NS
ENSG00000182272,B4GALNT4,-0.126928101,0.002310831,NS
ENSG00000157240,FZD1,0.127411995,0.00233837,NS
ENSG00000071553,ATP6AP1,-0.0977925,0.00235115,NS
ENSG00000102316,MAGED2,-0.110746812,0.002352551,NS
ENSG00000100100,PIK3IP1,-0.252123297,0.002354146,NS
ENSG00000132466,ANKRD17,0.102063676,0.00235958,NS
ENSG00000141258,SGSM2,-0.170418538,0.002362721,NS
ENSG00000165475,CRYL1,-0.146758641,0.00241739,NS
ENSG00000162645,GBP2,-0.236613998,0.002440528,NS
ENSG00000167716,WDR81,-0.135157475,0.002440528,NS
ENSG00000144554,FANCD2,0.115228751,0.002460085,NS
ENSG00000033800,PIAS1,0.160650033,0.002477259,NS
ENSG00000211689,TRGC1,0.176178815,0.002511763,NS
ENSG00000140534,TICRR,0.161087126,0.002517248,NS
ENSG00000151502,VPS26B,0.096791654,0.002519598,NS
ENSG00000158710,TAGLN2,0.116284283,0.002522075,NS
ENSG00000165732,DDX21,0.093006752,0.002530043,NS
ENSG00000147324,MFHAS1,0.111903133,0.002538717,NS
ENSG00000113552,GNPDA1,-0.11277821,0.002555797,NS
ENSG00000172292,CERS6,0.091674387,0.002559189,NS
ENSG00000221914,PPP2R2A,-0.088805752,0.002598595,NS
ENSG00000183963,SMTN,0.13419049,0.002604076,NS
ENSG00000160602,NEK8,-0.235391401,0.002630562,NS
ENSG00000166750,SLFN5,-0.139193536,0.002648277,NS
ENSG00000087086,FTL,-0.210987827,0.002657482,NS
ENSG00000157106,SMG1,0.129875116,0.002657482,NS
ENSG00000120334,CENPL,0.135887405,0.002662992,NS
ENSG00000156052,GNAQ,0.147968488,0.002685073,NS
ENSG00000158615,PPP1R15B,0.115218315,0.002692766,NS
ENSG00000127663,KDM4B,0.105985154,0.00271889,NS
ENSG00000100075,SLC25A1,-0.106254677,0.002750294,NS
ENSG00000180198,RCC1,0.089672095,0.002753235,NS
ENSG00000176641,RNF152,0.302846236,0.002764136,NS
ENSG00000167460,TPM4,0.086251827,0.002784233,NS
ENSG00000079691,CARMIL1,0.162172068,0.002868131,NS
ENSG00000106541,AGR2,0.161855559,0.00289253,NS
ENSG00000198435,NRARP,0.135853604,0.00289253,NS
ENSG00000070814,TCOF1,0.130436416,0.002921216,NS
ENSG00000135316,SYNCRIP,0.08208669,0.002988381,NS
ENSG00000157637,SLC38A10,-0.099810048,0.002988381,NS
ENSG00000198740,ZNF652,0.134574802,0.002996423,NS
ENSG00000163902,RPN1,0.08288219,0.003002402,NS
ENSG00000122085,MTERF4,0.107851194,0.003051989,NS
ENSG00000164040,PGRMC2,-0.112939267,0.003167567,NS
ENSG00000122512,PMS2,-0.102539552,0.003225777,NS
ENSG00000143013,LMO4,0.136555697,0.003225777,NS
ENSG00000069275,NUCKS1,0.095943502,0.003269342,NS
ENSG00000128708,HAT1,0.096080221,0.003270851,NS
ENSG00000065809,FAM107B,0.126664875,0.003313658,NS
ENSG00000100393,EP300,0.111220398,0.003318033,NS
ENSG00000083168,KAT6A,0.112689821,0.003325819,NS
ENSG00000100014,SPECC1L,0.086905199,0.003325819,NS
ENSG00000174231,PRPF8,0.086304626,0.003346504,NS
ENSG00000163781,TOPBP1,0.120512632,0.003385005,NS
ENSG00000111490,TBC1D30,0.120904388,0.003405403,NS
ENSG00000154639,CXADR,0.134247907,0.003405403,NS
ENSG00000196547,MAN2A2,-0.16949753,0.003405403,NS
ENSG00000061938,TNK2,-0.141714609,0.0034218,NS
ENSG00000072501,SMC1A,0.089224778,0.003492321,NS
ENSG00000164134,NAA15,0.097106509,0.003501176,NS
ENSG00000136997,MYC,-0.112082773,0.003543771,NS
ENSG00000198796,ALPK2,0.320116316,0.003556915,NS
ENSG00000010270,STARD3NL,0.107044647,0.00360984,NS
ENSG00000100629,CEP128,0.172130778,0.00363409,NS
ENSG00000106688,SLC1A1,-0.19072041,0.003648298,NS
ENSG00000047249,ATP6V1H,-0.110988811,0.00364934,NS
ENSG00000149932,TMEM219,-0.143466392,0.003667436,NS
ENSG00000143324,XPR1,0.112236752,0.003693143,NS
ENSG00000166342,NETO1,-0.079624041,0.003693143,NS
ENSG00000125885,MCM8,0.124842748,0.003785452,NS
ENSG00000104907,TRMT1,-0.139459436,0.003786087,NS
ENSG00000180611,MB21D2,-0.282618662,0.0038039,NS
ENSG00000113924,HGD,0.205052262,0.003845046,NS
ENSG00000241935,HOGA1,-0.186617695,0.003845046,NS
ENSG00000122966,CIT,0.145664269,0.003948323,NS
ENSG00000146143,PRIM2,0.125691246,0.003948323,NS
ENSG00000167005,NUDT21,0.086549455,0.003969431,NS
ENSG00000164087,POC1A,0.136416978,0.003996476,NS
ENSG00000117461,PIK3R3,-0.095119321,0.004091754,NS
ENSG00000163874,ZC3H12A,-0.184245201,0.004174861,NS
ENSG00000119686,FLVCR2,-0.207690765,0.004280066,NS
ENSG00000136802,LRRC8A,0.117549297,0.004280066,NS
ENSG00000289047,NA,0.106755641,0.004309039,NS
ENSG00000101680,LAMA1,0.233761457,0.004340473,NS
ENSG00000112029,FBXO5,0.14520554,0.004393888,NS
ENSG00000172943,PHF8,0.098898766,0.004423292,NS
ENSG00000160862,AZGP1,0.154190577,0.004436883,NS
ENSG00000109171,SLAIN2,0.098715057,0.004504411,NS
ENSG00000116260,QSOX1,-0.074338732,0.004504411,NS
ENSG00000083312,TNPO1,0.081592182,0.004528914,NS
ENSG00000091039,OSBPL8,0.094480676,0.004528914,NS
ENSG00000100614,PPM1A,0.092196851,0.004620455,NS
ENSG00000242082,SLC5A4-AS1,0.170935324,0.004668909,NS
ENSG00000183723,CMTM4,0.089826387,0.004734845,NS
ENSG00000101945,SUV39H1,0.141986141,0.004746633,NS
ENSG00000112419,PHACTR2,0.142995098,0.004746633,NS
ENSG00000272449,NA,-0.170176998,0.004746633,NS
ENSG00000162231,NXF1,-0.107436013,0.004784847,NS
ENSG00000124839,RAB17,-0.166139359,0.00482181,NS
ENSG00000051620,HEBP2,0.110224023,0.004846574,NS
ENSG00000291316,TMEM276-ZFTRAF1,0.298014046,0.004884308,NS
ENSG00000148153,INIP,0.111617817,0.004915035,NS
ENSG00000161011,SQSTM1,-0.089680182,0.004915035,NS
ENSG00000293241,GTF2IP4,-0.157203789,0.004943742,NS
ENSG00000068971,PPP2R5B,-0.170759535,0.005062804,NS
ENSG00000135070,ISCA1,0.109498386,0.005083432,NS
ENSG00000128829,EIF2AK4,0.092905463,0.005085184,NS
ENSG00000160352,ZNF714,0.129430916,0.005086023,NS
ENSG00000111249,CUX2,0.265344995,0.005111626,NS
ENSG00000119333,DYNC2I2,0.096967875,0.005126324,NS
ENSG00000160208,RRP1B,0.095150318,0.005134574,NS
ENSG00000065833,ME1,-0.113376073,0.005135632,NS
ENSG00000148484,RSU1,-0.109964343,0.005137895,NS
ENSG00000113645,WWC1,0.093899444,0.005139625,NS
ENSG00000163472,TMEM79,0.13345189,0.005139625,NS
ENSG00000163655,GMPS,0.081898209,0.005139662,NS
ENSG00000013810,TACC3,0.094410498,0.005163918,NS
ENSG00000100749,VRK1,0.112980686,0.005163918,NS
ENSG00000111321,LTBR,-0.0852875,0.005163918,NS
ENSG00000139182,CLSTN3,-0.134275254,0.005165913,NS
ENSG00000224531,SMIM13,0.113327004,0.005188875,NS
ENSG00000025796,SEC63,0.089044889,0.005230196,NS
ENSG00000131873,CHSY1,0.101868967,0.005250219,NS
ENSG00000123975,CKS2,0.116632137,0.005358604,NS
ENSG00000213390,ARHGAP19,0.105471322,0.005381501,NS
ENSG00000141232,TOB1,-0.094913094,0.005404729,NS
ENSG00000141736,ERBB2,-0.093612705,0.00542466,NS
ENSG00000131844,MCCC2,0.073114559,0.005435067,NS
ENSG00000188848,BEND4,0.147145802,0.005446537,NS
ENSG00000153879,CEBPG,0.091641595,0.005465099,NS
ENSG00000060237,WNK1,0.088095229,0.005516425,NS
ENSG00000107175,CREB3,-0.130065097,0.005516425,NS
ENSG00000143190,POU2F1,0.136468402,0.005516425,NS
ENSG00000157870,PRXL2B,-0.111180206,0.005592519,NS
ENSG00000110921,MVK,-0.1349376,0.005597414,NS
ENSG00000105223,PLD3,-0.094048445,0.005616967,NS
ENSG00000118855,MFSD1,-0.106471553,0.005624196,NS
ENSG00000091436,MAP3K20,0.131304107,0.005662541,NS
ENSG00000163602,RYBP,0.108315613,0.005662541,NS
ENSG00000176105,YES1,0.106985617,0.005662541,NS
ENSG00000111674,ENO2,-0.206926517,0.005663024,NS
ENSG00000164080,RAD54L2,0.12383049,0.005701533,NS
ENSG00000198420,TCAF1,0.097718279,0.005755673,NS
ENSG00000143816,WNT9A,-0.211804646,0.005764631,NS
ENSG00000003756,RBM5,-0.122731991,0.005770639,NS
ENSG00000145375,AFG2A,0.16302994,0.00581647,NS
ENSG00000173848,NET1,0.097482762,0.00583634,NS
ENSG00000094916,CBX5,0.107822412,0.00588326,NS
ENSG00000300109,NA,-0.139830217,0.00588326,NS
ENSG00000197498,RPF2,0.093236495,0.005946241,NS
ENSG00000178028,DMAP1,-0.134066224,0.005984461,NS
ENSG00000197312,DDI2,0.095944349,0.006002906,NS
ENSG00000223417,TRIM49D1,0.198853649,0.006040053,NS
ENSG00000142528,ZNF473,0.153236283,0.006063967,NS
ENSG00000100092,SH3BP1,-0.180450165,0.006088099,NS
ENSG00000006715,VPS41,-0.108443862,0.006104377,NS
ENSG00000109881,CCDC34,0.101455667,0.006105136,NS
ENSG00000115084,SLC35F5,0.091605246,0.006105136,NS
ENSG00000119547,ONECUT2,0.15877982,0.006122196,NS
ENSG00000136861,CDK5RAP2,0.107278521,0.006122196,NS
ENSG00000107290,SETX,0.1102907,0.006140208,NS
ENSG00000141458,NPC1,0.088665765,0.006203327,NS
ENSG00000116668,SWT1,0.200214913,0.006211773,NS
ENSG00000123684,LPGAT1,0.11327729,0.006232412,NS
ENSG00000117528,ABCD3,0.096245801,0.006258852,NS
ENSG00000033867,SLC4A7,0.110958037,0.006313464,NS
ENSG00000079482,OPHN1,0.161855595,0.006316286,NS
ENSG00000151503,NCAPD3,0.088601264,0.006340086,NS
ENSG00000147813,NAPRT,-0.101998438,0.00635077,NS
ENSG00000104228,TRIM35,0.131912114,0.006389066,NS
ENSG00000183955,KMT5A,0.086434331,0.00639461,NS
ENSG00000137267,TUBB2A,-0.15877221,0.006395035,NS
ENSG00000076928,ARHGEF1,-0.128229702,0.006431514,NS
ENSG00000143776,CDC42BPA,0.101681342,0.006431514,NS
ENSG00000185361,TNFAIP8L1,0.204435857,0.006462016,NS
ENSG00000076770,MBNL3,0.130639917,0.006489528,NS
ENSG00000261220,ST3GAL1-DT,-0.169590333,0.00655706,NS
ENSG00000211450,SELENOH,-0.115930501,0.006557926,NS
ENSG00000157911,PEX10,-0.089589707,0.00657915,NS
ENSG00000146963,LUC7L2,0.090081303,0.006602366,NS
ENSG00000116641,DOCK7,0.090981571,0.006655769,NS
ENSG00000009954,BAZ1B,0.085037676,0.0067587,NS
ENSG00000141504,SAT2,-0.109039315,0.006864697,NS
ENSG00000072864,NDE1,0.140336685,0.006943647,NS
ENSG00000234741,GAS5,-0.101251007,0.006943647,NS
ENSG00000080603,SRCAP,0.107166718,0.007008557,NS
ENSG00000130827,PLXNA3,-0.169716598,0.007041528,NS
ENSG00000140474,ULK3,-0.130374386,0.007042814,NS
ENSG00000114978,MOB1A,0.10786516,0.007083194,NS
ENSG00000171302,CANT1,0.080630358,0.007083194,NS
ENSG00000103811,CTSH,-0.08965733,0.007139583,NS
ENSG00000260772,NA,-0.17489836,0.007162868,NS
ENSG00000164114,MAP9,0.122933461,0.007175276,NS
ENSG00000025039,RRAGD,-0.123431761,0.0073391,NS
ENSG00000136826,KLF4,0.190993186,0.0073391,NS
ENSG00000146676,PURB,0.090679243,0.007346657,NS
ENSG00000146950,SHROOM2,0.112655736,0.007384294,NS
ENSG00000121152,NCAPH,0.103292944,0.007419828,NS
ENSG00000132953,XPO4,0.115664847,0.007512895,NS
ENSG00000181450,ZNF678,0.120141515,0.00757468,NS
ENSG00000113504,SLC12A7,-0.089375527,0.007601432,NS
ENSG00000167705,RILP,-0.188924068,0.007625177,NS
ENSG00000107798,LIPA,-0.101882474,0.007661221,NS
ENSG00000155660,PDIA4,0.075449623,0.007696681,NS
ENSG00000124766,SOX4,0.10445655,0.007766209,NS
ENSG00000158402,CDC25C,0.148245091,0.007766209,NS
ENSG00000168575,SLC20A2,-0.125925448,0.007766209,NS
ENSG00000141279,NPEPPS,-0.087706495,0.007826985,NS
ENSG00000167553,TUBA1C,0.080552067,0.007844494,NS
ENSG00000121274,TENT4B,0.1227112,0.007846147,NS
ENSG00000132326,PER2,0.16121729,0.007850831,NS
ENSG00000076944,STXBP2,-0.099362861,0.007953047,NS
ENSG00000059588,TARBP1,-0.11548161,0.008016998,NS
ENSG00000145349,CAMK2D,0.1085537,0.008016998,NS
ENSG00000085117,CD82,-0.193060805,0.008082657,NS
ENSG00000156453,PCDH1,0.124792243,0.008082657,NS
ENSG00000185442,FAM174B,0.098249895,0.008082657,NS
ENSG00000073060,SCARB1,-0.085267349,0.008184397,NS
ENSG00000143578,CREB3L4,0.103282286,0.008196598,NS
ENSG00000072401,UBE2D1,0.116692172,0.008276944,NS
ENSG00000132589,FLOT2,-0.100595706,0.008276944,NS
ENSG00000142892,PIGK,0.095651451,0.008302255,NS
ENSG00000159128,IFNGR2,-0.135858079,0.008302255,NS
ENSG00000112796,ENPP5,-0.176729509,0.008379003,NS
ENSG00000176728,TTTY14,0.24021755,0.008402579,NS
ENSG00000049449,RCN1,0.081154509,0.008428858,NS
ENSG00000118058,KMT2A,0.120777543,0.008428858,NS
ENSG00000212864,RNF208,-0.177283502,0.008428858,NS
ENSG00000077232,DNAJC10,0.081171362,0.008485192,NS
ENSG00000068878,PSME4,0.089993701,0.008500859,NS
ENSG00000133134,BEX2,-0.123595819,0.008500859,NS
ENSG00000165304,MELK,0.09755844,0.00851743,NS
ENSG00000109323,MANBA,-0.130855082,0.008587553,NS
ENSG00000119285,HEATR1,0.085159623,0.008628296,NS
ENSG00000140941,MAP1LC3B,-0.118394012,0.008792196,NS
ENSG00000166206,GABRB3,0.108232644,0.008792196,NS
ENSG00000153179,RASSF3,0.0777777,0.008806716,NS
ENSG00000176978,DPP7,-0.088901774,0.008848674,NS
ENSG00000174080,CTSF,-0.10840874,0.008946395,NS
ENSG00000198265,HELZ,0.108920169,0.009126577,NS
ENSG00000156876,SASS6,0.127349956,0.009142659,NS
ENSG00000117713,ARID1A,0.09121255,0.009150939,NS
ENSG00000124942,AHNAK,0.193885364,0.009332141,NS
ENSG00000165548,TMEM63C,-0.155042682,0.009403797,NS
ENSG00000049860,HEXB,-0.085868058,0.009461656,NS
ENSG00000105514,RAB3D,0.100018739,0.009461656,NS
ENSG00000134250,NOTCH2,0.107981873,0.009461656,NS
ENSG00000177030,DEAF1,-0.116856176,0.009461656,NS
ENSG00000243056,EIF4EBP3,-0.135191401,0.009461656,NS
ENSG00000032444,PNPLA6,-0.083208751,0.009503518,NS
ENSG00000069956,MAPK6,0.077554815,0.009540716,NS
ENSG00000008735,MAPK8IP2,-0.142337496,0.009675655,NS
ENSG00000097007,ABL1,0.086920112,0.009843714,NS
ENSG00000145907,G3BP1,0.074815297,0.009918714,NS
ENSG00000108064,TFAM,0.082659811,0.01003232,NS
ENSG00000152253,SPC25,0.124356905,0.010213783,NS
ENSG00000175482,POLD4,-0.151972432,0.010251623,NS
ENSG00000214114,MYCBP,0.096674902,0.01033889,NS
ENSG00000213930,GALT,-0.136405413,0.010559258,NS
ENSG00000157540,DYRK1A,0.112615246,0.010599276,NS
ENSG00000115540,MOB4,0.089546795,0.010620142,NS
ENSG00000122126,OCRL,0.088452267,0.010625989,NS
ENSG00000142875,PRKACB,0.069422164,0.010734141,NS
ENSG00000136840,ST6GALNAC4,-0.140811129,0.010873071,NS
ENSG00000138092,CENPO,0.104361811,0.010873071,NS
ENSG00000177951,BET1L,-0.093698743,0.010873071,NS
ENSG00000187398,LUZP2,-0.111049712,0.010900697,NS
ENSG00000160221,GATD3,-0.090871367,0.010962622,NS
ENSG00000153044,CENPH,0.096300312,0.010969226,NS
ENSG00000104549,SQLE,-0.090486299,0.011080222,NS
ENSG00000180155,LYNX1,-0.121454552,0.011080222,NS
ENSG00000254986,DPP3,-0.093185033,0.011080222,NS
ENSG00000180573,H2AC6,-0.12054962,0.01114858,NS
ENSG00000108639,SYNGR2,0.076495632,0.011165263,NS
ENSG00000113163,CERT1,0.08662699,0.011193017,NS
ENSG00000034713,GABARAPL2,-0.097877342,0.011251193,NS
ENSG00000142166,IFNAR1,0.082379026,0.011269412,NS
ENSG00000287656,NA,-0.178669507,0.011330126,NS
ENSG00000185813,PCYT2,-0.087312387,0.011355471,NS
ENSG00000071859,FAM50A,-0.097383033,0.01149129,NS
ENSG00000164574,GALNT10,-0.086726589,0.01149129,NS
ENSG00000106105,GARS1,0.069288156,0.011555327,NS
ENSG00000197565,COL4A6,0.182224184,0.011639903,NS
ENSG00000115808,STRN,0.130310416,0.011643484,NS
ENSG00000162402,USP24,0.094012419,0.011665076,NS
ENSG00000149925,ALDOA,-0.069385016,0.011861344,NS
ENSG00000161010,MRNIP,-0.162995524,0.011912085,NS
ENSG00000142156,COL6A1,-0.084334314,0.011932095,NS
ENSG00000088899,LZTS3,-0.177915392,0.011999031,NS
ENSG00000112365,ZBTB24,0.118655282,0.011999031,NS
ENSG00000183077,AFMID,-0.122776932,0.011999031,NS
ENSG00000154654,NCAM2,-0.068709649,0.012166489,NS
ENSG00000260260,SNHG19,-0.111447511,0.012203874,NS
ENSG00000070404,FSTL3,-0.175052113,0.012256738,NS
ENSG00000023572,GLRX2,0.094586561,0.012306078,NS
ENSG00000101255,TRIB3,0.090758527,0.012358003,NS
ENSG00000170779,CDCA4,0.092511181,0.012358003,NS
ENSG00000109685,NSD2,0.08966397,0.012476391,NS
ENSG00000102384,CENPI,0.120204855,0.012569079,NS
ENSG00000149212,SESN3,-0.098852842,0.012635123,NS
ENSG00000075790,BCAP29,0.105617052,0.012869199,NS
ENSG00000134308,YWHAQ,0.076268707,0.012956201,NS
ENSG00000178252,WDR6,-0.08030235,0.012995483,NS
ENSG00000114439,BBX,0.108404731,0.013022652,NS
ENSG00000105204,DYRK1B,-0.135833062,0.013097597,NS
ENSG00000117602,RCAN3,-0.095147353,0.013097597,NS
ENSG00000280881,NA,-0.197972861,0.013159772,NS
ENSG00000204592,HLA-E,-0.1322309,0.013462461,NS
ENSG00000006118,TMEM132A,-0.082574909,0.013476414,NS
ENSG00000281344,HELLPAR,0.200032953,0.013514516,NS
ENSG00000164024,METAP1,0.07952803,0.013555692,NS
ENSG00000137135,ARHGEF39,0.136565322,0.013654551,NS
ENSG00000060762,MPC1,-0.158348311,0.013685382,NS
ENSG00000010278,CD9,0.073129087,0.013777035,NS
ENSG00000171492,LRRC8D,0.078783951,0.013777035,NS
ENSG00000170296,GABARAP,-0.089257378,0.013783844,NS
ENSG00000035928,RFC1,0.084791755,0.013825114,NS
ENSG00000134970,TMED7,0.080424639,0.013825114,NS
ENSG00000183044,ABAT,-0.14734419,0.013825114,NS
ENSG00000204899,MZT1,0.109985271,0.013974302,NS
ENSG00000111816,FRK,0.149475308,0.014011613,NS
ENSG00000164924,YWHAZ,0.064429938,0.014025762,NS
ENSG00000197472,ZNF695,0.13317809,0.014112925,NS
ENSG00000293240,NA,0.185024294,0.014326851,NS
ENSG00000011052,NME1-NME2,-0.158747666,0.014384145,NS
ENSG00000155016,CYP2U1,0.115420224,0.014384145,NS
ENSG00000266208,GJD3-AS1,-0.131186896,0.014384145,NS
ENSG00000105520,PLPPR2,-0.078758076,0.014385749,NS
ENSG00000172845,SP3,0.089624039,0.014454553,NS
ENSG00000290560,GUSBP3,-0.143923095,0.014536031,NS
ENSG00000083642,PDS5B,0.096905191,0.014629711,NS
ENSG00000138434,ITPRID2,-0.075254786,0.014629711,NS
ENSG00000226950,DANCR,-0.089015049,0.014629711,NS
ENSG00000058056,USP13,0.09162621,0.014753197,NS
ENSG00000152931,PART1,0.145441582,0.014852657,NS
ENSG00000100902,PSMA6,0.078232617,0.014863286,NS
ENSG00000111961,SASH1,0.098239913,0.014949826,NS
ENSG00000023330,ALAS1,-0.090862061,0.014950936,NS
ENSG00000112305,SMAP1,0.107045374,0.014950936,NS
ENSG00000309777,NA,-0.188048748,0.015187649,NS
ENSG00000171703,TCEA2,-0.125155449,0.015219761,NS
ENSG00000173221,GLRX,0.155233123,0.015219761,NS
ENSG00000213853,EMP2,0.101130332,0.015259996,NS
ENSG00000171345,KRT19,0.167067904,0.015268044,NS
ENSG00000254726,MEX3A,0.107930826,0.015268044,NS
ENSG00000185896,LAMP1,-0.076656776,0.01529629,NS
ENSG00000125144,MT1G,-0.183181004,0.015339793,NS
ENSG00000103495,MAZ,0.070553839,0.015351723,NS
ENSG00000105926,PALS2,0.091077852,0.015351723,NS
ENSG00000111412,SPRING1,-0.09959482,0.015351723,NS
ENSG00000149260,CAPN5,-0.116224197,0.015351723,NS
ENSG00000080493,SLC4A4,0.095275691,0.015389364,NS
ENSG00000125124,BBS2,-0.106769493,0.015389364,NS
ENSG00000261609,GAN,0.138660149,0.015389364,NS
ENSG00000095585,BLNK,-0.184877342,0.015414524,NS
ENSG00000185883,ATP6V0C,-0.090644421,0.015460473,NS
ENSG00000141380,SS18,0.088816451,0.01547897,NS
ENSG00000101132,PFDN4,0.109599013,0.015672231,NS
ENSG00000102882,MAPK3,-0.116826855,0.015767434,NS
ENSG00000157450,RNF111,0.115789595,0.015810747,NS
ENSG00000170836,PPM1D,0.11014306,0.015820616,NS
ENSG00000108055,SMC3,0.081141782,0.015903963,NS
ENSG00000197442,MAP3K5,0.098871097,0.015903963,NS
ENSG00000183856,IQGAP3,0.106861592,0.015977212,NS
ENSG00000096746,HNRNPH3,0.072999306,0.016091495,NS
ENSG00000188186,LAMTOR4,-0.115500447,0.016328146,NS
ENSG00000166477,LEO1,0.084133891,0.016425798,NS
ENSG00000108021,TASOR2,0.090051266,0.016492089,NS
ENSG00000138029,HADHB,-0.084361743,0.016501073,NS
ENSG00000197451,HNRNPAB,0.068037692,0.016501073,NS
ENSG00000235961,PNMA6A,-0.171535759,0.016501073,NS
ENSG00000136141,LRCH1,0.157244916,0.016771441,NS
ENSG00000105662,CRTC1,-0.139242606,0.016832757,NS
ENSG00000181472,ZBTB2,0.127579231,0.017004255,NS
ENSG00000105948,IFT56,0.101788199,0.017150663,NS
ENSG00000184304,PRKD1,-0.074295722,0.017150663,NS
ENSG00000254024,GRHL2-DT,0.108237613,0.017161567,NS
ENSG00000186222,BLOC1S4,-0.126098111,0.017228405,NS
ENSG00000070669,ASNS,0.069295667,0.017278176,NS
ENSG00000237441,RGL2,-0.103184564,0.017401054,NS
ENSG00000181218,H2AC25,-0.115714072,0.017736055,NS
ENSG00000131725,WDR44,0.123289476,0.017764231,NS
ENSG00000188725,SMIM15,0.08014455,0.017785352,NS
ENSG00000087502,ERGIC2,0.086975775,0.018153119,NS
ENSG00000115657,ABCB6,0.0787243,0.018293327,NS
ENSG00000006576,PHTF2,0.095297274,0.018326786,NS
ENSG00000099889,ARVCF,-0.12746342,0.018457658,NS
ENSG00000119537,KDSR,-0.098667478,0.018460348,NS
ENSG00000198373,WWP2,-0.086669203,0.018580874,NS
ENSG00000078674,PCM1,0.083137528,0.018644296,NS
ENSG00000108175,ZMIZ1,0.08094779,0.018822566,NS
ENSG00000163811,WDR43,0.076504266,0.018822566,NS
ENSG00000187079,TEAD1,0.108174976,0.018822566,NS
ENSG00000198042,MAK16,0.088343212,0.018822566,NS
ENSG00000111057,KRT18,0.075725074,0.018864271,NS
ENSG00000224186,PITX1-AS1,-0.157219014,0.018948867,NS
ENSG00000137486,ARRB1,-0.090847048,0.018997119,NS
ENSG00000170122,FOXD4,0.165846663,0.018997119,NS
ENSG00000096006,CRISP3,0.137676568,0.019491633,NS
ENSG00000145050,MANF,0.085033068,0.019491633,NS
ENSG00000039139,DNAH5,0.140417011,0.019512024,NS
ENSG00000072803,FBXW11,0.077775861,0.019625508,NS
ENSG00000177000,MTHFR,-0.110912678,0.01962677,NS
ENSG00000115649,CNPPD1,-0.109294474,0.019705405,NS
ENSG00000147874,HAUS6,0.081240074,0.019873978,NS
ENSG00000152601,MBNL1,0.077004424,0.019905709,NS
ENSG00000204103,MAFB,-0.09467116,0.019995843,NS
ENSG00000172534,HCFC1,0.091796119,0.020015575,NS
ENSG00000151247,EIF4E,0.072438073,0.020094912,NS
ENSG00000078114,NEBL,-0.109727766,0.020138431,NS
ENSG00000109381,ELF2,0.107999287,0.020139839,NS
ENSG00000130193,THEM6,-0.087888611,0.020374928,NS
ENSG00000160058,BSDC1,-0.094582347,0.020392932,NS
ENSG00000136695,IL36RN,-0.159687917,0.020465094,NS
ENSG00000205208,C4orf46,0.107644714,0.020468865,NS
ENSG00000173226,IQCB1,0.100885792,0.020593172,NS
ENSG00000120705,ETF1,0.066165561,0.020593663,NS
ENSG00000123066,MED13L,0.106311626,0.020595495,NS
ENSG00000092068,SLC7A8,0.081076592,0.020642292,NS
ENSG00000171604,CXXC5,-0.131526777,0.020642292,NS
ENSG00000131504,DIAPH1,0.067217235,0.020711212,NS
ENSG00000112081,SRSF3,0.062356122,0.020755474,NS
ENSG00000179820,MYADM,0.088516784,0.020755474,NS
ENSG00000115183,TANC1,0.069933756,0.020803657,NS
ENSG00000143061,IGSF3,-0.138014306,0.020803657,NS
ENSG00000148356,LRSAM1,-0.094858118,0.020883243,NS
ENSG00000103657,HERC1,0.116555371,0.020980167,NS
ENSG00000167608,TMC4,-0.110482925,0.020980167,NS
ENSG00000297805,NA,-0.118679824,0.021104869,NS
ENSG00000213186,TRIM59,0.112198322,0.021176426,NS
ENSG00000135870,RC3H1,0.125369606,0.021198246,NS
ENSG00000104695,PPP2CB,0.081634571,0.021279981,NS
ENSG00000168234,TTC39C,0.112151998,0.021353992,NS
ENSG00000163629,PTPN13,-0.09606671,0.021381773,NS
ENSG00000103342,GSPT1,0.06563644,0.021394597,NS
ENSG00000110400,NECTIN1,0.088039166,0.021394597,NS
ENSG00000163808,KIF15,0.100899256,0.021630733,NS
ENSG00000116237,ICMT,0.072288421,0.021642956,NS
ENSG00000164611,PTTG1,0.099569804,0.02165865,NS
ENSG00000198554,WDHD1,0.084569428,0.021723861,NS
ENSG00000128973,CLN6,0.083500244,0.021753733,NS
ENSG00000288649,ACTL10,-0.123099282,0.021753733,NS
ENSG00000136731,UGGT1,0.093745045,0.021791251,NS
ENSG00000106537,TSPAN13,0.064910928,0.021816821,NS
ENSG00000145220,LYAR,0.095002066,0.021895665,NS
ENSG00000136450,SRSF1,0.062719193,0.021915419,NS
ENSG00000290394,PKD1P6-NPIPP1,-0.158205646,0.021915419,NS
ENSG00000140905,GCSH,0.072417788,0.021917777,NS
ENSG00000171792,RHNO1,0.087944913,0.021956059,NS
ENSG00000198728,LDB1,-0.086432691,0.022031555,NS
ENSG00000261455,LINC01003,-0.127205381,0.022050138,NS
ENSG00000114021,NIT2,-0.084265193,0.022221008,NS
ENSG00000189058,APOD,0.143277063,0.022221008,NS
ENSG00000102974,CTCF,0.077815564,0.022348599,NS
ENSG00000147548,NSD3,0.090654868,0.022362916,NS
ENSG00000159348,CYB5R1,-0.083032834,0.022362916,NS
ENSG00000174442,ZWILCH,0.084985415,0.022420099,NS
ENSG00000149150,SLC43A1,0.086078699,0.022439843,NS
ENSG00000125107,CNOT1,0.067212545,0.022473248,NS
ENSG00000154222,CC2D1B,-0.094732672,0.022559343,NS
ENSG00000122483,CCDC18,0.140070918,0.022625964,NS
ENSG00000065150,IPO5,0.069219048,0.022915592,NS
ENSG00000114790,ARHGEF26,-0.064746069,0.022960772,NS
ENSG00000204634,TBC1D8,0.129259668,0.02315867,NS
ENSG00000136478,TEX2,0.075996066,0.023166255,NS
ENSG00000115464,USP34,0.077234643,0.023181392,NS
ENSG00000167971,CASKIN1,-0.155743321,0.023239189,NS
ENSG00000303867,NA,-0.152089226,0.023319393,NS
ENSG00000237973,MTCO1P12,0.151795774,0.02350811,NS
ENSG00000108479,GALK1,-0.122869461,0.023694577,NS
ENSG00000132388,UBE2G1,0.073658144,0.023799655,NS
ENSG00000176102,CSTF3,-0.085887518,0.023830974,NS
ENSG00000112941,TENT4A,0.10494594,0.023881118,NS
ENSG00000157800,SLC37A3,-0.098490778,0.024071219,NS
ENSG00000145860,RNF145,-0.082753932,0.024486753,NS
ENSG00000162695,SLC30A7,0.101568734,0.024486753,NS
ENSG00000166946,CCNDBP1,-0.115414342,0.024486753,NS
ENSG00000130517,PGPEP1,-0.131359588,0.02451491,NS
ENSG00000093183,SEC22C,0.079015854,0.024569185,NS
ENSG00000113441,LNPEP,0.099326339,0.024589518,NS
ENSG00000137501,SYTL2,-0.145966733,0.024730379,NS
ENSG00000277443,MARCKS,0.09563886,0.024730379,NS
ENSG00000124177,CHD6,0.085466438,0.024734396,NS
ENSG00000173674,EIF1AX,0.067807821,0.02479276,NS
ENSG00000198056,PRIM1,0.089125721,0.024947259,NS
ENSG00000075618,FSCN1,-0.131951593,0.025080849,NS
ENSG00000123374,CDK2,0.075025741,0.02526079,NS
ENSG00000107864,CPEB3,0.138894155,0.025455755,NS
ENSG00000108468,CBX1,0.064874083,0.025516438,NS
ENSG00000079739,PGM1,-0.094744787,0.025544454,NS
ENSG00000165671,NSD1,0.075646246,0.025544454,NS
ENSG00000167978,SRRM2,0.079800724,0.025544454,NS
ENSG00000099949,LZTR1,-0.101135181,0.025626899,NS
ENSG00000081791,DELE1,-0.089705282,0.025647439,NS
ENSG00000099326,MZF1,-0.11599322,0.025730102,NS
ENSG00000139289,PHLDA1,0.112446233,0.02581778,NS
ENSG00000038382,TRIO,0.08917828,0.025932578,NS
ENSG00000136111,TBC1D4,0.107902389,0.025932578,NS
ENSG00000181649,PHLDA2,-0.114484194,0.025979787,NS
ENSG00000185262,UBALD2,0.100189397,0.025979787,NS
ENSG00000185950,IRS2,0.132026992,0.025979787,NS
ENSG00000118007,STAG1,0.107891748,0.026057021,NS
ENSG00000171262,FAM98B,0.07922432,0.026057021,NS
ENSG00000139146,SINHCAF,0.076547999,0.026072374,NS
ENSG00000141012,GALNS,-0.127655382,0.026278811,NS
ENSG00000172725,CORO1B,-0.07657915,0.026323566,NS
ENSG00000153012,LGI2,-0.124213804,0.026420462,NS
ENSG00000100003,SEC14L2,0.123426389,0.026426598,NS
ENSG00000110888,CAPRIN2,-0.127117187,0.026509672,NS
ENSG00000103051,COG4,-0.095529534,0.026565233,NS
ENSG00000138430,OLA1,0.072892574,0.026566697,NS
ENSG00000198743,SLC5A3,0.088561724,0.026566697,NS
ENSG00000161813,LARP4,0.074265978,0.026688249,NS
ENSG00000285043,NA,0.108843542,0.026688249,NS
ENSG00000136492,BRIP1,0.114169195,0.026695211,NS
ENSG00000167468,GPX4,-0.078148987,0.026695211,NS
ENSG00000117620,SLC35A3,0.084120803,0.02715906,NS
ENSG00000075223,SEMA3C,-0.074772429,0.027518376,NS
ENSG00000231007,CDC20P1,0.150532347,0.027518376,NS
ENSG00000141741,MIEN1,-0.0960678,0.027703751,NS
ENSG00000196275,GTF2IRD2,-0.148744094,0.027875825,NS
ENSG00000154429,CCSAP,0.085408242,0.027882215,NS
ENSG00000163938,GNL3,-0.064175886,0.027972448,NS
ENSG00000108106,UBE2S,0.072460313,0.028107774,NS
ENSG00000151292,CSNK1G3,0.085205424,0.028208674,NS
ENSG00000108821,COL1A1,-0.136928321,0.028280763,NS
ENSG00000109103,UNC119,-0.11174217,0.028292411,NS
ENSG00000159399,HK2,0.079843778,0.028292411,NS
ENSG00000185591,SP1,0.086992561,0.028292411,NS
ENSG00000115204,MPV17,-0.092670361,0.028444056,NS
ENSG00000071127,WDR1,0.065088733,0.028457466,NS
ENSG00000142784,WDTC1,-0.083531652,0.028546254,NS
ENSG00000101040,ZMYND8,0.087645049,0.02859026,NS
ENSG00000205746,PKD1P4,-0.147153427,0.02859026,NS
ENSG00000142327,RNPEPL1,-0.087980934,0.028651799,NS
ENSG00000171368,TPPP,-0.143456911,0.028753518,NS
ENSG00000159352,PSMD4,-0.065449153,0.028865615,NS
ENSG00000263513,FAM72C,0.129971016,0.02913872,NS
ENSG00000180891,CUEDC1,-0.13239779,0.029351054,NS
ENSG00000232442,MHENCR,-0.122637253,0.029351054,NS
ENSG00000083307,GRHL2,0.072508,0.02944668,NS
ENSG00000067533,RRP15,0.078413636,0.029781549,NS
ENSG00000187514,PTMA,0.06123189,0.029781549,NS
ENSG00000121104,FAM117A,-0.121198034,0.029881843,NS
ENSG00000162702,ZNF281,0.099738538,0.029881843,NS
ENSG00000164253,WDR41,0.079779435,0.029881843,NS
ENSG00000204382,XAGE1B,0.144831536,0.029881843,NS
ENSG00000153037,SRP19,0.080317444,0.03007911,NS
ENSG00000099875,MKNK2,-0.067298474,0.030168401,NS
ENSG00000132432,SEC61G,0.087931166,0.030300349,NS
ENSG00000274333,LINC03104,0.140722525,0.030357197,NS
ENSG00000111602,TIMELESS,0.069445521,0.030395767,NS
ENSG00000116698,SMG7,0.075571326,0.030500649,NS
ENSG00000055163,CYFIP2,-0.094944933,0.030555161,NS
ENSG00000117862,TXNDC12,0.080703553,0.030583427,NS
ENSG00000139112,GABARAPL1,-0.098280681,0.030663856,NS
ENSG00000224078,SNHG14,0.085731065,0.03087803,NS
ENSG00000111325,OGFOD2,-0.118160488,0.030897437,NS
ENSG00000166710,B2M,0.071486116,0.030897437,NS
ENSG00000126456,IRF3,-0.090788079,0.03092413,NS
ENSG00000176619,LMNB2,0.06505597,0.031024399,NS
ENSG00000286070,NA,0.091596756,0.03126042,NS
ENSG00000102409,BEX4,-0.12702283,0.031530317,NS
ENSG00000162433,AK4,0.065653927,0.03166957,NS
ENSG00000117262,GPR89A,0.100135196,0.031699513,NS
ENSG00000119899,SLC17A5,-0.113250587,0.031699513,NS
ENSG00000108946,PRKAR1A,-0.070576678,0.031730763,NS
ENSG00000179104,TMTC2,0.08233669,0.031741313,NS
ENSG00000086061,DNAJA1,0.063984065,0.031914598,NS
ENSG00000102103,PQBP1,-0.089677716,0.031923684,NS
ENSG00000153187,HNRNPU,0.062788577,0.031945956,NS
ENSG00000146247,PHIP,0.084505105,0.032074084,NS
ENSG00000188191,PRKAR1B,-0.122059609,0.032074084,NS
ENSG00000134684,YARS1,0.062150413,0.032199747,NS
ENSG00000196177,ACADSB,-0.077009117,0.032367429,NS
ENSG00000120519,SLC10A7,0.104041724,0.032438479,NS
ENSG00000112146,FBXO9,-0.078046373,0.032456515,NS
ENSG00000112531,QKI,0.078337399,0.032484209,NS
ENSG00000014138,POLA2,0.086678275,0.032487016,NS
ENSG00000101191,DIDO1,0.076843185,0.032487016,NS
ENSG00000115355,CCDC88A,0.109808146,0.032524826,NS
ENSG00000189091,SF3B3,0.062096426,0.032524826,NS
ENSG00000231925,TAPBP,-0.092931045,0.033040137,NS
ENSG00000141497,ZMYND15,-0.140649141,0.033168463,NS
ENSG00000113456,RAD1,0.082454834,0.033174586,NS
ENSG00000134590,RTL8C,-0.080926165,0.033253296,NS
ENSG00000139133,ALG10,0.105629637,0.033253296,NS
ENSG00000160190,SLC37A1,-0.096741861,0.033253296,NS
ENSG00000213442,RPL18AP3,-0.123007318,0.033253296,NS
ENSG00000102158,MAGT1,0.07232055,0.03325904,NS
ENSG00000125746,EML2,-0.115078407,0.033311137,NS
ENSG00000099810,MTAP,0.080355608,0.033382899,NS
ENSG00000166816,LDHD,-0.095849164,0.033477125,NS
ENSG00000039560,RAI14,-0.07221654,0.033682957,NS
ENSG00000126777,KTN1,0.077457275,0.033682957,NS
ENSG00000182087,TMEM259,-0.073409019,0.033843049,NS
ENSG00000179832,MROH1,-0.104175682,0.034206421,NS
ENSG00000060138,YBX3,0.065011954,0.034247893,NS
ENSG00000150667,FSIP1,0.131762087,0.034411414,NS
ENSG00000149136,SSRP1,0.061232337,0.034459827,NS
ENSG00000126010,GRPR,0.138254251,0.034847856,NS
ENSG00000124783,SSR1,0.063475312,0.035013634,NS
ENSG00000143799,PARP1,0.056517305,0.035085475,NS
ENSG00000108963,DPH1,-0.078135153,0.035215148,NS
ENSG00000131263,RLIM,0.078601782,0.035215148,NS
ENSG00000140836,ZFHX3,0.134494971,0.035215148,NS
ENSG00000142731,PLK4,0.109575779,0.035215148,NS
ENSG00000167635,ZNF146,0.065239027,0.035215148,NS
ENSG00000168077,SCARA3,0.136747594,0.035215148,NS
ENSG00000126216,TUBGCP3,0.096892319,0.035215865,NS
ENSG00000181789,COPG1,-0.058950985,0.035341846,NS
ENSG00000109181,UGT2B10,-0.134274746,0.035442013,NS
ENSG00000117448,AKR1A1,-0.070537985,0.035551318,NS
ENSG00000163875,MEAF6,0.066480032,0.035634398,NS
ENSG00000144746,ARL6IP5,-0.072098077,0.03579532,NS
ENSG00000196247,ZNF107,0.087456779,0.035867031,NS
ENSG00000233621,LITATS1,-0.13084935,0.035905461,NS
ENSG00000006282,SPATA20,-0.065746583,0.035935785,NS
ENSG00000149089,APIP,0.09791953,0.035935785,NS
ENSG00000101343,CRNKL1,0.080019377,0.035958661,NS
ENSG00000176387,HSD11B2,-0.094056308,0.036567074,NS
ENSG00000107819,SFXN3,-0.104052238,0.036582241,NS
ENSG00000023909,GCLM,0.078272629,0.03672509,NS
ENSG00000058063,ATP11B,0.071785656,0.03672509,NS
ENSG00000091009,RBM27,0.088022435,0.03672509,NS
ENSG00000120889,TNFRSF10B,0.067675032,0.03672509,NS
ENSG00000168807,SNTB2,0.085214022,0.03672509,NS
ENSG00000075643,MOCOS,0.076103479,0.036903488,NS
ENSG00000136159,NUDT15,0.085124152,0.037130993,NS
ENSG00000156650,KAT6B,0.095764756,0.037313761,NS
ENSG00000132196,HSD17B7,-0.105180227,0.037809824,NS
ENSG00000186063,AIDA,-0.053801339,0.03829522,NS
ENSG00000060971,ACAA1,0.069412949,0.038325198,NS
ENSG00000175806,MSRA,-0.133491127,0.038325198,NS
ENSG00000124299,PEPD,-0.094408886,0.038334511,NS
ENSG00000197128,ZNF772,0.097634015,0.038412575,NS
ENSG00000266338,NBPF15,-0.116005128,0.038412575,NS
ENSG00000274750,H3C6,-0.133490035,0.038449353,NS
ENSG00000121871,SLITRK3,-0.098138301,0.038605405,NS
ENSG00000166181,API5,0.060250847,0.038899394,NS
ENSG00000120306,CYSTM1,-0.107094573,0.038906,NS
ENSG00000117222,RBBP5,0.079072211,0.038935741,NS
ENSG00000137962,ARHGAP29,-0.074150422,0.038935741,NS
ENSG00000161692,DBF4B,0.115492413,0.03910963,NS
ENSG00000155304,HSPA13,0.079686667,0.03919651,NS
ENSG00000111642,CHD4,0.062572601,0.039319149,NS
ENSG00000178445,GLDC,-0.129714777,0.039353683,NS
ENSG00000289604,CTAGE8,0.130469488,0.039624079,NS
ENSG00000185551,NR2F2,0.079395252,0.040068368,NS
ENSG00000175155,YPEL2,-0.127726055,0.040089822,NS
ENSG00000182010,RTKN2,0.103393301,0.040089822,NS
ENSG00000242802,AP5Z1,-0.124093997,0.040089822,NS
ENSG00000131100,ATP6V1E1,-0.077085786,0.040281208,NS
ENSG00000213689,TREX1,-0.088005611,0.040319653,NS
ENSG00000101972,STAG2,0.068510045,0.040813604,NS
ENSG00000149541,B3GAT3,-0.080195903,0.040847905,NS
ENSG00000166845,C18orf54,0.109448562,0.040847905,NS
ENSG00000168496,FEN1,0.064417464,0.040847905,NS
ENSG00000136122,BORA,0.130607926,0.040915952,NS
ENSG00000108510,MED13,0.07415487,0.041042281,NS
ENSG00000225138,SLC9A3-AS1,-0.130301165,0.041086843,NS
ENSG00000144485,HES6,-0.092810181,0.041095295,NS
ENSG00000004897,CDC27,0.068500543,0.041287588,NS
ENSG00000182831,HAPSTR1,0.077295054,0.041494305,NS
ENSG00000140740,UQCRC2,-0.060435628,0.041546193,NS
ENSG00000136868,SLC31A1,0.062741553,0.041566815,NS
ENSG00000183426,NPIPA1,-0.126892501,0.04159261,NS
ENSG00000102189,EEA1,0.096063708,0.041602137,NS
ENSG00000111142,METAP2,0.062976023,0.041602137,NS
ENSG00000145734,BDP1,0.085963418,0.041602137,NS
ENSG00000158711,ELK4,0.082243257,0.041602137,NS
ENSG00000128524,ATP6V1F,-0.080808491,0.042185944,NS
ENSG00000068654,POLR1A,0.075718873,0.042279714,NS
ENSG00000119912,IDE,0.077596944,0.042331852,NS
ENSG00000085274,MYNN,-0.099373845,0.042423347,NS
ENSG00000105289,TJP3,-0.128559466,0.042423347,NS
ENSG00000106772,PRUNE2,-0.069233288,0.042423347,NS
ENSG00000104356,POP1,0.095527885,0.042645624,NS
ENSG00000101367,MAPRE1,0.063469741,0.042723519,NS
ENSG00000158109,TPRG1L,-0.079570168,0.042878218,NS
ENSG00000167088,SNRPD1,0.069832185,0.042931867,NS
ENSG00000177239,MAN1B1,-0.070118523,0.042931867,NS
ENSG00000102753,KPNA3,0.085326009,0.04319233,NS
ENSG00000111331,OAS3,0.083062989,0.043239394,NS
ENSG00000113716,HMGXB3,0.070990521,0.043270112,NS
ENSG00000164105,SAP30,0.122657335,0.04332716,NS
ENSG00000078061,ARAF,-0.082520043,0.043427186,NS
ENSG00000149929,HIRIP3,0.086047,0.043427186,NS
ENSG00000170634,ACYP2,-0.127393617,0.043427186,NS
ENSG00000007202,BLTP2,0.062321787,0.043692878,NS
ENSG00000085832,EPS15,0.069416333,0.043692878,NS
ENSG00000101868,POLA1,0.080282546,0.043692878,NS
ENSG00000118816,CCNI,-0.063456026,0.043692878,NS
ENSG00000168672,LRATD2,0.07669066,0.043692878,NS
ENSG00000213599,SLX1A-SULT1A3,-0.123198995,0.043692878,NS
ENSG00000131462,TUBG1,0.065373533,0.043744533,NS
ENSG00000100625,SIX4,0.103073184,0.043990372,NS
ENSG00000108384,RAD51C,0.073985023,0.043990372,NS
ENSG00000205581,HMGN1,0.058205313,0.043998049,NS
ENSG00000079387,SENP1,0.090638158,0.044040133,NS
ENSG00000228594,FNDC10,-0.073090556,0.044082868,NS
ENSG00000197969,VPS13A,0.078507423,0.044419691,NS
ENSG00000186432,KPNA4,0.070585912,0.044540724,NS
ENSG00000102580,DNAJC3,0.083977826,0.044572774,NS
ENSG00000159842,ABR,-0.074576165,0.044691515,NS
ENSG00000172992,DCAKD,-0.079040473,0.045141403,NS
ENSG00000077549,CAPZB,0.065828196,0.045224425,NS
ENSG00000109736,MFSD10,-0.106756413,0.045243922,NS
ENSG00000174243,DDX23,0.06440321,0.04529035,NS
ENSG00000196557,CACNA1H,-0.103722253,0.04548096,NS
ENSG00000106266,SNX8,-0.082108569,0.045537818,NS
ENSG00000125629,INSIG2,-0.10611975,0.045537818,NS
ENSG00000100335,MIEF1,0.071003115,0.045595608,NS
ENSG00000107821,KAZALD1,0.104585956,0.045623862,NS
ENSG00000129351,ILF3,0.056133745,0.045847439,NS
ENSG00000178295,GEN1,0.101345485,0.04603315,NS
ENSG00000280071,NA,-0.074983123,0.046188985,NS
ENSG00000127804,METTL16,0.073439992,0.046241172,NS
ENSG00000100983,GSS,-0.064505347,0.046312399,NS
ENSG00000196660,SLC30A10,-0.123830847,0.046548153,NS
ENSG00000153147,SMARCA5,0.064966082,0.046760996,NS
ENSG00000128872,TMOD2,-0.120882105,0.0468654,NS
ENSG00000146670,CDCA5,0.065837032,0.046914628,NS
ENSG00000118620,ZNF430,0.101172394,0.04702383,NS
ENSG00000185070,FLRT2,-0.123017989,0.047045779,NS
ENSG00000116560,SFPQ,0.056322343,0.047063314,NS
ENSG00000126883,NUP214,0.06899512,0.047566347,NS
ENSG00000149548,CCDC15,0.111424717,0.047566347,NS
ENSG00000184408,KCND2,0.123695868,0.047647338,NS
ENSG00000164815,ORC5,0.078895192,0.047691506,NS
ENSG00000078902,TOLLIP,-0.071063193,0.047703754,NS
ENSG00000114650,SCAP,0.068512198,0.047925608,NS
ENSG00000164944,VIRMA,0.07235678,0.047985844,NS
ENSG00000187164,SHTN1,-0.069331211,0.048031494,NS
ENSG00000288983,NA,0.113606728,0.048031494,NS
ENSG00000126005,MMP24OS,-0.082987098,0.048208496,NS
ENSG00000266402,SNHG25,-0.11640007,0.048208496,NS
ENSG00000122376,SHLD2,0.079292685,0.04843715,NS
ENSG00000143353,LYPLAL1,0.07509156,0.04843715,NS
ENSG00000162194,LBHD1,-0.121073594,0.04843715,NS
ENSG00000163961,RNF168,0.079156046,0.04843715,NS
ENSG00000120860,WASHC3,0.088415791,0.048540622,NS
ENSG00000185303,SFTPA2,-0.115917545,0.048540622,NS
ENSG00000055332,EIF2AK2,0.091096171,0.049025403,NS
ENSG00000163156,SCNM1,-0.089779576,0.04913772,NS
ENSG00000187189,TSPYL4,0.068178385,0.049223442,NS
ENSG00000100439,ABHD4,-0.072136665,0.049241507,NS
ENSG00000179604,CDC42EP4,0.074022147,0.049503427,NS
ENSG00000125944,HNRNPR,0.057432002,0.049576347,NS
ENSG00000136982,DSCC1,0.083494156,0.049761677,NS
ENSG00000261578,NA,0.121757063,0.049926063,NS
ENSG00000175938,ORAI3,-0.116678914,0.049933002,NS
ENSG00000125995,ROMO1,-0.089494822,0.050045412,NS
ENSG00000119242,CCDC92,-0.106431432,0.050085051,NS
ENSG00000178467,P4HTM,-0.084676277,0.050085051,NS
ENSG00000166387,PPFIBP2,0.081752047,0.050169358,NS
ENSG00000173581,CCDC106,-0.087190447,0.050285078,NS
ENSG00000230234,NA,-0.091677474,0.050330341,NS
ENSG00000116991,SIPA1L2,0.079558553,0.050587836,NS
ENSG00000067900,ROCK1,0.077650516,0.050822482,NS
ENSG00000137310,TCF19,0.06915956,0.050822482,NS
ENSG00000179085,DPM3,-0.094414835,0.050822482,NS
ENSG00000183054,RGPD6,0.102060517,0.050919602,NS
ENSG00000171621,SPSB1,0.116029956,0.051127498,NS
ENSG00000124721,DNAH8,0.108961637,0.051452523,NS
ENSG00000065135,GNAI3,0.064810909,0.051473092,NS
ENSG00000120896,SORBS3,-0.091874738,0.051500601,NS
ENSG00000162105,SHANK2,-0.099405147,0.051729901,NS
ENSG00000121413,ZSCAN18,-0.106462826,0.05181959,NS
ENSG00000135801,TAF5L,0.07236598,0.051831621,NS
ENSG00000130733,YIPF2,-0.07152873,0.051911999,NS
ENSG00000163932,PRKCD,0.060759644,0.052059141,NS
ENSG00000170242,USP47,0.067047649,0.052215752,NS
ENSG00000095319,NUP188,0.060364906,0.052701715,NS
ENSG00000115207,GTF3C2,0.066823147,0.052707394,NS
ENSG00000257093,DENND11,-0.077382901,0.052867797,NS
ENSG00000166780,BMERB1,-0.119026373,0.052939067,NS
ENSG00000214655,ZSWIM8,-0.082241601,0.053118745,NS
ENSG00000115159,GPD2,0.084062087,0.053152494,NS
ENSG00000114739,ACVR2B,0.113550436,0.053166826,NS
ENSG00000127334,DYRK2,0.093761568,0.053201638,NS
ENSG00000110697,PITPNM1,-0.095323328,0.053459121,NS
ENSG00000290183,NA,0.118852039,0.053546456,NS
ENSG00000171163,ZNF692,-0.111586398,0.053928247,NS
ENSG00000062282,DGAT2,-0.077761386,0.053976645,NS
ENSG00000237149,ZNF503-AS2,-0.118019366,0.054085069,NS
ENSG00000070759,TESK2,-0.103101058,0.054099355,NS
ENSG00000038358,EDC4,-0.077125238,0.054229217,NS
ENSG00000144791,LIMD1,0.071269293,0.054490846,NS
ENSG00000100167,SEPTIN3,-0.080034643,0.054867156,NS
ENSG00000114770,ABCC5,-0.098084235,0.054867156,NS
ENSG00000138674,SEC31A,-0.063300085,0.054963796,NS
ENSG00000159176,CSRP1,-0.061339665,0.055197527,NS
ENSG00000110660,SLC35F2,0.070290849,0.055369132,NS
ENSG00000089693,MLF2,-0.059205971,0.055450414,NS
ENSG00000132846,ZBED3,0.078332505,0.055450414,NS
ENSG00000163624,CDS1,0.084938738,0.055450414,NS
ENSG00000125871,MGME1,0.074939319,0.055488804,NS
ENSG00000064703,DDX20,0.097887578,0.055608062,NS
ENSG00000131187,F12,-0.084783161,0.05563716,NS
ENSG00000291237,SOD2,0.066395278,0.055638124,NS
ENSG00000102786,INTS6,0.081339685,0.055693886,NS
ENSG00000177469,CAVIN1,-0.11274178,0.055693886,NS
ENSG00000074181,NOTCH3,-0.107776511,0.055952758,NS
ENSG00000185359,HGS,-0.073677387,0.056270247,NS
ENSG00000188603,CLN3,-0.087356309,0.056270247,NS
ENSG00000112144,CILK1,0.066027519,0.056460699,NS
ENSG00000287151,LINC03124,0.110781749,0.056479979,NS
ENSG00000183833,CFAP91,0.109255446,0.056567939,NS
ENSG00000120694,HSPH1,0.060995915,0.057011987,NS
ENSG00000152413,HOMER1,0.078029619,0.057114893,NS
ENSG00000164284,GRPEL2,0.075851443,0.057364734,NS
ENSG00000152086,TUBA3E,0.107807075,0.057403602,NS
ENSG00000173207,CKS1B,0.074334758,0.057403602,NS
ENSG00000198842,STYXL2,0.115973326,0.057403602,NS
ENSG00000285816,NA,-0.111656934,0.057403602,NS
ENSG00000123159,GIPC1,-0.070325699,0.057543407,NS
ENSG00000164985,PSIP1,0.062985336,0.057543407,NS
ENSG00000303982,NA,0.115197248,0.057543407,NS
ENSG00000074755,ZZEF1,0.077049629,0.058079158,NS
ENSG00000052795,FNIP2,0.078875971,0.058399918,NS
ENSG00000090924,PLEKHG2,0.115057648,0.058516359,NS
ENSG00000188706,ZDHHC9,0.061946359,0.058561927,NS
ENSG00000181396,OGFOD3,-0.078237821,0.05887704,NS
ENSG00000105323,HNRNPUL1,0.055743943,0.058950752,NS
ENSG00000184232,OAF,-0.096815562,0.059001502,NS
ENSG00000153989,NUS1,0.061492902,0.05905256,NS
ENSG00000058668,ATP2B4,0.069953496,0.059117867,NS
ENSG00000108465,CDK5RAP3,-0.069467312,0.059284852,NS
ENSG00000143590,EFNA3,-0.089285139,0.059769481,NS
ENSG00000070614,NDST1,0.063120178,0.059842862,NS
ENSG00000286001,NA,-0.106865945,0.059931102,NS
ENSG00000198833,UBE2J1,0.06827549,0.059978063,NS
ENSG00000139116,KIF21A,0.076088721,0.060030308,NS
ENSG00000197006,METTL9,0.06573466,0.060054086,NS
ENSG00000197386,HTT,0.076289136,0.060065215,NS
ENSG00000157379,DHRS1,-0.089458906,0.060087829,NS
ENSG00000183576,SETD3,0.063202645,0.060087829,NS
ENSG00000188064,WNT7B,0.072518016,0.060093154,NS
ENSG00000100796,PPP4R3A,0.068966086,0.060513576,NS
ENSG00000167615,LENG8,-0.090724584,0.060665159,NS
ENSG00000133935,ERG28,-0.07419434,0.060977572,NS
ENSG00000142207,URB1,0.068655715,0.061016857,NS
ENSG00000137818,RPLP1,-0.071436125,0.06106948,NS
ENSG00000111875,ASF1A,0.076133874,0.061243012,NS
ENSG00000100151,PICK1,-0.0852666,0.061308876,NS
ENSG00000170322,NFRKB,-0.07445635,0.061320192,NS
ENSG00000069011,PITX1,-0.066448119,0.061473574,NS
ENSG00000101004,NINL,-0.110784809,0.061510501,NS
ENSG00000129250,KIF1C,0.055011727,0.061787349,NS
ENSG00000186577,SMIM29,-0.092630408,0.061787349,NS
ENSG00000161328,LRRC56,-0.112714682,0.061818897,NS
ENSG00000286019,NOTCH2NLB,0.11283542,0.061818897,NS
ENSG00000142657,PGD,-0.058547838,0.061828037,NS
ENSG00000100401,RANGAP1,0.058352828,0.061941436,NS
ENSG00000119402,FBXW2,0.065470358,0.061941436,NS
ENSG00000181827,RFX7,0.077438133,0.061941436,NS
ENSG00000173805,HAP1,-0.110188078,0.062034181,NS
ENSG00000085365,SCAMP1,0.06309566,0.062249707,NS
ENSG00000085449,WDFY1,0.07498069,0.062284368,NS
ENSG00000167183,PRR15L,-0.109829255,0.062312443,NS
ENSG00000280018,NA,0.103620527,0.062312443,NS
ENSG00000230882,NA,0.1122905,0.062325756,NS
ENSG00000052126,PLEKHA5,0.080438127,0.062597351,NS
ENSG00000020129,NCDN,-0.072263403,0.062614473,NS
ENSG00000167964,RAB26,-0.097211882,0.062632704,NS
ENSG00000154122,ANKH,0.066112442,0.062645397,NS
ENSG00000196743,GM2A,-0.069156802,0.062705676,NS
ENSG00000056586,RC3H2,0.066742409,0.062755028,NS
ENSG00000152683,SLC30A6,0.074831315,0.062852793,NS
ENSG00000161714,PLCD3,-0.103996437,0.063082387,NS
ENSG00000114541,FRMD4B,0.10324758,0.063170781,NS
ENSG00000131069,ACSS2,-0.072131032,0.063242261,NS
ENSG00000090520,DNAJB11,0.063498406,0.063506234,NS
ENSG00000099899,TRMT2A,-0.08518589,0.063506234,NS
ENSG00000130283,GDF1,-0.108621586,0.06377627,NS
ENSG00000055917,PUM2,0.06676949,0.063932098,NS
ENSG00000135913,USP37,0.076646539,0.064159469,NS
ENSG00000146757,ZNF92,0.088241871,0.064250466,NS
ENSG00000124789,NUP153,0.065469179,0.06436596,NS
ENSG00000183117,CSMD1,-0.085460127,0.06436596,NS
ENSG00000278291,NA,-0.104221869,0.06436596,NS
ENSG00000290867,LINC01145,-0.092461285,0.06436596,NS
ENSG00000123989,CHPF,-0.068402288,0.064523945,NS
ENSG00000028528,SNX1,-0.068599492,0.064557574,NS
ENSG00000167323,STIM1,-0.064550348,0.064557574,NS
ENSG00000044574,HSPA5,0.055433836,0.064662565,NS
ENSG00000104131,EIF3J,0.061264895,0.064662565,NS
ENSG00000008853,RHOBTB2,0.075527093,0.064778323,NS
ENSG00000108654,DDX5,-0.059212861,0.064804598,NS
ENSG00000186638,KIF24,0.100600302,0.06506485,NS
ENSG00000099917,MED15,-0.080851574,0.065070912,NS
ENSG00000114200,BCHE,-0.092087483,0.065070912,NS
ENSG00000178904,DPY19L3,-0.082949738,0.065198344,NS
ENSG00000100284,TOM1,-0.08648425,0.065495578,NS
ENSG00000109814,UGDH,0.069227826,0.065495578,NS
ENSG00000161677,JOSD2,-0.09109352,0.065495578,NS
ENSG00000012061,ERCC1,-0.078520437,0.065527559,NS
ENSG00000125485,DDX31,0.078857068,0.065852466,NS
ENSG00000126778,SIX1,0.108156605,0.065922567,NS
ENSG00000167291,TBC1D16,0.059371547,0.065922567,NS
ENSG00000113273,ARSB,0.087905414,0.065935433,NS
ENSG00000256683,ZNF350,0.103696252,0.065953344,NS
ENSG00000071889,FAM3A,-0.072882148,0.066019983,NS
ENSG00000120733,KDM3B,0.064914429,0.066019983,NS
ENSG00000127481,UBR4,0.107995345,0.066019983,NS
ENSG00000179151,EDC3,-0.072665715,0.066019983,NS
ENSG00000181045,SLC26A11,-0.095279085,0.066019983,NS
ENSG00000254087,LYN,-0.085150967,0.066019983,NS
ENSG00000123136,DDX39A,0.060035331,0.066127893,NS
ENSG00000135924,DNAJB2,-0.075944904,0.066440755,NS
ENSG00000134884,ARGLU1,-0.085666921,0.066502262,NS
ENSG00000167702,KIFC2,-0.101012229,0.066502262,NS
ENSG00000110107,PRPF19,-0.059403275,0.066896723,NS
ENSG00000119787,ATL2,0.073171342,0.066896723,NS
ENSG00000196976,LAGE3,-0.079522996,0.066900645,NS
ENSG00000128335,APOL2,-0.094546663,0.066930124,NS
ENSG00000157388,CACNA1D,-0.108886271,0.067306146,NS
ENSG00000143514,TP53BP2,0.068720943,0.067542213,NS
ENSG00000108559,NUP88,0.063380088,0.067598528,NS
ENSG00000175061,SNHG29,-0.05719119,0.067598528,NS
ENSG00000120948,TARDBP,0.056416014,0.067618029,NS
ENSG00000171298,GAA,-0.063487901,0.067618029,NS
ENSG00000182195,LDOC1,-0.071569042,0.067618029,NS
ENSG00000260001,TGFBR3L,-0.107462781,0.068128621,NS
ENSG00000171497,PPID,0.065361502,0.068246435,NS
ENSG00000164031,DNAJB14,0.075496503,0.068418216,NS
ENSG00000235123,DSCAM-AS1,-0.101395145,0.068418216,NS
ENSG00000086598,TMED2,0.051504828,0.068545889,NS
ENSG00000158050,DUSP2,0.074597415,0.068545889,NS
ENSG00000160201,U2AF1,0.06876771,0.068545889,NS
ENSG00000128059,PPAT,0.063164077,0.068922361,NS
ENSG00000156795,NTAQ1,0.095562175,0.068922361,NS
ENSG00000146263,MMS22L,0.082648795,0.068971669,NS
ENSG00000254860,TMEM9B-AS1,-0.107915658,0.069304999,NS
ENSG00000110395,CBL,0.082215498,0.069357045,NS
ENSG00000154124,OTULIN,0.073647798,0.069357045,NS
ENSG00000165572,KBTBD6,0.074266374,0.069461754,NS
ENSG00000285053,NA,0.091205789,0.069461754,NS
ENSG00000288825,H2AC18,-0.088554617,0.069461754,NS
ENSG00000026559,KCNG1,-0.106255348,0.069491841,NS
ENSG00000008256,CYTH3,-0.078292469,0.070066245,NS
ENSG00000167315,ACAA2,0.099573573,0.070067686,NS
ENSG00000132570,PCBD2,-0.082108951,0.070349228,NS
ENSG00000122482,ZNF644,0.070408414,0.070363775,NS
ENSG00000289609,NA,0.105815853,0.070584026,NS
ENSG00000143164,DCAF6,0.052505786,0.070696121,NS
ENSG00000133142,TCEAL4,-0.060818998,0.070816387,NS
ENSG00000168476,REEP4,0.064188977,0.070816387,NS
ENSG00000225663,MCRIP1,-0.088266551,0.070903477,NS
ENSG00000170502,NUDT9,0.085149357,0.070973305,NS
ENSG00000197444,OGDHL,-0.106514915,0.070977184,NS
ENSG00000140320,BAHD1,-0.088347716,0.071052065,NS
ENSG00000115947,ORC4,-0.078447266,0.071097441,NS
ENSG00000165480,SKA3,0.078327148,0.071238791,NS
ENSG00000157500,APPL1,0.064453372,0.071474596,NS
ENSG00000197275,RAD54B,0.080009897,0.071474596,NS
ENSG00000112200,ZNF451,0.075034819,0.071881581,NS
ENSG00000153207,AHCTF1,0.061688961,0.071968497,NS
ENSG00000163125,RPRD2,0.063277935,0.071968497,NS
ENSG00000196632,WNK3,-0.092074555,0.071968497,NS
ENSG00000144824,PHLDB2,0.097589193,0.072054481,NS
ENSG00000213420,GPC2,-0.101333461,0.072148153,NS
ENSG00000164683,HEY1,0.10554392,0.072290812,NS
ENSG00000082641,NFE2L1,-0.05444594,0.0725453,NS
ENSG00000065559,MAP2K4,0.065835207,0.07255686,NS
ENSG00000102271,KLHL4,0.091792104,0.072579433,NS
ENSG00000104341,LAPTM4B,-0.078231161,0.072579433,NS
ENSG00000104825,NFKBIB,-0.094830386,0.072579433,NS
ENSG00000163848,ZNF148,0.069699496,0.072579433,NS
ENSG00000184117,NIPSNAP1,-0.058449421,0.072776346,NS
ENSG00000172366,MCRIP2,-0.072059792,0.072870437,NS
ENSG00000108424,KPNB1,0.052044182,0.073099171,NS
ENSG00000096401,CDC5L,0.063948103,0.073338427,NS
ENSG00000096080,MRPS18A,0.077517714,0.073948226,NS
ENSG00000106682,EIF4H,0.050151004,0.073948226,NS
ENSG00000111445,RFC5,0.065502686,0.073948226,NS
ENSG00000117410,ATP6V0B,-0.055658864,0.073948226,NS
ENSG00000100345,MYH9,0.056647411,0.073954027,NS
ENSG00000277363,SRCIN1,-0.105176134,0.074014597,NS
ENSG00000214367,HAUS3,0.081035705,0.074082168,NS
ENSG00000290711,NA,-0.10061547,0.074082168,NS
ENSG00000166004,CEP295,0.082187865,0.074170075,NS
ENSG00000126953,TIMM8A,0.076198431,0.074267804,NS
ENSG00000155561,NUP205,0.057493041,0.074305929,NS
ENSG00000245571,FAM111A-DT,-0.104710489,0.074325826,NS
ENSG00000115760,BIRC6,0.076984281,0.075331434,NS
ENSG00000179335,CLK3,-0.077636014,0.075537032,NS
ENSG00000165929,TC2N,0.06114323,0.076059947,NS
ENSG00000130294,KIF1A,-0.060829922,0.076077814,NS
ENSG00000139350,NEDD1,0.07203394,0.076077814,NS
ENSG00000157212,PAXIP1,0.076049237,0.076241071,NS
ENSG00000243449,NICOL1,-0.091121292,0.076241071,NS
ENSG00000167799,NUDT8,-0.078720788,0.076473745,NS
ENSG00000119596,YLPM1,0.059072307,0.076807454,NS
ENSG00000183098,GPC6,0.094580811,0.076878189,NS
ENSG00000111530,CAND1,0.055981652,0.076881722,NS
ENSG00000152256,PDK1,0.069027726,0.077178592,NS
ENSG00000104889,RNASEH2A,0.068729248,0.077328987,NS
ENSG00000149269,PAK1,-0.082534896,0.077329417,NS
ENSG00000223776,LGALS8-AS1,-0.103530201,0.077482622,NS
ENSG00000163703,CRELD1,-0.079746793,0.07771812,NS
ENSG00000164751,PEX2,0.075005316,0.07771812,NS
ENSG00000269343,ZNF587B,0.08671346,0.077827052,NS
ENSG00000110002,VWA5A,-0.102457069,0.077860648,NS
ENSG00000134248,LAMTOR5,-0.06747154,0.077868041,NS
ENSG00000286112,KYAT1,-0.09918723,0.077923854,NS
ENSG00000172183,ISG20,-0.101900558,0.078148537,NS
ENSG00000181392,SYNE4,-0.082876117,0.078192306,NS
ENSG00000092421,SEMA6A,-0.095554973,0.078226684,NS
ENSG00000196655,TRAPPC4,-0.069902873,0.078226684,NS
ENSG00000104413,ESRP1,0.06556746,0.078246283,NS
ENSG00000162069,BICDL2,-0.101384749,0.078546746,NS
ENSG00000183283,DAZAP2,-0.058761059,0.0786586,NS
ENSG00000051596,THOC3,0.064335579,0.078835602,NS
ENSG00000130816,DNMT1,0.055176748,0.078835602,NS
ENSG00000188229,TUBB4B,0.059389488,0.078835602,NS
ENSG00000196305,IARS1,0.053261699,0.078835602,NS
ENSG00000091409,ITGA6,0.065729451,0.079072576,NS
ENSG00000099910,KLHL22,-0.086945002,0.079072576,NS
ENSG00000112584,FAM120B,-0.081009015,0.079075504,NS
ENSG00000140157,NIPA2,0.063162196,0.079622991,NS
ENSG00000160959,LRRC14,-0.074264084,0.079638571,NS
ENSG00000161905,ALOX15,-0.05695912,0.079638571,NS
ENSG00000148832,PAOX,-0.100854257,0.080056603,NS
ENSG00000179403,VWA1,-0.063189977,0.080261416,NS
ENSG00000106344,RBM28,0.069166397,0.080669023,NS
ENSG00000104064,GABPB1,0.078763616,0.081110765,NS
ENSG00000176444,CLK2,-0.08040846,0.08181708,NS
ENSG00000085063,CD59,-0.066544896,0.081829868,NS
ENSG00000136628,EPRS1,0.059200565,0.081829868,NS
ENSG00000249915,PDCD6,-0.065840551,0.081829868,NS
ENSG00000131089,ARHGEF9,-0.077606841,0.081854145,NS
ENSG00000143147,GPR161,0.074448637,0.081854145,NS
ENSG00000065485,PDIA5,0.06608908,0.081862698,NS
ENSG00000295602,NA,0.10136813,0.081862698,NS
ENSG00000105556,MIER2,-0.087097324,0.081957857,NS
ENSG00000196576,PLXNB2,0.054384782,0.082213434,NS
ENSG00000104805,NUCB1,-0.068801339,0.082280332,NS
ENSG00000138942,RNF185,-0.070176669,0.082339007,NS
ENSG00000187555,USP7,0.056927361,0.082419793,NS
ENSG00000169604,ANTXR1,-0.094965949,0.082676856,NS
ENSG00000100811,YY1,0.058154935,0.082772713,NS
ENSG00000293506,NA,0.096016625,0.082777077,NS
ENSG00000122566,HNRNPA2B1,0.048943055,0.082907935,NS
ENSG00000140563,MCTP2,-0.069772088,0.082991849,NS
ENSG00000140830,TXNL4B,0.080826156,0.083113567,NS
ENSG00000153140,CETN3,0.071749572,0.083113567,NS
ENSG00000158856,DMTN,-0.079113074,0.08323579,NS
ENSG00000177425,PAWR,0.063269972,0.083478131,NS
ENSG00000104833,TUBB4A,-0.099730654,0.083734105,NS
ENSG00000103540,CCP110,0.073166346,0.083756791,NS
ENSG00000153317,ASAP1,0.066655442,0.083756791,NS
ENSG00000100888,CHD8,0.062286237,0.083990351,NS
ENSG00000198700,IPO9,0.052726261,0.083990351,NS
ENSG00000121691,CAT,-0.059943146,0.084262651,NS
ENSG00000271013,LRRC37A9P,0.094361153,0.084317952,NS
ENSG00000047644,WWC3,0.063764972,0.084934937,NS
ENSG00000077585,GPR137B,-0.085125892,0.084934937,NS
ENSG00000134762,DSC3,0.099842951,0.085079394,NS
ENSG00000119950,MXI1,-0.075865622,0.085324372,NS
ENSG00000176903,PNMA1,-0.064002642,0.085738564,NS
ENSG00000301917,NA,0.089120872,0.085738564,NS
ENSG00000104517,UBR5,0.05866366,0.085738984,NS
ENSG00000162032,SPSB3,-0.098565356,0.085738984,NS
ENSG00000062598,ELMO2,0.073490199,0.08574268,NS
ENSG00000153933,DGKE,0.077235711,0.085899051,NS
ENSG00000305105,NA,-0.096473838,0.086051731,NS
ENSG00000089280,FUS,-0.053210708,0.086191288,NS
ENSG00000116120,FARSB,0.060355942,0.086191288,NS
ENSG00000112320,SOBP,-0.098064752,0.086622953,NS
ENSG00000128833,MYO5C,0.07329519,0.086626263,NS
ENSG00000272398,CD24,-0.085233977,0.086789396,NS
ENSG00000131171,SH3BGRL,0.061851311,0.087032433,NS
ENSG00000035664,DAPK2,-0.098554851,0.087084321,NS
ENSG00000105393,BABAM1,-0.064875601,0.087084321,NS
ENSG00000109118,PHF12,-0.065522703,0.087084321,NS
ENSG00000119335,SET,0.047874123,0.087084321,NS
ENSG00000121440,PDZRN3,0.087357089,0.087084321,NS
ENSG00000164758,MED30,0.097287317,0.087084321,NS
ENSG00000268883,PNMA6B,-0.092755227,0.087084321,NS
ENSG00000271254,NA,-0.087129316,0.087198977,NS
ENSG00000138777,PPA2,-0.065179773,0.08723161,NS
ENSG00000121310,ECHDC2,-0.078702009,0.087232415,NS
ENSG00000182117,NOP10,-0.072069388,0.08733536,NS
ENSG00000187954,ZFTRAF1,-0.085290334,0.087587689,NS
ENSG00000160710,ADAR,0.05136714,0.087872449,NS
ENSG00000144815,NXPE3,0.069543835,0.088023506,NS
ENSG00000133657,ATP13A3,0.066264897,0.088058093,NS
ENSG00000135047,CTSL,-0.057135621,0.08868172,NS
ENSG00000181634,TNFSF15,-0.096649569,0.088917437,NS
ENSG00000272752,STAG3L5P-PVRIG2P-PILRB,-0.09168074,0.088917437,NS
ENSG00000112739,PRP4K,0.058921789,0.088998622,NS
ENSG00000165782,PIP4P1,-0.076490613,0.089408185,NS
ENSG00000127423,AUNIP,0.092797509,0.089853931,NS
ENSG00000105552,BCAT2,-0.073669168,0.090145075,NS
ENSG00000198721,ECI2,0.064426888,0.090145075,NS
ENSG00000248144,ADH1C,0.096405192,0.090145075,NS
ENSG00000108784,NAGLU,-0.069656998,0.090572194,NS
ENSG00000092853,CLSPN,0.075393968,0.090733093,NS
ENSG00000119725,ZNF410,0.065452033,0.090733093,NS
ENSG00000137942,FNBP1L,0.061245442,0.090733093,NS
ENSG00000272980,NA,0.097437424,0.090733093,NS
ENSG00000203667,COX20,-0.063870847,0.090961682,NS
ENSG00000141384,TAF4B,0.091671368,0.091136753,NS
ENSG00000100031,GGT1,0.090094868,0.091570978,NS
ENSG00000138821,SLC39A8,0.057964536,0.091659175,NS
ENSG00000163006,CCDC138,0.077947679,0.091675836,NS
ENSG00000242125,SNHG3,-0.064213786,0.091882298,NS
ENSG00000134107,BHLHE40,-0.073663168,0.091987515,NS
ENSG00000153827,TRIP12,0.054347693,0.092040336,NS
ENSG00000070367,EXOC5,0.062411492,0.092078128,NS
ENSG00000257923,CUX1,0.067059964,0.09234436,NS
ENSG00000117632,STMN1,0.060109307,0.092364447,NS
ENSG00000288885,NA,-0.096208546,0.09247251,NS
ENSG00000086758,HUWE1,0.095320873,0.092640602,NS
ENSG00000147996,ZNG1E,-0.069838958,0.092640602,NS
ENSG00000164237,CMBL,0.05567372,0.092745774,NS
ENSG00000110958,PTGES3,0.048218008,0.093034397,NS
ENSG00000165527,ARF6,0.050843188,0.093384095,NS
ENSG00000156973,PDE6D,-0.088517435,0.093806556,NS
ENSG00000164086,DUSP7,0.075782066,0.093806556,NS
ENSG00000181904,C5orf24,0.055660904,0.093806556,NS
ENSG00000177728,TMEM94,-0.075848919,0.094108964,NS
ENSG00000066855,MTFR1,-0.058754053,0.094297052,NS
ENSG00000100889,PCK2,0.053867901,0.094436549,NS
ENSG00000167566,NCKAP5L,-0.093518149,0.094436549,NS
ENSG00000128791,TWSG1,-0.062877191,0.094521971,NS
ENSG00000149243,KLHL35,-0.08602765,0.094606045,NS
ENSG00000104687,GSR,0.053661152,0.094661826,NS
ENSG00000168411,RFWD3,0.063030597,0.094835263,NS
ENSG00000162599,NFIA,0.069996091,0.094852447,NS
ENSG00000051108,HERPUD1,0.059048851,0.094860914,NS
ENSG00000064309,CDON,-0.087892962,0.094860914,NS
ENSG00000065534,MYLK,0.095754273,0.094860914,NS
ENSG00000120693,SMAD9,0.071779699,0.094860914,NS
ENSG00000161654,LSM12,0.060507589,0.094860914,NS
ENSG00000245848,CEBPA,-0.066813475,0.095128409,NS
ENSG00000168394,TAP1,-0.079620731,0.095230667,NS
ENSG00000156261,CCT8,0.05237194,0.095560889,NS
ENSG00000080839,RBL1,0.067908522,0.095731769,NS
ENSG00000185974,GRK1,-0.092153281,0.095849,NS
ENSG00000125633,CCDC93,-0.081628551,0.095927744,NS
ENSG00000174938,SEZ6L2,-0.058317955,0.096010823,NS
ENSG00000175893,ZDHHC21,0.070394923,0.096010823,NS
ENSG00000148337,CIZ1,-0.065705431,0.096090308,NS
ENSG00000164961,WASHC5,-0.064128174,0.096443931,NS
ENSG00000160551,TAOK1,0.060363225,0.096563537,NS
ENSG00000116539,ASH1L,0.059743662,0.096771875,NS
ENSG00000175866,BAIAP2,-0.061872738,0.096771875,NS
ENSG00000141424,SLC39A6,0.050007575,0.096802855,NS
ENSG00000121410,A1BG,-0.094662308,0.096953263,NS
ENSG00000090861,AARS1,0.048197568,0.096967073,NS
ENSG00000132436,FIGNL1,0.059780907,0.097096391,NS
ENSG00000172590,MRPL52,-0.07259327,0.097438978,NS
ENSG00000259781,HMGB1P6,0.081556462,0.097438978,NS
ENSG00000114861,FOXP1,0.07405582,0.097784807,NS
ENSG00000168214,RBPJ,0.066202662,0.097784807,NS
ENSG00000051382,PIK3CB,-0.058314641,0.098204785,NS
ENSG00000067334,DNTTIP2,0.057059347,0.098204785,NS
ENSG00000107404,DVL1,-0.056634199,0.098204785,NS
ENSG00000108854,SMURF2,0.072024905,0.098204785,NS
ENSG00000125772,GPCPD1,0.083917089,0.098204785,NS
ENSG00000183248,PRR36,-0.094049905,0.098204785,NS
ENSG00000174437,ATP2A2,0.045684945,0.09824749,NS
ENSG00000084733,RAB10,-0.051997546,0.098316671,NS
ENSG00000132510,KDM6B,-0.068778183,0.0985583,NS
ENSG00000157326,DHRS4,-0.071819087,0.0985583,NS
ENSG00000147679,UTP23,0.070800862,0.098699104,NS
ENSG00000128050,PAICS,0.048217731,0.098890351,NS
ENSG00000197150,ABCB8,-0.067800037,0.099065615,NS
ENSG00000082898,XPO1,0.055061773,0.099399219,NS
ENSG00000154473,BUB3,0.058450913,0.099454055,NS
ENSG00000197785,ATAD3A,-0.059463582,0.099518186,NS
ENSG00000293314,SDAD1P1,-0.089292761,0.099518186,NS
ENSG00000211460,TSN,0.057476912,0.099529594,NS
ENSG00000100503,NIN,0.058546086,0.099615057,NS
ENSG00000197323,TRIM33,0.064748742,0.100110942,NS
ENSG00000155115,GTF3C6,0.063222205,0.100290408,NS
ENSG00000206053,JPT2,0.048657096,0.100290408,NS
ENSG00000160753,RUSC1,0.05977322,0.100356045,NS
ENSG00000118507,AKAP7,0.090980301,0.100776764,NS
ENSG00000121749,TBC1D15,0.070816065,0.100930741,NS
ENSG00000186660,ZFP91,0.058368832,0.100930741,NS
ENSG00000123104,ITPR2,-0.091754807,0.100952968,NS
ENSG00000174718,RESF1,0.078935178,0.101108101,NS
ENSG00000132763,MMACHC,0.07131358,0.101258058,NS
ENSG00000166170,BAG5,0.061426316,0.101306028,NS
ENSG00000206418,RAB12,0.061147672,0.101632114,NS
ENSG00000158195,WASF2,0.054809911,0.101763246,NS
ENSG00000110031,LPXN,0.092940228,0.101788008,NS
ENSG00000128590,DNAJB9,0.080856201,0.101788008,NS
ENSG00000132906,CASP9,-0.090136251,0.101788008,NS
ENSG00000110025,SNX15,-0.079890806,0.101946536,NS
ENSG00000184677,ZBTB40,0.075075005,0.102186499,NS
ENSG00000115310,RTN4,-0.052540909,0.102639716,NS
ENSG00000178425,NT5DC1,0.062499241,0.102639716,NS
ENSG00000175985,PLEKHD1,-0.090332085,0.103423095,NS
ENSG00000198836,OPA1,0.05387421,0.103423095,NS
ENSG00000125977,EIF2S2,0.054485826,0.103597012,NS
ENSG00000135750,KCNK1,0.065752149,0.103597012,NS
ENSG00000115616,SLC9A2,0.06506979,0.103645065,NS
ENSG00000171960,PPIH,0.064222954,0.103706002,NS
ENSG00000177889,UBE2N,0.054130273,0.103706002,NS
ENSG00000111684,LPCAT3,-0.057671246,0.103947335,NS
ENSG00000185043,CIB1,-0.065027232,0.104000017,NS
ENSG00000040608,RTN4R,-0.089710604,0.104189665,NS
ENSG00000125652,ALKBH7,-0.069425587,0.104390516,NS
ENSG00000289755,NA,-0.085237021,0.104461428,NS
ENSG00000006015,REX1BD,-0.067788324,0.104543279,NS
ENSG00000164934,DCAF13,-0.062545406,0.104608538,NS
ENSG00000074695,LMAN1,0.050027181,0.104789159,NS
ENSG00000285793,ANAPC1P2,0.089278838,0.10486061,NS
ENSG00000171649,ZIK1,0.087394894,0.104922567,NS
ENSG00000150459,SAP18,-0.059836583,0.1051706,NS
ENSG00000143033,MTF2,0.073257906,0.10526188,NS
ENSG00000015568,RGPD5,-0.08477934,0.105460913,NS
ENSG00000044524,EPHA3,0.058125795,0.105490696,NS
ENSG00000163939,PBRM1,0.054652795,0.105490696,NS
ENSG00000112406,HECA,0.083562957,0.105507483,NS
ENSG00000173065,FAM222B,-0.079705091,0.105531751,NS
ENSG00000159377,PSMB4,-0.058329801,0.10565987,NS
ENSG00000121579,NAA50,0.052588251,0.105688894,NS
ENSG00000132164,SLC6A11,-0.070781565,0.105909293,NS
ENSG00000075239,ACAT1,-0.052946088,0.10594127,NS
ENSG00000139163,ETNK1,-0.06544197,0.10594127,NS
ENSG00000184575,XPOT,0.052781949,0.10594127,NS
ENSG00000075407,ZNF37A,0.075486264,0.106092402,NS
ENSG00000165410,CFL2,-0.066497864,0.106245738,NS
ENSG00000170043,TRAPPC1,-0.068187734,0.106245738,NS
ENSG00000196954,CASP4,-0.090272311,0.106245738,NS
ENSG00000310376,NA,0.091271921,0.106249748,NS
ENSG00000065054,NHERF2,0.060405465,0.106312625,NS
ENSG00000070831,CDC42,0.059709894,0.106312625,NS
ENSG00000076685,NT5C2,-0.058513533,0.106312625,NS
ENSG00000166986,MARS1,0.048769726,0.106312625,NS
ENSG00000204227,RING1,-0.076695778,0.106312625,NS
ENSG00000112977,DAP,-0.05494446,0.106382435,NS
ENSG00000104375,STK3,-0.071142783,0.10701201,NS
ENSG00000197461,PDGFA,-0.090103479,0.10701201,NS
ENSG00000196182,STK40,0.061542989,0.107274918,NS
ENSG00000196132,MYT1,-0.09058437,0.107824912,NS
ENSG00000101544,ADNP2,0.059920111,0.107835053,NS
ENSG00000132879,FBXO44,-0.075760298,0.107835053,NS
ENSG00000047621,FERRY3,0.071202935,0.107960543,NS
ENSG00000134222,PSRC1,0.080669225,0.108098308,NS
ENSG00000196227,FAM217B,-0.079269258,0.108098308,NS
ENSG00000172057,ORMDL3,-0.066361699,0.108635996,NS
ENSG00000185002,RFX6,0.085151088,0.109037117,NS
ENSG00000101412,E2F1,0.056345074,0.109107727,NS
ENSG00000139132,FGD4,0.085299643,0.109115251,NS
ENSG00000100376,FAM118A,-0.088205371,0.109248358,NS
ENSG00000146410,MTFR2,0.084348698,0.109690637,NS
ENSG00000164190,NIPBL,0.067001038,0.109776539,NS
ENSG00000234857,HNRNPUL2-BSCL2,0.059587143,0.109776539,NS
ENSG00000169967,MAP3K2,0.065752052,0.109787799,NS
ENSG00000127022,CANX,0.049673426,0.109899206,NS
ENSG00000118689,FOXO3,0.060175737,0.109972271,NS
ENSG00000196924,FLNA,0.04954601,0.110201615,NS
ENSG00000134809,TIMM10,0.060421815,0.110205339,NS
ENSG00000160200,CBS,-0.050803769,0.110205339,NS
ENSG00000155545,MIER3,0.069872128,0.110273406,NS
ENSG00000154359,LONRF1,0.059919744,0.11047285,NS
ENSG00000196504,PRPF40A,0.051976647,0.11047285,NS
ENSG00000103994,ZNF106,0.065204879,0.110677995,NS
ENSG00000162775,RBM15,0.08263862,0.110677995,NS
ENSG00000073169,SELENOO,-0.078807244,0.110693603,NS
ENSG00000143412,ANXA9,-0.089337139,0.11088389,NS
ENSG00000100219,XBP1,0.053584219,0.111028263,NS
ENSG00000116604,MEF2D,-0.069366927,0.111051431,NS
ENSG00000126091,ST3GAL3,-0.085413147,0.111051431,NS
ENSG00000141447,OSBPL1A,-0.063769869,0.111051431,NS
ENSG00000310517,CAST,-0.054868191,0.111238454,NS
ENSG00000116729,WLS,-0.086961846,0.111365099,NS
ENSG00000139974,SLC38A6,-0.083576277,0.111654525,NS
ENSG00000170860,LSM3,0.065650376,0.111654525,NS
ENSG00000023191,RNH1,-0.057390637,0.11170829,NS
ENSG00000167522,ANKRD11,0.062398812,0.111790485,NS
ENSG00000130653,PNPLA7,-0.089280964,0.111817793,NS
ENSG00000166169,POLL,-0.079849267,0.111817793,NS
ENSG00000001461,NIPAL3,-0.064471954,0.112389199,NS
ENSG00000197448,GSTK1,-0.071991556,0.112486357,NS
ENSG00000081087,OSTM1,-0.066382114,0.112487161,NS
ENSG00000100311,PDGFB,-0.088984191,0.112487161,NS
ENSG00000106789,CORO2A,0.065952612,0.112487161,NS
ENSG00000140264,SERF2,-0.058729778,0.112487161,NS
ENSG00000115053,NCL,0.046835089,0.112750977,NS
ENSG00000181588,MEX3D,0.06136139,0.1127573,NS
ENSG00000172296,SPTLC3,-0.079669601,0.112999271,NS
ENSG00000179978,NAIPP2,-0.082051901,0.112999271,NS
ENSG00000289515,NA,-0.088696724,0.112999271,NS
ENSG00000128609,NDUFA5,0.054921176,0.113098444,NS
ENSG00000196981,WDR5B,-0.081645942,0.1133378,NS
ENSG00000100207,TCF20,0.062844358,0.113434243,NS
ENSG00000004487,KDM1A,0.055286209,0.11359731,NS
ENSG00000140105,WARS1,0.052983427,0.11359731,NS
ENSG00000183814,LIN9,0.069784917,0.113814787,NS
ENSG00000128731,HERC2,0.066764985,0.11414865,NS
ENSG00000168118,RAB4A,0.055777469,0.11414865,NS
ENSG00000225697,SLC26A6,-0.077431241,0.114203954,NS
ENSG00000134910,STT3A,0.046376009,0.114714215,NS
ENSG00000100241,SBF1,0.056703829,0.114719319,NS
ENSG00000099308,MAST3,-0.07054078,0.114806498,NS
ENSG00000134982,APC,0.063237923,0.1149113,NS
ENSG00000150712,MTMR12,0.056281722,0.115262251,NS
ENSG00000198830,HMGN2,0.054457321,0.11537455,NS
ENSG00000064666,CNN2,0.06175178,0.115414363,NS
ENSG00000257167,TMPO-AS1,0.080046807,0.115414363,NS
ENSG00000174327,SLC16A13,-0.087511581,0.11547774,NS
ENSG00000170775,GPR37,0.086639777,0.115728643,NS
ENSG00000117407,ARTN,-0.082045336,0.115940222,NS
ENSG00000175548,ALG10B,0.069236272,0.116018713,NS
ENSG00000196081,ZNF724,0.084925169,0.116057171,NS
ENSG00000139697,SBNO1,0.063440459,0.116091319,NS
ENSG00000063761,ADCK1,-0.083515793,0.116325652,NS
ENSG00000164118,CEP44,0.079937444,0.116325652,NS
ENSG00000293264,ACTG1P25,0.082215814,0.116325652,NS
ENSG00000099999,RNF215,-0.085301587,0.116497253,NS
ENSG00000082781,ITGB5,0.055791782,0.116658421,NS
ENSG00000287542,HERC3,0.083429221,0.116927272,NS
ENSG00000109576,AADAT,0.052938458,0.116970856,NS
ENSG00000121892,PDS5A,0.051678919,0.117778372,NS
ENSG00000105887,MTPN,0.047203495,0.117811302,NS
ENSG00000162409,PRKAA2,0.077603478,0.117811302,NS
ENSG00000166503,HDGFL3,0.06210059,0.117811302,NS
ENSG00000170004,CHD3,0.050251978,0.117830764,NS
ENSG00000136717,BIN1,-0.064047236,0.118081359,NS
ENSG00000163235,TGFA,-0.077182759,0.118205082,NS
ENSG00000143621,ILF2,0.049851018,0.118210431,NS
ENSG00000253719,ATXN7L3B,0.048698159,0.118224828,NS
ENSG00000100632,ERH,0.053494176,0.118346891,NS
ENSG00000117505,DR1,0.052434889,0.118396366,NS
ENSG00000113161,HMGCR,0.051140971,0.119174794,NS
ENSG00000130741,EIF2S3,0.047950394,0.119174794,NS
ENSG00000115325,DOK1,-0.084138767,0.119185895,NS
ENSG00000100650,SRSF5,-0.059045748,0.119207589,NS
ENSG00000120438,TCP1,0.044619184,0.119460575,NS
ENSG00000159884,CCDC107,-0.077488402,0.119929408,NS
ENSG00000176542,USF3,0.076050275,0.119929408,NS
ENSG00000239779,WBP1,-0.067167094,0.119929408,NS
ENSG00000143067,ZNF697,0.08383154,0.120218355,NS
ENSG00000116525,TRIM62,-0.082135263,0.120392878,NS
ENSG00000186298,PPP1CC,0.047778277,0.120499567,NS
ENSG00000151224,MAT1A,-0.08078498,0.120519331,NS
ENSG00000173511,VEGFB,-0.077936153,0.120862006,NS
ENSG00000087301,TXNDC16,0.070590335,0.12100547,NS
ENSG00000104290,FZD3,-0.067591504,0.121020349,NS
ENSG00000280789,PAGR1,0.055941737,0.121026673,NS
ENSG00000116062,MSH6,0.054284273,0.121054729,NS
ENSG00000179051,RCC2,0.059576085,0.12109916,NS
ENSG00000123178,SPRYD7,0.074255676,0.121176207,NS
ENSG00000170759,KIF5B,0.050454834,0.121219426,NS
ENSG00000106049,HIBADH,-0.057134647,0.121220153,NS
ENSG00000157216,SSBP3,-0.057613319,0.121415188,NS
ENSG00000087053,MTMR2,0.059099628,0.121602204,NS
ENSG00000141298,SSH2,0.072797039,0.121668293,NS
ENSG00000164916,FOXK1,0.063753025,0.121819498,NS
ENSG00000130813,SHFL,-0.084478409,0.122016456,NS
ENSG00000215845,TSTD1,-0.072320495,0.122016456,NS
ENSG00000105655,ISYNA1,-0.081862249,0.122297802,NS
ENSG00000039319,ZFYVE16,0.058206732,0.122585217,NS
ENSG00000148343,MIGA2,-0.063347542,0.122643892,NS
ENSG00000106785,TRIM14,0.058249469,0.123119835,NS
ENSG00000197822,OCLN,-0.06600507,0.123216364,NS
ENSG00000063587,ZNF275,0.063110261,0.123234605,NS
ENSG00000130234,ACE2,-0.082560136,0.123234605,NS
ENSG00000135828,RNASEL,-0.085595865,0.123234605,NS
ENSG00000162300,ZFPL1,-0.070966012,0.123234605,NS
ENSG00000169570,DTWD2,0.065109559,0.123234605,NS
ENSG00000143751,SDE2,0.053944982,0.123309479,NS
ENSG00000115844,DLX2,0.076759917,0.123576602,NS
ENSG00000137815,RTF1,0.05706707,0.123612228,NS
ENSG00000113732,ATP6V0E1,-0.061549807,0.123771571,NS
ENSG00000146425,DYNLT1,-0.063885413,0.123771571,NS
ENSG00000283103,NA,-0.081071463,0.123771571,NS
ENSG00000068745,IP6K2,-0.056112218,0.123911995,NS
ENSG00000114796,KLHL24,-0.074976382,0.123911995,NS
ENSG00000103496,STX4,-0.072457897,0.124055562,NS
ENSG00000177565,TBL1XR1,0.055685505,0.124126721,NS
ENSG00000157693,TMEM268,0.060337141,0.124189898,NS
ENSG00000001497,LAS1L,0.053678192,0.124385011,NS
ENSG00000136381,IREB2,0.056748147,0.124385011,NS
ENSG00000164323,CFAP97,0.05331958,0.124385011,NS
ENSG00000196172,ZNF681,0.082651707,0.124648444,NS
ENSG00000183684,ALYREF,0.054807553,0.124799252,NS
ENSG00000001084,GCLC,0.069866574,0.124886697,NS
ENSG00000104728,ARHGEF10,-0.073035668,0.124908892,NS
ENSG00000168675,LDLRAD4,0.082893483,0.12515303,NS
ENSG00000105750,ZNF85,0.078759326,0.125412176,NS
ENSG00000197182,MIRLET7BHG,0.079639984,0.125412176,NS
ENSG00000236753,MKLN1-AS,0.084837261,0.125412176,NS
ENSG00000263958,NETO1-DT,-0.079888451,0.125412176,NS
ENSG00000141756,FKBP10,-0.049582229,0.125752915,NS
ENSG00000156515,HK1,0.051998348,0.125752915,NS
ENSG00000159063,ALG8,0.055238246,0.125752915,NS
ENSG00000137575,SDCBP,0.051527487,0.125949485,NS
ENSG00000143498,TAF1A,0.079484997,0.126084037,NS
ENSG00000169193,CCDC126,0.078178684,0.126084037,NS
ENSG00000186767,SPIN4,0.070780749,0.126084037,NS
ENSG00000107281,NPDC1,-0.055873109,0.126134073,NS
ENSG00000076604,TRAF4,-0.05355845,0.126225332,NS
ENSG00000272758,WDR5B-DT,-0.084538628,0.126225332,NS
ENSG00000189079,ARID2,0.062063241,0.126372026,NS
ENSG00000247765,NA,-0.084325895,0.126372026,NS
ENSG00000184863,RBM33,0.067274463,0.126407488,NS
ENSG00000249992,TMEM158,-0.084438227,0.126452612,NS
ENSG00000107581,EIF3A,0.046201889,0.126692962,NS
ENSG00000234444,ZNF736,0.075483375,0.126692962,NS
ENSG00000136603,SKIL,0.071775248,0.127234445,NS
ENSG00000100429,HDAC10,-0.083783087,0.127333192,NS
ENSG00000204427,ABHD16A,-0.067759468,0.127394999,NS
ENSG00000162337,LRP5,-0.053103005,0.12760782,NS
ENSG00000141030,COPS3,0.055939425,0.127780513,NS
ENSG00000121350,PYROXD1,0.072795462,0.128112181,NS
ENSG00000159873,CCDC117,0.056422542,0.128166764,NS
ENSG00000188312,CENPP,0.079025825,0.128166764,NS
ENSG00000240225,ZNF542P,-0.077430456,0.128166764,NS
ENSG00000106355,LSM5,0.061093337,0.12847307,NS
ENSG00000012963,UBR7,0.05778006,0.128577164,NS
ENSG00000135966,TGFBRAP1,0.061593146,0.128577164,NS
ENSG00000189057,FAM111B,0.051882486,0.128577164,NS
ENSG00000196914,ARHGEF12,0.054619632,0.128577164,NS
ENSG00000015532,XYLT2,-0.070323756,0.128643572,NS
ENSG00000104213,PDGFRL,-0.083265507,0.128643572,NS
ENSG00000163605,PPP4R2,0.053796179,0.128643572,NS
ENSG00000185090,MANEAL,-0.060962049,0.128778186,NS
ENSG00000140406,TLNRD1,0.073095099,0.128840329,NS
ENSG00000149577,SIDT2,-0.066389901,0.128868386,NS
ENSG00000110435,PDHX,0.052526471,0.129396522,NS
ENSG00000156136,DCK,0.055797545,0.129512704,NS
ENSG00000131711,MAP1B,0.064541049,0.13001095,NS
ENSG00000134909,ARHGAP32,0.060651302,0.130026148,NS
ENSG00000127418,FGFRL1,-0.048508165,0.130054597,NS
ENSG00000075240,GRAMD4,-0.076389456,0.130459512,NS
ENSG00000116133,DHCR24,0.041671704,0.130459512,NS
ENSG00000125971,DYNLRB1,-0.063652182,0.130459512,NS
ENSG00000133302,SLF1,0.068397185,0.130459512,NS
ENSG00000167645,YIF1B,-0.053198403,0.130459512,NS
ENSG00000169682,SPNS1,-0.063096637,0.130459512,NS
ENSG00000177169,ULK1,-0.066199932,0.130459512,NS
ENSG00000184489,PTP4A3,-0.083133829,0.130557707,NS
ENSG00000106400,ZNHIT1,-0.060181741,0.130559769,NS
ENSG00000162819,BROX,-0.052257653,0.130559769,NS
ENSG00000100360,IFT27,-0.068686407,0.130746261,NS
ENSG00000161981,SNRNP25,-0.059235445,0.130775125,NS
ENSG00000198208,RPS6KL1,-0.078704515,0.131807363,NS
ENSG00000071539,TRIP13,0.054579026,0.132056212,NS
ENSG00000170345,FOS,-0.07037721,0.132056212,NS
ENSG00000164219,PGGT1B,0.061935784,0.132119843,NS
ENSG00000178878,APOLD1,-0.081472908,0.132666814,NS
ENSG00000233030,NA,-0.079202215,0.132666814,NS
ENSG00000116747,RO60,0.06125501,0.132703785,NS
ENSG00000102804,TSC22D1,-0.053439538,0.132807268,NS
ENSG00000130787,HIP1R,-0.060682338,0.132807268,NS
ENSG00000254531,NA,-0.064981992,0.132869304,NS
ENSG00000080189,SLC35C2,-0.063039528,0.133087478,NS
ENSG00000134333,LDHA,0.053388811,0.133087478,NS
ENSG00000101439,CST3,-0.056268391,0.133115675,NS
ENSG00000170471,RALGAPB,0.054000926,0.133153898,NS
ENSG00000122692,SMU1,0.052780798,0.13347426,NS
ENSG00000013288,MAN2B2,-0.071373966,0.134223534,NS
ENSG00000041880,PARP3,-0.080486573,0.134274678,NS
ENSG00000123219,CENPK,0.06477188,0.134274678,NS
ENSG00000274020,LINC01138,-0.080180077,0.134274678,NS
ENSG00000144749,LRIG1,0.064199839,0.134286956,NS
ENSG00000168092,PAFAH1B2,0.066590716,0.134286956,NS
ENSG00000164068,RNF123,-0.067450439,0.134325695,NS
ENSG00000196591,HDAC2,0.048421401,0.134739745,NS
ENSG00000165416,SUGT1,0.066962575,0.134949333,NS
ENSG00000204394,VARS1,0.048919466,0.135101391,NS
ENSG00000183808,RBM12B,0.064945143,0.135463366,NS
ENSG00000120699,EXOSC8,0.061255129,0.135866717,NS
ENSG00000131238,PPT1,-0.050247992,0.135986193,NS
ENSG00000156345,CDK20,-0.077178552,0.136031852,NS
ENSG00000130707,ASS1,-0.070240062,0.136183769,NS
ENSG00000100304,TTLL12,0.048516694,0.136816923,NS
ENSG00000181513,ACBD4,-0.079898177,0.136816923,NS
ENSG00000130244,FAM98C,-0.073057204,0.136850599,NS
ENSG00000187109,NAP1L1,0.045057185,0.136850599,NS
ENSG00000164045,CDC25A,0.057255248,0.136865784,NS
ENSG00000198369,SPRED2,0.067760105,0.136865784,NS
ENSG00000179859,RNF227,-0.073656076,0.137157651,NS
ENSG00000117616,RSRP1,-0.079861957,0.137227836,NS
ENSG00000102931,ARL2BP,0.056550367,0.137336641,NS
ENSG00000171612,SLC25A33,0.054286802,0.137336641,NS
ENSG00000183431,SF3A3,0.048181469,0.137786442,NS
ENSG00000221978,CCNL2,-0.078731717,0.137786442,NS
ENSG00000169083,AR,0.058743215,0.137817149,NS
ENSG00000255857,PXN-AS1,-0.079830881,0.137986767,NS
ENSG00000129355,CDKN2D,0.07539192,0.138007194,NS
ENSG00000137076,TLN1,0.05311226,0.138342637,NS
ENSG00000144560,VGLL4,-0.054641415,0.138741495,NS
ENSG00000101474,APMAP,-0.048366592,0.138818161,NS
ENSG00000178719,GRINA,-0.048807396,0.138818161,NS
ENSG00000114626,ABTB1,-0.075141533,0.138909863,NS
ENSG00000198924,DCLRE1A,0.062425287,0.139278369,NS
ENSG00000284024,MSANTD7,0.059654851,0.139278369,NS
ENSG00000029153,BMAL2,0.068972531,0.139462089,NS
ENSG00000125445,MRPS7,0.051924081,0.139653187,NS
ENSG00000167333,TRIM68,-0.063964961,0.139926718,NS
ENSG00000163527,STT3B,0.048423645,0.140075344,NS
ENSG00000182199,SHMT2,0.045122202,0.140163536,NS
ENSG00000110367,DDX6,0.059720467,0.140251053,NS
ENSG00000119650,IFT43,-0.074367432,0.140637841,NS
ENSG00000181029,TRAPPC5,-0.060592783,0.140637841,NS
ENSG00000102109,PCSK1N,-0.07649227,0.140696978,NS
ENSG00000116141,MARK1,-0.073299508,0.141162694,NS
ENSG00000155189,AGPAT5,0.054205243,0.141183653,NS
ENSG00000054654,SYNE2,0.066240661,0.14127153,NS
ENSG00000137460,FHDC1,0.067387678,0.14127153,NS
ENSG00000013441,CLK1,0.07406025,0.141367542,NS
ENSG00000135439,AGAP2,0.074925604,0.141407276,NS
ENSG00000143156,NME7,-0.068855223,0.141844741,NS
ENSG00000213096,ZNF254,0.070253336,0.141844741,NS
ENSG00000070610,GBA2,-0.053755025,0.142083472,NS
ENSG00000167074,TEF,0.075765362,0.142083472,NS
ENSG00000122515,ZMIZ2,-0.065174402,0.142143408,NS
ENSG00000146731,CCT6A,0.043820909,0.142243516,NS
ENSG00000048405,ZNF800,0.062865605,0.142585049,NS
ENSG00000083828,ZNF586,0.073535998,0.142599496,NS
ENSG00000058091,CDK14,0.054742263,0.142605948,NS
ENSG00000005189,REXO5,0.073897024,0.142764819,NS
ENSG00000078747,ITCH,0.058767359,0.142825545,NS
ENSG00000100266,PACSIN2,0.050824105,0.142825545,NS
ENSG00000116478,HDAC1,-0.048667855,0.142825545,NS
ENSG00000124107,SLPI,0.079961833,0.142825545,NS
ENSG00000125246,CLYBL,-0.078870651,0.142825545,NS
ENSG00000149357,LAMTOR1,-0.056907239,0.142825545,NS
ENSG00000174799,CEP135,0.077682748,0.142825545,NS
ENSG00000183317,EPHA10,-0.076382698,0.142825545,NS
ENSG00000197056,ZMYM1,0.067807099,0.142825545,NS
ENSG00000174136,RGMB,0.063113736,0.142914669,NS
ENSG00000101558,VAPA,0.0495527,0.142972216,NS
ENSG00000160310,PRMT2,-0.057637831,0.142972216,NS
ENSG00000286614,NA,0.074059192,0.142972216,NS
ENSG00000130363,RSPH3,-0.075100578,0.143337058,NS
ENSG00000108604,SMARCD2,0.04699923,0.143671816,NS
ENSG00000005884,ITGA3,-0.079679299,0.143807301,NS
ENSG00000289100,NA,-0.079611583,0.143900299,NS
ENSG00000082014,SMARCD3,-0.079371212,0.143960189,NS
ENSG00000087157,PGS1,-0.07649079,0.143960189,NS
ENSG00000138303,ASCC1,-0.058871991,0.143960189,NS
ENSG00000172889,EGFL7,-0.070843905,0.143973817,NS
ENSG00000103479,RBL2,-0.051542641,0.144043616,NS
ENSG00000139926,FRMD6,-0.078148268,0.144043616,NS
ENSG00000150361,KLHL1,-0.05540967,0.144043616,NS
ENSG00000163482,STK36,-0.064465727,0.144043616,NS
ENSG00000179526,SHARPIN,-0.062043593,0.144043616,NS
ENSG00000184602,SNN,-0.059166723,0.144043616,NS
ENSG00000197226,TBC1D9B,-0.046963217,0.144043616,NS
ENSG00000205356,TECPR1,-0.068799248,0.144043616,NS
ENSG00000213465,ARL2,-0.059556952,0.144043616,NS
ENSG00000275052,PPP4R3B,0.056023015,0.144043616,NS
ENSG00000103152,MPG,-0.062343659,0.144511497,NS
ENSG00000103024,NME3,-0.063098605,0.144684045,NS
ENSG00000140948,ZCCHC14,0.065417432,0.144684045,NS
ENSG00000157851,DPYSL5,-0.062723563,0.144684045,NS
ENSG00000115241,PPM1G,0.050078846,0.144902669,NS
ENSG00000227345,PARG,0.057895237,0.145016965,NS
ENSG00000137075,RNF38,0.063093152,0.145232414,NS
ENSG00000197063,MAFG,-0.061982539,0.145232414,NS
ENSG00000123179,EBPL,0.056619043,0.145424683,NS
ENSG00000143337,TOR1AIP1,0.050172619,0.145424683,NS
ENSG00000210082,MT-RNR2,0.073158878,0.145424683,NS
ENSG00000135749,PCNX2,0.0569365,0.145445693,NS
ENSG00000243364,EFNA4,-0.068282893,0.145445693,NS
ENSG00000167552,TUBA1A,-0.07543078,0.145542883,NS
ENSG00000107863,ARHGAP21,0.063827334,0.146106666,NS
ENSG00000106330,MOSPD3,-0.068490752,0.146141068,NS
ENSG00000162959,MEMO1,0.060364172,0.146141068,NS
ENSG00000186185,KIF18B,0.064582356,0.146141068,NS
ENSG00000060688,SNRNP40,0.050397494,0.146523865,NS
ENSG00000114859,CLCN2,-0.076221951,0.146891846,NS
ENSG00000165959,CLMN,0.066097473,0.14720456,NS
ENSG00000132780,NASP,0.047581555,0.147632481,NS
ENSG00000129219,PLD2,-0.073188424,0.14765483,NS
ENSG00000143850,PLEKHA6,0.074591964,0.148021577,NS
ENSG00000163820,FYCO1,0.053880209,0.148051473,NS
ENSG00000145506,NKD2,-0.077069745,0.148734923,NS
ENSG00000295307,NA,0.075682828,0.148734923,NS
ENSG00000006125,AP2B1,0.04715064,0.148759265,NS
ENSG00000078804,TP53INP2,-0.061927092,0.148759265,NS
ENSG00000107829,FBXW4,-0.061228735,0.148759265,NS
ENSG00000130449,ZSWIM6,0.07554458,0.148759265,NS
ENSG00000136485,DCAF7,0.047829678,0.148759265,NS
ENSG00000150753,CCT5,0.048427899,0.148759265,NS
ENSG00000181885,CLDN7,-0.045982578,0.148759265,NS
ENSG00000185414,MRPL30,0.050774694,0.148759265,NS
ENSG00000115568,ZNF142,0.057667504,0.148943472,NS
ENSG00000173218,VANGL1,0.056614708,0.149406277,NS
ENSG00000074054,CLASP1,0.057230179,0.149889868,NS
ENSG00000285976,NA,0.054308534,0.149897925,NS
ENSG00000183495,EP400,0.059552222,0.150020241,NS
ENSG00000049618,ARID1B,0.060076354,0.150073356,NS
ENSG00000135333,EPHA7,-0.072843189,0.150073356,NS
ENSG00000253948,VPS13B-DT,-0.076266401,0.150073356,NS
ENSG00000161921,CXCL16,-0.053817763,0.150601748,NS
ENSG00000005801,ZNF195,0.063949531,0.15101273,NS
ENSG00000151414,NEK7,0.052755611,0.151059122,NS
ENSG00000169047,IRS1,0.069388617,0.151112032,NS
ENSG00000196116,TDRD7,-0.077721011,0.1511813,NS
ENSG00000256338,RPL41P2,-0.069561306,0.1511813,NS
ENSG00000222014,RAB6C,-0.076687569,0.151538919,NS
ENSG00000055044,NOP58,0.05009748,0.151709867,NS
ENSG00000075336,TIMM21,0.052072527,0.152132208,NS
ENSG00000167578,RAB4B,-0.076539221,0.152434674,NS
ENSG00000108557,RAI1,0.054211348,0.153148901,NS
ENSG00000169375,SIN3A,0.052481195,0.153760675,NS
ENSG00000113300,CNOT6,0.053322488,0.153771983,NS
ENSG00000198604,BAZ1A,0.054955536,0.153771983,NS
ENSG00000254685,FPGT,-0.062723528,0.154410932,NS
ENSG00000179295,PTPN11,0.048745647,0.154522523,NS
ENSG00000107130,NCS1,0.050116988,0.15485962,NS
ENSG00000135046,ANXA1,0.07550366,0.15485962,NS
ENSG00000145685,LHFPL2,0.066324031,0.15485962,NS
ENSG00000166147,FBN1,-0.070326883,0.15485962,NS
ENSG00000214253,FIS1,-0.056069619,0.15485962,NS
ENSG00000278023,RDM1,0.07666871,0.15485962,NS
ENSG00000075420,FNDC3B,0.058719117,0.154960966,NS
ENSG00000197102,DYNC1H1,0.075410933,0.155391203,NS
ENSG00000105254,TBCB,-0.05217133,0.155538498,NS
ENSG00000056277,ZNF280C,0.076697755,0.155659368,NS
ENSG00000078699,CBFA2T2,-0.060692116,0.155659368,NS
ENSG00000104472,CHRAC1,0.061501242,0.155659368,NS
ENSG00000108091,CCDC6,0.053939633,0.155659368,NS
ENSG00000112667,DNPH1,-0.059672015,0.155659368,NS
ENSG00000130520,LSM4,0.048682284,0.155659368,NS
ENSG00000171634,BPTF,0.053982517,0.155659368,NS
ENSG00000205302,SNX2,-0.052610261,0.155659368,NS
ENSG00000225921,NOL7,-0.05394237,0.155659368,NS
ENSG00000302004,NA,0.072511569,0.155659368,NS
ENSG00000142864,SERBP1,0.044933268,0.155828052,NS
ENSG00000090060,PAPOLA,0.044092002,0.156446097,NS
ENSG00000166037,CEP57,0.057236271,0.156446097,NS
ENSG00000288905,LSP1P5,-0.076162293,0.156446097,NS
ENSG00000133818,RRAS2,0.059218584,0.156931809,NS
ENSG00000028203,VEZT,-0.051587496,0.157281615,NS
ENSG00000130522,JUND,-0.055791654,0.157281615,NS
ENSG00000147649,MTDH,0.052062745,0.157281615,NS
ENSG00000203644,NA,0.071533728,0.157519577,NS
ENSG00000177106,EPS8L2,-0.059534701,0.157539917,NS
ENSG00000140497,SCAMP2,-0.054002155,0.157777926,NS
ENSG00000253438,PCAT1,-0.075138849,0.15782087,NS
ENSG00000181458,TMEM45A,-0.074882452,0.158374345,NS
ENSG00000115884,SDC1,0.047260703,0.15882675,NS
ENSG00000196998,WDR45,-0.061501156,0.159007108,NS
ENSG00000150787,PTS,-0.057668225,0.159272849,NS
ENSG00000143819,EPHX1,-0.046945162,0.159556251,NS
ENSG00000259803,SLC22A31,-0.075903214,0.159606652,NS
ENSG00000176853,FAM91A1,0.05350557,0.160119958,NS
ENSG00000162729,IGSF8,-0.054256117,0.160220429,NS
ENSG00000170421,KRT8,0.047876216,0.160412228,NS
ENSG00000121073,SLC35B1,0.053210089,0.160428524,NS
ENSG00000172244,C5orf34,0.073896132,0.160597913,NS
ENSG00000205560,CPT1B,-0.064204908,0.160597913,NS
ENSG00000080200,CRYBG3,0.067529113,0.160729783,NS
ENSG00000146411,SLC2A12,-0.074878248,0.161194348,NS
ENSG00000110063,DCPS,-0.056768083,0.161811045,NS
ENSG00000111647,BLTP3B,0.054849667,0.161811045,NS
ENSG00000142396,ERVK3-1,0.055182075,0.162078657,NS
ENSG00000038219,BOD1L1,0.061275481,0.16245976,NS
ENSG00000064419,TNPO3,0.050295259,0.162570038,NS
ENSG00000291003,NA,-0.070822214,0.162570038,NS
ENSG00000233822,H2BC15,-0.07259854,0.162705302,NS
ENSG00000275221,H2AC15,-0.074346278,0.162751192,NS
ENSG00000166025,AMOTL1,0.074163498,0.162907497,NS
ENSG00000235750,KIAA0040,0.063411475,0.162929665,NS
ENSG00000120437,ACAT2,-0.051342547,0.163214331,NS
ENSG00000131188,PRR7,-0.054063613,0.164159482,NS
ENSG00000071054,MAP4K4,0.048665272,0.164881237,NS
ENSG00000153721,CNKSR3,-0.072974829,0.165290391,NS
ENSG00000121486,TRMT1L,0.055347403,0.16549024,NS
ENSG00000114999,TTL,0.053062694,0.166079282,NS
ENSG00000121864,ZNF639,0.055791025,0.166079282,NS
ENSG00000170545,SMAGP,0.074621157,0.166079282,NS
ENSG00000175582,RAB6A,-0.048236211,0.166079282,NS
ENSG00000143793,C1orf35,-0.056220906,0.166131197,NS
ENSG00000124313,IQSEC2,-0.068704935,0.166257102,NS
ENSG00000114354,TFG,-0.048507732,0.166728066,NS
ENSG00000171865,RNASEH1,0.05405325,0.166972265,NS
ENSG00000132481,TRIM47,-0.069414322,0.166990635,NS
ENSG00000176783,RUFY1,-0.056336458,0.166990635,NS
ENSG00000177548,RABEP2,-0.064437537,0.166990635,NS
ENSG00000130150,MOSPD2,-0.069084476,0.167158297,NS
ENSG00000186162,CIDECP1,-0.066099178,0.167230564,NS
ENSG00000123607,TTC21B,0.055812237,0.167358842,NS
ENSG00000220205,VAMP2,-0.061033721,0.167393447,NS
ENSG00000285292,ABCF2-H2BK1,-0.059834003,0.167481934,NS
ENSG00000120942,UBIAD1,0.055309972,0.167700137,NS
ENSG00000077454,LRCH4,-0.061577571,0.167838317,NS
ENSG00000180398,MCFD2,0.051410464,0.167948373,NS
ENSG00000172954,LCLAT1,0.060218924,0.168226554,NS
ENSG00000308217,NA,-0.065266879,0.168226554,NS
ENSG00000310253,NA,-0.074080841,0.168226554,NS
ENSG00000125388,GRK4,-0.074144924,0.168412372,NS
ENSG00000136986,DERL1,0.049029522,0.16879956,NS
ENSG00000109084,TMEM97,0.045721659,0.16885946,NS
ENSG00000146587,RBAK,0.063570109,0.16885946,NS
ENSG00000142173,COL6A2,-0.062190407,0.169360224,NS
ENSG00000167004,PDIA3,0.043237715,0.169581654,NS
ENSG00000172115,CYCS,0.044057031,0.170255775,NS
ENSG00000138668,HNRNPD,0.050648757,0.170505241,NS
ENSG00000135763,URB2,0.060574443,0.170666287,NS
ENSG00000148396,SEC16A,0.047314416,0.170666287,NS
ENSG00000187735,TCEA1,0.046175093,0.170666287,NS
ENSG00000133195,SLC39A11,-0.065935343,0.171213055,NS
ENSG00000128923,MINDY2,0.057818255,0.171237776,NS
ENSG00000143434,SEMA6C,-0.067050792,0.171466567,NS
ENSG00000104164,BLOC1S6,-0.051186121,0.171788479,NS
ENSG00000055950,MRPL43,-0.061901155,0.171989866,NS
ENSG00000163935,SFMBT1,0.060607677,0.171989866,NS
ENSG00000128311,TST,-0.060736036,0.172077825,NS
ENSG00000101473,ACOT8,-0.067986539,0.172113456,NS
ENSG00000027001,MIPEP,0.065937678,0.172699093,NS
ENSG00000076356,PLXNA2,-0.069026616,0.172699093,NS
ENSG00000138078,PREPL,-0.051835244,0.172699093,NS
ENSG00000144028,SNRNP200,0.043029224,0.172699093,NS
ENSG00000163428,LRRC58,0.050562992,0.172699093,NS
ENSG00000171858,RPS21,-0.054436315,0.172699093,NS
ENSG00000225973,PIGBOS1,0.072965318,0.172699093,NS
ENSG00000100564,PIGH,-0.064078439,0.172934836,NS
ENSG00000240445,FOXO3B,0.070250273,0.173058528,NS
ENSG00000151239,TWF1,0.047081779,0.173133691,NS
ENSG00000009307,CSDE1,0.041786081,0.173194963,NS
ENSG00000069248,NUP133,0.04771891,0.173194963,NS
ENSG00000110074,FOXRED1,0.050075447,0.173463926,NS
ENSG00000137574,TGS1,0.059772786,0.173463926,NS
ENSG00000167515,TRAPPC2L,-0.061600592,0.173463926,NS
ENSG00000143742,SRP9,0.043926921,0.173564853,NS
ENSG00000204387,SNHG32,-0.060122353,0.173564853,NS
ENSG00000280088,NA,0.067895695,0.173564853,NS
ENSG00000146955,RAB19,-0.068356528,0.173622276,NS
ENSG00000095059,DHPS,-0.054514622,0.173762628,NS
ENSG00000153391,INO80C,-0.066420714,0.173986639,NS
ENSG00000159692,CTBP1,-0.046313559,0.173986639,NS
ENSG00000213563,C8orf82,-0.052935457,0.174004549,NS
ENSG00000109255,NMU,0.072445916,0.174357052,NS
ENSG00000163814,CDCP1,0.051900461,0.174378816,NS
ENSG00000066739,ATG2B,-0.06018722,0.174893653,NS
ENSG00000138413,IDH1,0.044128179,0.175123325,NS
ENSG00000135912,TTLL4,0.064686691,0.175479476,NS
ENSG00000197892,KIF13B,0.069874578,0.175479476,NS
ENSG00000090971,NAT14,-0.066023067,0.175581753,NS
ENSG00000116984,MTR,0.055218752,0.175728434,NS
ENSG00000036549,ZZZ3,0.052151027,0.175758552,NS
ENSG00000086300,SNX10,-0.064174681,0.175910344,NS
ENSG00000124208,PEDS1-UBE2V1,0.070299986,0.175910344,NS
ENSG00000175854,SWI5,-0.061241378,0.175910344,NS
ENSG00000290793,NA,-0.072594797,0.175910344,NS
ENSG00000255198,SNHG9,-0.06802738,0.176625253,NS
ENSG00000293434,AHSA2P,-0.065010567,0.176625253,NS
ENSG00000040933,INPP4A,-0.064136798,0.17686761,NS
ENSG00000163597,SNHG16,0.054739979,0.176888302,NS
ENSG00000148399,DPH7,-0.068158643,0.177079396,NS
ENSG00000184635,ZNF93,0.066668914,0.177079396,NS
ENSG00000017797,RALBP1,0.047545234,0.17744969,NS
ENSG00000143344,RGL1,-0.070825262,0.17744969,NS
ENSG00000078043,PIAS2,-0.056368784,0.17768877,NS
ENSG00000127445,PIN1,-0.056130819,0.17768877,NS
ENSG00000101079,NDRG3,-0.050557878,0.177750375,NS
ENSG00000213445,SIPA1,-0.061174015,0.177775175,NS
ENSG00000177888,ZBTB41,0.058802548,0.177783138,NS
ENSG00000198363,ASPH,-0.043428519,0.177783138,NS
ENSG00000077235,GTF3C1,0.049207505,0.177831973,NS
ENSG00000182871,COL18A1,-0.070471933,0.178516665,NS
ENSG00000104774,MAN2B1,-0.048247999,0.178621772,NS
ENSG00000196511,TPK1,-0.070677242,0.178621772,NS
ENSG00000203668,CHML,0.053633985,0.178621772,NS
ENSG00000111850,SMIM8,-0.071375838,0.178668396,NS
ENSG00000160991,ORAI2,-0.067697636,0.178692451,NS
ENSG00000109670,FBXW7,0.06790997,0.178815071,NS
ENSG00000143322,ABL2,0.061520161,0.178815071,NS
ENSG00000158792,SPATA2L,-0.064982739,0.178815071,NS
ENSG00000163714,U2SURP,0.051037413,0.178815071,NS
ENSG00000228288,PCAT6,-0.071956085,0.178815071,NS
ENSG00000100991,TRPC4AP,-0.05035499,0.178937769,NS
ENSG00000114062,UBE3A,0.048931007,0.178937769,NS
ENSG00000143756,FBXO28,0.043966335,0.179154558,NS
ENSG00000186106,ANKRD46,-0.063780401,0.179201006,NS
ENSG00000188690,UROS,-0.054588938,0.179327329,NS
ENSG00000281571,NA,-0.06476069,0.179328434,NS
ENSG00000187531,SIRT7,-0.067415386,0.179359217,NS
ENSG00000205213,LGR4,0.056396857,0.179856417,NS
ENSG00000185664,PMEL,-0.070981426,0.179861787,NS
ENSG00000117280,RAB29,-0.049763831,0.180071509,NS
ENSG00000214595,EML6,-0.069299666,0.180071509,NS
ENSG00000225828,FAM229A,-0.059997887,0.180071509,NS
ENSG00000105875,WDR91,-0.063621632,0.180521659,NS
ENSG00000102996,MMP15,0.051268377,0.180822927,NS
ENSG00000170266,GLB1,-0.054802154,0.181036332,NS
ENSG00000008405,CRY1,0.057222935,0.181183783,NS
ENSG00000103502,CDIPT,-0.055069396,0.181685804,NS
ENSG00000215256,DHRS4-AS1,0.058398631,0.181736377,NS
ENSG00000030066,NUP160,0.049288279,0.182024388,NS
ENSG00000144566,RAB5A,0.052182127,0.182339782,NS
ENSG00000144895,EIF2A,0.04668783,0.182339782,NS
ENSG00000184205,TSPYL2,-0.062954046,0.182339782,NS
ENSG00000198342,ZNF442,0.070772337,0.182339782,NS
ENSG00000211459,MT-RNR1,0.067197544,0.182515698,NS
ENSG00000166575,TMEM135,-0.05286197,0.182740881,NS
ENSG00000112186,CAP2,0.060228129,0.183084347,NS
ENSG00000005893,LAMP2,-0.043528188,0.183292054,NS
ENSG00000006740,ARHGAP44,-0.059581217,0.183646228,NS
ENSG00000023041,ZDHHC6,0.056680568,0.183646228,NS
ENSG00000077238,IL4R,-0.070049799,0.183646228,NS
ENSG00000105197,TIMM50,0.047955902,0.183646228,NS
ENSG00000105669,COPE,-0.052869952,0.183646228,NS
ENSG00000172167,MTBP,0.070968696,0.183646228,NS
ENSG00000180902,D2HGDH,-0.062497927,0.183646228,NS
ENSG00000234745,HLA-B,-0.059649951,0.183646228,NS
ENSG00000242265,PEG10,0.060368296,0.183646228,NS
ENSG00000244005,NFS1,-0.056444925,0.183646228,NS
ENSG00000106012,IQCE,0.04988366,0.183891782,NS
ENSG00000137770,CTDSPL2,0.053615469,0.183891782,NS
ENSG00000131094,C1QL1,-0.064953739,0.183910731,NS
ENSG00000084463,WBP11,0.046088878,0.183921742,NS
ENSG00000153214,TMEM87B,0.053157834,0.183921742,NS
ENSG00000272077,NA,0.064733912,0.183951189,NS
ENSG00000162413,KLHL21,-0.052682105,0.184708126,NS
ENSG00000065243,PKN2,0.053612072,0.184794922,NS
ENSG00000078725,BRINP1,0.069677915,0.184888461,NS
ENSG00000196502,SULT1A1,-0.070702558,0.184897596,NS
ENSG00000214706,IFRD2,0.046096593,0.185159512,NS
ENSG00000095321,CRAT,-0.059877872,0.185464852,NS
ENSG00000112245,PTP4A1,0.048257171,0.185464852,NS
ENSG00000132635,PCED1A,-0.066436134,0.185464852,NS
ENSG00000167671,UBXN6,-0.050757956,0.185464852,NS
ENSG00000184897,H1-10,0.047096832,0.18581133,NS
ENSG00000198892,SHISA4,-0.067665256,0.186006825,NS
ENSG00000262884,NA,0.070468186,0.186006825,NS
ENSG00000163683,SMIM14,-0.054872108,0.186668201,NS
ENSG00000125827,TMX4,0.046889662,0.186710516,NS
ENSG00000151025,GPR158,0.048000746,0.187014582,NS
ENSG00000110108,TMEM109,0.047613798,0.18740836,NS
ENSG00000128245,YWHAH,0.051010083,0.18740836,NS
ENSG00000229056,HECW2-AS1,0.070142161,0.18740836,NS
ENSG00000171219,CDC42BPG,-0.057798203,0.187487025,NS
ENSG00000161509,GRIN2C,-0.069765267,0.187743405,NS
ENSG00000104626,ERI1,0.055970187,0.187877179,NS
ENSG00000121766,ZCCHC17,0.052299771,0.187909289,NS
ENSG00000125967,NECAB3,-0.052990971,0.187936789,NS
ENSG00000088179,PTPN4,0.064757822,0.188722745,NS
ENSG00000171224,FAM241B,-0.061124998,0.188722745,NS
ENSG00000011021,CLCN6,-0.068816966,0.188896859,NS
ENSG00000137409,MTCH1,-0.048842826,0.1889189,NS
ENSG00000168056,LTBP3,-0.050063119,0.1889189,NS
ENSG00000176018,LYSMD3,0.056726795,0.1889189,NS
ENSG00000243279,PRAF2,-0.063350853,0.18900621,NS
ENSG00000183762,KREMEN1,-0.061715735,0.189149351,NS
ENSG00000168785,TSPAN5,-0.069652711,0.189291462,NS
ENSG00000182287,AP1S2,0.066729173,0.189322147,NS
ENSG00000186184,POLR1D,-0.054260654,0.189322147,NS
ENSG00000137100,DCTN3,-0.05570787,0.189504019,NS
ENSG00000154059,IMPACT,0.049148474,0.189504019,NS
ENSG00000177181,RIMKLA,-0.061577815,0.189532008,NS
ENSG00000153015,CWC27,0.05942475,0.190104806,NS
ENSG00000130758,MAP3K10,-0.058836452,0.190436853,NS
ENSG00000001561,ENPP4,-0.062640122,0.190709843,NS
ENSG00000109674,NEIL3,0.065206268,0.190709843,NS
ENSG00000102302,FGD1,-0.064897933,0.190840197,NS
ENSG00000100354,TNRC6B,0.057297858,0.191108757,NS
ENSG00000103111,MON1B,0.051750943,0.191108757,NS
ENSG00000137494,ANKRD42,0.063068839,0.191643512,NS
ENSG00000182359,KBTBD3,-0.068984286,0.191660157,NS
ENSG00000197372,ZNF675,0.063383324,0.191762588,NS
ENSG00000149554,CHEK1,0.050362813,0.191890501,NS
ENSG00000268895,A1BG-AS1,-0.069337555,0.191890501,NS
ENSG00000284976,NA,-0.051396905,0.191890501,NS
ENSG00000131778,CHD1L,-0.053939258,0.192074958,NS
ENSG00000123091,RNF11,0.044116884,0.192357346,NS
ENSG00000080298,RFX3,-0.069275824,0.192544139,NS
ENSG00000124659,TBCC,-0.060326177,0.192684978,NS
ENSG00000149428,HYOU1,0.043539802,0.192753859,NS
ENSG00000182180,MRPS16,0.043920785,0.192753859,NS
ENSG00000139668,WDFY2,0.06220652,0.193048709,NS
ENSG00000100578,KIAA0586,0.056433583,0.193130433,NS
ENSG00000110881,ASIC1,-0.068100098,0.193130433,NS
ENSG00000188153,COL4A5,0.055936156,0.193130433,NS
ENSG00000255517,DPP3-DT,-0.067997822,0.193130433,NS
ENSG00000163002,NUP35,0.059597204,0.193279066,NS
ENSG00000058404,CAMK2B,-0.0663229,0.193661312,NS
ENSG00000164902,PHAX,0.049938903,0.193661312,NS
ENSG00000198346,ZNF813,0.064281794,0.193661312,NS
ENSG00000233757,ZNF892,0.06474966,0.193795641,NS
ENSG00000187243,MAGED4B,-0.06904331,0.19388173,NS
ENSG00000204991,SPIRE2,-0.067981785,0.194229448,NS
ENSG00000131196,NFATC1,-0.068019761,0.194413062,NS
ENSG00000181191,PJA1,-0.058726684,0.194413062,NS
ENSG00000160305,DIP2A,-0.056165944,0.194757103,NS
ENSG00000290376,HERC2P3,-0.06550201,0.194757103,NS
ENSG00000136444,RSAD1,-0.053529026,0.195078649,NS
ENSG00000142330,CAPN10,-0.066425168,0.195532724,NS
ENSG00000198039,ZNF273,0.064200305,0.195532724,NS
ENSG00000136828,RALGPS1,-0.068251448,0.195685464,NS
ENSG00000168487,BMP1,-0.066589798,0.195765576,NS
ENSG00000198586,TLK1,0.052031586,0.195965926,NS
ENSG00000229637,PRAC2,0.060450023,0.195965926,NS
ENSG00000028310,BRD9,-0.060868023,0.196146102,NS
ENSG00000166261,ZNF202,-0.067775908,0.196146102,NS
ENSG00000141551,CSNK1D,-0.04409295,0.196351936,NS
ENSG00000183172,SMDT1,-0.060696263,0.196447434,NS
ENSG00000291068,NA,-0.065527937,0.196738328,NS
ENSG00000180185,FAHD1,-0.051363782,0.196774296,NS
ENSG00000004864,SLC25A13,0.04950865,0.196777206,NS
ENSG00000105404,RABAC1,-0.063386311,0.196777206,NS
ENSG00000123595,RAB9A,-0.058175307,0.196777206,NS
ENSG00000131389,SLC6A6,-0.062424718,0.196777206,NS
ENSG00000140545,MFGE8,-0.06829133,0.196777206,NS
ENSG00000276900,NA,-0.066669916,0.196777206,NS
ENSG00000176142,TMEM39A,0.058870539,0.196975861,NS
ENSG00000225518,LINC01703,-0.068412858,0.196975861,NS
ENSG00000184743,ATL3,0.051107245,0.197330514,NS
ENSG00000132825,PPP1R3D,-0.065499001,0.19743507,NS
ENSG00000135821,GLUL,0.042288208,0.198109859,NS
ENSG00000116337,AMPD2,-0.050654105,0.198199924,NS
ENSG00000130429,ARPC1B,-0.052391152,0.198199924,NS
ENSG00000115364,MRPL19,0.048148765,0.198205099,NS
ENSG00000088298,EDEM2,-0.061304648,0.198263945,NS
ENSG00000213281,NRAS,0.046856888,0.198263945,NS
ENSG00000286451,NA,-0.053918172,0.198404539,NS
ENSG00000185049,NELFA,-0.052206457,0.198923534,NS
ENSG00000011347,SYT7,-0.049171868,0.199112153,NS
ENSG00000125834,STK35,0.052296299,0.199112153,NS
ENSG00000223969,NA,0.065640854,0.199112153,NS
ENSG00000234616,JRK,0.05699866,0.199112153,NS
ENSG00000183793,NPIPA5,-0.054912428,0.199269645,NS
ENSG00000103042,SLC38A7,-0.058395902,0.199440352,NS
ENSG00000130935,NOL11,0.046567731,0.199440352,NS
ENSG00000240344,PPIL3,0.059070707,0.199440352,NS
ENSG00000116830,TTF2,0.05060064,0.200332986,NS
ENSG00000243701,DUBR,0.065485893,0.200611325,NS
ENSG00000109787,KLF3,0.058151234,0.200653681,NS
ENSG00000153064,BANK1,-0.06105316,0.200851127,NS
ENSG00000109065,NAT9,-0.061791046,0.201415189,NS
ENSG00000105325,FZR1,0.05277286,0.201531012,NS
ENSG00000070961,ATP2B1,-0.050481973,0.201953681,NS
ENSG00000075461,CACNG4,0.061164,0.201953681,NS
ENSG00000082458,DLG3,0.047920792,0.201953681,NS
ENSG00000101098,RIMS4,-0.063300208,0.201953681,NS
ENSG00000124275,MTRR,0.056540591,0.201953681,NS
ENSG00000129562,DAD1,-0.053718935,0.202004861,NS
ENSG00000054267,ARID4B,0.054034939,0.202331053,NS
ENSG00000163161,ERCC3,-0.050911565,0.202440471,NS
ENSG00000118217,ATF6,0.049812055,0.20245857,NS
ENSG00000164463,CREBRF,-0.067084936,0.202579112,NS
ENSG00000101624,CEP76,0.059946466,0.202931043,NS
ENSG00000140022,STON2,0.06591962,0.202931043,NS
ENSG00000277013,SUNO1,0.067420735,0.202931043,NS
ENSG00000116473,RAP1A,0.048242235,0.20317222,NS
ENSG00000123505,AMD1,0.040755943,0.203278162,NS
ENSG00000164111,ANXA5,-0.04400887,0.203543195,NS
ENSG00000109756,RAPGEF2,0.057817284,0.203838716,NS
ENSG00000183137,CEP57L1,0.06405323,0.203838716,NS
ENSG00000163795,ZNF513,-0.065599832,0.203918226,NS
ENSG00000172113,NME6,0.05632724,0.203981807,NS
ENSG00000104221,BRF2,-0.059127573,0.204158282,NS
ENSG00000119431,HDHD3,-0.057461369,0.204455657,NS
ENSG00000197119,SLC25A29,-0.065482167,0.204826362,NS
ENSG00000176208,ATAD5,0.061399622,0.205014525,NS
ENSG00000108256,NUFIP2,0.043851061,0.205025431,NS
ENSG00000117114,ADGRL2,0.065108332,0.205033638,NS
ENSG00000100612,DHRS7,-0.046607013,0.205270158,NS
ENSG00000071073,MGAT4A,-0.066641903,0.205332768,NS
ENSG00000008130,NADK,-0.044359104,0.205658034,NS
ENSG00000235552,RPL6P27,-0.065464022,0.205938442,NS
ENSG00000293495,C19orf48P,0.041595616,0.206052108,NS
ENSG00000129158,SERGEF,-0.062154341,0.206110416,NS
ENSG00000130590,SAMD10,-0.066728673,0.206110416,NS
ENSG00000103245,CIAO3,0.056637659,0.206148778,NS
ENSG00000204463,BAG6,-0.04080882,0.206149712,NS
ENSG00000067955,CBFB,0.046980397,0.206225314,NS
ENSG00000139618,BRCA2,0.059913319,0.206225314,NS
ENSG00000146463,ZMYM4,0.046802532,0.206584084,NS
ENSG00000170899,GSTA4,-0.053228926,0.206584084,NS
ENSG00000198624,CCDC69,-0.060197658,0.206584084,NS
ENSG00000107262,BAG1,-0.047814647,0.206855715,NS
ENSG00000124486,USP9X,0.047161631,0.206948942,NS
ENSG00000171681,ATF7IP,0.049821667,0.207289616,NS
ENSG00000187244,BCAM,-0.062426673,0.207396404,NS
ENSG00000263956,NBPF11,-0.06651485,0.207396404,NS
ENSG00000184903,IMMP2L,-0.057531733,0.207413994,NS
ENSG00000010319,SEMA3G,-0.066333452,0.207707087,NS
ENSG00000141040,ZNF287,-0.061398383,0.208132451,NS
ENSG00000183628,DGCR6,-0.066544646,0.20813332,NS
ENSG00000135596,MICAL1,0.065174005,0.208546678,NS
ENSG00000164164,OTUD4,0.053939558,0.208878607,NS
ENSG00000140006,WDR89,0.054065854,0.208888977,NS
ENSG00000161267,BDH1,-0.046154834,0.208888977,NS
ENSG00000163138,PACRGL,0.061870012,0.208888977,NS
ENSG00000164039,BDH2,-0.0657559,0.208888977,NS
ENSG00000155158,TTC39B,0.061257801,0.209058745,NS
ENSG00000205838,TTC23L,-0.060224617,0.209321122,NS
ENSG00000261437,LINC02894,0.065323878,0.210098905,NS
ENSG00000144744,UBA3,-0.047318422,0.210128283,NS
ENSG00000167797,CDK2AP2,-0.050779258,0.210330895,NS
ENSG00000300379,NA,-0.063833103,0.210330895,NS
ENSG00000095002,MSH2,0.059022975,0.211332935,NS
ENSG00000185904,LINC00839,-0.056104391,0.211413151,NS
ENSG00000035141,FAM136A,0.047297265,0.211504356,NS
ENSG00000074211,PPP2R2C,-0.053367342,0.211635111,NS
ENSG00000130706,ADRM1,-0.046272015,0.211635111,NS
ENSG00000165905,LARGE2,-0.062358771,0.211884447,NS
ENSG00000072134,EPN2,0.050341188,0.212180839,NS
ENSG00000099622,CIRBP,-0.051012366,0.212180839,NS
ENSG00000154743,TSEN2,-0.057161515,0.212206998,NS
ENSG00000088854,DNAAF9,-0.061166158,0.212351072,NS
ENSG00000178074,C2orf69,0.052724769,0.212351072,NS
ENSG00000130811,EIF3G,-0.047573488,0.212887137,NS
ENSG00000162734,PEA15,0.042374081,0.213433954,NS
ENSG00000101844,ATG4A,-0.056901006,0.213775531,NS
ENSG00000113108,APBB3,-0.064879444,0.213872152,NS
ENSG00000149591,TAGLN,-0.058618753,0.214120652,NS
ENSG00000249042,FAM151B-DT,0.054577993,0.214120652,NS
ENSG00000151176,PLBD2,-0.049844881,0.214236993,NS
ENSG00000009335,UBE3C,0.041696712,0.214296725,NS
ENSG00000100028,SNRPD3,0.047990952,0.214398301,NS
ENSG00000132549,VPS13B,-0.059174324,0.214485948,NS
ENSG00000077152,UBE2T,0.050353048,0.21471865,NS
ENSG00000224536,CSRP1-AS1,-0.063500546,0.21471865,NS
ENSG00000138286,FAM149B1,-0.060425102,0.214773452,NS
ENSG00000186907,RTN4RL2,-0.062204266,0.214773452,NS
ENSG00000097046,CDC7,0.048947017,0.214808528,NS
ENSG00000111144,LTA4H,-0.046439096,0.214808528,NS
ENSG00000155876,RRAGA,-0.046619243,0.214808528,NS
ENSG00000108819,PPP1R9B,0.045088401,0.214994931,NS
ENSG00000107438,PDLIM1,-0.055182506,0.215171832,NS
ENSG00000148341,SH3GLB2,-0.051021442,0.215171832,NS
ENSG00000184445,KNTC1,0.056394882,0.215171832,NS
ENSG00000007516,BAIAP3,-0.06483538,0.215214847,NS
ENSG00000068028,RASSF1,-0.059414348,0.215214847,NS
ENSG00000151929,BAG3,0.050926428,0.215214847,NS
ENSG00000187961,KLHL17,-0.063737115,0.215256921,NS
ENSG00000090006,LTBP4,-0.059910144,0.215477564,NS
ENSG00000145817,YIPF5,-0.051727994,0.215477564,NS
ENSG00000165915,SLC39A13,-0.064725631,0.215477564,NS
ENSG00000197217,ENTPD4,0.049059389,0.215477564,NS
ENSG00000095397,WHRN,-0.064964669,0.216094725,NS
ENSG00000115966,ATF2,0.05402957,0.216094725,NS
ENSG00000167136,ENDOG,-0.052549028,0.216263188,NS
ENSG00000111540,RAB5B,-0.043403137,0.216303684,NS
ENSG00000167771,RCOR2,-0.058432033,0.216539111,NS
ENSG00000068137,PLEKHH3,-0.047444976,0.216584452,NS
ENSG00000147251,DOCK11,0.056011268,0.216648756,NS
ENSG00000143157,POGK,0.043675532,0.216803202,NS
ENSG00000276168,RN7SL1,-0.06348587,0.216803202,NS
ENSG00000198589,LRBA,-0.041851367,0.216844863,NS
ENSG00000114491,UMPS,0.046507703,0.216857548,NS
ENSG00000124615,MOCS1,-0.060100276,0.21698173,NS
ENSG00000172159,FRMD3,-0.063610239,0.217190496,NS
ENSG00000137767,SQOR,-0.061791072,0.217403165,NS
ENSG00000146674,IGFBP3,0.036414664,0.217534332,NS
ENSG00000223496,EXOSC6,0.050010859,0.217534332,NS
ENSG00000147416,ATP6V1B2,-0.045350086,0.217664445,NS
ENSG00000144840,RABL3,-0.049716051,0.217834432,NS
ENSG00000178188,SH2B1,-0.059050793,0.217913645,NS
ENSG00000197912,SPG7,-0.052804344,0.217961379,NS
ENSG00000139372,TDG,0.043188713,0.218000434,NS
ENSG00000175215,CTDSP2,0.047737463,0.218176812,NS
ENSG00000244239,ICA1-AS1,-0.064809486,0.218176812,NS
ENSG00000136720,HS6ST1,-0.046554218,0.218576682,NS
ENSG00000196776,CD47,0.05029027,0.218576682,NS
ENSG00000236830,CBR3-AS1,-0.061217917,0.218576682,NS
ENSG00000158828,PINK1,-0.059421999,0.218795602,NS
ENSG00000178980,SELENOW,0.047802737,0.218882426,NS
ENSG00000197937,ZNF347,0.059954024,0.218882426,NS
ENSG00000179115,FARSA,-0.042727153,0.218902431,NS
ENSG00000082516,GEMIN5,0.05011847,0.218973068,NS
ENSG00000110237,ARHGEF17,-0.063380809,0.219529375,NS
ENSG00000005812,FBXL3,0.054274357,0.219874536,NS
ENSG00000034152,MAP2K3,-0.047694312,0.220619444,NS
ENSG00000151092,NGLY1,0.051137516,0.220619444,NS
ENSG00000153815,CMIP,-0.052811,0.220619444,NS
ENSG00000185630,PBX1,-0.064414344,0.220650128,NS
ENSG00000138071,ACTR2,0.041211413,0.220769694,NS
ENSG00000245532,NEAT1,-0.054586497,0.221511639,NS
ENSG00000173960,UBXN2A,0.057861841,0.221618029,NS
ENSG00000257365,FNTB,0.056870639,0.22168275,NS
ENSG00000125503,PPP1R12C,-0.062557438,0.221974305,NS
ENSG00000171148,TADA3,0.047760977,0.22205657,NS
ENSG00000000003,TSPAN6,0.062958885,0.222162994,NS
ENSG00000196313,POM121,0.042554901,0.222162994,NS
ENSG00000290292,HOMEZ,-0.060958807,0.222165078,NS
ENSG00000136044,APPL2,-0.049208151,0.222399359,NS
ENSG00000166295,ANAPC16,-0.044693577,0.222399359,NS
ENSG00000120594,PLXDC2,0.052934565,0.222683449,NS
ENSG00000119314,PTBP3,0.04873506,0.223111736,NS
ENSG00000230074,NA,0.063641998,0.223111736,NS
ENSG00000279689,NA,-0.062452768,0.223111736,NS
ENSG00000288558,DUS4L-BCAP29,0.063746707,0.223111736,NS
ENSG00000291085,TMEM191A,-0.063264424,0.223111736,NS
ENSG00000310519,NA,0.04386326,0.223111736,NS
ENSG00000140650,PMM2,-0.048554662,0.223161465,NS
ENSG00000168282,MGAT2,0.047863819,0.223349829,NS
ENSG00000168566,SNRNP48,0.046622038,0.223349829,NS
ENSG00000104738,MCM4,0.043319486,0.223392757,NS
ENSG00000067829,IDH3G,-0.051854876,0.223418662,NS
ENSG00000100290,BIK,-0.06348296,0.223418662,NS
ENSG00000138018,SELENOI,0.042505028,0.223418662,NS
ENSG00000174804,FZD4,0.056430612,0.223418662,NS
ENSG00000006652,IFRD1,0.048866392,0.223531747,NS
ENSG00000130024,PHF10,-0.050240256,0.223992205,NS
ENSG00000084731,KIF3C,-0.060963752,0.224217514,NS
ENSG00000111196,MAGOHB,0.052230462,0.224217514,NS
ENSG00000122971,ACADS,-0.05383063,0.224217514,NS
ENSG00000178764,ZHX2,0.05359282,0.224217514,NS
ENSG00000198794,SCAMP5,-0.063841137,0.224217514,NS
ENSG00000142733,MAP3K6,0.054948593,0.224588154,NS
ENSG00000178234,GALNT11,-0.046928826,0.224634437,NS
ENSG00000099991,CABIN1,0.047844058,0.224975959,NS
ENSG00000123095,BHLHE41,-0.056817044,0.225027473,NS
ENSG00000102978,POLR2C,0.048006429,0.225035095,NS
ENSG00000008382,MPND,-0.056693033,0.225264867,NS
ENSG00000091140,DLD,0.039791753,0.225264867,NS
ENSG00000100647,SUSD6,-0.056863887,0.22588953,NS
ENSG00000162980,ARL5A,0.04868709,0.226338461,NS
ENSG00000135506,OS9,-0.044249519,0.226349244,NS
ENSG00000114738,MAPKAPK3,-0.05033303,0.226516894,NS
ENSG00000156030,MIDEAS,0.053437846,0.226516894,NS
ENSG00000130529,TRPM4,0.049167201,0.226542329,NS
ENSG00000013392,RWDD2A,-0.057736168,0.226634716,NS
ENSG00000184508,HDDC3,-0.056881467,0.226841764,NS
ENSG00000140612,SEC11A,0.045259968,0.227060852,NS
ENSG00000196782,MAML3,0.054087621,0.227060852,NS
ENSG00000066084,DIP2B,0.046709242,0.227350307,NS
ENSG00000120832,MTERF2,-0.055647329,0.227350307,NS
ENSG00000006757,PNPLA4,-0.055823426,0.227548015,NS
ENSG00000169251,NMD3,0.052517001,0.228402306,NS
ENSG00000106799,TGFBR1,0.055866635,0.228434365,NS
ENSG00000279140,NA,-0.057949238,0.228434365,NS
ENSG00000140743,CDR2,0.057841719,0.228598305,NS
ENSG00000147912,FBXO10,-0.059491439,0.228778499,NS
ENSG00000291174,FAUP4,-0.063071194,0.228875856,NS
ENSG00000165495,PKNOX2,-0.061371037,0.228893965,NS
ENSG00000102572,STK24,0.049503421,0.228914737,NS
ENSG00000174428,GTF2IRD2B,-0.062863584,0.229163393,NS
ENSG00000177683,THAP5,0.050508403,0.2292955,NS
ENSG00000136237,RAPGEF5,0.06288806,0.2294247,NS
ENSG00000054523,KIF1B,0.043144125,0.229459822,NS
ENSG00000107796,ACTA2,0.05363962,0.229459822,NS
ENSG00000213015,ZNF580,-0.060407708,0.229459822,NS
ENSG00000065613,SLK,0.048947796,0.229736358,NS
ENSG00000105472,CLEC11A,-0.05750745,0.229786284,NS
ENSG00000242114,MTFP1,0.056669051,0.229786284,NS
ENSG00000130939,UBE4B,-0.045430034,0.229961655,NS
ENSG00000121716,PILRB,-0.059804282,0.230355353,NS
ENSG00000067836,ROGDI,-0.05288854,0.230487839,NS
ENSG00000076641,PAG1,0.054307686,0.230487839,NS
ENSG00000166965,RCCD1,0.059783692,0.230487839,NS
ENSG00000101639,CEP192,0.054704766,0.230658473,NS
ENSG00000158169,FANCC,0.051098921,0.230784153,NS
ENSG00000261061,NA,0.062842386,0.230784153,NS
ENSG00000120008,WDR11,-0.052196916,0.230941047,NS
ENSG00000105011,ASF1B,0.045683983,0.230974474,NS
ENSG00000109572,CLCN3,-0.0414599,0.230974474,NS
ENSG00000121653,MAPK8IP1,-0.050638284,0.230974474,NS
ENSG00000122863,CHST3,0.053222383,0.230974474,NS
ENSG00000126215,XRCC3,0.049600584,0.230974474,NS
ENSG00000183386,FHL3,-0.059441308,0.230974474,NS
ENSG00000178761,FAM219B,-0.052233417,0.231344149,NS
ENSG00000146476,ARMT1,0.050546488,0.231384154,NS
ENSG00000173542,MOB1B,0.049978339,0.231438716,NS
ENSG00000162521,RBBP4,0.038067344,0.231653982,NS
ENSG00000171943,SRGAP2C,0.055075131,0.231653982,NS
ENSG00000186792,HYAL3,-0.057005823,0.231653982,NS
ENSG00000213614,HEXA,-0.049940848,0.231653982,NS
ENSG00000177485,ZBTB33,0.04927213,0.231810375,NS
ENSG00000104998,IL27RA,-0.054763903,0.231967984,NS
ENSG00000271869,DCTN6-DT,-0.060240602,0.231967984,NS
ENSG00000186866,POFUT2,-0.05688236,0.232441058,NS
ENSG00000092330,TINF2,-0.048607421,0.232957274,NS
ENSG00000110048,OSBP,0.040460201,0.232957274,NS
ENSG00000135414,GDF11,0.049508656,0.232957274,NS
ENSG00000106268,NUDT1,0.054753787,0.233478621,NS
ENSG00000136463,TACO1,0.049602534,0.233661548,NS
ENSG00000171109,MFN1,0.043940068,0.23366675,NS
ENSG00000081307,UBA5,-0.049469245,0.233893738,NS
ENSG00000184517,ZFP1,0.060333023,0.233893738,NS
ENSG00000042429,MED17,-0.048491291,0.233997351,NS
ENSG00000058600,POLR3E,0.047083517,0.233997351,NS
ENSG00000114251,WNT5A,-0.059456491,0.233997351,NS
ENSG00000128928,IVD,-0.04199822,0.233997351,NS
ENSG00000203709,MIR29B2CHG,0.050189368,0.233997351,NS
ENSG00000259075,POC1B-GALNT4,0.056483313,0.233997351,NS
ENSG00000186566,GPATCH8,0.051498625,0.234197993,NS
ENSG00000089048,ESF1,0.050113853,0.234225124,NS
ENSG00000128228,SDF2L1,0.050936259,0.234225124,NS
ENSG00000117335,CD46,-0.045063172,0.234384699,NS
ENSG00000164342,TLR3,0.053733732,0.23480185,NS
ENSG00000126107,HECTD3,-0.048413139,0.23487927,NS
ENSG00000255737,AGAP2-AS1,-0.059541831,0.235604095,NS
ENSG00000074964,ARHGEF10L,-0.061382411,0.236306156,NS
ENSG00000122678,POLM,-0.060990425,0.23674524,NS
ENSG00000011114,BTBD7,0.049455456,0.237094888,NS
ENSG00000125931,CITED1,0.05730993,0.237265836,NS
ENSG00000068001,HYAL2,-0.047295449,0.237441763,NS
ENSG00000236552,RPL13AP5,-0.058749172,0.237802385,NS
ENSG00000289226,NA,-0.06081872,0.237802385,NS
ENSG00000183763,TRAIP,0.058782243,0.237964417,NS
ENSG00000172273,HINFP,-0.05952654,0.237997126,NS
ENSG00000198729,PPP1R14C,-0.061619431,0.237997126,NS
ENSG00000138801,PAPSS1,0.045248976,0.238170362,NS
ENSG00000072736,NFATC3,0.051208794,0.238489523,NS
ENSG00000110931,CAMKK2,0.046294314,0.238844075,NS
ENSG00000167792,NDUFV1,-0.040761416,0.239038397,NS
ENSG00000161671,EMC10,-0.041885907,0.239433469,NS
ENSG00000169857,AVEN,-0.059297628,0.239433469,NS
ENSG00000115271,GCA,-0.055844075,0.239499704,NS
ENSG00000189077,TMEM120A,-0.053551495,0.239499704,NS
ENSG00000138835,RGS3,0.051085946,0.239671765,NS
ENSG00000074855,ANO8,-0.061471256,0.239757932,NS
ENSG00000153406,NMRAL1,-0.048643978,0.239757932,NS
ENSG00000160803,UBQLN4,0.041956343,0.239968778,NS
ENSG00000060491,OGFR,-0.049345707,0.240226293,NS
ENSG00000087206,UIMC1,0.052223411,0.240226293,NS
ENSG00000114302,PRKAR2A,0.048713083,0.240226293,NS
ENSG00000127129,EDN2,-0.060667245,0.240226293,NS
ENSG00000160124,MIX23,0.0520932,0.240226293,NS
ENSG00000161955,TNFSF13,-0.058783712,0.240226293,NS
ENSG00000170581,STAT2,-0.056827824,0.240226293,NS
ENSG00000182704,TSKU,0.048215935,0.240226293,NS
ENSG00000250988,SNHG21,-0.060876777,0.240226293,NS
ENSG00000095794,CREM,0.057310804,0.240375665,NS
ENSG00000290729,NA,0.05703181,0.240648637,NS
ENSG00000198355,PIM3,0.045962608,0.24066979,NS
ENSG00000157578,LCA5L,-0.059936254,0.24078569,NS
ENSG00000155957,TMBIM4,-0.049660347,0.240817321,NS
ENSG00000204519,ZNF551,0.055951687,0.240829943,NS
ENSG00000187051,RPS19BP1,-0.047778905,0.240883255,NS
ENSG00000164022,AIMP1,-0.044267097,0.241084804,NS
ENSG00000187840,EIF4EBP1,0.048023898,0.241084804,NS
ENSG00000158805,ZNF276,-0.060617498,0.241463603,NS
ENSG00000118640,VAMP8,-0.052982016,0.241495398,NS
ENSG00000011485,PPP5C,-0.046590122,0.242079489,NS
ENSG00000100083,GGA1,-0.053754285,0.242723048,NS
ENSG00000154640,BTG3,0.049423882,0.242723048,NS
ENSG00000158793,NIT1,-0.053350585,0.242774584,NS
ENSG00000196419,XRCC6,0.039767209,0.243404383,NS
ENSG00000056998,GYG2,-0.060630078,0.243497752,NS
ENSG00000161277,THAP8,-0.060923069,0.24349974,NS
ENSG00000070601,FRMPD1,-0.060933728,0.243567114,NS
ENSG00000166579,NDEL1,-0.048800744,0.243924192,NS
ENSG00000290912,NA,-0.050044844,0.243924192,NS
ENSG00000134186,PRPF38B,0.047749589,0.244014247,NS
ENSG00000061794,MRPS35,0.041454792,0.244020742,NS
ENSG00000151725,CENPU,0.043808872,0.244020742,NS
ENSG00000259956,RBM15B,0.041514958,0.244237134,NS
ENSG00000125457,MIF4GD,-0.054299784,0.244469486,NS
ENSG00000215041,NEURL4,-0.050333092,0.244573604,NS
ENSG00000137700,SLC37A4,0.05058225,0.245221504,NS
ENSG00000189343,RPS2P46,-0.060753935,0.245221504,NS
ENSG00000241764,CBLL1-AS1,0.057359582,0.245221504,NS
ENSG00000151694,ADAM17,0.056599051,0.245423955,NS
ENSG00000197858,GPAA1,0.041269849,0.245430388,NS
ENSG00000106348,IMPDH1,0.043362307,0.245651808,NS
ENSG00000183837,PNMA3,-0.053330159,0.245651808,NS
ENSG00000147475,ERLIN2,-0.042030501,0.245732899,NS
ENSG00000100359,SGSM3,-0.049489756,0.245933238,NS
ENSG00000160072,ATAD3B,-0.052822892,0.245933238,NS
ENSG00000196678,ERI2,0.04827668,0.245933238,NS
ENSG00000115687,PASK,0.043889947,0.246090732,NS
ENSG00000145911,N4BP3,-0.060158219,0.247131949,NS
ENSG00000108786,HSD17B1,-0.060142622,0.247191026,NS
ENSG00000141580,WDR45B,0.041722626,0.247191026,NS
ENSG00000173409,ARV1,-0.049972706,0.247191026,NS
ENSG00000114544,SLC41A3,-0.053225817,0.247253976,NS
ENSG00000104915,STX10,-0.051897068,0.248088107,NS
ENSG00000196233,LCOR,0.052310964,0.248521816,NS
ENSG00000123268,ATF1,0.048520349,0.248612007,NS
ENSG00000164091,WDR82,0.038297125,0.248612007,NS
ENSG00000065970,FOXJ2,0.049176434,0.24887242,NS
ENSG00000138081,FBXO11,0.048825855,0.249141873,NS
ENSG00000165934,CPSF2,0.03993351,0.249141873,NS
ENSG00000100731,PCNX1,0.048033409,0.249143965,NS
ENSG00000100949,RABGGTA,-0.051078467,0.249143965,NS
ENSG00000115211,EIF2B4,-0.051920802,0.249143965,NS
ENSG00000133119,RFC3,0.048280637,0.249143965,NS
ENSG00000169884,WNT10B,-0.056213396,0.249143965,NS
ENSG00000148384,INPP5E,-0.058066812,0.249398018,NS
ENSG00000089234,BRAP,0.051902481,0.249442316,NS
ENSG00000136504,KAT7,0.045290749,0.249588138,NS
ENSG00000164251,F2RL1,0.051282017,0.249767941,NS
ENSG00000135299,ANKRD6,-0.059446183,0.250168569,NS
ENSG00000182247,UBE2E2,0.045639559,0.250168569,NS
ENSG00000102890,ELMO3,-0.052907,0.250481418,NS
ENSG00000112514,CUTA,-0.047500438,0.250481418,NS
ENSG00000106459,NRF1,0.05391217,0.250490141,NS
ENSG00000163558,PRKCI,0.045589451,0.250490141,NS
ENSG00000165238,WNK2,-0.052376284,0.250490141,NS
ENSG00000071537,SEL1L,0.044362843,0.250693891,NS
ENSG00000135423,GLS2,-0.059950232,0.250851343,NS
ENSG00000160326,SLC2A6,-0.057962736,0.250851343,NS
ENSG00000168970,JMJD7-PLA2G4B,-0.045896137,0.250851343,NS
ENSG00000169905,TOR1AIP2,0.048913549,0.250851343,NS
ENSG00000082438,COBLL1,-0.045983833,0.251148473,NS
ENSG00000129315,CCNT1,0.046476761,0.251235722,NS
ENSG00000133678,TMEM254,-0.049012635,0.251597627,NS
ENSG00000083750,RRAGB,-0.059466897,0.251737141,NS
ENSG00000125962,ARMCX5,0.051788839,0.251737141,NS
ENSG00000280441,NA,0.055344714,0.251737141,NS
ENSG00000112394,SLC16A10,0.056640738,0.252292143,NS
ENSG00000165209,STRBP,-0.04559503,0.252344936,NS
ENSG00000054179,ENTPD2,-0.059685226,0.252345913,NS
ENSG00000159182,PRAC1,-0.050190783,0.252768816,NS
ENSG00000084093,REST,0.052094769,0.253080217,NS
ENSG00000005156,LIG3,0.046946742,0.253236025,NS
ENSG00000164096,C4orf3,-0.045292019,0.253236025,NS
ENSG00000115970,THADA,0.050644568,0.253376822,NS
ENSG00000157833,GAREM2,-0.05533523,0.253376822,NS
ENSG00000204611,ZNF616,0.056725327,0.253376822,NS
ENSG00000167258,CDK12,0.042220222,0.253386339,NS
ENSG00000149782,PLCB3,-0.053445854,0.253452427,NS
ENSG00000255302,EID1,-0.040048885,0.253452427,NS
ENSG00000271855,NA,-0.051738067,0.253452427,NS
ENSG00000066322,ELOVL1,0.04497767,0.253505832,NS
ENSG00000083807,SLC27A5,-0.052669941,0.253596223,NS
ENSG00000133731,IMPA1,-0.049029172,0.253596223,NS
ENSG00000183060,LYSMD4,-0.058597526,0.253634221,NS
ENSG00000132793,LPIN3,-0.058923536,0.253733765,NS
ENSG00000135409,AMHR2,-0.050013322,0.253733765,NS
ENSG00000135597,REPS1,0.048809138,0.253733765,NS
ENSG00000141664,ZCCHC2,0.047344436,0.253733765,NS
ENSG00000167536,DHRS13,-0.052328499,0.254135266,NS
ENSG00000120254,MTHFD1L,0.049204591,0.254269221,NS
ENSG00000187792,ZNF70,-0.059246931,0.254540916,NS
ENSG00000078140,UBE2K,0.039070878,0.254587131,NS
ENSG00000135441,BLOC1S1,-0.051065883,0.255074774,NS
ENSG00000146826,TRAPPC14,-0.056238309,0.255074774,NS
ENSG00000033178,UBA6,0.050256368,0.255201342,NS
ENSG00000035681,NSMAF,0.049158593,0.255201342,NS
ENSG00000136758,YME1L1,0.041822071,0.255201342,NS
ENSG00000181523,SGSH,-0.052464209,0.255224566,NS
ENSG00000141556,TBCD,-0.040845038,0.255325128,NS
ENSG00000099901,RANBP1,0.043764438,0.255529089,NS
ENSG00000125970,RALY,0.041502296,0.255529089,NS
ENSG00000167487,KLHL26,-0.054648981,0.255529089,NS
ENSG00000196290,NIF3L1,0.052085937,0.255529089,NS
ENSG00000144677,CTDSPL,0.047683425,0.255943332,NS
ENSG00000155256,ZFYVE27,-0.053411906,0.256026756,NS
ENSG00000063244,U2AF2,-0.036012605,0.256068976,NS
ENSG00000131558,EXOC4,-0.045382173,0.256068976,NS
ENSG00000166337,TAF10,-0.046795946,0.256068976,NS
ENSG00000172661,WASHC2C,-0.050636339,0.256068976,NS
ENSG00000215301,DDX3X,0.0410548,0.256068976,NS
ENSG00000095739,BAMBI,-0.043127537,0.256099398,NS
ENSG00000114030,KPNA1,0.041902692,0.256099398,NS
ENSG00000126001,CEP250,0.05058785,0.256099398,NS
ENSG00000134986,NREP,0.049389075,0.256099398,NS
ENSG00000160799,CCDC12,-0.049821259,0.256099398,NS
ENSG00000166987,MBD6,-0.055596058,0.256099398,NS
ENSG00000151806,GUF1,0.046375465,0.256528576,NS
ENSG00000000457,SCYL3,-0.057733886,0.256567555,NS
ENSG00000117152,RGS4,0.054558186,0.256611493,NS
ENSG00000133872,SARAF,0.038746721,0.256630461,NS
ENSG00000164620,RELL2,-0.057146866,0.256924219,NS
ENSG00000153310,CYRIB,0.045960996,0.256985514,NS
ENSG00000141646,SMAD4,0.046645987,0.257069783,NS
ENSG00000165792,METTL17,-0.049710701,0.257069783,NS
ENSG00000050130,JKAMP,0.047528839,0.257187487,NS
ENSG00000084628,NKAIN1,0.056541051,0.25731029,NS
ENSG00000154727,GABPA,0.047285886,0.25731029,NS
ENSG00000101160,CTSZ,-0.041483304,0.257425783,NS
ENSG00000274274,GAGE13,-0.058833558,0.257425783,NS
ENSG00000171103,TRMT61B,-0.05248161,0.257508745,NS
ENSG00000242173,ARHGDIG,-0.050722392,0.257508745,NS
ENSG00000152332,UHMK1,0.042880741,0.257816741,NS
ENSG00000143155,TIPRL,0.044126572,0.258365305,NS
ENSG00000180448,ARHGAP45,-0.053433099,0.258365305,NS
ENSG00000040487,SLC66A1,-0.058655017,0.258378065,NS
ENSG00000144118,RALB,-0.050628108,0.258748076,NS
ENSG00000141503,MINK1,-0.04277865,0.258790561,NS
ENSG00000162576,MXRA8,-0.053890134,0.258862702,NS
ENSG00000144357,UBR3,0.047289091,0.259096193,NS
ENSG00000118960,HS1BP3,-0.051859111,0.259603467,NS
ENSG00000101266,CSNK2A1,0.038242726,0.259840993,NS
ENSG00000102393,GLA,-0.049356544,0.259840993,NS
ENSG00000159216,RUNX1,0.057616862,0.259840993,NS
ENSG00000184208,C22orf46P,0.058515086,0.259840993,NS
ENSG00000196526,AFAP1,0.052840793,0.259840993,NS
ENSG00000197037,ZSCAN25,0.054811605,0.259840993,NS
ENSG00000214078,CPNE1,-0.042374003,0.259840993,NS
ENSG00000109762,SNX25,0.052568878,0.259949392,NS
ENSG00000160767,ENTREP3,-0.044993379,0.260559397,NS
ENSG00000172058,SERF1A,-0.055146372,0.260559397,NS
ENSG00000291118,ZNF767P,-0.052919773,0.261191054,NS
ENSG00000161939,RNASEK-C17orf49,-0.050662412,0.261200241,NS
ENSG00000214654,B3GALT9,0.051013294,0.261200241,NS
ENSG00000283149,NA,0.057785576,0.261200241,NS
ENSG00000293154,NA,-0.057021599,0.261200241,NS
ENSG00000166971,AKTIP,-0.046226331,0.262071498,NS
ENSG00000100554,ATP6V1D,-0.043947704,0.262090932,NS
ENSG00000115286,NDUFS7,-0.043212612,0.262090932,NS
ENSG00000167778,SPRYD3,-0.045782044,0.262090932,NS
ENSG00000183960,KCNH8,-0.05681115,0.262090932,NS
ENSG00000197712,FAM114A1,-0.044092726,0.262090932,NS
ENSG00000092847,AGO1,0.046414415,0.262667872,NS
ENSG00000106125,MINDY4,0.058064679,0.262667872,NS
ENSG00000116922,AIRIM,0.046054425,0.262667872,NS
ENSG00000128915,ICE2,0.048194716,0.262667872,NS
ENSG00000155380,SLC16A1,0.037889763,0.262667872,NS
ENSG00000162623,TYW3,0.046507561,0.262667872,NS
ENSG00000197774,EME2,-0.058198689,0.262667872,NS
ENSG00000102401,ARMCX3,-0.04474366,0.262690036,NS
ENSG00000105968,H2AZ2,0.041318029,0.262730333,NS
ENSG00000102096,PIM2,-0.052579968,0.262933507,NS
ENSG00000118046,STK11,0.045194886,0.262982196,NS
ENSG00000165650,PDZD8,0.048457144,0.262982196,NS
ENSG00000272913,LINC03052,0.055151057,0.262982196,NS
ENSG00000119396,RAB14,0.041089539,0.263185698,NS
ENSG00000147130,ZMYM3,-0.057464564,0.263185698,NS
ENSG00000177042,TMEM80,-0.049223785,0.263185698,NS
ENSG00000084444,FAM234B,0.042518268,0.263387808,NS
ENSG00000114126,TFDP2,0.045755749,0.263387808,NS
ENSG00000143476,DTL,0.042893637,0.263387808,NS
ENSG00000156853,ZNF689,0.053233397,0.263387808,NS
ENSG00000185112,FAM43A,0.047555504,0.263519907,NS
ENSG00000113328,CCNG1,0.038555331,0.263820502,NS
ENSG00000114784,EIF1B,-0.049596229,0.263823789,NS
ENSG00000170633,RNF34,-0.046043809,0.264137465,NS
ENSG00000196235,SUPT5H,-0.039845276,0.264137465,NS
ENSG00000186166,CENATAC,-0.056465737,0.264243442,NS
ENSG00000169957,ZNF768,-0.045726511,0.264645053,NS
ENSG00000147224,PRPS1,0.039132999,0.264690041,NS
ENSG00000134001,EIF2S1,0.037750027,0.264836173,NS
ENSG00000165322,ARHGAP12,-0.052766063,0.264883268,NS
ENSG00000163694,RBM47,0.046298581,0.265214081,NS
ENSG00000136205,TNS3,0.049869405,0.26531877,NS
ENSG00000153767,GTF2E1,0.046525094,0.265393701,NS
ENSG00000033100,CHPF2,-0.04666759,0.265941594,NS
ENSG00000137103,TMEM8B,-0.052904067,0.265941594,NS
ENSG00000143179,UCK2,0.039099856,0.265941594,NS
ENSG00000157538,VPS26C,-0.046551898,0.265941594,NS
ENSG00000218891,ZNF579,-0.05560558,0.265941594,NS
ENSG00000091542,ALKBH5,0.045289974,0.266205353,NS
ENSG00000107020,PLGRKT,-0.050662552,0.266205353,NS
ENSG00000112210,RAB23,0.048980591,0.266205353,NS
ENSG00000131067,GGT7,-0.055476075,0.266205353,NS
ENSG00000145439,CBR4,0.051360038,0.266205353,NS
ENSG00000152061,RABGAP1L,-0.049656898,0.266205353,NS
ENSG00000159733,ZFYVE28,-0.052539692,0.266205353,NS
ENSG00000176125,UFSP1,-0.056241278,0.266205353,NS
ENSG00000181026,AEN,0.044413932,0.266205353,NS
ENSG00000198933,TBKBP1,-0.053621989,0.266205353,NS
ENSG00000212907,MT-ND4L,0.049500499,0.266205353,NS
ENSG00000142546,NOSIP,-0.049294494,0.266620016,NS
ENSG00000188167,TMPPE,0.057484196,0.266620016,NS
ENSG00000147164,SNX12,-0.043453449,0.266748368,NS
ENSG00000115761,NOL10,0.047039769,0.267056232,NS
ENSG00000291153,STAG3L4,-0.054532767,0.267056232,NS
ENSG00000186472,PCLO,0.057058228,0.267795185,NS
ENSG00000167987,VPS37C,-0.047687277,0.268100892,NS
ENSG00000181625,SLX1B,0.055550226,0.268120442,NS
ENSG00000163382,NAXE,-0.042441126,0.268527098,NS
ENSG00000115216,NRBP1,-0.043101033,0.268764301,NS
ENSG00000130749,ZC3H4,0.046208572,0.268764301,NS
ENSG00000164403,SHROOM1,-0.049406012,0.268764301,NS
ENSG00000168890,TMEM150A,-0.057307881,0.268764301,NS
ENSG00000196141,SPATS2L,0.046527826,0.268764301,NS
ENSG00000213699,SLC35F6,-0.048882254,0.268764301,NS
ENSG00000265354,TIMM23,0.042912433,0.268764301,NS
ENSG00000310526,WASH7P,-0.056274149,0.268764301,NS
ENSG00000130312,MRPL34,-0.043544183,0.268860301,NS
ENSG00000006007,GDE1,-0.042576428,0.26892843,NS
ENSG00000188130,MAPK12,-0.050514041,0.26892843,NS
ENSG00000198246,SLC29A3,-0.054414899,0.269373894,NS
ENSG00000294512,NA,-0.056288798,0.269417182,NS
ENSG00000121211,MND1,0.054356897,0.2698218,NS
ENSG00000286791,NA,0.056307011,0.26991106,NS
ENSG00000119900,OGFRL1,0.04565406,0.270116827,NS
ENSG00000120071,KANSL1,0.046287804,0.270211464,NS
ENSG00000274213,NA,-0.054898667,0.270211464,NS
ENSG00000278540,ACACA,-0.038707781,0.270871581,NS
ENSG00000255439,NA,-0.050455977,0.271011972,NS
ENSG00000165716,DIPK1B,-0.051395758,0.271362296,NS
ENSG00000270800,RPS10-NUDT3,0.048991388,0.271411497,NS
ENSG00000068650,ATP11A,-0.050129068,0.271469179,NS
ENSG00000092010,PSME1,-0.046820881,0.271469179,NS
ENSG00000102317,RBM3,0.038835558,0.271469179,NS
ENSG00000124831,LRRFIP1,0.043065837,0.271469179,NS
ENSG00000127328,RAB3IP,-0.049061527,0.271469179,NS
ENSG00000140632,GLYR1,-0.040630159,0.271469179,NS
ENSG00000148468,FAM171A1,-0.045802222,0.271469179,NS
ENSG00000156976,EIF4A2,-0.042562046,0.271469179,NS
ENSG00000161395,PGAP3,-0.053670287,0.271469179,NS
ENSG00000169379,ARL13B,0.052976915,0.271469179,NS
ENSG00000182057,OGFRP1,0.05189043,0.271469179,NS
ENSG00000198300,PEG3,-0.046402483,0.271469179,NS
ENSG00000279207,NA,0.050395662,0.271469179,NS
ENSG00000070423,RNF126,0.045643392,0.271505523,NS
ENSG00000146776,ATXN7L1,-0.05669437,0.271505523,NS
ENSG00000189308,LIN54,0.049613881,0.271505523,NS
ENSG00000213923,CSNK1E,-0.045098735,0.271505523,NS
ENSG00000114391,RPL24,-0.044052534,0.271790954,NS
ENSG00000119669,IRF2BPL,-0.040871521,0.271790954,NS
ENSG00000152642,GPD1L,0.044735193,0.271790954,NS
ENSG00000152767,FARP1,0.055800746,0.271790954,NS
ENSG00000164300,SERINC5,0.043192391,0.271790954,NS
ENSG00000197283,SYNGAP1,-0.056349283,0.271790954,NS
ENSG00000167113,COQ4,-0.046565357,0.271974555,NS
ENSG00000173349,SFT2D3,0.050446754,0.271974555,NS
ENSG00000175105,ZNF654,0.053275229,0.271974555,NS
ENSG00000178038,ALS2CL,-0.050830366,0.272072518,NS
ENSG00000100714,MTHFD1,0.036418387,0.272560675,NS
ENSG00000245750,DRAIC,-0.056580297,0.273261183,NS
ENSG00000174886,NDUFA11,-0.042124975,0.2733848,NS
ENSG00000166823,MESP1,-0.045390382,0.274083213,NS
ENSG00000042088,TDP1,0.044182556,0.274307053,NS
ENSG00000258986,TMEM179,-0.056314073,0.274405304,NS
ENSG00000184381,PLA2G6,-0.055135092,0.27447867,NS
ENSG00000068784,SRBD1,0.053156186,0.274496474,NS
ENSG00000111716,LDHB,0.039214253,0.274496474,NS
ENSG00000121774,KHDRBS1,0.037328769,0.274496474,NS
ENSG00000130940,CASZ1,0.051384872,0.274711051,NS
ENSG00000104765,BNIP3L,-0.041371252,0.274880823,NS
ENSG00000155254,MARVELD1,-0.040042961,0.274880823,NS
ENSG00000170185,USP38,0.050007446,0.274880823,NS
ENSG00000188493,ACTMAP,0.05334855,0.274880823,NS
ENSG00000289032,NA,-0.047892891,0.274880823,NS
ENSG00000187837,H1-2,0.048048678,0.274887899,NS
ENSG00000167977,KCTD5,0.044450637,0.275189164,NS
ENSG00000165424,ZCCHC24,-0.047883091,0.275748935,NS
ENSG00000131116,ZNF428,-0.053195436,0.27580371,NS
ENSG00000231767,RPS27AP5,0.048861381,0.27580371,NS
ENSG00000259865,NA,0.051921273,0.276013353,NS
ENSG00000160695,VPS11,-0.051574654,0.276322824,NS
ENSG00000090975,PITPNM2,-0.055812824,0.276450198,NS
ENSG00000140044,JDP2,0.047866387,0.276482165,NS
ENSG00000180233,ZNRF2,0.051772831,0.276743369,NS
ENSG00000272688,NA,-0.053658198,0.276743369,NS
ENSG00000130921,MTRFR,0.045485166,0.276849845,NS
ENSG00000168268,NT5DC2,-0.037029474,0.277298789,NS
ENSG00000165861,ZFYVE1,-0.054864567,0.277453125,NS
ENSG00000234678,ELF3-AS1,-0.05308702,0.277453125,NS
ENSG00000148459,PDSS1,0.049661958,0.277467434,NS
ENSG00000033627,ATP6V0A1,-0.04596223,0.27748715,NS
ENSG00000197978,GOLGA6L9,-0.046045897,0.27748715,NS
ENSG00000170631,ZNF16,0.055892491,0.278010177,NS
ENSG00000129103,SUMF2,-0.038424536,0.278121591,NS
ENSG00000238062,SPATA3-AS1,0.051397167,0.278586233,NS
ENSG00000100982,PCIF1,-0.051281804,0.278672687,NS
ENSG00000158636,EMSY,0.049764664,0.278919947,NS
ENSG00000142606,MMEL1,-0.055165559,0.279159698,NS
ENSG00000148842,CNNM2,-0.049776121,0.279159698,NS
ENSG00000151151,IPMK,0.053465606,0.279159698,NS
ENSG00000141965,FEM1A,0.041667169,0.279160178,NS
ENSG00000160336,ZNF761,0.049613397,0.279160178,NS
ENSG00000108352,RAPGEFL1,-0.055846592,0.279716887,NS
ENSG00000118496,FBXO30,0.052761158,0.279780064,NS
ENSG00000271780,NA,-0.055793456,0.279780064,NS
ENSG00000169188,APEX2,0.043592903,0.280326958,NS
ENSG00000267368,UPK3BL1,-0.054473618,0.280329493,NS
ENSG00000114686,MRPL3,0.038401143,0.280525599,NS
ENSG00000146830,GIGYF1,-0.054158467,0.280525599,NS
ENSG00000148426,PROSER2,0.051162243,0.280525599,NS
ENSG00000162419,GMEB1,0.05179301,0.280525599,NS
ENSG00000172613,RAD9A,-0.054598287,0.280525599,NS
ENSG00000173530,TNFRSF10D,-0.053047225,0.280525599,NS
ENSG00000178605,GTPBP6,-0.046280337,0.280525599,NS
ENSG00000292358,GTPBP6,-0.046280337,0.280525599,NS
ENSG00000120526,NUDCD1,0.047140602,0.280625863,NS
ENSG00000260852,FBXL19-AS1,-0.055600167,0.280625863,NS
ENSG00000203950,RTL8A,-0.043156446,0.281363613,NS
ENSG00000283041,NA,-0.052405353,0.281862112,NS
ENSG00000131469,RPL27,-0.043433095,0.281932024,NS
ENSG00000177700,POLR2L,-0.045873066,0.281932024,NS
ENSG00000164542,MATCAP2,-0.05213812,0.281960462,NS
ENSG00000185100,ADSS1,-0.055491812,0.282013128,NS
ENSG00000069998,HDHD5,-0.043125148,0.282240155,NS
ENSG00000105327,BBC3,-0.055370382,0.282240155,NS
ENSG00000107833,NPM3,-0.045625396,0.282240155,NS
ENSG00000151366,NDUFC2,0.043398533,0.282240155,NS
ENSG00000144320,LNPK,0.047686095,0.28227498,NS
ENSG00000103174,NAGPA,-0.055276888,0.282351224,NS
ENSG00000106305,AIMP2,-0.045135842,0.282631993,NS
ENSG00000120656,TAF12,-0.050280862,0.282631993,NS
ENSG00000165195,PIGA,0.051333803,0.282631993,NS
ENSG00000131023,LATS1,0.044099955,0.282741508,NS
ENSG00000156398,SFXN2,0.044817508,0.282886997,NS
ENSG00000160113,NR2F6,0.04127257,0.283179994,NS
ENSG00000005206,SPPL2B,-0.048580478,0.283422542,NS
ENSG00000269893,SNHG8,-0.0403439,0.283422542,NS
ENSG00000117595,IRF6,-0.041100531,0.283928841,NS
ENSG00000162688,AGL,0.049366656,0.283928841,NS
ENSG00000133226,SRRM1,0.043235712,0.283945949,NS
ENSG00000112695,COX7A2,-0.044340702,0.284218002,NS
ENSG00000101236,RNF24,0.045175877,0.284244694,NS
ENSG00000122591,HYCC1,0.050636932,0.284322019,NS
ENSG00000179958,DCTPP1,-0.045960094,0.284322019,NS
ENSG00000185475,TMEM179B,-0.044935072,0.284322019,NS
ENSG00000308991,NA,-0.052736152,0.284322019,NS
ENSG00000178149,DALRD3,-0.049052225,0.284501259,NS
ENSG00000197622,CDC42SE1,0.039078367,0.284501259,NS
ENSG00000110925,CSRNP2,-0.04930027,0.284690421,NS
ENSG00000163376,KBTBD8,0.054112439,0.284690421,NS
ENSG00000116688,MFN2,0.035376416,0.28489458,NS
ENSG00000117010,ZNF684,0.053879831,0.28489458,NS
ENSG00000156110,ADK,-0.041855212,0.28489458,NS
ENSG00000172466,ZNF24,0.040220155,0.28489458,NS
ENSG00000120800,UTP20,0.046772418,0.284964593,NS
ENSG00000136197,C7orf25,0.055058106,0.285278219,NS
ENSG00000185010,F8,-0.054502026,0.285278219,NS
ENSG00000108469,RECQL5,-0.050045271,0.285684811,NS
ENSG00000131584,ACAP3,-0.050525378,0.285684811,NS
ENSG00000163053,SLC16A14,0.042528862,0.285684811,NS
ENSG00000185347,TEDC1,0.048504094,0.285684811,NS
ENSG00000227191,TRGC2,0.0518234,0.285684811,NS
ENSG00000108883,EFTUD2,0.038182045,0.28623961,NS
ENSG00000215305,VPS16,-0.04652411,0.28623961,NS
ENSG00000144567,RETREG2,-0.043765931,0.286392929,NS
ENSG00000065621,GSTO2,-0.047806853,0.286569514,NS
ENSG00000106992,AK1,-0.045801132,0.287153682,NS
ENSG00000174579,MSL2,0.047051356,0.287153682,NS
ENSG00000069345,DNAJA2,0.039158798,0.287203613,NS
ENSG00000111962,UST,0.053555516,0.287252083,NS
ENSG00000077782,FGFR1,-0.05434406,0.28764203,NS
ENSG00000147383,NSDHL,-0.047238372,0.28764203,NS
ENSG00000257103,LSM14A,0.039109012,0.287850651,NS
ENSG00000203880,PCMTD2,-0.043880751,0.288017189,NS
ENSG00000164684,ZNF704,0.048358783,0.288151855,NS
ENSG00000164880,INTS1,0.038048782,0.288206431,NS
ENSG00000267508,ZNF285,0.054712941,0.28822184,NS
ENSG00000275740,NA,0.05385181,0.288340544,NS
ENSG00000287769,NA,-0.053040872,0.288424371,NS
ENSG00000146223,RPL7L1,0.035802674,0.288521025,NS
ENSG00000147274,RBMX,0.03923832,0.288521025,NS
ENSG00000080371,RAB21,0.042714864,0.288663132,NS
ENSG00000198276,UCKL1,-0.049545029,0.288742345,NS
ENSG00000141867,BRD4,0.044148199,0.288916617,NS
ENSG00000118655,DCLRE1B,0.04600496,0.28901515,NS
ENSG00000136937,NCBP1,0.040316105,0.28901515,NS
ENSG00000119801,YPEL5,-0.049146542,0.289249162,NS
ENSG00000134765,DSC1,0.054420433,0.289249162,NS
ENSG00000133612,AGAP3,-0.044276551,0.289286596,NS
ENSG00000148840,PPRC1,0.04296338,0.289286596,NS
ENSG00000166128,RAB8B,0.046127495,0.289286596,NS
ENSG00000168172,HOOK3,0.0470916,0.289286596,NS
ENSG00000259129,LINC00648,-0.054069064,0.289286596,NS
ENSG00000165891,E2F7,0.048446175,0.289401941,NS
ENSG00000196476,C20orf96,-0.053767589,0.289401941,NS
ENSG00000185507,IRF7,-0.054144698,0.289519055,NS
ENSG00000198498,TMA16,0.047568835,0.289799805,NS
ENSG00000100528,CNIH1,0.041809455,0.289952035,NS
ENSG00000100162,CENPM,0.04870262,0.289965851,NS
ENSG00000140284,SLC27A2,-0.052205806,0.290061848,NS
ENSG00000272079,NA,-0.050125966,0.290194395,NS
ENSG00000049239,H6PD,0.04366596,0.290452848,NS
ENSG00000143801,PSEN2,-0.044955891,0.290452848,NS
ENSG00000107372,ZFAND5,0.039532634,0.290868197,NS
ENSG00000005339,CREBBP,0.04391918,0.290897387,NS
ENSG00000125484,GTF3C4,0.043049038,0.291022373,NS
ENSG00000126773,PCNX4,0.041207648,0.29176881,NS
ENSG00000247596,TWF2,-0.048548927,0.291861101,NS
ENSG00000267278,MAP3K14-AS1,-0.053815476,0.292002694,NS
ENSG00000131408,NR1H2,-0.046673166,0.292033859,NS
ENSG00000134109,EDEM1,0.044863281,0.292033859,NS
ENSG00000167461,RAB8A,0.039305843,0.292033859,NS
ENSG00000213066,CEP43,0.048116314,0.292033859,NS
ENSG00000291175,NA,0.052528747,0.292453504,NS
ENSG00000123349,PFDN5,-0.041831807,0.292624235,NS
ENSG00000134014,ELP3,0.042706066,0.292624235,NS
ENSG00000162949,CAPN13,-0.05164332,0.292624235,NS
ENSG00000213719,CLIC1,-0.040445894,0.292624235,NS
ENSG00000140598,EFL1,-0.049659404,0.292711944,NS
ENSG00000132613,MTSS2,-0.043944019,0.29312227,NS
ENSG00000130958,SLC35D2,-0.051642414,0.293153562,NS
ENSG00000093010,COMT,-0.040273157,0.293181306,NS
ENSG00000111752,PHC1,-0.050806542,0.293369083,NS
ENSG00000159840,ZYX,-0.049173156,0.293712229,NS
ENSG00000290746,CA5BP1,0.050013099,0.29384619,NS
ENSG00000177666,PNPLA2,-0.045022129,0.294182402,NS
ENSG00000112964,GHR,0.043040108,0.294649841,NS
ENSG00000171517,LPAR3,0.041611247,0.294649841,NS
ENSG00000197256,KANK2,-0.040830542,0.294649841,NS
ENSG00000127585,FBXL16,-0.052987671,0.294782226,NS
ENSG00000178449,COX14,-0.047534888,0.294782226,NS
ENSG00000198087,CD2AP,0.040738874,0.294782226,NS
ENSG00000144589,STK11IP,-0.0537856,0.294838158,NS
ENSG00000104635,SLC39A14,0.038564308,0.295002916,NS
ENSG00000119705,SLIRP,0.043442664,0.295258483,NS
ENSG00000186665,C17orf58,-0.053116568,0.29551268,NS
ENSG00000160323,ADAMTS13,-0.049367303,0.295768261,NS
ENSG00000101752,MIB1,0.043844441,0.295892861,NS
ENSG00000104081,BMF,-0.053334264,0.295892861,NS
ENSG00000112312,GMNN,0.044403217,0.295892861,NS
ENSG00000189266,PNRC2,0.040270002,0.295892861,NS
ENSG00000290875,NA,-0.053327958,0.295892861,NS
ENSG00000180901,KCTD2,-0.043038585,0.296218315,NS
ENSG00000149292,TTC12,0.046343431,0.296748107,NS
ENSG00000183579,ZNRF3,0.048795707,0.297093447,NS
ENSG00000005436,GCFC2,0.043385836,0.297399234,NS
ENSG00000181788,SIAH2,0.045713685,0.299119866,NS
ENSG00000111266,DUSP16,0.041041965,0.299353331,NS
ENSG00000163631,ALB,-0.047997771,0.299546673,NS
ENSG00000121210,TMEM131L,-0.04859693,0.299825271,NS
ENSG00000150907,FOXO1,0.053072172,0.299825271,NS
ENSG00000105357,MYH14,-0.043110232,0.300125887,NS
ENSG00000111261,MANSC1,0.044499276,0.300125887,NS
ENSG00000147050,KDM6A,-0.040694093,0.300125887,NS
ENSG00000232434,AJM1,-0.048353427,0.300125887,NS
ENSG00000295063,NA,0.047791611,0.300230146,NS
ENSG00000215114,UBXN2B,0.046725569,0.30035478,NS
ENSG00000129646,QRICH2,-0.053191987,0.300451851,NS
ENSG00000124422,USP22,0.034474144,0.300523366,NS
ENSG00000100242,SUN2,0.038473494,0.300618394,NS
ENSG00000181924,COA4,-0.04072425,0.300618394,NS
ENSG00000168876,ANKRD49,0.053013545,0.300631949,NS
ENSG00000157557,ETS2,0.052438217,0.300868692,NS
ENSG00000166347,CYB5A,0.039986955,0.301220825,NS
ENSG00000117481,NSUN4,-0.043447595,0.30154982,NS
ENSG00000119013,NDUFB3,0.04334925,0.301579968,NS
ENSG00000124762,CDKN1A,-0.038262955,0.301599652,NS
ENSG00000104671,DCTN6,0.042982265,0.302043977,NS
ENSG00000125166,GOT2,0.035226279,0.302043977,NS
ENSG00000145736,GTF2H2,0.035974751,0.302043977,NS
ENSG00000011007,ELOA,0.039621466,0.30257689,NS
ENSG00000110801,PSMD9,-0.043166404,0.30275287,NS
ENSG00000132475,H3-3B,0.035663898,0.302756536,NS
ENSG00000151445,VIPAS39,-0.048267686,0.302756536,NS
ENSG00000165868,HSPA12A,-0.047572994,0.302756536,NS
ENSG00000182670,TTC3,-0.03852454,0.302756536,NS
ENSG00000183020,AP2A2,-0.038686977,0.302756536,NS
ENSG00000187720,THSD4,0.047407502,0.302756536,NS
ENSG00000218739,CEBPZOS,0.046138701,0.30276496,NS
ENSG00000243927,MRPS6,-0.046140787,0.302773666,NS
ENSG00000175792,RUVBL1,0.037065473,0.30300916,NS
ENSG00000181938,GINS3,0.049273161,0.303235004,NS
ENSG00000242299,RPS18P5,-0.047055508,0.303235004,NS
ENSG00000015475,BID,-0.052873816,0.303278225,NS
ENSG00000072364,AFF4,0.040753203,0.303394181,NS
ENSG00000100697,DICER1,0.045184733,0.303394181,NS
ENSG00000116871,MAP7D1,0.039418216,0.303394181,NS
ENSG00000160062,ZBTB8A,0.050620695,0.303394181,NS
ENSG00000174842,GLMN,-0.046743692,0.303394181,NS
ENSG00000175048,ZDHHC14,-0.051488297,0.303394181,NS
ENSG00000181754,AMIGO1,-0.052647892,0.303394181,NS
ENSG00000103995,CEP152,0.052592391,0.303502671,NS
ENSG00000133773,CCDC59,0.04356438,0.303502671,NS
ENSG00000102871,TRADD,-0.052258837,0.303551177,NS
ENSG00000263809,NA,0.041237109,0.304097708,NS
ENSG00000089248,ERP29,-0.040391869,0.304131648,NS
ENSG00000106299,WASL,0.044241391,0.304131648,NS
ENSG00000108423,TUBD1,0.049031306,0.304131648,NS
ENSG00000140365,COMMD4,-0.044299092,0.304131648,NS
ENSG00000185219,ZNF445,0.04795291,0.304131648,NS
ENSG00000198055,GRK6,0.039852279,0.304131648,NS
ENSG00000246089,MCPH1-DT,0.050704965,0.304131648,NS
ENSG00000116903,EXOC8,0.046692128,0.304669736,NS
ENSG00000150401,DCUN1D2,0.052773965,0.304669736,NS
ENSG00000198690,FAN1,-0.043776013,0.304669736,NS
ENSG00000110046,ATG2A,-0.044553721,0.305093347,NS
ENSG00000136045,PWP1,-0.039867883,0.305441257,NS
ENSG00000062650,WAPL,0.041751072,0.305960909,NS
ENSG00000203760,CENPW,0.046880596,0.305960909,NS
ENSG00000137492,THAP12,0.043128715,0.306108779,NS
ENSG00000169855,ROBO1,0.046952246,0.306108779,NS
ENSG00000174917,MICOS13,-0.045971326,0.306467391,NS
ENSG00000267002,NA,-0.052508874,0.306467391,NS
ENSG00000074319,TSG101,-0.043258949,0.306581428,NS
ENSG00000183336,BOLA2,-0.051890163,0.30666543,NS
ENSG00000221829,FANCG,0.04259265,0.30666543,NS
ENSG00000138795,LEF1,-0.050619474,0.30669106,NS
ENSG00000147687,TATDN1,0.043772628,0.30669106,NS
ENSG00000185024,BRF1,-0.041336194,0.30669106,NS
ENSG00000234545,FAM133B,0.045512142,0.30669106,NS
ENSG00000012174,MBTPS2,0.04261274,0.307420128,NS
ENSG00000067048,DDX3Y,-0.043575044,0.307420128,NS
ENSG00000100321,SYNGR1,-0.050995009,0.307420128,NS
ENSG00000146904,EPHA1,-0.051976613,0.307420128,NS
ENSG00000165458,INPPL1,-0.049725494,0.307420128,NS
ENSG00000166788,SAAL1,0.049613568,0.307420128,NS
ENSG00000119862,LGALSL,0.045740765,0.308505912,NS
ENSG00000139921,TMX1,0.040260208,0.308622997,NS
ENSG00000224578,HNRNPA1L3,0.049595498,0.308622997,NS
ENSG00000289378,NA,-0.051096563,0.308622997,NS
ENSG00000218426,NA,-0.051739494,0.308693575,NS
ENSG00000111358,GTF2H3,0.039287551,0.308945238,NS
ENSG00000136936,XPA,-0.048476891,0.309172564,NS
ENSG00000198832,SELENOM,-0.047644919,0.309172564,NS
ENSG00000117614,SYF2,-0.047810754,0.309484797,NS
ENSG00000065600,PACC1,-0.047319148,0.309722988,NS
ENSG00000146072,TNFRSF21,-0.046906207,0.310475133,NS
ENSG00000086232,EIF2AK1,-0.036351157,0.310493375,NS
ENSG00000103415,HMOX2,-0.045006939,0.310493375,NS
ENSG00000130158,DOCK6,-0.045636408,0.310493375,NS
ENSG00000142961,MOB3C,-0.051170219,0.310493375,NS
ENSG00000156502,SUPV3L1,0.040831151,0.310493375,NS
ENSG00000175137,SH3BP5L,-0.040286737,0.310493375,NS
ENSG00000217236,SP9,0.050110678,0.310493375,NS
ENSG00000245281,ASAH1-AS1,0.04448471,0.310493375,NS
ENSG00000198231,DDX42,0.037647867,0.310982955,NS
ENSG00000133477,FAM83F,0.045131221,0.311123721,NS
ENSG00000102226,USP11,-0.04713578,0.311232911,NS
ENSG00000170892,TSEN34,-0.041686856,0.311232911,NS
ENSG00000187630,DHRS4L2,-0.051263687,0.311306323,NS
ENSG00000074410,CA12,0.040413606,0.311581902,NS
ENSG00000012983,MAP4K5,0.046927414,0.311637401,NS
ENSG00000111832,RWDD1,0.043008985,0.311637401,NS
ENSG00000126934,MAP2K2,-0.039947918,0.311637401,NS
ENSG00000131375,CAPN7,0.040951345,0.311637401,NS
ENSG00000138442,WDR12,0.040068192,0.311637401,NS
ENSG00000163785,RYK,0.042745383,0.311637401,NS
ENSG00000173598,NUDT4,0.037140787,0.311637401,NS
ENSG00000227908,IL6ST-DT,-0.045330036,0.311637401,NS
ENSG00000302082,NA,-0.047711753,0.311637401,NS
ENSG00000272438,NA,-0.051678925,0.311844731,NS
ENSG00000128159,TUBGCP6,-0.046995023,0.31189997,NS
ENSG00000178773,CPNE7,-0.049920297,0.312192485,NS
ENSG00000196123,MATCAP1,-0.050782866,0.312192485,NS
ENSG00000105866,SP4,0.046931227,0.312503222,NS
ENSG00000141682,PMAIP1,0.047483455,0.312503222,NS
ENSG00000146457,WTAP,0.035709659,0.312503222,NS
ENSG00000156958,GALK2,-0.046362767,0.312503222,NS
ENSG00000166508,MCM7,0.033464206,0.312503222,NS
ENSG00000183340,JRKL,-0.051487608,0.312536418,NS
ENSG00000117899,MESD,0.042415052,0.312660575,NS
ENSG00000065328,MCM10,0.040424413,0.312889809,NS
ENSG00000144635,DYNC1LI1,0.039650773,0.312889809,NS
ENSG00000170903,MSANTD4,0.047987868,0.312889809,NS
ENSG00000184564,SLITRK6,0.035090038,0.312889809,NS
ENSG00000257529,RPL36A-HNRNPH2,-0.041266356,0.312889809,NS
ENSG00000179178,TMEM125,-0.046079691,0.313897931,NS
ENSG00000242110,AMACR,0.042611317,0.313897931,NS
ENSG00000116406,EDEM3,0.041154848,0.313943221,NS
ENSG00000154114,TBCEL,0.045878754,0.313989917,NS
ENSG00000166173,LARP6,-0.051107541,0.313989917,NS
ENSG00000180881,CAPS2,0.051016193,0.314092641,NS
ENSG00000165698,SPACA9,-0.051261994,0.314095711,NS
ENSG00000136167,LCP1,0.044135452,0.314166818,NS
ENSG00000164659,ELAPOR2,0.046973113,0.314166818,NS
ENSG00000227051,C14orf132,-0.046603998,0.314166818,NS
ENSG00000174358,SLC6A19,-0.048753881,0.31445009,NS
ENSG00000260007,NA,-0.050691404,0.314462029,NS
ENSG00000117643,MAN1C1,-0.047757627,0.314687528,NS
ENSG00000080503,SMARCA2,0.041134593,0.315123716,NS
ENSG00000077721,UBE2A,-0.039691549,0.315432623,NS
ENSG00000116521,SCAMP3,-0.039303911,0.315432623,NS
ENSG00000026950,BTN3A1,-0.051141735,0.315550858,NS
ENSG00000099260,PALMD,0.05060984,0.315550858,NS
ENSG00000168710,AHCYL1,-0.038300121,0.315550858,NS
ENSG00000198258,UBL5,-0.051184991,0.315550858,NS
ENSG00000213967,ZNF726,0.045314444,0.315550858,NS
ENSG00000217442,SYCE3,-0.050025598,0.315550858,NS
ENSG00000128989,ARPP19,0.040435796,0.315953482,NS
ENSG00000109618,SEPSECS,-0.047882064,0.315979854,NS
ENSG00000171208,NETO2,0.03800946,0.315979854,NS
ENSG00000111885,MAN1A1,-0.050423316,0.315992846,NS
ENSG00000169018,FEM1B,0.041618493,0.315992846,NS
ENSG00000291099,NA,-0.048772199,0.315992846,NS
ENSG00000113194,FAF2,0.035587873,0.316120072,NS
ENSG00000146733,PSPH,0.039400114,0.316120072,NS
ENSG00000197043,ANXA6,-0.039613115,0.316246761,NS
ENSG00000003402,CFLAR,0.047249722,0.316523095,NS
ENSG00000013563,DNASE1L1,-0.044071365,0.316523095,NS
ENSG00000103274,NUBP1,0.04729716,0.317284008,NS
ENSG00000132024,CC2D1A,-0.042305233,0.317787363,NS
ENSG00000141933,TPGS1,-0.050029111,0.317911262,NS
ENSG00000144579,CTDSP1,0.039088847,0.317911262,NS
ENSG00000147027,TMEM47,0.044886109,0.317911262,NS
ENSG00000272106,NA,-0.046619762,0.317911262,NS
ENSG00000165733,BMS1,0.03714783,0.318252131,NS
ENSG00000100852,ARHGAP5,0.040790136,0.318521842,NS
ENSG00000104408,EIF3E,0.034559128,0.318615759,NS
ENSG00000186951,PPARA,-0.050470549,0.318652577,NS
ENSG00000073670,ADAM11,-0.051133006,0.318703281,NS
ENSG00000047230,CTPS2,0.043133305,0.31872944,NS
ENSG00000244687,UBE2V1,-0.038599232,0.31872944,NS
ENSG00000183530,PRR14L,0.047058,0.318865522,NS
ENSG00000119048,UBE2B,0.041351832,0.318904579,NS
ENSG00000140995,DEF8,-0.047065904,0.318904579,NS
ENSG00000249352,LINC02198,0.051125274,0.318904579,NS
ENSG00000157933,SKI,0.038827507,0.319013299,NS
ENSG00000163528,CHCHD4,0.042418458,0.319060323,NS
ENSG00000182154,MRPL41,-0.042692643,0.319384082,NS
ENSG00000293329,DUXAP9,0.038180983,0.319773506,NS
ENSG00000083123,BCKDHB,-0.046549843,0.320317091,NS
ENSG00000169118,CSNK1G1,0.045432152,0.320317091,NS
ENSG00000198763,MT-ND2,0.045826864,0.320317091,NS
ENSG00000136051,WASHC4,-0.041400651,0.3205405,NS
ENSG00000165813,CCDC186,0.044701623,0.3205405,NS
ENSG00000178184,PARD6G,-0.049832908,0.3205405,NS
ENSG00000254870,ATP6V1G2-DDX39B,0.049150847,0.3205405,NS
ENSG00000291072,NA,-0.04708242,0.320837127,NS
ENSG00000137871,ZNF280D,-0.046835673,0.320943128,NS
ENSG00000185305,ARL15,-0.050286973,0.321198558,NS
ENSG00000137944,KYAT3,-0.0502194,0.321577642,NS
ENSG00000129968,ABHD17A,-0.039742601,0.321727922,NS
ENSG00000277161,PIGW,0.037468941,0.322052995,NS
ENSG00000268006,PTOV1-AS1,-0.050794587,0.322333365,NS
ENSG00000171307,ZDHHC16,-0.044850685,0.322367763,NS
ENSG00000068308,OTUD5,-0.042594338,0.322416017,NS
ENSG00000160818,GPATCH4,0.038996167,0.322547587,NS
ENSG00000291006,NA,0.045740172,0.322636174,NS
ENSG00000119397,CNTRL,0.050646862,0.322672882,NS
ENSG00000162078,ZG16B,0.043930384,0.323029678,NS
ENSG00000081014,AP4E1,0.050082862,0.323156315,NS
ENSG00000085719,CPNE3,-0.037821911,0.323156315,NS
ENSG00000101109,STK4,0.043860074,0.323156315,NS
ENSG00000162910,MRPL55,-0.04198004,0.323156315,NS
ENSG00000168907,PLA2G4F,-0.04283154,0.323156315,NS
ENSG00000235280,MCF2L-AS1,-0.046333957,0.323156315,NS
ENSG00000239857,GET4,-0.043615341,0.323156315,NS
ENSG00000119888,EPCAM,0.038466542,0.32316014,NS
ENSG00000158796,DEDD,0.042630819,0.32316014,NS
ENSG00000174567,GOLT1A,-0.045840774,0.32316014,NS
ENSG00000178209,PLEC,0.040449269,0.323443243,NS
ENSG00000272462,LINC02980,-0.0465775,0.323443243,NS
ENSG00000133131,MORC4,0.041095145,0.323485256,NS
ENSG00000147257,GPC3,0.048274233,0.323485256,NS
ENSG00000170037,CNTROB,-0.042561578,0.323485256,NS
ENSG00000170430,MGMT,-0.045930604,0.323485256,NS
ENSG00000183323,CCDC125,0.044646429,0.323485256,NS
ENSG00000231607,DLEU2,0.050495598,0.323485256,NS
ENSG00000058272,PPP1R12A,0.042310191,0.323597817,NS
ENSG00000125459,MSTO1,0.039958022,0.323597817,NS
ENSG00000063241,ISOC2,0.039643447,0.323789008,NS
ENSG00000090487,SPG21,-0.037462491,0.324002129,NS
ENSG00000197555,SIPA1L1,0.042580571,0.324002129,NS
ENSG00000211456,SACM1L,0.041462769,0.3242488,NS
ENSG00000176155,CCDC57,-0.043979098,0.324355644,NS
ENSG00000058262,SEC61A1,0.032949274,0.324445044,NS
ENSG00000198517,MAFK,0.041895718,0.324445044,NS
ENSG00000141577,CEP131,-0.045591655,0.325203048,NS
ENSG00000144401,METTL21A,0.044713221,0.325464545,NS
ENSG00000291088,NPEPPSP1,-0.047716615,0.325464545,NS
ENSG00000157625,TAB3,0.043770484,0.325659327,NS
ENSG00000117500,TMED5,0.036786903,0.325671482,NS
ENSG00000203879,GDI1,-0.03679976,0.325671482,NS
ENSG00000055609,KMT2C,0.043020783,0.325786398,NS
ENSG00000124356,STAMBP,0.044546504,0.325786398,NS
ENSG00000108588,CCDC47,0.034869553,0.325984095,NS
ENSG00000113758,DBN1,-0.036394848,0.325984095,NS
ENSG00000120053,GOT1,0.038074815,0.325984095,NS
ENSG00000171940,ZNF217,0.03613727,0.326061482,NS
ENSG00000147316,MCPH1,0.043073521,0.326317893,NS
ENSG00000059573,ALDH18A1,0.033715099,0.326377171,NS
ENSG00000255529,POLR2M,0.042099947,0.326529677,NS
ENSG00000185838,GNB1L,-0.047681877,0.326741168,NS
ENSG00000131013,PPIL4,0.043565192,0.326763822,NS
ENSG00000049246,PER3,0.044399858,0.326906549,NS
ENSG00000140350,ANP32A,0.035318624,0.326906549,NS
ENSG00000165275,TRMT10B,-0.049727736,0.326906549,NS
ENSG00000168259,DNAJC7,0.035021096,0.326906549,NS
ENSG00000178966,RMI1,0.040019957,0.327010477,NS
ENSG00000189159,JPT1,0.038640773,0.327010477,NS
ENSG00000048028,USP28,0.04296363,0.327049907,NS
ENSG00000095261,PSMD5,0.041619686,0.327049907,NS
ENSG00000076351,SLC46A1,-0.038879742,0.328131699,NS
ENSG00000129484,PARP2,0.041291721,0.328376462,NS
ENSG00000157353,FCSK,-0.045669198,0.32865993,NS
ENSG00000206195,DUXAP8,0.036585572,0.32865993,NS
ENSG00000173821,RNF213,0.049454302,0.328825776,NS
ENSG00000310134,NA,-0.038642531,0.328825776,NS
ENSG00000152234,ATP5F1A,-0.033397324,0.328908205,NS
ENSG00000258325,ITFG2-AS1,-0.041723658,0.329198513,NS
ENSG00000269821,KCNQ1OT1,0.045773147,0.329208536,NS
ENSG00000143258,USP21,-0.044823342,0.329211512,NS
ENSG00000172382,PRSS27,-0.044009268,0.329211512,NS
ENSG00000101773,RBBP8,0.041369561,0.329401755,NS
ENSG00000165819,METTL3,-0.041908516,0.329401755,NS
ENSG00000178464,RPL10P16,-0.045857186,0.329401755,NS
ENSG00000189362,NEMP2,0.049724134,0.329401755,NS
ENSG00000290503,FOLH1B,-0.044852015,0.329532197,NS
ENSG00000152133,GPATCH11,0.047669927,0.329570052,NS
ENSG00000186280,KDM4D,0.04434365,0.329701476,NS
ENSG00000197635,DPP4,0.041703847,0.329701476,NS
ENSG00000223813,PRR15-DT,-0.044944063,0.329701476,NS
ENSG00000144381,HSPD1,0.0308867,0.329741819,NS
ENSG00000127191,TRAF2,0.045049514,0.330025442,NS
ENSG00000073614,KDM5A,0.042750464,0.330582693,NS
ENSG00000240498,CDKN2B-AS1,0.043256176,0.331014457,NS
ENSG00000136874,STX17,0.040131818,0.331081115,NS
ENSG00000110851,PRDM4,0.041237392,0.331185765,NS
ENSG00000175573,C11orf68,-0.044699199,0.331261906,NS
ENSG00000102908,NFAT5,-0.049723449,0.331715079,NS
ENSG00000104964,TLE5,-0.035348113,0.331942799,NS
ENSG00000106571,GLI3,0.04707939,0.331942799,NS
ENSG00000178026,LRRC75B,-0.048960915,0.331942799,NS
ENSG00000115902,SLC1A4,0.046868509,0.332061418,NS
ENSG00000115942,ORC2,0.041128778,0.332061418,NS
ENSG00000142186,SCYL1,-0.037692676,0.332061418,NS
ENSG00000158863,FHIP2B,-0.044557005,0.332061418,NS
ENSG00000168936,TMEM129,-0.042475402,0.332061418,NS
ENSG00000183889,NPIPA6,-0.039738488,0.332061418,NS
ENSG00000196371,FUT4,0.046516951,0.332061418,NS
ENSG00000215472,RPL17-C18orf32,-0.042609574,0.332061418,NS
ENSG00000006453,BAIAP2L1,-0.038206816,0.332515348,NS
ENSG00000120837,NFYB,0.042983399,0.332515348,NS
ENSG00000101997,CCDC22,-0.04571907,0.3325532,NS
ENSG00000155506,LARP1,0.039141659,0.333543817,NS
ENSG00000214063,TSPAN4,-0.04940098,0.333543817,NS
ENSG00000162670,BRINP3,-0.048825068,0.33367692,NS
ENSG00000196323,ZBTB44,0.040020166,0.333965749,NS
ENSG00000108439,PNPO,0.036619389,0.334411954,NS
ENSG00000186352,ANKRD37,0.047369431,0.334411954,NS
ENSG00000271851,NA,0.046619581,0.334411954,NS
ENSG00000296339,NA,-0.044578954,0.334411954,NS
ENSG00000110321,EIF4G2,0.030966362,0.334655922,NS
ENSG00000100150,DEPDC5,-0.046980862,0.334881058,NS
ENSG00000104147,OIP5,0.046460197,0.335043481,NS
ENSG00000129864,VCY,0.044682969,0.335043481,NS
ENSG00000225733,FGD5-AS1,0.039125644,0.335043481,NS
ENSG00000239264,TXNDC5,-0.03391788,0.335043481,NS
ENSG00000272853,SUV39H2-DT,-0.048717937,0.335077105,NS
ENSG00000151208,DLG5,0.037304374,0.33521173,NS
ENSG00000166689,PLEKHA7,-0.04687084,0.33521173,NS
ENSG00000092439,TRPM7,0.042641089,0.335544072,NS
ENSG00000164294,GPX8,0.04555836,0.335784495,NS
ENSG00000163071,SPATA18,0.046265423,0.335927058,NS
ENSG00000160948,VPS28,-0.041091063,0.335965565,NS
ENSG00000177410,ZFAS1,-0.040183566,0.336079835,NS
ENSG00000228623,ZNF883,0.044823181,0.336387297,NS
ENSG00000103544,VPS35L,-0.042957664,0.336959093,NS
ENSG00000108582,CPD,0.037904271,0.336993008,NS
ENSG00000159461,AMFR,0.038278109,0.336993008,NS
ENSG00000149573,MPZL2,0.041614145,0.337028958,NS
ENSG00000267868,NA,-0.042971259,0.337045474,NS
ENSG00000138346,DNA2,0.044671654,0.337213281,NS
ENSG00000179922,ZNF784,-0.049143725,0.337213281,NS
ENSG00000168255,POLR2J3,0.04907844,0.337465267,NS
ENSG00000176092,CRYBG2,-0.047218221,0.337843026,NS
ENSG00000257084,MIR200CHG,-0.044722313,0.337843026,NS
ENSG00000160188,RSPH1,-0.045692976,0.337918129,NS
ENSG00000114904,NEK4,0.040122761,0.337963112,NS
ENSG00000204147,ASAH2B,0.045075432,0.338102327,NS
ENSG00000130731,METTL26,-0.041878191,0.338749082,NS
ENSG00000143198,MGST3,-0.042784647,0.338749082,NS
ENSG00000067141,NEO1,0.040982279,0.338768863,NS
ENSG00000163162,RNF149,-0.043110276,0.338768863,NS
ENSG00000109016,DHRS7B,-0.046687535,0.339031753,NS
ENSG00000123552,USP45,-0.047065811,0.339031753,NS
ENSG00000286874,NA,-0.047456845,0.339069465,NS
ENSG00000059122,FLYWCH1,-0.043625902,0.3392082,NS
ENSG00000105696,TMEM59L,-0.044972516,0.3392082,NS
ENSG00000129480,DTD2,0.039802607,0.3392082,NS
ENSG00000150938,CRIM1,-0.047690065,0.3392082,NS
ENSG00000157593,SLC35B2,-0.041890062,0.3392082,NS
ENSG00000158552,ZFAND2B,-0.048626585,0.3392082,NS
ENSG00000188636,RTL6,-0.038050006,0.3392082,NS
ENSG00000214425,LRRC37A4P,0.043552735,0.3392082,NS
ENSG00000310523,NA,-0.048369198,0.3392082,NS
ENSG00000103257,SLC7A5,0.047469734,0.339963213,NS
ENSG00000163349,HIPK1,0.039724328,0.339963213,NS
ENSG00000222020,HDAC4-AS1,-0.044527712,0.339963213,NS
ENSG00000254505,CHMP4A,-0.043311658,0.339963213,NS
ENSG00000130164,LDLR,-0.039070368,0.34006367,NS
ENSG00000149418,ST14,0.033436128,0.340205726,NS
ENSG00000139505,MTMR6,0.042830208,0.340643872,NS
ENSG00000120725,SIL1,-0.039550774,0.341394108,NS
ENSG00000121390,PSPC1,0.040665528,0.341394108,NS
ENSG00000141524,TMC6,-0.042025465,0.341394108,NS
ENSG00000204580,DDR1,-0.037217293,0.341394108,NS
ENSG00000117266,CDK18,-0.046091113,0.3415185,NS
ENSG00000027847,B4GALT7,-0.047134242,0.341701625,NS
ENSG00000254004,ZNF260,0.042048389,0.341701625,NS
ENSG00000181404,WASHC1,-0.048537467,0.341812937,NS
ENSG00000100410,PHF5A,0.040777056,0.342166353,NS
ENSG00000071794,HLTF,0.039547629,0.342182767,NS
ENSG00000183688,RFLNB,-0.042997964,0.342857695,NS
ENSG00000258457,AJUBA-DT,-0.046113173,0.343071346,NS
ENSG00000247315,ZCCHC3,0.04243477,0.343631129,NS
ENSG00000156599,ZDHHC5,0.034419005,0.344522778,NS
ENSG00000267750,RUNDC3A-AS1,-0.047155593,0.344564025,NS
ENSG00000160949,TONSL,0.041240778,0.344737329,NS
ENSG00000235919,ASH1L-AS1,-0.048209277,0.344781919,NS
ENSG00000280433,NA,0.048430399,0.344781919,NS
ENSG00000299851,NA,0.045882704,0.344781919,NS
ENSG00000167842,MIS12,0.041478242,0.344987574,NS
ENSG00000119203,CPSF3,0.038157011,0.344999121,NS
ENSG00000135829,DHX9,0.032509891,0.344999121,NS
ENSG00000035403,VCL,0.034930901,0.345342084,NS
ENSG00000135968,GCC2,0.041230595,0.345342084,NS
ENSG00000089050,RBBP9,0.039962387,0.345515298,NS
ENSG00000165494,PCF11,0.03891179,0.345765162,NS
ENSG00000130005,GAMT,0.039242432,0.345781816,NS
ENSG00000288674,NA,0.040077449,0.345781816,NS
ENSG00000204209,DAXX,0.039576724,0.345945413,NS
ENSG00000204604,ZNF468,0.044083675,0.345945413,NS
ENSG00000288752,NA,-0.047418817,0.346013782,NS
ENSG00000020922,MRE11,0.0396771,0.346161097,NS
ENSG00000213780,GTF2H4,-0.045383987,0.346161097,NS
ENSG00000112699,GMDS,-0.045344123,0.346356196,NS
ENSG00000092201,SUPT16H,0.035251999,0.346429815,NS
ENSG00000148120,AOPEP,-0.046085826,0.346429815,NS
ENSG00000231249,ITPR1-DT,-0.040977122,0.346429815,NS
ENSG00000265972,TXNIP,0.041801474,0.346429815,NS
ENSG00000125434,SLC25A35,-0.047290489,0.346473504,NS
ENSG00000100379,KCTD17,-0.047114076,0.346523089,NS
ENSG00000117305,HMGCL,-0.044059483,0.346544138,NS
ENSG00000138785,INTS12,-0.04526697,0.346544138,NS
ENSG00000154001,PPP2R5E,0.038619924,0.346544138,NS
ENSG00000181163,NPM1,0.032339774,0.346752177,NS
ENSG00000123364,HOXC13,-0.043399427,0.346769458,NS
ENSG00000156381,ANKRD9,-0.041569368,0.346769458,NS
ENSG00000122335,SERAC1,-0.048148177,0.347077365,NS
ENSG00000197714,ZNF460,0.048122519,0.34742386,NS
ENSG00000144455,SUMF1,-0.042771023,0.347476026,NS
ENSG00000233184,DPH5-DT,-0.046503972,0.347490533,NS
ENSG00000076716,GPC4,-0.046622307,0.347494429,NS
ENSG00000095485,CWF19L1,0.045501909,0.347494429,NS
ENSG00000174547,MRPL11,0.041639046,0.347494429,NS
ENSG00000196365,LONP1,0.031990656,0.347494429,NS
ENSG00000087263,OGFOD1,0.03823597,0.347516351,NS
ENSG00000176410,DNAJC30,-0.040849146,0.347516351,NS
ENSG00000143870,PDIA6,0.035532435,0.348143574,NS
ENSG00000163697,APBB2,-0.044429781,0.348143574,NS
ENSG00000168273,UQCC5,-0.043195031,0.348143574,NS
ENSG00000169032,MAP2K1,-0.038458607,0.348143574,NS
ENSG00000134046,MBD2,0.037850571,0.348156896,NS
ENSG00000183458,PKD1P3,-0.036269188,0.348156896,NS
ENSG00000198815,FOXJ3,0.03946424,0.348156896,NS
ENSG00000128165,ADM2,0.042225134,0.348661067,NS
ENSG00000103145,HCFC1R1,-0.046356801,0.349970707,NS
ENSG00000107816,LZTS2,-0.043679411,0.349970707,NS
ENSG00000155275,TRMT44,0.04785656,0.349970707,NS
ENSG00000184924,PTRHD1,-0.043059816,0.349970707,NS
ENSG00000188612,SUMO2,0.034962182,0.349970707,NS
ENSG00000235631,RNF148,0.042007459,0.349970707,NS
ENSG00000257337,TNS2-AS1,-0.047039944,0.349970707,NS
ENSG00000114923,SLC4A3,-0.045789966,0.350029608,NS
ENSG00000167118,URM1,-0.038897413,0.350029608,NS
ENSG00000136888,ATP6V1G1,-0.038957151,0.350400925,NS
ENSG00000105993,DNAJB6,0.036530998,0.350582118,NS
ENSG00000123154,WDR83,-0.046864145,0.350582118,NS
ENSG00000171435,KSR2,-0.047238691,0.350582118,NS
ENSG00000175416,CLTB,-0.041153664,0.350582118,NS
ENSG00000280670,CCDC163,0.046106002,0.350582118,NS
ENSG00000133739,LRRCC1,0.045909643,0.350701242,NS
ENSG00000178935,ZNF552,0.044532619,0.350701242,NS
ENSG00000171169,NAIF1,0.046281129,0.351298575,NS
ENSG00000176340,COX8A,-0.038503663,0.351298575,NS
ENSG00000129474,AJUBA,0.041346976,0.351339501,NS
ENSG00000145391,SETD7,0.034203857,0.351339501,NS
ENSG00000159214,CCDC24,-0.04765589,0.351339501,NS
ENSG00000170310,STX8,-0.044456188,0.351339501,NS
ENSG00000239382,ALKBH6,-0.045971376,0.351339501,NS
ENSG00000138036,DYNC2LI1,-0.046633342,0.35180689,NS
ENSG00000186575,NF2,0.039879003,0.351936361,NS
ENSG00000119723,COQ6,-0.042121789,0.351982098,NS
ENSG00000243955,GSTA1,-0.044449513,0.351982098,NS
ENSG00000072756,TRNT1,-0.040186278,0.352287468,NS
ENSG00000125430,HS3ST3B1,-0.045270383,0.352287468,NS
ENSG00000166881,NEMP1,0.039730238,0.352287468,NS
ENSG00000167535,CACNB3,-0.043989473,0.352287468,NS
ENSG00000177076,ACER2,-0.046999734,0.352287468,NS
ENSG00000204348,DXO,-0.046727027,0.352287468,NS
ENSG00000243989,ACY1,-0.037933805,0.352287468,NS
ENSG00000261659,NA,0.044753189,0.352287468,NS
ENSG00000149182,ARFGAP2,-0.039590873,0.352663687,NS
ENSG00000154380,ENAH,0.035408895,0.352663687,NS
ENSG00000156026,MCU,-0.040999218,0.352684724,NS
ENSG00000145214,DGKQ,-0.043273427,0.35273377,NS
ENSG00000164338,UTP15,0.039929283,0.35273377,NS
ENSG00000186056,MATN1-AS1,-0.041395893,0.35273377,NS
ENSG00000151611,MMAA,0.044671154,0.352819758,NS
ENSG00000303173,NA,0.044118003,0.352819758,NS
ENSG00000100504,PYGL,-0.044327702,0.3531145,NS
ENSG00000171914,TLN2,-0.047311674,0.3531145,NS
ENSG00000278970,HEIH,-0.042966947,0.3531145,NS
ENSG00000125352,RNF113A,-0.04605554,0.353298158,NS
ENSG00000215193,PEX26,0.039542369,0.353308667,NS
ENSG00000260000,NA,0.047383745,0.353320819,NS
ENSG00000168610,STAT3,0.034845419,0.353345462,NS
ENSG00000169100,SLC25A6,-0.036160208,0.353557767,NS
ENSG00000292334,SLC25A6,-0.036160208,0.353557767,NS
ENSG00000116990,MYCL,0.045561361,0.353896592,NS
ENSG00000266094,RASSF5,-0.047293777,0.353902725,NS
ENSG00000100142,POLR2F,-0.041884243,0.354775172,NS
ENSG00000160410,SHKBP1,-0.04053982,0.354775172,NS
ENSG00000162909,CAPN2,0.037602133,0.354775172,NS
ENSG00000113391,ARB2A,-0.043949934,0.355318616,NS
ENSG00000165521,EML5,-0.046679432,0.355318616,NS
ENSG00000113384,GOLPH3,0.033901408,0.355323034,NS
ENSG00000122729,ACO1,-0.039222992,0.355398865,NS
ENSG00000122545,SEPTIN7,0.035239226,0.355619607,NS
ENSG00000198804,MT-CO1,0.041110576,0.355619607,NS
ENSG00000075856,SART3,0.035907036,0.355772022,NS
ENSG00000198805,PNP,-0.035419113,0.355858374,NS
ENSG00000204859,ZBTB48,-0.045872011,0.35615277,NS
ENSG00000214736,TOMM6,-0.037092042,0.35615277,NS
ENSG00000072062,PRKACA,-0.036236041,0.356241632,NS
ENSG00000067182,TNFRSF1A,0.036956757,0.356686095,NS
ENSG00000141376,BCAS3,-0.045870755,0.356686095,NS
ENSG00000174165,ZDHHC24,-0.039645902,0.356686095,NS
ENSG00000171100,MTM1,0.044892234,0.356760437,NS
ENSG00000276043,UHRF1,0.039954165,0.357704348,NS
ENSG00000256771,ZNF253,0.043137075,0.357733494,NS
ENSG00000157734,SNX22,-0.041972557,0.357841734,NS
ENSG00000206530,CFAP44,-0.038017602,0.35801036,NS
ENSG00000061918,GUCY1B1,0.046872217,0.35822939,NS
ENSG00000187147,RNF220,-0.036308972,0.358363081,NS
ENSG00000204438,GPANK1,0.044019045,0.35837432,NS
ENSG00000023608,SNAPC1,0.044437923,0.359077271,NS
ENSG00000115977,AAK1,0.040365258,0.359077271,NS
ENSG00000123358,NR4A1,0.046684049,0.359077271,NS
ENSG00000135999,EPC2,0.04254563,0.359077271,NS
ENSG00000138640,FAM13A,0.04262852,0.359077271,NS
ENSG00000166225,FRS2,0.040707047,0.359077271,NS
ENSG00000179750,APOBEC3B,0.044992209,0.359077271,NS
ENSG00000183943,PRKX,0.039956307,0.359077271,NS
ENSG00000185619,PCGF3,0.038154132,0.359077271,NS
ENSG00000204138,PHACTR4,0.04168608,0.359077271,NS
ENSG00000256073,URB1-AS1,-0.043763913,0.359077271,NS
ENSG00000280571,NA,0.046450076,0.359077271,NS
ENSG00000174099,MSRB3,-0.040167479,0.359078939,NS
ENSG00000176533,GNG7,-0.046001192,0.359078939,NS
ENSG00000149679,CABLES2,0.043950144,0.359129523,NS
ENSG00000159167,STC1,-0.039826927,0.35916338,NS
ENSG00000004534,RBM6,-0.039974937,0.359381452,NS
ENSG00000198162,MAN1A2,0.039388079,0.359727647,NS
ENSG00000234129,HCCS-DT,0.042527116,0.359727647,NS
ENSG00000290758,POLR2J4,-0.046049786,0.359727647,NS
ENSG00000216866,RPS2P55,-0.037203171,0.360132985,NS
ENSG00000133401,PDZD2,-0.044318286,0.360165307,NS
ENSG00000135838,NPL,0.046594775,0.360208445,NS
ENSG00000173473,SMARCC1,0.034811432,0.360208445,NS
ENSG00000038210,PI4K2B,0.038956679,0.360255954,NS
ENSG00000136940,PDCL,0.041686792,0.360255954,NS
ENSG00000114779,ABHD14B,-0.038373651,0.360668536,NS
ENSG00000152193,OBI1,0.045079359,0.360668536,NS
ENSG00000186010,NDUFA13,-0.038152583,0.360668536,NS
ENSG00000198160,MIER1,0.042907898,0.360668536,NS
ENSG00000116161,CACYBP,0.0345367,0.36111942,NS
ENSG00000172465,TCEAL1,-0.042526549,0.361872962,NS
ENSG00000166507,NDST2,-0.045202723,0.361874147,NS
ENSG00000115107,STEAP3,0.040798882,0.361932545,NS
ENSG00000137106,GRHPR,-0.037596069,0.361932545,NS
ENSG00000159199,ATP5MC1,-0.037540295,0.362695342,NS
ENSG00000172830,SSH3,-0.041826495,0.362695342,NS
ENSG00000248508,SRP14-DT,-0.04591339,0.362839913,NS
ENSG00000074416,MGLL,0.044373905,0.363049286,NS
ENSG00000112877,CEP72,0.04633326,0.363049286,NS
ENSG00000124104,SNX21,-0.04606895,0.363049286,NS
ENSG00000139131,YARS2,0.04063604,0.363049286,NS
ENSG00000143382,ADAMTSL4,-0.040372454,0.363049286,NS
ENSG00000166896,ATP23,0.045199194,0.363049286,NS
ENSG00000101361,NOP56,-0.033741038,0.36309469,NS
ENSG00000010072,SPRTN,0.040713179,0.363121347,NS
ENSG00000107371,EXOSC3,0.038361736,0.363190223,NS
ENSG00000135631,RAB11FIP5,0.042211403,0.363451863,NS
ENSG00000126709,IFI6,-0.046343562,0.363633904,NS
ENSG00000185834,RPL12P4,-0.045933998,0.363633904,NS
ENSG00000261183,SPINT1-AS1,-0.046293804,0.363927684,NS
ENSG00000184792,OSBP2,-0.044125599,0.363940236,NS
ENSG00000188243,COMMD6,-0.043435042,0.363940236,NS
ENSG00000303902,NA,0.046412405,0.363940236,NS
ENSG00000241258,CRCP,0.038777135,0.364129831,NS
ENSG00000169564,PCBP1,-0.03379193,0.364199411,NS
ENSG00000163637,PRICKLE2,0.044564185,0.364233096,NS
ENSG00000108298,RPL19,-0.036931224,0.364340655,NS
ENSG00000126368,NR1D1,-0.046321601,0.364340655,NS
ENSG00000143740,SNAP47,-0.036582705,0.364340655,NS
ENSG00000166135,HIF1AN,-0.039081666,0.364340655,NS
ENSG00000197299,BLM,0.04401166,0.364340655,NS
ENSG00000041353,RAB27B,-0.043684605,0.364860292,NS
ENSG00000181019,NQO1,0.033367384,0.364860292,NS
ENSG00000183258,DDX41,-0.036354616,0.365074051,NS
ENSG00000261840,NA,-0.045923194,0.365096114,NS
ENSG00000111678,C12orf57,-0.039025487,0.365225338,NS
ENSG00000139496,NUP58,0.03842611,0.365604912,NS
ENSG00000090013,BLVRB,-0.036554639,0.366381073,NS
ENSG00000100353,EIF3D,-0.034066969,0.366381073,NS
ENSG00000102921,N4BP1,0.040305863,0.366381073,NS
ENSG00000113971,NPHP3,-0.045838654,0.366381073,NS
ENSG00000120805,ARL1,-0.033832161,0.366381073,NS
ENSG00000175322,ZNF519,0.045738806,0.366381073,NS
ENSG00000185386,MAPK11,-0.045315455,0.366381073,NS
ENSG00000186687,LYRM7,0.037911895,0.366381073,NS
ENSG00000198356,GET3,-0.036890049,0.366381073,NS
ENSG00000198951,NAGA,0.038227213,0.366381073,NS
ENSG00000206052,DOK6,-0.041262573,0.366381073,NS
ENSG00000136169,SETDB2,0.043974608,0.366389324,NS
ENSG00000179021,C3orf38,0.04218317,0.366389324,NS
ENSG00000172216,CEBPB,0.040215154,0.366445257,NS
ENSG00000124193,SRSF6,-0.037220104,0.366599191,NS
ENSG00000100462,PRMT5,-0.032946858,0.366607674,NS
ENSG00000114023,FAM162A,-0.034885156,0.366685892,NS
ENSG00000184058,TBX1,-0.042204997,0.366685892,NS
ENSG00000165113,GKAP1,-0.045707639,0.367007499,NS
ENSG00000005513,SOX8,-0.045936772,0.367799557,NS
ENSG00000188295,ZNF669,0.045287866,0.367799557,NS
ENSG00000130560,UBAC1,-0.038682534,0.367852153,NS
ENSG00000229980,TOB1-AS1,-0.044556863,0.367949706,NS
ENSG00000285907,NA,0.043636293,0.367988074,NS
ENSG00000145014,TMEM44,-0.042938763,0.368054202,NS
ENSG00000103260,METRN,-0.036907694,0.368173977,NS
ENSG00000166145,SPINT1,-0.034310354,0.368613045,NS
ENSG00000169871,TRIM56,0.040483387,0.368613045,NS
ENSG00000189067,LITAF,-0.039021426,0.368613045,NS
ENSG00000121940,CLCC1,0.035276609,0.368657626,NS
ENSG00000133997,MED6,0.043088937,0.368657626,NS
ENSG00000267001,NA,0.044528176,0.368657626,NS
ENSG00000169696,ASPSCR1,-0.041339208,0.368845548,NS
ENSG00000124209,RAB22A,0.037950661,0.369170425,NS
ENSG00000233369,GTF2IP4,0.037394857,0.369170425,NS
ENSG00000307669,NA,-0.044152727,0.369170425,NS
ENSG00000100220,RTCB,0.036860903,0.369243401,NS
ENSG00000277957,SENP3-EIF4A1,0.045671764,0.3694781,NS
ENSG00000068438,FTSJ1,0.037875095,0.369570847,NS
ENSG00000130304,SLC27A1,-0.045262511,0.369570847,NS
ENSG00000136944,LMX1B,-0.045297114,0.369570847,NS
ENSG00000157064,NMNAT2,-0.041634502,0.369570847,NS
ENSG00000198780,FAM169A,0.043190128,0.369570847,NS
ENSG00000214293,APTR,-0.045761086,0.369570847,NS
ENSG00000148444,COMMD3,-0.041823662,0.369762072,NS
ENSG00000271737,NA,-0.045777591,0.369762072,NS
ENSG00000063854,HAGH,-0.040350747,0.36987057,NS
ENSG00000064961,HMG20B,0.036415766,0.36987057,NS
ENSG00000163807,KIAA1143,0.035867957,0.370204962,NS
ENSG00000187118,CMC1,-0.042382677,0.370204962,NS
ENSG00000197375,SLC22A5,0.041845174,0.370204962,NS
ENSG00000159140,SON,0.035360203,0.370215554,NS
ENSG00000250486,FAM218A,-0.045707376,0.370215554,NS
ENSG00000167930,FAM234A,-0.034204952,0.370350588,NS
ENSG00000148835,TAF5,0.044319734,0.37047936,NS
ENSG00000108406,DHX40,0.035125108,0.370602686,NS
ENSG00000197147,LRRC8B,0.039012771,0.370738958,NS
ENSG00000053747,LAMA3,0.038534453,0.3707418,NS
ENSG00000037474,NSUN2,0.031907481,0.370782894,NS
ENSG00000055483,USP36,0.039177931,0.370782894,NS
ENSG00000102125,TAFAZZIN,-0.044091722,0.370782894,NS
ENSG00000106399,RPA3,0.04074545,0.370782894,NS
ENSG00000155970,MICU3,-0.045554631,0.370782894,NS
ENSG00000167106,EEIG1,-0.039859245,0.370782894,NS
ENSG00000170515,PA2G4,0.031009809,0.370782894,NS
ENSG00000172315,TP53RK,0.040929682,0.370782894,NS
ENSG00000174306,ZHX3,-0.03776689,0.370782894,NS
ENSG00000175701,MTLN,-0.043386011,0.370782894,NS
ENSG00000179134,SAMD4B,0.035621087,0.370782894,NS
ENSG00000140199,SLC12A6,-0.044558752,0.370998488,NS
ENSG00000157796,WDR19,-0.044570096,0.371134113,NS
ENSG00000301761,NA,-0.038808402,0.37133859,NS
ENSG00000160685,ZBTB7B,-0.034388861,0.371538451,NS
ENSG00000100485,SOS2,-0.04249358,0.371776048,NS
ENSG00000165832,TRUB1,0.035695845,0.371776048,NS
ENSG00000011243,AKAP8L,-0.038539402,0.372850139,NS
ENSG00000179195,ZNF664,0.032891106,0.373076262,NS
ENSG00000133030,MPRIP,0.034419506,0.37338086,NS
ENSG00000174915,PTDSS2,-0.041395502,0.373476367,NS
ENSG00000144115,THNSL2,-0.040130337,0.373552361,NS
ENSG00000237190,CDKN2AIPNL,0.037253173,0.37382115,NS
ENSG00000066044,ELAVL1,0.033671317,0.374314333,NS
ENSG00000215252,GOLGA8B,-0.037588762,0.374314333,NS
ENSG00000183864,TOB2,0.038192523,0.374701049,NS
ENSG00000286909,NA,-0.045259824,0.374831917,NS
ENSG00000309434,NA,-0.041140273,0.375385608,NS
ENSG00000136710,CCDC115,-0.040907169,0.375558592,NS
ENSG00000173801,JUP,-0.031453132,0.37558287,NS
ENSG00000171385,KCND3,-0.044768783,0.375611855,NS
ENSG00000166974,MAPRE2,-0.043645915,0.375898475,NS
ENSG00000259316,NA,0.045060224,0.375898475,NS
ENSG00000271936,NA,0.040767507,0.375898475,NS
ENSG00000143217,NECTIN4,-0.044437021,0.376644344,NS
ENSG00000130779,CLIP1,0.037986391,0.376957399,NS
ENSG00000261512,NA,-0.045133682,0.376957399,NS
ENSG00000013583,HEBP1,0.038899435,0.37704394,NS
ENSG00000285077,ARHGAP11B,0.040339591,0.37704394,NS
ENSG00000293025,NA,0.044253221,0.37704394,NS
ENSG00000132698,RAB25,-0.037641872,0.377057672,NS
ENSG00000151576,QTRT2,0.039093207,0.377318933,NS
ENSG00000100445,SDR39U1,-0.037890825,0.377575815,NS
ENSG00000103253,HAGHL,-0.041066123,0.377575815,NS
ENSG00000116874,WARS2,-0.040803216,0.377575815,NS
ENSG00000120265,PCMT1,0.037478026,0.377575815,NS
ENSG00000131149,GSE1,0.032753046,0.377575815,NS
ENSG00000163430,FSTL1,0.042135716,0.377575815,NS
ENSG00000169718,DUS1L,0.033833482,0.377575815,NS
ENSG00000196705,ZNF431,0.043726035,0.377575815,NS
ENSG00000169826,CSGALNACT2,0.041793308,0.377733139,NS
ENSG00000295671,NA,-0.044723649,0.377733139,NS
ENSG00000081923,ATP8B1,0.039122419,0.378035202,NS
ENSG00000178741,COX5A,-0.038712685,0.378035202,NS
ENSG00000100099,HPS4,-0.039213281,0.378344323,NS
ENSG00000138646,HERC5,0.044867629,0.378344323,NS
ENSG00000266086,NA,-0.037642623,0.378750042,NS
ENSG00000090266,NDUFB2,-0.039935891,0.378775419,NS
ENSG00000111775,COX6A1,-0.038713804,0.378775419,NS
ENSG00000222041,CYTOR,0.044750799,0.378775419,NS
ENSG00000235174,RPL39P3,-0.044473194,0.378775419,NS
ENSG00000211455,STK38L,0.039586886,0.378821548,NS
ENSG00000088543,C3orf18,-0.044505294,0.378840984,NS
ENSG00000122008,POLK,0.039973329,0.378840984,NS
ENSG00000151461,UPF2,0.038327208,0.378840984,NS
ENSG00000156504,PABIR2,0.036436157,0.378840984,NS
ENSG00000226328,NUP50-DT,-0.044212806,0.378840984,NS
ENSG00000198791,CNOT7,0.033144977,0.37954556,NS
ENSG00000251095,NA,0.044530144,0.37954556,NS
ENSG00000259943,ZMPSTE24-DT,-0.04234556,0.379708091,NS
ENSG00000110651,CD81,-0.034645477,0.37980445,NS
ENSG00000122507,BBS9,-0.044480135,0.37980445,NS
ENSG00000127152,BCL11B,0.044712388,0.37980445,NS
ENSG00000137171,KLC4,-0.044298321,0.37980445,NS
ENSG00000137221,TJAP1,-0.042917298,0.37980445,NS
ENSG00000163191,S100A11,0.038158293,0.37980445,NS
ENSG00000166411,IDH3A,0.036047639,0.37980445,NS
ENSG00000177542,SLC25A22,-0.035918891,0.37980445,NS
ENSG00000198088,NUP62CL,0.044521996,0.37980445,NS
ENSG00000012822,CALCOCO1,-0.044210311,0.379833401,NS
ENSG00000018280,SLC11A1,-0.040203286,0.38008925,NS
ENSG00000160199,PKNOX1,0.040574963,0.380174337,NS
ENSG00000259132,NA,0.042835779,0.380713164,NS
ENSG00000065883,CDK13,0.03850354,0.380771901,NS
ENSG00000102595,UGGT2,0.044221981,0.380771901,NS
ENSG00000125968,ID1,0.044703776,0.380771901,NS
ENSG00000137936,BCAR3,0.044174575,0.380771901,NS
ENSG00000154832,CXXC1,-0.038539469,0.380771901,NS
ENSG00000162772,ATF3,-0.040790167,0.380771901,NS
ENSG00000167548,KMT2D,0.042638156,0.380776779,NS
ENSG00000168393,DTYMK,0.038702848,0.380787844,NS
ENSG00000090020,SLC9A1,-0.037315534,0.381163399,NS
ENSG00000109686,SH3D19,0.038603201,0.381163399,NS
ENSG00000166831,RBPMS2,0.043815612,0.381553637,NS
ENSG00000290920,NA,-0.039026859,0.381553637,NS
ENSG00000184162,NR2C2AP,-0.038859478,0.382022354,NS
ENSG00000148943,LIN7C,0.040636778,0.382385084,NS
ENSG00000215182,MUC5AC,0.041992252,0.382385084,NS
ENSG00000170275,CRTAP,0.032270698,0.38302126,NS
ENSG00000048991,R3HDM1,0.035368269,0.383040819,NS
ENSG00000248049,UBA6-DT,0.042518864,0.383040819,NS
ENSG00000144645,OSBPL10,0.044023637,0.38335835,NS
ENSG00000296743,NA,-0.043288172,0.38335835,NS
ENSG00000121989,ACVR2A,0.04371618,0.383520934,NS
ENSG00000273314,NA,0.044484531,0.383520934,NS
ENSG00000168491,CCDC110,-0.043160549,0.383574739,NS
ENSG00000160606,TLCD1,-0.041776313,0.383781374,NS
ENSG00000163864,NMNAT3,-0.041279445,0.383781374,NS
ENSG00000196189,SEMA4A,0.035554571,0.384087976,NS
ENSG00000163788,SNRK,0.04144298,0.384349598,NS
ENSG00000051009,FHIP1B,-0.04213523,0.384476912,NS
ENSG00000162385,MAGOH,0.036738765,0.384476912,NS
ENSG00000073464,CLCN4,0.042466214,0.384483057,NS
ENSG00000089639,GMIP,-0.042770873,0.384483057,NS
ENSG00000185324,CDK10,-0.040100312,0.384757931,NS
ENSG00000013275,PSMC4,-0.033203262,0.384855665,NS
ENSG00000169692,AGPAT2,-0.042908345,0.384880267,NS
ENSG00000089847,ANKRD24,-0.04235392,0.385106962,NS
ENSG00000275074,NUDT18,-0.043764616,0.385444337,NS
ENSG00000119711,ALDH6A1,-0.035413758,0.385582709,NS
ENSG00000132541,RIDA,-0.041737213,0.385582709,NS
ENSG00000174749,FAM241A,-0.041114735,0.385582709,NS
ENSG00000196214,ZNF766,0.039556683,0.385582709,NS
ENSG00000196597,ZNF782,0.04427141,0.385582709,NS
ENSG00000198888,MT-ND1,0.03597871,0.385582709,NS
ENSG00000227057,WDR46,-0.038033621,0.385582709,NS
ENSG00000288759,NA,-0.038595454,0.385582709,NS
ENSG00000106683,LIMK1,0.037202646,0.386028585,NS
ENSG00000117394,SLC2A1,0.035799194,0.386028585,NS
ENSG00000135317,SNX14,-0.037108525,0.386090152,NS
ENSG00000227500,SCAMP4,-0.03286703,0.386304074,NS
ENSG00000112290,WASF1,-0.04363612,0.38653443,NS
ENSG00000178338,ZNF354B,-0.044145437,0.386816832,NS
ENSG00000044090,CUL7,-0.04076345,0.38701711,NS
ENSG00000059758,CDK17,0.04291546,0.38701711,NS
ENSG00000131746,TNS4,0.037867755,0.38701711,NS
ENSG00000164163,ABCE1,0.032579497,0.38701711,NS
ENSG00000111275,ALDH2,-0.040789162,0.387114244,NS
ENSG00000063245,EPN1,0.03210203,0.387162219,NS
ENSG00000134285,FKBP11,-0.041136165,0.3874763,NS
ENSG00000164307,ERAP1,0.042560272,0.3874763,NS
ENSG00000213676,ATF6B,-0.04287023,0.3874763,NS
ENSG00000294710,NA,0.031757949,0.3874763,NS
ENSG00000204520,MICA,-0.043839492,0.387782422,NS
ENSG00000162736,NCSTN,-0.03375444,0.388029009,NS
ENSG00000170571,EMB,0.035039001,0.388707826,NS
ENSG00000078687,TNRC6C,0.041829968,0.388848818,NS
ENSG00000105438,KDELR1,-0.034564607,0.389073891,NS
ENSG00000166024,R3HCC1L,0.043906598,0.389221225,NS
ENSG00000151623,NR3C2,0.043961707,0.389285938,NS
ENSG00000135622,SEMA4F,-0.043716719,0.389435308,NS
ENSG00000248489,CHD1-DT,-0.038958502,0.389682968,NS
ENSG00000123992,DNPEP,-0.038564973,0.389859327,NS
ENSG00000146477,SLC22A3,-0.043573273,0.389859327,NS
ENSG00000157224,CLDN12,0.035420818,0.389859327,NS
ENSG00000245146,MALINC1,-0.040851861,0.389859327,NS
ENSG00000264575,LINC00526,-0.0430649,0.389859327,NS
ENSG00000292986,DUXAP10,0.033259901,0.389859327,NS
ENSG00000066248,NGEF,-0.043274253,0.389946092,NS
ENSG00000077463,SIRT6,-0.041479113,0.389946092,NS
ENSG00000135482,ZC3H10,-0.041983969,0.389946092,NS
ENSG00000163590,PPM1L,-0.043885352,0.389946092,NS
ENSG00000198938,MT-CO3,0.039830097,0.389946092,NS
ENSG00000125534,PPDPF,-0.034255389,0.39036703,NS
ENSG00000127948,POR,-0.036698897,0.39036703,NS
ENSG00000135926,TMBIM1,0.035366603,0.39036703,NS
ENSG00000181264,TLCD5,-0.042353717,0.39036703,NS
ENSG00000170044,ZPLD1,-0.041122554,0.390375291,NS
ENSG00000086848,ALG9,0.038231918,0.390375868,NS
ENSG00000280649,NA,-0.042374774,0.390375868,NS
ENSG00000224087,POTEF-AS1,0.03721223,0.391162235,NS
ENSG00000289357,NA,0.038534688,0.391174124,NS
ENSG00000178531,CTXN1,0.039526115,0.39181398,NS
ENSG00000082153,BZW1,0.03118702,0.391868307,NS
ENSG00000128294,TPST2,-0.04338814,0.392581332,NS
ENSG00000132664,POLR3F,0.038726848,0.392660537,NS
ENSG00000141499,WRAP53,0.038479492,0.392660537,NS
ENSG00000141639,MAPK4,-0.04206845,0.392660537,NS
ENSG00000168461,RAB31,0.043527153,0.392660537,NS
ENSG00000196205,EEF1A1P5,-0.037408727,0.392790369,NS
ENSG00000011198,ABHD5,0.037404672,0.392967421,NS
ENSG00000108107,RPL28,-0.034789961,0.393120974,NS
ENSG00000112763,BTN2A1,-0.042952974,0.393233046,NS
ENSG00000198786,MT-ND5,0.034681522,0.393233046,NS
ENSG00000272848,NA,-0.03766181,0.393415473,NS
ENSG00000213064,SFT2D2,0.043495272,0.393591335,NS
ENSG00000242612,DECR2,-0.039938019,0.393629569,NS
ENSG00000110075,PPP6R3,0.035382765,0.393834163,NS
ENSG00000198742,SMURF1,0.040466958,0.393834163,NS
ENSG00000198242,RPL23A,-0.035062499,0.39417167,NS
ENSG00000163754,GYG1,0.035349168,0.394308739,NS
ENSG00000273344,PAXIP1-DT,-0.04000498,0.394479184,NS
ENSG00000204406,MBD5,-0.042885537,0.394579532,NS
ENSG00000165487,MICU2,-0.037360447,0.395418102,NS
ENSG00000277693,NA,0.04338569,0.395439719,NS
ENSG00000054611,TBC1D22A,-0.041459488,0.395457411,NS
ENSG00000089902,RCOR1,0.03458712,0.395457411,NS
ENSG00000092199,HNRNPC,0.033019926,0.395457411,NS
ENSG00000144063,MALL,0.037537329,0.395457411,NS
ENSG00000151320,AKAP6,0.043281573,0.395646928,NS
ENSG00000071246,VASH1,-0.041727357,0.395683425,NS
ENSG00000070444,MNT,-0.039775135,0.395743121,NS
ENSG00000164850,GPER1,0.043221017,0.395743121,NS
ENSG00000261150,EPPK1,0.043003038,0.395798946,NS
ENSG00000286264,NA,-0.043376873,0.395828744,NS
ENSG00000058453,CROCC,-0.043339459,0.396488464,NS
ENSG00000130695,CEP85,-0.042214401,0.396680303,NS
ENSG00000279253,NA,-0.03584169,0.396753568,NS
ENSG00000176454,LPCAT4,-0.042564964,0.396925154,NS
ENSG00000197016,ZNF470,0.040990759,0.397499258,NS
ENSG00000272391,POM121C,0.032527641,0.397499258,NS
ENSG00000185222,TCEAL9,-0.037571711,0.397558792,NS
ENSG00000012817,KDM5D,0.038352921,0.398414429,NS
ENSG00000108515,ENO3,-0.042936048,0.398414429,NS
ENSG00000118900,UBN1,0.034544074,0.398414429,NS
ENSG00000124532,MRS2,0.036397213,0.398414429,NS
ENSG00000141540,TTYH2,-0.040627046,0.398414429,NS
ENSG00000143494,VASH2,0.040314269,0.398414429,NS
ENSG00000188976,NOC2L,-0.03033667,0.398414429,NS
ENSG00000196396,PTPN1,0.035479162,0.398414429,NS
ENSG00000258727,AP1G2-AS1,-0.040644075,0.398414429,NS
ENSG00000269713,NBPF9,-0.040388644,0.398414429,NS
ENSG00000288973,NA,0.043115452,0.398414429,NS
ENSG00000122705,CLTA,-0.033567188,0.398601083,NS
ENSG00000124641,MED20,0.040440159,0.398670941,NS
ENSG00000133135,RNF128,-0.042184951,0.398670941,NS
ENSG00000182923,CEP63,0.037405792,0.398670941,NS
ENSG00000129007,CALML4,0.042262553,0.399260045,NS
ENSG00000258634,NA,0.043026651,0.399321212,NS
ENSG00000069329,VPS35,-0.03208724,0.399366375,NS
ENSG00000232024,LSM12P1,0.042235348,0.399629036,NS
ENSG00000106018,VIPR2,0.042073591,0.399887516,NS
ENSG00000160691,SHC1,0.032971455,0.400662772,NS
ENSG00000197586,ENTPD6,-0.034723424,0.400662772,NS
ENSG00000039123,MTREX,0.035064511,0.400774442,NS
ENSG00000198521,ZNF43,0.04012056,0.400774442,NS
ENSG00000213553,RPLP0P6,-0.042951849,0.400774442,NS
ENSG00000213920,MDP1,-0.042952575,0.400774442,NS
ENSG00000169991,IFFO2,0.040520326,0.40090056,NS
ENSG00000169019,COMMD8,0.038992247,0.401198068,NS
ENSG00000198157,HMGN5,0.040567475,0.401203269,NS
ENSG00000115504,EHBP1,0.036942251,0.401374625,NS
ENSG00000165246,NLGN4Y,-0.042818061,0.401374625,NS
ENSG00000180628,PCGF5,-0.038571986,0.401448965,NS
ENSG00000011677,GABRA3,-0.042823647,0.401553412,NS
ENSG00000145041,DCAF1,0.035600726,0.401553412,NS
ENSG00000223501,VPS52,-0.036405579,0.401553412,NS
ENSG00000174996,KLC2,-0.035741124,0.402041915,NS
ENSG00000284194,SCO2,-0.040934778,0.402443904,NS
ENSG00000171119,NRTN,-0.037348853,0.402547828,NS
ENSG00000086827,ZW10,0.036940828,0.402705067,NS
ENSG00000145819,ARHGAP26,0.04105687,0.402846733,NS
ENSG00000059915,PSD,-0.037833182,0.403399854,NS
ENSG00000125991,ERGIC3,-0.032807678,0.403399854,NS
ENSG00000168395,ING5,-0.038568941,0.403404186,NS
ENSG00000087274,ADD1,-0.032190678,0.403646511,NS
ENSG00000128951,DUT,0.034990534,0.403656212,NS
ENSG00000259623,NA,0.041655948,0.403656212,NS
ENSG00000196363,WDR5,0.034075499,0.403906174,NS
ENSG00000184675,AMER1,0.038863683,0.404076711,NS
ENSG00000130829,DUSP9,0.039992491,0.404131563,NS
ENSG00000144426,NBEAL1,0.038800756,0.404131563,NS
ENSG00000115255,REEP6,-0.037678402,0.404421512,NS
ENSG00000005100,DHX33,0.035631425,0.404649656,NS
ENSG00000131845,ZNF304,0.04129023,0.404649656,NS
ENSG00000233476,EEF1A1P6,-0.042670987,0.404649656,NS
ENSG00000173992,CCS,-0.039769138,0.404729805,NS
ENSG00000064102,INTS13,0.036876243,0.404786021,NS
ENSG00000236536,NA,0.040642879,0.404844991,NS
ENSG00000117054,ACADM,0.032601755,0.404857914,NS
ENSG00000137876,RSL24D1,0.034472444,0.404857914,NS
ENSG00000164306,PRIMPOL,0.040586428,0.404857914,NS
ENSG00000175970,UNC119B,0.033280851,0.404857914,NS
ENSG00000147459,DOCK5,0.039568525,0.405120115,NS
ENSG00000164877,MICALL2,-0.042598099,0.405120115,NS
ENSG00000196693,ZNF33B,0.037074015,0.405120115,NS
ENSG00000269067,ZNF728,0.042402357,0.405120115,NS
ENSG00000116266,STXBP3,-0.0360614,0.405669164,NS
ENSG00000154856,APCDD1,-0.042348302,0.405669164,NS
ENSG00000273420,NA,0.038974819,0.405839848,NS
ENSG00000065308,TRAM2,0.040367037,0.406328122,NS
ENSG00000101413,RPRD1B,0.036126484,0.406328122,NS
ENSG00000184840,TMED9,0.033448317,0.406413286,NS
ENSG00000148481,MINDY3,-0.037764135,0.406441623,NS
ENSG00000268916,CSAG3,-0.04037999,0.406816216,NS
ENSG00000104957,YJU2B,-0.041993971,0.406883605,NS
ENSG00000005882,PDK2,-0.039784132,0.407110505,NS
ENSG00000064655,EYA2,-0.040721329,0.407376408,NS
ENSG00000101187,SLCO4A1,-0.040355997,0.407376408,NS
ENSG00000109534,GAR1,0.038233458,0.407376408,NS
ENSG00000123200,ZC3H13,0.037287239,0.407376408,NS
ENSG00000289537,NA,-0.041981682,0.407376408,NS
ENSG00000170653,ATF7,0.036737003,0.407379422,NS
ENSG00000141002,TCF25,-0.035297902,0.407764761,NS
ENSG00000271889,C2orf74-AS1,0.041694589,0.407815498,NS
ENSG00000114268,PFKFB4,-0.042016583,0.407844283,NS
ENSG00000126945,HNRNPH2,-0.032575565,0.408544904,NS
ENSG00000143367,TUFT1,-0.036268817,0.40901641,NS
ENSG00000133069,TMCC2,-0.040392007,0.409106211,NS
ENSG00000186395,KRT10,-0.037681383,0.409106211,NS
ENSG00000090612,ZNF268,0.038588362,0.409109538,NS
ENSG00000047346,ATOSA,-0.036636472,0.409246919,NS
ENSG00000103381,CPPED1,-0.041684619,0.409246919,NS
ENSG00000139197,PEX5,-0.033474625,0.409246919,NS
ENSG00000166847,DCTN5,0.03346974,0.409246919,NS
ENSG00000168243,GNG4,-0.04190755,0.409246919,NS
ENSG00000184838,PRR16,0.04195939,0.409308611,NS
ENSG00000182196,ARL6IP4,-0.034513041,0.409409046,NS
ENSG00000204435,CSNK2B,0.036350035,0.409736817,NS
ENSG00000163291,PAQR3,0.039537355,0.409812458,NS
ENSG00000000460,FIRRM,0.037753589,0.410148571,NS
ENSG00000115520,COQ10B,-0.037085247,0.410148571,NS
ENSG00000129116,PALLD,0.03796761,0.410148571,NS
ENSG00000162066,AMDHD2,-0.041295712,0.410148571,NS
ENSG00000215375,MYL5,-0.04215804,0.410561263,NS
ENSG00000235823,OLMALINC,0.042122442,0.410561263,NS
ENSG00000129038,LOXL1,-0.04005045,0.411027892,NS
ENSG00000135940,COX5B,-0.035748439,0.411027892,NS
ENSG00000166821,PEX11A,-0.040787846,0.411027892,NS
ENSG00000107949,BCCIP,0.033295331,0.411357132,NS
ENSG00000152137,HSPB8,-0.039870483,0.411718912,NS
ENSG00000187097,ENTPD5,-0.036183012,0.411718912,NS
ENSG00000188021,UBQLN2,-0.033095159,0.412626729,NS
ENSG00000232995,NA,0.041083368,0.412626729,NS
ENSG00000269968,NA,-0.035002299,0.412731425,NS
ENSG00000026297,RNASET2,-0.03542666,0.412756993,NS
ENSG00000250571,GLI4,-0.041792525,0.412895376,NS
ENSG00000004838,ZMYND10,0.036527252,0.41311001,NS
ENSG00000215769,ARHGAP27P1-BPTFP1-KPNA2P3,-0.03408748,0.41311001,NS
ENSG00000160360,GPSM1,-0.037405273,0.413575837,NS
ENSG00000185650,ZFP36L1,0.03789226,0.41359309,NS
ENSG00000113119,TMCO6,-0.041880025,0.413662887,NS
ENSG00000108773,KAT2A,-0.033220398,0.413845091,NS
ENSG00000248429,GASK1B-AS1,-0.041918268,0.413859846,NS
ENSG00000069667,RORA,0.035521962,0.414088478,NS
ENSG00000151876,FBXO4,0.040144645,0.414237461,NS
ENSG00000236427,CCDST,0.036742485,0.414237461,NS
ENSG00000115526,CHST10,-0.040824803,0.414274717,NS
ENSG00000070495,JMJD6,0.036708821,0.414326804,NS
ENSG00000171503,ETFDH,-0.034423089,0.414326804,NS
ENSG00000204130,RUFY2,-0.04134293,0.414326804,NS
ENSG00000242071,RPL7AP6,-0.041850046,0.414326804,NS
ENSG00000008394,MGST1,-0.032845311,0.414343647,NS
ENSG00000169217,CD2BP2,-0.035713489,0.414343647,NS
ENSG00000106554,CHCHD3,0.034537454,0.414374937,NS
ENSG00000185127,C6orf120,0.033090285,0.414851069,NS
ENSG00000141098,GFOD2,0.037291825,0.415014908,NS
ENSG00000137449,CPEB2,0.041768672,0.415173878,NS
ENSG00000291063,NA,-0.036261997,0.415173878,NS
ENSG00000112304,ACOT13,-0.038465275,0.415238171,NS
ENSG00000163933,RFT1,0.035800231,0.415238171,NS
ENSG00000139636,LMBR1L,-0.039979445,0.415377837,NS
ENSG00000242259,C22orf39,0.039692593,0.415377837,NS
ENSG00000145990,GFOD1,0.041502832,0.415481208,NS
ENSG00000181751,MACIR,-0.037071528,0.415606778,NS
ENSG00000100593,ISM2,-0.037573246,0.415842076,NS
ENSG00000167264,DUS2,-0.039574289,0.415842076,NS
ENSG00000118260,CREB1,0.035080034,0.415904737,NS
ENSG00000266412,NCOA4,0.029703536,0.415904737,NS
ENSG00000276888,NA,0.04005507,0.415904737,NS
ENSG00000197971,MBP,0.035030227,0.416362969,NS
ENSG00000100580,TMED8,0.035114654,0.416379242,NS
ENSG00000068366,ACSL4,-0.041599212,0.416613066,NS
ENSG00000089063,TMEM230,-0.033493537,0.416613066,NS
ENSG00000126814,TRMT5,0.036644288,0.416613066,NS
ENSG00000162999,DUSP19,0.03910782,0.416613066,NS
ENSG00000253846,PCDHGA10,0.039353858,0.416616785,NS
ENSG00000247095,MIR210HG,-0.03558446,0.41667582,NS
ENSG00000143303,METTL25B,-0.038205293,0.416955911,NS
ENSG00000077684,JADE1,0.039504428,0.417118439,NS
ENSG00000131323,TRAF3,0.0334241,0.417118439,NS
ENSG00000198482,ZNF808,0.041054785,0.417118439,NS
ENSG00000141542,RAB40B,-0.04001466,0.417187589,NS
ENSG00000055211,GINM1,0.036105929,0.417203787,NS
ENSG00000260565,ERVK13-1,-0.041332621,0.41739962,NS
ENSG00000138767,CNOT6L,0.038332298,0.417944574,NS
ENSG00000182957,SPATA13,0.038119466,0.41798776,NS
ENSG00000093009,CDC45,0.036184458,0.418281997,NS
ENSG00000250565,ATP6V1E2,0.040661146,0.418281997,NS
ENSG00000107560,RAB11FIP2,0.039731751,0.418770116,NS
ENSG00000278817,NA,-0.041416311,0.418770116,NS
ENSG00000077312,SNRPA,0.033916445,0.419009554,NS
ENSG00000175279,CENPS,0.036261787,0.41901463,NS
ENSG00000141905,NFIC,0.033455971,0.419159233,NS
ENSG00000176485,PLAAT3,-0.041373726,0.419159233,NS
ENSG00000116117,PARD3B,-0.041247928,0.419744229,NS
ENSG00000289074,NA,-0.041326469,0.419772489,NS
ENSG00000162894,FCMR,-0.0378686,0.419840911,NS
ENSG00000117533,VAMP4,0.039800243,0.420265842,NS
ENSG00000174371,EXO1,0.034074957,0.420265842,NS
ENSG00000272288,ILRUN-AS1,-0.041264206,0.420265842,NS
ENSG00000180104,EXOC3,-0.037427506,0.420370239,NS
ENSG00000188211,NCR3LG1,-0.040519007,0.420753758,NS
ENSG00000159314,ARHGAP27,-0.041032925,0.420849469,NS
ENSG00000041357,PSMA4,0.032483671,0.420877236,NS
ENSG00000108799,EZH1,-0.040390093,0.420877236,NS
ENSG00000139726,DENR,0.030060784,0.420877236,NS
ENSG00000146872,TLK2,0.036117568,0.420877236,NS
ENSG00000154814,OXNAD1,0.040642896,0.420877236,NS
ENSG00000256940,PPP1R14B-AS1,-0.03714553,0.420877236,NS
ENSG00000131507,NDFIP1,-0.032147799,0.420992834,NS
ENSG00000125868,DSTN,0.031292378,0.421195378,NS
ENSG00000258790,NA,0.037389661,0.421195378,NS
ENSG00000178691,SUZ12,0.033035313,0.421265494,NS
ENSG00000102699,PARP4,-0.037244918,0.421303656,NS
ENSG00000254089,NA,0.03870245,0.421303656,NS
ENSG00000178105,DDX10,0.034619197,0.42139847,NS
ENSG00000184990,SIVA1,-0.035052983,0.42139847,NS
ENSG00000204344,STK19,-0.040494614,0.42139847,NS
ENSG00000077147,TM9SF3,0.031765993,0.421733569,NS
ENSG00000189042,ZNF567,0.040828874,0.421733569,NS
ENSG00000244716,RPL17P7,-0.041190616,0.421733569,NS
ENSG00000113141,IK,-0.03077804,0.422205016,NS
ENSG00000197548,ATG7,-0.037725715,0.422205016,NS
ENSG00000291050,TEKT4P2,0.03892901,0.422205016,NS
ENSG00000104140,RHOV,-0.039911098,0.422254429,NS
ENSG00000106608,URGCP,0.034994087,0.422422971,NS
ENSG00000109083,IFT20,-0.038932541,0.422422971,NS
ENSG00000171428,NAT1,0.040835031,0.422422971,NS
ENSG00000189157,FAM47E,-0.038333895,0.422499472,NS
ENSG00000127080,IPPK,0.035880679,0.422822923,NS
ENSG00000137166,FOXP4,0.036441599,0.422822923,NS
ENSG00000198930,CSAG1,-0.038540317,0.422822923,NS
ENSG00000204231,RXRB,-0.03778933,0.422822923,NS
ENSG00000066557,LRRC40,0.036049472,0.422903032,NS
ENSG00000106617,PRKAG2,-0.038401979,0.422903032,NS
ENSG00000113845,TIMMDC1,-0.03245209,0.422903032,NS
ENSG00000128965,CHAC1,0.039787425,0.422903032,NS
ENSG00000138279,ANXA7,-0.029898785,0.422903032,NS
ENSG00000163960,UBXN7,0.033580613,0.422903032,NS
ENSG00000184857,TMEM186,-0.038402995,0.422903032,NS
ENSG00000140853,NLRC5,-0.036049457,0.422937146,NS
ENSG00000203814,H2BC18,0.035103983,0.423163226,NS
ENSG00000134440,NARS1,0.02798151,0.423388377,NS
ENSG00000109911,ELP4,-0.039896096,0.423446687,NS
ENSG00000127337,YEATS4,0.035469894,0.423662708,NS
ENSG00000248487,ABHD14A,-0.039960337,0.423662708,NS
ENSG00000131508,UBE2D2,0.031698118,0.42366297,NS
ENSG00000155846,PPARGC1B,0.039406567,0.42366297,NS
ENSG00000185561,TLCD2,-0.04036363,0.42366297,NS
ENSG00000078808,SDF4,-0.031385326,0.423731911,NS
ENSG00000248527,MTATP6P1,0.036034186,0.423731911,NS
ENSG00000255418,LINC02718,-0.040907122,0.423731911,NS
ENSG00000264956,NA,-0.040660142,0.423731911,NS
ENSG00000135390,ATP5MC2,-0.035133683,0.424060443,NS
ENSG00000172006,ZNF554,-0.040295784,0.424060443,NS
ENSG00000268119,NA,0.04080721,0.424060443,NS
ENSG00000272721,EIF2B5-DT,0.038977172,0.424060443,NS
ENSG00000129354,AP1M2,-0.033146226,0.424138862,NS
ENSG00000152904,GGPS1,0.032483325,0.424138862,NS
ENSG00000197530,MIB2,-0.038969416,0.424138862,NS
ENSG00000213341,CHUK,0.037535853,0.424138862,NS
ENSG00000064199,SPA17,0.039345952,0.42441675,NS
ENSG00000143093,STRIP1,-0.03795771,0.42441675,NS
ENSG00000143753,DEGS1,0.027912434,0.42441675,NS
ENSG00000183765,CHEK2,0.036755046,0.424666184,NS
ENSG00000138190,EXOC6,0.040289851,0.425633569,NS
ENSG00000186212,SOWAHB,-0.040248147,0.425768095,NS
ENSG00000260083,MIR762HG,-0.040804961,0.425768095,NS
ENSG00000184207,PGP,-0.03523697,0.425866069,NS
ENSG00000159263,SIM2,0.038470279,0.425925887,NS
ENSG00000007402,CACNA2D2,-0.03944062,0.426169115,NS
ENSG00000065427,KARS1,0.031048836,0.426340038,NS
ENSG00000242828,NA,-0.040580863,0.426340038,NS
ENSG00000176595,KBTBD11,0.037145959,0.427037308,NS
ENSG00000119616,FCF1,0.033868389,0.427199376,NS
ENSG00000141252,VPS53,-0.034674935,0.427613496,NS
ENSG00000181061,HIGD1A,0.029607694,0.427613496,NS
ENSG00000198478,SH3BGRL2,-0.040411367,0.427613496,NS
ENSG00000090238,YPEL3,-0.040645282,0.427908635,NS
ENSG00000165752,STK32C,-0.03766982,0.428238109,NS
ENSG00000182095,TNRC18,0.033967569,0.428238109,NS
ENSG00000196792,STRN3,0.034997074,0.428238109,NS
ENSG00000108375,RNF43,-0.040030588,0.428385646,NS
ENSG00000140479,PCSK6,-0.036429987,0.428403246,NS
ENSG00000205643,CDPF1,0.040196387,0.428403246,NS
ENSG00000138698,RAP1GDS1,-0.035701717,0.428582318,NS
ENSG00000178502,KLHL11,0.038852355,0.428582318,NS
ENSG00000198948,MFAP3L,0.038477602,0.428582318,NS
ENSG00000124444,ZNF576,-0.039816271,0.429209304,NS
ENSG00000293473,CENPBD1P,0.038267364,0.429209304,NS
ENSG00000111912,NCOA7,-0.03861728,0.429479112,NS
ENSG00000108239,TBC1D12,0.040046962,0.429856768,NS
ENSG00000176058,TPRN,-0.037497747,0.429856768,NS
ENSG00000185000,DGAT1,-0.037848835,0.429856768,NS
ENSG00000151135,TMEM263,-0.033455217,0.430433174,NS
ENSG00000166526,ZNF3,0.036877024,0.430433174,NS
ENSG00000130545,CRB3,-0.037872833,0.430840104,NS
ENSG00000214485,RPL7P1,-0.040340557,0.430927076,NS
ENSG00000164244,PRRC1,0.031332752,0.431018385,NS
ENSG00000108443,RPS6KB1,0.033930755,0.43107595,NS
ENSG00000198727,MT-CYB,0.033314356,0.431424085,NS
ENSG00000100228,RAB36,-0.039646338,0.431462508,NS
ENSG00000310533,NA,0.03950178,0.43189785,NS
ENSG00000112079,STK38,-0.036182281,0.431982145,NS
ENSG00000130254,SAFB2,0.033795086,0.431982145,NS
ENSG00000142534,RPS11,-0.033453713,0.431982145,NS
ENSG00000173442,EHBP1L1,-0.040002395,0.431982145,NS
ENSG00000213741,RPS29,-0.040025776,0.431982145,NS
ENSG00000067596,DHX8,0.034333931,0.432080508,NS
ENSG00000111880,RNGTT,0.038233114,0.432080508,NS
ENSG00000197930,ERO1A,0.036589605,0.432080508,NS
ENSG00000198841,KTI12,-0.038174426,0.432080508,NS
ENSG00000185420,SMYD3,-0.03612343,0.432114388,NS
ENSG00000205765,RIMOC1,0.03683638,0.432114388,NS
ENSG00000219665,ZNF433-AS1,-0.039399232,0.432114388,NS
ENSG00000145012,LPP,0.036241371,0.4323717,NS
ENSG00000179627,ZBTB42,-0.036389657,0.4323717,NS
ENSG00000255353,ASS1P13,-0.038673442,0.4323717,NS
ENSG00000277791,PSMB3,-0.032798374,0.4323717,NS
ENSG00000080824,HSP90AA1,0.032421519,0.432866502,NS
ENSG00000135365,PHF21A,-0.03668682,0.432866502,NS
ENSG00000273179,NA,-0.035502949,0.433291056,NS
ENSG00000132669,RIN2,0.038956786,0.434062158,NS
ENSG00000122034,GTF3A,0.034116793,0.434094437,NS
ENSG00000133627,ACTR3B,-0.037696374,0.434275173,NS
ENSG00000256269,HMBS,-0.034265602,0.434275173,NS
ENSG00000171853,TRAPPC12,-0.039151037,0.434532779,NS
ENSG00000180263,FGD6,-0.040131741,0.434556988,NS
ENSG00000009694,TENM1,0.039910513,0.435282898,NS
ENSG00000134318,ROCK2,0.036994652,0.435645748,NS
ENSG00000165434,PGM2L1,-0.038045526,0.435645748,NS
ENSG00000134852,CLOCK,0.03681069,0.436074469,NS
ENSG00000162735,PEX19,-0.030964865,0.436074469,NS
ENSG00000204843,DCTN1,-0.032611735,0.43615681,NS
ENSG00000065717,TLE2,-0.039856795,0.436470996,NS
ENSG00000106780,MEGF9,0.036876641,0.436470996,NS
ENSG00000161057,PSMC2,-0.02968248,0.436470996,NS
ENSG00000182165,TP53TG1,0.038082475,0.436470996,NS
ENSG00000198040,ZNF84,-0.036467858,0.436470996,NS
ENSG00000267348,GEMIN7-AS1,-0.036917637,0.436470996,NS
ENSG00000273730,5_8S_rRNA,-0.019197204,0.436470996,NS
ENSG00000274917,RNA5-8SN5,-0.019197204,0.436470996,NS
ENSG00000275215,RNA5-8SN3,-0.019197204,0.436470996,NS
ENSG00000275757,5_8S_rRNA,-0.019197204,0.436470996,NS
ENSG00000276700,RNA5-8SN4,-0.019197204,0.436470996,NS
ENSG00000277739,5_8S_rRNA,-0.019197204,0.436470996,NS
ENSG00000278189,RNA5-8SN1,-0.019197204,0.436470996,NS
ENSG00000278233,RNA5-8SN2,-0.019197204,0.436470996,NS
ENSG00000290927,NA,-0.036576454,0.436470996,NS
ENSG00000214248,NA,-0.038192853,0.436608549,NS
ENSG00000105983,LMBR1,0.034304176,0.436642788,NS
ENSG00000290791,NA,-0.036634284,0.436678265,NS
ENSG00000037637,FBXO42,0.036737369,0.436750409,NS
ENSG00000101166,PRELID3B,0.029262577,0.436757286,NS
ENSG00000189114,BLOC1S3,0.039459424,0.436757286,NS
ENSG00000270231,NBPF8,-0.03839945,0.437177147,NS
ENSG00000135931,ARMC9,-0.038755444,0.437202481,NS
ENSG00000125505,MBOAT7,-0.028844265,0.43751803,NS
ENSG00000170161,FAM88B,0.03906693,0.43751803,NS
ENSG00000134755,DSC2,-0.031045403,0.437765005,NS
ENSG00000168517,HEXIM2,-0.039711671,0.437765005,NS
ENSG00000205352,PRR13,-0.034537829,0.437765005,NS
ENSG00000283515,NA,-0.036309455,0.437765005,NS
ENSG00000080819,CPOX,0.035822621,0.437834524,NS
ENSG00000248919,ATP5MF-PTCD1,-0.039557426,0.438082308,NS
ENSG00000078304,PPP2R5C,0.030088965,0.438173719,NS
ENSG00000100567,PSMA3,0.032183343,0.438173719,NS
ENSG00000244165,P2RY11,0.039604933,0.438173719,NS
ENSG00000007047,MARK4,-0.039140795,0.438841593,NS
ENSG00000182551,ADI1,-0.032566717,0.43932594,NS
ENSG00000291046,NA,0.03849216,0.43932594,NS
ENSG00000291176,NA,-0.039533623,0.43932594,NS
ENSG00000172809,RPL38,-0.034608939,0.439600629,NS
ENSG00000185189,NRBP2,-0.035893668,0.439600629,NS
ENSG00000245556,SCAMP1-AS1,-0.03945286,0.439600629,NS
ENSG00000272525,BTF3-DT,0.038856175,0.439600629,NS
ENSG00000261236,BOP1,0.030601087,0.440408664,NS
ENSG00000115825,PRKD3,0.035899964,0.440864093,NS
ENSG00000171813,PWWP2B,-0.036550445,0.440864093,NS
ENSG00000248932,COPB2-DT,-0.039643904,0.440976214,NS
ENSG00000137948,BRDT,-0.038538421,0.441534591,NS
ENSG00000196369,SRGAP2B,-0.036192973,0.441555773,NS
ENSG00000100600,LGMN,-0.031936818,0.441807098,NS
ENSG00000204560,DHX16,-0.034326501,0.441987694,NS
ENSG00000196505,GDAP2,0.036331396,0.442242697,NS
ENSG00000134371,CDC73,0.030703329,0.442956538,NS
ENSG00000164649,CDCA7L,-0.033076505,0.443219468,NS
ENSG00000181991,MRPS11,0.035648381,0.443219468,NS
ENSG00000134490,TMEM241,0.036601574,0.443333991,NS
ENSG00000136003,ISCU,-0.033009799,0.443507664,NS
ENSG00000166275,BORCS7,-0.037543399,0.443507664,NS
ENSG00000167815,PRDX2,-0.032767015,0.443507664,NS
ENSG00000181038,METTL23,-0.035744195,0.443507664,NS
ENSG00000198707,CEP290,0.039239198,0.443507664,NS
ENSG00000135723,FHOD1,-0.035084778,0.443612297,NS
ENSG00000284116,NA,-0.039062679,0.443680037,NS
ENSG00000175906,ARL4D,0.039070826,0.443728877,NS
ENSG00000180354,MTURN,0.038284994,0.443875452,NS
ENSG00000104936,DMPK,-0.038862444,0.444037443,NS
ENSG00000196890,H2BC26,-0.039303371,0.444037443,NS
ENSG00000173011,TADA2B,0.033598575,0.444198098,NS
ENSG00000101464,PIGU,0.035083452,0.444507068,NS
ENSG00000122550,KLHL7,-0.035164235,0.444507068,NS
ENSG00000135842,NIBAN1,0.038318241,0.444507068,NS
ENSG00000105856,HBP1,-0.035920483,0.444926235,NS
ENSG00000156990,RPUSD3,-0.035085275,0.445033815,NS
ENSG00000168291,PDHB,-0.030268757,0.445033815,NS
ENSG00000173068,BNC2,0.034428794,0.445033815,NS
ENSG00000299200,NA,0.03674302,0.445046819,NS
ENSG00000145740,SLC30A5,0.030612805,0.445054452,NS
ENSG00000247626,MARS2,0.035059504,0.445054452,NS
ENSG00000123191,ATP7B,-0.03932382,0.445197739,NS
ENSG00000149313,AASDHPPT,0.033337346,0.445197739,NS
ENSG00000002919,SNX11,-0.037261596,0.44545734,NS
ENSG00000100938,GMPR2,-0.032833212,0.44545734,NS
ENSG00000130559,CAMSAP1,0.032542128,0.44545734,NS
ENSG00000149582,TMEM25,-0.036000891,0.44545734,NS
ENSG00000173933,RBM4,-0.030059129,0.44545734,NS
ENSG00000198712,MT-CO2,0.033410684,0.44545734,NS
ENSG00000143549,TPM3,0.026372042,0.445493245,NS
ENSG00000171067,C11orf24,0.03363433,0.445994819,NS
ENSG00000184007,PTP4A2,0.030947139,0.445994819,NS
ENSG00000144827,ABHD10,0.03116904,0.446132016,NS
ENSG00000278384,NA,-0.038895436,0.446132016,NS
ENSG00000106078,COBL,0.035929332,0.446212913,NS
ENSG00000117000,RLF,0.037993812,0.446313607,NS
ENSG00000171953,ATPAF2,-0.035782841,0.446313607,NS
ENSG00000293316,PLEKHA8P1,0.036692963,0.446353581,NS
ENSG00000133103,COG6,-0.037207894,0.446533342,NS
ENSG00000204525,HLA-C,-0.034220923,0.446978412,NS
ENSG00000164048,ZNF589,0.03789122,0.447053577,NS
ENSG00000136021,SCYL2,0.032588938,0.447117768,NS
ENSG00000126067,PSMB2,0.032069242,0.447198012,NS
ENSG00000130821,SLC6A8,-0.031483939,0.447198012,NS
ENSG00000198133,TMEM229B,-0.035910776,0.447198012,NS
ENSG00000143771,CNIH4,0.033861816,0.447919837,NS
ENSG00000125850,OVOL2,-0.03889297,0.447971118,NS
ENSG00000154945,ANKRD40,0.03195059,0.447971118,NS
ENSG00000176473,WDR25,-0.039084175,0.447971118,NS
ENSG00000176973,FAM89B,-0.034483901,0.447971118,NS
ENSG00000266173,STRADA,-0.037328194,0.447971118,NS
ENSG00000215039,CD27-AS1,-0.038547639,0.448036892,NS
ENSG00000226221,RPL26P19,-0.031558017,0.448036892,NS
ENSG00000100288,CHKB,-0.037911504,0.448513878,NS
ENSG00000101901,ALG13,-0.034524415,0.448513878,NS
ENSG00000127311,HELB,0.036811576,0.448513878,NS
ENSG00000134077,THUMPD3,0.030750194,0.448513878,NS
ENSG00000205476,CCDC85C,0.029118629,0.448513878,NS
ENSG00000111801,BTN3A3,-0.039013684,0.448736028,NS
ENSG00000149499,EML3,-0.036138849,0.448736028,NS
ENSG00000177733,HNRNPA0,0.029246678,0.448931514,NS
ENSG00000148229,POLE3,0.03109587,0.449123197,NS
ENSG00000198876,DCAF12,0.030508107,0.449123197,NS
ENSG00000290474,NA,-0.032785385,0.449123197,NS
ENSG00000104442,ARMC1,0.032018939,0.449585754,NS
ENSG00000165282,PIGO,0.032101032,0.449585754,NS
ENSG00000258738,BAZ1A-AS1,-0.034888594,0.449585754,NS
ENSG00000274012,RN7SL2,-0.038762852,0.449585754,NS
ENSG00000280046,NA,0.038902803,0.449884751,NS
ENSG00000250305,TRMT9B,-0.034620798,0.449954834,NS
ENSG00000042445,RETSAT,-0.032715288,0.450017603,NS
ENSG00000072506,HSD17B10,-0.03209809,0.450017603,NS
ENSG00000134058,CDK7,0.036411312,0.450017603,NS
ENSG00000165280,VCP,-0.026418481,0.450017603,NS
ENSG00000276234,TADA2A,-0.036804542,0.450340246,NS
ENSG00000165841,CYP2C19,-0.037283399,0.450630028,NS
ENSG00000124164,VAPB,0.030581195,0.450658556,NS
ENSG00000153487,ING1,0.03883776,0.450658556,NS
ENSG00000232533,FAM131B-AS2,-0.03586713,0.450658556,NS
ENSG00000151093,OXSM,-0.035510968,0.450706848,NS
ENSG00000038274,MAT2B,0.035125616,0.450800298,NS
ENSG00000136895,GARNL3,-0.037517655,0.450800298,NS
ENSG00000165802,NSMF,-0.03065934,0.450800298,NS
ENSG00000237310,LINC03011,-0.038661842,0.450800298,NS
ENSG00000134265,NAPG,-0.033910703,0.450840128,NS
ENSG00000158717,RNF166,-0.038281416,0.450875902,NS
ENSG00000170881,RNF139,0.034063374,0.451287852,NS
ENSG00000015676,NUDCD3,-0.029998967,0.451405358,NS
ENSG00000025156,HSF2,-0.037209785,0.451405358,NS
ENSG00000126391,FRMD8,-0.034151421,0.451405358,NS
ENSG00000151552,QDPR,-0.035265805,0.451405358,NS
ENSG00000180879,SSR4,0.034779153,0.451405358,NS
ENSG00000091136,LAMB1,-0.038719639,0.451408459,NS
ENSG00000168564,CDKN2AIP,0.037274765,0.451408459,NS
ENSG00000172062,SMN1,0.031465767,0.451877049,NS
ENSG00000160917,CPSF4,0.03464542,0.452003444,NS
ENSG00000169064,ZBBX,-0.035764816,0.452056766,NS
ENSG00000152484,USP12,0.036976257,0.452186748,NS
ENSG00000174292,TNK1,-0.038561177,0.452217643,NS
ENSG00000303221,NA,-0.037906612,0.452502616,NS
ENSG00000100320,RBFOX2,0.033760682,0.452757287,NS
ENSG00000120549,KIAA1217,-0.033361589,0.452757287,NS
ENSG00000148143,ZNF462,0.0367879,0.452757287,NS
ENSG00000241506,PSMC1P1,-0.03797542,0.452757287,NS
ENSG00000166897,ELFN2,-0.036206426,0.452910303,NS
ENSG00000293210,SSR4P1,0.038395062,0.453305841,NS
ENSG00000156689,GLYATL2,-0.037984925,0.453382328,NS
ENSG00000125630,POLR1B,0.030908717,0.453540146,NS
ENSG00000088970,KIZ,-0.038421647,0.453612939,NS
ENSG00000174028,FAM3C2P,-0.033099995,0.453670982,NS
ENSG00000157978,LDLRAP1,-0.03648665,0.453795103,NS
ENSG00000286075,SMIM10L3,-0.038480765,0.453795103,NS
ENSG00000011638,LDAF1,-0.037150678,0.454070721,NS
ENSG00000141441,GAREM1,-0.038313605,0.45421255,NS
ENSG00000136938,ANP32B,0.027403611,0.45427536,NS
ENSG00000140983,RHOT2,-0.034899472,0.454350283,NS
ENSG00000021776,AQR,0.033676021,0.454424629,NS
ENSG00000063176,SPHK2,-0.036497136,0.454424629,NS
ENSG00000077150,NFKB2,-0.03531195,0.454424629,NS
ENSG00000080608,PUM3,0.034196056,0.454424629,NS
ENSG00000104365,IKBKB,-0.036399135,0.454424629,NS
ENSG00000108669,CYTH1,0.035176871,0.454424629,NS
ENSG00000108960,MMD,-0.035571183,0.454424629,NS
ENSG00000119760,SUPT7L,-0.03477945,0.454424629,NS
ENSG00000135045,C9orf40,0.033750093,0.454424629,NS
ENSG00000137168,PPIL1,0.035205065,0.454424629,NS
ENSG00000137497,NUMA1,0.028415194,0.454424629,NS
ENSG00000172731,LRRC20,-0.031853661,0.454424629,NS
ENSG00000175309,PHYKPL,-0.03852659,0.454424629,NS
ENSG00000182583,VCX,0.036554453,0.454424629,NS
ENSG00000203875,SNHG5,-0.036855193,0.454424629,NS
ENSG00000272916,NA,-0.032161441,0.454424629,NS
ENSG00000023892,DEF6,0.038112744,0.454511386,NS
ENSG00000071189,SNX13,0.03277214,0.454511386,NS
ENSG00000076053,RBM7,0.037006856,0.454511386,NS
ENSG00000109861,CTSC,0.036897946,0.454511386,NS
ENSG00000110628,SLC22A18,-0.038439808,0.454511386,NS
ENSG00000120685,PROSER1,0.034053267,0.454511386,NS
ENSG00000105186,ANKRD27,0.033615544,0.454696093,NS
ENSG00000276023,DUSP14,-0.035094709,0.454696093,NS
ENSG00000275441,NA,-0.035696352,0.455409662,NS
ENSG00000233016,SNHG7,-0.03837281,0.455779208,NS
ENSG00000113593,PPWD1,0.035881453,0.455898781,NS
ENSG00000241878,PISD,-0.036508128,0.455898781,NS
ENSG00000129535,NRL,-0.033553257,0.456208479,NS
ENSG00000136738,STAM,0.034370777,0.456208479,NS
ENSG00000119720,NRDE2,0.038008396,0.456883687,NS
ENSG00000080822,CLDND1,0.033131861,0.457170746,NS
ENSG00000127946,HIP1,0.034691373,0.457233689,NS
ENSG00000254858,MPV17L2,-0.035144451,0.457233689,NS
ENSG00000257727,CNPY2,-0.034320447,0.457682272,NS
ENSG00000122565,CBX3,0.026035642,0.457958315,NS
ENSG00000140688,RUSF1,-0.033032603,0.457958315,NS
ENSG00000184227,ACOT1,-0.037093571,0.457958315,NS
ENSG00000023318,ERP44,0.032010797,0.45856435,NS
ENSG00000165030,NFIL3,-0.037224152,0.459299406,NS
ENSG00000173950,XXYLT1,-0.035879212,0.459299406,NS
ENSG00000238045,MVP-DT,-0.031308665,0.459299406,NS
ENSG00000137976,DNASE2B,-0.037610565,0.45944839,NS
ENSG00000075142,SRI,-0.033909556,0.459540357,NS
ENSG00000147853,AK3,-0.030973937,0.459588181,NS
ENSG00000177150,FAM210A,0.035592431,0.459588181,NS
ENSG00000179029,TMEM107,0.036899584,0.459588181,NS
ENSG00000229124,VIM-AS1,-0.037222126,0.459919756,NS
ENSG00000114503,NCBP2,-0.030440319,0.45999398,NS
ENSG00000188818,ZDHHC11,-0.035477365,0.45999398,NS
ENSG00000143252,SDHC,-0.030713066,0.460093447,NS
ENSG00000184967,NOC4L,0.035640245,0.460331193,NS
ENSG00000213793,ZNF888,0.03767883,0.46050906,NS
ENSG00000160746,ANO10,-0.035544517,0.460621061,NS
ENSG00000103319,EEF2K,0.035887068,0.460660322,NS
ENSG00000108590,MED31,-0.037528084,0.460660322,NS
ENSG00000162613,FUBP1,0.027877393,0.460803334,NS
ENSG00000196642,RABL6,0.02916917,0.460803334,NS
ENSG00000260552,COSMOC,0.03743948,0.46108214,NS
ENSG00000113369,ARRDC3,0.037702998,0.461119914,NS
ENSG00000130826,DKC1,0.028318082,0.461119914,NS
ENSG00000168038,ULK4,-0.034433811,0.461119914,NS
ENSG00000100815,TRIP11,0.033159886,0.46128588,NS
ENSG00000138802,SEC24B,0.034420945,0.46128588,NS
ENSG00000144362,PHOSPHO2,-0.036975967,0.46128588,NS
ENSG00000166262,FAM227B,0.036243813,0.46128588,NS
ENSG00000166797,CIAO2A,0.033442771,0.46128588,NS
ENSG00000167685,ZNF444,-0.034706238,0.46128588,NS
ENSG00000175198,PCCA,-0.037060467,0.46128588,NS
ENSG00000179912,R3HDM2,-0.034898115,0.46128588,NS
ENSG00000245910,SNHG6,0.034490223,0.46128588,NS
ENSG00000131473,ACLY,-0.026451207,0.461301186,NS
ENSG00000286009,NA,-0.03683381,0.461307247,NS
ENSG00000136699,SMPD4,0.028771931,0.461318514,NS
ENSG00000198945,L3MBTL3,0.037104278,0.461318514,NS
ENSG00000099860,GADD45B,0.035528767,0.461467942,NS
ENSG00000115392,FANCL,-0.037642864,0.461467942,NS
ENSG00000115275,MOGS,-0.033975024,0.461578552,NS
ENSG00000130204,TOMM40,0.030843718,0.461578552,NS
ENSG00000135709,KIAA0513,-0.036087096,0.461578552,NS
ENSG00000137161,CNPY3,0.035119282,0.461578552,NS
ENSG00000125779,PANK2,0.031559839,0.461662336,NS
ENSG00000161217,PCYT1A,0.031535899,0.461662336,NS
ENSG00000176170,SPHK1,-0.037888793,0.461662336,NS
ENSG00000187741,FANCA,0.035497912,0.461662336,NS
ENSG00000213339,QTRT1,-0.035337532,0.461662336,NS
ENSG00000196455,PIK3R4,0.032860296,0.461720454,NS
ENSG00000290837,LRRC37A5P,-0.035819488,0.461720454,NS
ENSG00000126243,LRFN3,-0.036414279,0.461803924,NS
ENSG00000152503,TRIM36,0.035687495,0.461868114,NS
ENSG00000188010,MORN2,-0.037455474,0.461888802,NS
ENSG00000005483,KMT2E,0.034637501,0.461939067,NS
ENSG00000072682,P4HA2,0.035430151,0.461939067,NS
ENSG00000107968,MAP3K8,-0.037836795,0.461939067,NS
ENSG00000157423,HYDIN,0.03567563,0.461939067,NS
ENSG00000164117,FBXO8,0.037170141,0.461939067,NS
ENSG00000173621,LRFN4,-0.03387248,0.461939067,NS
ENSG00000204642,HLA-F,-0.032418656,0.461939067,NS
ENSG00000224861,YBX1P1,-0.036827858,0.461939067,NS
ENSG00000293035,LINC01667,-0.03676086,0.461939067,NS
ENSG00000197885,NKIRAS1,0.036083377,0.461995344,NS
ENSG00000287817,NA,-0.036391468,0.461995344,NS
ENSG00000094804,CDC6,0.029141734,0.462654808,NS
ENSG00000112078,KCTD20,0.031400352,0.462654808,NS
ENSG00000132688,NES,0.034632549,0.462654808,NS
ENSG00000139977,NAA30,0.033676943,0.462654808,NS
ENSG00000158406,H4C8,-0.03750782,0.462654808,NS
ENSG00000163377,TAFA4,0.036009524,0.462654808,NS
ENSG00000163608,NEPRO,0.033135674,0.462654808,NS
ENSG00000170745,KCNS3,-0.037758122,0.462654808,NS
ENSG00000171700,RGS19,-0.034209434,0.462654808,NS
ENSG00000263753,LINC00667,-0.032619819,0.462654808,NS
ENSG00000100030,MAPK1,0.028998798,0.462891985,NS
ENSG00000300506,NA,0.020350197,0.462891985,NS
ENSG00000099817,POLR2E,-0.029624186,0.462918259,NS
ENSG00000205808,PLPP6,0.031877563,0.463375191,NS
ENSG00000235453,SMIM27,-0.037528057,0.463423425,NS
ENSG00000174514,MFSD4A,0.032941031,0.463668425,NS
ENSG00000156787,TBC1D31,0.037324922,0.463727448,NS
ENSG00000070770,CSNK2A2,0.032921358,0.463871506,NS
ENSG00000105519,CAPS,-0.031780656,0.463871506,NS
ENSG00000116663,FBXO6,-0.037598349,0.463871506,NS
ENSG00000214021,TTLL3,-0.035004526,0.463871506,NS
ENSG00000112701,SENP6,0.032013634,0.464065112,NS
ENSG00000134317,GRHL1,0.037346623,0.464065112,NS
ENSG00000156873,PHKG2,-0.034868125,0.464065112,NS
ENSG00000177732,SOX12,0.030829603,0.464065112,NS
ENSG00000228084,NA,-0.032726569,0.464065112,NS
ENSG00000293686,NA,0.023969265,0.464065112,NS
ENSG00000131871,SELENOS,-0.03374533,0.464083033,NS
ENSG00000148985,PGAP2,-0.033508726,0.464083033,NS
ENSG00000173890,GPR160,-0.035924619,0.464083033,NS
ENSG00000268350,FAM156A,-0.034972861,0.464083033,NS
ENSG00000273142,LINC02604,-0.034267242,0.464293295,NS
ENSG00000127452,FBXL12,-0.037430761,0.46430478,NS
ENSG00000146535,GNA12,0.029855002,0.464310697,NS
ENSG00000196465,MYL6B,-0.034841232,0.464310697,NS
ENSG00000181929,PRKAG1,-0.029758442,0.465429036,NS
ENSG00000198464,ZNF480,0.032826856,0.465429036,NS
ENSG00000156709,AIFM1,-0.029118132,0.465673857,NS
ENSG00000101986,ABCD1,-0.031614887,0.465798251,NS
ENSG00000173272,MZT2A,0.033719254,0.465798251,NS
ENSG00000269983,NA,0.037297554,0.465798251,NS
ENSG00000125755,SYMPK,-0.032864472,0.466362317,NS
ENSG00000135916,ITM2C,-0.034741892,0.466362317,NS
ENSG00000188428,BLOC1S5,0.03704742,0.466703794,NS
ENSG00000173264,GPR137,-0.03240885,0.46673043,NS
ENSG00000124713,GNMT,0.036949311,0.46763704,NS
ENSG00000130413,STK33,-0.036592052,0.46763704,NS
ENSG00000176390,CRLF3,0.035989231,0.46763704,NS
ENSG00000224046,DMTF1-AS1,-0.032234847,0.46763704,NS
ENSG00000247708,STX18-AS1,0.037303247,0.46763704,NS
ENSG00000258890,CEP95,0.037289803,0.46763704,NS
ENSG00000290846,NA,-0.036908967,0.46763704,NS
ENSG00000109436,TBC1D9,0.032679423,0.467667127,NS
ENSG00000272145,NFYC-AS1,0.034190168,0.467691531,NS
ENSG00000063180,CA11,-0.033798844,0.467764871,NS
ENSG00000153896,ZNF599,-0.036389017,0.467999468,NS
ENSG00000111785,RIC8B,-0.036471367,0.468036836,NS
ENSG00000173113,TRMT112,-0.031554461,0.468307232,NS
ENSG00000118600,RXYLT1,0.033323268,0.468325897,NS
ENSG00000092020,PPP2R3C,0.034743976,0.468558677,NS
ENSG00000133315,MACROD1,-0.036372525,0.468558677,NS
ENSG00000142459,EVI5L,-0.033804165,0.468558677,NS
ENSG00000125846,ZNF133,-0.037251917,0.468884037,NS
ENSG00000145022,TCTA,-0.031988143,0.468960009,NS
ENSG00000069849,ATP1B3,-0.028521525,0.469247128,NS
ENSG00000092841,MYL6,-0.030071542,0.469247128,NS
ENSG00000107282,APBA1,-0.03563309,0.469247128,NS
ENSG00000108061,SHOC2,0.032313005,0.469247128,NS
ENSG00000108506,INTS2,0.03457369,0.469247128,NS
ENSG00000116815,CD58,-0.036833256,0.469247128,NS
ENSG00000130768,SMPDL3B,-0.034161725,0.469247128,NS
ENSG00000136279,DBNL,-0.029975616,0.469247128,NS
ENSG00000155542,SETD9,0.037204259,0.469247128,NS
ENSG00000169919,GUSB,0.030372496,0.469247128,NS
ENSG00000262246,CORO7,-0.03718422,0.469247128,NS
ENSG00000288398,NA,-0.03715081,0.469247128,NS
ENSG00000076513,ANKRD13A,-0.034971452,0.469392752,NS
ENSG00000172354,GNB2,-0.028361338,0.469392752,NS
ENSG00000138162,TACC2,0.031114152,0.469394736,NS
ENSG00000099797,TECR,-0.031350774,0.470164618,NS
ENSG00000128272,ATF4,0.026051861,0.470216536,NS
ENSG00000164983,TMEM65,0.033593231,0.470216536,NS
ENSG00000125351,UPF3B,-0.035382324,0.470228911,NS
ENSG00000170365,SMAD1,0.035050968,0.470228911,NS
ENSG00000106723,SPIN1,0.030946367,0.470364149,NS
ENSG00000135245,HILPDA,0.034313627,0.470364149,NS
ENSG00000185344,ATP6V0A2,0.035163811,0.470364149,NS
ENSG00000151715,TMEM45B,-0.036568725,0.470479794,NS
ENSG00000163328,GPR155,-0.036613767,0.470479794,NS
ENSG00000251369,ZNF550,-0.036294841,0.470479794,NS
ENSG00000128534,LSM8,0.0337237,0.470623776,NS
ENSG00000197077,KIAA1671,0.031194388,0.470778821,NS
ENSG00000164172,MOCS2,-0.031576327,0.470903223,NS
ENSG00000120451,SNX19,0.030198021,0.47105141,NS
ENSG00000143106,PSMA5,-0.029991095,0.47105141,NS
ENSG00000197903,H2BC12,-0.032674122,0.47105141,NS
ENSG00000279879,NA,-0.034177958,0.47105141,NS
ENSG00000108389,MTMR4,0.031499213,0.471589701,NS
ENSG00000087299,L2HGDH,0.032609713,0.471643698,NS
ENSG00000273270,LINC03072,-0.035338022,0.471643698,NS
ENSG00000138768,USO1,-0.029110852,0.471755556,NS
ENSG00000164818,DNAAF5,0.030079723,0.472085235,NS
ENSG00000171522,PTGER4,0.033273005,0.472085235,NS
ENSG00000162804,SNED1,-0.036900104,0.472290927,NS
ENSG00000273604,EPOP,0.033151308,0.472491629,NS
ENSG00000008277,ADAM22,-0.036177244,0.472506983,NS
ENSG00000046604,DSG2,0.026069624,0.472506983,NS
ENSG00000087095,NLK,0.035790497,0.472506983,NS
ENSG00000102181,CD99L2,-0.034464614,0.472506983,NS
ENSG00000135974,C2orf49,0.0358663,0.472506983,NS
ENSG00000147889,CDKN2A,0.034821022,0.472506983,NS
ENSG00000151914,DST,0.036938328,0.472506983,NS
ENSG00000157259,GATAD1,-0.034012902,0.472506983,NS
ENSG00000162664,ZNF326,0.035629477,0.472506983,NS
ENSG00000167703,SLC43A2,-0.031483241,0.472506983,NS
ENSG00000168944,CEP120,0.036198326,0.472506983,NS
ENSG00000170017,ALCAM,-0.030503997,0.472506983,NS
ENSG00000170100,ZNF778,0.033083171,0.472506983,NS
ENSG00000178802,MPI,-0.030897148,0.472506983,NS
ENSG00000196352,CD55,-0.0348132,0.472506983,NS
ENSG00000229431,MED8-AS1,0.036388342,0.472506983,NS
ENSG00000230316,FEZF1-AS1,-0.032038389,0.472506983,NS
ENSG00000146282,RARS2,-0.0346513,0.473081037,NS
ENSG00000148339,SLC25A25,0.031861167,0.473081037,NS
ENSG00000164366,CCDC127,0.035237588,0.473081037,NS
ENSG00000186522,SEPTIN10,0.034188498,0.473172951,NS
ENSG00000110719,TCIRG1,-0.036700539,0.47327255,NS
ENSG00000170348,TMED10,0.026900369,0.47327255,NS
ENSG00000172340,SUCLG2,0.028361256,0.47327255,NS
ENSG00000175166,PSMD2,-0.025801172,0.47327255,NS
ENSG00000139263,LRIG3,0.036776807,0.473598882,NS
ENSG00000068400,GRIPAP1,-0.034397567,0.473856951,NS
ENSG00000137822,TUBGCP4,0.034501876,0.473856951,NS
ENSG00000142541,RPL13A,-0.030909924,0.473856951,NS
ENSG00000290770,MFSD14CP,0.035535852,0.473856951,NS
ENSG00000138587,MNS1,0.034936627,0.473918581,NS
ENSG00000152749,GPR180,0.034605729,0.473918581,NS
ENSG00000165997,ARL5B,0.031417484,0.473918581,NS
ENSG00000168802,CHTF8,-0.033118514,0.473918581,NS
ENSG00000182022,CHST15,-0.035159806,0.473918581,NS
ENSG00000185246,PRPF39,-0.033860867,0.473918581,NS
ENSG00000253738,OTUD6B-AS1,0.032158309,0.473918581,NS
ENSG00000077092,RARB,0.036743833,0.474081994,NS
ENSG00000100307,CBX7,-0.035145933,0.474081994,NS
ENSG00000101158,NELFCD,-0.028262048,0.47416143,NS
ENSG00000110497,AMBRA1,0.03341136,0.47416143,NS
ENSG00000119969,HELLS,0.034278692,0.47416143,NS
ENSG00000204351,SKIC2,-0.033004543,0.47416143,NS
ENSG00000174951,FUT1,0.036569101,0.474246825,NS
ENSG00000260563,NA,-0.032219887,0.474263384,NS
ENSG00000072849,DERL2,0.032111382,0.474866878,NS
ENSG00000121900,TMEM54,-0.030483896,0.474866878,NS
ENSG00000153561,RMND5A,0.030898462,0.474866878,NS
ENSG00000169020,ATP5ME,-0.031966885,0.474866878,NS
ENSG00000171988,JMJD1C,0.034563699,0.474866878,NS
ENSG00000294133,NA,-0.036607289,0.474866878,NS
ENSG00000143420,ENSA,-0.027598227,0.474872745,NS
ENSG00000271121,NUDT4P2,0.031949173,0.474998753,NS
ENSG00000221968,FADS3,-0.035785585,0.475245512,NS
ENSG00000241360,PDXP,0.033033082,0.475245512,NS
ENSG00000133812,SBF2,0.032063639,0.475494716,NS
ENSG00000169220,RGS14,-0.036589083,0.475494716,NS
ENSG00000198873,GRK5,-0.031284451,0.475494716,NS
ENSG00000057294,PKP2,0.036609995,0.475508054,NS
ENSG00000100196,KDELR3,-0.035370693,0.475685583,NS
ENSG00000100591,AHSA1,0.029264284,0.475685583,NS
ENSG00000114374,USP9Y,-0.031004603,0.475685583,NS
ENSG00000130518,IQCN,-0.032662719,0.475685583,NS
ENSG00000134255,CEPT1,0.033936312,0.475685583,NS
ENSG00000264207,NA,0.035977901,0.475685583,NS
ENSG00000101189,MRGBP,0.03365874,0.475830212,NS
ENSG00000133313,CNDP2,0.02596327,0.475830212,NS
ENSG00000165626,BEND7,-0.036561351,0.475830212,NS
ENSG00000042753,AP2S1,0.031718115,0.475893771,NS
ENSG00000107872,FBXL15,-0.036159551,0.475976619,NS
ENSG00000140553,UNC45A,-0.028569506,0.475976619,NS
ENSG00000198886,MT-ND4,0.029812115,0.475976619,NS
ENSG00000290792,NA,0.033507267,0.475976619,NS
ENSG00000110619,CARS1,0.030024288,0.476382438,NS
ENSG00000122642,FKBP9,-0.033780247,0.476382438,NS
ENSG00000159753,CARMIL2,-0.035205132,0.47663576,NS
ENSG00000277182,NA,-0.033827139,0.47663576,NS
ENSG00000016864,GLT8D1,-0.032944779,0.476822093,NS
ENSG00000072778,ACADVL,-0.026341944,0.477055248,NS
ENSG00000244398,RPL36AP37,-0.035929599,0.477055248,NS
ENSG00000110917,MLEC,0.028979523,0.477118875,NS
ENSG00000172037,LAMB2,-0.029760502,0.477118875,NS
ENSG00000126062,TMEM115,0.030937049,0.477255781,NS
ENSG00000280120,NA,0.032704113,0.477255781,NS
ENSG00000120658,ENOX1,0.036153358,0.477435809,NS
ENSG00000168116,KIAA1586,0.033842987,0.477811297,NS
ENSG00000176022,B3GALT6,-0.030937712,0.477918476,NS
ENSG00000001630,CYP51A1,-0.029556991,0.477928375,NS
ENSG00000013375,PGM3,-0.032679722,0.477928375,NS
ENSG00000082212,ME2,-0.029002255,0.477928375,NS
ENSG00000136152,COG3,-0.035412618,0.477928375,NS
ENSG00000140395,SKIC8,-0.032730345,0.477928375,NS
ENSG00000145919,BOD1,-0.032768078,0.477928375,NS
ENSG00000214719,NA,0.034517976,0.477928375,NS
ENSG00000103855,CD276,0.02811533,0.478010464,NS
ENSG00000150403,TMCO3,-0.032809144,0.478010464,NS
ENSG00000185129,PURA,-0.030874438,0.478010464,NS
ENSG00000244754,N4BP2L2,0.034010636,0.478010464,NS
ENSG00000135124,P2RX4,-0.035277708,0.478229338,NS
ENSG00000197045,GMFB,0.028875644,0.478229338,NS
ENSG00000196843,ARID5A,-0.035057436,0.47826488,NS
ENSG00000123933,MXD4,-0.030509418,0.478464006,NS
ENSG00000143458,GABPB2,0.035594099,0.479175779,NS
ENSG00000249550,LINC01234,-0.034202141,0.479175779,NS
ENSG00000122435,TRMT13,0.034689686,0.479339547,NS
ENSG00000033327,GAB2,0.03357441,0.479517077,NS
ENSG00000117385,P3H1,-0.033332626,0.479879912,NS
ENSG00000138101,DTNB,-0.033039401,0.479879912,NS
ENSG00000154265,ABCA5,-0.034921485,0.479879912,NS
ENSG00000155090,KLF10,0.033260277,0.479879912,NS
ENSG00000181104,F2R,-0.034627292,0.479879912,NS
ENSG00000187446,CHP1,-0.02819266,0.479879912,NS
ENSG00000198837,DENND4B,-0.033514725,0.479879912,NS
ENSG00000110328,GALNT18,0.034953306,0.480071862,NS
ENSG00000163877,SNIP1,0.033209301,0.480071862,NS
ENSG00000170606,HSPA4,0.026910307,0.480071862,NS
ENSG00000116455,WDR77,-0.029605679,0.480098812,NS
ENSG00000130724,CHMP2A,-0.030341843,0.480098812,NS
ENSG00000094631,HDAC6,0.033498328,0.480129888,NS
ENSG00000122882,ECD,0.030544349,0.480129888,NS
ENSG00000163104,SMARCAD1,0.031301316,0.480129888,NS
ENSG00000063177,RPL18,-0.029876746,0.480348632,NS
ENSG00000092964,DPYSL2,-0.033906404,0.480348632,NS
ENSG00000103043,VAC14,-0.033784724,0.480348632,NS
ENSG00000107186,MPDZ,-0.034474937,0.480348632,NS
ENSG00000113240,CLK4,-0.035744078,0.480348632,NS
ENSG00000116005,PCYOX1,-0.031013029,0.480348632,NS
ENSG00000136104,RNASEH2B,0.034727457,0.480348632,NS
ENSG00000143390,RFX5,-0.029516689,0.480348632,NS
ENSG00000160867,FGFR4,-0.036151836,0.480348632,NS
ENSG00000163840,DTX3L,0.033016311,0.480348632,NS
ENSG00000169410,PTPN9,0.032847117,0.480348632,NS
ENSG00000170734,POLH,0.034090845,0.480348632,NS
ENSG00000178075,GRAMD1C,-0.03508222,0.480348632,NS
ENSG00000180098,TRNAU1AP,-0.033027488,0.480348632,NS
ENSG00000185760,KCNQ5,-0.033685884,0.480348632,NS
ENSG00000196284,SUPT3H,-0.034699207,0.480348632,NS
ENSG00000203943,SAMD13,-0.033725093,0.480348632,NS
ENSG00000206190,ATP10A,0.034036321,0.480348632,NS
ENSG00000227268,KLLN,-0.034459572,0.480348632,NS
ENSG00000270673,YTHDF3-DT,-0.03611103,0.480348632,NS
ENSG00000278828,H3C10,-0.035904317,0.480348632,NS
ENSG00000290873,LINC03009,-0.033879601,0.480348632,NS
ENSG00000291122,CASTOR3P,-0.036116591,0.480348632,NS
ENSG00000302966,NA,0.029782786,0.480348632,NS
ENSG00000005020,SKAP2,-0.031004819,0.480463165,NS
ENSG00000075188,NUP37,0.03336246,0.480463165,NS
ENSG00000109270,LAMTOR3,0.032349928,0.480463165,NS
ENSG00000140057,AK7,-0.031764116,0.480463165,NS
ENSG00000167775,CD320,-0.029854552,0.480463165,NS
ENSG00000173013,CFAP184,-0.034535799,0.480486598,NS
ENSG00000102981,PARD6A,-0.035918395,0.480551365,NS
ENSG00000084090,STARD7,0.027474995,0.480648885,NS
ENSG00000142544,CTU1,-0.035547434,0.480648885,NS
ENSG00000264112,NA,0.03338889,0.480648885,NS
ENSG00000145916,RMND5B,-0.03187734,0.481098231,NS
ENSG00000276550,HERC2P2,-0.029289953,0.481098231,NS
ENSG00000175193,PARL,-0.031353974,0.481321882,NS
ENSG00000176171,BNIP3,-0.030708973,0.482007761,NS
ENSG00000105397,TYK2,-0.032650677,0.482018917,NS
ENSG00000119041,GTF3C3,0.032540314,0.482018917,NS
ENSG00000124785,NRN1,0.0342935,0.482018917,NS
ENSG00000141564,RPTOR,0.031132937,0.483175536,NS
ENSG00000141367,CLTC,0.025316542,0.483223149,NS
ENSG00000205913,SRRM2-AS1,-0.034693309,0.483223149,NS
ENSG00000235092,ID2-AS1,-0.035161901,0.483223149,NS
ENSG00000291065,NA,0.034826522,0.483223149,NS
ENSG00000114416,FXR1,0.027053332,0.48353849,NS
ENSG00000138629,UBL7,-0.032725983,0.483683746,NS
ENSG00000170153,RNF150,-0.034489086,0.483683746,NS
ENSG00000171150,SOCS5,0.035092433,0.483683746,NS
ENSG00000196975,ANXA4,-0.031798866,0.483683746,NS
ENSG00000266729,DSG1-AS1,0.034579767,0.483683746,NS
ENSG00000310537,NA,0.031255256,0.483683746,NS
ENSG00000151131,NOPCHAP1,0.033898302,0.483705996,NS
ENSG00000104320,NBN,0.029499394,0.483995124,NS
ENSG00000081665,ZNF506,0.035004544,0.484329264,NS
ENSG00000104812,GYS1,-0.02972218,0.484329264,NS
ENSG00000111725,PRKAB1,-0.035649807,0.484329264,NS
ENSG00000122965,RBM19,-0.03500032,0.484329264,NS
ENSG00000127125,PPCS,-0.03126702,0.484329264,NS
ENSG00000143183,TMCO1,0.028109575,0.484329264,NS
ENSG00000166598,HSP90B1,0.023895285,0.484329264,NS
ENSG00000183597,TANGO2,-0.035331172,0.484329264,NS
ENSG00000197183,NOL4L,-0.035756246,0.484329264,NS
ENSG00000223768,LINC00205,-0.03305018,0.484329264,NS
ENSG00000285641,NA,-0.035744022,0.484329264,NS
ENSG00000197381,ADARB1,-0.032876693,0.484794002,NS
ENSG00000253368,TRNP1,-0.03521331,0.485152626,NS
ENSG00000198862,LTN1,0.034556969,0.485331829,NS
ENSG00000267374,MIR924HG,0.033813168,0.485331829,NS
ENSG00000139160,ETFBKMT,0.035671195,0.485351049,NS
ENSG00000175711,B3GNTL1,-0.03546884,0.485351049,NS
ENSG00000134108,ARL8B,-0.029111048,0.485398998,NS
ENSG00000204536,CCHCR1,0.035503626,0.485398998,NS
ENSG00000167700,MFSD3,-0.032375103,0.485459634,NS
ENSG00000022556,NLRP2,-0.03063396,0.485472853,NS
ENSG00000270757,HSPE1-MOB4,-0.020193038,0.485663035,NS
ENSG00000090615,GOLGA3,0.032391173,0.485808268,NS
ENSG00000139637,MYG1,-0.033755238,0.485808268,NS
ENSG00000182809,CRIP2,0.034503187,0.485864343,NS
ENSG00000112149,CD83,-0.035303184,0.486074887,NS
ENSG00000224810,NA,0.034494197,0.486074887,NS
ENSG00000135341,MAP3K7,0.033365136,0.486186027,NS
ENSG00000229619,MBNL1-AS1,0.034462773,0.486391965,NS
ENSG00000120915,EPHX2,-0.03173973,0.486463386,NS
ENSG00000164898,FMC1,-0.034078164,0.486771177,NS
ENSG00000166068,SPRED1,0.035495948,0.486771177,NS
ENSG00000077458,FAM76B,0.034251182,0.486990894,NS
ENSG00000119640,ACYP1,-0.035543454,0.486990894,NS
ENSG00000132670,PTPRA,-0.029545694,0.486990894,NS
ENSG00000170889,RPS9,-0.029185336,0.486990894,NS
ENSG00000171729,TMEM51,-0.035545958,0.487115707,NS
ENSG00000125458,NT5C,-0.034520116,0.487342488,NS
ENSG00000060656,PTPRU,-0.031658628,0.487445864,NS
ENSG00000128604,IRF5,-0.035358263,0.48766047,NS
ENSG00000101911,PRPS2,0.030379661,0.487816573,NS
ENSG00000184110,EIF3C,0.031765768,0.487816573,NS
ENSG00000104497,SNX16,0.035077596,0.4881391,NS
ENSG00000088205,DDX18,-0.027431655,0.488184406,NS
ENSG00000160584,SIK3,0.035243974,0.488184406,NS
ENSG00000168884,TNIP2,0.033175587,0.488308815,NS
ENSG00000137831,UACA,0.03393443,0.488329806,NS
ENSG00000102030,NAA10,-0.03001585,0.488553011,NS
ENSG00000103266,STUB1,-0.03031336,0.488696153,NS
ENSG00000289791,NA,0.031369705,0.488697233,NS
ENSG00000081019,RSBN1,0.03386562,0.488823503,NS
ENSG00000168528,SERINC2,-0.031149909,0.48901613,NS
ENSG00000170385,SLC30A1,0.031523628,0.48901613,NS
ENSG00000286140,DERPC,0.033570833,0.48901613,NS
ENSG00000125814,NAPB,-0.035117999,0.489029454,NS
ENSG00000166200,COPS2,0.027730018,0.48909229,NS
ENSG00000204316,MRPL38,-0.028408516,0.489224786,NS
ENSG00000154889,MPPE1,-0.033941613,0.48940004,NS
ENSG00000180694,TMEM64,0.031484812,0.48940004,NS
ENSG00000289155,NA,0.031714169,0.490216234,NS
ENSG00000084073,ZMPSTE24,0.029450235,0.490241345,NS
ENSG00000137760,ALKBH8,0.035258638,0.491183743,NS
ENSG00000152359,POC5,0.03469533,0.491183743,NS
ENSG00000168916,ZNF608,0.035158047,0.491183743,NS
ENSG00000244968,LIFR-AS1,0.033754063,0.491495622,NS
ENSG00000014919,COX15,0.031018081,0.491537784,NS
ENSG00000128563,PRKRIP1,0.033215722,0.491537784,NS
ENSG00000137776,SLTM,0.030302629,0.491537784,NS
ENSG00000167107,ACSF2,-0.034538652,0.491537784,NS
ENSG00000171295,ZNF440,0.035049068,0.491537784,NS
ENSG00000183826,BTBD9,0.032330876,0.491537784,NS
ENSG00000196372,ASB13,-0.031986288,0.491537784,NS
ENSG00000226137,BAIAP2-DT,-0.033219817,0.491537784,NS
ENSG00000288887,NA,0.031519657,0.491537784,NS
ENSG00000226259,GTF2H2B,0.034455749,0.491694486,NS
ENSG00000166046,TCP11L2,-0.032409921,0.491963245,NS
ENSG00000221869,CEBPD,0.033595407,0.491963245,NS
ENSG00000088356,PDRG1,-0.032426605,0.492160979,NS
ENSG00000122884,P4HA1,-0.029774685,0.492160979,NS
ENSG00000163867,ZMYM6,-0.033026849,0.492160979,NS
ENSG00000146067,FAM193B,-0.034572995,0.492272393,NS
ENSG00000197081,IGF2R,-0.027745954,0.492272393,NS
ENSG00000290476,SUGT1P3,-0.033571001,0.492272393,NS
ENSG00000139218,SCAF11,0.029542647,0.492381693,NS
ENSG00000221909,FAM200A,-0.03517209,0.492441467,NS
ENSG00000306369,NA,-0.030993111,0.492441467,NS
ENSG00000110011,DNAJC4,-0.033527965,0.492700703,NS
ENSG00000140400,MAN2C1,-0.03417671,0.492700703,NS
ENSG00000158545,ZC3H18,0.029909139,0.492700703,NS
ENSG00000111452,ADGRD1,-0.032397937,0.493168981,NS
ENSG00000143811,PYCR2,-0.02733589,0.4932345,NS
ENSG00000254402,LRRC24,-0.033461857,0.493286335,NS
ENSG00000183520,UTP11,0.028893671,0.493368108,NS
ENSG00000111653,ING4,-0.034387815,0.493373462,NS
ENSG00000129173,E2F8,0.033926639,0.493373462,NS
ENSG00000214087,ARL16,-0.033684259,0.493485629,NS
ENSG00000101216,GMEB2,-0.031966867,0.493598698,NS
ENSG00000136383,ALPK3,0.034987398,0.493666112,NS
ENSG00000095383,TBC1D2,0.03466367,0.493816892,NS
ENSG00000127586,CHTF18,0.031993564,0.493816892,NS
ENSG00000179163,FUCA1,-0.033732022,0.493816892,NS
ENSG00000228801,PCMTD1-DT,0.034709486,0.493816892,NS
ENSG00000291147,NA,0.034280679,0.493816892,NS
ENSG00000102897,LYRM1,-0.031428303,0.494213672,NS
ENSG00000100036,SLC35E4,-0.034935672,0.494605924,NS
ENSG00000007168,PAFAH1B1,0.027203444,0.494621934,NS
ENSG00000141696,P3H4,-0.028615474,0.494636787,NS
ENSG00000197879,MYO1C,-0.027650385,0.494636787,NS
ENSG00000258920,FOXN3-AS1,0.034860065,0.494636787,NS
ENSG00000106367,AP1S1,-0.029033163,0.495297673,NS
ENSG00000188372,ZP3,-0.033929562,0.495297673,NS
ENSG00000036257,CUL3,0.030082253,0.495727224,NS
ENSG00000133703,KRAS,0.028727125,0.495727224,NS
ENSG00000136897,MRPL50,0.029956537,0.495727224,NS
ENSG00000171016,PYGO1,0.034396658,0.495727224,NS
ENSG00000174106,LEMD3,0.03013352,0.495727224,NS
ENSG00000261713,SSTR5-AS1,-0.033847548,0.495727224,NS
ENSG00000088826,SMOX,-0.034894685,0.495816004,NS
ENSG00000187486,KCNJ11,-0.03259144,0.495816004,NS
ENSG00000166801,FAM111A,-0.031634723,0.495889656,NS
ENSG00000150776,NKAPD1,0.031347167,0.496023999,NS
ENSG00000141644,MBD1,-0.03081568,0.4960813,NS
ENSG00000066455,GOLGA5,-0.029372912,0.496299279,NS
ENSG00000135018,UBQLN1,0.02551099,0.496299279,NS
ENSG00000196083,IL1RAP,-0.034567426,0.496461046,NS
ENSG00000188732,FAM221A,-0.034042998,0.496822388,NS
ENSG00000115738,ID2,0.032589751,0.497025598,NS
ENSG00000174197,MGA,0.032980604,0.497025598,NS
ENSG00000189164,ZNF527,-0.03481316,0.497025598,NS
ENSG00000141552,ANAPC11,-0.031811721,0.497076476,NS
ENSG00000160014,CALM3,0.02733237,0.497178103,NS
ENSG00000181222,POLR2A,0.027273951,0.497178103,NS
ENSG00000101365,IDH3B,-0.028871032,0.497256904,NS
ENSG00000006712,PAF1,0.029452357,0.497265488,NS
ENSG00000115525,ST3GAL5,-0.033416367,0.497319388,NS
ENSG00000130772,MED18,-0.033784072,0.497319388,NS
ENSG00000163686,ABHD6,-0.033029716,0.497319388,NS
ENSG00000185158,LRRC37B,-0.032636844,0.497319388,NS
ENSG00000213983,AP1G2,-0.032181925,0.497319388,NS
ENSG00000169252,ADRB2,-0.033394853,0.49808442,NS
ENSG00000280987,MATR3,0.031926439,0.498383601,NS
ENSG00000081277,PKP1,0.034710376,0.498621,NS
ENSG00000147799,ARHGAP39,-0.034198474,0.498621,NS
ENSG00000204564,C6orf136,0.034679151,0.498621,NS
ENSG00000290871,GTF2IP1,-0.030832714,0.498621,NS
ENSG00000198899,MT-ATP6,0.029629533,0.498665555,NS
ENSG00000118762,PKD2,-0.034491108,0.498712622,NS
ENSG00000163293,NIPAL1,-0.034690911,0.498712622,NS
ENSG00000167114,SLC27A4,-0.029043717,0.498712622,NS
ENSG00000167880,EVPL,0.030346967,0.498712622,NS
ENSG00000303745,NA,-0.028875922,0.498712622,NS
ENSG00000126070,AGO3,-0.033393256,0.498752713,NS
ENSG00000196507,TCEAL3,-0.032507816,0.49887166,NS
ENSG00000172379,ARNT2,-0.034570453,0.498921902,NS
ENSG00000165804,ZNF219,-0.034432458,0.49901282,NS
ENSG00000129691,ASH2L,0.029625931,0.499095842,NS
ENSG00000005249,PRKAR2B,-0.03169072,0.499433733,NS
ENSG00000007968,E2F2,0.033082351,0.499433733,NS
ENSG00000099341,PSMD8,0.029150645,0.499433733,NS
ENSG00000105677,TMEM147,-0.029551258,0.499433733,NS
ENSG00000135211,TMEM60,-0.034056252,0.499433733,NS
ENSG00000164742,ADCY1,-0.032949113,0.499433733,NS
ENSG00000179476,C14orf28,0.031522283,0.499815203,NS
ENSG00000151276,MAGI1,0.030170606,0.499843915,NS
ENSG00000183032,SLC25A21,0.03403861,0.500360385,NS
ENSG00000174989,FBXW8,-0.032053588,0.500524321,NS
ENSG00000117586,TNFSF4,-0.034408409,0.500659933,NS
ENSG00000119321,FKBP15,-0.030232547,0.500659933,NS
ENSG00000161638,ITGA5,-0.032953493,0.500659933,NS
ENSG00000167384,ZNF180,0.034287843,0.500659933,NS
ENSG00000167491,GATAD2A,0.028143423,0.500659933,NS
ENSG00000291064,NA,-0.034055676,0.500659933,NS
ENSG00000104824,HNRNPL,-0.025702685,0.501004105,NS
ENSG00000105372,RPS19,-0.030021956,0.501004105,NS
ENSG00000108924,HLF,0.034183245,0.501004105,NS
ENSG00000141337,ARSG,0.033314664,0.501004105,NS
ENSG00000151718,WWC2,0.030488006,0.501004105,NS
ENSG00000174851,YIF1A,-0.029888568,0.501004105,NS
ENSG00000183401,CCDC159,-0.034178011,0.501004105,NS
ENSG00000186409,CCDC30,0.030319344,0.501004105,NS
ENSG00000187257,RSBN1L,0.031345068,0.501004105,NS
ENSG00000251611,FHIP1A-DT,-0.033570595,0.501004105,NS
ENSG00000226688,ENTPD1-AS1,0.031619594,0.501081226,NS
ENSG00000290924,NA,-0.031266122,0.501081226,NS
ENSG00000148429,USP6NL,0.03271046,0.501604465,NS
ENSG00000235560,ZNF747-DT,0.034180894,0.501616896,NS
ENSG00000183309,ZNF623,0.0312005,0.501704037,NS
ENSG00000132661,NXT1,0.033582638,0.501755576,NS
ENSG00000198093,ZNF649,0.034288764,0.501869536,NS
ENSG00000303154,NA,-0.033868266,0.501869536,NS
ENSG00000165699,TSC1,-0.031873806,0.502654113,NS
ENSG00000196663,TECPR2,-0.034276305,0.502654113,NS
ENSG00000213516,RBMXL1,0.031480951,0.502654113,NS
ENSG00000240857,RDH14,0.032954596,0.502654113,NS
ENSG00000259330,INAFM2,0.031409989,0.502654113,NS
ENSG00000105376,ICAM5,-0.030870196,0.503179266,NS
ENSG00000164168,TMEM184C,0.027198348,0.503183971,NS
ENSG00000102221,JADE3,0.032245794,0.503228651,NS
ENSG00000157020,SEC13,-0.028819904,0.503228651,NS
ENSG00000158417,EIF5B,0.030280723,0.503228651,NS
ENSG00000164442,CITED2,0.030215507,0.503228651,NS
ENSG00000152457,DCLRE1C,0.034281514,0.50324004,NS
ENSG00000115073,ACTR1B,-0.03004717,0.50334434,NS
ENSG00000112996,MRPS30,0.028759505,0.503573012,NS
ENSG00000164897,TMUB1,0.031372059,0.503573012,NS
ENSG00000167962,ZNF598,0.028678744,0.503573012,NS
ENSG00000180425,C11orf71,-0.030188181,0.503617369,NS
ENSG00000291093,SVIL-AS1,0.032322541,0.503764907,NS
ENSG00000112033,PPARD,-0.031665785,0.504068486,NS
ENSG00000198130,HIBCH,-0.032999215,0.504068486,NS
ENSG00000166912,MTMR10,-0.034149103,0.504134015,NS
ENSG00000140829,DHX38,0.029032201,0.504255045,NS
ENSG00000154447,SH3RF1,0.031105589,0.504304976,NS
ENSG00000167232,ZNF91,0.032082683,0.504429386,NS
ENSG00000113658,SMAD5,0.029630041,0.504665715,NS
ENSG00000184481,FOXO4,-0.034220346,0.504665715,NS
ENSG00000186026,ZNF284,0.030601029,0.504665715,NS
ENSG00000215030,RPL13P12,-0.032204041,0.505016806,NS
ENSG00000100281,HMGXB4,0.031423,0.505092305,NS
ENSG00000166233,ARIH1,0.029300402,0.505092305,NS
ENSG00000183155,RABIF,-0.032008648,0.505092305,NS
ENSG00000167733,HSD11B1L,-0.033782649,0.505999861,NS
ENSG00000180998,GPR137C,0.033683776,0.505999861,NS
ENSG00000244313,NA,-0.033782242,0.505999861,NS
ENSG00000154845,PPP4R1,0.029789953,0.506194971,NS
ENSG00000163975,MELTF,0.030762053,0.506431192,NS
ENSG00000164252,AGGF1,0.028446262,0.506431192,NS
ENSG00000117791,MTARC2,-0.031374088,0.506498229,NS
ENSG00000169641,LUZP1,0.032622764,0.506498229,NS
ENSG00000277027,RMRP,-0.030152722,0.506498229,NS
ENSG00000163510,CWC22,0.03228757,0.506531757,NS
ENSG00000131876,SNRPA1,0.030261687,0.50687405,NS
ENSG00000175106,TVP23C,0.032271782,0.506953669,NS
ENSG00000249115,HAUS5,-0.031701044,0.506999919,NS
ENSG00000278017,NA,-0.029658838,0.507460728,NS
ENSG00000168152,THAP9,0.034032356,0.507476092,NS
ENSG00000162976,SLC66A3,-0.033289444,0.507894657,NS
ENSG00000246528,SLCO5A1-AS1,-0.033087377,0.50811474,NS
ENSG00000177225,GATD1,-0.032119332,0.508195656,NS
ENSG00000091651,ORC6,0.03096131,0.508348758,NS
ENSG00000157191,NECAP2,-0.032437533,0.508418805,NS
ENSG00000175336,APOF,-0.031665758,0.508852754,NS
ENSG00000111711,GOLT1B,0.030204499,0.508987792,NS
ENSG00000104885,DOT1L,0.028662633,0.509082439,NS
ENSG00000144354,CDCA7,0.031695724,0.509329427,NS
ENSG00000213928,IRF9,-0.028396894,0.509329427,NS
ENSG00000198522,GPN1,-0.030997951,0.509391449,NS
ENSG00000075275,CELSR1,-0.032446233,0.509527534,NS
ENSG00000290326,NA,0.03378523,0.509527534,NS
ENSG00000132522,GPS2,-0.03209234,0.509691999,NS
ENSG00000116489,CAPZA1,0.024676965,0.509706116,NS
ENSG00000122912,SLC25A16,0.031525518,0.509706116,NS
ENSG00000143319,ISG20L2,0.027995293,0.509706116,NS
ENSG00000293539,NA,-0.033031486,0.510000765,NS
ENSG00000118271,TTR,-0.033526436,0.510024429,NS
ENSG00000156675,RAB11FIP1,0.030117813,0.510024429,NS
ENSG00000188215,DCUN1D3,0.033693396,0.510172635,NS
ENSG00000126903,SLC10A3,0.03135989,0.510557101,NS
ENSG00000204954,UQCC6,-0.031833104,0.510590817,NS
ENSG00000115652,UXS1,0.031571641,0.510688479,NS
ENSG00000116127,ALMS1,0.032837058,0.510839829,NS
ENSG00000187838,PLSCR3,-0.033122678,0.510956789,NS
ENSG00000273899,NOL12,-0.032025876,0.510994209,NS
ENSG00000236618,PITPNA-AS1,-0.03347951,0.51123445,NS
ENSG00000134369,NAV1,0.031846708,0.511367182,NS
ENSG00000136522,MRPL47,0.029522867,0.511367182,NS
ENSG00000141452,RMC1,0.031020459,0.511367182,NS
ENSG00000005238,ATOSB,-0.032987472,0.511697654,NS
ENSG00000105755,ETHE1,-0.033239449,0.511697654,NS
ENSG00000119681,LTBP2,-0.033457862,0.511697654,NS
ENSG00000136518,ACTL6A,0.028157088,0.511697654,NS
ENSG00000141480,ARRB2,-0.030846009,0.511697654,NS
ENSG00000156471,PTDSS1,0.027045562,0.511697654,NS
ENSG00000213337,ANKRD39,-0.033333188,0.511697654,NS
ENSG00000229638,RPL4P4,-0.032675579,0.511697654,NS
ENSG00000261600,NA,-0.028893121,0.511697654,NS
ENSG00000105245,NUMBL,-0.030961529,0.511986638,NS
ENSG00000275297,NA,0.028373815,0.511986638,NS
ENSG00000177868,SVBP,0.03368983,0.512162775,NS
ENSG00000136068,FLNB,0.026748528,0.512198606,NS
ENSG00000188559,RALGAPA2,-0.031704101,0.512198606,NS
ENSG00000204178,MACO1,0.031766155,0.512198606,NS
ENSG00000115507,OTX1,0.031903317,0.512209994,NS
ENSG00000166855,CLPX,0.028977152,0.512209994,NS
ENSG00000167280,ENGASE,-0.032826139,0.512209994,NS
ENSG00000006704,GTF2IRD1,-0.031879365,0.512424017,NS
ENSG00000039650,PNKP,-0.033285549,0.512424017,NS
ENSG00000125863,MKKS,0.030032446,0.512424017,NS
ENSG00000111231,GPN3,0.030745989,0.512428858,NS
ENSG00000107929,LARP4B,0.027189349,0.512741745,NS
ENSG00000165240,ATP7A,-0.031826268,0.512843237,NS
ENSG00000285130,NA,0.0135708,0.512843237,NS
ENSG00000105221,AKT2,-0.025167613,0.512980576,NS
ENSG00000197296,FITM2,0.030436729,0.513227748,NS
ENSG00000135686,KLHL36,0.030624937,0.513262172,NS
ENSG00000133619,KRBA1,-0.033519687,0.513440935,NS
ENSG00000091947,TMEM101,-0.032479104,0.513729263,NS
ENSG00000234797,RPS3AP6,-0.03350926,0.513893868,NS
ENSG00000291203,NA,0.033199865,0.513972211,NS
ENSG00000100324,TAB1,-0.030733371,0.514755703,NS
ENSG00000141574,SECTM1,-0.032813064,0.515120109,NS
ENSG00000065457,ADAT1,0.030438534,0.515198673,NS
ENSG00000083457,ITGAE,-0.031309185,0.515775237,NS
ENSG00000117133,RPF1,-0.028502914,0.515775237,NS
ENSG00000153922,CHD1,0.030935298,0.515775237,NS
ENSG00000168280,KIF5C,0.031830872,0.515775237,NS
ENSG00000006744,ELAC2,-0.026206927,0.515898223,NS
ENSG00000233087,RAB6D,-0.032933789,0.515898223,NS
ENSG00000293505,GNRHR2,-0.031716085,0.515898223,NS
ENSG00000100297,MCM5,0.026959324,0.515979101,NS
ENSG00000116199,FAM20B,0.02794658,0.515979101,NS
ENSG00000174669,SLC29A2,-0.031617516,0.515979101,NS
ENSG00000273145,NA,-0.030950465,0.515979101,NS
ENSG00000197362,ZNF786,-0.033227874,0.516355675,NS
ENSG00000155755,TMEM237,0.031141243,0.516529512,NS
ENSG00000126756,UXT,-0.031610647,0.516619403,NS
ENSG00000169139,UBE2V2,0.027389824,0.516619403,NS
ENSG00000180257,ZNF816,0.033375757,0.516619403,NS
ENSG00000146729,NIPSNAP2,-0.028339624,0.517084408,NS
ENSG00000197779,ZNF81,-0.033356964,0.517084408,NS
ENSG00000108840,HDAC5,-0.032997954,0.517419767,NS
ENSG00000125347,IRF1,-0.029330998,0.517419767,NS
ENSG00000164535,DAGLB,-0.031876134,0.517419767,NS
ENSG00000130382,MLLT1,-0.024842616,0.518288432,NS
ENSG00000008952,SEC62,0.027987234,0.518294211,NS
ENSG00000103512,NOMO1,-0.025414852,0.518294211,NS
ENSG00000131495,NDUFA2,-0.031281676,0.518294211,NS
ENSG00000134262,AP4B1,-0.031597607,0.518294211,NS
ENSG00000137478,FCHSD2,0.03321144,0.518294211,NS
ENSG00000140265,ZSCAN29,0.032374423,0.518294211,NS
ENSG00000151413,NUBPL,0.032697078,0.518294211,NS
ENSG00000158164,TMSB15A,0.033270611,0.518294211,NS
ENSG00000162552,WNT4,-0.029246836,0.518294211,NS
ENSG00000163541,SUCLG1,-0.02741613,0.518294211,NS
ENSG00000169231,THBS3,-0.031621302,0.518294211,NS
ENSG00000171204,TMEM126B,-0.030612847,0.518294211,NS
ENSG00000176624,MEX3C,0.03095902,0.518294211,NS
ENSG00000181035,SLC25A42,-0.033144704,0.518294211,NS
ENSG00000184384,MAML2,0.030001932,0.518294211,NS
ENSG00000186635,ARAP1,-0.028886727,0.518294211,NS
ENSG00000196378,ZNF34,-0.032163492,0.518294211,NS
ENSG00000204315,FKBPL,0.033265758,0.518294211,NS
ENSG00000273329,NA,-0.033177666,0.518294211,NS
ENSG00000283078,NA,-0.030345609,0.518294211,NS
ENSG00000291039,DHRS4L1,0.030903516,0.518294211,NS
ENSG00000291044,NA,-0.033034142,0.518294211,NS
ENSG00000115694,STK25,-0.02695613,0.518450766,NS
ENSG00000198406,BZW1P2,0.029290124,0.518741151,NS
ENSG00000174013,FBXO45,0.028351639,0.518757797,NS
ENSG00000143919,CAMKMT,-0.030283993,0.518805453,NS
ENSG00000132821,VSTM2L,0.033190543,0.518816444,NS
ENSG00000185641,NA,-0.028051413,0.519733844,NS
ENSG00000113615,SEC24A,0.027919786,0.519917355,NS
ENSG00000166548,TK2,-0.030479315,0.519917355,NS
ENSG00000089876,DHX32,-0.029478824,0.519951893,NS
ENSG00000111860,CEP85L,0.032874904,0.519951893,NS
ENSG00000220842,RPL21P16,-0.033158117,0.519951893,NS
ENSG00000166889,PATL1,0.028875849,0.519965991,NS
ENSG00000116954,RRAGC,-0.03062706,0.519969951,NS
ENSG00000103168,TAF1C,-0.032853316,0.520042648,NS
ENSG00000104427,ZC2HC1A,0.032270353,0.520204538,NS
ENSG00000308905,NA,0.028623314,0.520215817,NS
ENSG00000092377,TBL1Y,-0.028571164,0.520649257,NS
ENSG00000107566,ERLIN1,0.030577096,0.520649257,NS
ENSG00000139675,HNRNPA1L2,0.031190895,0.520649257,NS
ENSG00000168040,FADD,0.031362753,0.520649257,NS
ENSG00000168175,MAPK1IP1L,0.027184093,0.520649257,NS
ENSG00000177694,NAALADL2,-0.028933089,0.520649257,NS
ENSG00000235106,BRD3OS,-0.02979727,0.520649257,NS
ENSG00000186815,TPCN1,-0.031533824,0.52079869,NS
ENSG00000025800,KPNA6,0.029197203,0.521193575,NS
ENSG00000027697,IFNGR1,0.031900259,0.521193575,NS
ENSG00000173275,ZNF449,0.032492577,0.521193575,NS
ENSG00000247796,MOCS2-DT,0.032923963,0.521193575,NS
ENSG00000037042,TUBG2,-0.032963874,0.521589324,NS
ENSG00000026025,VIM,-0.029578589,0.521927397,NS
ENSG00000175826,CTDNEP1,0.026621149,0.521927397,NS
ENSG00000138439,FAM117B,0.030543818,0.522258265,NS
ENSG00000204673,AKT1S1,-0.025907102,0.522258265,NS
ENSG00000105771,SMG9,-0.032993739,0.522270188,NS
ENSG00000064490,RFXANK,-0.029876317,0.522518248,NS
ENSG00000077348,EXOSC5,-0.032417333,0.522518248,NS
ENSG00000132463,GRSF1,0.024622357,0.522523642,NS
ENSG00000120696,KBTBD7,0.031547391,0.522603976,NS
ENSG00000145555,MYO10,0.03001761,0.522624576,NS
ENSG00000134644,PUM1,0.027308709,0.522689302,NS
ENSG00000102312,PORCN,-0.032919359,0.523213853,NS
ENSG00000130479,MAP1S,-0.029956601,0.523213853,NS
ENSG00000151743,AMN1,-0.032924168,0.523213853,NS
ENSG00000164465,DCBLD1,0.031979753,0.523213853,NS
ENSG00000178057,NDUFAF3,-0.029303712,0.523447112,NS
ENSG00000266947,NA,-0.032859598,0.523928692,NS
ENSG00000137821,LRRC49,0.032846766,0.523992556,NS
ENSG00000119636,BBOF1,-0.032096196,0.52410556,NS
ENSG00000124802,EEF1E1,0.029403378,0.525025079,NS
ENSG00000099953,MMP11,-0.032633069,0.525176409,NS
ENSG00000107036,RIC1,0.031285761,0.525176409,NS
ENSG00000308185,NA,0.0322312,0.525176409,NS
ENSG00000136950,ARPC5L,0.027397151,0.525329742,NS
ENSG00000213593,TMX2,0.025378862,0.525329742,NS
ENSG00000253352,TUG1,0.02511964,0.525505922,NS
ENSG00000126453,BCL2L12,0.029831319,0.525660278,NS
ENSG00000293759,NA,0.028822314,0.525660278,NS
ENSG00000176273,SLC35G1,0.030882781,0.525715116,NS
ENSG00000197562,RAB40C,-0.030437099,0.525715116,NS
ENSG00000140993,TIGD7,0.030824459,0.52633,NS
ENSG00000148824,MTG1,-0.03018963,0.526472277,NS
ENSG00000007255,TRAPPC6A,-0.032541389,0.526513633,NS
ENSG00000010361,FUZ,-0.032455059,0.526513633,NS
ENSG00000054967,RELT,-0.032727005,0.526513633,NS
ENSG00000137312,FLOT1,-0.02739001,0.527239263,NS
ENSG00000167110,GOLGA2,-0.028473127,0.527278495,NS
ENSG00000172428,COPS9,-0.031002926,0.527582235,NS
ENSG00000166557,TMED3,-0.027849536,0.527926158,NS
ENSG00000164405,UQCRQ,-0.02951622,0.528162961,NS
ENSG00000018408,WWTR1,0.032601864,0.528705856,NS
ENSG00000070761,CFAP20,0.030296541,0.528705856,NS
ENSG00000086065,CHMP5,-0.027685534,0.528705856,NS
ENSG00000102900,NUP93,-0.02779936,0.528705856,NS
ENSG00000111877,MCM9,-0.032613516,0.528705856,NS
ENSG00000114054,PCCB,-0.026045982,0.528705856,NS
ENSG00000123427,EEF1AKMT3,0.032045223,0.528705856,NS
ENSG00000135775,COG2,-0.031055585,0.528705856,NS
ENSG00000138448,ITGAV,0.028120845,0.528705856,NS
ENSG00000166049,PASD1,-0.029040383,0.528705856,NS
ENSG00000172059,KLF11,0.031342526,0.528705856,NS
ENSG00000177302,TOP3A,0.027946525,0.528705856,NS
ENSG00000204152,TIMM23B,0.032393469,0.528705856,NS
ENSG00000025434,NR1H3,-0.032222375,0.528771629,NS
ENSG00000112139,MDGA1,0.030586598,0.528990909,NS
ENSG00000112640,PPP2R5D,0.02729234,0.529025369,NS
ENSG00000265590,CFAP298-TCP10L,0.030837505,0.529025369,NS
ENSG00000291067,NA,0.028891605,0.529025369,NS
ENSG00000145730,PAM,-0.029639029,0.529242027,NS
ENSG00000288930,NA,-0.032202231,0.529242027,NS
ENSG00000198142,SOWAHC,0.031660888,0.529321853,NS
ENSG00000197951,ZNF71,0.031717006,0.529562072,NS
ENSG00000153094,BCL2L11,0.029625786,0.529689243,NS
ENSG00000116649,SRM,-0.026191129,0.529789286,NS
ENSG00000147133,TAF1,0.030723149,0.529789286,NS
ENSG00000250644,NA,-0.029596079,0.529872756,NS
ENSG00000105402,NAPA,-0.026765107,0.530055968,NS
ENSG00000129625,REEP5,0.02539713,0.530055968,NS
ENSG00000198689,SLC9A6,0.031333941,0.530096138,NS
ENSG00000133943,DGLUCY,-0.032444339,0.530164599,NS
ENSG00000083817,ZNF416,0.032382471,0.530643458,NS
ENSG00000186076,NA,-0.030445588,0.530643458,NS
ENSG00000085433,WDR47,-0.031720169,0.530849861,NS
ENSG00000146842,TMEM209,0.029223162,0.530849861,NS
ENSG00000175550,DRAP1,-0.029368566,0.530849861,NS
ENSG00000289858,NA,0.032450075,0.530849861,NS
ENSG00000053501,USE1,-0.030500919,0.531095863,NS
ENSG00000099377,HSD3B7,-0.032234316,0.531151062,NS
ENSG00000109332,UBE2D3,0.023721422,0.531151062,NS
ENSG00000129824,RPS4Y1,-0.026194084,0.531151062,NS
ENSG00000152582,SPEF2,-0.029892761,0.531151062,NS
ENSG00000168137,SETD5,0.029206939,0.531151062,NS
ENSG00000182791,CCDC87,-0.028828795,0.531151062,NS
ENSG00000136231,IGF2BP3,0.032285434,0.531585879,NS
ENSG00000126088,UROD,-0.029889195,0.531797402,NS
ENSG00000142669,SH3BGRL3,-0.031137541,0.531797402,NS
ENSG00000166326,TRIM44,0.025777195,0.531797402,NS
ENSG00000171045,TSNARE1,-0.03191087,0.531797402,NS
ENSG00000187609,EXD3,0.032118208,0.531797402,NS
ENSG00000197619,ZNF615,0.031799465,0.531797402,NS
ENSG00000226360,RPL10AP6,-0.026470263,0.531797402,NS
ENSG00000082258,CCNT2,0.030946374,0.531879993,NS
ENSG00000181555,SETD2,0.029590982,0.531879993,NS
ENSG00000091317,CMTM6,0.026783576,0.532004059,NS
ENSG00000114648,KLHL18,0.029356273,0.532004059,NS
ENSG00000121671,CRY2,0.032033706,0.532004059,NS
ENSG00000141198,TOM1L1,-0.029081109,0.532004059,NS
ENSG00000147883,CDKN2B,-0.028122278,0.532004059,NS
ENSG00000160209,PDXK,-0.026116234,0.532004059,NS
ENSG00000162755,KLHDC9,-0.032237525,0.532004059,NS
ENSG00000167670,CHAF1A,0.02681774,0.532004059,NS
ENSG00000170248,PDCD6IP,-0.025619923,0.532004059,NS
ENSG00000205593,DENND6B,-0.031347491,0.532004059,NS
ENSG00000221890,NPTXR,-0.029306809,0.532004059,NS
ENSG00000232527,LINC02802,-0.032297987,0.532004059,NS
ENSG00000251279,SMIM15-AS1,0.031438955,0.532004059,NS
ENSG00000256591,NA,0.030871146,0.532004059,NS
ENSG00000128185,DGCR6L,-0.029841543,0.532566801,NS
ENSG00000161847,RAVER1,0.029198813,0.532566801,NS
ENSG00000234390,USP27X-DT,-0.026735132,0.532566801,NS
ENSG00000111276,CDKN1B,0.026610908,0.532568706,NS
ENSG00000123094,RASSF8,0.031408284,0.532606384,NS
ENSG00000143633,C1orf131,0.029886131,0.532606384,NS
ENSG00000168758,SEMA4C,-0.032244402,0.532606384,NS
ENSG00000204524,ZNF805,0.032237135,0.532606384,NS
ENSG00000244879,GABPB1-AS1,-0.031265241,0.532606384,NS
ENSG00000289138,NA,0.028119128,0.532606384,NS
ENSG00000112541,PDE10A,0.028683834,0.532818424,NS
ENSG00000085998,POMGNT1,-0.025346312,0.533369686,NS
ENSG00000146267,FAXC,0.032172377,0.533614774,NS
ENSG00000172086,KRCC1,0.032026526,0.533617406,NS
ENSG00000061676,NCKAP1,0.025142383,0.533883237,NS
ENSG00000169221,TBC1D10B,0.027837207,0.533883237,NS
ENSG00000175213,ZNF408,-0.031738572,0.533883237,NS
ENSG00000175354,PTPN2,-0.029094722,0.533883237,NS
ENSG00000211695,TRGV9,0.026581514,0.533883237,NS
ENSG00000239282,CASTOR1,-0.032098575,0.533883237,NS
ENSG00000269313,MAGIX,-0.0288952,0.533883237,NS
ENSG00000277368,NA,-0.027929266,0.533883237,NS
ENSG00000291081,NA,-0.028808838,0.533883237,NS
ENSG00000108587,GOSR1,0.026485628,0.534147869,NS
ENSG00000271732,NA,-0.028013871,0.534147869,NS
ENSG00000081177,EXD2,-0.028670509,0.534702939,NS
ENSG00000159131,GART,0.024922239,0.534823061,NS
ENSG00000074657,ZNF532,0.029513865,0.53486188,NS
ENSG00000177917,ARL6IP6,0.031071804,0.53486188,NS
ENSG00000124743,KLHL31,0.027519941,0.535260246,NS
ENSG00000117318,ID3,0.027357582,0.535264561,NS
ENSG00000053900,ANAPC4,0.031018972,0.535314923,NS
ENSG00000153982,GDPD1,-0.031251689,0.535314923,NS
ENSG00000159917,ZNF235,-0.030178626,0.5353634,NS
ENSG00000172081,MOB3A,0.029430818,0.5353634,NS
ENSG00000186847,KRT14,0.02722054,0.5353634,NS
ENSG00000233927,RPS28,-0.026661506,0.5353634,NS
ENSG00000115268,RPS15,-0.028696023,0.535669225,NS
ENSG00000269335,IKBKG,-0.03147537,0.535669225,NS
ENSG00000290993,NA,-0.02930789,0.535669225,NS
ENSG00000022567,SLC45A4,-0.031623236,0.53614236,NS
ENSG00000112561,TFEB,0.031942814,0.53614236,NS
ENSG00000197361,FBXL22,-0.03191584,0.53614236,NS
ENSG00000198168,SVIP,0.024433541,0.536419263,NS
ENSG00000249709,ZNF564,-0.03157269,0.536508426,NS
ENSG00000291228,NA,0.030563777,0.536627975,NS
ENSG00000113643,RARS1,0.024666226,0.536791919,NS
ENSG00000127314,RAP1B,-0.02850422,0.536791919,NS
ENSG00000149761,NUDT22,-0.029999624,0.53792605,NS
ENSG00000183474,GTF2H2C,0.025444069,0.53792605,NS
ENSG00000138363,ATIC,-0.025055089,0.538400316,NS
ENSG00000269242,NA,-0.03157713,0.538484747,NS
ENSG00000174738,NR1D2,0.029925876,0.538514803,NS
ENSG00000136943,CTSV,0.030553454,0.538602938,NS
ENSG00000165943,MOAP1,-0.028278034,0.538602938,NS
ENSG00000140718,FTO,-0.028837884,0.538875212,NS
ENSG00000018610,STEEP1,0.03009457,0.539047281,NS
ENSG00000081913,PHLPP1,0.028901881,0.5393739,NS
ENSG00000102024,PLS3,-0.026866479,0.5393739,NS
ENSG00000128283,CDC42EP1,0.031784274,0.5393739,NS
ENSG00000130856,ZNF236,0.031210099,0.5393739,NS
ENSG00000162377,COA7,0.026898269,0.5393739,NS
ENSG00000167397,VKORC1,-0.028843096,0.5393739,NS
ENSG00000169093,ASMTL,-0.030649762,0.5393739,NS
ENSG00000292339,ASMTL,-0.030649762,0.5393739,NS
ENSG00000133985,TTC9,-0.031793249,0.539745649,NS
ENSG00000138758,SEPTIN11,0.027081487,0.539745649,NS
ENSG00000100296,THOC5,0.028180489,0.539871738,NS
ENSG00000124614,RPS10,-0.02675607,0.540061606,NS
ENSG00000136238,RAC1,0.023269068,0.540092747,NS
ENSG00000168556,ING2,0.031731362,0.540116033,NS
ENSG00000181467,RAP2B,0.030098772,0.540328476,NS
ENSG00000172201,ID4,0.026953073,0.540333632,NS
ENSG00000155463,OXA1L,-0.025705353,0.54071879,NS
ENSG00000159720,ATP6V0D1,-0.026702702,0.540851148,NS
ENSG00000167202,TBC1D2B,0.029758633,0.541142888,NS
ENSG00000254681,PKD1P5,-0.026890366,0.54164417,NS
ENSG00000110583,NAA40,-0.030982445,0.541657293,NS
ENSG00000071994,PDCD2,0.025591329,0.541909898,NS
ENSG00000101935,AMMECR1,0.028615504,0.542455442,NS
ENSG00000138798,EGF,-0.03116432,0.542475901,NS
ENSG00000196405,EVL,-0.03114951,0.542475901,NS
ENSG00000118503,TNFAIP3,0.026789256,0.54263579,NS
ENSG00000141526,SLC16A3,-0.029129581,0.54263579,NS
ENSG00000178921,PFAS,0.028460382,0.54263579,NS
ENSG00000188549,CCDC9B,-0.028845442,0.54263579,NS
ENSG00000197601,FAR1,0.026683736,0.54263579,NS
ENSG00000214944,ARHGEF28,0.02924943,0.54263579,NS
ENSG00000260193,LINC02846,0.02770741,0.54263579,NS
ENSG00000117523,PRRC2C,0.028720037,0.543213044,NS
ENSG00000146278,PNRC1,-0.031075811,0.543762219,NS
ENSG00000152492,CCDC50,0.027982886,0.544058842,NS
ENSG00000179833,SERTAD2,-0.031351609,0.544342111,NS
ENSG00000068796,KIF2A,0.027413897,0.54457354,NS
ENSG00000136933,RABEPK,-0.02936783,0.544884564,NS
ENSG00000228315,GUSBP11,-0.030379582,0.544884564,NS
ENSG00000175182,FAM131A,-0.030969249,0.54499569,NS
ENSG00000272841,MAP3K4-AS1,0.031485042,0.545439198,NS
ENSG00000111203,ITFG2,-0.03147728,0.545694858,NS
ENSG00000251634,NAIPP4,-0.02613273,0.545931951,NS
ENSG00000144711,IQSEC1,0.028413255,0.545950202,NS
ENSG00000169372,CRADD,0.030957317,0.545950202,NS
ENSG00000048392,RRM2B,0.026062211,0.546015802,NS
ENSG00000135452,TSPAN31,-0.03134029,0.546015802,NS
ENSG00000067057,PFKP,-0.025779582,0.54612013,NS
ENSG00000072133,RPS6KA6,0.028057025,0.546143744,NS
ENSG00000105618,PRPF31,-0.027759629,0.546320187,NS
ENSG00000144231,POLR2D,0.02736484,0.546320187,NS
ENSG00000104691,UBXN8,0.02896535,0.546622435,NS
ENSG00000130748,TMEM160,0.03087907,0.546622435,NS
ENSG00000185722,ANKFY1,0.027257283,0.546643125,NS
ENSG00000280145,NA,0.031270794,0.547243775,NS
ENSG00000188613,NANOS1,-0.026926726,0.547425936,NS
ENSG00000158122,PRXL2C,-0.030811447,0.547650646,NS
ENSG00000165895,ARHGAP42,-0.02849239,0.547734021,NS
ENSG00000164056,SPRY1,-0.028303171,0.547883584,NS
ENSG00000099904,ZDHHC8,-0.031267204,0.547922773,NS
ENSG00000171448,ZBTB26,0.031188329,0.547922773,NS
ENSG00000103018,CYB5B,-0.025020364,0.548040439,NS
ENSG00000105982,RNF32,0.030186182,0.548179249,NS
ENSG00000265688,MILIP,0.031306,0.548366152,NS
ENSG00000280206,NA,0.027777324,0.548366152,NS
ENSG00000100065,CARD10,-0.031153308,0.548407118,NS
ENSG00000106638,TBL2,-0.027384218,0.548407118,NS
ENSG00000106733,NMRK1,-0.031080487,0.548407118,NS
ENSG00000114573,ATP6V1A,-0.027205482,0.548407118,NS
ENSG00000115548,KDM3A,-0.029928568,0.548407118,NS
ENSG00000136371,MTHFS,0.029633226,0.548407118,NS
ENSG00000136813,ECPAS,0.024376338,0.548407118,NS
ENSG00000151327,FAM177A1,0.026422329,0.548407118,NS
ENSG00000151498,ACAD8,-0.028830947,0.548407118,NS
ENSG00000156171,DRAM2,-0.030701754,0.548407118,NS
ENSG00000161016,RPL8,-0.027180466,0.548407118,NS
ENSG00000161956,SENP3,0.02499199,0.548407118,NS
ENSG00000169981,ZNF35,0.031111696,0.548407118,NS
ENSG00000179862,CITED4,0.031076074,0.548407118,NS
ENSG00000184619,KRBA2,-0.031194426,0.548407118,NS
ENSG00000189171,S100A13,-0.030013165,0.548407118,NS
ENSG00000198824,CHAMP1,0.028418404,0.548407118,NS
ENSG00000238227,TMEM250,-0.025847851,0.548407118,NS
ENSG00000248098,BCKDHA,-0.029913136,0.548407118,NS
ENSG00000259768,ZFHX3-AS1,0.031139899,0.548407118,NS
ENSG00000264247,ZNF407-AS1,0.030912754,0.548407118,NS
ENSG00000290877,ROCK1P1,-0.028424302,0.548407118,NS
ENSG00000114670,NEK11,-0.029302654,0.548590121,NS
ENSG00000179406,LINC00174,-0.029978068,0.548619138,NS
ENSG00000129518,EAPP,-0.028458577,0.548710264,NS
ENSG00000112339,HBS1L,0.026532508,0.549374641,NS
ENSG00000107105,ELAVL2,0.031160926,0.549743694,NS
ENSG00000156508,EEF1A1,-0.024227207,0.549743694,NS
ENSG00000086544,ITPKC,0.030558273,0.549746479,NS
ENSG00000111843,TMEM14C,0.027829535,0.549746479,NS
ENSG00000145743,FBXL17,0.024384164,0.549746479,NS
ENSG00000180182,MED14,0.027993345,0.549746479,NS
ENSG00000166228,PCBD1,-0.027218288,0.550176063,NS
ENSG00000285304,NA,0.013444329,0.550176063,NS
ENSG00000184702,SEPTIN5,-0.029555851,0.550267697,NS
ENSG00000053254,FOXN3,0.027858003,0.55042045,NS
ENSG00000130770,ATP5IF1,-0.027129415,0.550651902,NS
ENSG00000160633,SAFB,0.024574091,0.550651902,NS
ENSG00000171823,FBXL14,0.030831149,0.550651902,NS
ENSG00000167470,MIDN,0.026149028,0.550863184,NS
ENSG00000178982,EIF3K,-0.026437213,0.551245115,NS
ENSG00000139998,RAB15,-0.029495921,0.551371914,NS
ENSG00000142208,AKT1,0.024335395,0.55149468,NS
ENSG00000130348,QRSL1,0.028913057,0.551608454,NS
ENSG00000159231,CBR3,0.030712963,0.551608454,NS
ENSG00000006756,ARSD,-0.028290477,0.551705235,NS
ENSG00000120913,PDLIM2,-0.029846291,0.551732967,NS
ENSG00000156050,FAM161B,-0.029849112,0.551732967,NS
ENSG00000167543,TP53I13,-0.030147273,0.551732967,NS
ENSG00000169189,NSMCE1,-0.028248167,0.551732967,NS
ENSG00000185019,UBOX5,-0.031018347,0.551732967,NS
ENSG00000228696,ARL17B,-0.026380292,0.551732967,NS
ENSG00000263266,RPS7P1,-0.029731064,0.551732967,NS
ENSG00000139684,ESD,-0.027705251,0.551736919,NS
ENSG00000254231,WWP1-AS1,0.028044127,0.552090921,NS
ENSG00000135587,SMPD2,0.030232081,0.552094558,NS
ENSG00000164494,PDSS2,-0.02965503,0.552094558,NS
ENSG00000186446,ZNF501,0.030592315,0.552162689,NS
ENSG00000291140,AMZ2P1,-0.030979302,0.552162689,NS
ENSG00000062194,GPBP1,0.02583581,0.552336589,NS
ENSG00000116731,PRDM2,0.027483349,0.552336589,NS
ENSG00000137414,FAM8A1,0.027436754,0.552336589,NS
ENSG00000244541,LINC01213,-0.030961814,0.552336589,NS
ENSG00000131759,RARA,-0.030504113,0.552506719,NS
ENSG00000135297,MTO1,0.028093525,0.552506719,NS
ENSG00000165660,ABRAXAS2,0.029606888,0.552506719,NS
ENSG00000167693,NXN,0.029333044,0.552506719,NS
ENSG00000174173,TRMT10C,0.026368619,0.552506719,NS
ENSG00000177853,ZNF518A,0.02963215,0.552506719,NS
ENSG00000180921,FAM83H,0.024575051,0.552506719,NS
ENSG00000015153,YAF2,0.030671677,0.552585262,NS
ENSG00000089154,GCN1,0.024904479,0.552585262,NS
ENSG00000188807,TMEM201,0.02801739,0.552585262,NS
ENSG00000285533,RELA-DT,-0.030522563,0.552739851,NS
ENSG00000048649,RSF1,0.027664407,0.553073751,NS
ENSG00000168434,COG7,-0.030486493,0.553073751,NS
ENSG00000180758,GPR157,-0.03006844,0.553073751,NS
ENSG00000081138,CDH7,-0.02993354,0.553085807,NS
ENSG00000183307,TMEM121B,0.026539647,0.553172544,NS
ENSG00000153048,CARHSP1,0.027823748,0.553315969,NS
ENSG00000261553,NA,0.025991667,0.553315969,NS
ENSG00000141391,PRELID3A,-0.030714217,0.553367064,NS
ENSG00000151893,CACUL1,0.030347668,0.553653055,NS
ENSG00000250903,GMDS-DT,-0.028240826,0.553895771,NS
ENSG00000198060,MARCHF5,0.027254732,0.553939036,NS
ENSG00000155096,AZIN1,0.022815313,0.554132216,NS
ENSG00000175175,PPM1E,-0.030700533,0.554132216,NS
ENSG00000172840,PDP2,-0.028859291,0.554133636,NS
ENSG00000273154,NA,-0.026466972,0.554485118,NS
ENSG00000064687,ABCA7,-0.02984105,0.554585155,NS
ENSG00000287126,NA,0.029753875,0.554721547,NS
ENSG00000109320,NFKB1,-0.027363955,0.554755752,NS
ENSG00000253982,CLN8-AS1,-0.030149299,0.554755752,NS
ENSG00000288868,NA,0.030412557,0.554755752,NS
ENSG00000158457,TSPAN33,0.028575391,0.55492357,NS
ENSG00000163083,INHBB,-0.030763057,0.55492357,NS
ENSG00000090674,MCOLN1,-0.029892078,0.555089496,NS
ENSG00000119522,DENND1A,0.026632467,0.555089496,NS
ENSG00000260136,NA,-0.030206051,0.555187604,NS
ENSG00000088247,KHSRP,0.023625857,0.555391823,NS
ENSG00000185220,PGBD2,-0.030001232,0.555391823,NS
ENSG00000114867,EIF4G1,0.021901997,0.555835309,NS
ENSG00000058799,YIPF1,0.029053207,0.555840063,NS
ENSG00000060749,QSER1,0.029268863,0.555840063,NS
ENSG00000148303,RPL7A,-0.02545362,0.555840063,NS
ENSG00000163904,SENP2,0.027539468,0.555840063,NS
ENSG00000168397,ATG4B,-0.027667185,0.555892338,NS
ENSG00000175662,TOM1L2,-0.025573511,0.55590918,NS
ENSG00000227857,NA,-0.028511246,0.555919643,NS
ENSG00000085999,RAD54L,0.028194352,0.556194125,NS
ENSG00000144591,GMPPA,-0.029644538,0.556277277,NS
ENSG00000047578,KATNIP,-0.029561147,0.556507185,NS
ENSG00000104960,PTOV1,-0.026484376,0.556607257,NS
ENSG00000147162,OGT,-0.029209372,0.557331776,NS
ENSG00000103254,ANTKMT,-0.028976361,0.557418225,NS
ENSG00000110315,RNF141,0.027711599,0.557966952,NS
ENSG00000075234,TTC38,-0.028838893,0.558097796,NS
ENSG00000168646,AXIN2,0.030476206,0.558097796,NS
ENSG00000174652,ZNF266,0.029184335,0.558097796,NS
ENSG00000184281,TSSC4,0.028462315,0.558160135,NS
ENSG00000114098,ARMC8,0.028467373,0.558205325,NS
ENSG00000125686,MED1,0.024971655,0.558337758,NS
ENSG00000156931,VPS8,-0.029591379,0.558618646,NS
ENSG00000164081,TEX264,-0.025668977,0.558618646,NS
ENSG00000167562,ZNF701,0.030539561,0.558632464,NS
ENSG00000089351,GRAMD1A,-0.027939514,0.558716106,NS
ENSG00000145337,PYURF,0.026539143,0.558716106,NS
ENSG00000149273,RPS3,-0.025542992,0.558716106,NS
ENSG00000184402,SS18L1,-0.029943571,0.558716106,NS
ENSG00000186310,NAP1L3,-0.030454694,0.558716106,NS
ENSG00000239523,MYLK-AS1,0.030311429,0.558716106,NS
ENSG00000255072,PIGY,0.026539143,0.558716106,NS
ENSG00000263001,GTF2I,-0.025393436,0.558716106,NS
ENSG00000137880,GCHFR,-0.030328702,0.558859581,NS
ENSG00000159023,EPB41,-0.025160699,0.559045295,NS
ENSG00000180953,ST20,0.029148134,0.559045295,NS
ENSG00000213551,DNAJC9,0.025997677,0.559045295,NS
ENSG00000104205,SGK3,0.030029128,0.559139209,NS
ENSG00000101346,POFUT1,0.023913622,0.559326056,NS
ENSG00000173153,ESRRA,-0.026151325,0.559326056,NS
ENSG00000165244,ZNF367,0.027379138,0.559503413,NS
ENSG00000258441,LINC00641,0.030408105,0.559503413,NS
ENSG00000165886,UBTD1,-0.03032902,0.559515698,NS
ENSG00000240204,SMKR1,-0.029588055,0.559728954,NS
ENSG00000284606,NA,0.028355758,0.559728954,NS
ENSG00000167565,SERTAD3,0.029011817,0.56016483,NS
ENSG00000101940,WDR13,-0.027686217,0.560318709,NS
ENSG00000149798,CDC42EP2,0.030401604,0.560318709,NS
ENSG00000158716,DUSP23,-0.029354811,0.560318709,NS
ENSG00000136146,MED4,0.029198709,0.560483672,NS
ENSG00000084623,EIF3I,0.024076553,0.560578558,NS
ENSG00000162368,CMPK1,0.023849707,0.56061503,NS
ENSG00000204822,MRPL53,-0.028473361,0.56061503,NS
ENSG00000122140,MRPS2,0.026159193,0.560782172,NS
ENSG00000134905,CARS2,-0.028111404,0.560782172,NS
ENSG00000277142,LINC00235,-0.029626,0.560856448,NS
ENSG00000085733,CTTN,-0.024496106,0.561071642,NS
ENSG00000099954,CECR2,-0.026204489,0.561116205,NS
ENSG00000104714,ERICH1,-0.029812909,0.561116205,NS
ENSG00000121281,ADCY7,-0.029677824,0.561116205,NS
ENSG00000163945,UVSSA,-0.029405116,0.561116205,NS
ENSG00000265666,RARA-AS1,0.027028684,0.561116205,NS
ENSG00000118162,KPTN,0.029762346,0.561532007,NS
ENSG00000165724,ZMYND19,-0.026617368,0.561537302,NS
ENSG00000186462,NAP1L2,-0.028383934,0.561537302,NS
ENSG00000140332,TLE3,0.023707677,0.561801804,NS
ENSG00000149262,INTS4,0.028271167,0.561970595,NS
ENSG00000177606,JUN,-0.023806536,0.562155593,NS
ENSG00000107672,NSMCE4A,0.029788259,0.562264797,NS
ENSG00000079819,EPB41L2,0.030070424,0.562864514,NS
ENSG00000134775,FHOD3,-0.027981994,0.562864514,NS
ENSG00000136925,TSTD2,0.028645416,0.56344161,NS
ENSG00000141971,MVB12A,-0.028821669,0.563959058,NS
ENSG00000142687,KIAA0319L,-0.025980927,0.564212386,NS
ENSG00000170448,NFXL1,0.028887117,0.564212386,NS
ENSG00000089094,KDM2B,0.027313139,0.564289762,NS
ENSG00000160271,RALGDS,-0.026985953,0.564289762,NS
ENSG00000166136,NDUFB8,-0.027431609,0.564289762,NS
ENSG00000293428,C22orf46P,-0.029529426,0.564289762,NS
ENSG00000008018,PSMB1,-0.025648607,0.564607032,NS
ENSG00000151304,SRFBP1,0.028974071,0.564607032,NS
ENSG00000168701,TMEM208,-0.028660858,0.564607032,NS
ENSG00000086666,ZFAND6,0.027041616,0.565180666,NS
ENSG00000119280,C1orf198,0.026357221,0.565497072,NS
ENSG00000232859,LYRM9,-0.029539003,0.56559812,NS
ENSG00000025423,HSD17B6,0.028052271,0.565649029,NS
ENSG00000080823,MOK,-0.028902012,0.565649029,NS
ENSG00000198252,STYX,0.026606499,0.565649029,NS
ENSG00000123352,SPATS2,-0.026620444,0.566058877,NS
ENSG00000064115,TM7SF3,-0.025398727,0.566420707,NS
ENSG00000122958,VPS26A,-0.02599299,0.566541572,NS
ENSG00000123407,HOXC12,-0.030056611,0.566541572,NS
ENSG00000107758,PPP3CB,0.027217015,0.566692457,NS
ENSG00000135679,MDM2,0.029978927,0.566692457,NS
ENSG00000174307,PHLDA3,-0.026318506,0.566692457,NS
ENSG00000168036,CTNNB1,0.02245343,0.567525962,NS
ENSG00000187187,ZNF546,0.028909186,0.567525962,NS
ENSG00000145833,DDX46,0.025053981,0.567779338,NS
ENSG00000279443,NA,0.026908732,0.567779338,NS
ENSG00000100523,DDHD1,0.028182948,0.567805923,NS
ENSG00000129460,NGDN,0.027922797,0.567805923,NS
ENSG00000289740,TALAM1,-0.025475131,0.567805923,NS
ENSG00000148090,AUH,-0.029187301,0.567863729,NS
ENSG00000184216,IRAK1,-0.022688774,0.567863729,NS
ENSG00000249437,NAIP,-0.029863209,0.567863729,NS
ENSG00000157657,ZNF618,0.027740059,0.568075646,NS
ENSG00000149532,CPSF7,0.024851313,0.568334843,NS
ENSG00000260267,NA,-0.029826463,0.568334843,NS
ENSG00000163462,TRIM46,-0.027137781,0.568388176,NS
ENSG00000127511,SIN3B,-0.02737316,0.568401206,NS
ENSG00000131143,COX4I1,-0.024193212,0.568401206,NS
ENSG00000150477,KIAA1328,0.029878907,0.56843375,NS
ENSG00000173327,MAP3K11,0.025340008,0.56843375,NS
ENSG00000230551,NA,-0.029821919,0.56867775,NS
ENSG00000134287,ARF3,-0.022280686,0.568865051,NS
ENSG00000144821,MYH15,0.027120684,0.569204551,NS
ENSG00000290901,NA,-0.026049039,0.569705488,NS
ENSG00000130508,PXDN,0.029386786,0.569709815,NS
ENSG00000152102,FAM168B,0.023885182,0.569709815,NS
ENSG00000213995,NAXD,0.028879031,0.569723682,NS
ENSG00000118246,FASTKD2,0.026254553,0.569857552,NS
ENSG00000204267,TAP2,0.026812848,0.569857552,NS
ENSG00000234072,GTF3C2-AS2,-0.0292397,0.569857552,NS
ENSG00000245849,RAD51-AS1,-0.02677373,0.569857552,NS
ENSG00000160972,PPP1R16A,-0.027513125,0.569984504,NS
ENSG00000099381,SETD1A,0.027082804,0.57018465,NS
ENSG00000165389,SPTSSA,0.025244205,0.57018465,NS
ENSG00000168952,STXBP6,-0.02737819,0.57018465,NS
ENSG00000169131,ZNF354A,-0.028530998,0.57018465,NS
ENSG00000182473,EXOC7,-0.023804718,0.57018465,NS
ENSG00000205155,PSENEN,0.027364069,0.57018465,NS
ENSG00000231690,LINC00574,-0.029035041,0.57018465,NS
ENSG00000267575,LINC02987,0.028774377,0.57036171,NS
ENSG00000151883,PARP8,-0.029272804,0.570500693,NS
ENSG00000243156,MICAL3,0.025935838,0.570536933,NS
ENSG00000162604,TM2D1,-0.028902523,0.570562099,NS
ENSG00000166444,DENND2B,-0.029592463,0.570948768,NS
ENSG00000177842,ZNF620,0.028897389,0.570948768,NS
ENSG00000101247,NDUFAF5,0.029243026,0.571114077,NS
ENSG00000137274,BPHL,-0.027899554,0.571114077,NS
ENSG00000196368,NUDT11,0.029542466,0.571114077,NS
ENSG00000279069,NA,-0.024094935,0.571114077,NS
ENSG00000297567,NA,-0.025741782,0.571261896,NS
ENSG00000143401,ANP32E,0.025317021,0.571471665,NS
ENSG00000259153,MAP3K9-DT,0.029426317,0.571758414,NS
ENSG00000174903,RAB1B,0.02378691,0.572558109,NS
ENSG00000143942,CHAC2,0.029344083,0.572577221,NS
ENSG00000198105,ZNF248,-0.029002299,0.572635187,NS
ENSG00000049167,ERCC8,0.029312861,0.57289562,NS
ENSG00000066117,SMARCD1,0.026603529,0.57289562,NS
ENSG00000204271,SPIN3,0.028382548,0.57289562,NS
ENSG00000293478,GFOD3P,-0.028939192,0.57289562,NS
ENSG00000185437,SH3BGR,0.029539937,0.573273316,NS
ENSG00000059378,PARP12,-0.028072821,0.573357021,NS
ENSG00000164663,USP49,0.029040754,0.573357021,NS
ENSG00000170871,KIAA0232,0.027397791,0.573357021,NS
ENSG00000137393,RNF144B,-0.029262777,0.573738056,NS
ENSG00000173894,CBX2,0.025455848,0.573738056,NS
ENSG00000188629,ZNF177,0.024958172,0.573738056,NS
ENSG00000121060,TRIM25,-0.023344241,0.573997089,NS
ENSG00000196456,ZNF775,0.029386556,0.573997089,NS
ENSG00000268205,NA,0.029565292,0.573997089,NS
ENSG00000291082,HERC2P9,-0.018945876,0.573997089,NS
ENSG00000166450,PRTG,0.027394371,0.574291934,NS
ENSG00000176915,ANKLE2,0.026499955,0.574291934,NS
ENSG00000159433,STARD9,-0.025824918,0.574430949,NS
ENSG00000279692,NA,0.029535243,0.57449025,NS
ENSG00000115827,DCAF17,0.028049604,0.575000112,NS
ENSG00000136811,ODF2,0.025360881,0.575000112,NS
ENSG00000165406,MARCHF8,0.027999117,0.575162468,NS
ENSG00000118363,SPCS2,0.024799232,0.575395083,NS
ENSG00000120690,ELF1,-0.028398774,0.575395083,NS
ENSG00000131269,ABCB7,0.027570729,0.575395083,NS
ENSG00000161904,LEMD2,-0.028143339,0.575395083,NS
ENSG00000167302,TEPSIN,-0.029447901,0.575395083,NS
ENSG00000170854,RIOX2,0.025307676,0.575395083,NS
ENSG00000173852,DPY19L1,-0.02945113,0.575395083,NS
ENSG00000250067,YJEFN3,-0.025325741,0.575395083,NS
ENSG00000259431,THTPA,-0.027536577,0.575395083,NS
ENSG00000261211,NA,0.029228787,0.575395083,NS
ENSG00000291073,NA,0.029425758,0.575395083,NS
ENSG00000050426,LETMD1,-0.027109727,0.575833316,NS
ENSG00000137713,PPP2R1B,0.025482075,0.575833316,NS
ENSG00000156239,N6AMT1,0.028544579,0.575833316,NS
ENSG00000158850,B4GALT3,-0.025586765,0.575833316,NS
ENSG00000169155,ZBTB43,-0.028567312,0.575833316,NS
ENSG00000173715,TOP6BL,-0.029416443,0.575833316,NS
ENSG00000272047,GTF2H5,-0.027990725,0.575833316,NS
ENSG00000290926,LINC03006,-0.028123249,0.575833316,NS
ENSG00000097096,SYDE2,-0.027954167,0.576085976,NS
ENSG00000215883,CYB5RL,-0.028153647,0.576085976,NS
ENSG00000233639,PANTR1,-0.026091598,0.576085976,NS
ENSG00000088986,DYNLL1,-0.02676981,0.576188627,NS
ENSG00000137947,GTF2B,-0.027764555,0.576188627,NS
ENSG00000139946,PELI2,-0.029398696,0.576188627,NS
ENSG00000172531,PPP1CA,-0.025943088,0.576188627,NS
ENSG00000298793,NA,-0.028663443,0.576188627,NS
ENSG00000151164,RAD9B,0.026024372,0.57650653,NS
ENSG00000144504,ANKMY1,-0.029322809,0.576680018,NS
ENSG00000100941,PNN,0.024200025,0.57668707,NS
ENSG00000277258,PCGF2,-0.02758626,0.576741799,NS
ENSG00000298291,NA,-0.025983068,0.576741799,NS
ENSG00000119318,RAD23B,0.021116,0.577351914,NS
ENSG00000146350,TBC1D32,-0.028622891,0.577351914,NS
ENSG00000103591,AAGAB,-0.025319698,0.577352385,NS
ENSG00000148841,ITPRIP,0.029320242,0.577358886,NS
ENSG00000187790,FANCM,0.028667704,0.577403429,NS
ENSG00000059769,DNAJC25,0.028817293,0.577691433,NS
ENSG00000095951,HIVEP1,0.028336444,0.577691433,NS
ENSG00000166619,BLCAP,-0.024755598,0.577691433,NS
ENSG00000214022,REPIN1,-0.023236552,0.577691433,NS
ENSG00000285728,NA,-0.0274752,0.577691433,NS
ENSG00000299590,NA,-0.027565629,0.577691433,NS
ENSG00000249348,UGDH-AS1,-0.029187453,0.577865077,NS
ENSG00000163681,SLMAP,0.025183454,0.577989433,NS
ENSG00000101199,ARFGAP1,-0.026759112,0.578148412,NS
ENSG00000224616,RTCA-AS1,-0.02900046,0.578148412,NS
ENSG00000197943,PLCG2,-0.026770274,0.578259494,NS
ENSG00000165757,JCAD,-0.029230588,0.578573183,NS
ENSG00000205309,NT5M,-0.029017153,0.57907534,NS
ENSG00000262712,NA,0.026677597,0.579147052,NS
ENSG00000005486,RHBDD2,-0.024723105,0.579299816,NS
ENSG00000267809,NDUFV2P1,-0.029199558,0.579474939,NS
ENSG00000167972,ABCA3,-0.025008438,0.579584313,NS
ENSG00000069020,MAST4,0.02871241,0.580359556,NS
ENSG00000079432,CIC,-0.026754748,0.58056238,NS
ENSG00000110422,HIPK3,0.027293951,0.58056238,NS
ENSG00000120709,FAM53C,0.024542446,0.58056238,NS
ENSG00000123146,ADGRE5,-0.027295033,0.58056238,NS
ENSG00000143294,PRCC,-0.0237837,0.58056238,NS
ENSG00000172046,USP19,-0.024570909,0.58056238,NS
ENSG00000249641,HOXC13-AS,-0.029086822,0.58056238,NS
ENSG00000116030,SUMO1,0.023260054,0.580773892,NS
ENSG00000188827,SLX4,0.02835708,0.580773892,NS
ENSG00000143641,GALNT2,0.023308064,0.581161372,NS
ENSG00000104361,NIPAL2,-0.029088682,0.581248345,NS
ENSG00000129473,BCL2L2,0.026578689,0.581248345,NS
ENSG00000234028,EIF2AK3-DT,-0.028271476,0.581248345,NS
ENSG00000167220,HDHD2,-0.025139314,0.581375115,NS
ENSG00000267226,MALT1-AS1,0.028147511,0.581426527,NS
ENSG00000114107,CEP70,0.026130056,0.581549023,NS
ENSG00000137714,FDX1,-0.02643553,0.581549023,NS
ENSG00000161048,NAPEPLD,-0.028899713,0.581549023,NS
ENSG00000168591,TMUB2,-0.029001838,0.581549023,NS
ENSG00000163704,PRRT3,-0.028895289,0.581590397,NS
ENSG00000231806,PCAT7,-0.028782414,0.581590397,NS
ENSG00000288701,PRRC2B,0.023750851,0.582550644,NS
ENSG00000155636,RBM45,-0.028684265,0.582748855,NS
ENSG00000178685,PARP10,-0.02755349,0.582748855,NS
ENSG00000294153,NA,-0.028914507,0.583050141,NS
ENSG00000117228,GBP1,0.025242738,0.583199118,NS
ENSG00000109066,TMEM104,-0.027482634,0.583202548,NS
ENSG00000188070,ZFTA,-0.02827224,0.583374995,NS
ENSG00000167037,SGSM1,-0.027203795,0.58340849,NS
ENSG00000253642,NA,-0.027792978,0.583518713,NS
ENSG00000203279,NA,0.02804218,0.583872438,NS
ENSG00000074696,HACD3,0.022704041,0.58393861,NS
ENSG00000128253,RFPL2,0.025803041,0.58393861,NS
ENSG00000138398,PPIG,0.025397292,0.58393861,NS
ENSG00000163743,RCHY1,0.026562431,0.58393861,NS
ENSG00000164603,BMT2,0.028652341,0.584201013,NS
ENSG00000085415,SEH1L,0.024659152,0.584305742,NS
ENSG00000125870,SNRPB2,0.025536636,0.584473615,NS
ENSG00000134072,CAMK1,0.027899797,0.584473615,NS
ENSG00000242616,GNG10,0.025113712,0.584473615,NS
ENSG00000269176,NA,-0.028627593,0.584473615,NS
ENSG00000083799,CYLD,0.027334151,0.585371729,NS
ENSG00000160963,COL26A1,-0.024588161,0.585371729,NS
ENSG00000074590,NUAK1,-0.028787254,0.585488739,NS
ENSG00000132881,CPLANE2,-0.028009591,0.585488739,NS
ENSG00000163611,SPICE1,-0.028780552,0.585488739,NS
ENSG00000272410,NA,0.028844616,0.585488739,NS
ENSG00000291137,GBA1LP,-0.028632764,0.585643684,NS
ENSG00000101246,ARFRP1,-0.026973936,0.585800921,NS
ENSG00000143674,MAP3K21,0.028627296,0.585800921,NS
ENSG00000261052,SULT1A3,-0.02544767,0.585800921,NS
ENSG00000166908,PIP4K2C,-0.02509447,0.58640254,NS
ENSG00000072958,AP1M1,-0.025654078,0.58649083,NS
ENSG00000198646,NCOA6,0.025337969,0.586621027,NS
ENSG00000135925,WNT10A,-0.027661866,0.586622589,NS
ENSG00000137656,BUD13,-0.027790916,0.587331288,NS
ENSG00000040531,CTNS,-0.027990859,0.587449837,NS
ENSG00000168275,COA6,0.026505825,0.587449837,NS
ENSG00000099942,CRKL,0.024841554,0.58749588,NS
ENSG00000106477,CEP41,0.028075402,0.587584542,NS
ENSG00000147669,POLR2K,0.025848048,0.587743399,NS
ENSG00000101193,GID8,0.023925051,0.587764544,NS
ENSG00000143772,ITPKB,0.025172864,0.587779238,NS
ENSG00000197114,ZGPAT,-0.028621058,0.587779238,NS
ENSG00000125676,THOC2,0.025948015,0.587785013,NS
ENSG00000151150,ANK3,-0.024130713,0.587785013,NS
ENSG00000232573,RPL3P4,-0.024100867,0.587785013,NS
ENSG00000170619,COMMD5,-0.027194412,0.588089028,NS
ENSG00000134758,RNF138,0.025600644,0.588594727,NS
ENSG00000226479,TMEM185B,0.024627714,0.589028051,NS
ENSG00000136875,PRPF4,0.024746577,0.589130638,NS
ENSG00000107643,MAPK8,0.026403255,0.589161259,NS
ENSG00000104133,SPG11,0.02498039,0.589211597,NS
ENSG00000171827,ZNF570,0.02859209,0.589211597,NS
ENSG00000004846,ABCB5,-0.024353108,0.589620356,NS
ENSG00000140848,CPNE2,-0.0285074,0.589862766,NS
ENSG00000159055,MIS18A,0.026260898,0.589862766,NS
ENSG00000164543,STK17A,0.028425644,0.590034826,NS
ENSG00000131459,GFPT2,-0.024945496,0.590087518,NS
ENSG00000253741,LNCOC1,0.025769788,0.590351282,NS
ENSG00000171425,ZNF581,0.02803434,0.590432972,NS
ENSG00000124508,BTN2A2,-0.028555956,0.591160783,NS
ENSG00000226887,ERVMER34-1,0.028216178,0.591179673,NS
ENSG00000277053,GTF2IP1,-0.018176735,0.591179673,NS
ENSG00000142197,DOP1B,-0.024691832,0.592065816,NS
ENSG00000153046,CDYL,0.027284593,0.592065816,NS
ENSG00000160051,IQCC,0.028494552,0.592065816,NS
ENSG00000181409,AATK,-0.027355932,0.592065816,NS
ENSG00000116171,SCP2,-0.024053283,0.592119781,NS
ENSG00000143977,SNRPG,0.02677684,0.592119781,NS
ENSG00000171566,PLRG1,0.02593986,0.592119781,NS
ENSG00000107862,GBF1,0.024210296,0.592183741,NS
ENSG00000110442,COMMD9,-0.027015498,0.592183741,NS
ENSG00000204569,PPP1R10,0.02238819,0.592183741,NS
ENSG00000290588,NA,-0.02844578,0.592261916,NS
ENSG00000155034,FBXL18,-0.026349209,0.59230857,NS
ENSG00000069812,HES2,0.024291435,0.59238403,NS
ENSG00000135722,FBXL8,-0.027214551,0.59238403,NS
ENSG00000149930,TAOK2,-0.024595549,0.59238403,NS
ENSG00000173875,ZNF791,0.026748208,0.592393006,NS
ENSG00000006625,GGCT,0.022566844,0.5925008,NS
ENSG00000173706,HEG1,-0.02838677,0.592745727,NS
ENSG00000277287,NA,-0.027468344,0.592745727,NS
ENSG00000159388,BTG2,-0.025217958,0.593098319,NS
ENSG00000104979,C19orf53,-0.02590379,0.593115173,NS
ENSG00000029534,ANK1,0.02378053,0.593443304,NS
ENSG00000094880,CDC23,0.024242348,0.593493132,NS
ENSG00000106404,CLDN15,-0.02764444,0.593493132,NS
ENSG00000213024,NUP62,0.022808883,0.593493132,NS
ENSG00000153560,UBP1,0.023381689,0.593551342,NS
ENSG00000277462,ZNF670,0.028322966,0.593551342,NS
ENSG00000010704,HFE,-0.0271366,0.593822899,NS
ENSG00000148843,PDCD11,0.024206061,0.593822899,NS
ENSG00000198680,TUSC1,0.028049539,0.593822899,NS
ENSG00000130332,LSM7,-0.025764263,0.593941719,NS
ENSG00000171877,FRMD5,-0.024020588,0.593941719,NS
ENSG00000100417,PMM1,-0.027660861,0.594247793,NS
ENSG00000135049,AGTPBP1,0.026653563,0.594247793,NS
ENSG00000160049,DFFA,0.024866676,0.594247793,NS
ENSG00000080815,PSEN1,0.024497737,0.594509789,NS
ENSG00000105136,ZNF419,0.028099727,0.594561456,NS
ENSG00000114933,INO80D,0.028311758,0.594561456,NS
ENSG00000119684,MLH3,0.026605652,0.594561456,NS
ENSG00000126217,MCF2L,-0.028029813,0.594561456,NS
ENSG00000174939,ASPHD1,-0.025882866,0.594561456,NS
ENSG00000280927,CTBP1-AS,0.023377891,0.594561456,NS
ENSG00000008282,SYPL1,0.023175632,0.594801351,NS
ENSG00000126261,UBA2,0.023649945,0.594801351,NS
ENSG00000138138,ATAD1,0.025925395,0.594801351,NS
ENSG00000158467,AHCYL2,-0.02754755,0.594801351,NS
ENSG00000125657,TNFSF9,-0.026111537,0.594999962,NS
ENSG00000204257,HLA-DMA,-0.027855204,0.594999962,NS
ENSG00000267855,NDUFA7,-0.026396929,0.594999962,NS
ENSG00000247077,PGAM5,0.023175856,0.59510225,NS
ENSG00000124172,ATP5F1E,-0.025462967,0.595129714,NS
ENSG00000100519,PSMC6,0.023376553,0.596026477,NS
ENSG00000119688,ABCD4,-0.02804877,0.596026477,NS
ENSG00000129680,MAP7D3,-0.028227109,0.596055321,NS
ENSG00000148110,MFSD14B,0.023960836,0.596573059,NS
ENSG00000095015,MAP3K1,0.028056263,0.596984863,NS
ENSG00000171490,RSL1D1,0.02172453,0.596984863,NS
ENSG00000170855,TRIAP1,0.024368975,0.597007106,NS
ENSG00000143409,MINDY1,-0.026305518,0.597162831,NS
ENSG00000120256,LRP11,0.02457596,0.597216239,NS
ENSG00000166197,NOLC1,0.020860794,0.597216239,NS
ENSG00000146109,ABT1,0.027028337,0.597550534,NS
ENSG00000152520,PAN3,-0.027036194,0.597791958,NS
ENSG00000141401,IMPA2,0.025800951,0.598012852,NS
ENSG00000163866,SMIM12,-0.026021602,0.598045747,NS
ENSG00000162408,NOL9,0.02720054,0.598166756,NS
ENSG00000084070,SMAP2,-0.024449176,0.598265101,NS
ENSG00000149300,C11orf52,-0.027966878,0.598265101,NS
ENSG00000179918,SEPHS2,-0.024156987,0.598265101,NS
ENSG00000221944,TIGD1,-0.027700148,0.598265101,NS
ENSG00000286015,NA,-0.027509252,0.598265101,NS
ENSG00000273820,USP27X,-0.027720556,0.598369232,NS
ENSG00000180900,SCRIB,0.024812254,0.598811847,NS
ENSG00000291035,RRP7BP,-0.02614564,0.598811847,NS
ENSG00000168894,RNF181,-0.027249769,0.59917086,NS
ENSG00000151458,ANKRD50,0.027400673,0.599577975,NS
ENSG00000176248,ANAPC2,-0.025137947,0.599675634,NS
ENSG00000099625,CBARP,-0.024746976,0.599817117,NS
ENSG00000100038,TOP3B,-0.027895741,0.599817117,NS
ENSG00000111911,HINT3,-0.024377592,0.599817117,NS
ENSG00000112242,E2F3,-0.025655498,0.599817117,NS
ENSG00000124593,NA,-0.027948445,0.599817117,NS
ENSG00000298316,NA,-0.027836194,0.599817117,NS
ENSG00000100441,KHNYN,-0.025866247,0.60007959,NS
ENSG00000136816,TOR1B,-0.026462529,0.60007959,NS
ENSG00000152404,CWF19L2,-0.026840047,0.60007959,NS
ENSG00000173039,RELA,-0.025522173,0.60007959,NS
ENSG00000213047,DENND1B,0.026662804,0.60007959,NS
ENSG00000271380,PYGO2-AS1,-0.027019347,0.60007959,NS
ENSG00000293360,ABCA11P,0.027350739,0.60007959,NS
ENSG00000157764,BRAF,0.025959199,0.600185119,NS
ENSG00000176845,METRNL,-0.027627676,0.600185119,NS
ENSG00000001036,FUCA2,0.024939391,0.600465545,NS
ENSG00000124380,SNRNP27,0.02715643,0.600621958,NS
ENSG00000230513,THAP7-AS1,-0.027955004,0.600621958,NS
ENSG00000116353,MECR,-0.026122369,0.600719944,NS
ENSG00000112039,FANCE,-0.027608695,0.600761889,NS
ENSG00000129932,DOHH,-0.027087002,0.600761889,NS
ENSG00000133398,MED10,-0.026805969,0.600761889,NS
ENSG00000140575,IQGAP1,0.024338171,0.600761889,NS
ENSG00000175066,GK5,0.025963015,0.600761889,NS
ENSG00000251022,THAP9-AS1,0.025932584,0.600761889,NS
ENSG00000293107,NA,-0.027445437,0.600761889,NS
ENSG00000293234,NA,0.024811376,0.600761889,NS
ENSG00000102098,SCML2,0.027309286,0.600837949,NS
ENSG00000165795,NDRG2,-0.025158136,0.601196712,NS
ENSG00000177427,MIEF2,-0.027155497,0.601196712,NS
ENSG00000134086,VHL,-0.025184343,0.601465843,NS
ENSG00000163918,RFC4,0.025031557,0.601465843,NS
ENSG00000304140,NA,-0.027868814,0.601465843,NS
ENSG00000304197,NA,0.026121462,0.601465843,NS
ENSG00000112852,PCDHB2,0.027043807,0.602346238,NS
ENSG00000171388,APLN,0.027016756,0.602437394,NS
ENSG00000143321,HDGF,0.020391616,0.602482041,NS
ENSG00000125354,SEPTIN6,-0.026976599,0.602673675,NS
ENSG00000139625,MAP3K12,-0.026876455,0.602673675,NS
ENSG00000291206,GTF2IRD1P1,-0.023277072,0.602673675,NS
ENSG00000008869,HEATR5B,0.02610884,0.603226417,NS
ENSG00000177663,IL17RA,0.026715957,0.603236697,NS
ENSG00000184154,LRRC51,0.026888058,0.603236697,NS
ENSG00000170445,HARS1,-0.023318236,0.603381212,NS
ENSG00000144161,ZC3H8,-0.02741306,0.603642664,NS
ENSG00000167182,SP2,0.026823915,0.603684613,NS
ENSG00000165704,HPRT1,0.025259512,0.603789716,NS
ENSG00000286989,NA,-0.02427072,0.603789716,NS
ENSG00000178988,MRFAP1L1,-0.024286291,0.603867029,NS
ENSG00000105778,AVL9,0.024235176,0.604048744,NS
ENSG00000177954,RPS27,-0.024534955,0.604048744,NS
ENSG00000185917,SETD4,-0.027741245,0.604231147,NS
ENSG00000129245,FXR2,-0.022937218,0.605195629,NS
ENSG00000196263,ZNF471,-0.027581045,0.605195629,NS
ENSG00000130703,OSBPL2,0.025674946,0.605522505,NS
ENSG00000153006,SREK1IP1,0.026006873,0.605996339,NS
ENSG00000197894,ADH5,0.023689947,0.606006504,NS
ENSG00000104231,ZFAND1,0.024928018,0.60613135,NS
ENSG00000114316,USP4,-0.026112037,0.60613135,NS
ENSG00000146530,VWDE,-0.027416129,0.606674526,NS
ENSG00000173638,SLC19A1,0.023865421,0.606674526,NS
ENSG00000124574,ABCC10,-0.02763131,0.606764473,NS
ENSG00000108561,C1QBP,0.022472084,0.606780449,NS
ENSG00000095209,TMEM38B,-0.02637071,0.606849781,NS
ENSG00000171861,MRM3,0.025544703,0.607276052,NS
ENSG00000031698,SARS1,0.022096628,0.607423808,NS
ENSG00000152127,MGAT5,0.024337519,0.607423808,NS
ENSG00000141127,PRPSAP2,-0.025536366,0.607631415,NS
ENSG00000275457,NA,-0.025483905,0.607890023,NS
ENSG00000293510,AFG3L1P,-0.026797499,0.607890023,NS
ENSG00000089775,ZBTB25,0.027080169,0.608007895,NS
ENSG00000141449,GREB1L,-0.027170884,0.608007895,NS
ENSG00000149311,ATM,-0.026640152,0.608007895,NS
ENSG00000154920,EME1,0.026847201,0.608007895,NS
ENSG00000172365,OR5B2,0.023701827,0.608007895,NS
ENSG00000177788,RAB4A-AS1,-0.025496836,0.608007895,NS
ENSG00000110721,CHKA,-0.025923569,0.608436247,NS
ENSG00000054282,SDCCAG8,0.026568186,0.608531677,NS
ENSG00000127564,PKMYT1,0.025493944,0.608531677,NS
ENSG00000131732,ZCCHC9,0.026392852,0.608531677,NS
ENSG00000165632,TAF3,0.026925965,0.608531677,NS
ENSG00000241468,ATP5MF,-0.025471783,0.608531677,NS
ENSG00000140691,ARMC5,-0.027082422,0.608683514,NS
ENSG00000100263,RHBDD3,-0.025969349,0.608786964,NS
ENSG00000136247,ZDHHC4,-0.025634161,0.608786964,NS
ENSG00000213965,NUDT19,0.023664748,0.608786964,NS
ENSG00000006042,TMEM98,-0.025675397,0.608958177,NS
ENSG00000172508,CARNS1,-0.026564651,0.608958177,NS
ENSG00000246375,PPM1K-DT,-0.024374701,0.608958177,NS
ENSG00000141570,CBX8,-0.025638086,0.609077396,NS
ENSG00000176396,EID2,0.02563661,0.609077396,NS
ENSG00000177189,RPS6KA3,0.024722506,0.609077396,NS
ENSG00000196935,SRGAP1,0.027462079,0.609077396,NS
ENSG00000197852,INKA2,0.027439861,0.609077396,NS
ENSG00000203727,SAMD5,-0.026436599,0.609077396,NS
ENSG00000213079,SCAF8,0.024229313,0.609077396,NS
ENSG00000293707,NA,0.025911045,0.609213842,NS
ENSG00000124155,PIGT,-0.0245555,0.609267716,NS
ENSG00000138381,ASNSD1,0.023699628,0.609267716,NS
ENSG00000155099,PIP4P2,0.026995947,0.609267716,NS
ENSG00000164404,GDF9,0.025025552,0.609267716,NS
ENSG00000180035,ZNF48,-0.027030727,0.609267716,NS
ENSG00000187742,SECISBP2,-0.026661662,0.609267716,NS
ENSG00000203485,INF2,-0.026428383,0.609267716,NS
ENSG00000037749,MFAP3,0.024166045,0.609526135,NS
ENSG00000152969,JAKMIP1,-0.027065413,0.609526135,NS
ENSG00000073111,MCM2,0.021324397,0.609689103,NS
ENSG00000258429,PDF,-0.025805064,0.610045359,NS
ENSG00000163362,INAVA,0.026408722,0.610269642,NS
ENSG00000176912,TYMSOS,0.026976943,0.610269642,NS
ENSG00000177119,ANO6,0.026004297,0.610269642,NS
ENSG00000221990,EXOC3-AS1,-0.026456949,0.610269642,NS
ENSG00000173214,MFSD4B,0.027220107,0.610603589,NS
ENSG00000013374,NUB1,-0.024625645,0.610653652,NS
ENSG00000235194,PPP1R3E,-0.027215433,0.610653652,NS
ENSG00000289207,NA,-0.025746905,0.611533333,NS
ENSG00000273998,NA,0.025067205,0.611897818,NS
ENSG00000105447,GRWD1,0.023954489,0.612288164,NS
ENSG00000162441,LZIC,0.024781228,0.612288164,NS
ENSG00000174132,FAM174A,-0.025674218,0.612288164,NS
ENSG00000134744,TUT4,-0.024867042,0.612428432,NS
ENSG00000148925,BTBD10,0.025643228,0.612428432,NS
ENSG00000168734,PKIG,-0.027115762,0.61244818,NS
ENSG00000167393,PPP2R3B,0.027148709,0.6124482,NS
ENSG00000292327,PPP2R3B,0.027148709,0.6124482,NS
ENSG00000183513,COA5,-0.02664848,0.612753052,NS
ENSG00000288891,NA,-0.023687985,0.612753052,NS
ENSG00000118508,RAB32,-0.027154877,0.613473724,NS
ENSG00000122406,RPL5,-0.021733546,0.613657947,NS
ENSG00000143036,SLC44A3,-0.026936892,0.613858204,NS
ENSG00000034677,RNF19A,0.026363683,0.613870527,NS
ENSG00000163607,GTPBP8,0.026918666,0.613870527,NS
ENSG00000004059,ARF5,-0.022881965,0.613930562,NS
ENSG00000167862,MRPL58,0.024863607,0.614329386,NS
ENSG00000290399,NA,-0.026009366,0.614665471,NS
ENSG00000184260,H2AC20,0.024639979,0.615202005,NS
ENSG00000019144,PHLDB1,-0.026860339,0.615220785,NS
ENSG00000165684,SNAPC4,-0.02674838,0.61527919,NS
ENSG00000112335,SNX3,-0.024041291,0.615291569,NS
ENSG00000146409,SLC18B1,-0.026922629,0.615291569,NS
ENSG00000196659,IFT70B,0.027108597,0.615291569,NS
ENSG00000299591,ITPR3-AS1,0.026973788,0.615291569,NS
ENSG00000102710,SUPT20H,-0.026355154,0.615333167,NS
ENSG00000119042,SATB2,-0.02706486,0.615333167,NS
ENSG00000143624,INTS3,-0.023944029,0.615333167,NS
ENSG00000144283,PKP4,0.022670288,0.615333167,NS
ENSG00000164733,CTSB,-0.023485056,0.615333167,NS
ENSG00000180346,TIGD2,0.026562522,0.615333167,NS
ENSG00000183648,NDUFB1,-0.025330966,0.615333167,NS
ENSG00000253102,NA,0.02319477,0.615333167,NS
ENSG00000273230,NA,0.024804506,0.615333167,NS
ENSG00000275993,NA,-0.026593814,0.615333167,NS
ENSG00000278238,CKAP2-DT,0.023157455,0.615333167,NS
ENSG00000306316,NA,-0.026379468,0.615333167,NS
ENSG00000246582,TNFRSF10A-DT,0.026180161,0.61538457,NS
ENSG00000133059,DSTYK,0.025791852,0.615710464,NS
ENSG00000103148,NPRL3,-0.023523808,0.615747554,NS
ENSG00000163872,YEATS2,0.024881467,0.615747554,NS
ENSG00000183475,ASB7,0.026508767,0.615747554,NS
ENSG00000248008,NRAV,0.026302362,0.615747554,NS
ENSG00000101888,NXT2,0.026528473,0.616746618,NS
ENSG00000185716,MOSMO,0.026999643,0.616746618,NS
ENSG00000197808,ZNF461,0.026341124,0.616746618,NS
ENSG00000255154,HTD2,0.027014942,0.616746618,NS
ENSG00000198840,MT-ND3,0.027006763,0.616760618,NS
ENSG00000063046,EIF4B,0.01920645,0.617029181,NS
ENSG00000096093,EFHC1,-0.026494043,0.617029181,NS
ENSG00000132313,MRPL35,0.025276266,0.617029181,NS
ENSG00000158813,EDA,-0.025196054,0.617029181,NS
ENSG00000281912,LINC01144,-0.026577398,0.617029181,NS
ENSG00000290849,NA,0.02690934,0.617029181,NS
ENSG00000110844,PRPF40B,-0.026445551,0.617262218,NS
ENSG00000121057,AKAP1,0.022412308,0.617262218,NS
ENSG00000138614,INTS14,0.024242988,0.617554123,NS
ENSG00000101407,TTI1,0.025822424,0.617583607,NS
ENSG00000237765,FAM200B,0.025721632,0.618082842,NS
ENSG00000135535,CD164,0.020102725,0.618223248,NS
ENSG00000164074,ABHD18,-0.026829501,0.618392014,NS
ENSG00000101856,PGRMC1,0.022578716,0.618573492,NS
ENSG00000304013,NA,-0.02141385,0.618573492,NS
ENSG00000117013,KCNQ4,-0.026695429,0.618713341,NS
ENSG00000182504,CEP97,0.02515197,0.618723377,NS
ENSG00000182606,TRAK1,-0.024527004,0.618723377,NS
ENSG00000100883,SRP54,-0.02230237,0.618771181,NS
ENSG00000132002,DNAJB1,0.023449053,0.618771181,NS
ENSG00000139631,CSAD,-0.02540316,0.618771181,NS
ENSG00000165810,BTNL9,-0.026580571,0.618771181,NS
ENSG00000179240,GVQW3,-0.025635912,0.618771181,NS
ENSG00000232093,DCST1-AS1,0.026822791,0.618771181,NS
ENSG00000126267,COX6B1,-0.024182377,0.618828386,NS
ENSG00000072840,EVC,-0.026488863,0.61900176,NS
ENSG00000169814,BTD,0.025407746,0.619157851,NS
ENSG00000261915,NA,-0.02188494,0.619157851,NS
ENSG00000272831,NA,-0.026413772,0.619157851,NS
ENSG00000184465,WDR27,-0.02570279,0.619335716,NS
ENSG00000139173,TMEM117,-0.025993731,0.619890267,NS
ENSG00000150593,PDCD4,0.021301996,0.619890267,NS
ENSG00000172732,MUS81,-0.026140266,0.619890267,NS
ENSG00000174607,UGT8,-0.026514855,0.619890267,NS
ENSG00000039068,CDH1,0.019607957,0.620083334,NS
ENSG00000146094,DOK3,0.023320487,0.620083334,NS
ENSG00000177885,GRB2,-0.022072737,0.620083334,NS
ENSG00000188322,SBK1,0.026221512,0.620083334,NS
ENSG00000250218,ALDH1L1-AS1,0.026556465,0.620083334,NS
ENSG00000130726,TRIM28,-0.019277447,0.620168783,NS
ENSG00000219545,UMAD1,-0.02567435,0.620348277,NS
ENSG00000182253,SYNM,-0.025884603,0.620964026,NS
ENSG00000106415,GLCCI1,-0.026703298,0.62096898,NS
ENSG00000166311,SMPD1,-0.023932291,0.62096898,NS
ENSG00000168778,TCTN2,0.02569226,0.62096898,NS
ENSG00000242498,ARPIN,-0.026159662,0.62096898,NS
ENSG00000265241,RBM8A,0.022350518,0.62096898,NS
ENSG00000175224,ATG13,0.023317339,0.621062819,NS
ENSG00000187801,ZFP69B,0.026724229,0.621148798,NS
ENSG00000103404,USP31,0.025717983,0.621233665,NS
ENSG00000170175,CHRNB1,0.023248602,0.621295892,NS
ENSG00000104884,ERCC2,-0.025914415,0.621297001,NS
ENSG00000105793,GTPBP10,0.02377337,0.621297001,NS
ENSG00000205084,TMEM231,-0.02631737,0.621297001,NS
ENSG00000156256,USP16,0.023564174,0.621364704,NS
ENSG00000163956,LRPAP1,-0.023512621,0.621364704,NS
ENSG00000168264,IRF2BP2,0.023468336,0.621364704,NS
ENSG00000125898,FAM110A,-0.025691395,0.621505554,NS
ENSG00000107551,RASSF4,-0.023983148,0.621689263,NS
ENSG00000114395,CYB561D2,-0.025121151,0.621744999,NS
ENSG00000128881,TTBK2,0.026441606,0.621744999,NS
ENSG00000130511,SSBP4,-0.02471498,0.621744999,NS
ENSG00000138495,COX17,0.024244768,0.621744999,NS
ENSG00000141084,RANBP10,-0.025077787,0.621744999,NS
ENSG00000142102,PGGHG,-0.024412307,0.621744999,NS
ENSG00000152270,PDE3B,0.024376309,0.621744999,NS
ENSG00000284308,C2orf81,-0.025220564,0.621744999,NS
ENSG00000136631,VPS45,-0.025333103,0.621785751,NS
ENSG00000112697,TMEM30A,0.02224171,0.62189763,NS
ENSG00000157869,RAB28,0.026365011,0.62189763,NS
ENSG00000291078,NA,0.026148424,0.62189763,NS
ENSG00000144736,SHQ1,-0.025204993,0.622115447,NS
ENSG00000165714,BORCS5,0.026388612,0.62221616,NS
ENSG00000167394,ZNF668,-0.02579844,0.622456652,NS
ENSG00000049541,RFC2,0.023305394,0.622534217,NS
ENSG00000105698,USF2,-0.022356564,0.622534217,NS
ENSG00000114988,LMAN2L,0.026019539,0.622534217,NS
ENSG00000130818,ZNF426,0.025747017,0.622534217,NS
ENSG00000213213,CCDC183,-0.023948789,0.622534217,NS
ENSG00000162191,UBXN1,-0.024002369,0.623024847,NS
ENSG00000137547,MRPL15,-0.024395673,0.623174848,NS
ENSG00000186272,ZNF17,-0.0262782,0.623174848,NS
ENSG00000290951,NA,-0.02592128,0.623516127,NS
ENSG00000021574,SPAST,0.025085524,0.623565748,NS
ENSG00000010017,RANBP9,-0.023647333,0.624080164,NS
ENSG00000034533,ASTE1,0.026447116,0.624080164,NS
ENSG00000117751,PPP1R8,0.023105602,0.624224406,NS
ENSG00000147894,C9orf72,-0.025674985,0.62424487,NS
ENSG00000087269,NOP14,0.02255602,0.624835229,NS
ENSG00000123064,DDX54,-0.021468274,0.624835229,NS
ENSG00000136153,LMO7,-0.025554704,0.624835229,NS
ENSG00000149600,COMMD7,-0.024990768,0.624835229,NS
ENSG00000182054,IDH2,0.021830172,0.624835229,NS
ENSG00000128487,SPECC1,0.02427091,0.624842918,NS
ENSG00000154642,C21orf91,0.025751658,0.625000627,NS
ENSG00000089006,SNX5,0.022137023,0.625215994,NS
ENSG00000104969,SGTA,0.021751838,0.625215994,NS
ENSG00000135776,ABCB10,0.023741082,0.625215994,NS
ENSG00000145882,PCYOX1L,-0.023968894,0.625215994,NS
ENSG00000157214,STEAP2,-0.023165271,0.625215994,NS
ENSG00000173588,CEP83,0.02604681,0.625215994,NS
ENSG00000178401,DNAJC22,0.026314562,0.625215994,NS
ENSG00000181315,ZNF322,0.024815174,0.625215994,NS
ENSG00000163644,PPM1K,-0.025793606,0.625607333,NS
ENSG00000188242,SLC9A3-OT1,-0.024420542,0.625651015,NS
ENSG00000135778,NTPCR,-0.023072746,0.625668657,NS
ENSG00000099204,ABLIM1,0.023354329,0.625688389,NS
ENSG00000166747,AP1G1,-0.022094382,0.625688389,NS
ENSG00000111361,EIF2B1,-0.022386409,0.62573468,NS
ENSG00000172939,OXSR1,0.023333034,0.62598589,NS
ENSG00000167173,C15orf39,0.025232075,0.626050906,NS
ENSG00000147852,VLDLR,0.026129721,0.626226128,NS
ENSG00000121481,RNF2,0.024793013,0.626369196,NS
ENSG00000148290,SURF1,-0.024008991,0.626369196,NS
ENSG00000047365,ARAP2,0.024772612,0.626640888,NS
ENSG00000144040,SFXN5,0.025757517,0.626640888,NS
ENSG00000170006,TMEM154,0.026313501,0.626640888,NS
ENSG00000290613,LPAL2,-0.021947386,0.626640888,NS
ENSG00000003989,SLC7A2,0.024410633,0.62700857,NS
ENSG00000155097,ATP6V1C1,-0.023684955,0.62708999,NS
ENSG00000298751,NA,0.02609238,0.62708999,NS
ENSG00000119943,PYROXD2,-0.025462204,0.627109652,NS
ENSG00000198818,SFT2D1,0.023956549,0.627128596,NS
ENSG00000078369,GNB1,-0.019061378,0.627311551,NS
ENSG00000141665,FBXO15,-0.026247975,0.627311551,NS
ENSG00000228300,FAM174C,-0.02345109,0.627560131,NS
ENSG00000136536,MARCHF7,0.023775459,0.627645295,NS
ENSG00000169992,NLGN2,-0.025944579,0.627645295,NS
ENSG00000247556,OIP5-AS1,0.022259151,0.627754587,NS
ENSG00000128271,ADORA2A,-0.022630385,0.628088011,NS
ENSG00000130311,DDA1,-0.024633191,0.628088011,NS
ENSG00000172974,VDAC2P5,-0.022170877,0.628088011,NS
ENSG00000259985,NA,-0.024885059,0.628088011,NS
ENSG00000293550,NA,-0.022492694,0.628088011,NS
ENSG00000114520,SNX4,0.022897285,0.628386979,NS
ENSG00000179271,GADD45GIP1,-0.024402374,0.629161556,NS
ENSG00000177383,MAGEF1,0.022205502,0.62932696,NS
ENSG00000179632,MAF1,0.023332776,0.62932696,NS
ENSG00000197429,IPP,0.025207448,0.62932696,NS
ENSG00000105723,GSK3A,-0.023636874,0.629513099,NS
ENSG00000105821,DNAJC2,0.023654455,0.629538898,NS
ENSG00000110344,UBE4A,0.023317857,0.629603976,NS
ENSG00000288911,NA,-0.024675701,0.629603976,NS
ENSG00000291115,NA,0.023955658,0.629603976,NS
ENSG00000151640,DPYSL4,-0.024772374,0.629987467,NS
ENSG00000109445,ZNF330,-0.024858488,0.630185826,NS
ENSG00000105699,LSR,-0.022681725,0.630364181,NS
ENSG00000117868,ESYT2,-0.022452437,0.630364181,NS
ENSG00000231663,COA6-AS1,-0.026145551,0.630364181,NS
ENSG00000290956,FAM21EP,-0.022925587,0.63064977,NS
ENSG00000144848,ATG3,-0.023704739,0.630670813,NS
ENSG00000085871,MGST2,0.023469498,0.630745275,NS
ENSG00000130255,RPL36,-0.02285773,0.631035006,NS
ENSG00000145979,TBC1D7,-0.025843693,0.631035006,NS
ENSG00000153130,SCOC,0.020823882,0.631035006,NS
ENSG00000163728,TTC14,-0.025764753,0.631035006,NS
ENSG00000171617,ENC1,0.023669909,0.631035006,NS
ENSG00000174206,KICS2,-0.025553685,0.631035006,NS
ENSG00000181544,FANCB,0.026077031,0.631035006,NS
ENSG00000188033,ZNF490,0.026048639,0.631035006,NS
ENSG00000196850,PPTC7,0.024286218,0.631035006,NS
ENSG00000205531,NAP1L4,0.020641699,0.631035006,NS
ENSG00000262468,LINC01569,-0.026047533,0.631035006,NS
ENSG00000143951,WDPCP,-0.024717803,0.631125315,NS
ENSG00000084234,APLP2,0.018839382,0.631266604,NS
ENSG00000122218,COPA,-0.019999421,0.631266604,NS
ENSG00000127947,PTPN12,0.024469654,0.631266604,NS
ENSG00000155592,ZKSCAN2,0.026054655,0.631266604,NS
ENSG00000176658,MYO1D,-0.022551892,0.631266604,NS
ENSG00000241370,RPP21,-0.025600918,0.631266604,NS
ENSG00000244486,SCARF2,-0.024934791,0.631266604,NS
ENSG00000281398,SNHG4,0.02468312,0.631266604,NS
ENSG00000261514,LINC01976,-0.023961522,0.631321129,NS
ENSG00000276728,NA,-0.025405489,0.631459819,NS
ENSG00000197170,PSMD12,0.021101942,0.631668406,NS
ENSG00000119927,GPAM,0.023849577,0.631726415,NS
ENSG00000142655,PEX14,-0.025653899,0.631841402,NS
ENSG00000154813,DPH3,0.025572265,0.631841402,NS
ENSG00000158691,ZSCAN12,0.02581093,0.631841402,NS
ENSG00000188985,DHFRP1,-0.024376479,0.631870952,NS
ENSG00000189306,RRP7A,0.022606921,0.631870952,NS
ENSG00000291150,LSP1P5,0.025713297,0.632011265,NS
ENSG00000090263,MRPS33,-0.024351523,0.632289069,NS
ENSG00000164077,MON1A,-0.025206004,0.632289069,NS
ENSG00000077616,NAALAD2,-0.023454206,0.632512524,NS
ENSG00000187608,ISG15,-0.025286934,0.632536104,NS
ENSG00000163013,FBXO41,-0.025799213,0.632607907,NS
ENSG00000076826,CAMSAP3,-0.024345811,0.632735363,NS
ENSG00000034510,TMSB10,-0.024274355,0.63278877,NS
ENSG00000043143,JADE2,0.025323878,0.63278877,NS
ENSG00000231500,RPS18,-0.022868496,0.632996742,NS
ENSG00000091262,ABCC6,0.02300288,0.633094568,NS
ENSG00000163888,CAMK2N2,0.025437221,0.633094568,NS
ENSG00000085760,MTIF2,0.023663474,0.633322247,NS
ENSG00000136770,DNAJC1,0.024119584,0.633322247,NS
ENSG00000185651,UBE2L3,0.022300117,0.633322247,NS
ENSG00000196950,SLC39A10,0.023514655,0.633322247,NS
ENSG00000094975,SUCO,0.021467762,0.633726331,NS
ENSG00000064545,TMEM161A,-0.023326539,0.634039623,NS
ENSG00000113312,TTC1,-0.022941978,0.634039623,NS
ENSG00000115806,GORASP2,0.02259323,0.634039623,NS
ENSG00000124214,STAU1,0.020779746,0.634039623,NS
ENSG00000138658,ZGRF1,0.025721021,0.634039623,NS
ENSG00000139826,ABHD13,0.025771541,0.634039623,NS
ENSG00000144034,TPRKB,0.024734737,0.634039623,NS
ENSG00000175602,CCDC85B,-0.023240684,0.634039623,NS
ENSG00000181666,ZNF875,-0.025374874,0.634039623,NS
ENSG00000293320,NA,-0.025824556,0.634039623,NS
ENSG00000196865,NHLRC2,0.025111991,0.634135177,NS
ENSG00000007384,RHBDF1,-0.025635714,0.634460209,NS
ENSG00000154102,C16orf74,-0.023673801,0.634460209,NS
ENSG00000088727,KIF9,0.025802229,0.634568612,NS
ENSG00000105427,CNFN,-0.025706869,0.634568612,NS
ENSG00000111271,ACAD10,-0.024939435,0.634568612,NS
ENSG00000146063,TRIM41,-0.023146781,0.634568612,NS
ENSG00000163463,KRTCAP2,-0.024657599,0.634568612,NS
ENSG00000170265,ZNF282,-0.023995337,0.634568612,NS
ENSG00000197579,TOPORS,0.024230964,0.634568612,NS
ENSG00000197568,ANKRD13C-DT,-0.025808159,0.634702316,NS
ENSG00000112130,RNF8,0.025042397,0.634918596,NS
ENSG00000130764,LRRC47,-0.021648303,0.634918596,NS
ENSG00000266028,SRGAP2,0.02325454,0.634918596,NS
ENSG00000266472,MRPS21,-0.02253405,0.635108183,NS
ENSG00000144524,COPS7B,0.023790469,0.635323316,NS
ENSG00000164466,SFXN1,0.0204422,0.635323316,NS
ENSG00000165533,TTC8,-0.024133228,0.635323316,NS
ENSG00000166452,AKIP1,-0.024249965,0.635724619,NS
ENSG00000267064,UXT-AS1,-0.024846943,0.635758993,NS
ENSG00000160207,HSF2BP,-0.023492208,0.635775176,NS
ENSG00000006607,FARP2,0.023202923,0.635919356,NS
ENSG00000107614,TRDMT1,0.025688069,0.635919356,NS
ENSG00000122420,PTGFR,0.022098853,0.635919356,NS
ENSG00000143569,UBAP2L,-0.019139923,0.635919356,NS
ENSG00000135469,COQ10A,-0.025132474,0.63627456,NS
ENSG00000196497,IPO4,0.02174346,0.63627456,NS
ENSG00000112511,PHF1,-0.02567995,0.636346448,NS
ENSG00000158985,CDC42SE2,0.023245581,0.636346448,NS
ENSG00000076108,BAZ2A,0.022805627,0.636688462,NS
ENSG00000121067,SPOP,0.022102745,0.636688462,NS
ENSG00000158987,RAPGEF6,-0.024594167,0.636688462,NS
ENSG00000165171,METTL27,-0.025458063,0.636688462,NS
ENSG00000103160,HSDL1,-0.024064067,0.6368477,NS
ENSG00000107679,PLEKHA1,0.024539711,0.636947966,NS
ENSG00000141446,ESCO1,0.024348809,0.636947966,NS
ENSG00000173064,HECTD4,0.024968175,0.636947966,NS
ENSG00000180044,C3orf80,-0.022764808,0.636947966,NS
ENSG00000243069,ARHGEF26-AS1,-0.02556062,0.637690081,NS
ENSG00000147471,PLPBP,-0.024922324,0.638165819,NS
ENSG00000160299,PCNT,0.024187111,0.638194891,NS
ENSG00000293492,NUDT16L2P,0.024376648,0.638359259,NS
ENSG00000075426,FOSL2,0.0247491,0.638529383,NS
ENSG00000092820,EZR,0.021199156,0.638529383,NS
ENSG00000112378,PERP,0.019910957,0.638529383,NS
ENSG00000138750,NUP54,0.022767048,0.638529383,NS
ENSG00000148225,WDR31,-0.025535099,0.638529383,NS
ENSG00000176894,PXMP2,-0.024921798,0.638529383,NS
ENSG00000187535,IFT140,-0.025432298,0.638529383,NS
ENSG00000226465,NA,0.024033856,0.638529383,NS
ENSG00000275437,NA,0.025063405,0.638529383,NS
ENSG00000171174,RBKS,-0.024977217,0.638584517,NS
ENSG00000204116,CHIC1,-0.025364223,0.638649536,NS
ENSG00000147419,CCDC25,0.022528528,0.638880167,NS
ENSG00000157823,AP3S2,-0.022922951,0.639029387,NS
ENSG00000174483,BBS1,-0.025049752,0.639220506,NS
ENSG00000130589,HELZ2,-0.024187408,0.639247981,NS
ENSG00000161298,ZNF382,-0.02551047,0.639418826,NS
ENSG00000178700,DHFR2,-0.025405952,0.639680156,NS
ENSG00000116791,CRYZ,-0.02436498,0.639979524,NS
ENSG00000164171,ITGA2,-0.025493856,0.639983941,NS
ENSG00000125386,FAM193A,0.023714093,0.640042489,NS
ENSG00000162104,ADCY9,-0.023732951,0.640042489,NS
ENSG00000164197,RNF180,0.022479686,0.640042489,NS
ENSG00000259642,ST20-AS1,0.025487999,0.640042489,NS
ENSG00000290835,NA,0.025422459,0.640042489,NS
ENSG00000166333,ILK,-0.023621354,0.640339777,NS
ENSG00000261221,ZNF865,-0.025213629,0.640339777,NS
ENSG00000269858,EGLN2,-0.024011164,0.640339777,NS
ENSG00000176386,CDC26,-0.024652948,0.640715538,NS
ENSG00000164258,NDUFS4,-0.024038205,0.640718056,NS
ENSG00000213347,MXD3,0.025445415,0.640718056,NS
ENSG00000005175,RPAP3,-0.02256183,0.640780893,NS
ENSG00000293423,ABCA17P,-0.02330964,0.640809691,NS
ENSG00000078618,NRDC,0.020535133,0.640997696,NS
ENSG00000141448,GATA6,0.025411072,0.641135114,NS
ENSG00000273382,TMEM167B-DT,-0.025341785,0.641162741,NS
ENSG00000018510,AGPS,0.023222102,0.641201315,NS
ENSG00000130766,SESN2,0.023933417,0.641201315,NS
ENSG00000139233,LLPH,0.023159092,0.641201315,NS
ENSG00000160214,RRP1,-0.022736367,0.641201315,NS
ENSG00000168216,LMBRD1,-0.024777331,0.641201315,NS
ENSG00000237440,ZNF737,0.024993377,0.641201315,NS
ENSG00000198453,ZNF568,0.025240605,0.641298743,NS
ENSG00000125835,SNRPB,0.021483875,0.64153743,NS
ENSG00000148730,EIF4EBP2,-0.020858661,0.64153743,NS
ENSG00000072135,PTPN18,-0.022051532,0.641731438,NS
ENSG00000081377,CDC14B,0.024932231,0.641731438,NS
ENSG00000141627,DYM,-0.023583559,0.641731438,NS
ENSG00000184009,ACTG1,-0.020002355,0.641731438,NS
ENSG00000185900,POMK,0.025079094,0.641731438,NS
ENSG00000245937,SLC12A2-DT,-0.024876574,0.641731438,NS
ENSG00000289720,NA,-0.016863941,0.641933923,NS
ENSG00000131773,KHDRBS3,-0.022576458,0.642059672,NS
ENSG00000285410,GABPB1-IT1,0.024484747,0.642309328,NS
ENSG00000107874,CUEDC2,-0.022990002,0.64260011,NS
ENSG00000189241,TSPYL1,0.020749973,0.64260011,NS
ENSG00000144233,AMMECR1L,0.024322538,0.643336549,NS
ENSG00000198380,GFPT1,0.022003798,0.643407968,NS
ENSG00000229833,PET100,-0.024128966,0.643569922,NS
ENSG00000127415,IDUA,-0.023718684,0.643660077,NS
ENSG00000087191,PSMC5,-0.020251371,0.643726663,NS
ENSG00000100426,ZBED4,0.022825064,0.643726663,NS
ENSG00000105701,FKBP8,-0.021019586,0.643726663,NS
ENSG00000108344,PSMD3,-0.020052271,0.643726663,NS
ENSG00000111707,SUDS3,0.021244441,0.643726663,NS
ENSG00000132256,TRIM5,-0.024456449,0.643726663,NS
ENSG00000134574,DDB2,0.024392884,0.643726663,NS
ENSG00000145632,PLK2,0.024042359,0.643726663,NS
ENSG00000177058,SLC38A9,-0.024643864,0.643726663,NS
ENSG00000197608,ZNF841,-0.025238914,0.643726663,NS
ENSG00000081386,ZNF510,0.024893121,0.643809028,NS
ENSG00000124374,PAIP2B,-0.024891252,0.643809028,NS
ENSG00000130119,GNL3L,0.023140822,0.643809028,NS
ENSG00000157107,FCHO2,0.024462786,0.643809028,NS
ENSG00000175220,ARHGAP1,0.02272917,0.643809028,NS
ENSG00000213380,COG8,-0.022782423,0.643809028,NS
ENSG00000188763,FZD9,-0.024346848,0.643881976,NS
ENSG00000115840,SLC25A12,0.025095527,0.643883762,NS
ENSG00000135617,PRADC1,0.024559199,0.643883762,NS
ENSG00000161558,TMEM143,-0.024638653,0.643883762,NS
ENSG00000169136,ATF5,-0.022626834,0.643883762,NS
ENSG00000169727,GPS1,-0.021541862,0.643883762,NS
ENSG00000277972,CISD3,-0.022535537,0.644418187,NS
ENSG00000127184,COX7C,-0.022379821,0.644436053,NS
ENSG00000263004,AKAP1-DT,0.024730641,0.644436053,NS
ENSG00000266680,NA,-0.022667989,0.644436053,NS
ENSG00000138660,AP1AR,0.023365823,0.644523118,NS
ENSG00000105732,ZNF574,0.025122708,0.644886339,NS
ENSG00000151491,EPS8,0.025153963,0.644886339,NS
ENSG00000173692,PSMD1,0.020897746,0.644913214,NS
ENSG00000196781,TLE1,-0.022361426,0.644913214,NS
ENSG00000234912,SNHG20,-0.02458859,0.644913214,NS
ENSG00000259024,TVP23C-CDRT4,-0.020512762,0.644913214,NS
ENSG00000129197,RPAIN,-0.022814571,0.645043279,NS
ENSG00000162585,FAAP20,-0.02331377,0.6451964,NS
ENSG00000241484,ARHGAP8,0.024874314,0.645205948,NS
ENSG00000155975,VPS37A,-0.022246786,0.645261045,NS
ENSG00000172171,TEFM,0.02465876,0.645261045,NS
ENSG00000215126,ZNG1F,-0.025106234,0.645312129,NS
ENSG00000183087,GAS6,-0.025051474,0.645341943,NS
ENSG00000183617,MRPL54,-0.023825379,0.645435788,NS
ENSG00000224165,DNAJC27-AS1,-0.022297933,0.645466046,NS
ENSG00000129028,THAP10,0.025028172,0.645595083,NS
ENSG00000065978,YBX1,0.020510075,0.645823178,NS
ENSG00000100348,TXN2,-0.021953989,0.645823178,NS
ENSG00000154511,DIPK1A,-0.024925068,0.645823178,NS
ENSG00000175265,GOLGA8A,-0.013266175,0.645970379,NS
ENSG00000198496,NBR2,0.024619626,0.645970379,NS
ENSG00000233203,DHCR24-DT,0.024427063,0.646116806,NS
ENSG00000035687,ADSS2,0.02158072,0.64631369,NS
ENSG00000160131,VMA21,0.024873066,0.64631369,NS
ENSG00000140104,CLBA1,-0.024882847,0.64645566,NS
ENSG00000173818,ENDOV,-0.025038988,0.64645566,NS
ENSG00000160877,NACC1,0.020897168,0.646543366,NS
ENSG00000124120,TTPAL,-0.023146784,0.646669806,NS
ENSG00000151665,PIGF,-0.024439413,0.646819263,NS
ENSG00000180992,MRPL14,-0.024294649,0.646819263,NS
ENSG00000138107,ACTR1A,0.021656055,0.64717272,NS
ENSG00000260804,LINC01963,0.023957459,0.64717272,NS
ENSG00000006459,KDM7A,0.024648306,0.647196526,NS
ENSG00000177045,SIX5,-0.024945194,0.647584251,NS
ENSG00000122687,MRM2,0.022194545,0.647981443,NS
ENSG00000075303,SLC25A40,0.02347541,0.648369665,NS
ENSG00000133318,RTN3,-0.019085486,0.648369665,NS
ENSG00000149743,TRPT1,-0.024370399,0.648369665,NS
ENSG00000104218,CSPP1,0.024882229,0.64841045,NS
ENSG00000119977,TCTN3,-0.022170878,0.64841045,NS
ENSG00000128512,DOCK4,0.024919363,0.64841045,NS
ENSG00000140470,ADAMTS17,-0.022891406,0.64841045,NS
ENSG00000149054,ZNF215,-0.024777974,0.64841045,NS
ENSG00000181798,LINC00471,0.023748978,0.64841045,NS
ENSG00000231527,FAM27C,-0.02369511,0.64841045,NS
ENSG00000171680,PLEKHG5,-0.022269669,0.64847991,NS
ENSG00000067798,NAV3,-0.024585813,0.648528356,NS
ENSG00000139083,ETV6,0.024721904,0.648662094,NS
ENSG00000183647,ZNF530,0.024858818,0.648775718,NS
ENSG00000105173,CCNE1,-0.023653449,0.648847493,NS
ENSG00000107731,UNC5B,-0.023855797,0.648847493,NS
ENSG00000163029,SMC6,-0.024536669,0.648847493,NS
ENSG00000096070,BRPF3,-0.023630629,0.64893711,NS
ENSG00000109519,GRPEL1,0.021753457,0.64893711,NS
ENSG00000142765,SYTL1,-0.024762607,0.64893711,NS
ENSG00000147421,HMBOX1,0.024789635,0.64893711,NS
ENSG00000246263,UBR5-DT,0.019980762,0.64893711,NS
ENSG00000089597,GANAB,0.018453033,0.648950176,NS
ENSG00000089723,OTUB2,-0.024793858,0.648950176,NS
ENSG00000115750,TAF1B,0.024858286,0.648950176,NS
ENSG00000117475,BLZF1,0.022301216,0.648950176,NS
ENSG00000155629,PIK3AP1,-0.022943391,0.648950176,NS
ENSG00000177685,CRACR2B,-0.024665298,0.648950176,NS
ENSG00000089123,TASP1,0.0247018,0.64911931,NS
ENSG00000101104,PABPC1L,-0.022244685,0.64911931,NS
ENSG00000146054,TRIM7,-0.021828613,0.64911931,NS
ENSG00000151287,TEX30,0.024563323,0.64911931,NS
ENSG00000242247,ARFGAP3,0.021904554,0.64911931,NS
ENSG00000279170,TSTD3,-0.024843242,0.64911931,NS
ENSG00000141582,CBX4,0.020777831,0.649264066,NS
ENSG00000182208,MOB2,-0.024817483,0.649278612,NS
ENSG00000130584,ZBTB46,-0.023403026,0.649516158,NS
ENSG00000070081,NUCB2,0.022820268,0.649584482,NS
ENSG00000114902,SPCS1,-0.023401171,0.649584482,NS
ENSG00000145945,FAM50B,-0.024263593,0.649584482,NS
ENSG00000155111,CDK19,0.02019656,0.649584482,NS
ENSG00000289754,NA,-0.024635295,0.649584482,NS
ENSG00000072415,PALS1,0.020207066,0.64990829,NS
ENSG00000114948,ADAM23,-0.024122843,0.64990829,NS
ENSG00000129317,PUS7L,0.023746446,0.64990829,NS
ENSG00000137563,GGH,0.022630837,0.64990829,NS
ENSG00000269293,ZSCAN16-AS1,-0.024717522,0.649982301,NS
ENSG00000164070,HSPA4L,0.023483903,0.650262862,NS
ENSG00000119771,KLHL29,0.024708123,0.650495482,NS
ENSG00000066583,ISOC1,0.02259493,0.650645909,NS
ENSG00000122068,FYTTD1,0.020843647,0.650645909,NS
ENSG00000294531,NA,-0.024493187,0.650645909,NS
ENSG00000130714,POMT1,-0.02365455,0.650697429,NS
ENSG00000161960,EIF4A1,0.017617501,0.650826768,NS
ENSG00000167625,ZNF526,-0.024700808,0.650826768,NS
ENSG00000064932,SBNO2,-0.021567311,0.651016305,NS
ENSG00000171488,LRRC8C,0.024002077,0.651032178,NS
ENSG00000308327,NA,-0.024155139,0.651032178,NS
ENSG00000164180,TMEM161B,0.023554997,0.65104872,NS
ENSG00000137413,TAF8,0.024633738,0.651057772,NS
ENSG00000137218,FRS3,-0.023045757,0.651272344,NS
ENSG00000033050,ABCF2,0.021763554,0.651322792,NS
ENSG00000096696,DSP,0.020735677,0.651322792,NS
ENSG00000100897,DCAF11,-0.020715231,0.651322792,NS
ENSG00000112234,FBXL4,0.024274489,0.651322792,NS
ENSG00000113209,PCDHB5,0.023431806,0.651322792,NS
ENSG00000124357,NAGK,-0.024253253,0.651322792,NS
ENSG00000138028,CGREF1,-0.023643862,0.651322792,NS
ENSG00000150676,CCDC83,-0.021460412,0.651322792,NS
ENSG00000170260,ZNF212,0.02453571,0.651322792,NS
ENSG00000173812,EIF1,-0.020160989,0.651322792,NS
ENSG00000196810,CTBP1-DT,-0.021599545,0.651322792,NS
ENSG00000249592,PCGF3-AS1,-0.024517968,0.651322792,NS
ENSG00000079101,CLUL1,-0.022136009,0.651473951,NS
ENSG00000110047,EHD1,-0.023786484,0.651655444,NS
ENSG00000125945,ZNF436,0.024636396,0.651655444,NS
ENSG00000270959,LPP-AS2,0.024603309,0.651655444,NS
ENSG00000272518,NA,0.021625911,0.651655444,NS
ENSG00000066468,FGFR2,-0.021659337,0.651796149,NS
ENSG00000108774,RAB5C,-0.020822294,0.651796149,NS
ENSG00000165516,KLHDC2,-0.022811295,0.651796149,NS
ENSG00000223547,ZNF844,0.023818985,0.651796149,NS
ENSG00000224660,SH3BP5-AS1,0.021203234,0.651796149,NS
ENSG00000174628,IQCK,-0.023328437,0.651852341,NS
ENSG00000135899,SP110,-0.02456918,0.651883478,NS
ENSG00000182134,TDRKH,-0.02333107,0.652151296,NS
ENSG00000258947,TUBB3,-0.024576608,0.652151296,NS
ENSG00000289353,NA,0.023692174,0.652151296,NS
ENSG00000155366,RHOC,-0.021096518,0.65236228,NS
ENSG00000119986,AVPI1,-0.024060361,0.652402711,NS
ENSG00000175274,TP53I11,-0.023009845,0.652729699,NS
ENSG00000258940,MIA2-AS1,-0.024550879,0.65288052,NS
ENSG00000197582,GPX1P1,-0.022698736,0.652885307,NS
ENSG00000119185,ITGB1BP1,-0.02294982,0.653426868,NS
ENSG00000153066,TXNDC11,0.023156505,0.653426868,NS
ENSG00000293311,SMPD4BP,-0.020385095,0.653426868,NS
ENSG00000229666,MAST4-AS1,0.0215179,0.653455582,NS
ENSG00000146416,AIG1,-0.022222068,0.65350903,NS
ENSG00000067177,PHKA1,-0.022278868,0.653540473,NS
ENSG00000165138,ANKS6,0.023691093,0.653583179,NS
ENSG00000130023,ERMARD,-0.023428332,0.653629466,NS
ENSG00000132376,INPP5K,-0.023987088,0.653629466,NS
ENSG00000179532,DNHD1,-0.02157176,0.653773486,NS
ENSG00000101350,KIF3B,0.021015449,0.654070904,NS
ENSG00000101546,RBFA,0.023420507,0.654070904,NS
ENSG00000106236,NPTX2,-0.024298136,0.654070904,NS
ENSG00000123395,ATG101,0.02253589,0.654070904,NS
ENSG00000237289,CKMT1B,0.022544377,0.654070904,NS
ENSG00000261884,NA,0.022980556,0.654070904,NS
ENSG00000267414,SETBP1-DT,0.021706729,0.654070904,NS
ENSG00000179562,GCC1,0.022976946,0.654112868,NS
ENSG00000184060,ADAP2,-0.024460534,0.654126236,NS
ENSG00000144747,TMF1,0.02226365,0.654416071,NS
ENSG00000104450,SPAG1,0.024180534,0.654489709,NS
ENSG00000156697,UTP14A,-0.021903563,0.654489709,NS
ENSG00000106290,TAF6,-0.021579525,0.654809607,NS
ENSG00000258128,MKRN9P,-0.020229455,0.654809607,NS
ENSG00000291110,TRIM16L,0.023959849,0.654809607,NS
ENSG00000154438,ASZ1,-0.02275394,0.654824909,NS
ENSG00000100243,CYB5R3,-0.021086427,0.655604675,NS
ENSG00000240849,PEDS1,-0.022197042,0.655604675,NS
ENSG00000244300,GATA2-AS1,0.02113893,0.655604675,NS
ENSG00000175707,KDF1,-0.023540231,0.655627445,NS
ENSG00000120885,CLU,0.024065466,0.655644302,NS
ENSG00000083097,DOP1A,0.024331728,0.655702393,NS
ENSG00000121058,COIL,0.022750328,0.655702393,NS
ENSG00000162341,TPCN2,0.024374226,0.655702393,NS
ENSG00000289291,NA,-0.021736939,0.655702393,NS
ENSG00000182986,ZNF320,-0.023351197,0.655834326,NS
ENSG00000108848,LUC7L3,-0.021510307,0.655914597,NS
ENSG00000143442,POGZ,0.022402599,0.655928525,NS
ENSG00000014824,SLC30A9,0.019953773,0.655968683,NS
ENSG00000046651,OFD1,-0.022513815,0.655968683,NS
ENSG00000085644,ZNF213,0.023881721,0.655968683,NS
ENSG00000130299,GTPBP3,-0.022328266,0.655968683,NS
ENSG00000137200,CMTR1,-0.023209835,0.655968683,NS
ENSG00000156831,NSMCE2,-0.024056869,0.655968683,NS
ENSG00000166415,WDR72,0.023626233,0.655968683,NS
ENSG00000167191,GPRC5B,-0.024352209,0.655968683,NS
ENSG00000197587,DMBX1,0.024298572,0.655968683,NS
ENSG00000273559,CWC25,0.024338048,0.655968683,NS
ENSG00000289037,LINC01530,-0.022924437,0.655997992,NS
ENSG00000060642,PIGV,-0.023591944,0.656012018,NS
ENSG00000123131,PRDX4,0.021431787,0.656012018,NS
ENSG00000128739,SNRPN,-0.021172299,0.656012018,NS
ENSG00000132334,PTPRE,-0.024113971,0.656012018,NS
ENSG00000163818,LZTFL1,0.023948028,0.656012018,NS
ENSG00000214708,NA,0.022190313,0.656012018,NS
ENSG00000138031,ADCY3,-0.02354562,0.656238702,NS
ENSG00000138760,SCARB2,0.018263038,0.656238702,NS
ENSG00000152558,TMEM123,0.01933856,0.656238702,NS
ENSG00000160993,ALKBH4,0.024044579,0.656238702,NS
ENSG00000197535,MYO5A,0.022322957,0.656238702,NS
ENSG00000273355,NA,0.023014863,0.656238702,NS
ENSG00000182621,PLCB1,0.024282283,0.65635003,NS
ENSG00000110060,PUS3,0.022895307,0.656528069,NS
ENSG00000186889,TMEM17,-0.022271834,0.656528069,NS
ENSG00000272902,TBC1D8-AS1,0.020148681,0.656904403,NS
ENSG00000083814,ZNF671,0.023867628,0.657455812,NS
ENSG00000166704,ZNF606,0.024107268,0.657455812,NS
ENSG00000181220,ZNF746,0.022288733,0.657455812,NS
ENSG00000213397,HAUS7,0.023858371,0.657455812,NS
ENSG00000197771,MCMBP,0.020616617,0.657508353,NS
ENSG00000111641,NOP2,-0.020664008,0.657563638,NS
ENSG00000181894,ZNF329,0.023914242,0.657563638,NS
ENSG00000182004,SNRPE,0.02161485,0.657563638,NS
ENSG00000196517,SLC6A9,0.023562383,0.657563638,NS
ENSG00000278175,GLIDR,0.023925775,0.657563638,NS
ENSG00000235706,DICER1-AS1,-0.024062155,0.657859115,NS
ENSG00000103494,RPGRIP1L,-0.023564444,0.657998424,NS
ENSG00000116691,MIIP,-0.02376777,0.657998424,NS
ENSG00000143387,CTSK,-0.022264513,0.658066499,NS
ENSG00000102743,SLC25A15,0.022499484,0.658345487,NS
ENSG00000124217,MOCS3,0.023489581,0.658518803,NS
ENSG00000150627,WDR17,-0.020982029,0.658518803,NS
ENSG00000178397,FAM220A,-0.023853586,0.658518803,NS
ENSG00000125826,RBCK1,-0.02097321,0.658787381,NS
ENSG00000137571,SLCO5A1,0.02383471,0.659058262,NS
ENSG00000185104,FAF1,0.020970296,0.659058262,NS
ENSG00000175764,TTLL11,-0.024014575,0.659127708,NS
ENSG00000268584,NA,-0.019861656,0.659127708,NS
ENSG00000291207,NA,-0.023640458,0.659127708,NS
ENSG00000144136,SLC20A1,0.021223047,0.659276968,NS
ENSG00000234127,TRIM26,0.021855054,0.659276968,NS
ENSG00000260805,NA,0.024115202,0.659276968,NS
ENSG00000100596,SPTLC2,-0.022347798,0.659290896,NS
ENSG00000116885,OSCP1,-0.024055302,0.659290896,NS
ENSG00000175449,RFESD,0.023236646,0.659290896,NS
ENSG00000180817,PPA1,0.019935068,0.659290896,NS
ENSG00000114026,OGG1,0.023374001,0.659571954,NS
ENSG00000119138,KLF9,0.021894327,0.659571954,NS
ENSG00000119979,DENND10,-0.022193299,0.659571954,NS
ENSG00000156284,CLDN8,0.024043721,0.659571954,NS
ENSG00000161618,ALDH16A1,0.022413411,0.659571954,NS
ENSG00000166140,ZFYVE19,-0.024020359,0.659571954,NS
ENSG00000168763,CNNM3,-0.022579554,0.659571954,NS
ENSG00000188739,RBM34,0.021045474,0.659571954,NS
ENSG00000226200,SGMS1-AS1,-0.023308787,0.659571954,NS
ENSG00000270021,NA,-0.021989832,0.659571954,NS
ENSG00000272277,NA,-0.021250822,0.659571954,NS
ENSG00000289213,NA,-0.021195111,0.659571954,NS
ENSG00000291123,H2BP1,-0.023130374,0.659571954,NS
ENSG00000007392,LUC7L,-0.023209702,0.659651062,NS
ENSG00000137692,DCUN1D5,0.020489364,0.659825462,NS
ENSG00000198954,KIFBP,-0.021115638,0.659825462,NS
ENSG00000215790,SLC35E2A,0.020931074,0.659825462,NS
ENSG00000229388,TAF12-DT,-0.020319989,0.659825462,NS
ENSG00000106603,COA1,0.022526786,0.660379601,NS
ENSG00000129472,RAB2B,-0.023556315,0.660379601,NS
ENSG00000225335,NA,-0.021603799,0.660596615,NS
ENSG00000165916,PSMC3,0.019156581,0.660678058,NS
ENSG00000197265,GTF2E2,-0.022281778,0.660678058,NS
ENSG00000214013,GANC,0.023997788,0.660678058,NS
ENSG00000253958,CLDN23,-0.023959076,0.660678058,NS
ENSG00000163900,TMEM41A,-0.022565438,0.660776458,NS
ENSG00000115514,TXNDC9,0.022983916,0.660928216,NS
ENSG00000103091,WDR59,-0.023117624,0.660975955,NS
ENSG00000160953,PWWP3A,-0.02297869,0.660975955,NS
ENSG00000102531,FNDC3A,0.023106408,0.661023471,NS
ENSG00000177283,FZD8,0.022796687,0.661087163,NS
ENSG00000145354,CISD2,0.021835581,0.661338143,NS
ENSG00000135976,ANKRD36,-0.020646058,0.661403996,NS
ENSG00000168612,ZSWIM1,0.023593553,0.661419534,NS
ENSG00000198898,CAPZA2,0.019764012,0.661419534,NS
ENSG00000186532,SMYD4,0.023374784,0.661474725,NS
ENSG00000197106,SLC6A17,-0.020267929,0.661500248,NS
ENSG00000226686,LINC01535,0.022840457,0.661521068,NS
ENSG00000101400,SNTA1,-0.022038828,0.661819652,NS
ENSG00000198440,ZNF583,0.023864594,0.661819652,NS
ENSG00000096717,SIRT1,0.022263975,0.66215995,NS
ENSG00000185633,NDUFA4L2,-0.020660904,0.66215995,NS
ENSG00000307433,NA,-0.022849464,0.66243921,NS
ENSG00000007944,MYLIP,0.023879352,0.662456268,NS
ENSG00000080007,DDX43,-0.02386681,0.662456268,NS
ENSG00000109046,WSB1,-0.022138373,0.662456268,NS
ENSG00000111450,STX2,0.023144906,0.662456268,NS
ENSG00000135164,DMTF1,-0.023871623,0.66248203,NS
ENSG00000293175,NA,-0.022177931,0.66248203,NS
ENSG00000047410,TPR,0.020991431,0.66249278,NS
ENSG00000084754,HADHA,-0.019851519,0.66249278,NS
ENSG00000104524,PYCR3,0.021286604,0.66249278,NS
ENSG00000123545,NDUFAF4,-0.0229189,0.66249278,NS
ENSG00000124813,RUNX2,0.022603234,0.66249278,NS
ENSG00000157470,FAM81A,0.02343617,0.66249278,NS
ENSG00000170234,PWWP2A,-0.023148727,0.66249278,NS
ENSG00000204599,TRIM39,-0.023746794,0.66249278,NS
ENSG00000229891,LINC01315,-0.023051861,0.66249278,NS
ENSG00000159256,MORC3,-0.023189411,0.662506383,NS
ENSG00000070366,SMG6,0.022385995,0.662771699,NS
ENSG00000171033,PKIA,0.023454913,0.662771699,NS
ENSG00000106460,TMEM106B,-0.021630282,0.662875806,NS
ENSG00000291154,NA,-0.023757055,0.66326991,NS
ENSG00000258289,CHURC1,-0.02094217,0.663306855,NS
ENSG00000273213,H3-7,-0.023791303,0.663306855,NS
ENSG00000130227,XPO7,0.019644817,0.663458511,NS
ENSG00000204469,PRRC2A,0.018615597,0.663458511,NS
ENSG00000030110,BAK1,-0.02249826,0.66352671,NS
ENSG00000092096,SLC22A17,-0.023641637,0.66352671,NS
ENSG00000105708,ZNF14,0.023711357,0.66352671,NS
ENSG00000117569,PTBP2,-0.023744216,0.66352671,NS
ENSG00000160961,ZNF333,-0.023335443,0.66352671,NS
ENSG00000183150,GPR19,0.020238728,0.66352671,NS
ENSG00000105193,RPS16,-0.020717259,0.663635416,NS
ENSG00000131652,THOC6,-0.023199814,0.663635416,NS
ENSG00000269609,C10orf95-AS1,-0.023105155,0.663635416,NS
ENSG00000136527,TRA2B,0.018997205,0.663765898,NS
ENSG00000105176,URI1,-0.01974118,0.663776201,NS
ENSG00000166153,DEPDC4,0.022125787,0.663776201,NS
ENSG00000168495,POLR3D,-0.021019109,0.663776201,NS
ENSG00000270071,NA,-0.023736818,0.663776201,NS
ENSG00000272323,TTC23L-AS1,-0.021678615,0.663776201,NS
ENSG00000120868,APAF1,0.023695591,0.664632933,NS
ENSG00000159210,SNF8,0.021068502,0.664632933,NS
ENSG00000165898,ISCA2,-0.023138501,0.664632933,NS
ENSG00000106263,EIF3B,-0.017984861,0.664702062,NS
ENSG00000132005,RFX1,0.023609645,0.664702062,NS
ENSG00000198205,ZXDA,0.023521378,0.664702062,NS
ENSG00000269044,NA,0.020440645,0.664702062,NS
ENSG00000287763,NA,0.021027773,0.664702062,NS
ENSG00000091640,SPAG7,-0.022364044,0.664853172,NS
ENSG00000169612,RAMAC,0.022628198,0.664853172,NS
ENSG00000196510,ANAPC7,0.020480722,0.664853172,NS
ENSG00000204070,SYS1,-0.022576168,0.664880372,NS
ENSG00000106591,MRPL32,0.020145153,0.664924111,NS
ENSG00000115946,PNO1,0.022680814,0.664924111,NS
ENSG00000186470,BTN3A2,-0.023668368,0.664924111,NS
ENSG00000166266,CUL5,0.02213815,0.664985439,NS
ENSG00000164919,COX6C,0.021480093,0.665088104,NS
ENSG00000169660,HEXD,-0.023362976,0.665224262,NS
ENSG00000187024,PTRH1,-0.023337647,0.665372283,NS
ENSG00000085224,ATRX,0.022068792,0.665677326,NS
ENSG00000162714,ZNF496,0.022950018,0.665677326,NS
ENSG00000177556,ATOX1,-0.022389267,0.665848308,NS
ENSG00000127720,METTL25,-0.023063123,0.665879388,NS
ENSG00000163320,CGGBP1,0.020039208,0.665879388,NS
ENSG00000272994,C2orf49-DT,0.023502977,0.666041897,NS
ENSG00000189120,SP6,0.023335049,0.666274431,NS
ENSG00000285589,NA,0.023394455,0.666305398,NS
ENSG00000106976,DNM1,0.019930772,0.666307065,NS
ENSG00000174516,PELI3,-0.022899826,0.666322517,NS
ENSG00000204366,ZBTB12,-0.023572502,0.666322517,NS
ENSG00000293339,NA,0.021789765,0.666322517,NS
ENSG00000105722,ERF,0.02266435,0.666482788,NS
ENSG00000073711,PPP2R3A,0.023543556,0.666514669,NS
ENSG00000185504,FAAP100,-0.02192376,0.666514669,NS
ENSG00000136270,TBRG4,-0.020197451,0.666992173,NS
ENSG00000211584,SLC48A1,0.022310621,0.666992173,NS
ENSG00000115145,STAM2,-0.023196733,0.667167229,NS
ENSG00000162512,SDC3,-0.02077164,0.667432375,NS
ENSG00000157992,KRTCAP3,-0.02188597,0.667551313,NS
ENSG00000197122,SRC,0.021527716,0.667551313,NS
ENSG00000168067,MAP4K2,-0.022934214,0.667683313,NS
ENSG00000197756,RPL37A,-0.023467222,0.667856569,NS
ENSG00000117640,MTFR1L,-0.022471377,0.668073564,NS
ENSG00000135048,CEMIP2,0.022708138,0.668256008,NS
ENSG00000107077,KDM4C,-0.02295523,0.668780558,NS
ENSG00000243789,JMJD7,-0.022738051,0.669177302,NS
ENSG00000303605,NA,-0.023350114,0.669177302,NS
ENSG00000076242,MLH1,0.02034637,0.669235806,NS
ENSG00000100209,HSCB,0.023443877,0.66926171,NS
ENSG00000125743,SNRPD2,-0.021890513,0.66926171,NS
ENSG00000008083,JARID2,0.022780777,0.669481128,NS
ENSG00000114353,GNAI2,-0.020601356,0.669481128,NS
ENSG00000144134,RABL2A,-0.023314501,0.669481128,NS
ENSG00000149115,TNKS1BP1,-0.018790364,0.669481128,NS
ENSG00000157350,ST3GAL2,0.02317323,0.669481128,NS
ENSG00000136156,ITM2B,-0.020473536,0.669765431,NS
ENSG00000140299,BNIP2,0.020638929,0.669765431,NS
ENSG00000229539,PANK2-AS1,0.022812852,0.669765431,NS
ENSG00000145002,FAM86B2,0.021284493,0.66992334,NS
ENSG00000057757,PITHD1,0.020605015,0.670078785,NS
ENSG00000197157,SND1,0.017915411,0.670515168,NS
ENSG00000126254,RBM42,-0.02131409,0.670557284,NS
ENSG00000138311,ZNF365,-0.021632927,0.670557284,NS
ENSG00000138623,SEMA7A,-0.020748667,0.670557284,NS
ENSG00000163913,IFT122,-0.02256729,0.670557284,NS
ENSG00000198189,HSD17B11,0.023285586,0.670557284,NS
ENSG00000232721,NA,-0.021835981,0.670557284,NS
ENSG00000138032,PPM1B,0.022707991,0.670640942,NS
ENSG00000142235,LMTK3,-0.023338364,0.670640942,NS
ENSG00000115944,COX7A2L,-0.021198498,0.670643308,NS
ENSG00000176393,RNPEP,-0.017983698,0.670658371,NS
ENSG00000009844,VTA1,-0.019396036,0.670804029,NS
ENSG00000060339,CCAR1,0.020084914,0.670804029,NS
ENSG00000169764,UGP2,0.021735916,0.670804029,NS
ENSG00000253251,SHLD3,-0.023311603,0.670804029,NS
ENSG00000048162,NOP16,0.020724135,0.670852384,NS
ENSG00000093217,XYLB,0.022550825,0.671118128,NS
ENSG00000133895,MEN1,-0.021258406,0.671118128,NS
ENSG00000233461,NA,-0.023308732,0.671118128,NS
ENSG00000203778,FAM229B,-0.02309366,0.671382379,NS
ENSG00000182197,EXT1,-0.023160779,0.671502081,NS
ENSG00000104331,BPNT2,0.019477214,0.672005684,NS
ENSG00000122778,KIAA1549,0.02203715,0.672005684,NS
ENSG00000198952,SMG5,0.019581777,0.672005684,NS
ENSG00000204588,LINC01123,-0.02276003,0.672386975,NS
ENSG00000059728,MXD1,-0.023248727,0.672406957,NS
ENSG00000114735,HEMK1,-0.022851221,0.672406957,NS
ENSG00000177599,ZNF491,-0.021030462,0.672406957,NS
ENSG00000196700,ZNF512B,-0.021825839,0.672406957,NS
ENSG00000093072,ADA2,-0.02099949,0.672411997,NS
ENSG00000171105,INSR,-0.022488658,0.672425634,NS
ENSG00000168661,ZNF30,0.023097925,0.672520744,NS
ENSG00000070047,PHRF1,0.020069453,0.67252537,NS
ENSG00000123739,PLA2G12A,-0.020733965,0.67252537,NS
ENSG00000178409,BEND3,0.023038544,0.67252537,NS
ENSG00000204590,GNL1,-0.021420068,0.67252537,NS
ENSG00000272899,SPMIP1,-0.020282228,0.67252537,NS
ENSG00000143222,UFC1,-0.020577119,0.672893186,NS
ENSG00000259291,ZNF710-AS1,0.022079694,0.672893186,NS
ENSG00000236104,ZBTB22,-0.022802141,0.673069039,NS
ENSG00000126749,EMG1,0.022227171,0.673287874,NS
ENSG00000230124,ACBD6,-0.021305384,0.673287874,NS
ENSG00000185085,INTS5,0.020893527,0.673561651,NS
ENSG00000013016,EHD3,-0.022479374,0.673683827,NS
ENSG00000091073,DTX2,0.023045436,0.673722428,NS
ENSG00000124507,PACSIN1,0.022302909,0.673722428,NS
ENSG00000140990,NDUFB10,-0.020597226,0.674004213,NS
ENSG00000077044,DGKD,-0.022544381,0.674024863,NS
ENSG00000132773,TOE1,-0.022344908,0.674024863,NS
ENSG00000011376,LARS2,0.019479947,0.674025188,NS
ENSG00000126012,KDM5C,0.020275242,0.674045757,NS
ENSG00000230487,PSMG3-AS1,-0.022768732,0.674045757,NS
ENSG00000169599,NFU1,0.022959622,0.674471375,NS
ENSG00000106351,AGFG2,-0.022349679,0.674488752,NS
ENSG00000147592,LACTB2,-0.02174256,0.674488752,NS
ENSG00000172915,NBEA,-0.021133047,0.674488752,NS
ENSG00000131669,NINJ1,0.020445777,0.674684451,NS
ENSG00000130159,ECSIT,0.021619983,0.674758364,NS
ENSG00000296775,NA,0.019252273,0.674758364,NS
ENSG00000086475,SEPHS1,0.019380184,0.674895598,NS
ENSG00000170027,YWHAG,0.017697326,0.675168089,NS
ENSG00000172878,METAP1D,-0.023007498,0.675371071,NS
ENSG00000261796,ISY1-RAB43,-0.022364992,0.675371071,NS
ENSG00000305512,NA,-0.019634534,0.675470333,NS
ENSG00000131748,STARD3,-0.021400698,0.67562024,NS
ENSG00000139239,RPL14P1,-0.022256541,0.67562024,NS
ENSG00000161920,MED11,-0.022687666,0.67562024,NS
ENSG00000179041,RRS1,0.020734483,0.67564296,NS
ENSG00000275793,RIMBP3,-0.022395367,0.675733828,NS
ENSG00000162616,DNAJB4,0.022589144,0.676021489,NS
ENSG00000268996,MAN1B1-DT,-0.02269396,0.677001437,NS
ENSG00000166436,TRIM66,-0.022864596,0.677330529,NS
ENSG00000164188,RANBP3L,0.022662827,0.67747434,NS
ENSG00000136273,HUS1,0.021571122,0.677610779,NS
ENSG00000066933,MYO9A,0.022844138,0.67776968,NS
ENSG00000164828,SUN1,-0.020278272,0.67776968,NS
ENSG00000184047,DIABLO,0.02093698,0.67776968,NS
ENSG00000184992,BRI3BP,0.020297297,0.67776968,NS
ENSG00000203865,ATP1A1-AS1,0.022700953,0.67776968,NS
ENSG00000121680,PEX16,-0.022428013,0.678079337,NS
ENSG00000128602,SMO,-0.022693568,0.678079337,NS
ENSG00000179262,RAD23A,0.018141223,0.678079337,NS
ENSG00000274173,LINC02967,-0.021460247,0.678079337,NS
ENSG00000289102,NA,0.02050455,0.678079337,NS
ENSG00000275410,HNF1B,0.022465904,0.678556044,NS
ENSG00000138780,GSTCD,0.02247708,0.678664898,NS
ENSG00000123213,NLN,0.019313724,0.678746002,NS
ENSG00000132423,COQ3,0.022388629,0.678863473,NS
ENSG00000145365,TIFA,0.022726517,0.67895212,NS
ENSG00000047634,SCML1,-0.022230871,0.67911623,NS
ENSG00000198807,PAX9,0.022859227,0.67911623,NS
ENSG00000272333,KMT2B,0.022671024,0.67911623,NS
ENSG00000089916,GPATCH2L,0.021842235,0.679211552,NS
ENSG00000091490,SEL1L3,0.018129142,0.679211552,NS
ENSG00000106665,CLIP2,-0.021341837,0.679211552,NS
ENSG00000131626,PPFIA1,-0.021199271,0.679211552,NS
ENSG00000204128,C2orf72,0.022157353,0.679211552,NS
ENSG00000204308,RNF5,-0.021990947,0.679211552,NS
ENSG00000283228,NA,0.016443674,0.679211552,NS
ENSG00000213799,ZNF845,0.022652617,0.679364105,NS
ENSG00000214941,ZSWIM7,-0.021965633,0.679762817,NS
ENSG00000198176,TFDP1,0.019464102,0.679805829,NS
ENSG00000182712,CMC4,-0.022248961,0.679870414,NS
ENSG00000068078,FGFR3,0.022815825,0.680028525,NS
ENSG00000105298,CACTIN,0.021779085,0.680028525,NS
ENSG00000100319,ZMAT5,-0.022792304,0.680220299,NS
ENSG00000135930,EIF4E2,-0.019531278,0.680220299,NS
ENSG00000157193,LRP8,-0.021498156,0.680220299,NS
ENSG00000029725,RABEP1,0.018909919,0.68082985,NS
ENSG00000132963,POMP,0.020673616,0.68082985,NS
ENSG00000142676,RPL11,0.020251121,0.68082985,NS
ENSG00000180667,YOD1,0.021321507,0.68082985,NS
ENSG00000118454,ANKRD13C,0.021690047,0.680920595,NS
ENSG00000137764,MAP2K5,-0.022438978,0.680920595,NS
ENSG00000075413,MARK3,-0.020142269,0.681102995,NS
ENSG00000153093,ACOXL,-0.021661336,0.681102995,NS
ENSG00000156482,RPL30,-0.020851397,0.681102995,NS
ENSG00000171466,ZNF562,0.021872067,0.681102995,NS
ENSG00000184164,CRELD2,0.021517279,0.681187908,NS
ENSG00000103326,CAPN15,0.021706292,0.681465431,NS
ENSG00000113966,ARL6,0.022678202,0.681465431,NS
ENSG00000136261,BZW2,0.020026803,0.681465431,NS
ENSG00000104872,PIH1D1,-0.020938177,0.681537472,NS
ENSG00000133641,RLIG1,0.021810409,0.681537472,NS
ENSG00000149308,NPAT,0.021663493,0.681537472,NS
ENSG00000170456,DENND5B,-0.022688949,0.681537472,NS
ENSG00000182512,GLRX5,0.021194155,0.681537472,NS
ENSG00000183337,BCOR,0.018918923,0.681537472,NS
ENSG00000197958,RPL12,-0.020634011,0.681537472,NS
ENSG00000247092,SNHG10,-0.021845183,0.681537472,NS
ENSG00000248663,LINC00992,-0.022052189,0.681537472,NS
ENSG00000278615,C11orf98,-0.021126118,0.681537472,NS
ENSG00000289440,NA,-0.02213699,0.681537472,NS
ENSG00000293313,ZNF37BP,0.022693051,0.681537472,NS
ENSG00000296655,NA,-0.020848546,0.681537472,NS
ENSG00000163517,HDAC11,-0.022387199,0.68183792,NS
ENSG00000127054,INTS11,0.019802641,0.681979307,NS
ENSG00000275765,NA,0.022106213,0.682332234,NS
ENSG00000198270,TMEM116,-0.022647546,0.682400821,NS
ENSG00000291060,NA,0.02178478,0.682492888,NS
ENSG00000146007,ZMAT2,0.01956918,0.682500952,NS
ENSG00000149328,GLB1L2,0.020360936,0.682630951,NS
ENSG00000234684,SDCBP2-AS1,-0.022540497,0.682630951,NS
ENSG00000132746,ALDH3B2,-0.022202814,0.682649509,NS
ENSG00000250616,YPEL3-DT,0.022127146,0.682649509,NS
ENSG00000278932,NA,-0.022266636,0.682649509,NS
ENSG00000128595,CALU,0.01808804,0.683314049,NS
ENSG00000106692,FKTN,-0.020709881,0.683534055,NS
ENSG00000170689,HOXB9,-0.022591378,0.683534055,NS
ENSG00000183111,ARHGEF37,0.02239071,0.683534055,NS
ENSG00000198546,ZNF511,-0.021508364,0.683534055,NS
ENSG00000176531,PHLDB3,-0.022466765,0.683890864,NS
ENSG00000046774,MAGEC2,-0.019808248,0.684121885,NS
ENSG00000065154,OAT,0.021817573,0.685065233,NS
ENSG00000162086,ZNF75A,-0.022196614,0.685075486,NS
ENSG00000187231,SESTD1,0.022307458,0.685075486,NS
ENSG00000197223,C1D,0.022455253,0.685075486,NS
ENSG00000138604,GLCE,-0.022520211,0.685216466,NS
ENSG00000005187,ACSM3,0.021806877,0.685761994,NS
ENSG00000164830,OXR1,0.021011129,0.685761994,NS
ENSG00000103356,EARS2,0.020431663,0.686006601,NS
ENSG00000171720,HDAC3,0.020272625,0.686006601,NS
ENSG00000263843,MIF4GD-DT,0.022368758,0.686006601,NS
ENSG00000269937,NA,0.020118858,0.68625046,NS
ENSG00000115415,STAT1,0.020283752,0.686396609,NS
ENSG00000154358,OBSCN,-0.022221127,0.686396609,NS
ENSG00000163635,ATXN7,0.022135599,0.686396609,NS
ENSG00000236756,DNAJC9-AS1,-0.020763201,0.686396609,NS
ENSG00000010803,SCMH1,0.019676715,0.686398407,NS
ENSG00000168795,ZBTB5,-0.021504962,0.686398407,NS
ENSG00000167646,DNAAF3,-0.02001934,0.686435135,NS
ENSG00000261351,NA,-0.019281101,0.686518372,NS
ENSG00000062582,MRPS24,-0.020767731,0.686672466,NS
ENSG00000121578,B4GALT4,0.021222127,0.686816114,NS
ENSG00000172493,AFF1,-0.02119383,0.687135621,NS
ENSG00000290114,NA,-0.021830613,0.687135621,NS
ENSG00000025770,NCAPH2,0.021074021,0.687567688,NS
ENSG00000126822,PLEKHG3,0.020845548,0.687567688,NS
ENSG00000150316,CWC15,-0.020042766,0.687567688,NS
ENSG00000184640,SEPTIN9,-0.017579151,0.687567688,NS
ENSG00000225255,PSLNR,0.021023969,0.687567688,NS
ENSG00000248019,FAM13A-AS1,0.018370126,0.687567688,NS
ENSG00000290018,NA,0.021868862,0.687567688,NS
ENSG00000133606,MKRN1,-0.020049421,0.6878902,NS
ENSG00000291233,NA,-0.019214634,0.687971821,NS
ENSG00000116584,ARHGEF2,-0.022031121,0.688050773,NS
ENSG00000135736,CCDC102A,-0.021422575,0.688050773,NS
ENSG00000175073,VCPIP1,0.021898291,0.688050773,NS
ENSG00000198929,NOS1AP,0.021655004,0.688050773,NS
ENSG00000169684,CHRNA5,0.022049541,0.688213186,NS
ENSG00000112659,CUL9,0.02232846,0.68833751,NS
ENSG00000134453,RBM17,0.019614157,0.68833751,NS
ENSG00000173786,CNP,0.018975552,0.68833751,NS
ENSG00000204852,TCTN1,0.021280608,0.68833751,NS
ENSG00000288924,NA,-0.01970311,0.68833751,NS
ENSG00000122203,KIAA1191,-0.018969116,0.688492208,NS
ENSG00000085465,OVGP1,0.022259013,0.688510551,NS
ENSG00000132604,TERF2,-0.020644097,0.688510551,NS
ENSG00000077157,PPP1R12B,0.021921976,0.68860998,NS
ENSG00000140463,BBS4,-0.020865553,0.68860998,NS
ENSG00000147010,SH3KBP1,-0.021488654,0.68860998,NS
ENSG00000152782,PANK1,-0.022258669,0.68860998,NS
ENSG00000164647,STEAP1,0.01744832,0.68860998,NS
ENSG00000102100,SLC35A2,-0.021025234,0.688895913,NS
ENSG00000132581,SDF2,-0.020960955,0.688895913,NS
ENSG00000160298,C21orf58,0.022059161,0.688895913,NS
ENSG00000168298,H1-4,0.020595843,0.688895913,NS
ENSG00000179091,CYC1,-0.018991732,0.688895913,NS
ENSG00000184916,JAG2,-0.020982974,0.688895913,NS
ENSG00000204568,MRPS18B,0.020709437,0.688895913,NS
ENSG00000234546,LNCTAM34A,0.021453041,0.688895913,NS
ENSG00000267680,ZNF224,-0.021257988,0.688895913,NS
ENSG00000138336,TET1,0.021215773,0.689006368,NS
ENSG00000132394,EEFSEC,-0.021302576,0.689070354,NS
ENSG00000253593,NA,-0.020738664,0.689094484,NS
ENSG00000115137,DNAJC27,0.019625519,0.68919594,NS
ENSG00000103227,LMF1,-0.022189094,0.689423199,NS
ENSG00000114812,VIPR1,-0.021914194,0.689423199,NS
ENSG00000115233,PSMD14,0.01971948,0.689423199,NS
ENSG00000272335,NA,0.021672235,0.689423199,NS
ENSG00000278376,NA,-0.02223516,0.689423199,NS
ENSG00000081760,AACS,-0.019986726,0.689488701,NS
ENSG00000159259,CHAF1B,0.019893951,0.689488701,NS
ENSG00000010818,HIVEP2,0.021209083,0.689525639,NS
ENSG00000100056,ESS2,-0.021869794,0.689525639,NS
ENSG00000124333,VAMP7,0.0199378,0.689525639,NS
ENSG00000242588,NA,-0.019696868,0.689525639,NS
ENSG00000292366,VAMP7,0.0199378,0.689525639,NS
ENSG00000175931,UBE2O,0.019436901,0.689526581,NS
ENSG00000087510,TFAP2C,-0.021382708,0.689646659,NS
ENSG00000130347,RTN4IP1,0.022123399,0.689655735,NS
ENSG00000188554,NBR1,-0.018539042,0.689655735,NS
ENSG00000277149,TYW1B,0.020325392,0.689661631,NS
ENSG00000168439,STIP1,0.017322905,0.689755454,NS
ENSG00000134444,RELCH,-0.020582237,0.690040525,NS
ENSG00000163166,IWS1,0.020368701,0.690046588,NS
ENSG00000011105,TSPAN9,-0.021187949,0.690103677,NS
ENSG00000107331,ABCA2,-0.020228598,0.690238071,NS
ENSG00000111224,PARP11,0.022148274,0.690238071,NS
ENSG00000131370,SH3BP5,-0.022061005,0.690238071,NS
ENSG00000154027,AK5,-0.02130086,0.690238071,NS
ENSG00000197457,STMN3,-0.021831595,0.690238071,NS
ENSG00000258818,RNASE4,0.020574406,0.690238071,NS
ENSG00000264666,NA,-0.018590016,0.690238071,NS
ENSG00000165055,METTL2B,0.020586149,0.690580767,NS
ENSG00000071205,ARHGAP10,0.021337153,0.690725038,NS
ENSG00000119638,NEK9,-0.019719895,0.690725038,NS
ENSG00000126804,ZBTB1,0.020809536,0.690725038,NS
ENSG00000129521,EGLN3,-0.021975563,0.690725038,NS
ENSG00000132199,ENOSF1,-0.021511116,0.690725038,NS
ENSG00000134716,CYP2J2,-0.022078554,0.690725038,NS
ENSG00000156313,RPGR,-0.021336756,0.690725038,NS
ENSG00000226067,LINC00623,-0.02181341,0.690725038,NS
ENSG00000230650,NA,0.019061264,0.690725038,NS
ENSG00000246228,CASC8,-0.020181995,0.690725038,NS
ENSG00000273906,NA,0.022069663,0.690725038,NS
ENSG00000172757,CFL1,0.01831276,0.691036743,NS
ENSG00000082068,WDR70,-0.020504366,0.691075948,NS
ENSG00000185800,DMWD,-0.022063124,0.691546314,NS
ENSG00000092978,GPATCH2,0.021264262,0.691575585,NS
ENSG00000163625,WDFY3,0.021443604,0.691575585,NS
ENSG00000227354,RBM26-AS1,0.021280851,0.691575585,NS
ENSG00000279407,NA,0.021582059,0.691575585,NS
ENSG00000130699,TAF4,0.021204272,0.691626046,NS
ENSG00000178127,NDUFV2,-0.018468266,0.691775579,NS
ENSG00000126746,ZNF384,0.020366336,0.691811361,NS
ENSG00000090316,MAEA,-0.019658073,0.691841271,NS
ENSG00000067606,PRKCZ,-0.021281096,0.691983954,NS
ENSG00000114270,COL7A1,-0.018768046,0.692163246,NS
ENSG00000114019,AMOTL2,0.021917936,0.692361494,NS
ENSG00000105700,KXD1,-0.019672619,0.692850688,NS
ENSG00000124222,STX16,0.020474935,0.692898974,NS
ENSG00000149196,HIKESHI,-0.021112529,0.692898974,NS
ENSG00000182993,C12orf60,0.019959516,0.692898974,NS
ENSG00000143933,CALM2,0.017965808,0.693000387,NS
ENSG00000288907,NA,-0.020391106,0.693000387,NS
ENSG00000160050,CCDC28B,-0.021816156,0.69304214,NS
ENSG00000100084,HIRA,-0.020400038,0.693546544,NS
ENSG00000158864,NDUFS2,-0.017626311,0.693546544,NS
ENSG00000161551,ZNF577,0.021603092,0.693546544,NS
ENSG00000261701,HPR,-0.021832099,0.693546544,NS
ENSG00000102878,HSF4,-0.017811413,0.69361298,NS
ENSG00000171552,BCL2L1,0.01886304,0.69361298,NS
ENSG00000141994,DUS3L,-0.021122411,0.693671074,NS
ENSG00000148291,SURF2,-0.021391923,0.693671074,NS
ENSG00000102362,SYTL4,0.021615038,0.693995105,NS
ENSG00000105819,PMPCB,-0.019137244,0.694326631,NS
ENSG00000127995,CASD1,0.021424006,0.694326631,NS
ENSG00000134330,IAH1,-0.021122233,0.694326631,NS
ENSG00000140307,GTF2A2,0.020728418,0.694326631,NS
ENSG00000159403,C1R,0.021882902,0.694326631,NS
ENSG00000160226,CFAP410,-0.021683491,0.694326631,NS
ENSG00000163214,DHX57,0.021443716,0.694326631,NS
ENSG00000184752,NDUFA12,-0.020087031,0.694326631,NS
ENSG00000203791,EEF1AKMT2,0.021804422,0.694326631,NS
ENSG00000224152,BAZ2B-AS1,-0.017551301,0.694326631,NS
ENSG00000143947,RPS27A,-0.019844408,0.694364204,NS
ENSG00000182872,RBM10,0.018667125,0.694439806,NS
ENSG00000132640,BTBD3,0.021215447,0.694440215,NS
ENSG00000167595,PROSER3,0.021873934,0.694440215,NS
ENSG00000173482,PTPRM,0.021220168,0.694440215,NS
ENSG00000280161,NA,-0.019873574,0.694440215,NS
ENSG00000129514,FOXA1,0.016613307,0.694670815,NS
ENSG00000089818,NECAP1,-0.019107592,0.694993613,NS
ENSG00000122035,RASL11A,-0.018919537,0.695252884,NS
ENSG00000138030,KHK,-0.021824714,0.695252884,NS
ENSG00000134780,DAGLA,0.021647865,0.695618258,NS
ENSG00000105483,CARD8,-0.021488148,0.695695019,NS
ENSG00000115756,HPCAL1,-0.021133381,0.695695019,NS
ENSG00000160783,PMF1,0.020448782,0.695854475,NS
ENSG00000161791,FMNL3,0.021307486,0.695854475,NS
ENSG00000266743,NA,0.02014384,0.695854475,NS
ENSG00000280417,NA,-0.021301966,0.696006492,NS
ENSG00000103769,RAB11A,0.017503363,0.6962528,NS
ENSG00000131446,MGAT1,-0.019354409,0.6962528,NS
ENSG00000158290,CUL4B,0.019988168,0.6962528,NS
ENSG00000285382,NA,-0.020498567,0.6962528,NS
ENSG00000294213,NA,0.019247607,0.6962528,NS
ENSG00000053371,AKR7A2,-0.020514278,0.696521335,NS
ENSG00000130054,NALF2,0.018398377,0.696521335,NS
ENSG00000166925,TSC22D4,-0.020111643,0.696521335,NS
ENSG00000296618,NA,0.020541649,0.696521335,NS
ENSG00000168228,ZCCHC4,0.021688233,0.6968126,NS
ENSG00000166224,SGPL1,0.018996727,0.696841133,NS
ENSG00000272617,NA,-0.020068591,0.696841133,NS
ENSG00000156639,ZFAND3,0.019174913,0.696926754,NS
ENSG00000177692,DNAJC28,0.01910147,0.696926754,NS
ENSG00000004660,CAMKK1,-0.020929314,0.696940716,NS
ENSG00000141026,MED9,0.020987713,0.696940716,NS
ENSG00000249673,NOP14-AS1,-0.021630889,0.696940716,NS
ENSG00000024862,CCDC28A,-0.021631415,0.69699293,NS
ENSG00000136856,SLC2A8,-0.02129498,0.69699293,NS
ENSG00000181031,RPH3AL,-0.021669596,0.69699293,NS
ENSG00000183718,TRIM52,-0.021666047,0.69699293,NS
ENSG00000130810,PPAN,-0.019164339,0.697568972,NS
ENSG00000079950,STX7,-0.021047373,0.698025118,NS
ENSG00000158526,TSR2,-0.019440474,0.698025118,NS
ENSG00000134697,GNL2,0.017903437,0.698121451,NS
ENSG00000165283,STOML2,0.018557667,0.698121451,NS
ENSG00000109184,DCUN1D4,0.020727498,0.69814555,NS
ENSG00000120149,MSX2,0.021543263,0.69814555,NS
ENSG00000159423,ALDH4A1,0.020374758,0.69814555,NS
ENSG00000150773,PIH1D2,0.019987573,0.69821307,NS
ENSG00000154978,VOPP1,-0.019494543,0.69821307,NS
ENSG00000212802,RPL15P3,-0.021422778,0.69821307,NS
ENSG00000302317,NA,-0.019289681,0.69821307,NS
ENSG00000147604,RPL7,-0.017958671,0.698439967,NS
ENSG00000197321,SVIL,-0.021584242,0.698439967,NS
ENSG00000161202,DVL3,-0.019182053,0.698481278,NS
ENSG00000137693,YAP1,-0.019000057,0.698607559,NS
ENSG00000139370,SLC15A4,0.021621972,0.698607559,NS
ENSG00000205571,SMN2,0.018636455,0.698607559,NS
ENSG00000134954,ETS1,0.020549121,0.699223415,NS
ENSG00000167740,CYB5D2,-0.020815025,0.699223415,NS
ENSG00000120616,EPC1,-0.020496032,0.699240805,NS
ENSG00000085788,DDHD2,0.020251471,0.699280955,NS
ENSG00000086015,MAST2,0.020650638,0.699280955,NS
ENSG00000290146,NA,-0.021105283,0.699280955,NS
ENSG00000159885,ZNF222,0.019356005,0.699283861,NS
ENSG00000167637,ZNF283,0.021491768,0.699297366,NS
ENSG00000106605,BLVRA,-0.019618315,0.699362986,NS
ENSG00000114786,ABHD14A-ACY1,-0.017448688,0.699419176,NS
ENSG00000145425,RPS3A,-0.018983342,0.699419176,NS
ENSG00000103876,FAH,-0.01985562,0.69943576,NS
ENSG00000165476,REEP3,0.018806403,0.699637427,NS
ENSG00000008324,SS18L2,0.020847876,0.700017655,NS
ENSG00000124151,NCOA3,-0.020975226,0.700222739,NS
ENSG00000164054,SHISA5,-0.018987214,0.700222739,NS
ENSG00000006327,TNFRSF12A,-0.021104944,0.700382334,NS
ENSG00000100461,RBM23,0.018662286,0.700382334,NS
ENSG00000236287,ZBED5,0.020085019,0.700839628,NS
ENSG00000102034,ELF4,0.021425514,0.70096195,NS
ENSG00000137124,ALDH1B1,0.018566463,0.70096195,NS
ENSG00000215712,TMEM242,-0.021173507,0.70096195,NS
ENSG00000253716,MINCR,-0.021102762,0.70096195,NS
ENSG00000277534,NA,0.02148731,0.701136087,NS
ENSG00000165502,RPL36AL,-0.019481987,0.701462283,NS
ENSG00000185163,DDX51,0.021168247,0.701545559,NS
ENSG00000189060,H1-0,0.019059428,0.701545559,NS
ENSG00000133247,KMT5C,-0.02142283,0.701706251,NS
ENSG00000138468,SENP7,0.021308022,0.701706251,NS
ENSG00000113048,MRPS27,0.017612368,0.701969691,NS
ENSG00000065268,WDR18,0.01977273,0.702070161,NS
ENSG00000121039,RDH10,-0.021340151,0.702070161,NS
ENSG00000170852,KBTBD2,0.021237267,0.702070161,NS
ENSG00000171798,KNDC1,-0.019182675,0.702070161,NS
ENSG00000178053,MLF1,-0.020904299,0.702070161,NS
ENSG00000178078,STAP2,-0.02065423,0.702070161,NS
ENSG00000179933,C14orf119,-0.020415277,0.702070161,NS
ENSG00000185787,MORF4L1,-0.017707953,0.702070161,NS
ENSG00000223343,NA,-0.019001672,0.702070161,NS
ENSG00000166073,GPR176,-0.021210225,0.702106677,NS
ENSG00000082213,C5orf22,0.019537725,0.70213675,NS
ENSG00000223572,CKMT1A,-0.02019365,0.702151417,NS
ENSG00000228109,MELTF-AS1,-0.020621571,0.702172464,NS
ENSG00000228638,FCF1P2,0.017586189,0.702172464,NS
ENSG00000299773,NA,0.018871091,0.702172464,NS
ENSG00000083844,ZNF264,0.021127481,0.702266551,NS
ENSG00000110696,C11orf58,0.018112306,0.702266551,NS
ENSG00000174574,AKIRIN1,0.017629906,0.702278033,NS
ENSG00000158480,SPATA2,0.021197488,0.702314287,NS
ENSG00000145247,OCIAD2,-0.021091133,0.702358301,NS
ENSG00000132623,ANKEF1,0.019190068,0.70246876,NS
ENSG00000183978,COA3,-0.020258899,0.70246876,NS
ENSG00000224870,MRPL20-AS1,-0.020411887,0.70246876,NS
ENSG00000231150,DNAH8-AS1,0.020031114,0.70246876,NS
ENSG00000244479,OR2A1-AS1,-0.021323874,0.70246876,NS
ENSG00000250222,TRIM7-AS2,-0.018777529,0.70246876,NS
ENSG00000102805,CLN5,0.020481548,0.702774414,NS
ENSG00000163485,ADORA1,-0.018565103,0.702774414,NS
ENSG00000168522,FNTA,-0.018446352,0.702873396,NS
ENSG00000164414,SLC35A1,0.021319967,0.702988757,NS
ENSG00000236682,MAP3K2-DT,-0.021094065,0.702988757,NS
ENSG00000139644,TMBIM6,-0.015341676,0.703006147,NS
ENSG00000266066,POLRMTP1,-0.018271564,0.703096183,NS
ENSG00000133275,CSNK1G2,-0.018563895,0.703316817,NS
ENSG00000168297,PXK,0.021272636,0.703824624,NS
ENSG00000006747,SCIN,-0.01951458,0.703853005,NS
ENSG00000018189,RUFY3,0.021196646,0.703853005,NS
ENSG00000105705,SUGP1,-0.020290266,0.703853005,NS
ENSG00000109079,TNFAIP1,-0.019923447,0.703853005,NS
ENSG00000110171,TRIM3,0.021263898,0.703853005,NS
ENSG00000127483,HP1BP3,-0.019715625,0.703853005,NS
ENSG00000146858,ZC3HAV1L,-0.021020882,0.703853005,NS
ENSG00000149476,TKFC,-0.018028757,0.703853005,NS
ENSG00000155100,OTUD6B,0.019702975,0.703853005,NS
ENSG00000164587,RPS14,-0.018943684,0.703853005,NS
ENSG00000175782,SLC35E3,-0.020766543,0.703853005,NS
ENSG00000182149,IST1,-0.019194695,0.703853005,NS
ENSG00000184076,UQCR10,0.019945047,0.703853005,NS
ENSG00000260806,PAPOLA-DT,-0.020813597,0.703853005,NS
ENSG00000267673,FDX2,-0.02082343,0.703853005,NS
ENSG00000179454,KLHL28,0.020655482,0.703989028,NS
ENSG00000198169,ZNF251,-0.021239515,0.703989028,NS
ENSG00000259826,CDK13-DT,-0.019127106,0.703989028,NS
ENSG00000279579,LINC01666,-0.02033189,0.703989028,NS
ENSG00000164291,ARSK,-0.020982938,0.704774425,NS
ENSG00000130175,PRKCSH,-0.016355854,0.704976489,NS
ENSG00000139266,MARCHF9,-0.02118847,0.704976489,NS
ENSG00000066379,POLR1H,-0.021188484,0.70513064,NS
ENSG00000144199,FAHD2B,-0.021002899,0.705277641,NS
ENSG00000091157,WDR7,-0.01989802,0.705507035,NS
ENSG00000187266,EPOR,0.021076107,0.705507035,NS
ENSG00000120907,ADRA1A,0.019546514,0.705543272,NS
ENSG00000084764,MAPRE3,-0.021089741,0.705549066,NS
ENSG00000278916,CEP83-DT,0.019879238,0.705549066,NS
ENSG00000056097,ZFR,0.018639341,0.705670523,NS
ENSG00000095574,IKZF5,0.021065847,0.705670523,NS
ENSG00000105290,APLP1,0.019376333,0.705670523,NS
ENSG00000106211,HSPB1,-0.016666379,0.705670523,NS
ENSG00000129911,KLF16,-0.020289523,0.705670523,NS
ENSG00000132600,PRMT7,0.019915859,0.705670523,NS
ENSG00000136052,SLC41A2,-0.020963054,0.705670523,NS
ENSG00000137038,DMAC1,-0.019230941,0.705670523,NS
ENSG00000150510,FAM124A,-0.020093433,0.705670523,NS
ENSG00000173334,TRIB1,-0.021057279,0.705670523,NS
ENSG00000178307,TMEM11,0.020333292,0.705670523,NS
ENSG00000181873,IBA57,-0.020246186,0.705670523,NS
ENSG00000187778,MCRS1,-0.01951477,0.705670523,NS
ENSG00000198001,IRAK4,0.020744665,0.705670523,NS
ENSG00000204764,RANBP17,-0.021133858,0.705670523,NS
ENSG00000267270,PARD6G-AS1,0.02096998,0.705670523,NS
ENSG00000278948,NA,0.020373143,0.705670523,NS
ENSG00000297093,NA,0.016123413,0.705670523,NS
ENSG00000138111,MFSD13A,-0.020982841,0.705735542,NS
ENSG00000107815,TWNK,0.020285594,0.706199934,NS
ENSG00000161204,ABCF3,-0.01859789,0.70637134,NS
ENSG00000135250,SRPK2,0.018424604,0.706507691,NS
ENSG00000116863,ADPRS,-0.019822267,0.706543706,NS
ENSG00000144730,IL17RD,-0.021063039,0.706543706,NS
ENSG00000173273,TNKS,0.019771073,0.706543706,NS
ENSG00000280739,EIF1B-AS1,-0.020800986,0.706543706,NS
ENSG00000007376,RPUSD1,-0.019831178,0.706654285,NS
ENSG00000181192,DHTKD1,-0.020303847,0.706695179,NS
ENSG00000170485,NPAS2,0.020732152,0.706824379,NS
ENSG00000179523,EIF3J-DT,-0.020961574,0.706824379,NS
ENSG00000111737,RAB35,0.018322369,0.706862806,NS
ENSG00000182093,GET1,-0.019058067,0.706880239,NS
ENSG00000198492,YTHDF2,0.016802428,0.707027558,NS
ENSG00000106080,FKBP14,0.020992856,0.707434527,NS
ENSG00000197557,IFT70A,0.020960254,0.707434527,NS
ENSG00000087448,KLHL42,0.019436979,0.708129238,NS
ENSG00000095203,EPB41L4B,0.018175785,0.708305784,NS
ENSG00000186318,BACE1,0.019020858,0.708443213,NS
ENSG00000069702,TGFBR3,0.020926911,0.708687338,NS
ENSG00000103353,UBFD1,-0.017787659,0.708687338,NS
ENSG00000113583,C5orf15,-0.017329768,0.708687338,NS
ENSG00000118518,RNF146,-0.020595081,0.708687338,NS
ENSG00000119421,NDUFA8,-0.019100262,0.708687338,NS
ENSG00000119523,ALG2,0.019389042,0.708687338,NS
ENSG00000121406,ZNF549,0.020889151,0.708687338,NS
ENSG00000123130,ACOT9,0.019990094,0.708687338,NS
ENSG00000124570,SERPINB6,0.018084135,0.708687338,NS
ENSG00000128191,DGCR8,-0.019740233,0.708687338,NS
ENSG00000131650,KREMEN2,-0.020287701,0.708687338,NS
ENSG00000131944,FAAP24,0.02092638,0.708687338,NS
ENSG00000135108,FBXO21,0.019348945,0.708687338,NS
ENSG00000139613,SMARCC2,0.017772712,0.708687338,NS
ENSG00000140471,LINS1,-0.020964236,0.708687338,NS
ENSG00000142273,CBLC,0.020402874,0.708687338,NS
ENSG00000156858,PRR14,-0.020558031,0.708687338,NS
ENSG00000159200,RCAN1,0.02056948,0.708687338,NS
ENSG00000160741,CRTC2,-0.020681103,0.708687338,NS
ENSG00000162852,CNST,-0.019072132,0.708687338,NS
ENSG00000164347,GFM2,-0.018694985,0.708687338,NS
ENSG00000168438,CDC40,0.019698394,0.708687338,NS
ENSG00000185201,IFITM2,0.02085635,0.708687338,NS
ENSG00000215717,TMEM167B,0.019263004,0.708687338,NS
ENSG00000217648,PARLP2,-0.018136052,0.708687338,NS
ENSG00000237037,NDUFA6-DT,-0.020064566,0.708687338,NS
ENSG00000243896,OR2A7,-0.018542953,0.708687338,NS
ENSG00000267321,SNHG30,0.020193633,0.708687338,NS
ENSG00000271976,NA,0.019438674,0.708687338,NS
ENSG00000278129,ZNF8,0.020868295,0.708687338,NS
ENSG00000290687,ZNF286B,0.019136941,0.708687338,NS
ENSG00000298775,NA,-0.017495961,0.708687338,NS
ENSG00000160445,ZER1,-0.018862382,0.708717213,NS
ENSG00000172500,FIBP,-0.018872178,0.708717213,NS
ENSG00000173889,PHC3,0.020116889,0.70900273,NS
ENSG00000187325,TAF9B,0.018491026,0.70900273,NS
ENSG00000213523,SRA1,-0.020253195,0.70900273,NS
ENSG00000004700,RECQL,0.019464583,0.709211739,NS
ENSG00000147676,MAL2,0.016397366,0.709211739,NS
ENSG00000112851,ERBIN,0.01960134,0.709223893,NS
ENSG00000171365,CLCN5,-0.020653124,0.709223893,NS
ENSG00000250479,CHCHD10,-0.019477216,0.709223893,NS
ENSG00000261373,VPS9D1-AS1,-0.020411541,0.709223893,NS
ENSG00000267493,CIRBP-AS1,-0.02067286,0.709223893,NS
ENSG00000289294,NA,-0.020809227,0.709850286,NS
ENSG00000078177,N4BP2,0.020778448,0.709886959,NS
ENSG00000106346,USP42,0.020549667,0.710427528,NS
ENSG00000099785,MARCHF2,0.020107608,0.710428109,NS
ENSG00000145912,NHP2,-0.01888308,0.710428109,NS
ENSG00000267296,CEBPA-DT,-0.020816729,0.710428109,NS
ENSG00000085721,RRN3,0.018721282,0.710562006,NS
ENSG00000145241,CENPC,0.020804055,0.710562006,NS
ENSG00000165119,HNRNPK,0.015189557,0.710562006,NS
ENSG00000185418,TARS3,-0.020711876,0.710562006,NS
ENSG00000260329,TMEM263-DT,0.018387515,0.710818518,NS
ENSG00000103199,ZNF500,-0.020762616,0.711019406,NS
ENSG00000166685,COG1,-0.020023435,0.711019406,NS
ENSG00000142065,ZFP14,-0.020177585,0.711154875,NS
ENSG00000141873,SLC39A3,0.018115217,0.711185444,NS
ENSG00000233429,HOTAIRM1,-0.019304639,0.711185444,NS
ENSG00000125875,TBC1D20,-0.019002632,0.711196841,NS
ENSG00000135537,AFG1L,-0.020167639,0.711196841,NS
ENSG00000196873,ZNG1C,0.019467932,0.711196841,NS
ENSG00000243646,IL10RB,0.020697435,0.711679864,NS
ENSG00000137434,C6orf52,-0.019509025,0.712140212,NS
ENSG00000233024,NPIPA9,-0.015006635,0.712140212,NS
ENSG00000109062,NHERF1,-0.018250315,0.712548288,NS
ENSG00000198692,EIF1AY,0.01952038,0.712548288,NS
ENSG00000180357,ZNF609,0.018619602,0.71257228,NS
ENSG00000241685,ARPC1A,0.017164377,0.71257228,NS
ENSG00000177311,ZBTB38,0.019884645,0.712707176,NS
ENSG00000162542,TMCO4,0.019759566,0.712778467,NS
ENSG00000023902,PLEKHO1,0.0206848,0.712939422,NS
ENSG00000174599,TRAM1L1,0.020555361,0.713014418,NS
ENSG00000273136,NBPF26,-0.020598332,0.713316038,NS
ENSG00000100722,ZC3H14,0.017867031,0.713420223,NS
ENSG00000177084,POLE,0.019214514,0.713505742,NS
ENSG00000101928,MOSPD1,0.02045245,0.71376732,NS
ENSG00000228253,MT-ATP8,0.017586118,0.714137667,NS
ENSG00000189043,NDUFA4,-0.018394254,0.714414322,NS
ENSG00000271601,LIX1L,-0.020566969,0.714414322,NS
ENSG00000291079,SDHAP3,-0.020540322,0.714414322,NS
ENSG00000007545,CRAMP1,0.020018351,0.71475806,NS
ENSG00000163798,SLC4A1AP,-0.019344521,0.71475806,NS
ENSG00000178971,CTC1,-0.020055152,0.71475806,NS
ENSG00000122694,GLIPR2,0.019671008,0.714784244,NS
ENSG00000105127,AKAP8,0.019649728,0.715090659,NS
ENSG00000128016,ZFP36,-0.019988991,0.715617448,NS
ENSG00000198825,INPP5F,0.02055674,0.715854866,NS
ENSG00000089159,PXN,-0.01757988,0.715990299,NS
ENSG00000136243,NUP42,-0.019676949,0.716378662,NS
ENSG00000140323,DISP2,-0.018194756,0.716378662,NS
ENSG00000160447,PKN3,0.018913097,0.716378662,NS
ENSG00000168924,LETM1,0.01734724,0.716378662,NS
ENSG00000236081,ELFN1-AS1,-0.020491181,0.716378662,NS
ENSG00000129353,SLC44A2,0.016971962,0.716451081,NS
ENSG00000177479,ARIH2,0.017402409,0.716492525,NS
ENSG00000280287,NA,0.017955636,0.716492525,NS
ENSG00000181915,ADO,0.019003553,0.716579695,NS
ENSG00000196262,PPIA,-0.017358167,0.71689447,NS
ENSG00000100997,ABHD12,0.018740081,0.716947093,NS
ENSG00000122779,TRIM24,0.01861911,0.716947093,NS
ENSG00000149480,MTA2,0.016574395,0.716947093,NS
ENSG00000168101,NUDT16L1,-0.018760969,0.716947093,NS
ENSG00000174032,SLC25A30,-0.019441338,0.716947093,NS
ENSG00000107771,CCSER2,-0.020285831,0.717044505,NS
ENSG00000148690,FRA10AC1,0.020450766,0.717223387,NS
ENSG00000125813,PAX1,-0.020422823,0.717475017,NS
ENSG00000196741,LINC01560,-0.020165813,0.717502428,NS
ENSG00000002016,RAD52,-0.020318988,0.717532551,NS
ENSG00000003147,ICA1,-0.019736877,0.717532551,NS
ENSG00000091127,PUS7,-0.019579044,0.717532551,NS
ENSG00000102119,EMD,-0.018330831,0.717532551,NS
ENSG00000127540,UQCR11,-0.018786141,0.717532551,NS
ENSG00000131979,GCH1,0.019512867,0.717532551,NS
ENSG00000139620,KANSL2,-0.01955495,0.717532551,NS
ENSG00000145390,USP53,-0.020268157,0.717532551,NS
ENSG00000165501,LRR1,0.019647097,0.717532551,NS
ENSG00000270647,TAF15,0.017234404,0.717532551,NS
ENSG00000272631,NA,0.017867923,0.717532551,NS
ENSG00000276293,PIP4K2B,-0.017513244,0.717532551,NS
ENSG00000064012,CASP8,0.019967629,0.717557587,NS
ENSG00000086102,NFX1,0.018194598,0.717557587,NS
ENSG00000285644,NA,0.018417945,0.717557587,NS
ENSG00000261664,TTC39A-AS1,-0.017564339,0.717601024,NS
ENSG00000005022,SLC25A5,0.017083277,0.71771981,NS
ENSG00000103044,HAS3,-0.019603888,0.71771981,NS
ENSG00000249353,NPM1P27,-0.020387579,0.71771981,NS
ENSG00000273456,NA,-0.020288617,0.717730794,NS
ENSG00000137074,APTX,-0.018508912,0.717738762,NS
ENSG00000149187,CELF1,0.019126579,0.717954533,NS
ENSG00000062485,CS,0.015584602,0.718166833,NS
ENSG00000116016,EPAS1,-0.019421081,0.718166833,NS
ENSG00000231789,PIK3CD-AS2,-0.019420796,0.718166833,NS
ENSG00000289318,NA,0.019091837,0.718166833,NS
ENSG00000008710,PKD1,-0.020100281,0.718189215,NS
ENSG00000144580,CNOT9,0.017255985,0.718189215,NS
ENSG00000147121,KRBOX4,-0.020316266,0.718189215,NS
ENSG00000183161,FANCF,0.019542931,0.718189215,NS
ENSG00000006831,ADIPOR2,-0.017472365,0.718578063,NS
ENSG00000138834,MAPK8IP3,-0.016323477,0.718578063,NS
ENSG00000156642,NPTN,-0.019443339,0.718578063,NS
ENSG00000169592,INO80E,-0.0192907,0.718578063,NS
ENSG00000186153,WWOX,0.020339914,0.718578063,NS
ENSG00000188419,CHM,-0.01995901,0.718578063,NS
ENSG00000245468,LINC02447,-0.019679276,0.718578063,NS
ENSG00000306764,NA,-0.019357612,0.718578063,NS
ENSG00000091527,CDV3,0.017101835,0.718645469,NS
ENSG00000140577,CRTC3,-0.019888501,0.718700701,NS
ENSG00000140987,ZSCAN32,-0.020278028,0.718700701,NS
ENSG00000092621,PHGDH,0.015973904,0.718821213,NS
ENSG00000109920,FNBP4,-0.019451417,0.718821213,NS
ENSG00000198018,ENTPD7,0.019997585,0.718821213,NS
ENSG00000108176,DNAJC12,-0.020275636,0.719083853,NS
ENSG00000104412,EMC2,-0.019351475,0.719417244,NS
ENSG00000309878,NA,-0.020007407,0.719484577,NS
ENSG00000141959,PFKL,-0.015924838,0.719689157,NS
ENSG00000235100,NA,0.018522602,0.719689157,NS
ENSG00000204410,MSH5,0.019810274,0.720188245,NS
ENSG00000014641,MDH1,-0.017328512,0.720258935,NS
ENSG00000113356,POLR3G,0.019905278,0.720258935,NS
ENSG00000127990,SGCE,0.016847802,0.720258935,NS
ENSG00000154079,SDHAF4,-0.020254343,0.720258935,NS
ENSG00000256223,ZNF10,-0.020139623,0.720258935,NS
ENSG00000103599,IQCH,-0.019176891,0.720409034,NS
ENSG00000138095,LRPPRC,0.016832935,0.720409034,NS
ENSG00000197782,ZNF780A,0.019888823,0.720409034,NS
ENSG00000109189,USP46,0.01849441,0.720510507,NS
ENSG00000128567,PODXL,-0.018438711,0.720674481,NS
ENSG00000105612,DNASE2,-0.018297044,0.720881888,NS
ENSG00000124260,MAGEA10,0.019376719,0.721070871,NS
ENSG00000110880,CORO1C,-0.017132823,0.72107187,NS
ENSG00000158411,MITD1,-0.020165243,0.72107187,NS
ENSG00000108379,WNT3,0.017001826,0.72147311,NS
ENSG00000136877,FPGS,-0.017628689,0.72147311,NS
ENSG00000136002,ARHGEF4,-0.02018043,0.721551816,NS
ENSG00000112282,MED23,-0.019395835,0.721844023,NS
ENSG00000173145,NOC3L,0.019908021,0.721844023,NS
ENSG00000174740,PABPC5,-0.019452853,0.721844023,NS
ENSG00000288899,NA,0.01761504,0.722099472,NS
ENSG00000155893,PXYLP1,-0.019979231,0.722250815,NS
ENSG00000272173,NA,-0.020118982,0.722250815,NS
ENSG00000142856,ITGB3BP,0.02004251,0.722386368,NS
ENSG00000187678,SPRY4,0.019865288,0.722386368,NS
ENSG00000129422,MTUS1,0.018287112,0.722457002,NS
ENSG00000227963,RBM15-AS1,-0.020001166,0.722457002,NS
ENSG00000122644,ARL4A,0.020001959,0.72264099,NS
ENSG00000114656,CFAP92,-0.0193101,0.722791987,NS
ENSG00000169627,BOLA2B,-0.019839288,0.722791987,NS
ENSG00000185122,HSF1,-0.017373491,0.722799486,NS
ENSG00000263465,SRSF8,0.016976611,0.722799486,NS
ENSG00000101596,SMCHD1,0.01769455,0.723097534,NS
ENSG00000130956,HABP4,-0.019519057,0.723121038,NS
ENSG00000196912,ANKRD36B,0.01776964,0.723290587,NS
ENSG00000163520,FBLN2,-0.019855155,0.723484655,NS
ENSG00000170791,CHCHD7,-0.019548609,0.723484655,NS
ENSG00000275329,NA,-0.016946181,0.723484655,NS
ENSG00000101290,CDS2,0.018231493,0.723601873,NS
ENSG00000107882,SUFU,-0.019366978,0.723601873,NS
ENSG00000125520,SLC2A4RG,0.01754486,0.723601873,NS
ENSG00000270170,NCBP2AS2,-0.018850471,0.723601873,NS
ENSG00000174007,CEP19,0.020005788,0.723968891,NS
ENSG00000260464,NA,-0.016839051,0.723992062,NS
ENSG00000049769,PPP1R3F,-0.019984927,0.72420433,NS
ENSG00000095380,NANS,0.018756957,0.72420433,NS
ENSG00000101182,PSMA7,-0.01625993,0.72420433,NS
ENSG00000136560,TANK,-0.019855793,0.72420433,NS
ENSG00000249637,ANKHD1-DT,0.020015991,0.72420433,NS
ENSG00000291159,NA,-0.016542909,0.72426859,NS
ENSG00000105058,FAM32A,-0.018748452,0.724628072,NS
ENSG00000124160,NCOA5,-0.018011933,0.724628072,NS
ENSG00000236283,NA,0.01755926,0.724628072,NS
ENSG00000185875,THNSL1,0.018990012,0.72474611,NS
ENSG00000173614,NMNAT1,-0.019793618,0.724952237,NS
ENSG00000041988,THAP3,-0.019894858,0.725199802,NS
ENSG00000103064,SLC7A6,-0.019268612,0.725199802,NS
ENSG00000142453,CARM1,0.01815998,0.725199802,NS
ENSG00000169490,TM2D2,0.017961961,0.725199802,NS
ENSG00000198874,TYW1,0.018398644,0.725248824,NS
ENSG00000064933,PMS1,0.019446408,0.725319925,NS
ENSG00000159479,MED8,-0.019092029,0.725379657,NS
ENSG00000164896,FASTK,-0.017574507,0.725379657,NS
ENSG00000178996,SNX18,0.019087194,0.725379657,NS
ENSG00000186806,VSIG10L,-0.019802025,0.725379657,NS
ENSG00000198752,CDC42BPB,-0.017377125,0.725379657,NS
ENSG00000108370,RGS9,0.019921542,0.725406311,NS
ENSG00000262714,NA,-0.019829732,0.725406311,NS
ENSG00000174137,FAM53A,-0.019442379,0.725529106,NS
ENSG00000268912,NA,0.017287765,0.725529106,NS
ENSG00000143702,CEP170,0.018524609,0.725686746,NS
ENSG00000101444,AHCY,-0.016795481,0.725690248,NS
ENSG00000288663,NA,0.017805097,0.725690248,NS
ENSG00000204371,EHMT2,-0.017956539,0.725796722,NS
ENSG00000293016,NA,0.010379973,0.725796722,NS
ENSG00000117419,ERI3,-0.017840841,0.725944069,NS
ENSG00000172728,FUT10,0.019906598,0.725944069,NS
ENSG00000090054,SPTLC1,-0.0174791,0.725966479,NS
ENSG00000111676,ATN1,0.016922429,0.726244453,NS
ENSG00000076201,PTPN23,-0.0181381,0.726610599,NS
ENSG00000113575,PPP2CA,0.016493063,0.726616064,NS
ENSG00000111639,MRPL51,0.017731468,0.72676315,NS
ENSG00000128266,GNAZ,-0.019478793,0.72676315,NS
ENSG00000157045,NTAN1,0.019617542,0.72676315,NS
ENSG00000274512,TBC1D3L,-0.017161836,0.72676315,NS
ENSG00000099849,RASSF7,-0.01916124,0.726957718,NS
ENSG00000134313,KIDINS220,0.017961662,0.727158823,NS
ENSG00000167524,RSKR,-0.019183585,0.727158823,NS
ENSG00000196535,MYO18A,-0.018677292,0.727158823,NS
ENSG00000197961,ZNF121,-0.018327363,0.727158823,NS
ENSG00000120539,MASTL,0.019218639,0.727337633,NS
ENSG00000106479,ZNF862,-0.01976485,0.72741911,NS
ENSG00000126858,RHOT1,0.018508855,0.72741911,NS
ENSG00000147100,SLC16A2,-0.019661008,0.72741911,NS
ENSG00000152944,MED21,0.018893094,0.72741911,NS
ENSG00000196418,ZNF124,0.019483793,0.727453852,NS
ENSG00000162407,PLPP3,0.019522636,0.727870817,NS
ENSG00000173166,RAPH1,-0.019286294,0.728181597,NS
ENSG00000184432,COPB2,-0.016573818,0.728181597,NS
ENSG00000130669,PAK4,0.015763632,0.728206136,NS
ENSG00000143553,SNAPIN,-0.018496283,0.728286578,NS
ENSG00000113387,SUB1,0.017990761,0.72871513,NS
ENSG00000166532,RIMKLB,-0.019470189,0.72871513,NS
ENSG00000115539,PDCL3,0.018555093,0.728893836,NS
ENSG00000136709,WDR33,0.017352778,0.728893836,NS
ENSG00000274211,SOCS7,0.018294244,0.728893836,NS
ENSG00000129636,ITFG1,-0.018195035,0.729076057,NS
ENSG00000288852,NA,-0.019289657,0.729153691,NS
ENSG00000088808,PPP1R13B,0.019035962,0.729302523,NS
ENSG00000128000,ZNF780B,-0.019696662,0.729302523,NS
ENSG00000142082,SIRT3,-0.019568369,0.729302523,NS
ENSG00000170525,PFKFB3,0.018465616,0.729302523,NS
ENSG00000172748,ZNF596,-0.018120196,0.729302523,NS
ENSG00000240053,LY6G5B,-0.016558595,0.729302523,NS
ENSG00000164941,INTS8,-0.01742447,0.729630322,NS
ENSG00000171159,BBLN,-0.019198472,0.729630322,NS
ENSG00000176593,ZNF606-AS1,-0.018403943,0.729630322,NS
ENSG00000246705,H2AJ,0.018012977,0.729630322,NS
ENSG00000287064,NA,0.018401581,0.729630322,NS
ENSG00000047188,YTHDC2,0.017811729,0.729694267,NS
ENSG00000004961,HCCS,0.018493233,0.729768063,NS
ENSG00000176731,RBIS,0.018943968,0.729768063,NS
ENSG00000178927,CYBC1,-0.018406974,0.729768063,NS
ENSG00000185842,DNAH14,0.019421899,0.729768063,NS
ENSG00000275700,AATF,0.01738856,0.730274599,NS
ENSG00000107854,TNKS2,-0.017885037,0.730312271,NS
ENSG00000253669,GASAL1,-0.019028108,0.730312271,NS
ENSG00000273080,NA,-0.019466031,0.730312271,NS
ENSG00000310415,NA,-0.018521706,0.730312271,NS
ENSG00000136379,ABHD17C,0.019168877,0.730422296,NS
ENSG00000296329,NA,-0.019607655,0.730422296,NS
ENSG00000163344,PMVK,-0.01848242,0.730658673,NS
ENSG00000290833,NA,0.019258507,0.730658673,NS
ENSG00000014164,ZC3H3,0.019112332,0.731849957,NS
ENSG00000153774,CFDP1,-0.018736629,0.731849957,NS
ENSG00000072071,ADGRL1,0.016050668,0.731870023,NS
ENSG00000060140,STYK1,0.019404048,0.732103575,NS
ENSG00000067066,SP100,-0.019228825,0.732103575,NS
ENSG00000139437,TCHP,0.019053188,0.732103575,NS
ENSG00000204186,ZDBF2,0.019476591,0.732103575,NS
ENSG00000237298,TTN-AS1,0.01903871,0.732103575,NS
ENSG00000288586,NA,0.018326286,0.732143622,NS
ENSG00000182405,PGBD4,-0.018944319,0.732272759,NS
ENSG00000213062,NA,-0.019517337,0.73239979,NS
ENSG00000089220,PEBP1,0.015820791,0.733127848,NS
ENSG00000185753,CXorf38,0.019531295,0.733127848,NS
ENSG00000196151,WDSUB1,-0.019216936,0.733127848,NS
ENSG00000138814,PPP3CA,0.01612378,0.733306355,NS
ENSG00000141858,SAMD1,-0.017378545,0.733306355,NS
ENSG00000174684,B4GAT1,-0.018653041,0.733321913,NS
ENSG00000089057,SLC23A2,0.019421028,0.733638069,NS
ENSG00000205572,SERF1B,0.018653796,0.733638069,NS
ENSG00000008838,MED24,0.017392813,0.733713364,NS
ENSG00000077380,DYNC1I2,0.017462627,0.733753726,NS
ENSG00000089060,SLC8B1,-0.01941723,0.733781417,NS
ENSG00000133597,ADCK2,-0.017571526,0.733792845,NS
ENSG00000158623,COPG2,-0.017764076,0.733792845,NS
ENSG00000130313,PGLS,-0.018943825,0.733927111,NS
ENSG00000268083,NA,-0.003674045,0.733927111,NS
ENSG00000188938,FAM120AOS,0.016956287,0.734051961,NS
ENSG00000159592,GPBP1L1,0.016835906,0.734298107,NS
ENSG00000169180,XPO6,0.015835373,0.734298107,NS
ENSG00000105497,ZNF175,0.019364421,0.734343131,NS
ENSG00000122490,SLC66A2,-0.017604449,0.734343131,NS
ENSG00000151240,DIP2C,0.018802637,0.734343131,NS
ENSG00000169129,AFAP1L2,0.018048168,0.734343131,NS
ENSG00000174775,HRAS,-0.018061151,0.734343131,NS
ENSG00000177675,CD163L1,0.016789144,0.734910165,NS
ENSG00000139800,ZIC5,-0.016958891,0.734967699,NS
ENSG00000080802,CNOT4,-0.019013436,0.734985861,NS
ENSG00000177963,RIC8A,-0.017059471,0.735052586,NS
ENSG00000173171,MTX1,-0.018310397,0.735469346,NS
ENSG00000185009,AP3M1,0.015976545,0.735528193,NS
ENSG00000156500,PABIR3,-0.018560695,0.735544693,NS
ENSG00000037241,RPL26L1,-0.018593059,0.735724153,NS
ENSG00000120137,PANK3,0.017408907,0.735772585,NS
ENSG00000230082,PRRT3-AS1,-0.018926447,0.735772585,NS
ENSG00000152223,EPG5,0.01862419,0.735863817,NS
ENSG00000010165,METTL13,0.016476222,0.736089096,NS
ENSG00000176476,SGF29,-0.019337101,0.736112047,NS
ENSG00000103507,BCKDK,0.01785237,0.736116126,NS
ENSG00000133704,IPO8,-0.017603982,0.736124607,NS
ENSG00000092108,SCFD1,-0.016996472,0.736198767,NS
ENSG00000196683,TOMM7,-0.018018926,0.736198767,NS
ENSG00000105220,GPI,-0.014984666,0.736330577,NS
ENSG00000179344,HLA-DQB1,-0.018396158,0.736330577,NS
ENSG00000204388,HSPA1B,-0.016498701,0.736540498,NS
ENSG00000079841,RIMS1,0.018156212,0.736735506,NS
ENSG00000107263,RAPGEF1,-0.017442999,0.736735506,NS
ENSG00000117859,OSBPL9,-0.018702608,0.736735506,NS
ENSG00000119661,DNAL1,0.018730137,0.736735506,NS
ENSG00000127870,RNF6,-0.01765756,0.736735506,NS
ENSG00000127884,ECHS1,-0.017711948,0.736735506,NS
ENSG00000132323,ILKAP,-0.018793958,0.736735506,NS
ENSG00000141385,AFG3L2,-0.015589964,0.736735506,NS
ENSG00000152766,ANKRD22,-0.018356788,0.736735506,NS
ENSG00000163660,CCNL1,-0.019275217,0.736735506,NS
ENSG00000196110,ZNF699,-0.018860455,0.736735506,NS
ENSG00000271425,NBPF10,-0.016983435,0.736735506,NS
ENSG00000287730,NA,0.018817219,0.736735506,NS
ENSG00000057663,ATG5,0.01807217,0.736769464,NS
ENSG00000137996,RTCA,0.016712916,0.736769464,NS
ENSG00000266469,NA,-0.017466494,0.736769464,NS
ENSG00000164066,INTU,0.019257076,0.736786796,NS
ENSG00000075391,RASAL2,-0.018916165,0.736930213,NS
ENSG00000131724,IL13RA1,0.018355069,0.737196806,NS
ENSG00000142684,ZNF593,0.019252302,0.737201443,NS
ENSG00000085185,BCORL1,-0.019219919,0.737282238,NS
ENSG00000086619,ERO1B,-0.019250862,0.737282238,NS
ENSG00000188997,KCTD21,0.018976504,0.737282238,NS
ENSG00000256663,NA,0.018597227,0.737282238,NS
ENSG00000196428,TSC22D2,0.018530977,0.737411397,NS
ENSG00000088833,NSFL1C,-0.016946794,0.737555928,NS
ENSG00000103037,SETD6,-0.019159593,0.737555928,NS
ENSG00000153485,LYSET,-0.018143496,0.737555928,NS
ENSG00000165271,NOL6,0.016185923,0.737555928,NS
ENSG00000197818,SLC9A8,0.019057322,0.737619941,NS
ENSG00000163512,AZI2,0.017826728,0.737827989,NS
ENSG00000289532,NA,-0.017248036,0.737827989,NS
ENSG00000167377,ZNF23,-0.018882221,0.738031796,NS
ENSG00000111897,SERINC1,-0.016145598,0.738196814,NS
ENSG00000135845,PIGC,0.018253491,0.738196814,NS
ENSG00000160293,VAV2,0.017851825,0.738196814,NS
ENSG00000162390,ACOT11,-0.019176898,0.738196814,NS
ENSG00000182827,ACBD3,0.01647153,0.738196814,NS
ENSG00000186416,NKRF,0.018068345,0.738196814,NS
ENSG00000198814,GK,0.018797352,0.738196814,NS
ENSG00000287780,NA,-0.017920577,0.738196814,NS
ENSG00000290763,SDHAP1,-0.018938948,0.738196814,NS
ENSG00000291202,NA,-0.018187714,0.738196814,NS
ENSG00000134352,IL6ST,-0.01687454,0.738201242,NS
ENSG00000157617,C2CD2,0.017948519,0.738201242,NS
ENSG00000271614,ATP2B1-AS1,-0.017921239,0.738496681,NS
ENSG00000153914,SREK1,0.017613573,0.738802355,NS
ENSG00000115266,APC2,-0.017463303,0.738844144,NS
ENSG00000147535,PLPP5,-0.01727733,0.738844144,NS
ENSG00000070476,ZXDC,-0.018669246,0.738947081,NS
ENSG00000112812,PRSS16,-0.018706435,0.739194156,NS
ENSG00000116221,MRPL37,0.016808466,0.739194156,NS
ENSG00000183726,TMEM50A,-0.017989754,0.739194156,NS
ENSG00000185522,LMNTD2,-0.017077662,0.739194156,NS
ENSG00000214160,ALG3,-0.017069426,0.739194156,NS
ENSG00000221916,C19orf73,-0.017564843,0.739194156,NS
ENSG00000282221,NA,0.019085155,0.739194156,NS
ENSG00000290720,ZNF542P,0.017583253,0.739194156,NS
ENSG00000293161,NA,0.018326929,0.739194156,NS
ENSG00000117877,POLR1G,0.018187657,0.739240627,NS
ENSG00000138600,SPPL2A,0.017505958,0.739240627,NS
ENSG00000139343,SNRPF,0.01766141,0.739240627,NS
ENSG00000188483,IER5L,-0.019103762,0.739240627,NS
ENSG00000198382,UVRAG,-0.018904907,0.739240627,NS
ENSG00000214389,RPS3AP26,-0.013453177,0.739240627,NS
ENSG00000276570,NA,-0.017050488,0.739240627,NS
ENSG00000160957,RECQL4,0.017967781,0.739333502,NS
ENSG00000108861,DUSP3,-0.017266039,0.739537651,NS
ENSG00000122970,IFT81,0.018453662,0.739568371,NS
ENSG00000234851,RPL23AP42,0.01885351,0.739585116,NS
ENSG00000180818,HOXC10,0.018130833,0.739744849,NS
ENSG00000213619,NDUFS3,-0.017006732,0.739847552,NS
ENSG00000179981,TSHZ1,-0.01851519,0.740000212,NS
ENSG00000157181,ODR4,-0.018465206,0.740045647,NS
ENSG00000172009,THOP1,-0.017178831,0.740045647,NS
ENSG00000049089,COL9A2,-0.018412034,0.740316411,NS
ENSG00000169446,MMGT1,0.017621731,0.740316411,NS
ENSG00000052749,RRP12,-0.016465582,0.74056403,NS
ENSG00000082805,ERC1,0.018511612,0.74056403,NS
ENSG00000120925,RNF170,0.01846425,0.74056403,NS
ENSG00000122707,RECK,0.018833953,0.74056403,NS
ENSG00000124786,SLC35B3,-0.018986074,0.74056403,NS
ENSG00000131503,ANKHD1,0.016746085,0.74056403,NS
ENSG00000141522,ARHGDIA,-0.015676195,0.74056403,NS
ENSG00000146232,NFKBIE,-0.018445277,0.74056403,NS
ENSG00000147601,TERF1,0.017744788,0.74056403,NS
ENSG00000164010,ERMAP,0.018932364,0.74056403,NS
ENSG00000165325,DEUP1,0.016929169,0.74056403,NS
ENSG00000166734,GOLM2,0.016916784,0.74056403,NS
ENSG00000175634,RPS6KB2,-0.016914405,0.74056403,NS
ENSG00000183067,IGSF5,-0.016650412,0.74056403,NS
ENSG00000187713,TMEM203,-0.017643064,0.74056403,NS
ENSG00000198626,RYR2,0.018982599,0.74056403,NS
ENSG00000204947,ZNF425,-0.018903679,0.74056403,NS
ENSG00000224032,EPB41L4A-AS1,-0.018844902,0.74056403,NS
ENSG00000272667,NA,-0.017554215,0.74056403,NS
ENSG00000274349,ZNF658,-0.018965589,0.74056403,NS
ENSG00000310527,WASH9P,-0.018959996,0.74056403,NS
ENSG00000213085,CFAP45,0.017606637,0.740940104,NS
ENSG00000278903,NA,-0.010593649,0.741010777,NS
ENSG00000100299,ARSA,-0.018955471,0.741045548,NS
ENSG00000241399,CD302,-0.018813625,0.741045548,NS
ENSG00000289929,NA,-0.017301963,0.741045548,NS
ENSG00000114805,PLCH1,0.018947984,0.741064852,NS
ENSG00000125912,NCLN,-0.015890237,0.741885849,NS
ENSG00000138385,SSB,-0.014715298,0.741885849,NS
ENSG00000146205,ANO7,0.017995485,0.741885849,NS
ENSG00000156521,TYSND1,-0.016455493,0.741885849,NS
ENSG00000164885,CDK5,-0.018074755,0.741885849,NS
ENSG00000171202,TMEM126A,-0.018510315,0.741885849,NS
ENSG00000186812,ZNF397,-0.018345534,0.741885849,NS
ENSG00000188647,PTAR1,0.018403283,0.741885849,NS
ENSG00000214530,STARD10,-0.018086699,0.741885849,NS
ENSG00000131148,EMC8,0.018221825,0.742485133,NS
ENSG00000270882,H4C14,-0.009688872,0.742485133,NS
ENSG00000169371,SNUPN,-0.017942841,0.742540055,NS
ENSG00000228812,LAMA5-AS1,-0.018830393,0.742540055,NS
ENSG00000159069,FBXW5,-0.016021867,0.742673719,NS
ENSG00000138002,IFT172,-0.018305461,0.742758059,NS
ENSG00000261652,PIERCE2,0.017037124,0.742758059,NS
ENSG00000107223,EDF1,-0.016786215,0.742830751,NS
ENSG00000170324,FRMPD2,0.018697776,0.742830751,NS
ENSG00000068394,GPKOW,-0.018387056,0.743093778,NS
ENSG00000100418,DESI1,0.017562894,0.743093778,NS
ENSG00000148606,POLR3A,-0.017049074,0.743093778,NS
ENSG00000197863,ZNF790,-0.018510591,0.743125087,NS
ENSG00000293623,NA,-0.01681565,0.743125087,NS
ENSG00000303877,NA,0.017960087,0.743125087,NS
ENSG00000115561,CHMP3,-0.017455224,0.743347524,NS
ENSG00000112651,MRPL2,-0.018140339,0.743486351,NS
ENSG00000231528,FAM225A,0.007891235,0.743491424,NS
ENSG00000136295,TTYH3,0.016739157,0.743494461,NS
ENSG00000267309,ZNF566-AS1,-0.018371698,0.74442909,NS
ENSG00000137054,POLR1E,0.016967948,0.744466603,NS
ENSG00000139405,RITA1,-0.017342361,0.744466603,NS
ENSG00000168286,THAP11,0.018036239,0.744466603,NS
ENSG00000243660,ZNF487,-0.017051896,0.74449308,NS
ENSG00000176055,MBLAC2,0.017493767,0.745100046,NS
ENSG00000099203,TMED1,-0.018121561,0.745460429,NS
ENSG00000249572,TARS1-DT,-0.018730721,0.745460429,NS
ENSG00000164402,SEPTIN8,-0.017178587,0.745473969,NS
ENSG00000067167,TRAM1,0.015695494,0.745492637,NS
ENSG00000078246,TULP3,0.018163852,0.745492637,NS
ENSG00000134698,AGO4,-0.018367809,0.745492637,NS
ENSG00000137411,VARS2,-0.017195447,0.745492637,NS
ENSG00000176974,SHMT1,0.015940101,0.745492637,NS
ENSG00000179630,LACC1,-0.017791143,0.745492637,NS
ENSG00000230091,TMEM254-AS1,0.018714897,0.745531621,NS
ENSG00000135040,NAA35,-0.017193577,0.745566839,NS
ENSG00000148154,UGCG,0.018391852,0.745566839,NS
ENSG00000224877,NDUFAF8,0.017672391,0.745566839,NS
ENSG00000084112,SSH1,0.017206892,0.745648173,NS
ENSG00000111364,DDX55,-0.018079824,0.745648173,NS
ENSG00000145284,SCD5,-0.018677686,0.745648173,NS
ENSG00000185033,SEMA4B,-0.018546002,0.745648173,NS
ENSG00000198663,C6orf89,0.016428951,0.745648173,NS
ENSG00000172936,MYD88,0.017235021,0.746645655,NS
ENSG00000180917,CMTR2,0.01799864,0.746645655,NS
ENSG00000309174,NA,0.018660531,0.746645655,NS
ENSG00000259522,NA,0.016198728,0.746875079,NS
ENSG00000117242,PINK1-AS,-0.018202044,0.746942153,NS
ENSG00000162814,SPATA17,-0.015803482,0.746942153,NS
ENSG00000247516,MIR4458HG,0.018482232,0.746942153,NS
ENSG00000048342,CC2D2A,-0.01861601,0.747042062,NS
ENSG00000272750,NA,-0.016323286,0.747042062,NS
ENSG00000124466,LYPD3,-0.017048954,0.747048836,NS
ENSG00000152382,TADA1,0.017937631,0.747257935,NS
ENSG00000170464,DNAJC18,-0.018574108,0.747392255,NS
ENSG00000120697,ALG5,0.018522728,0.747470237,NS
ENSG00000169499,PLEKHA2,-0.017471545,0.747488504,NS
ENSG00000162769,FLVCR1,-0.01665243,0.747516685,NS
ENSG00000165983,PTER,-0.017969327,0.747534973,NS
ENSG00000221926,TRIM16,0.017620694,0.747534973,NS
ENSG00000105613,MAST1,-0.016968722,0.747550567,NS
ENSG00000111581,NUP107,0.016673202,0.747564111,NS
ENSG00000007541,PIGQ,-0.017842695,0.747873361,NS
ENSG00000123636,BAZ2B,-0.017622552,0.747873361,NS
ENSG00000160294,MCM3AP,0.016197121,0.747873361,NS
ENSG00000169062,UPF3A,-0.018396598,0.747873361,NS
ENSG00000170011,MYRIP,-0.017925983,0.747873361,NS
ENSG00000186523,FAM86B1,0.018549369,0.747873361,NS
ENSG00000189298,ZKSCAN3,0.017789454,0.747873361,NS
ENSG00000214106,PAXIP1-AS2,-0.018561429,0.747873361,NS
ENSG00000269834,ZNF528-AS1,-0.018314335,0.747873361,NS
ENSG00000272086,GOLPH3-DT,-0.018001332,0.747873361,NS
ENSG00000141699,RETREG3,0.017827088,0.74790203,NS
ENSG00000160563,MED27,0.018205353,0.74790203,NS
ENSG00000198198,SZT2,-0.018212727,0.74790203,NS
ENSG00000102078,SLC25A14,-0.018543691,0.748020495,NS
ENSG00000131381,RBSN,0.017937751,0.748136457,NS
ENSG00000149084,HSD17B12,0.017571306,0.748317979,NS
ENSG00000052723,SIKE1,0.017141755,0.748320587,NS
ENSG00000109680,TBC1D19,-0.018326996,0.748320587,NS
ENSG00000267886,NA,0.015580586,0.748320587,NS
ENSG00000290840,XGY2,-0.017483689,0.748320587,NS
ENSG00000105063,PPP6R1,-0.01646326,0.74841557,NS
ENSG00000109917,ZPR1,-0.017433753,0.74841557,NS
ENSG00000122299,ZC3H7A,0.017781479,0.74841557,NS
ENSG00000133640,LRRIQ1,0.015820021,0.74841557,NS
ENSG00000135540,NHSL1,0.018494609,0.74841557,NS
ENSG00000168288,MMADHC,0.016240856,0.74841557,NS
ENSG00000172339,ALG14,-0.01839945,0.74841557,NS
ENSG00000180884,ZNF792,0.018378026,0.74841557,NS
ENSG00000183207,RUVBL2,-0.016165516,0.74841557,NS
ENSG00000204745,NA,0.017780595,0.74841557,NS
ENSG00000213904,LIPE-AS1,0.017118513,0.74841557,NS
ENSG00000224271,EPIC1,0.016902213,0.74841557,NS
ENSG00000262879,NA,-0.017548214,0.74841557,NS
ENSG00000273702,NA,-0.018429934,0.74841557,NS
ENSG00000287692,NA,0.016688298,0.74841557,NS
ENSG00000179304,FAM156B,0.013561198,0.748460172,NS
ENSG00000182973,CNOT10,0.017115011,0.748659985,NS
ENSG00000240889,NDUFB2-AS1,-0.015467458,0.748878678,NS
ENSG00000001631,KRIT1,-0.017750633,0.748893469,NS
ENSG00000112183,RBM24,0.017552301,0.748893469,NS
ENSG00000260360,NA,-0.016121283,0.748893469,NS
ENSG00000206075,SERPINB5,-0.018430873,0.749128592,NS
ENSG00000113649,TCERG1,0.017503116,0.749306123,NS
ENSG00000073803,MAP3K13,-0.016791222,0.749379996,NS
ENSG00000141428,C18orf21,-0.018296036,0.749379996,NS
ENSG00000167900,TK1,0.016482391,0.749394679,NS
ENSG00000203705,TATDN3,0.017143865,0.749394679,NS
ENSG00000290868,CSAG4,-0.015174817,0.749836888,NS
ENSG00000112167,SAYSD1,0.017507899,0.74985188,NS
ENSG00000251562,MALAT1,0.015896607,0.749988819,NS
ENSG00000127528,KLF2,0.016406496,0.750235868,NS
ENSG00000229809,ZNF688,-0.01772923,0.750658927,NS
ENSG00000291208,NA,0.015924902,0.751012293,NS
ENSG00000099795,NDUFB7,-0.01702352,0.751464686,NS
ENSG00000101574,METTL4,0.018290733,0.751464686,NS
ENSG00000112357,PEX7,-0.018226693,0.751464686,NS
ENSG00000169813,HNRNPF,0.013357395,0.751464686,NS
ENSG00000178412,CTDP1-DT,-0.018164679,0.751464686,NS
ENSG00000196646,ZNF136,0.018311739,0.751464686,NS
ENSG00000198792,TMEM184B,-0.016981044,0.751464686,NS
ENSG00000227953,LINC01341,0.018250513,0.751464686,NS
ENSG00000265808,SEC22B,-0.015320803,0.751464686,NS
ENSG00000267767,LINC01801,-0.017236953,0.751464686,NS
ENSG00000285458,C4orf36,0.015386388,0.751464686,NS
ENSG00000290712,DSTNP2,-0.016392534,0.751464686,NS
ENSG00000126767,ELK1,0.016451151,0.751659113,NS
ENSG00000135972,MRPS9,0.017268578,0.751659113,NS
ENSG00000101337,TM9SF4,0.016269168,0.751718976,NS
ENSG00000256053,COA8,-0.017690644,0.75210209,NS
ENSG00000126768,TIMM17B,-0.017200954,0.752306903,NS
ENSG00000146576,INTS15,-0.017685762,0.752306903,NS
ENSG00000186625,KATNA1,0.018061323,0.752306903,NS
ENSG00000140386,SCAPER,-0.018282932,0.752310437,NS
ENSG00000197766,CFD,-0.017559953,0.752742931,NS
ENSG00000246889,CTTN-DT,0.01631738,0.752742931,NS
ENSG00000112658,SRF,0.01655265,0.753034375,NS
ENSG00000255224,NA,-0.017940092,0.75306299,NS
ENSG00000293317,ZNF702P,0.018250024,0.75306299,NS
ENSG00000105738,SIPA1L3,0.017613262,0.753133022,NS
ENSG00000214046,SMIM7,-0.016958019,0.753214141,NS
ENSG00000144647,POMGNT2,-0.017758377,0.754014299,NS
ENSG00000101347,SAMHD1,-0.016652907,0.754099017,NS
ENSG00000160408,ST6GALNAC6,-0.017997373,0.754099017,NS
ENSG00000179886,TIGD5,-0.017848686,0.754099017,NS
ENSG00000247828,TMEM161B-DT,-0.018114729,0.754331091,NS
ENSG00000042317,SPATA7,0.01808772,0.754377745,NS
ENSG00000129933,MAU2,-0.016996851,0.754377745,NS
ENSG00000158315,RHBDL2,0.016116793,0.755004707,NS
ENSG00000178952,TUFM,-0.015540829,0.755498778,NS
ENSG00000260643,NA,-0.018152338,0.755658439,NS
ENSG00000177337,DLGAP1-AS1,-0.016031025,0.755821486,NS
ENSG00000104976,SNAPC2,0.017620814,0.755933415,NS
ENSG00000116212,LRRC42,-0.017324738,0.755933415,NS
ENSG00000174720,LARP7,-0.016958171,0.755933415,NS
ENSG00000145675,PIK3R1,0.016259305,0.75593388,NS
ENSG00000104381,GDAP1,-0.017821191,0.755973892,NS
ENSG00000143862,ARL8A,-0.017242567,0.756036421,NS
ENSG00000168813,ZNF507,0.017589841,0.756036421,NS
ENSG00000226383,LINC01876,0.017849363,0.756125315,NS
ENSG00000109205,ODAM,0.017549241,0.756185092,NS
ENSG00000122643,NT5C3A,0.018019415,0.756185092,NS
ENSG00000123143,PKN1,-0.014736694,0.756185092,NS
ENSG00000156531,PHF6,0.017124493,0.756185092,NS
ENSG00000174446,SNAPC5,-0.017695609,0.756185092,NS
ENSG00000196911,KPNA5,0.018081357,0.756185092,NS
ENSG00000226453,LINC02542,0.017383929,0.756185092,NS
ENSG00000242852,ZNF709,0.016906676,0.756185092,NS
ENSG00000243317,STMP1,-0.016376817,0.756185092,NS
ENSG00000260916,CCPG1,0.017237116,0.756185092,NS
ENSG00000165312,OTUD1,0.017984001,0.756357136,NS
ENSG00000090989,EXOC1,-0.017975828,0.7564034,NS
ENSG00000137509,PRCP,-0.016629458,0.7564034,NS
ENSG00000139835,GRTP1,0.017871754,0.7564034,NS
ENSG00000162241,SLC25A45,-0.01804049,0.7564034,NS
ENSG00000167196,FBXO22,0.016642383,0.7564034,NS
ENSG00000196943,NOP9,0.015859033,0.7564034,NS
ENSG00000213189,BTF3L4P2,-0.01776647,0.7564034,NS
ENSG00000110723,EXPH5,0.017984409,0.756611952,NS
ENSG00000111300,NAA25,0.016354347,0.756611952,NS
ENSG00000174177,CTU2,-0.017995929,0.756611952,NS
ENSG00000197302,KRBOX5,-0.018004548,0.756611952,NS
ENSG00000198171,DDRGK1,0.016012372,0.756611952,NS
ENSG00000243678,NME2,-0.016646032,0.756611952,NS
ENSG00000268902,CSAG2,-0.017862532,0.756611952,NS
ENSG00000101608,MYL12A,0.016431999,0.756850589,NS
ENSG00000065665,SEC61A2,-0.017982651,0.757139663,NS
ENSG00000126214,KLC1,-0.016435425,0.757139663,NS
ENSG00000147118,ZNF182,-0.01688099,0.757139663,NS
ENSG00000166478,ZNF143,0.017190629,0.757139663,NS
ENSG00000169598,DFFB,-0.017908743,0.757139663,NS
ENSG00000176182,MYPOP,-0.017751298,0.757139663,NS
ENSG00000289838,NA,-0.01564721,0.757139663,NS
ENSG00000101695,RNF125,0.017988861,0.757438412,NS
ENSG00000164062,APEH,-0.014421236,0.757438412,NS
ENSG00000288920,RPSA2,-0.015530312,0.757438412,NS
ENSG00000031691,CENPQ,0.01783713,0.757498904,NS
ENSG00000039523,RIPOR1,0.01647307,0.757498904,NS
ENSG00000043514,TRIT1,-0.017364858,0.757498904,NS
ENSG00000104611,SH2D4A,0.016775969,0.757498904,NS
ENSG00000115042,FAHD2A,-0.017906227,0.757498904,NS
ENSG00000119965,C10orf88,0.017951399,0.757498904,NS
ENSG00000125447,GGA3,-0.017466142,0.757498904,NS
ENSG00000125741,OPA3,-0.017645785,0.757498904,NS
ENSG00000134987,WDR36,0.016847522,0.757498904,NS
ENSG00000140153,WDR20,0.01766206,0.757498904,NS
ENSG00000145293,ENOPH1,0.015444525,0.757498904,NS
ENSG00000145623,OSMR,-0.017758806,0.757498904,NS
ENSG00000148450,MSRB2,-0.017835287,0.757498904,NS
ENSG00000155792,DEPTOR,-0.017831698,0.757498904,NS
ENSG00000160404,TOR2A,0.0178247,0.757498904,NS
ENSG00000160439,RDH13,0.016989819,0.757498904,NS
ENSG00000163481,RNF25,-0.017849024,0.757498904,NS
ENSG00000176714,CCDC121,0.017891249,0.757498904,NS
ENSG00000177595,PIDD1,-0.017929627,0.757498904,NS
ENSG00000197121,PGAP1,-0.017816047,0.757498904,NS
ENSG00000204104,TRAF3IP1,0.017372303,0.757498904,NS
ENSG00000213866,YBX1P10,-0.014993118,0.757498904,NS
ENSG00000260572,PPM1L-DT,-0.014943431,0.757498904,NS
ENSG00000262049,NA,-0.017914288,0.757498904,NS
ENSG00000278677,H2AC17,0.015553258,0.757498904,NS
ENSG00000064547,LPAR2,-0.0176647,0.757607526,NS
ENSG00000070718,AP3M2,-0.017062194,0.757607526,NS
ENSG00000101152,DNAJC5,-0.01496939,0.757607526,NS
ENSG00000107104,KANK1,-0.017880064,0.757607526,NS
ENSG00000113460,BRIX1,0.016141741,0.757607526,NS
ENSG00000132128,LRRC41,0.01498129,0.757607526,NS
ENSG00000134243,SORT1,-0.017302046,0.757607526,NS
ENSG00000138246,DNAJC13,-0.016848123,0.757607526,NS
ENSG00000138867,GUCD1,0.014569627,0.757607526,NS
ENSG00000148335,NTMT1,0.016627172,0.757607526,NS
ENSG00000162227,TAF6L,-0.017290573,0.757607526,NS
ENSG00000163931,TKT,-0.014450951,0.757607526,NS
ENSG00000173611,SCAI,-0.017895288,0.757607526,NS
ENSG00000233006,MIR3936HG,-0.016844664,0.757607526,NS
ENSG00000233593,LINC02609,-0.017697932,0.757607526,NS
ENSG00000235109,ZSCAN31,0.016355072,0.757607526,NS
ENSG00000243335,KCTD7,-0.017868937,0.757607526,NS
ENSG00000261094,NA,-0.017762097,0.757607526,NS
ENSG00000261971,MMP25-AS1,-0.017347151,0.757607526,NS
ENSG00000275494,NA,-0.016838885,0.757607526,NS
ENSG00000298130,NA,-0.017164662,0.757607526,NS
ENSG00000167986,DDB1,0.014627643,0.757755159,NS
ENSG00000232838,PET117,-0.017776904,0.757924097,NS
ENSG00000001629,ANKIB1,0.016685528,0.758039986,NS
ENSG00000143761,ARF1,0.014618921,0.758039986,NS
ENSG00000167272,POP5,-0.017177167,0.758039986,NS
ENSG00000178229,ZNF543,0.017657933,0.758039986,NS
ENSG00000188868,ZNF563,0.017104642,0.758039986,NS
ENSG00000228474,OST4,-0.016610218,0.758039986,NS
ENSG00000143479,DYRK3,-0.017789951,0.75804855,NS
ENSG00000175344,CHRNA7,0.015481833,0.75804855,NS
ENSG00000117139,KDM5B,-0.016036932,0.758167445,NS
ENSG00000160785,SLC25A44,-0.016389084,0.758167445,NS
ENSG00000104312,RIPK2,-0.017222465,0.758464533,NS
ENSG00000055208,TAB2,0.01662256,0.758477684,NS
ENSG00000131943,C19orf12,-0.017299362,0.758477684,NS
ENSG00000290397,NA,-0.01759283,0.758479871,NS
ENSG00000101421,CHMP4B,-0.016436999,0.758557217,NS
ENSG00000154781,CCDC174,0.01772793,0.758557217,NS
ENSG00000256806,C17orf100,0.017004464,0.758557217,NS
ENSG00000047579,DTNBP1,-0.01777253,0.758667752,NS
ENSG00000048544,MRPS10,0.017010242,0.758667752,NS
ENSG00000073150,PANX2,-0.017788219,0.758667752,NS
ENSG00000182372,CLN8,-0.016866458,0.758667752,NS
ENSG00000186666,BCDIN3D,-0.01753324,0.758667752,NS
ENSG00000269955,FMC1-LUC7L2,-0.017101102,0.758667752,NS
ENSG00000054965,FAM168A,-0.015977757,0.758818987,NS
ENSG00000104953,TLE6,-0.017744335,0.758818987,NS
ENSG00000128578,STRIP2,-0.017718358,0.758818987,NS
ENSG00000129657,SEC14L1,0.016583003,0.758818987,NS
ENSG00000140025,EFCAB11,0.017719236,0.758818987,NS
ENSG00000142871,CCN1,-0.017759075,0.758818987,NS
ENSG00000143207,COP1,-0.016351613,0.758818987,NS
ENSG00000147065,MSN,0.016091841,0.758818987,NS
ENSG00000167657,DAPK3,-0.016767753,0.758818987,NS
ENSG00000173914,RBM4B,-0.017288065,0.758818987,NS
ENSG00000180957,PITPNB,0.016476266,0.758818987,NS
ENSG00000196458,ZNF605,-0.017116607,0.758818987,NS
ENSG00000196588,MRTFA,0.01769361,0.758818987,NS
ENSG00000197363,ZNF517,-0.016944537,0.758818987,NS
ENSG00000198046,ZNF667,0.017620131,0.758818987,NS
ENSG00000198917,SPOUT1,-0.016187467,0.758818987,NS
ENSG00000225630,MTND2P28,0.016618075,0.758818987,NS
ENSG00000256664,NA,0.017077954,0.758818987,NS
ENSG00000278834,NA,-0.017602865,0.758818987,NS
ENSG00000125089,SH3TC1,-0.016096329,0.758887178,NS
ENSG00000128039,SRD5A3,-0.016607783,0.758887178,NS
ENSG00000168003,SLC3A2,-0.014340236,0.758887178,NS
ENSG00000177370,TIMM22,0.016612577,0.758887178,NS
ENSG00000203497,PDCD4-AS1,-0.016310547,0.758887178,NS
ENSG00000166848,TERF2IP,0.015633826,0.758938016,NS
ENSG00000176371,ZSCAN2,-0.017712208,0.758938016,NS
ENSG00000244184,PELP1-DT,-0.015490071,0.759080962,NS
ENSG00000070882,OSBPL3,0.017645259,0.75920809,NS
ENSG00000083290,ULK2,-0.017189278,0.75920809,NS
ENSG00000111666,CHPT1,-0.014481499,0.75920809,NS
ENSG00000154240,CEP112,-0.017371816,0.75920809,NS
ENSG00000158292,GPR153,-0.017115234,0.75920809,NS
ENSG00000167925,GHDC,-0.017684151,0.75920809,NS
ENSG00000168806,LCMT2,0.017118167,0.75920809,NS
ENSG00000173846,PLK3,-0.017455792,0.75920809,NS
ENSG00000230658,KLHL7-DT,-0.016141203,0.75920809,NS
ENSG00000076248,UNG,-0.014807382,0.759501745,NS
ENSG00000103423,DNAJA3,-0.014759926,0.759501745,NS
ENSG00000116095,PLEKHA3,0.017276243,0.759501745,NS
ENSG00000135387,CAPRIN1,0.013608576,0.759501745,NS
ENSG00000143368,SF3B4,-0.016266424,0.759501745,NS
ENSG00000160813,PPP1R35,-0.017589042,0.759501745,NS
ENSG00000186300,ZNF555,-0.014940653,0.759501745,NS
ENSG00000266967,AARSD1,0.016917186,0.759524793,NS
ENSG00000267520,NA,-0.014881333,0.759524793,NS
ENSG00000161914,ZNF653,0.017495969,0.759540625,NS
ENSG00000070756,PABPC1,0.015728367,0.760132739,NS
ENSG00000143575,HAX1,0.015457416,0.760132739,NS
ENSG00000159208,CIART,0.01757845,0.760132739,NS
ENSG00000226889,ATF6-DT,-0.0176167,0.760132739,NS
ENSG00000114423,CBLB,0.017611305,0.760158605,NS
ENSG00000171928,TVP23B,0.016103283,0.760158605,NS
ENSG00000256087,ZNF432,0.017467403,0.760158605,NS
ENSG00000165637,VDAC2,-0.015098853,0.760355794,NS
ENSG00000118402,ELOVL4,-0.015965196,0.760359273,NS
ENSG00000140319,SRP14,-0.015576696,0.760359273,NS
ENSG00000163832,ELP6,0.016453059,0.760359273,NS
ENSG00000231768,LINC01354,-0.015643679,0.760359273,NS
ENSG00000282393,NA,-0.017047527,0.760359273,NS
ENSG00000101751,POLI,-0.017431559,0.760385683,NS
ENSG00000155330,C16orf87,0.017430805,0.760385683,NS
ENSG00000261071,NA,-0.017584704,0.760385683,NS
ENSG00000114125,RNF7,-0.016343827,0.760417541,NS
ENSG00000107902,LHPP,-0.016853768,0.760478214,NS
ENSG00000065548,ZC3H15,0.015258355,0.760494279,NS
ENSG00000213742,ZNF337-AS1,0.01753908,0.760494279,NS
ENSG00000153531,ADPRHL1,-0.017524077,0.760585317,NS
ENSG00000163584,RPL22L1,-0.016108147,0.760585317,NS
ENSG00000174021,GNG5,-0.016662909,0.760585317,NS
ENSG00000173559,NABP1,-0.017501272,0.760653693,NS
ENSG00000152454,ZNF256,0.017510118,0.760977193,NS
ENSG00000142751,GPN2,-0.017229138,0.761295674,NS
ENSG00000102241,HTATSF1,0.015097141,0.761356838,NS
ENSG00000158019,BABAM2,-0.016627246,0.761356838,NS
ENSG00000112425,EPM2A,0.01748124,0.761686257,NS
ENSG00000135111,TBX3,0.014999124,0.761686257,NS
ENSG00000142188,TMEM50B,-0.015924549,0.761686257,NS
ENSG00000144655,CSRNP1,0.017233647,0.761686257,NS
ENSG00000132740,IGHMBP2,-0.017307786,0.76184825,NS
ENSG00000160703,NLRX1,-0.016538202,0.762007699,NS
ENSG00000172053,QARS1,0.014166984,0.762007699,NS
ENSG00000198853,RUSC2,-0.017439859,0.762007699,NS
ENSG00000151779,NBAS,0.017188713,0.762023124,NS
ENSG00000001617,SEMA3F,-0.016880481,0.762379845,NS
ENSG00000066027,PPP2R5A,-0.015819849,0.762379845,NS
ENSG00000082701,GSK3B,0.01552929,0.762379845,NS
ENSG00000092094,OSGEP,-0.016889372,0.762379845,NS
ENSG00000243477,NAA80,-0.017345344,0.762379845,NS
ENSG00000273679,NA,0.016411659,0.762379845,NS
ENSG00000281649,EBLN3P,0.016347759,0.762379845,NS
ENSG00000066827,ZFAT,0.017454362,0.762486944,NS
ENSG00000279602,NA,0.015091374,0.762486944,NS
ENSG00000169016,E2F6,-0.017029216,0.762986216,NS
ENSG00000110090,CPT1A,0.015288761,0.763152578,NS
ENSG00000068024,HDAC4,0.017405423,0.763194042,NS
ENSG00000148057,IDNK,-0.01691716,0.763194042,NS
ENSG00000196812,ZSCAN16,-0.016867613,0.763194042,NS
ENSG00000118690,ARMC2,-0.015273621,0.763303087,NS
ENSG00000145029,NICN1,-0.016426448,0.763303087,NS
ENSG00000115486,GGCX,-0.016464905,0.763808964,NS
ENSG00000124523,SIRT5,0.017293553,0.763808964,NS
ENSG00000130202,NECTIN2,0.016898278,0.763808964,NS
ENSG00000143375,CGN,0.016847967,0.763808964,NS
ENSG00000151466,SCLT1,0.017296239,0.763808964,NS
ENSG00000161513,FDXR,0.016608427,0.763808964,NS
ENSG00000178694,NSUN3,0.017168034,0.763808964,NS
ENSG00000178950,GAK,-0.016128818,0.763808964,NS
ENSG00000180423,HARBI1,-0.017182528,0.763808964,NS
ENSG00000186283,TOR3A,0.015350497,0.763808964,NS
ENSG00000271741,NA,0.016460745,0.763808964,NS
ENSG00000083535,PIBF1,0.015814914,0.763816524,NS
ENSG00000145414,NAF1,0.017198887,0.763816524,NS
ENSG00000164002,EXO5,-0.017299849,0.763816524,NS
ENSG00000229117,RPL41,-0.01735773,0.763816524,NS
ENSG00000261804,NA,-0.017359151,0.763816524,NS
ENSG00000291181,FGF7P3,-0.017288703,0.763816524,NS
ENSG00000073417,PDE8A,0.017006566,0.764026271,NS
ENSG00000088367,EPB41L1,-0.016055268,0.764026271,NS
ENSG00000089682,RBM41,0.017119421,0.764026271,NS
ENSG00000108395,TRIM37,0.015457914,0.764026271,NS
ENSG00000143450,OAZ3,-0.017320265,0.764026271,NS
ENSG00000156253,RWDD2B,-0.017331433,0.764026271,NS
ENSG00000157778,PSMG3,-0.016136716,0.764026271,NS
ENSG00000198131,ZNF544,0.015977651,0.764026271,NS
ENSG00000225793,TMEM30A-DT,-0.01504613,0.764026271,NS
ENSG00000235314,LINC00957,-0.017044511,0.764026271,NS
ENSG00000239900,ADSL,0.015470999,0.764026271,NS
ENSG00000256060,TRAPPC2B,0.017315641,0.764026271,NS
ENSG00000293600,NA,0.015095967,0.764026271,NS
ENSG00000289065,NA,-0.014939088,0.764135045,NS
ENSG00000287574,NA,0.014448696,0.764254776,NS
ENSG00000141527,CARD14,-0.017281652,0.764254988,NS
ENSG00000131475,VPS25,-0.015891183,0.764460487,NS
ENSG00000137970,RPL7P9,-0.015836718,0.764876544,NS
ENSG00000100911,PSME2,0.016306765,0.764967469,NS
ENSG00000119574,ZBTB45,0.01725442,0.764967469,NS
ENSG00000158604,TMED4,-0.014905296,0.764967469,NS
ENSG00000278311,GGNBP2,-0.015514624,0.765155668,NS
ENSG00000085982,USP40,0.015825554,0.7651932,NS
ENSG00000103343,ZNF174,0.017131366,0.7651932,NS
ENSG00000114383,TUSC2,0.016371475,0.7651932,NS
ENSG00000124228,DDX27,-0.015262964,0.7651932,NS
ENSG00000133243,BTBD2,-0.014422776,0.7651932,NS
ENSG00000135823,STX6,0.015255211,0.7651932,NS
ENSG00000144857,BOC,-0.015851872,0.7651932,NS
ENSG00000148296,SURF6,0.015534186,0.7651932,NS
ENSG00000154545,MAGED4,-0.011650218,0.7651932,NS
ENSG00000185864,NPIPB4,-0.01600054,0.7651932,NS
ENSG00000189180,ZNF33A,0.016647258,0.7651932,NS
ENSG00000279348,NA,0.01510795,0.7651932,NS
ENSG00000289043,NA,0.015046683,0.7651932,NS
ENSG00000290717,ZNF658B,-0.017219909,0.7651932,NS
ENSG00000116151,MORN1,-0.017217948,0.765250626,NS
ENSG00000120159,CAAP1,-0.016535263,0.765343766,NS
ENSG00000068323,TFE3,-0.015559454,0.765772005,NS
ENSG00000108788,MLX,-0.015145525,0.765772005,NS
ENSG00000115762,PLEKHB2,0.013954161,0.765772005,NS
ENSG00000125637,PSD4,-0.0154088,0.765772005,NS
ENSG00000150995,ITPR1,0.01709614,0.765772005,NS
ENSG00000198755,RPL10A,-0.015205496,0.765772005,NS
ENSG00000099958,DERL3,0.016041686,0.766084233,NS
ENSG00000104177,MYEF2,0.016634799,0.766202173,NS
ENSG00000144120,TMEM177,0.016991883,0.766202173,NS
ENSG00000166484,MAPK7,-0.01714751,0.766202173,NS
ENSG00000186814,ZSCAN30,-0.017153739,0.766202173,NS
ENSG00000204256,BRD2,-0.014189947,0.766202173,NS
ENSG00000226085,UQCRFS1P1,-0.016956974,0.766202173,NS
ENSG00000246560,UBE2D3-AS1,-0.015170295,0.766202173,NS
ENSG00000275395,FCGBP,-0.017145628,0.766202173,NS
ENSG00000308747,NA,0.014881664,0.766202173,NS
ENSG00000151881,TMEM267,0.016747341,0.766307612,NS
ENSG00000197620,EOLA1,-0.017021716,0.766307612,NS
ENSG00000167985,SDHAF2,-0.016487941,0.766314162,NS
ENSG00000103226,NOMO3,-0.01637521,0.766508197,NS
ENSG00000107625,DDX50,0.015637075,0.766508197,NS
ENSG00000170604,IRF2BP1,-0.016328826,0.766508197,NS
ENSG00000172409,CLP1,0.017081967,0.766508197,NS
ENSG00000279088,NA,-0.017035525,0.766508197,NS
ENSG00000082996,RNF13,0.016428155,0.766608525,NS
ENSG00000102967,DHODH,0.016489417,0.766608525,NS
ENSG00000137154,RPS6,-0.015367388,0.766608525,NS
ENSG00000184983,NDUFA6,-0.016120898,0.766608525,NS
ENSG00000092445,TYRO3,-0.016515379,0.766749734,NS
ENSG00000258017,TUBA1B-AS1,0.015754198,0.766987183,NS
ENSG00000151148,UBE3B,-0.015961499,0.766995617,NS
ENSG00000123562,MORF4L2,-0.013745029,0.767159265,NS
ENSG00000157306,ZFHX2-AS1,0.0146035,0.76725575,NS
ENSG00000100300,TSPO,-0.015785662,0.767285758,NS
ENSG00000115267,IFIH1,0.017080155,0.767285758,NS
ENSG00000082512,TRAF5,0.01530941,0.767355167,NS
ENSG00000237330,RNF223,-0.016005195,0.767355167,NS
ENSG00000125821,DTD1,-0.016173292,0.767390385,NS
ENSG00000165801,ARHGEF40,-0.017073332,0.767390385,NS
ENSG00000248592,STIMATE-MUSTN1,-0.016707524,0.767390385,NS
ENSG00000159905,ZNF221,-0.014529316,0.767496749,NS
ENSG00000054148,PHPT1,-0.015608066,0.767785194,NS
ENSG00000134575,ACP2,-0.016223068,0.768126014,NS
ENSG00000179988,PSTK,-0.01653554,0.768126014,NS
ENSG00000099804,CDC34,-0.016057357,0.7681858,NS
ENSG00000272157,NA,0.016060576,0.7681858,NS
ENSG00000108984,MAP2K6,0.017031766,0.768290181,NS
ENSG00000139433,GLTP,-0.015742823,0.76830823,NS
ENSG00000103316,CRYM,-0.016571588,0.768451599,NS
ENSG00000116906,GNPAT,-0.015503571,0.768629476,NS
ENSG00000170946,DNAJC24,-0.016992779,0.768629476,NS
ENSG00000161642,ZNF385A,-0.016898859,0.768728325,NS
ENSG00000151690,MFSD6,-0.016873395,0.768820776,NS
ENSG00000156374,PCGF6,-0.016995014,0.768820776,NS
ENSG00000171467,ZNF318,0.016590699,0.768820776,NS
ENSG00000305109,NA,-0.015602529,0.768820776,NS
ENSG00000080224,EPHA6,-0.016943686,0.768901632,NS
ENSG00000108679,LGALS3BP,-0.016149021,0.768904244,NS
ENSG00000256628,ZBTB11-AS1,-0.016986081,0.768904244,NS
ENSG00000049130,KITLG,-0.01672295,0.769247875,NS
ENSG00000174233,ADCY6,-0.016877169,0.769247875,NS
ENSG00000169750,RAC3,-0.016718948,0.769316243,NS
ENSG00000185621,LMLN,0.016630324,0.769316243,NS
ENSG00000110799,VWF,-0.016854207,0.76933884,NS
ENSG00000147454,SLC25A37,-0.016477858,0.76933884,NS
ENSG00000241973,PI4KA,-0.014417802,0.76933884,NS
ENSG00000135372,NAT10,0.014747284,0.769596385,NS
ENSG00000286366,NA,-0.016469983,0.769596385,NS
ENSG00000162222,TTC9C,-0.01677634,0.770130494,NS
ENSG00000184887,BTBD6,-0.015380275,0.770130494,NS
ENSG00000260708,TBC1D22A-DT,-0.016767003,0.770397463,NS
ENSG00000005302,MSL3,0.016439736,0.77042712,NS
ENSG00000104763,ASAH1,0.014137418,0.77042712,NS
ENSG00000108528,SLC25A11,-0.014447518,0.77042712,NS
ENSG00000110013,SIAE,0.015867703,0.77042712,NS
ENSG00000167193,CRK,0.015027484,0.77042712,NS
ENSG00000171223,JUNB,-0.016041088,0.77042712,NS
ENSG00000171867,PRNP,0.014275071,0.77042712,NS
ENSG00000175787,ZNF169,-0.015597135,0.77042712,NS
ENSG00000180008,SOCS4,0.016057616,0.77042712,NS
ENSG00000183421,RIPK4,0.016676915,0.77042712,NS
ENSG00000184220,CMSS1,0.015922942,0.77042712,NS
ENSG00000185133,INPP5J,0.01687709,0.77042712,NS
ENSG00000270194,GOLGA4-AS1,-0.016899744,0.77042712,NS
ENSG00000068697,LAPTM4A,-0.015183469,0.770706499,NS
ENSG00000165644,COMTD1,-0.016418497,0.770706499,NS
ENSG00000184441,NA,0.016473914,0.770706499,NS
ENSG00000197345,MRPL21,-0.016339856,0.770706499,NS
ENSG00000271122,HERPUD2-AS1,0.016225437,0.770706499,NS
ENSG00000111731,C2CD5,0.016712258,0.771568784,NS
ENSG00000290555,LINC00680,-0.016625745,0.771568784,NS
ENSG00000133460,SLC2A11,0.01683321,0.771581203,NS
ENSG00000186187,ZNRF1,-0.016338287,0.771581203,NS
ENSG00000197857,ZNF44,0.016818878,0.771777827,NS
ENSG00000283674,NA,-0.016364382,0.771796785,NS
ENSG00000057935,MTA3,-0.015956812,0.771834286,NS
ENSG00000173744,AGFG1,0.016215571,0.771834286,NS
ENSG00000009765,IYD,0.015628639,0.771921594,NS
ENSG00000131174,COX7B,-0.014992564,0.771949501,NS
ENSG00000255561,FDXACB1,0.016804068,0.771949501,NS
ENSG00000122417,ODF2L,0.01675363,0.772006256,NS
ENSG00000101084,RAB5IF,0.015417214,0.772009987,NS
ENSG00000133250,ZNF414,-0.016792247,0.772011865,NS
ENSG00000147403,RPL10,-0.014218251,0.772011865,NS
ENSG00000176422,SPRYD4,-0.015426096,0.772011865,NS
ENSG00000087842,PIR,-0.016037622,0.772104792,NS
ENSG00000175395,ZNF25,-0.016721866,0.772104792,NS
ENSG00000012171,SEMA3B,-0.016369382,0.772207992,NS
ENSG00000130349,MTRES1,-0.016644594,0.772207992,NS
ENSG00000105321,CCDC9,0.016753884,0.772296355,NS
ENSG00000164296,TIGD6,0.016632594,0.772305485,NS
ENSG00000166401,SERPINB8,-0.014380716,0.772436776,NS
ENSG00000090857,PDPR,0.016677241,0.772525861,NS
ENSG00000137955,RABGGTB,-0.01487044,0.772525861,NS
ENSG00000164116,GUCY1A1,0.013586408,0.772525861,NS
ENSG00000244067,GSTA2,-0.014296158,0.772525861,NS
ENSG00000259248,USP3-AS1,-0.016707808,0.772525861,NS
ENSG00000282936,NA,-0.01515877,0.772525861,NS
ENSG00000286051,MAGEA6-DT,-0.015603645,0.772525861,NS
ENSG00000009413,REV3L,0.016713089,0.772536961,NS
ENSG00000147202,DIAPH2,0.016495098,0.772536961,NS
ENSG00000183354,BRD10,0.016678825,0.772536961,NS
ENSG00000260233,ZNRD2-DT,-0.015217055,0.772536961,NS
ENSG00000274104,NA,-0.01508302,0.772553221,NS
ENSG00000184900,SUMO3,0.014719153,0.772611056,NS
ENSG00000165102,HGSNAT,-0.014854393,0.772811129,NS
ENSG00000267191,ZNF45-AS1,0.014589277,0.772959862,NS
ENSG00000101052,IFT52,0.015965025,0.772979806,NS
ENSG00000123575,FAM199X,0.015075353,0.772985933,NS
ENSG00000117592,PRDX6,0.013421266,0.773048241,NS
ENSG00000291223,FAM86DP,-0.016691025,0.77335064,NS
ENSG00000013523,ANGEL1,-0.015662498,0.773352807,NS
ENSG00000126790,L3HYPDH,0.01644655,0.773352807,NS
ENSG00000002822,MAD1L1,-0.016094192,0.773456985,NS
ENSG00000139718,SETD1B,0.016003609,0.773456985,NS
ENSG00000153936,HS2ST1,0.0157733,0.773456985,NS
ENSG00000225484,NUTM2B-AS1,0.016678133,0.773456985,NS
ENSG00000260630,SNAI3-AS1,-0.015809336,0.773456985,NS
ENSG00000272989,LINC02012,-0.014304414,0.773456985,NS
ENSG00000285219,HULC,0.015512956,0.773456985,NS
ENSG00000164576,SAP30L,0.01638062,0.773700564,NS
ENSG00000267058,NA,-0.015431806,0.773700564,NS
ENSG00000289293,NA,0.015061183,0.773700564,NS
ENSG00000174748,RPL15,0.014194279,0.774179698,NS
ENSG00000119906,SLF2,0.016334509,0.774317339,NS
ENSG00000124383,MPHOSPH10,0.015431915,0.774317339,NS
ENSG00000144224,UBXN4,-0.014619413,0.774317339,NS
ENSG00000167081,PBX3,0.016620314,0.774317339,NS
ENSG00000167526,RPL13,-0.014738769,0.774317339,NS
ENSG00000241837,ATP5PO,-0.014284183,0.774317339,NS
ENSG00000285508,NA,0.016597439,0.774317339,NS
ENSG00000285723,NA,0.016597439,0.774317339,NS
ENSG00000120158,RCL1,-0.015912236,0.774413921,NS
ENSG00000170917,NUDT6,-0.016562852,0.774413921,NS
ENSG00000305205,FAM88D,-0.00665943,0.774413921,NS
ENSG00000109089,CDR2L,-0.01536429,0.774601526,NS
ENSG00000125482,TTF1,0.016100187,0.774601526,NS
ENSG00000173548,SNX33,-0.016510229,0.774652726,NS
ENSG00000276791,NA,-0.01626719,0.775128125,NS
ENSG00000115129,TP53I3,0.015410577,0.775274784,NS
ENSG00000227121,LINC02672,-0.01359222,0.775274784,NS
ENSG00000100416,TRMU,0.015855916,0.775489927,NS
ENSG00000188529,SRSF10,0.014215811,0.776031709,NS
ENSG00000065989,PDE4A,-0.016008438,0.776062062,NS
ENSG00000178974,FBXO34,-0.016214688,0.776062062,NS
ENSG00000056050,HPF1,-0.016006054,0.77648373,NS
ENSG00000127914,AKAP9,0.016194396,0.77648373,NS
ENSG00000143499,SMYD2,0.016458522,0.77648373,NS
ENSG00000067225,PKM,-0.013400176,0.77649569,NS
ENSG00000134202,GSTM3,-0.015020447,0.77649569,NS
ENSG00000166348,USP54,-0.013870615,0.77649569,NS
ENSG00000181896,ZNF101,0.016444989,0.77649569,NS
ENSG00000133858,ZFC3H1,-0.016420816,0.776719937,NS
ENSG00000164609,SLU7,-0.015268911,0.777307352,NS
ENSG00000183305,MAGEA2B,-0.015950783,0.77737623,NS
ENSG00000137055,PLAA,0.014854515,0.777519432,NS
ENSG00000006062,MAP3K14,-0.015900909,0.777536754,NS
ENSG00000049656,CLPTM1L,0.013341484,0.777536754,NS
ENSG00000105518,TMEM205,-0.015536713,0.777536754,NS
ENSG00000106244,PDAP1,0.013715458,0.777536754,NS
ENSG00000112576,CCND3,0.014996524,0.777536754,NS
ENSG00000115239,ASB3,-0.016387225,0.777536754,NS
ENSG00000117308,GALE,0.015955201,0.777536754,NS
ENSG00000119326,CTNNAL1,-0.014801542,0.777536754,NS
ENSG00000121775,TMEM39B,0.016370624,0.777536754,NS
ENSG00000122547,EEPD1,-0.015991863,0.777536754,NS
ENSG00000124406,ATP8A1,-0.014133155,0.777536754,NS
ENSG00000125454,SLC25A19,-0.015941199,0.777536754,NS
ENSG00000131374,TBC1D5,-0.015615681,0.777536754,NS
ENSG00000132694,ARHGEF11,-0.015971088,0.777536754,NS
ENSG00000140043,PTGR2,0.014929697,0.777536754,NS
ENSG00000147400,CETN2,-0.015476443,0.777536754,NS
ENSG00000147905,ZCCHC7,0.016057682,0.777536754,NS
ENSG00000149091,DGKZ,0.015439586,0.777536754,NS
ENSG00000150764,DIXDC1,0.015910701,0.777536754,NS
ENSG00000151693,ASAP2,0.015836692,0.777536754,NS
ENSG00000155508,CNOT8,-0.014965023,0.777536754,NS
ENSG00000158435,CNOT11,-0.015488741,0.777536754,NS
ENSG00000161999,JMJD8,-0.014571175,0.777536754,NS
ENSG00000163412,EIF4E3,-0.0154195,0.777536754,NS
ENSG00000168792,ABHD15,-0.01632411,0.777536754,NS
ENSG00000169519,METTL15,0.016411222,0.777536754,NS
ENSG00000176834,VSIG10,0.015488699,0.777536754,NS
ENSG00000177613,CSTF2T,0.014924817,0.777536754,NS
ENSG00000197044,ZNF441,-0.016379323,0.777536754,NS
ENSG00000197134,ZNF257,0.013769015,0.777536754,NS
ENSG00000221886,FAM200C,0.016374221,0.777536754,NS
ENSG00000227486,NA,0.014057803,0.777536754,NS
ENSG00000229214,LINC00242,0.013988171,0.777536754,NS
ENSG00000246548,LINC02288,-0.013755875,0.777536754,NS
ENSG00000254996,ANKHD1-EIF4EBP3,0.01418206,0.777536754,NS
ENSG00000258708,SLC25A21-AS1,-0.016282944,0.777536754,NS
ENSG00000287288,FRG1BP,-0.016315803,0.777536754,NS
ENSG00000288953,NA,0.014343825,0.777536754,NS
ENSG00000291100,NA,-0.01630352,0.777536754,NS
ENSG00000291171,NA,-0.01624744,0.777536754,NS
ENSG00000291201,NA,-0.015106485,0.777536754,NS
ENSG00000139436,GIT2,-0.015776371,0.777577626,NS
ENSG00000151117,TMEM86A,-0.016198946,0.777890722,NS
ENSG00000168014,C2CD3,0.015798206,0.777922456,NS
ENSG00000114993,RTKN,0.015639195,0.778029136,NS
ENSG00000127616,SMARCA4,0.013677391,0.778029136,NS
ENSG00000156467,UQCRB,0.014810335,0.778029136,NS
ENSG00000182118,FAM89A,-0.016325456,0.778748306,NS
ENSG00000114388,NPRL2,-0.015756085,0.778788685,NS
ENSG00000119139,TJP2,0.015184794,0.778788685,NS
ENSG00000088930,XRN2,-0.014005813,0.778832893,NS
ENSG00000010404,IDS,-0.015210821,0.778838606,NS
ENSG00000169230,PRELID1,0.014275362,0.778875534,NS
ENSG00000278730,NA,-0.015080884,0.778916299,NS
ENSG00000121417,ZNF211,0.016282278,0.779034069,NS
ENSG00000143727,ACP1,0.014629976,0.779034069,NS
ENSG00000203326,ZNF525,0.01611266,0.779034069,NS
ENSG00000135314,KHDC1,0.01621902,0.779783341,NS
ENSG00000186104,CYP2R1,-0.016148209,0.779783341,NS
ENSG00000154328,NEIL2,0.015034161,0.77992138,NS
ENSG00000239789,MRPS17,0.015177712,0.780257502,NS
ENSG00000136866,ZFP37,0.016090705,0.780512927,NS
ENSG00000124613,ZNF391,-0.016172128,0.780674577,NS
ENSG00000163521,GLB1L,0.016192567,0.780728203,NS
ENSG00000248643,RBM14-RBM4,0.015177849,0.780780685,NS
ENSG00000115904,SOS1,-0.015974159,0.780936811,NS
ENSG00000149547,EI24,0.012808936,0.781251504,NS
ENSG00000074219,TEAD2,-0.014417789,0.781275691,NS
ENSG00000175203,DCTN2,-0.014360978,0.781275691,NS
ENSG00000175785,PRIMA1,0.013754891,0.781275691,NS
ENSG00000178035,IMPDH2,-0.01312512,0.781275691,NS
ENSG00000180822,PSMG4,-0.016181159,0.781275691,NS
ENSG00000260274,NA,-0.016194358,0.781275691,NS
ENSG00000285184,NA,-0.016174126,0.781275691,NS
ENSG00000068097,HEATR6,0.015886265,0.781307813,NS
ENSG00000070269,TMEM260,0.016132866,0.781307813,NS
ENSG00000081721,DUSP12,-0.016057941,0.781307813,NS
ENSG00000090776,EFNB1,-0.016146749,0.781307813,NS
ENSG00000121289,CEP89,0.015307092,0.781307813,NS
ENSG00000127824,TUBA4A,-0.0138104,0.781307813,NS
ENSG00000133961,NUMB,0.015257843,0.781307813,NS
ENSG00000138175,ARL3,-0.015761651,0.781307813,NS
ENSG00000141622,ARK2C,-0.014691862,0.781307813,NS
ENSG00000148362,PAXX,0.015541755,0.781307813,NS
ENSG00000153551,CMTM7,0.016146883,0.781307813,NS
ENSG00000164346,NSA2,0.01417748,0.781307813,NS
ENSG00000183850,ZNF730,0.014586549,0.781307813,NS
ENSG00000184500,PROS1,-0.015632377,0.781307813,NS
ENSG00000185880,TRIM69,0.015864974,0.781307813,NS
ENSG00000198925,ATG9A,0.014298012,0.781307813,NS
ENSG00000219626,FAM228B,0.015528521,0.781307813,NS
ENSG00000231365,WARS2-AS1,-0.016123421,0.781307813,NS
ENSG00000232388,SMIM26,-0.015671817,0.781307813,NS
ENSG00000289004,NA,0.013779615,0.781307813,NS
ENSG00000301669,NA,-0.015447149,0.781307813,NS
ENSG00000304176,NA,-0.016159657,0.781307813,NS
ENSG00000152778,IFIT5,-0.015404909,0.781501834,NS
ENSG00000277150,F8A3,-0.015997724,0.781501834,NS
ENSG00000117597,UTP25,0.015091139,0.781578667,NS
ENSG00000174405,LIG4,-0.016125028,0.781578667,NS
ENSG00000105640,RPL18A,-0.015034367,0.781657102,NS
ENSG00000234327,ZNF232-AS1,-0.016077004,0.781657102,NS
ENSG00000257704,INAFM1,-0.014428216,0.781657102,NS
ENSG00000289586,NA,0.014010763,0.781657102,NS
ENSG00000305511,NA,-0.014197636,0.781657102,NS
ENSG00000164362,TERT,-0.014942041,0.781945184,NS
ENSG00000134480,CCNH,-0.014232951,0.782048137,NS
ENSG00000011332,DPF1,-0.015948994,0.782136667,NS
ENSG00000141655,TNFRSF11A,0.016048476,0.782136667,NS
ENSG00000171017,LRRC8E,0.015950918,0.782136667,NS
ENSG00000135956,TMEM127,0.014934848,0.782223369,NS
ENSG00000230337,EXOSC10-AS1,-0.015591629,0.782223369,NS
ENSG00000064652,SNX24,-0.015634908,0.782360558,NS
ENSG00000126878,AIF1L,0.013521261,0.782360558,NS
ENSG00000162384,CZIB,-0.015671403,0.782360558,NS
ENSG00000172594,SMPDL3A,-0.016059945,0.782360558,NS
ENSG00000135541,AHI1,0.01586297,0.782447497,NS
ENSG00000235831,BHLHE40-AS1,0.014379774,0.782447497,NS
ENSG00000052850,ALX4,-0.015759396,0.782617526,NS
ENSG00000094914,AAAS,-0.014830776,0.782617526,NS
ENSG00000101265,RASSF2,-0.014371254,0.782617526,NS
ENSG00000121022,COPS5,-0.014390902,0.782617526,NS
ENSG00000129696,TTI2,0.015622146,0.782617526,NS
ENSG00000172932,ANKRD13D,-0.015385262,0.782617526,NS
ENSG00000185989,RASA3,0.016020932,0.782617526,NS
ENSG00000196653,ZNF502,-0.015409839,0.782617526,NS
ENSG00000267532,MIR497HG,-0.015966313,0.782617526,NS
ENSG00000158296,SLC13A3,-0.015259557,0.782637466,NS
ENSG00000165948,IFI27L1,-0.015431668,0.782899163,NS
ENSG00000063601,MTMR1,0.015176928,0.78328725,NS
ENSG00000088812,ATRN,-0.014471156,0.78328725,NS
ENSG00000100350,FOXRED2,0.013417725,0.78328725,NS
ENSG00000131779,PEX11B,-0.015561058,0.78328725,NS
ENSG00000137210,TMEM14B,0.014869636,0.78328725,NS
ENSG00000161021,MAML1,0.014853132,0.78328725,NS
ENSG00000166133,RPUSD2,-0.015800234,0.78328725,NS
ENSG00000169246,NPIPB3,-0.015221822,0.78328725,NS
ENSG00000180228,PRKRA,-0.01520402,0.78328725,NS
ENSG00000188227,ZNF793,-0.016001295,0.78328725,NS
ENSG00000198466,ZNF587,-0.015897228,0.78328725,NS
ENSG00000232485,RPL37A-DT,-0.014807599,0.78328725,NS
ENSG00000185798,WDR53,0.015963959,0.783296775,NS
ENSG00000272279,NA,-0.013254182,0.783296775,NS
ENSG00000273590,NA,-0.014144974,0.783355471,NS
ENSG00000104983,CCDC61,-0.01380069,0.783511765,NS
ENSG00000185728,YTHDF3,0.014788852,0.783511765,NS
ENSG00000251201,TMED7-TICAM2,0.015584279,0.783511765,NS
ENSG00000146112,PPP1R18,-0.014555534,0.783518337,NS
ENSG00000288820,NA,0.014752369,0.783518663,NS
ENSG00000014123,UFL1,0.014956301,0.783702722,NS
ENSG00000083845,RPS5,-0.014523524,0.783702722,NS
ENSG00000104660,LEPROTL1,0.015077698,0.783702722,NS
ENSG00000105583,WDR83OS,-0.014920163,0.783702722,NS
ENSG00000118596,SLC16A7,0.01546848,0.783702722,NS
ENSG00000118961,LDAH,-0.015236957,0.783702722,NS
ENSG00000127666,TICAM1,0.015361694,0.783702722,NS
ENSG00000136280,CCM2,0.014766732,0.783702722,NS
ENSG00000166455,C16orf46,0.013870563,0.783702722,NS
ENSG00000166979,EVA1C,0.0146646,0.783702722,NS
ENSG00000025708,TYMP,-0.015907952,0.783709999,NS
ENSG00000123384,LRP1,0.015868408,0.7839063,NS
ENSG00000124702,KLHDC3,0.013800431,0.7839063,NS
ENSG00000160223,ICOSLG,0.015902288,0.7839063,NS
ENSG00000165806,CASP7,0.01579758,0.7839063,NS
ENSG00000169733,RFNG,-0.01579469,0.7839063,NS
ENSG00000170638,TRABD,-0.015139932,0.7839063,NS
ENSG00000187621,TCL6,-0.015280557,0.7839063,NS
ENSG00000188895,MSL1,0.014171061,0.7839063,NS
ENSG00000198746,GPATCH3,0.015811503,0.7839063,NS
ENSG00000215808,LINC01139,-0.013352307,0.7839063,NS
ENSG00000224790,HLCS-AS1,-0.014229814,0.7839063,NS
ENSG00000228566,NA,0.01299985,0.7839063,NS
ENSG00000229109,FRMD3-AS1,0.014658801,0.7839063,NS
ENSG00000240771,ARHGEF25,-0.013966341,0.7839063,NS
ENSG00000267939,NA,-0.012984237,0.7839063,NS
ENSG00000275055,NA,-0.014844688,0.7839063,NS
ENSG00000278611,ZNF426-DT,-0.014565236,0.7839063,NS
ENSG00000079215,SLC1A3,-0.015231478,0.783949043,NS
ENSG00000126821,SGPP1,0.015142437,0.784143668,NS
ENSG00000215012,RTL10,-0.015225706,0.784143668,NS
ENSG00000230202,RPL29P4,-0.015384756,0.784143668,NS
ENSG00000290915,KLKP1,0.014122382,0.784143668,NS
ENSG00000171421,MRPL36,-0.01549198,0.78436572,NS
ENSG00000105379,ETFB,-0.014204968,0.784709094,NS
ENSG00000139324,TMTC3,0.015585593,0.784709094,NS
ENSG00000042286,AIFM2,-0.01546153,0.784717271,NS
ENSG00000067704,IARS2,-0.012915752,0.784717271,NS
ENSG00000123643,SLC36A1,-0.015827856,0.784717271,NS
ENSG00000134504,KCTD1,-0.015629242,0.784717271,NS
ENSG00000144468,RHBDD1,0.015784935,0.784717271,NS
ENSG00000158321,AUTS2,-0.015774026,0.784717271,NS
ENSG00000262454,MIR193BHG,-0.014385053,0.784717271,NS
ENSG00000284428,NA,-0.014888569,0.784717271,NS
ENSG00000291136,RABGEF1P1,-0.015787416,0.784717271,NS
ENSG00000128699,ORMDL1,0.015255438,0.784833586,NS
ENSG00000204054,LINC00963,0.01422875,0.784833586,NS
ENSG00000167186,COQ7,0.015484791,0.784901526,NS
ENSG00000264772,NA,0.015249283,0.784901526,NS
ENSG00000032389,EIPR1,-0.01540391,0.784985063,NS
ENSG00000040199,PHLPP2,-0.015603145,0.784985063,NS
ENSG00000105854,PON2,0.014237756,0.784985063,NS
ENSG00000106004,HOXA5,0.015262996,0.784985063,NS
ENSG00000119778,ATAD2B,0.015687037,0.784985063,NS
ENSG00000153574,RPIA,0.015674108,0.784985063,NS
ENSG00000162813,BPNT1,-0.01414552,0.784985063,NS
ENSG00000169895,SYAP1,0.013903452,0.784985063,NS
ENSG00000178460,MCMDC2,-0.014410792,0.784985063,NS
ENSG00000180537,RNF182,0.014519789,0.784985063,NS
ENSG00000189195,BTBD8,-0.015691306,0.784985063,NS
ENSG00000196967,ZNF585A,-0.015676928,0.784985063,NS
ENSG00000215440,NPEPL1,-0.015736483,0.784985063,NS
ENSG00000233396,LINC01719,0.015648442,0.784985063,NS
ENSG00000236088,COX10-DT,0.015749437,0.784985063,NS
ENSG00000245105,A2M-AS1,-0.013585832,0.784985063,NS
ENSG00000259877,ZNF778-DT,-0.0151908,0.784985063,NS
ENSG00000260231,KDM7A-DT,-0.015693289,0.784985063,NS
ENSG00000274070,CASTOR2,0.015638053,0.784985063,NS
ENSG00000293246,ZNF321P,-0.015164068,0.784985063,NS
ENSG00000137992,DBT,0.013742306,0.785097178,NS
ENSG00000271918,NA,-0.015256701,0.785098675,NS
ENSG00000186141,POLR3C,-0.015465133,0.785121547,NS
ENSG00000146828,SLC12A9,-0.015300727,0.78557095,NS
ENSG00000102901,CENPT,-0.01570726,0.785659633,NS
ENSG00000162458,FBLIM1,-0.014717914,0.78576279,NS
ENSG00000175110,MRPS22,0.014186564,0.785833826,NS
ENSG00000110536,PTPMT1,-0.014432996,0.785841662,NS
ENSG00000165046,LETM2,0.013814047,0.785932785,NS
ENSG00000281501,SEPSECS-AS1,-0.015177534,0.785932785,NS
ENSG00000026103,FAS,0.015535287,0.786384138,NS
ENSG00000126249,PDCD2L,0.015375265,0.786384138,NS
ENSG00000227199,ST7-AS1,-0.014725204,0.786384138,NS
ENSG00000125650,PSPN,0.015198449,0.786491178,NS
ENSG00000131016,AKAP12,0.012740971,0.786524369,NS
ENSG00000104853,CLPTM1,0.013566335,0.787155861,NS
ENSG00000112685,EXOC2,-0.015590907,0.787155861,NS
ENSG00000165288,BRWD3,-0.015349571,0.787155861,NS
ENSG00000182952,HMGN4,0.014758089,0.787155861,NS
ENSG00000090097,PCBP4,0.015532088,0.787665578,NS
ENSG00000133983,COX16,0.014776955,0.787665578,NS
ENSG00000197483,ZNF628,-0.015630215,0.787665578,NS
ENSG00000021762,OSBPL5,-0.014244072,0.787728941,NS
ENSG00000062716,VMP1,0.013160416,0.787728941,NS
ENSG00000101220,ADISSP,-0.014201565,0.787728941,NS
ENSG00000139990,DCAF5,-0.014593734,0.787728941,NS
ENSG00000166578,IQCD,-0.013421749,0.787728941,NS
ENSG00000173465,ZNRD2,0.015297909,0.787728941,NS
ENSG00000176720,BOK,-0.015586701,0.787728941,NS
ENSG00000254682,DHCR7-DT,-0.013907183,0.787728941,NS
ENSG00000100364,KIAA0930,-0.013419669,0.788475155,NS
ENSG00000107959,PITRM1,-0.012731076,0.788475155,NS
ENSG00000108039,XPNPEP1,0.014163819,0.788475155,NS
ENSG00000124074,ENKD1,0.015576308,0.788475155,NS
ENSG00000136930,PSMB7,-0.014525362,0.788475155,NS
ENSG00000167695,TLCD3A,-0.014545231,0.788475155,NS
ENSG00000279495,NA,0.014210593,0.788475155,NS
ENSG00000304309,NA,-0.015543962,0.788475155,NS
ENSG00000114853,ZBTB47,-0.01556355,0.788574766,NS
ENSG00000155903,RASA2,0.015521942,0.788646867,NS
ENSG00000156017,CARNMT1,0.014876145,0.788646867,NS
ENSG00000174485,DENND4A,0.015274626,0.788839539,NS
ENSG00000143149,ALDH9A1,-0.012499338,0.788877718,NS
ENSG00000161647,MPP3,-0.015049326,0.788877718,NS
ENSG00000185379,RAD51D,-0.01525044,0.788877718,NS
ENSG00000143079,CTTNBP2NL,-0.015254848,0.78890036,NS
ENSG00000162642,C1orf52,0.015356013,0.789184701,NS
ENSG00000169087,HSPBAP1,-0.015453798,0.789226375,NS
ENSG00000198556,ZNF789,-0.015394555,0.789226375,NS
ENSG00000188092,GPR89B,0.01544909,0.789479394,NS
ENSG00000127993,RBM48,-0.015462349,0.789599816,NS
ENSG00000294279,NA,0.015478909,0.789624433,NS
ENSG00000001167,NFYA,0.014498672,0.789782725,NS
ENSG00000153898,MCOLN2,0.015469494,0.789782725,NS
ENSG00000111554,MDM1,0.015429229,0.789802759,NS
ENSG00000253305,PCDHGB6,0.013197706,0.789802759,NS
ENSG00000165695,AK8,-0.013244836,0.789857518,NS
ENSG00000187391,MAGI2,0.013371661,0.789857518,NS
ENSG00000113430,IRX4,-0.015302767,0.790010081,NS
ENSG00000288104,NA,-0.014813509,0.790053695,NS
ENSG00000198718,TOGARAM1,-0.015344443,0.79015338,NS
ENSG00000108671,PSMD11,0.013083433,0.790197631,NS
ENSG00000119953,SMNDC1,0.014609552,0.790197631,NS
ENSG00000008311,AASS,-0.015328241,0.790646615,NS
ENSG00000074935,TUBE1,0.015445359,0.790646615,NS
ENSG00000084092,NOA1,0.014393225,0.790646615,NS
ENSG00000144741,SLC25A26,0.015412265,0.790646615,NS
ENSG00000164855,TMEM184A,-0.014760218,0.790646615,NS
ENSG00000167863,ATP5PD,-0.014178623,0.790646615,NS
ENSG00000173212,MAB21L3,-0.014440295,0.790646615,NS
ENSG00000281189,GHET1,-0.014723039,0.790646615,NS
ENSG00000181610,MRPS23,-0.014268425,0.79088097,NS
ENSG00000120992,LYPLA1,0.01288544,0.790901976,NS
ENSG00000257621,PSMA3-AS1,0.015054996,0.791140088,NS
ENSG00000240682,ISY1,0.014983748,0.791194816,NS
ENSG00000015133,CCDC88C,-0.014140402,0.791495063,NS
ENSG00000080709,KCNN2,-0.013635985,0.791495063,NS
ENSG00000124920,MYRF,-0.013078921,0.791495063,NS
ENSG00000007341,ST7L,0.014836981,0.791528795,NS
ENSG00000111596,CNOT2,0.014506199,0.791528795,NS
ENSG00000178385,PLEKHM3,-0.015363859,0.791528795,NS
ENSG00000178537,SLC25A20,0.015215042,0.791528795,NS
ENSG00000102977,ACD,-0.015316419,0.791916157,NS
ENSG00000178177,LCORL,-0.015312843,0.791916157,NS
ENSG00000112679,DUSP22,-0.015344124,0.792215821,NS
ENSG00000110514,MADD,-0.014136915,0.792318724,NS
ENSG00000150457,LATS2,0.015160469,0.792329051,NS
ENSG00000198585,NUDT16,-0.013486503,0.792464671,NS
ENSG00000163964,PIGX,0.014081384,0.792469484,NS
ENSG00000182768,NGRN,0.013417547,0.792469484,NS
ENSG00000170270,GON7,0.014959225,0.792596277,NS
ENSG00000260219,CD2BP2-DT,-0.014836245,0.792717107,NS
ENSG00000105202,FBL,0.01375321,0.792736289,NS
ENSG00000167965,MLST8,-0.013988672,0.792736289,NS
ENSG00000167967,E4F1,-0.014862025,0.792736289,NS
ENSG00000170325,PRDM10,-0.015266969,0.792736289,NS
ENSG00000196470,SIAH1,-0.01507261,0.792736289,NS
ENSG00000221867,MAGEA3,0.013471957,0.792736289,NS
ENSG00000056736,IL17RB,-0.015303507,0.792784229,NS
ENSG00000070501,POLB,0.015086205,0.792784229,NS
ENSG00000177697,CD151,-0.013326322,0.792784229,NS
ENSG00000204934,ATP6V0E2-AS1,0.015213691,0.792784229,NS
ENSG00000254473,UBQLN1-AS1,-0.01519989,0.792784229,NS
ENSG00000227615,NA,-0.012859619,0.792805059,NS
ENSG00000188846,RPL14,-0.013046271,0.792839252,NS
ENSG00000133138,TBC1D8B,-0.014972294,0.792889981,NS
ENSG00000146909,NOM1,0.015026021,0.792889981,NS
ENSG00000084710,EFR3B,-0.014472823,0.792976759,NS
ENSG00000184708,EIF4ENIF1,-0.01499721,0.792976759,NS
ENSG00000136240,KDELR2,0.012036085,0.793136123,NS
ENSG00000204228,HSD17B8,-0.015234349,0.793136123,NS
ENSG00000070159,PTPN3,-0.014497144,0.793410308,NS
ENSG00000138594,TMOD3,0.014217545,0.793482591,NS
ENSG00000287710,NA,-0.015224727,0.793482591,NS
ENSG00000100077,GRK3,-0.01510231,0.793604008,NS
ENSG00000139719,VPS33A,0.014283032,0.793604008,NS
ENSG00000129925,PGAP6,0.014627565,0.79372329,NS
ENSG00000131470,PSMC3IP,0.014637035,0.79372329,NS
ENSG00000005007,UPF1,0.012467465,0.79374992,NS
ENSG00000079999,KEAP1,0.013225897,0.79374992,NS
ENSG00000119541,VPS4B,0.014189943,0.79374992,NS
ENSG00000164615,CAMLG,-0.01453156,0.79374992,NS
ENSG00000170500,LONRF2,-0.015196166,0.79374992,NS
ENSG00000184634,MED12,0.014432498,0.79374992,NS
ENSG00000309833,NA,-0.013401381,0.79374992,NS
ENSG00000119559,C19orf25,-0.014917018,0.793875689,NS
ENSG00000258819,LINC02289,0.013449318,0.794308637,NS
ENSG00000163812,ZDHHC3,-0.013287897,0.794742308,NS
ENSG00000173281,PPP1R3B,0.014919547,0.794742308,NS
ENSG00000061987,MON2,-0.014747411,0.794851972,NS
ENSG00000100605,ITPK1,-0.013013715,0.794851972,NS
ENSG00000150093,ITGB1,0.011704423,0.794851972,NS
ENSG00000173258,ZNF483,-0.014858648,0.794851972,NS
ENSG00000239213,NCK1-DT,-0.015096614,0.794900633,NS
ENSG00000244187,TMEM141,-0.014185418,0.794915896,NS
ENSG00000287576,NA,-0.014756027,0.795249445,NS
ENSG00000158079,PTPDC1,-0.015027659,0.795341231,NS
ENSG00000143437,ARNT,-0.014057093,0.795485358,NS
ENSG00000128342,LIF,-0.01277777,0.795492037,NS
ENSG00000176788,BASP1,0.014819095,0.795492037,NS
ENSG00000298058,NA,-0.013459763,0.796177695,NS
ENSG00000085872,CHERP,0.012825732,0.796253626,NS
ENSG00000101665,SMAD7,0.014967361,0.79648267,NS
ENSG00000164638,SLC29A4,-0.015076535,0.79648267,NS
ENSG00000172586,CHCHD1,0.014435435,0.79648267,NS
ENSG00000172667,ZMAT3,0.014931032,0.79648267,NS
ENSG00000184083,FAM120C,0.014480251,0.79648267,NS
ENSG00000185215,TNFAIP2,-0.014137,0.79648267,NS
ENSG00000065183,WDR3,0.01275039,0.796488615,NS
ENSG00000070413,DGCR2,-0.013048468,0.796661336,NS
ENSG00000166822,TMEM170A,-0.015059347,0.797124796,NS
ENSG00000284874,NA,-0.014699027,0.797234651,NS
ENSG00000131018,SYNE1,-0.012076177,0.797351192,NS
ENSG00000290374,FAM86EP,-0.015059242,0.797351192,NS
ENSG00000161533,ACOX1,0.013972825,0.797539076,NS
ENSG00000253313,C1orf210,-0.014963213,0.797539076,NS
ENSG00000285711,LINC02835,-0.013798569,0.797539076,NS
ENSG00000168505,GBX2,-0.014000573,0.797664407,NS
ENSG00000008988,RPS20,-0.013625278,0.797812234,NS
ENSG00000108262,GIT1,0.013718334,0.797812234,NS
ENSG00000111667,USP5,-0.012109913,0.797812234,NS
ENSG00000144026,ZNF514,-0.014923197,0.797812234,NS
ENSG00000151746,BICD1,-0.014447608,0.797812234,NS
ENSG00000280614,NA,-0.011887049,0.797812234,NS
ENSG00000280800,NA,-0.011887049,0.797812234,NS
ENSG00000281181,NA,-0.011887049,0.797812234,NS
ENSG00000290931,NA,-0.014716475,0.797812234,NS
ENSG00000198113,TOR4A,0.01346942,0.797988074,NS
ENSG00000083444,PLOD1,0.013321928,0.798132093,NS
ENSG00000287104,NA,-0.013929143,0.798132093,NS
ENSG00000290263,NA,-0.013003538,0.798132093,NS
ENSG00000129559,NEDD8,-0.01416739,0.79817073,NS
ENSG00000187098,MITF,0.014974931,0.79817073,NS
ENSG00000234753,FOXP4-AS1,-0.014270314,0.79817073,NS
ENSG00000261189,DSP-AS1,0.012943621,0.798291433,NS
ENSG00000115594,IL1R1,0.014166467,0.798731366,NS
ENSG00000290230,NA,0.01383664,0.798731366,NS
ENSG00000126003,PLAGL2,0.014704712,0.798767942,NS
ENSG00000255020,TDH-AS1,0.01407039,0.798767942,NS
ENSG00000163467,TSACC,-0.012860186,0.799153612,NS
ENSG00000174780,SRP72,-0.012091623,0.799243346,NS
ENSG00000185088,RPS27L,-0.013616982,0.799243346,NS
ENSG00000136754,ABI1,0.014289246,0.799341472,NS
ENSG00000247121,NA,0.014358722,0.799341472,NS
ENSG00000080854,IGSF9B,-0.014925322,0.799508166,NS
ENSG00000099822,HCN2,-0.014925031,0.79955471,NS
ENSG00000237424,FOXD2-AS1,0.013422114,0.799574804,NS
ENSG00000284946,NA,-0.013782686,0.799776305,NS
ENSG00000287352,NA,-0.012812075,0.799776305,NS
ENSG00000137040,RANBP6,0.013967096,0.800935811,NS
ENSG00000137842,TMEM62,-0.014866511,0.800935811,NS
ENSG00000163755,HPS3,0.014505297,0.800935811,NS
ENSG00000196636,SDHAF3,0.014828986,0.800935811,NS
ENSG00000300074,NA,-0.013840174,0.800935811,NS
ENSG00000139291,TMEM19,0.014317919,0.801179544,NS
ENSG00000145332,KLHL8,0.014244359,0.801179544,NS
ENSG00000242086,MUC20-OT1,-0.014756874,0.801179544,NS
ENSG00000064995,TAF11,-0.013971876,0.801185923,NS
ENSG00000092148,HECTD1,-0.0132544,0.801185923,NS
ENSG00000104047,DTWD1,0.014679159,0.801185923,NS
ENSG00000163132,MSX1,-0.014810239,0.801185923,NS
ENSG00000176261,ZBTB8OS,-0.014546404,0.801185923,NS
ENSG00000142937,RPS8,-0.013153827,0.801212766,NS
ENSG00000214113,LYRM4,-0.014583463,0.801212766,NS
ENSG00000088002,SULT2B1,-0.012128611,0.801306734,NS
ENSG00000120756,PLS1,-0.01474739,0.801306734,NS
ENSG00000137824,RMDN3,-0.013834021,0.801306734,NS
ENSG00000180964,TCEAL8,-0.013340204,0.801306734,NS
ENSG00000103671,TRIP4,-0.01480096,0.801501542,NS
ENSG00000117395,EBNA1BP2,-0.013961684,0.801501542,NS
ENSG00000175305,CCNE2,0.01437686,0.801501542,NS
ENSG00000255240,NA,0.014804586,0.801501542,NS
ENSG00000267796,LIN37,0.014685376,0.801501542,NS
ENSG00000286033,NA,-0.012524731,0.801532543,NS
ENSG00000247934,NA,-0.014245962,0.801725277,NS
ENSG00000272031,ANKRD34A,-0.012776097,0.801833795,NS
ENSG00000007080,CCDC124,-0.013597548,0.801897511,NS
ENSG00000197713,RPE,0.013452343,0.801897511,NS
ENSG00000213160,KLHL23,0.014038566,0.801897511,NS
ENSG00000260896,ARLNC1,0.009516742,0.801897511,NS
ENSG00000104904,OAZ1,-0.013618016,0.801900099,NS
ENSG00000129862,VCY1B,0.014576862,0.80193588,NS
ENSG00000118680,MYL12B,0.012620494,0.802481673,NS
ENSG00000145348,TBCK,-0.014754466,0.802518135,NS
ENSG00000163444,TMEM183A,-0.012743503,0.802562345,NS
ENSG00000173540,GMPPB,0.013750241,0.802562345,NS
ENSG00000087266,SH3BP2,-0.014181607,0.802705419,NS
ENSG00000108953,YWHAE,0.011875524,0.802705419,NS
ENSG00000132952,USPL1,0.014730842,0.802705419,NS
ENSG00000152422,XRCC4,0.01454008,0.802705419,NS
ENSG00000172071,EIF2AK3,0.014364202,0.802705419,NS
ENSG00000174695,TMEM167A,-0.01228208,0.802705419,NS
ENSG00000184056,VPS33B,-0.014727715,0.802705419,NS
ENSG00000203666,EFCAB2,-0.014539187,0.802705419,NS
ENSG00000289268,NA,-0.013596319,0.802705419,NS
ENSG00000299860,NA,-0.014468218,0.802705419,NS
ENSG00000020256,ZFP64,0.014395645,0.802730226,NS
ENSG00000176108,CHMP6,0.014402423,0.802730226,NS
ENSG00000172331,BPGM,-0.01439101,0.803133629,NS
ENSG00000081154,PCNP,0.012042388,0.803200763,NS
ENSG00000171456,ASXL1,0.01361199,0.803200763,NS
ENSG00000198783,ZNF830,-0.014271532,0.803200763,NS
ENSG00000251867,NA,0.013076627,0.803468841,NS
ENSG00000245293,CYP2U1-AS1,-0.012558132,0.803503634,NS
ENSG00000186448,ZNF197,0.014551344,0.803547505,NS
ENSG00000104613,INTS10,0.012957072,0.803615474,NS
ENSG00000075702,WDR62,0.014534831,0.803890009,NS
ENSG00000107651,SEC23IP,-0.01298732,0.803890009,NS
ENSG00000152518,ZFP36L2,0.014026377,0.803956913,NS
ENSG00000171469,ZNF561,0.013888617,0.803956913,NS
ENSG00000257591,ZNF625,0.014056033,0.804052611,NS
ENSG00000148180,GSN,-0.014376191,0.804078833,NS
ENSG00000081870,IFT25,0.014016141,0.804253595,NS
ENSG00000099992,TBC1D10A,-0.01458463,0.804346327,NS
ENSG00000078668,VDAC3,0.012285503,0.804693203,NS
ENSG00000087258,GNAO1,0.012824316,0.804693203,NS
ENSG00000172819,RARG,-0.014301571,0.804693203,NS
ENSG00000213888,LINC01521,0.014472913,0.804693203,NS
ENSG00000148572,NRBF2,-0.014561904,0.804972085,NS
ENSG00000113851,CRBN,-0.014094677,0.805128233,NS
ENSG00000115290,GRB14,-0.012658237,0.805525443,NS
ENSG00000228072,NA,0.012929863,0.805688001,NS
ENSG00000142089,IFITM3,-0.014309661,0.805828214,NS
ENSG00000142178,SIK1,0.013977877,0.805828214,NS
ENSG00000159110,IFNAR2,0.014159119,0.805828214,NS
ENSG00000159322,ADPGK,-0.013329001,0.805828214,NS
ENSG00000165688,PMPCA,-0.013176175,0.805828214,NS
ENSG00000175470,PPP2R2D,0.013746705,0.805828214,NS
ENSG00000243207,PPAN-P2RY11,-0.014358172,0.805828214,NS
ENSG00000011275,RNF216,0.014161472,0.805865819,NS
ENSG00000065000,AP3D1,-0.011698019,0.805865819,NS
ENSG00000100221,JOSD1,-0.013440904,0.805865819,NS
ENSG00000126698,DNAJC8,-0.012666649,0.805865819,NS
ENSG00000127554,GFER,-0.014261939,0.805865819,NS
ENSG00000204272,NBDY,-0.014351112,0.805865819,NS
ENSG00000267858,MZF1-AS1,-0.01326809,0.805865819,NS
ENSG00000290578,NA,-0.013901829,0.805865819,NS
ENSG00000204149,AGAP6,-0.013775843,0.805879769,NS
ENSG00000124198,ARFGEF2,0.013619836,0.805881232,NS
ENSG00000105516,DBP,-0.014525776,0.805943002,NS
ENSG00000162244,RPL29,-0.013340648,0.806024435,NS
ENSG00000117906,RCN2,-0.012637246,0.806028211,NS
ENSG00000132003,ZSWIM4,-0.014026013,0.806028211,NS
ENSG00000138794,CASP6,-0.014522604,0.806028211,NS
ENSG00000173926,MARCHF3,-0.01427564,0.806028211,NS
ENSG00000085552,IGSF9,-0.013858075,0.806041508,NS
ENSG00000101577,LPIN2,-0.013413266,0.806041508,NS
ENSG00000105072,C19orf44,-0.014468543,0.806041508,NS
ENSG00000125844,RRBP1,0.012295532,0.806041508,NS
ENSG00000134375,TIMM17A,0.012210862,0.806041508,NS
ENSG00000135392,DNAJC14,0.013071678,0.806041508,NS
ENSG00000135951,TSGA10,0.014203285,0.806041508,NS
ENSG00000177879,AP3S1,-0.014118883,0.806041508,NS
ENSG00000198081,ZBTB14,-0.014367293,0.806041508,NS
ENSG00000225439,BOLA3-DT,-0.012539797,0.806041508,NS
ENSG00000243716,NPIPB5,-0.012111402,0.806041508,NS
ENSG00000273472,NA,0.013053694,0.806041508,NS
ENSG00000291075,FRG1HP,-0.014452089,0.806041508,NS
ENSG00000198894,CIPC,0.013725005,0.806508839,NS
ENSG00000102390,PBDC1,-0.014097715,0.806524709,NS
ENSG00000111906,HDDC2,-0.013646328,0.806524709,NS
ENSG00000177463,NR2C2,0.014011777,0.806524709,NS
ENSG00000071082,RPL31,-0.01446424,0.806602565,NS
ENSG00000050820,BCAR1,0.013398486,0.806619413,NS
ENSG00000085491,SLC25A24,0.014146162,0.806619413,NS
ENSG00000103275,UBE2I,0.012374002,0.806619413,NS
ENSG00000116675,DNAJC6,-0.014456887,0.806619413,NS
ENSG00000224051,CPTP,0.013516434,0.806619413,NS
ENSG00000234665,LERFS,-0.014000463,0.806619413,NS
ENSG00000259891,NA,0.011833393,0.806619413,NS
ENSG00000166535,A2ML1,0.012360292,0.806676474,NS
ENSG00000160932,LY6E,-0.013578709,0.806944642,NS
ENSG00000120963,ZNF706,0.013573355,0.806999245,NS
ENSG00000136305,CIDEB,0.014416752,0.806999245,NS
ENSG00000139737,SLAIN1,0.014267619,0.806999245,NS
ENSG00000225470,JPX,0.014303271,0.806999245,NS
ENSG00000154957,ZNF18,-0.014390966,0.807571007,NS
ENSG00000100711,ZFYVE21,0.013553329,0.808647346,NS
ENSG00000119929,CUTC,0.014364149,0.808662654,NS
ENSG00000087008,ACOX3,0.014351494,0.809068455,NS
ENSG00000113638,TTC33,-0.014313795,0.809068455,NS
ENSG00000134326,CMPK2,0.014164368,0.809068455,NS
ENSG00000140832,MARVELD3,0.014249044,0.809068455,NS
ENSG00000143457,GOLPH3L,-0.013611781,0.809068455,NS
ENSG00000155621,C9orf85,-0.014341533,0.809068455,NS
ENSG00000166441,RPL27A,-0.013301252,0.809068455,NS
ENSG00000224043,CCNT2-AS1,-0.012257881,0.809068455,NS
ENSG00000292982,WASH5P,-0.010315152,0.809068455,NS
ENSG00000251247,ZNF345,-0.013508979,0.809277048,NS
ENSG00000138035,PNPT1,0.013104742,0.809419508,NS
ENSG00000109654,TRIM2,-0.013730944,0.809445148,NS
ENSG00000103066,PLA2G15,-0.014302326,0.809467188,NS
ENSG00000120029,ARMH3,0.014259345,0.809467188,NS
ENSG00000126106,TMEM53,0.01428565,0.809467188,NS
ENSG00000126457,PRMT1,-0.012424039,0.809467188,NS
ENSG00000132356,PRKAA1,0.01207665,0.809467188,NS
ENSG00000140382,HMG20A,0.014299005,0.809467188,NS
ENSG00000171863,RPS7,-0.012807269,0.809467188,NS
ENSG00000213401,MAGEA12,-0.013312769,0.809467188,NS
ENSG00000223764,LINC02593,0.014301708,0.809467188,NS
ENSG00000115170,ACVR1,-0.014290509,0.8095546,NS
ENSG00000111252,SH2B3,0.01412437,0.809686726,NS
ENSG00000113272,THG1L,-0.014258224,0.809686726,NS
ENSG00000113916,BCL6,-0.013760262,0.809686726,NS
ENSG00000173545,ZNF622,-0.013418224,0.809686726,NS
ENSG00000182774,RPS17,0.013188037,0.809686726,NS
ENSG00000215421,ZNF407,0.014201676,0.809686726,NS
ENSG00000273841,TAF9,0.012584958,0.809686726,NS
ENSG00000164930,FZD6,-0.013604243,0.809732675,NS
ENSG00000214226,C17orf67,0.013400971,0.809732675,NS
ENSG00000065802,ASB1,-0.013826735,0.80977121,NS
ENSG00000164050,PLXNB1,-0.014214985,0.80977121,NS
ENSG00000177981,ASB8,-0.013652118,0.80977121,NS
ENSG00000168090,COPS6,-0.012904748,0.809788466,NS
ENSG00000115993,TRAK2,-0.013616562,0.810081812,NS
ENSG00000131373,HACL1,-0.013516625,0.81030028,NS
ENSG00000116761,CTH,0.013670873,0.810313019,NS
ENSG00000263244,NA,0.002409744,0.810313019,NS
ENSG00000169258,GPRIN1,0.0141834,0.810633624,NS
ENSG00000270605,NA,-0.012809062,0.810633624,NS
ENSG00000232956,SNHG15,-0.01387721,0.810649204,NS
ENSG00000101811,CSTF2,0.013576507,0.810810666,NS
ENSG00000255052,FAM66D,-0.013156132,0.810975659,NS
ENSG00000138593,SECISBP2L,-0.012467015,0.811007125,NS
ENSG00000166913,YWHAB,0.011542064,0.811009099,NS
ENSG00000101190,TCFL5,-0.01377739,0.81115757,NS
ENSG00000111879,FAM184A,0.013700471,0.81115757,NS
ENSG00000139725,RHOF,0.014050761,0.811162775,NS
ENSG00000110756,HPS5,0.013576221,0.811534857,NS
ENSG00000116754,SRSF11,-0.011585488,0.811534857,NS
ENSG00000132792,CTNNBL1,-0.013501782,0.811534857,NS
ENSG00000159685,CHCHD6,-0.014164967,0.811534857,NS
ENSG00000172239,PAIP1,0.012511408,0.811534857,NS
ENSG00000188290,HES4,0.013522498,0.811534857,NS
ENSG00000198937,CCDC167,0.014062864,0.811534857,NS
ENSG00000293192,NA,-0.013863486,0.811534857,NS
ENSG00000092758,COL9A3,-0.01189099,0.811786988,NS
ENSG00000156469,MTERF3,-0.013904166,0.811786988,NS
ENSG00000087074,PPP1R15A,-0.013888337,0.812117299,NS
ENSG00000136436,CALCOCO2,0.012745247,0.812117299,NS
ENSG00000167749,KLK4,0.012001289,0.812117299,NS
ENSG00000188368,PRR19,0.013552272,0.812117299,NS
ENSG00000161091,MFSD12,-0.013169308,0.812133319,NS
ENSG00000113068,PFDN1,0.012803027,0.812276738,NS
ENSG00000112208,BAG2,0.013529925,0.812360112,NS
ENSG00000163993,S100P,0.013281106,0.812360112,NS
ENSG00000197238,H4C11,0.012679527,0.812360112,NS
ENSG00000203724,C1orf53,-0.013889468,0.812360112,NS
ENSG00000273749,CYFIP1,-0.012210837,0.812360112,NS
ENSG00000290387,SORD2P,0.013944189,0.812360112,NS
ENSG00000278600,NA,0.012613828,0.812452095,NS
ENSG00000307855,NA,-0.011845873,0.812452095,NS
ENSG00000197332,ZNF833P,0.012827309,0.812511578,NS
ENSG00000145592,RPL37,-0.012810582,0.812564403,NS
ENSG00000107341,UBE2R2,0.012108489,0.812628675,NS
ENSG00000126705,AHDC1,0.013944349,0.812855745,NS
ENSG00000136267,DGKB,0.013838979,0.812855745,NS
ENSG00000152240,HAUS1,0.013569286,0.813146251,NS
ENSG00000103429,BFAR,0.013614803,0.813227658,NS
ENSG00000167554,ZNF610,0.01404045,0.813227658,NS
ENSG00000205659,LIN52,-0.014041679,0.813386944,NS
ENSG00000167380,ZNF226,-0.014043247,0.813491407,NS
ENSG00000176715,ACSF3,-0.013855892,0.813491407,NS
ENSG00000290930,OR7E91P,-0.012550631,0.813628592,NS
ENSG00000127124,HIVEP3,0.013802834,0.813868814,NS
ENSG00000226935,LINC00161,-0.013910885,0.813885181,NS
ENSG00000125611,CHCHD5,-0.013942114,0.814133489,NS
ENSG00000141568,FOXK2,0.012301511,0.814133489,NS
ENSG00000181852,RNF41,0.011788673,0.814160738,NS
ENSG00000159882,ZNF230,-0.012415171,0.814297458,NS
ENSG00000090621,PABPC4,-0.01214731,0.814362669,NS
ENSG00000061273,HDAC7,-0.013764358,0.814610378,NS
ENSG00000051128,HOMER3,0.013907415,0.814828654,NS
ENSG00000288999,NA,-0.01397605,0.814828654,NS
ENSG00000149474,KAT14,-0.013246567,0.815067015,NS
ENSG00000070087,PFN2,-0.01199675,0.815125163,NS
ENSG00000135315,CEP162,-0.01340861,0.815125163,NS
ENSG00000143970,ASXL2,-0.013291575,0.815156188,NS
ENSG00000157036,EXOG,-0.013963705,0.815292428,NS
ENSG00000167306,MYO5B,-0.013937701,0.815329404,NS
ENSG00000145331,TRMT10A,0.013756314,0.815356463,NS
ENSG00000105643,ARRDC2,0.01394061,0.815417618,NS
ENSG00000169762,TAPT1,-0.013821491,0.815417618,NS
ENSG00000170677,SOCS6,0.013947391,0.815417618,NS
ENSG00000204832,ST8SIA6-AS1,-0.013164541,0.815417618,NS
ENSG00000066230,SLC9A3,0.013800516,0.815824081,NS
ENSG00000131653,TRAF7,-0.012444444,0.815824081,NS
ENSG00000253200,NA,0.011455652,0.815964915,NS
ENSG00000023287,RB1CC1,-0.013143599,0.81601367,NS
ENSG00000054116,TRAPPC3,-0.01260432,0.81601367,NS
ENSG00000087884,AAMDC,0.013736527,0.81601367,NS
ENSG00000092098,RNF31,-0.013763614,0.81601367,NS
ENSG00000103549,RNF40,-0.011586709,0.81601367,NS
ENSG00000103966,EHD4,0.013056096,0.81601367,NS
ENSG00000141698,NT5C3B,-0.012577869,0.81601367,NS
ENSG00000166595,CIAO2B,-0.013306763,0.81601367,NS
ENSG00000255153,TOLLIP-DT,-0.013657682,0.81601367,NS
ENSG00000167920,KRT10-AS1,-0.0134716,0.816041506,NS
ENSG00000085382,HACE1,0.013890842,0.816055878,NS
ENSG00000268403,NA,0.012939467,0.8167008,NS
ENSG00000178951,ZBTB7A,0.013221532,0.816885308,NS
ENSG00000198934,MAGEE1,-0.013825745,0.816885308,NS
ENSG00000144228,SPOPL,0.013111398,0.816919564,NS
ENSG00000119878,CRIPT,0.013823926,0.817405477,NS
ENSG00000139880,CDH24,0.013717497,0.817405477,NS
ENSG00000182141,ZNF708,-0.013770071,0.817430442,NS
ENSG00000290823,NA,-0.013742256,0.817430442,NS
ENSG00000160570,DEDD2,-0.013821975,0.81744549,NS
ENSG00000237753,SLC20A1-DT,0.012556589,0.81744549,NS
ENSG00000124171,PARD6B,0.013458117,0.81757232,NS
ENSG00000187240,DYNC2H1,0.013796682,0.817586384,NS
ENSG00000103061,SLC7A6OS,0.013797304,0.818124558,NS
ENSG00000145725,PPIP5K2,-0.01359753,0.818124558,NS
ENSG00000256043,CTSO,0.013776895,0.818124558,NS
ENSG00000286231,NA,0.007577312,0.818124558,NS
ENSG00000289983,NA,0.013642552,0.818124558,NS
ENSG00000111696,NT5DC3,0.013740379,0.818477585,NS
ENSG00000169951,ZNF764,-0.013790159,0.818477585,NS
ENSG00000118705,RPN2,0.011578889,0.818575376,NS
ENSG00000142552,RCN3,-0.013757072,0.818575376,NS
ENSG00000238058,CAMSAP1-DT,-0.013361079,0.818725207,NS
ENSG00000118513,MYB,-0.013497032,0.818747444,NS
ENSG00000143622,RIT1,-0.013472648,0.818747444,NS
ENSG00000147123,NDUFB11,0.013187059,0.818747444,NS
ENSG00000196586,MYO6,-0.011137458,0.818747444,NS
ENSG00000055130,CUL1,-0.012188872,0.818823758,NS
ENSG00000234664,HMGN2P5,0.013681222,0.818823758,NS
ENSG00000040341,STAU2,0.013225047,0.818979611,NS
ENSG00000085831,TTC39A,-0.013675353,0.818979611,NS
ENSG00000156232,WHAMM,0.01372356,0.818979611,NS
ENSG00000167766,ZNF83,-0.013702434,0.818979611,NS
ENSG00000168818,STX18,0.01347647,0.818979611,NS
ENSG00000204628,RACK1,-0.011766794,0.818979611,NS
ENSG00000241852,C8orf58,-0.012214536,0.818979611,NS
ENSG00000267317,NA,-0.012919198,0.818979611,NS
ENSG00000133835,HSD17B4,0.010479543,0.818993417,NS
ENSG00000214870,LINC02981,0.011538997,0.818993417,NS
ENSG00000100813,ACIN1,-0.012872782,0.819169944,NS
ENSG00000214922,HLA-F-AS1,-0.013091238,0.819169944,NS
ENSG00000291158,LINC00869,-0.013144635,0.819169944,NS
ENSG00000053372,MRTO4,0.01286637,0.819292487,NS
ENSG00000100478,AP4S1,0.013125377,0.819292487,NS
ENSG00000112473,SLC39A7,-0.011138545,0.819292487,NS
ENSG00000287825,NA,-0.012870571,0.819292487,NS
ENSG00000179277,MEIS3P1,-0.01190851,0.819427125,NS
ENSG00000288926,NA,-0.011840503,0.819530601,NS
ENSG00000075914,EXOSC7,-0.012804713,0.819623519,NS
ENSG00000100934,SEC23A,-0.011927712,0.819623519,NS
ENSG00000121879,PIK3CA,-0.013675446,0.819623519,NS
ENSG00000106526,ACTR3C,0.013438583,0.819755962,NS
ENSG00000112343,TRIM38,-0.013672851,0.819755962,NS
ENSG00000168140,VASN,-0.013624877,0.819755962,NS
ENSG00000198919,DZIP3,0.01367263,0.819755962,NS
ENSG00000154582,ELOC,-0.01316362,0.820005489,NS
ENSG00000185697,MYBL1,0.012934379,0.820005489,NS
ENSG00000247240,UBL7-DT,0.013584187,0.820019888,NS
ENSG00000136935,GOLGA1,-0.012883075,0.820143612,NS
ENSG00000141295,SCRN2,-0.013191918,0.820301769,NS
ENSG00000198753,PLXNB3,-0.013640618,0.820419065,NS
ENSG00000250506,CDK3,-0.012956409,0.820419065,NS
ENSG00000170846,MRFAP1L2,-0.013065353,0.820429399,NS
ENSG00000104980,TIMM44,0.012391723,0.82081884,NS
ENSG00000010219,DYRK4,-0.013573569,0.820956654,NS
ENSG00000079313,REXO1,-0.013239031,0.820957678,NS
ENSG00000115317,HTRA2,-0.013493231,0.820957678,NS
ENSG00000256417,NA,-0.011535848,0.820957678,NS
ENSG00000183696,UPP1,-0.013319899,0.821450065,NS
ENSG00000136682,ZNG1B,-0.012966264,0.821456994,NS
ENSG00000155367,PPM1J,-0.011258394,0.821456994,NS
ENSG00000196440,ARMCX4,-0.012401961,0.821456994,NS
ENSG00000268129,NA,-0.013346807,0.821456994,NS
ENSG00000180806,HOXC9,-0.013469586,0.821481596,NS
ENSG00000299996,NA,0.012162038,0.821481596,NS
ENSG00000070540,WIPI1,-0.013510341,0.821781488,NS
ENSG00000108641,B9D1,0.013363071,0.821781488,NS
ENSG00000156928,MALSU1,-0.013166191,0.821781488,NS
ENSG00000156273,BACH1,0.013203871,0.822144246,NS
ENSG00000160888,IER2,-0.012816079,0.822144246,NS
ENSG00000162062,TEDC2,0.013516274,0.822144246,NS
ENSG00000175087,PDIK1L,0.013424464,0.822144246,NS
ENSG00000153975,ZUP1,0.013532517,0.822636754,NS
ENSG00000100225,FBXO7,0.013111659,0.822645192,NS
ENSG00000126458,RRAS,-0.01352738,0.822645192,NS
ENSG00000236901,MIR600HG,0.013309891,0.823173493,NS
ENSG00000247271,ZBED5-AS1,-0.013189514,0.823173493,NS
ENSG00000256537,SMIM10L1,-0.012738765,0.823173493,NS
ENSG00000112655,PTK7,-0.012486598,0.823332535,NS
ENSG00000143314,MRPL24,-0.012240193,0.823420821,NS
ENSG00000049245,VAMP3,-0.012045405,0.823499489,NS
ENSG00000090932,DLL3,0.01345129,0.823499489,NS
ENSG00000123810,B9D2,-0.011721814,0.823599838,NS
ENSG00000175768,TOMM5,0.01296671,0.823599838,NS
ENSG00000205544,TMEM256,-0.01334685,0.823599838,NS
ENSG00000266714,MYO15B,-0.012788251,0.82370608,NS
ENSG00000242407,NA,0.012028912,0.823779255,NS
ENSG00000184709,LRRC26,-0.012568803,0.824720975,NS
ENSG00000158220,ESYT3,0.011728963,0.824745859,NS
ENSG00000076864,RAP1GAP,0.013428605,0.824749631,NS
ENSG00000132341,RAN,0.011543952,0.824749631,NS
ENSG00000147955,SIGMAR1,-0.011379913,0.824749631,NS
ENSG00000092531,SNAP23,-0.012725552,0.824876669,NS
ENSG00000104731,KLHDC4,0.013106659,0.824876669,NS
ENSG00000118873,RAB3GAP2,-0.012466903,0.824876669,NS
ENSG00000125247,TMTC4,0.012892454,0.824876669,NS
ENSG00000291113,NA,-0.013048151,0.824876669,NS
ENSG00000204574,ABCF1,-0.011588617,0.825297967,NS
ENSG00000117411,B4GALT2,0.01235651,0.825375201,NS
ENSG00000178896,EXOSC4,0.013069769,0.825375201,NS
ENSG00000099783,HNRNPM,0.010204112,0.825667899,NS
ENSG00000100644,HIF1A,-0.011684213,0.825667899,NS
ENSG00000101966,XIAP,0.012915865,0.825667899,NS
ENSG00000116138,DNAJC16,-0.013199969,0.825667899,NS
ENSG00000117362,APH1A,-0.011099263,0.825667899,NS
ENSG00000132300,PTCD3,-0.012428904,0.825667899,NS
ENSG00000132970,WASF3,-0.012809617,0.825667899,NS
ENSG00000141985,SH3GL1,-0.011355942,0.825667899,NS
ENSG00000157837,SPPL3,-0.012891484,0.825667899,NS
ENSG00000158373,H2BC5,-0.01315693,0.825667899,NS
ENSG00000162396,PARS2,0.013359955,0.825667899,NS
ENSG00000163596,ICA1L,0.013106729,0.825667899,NS
ENSG00000187607,ZNF286A,-0.013042791,0.825667899,NS
ENSG00000197989,SNHG12,-0.010806057,0.825667899,NS
ENSG00000222011,FAM185A,-0.013372799,0.825667899,NS
ENSG00000224914,LINC00863,0.01319497,0.825667899,NS
ENSG00000034053,APBA2,-0.012747705,0.825907979,NS
ENSG00000074201,CLNS1A,0.011670906,0.825907979,NS
ENSG00000092871,RFFL,0.012797436,0.825907979,NS
ENSG00000171903,CYP4F11,-0.013262994,0.825907979,NS
ENSG00000188026,RILPL1,-0.013320883,0.825907979,NS
ENSG00000079332,SAR1A,0.011214032,0.826030894,NS
ENSG00000140564,FURIN,-0.012145988,0.826381574,NS
ENSG00000169760,NLGN1,0.013218862,0.826580404,NS
ENSG00000001460,STPG1,-0.013290356,0.826701588,NS
ENSG00000226084,RPL17P6,-0.012738568,0.826701588,NS
ENSG00000011454,RABGAP1,-0.012140611,0.826702506,NS
ENSG00000106524,ANKMY2,-0.013257861,0.826753955,NS
ENSG00000260456,C16orf95,-0.013004816,0.826753955,NS
ENSG00000049283,EPN3,-0.011768492,0.82724609,NS
ENSG00000236144,TMEM147-AS1,-0.012804353,0.82724609,NS
ENSG00000109475,RPL34,-0.012476484,0.827399191,NS
ENSG00000089053,ANAPC5,0.011432605,0.827913716,NS
ENSG00000099995,SF3A1,0.011382186,0.827940196,NS
ENSG00000140396,NCOA2,-0.012064394,0.827954564,NS
ENSG00000141378,PTRH2,0.012474465,0.827954564,NS
ENSG00000238083,LRRC37A2,0.013059105,0.827954564,NS
ENSG00000308967,NA,0.010829571,0.827954564,NS
ENSG00000129235,TXNDC17,-0.012574658,0.82814103,NS
ENSG00000174840,PDE12,0.011867431,0.82814103,NS
ENSG00000160999,SH2B2,-0.013023653,0.828185654,NS
ENSG00000130702,LAMA5,-0.012443864,0.828444447,NS
ENSG00000101146,RAE1,0.012459831,0.82855222,NS
ENSG00000266962,HSD17B1-AS1,-0.012569554,0.82855222,NS
ENSG00000165525,NEMF,0.012637698,0.828803999,NS
ENSG00000179364,PACS2,-0.012459416,0.828803999,NS
ENSG00000182810,DDX28,0.012961662,0.828803999,NS
ENSG00000177614,PGBD5,0.013179708,0.828956854,NS
ENSG00000004478,FKBP4,0.011182523,0.829030132,NS
ENSG00000215251,FASTKD5,0.012289352,0.829030132,NS
ENSG00000244257,PKD1P1,-0.006952749,0.829475397,NS
ENSG00000114744,COMMD2,0.012627794,0.829619825,NS
ENSG00000162139,NEU3,-0.012439716,0.829619825,NS
ENSG00000103197,TSC2,-0.011667419,0.829703029,NS
ENSG00000131242,RAB11FIP4,-0.01293282,0.829703029,NS
ENSG00000168237,GLYCTK,-0.012393468,0.829703029,NS
ENSG00000180530,NRIP1,0.012181574,0.829703029,NS
ENSG00000164951,PDP1,0.013121746,0.830181171,NS
ENSG00000100865,CINP,-0.012670429,0.830268767,NS
ENSG00000146574,CCZ1B,0.012023958,0.830467569,NS
ENSG00000148688,RPP30,0.012891586,0.830467569,NS
ENSG00000167523,SPATA33,-0.013087961,0.830467569,NS
ENSG00000108961,RANGRF,-0.011674192,0.830862398,NS
ENSG00000260920,NA,0.012992696,0.831151559,NS
ENSG00000188811,NHLRC3,-0.013085704,0.831313726,NS
ENSG00000213903,LTB4R,-0.011692717,0.831313726,NS
ENSG00000139546,TARBP2,-0.012832621,0.831440653,NS
ENSG00000134152,KATNBL1,0.012990084,0.831591559,NS
ENSG00000148297,MED22,-0.012196262,0.831591559,NS
ENSG00000166313,APBB1,-0.012997002,0.831591559,NS
ENSG00000196814,MVB12B,0.01299048,0.831591559,NS
ENSG00000251136,PARAIL,-0.012396583,0.831591559,NS
ENSG00000164976,MYORG,0.012775342,0.831746356,NS
ENSG00000293279,NA,0.012634591,0.831760138,NS
ENSG00000108312,UBTF,0.011122123,0.831802804,NS
ENSG00000185250,PPIL6,0.011123492,0.831802804,NS
ENSG00000063322,MED29,-0.011619632,0.831809486,NS
ENSG00000267059,NA,-0.012913066,0.832015913,NS
ENSG00000110492,MDK,-0.012999628,0.832037032,NS
ENSG00000112624,BICRAL,0.012765019,0.832037032,NS
ENSG00000113269,RNF130,0.01205482,0.832037032,NS
ENSG00000120533,ENY2,-0.01251685,0.832037032,NS
ENSG00000140939,NOL3,-0.012853006,0.832037032,NS
ENSG00000144837,PLA1A,-0.012554539,0.832037032,NS
ENSG00000148737,TCF7L2,0.012965541,0.832037032,NS
ENSG00000148834,GSTO1,0.01274482,0.832037032,NS
ENSG00000149050,ZNF214,-0.011499681,0.832037032,NS
ENSG00000149806,FAU,-0.011980686,0.832037032,NS
ENSG00000159593,NAE1,0.011493509,0.832037032,NS
ENSG00000164142,FHIP1A,0.012896244,0.832037032,NS
ENSG00000164975,SNAPC3,0.012239483,0.832037032,NS
ENSG00000184014,DENND5A,0.011968393,0.832037032,NS
ENSG00000184254,ALDH1A3,0.01270379,0.832037032,NS
ENSG00000214029,ZNF891,-0.012888505,0.832037032,NS
ENSG00000247317,LY6E-DT,-0.010772372,0.832037032,NS
ENSG00000288934,NA,0.012237084,0.832037032,NS
ENSG00000081692,JMJD4,0.011818574,0.832275173,NS
ENSG00000112306,RPS12,-0.011426297,0.832284337,NS
ENSG00000116213,WRAP73,-0.012867544,0.832284337,NS
ENSG00000124608,AARS2,0.012719307,0.832284337,NS
ENSG00000133028,SCO1,0.011862233,0.832284337,NS
ENSG00000163684,RPP14,0.012643297,0.832284337,NS
ENSG00000172432,GTPBP2,-0.012933232,0.832284337,NS
ENSG00000184939,ZFP90,-0.012758616,0.832284337,NS
ENSG00000187626,ZKSCAN4,0.012657059,0.832284337,NS
ENSG00000213672,NCKIPSD,0.012227733,0.832284337,NS
ENSG00000221821,C6orf226,-0.012956111,0.832284337,NS
ENSG00000255135,EMSY-DT,0.012916577,0.832284337,NS
ENSG00000274026,FAM27E3,0.0128601,0.832284337,NS
ENSG00000286532,PARTICL,-0.012820709,0.832284337,NS
ENSG00000111481,COPZ1,-0.011132194,0.832353053,NS
ENSG00000131019,ULBP3,0.012882498,0.832353053,NS
ENSG00000155827,RNF20,0.011909316,0.832353053,NS
ENSG00000186493,IRX2-DT,-0.012783077,0.832353053,NS
ENSG00000196152,ZNF79,-0.012770631,0.832353053,NS
ENSG00000224470,ATXN1L,0.012537989,0.832353053,NS
ENSG00000232040,SCAND3,-0.012684012,0.832353053,NS
ENSG00000273008,CSGALNACT2-DT,-0.011071533,0.832353053,NS
ENSG00000291033,TXLNGY,0.012544656,0.832353053,NS
ENSG00000069869,NEDD4,0.012930272,0.832551673,NS
ENSG00000213190,MLLT11,0.012816677,0.832551673,NS
ENSG00000116350,SRSF4,0.011845542,0.832646468,NS
ENSG00000159267,HLCS,0.011848822,0.832646468,NS
ENSG00000205269,TMEM170B,0.012780004,0.832646468,NS
ENSG00000289694,NA,0.012292011,0.832646468,NS
ENSG00000126870,DYNC2I1,-0.012853184,0.832682229,NS
ENSG00000137496,IL18BP,-0.011607498,0.832682229,NS
ENSG00000291087,CRYBB2P1,0.012875327,0.832682229,NS
ENSG00000138433,CIR1,0.012712052,0.832802337,NS
ENSG00000133740,E2F5,0.012888725,0.832804317,NS
ENSG00000184436,THAP7,0.012356235,0.832804317,NS
ENSG00000258314,NA,-0.01034066,0.832804317,NS
ENSG00000293106,RPL23AP7,0.012765064,0.832804317,NS
ENSG00000084676,NCOA1,0.012061088,0.832909835,NS
ENSG00000262664,OVCA2,-0.012629206,0.832933876,NS
ENSG00000175387,SMAD2,-0.011647297,0.832946975,NS
ENSG00000197172,MAGEA6,0.011492944,0.832946975,NS
ENSG00000124587,PEX6,-0.012361303,0.833003374,NS
ENSG00000128908,INO80,0.012706578,0.833003374,NS
ENSG00000150433,TMEM218,-0.012406859,0.833003374,NS
ENSG00000254772,EEF1G,-0.011147857,0.833003374,NS
ENSG00000274220,NA,0.012145821,0.833238413,NS
ENSG00000251580,LINC02482,-0.012442123,0.833286141,NS
ENSG00000122873,CISD1,-0.012631085,0.833309656,NS
ENSG00000067840,PDZD4,-0.010718375,0.833429506,NS
ENSG00000196387,ZNF140,0.012697189,0.833429506,NS
ENSG00000197728,RPS26,-0.011767742,0.833429506,NS
ENSG00000176896,TCEANC,-0.01229696,0.833429858,NS
ENSG00000118412,CASP8AP2,0.012763797,0.833480352,NS
ENSG00000239306,RBM14,0.011226658,0.833480352,NS
ENSG00000307942,FRG1JP,-0.012457521,0.833480352,NS
ENSG00000158669,GPAT4,0.010853304,0.83390346,NS
ENSG00000166260,COX11,-0.011832818,0.83390346,NS
ENSG00000278053,DDX52,0.011844935,0.83390346,NS
ENSG00000133056,PIK3C2B,-0.012275399,0.833962325,NS
ENSG00000050327,ARHGEF5,0.012409346,0.834038296,NS
ENSG00000135338,LCA5,-0.011116453,0.834038296,NS
ENSG00000143162,CREG1,-0.011011968,0.834038296,NS
ENSG00000102796,DHRS12,-0.012285548,0.834287325,NS
ENSG00000272654,JTB-DT,-0.011845975,0.834287325,NS
ENSG00000272686,WASL-DT,-0.012791806,0.834287325,NS
ENSG00000139679,LPAR6,-0.012663203,0.834486794,NS
ENSG00000035115,SH3YL1,0.01278024,0.834501481,NS
ENSG00000125149,PHAF1,0.012183767,0.834551375,NS
ENSG00000171862,PTEN,-0.01193185,0.83456044,NS
ENSG00000160712,IL6R,0.011479344,0.83498269,NS
ENSG00000101882,NKAP,-0.012391793,0.835099202,NS
ENSG00000114127,XRN1,0.011837376,0.835099202,NS
ENSG00000127220,ABHD8,-0.012481381,0.835099202,NS
ENSG00000148814,LRRC27,-0.012584124,0.835099202,NS
ENSG00000169398,PTK2,0.011236186,0.835099202,NS
ENSG00000184831,APOO,0.011934561,0.835099202,NS
ENSG00000253210,DENND3-AS1,0.012178039,0.835099202,NS
ENSG00000116514,RNF19B,0.012628484,0.83515921,NS
ENSG00000117118,SDHB,-0.011958586,0.83515921,NS
ENSG00000137133,HINT2,-0.012122541,0.83515921,NS
ENSG00000073536,NLE1,0.011878804,0.83537033,NS
ENSG00000105341,DMAC2,0.01249661,0.83537033,NS
ENSG00000109390,NDUFC1,0.012183836,0.83537033,NS
ENSG00000114473,IQCG,0.012676316,0.83537033,NS
ENSG00000118898,PPL,-0.012425072,0.83537033,NS
ENSG00000118965,WDR35,-0.012682722,0.83537033,NS
ENSG00000122033,MTIF3,-0.01265168,0.83537033,NS
ENSG00000158006,PAFAH2,0.012704087,0.83537033,NS
ENSG00000160193,WDR4,-0.012498053,0.83537033,NS
ENSG00000160613,PCSK7,0.012144763,0.83537033,NS
ENSG00000172766,NAA16,0.012621433,0.83537033,NS
ENSG00000177946,CENPBD1P,-0.011109435,0.83537033,NS
ENSG00000197928,ZNF677,0.012525641,0.83537033,NS
ENSG00000258315,C17orf49,-0.012381666,0.83537033,NS
ENSG00000267040,ATP8B1-AS1,0.011702289,0.83537033,NS
ENSG00000297670,NA,-0.012286279,0.83537033,NS
ENSG00000306314,NA,-0.012344774,0.83537033,NS
ENSG00000259959,NA,0.010908593,0.835412625,NS
ENSG00000239672,NME1,0.011712922,0.835747692,NS
ENSG00000258057,BCDIN3D-AS1,-0.011917098,0.836155162,NS
ENSG00000076650,GPATCH1,-0.012636241,0.836375542,NS
ENSG00000126016,AMOT,0.012497275,0.836375542,NS
ENSG00000138592,USP8,0.01248443,0.836375542,NS
ENSG00000140854,KATNB1,0.012272525,0.836375542,NS
ENSG00000143333,RGS16,0.012527655,0.836375542,NS
ENSG00000162073,PAQR4,0.012133489,0.836375542,NS
ENSG00000163947,ARHGEF3,-0.010997327,0.836375542,NS
ENSG00000164506,STXBP5,0.012588963,0.836375542,NS
ENSG00000165115,KIF27,0.011975734,0.836375542,NS
ENSG00000168904,LRRC28,-0.012592701,0.836375542,NS
ENSG00000185453,ZSWIM9,-0.012100303,0.836375542,NS
ENSG00000186834,HEXIM1,0.011531751,0.836375542,NS
ENSG00000242732,RTL5,-0.011766377,0.836375542,NS
ENSG00000262333,HNRNPA1P16,0.010381236,0.836375542,NS
ENSG00000273783,GTF2A1-AS1,0.012080933,0.836375542,NS
ENSG00000000419,DPM1,0.011822656,0.836391371,NS
ENSG00000004766,VPS50,0.012542296,0.836391371,NS
ENSG00000006530,AGK,0.011408556,0.836391371,NS
ENSG00000103363,ELOB,-0.011802276,0.836391371,NS
ENSG00000135334,AKIRIN2,0.012524053,0.836391371,NS
ENSG00000164088,PPM1M,-0.012359145,0.836391371,NS
ENSG00000213859,KCTD11,-0.01261111,0.836391371,NS
ENSG00000214756,CSKMT,-0.012558585,0.836391371,NS
ENSG00000265401,NA,-0.010456947,0.836391371,NS
ENSG00000277283,RAB35-AS1,-0.012548041,0.836391371,NS
ENSG00000284691,NA,-0.012238801,0.836391371,NS
ENSG00000101782,RIOK3,-0.011710789,0.836487535,NS
ENSG00000119487,MAPKAP1,-0.011133787,0.836487535,NS
ENSG00000119777,TMEM214,-0.011463909,0.836487535,NS
ENSG00000139278,GLIPR1,-0.011552019,0.836487535,NS
ENSG00000243147,MRPL33,0.012354848,0.836487535,NS
ENSG00000157954,WIPI2,0.011360969,0.836504942,NS
ENSG00000101138,CSTF1,0.011565509,0.836610441,NS
ENSG00000087088,BAX,-0.012053549,0.836640419,NS
ENSG00000087460,GNAS,-0.00930296,0.836640419,NS
ENSG00000088836,SLC4A11,-0.012243418,0.836640419,NS
ENSG00000089009,RPL6,-0.011012846,0.836640419,NS
ENSG00000100387,RBX1,-0.011846829,0.836640419,NS
ENSG00000101311,FERMT1,0.012517722,0.836640419,NS
ENSG00000130701,RBBP8NL,-0.012446351,0.836640419,NS
ENSG00000131941,RHPN2,-0.011596447,0.836640419,NS
ENSG00000132383,RPA1,0.009873831,0.836640419,NS
ENSG00000141668,CBLN2,0.011029439,0.836640419,NS
ENSG00000149657,LSM14B,-0.01157865,0.836640419,NS
ENSG00000159346,ADIPOR1,-0.010531841,0.836640419,NS
ENSG00000169972,PUSL1,-0.012338047,0.836640419,NS
ENSG00000172456,FGGY,-0.01252886,0.836640419,NS
ENSG00000176383,B3GNT4,-0.010415294,0.836640419,NS
ENSG00000197180,ATP6AP1-DT,-0.012379506,0.836640419,NS
ENSG00000198399,ITSN2,-0.012042735,0.836640419,NS
ENSG00000198918,RPL39,-0.012524934,0.836640419,NS
ENSG00000265681,RPL17,-0.011041868,0.836640419,NS
ENSG00000270276,H4C15,0.006969133,0.836640419,NS
ENSG00000289285,NA,0.011076566,0.836640419,NS
ENSG00000306474,NA,0.011868096,0.836640419,NS
ENSG00000179889,PDXDC1,0.010377578,0.836736179,NS
ENSG00000075624,ACTB,-0.009775989,0.836958658,NS
ENSG00000133114,GPALPP1,0.012502466,0.836960004,NS
ENSG00000180329,CCDC43,0.012139598,0.837057568,NS
ENSG00000138375,SMARCAL1,0.012261097,0.837168368,NS
ENSG00000131471,AOC3,-0.010838421,0.837180882,NS
ENSG00000064607,SUGP2,-0.011757829,0.837281784,NS
ENSG00000151657,KIN,-0.012473601,0.837281784,NS
ENSG00000186496,ZNF396,-0.012028213,0.837281784,NS
ENSG00000248837,NA,-0.011269523,0.837281784,NS
ENSG00000132824,SERINC3,-0.010965783,0.837331432,NS
ENSG00000099219,ERMP1,-0.011646582,0.83736665,NS
ENSG00000117450,PRDX1,-0.010620568,0.83736665,NS
ENSG00000230989,HSBP1,-0.011712711,0.837533692,NS
ENSG00000197757,HOXC6,0.012218563,0.838308862,NS
ENSG00000243667,DNAAF10,-0.012379135,0.838343801,NS
ENSG00000198964,SGMS1,-0.012026844,0.838361189,NS
ENSG00000221838,AP4M1,0.012329986,0.838361189,NS
ENSG00000124496,TRERF1,-0.012318077,0.838379951,NS
ENSG00000166840,GLYATL1,0.011621479,0.838885418,NS
ENSG00000170085,SIMC1,0.012392474,0.838885418,NS
ENSG00000170340,B3GNT2,0.012407954,0.838885418,NS
ENSG00000205670,SMIM11,0.012253446,0.838885418,NS
ENSG00000242028,HYPK,-0.011878257,0.838885418,NS
ENSG00000196972,SMIM10L2B,-0.011879265,0.838912429,NS
ENSG00000223482,NUTM2A-AS1,0.012383257,0.838912429,NS
ENSG00000243749,TMEM35B,-0.012390609,0.838912429,NS
ENSG00000059145,UNKL,-0.012209526,0.839087127,NS
ENSG00000088682,COQ9,-0.011591412,0.839601722,NS
ENSG00000100726,TELO2,-0.011869847,0.839808123,NS
ENSG00000197536,CARINH,0.010654154,0.839808123,NS
ENSG00000008441,NFIX,-0.010542903,0.839949322,NS
ENSG00000021826,CPS1,-0.012323029,0.839949322,NS
ENSG00000139832,RAB20,0.012229197,0.839949322,NS
ENSG00000134278,SPIRE1,0.011651712,0.840207229,NS
ENSG00000273148,LCDR,-0.010460407,0.840207229,NS
ENSG00000127526,SLC35E1,0.010641929,0.840855978,NS
ENSG00000262160,NA,0.012279353,0.840855978,NS
ENSG00000115875,SRSF7,0.010289455,0.841370423,NS
ENSG00000011009,LYPLA2,-0.011847674,0.841422635,NS
ENSG00000162704,ARPC5,0.00960258,0.841422635,NS
ENSG00000168016,TRANK1,0.010413011,0.841422635,NS
ENSG00000158773,USF1,-0.011513657,0.841520404,NS
ENSG00000168061,SAC3D1,-0.011693057,0.841520404,NS
ENSG00000013306,SLC25A39,-0.010491818,0.841790082,NS
ENSG00000115459,ELMOD3,-0.012125661,0.841790082,NS
ENSG00000127084,FGD3,0.011176851,0.841790082,NS
ENSG00000131480,AOC2,-0.011678543,0.841790082,NS
ENSG00000134030,CTIF,-0.012218932,0.841790082,NS
ENSG00000142599,RERE,-0.012273271,0.841790082,NS
ENSG00000143774,GUK1,-0.01145886,0.841790082,NS
ENSG00000152348,ATG10,0.01221018,0.841790082,NS
ENSG00000168310,IRF2,-0.012274901,0.841790082,NS
ENSG00000186468,RPS23,0.011092134,0.841790082,NS
ENSG00000198146,ZNF770,0.011595824,0.841790082,NS
ENSG00000198908,GPRASP3,0.012264318,0.841790082,NS
ENSG00000291266,SMG1P5,-0.012165552,0.841790082,NS
ENSG00000293664,NA,0.011575854,0.841790082,NS
ENSG00000096092,TMEM14A,0.011457534,0.84198376,NS
ENSG00000153832,FBXO36,-0.011208489,0.842142537,NS
ENSG00000162009,SSTR5,-0.012056883,0.842142537,NS
ENSG00000155744,HYCC2,0.012231755,0.842145208,NS
ENSG00000032742,IFT88,-0.012129236,0.842322192,NS
ENSG00000120647,CCDC77,0.012202195,0.842322192,NS
ENSG00000155363,MOV10,-0.011332123,0.842478536,NS
ENSG00000182985,CADM1,0.012137919,0.842604194,NS
ENSG00000271079,CTAGE15,-0.011832546,0.842604194,NS
ENSG00000289038,NA,-0.010312045,0.842604194,NS
ENSG00000089486,CDIP1,-0.011285426,0.842722776,NS
ENSG00000176087,SLC35A4,0.01074574,0.842722776,NS
ENSG00000132485,ZRANB2,-0.010873933,0.842747589,NS
ENSG00000138613,APH1B,-0.012106965,0.842900884,NS
ENSG00000205758,CRYZL1,-0.012011168,0.842900884,NS
ENSG00000162065,TBC1D24,0.011956173,0.842911023,NS
ENSG00000137193,PIM1,-0.012182246,0.84291303,NS
ENSG00000198856,OSTC,0.011128806,0.843325292,NS
ENSG00000092931,MFSD11,-0.011813886,0.843381365,NS
ENSG00000100154,TTC28,0.011723176,0.843506435,NS
ENSG00000103978,TMEM87A,0.01081308,0.843536203,NS
ENSG00000156304,SCAF4,0.011551261,0.843536203,NS
ENSG00000182378,PLCXD1,0.012146372,0.843536203,NS
ENSG00000292344,PLCXD1,0.012146372,0.843536203,NS
ENSG00000243479,MNX1-AS1,-0.012125435,0.843547691,NS
ENSG00000125356,NDUFA1,-0.011381617,0.843699607,NS
ENSG00000143878,RHOB,-0.010723533,0.843699607,NS
ENSG00000159459,UBR1,0.011679471,0.843699607,NS
ENSG00000162989,KCNJ3,0.012060641,0.843699607,NS
ENSG00000165338,HECTD2,-0.012125097,0.843699607,NS
ENSG00000175581,MRPL48,0.01187447,0.843699607,NS
ENSG00000143630,HCN3,-0.010992908,0.843699993,NS
ENSG00000140259,MFAP1,-0.011115485,0.843900621,NS
ENSG00000229267,SNHG31,-0.011111433,0.843900621,NS
ENSG00000163516,ANKZF1,-0.011849809,0.844171302,NS
ENSG00000233871,DLG5-AS1,0.010273166,0.844305041,NS
ENSG00000182700,IGIP,-0.011914778,0.844873269,NS
ENSG00000260942,CAPN10-DT,-0.010300235,0.844873269,NS
ENSG00000064270,ATP2C2,-0.01194554,0.845186267,NS
ENSG00000096968,JAK2,-0.012065093,0.845186267,NS
ENSG00000144559,TAMM41,-0.012028408,0.845186267,NS
ENSG00000152104,PTPN14,0.011882233,0.845186267,NS
ENSG00000204619,PPP1R11,-0.011670977,0.845186267,NS
ENSG00000141560,FN3KRP,0.011452401,0.845236805,NS
ENSG00000188315,C3orf62,0.011580683,0.845410769,NS
ENSG00000204084,INPP5B,0.012051865,0.84541111,NS
ENSG00000131931,THAP1,0.01202368,0.845614979,NS
ENSG00000072110,ACTN1,0.010518253,0.845733823,NS
ENSG00000182307,C8orf33,0.010449139,0.845733823,NS
ENSG00000112062,MAPK14,0.011199268,0.845770202,NS
ENSG00000221817,PPP3CB-AS1,0.010903634,0.845770202,NS
ENSG00000100568,VTI1B,0.010669306,0.845896285,NS
ENSG00000134597,RBMX2,0.011362797,0.846331442,NS
ENSG00000151233,GXYLT1,0.011512799,0.846409449,NS
ENSG00000152990,ADGRA3,0.011417281,0.846409449,NS
ENSG00000159363,ATP13A2,-0.011354664,0.846409449,NS
ENSG00000103351,CLUAP1,-0.011894121,0.846557904,NS
ENSG00000250264,NA,-0.006296009,0.846557904,NS
ENSG00000290948,NA,-0.011975288,0.846557904,NS
ENSG00000133111,RFXAP,0.011961314,0.846623947,NS
ENSG00000134247,PTGFRN,0.010773461,0.846623947,NS
ENSG00000137070,IL11RA,0.011203963,0.846623947,NS
ENSG00000148248,SURF4,0.009641063,0.846623947,NS
ENSG00000235655,H3P6,-0.011972267,0.846623947,NS
ENSG00000287222,NA,-0.011976365,0.846623947,NS
ENSG00000126226,PCID2,-0.011681521,0.84718477,NS
ENSG00000100380,ST13,-0.00960911,0.847187569,NS
ENSG00000123297,TSFM,-0.011245232,0.847187569,NS
ENSG00000214026,MRPL23,0.01151273,0.847187569,NS
ENSG00000224831,TMEM183BP,-0.010932868,0.847187569,NS
ENSG00000109775,UFSP2,0.011903633,0.847298498,NS
ENSG00000109919,MTCH2,0.009919831,0.847299305,NS
ENSG00000111981,ULBP1,0.011939364,0.847299305,NS
ENSG00000136378,ADAMTS7,0.011023708,0.847299305,NS
ENSG00000137094,DNAJB5,0.011878189,0.847353631,NS
ENSG00000219481,NBPF1,-0.01140204,0.847353631,NS
ENSG00000122728,TAF1L,-0.00982367,0.847395576,NS
ENSG00000164967,RPP25L,-0.011524089,0.847395576,NS
ENSG00000215021,PHB2,0.010221813,0.847395576,NS
ENSG00000112218,GPR63,-0.011886889,0.847430406,NS
ENSG00000221947,XKR9,0.01138907,0.847487363,NS
ENSG00000163882,POLR2H,-0.011012941,0.847719956,NS
ENSG00000267213,DPY19L3-DT,-0.01066177,0.847957331,NS
ENSG00000084774,CAD,0.010857789,0.848369607,NS
ENSG00000131788,PIAS3,-0.011422154,0.848369607,NS
ENSG00000204219,TCEA3,-0.011747415,0.848369607,NS
ENSG00000253626,EIF5AL1,-0.010542896,0.848369607,NS
ENSG00000256514,NA,-0.011434051,0.848572326,NS
ENSG00000163374,YY1AP1,-0.010724724,0.848609998,NS
ENSG00000181007,ZFP82,0.011860109,0.848669608,NS
ENSG00000116096,SPR,-0.01119261,0.84867435,NS
ENSG00000154370,TRIM11,0.010999377,0.84867435,NS
ENSG00000162601,MYSM1,-0.011813912,0.84867435,NS
ENSG00000227036,LINC00511,-0.01017908,0.84867435,NS
ENSG00000116128,BCL9,0.011026365,0.84869508,NS
ENSG00000163577,EIF5A2,-0.01183238,0.84869508,NS
ENSG00000186654,PRR5,-0.011784182,0.84869508,NS
ENSG00000205903,ZNF316,0.010917556,0.84869508,NS
ENSG00000136827,TOR1A,0.010933636,0.848713431,NS
ENSG00000162298,SYVN1,-0.011272845,0.848713431,NS
ENSG00000155666,KDM8,0.010576487,0.848719077,NS
ENSG00000148219,ASTN2,-0.011819838,0.848770711,NS
ENSG00000162627,SNX7,-0.011815983,0.848770711,NS
ENSG00000072609,CHFR,0.011754177,0.848814245,NS
ENSG00000109689,STIM2,0.011652456,0.848814245,NS
ENSG00000112367,FIG4,-0.0117457,0.848814245,NS
ENSG00000113812,ACTR8,0.011288079,0.848814245,NS
ENSG00000134419,RPS15A,-0.010674485,0.848814245,NS
ENSG00000161860,SYCE2,-0.01044653,0.848814245,NS
ENSG00000166130,IKBIP,0.011802416,0.848814245,NS
ENSG00000167995,BEST1,-0.011394031,0.848814245,NS
ENSG00000174562,KLK15,0.010025819,0.848814245,NS
ENSG00000196236,XPNPEP3,0.011427576,0.848814245,NS
ENSG00000236404,VLDLR-AS1,-0.009720955,0.848814245,NS
ENSG00000261069,NA,0.010076223,0.848814245,NS
ENSG00000100442,FKBP3,-0.010570999,0.848855552,NS
ENSG00000152684,PELO,-0.010597972,0.849183635,NS
ENSG00000229335,DANT1,0.009759888,0.849183635,NS
ENSG00000115109,EPB41L5,-0.011360946,0.849201215,NS
ENSG00000116670,MAD2L2,-0.01135582,0.849201215,NS
ENSG00000180867,PDIA3P1,-0.011620379,0.849201215,NS
ENSG00000197959,DNM3,0.01176198,0.849201215,NS
ENSG00000004399,PLXND1,0.010431086,0.849299972,NS
ENSG00000077514,POLD3,0.011479036,0.849299972,NS
ENSG00000115484,CCT4,0.009851601,0.849299972,NS
ENSG00000227252,COPS8-DT,0.011125246,0.849299972,NS
ENSG00000241058,NSUN6,-0.011762893,0.849299972,NS
ENSG00000300428,NA,-0.01097578,0.849299972,NS
ENSG00000010244,ZNF207,0.009403045,0.849344661,NS
ENSG00000155252,PI4K2A,0.01118979,0.849344661,NS
ENSG00000268575,NA,-0.011052317,0.849344661,NS
ENSG00000290318,NA,-0.011740774,0.849344661,NS
ENSG00000003096,KLHL13,0.011588344,0.849352291,NS
ENSG00000057608,GDI2,0.009484637,0.849352291,NS
ENSG00000213279,NA,0.011210938,0.849359707,NS
ENSG00000176209,SMIM19,-0.011366861,0.849455448,NS
ENSG00000198315,ZKSCAN8,-0.011734168,0.849455448,NS
ENSG00000177971,IMP3,-0.011188929,0.850007758,NS
ENSG00000184898,RBM43,0.010510494,0.850007758,NS
ENSG00000168303,MPLKIP,-0.011371612,0.850085217,NS
ENSG00000240342,RPS2P5,0.010989886,0.850193606,NS
ENSG00000114737,CISH,0.01022429,0.850242383,NS
ENSG00000139178,C1RL,0.011650625,0.850242383,NS
ENSG00000158092,NCK1,0.011242923,0.850242383,NS
ENSG00000163702,IL17RC,0.011461207,0.850242383,NS
ENSG00000172985,SH3RF3,0.01056395,0.850242383,NS
ENSG00000175054,ATR,0.011461349,0.850242383,NS
ENSG00000164978,NUDT2,0.011402067,0.850530403,NS
ENSG00000136271,DDX56,0.010284859,0.850567052,NS
ENSG00000196757,ZNF700,0.011650286,0.850567052,NS
ENSG00000162129,CLPB,0.011188503,0.85058999,NS
ENSG00000250790,NA,-0.01043158,0.85058999,NS
ENSG00000251615,NA,0.009931381,0.85058999,NS
ENSG00000151470,C4orf33,-0.011658741,0.850680969,NS
ENSG00000163479,SSR2,0.010233426,0.850680969,NS
ENSG00000124243,BCAS4,-0.011590236,0.850683142,NS
ENSG00000125304,TM9SF2,0.009961576,0.850683142,NS
ENSG00000177646,ACAD9,-0.010414767,0.850683142,NS
ENSG00000231439,WASIR2,-0.010832761,0.850683142,NS
ENSG00000151014,NOCT,-0.011641197,0.85070749,NS
ENSG00000083093,PALB2,0.011612115,0.851170503,NS
ENSG00000092208,GEMIN2,0.011585036,0.851170503,NS
ENSG00000152443,ZNF776,0.011283377,0.851170503,NS
ENSG00000172888,ZNF621,0.011069504,0.851170503,NS
ENSG00000182324,KCNJ14,0.009764003,0.851170503,NS
ENSG00000196937,FAM3C,-0.010635316,0.851170503,NS
ENSG00000255346,NOX5,0.011276386,0.85127435,NS
ENSG00000173418,NAA20,0.010281819,0.851405557,NS
ENSG00000198455,ZXDB,0.011479141,0.85148484,NS
ENSG00000022277,RTF2,-0.010418772,0.851524632,NS
ENSG00000117360,PRPF3,0.010867063,0.851713018,NS
ENSG00000250802,ZBED3-AS1,-0.01136868,0.851745606,NS
ENSG00000126464,PRR12,0.011301416,0.851858901,NS
ENSG00000163719,MTMR14,-0.011193389,0.851858901,NS
ENSG00000171603,CLSTN1,-0.009389358,0.851858901,NS
ENSG00000243199,RPL6P10,-0.010592648,0.851858901,NS
ENSG00000150456,EEF1AKMT1,-0.011422849,0.85193829,NS
ENSG00000171763,AFG2B,-0.011574152,0.85193829,NS
ENSG00000100784,RPS6KA5,-0.0114993,0.852013296,NS
ENSG00000100804,PSMB5,-0.010237741,0.852013296,NS
ENSG00000148334,PTGES2,-0.010575752,0.852013296,NS
ENSG00000162650,ATXN7L2,-0.011430566,0.852013296,NS
ENSG00000278899,NA,-0.010292514,0.852088838,NS
ENSG00000204922,UQCC3,-0.01133741,0.85214238,NS
ENSG00000267260,NA,-0.010041942,0.852179113,NS
ENSG00000101442,ACTR5,-0.01152539,0.852446085,NS
ENSG00000286129,NA,-0.011460783,0.852446085,NS
ENSG00000162885,B3GALNT2,0.010758816,0.852488598,NS
ENSG00000181826,RELL1,0.011515197,0.852544486,NS
ENSG00000145715,RASA1,0.010771855,0.852650835,NS
ENSG00000143570,SLC39A1,0.00997633,0.853081896,NS
ENSG00000189190,ZNF600,-0.011358386,0.853253524,NS
ENSG00000277232,GTSE1-DT,0.009547657,0.853497194,NS
ENSG00000069399,BCL3,0.011437091,0.853787408,NS
ENSG00000117153,KLHL12,-0.010406401,0.853787408,NS
ENSG00000151229,SLC2A13,-0.010240986,0.853787408,NS
ENSG00000251602,MTA1-DT,0.011270135,0.853787408,NS
ENSG00000170291,ELP5,0.010818126,0.853854397,NS
ENSG00000168883,USP39,-0.010461256,0.854236106,NS
ENSG00000164305,CASP3,0.010863167,0.854325802,NS
ENSG00000100258,LMF2,0.010764262,0.854379761,NS
ENSG00000116251,RPL22,0.009946733,0.854379761,NS
ENSG00000129083,COPB1,0.00939451,0.854379761,NS
ENSG00000169964,TMEM42,-0.011290395,0.854379761,NS
ENSG00000205138,SDHAF1,0.011249751,0.854379761,NS
ENSG00000090372,STRN4,-0.010615651,0.854420819,NS
ENSG00000112237,CCNC,0.010581452,0.854606898,NS
ENSG00000106689,LHX2,-0.011369168,0.854708994,NS
ENSG00000136718,IMP4,0.010144712,0.854950655,NS
ENSG00000179965,ZNF771,-0.011412705,0.855176863,NS
ENSG00000244038,DDOST,0.009423081,0.85541274,NS
ENSG00000162923,WDR26,-0.009877042,0.855442643,NS
ENSG00000263528,IKBKE,-0.010624138,0.855661265,NS
ENSG00000008294,SPAG9,-0.010619679,0.855740163,NS
ENSG00000089195,TRMT6,0.01109009,0.855740163,NS
ENSG00000143486,EIF2D,0.01062363,0.855740163,NS
ENSG00000150867,PIP4K2A,-0.011352413,0.855740163,NS
ENSG00000164011,ZNF691,-0.011305663,0.855740163,NS
ENSG00000181704,YIPF6,0.010175599,0.855740163,NS
ENSG00000244306,DUXAP10,-0.008687411,0.855740163,NS
ENSG00000110092,CCND1,0.009215451,0.855886248,NS
ENSG00000137177,KIF13A,-0.011185411,0.85613038,NS
ENSG00000147536,GINS4,0.011046592,0.85613038,NS
ENSG00000156875,MFSD14A,0.01037563,0.85613038,NS
ENSG00000164808,SPIDR,0.010636219,0.85613038,NS
ENSG00000196498,NCOR2,-0.009834936,0.85613038,NS
ENSG00000290876,WHAMMP4,-0.010377448,0.85613038,NS
ENSG00000308641,NA,0.010864514,0.85613038,NS
ENSG00000274425,NA,-0.011340888,0.856149372,NS
ENSG00000038532,CLEC16A,0.011141776,0.856256019,NS
ENSG00000088448,ANKRD10,0.011156529,0.856256019,NS
ENSG00000122257,RBBP6,0.010588064,0.856256019,NS
ENSG00000246174,KCTD21-AS1,-0.010664993,0.856263907,NS
ENSG00000006695,COX10,0.011136111,0.856355756,NS
ENSG00000136026,CKAP4,0.009683139,0.856355756,NS
ENSG00000156172,CFAP418,0.011124977,0.856355756,NS
ENSG00000169288,MRPL1,0.010905579,0.856355756,NS
ENSG00000197982,C1orf122,-0.010736523,0.856355756,NS
ENSG00000243819,RN7SL832P,-0.010013416,0.856355756,NS
ENSG00000273084,LINC03073,-0.011304802,0.856355756,NS
ENSG00000277476,NA,-0.010776421,0.856355756,NS
ENSG00000188735,TMEM120B,-0.010921602,0.856434858,NS
ENSG00000175329,ISX,0.011124254,0.856562049,NS
ENSG00000176407,KCMF1,0.010437996,0.856562049,NS
ENSG00000011295,TTC19,0.01010845,0.857079471,NS
ENSG00000110429,FBXO3,0.010596964,0.857079471,NS
ENSG00000129187,DCTD,-0.010060927,0.857079471,NS
ENSG00000135624,CCT7,0.009479238,0.857079471,NS
ENSG00000151500,THYN1,0.010833475,0.857079471,NS
ENSG00000155066,PROM2,0.010673962,0.857079471,NS
ENSG00000184182,UBE2F,0.011094419,0.857079471,NS
ENSG00000271086,NAMA,-0.00958652,0.857079471,NS
ENSG00000135093,USP30,0.011206475,0.857164181,NS
ENSG00000107669,ATE1,0.010883644,0.857170532,NS
ENSG00000244115,DNAJC25-GNG10,0.011223127,0.857170532,NS
ENSG00000245248,USP2-AS1,0.010466748,0.857170532,NS
ENSG00000263155,MYZAP,0.010784273,0.857170532,NS
ENSG00000109501,WFS1,0.011038219,0.857628897,NS
ENSG00000013573,DDX11,-0.011075803,0.857643366,NS
ENSG00000105767,CADM4,-0.01122288,0.857643366,NS
ENSG00000112874,NUDT12,0.010969357,0.857643366,NS
ENSG00000116985,BMP8B,0.010504687,0.857643366,NS
ENSG00000134153,EMC7,-0.010803023,0.857643366,NS
ENSG00000142444,TIMM29,0.011139994,0.857643366,NS
ENSG00000150990,DHX37,0.010712446,0.857643366,NS
ENSG00000155008,APOOL,-0.01087534,0.857643366,NS
ENSG00000162076,FLYWCH2,-0.011053446,0.857643366,NS
ENSG00000168653,NDUFS5,0.010743647,0.857643366,NS
ENSG00000187186,NA,-0.009586113,0.857643366,NS
ENSG00000228889,UBAC2-AS1,-0.010800988,0.857643366,NS
ENSG00000238197,PAXBP1-AS1,-0.010355928,0.857643366,NS
ENSG00000253767,PCDHGA8,-0.010138958,0.857643366,NS
ENSG00000255193,LINC02726,-0.00971218,0.857643366,NS
ENSG00000269825,NA,0.011189269,0.857643366,NS
ENSG00000293678,NA,-0.010863417,0.857643366,NS
ENSG00000072954,TMEM38A,0.010525128,0.857694943,NS
ENSG00000259319,JDP2-AS1,-0.010612588,0.857980131,NS
ENSG00000198408,OGA,-0.010218776,0.85827254,NS
ENSG00000137642,SORL1,-0.01104578,0.858388799,NS
ENSG00000165264,NDUFB6,-0.010714364,0.858424842,NS
ENSG00000068885,IFT80,-0.011062255,0.858448926,NS
ENSG00000140961,OSGIN1,-0.011087811,0.858448926,NS
ENSG00000177105,RHOG,0.011151603,0.858448926,NS
ENSG00000221983,UBA52,-0.010294541,0.858448926,NS
ENSG00000136878,USP20,-0.010947565,0.858483867,NS
ENSG00000174705,SH3PXD2B,0.010901658,0.858483867,NS
ENSG00000104343,UBE2W,0.010612979,0.858590489,NS
ENSG00000121931,LRIF1,0.010971266,0.858590489,NS
ENSG00000122557,HERPUD2,-0.01109283,0.858590489,NS
ENSG00000124201,ZNFX1,0.010876962,0.858590489,NS
ENSG00000151348,EXT2,-0.010234171,0.858590489,NS
ENSG00000197008,ZNF138,0.011059196,0.858590489,NS
ENSG00000259976,NA,-0.008966635,0.858590489,NS
ENSG00000293237,HTR7P1,-0.011148838,0.858590489,NS
ENSG00000204120,GIGYF2,0.009851657,0.858636202,NS
ENSG00000128463,EMC4,-0.010340346,0.858756933,NS
ENSG00000165259,HDX,0.01047636,0.858756933,NS
ENSG00000171314,PGAM1,0.009554739,0.858756933,NS
ENSG00000254469,XNDC1N,0.010030365,0.858968232,NS
ENSG00000158769,F11R,-0.00936627,0.859111522,NS
ENSG00000168000,BSCL2,-0.010146603,0.859111522,NS
ENSG00000289106,NA,-0.010748386,0.859111522,NS
ENSG00000138642,HERC6,0.01095115,0.859293526,NS
ENSG00000139190,VAMP1,-0.01005789,0.859293526,NS
ENSG00000182541,LIMK2,-0.010470241,0.859404144,NS
ENSG00000105726,ATP13A1,0.009987131,0.85953178,NS
ENSG00000124635,H2BC11,0.010693258,0.85953178,NS
ENSG00000137601,NEK1,0.010865137,0.85953178,NS
ENSG00000143373,ZNF687,0.010741538,0.85953178,NS
ENSG00000176681,LRRC37A,0.010298146,0.85953178,NS
ENSG00000286408,NA,0.010898665,0.85953178,NS
ENSG00000163531,NFASC,-0.010314745,0.859587438,NS
ENSG00000183291,SELENOF,-0.009706256,0.859587438,NS
ENSG00000223891,OSER1-DT,-0.010107889,0.85981125,NS
ENSG00000071242,RPS6KA2,0.010336498,0.859819008,NS
ENSG00000161203,AP2M1,-0.008984777,0.859819008,NS
ENSG00000224281,SLC25A5-AS1,-0.010880348,0.86015356,NS
ENSG00000135052,GOLM1,0.008810874,0.860437729,NS
ENSG00000162783,IER5,0.010957761,0.860480694,NS
ENSG00000116586,LAMTOR2,-0.010425827,0.860626775,NS
ENSG00000124733,MEA1,-0.010514184,0.860875851,NS
ENSG00000126246,IGFLR1,-0.010886905,0.860875851,NS
ENSG00000167861,HID1,-0.010247224,0.860875851,NS
ENSG00000184203,PPP1R2,-0.010261419,0.860875851,NS
ENSG00000204685,STARD7-AS1,-0.010640171,0.860875851,NS
ENSG00000300022,NA,-0.010630425,0.860875851,NS
ENSG00000106588,PSMA2,0.009801023,0.860876652,NS
ENSG00000171155,C1GALT1C1,-0.010667089,0.861148058,NS
ENSG00000147677,EIF3H,-0.009964526,0.861178894,NS
ENSG00000113360,DROSHA,0.009833398,0.861240308,NS
ENSG00000102606,ARHGEF7,0.010935819,0.861268957,NS
ENSG00000137364,TPMT,-0.010186257,0.861268957,NS
ENSG00000152433,ZNF547,0.010088424,0.861268957,NS
ENSG00000152795,HNRNPDL,0.009560107,0.861268957,NS
ENSG00000153814,JAZF1,0.009256247,0.861268957,NS
ENSG00000174928,C3orf33,0.010973537,0.861268957,NS
ENSG00000241135,LINC00881,0.009153764,0.861268957,NS
ENSG00000243926,TIPARP-AS1,0.009467341,0.861268957,NS
ENSG00000103550,KNOP1,0.010557768,0.861279941,NS
ENSG00000160688,FLAD1,-0.009890771,0.861658043,NS
ENSG00000166106,ADAMTS15,0.010504404,0.861658043,NS
ENSG00000182185,RAD51B,-0.010785685,0.862182669,NS
ENSG00000184545,DUSP8,-0.010916106,0.862182669,NS
ENSG00000303936,NA,-0.010653654,0.862182669,NS
ENSG00000101363,MANBAL,-0.010324662,0.862529481,NS
ENSG00000075568,TMEM131,0.010280652,0.862659138,NS
ENSG00000146802,TMEM168,-0.00990619,0.862813114,NS
ENSG00000115541,HSPE1,-0.009868868,0.862980819,NS
ENSG00000174953,DHX36,-0.009842961,0.863068431,NS
ENSG00000177731,FLII,-0.009044428,0.863068431,NS
ENSG00000121903,ZSCAN20,-0.010887611,0.863093145,NS
ENSG00000160094,ZNF362,0.010797901,0.863093145,NS
ENSG00000272677,HNRNPD-DT,-0.009094649,0.863093145,NS
ENSG00000155906,RMND1,-0.010859115,0.863259902,NS
ENSG00000139970,RTN1,-0.010678416,0.863334906,NS
ENSG00000088888,MAVS,0.009846132,0.863358472,NS
ENSG00000119403,PHF19,0.010868516,0.863358472,NS
ENSG00000163738,MTHFD2L,-0.010685032,0.863358472,NS
ENSG00000160075,SSU72,0.009939233,0.86342226,NS
ENSG00000196584,XRCC2,0.010829008,0.86342226,NS
ENSG00000136100,VPS36,0.010856845,0.863509393,NS
ENSG00000103248,MTHFSD,-0.010849754,0.863644913,NS
ENSG00000164610,RP9,-0.010602899,0.863644913,NS
ENSG00000275895,NA,-0.001059593,0.863842993,NS
ENSG00000123836,PFKFB2,0.010286831,0.863863144,NS
ENSG00000182963,GJC1,0.010834828,0.863874037,NS
ENSG00000260063,NA,0.010508486,0.863874037,NS
ENSG00000139842,CUL4A,0.009493811,0.86391116,NS
ENSG00000080561,MID2,-0.010574965,0.864000352,NS
ENSG00000106086,PLEKHA8,0.01068443,0.864000352,NS
ENSG00000110906,KCTD10,0.010258291,0.864000352,NS
ENSG00000134717,BTF3L4,0.009200224,0.864000352,NS
ENSG00000162236,STX5,-0.010569866,0.864000352,NS
ENSG00000171310,CHST11,0.009885058,0.864000352,NS
ENSG00000177034,MTX3,0.010564707,0.864000352,NS
ENSG00000184979,USP18,-0.010649969,0.864000352,NS
ENSG00000197905,TEAD4,0.010582478,0.864000352,NS
ENSG00000213722,DDAH2,-0.010783557,0.864000352,NS
ENSG00000217128,FNIP1,-0.010711734,0.864000352,NS
ENSG00000226754,MAGOH-DT,-0.010108314,0.864000352,NS
ENSG00000244198,ARHGEF35-AS1,0.010779872,0.864000352,NS
ENSG00000068724,TTC7A,0.010687607,0.864083499,NS
ENSG00000076984,MAP2K7,-0.010197076,0.864083499,NS
ENSG00000157653,C9orf43,-0.010133933,0.864083499,NS
ENSG00000165630,PRPF18,0.010585407,0.864083499,NS
ENSG00000167447,SMG8,0.010153916,0.864083499,NS
ENSG00000281358,RASSF1-AS1,0.010289254,0.864083499,NS
ENSG00000143248,RGS5,-0.00902224,0.864158276,NS
ENSG00000157110,RBPMS,0.010637849,0.864158276,NS
ENSG00000185065,UFD1-AS1,0.010549236,0.864158276,NS
ENSG00000204802,FAM88C,0.004551541,0.86421311,NS
ENSG00000064195,DLX3,0.010653627,0.864485169,NS
ENSG00000129071,MBD4,-0.010232445,0.864485169,NS
ENSG00000143952,VPS54,-0.010695561,0.864485169,NS
ENSG00000146386,ABRACL,-0.010659652,0.864485169,NS
ENSG00000154134,ROBO3,-0.009978231,0.864485169,NS
ENSG00000156671,SAMD8,-0.010540509,0.864485169,NS
ENSG00000168066,SF1,-0.009453667,0.864485169,NS
ENSG00000177200,CHD9,0.010705416,0.864485169,NS
ENSG00000144713,RPL32,-0.009917837,0.864504944,NS
ENSG00000141738,GRB7,0.010377169,0.864585122,NS
ENSG00000144182,LIPT1,-0.010677109,0.864591821,NS
ENSG00000105287,PRKD2,0.010723394,0.864649901,NS
ENSG00000147003,CLTRN,0.009223066,0.864649901,NS
ENSG00000166086,JAM3,-0.010056886,0.864649901,NS
ENSG00000166167,BTRC,0.010584152,0.864649901,NS
ENSG00000185298,CCDC137,-0.00985209,0.864649901,NS
ENSG00000213585,VDAC1,0.008276774,0.864649901,NS
ENSG00000278845,MRPL45,0.009635028,0.864649901,NS
ENSG00000079785,DDX1,-0.009217369,0.864775696,NS
ENSG00000254389,RHPN1-AS1,-0.010594451,0.864993155,NS
ENSG00000071243,ING3,-0.010691165,0.865056785,NS
ENSG00000089356,FXYD3,-0.010583794,0.865056785,NS
ENSG00000122378,PRXL2A,-0.009557887,0.865056785,NS
ENSG00000290683,NA,-0.010596122,0.865056785,NS
ENSG00000064313,TAF2,0.010401784,0.865150297,NS
ENSG00000145782,ATG12,-0.010314003,0.865150297,NS
ENSG00000100601,ALKBH1,0.010671195,0.865204078,NS
ENSG00000110330,BIRC2,-0.010233366,0.865204078,NS
ENSG00000133874,RNF122,-0.010253279,0.865204078,NS
ENSG00000256061,DNAAF4,-0.010422663,0.86532671,NS
ENSG00000102054,RBBP7,0.008946435,0.865441434,NS
ENSG00000165672,PRDX3,-0.00899584,0.865441434,NS
ENSG00000261770,NA,0.009297256,0.865441434,NS
ENSG00000072786,STK10,0.010633881,0.865696139,NS
ENSG00000111727,HCFC2,-0.010613801,0.865696139,NS
ENSG00000119820,YIPF4,-0.010277944,0.865696139,NS
ENSG00000177932,ZNF354C,0.010648415,0.865696139,NS
ENSG00000135919,SERPINE2,0.010618465,0.865796218,NS
ENSG00000164654,MIOS,-0.01003807,0.865796218,NS
ENSG00000231871,IPO9-AS1,0.009462754,0.865796218,NS
ENSG00000154518,ATP5MC3,-0.009980103,0.866097054,NS
ENSG00000055070,SZRD1,0.008853291,0.866121754,NS
ENSG00000102984,ZNF821,0.010568406,0.866193525,NS
ENSG00000103932,RPAP1,-0.010438094,0.866193525,NS
ENSG00000108187,PBLD,-0.01036026,0.866193525,NS
ENSG00000131791,PRKAB2,0.010504061,0.866193525,NS
ENSG00000144029,MRPS5,-0.009822221,0.866193525,NS
ENSG00000163312,HELQ,-0.010574676,0.866193525,NS
ENSG00000196187,TMEM63A,-0.010545378,0.866193525,NS
ENSG00000103653,CSK,0.009762979,0.866409056,NS
ENSG00000143889,HNRNPLL,-0.010206167,0.866409056,NS
ENSG00000156564,LRFN2,-0.009341566,0.866409056,NS
ENSG00000172530,BANP,-0.010456975,0.866409056,NS
ENSG00000177570,SAMD12,-0.010498032,0.866409056,NS
ENSG00000300465,NA,-0.008938092,0.866409056,NS
ENSG00000114209,PDCD10,0.009980939,0.866728097,NS
ENSG00000213588,ZBTB9,0.010560375,0.866728097,NS
ENSG00000268606,MAGEA2,0.009668728,0.866728097,NS
ENSG00000133794,BMAL1,-0.010501242,0.866767313,NS
ENSG00000062370,ZNF112,0.009886413,0.866850756,NS
ENSG00000168872,DDX19A,-0.009909539,0.866940333,NS
ENSG00000285230,RALY-AS1,-0.010465855,0.867353335,NS
ENSG00000123600,METTL8,-0.009743773,0.86773849,NS
ENSG00000124541,RRP36,0.009848654,0.86773849,NS
ENSG00000133193,VCF1,-0.010025922,0.86773849,NS
ENSG00000133789,SWAP70,-0.010038167,0.86773849,NS
ENSG00000164626,KCNK5,0.010397768,0.86773849,NS
ENSG00000168488,ATXN2L,-0.009192548,0.86773849,NS
ENSG00000170191,NANP,0.01038396,0.86773849,NS
ENSG00000179348,GATA2,-0.008961039,0.86773849,NS
ENSG00000187239,FNBP1,-0.010138529,0.86773849,NS
ENSG00000225190,PLEKHM1,0.01051776,0.86773849,NS
ENSG00000233493,TMEM238,0.010127132,0.86773849,NS
ENSG00000251003,ZFPM2-AS1,-0.010324184,0.86773849,NS
ENSG00000290082,NA,-0.009162341,0.86773849,NS
ENSG00000299625,NA,-0.004942138,0.86773849,NS
ENSG00000304244,NA,0.008970596,0.86773849,NS
ENSG00000075711,DLG1,-0.009679692,0.867766508,NS
ENSG00000084072,PPIE,0.010000118,0.867766508,NS
ENSG00000106089,STX1A,-0.009742625,0.867766508,NS
ENSG00000111229,ARPC3,-0.0089768,0.867766508,NS
ENSG00000117682,DHDDS,-0.010401696,0.867766508,NS
ENSG00000284753,EEF1AKMT4,-0.010402453,0.867766508,NS
ENSG00000136932,TRMO,-0.010461257,0.867785189,NS
ENSG00000022840,RNF10,-0.008654231,0.867828853,NS
ENSG00000067191,CACNB1,-0.009082813,0.867828853,NS
ENSG00000076003,MCM6,0.008896761,0.867828853,NS
ENSG00000083896,YTHDC1,-0.009523673,0.867828853,NS
ENSG00000120370,GORAB,-0.010392759,0.867828853,NS
ENSG00000180011,PTGR3,0.010218525,0.867828853,NS
ENSG00000204946,ZNF783,0.010461101,0.867828853,NS
ENSG00000213246,SUPT4H1,-0.009936217,0.867828853,NS
ENSG00000226124,FTCDNL1,-0.010410732,0.867828853,NS
ENSG00000258643,BCL2L2-PABPN1,-0.009225164,0.867828853,NS
ENSG00000117298,ECE1,-0.010228242,0.868017551,NS
ENSG00000136367,ZFHX2,-0.009388117,0.868017551,NS
ENSG00000198722,UNC13B,-0.009527822,0.868056148,NS
ENSG00000289238,NA,-0.010133618,0.86811895,NS
ENSG00000103510,KAT8,-0.010425998,0.868165942,NS
ENSG00000251192,ZNF674,-0.010012781,0.868165942,NS
ENSG00000241945,PWP2,0.010169183,0.868168285,NS
ENSG00000138399,FASTKD1,-0.009915359,0.868170732,NS
ENSG00000142168,SOD1,-0.009555625,0.868436675,NS
ENSG00000188342,GTF2F2,0.01027965,0.868781376,NS
ENSG00000170584,NUDCD2,0.009756139,0.868886135,NS
ENSG00000002330,BAD,-0.01008564,0.869079678,NS
ENSG00000133265,HSPBP1,-0.009819518,0.869233477,NS
ENSG00000104142,VPS18,-0.010114926,0.869335188,NS
ENSG00000246067,RAB30-DT,0.010344635,0.869335188,NS
ENSG00000257135,ODC1-DT,-0.01001017,0.869335188,NS
ENSG00000120129,DUSP1,-0.009694221,0.869338003,NS
ENSG00000127463,EMC1,0.009561635,0.869338003,NS
ENSG00000139154,AEBP2,0.009975607,0.869338003,NS
ENSG00000255639,NA,-0.010377103,0.869338003,NS
ENSG00000267751,BSG-AS1,-0.01037583,0.869338003,NS
ENSG00000289121,NA,0.008668695,0.869338003,NS
ENSG00000225968,ELFN1,-0.009074569,0.869382995,NS
ENSG00000005194,CIAPIN1,0.009598705,0.869469976,NS
ENSG00000006451,RALA,-0.009654164,0.869469976,NS
ENSG00000089289,IGBP1,-0.010117235,0.869469976,NS
ENSG00000100147,CCDC134,0.010332277,0.869469976,NS
ENSG00000108518,PFN1,0.00923469,0.869469976,NS
ENSG00000109265,CRACD,0.010171009,0.869469976,NS
ENSG00000117151,CTBS,-0.010018765,0.869469976,NS
ENSG00000134463,ECHDC3,-0.009897414,0.869469976,NS
ENSG00000134569,LRP4,-0.008357433,0.869469976,NS
ENSG00000136158,SPRY2,0.0084109,0.869469976,NS
ENSG00000143126,CELSR2,-0.009901422,0.869469976,NS
ENSG00000144597,EAF1,-0.009442945,0.869469976,NS
ENSG00000153363,LINC00467,-0.009867882,0.869469976,NS
ENSG00000175467,SART1,0.009265489,0.869469976,NS
ENSG00000177426,TGIF1,-0.010141125,0.869469976,NS
ENSG00000182362,YBEY,-0.010327474,0.869469976,NS
ENSG00000259345,NA,0.010052057,0.869469976,NS
ENSG00000289909,NA,0.009256069,0.869469976,NS
ENSG00000291151,NSUN5P1,-0.010322109,0.869469976,NS
ENSG00000291224,NA,0.010321889,0.869469976,NS
ENSG00000132016,BRME1,-0.009812523,0.869925971,NS
ENSG00000198668,CALM1,-0.00818821,0.869925971,NS
ENSG00000293310,NA,-0.010171859,0.869968719,NS
ENSG00000088305,DNMT3B,0.010242928,0.869980836,NS
ENSG00000118515,SGK1,0.009521345,0.869980836,NS
ENSG00000119599,DCAF4,-0.010296944,0.869980836,NS
ENSG00000293427,NA,-0.009665306,0.869980836,NS
ENSG00000085231,AK6,-0.009748416,0.8699876,NS
ENSG00000100034,PPM1F,0.009853329,0.8699876,NS
ENSG00000134779,TPGS2,0.009314484,0.8699876,NS
ENSG00000138134,STAMBPL1,-0.010017585,0.8699876,NS
ENSG00000139168,ZCRB1,-0.009429596,0.8699876,NS
ENSG00000142252,GEMIN7,0.010237418,0.8699876,NS
ENSG00000144619,CNTN4,-0.010244496,0.8699876,NS
ENSG00000168246,UBTD2,0.010010398,0.8699876,NS
ENSG00000172771,EFCAB12,0.008609385,0.8699876,NS
ENSG00000176946,THAP4,0.009559872,0.8699876,NS
ENSG00000227214,HCG15,-0.00856876,0.8699876,NS
ENSG00000261824,LINC00662,0.009992507,0.8699876,NS
ENSG00000271383,NBPF19,-0.010181131,0.8699876,NS
ENSG00000275023,MLLT6,-0.009484055,0.8699876,NS
ENSG00000166582,CENPV,-0.010124806,0.870033621,NS
ENSG00000185730,ZNF696,-0.010245542,0.870033621,NS
ENSG00000260285,TRMT61A-DT,-0.009872368,0.870033621,NS
ENSG00000132010,ZNF20,-0.010027853,0.870049002,NS
ENSG00000100890,PRORP,-0.010244885,0.870095523,NS
ENSG00000198301,SDAD1,-0.009546005,0.870095523,NS
ENSG00000204392,LSM2,0.010015789,0.870306716,NS
ENSG00000038002,AGA,0.010211719,0.87041938,NS
ENSG00000135655,USP15,-0.009409574,0.87041938,NS
ENSG00000176986,SEC24C,0.008479516,0.87041938,NS
ENSG00000132405,TBC1D14,0.008849163,0.870477061,NS
ENSG00000109790,KLHL5,0.010112042,0.870493022,NS
ENSG00000120727,PAIP2,-0.009380596,0.870493022,NS
ENSG00000225830,ERCC6,0.009727963,0.870572624,NS
ENSG00000245317,MRNIP-DT,-0.009019809,0.870572624,NS
ENSG00000283526,PRRT1B,-0.010197135,0.87069648,NS
ENSG00000275183,LENG9,-0.009979689,0.870708191,NS
ENSG00000152475,ZNF837,-0.009884394,0.870725931,NS
ENSG00000065923,SLC9A7,-0.010119868,0.87095259,NS
ENSG00000138386,NAB1,0.010117644,0.871306097,NS
ENSG00000169738,DCXR,-0.008943928,0.871804971,NS
ENSG00000260032,NORAD,0.009442468,0.871804971,NS
ENSG00000096654,ZNF184,-0.010090686,0.87186497,NS
ENSG00000121988,ZRANB3,-0.010133244,0.87186497,NS
ENSG00000131398,KCNC3,0.009567475,0.87186497,NS
ENSG00000174238,PITPNA,-0.008613936,0.87186497,NS
ENSG00000196422,PPP1R26,0.00983704,0.87186497,NS
ENSG00000253710,ALG11,0.010099479,0.87186497,NS
ENSG00000260228,CDH13-AS2,0.009324585,0.87186497,NS
ENSG00000050555,LAMC3,0.009627165,0.872032776,NS
ENSG00000291049,FAM86B3P,-0.00869541,0.872032776,NS
ENSG00000167840,ZNF232,0.009920587,0.872062192,NS
ENSG00000128513,POT1,0.009763118,0.872068344,NS
ENSG00000241343,RPL36A,0.009312284,0.872265302,NS
ENSG00000100532,CGRRF1,0.010117461,0.872307157,NS
ENSG00000172775,PSME3IP1,0.009602072,0.872307157,NS
ENSG00000179409,GEMIN4,0.009094037,0.872307157,NS
ENSG00000120458,MSANTD2,-0.009586189,0.872587637,NS
ENSG00000151773,CCDC122,-0.009259998,0.872989935,NS
ENSG00000087302,RTRAF,0.00916678,0.873593574,NS
ENSG00000100138,SNU13,-0.009225115,0.873593574,NS
ENSG00000122026,RPL21,-0.009058683,0.873593574,NS
ENSG00000126461,SCAF1,-0.008484238,0.873593574,NS
ENSG00000132612,VPS4A,-0.008756594,0.873593574,NS
ENSG00000143653,SCCPDH,-0.010067888,0.873593574,NS
ENSG00000178913,TAF7,0.008573026,0.873593574,NS
ENSG00000182580,EPHB3,0.009854251,0.873593574,NS
ENSG00000233527,ZNF529-AS1,0.009724266,0.873593574,NS
ENSG00000289810,NA,0.009866838,0.873593574,NS
ENSG00000167283,ATP5MG,-0.009037207,0.87391407,NS
ENSG00000178386,ZNF223,-0.008967962,0.874132621,NS
ENSG00000090686,USP48,0.00977214,0.874356092,NS
ENSG00000120333,MRPS14,0.009660095,0.874356092,NS
ENSG00000228544,CCDC183-AS1,-0.009137618,0.874356092,NS
ENSG00000293516,ZNF271P,0.009461591,0.874356092,NS
ENSG00000117036,ETV3,0.009636449,0.87438535,NS
ENSG00000002586,CD99,0.009195699,0.874417776,NS
ENSG00000019995,ZRANB1,0.009754525,0.874417776,NS
ENSG00000047315,POLR2B,0.008375709,0.874417776,NS
ENSG00000074071,MRPS34,0.009260204,0.874417776,NS
ENSG00000100124,ANKRD54,-0.009721025,0.874417776,NS
ENSG00000106028,SSBP1,0.009217509,0.874417776,NS
ENSG00000106714,CNTNAP3,0.009810655,0.874417776,NS
ENSG00000108592,FTSJ3,0.008584394,0.874417776,NS
ENSG00000111110,PPM1H,0.009591933,0.874417776,NS
ENSG00000111802,TDP2,0.009723125,0.874417776,NS
ENSG00000117480,FAAH,0.009330572,0.874417776,NS
ENSG00000127774,EMC6,0.009642777,0.874417776,NS
ENSG00000132676,DAP3,-0.008233541,0.874417776,NS
ENSG00000146376,ARHGAP18,-0.009940122,0.874417776,NS
ENSG00000146707,POMZP3,0.009907076,0.874417776,NS
ENSG00000152147,GEMIN6,0.009871825,0.874417776,NS
ENSG00000157349,DDX19B,0.00995976,0.874417776,NS
ENSG00000163950,SLBP,0.008666972,0.874417776,NS
ENSG00000167774,NA,-0.007220007,0.874417776,NS
ENSG00000169902,TPST1,-0.009972961,0.874417776,NS
ENSG00000171530,TBCA,0.008951498,0.874417776,NS
ENSG00000182612,TSPAN10,0.008599955,0.874417776,NS
ENSG00000183508,TENT5C,0.009404461,0.874417776,NS
ENSG00000188677,PARVB,-0.009448566,0.874417776,NS
ENSG00000203993,ARRDC1-AS1,-0.00991012,0.874417776,NS
ENSG00000218510,LINC00339,0.009818316,0.874417776,NS
ENSG00000245025,NA,0.008376933,0.874417776,NS
ENSG00000245694,CRNDE,-0.009958065,0.874417776,NS
ENSG00000258677,NA,-0.00884366,0.874417776,NS
ENSG00000278385,NA,-0.009531356,0.874417776,NS
ENSG00000280594,BTG3-AS1,-0.008598167,0.874417776,NS
ENSG00000291317,TMEM276,-0.009648215,0.874417776,NS
ENSG00000292348,CD99,0.009195699,0.874417776,NS
ENSG00000303898,NA,-0.008720277,0.874417776,NS
ENSG00000086504,MRPL28,-0.009452341,0.874424492,NS
ENSG00000163069,SGCB,0.009603832,0.874683186,NS
ENSG00000291126,NA,0.009915614,0.874683186,NS
ENSG00000119227,PIGZ,-0.008562549,0.874942432,NS
ENSG00000163257,DCAF16,0.009367123,0.875187971,NS
ENSG00000128596,CCDC136,0.009103581,0.875563438,NS
ENSG00000165661,QSOX2,0.0094949,0.87589681,NS
ENSG00000075151,EIF4G3,-0.009405954,0.876468202,NS
ENSG00000146233,CYP39A1,-0.009721469,0.876468202,NS
ENSG00000276529,NA,0.008534887,0.876468202,NS
ENSG00000079134,THOC1,-0.009547022,0.876492023,NS
ENSG00000136319,TTC5,-0.009606437,0.876566675,NS
ENSG00000232445,EMSLR,-0.009505241,0.876566675,NS
ENSG00000141642,ELAC1,-0.009813141,0.876849191,NS
ENSG00000166188,ZNF319,-0.009839438,0.876849191,NS
ENSG00000226833,PPP1CB-DT,0.008395978,0.876849191,NS
ENSG00000299654,NA,-0.009813264,0.876849191,NS
ENSG00000068120,COASY,0.008797656,0.877215588,NS
ENSG00000242516,LINC00960,0.009535628,0.877400664,NS
ENSG00000196155,PLEKHG4,-0.009590074,0.877482851,NS
ENSG00000096872,IFT74,-0.009430765,0.877726045,NS
ENSG00000100425,BRD1,-0.009363328,0.877726045,NS
ENSG00000102781,KATNAL1,0.00975661,0.877726045,NS
ENSG00000105443,CYTH2,-0.009587469,0.877726045,NS
ENSG00000122674,CCZ1,-0.009581932,0.877726045,NS
ENSG00000130638,ATXN10,-0.008348154,0.877726045,NS
ENSG00000134900,TPP2,-0.009404666,0.877726045,NS
ENSG00000136807,CDK9,0.009051162,0.877726045,NS
ENSG00000138073,PREB,-0.008853491,0.877726045,NS
ENSG00000141576,RNF157,-0.009378527,0.877726045,NS
ENSG00000158470,B4GALT5,-0.00872754,0.877726045,NS
ENSG00000162924,REL,0.009665579,0.877726045,NS
ENSG00000164332,UBLCP1,0.009287963,0.877726045,NS
ENSG00000168301,KCTD6,-0.009705775,0.877726045,NS
ENSG00000178104,PDE4DIP,-0.009449613,0.877726045,NS
ENSG00000183624,HMCES,-0.008937709,0.877726045,NS
ENSG00000206535,LNP1,-0.009758164,0.877726045,NS
ENSG00000247572,CKMT2-AS1,-0.009660157,0.877726045,NS
ENSG00000296732,NA,-0.008793798,0.877726045,NS
ENSG00000113522,RAD50,0.009197005,0.877749417,NS
ENSG00000178814,OPLAH,0.009751677,0.877974203,NS
ENSG00000278259,MYO19,0.008758904,0.878210971,NS
ENSG00000073578,SDHA,0.008308044,0.878226099,NS
ENSG00000100603,SNW1,0.008602127,0.878226099,NS
ENSG00000109794,FAM149A,-0.008450436,0.878226099,NS
ENSG00000141034,GID4,0.009678097,0.878226099,NS
ENSG00000232098,ZNF584-DT,-0.009613157,0.878226099,NS
ENSG00000235162,C12orf75,0.009585293,0.878226099,NS
ENSG00000153208,MERTK,0.009339648,0.878842708,NS
ENSG00000218283,MORF4L1P1,-0.009703674,0.879095343,NS
ENSG00000159111,MRPL10,0.009134787,0.879143979,NS
ENSG00000115998,C2orf42,-0.009485399,0.879273391,NS
ENSG00000157514,TSC22D3,-0.009571686,0.879273391,NS
ENSG00000270136,MICOS10-NBL1,0.006506801,0.879273391,NS
ENSG00000071894,CPSF1,0.009235023,0.879437134,NS
ENSG00000100330,MTMR3,-0.009525542,0.879437134,NS
ENSG00000101210,EEF1A2,-0.007990667,0.879437134,NS
ENSG00000116685,KIAA2013,0.008798436,0.879437134,NS
ENSG00000120509,PDZD11,-0.00934197,0.879437134,NS
ENSG00000135119,RNFT2,-0.009650978,0.879437134,NS
ENSG00000136448,NMT1,-0.008921867,0.879437134,NS
ENSG00000148158,SNX30,-0.009651316,0.879437134,NS
ENSG00000148908,RGS10,0.009669914,0.879437134,NS
ENSG00000163322,ABRAXAS1,-0.009626208,0.879437134,NS
ENSG00000183242,WT1-AS,0.008656366,0.879437134,NS
ENSG00000188566,NDOR1,0.009465611,0.879437134,NS
ENSG00000233695,GAS6-AS1,-0.009575571,0.879437134,NS
ENSG00000272768,NA,0.008130137,0.879437134,NS
ENSG00000065518,NDUFB4,-0.009236535,0.879503721,NS
ENSG00000161013,MGAT4B,-0.008647441,0.879503721,NS
ENSG00000177640,CASC2,-0.009365278,0.879503721,NS
ENSG00000183048,SLC25A10,0.008266001,0.879503721,NS
ENSG00000197763,TXNRD3,-0.009569163,0.879503721,NS
ENSG00000106443,PHF14,0.008608449,0.879586285,NS
ENSG00000124571,XPO5,0.008702326,0.879695922,NS
ENSG00000188283,ZNF383,0.009301837,0.879695922,NS
ENSG00000290615,RAB6C-AS1,-0.009479651,0.879742613,NS
ENSG00000141519,CCDC40,-0.009201692,0.87977654,NS
ENSG00000145741,BTF3,0.008548682,0.87977654,NS
ENSG00000043039,BARX2,0.008742222,0.879780676,NS
ENSG00000134996,OSTF1,-0.009217702,0.879780676,NS
ENSG00000147364,FBXO25,0.008941875,0.879780676,NS
ENSG00000162981,LRATD1,0.009173852,0.879780676,NS
ENSG00000169057,MECP2,-0.008673965,0.880161745,NS
ENSG00000100908,EMC9,0.009471372,0.880170465,NS
ENSG00000166887,VPS39,-0.009150147,0.880221109,NS
ENSG00000088876,ZNF343,-0.009574486,0.880374007,NS
ENSG00000125170,DOK4,-0.008788097,0.880374007,NS
ENSG00000163634,THOC7,-0.009033675,0.880374007,NS
ENSG00000185115,NSMCE3,0.009338722,0.880374007,NS
ENSG00000196549,MME,0.0073534,0.880374007,NS
ENSG00000288695,NA,-0.007430749,0.880374007,NS
ENSG00000291080,ZNF252P,0.009112069,0.880374007,NS
ENSG00000128789,PSMG2,0.009311554,0.880380574,NS
ENSG00000100347,SAMM50,-0.008920655,0.880569834,NS
ENSG00000066651,TRMT11,0.009532827,0.88064453,NS
ENSG00000115289,PCGF1,-0.009518397,0.88064453,NS
ENSG00000121851,POLR3GL,-0.009436813,0.88064453,NS
ENSG00000132207,SLX1A,0.00955597,0.88064453,NS
ENSG00000293057,NA,0.009166805,0.88064453,NS
ENSG00000106635,BCL7B,-0.009134497,0.880827736,NS
ENSG00000130222,GADD45G,-0.009535272,0.880827736,NS
ENSG00000223478,ZDHHC12-DT,0.009536439,0.880905913,NS
ENSG00000143384,MCL1,0.007964607,0.880918152,NS
ENSG00000165609,NUDT5,-0.008870418,0.880918152,NS
ENSG00000235173,HGH1,0.008897017,0.880918152,NS
ENSG00000107957,SH3PXD2A,0.007935044,0.881091357,NS
ENSG00000169926,KLF13,-0.009064168,0.881091357,NS
ENSG00000175643,RMI2,-0.009322198,0.88115218,NS
ENSG00000183010,PYCR1,0.007825043,0.88115218,NS
ENSG00000125691,RPL23,-0.008433494,0.881386279,NS
ENSG00000127837,AAMP,-0.008443988,0.881386279,NS
ENSG00000140280,LYSMD2,0.009493621,0.881386279,NS
ENSG00000147144,CCDC120,0.009471516,0.881386279,NS
ENSG00000157184,CPT2,-0.008780992,0.881386279,NS
ENSG00000159658,EFCAB14,0.008437995,0.881386279,NS
ENSG00000160216,AGPAT3,0.007869727,0.881386279,NS
ENSG00000162869,PPP1R21,-0.009492337,0.881386279,NS
ENSG00000164548,TRA2A,-0.008916611,0.881386279,NS
ENSG00000172869,DMXL1,0.009126988,0.881386279,NS
ENSG00000183655,KLHL25,0.009479117,0.881386279,NS
ENSG00000196459,TRAPPC2,-0.009319833,0.881386279,NS
ENSG00000277597,NA,-0.008366017,0.881386279,NS
ENSG00000297649,NA,-0.00922315,0.881386279,NS
ENSG00000119328,ABITRAM,-0.009167736,0.881389664,NS
ENSG00000100412,ACO2,-0.007797011,0.881422696,NS
ENSG00000134709,HOOK1,0.008980886,0.881422696,NS
ENSG00000147684,NDUFB9,-0.008516329,0.881422696,NS
ENSG00000167881,SRP68,0.00805944,0.881422696,NS
ENSG00000290832,NA,-0.009422704,0.881422696,NS
ENSG00000083520,DIS3,0.009364456,0.881435026,NS
ENSG00000070214,SLC44A1,-0.008520114,0.881522081,NS
ENSG00000273018,FAM106A,-0.006798555,0.881570334,NS
ENSG00000043093,DCUN1D1,0.008826058,0.881828735,NS
ENSG00000100823,APEX1,-0.007950307,0.881828735,NS
ENSG00000159445,THEM4,0.008578442,0.881828735,NS
ENSG00000181481,RNF135,-0.009173713,0.881828735,NS
ENSG00000203288,TDRKH-AS1,0.008167467,0.881828735,NS
ENSG00000189144,ZNF573,0.008941263,0.881950516,NS
ENSG00000066136,NFYC,0.008843747,0.882057882,NS
ENSG00000166716,ZNF592,0.009095499,0.882057882,NS
ENSG00000183621,ZNF438,-0.008853417,0.882057882,NS
ENSG00000216895,RBM33-DT,-0.008935097,0.882057882,NS
ENSG00000115677,HDLBP,-0.007591221,0.882154486,NS
ENSG00000108551,RASD1,0.008073107,0.882615667,NS
ENSG00000148358,GPR107,0.007851482,0.882697381,NS
ENSG00000186326,RGS9BP,-0.009065364,0.882697381,NS
ENSG00000224505,HEXIM2-AS1,-0.008803478,0.882697381,NS
ENSG00000242474,LINC03015,-0.009218705,0.882697381,NS
ENSG00000258099,ATXN2-AS,-0.007851697,0.882697381,NS
ENSG00000078967,UBE2D4,-0.009042271,0.882851457,NS
ENSG00000105053,VRK3,-0.009318807,0.882860561,NS
ENSG00000126561,STAT5A,0.007912808,0.882860561,NS
ENSG00000127399,LRRC61,0.009245127,0.882860561,NS
ENSG00000263072,ZNF213-AS1,-0.009329376,0.882860561,NS
ENSG00000273066,NA,-0.009183628,0.882860561,NS
ENSG00000147457,CHMP7,-0.008487534,0.882870371,NS
ENSG00000159915,ZNF233,-0.008758614,0.88292826,NS
ENSG00000114841,DNAH1,-0.008052696,0.883278712,NS
ENSG00000236666,POTEH-AS1,0.00907442,0.883278712,NS
ENSG00000152409,JMY,-0.008932345,0.883288319,NS
ENSG00000183682,BMP8A,0.008104153,0.883288956,NS
ENSG00000087903,RFX2,0.009314767,0.883494876,NS
ENSG00000104892,KLC3,-0.008936946,0.883494876,NS
ENSG00000123411,IKZF4,-0.008424238,0.883494876,NS
ENSG00000139624,CERS5,-0.009258397,0.883494876,NS
ENSG00000142627,EPHA2,-0.009289568,0.883494876,NS
ENSG00000145982,FARS2,-0.009317057,0.883494876,NS
ENSG00000185721,DRG1,-0.008577886,0.883494876,NS
ENSG00000293491,TMEM198B,-0.00932695,0.883494876,NS
ENSG00000144674,GOLGA4,0.009146743,0.883655492,NS
ENSG00000155368,DBI,0.00845957,0.883766407,NS
ENSG00000127952,STYXL1,-0.009028992,0.883923757,NS
ENSG00000167674,HDGFL2,-0.008736746,0.883923757,NS
ENSG00000169116,PARM1,0.008452016,0.883923757,NS
ENSG00000234949,RAB17-DT,-0.009267865,0.883923757,NS
ENSG00000100395,L3MBTL2,0.008528493,0.884149263,NS
ENSG00000136870,ZNF189,0.009223083,0.884149263,NS
ENSG00000145723,GIN1,-0.009278677,0.884149263,NS
ENSG00000175595,ERCC4,-0.009180089,0.884149263,NS
ENSG00000205133,TRIQK,0.008828604,0.884149263,NS
ENSG00000286585,NA,-0.009034643,0.884149263,NS
ENSG00000089022,MAPKAPK5,-0.008814793,0.884175729,NS
ENSG00000104522,GFUS,0.00867602,0.884175729,NS
ENSG00000114480,GBE1,-0.008887859,0.884175729,NS
ENSG00000122386,ZNF205,0.009246773,0.884175729,NS
ENSG00000126602,TRAP1,-0.007587313,0.884175729,NS
ENSG00000174606,ANGEL2,0.008980835,0.884175729,NS
ENSG00000178301,AQP11,-0.008771693,0.884175729,NS
ENSG00000196544,BORCS6,-0.009251642,0.884175729,NS
ENSG00000198695,MT-ND6,-0.006968926,0.884175729,NS
ENSG00000224687,RASAL2-AS1,-0.00808268,0.884175729,NS
ENSG00000121964,GTDC1,-0.009222149,0.884198015,NS
ENSG00000152402,GUCY1A2,0.009241974,0.884198015,NS
ENSG00000241316,SUCLG2-DT,-0.008986555,0.884198015,NS
ENSG00000263620,NA,-0.007717074,0.884198015,NS
ENSG00000270872,SRGAP2D,0.008605526,0.884198015,NS
ENSG00000279968,CCDC28A-AS1,0.007846048,0.884198015,NS
ENSG00000067221,STOML1,0.009222478,0.884328209,NS
ENSG00000128626,MRPS12,0.008804375,0.884328209,NS
ENSG00000134294,SLC38A2,0.008046968,0.884328209,NS
ENSG00000105792,CFAP69,-0.00862612,0.884942423,NS
ENSG00000137207,YIPF3,-0.008691151,0.884942423,NS
ENSG00000152439,ZNF773,0.009206088,0.884942423,NS
ENSG00000182224,CYB5D1,0.008205585,0.885131378,NS
ENSG00000134056,KGD4,-0.009021745,0.885367717,NS
ENSG00000099800,TIMM13,-0.008513995,0.885421608,NS
ENSG00000158106,RHPN1,0.009147806,0.885695988,NS
ENSG00000101019,UQCC1,-0.009056026,0.885748321,NS
ENSG00000146414,SHPRH,-0.009154472,0.885748321,NS
ENSG00000258815,LINC02820,-0.008816743,0.885748321,NS
ENSG00000274964,NA,-0.007608171,0.885748321,NS
ENSG00000293514,CUTALP,0.009123995,0.885748321,NS
ENSG00000134049,IER3IP1,-0.008692544,0.885770009,NS
ENSG00000104388,RAB2A,-0.008183432,0.885842471,NS
ENSG00000008323,PLEKHG6,-0.007791647,0.885953322,NS
ENSG00000088035,ALG6,0.00896684,0.885953322,NS
ENSG00000117625,RCOR3,-0.008680131,0.885953322,NS
ENSG00000163884,KLF15,0.009118748,0.885953322,NS
ENSG00000165097,KDM1B,-0.008539297,0.885953322,NS
ENSG00000087995,METTL2A,0.008783268,0.885991873,NS
ENSG00000108511,HOXB6,0.007981529,0.885991873,NS
ENSG00000153029,MR1,-0.009132301,0.885991873,NS
ENSG00000196968,FUT11,0.009114018,0.885991873,NS
ENSG00000165219,GAPVD1,0.008771184,0.886054359,NS
ENSG00000123472,ATPAF1,0.007889308,0.886112825,NS
ENSG00000261740,BOLA2-SMG1P6,0.008936169,0.886355241,NS
ENSG00000015171,ZMYND11,-0.007922843,0.886452342,NS
ENSG00000044115,CTNNA1,-0.007151985,0.886452342,NS
ENSG00000102910,LONP2,0.007942209,0.886452342,NS
ENSG00000104859,CLASRP,-0.009076291,0.886452342,NS
ENSG00000132254,ARFIP2,-0.008302454,0.886452342,NS
ENSG00000137806,NDUFAF1,-0.008935413,0.886452342,NS
ENSG00000137834,SMAD6,0.009005593,0.886452342,NS
ENSG00000161996,WDR90,0.009061946,0.886452342,NS
ENSG00000177054,ZDHHC13,0.008847478,0.886452342,NS
ENSG00000198858,R3HDM4,-0.008445803,0.886452342,NS
ENSG00000204390,HSPA1L,-0.008263494,0.886452342,NS
ENSG00000307088,NA,0.009047656,0.886452342,NS
ENSG00000214717,ZBED1,-0.008592286,0.886500932,NS
ENSG00000292345,ZBED1,-0.008592286,0.886500932,NS
ENSG00000162522,NHSL3,-0.007682075,0.886753765,NS
ENSG00000163297,ANTXR2,-0.008288364,0.886753765,NS
ENSG00000166562,SEC11C,-0.008371726,0.886753765,NS
ENSG00000176871,WSB2,0.007158606,0.886753765,NS
ENSG00000185340,GAS2L1,0.0082114,0.886753765,NS
ENSG00000197258,EIF4BP6,-0.00877241,0.886753765,NS
ENSG00000228340,MIR646HG,-0.008739634,0.886753765,NS
ENSG00000268471,MIR4453HG,0.009042885,0.886753765,NS
ENSG00000198185,ZNF334,0.008651542,0.886869782,NS
ENSG00000120327,PCDHB14,-0.007603662,0.887041619,NS
ENSG00000134602,STK26,0.008668649,0.887041619,NS
ENSG00000164597,COG5,0.008635663,0.887041619,NS
ENSG00000171608,PIK3CD,-0.008423011,0.887041619,NS
ENSG00000180190,TDRP,0.008614419,0.887041619,NS
ENSG00000185909,KLHDC8B,-0.008996477,0.887041619,NS
ENSG00000230615,NA,0.008573179,0.887041619,NS
ENSG00000263731,NA,0.00828059,0.887067967,NS
ENSG00000262919,CCNQ,0.008955751,0.887141503,NS
ENSG00000120253,NUP43,0.008856135,0.88764587,NS
ENSG00000158161,EYA3,0.008749512,0.88764587,NS
ENSG00000217555,CKLF,0.008800506,0.88764587,NS
ENSG00000137404,NRM,0.008968398,0.887825589,NS
ENSG00000139722,VPS37B,0.0087819,0.887825589,NS
ENSG00000229043,ZFAND2A-DT,-0.008978722,0.887825589,NS
ENSG00000246308,NA,-0.007513262,0.887825589,NS
ENSG00000173457,PPP1R14B,0.008476106,0.88825549,NS
ENSG00000116198,CEP104,0.008397563,0.888288441,NS
ENSG00000067208,EVI5,0.00885351,0.888300924,NS
ENSG00000149289,ZC3H12C,0.008455691,0.888300924,NS
ENSG00000160679,CHTOP,-0.007876782,0.888300924,NS
ENSG00000251026,NIHCOLE,-0.008727672,0.888300924,NS
ENSG00000291220,NA,-0.008394116,0.888300924,NS
ENSG00000170835,CEL,-0.008453343,0.88862374,NS
ENSG00000232677,LINC00665,0.007519157,0.888702892,NS
ENSG00000286388,NA,0.008868095,0.888702892,NS
ENSG00000177989,CIMAP1B,-0.008210821,0.888714631,NS
ENSG00000107937,GTPBP4,0.007455307,0.888778938,NS
ENSG00000137699,TRIM29,-0.007510276,0.888778938,NS
ENSG00000277586,NEFL,0.008784016,0.888778938,NS
ENSG00000290775,NA,-0.008053906,0.888778938,NS
ENSG00000279117,NA,-0.008890189,0.889032923,NS
ENSG00000105784,RUNDC3B,0.008027345,0.890037931,NS
ENSG00000148300,REXO4,0.008079051,0.890037931,NS
ENSG00000166529,ZSCAN21,-0.008809137,0.890037931,NS
ENSG00000187624,LIAT1,0.008711497,0.890037931,NS
ENSG00000285967,NIPBL-DT,0.008805242,0.890037931,NS
ENSG00000091164,TXNL1,0.008024447,0.890130908,NS
ENSG00000275066,SYNRG,-0.008197679,0.890130908,NS
ENSG00000077254,USP33,0.00825863,0.890449069,NS
ENSG00000121542,SEC22A,-0.008714285,0.890449069,NS
ENSG00000155760,FZD7,-0.008816317,0.890483068,NS
ENSG00000280173,NA,0.007950248,0.890483068,NS
ENSG00000004777,ARHGAP33,-0.008843287,0.890503906,NS
ENSG00000146834,MEPCE,0.007956302,0.890693179,NS
ENSG00000100867,DHRS2,-0.008836197,0.890703775,NS
ENSG00000162961,DPY30,-0.008456737,0.890703775,NS
ENSG00000172345,STARD5,-0.008370723,0.890703775,NS
ENSG00000198026,ZNF335,-0.008798862,0.890703775,NS
ENSG00000303991,SHLD2P3,0.008254984,0.890703775,NS
ENSG00000132749,TESMIN,-0.00878666,0.890724893,NS
ENSG00000154914,USP43,-0.008647612,0.890871535,NS
ENSG00000171206,TRIM8,0.008376588,0.890871535,NS
ENSG00000124191,TOX2,-0.007630405,0.891036487,NS
ENSG00000137814,HAUS2,0.008506977,0.891036487,NS
ENSG00000164953,TMEM67,-0.008789466,0.891036487,NS
ENSG00000178750,STX19,0.007439084,0.891036487,NS
ENSG00000197021,EOLA2,0.008538863,0.891036487,NS
ENSG00000213214,ARHGEF35,-0.008761653,0.891036487,NS
ENSG00000232112,TMA7,-0.008472293,0.891036487,NS
ENSG00000280027,NA,-0.008359078,0.891036487,NS
ENSG00000304458,NA,0.007381291,0.891036487,NS
ENSG00000100479,POLE2,0.008779881,0.891114232,NS
ENSG00000101452,DHX35,0.008770207,0.891114232,NS
ENSG00000152219,ARL14EP,0.008777804,0.891114232,NS
ENSG00000169439,SDC2,-0.008066885,0.891164659,NS
ENSG00000028116,VRK2,-0.008636596,0.891175046,NS
ENSG00000031081,ARHGAP31,0.007449195,0.891175046,NS
ENSG00000068354,TBC1D25,-0.008750944,0.891175046,NS
ENSG00000102178,UBL4A,-0.008062216,0.891175046,NS
ENSG00000167658,EEF2,-0.007200766,0.891175046,NS
ENSG00000231074,HCG18,0.008593974,0.891175046,NS
ENSG00000234171,RNASEH1-DT,-0.008764375,0.891175046,NS
ENSG00000272886,DCP1A,0.008078876,0.891175046,NS
ENSG00000289494,NA,-0.007442554,0.891175046,NS
ENSG00000022976,ZNF839,0.008749283,0.891264142,NS
ENSG00000105576,TNPO2,-0.008244851,0.891264142,NS
ENSG00000130414,NDUFA10,0.007781943,0.891264142,NS
ENSG00000151332,MBIP,-0.008752936,0.891264142,NS
ENSG00000188042,ARL4C,-0.008731458,0.891264142,NS
ENSG00000120314,WDR55,-0.008170621,0.891471652,NS
ENSG00000037897,METTL1,-0.00862615,0.891493397,NS
ENSG00000131051,RBM39,-0.007175398,0.891493397,NS
ENSG00000147124,ZNF41,0.008726404,0.891493397,NS
ENSG00000243244,STON1,-0.008736505,0.891493397,NS
ENSG00000251363,LINC02315,-0.007555778,0.891493397,NS
ENSG00000255284,GATD1-DT,-0.008729434,0.891493397,NS
ENSG00000278383,NA,-0.007247879,0.891493397,NS
ENSG00000125877,ITPA,-0.008628858,0.891631946,NS
ENSG00000137343,ATAT1,-0.008684797,0.891631946,NS
ENSG00000143493,INTS7,0.008134972,0.891631946,NS
ENSG00000176994,SMCR8,0.008053804,0.891631946,NS
ENSG00000196150,ZNF250,-0.008234788,0.891748832,NS
ENSG00000183735,TBK1,0.008090294,0.891826069,NS
ENSG00000163378,EOGT,0.008666458,0.892093121,NS
ENSG00000003056,M6PR,-0.007712227,0.892232382,NS
ENSG00000198912,C1orf174,0.008495046,0.892256507,NS
ENSG00000099977,DDT,-0.007761462,0.892669742,NS
ENSG00000100139,MICALL1,0.008379912,0.892669742,NS
ENSG00000156411,ATP5MJ,-0.007952172,0.892669742,NS
ENSG00000198431,TXNRD1,0.006971169,0.892669742,NS
ENSG00000306402,NA,-0.008632428,0.892669742,NS
ENSG00000196724,ZNF418,0.008136582,0.893042354,NS
ENSG00000140807,NKD1,-0.008572079,0.893057908,NS
ENSG00000137877,SPTBN5,-0.008061333,0.893189829,NS
ENSG00000029364,SLC39A9,0.007801352,0.893218848,NS
ENSG00000137965,IFI44,0.007935897,0.893218848,NS
ENSG00000100583,SAMD15,-0.008552223,0.893329417,NS
ENSG00000011523,CEP68,-0.008627628,0.893480528,NS
ENSG00000112031,MTRF1L,-0.008536065,0.893493976,NS
ENSG00000162144,CYB561A3,0.007939414,0.893539134,NS
ENSG00000229119,RPLP0P9,-0.007457798,0.893539134,NS
ENSG00000071626,DAZAP1,-0.007074246,0.893741806,NS
ENSG00000100129,EIF3L,0.007394391,0.893741806,NS
ENSG00000108010,GLRX3,0.007860547,0.893741806,NS
ENSG00000138069,RAB1A,0.007825334,0.893741806,NS
ENSG00000257949,TEN1,-0.008602752,0.893741806,NS
ENSG00000114942,EEF1B2,0.007757124,0.893894888,NS
ENSG00000131467,PSME3,-0.007064777,0.893894888,NS
ENSG00000143669,LYST,-0.008585728,0.893894888,NS
ENSG00000169567,HINT1,0.00803513,0.893894888,NS
ENSG00000179119,SPTY2D1,-0.008161661,0.893894888,NS
ENSG00000231908,IDH1-AS1,-0.008153223,0.893894888,NS
ENSG00000123737,EXOSC9,0.008242152,0.893992453,NS
ENSG00000173905,GOLIM4,-0.008182288,0.893992453,NS
ENSG00000206573,THUMPD3-AS1,-0.008500394,0.893992453,NS
ENSG00000284634,NA,0.008369703,0.893992453,NS
ENSG00000132155,RAF1,0.007342221,0.894095271,NS
ENSG00000277969,NA,0.00842937,0.894095271,NS
ENSG00000071655,MBD3,0.007189993,0.894135222,NS
ENSG00000160908,ZNF394,-0.008549652,0.894135222,NS
ENSG00000145908,ZNF300,-0.008551566,0.894215739,NS
ENSG00000188112,C6orf132,0.008161367,0.894215739,NS
ENSG00000196689,TRPV1,-0.007449742,0.894215739,NS
ENSG00000198218,QRICH1,0.007748431,0.894582447,NS
ENSG00000134882,UBAC2,0.008189888,0.894899386,NS
ENSG00000144535,DIS3L2,0.008522353,0.894899386,NS
ENSG00000171793,CTPS1,0.007546801,0.894899386,NS
ENSG00000107164,FUBP3,-0.007989407,0.894927898,NS
ENSG00000122696,SLC25A51,-0.008484444,0.894927898,NS
ENSG00000133027,PEMT,0.008427006,0.894927898,NS
ENSG00000149636,DSN1,0.008210335,0.894927898,NS
ENSG00000185946,RNPC3,-0.007998357,0.894927898,NS
ENSG00000115350,POLE4,-0.008283534,0.895061771,NS
ENSG00000136810,TXN,-0.007979275,0.895061771,NS
ENSG00000260244,NA,-0.008451992,0.895098012,NS
ENSG00000110080,ST3GAL4,0.008447886,0.895146539,NS
ENSG00000137504,CREBZF,-0.008309978,0.895146539,NS
ENSG00000163072,NOSTRIN,0.007842849,0.895146539,NS
ENSG00000132182,NUP210,-0.007145716,0.895408601,NS
ENSG00000173898,SPTBN2,-0.007749607,0.895697832,NS
ENSG00000185278,ZBTB37,0.008375441,0.895697832,NS
ENSG00000167632,TRAPPC9,-0.008106636,0.895802682,NS
ENSG00000176490,DIRAS1,-0.008380095,0.895964268,NS
ENSG00000131899,LLGL1,-0.008186982,0.896084723,NS
ENSG00000157881,PANK4,0.008230475,0.896084723,NS
ENSG00000136643,RPS6KC1,0.008198147,0.8961897,NS
ENSG00000272716,SLC30A6-DT,-0.007986882,0.896431743,NS
ENSG00000142867,BCL10,-0.008340398,0.89677516,NS
ENSG00000112592,TBP,0.008374907,0.896809156,NS
ENSG00000119685,TTLL5,0.008088582,0.896809156,NS
ENSG00000174365,SNHG11,-0.008132354,0.897059648,NS
ENSG00000079462,PAFAH1B3,-0.008142867,0.897075036,NS
ENSG00000104835,SARS2,-0.008345188,0.897075036,NS
ENSG00000143418,CERS2,-0.006623192,0.897075036,NS
ENSG00000078142,PIK3C3,-0.008267036,0.897226867,NS
ENSG00000100023,PPIL2,-0.007884746,0.897226867,NS
ENSG00000106052,TAX1BP1,0.007082605,0.897226867,NS
ENSG00000114982,KANSL3,-0.007936062,0.897226867,NS
ENSG00000117408,IPO13,-0.007703406,0.897226867,NS
ENSG00000132330,SCLY,0.008124132,0.897226867,NS
ENSG00000135446,CDK4,-0.007423756,0.897226867,NS
ENSG00000182518,VCF2,-0.008381695,0.897226867,NS
ENSG00000288764,NA,-0.007682483,0.897226867,NS
ENSG00000273173,SNURF,-0.00785156,0.897361198,NS
ENSG00000197841,ZNF181,-0.008365454,0.897365858,NS
ENSG00000150779,TIMM8B,-0.00799911,0.897448105,NS
ENSG00000271147,NA,-0.007579666,0.897511297,NS
ENSG00000115524,SF3B1,0.006916529,0.897596276,NS
ENSG00000146066,HIGD2A,-0.007643033,0.897596276,NS
ENSG00000255121,CENATAC-DT,0.008163654,0.897653516,NS
ENSG00000008128,CDK11A,-0.008319197,0.89795738,NS
ENSG00000216937,CCDC7,-0.007940787,0.89795738,NS
ENSG00000290928,NA,-0.008234346,0.89795738,NS
ENSG00000122783,CYREN,-0.007574778,0.898018948,NS
ENSG00000076555,ACACB,0.008276738,0.898104786,NS
ENSG00000293440,DBIL5P,-0.007668353,0.898104786,NS
ENSG00000141569,TRIM65,-0.007890748,0.898156404,NS
ENSG00000245680,ZNF585B,-0.00829949,0.898336985,NS
ENSG00000033030,ZCCHC8,-0.008210992,0.898409611,NS
ENSG00000079974,RABL2B,-0.008233604,0.898409611,NS
ENSG00000100029,PES1,-0.007248461,0.898409611,NS
ENSG00000137145,DENND4C,-0.008064355,0.898409611,NS
ENSG00000144959,NCEH1,-0.008295692,0.898409611,NS
ENSG00000166199,ALKBH3,-0.008194758,0.898409611,NS
ENSG00000170906,NDUFA3,-0.008163866,0.898409611,NS
ENSG00000186020,ZNF529,-0.008294997,0.898409611,NS
ENSG00000186787,SPIN2B,-0.008308222,0.898409611,NS
ENSG00000165125,TRPV6,0.008279334,0.898599155,NS
ENSG00000166681,BEX3,-0.007813962,0.898599155,NS
ENSG00000100027,YPEL1,0.007286928,0.898634787,NS
ENSG00000173575,CHD2,0.007768853,0.898654074,NS
ENSG00000288922,NA,0.007545778,0.898654074,NS
ENSG00000291214,NA,-0.008278209,0.898654074,NS
ENSG00000237357,FAM88E,-0.007838951,0.898693906,NS
ENSG00000110711,AIP,-0.007855966,0.898760759,NS
ENSG00000179943,FIZ1,-0.008256154,0.898760759,NS
ENSG00000103642,LACTB,-0.007982938,0.89915855,NS
ENSG00000231312,MAP4K3-DT,-0.007429964,0.89915855,NS
ENSG00000274605,PCCA-DT,0.008251707,0.89915855,NS
ENSG00000090565,RAB11FIP3,-0.007881231,0.899328986,NS
ENSG00000143365,RORC,-0.008223603,0.899328986,NS
ENSG00000204304,PBX2,-0.008041799,0.899328986,NS
ENSG00000221988,PPT2,-0.007862859,0.899328986,NS
ENSG00000106701,FSD1L,0.008092076,0.899358026,NS
ENSG00000112308,C6orf62,0.007462259,0.899358026,NS
ENSG00000113657,DPYSL3,0.008056295,0.899358026,NS
ENSG00000143393,PI4KB,-0.007326342,0.899358026,NS
ENSG00000144785,NA,-0.005020438,0.899358026,NS
ENSG00000163319,MRPS18C,-0.008136047,0.899358026,NS
ENSG00000257218,GATC,0.007709307,0.899358026,NS
ENSG00000257524,NA,0.00516595,0.899358026,NS
ENSG00000270177,PPP2CA-DT,-0.008015042,0.899358026,NS
ENSG00000130713,EXOSC2,0.007416159,0.899450038,NS
ENSG00000082515,MRPL22,0.008093073,0.899615349,NS
ENSG00000172794,RAB37,0.00718295,0.899615349,NS
ENSG00000185686,PRAME,-0.007641287,0.899615349,NS
ENSG00000132382,MYBBP1A,-0.007064151,0.899742896,NS
ENSG00000170293,CMTM8,0.006909928,0.899742896,NS
ENSG00000247400,DNAJC3-DT,0.008065264,0.899742896,NS
ENSG00000167216,KATNAL2,-0.007023046,0.899795995,NS
ENSG00000005700,IBTK,0.007743642,0.899842051,NS
ENSG00000075043,KCNQ2,-0.007664879,0.899842051,NS
ENSG00000143842,SOX13,-0.008027746,0.899842051,NS
ENSG00000089737,DDX24,0.006539475,0.900141737,NS
ENSG00000104129,DNAJC17,-0.008115047,0.900141737,NS
ENSG00000114857,NKTR,-0.008015772,0.900141737,NS
ENSG00000152700,SAR1B,0.006889106,0.900141737,NS
ENSG00000248131,LINC01194,-0.007028337,0.900141737,NS
ENSG00000273320,NAMPT-AS1,0.007122662,0.900141737,NS
ENSG00000165124,SVEP1,0.006910744,0.900222551,NS
ENSG00000177192,PUS1,-0.008047452,0.900222551,NS
ENSG00000196656,NA,0.007813115,0.900222551,NS
ENSG00000204370,SDHD,0.007368975,0.900222551,NS
ENSG00000205707,ETFRF1,-0.007843956,0.900222551,NS
ENSG00000213782,DDX47,-0.007437743,0.900222551,NS
ENSG00000002549,LAP3,-0.007489244,0.900222866,NS
ENSG00000158528,PPP1R9A,0.008125895,0.900222866,NS
ENSG00000187866,PABIR1,0.008000041,0.900222866,NS
ENSG00000214562,NUTM2D,0.007309355,0.900222866,NS
ENSG00000111605,CPSF6,0.00697299,0.900228815,NS
ENSG00000269001,ZNF818P,-0.007190762,0.900228815,NS
ENSG00000260442,ATP2A1-AS1,-0.007737095,0.900555711,NS
ENSG00000291210,NA,-0.008074379,0.900555711,NS
ENSG00000272405,NA,-0.007169424,0.900631728,NS
ENSG00000100316,RPL3,-0.007140786,0.900905878,NS
ENSG00000134461,ANKRD16,-0.008032865,0.900905878,NS
ENSG00000138686,BBS7,-0.007949225,0.900905878,NS
ENSG00000234432,LINC02983,-0.008035804,0.900905878,NS
ENSG00000102003,SYP,0.006704347,0.900909464,NS
ENSG00000116497,S100PBP,-0.007818091,0.900909464,NS
ENSG00000119408,NEK6,0.007269616,0.900909464,NS
ENSG00000160321,ZNF208,0.006811652,0.900909464,NS
ENSG00000179873,NLRP11,0.006352688,0.900909464,NS
ENSG00000183665,TRMT12,0.007897158,0.900909464,NS
ENSG00000198563,DDX39B,0.006693393,0.900909464,NS
ENSG00000198715,GLMP,0.007384007,0.900909464,NS
ENSG00000278619,MRM1,-0.008077306,0.900909464,NS
ENSG00000111726,CMAS,0.007128466,0.900926285,NS
ENSG00000213300,HNRNPA3P6,-0.007134462,0.900926285,NS
ENSG00000020426,MNAT1,0.00787651,0.900959991,NS
ENSG00000143643,TTC13,-0.007868416,0.901141757,NS
ENSG00000150054,MPP7,-0.008052003,0.901141757,NS
ENSG00000163249,CCNYL1,0.007905135,0.901141757,NS
ENSG00000134899,ERCC5,-0.008044109,0.901225313,NS
ENSG00000144306,SCRN3,-0.007847806,0.901225313,NS
ENSG00000186019,ZNF225-AS1,0.007607532,0.901323204,NS
ENSG00000259529,NA,0.004723933,0.901323204,NS
ENSG00000007520,TSR3,-0.007638639,0.90134793,NS
ENSG00000008086,CDKL5,-0.007834072,0.90134793,NS
ENSG00000122359,ANXA11,0.007199417,0.90134793,NS
ENSG00000133121,STARD13,-0.007138769,0.90134793,NS
ENSG00000178821,TMEM52,-0.007851247,0.90134793,NS
ENSG00000180096,SEPTIN1,-0.006823549,0.90134793,NS
ENSG00000185920,PTCH1,-0.007586939,0.90134793,NS
ENSG00000267221,C17orf113,-0.007335248,0.90134793,NS
ENSG00000289112,NA,-0.006959887,0.90151952,NS
ENSG00000156170,NDUFAF6,-0.007877893,0.90160095,NS
ENSG00000171735,CAMTA1,-0.007687541,0.901735365,NS
ENSG00000172336,POP7,0.007679081,0.90175652,NS
ENSG00000177380,PPFIA3,0.007696628,0.90175652,NS
ENSG00000066427,ATXN3,0.007953912,0.901769875,NS
ENSG00000109536,FRG1,0.007871298,0.901865759,NS
ENSG00000109606,DHX15,0.006557886,0.901865759,NS
ENSG00000131015,ULBP2,0.007826138,0.901865759,NS
ENSG00000143315,PIGM,-0.007346802,0.901865759,NS
ENSG00000293256,NA,0.007042739,0.901865759,NS
ENSG00000173599,PC,-0.007503404,0.901868196,NS
ENSG00000101294,HM13,0.007120087,0.901911304,NS
ENSG00000290989,SEPTIN7P13,0.007737242,0.901911304,NS
ENSG00000175029,CTBP2,0.007278341,0.901913687,NS
ENSG00000171443,ZNF524,-0.007959914,0.902290239,NS
ENSG00000130881,LRP3,0.006990449,0.902359956,NS
ENSG00000101457,DNTTIP1,-0.007913823,0.90242621,NS
ENSG00000101391,CDK5RAP1,0.007710396,0.902588931,NS
ENSG00000072518,MARK2,-0.007224643,0.90258911,NS
ENSG00000099814,CEP170B,-0.007532801,0.90258911,NS
ENSG00000117691,NENF,-0.007790947,0.90258911,NS
ENSG00000145780,FEM1C,0.007733176,0.90258911,NS
ENSG00000162971,TYW5,-0.007863409,0.90258911,NS
ENSG00000164187,LMBRD2,-0.007750268,0.90258911,NS
ENSG00000174010,KLHL15,0.007871906,0.90258911,NS
ENSG00000176887,SOX11,0.007723113,0.90258911,NS
ENSG00000178381,ZFAND2A,-0.0079335,0.90258911,NS
ENSG00000181135,ZNF707,0.007865117,0.90258911,NS
ENSG00000230797,YY2,0.007750313,0.90258911,NS
ENSG00000260238,PMF1-BGLAP,-0.007853256,0.90258911,NS
ENSG00000103067,ESRP2,-0.007210318,0.902629865,NS
ENSG00000143612,C1orf43,0.0069452,0.902629865,NS
ENSG00000204196,RPL12P16,-0.007765196,0.902629865,NS
ENSG00000116898,MRPS15,-0.007281511,0.902656283,NS
ENSG00000124459,ZNF45,0.007896506,0.902670524,NS
ENSG00000144021,CIAO1,-0.00701755,0.902670524,NS
ENSG00000170802,FOXN2,-0.007882266,0.902670524,NS
ENSG00000198064,NPIPB13,-0.006929065,0.902670524,NS
ENSG00000198561,CTNND1,0.006320776,0.902670524,NS
ENSG00000285796,NA,-0.007152975,0.902670524,NS
ENSG00000084652,TXLNA,-0.007136031,0.902969411,NS
ENSG00000126247,CAPNS1,0.00689596,0.902969411,NS
ENSG00000124181,PLCG1,0.007370102,0.903120837,NS
ENSG00000119509,INVS,-0.007860844,0.903162433,NS
ENSG00000240891,PLCXD2,-0.006768994,0.903162433,NS
ENSG00000237232,ZNF295-AS1,0.007003015,0.903297156,NS
ENSG00000138382,METTL5,0.007557006,0.903629865,NS
ENSG00000205323,SARNP,0.007513203,0.903629865,NS
ENSG00000131697,NPHP4,-0.007839963,0.903691189,NS
ENSG00000117016,RIMS3,-0.007486257,0.903743092,NS
ENSG00000161682,FAM171A2,-0.00770089,0.904001517,NS
ENSG00000064726,BTBD1,0.006938718,0.904101831,NS
ENSG00000069966,GNB5,-0.007755433,0.904101831,NS
ENSG00000115841,RMDN2,-0.006869666,0.904101831,NS
ENSG00000119844,AFTPH,0.007688734,0.904101831,NS
ENSG00000131966,ACTR10,-0.00720433,0.904101831,NS
ENSG00000164331,ANKRA2,-0.007763021,0.904101831,NS
ENSG00000182173,TSEN54,-0.007600611,0.904101831,NS
ENSG00000198625,MDM4,0.007565617,0.904101831,NS
ENSG00000204977,TRIM13,-0.007814303,0.904101831,NS
ENSG00000285825,CCDC15-DT,-0.007093828,0.904101831,NS
ENSG00000307470,NA,-0.007751405,0.904101831,NS
ENSG00000100104,SRRD,-0.007593377,0.904317436,NS
ENSG00000168005,SPINDOC,-0.007700439,0.904378915,NS
ENSG00000130803,ZNF317,0.00748336,0.904448618,NS
ENSG00000174282,ZBTB4,-0.007598921,0.904619358,NS
ENSG00000259673,IQCH-AS1,-0.0076452,0.904619358,NS
ENSG00000198736,MSRB1,0.007633072,0.905154249,NS
ENSG00000106484,MEST,0.006492253,0.905304943,NS
ENSG00000260196,NA,0.006845976,0.905304943,NS
ENSG00000130684,ZNF337,-0.007745025,0.90533315,NS
ENSG00000196696,PDXDC2P-NPIPB14P,-0.006816143,0.90533315,NS
ENSG00000197136,PCNX3,0.007057988,0.90533315,NS
ENSG00000310236,NA,0.007664979,0.90533315,NS
ENSG00000085840,ORC1,0.007474989,0.905425754,NS
ENSG00000203499,IQANK1,0.007523675,0.905425754,NS
ENSG00000171160,MORN4,0.0075093,0.905632178,NS
ENSG00000110955,ATP5F1B,-0.006258239,0.905806744,NS
ENSG00000125901,MRPS26,0.007403188,0.905806744,NS
ENSG00000100105,PATZ1,-0.007167184,0.905975197,NS
ENSG00000107960,STN1,-0.007692447,0.905975197,NS
ENSG00000110987,BCL7A,-0.007422763,0.905975197,NS
ENSG00000135336,ORC3,-0.007595218,0.905975197,NS
ENSG00000142039,CCDC97,-0.007594623,0.905975197,NS
ENSG00000164651,SP8,0.007675589,0.905975197,NS
ENSG00000186376,ZNF75D,-0.007696467,0.905975197,NS
ENSG00000229132,EIF4A1P10,-0.007502233,0.905975197,NS
ENSG00000293442,PRKY,0.007371476,0.906067949,NS
ENSG00000092203,TOX4,0.007076377,0.906215814,NS
ENSG00000111817,DSE,-0.007058398,0.906215814,NS
ENSG00000145087,STXBP5L,-0.00729908,0.906215814,NS
ENSG00000166377,ATP9B,-0.00766589,0.906215814,NS
ENSG00000176148,TCP11L1,0.007657163,0.906215814,NS
ENSG00000183878,UTY,-0.007658994,0.906215814,NS
ENSG00000204439,C6orf47,0.007621987,0.906215814,NS
ENSG00000170632,ARMC10,-0.007172655,0.906245786,NS
ENSG00000161980,POLR3K,-0.00729867,0.906448604,NS
ENSG00000183891,TTC32,-0.007520784,0.906448604,NS
ENSG00000184937,WT1,0.00747885,0.906448604,NS
ENSG00000206503,HLA-A,-0.007406873,0.906448604,NS
ENSG00000259494,MRPL46,0.007613755,0.906448604,NS
ENSG00000130177,CDC16,-0.007513353,0.90645664,NS
ENSG00000017260,ATP2C1,0.006731492,0.906539326,NS
ENSG00000099282,TSPAN15,-0.007109905,0.906539326,NS
ENSG00000104881,PPP1R13L,0.007465423,0.906539326,NS
ENSG00000116580,GON4L,-0.007323689,0.906539326,NS
ENSG00000156162,DPY19L4,-0.007276901,0.906539326,NS
ENSG00000162437,RAVER2,0.007555846,0.906539326,NS
ENSG00000180855,ZNF443,-0.007286444,0.906539326,NS
ENSG00000212694,LINC01089,-0.00741537,0.906539326,NS
ENSG00000237489,C10orf143,-0.006430487,0.906539326,NS
ENSG00000259551,NA,0.007508057,0.906539326,NS
ENSG00000264343,NOTCH2NLA,-0.007612153,0.906539326,NS
ENSG00000284948,NA,-0.00744799,0.906539326,NS
ENSG00000288833,NA,-0.00664563,0.906539326,NS
ENSG00000101333,PLCB4,-0.007271536,0.906567729,NS
ENSG00000071462,BUD23,0.006964071,0.906670072,NS
ENSG00000088451,TGDS,-0.007543147,0.906670072,NS
ENSG00000134748,PRPF38A,-0.00651522,0.906670072,NS
ENSG00000177303,CASKIN2,0.007598797,0.906670072,NS
ENSG00000181027,FKRP,-0.007591361,0.906670072,NS
ENSG00000184307,ZDHHC23,-0.007596198,0.906670072,NS
ENSG00000100201,DDX17,-0.007081916,0.906688834,NS
ENSG00000100575,TIMM9,0.007336029,0.906688834,NS
ENSG00000112276,BVES,-0.006433493,0.906688834,NS
ENSG00000236778,INTS6-AS1,0.006527806,0.906688834,NS
ENSG00000250159,PKD2L2-DT,0.007101753,0.906688834,NS
ENSG00000260914,NA,-0.007548182,0.906688834,NS
ENSG00000111328,CDK2AP1,-0.006575855,0.906783963,NS
ENSG00000111052,LIN7A,0.007405491,0.906947702,NS
ENSG00000114554,PLXNA1,0.007237852,0.907331393,NS
ENSG00000123353,ORMDL2,-0.007211423,0.907331393,NS
ENSG00000158201,ABHD3,-0.007357606,0.907331393,NS
ENSG00000104093,DMXL2,-0.007384751,0.907471785,NS
ENSG00000293141,NA,-0.005782653,0.907471785,NS
ENSG00000184986,TMEM121,-0.007329334,0.907579103,NS
ENSG00000225285,LINC01770,0.007026172,0.907579103,NS
ENSG00000063978,RNF4,-0.006887402,0.907610979,NS
ENSG00000065029,ZNF76,-0.007460708,0.907610979,NS
ENSG00000066697,MSANTD3,-0.007382292,0.907610979,NS
ENSG00000088038,CNOT3,0.007089618,0.907610979,NS
ENSG00000100239,PPP6R2,-0.007128176,0.907610979,NS
ENSG00000104689,TNFRSF10A,0.007071543,0.907610979,NS
ENSG00000105619,TFPT,-0.007498186,0.907610979,NS
ENSG00000117174,ZNHIT6,0.00728654,0.907610979,NS
ENSG00000138050,THUMPD2,0.00735608,0.907610979,NS
ENSG00000140262,TCF12,0.007453178,0.907610979,NS
ENSG00000144724,PTPRG,-0.007491995,0.907610979,NS
ENSG00000148634,HERC4,0.007322812,0.907610979,NS
ENSG00000152380,FAM151B,-0.007131715,0.907610979,NS
ENSG00000154217,PITPNC1,0.007447993,0.907610979,NS
ENSG00000171132,PRKCE,-0.007399945,0.907610979,NS
ENSG00000175104,TRAF6,-0.007441722,0.907610979,NS
ENSG00000175895,PLEKHF2,-0.007512165,0.907610979,NS
ENSG00000181274,FRAT2,-0.007053382,0.907610979,NS
ENSG00000185236,RAB11B,-0.006693334,0.907610979,NS
ENSG00000185829,ARL17A,0.007504584,0.907610979,NS
ENSG00000225265,TAF1A-AS1,-0.007423696,0.907610979,NS
ENSG00000249471,ZNF324B,0.007521451,0.907610979,NS
ENSG00000253276,CCDC71L,0.007494148,0.907610979,NS
ENSG00000272772,NA,-0.00713009,0.907610979,NS
ENSG00000290854,NA,0.006309117,0.907610979,NS
ENSG00000290865,RRN3P3,-0.006836201,0.907610979,NS
ENSG00000151116,UEVLD,-0.007336234,0.907633328,NS
ENSG00000196357,ZNF565,0.006822681,0.907633328,NS
ENSG00000273391,NA,0.007350694,0.90784919,NS
ENSG00000048471,SNX29,0.00746592,0.907943759,NS
ENSG00000175455,CCDC14,-0.007459765,0.907943759,NS
ENSG00000137710,RDX,-0.006453836,0.908084697,NS
ENSG00000165185,KIAA1958,-0.007417885,0.90833401,NS
ENSG00000237651,C2orf74,0.006023429,0.908569435,NS
ENSG00000099246,RAB18,0.006418638,0.908790132,NS
ENSG00000136048,DRAM1,0.007358433,0.908790132,NS
ENSG00000102225,CDK16,-0.006219754,0.908823292,NS
ENSG00000132716,DCAF8,0.00645458,0.908823292,NS
ENSG00000140992,PDPK1,-0.006983679,0.908823292,NS
ENSG00000167363,FN3K,-0.006717222,0.908823292,NS
ENSG00000126460,PRRG2,-0.007368236,0.909112135,NS
ENSG00000142949,PTPRF,-0.005844667,0.909112135,NS
ENSG00000147642,SYBU,0.007396404,0.909112135,NS
ENSG00000167994,RAB3IL1,-0.007393788,0.909112135,NS
ENSG00000169045,HNRNPH1,0.006600286,0.909112135,NS
ENSG00000196449,YRDC,0.006875439,0.909112135,NS
ENSG00000205250,E2F4,-0.007130108,0.909112135,NS
ENSG00000231890,DARS1-AS1,0.00708162,0.909112135,NS
ENSG00000158156,XKR8,-0.00737665,0.909470263,NS
ENSG00000148950,IMMP1L,-0.007379625,0.909567701,NS
ENSG00000289018,NA,-0.006335469,0.909571095,NS
ENSG00000047849,MAP4,0.005756819,0.909751695,NS
ENSG00000198890,PRMT6,0.006501995,0.909872066,NS
ENSG00000119729,RHOQ,-0.007184672,0.910618794,NS
ENSG00000262678,CAMTA2-AS1,0.007280746,0.910618794,NS
ENSG00000168374,ARF4,0.005992387,0.910638681,NS
ENSG00000186132,C2orf76,0.007337097,0.910638681,NS
ENSG00000047056,WDR37,-0.007291962,0.910801909,NS
ENSG00000179456,ZBTB18,-0.007316958,0.910949228,NS
ENSG00000050393,MCUR1,0.006825341,0.911135889,NS
ENSG00000197563,PIGN,0.006725392,0.911135889,NS
ENSG00000230590,FTX,-0.007278078,0.911135889,NS
ENSG00000278535,DHRS11,0.007285935,0.911176876,NS
ENSG00000109610,SOD3,-0.00725359,0.91121516,NS
ENSG00000137802,MAPKBP1,-0.0072713,0.91121516,NS
ENSG00000162889,MAPKAPK2,0.006631025,0.91121516,NS
ENSG00000169714,CNBP,0.005752727,0.91121516,NS
ENSG00000179841,AKAP5,-0.007294681,0.91121516,NS
ENSG00000181418,DDN,-0.006231829,0.91121516,NS
ENSG00000198920,KIAA0753,0.007269268,0.91121516,NS
ENSG00000255367,NA,0.006854409,0.91121516,NS
ENSG00000105426,PTPRS,-0.007066285,0.911303793,NS
ENSG00000173480,ZNF417,0.007223618,0.911321432,NS
ENSG00000102007,PLP2,0.007031128,0.91158695,NS
ENSG00000145217,SLC26A1,-0.007270765,0.91158695,NS
ENSG00000214517,PPME1,0.006673893,0.91158695,NS
ENSG00000163050,COQ8A,0.006270785,0.911674774,NS
ENSG00000164695,CHMP4C,-0.007193265,0.911674774,NS
ENSG00000177508,IRX3,0.007259627,0.911674774,NS
ENSG00000245213,GALNT7-DT,0.00649636,0.911674774,NS
ENSG00000284770,TBCE,-0.006925152,0.911674774,NS
ENSG00000103335,PIEZO1,0.006535637,0.911756605,NS
ENSG00000258366,RTEL1,0.007246805,0.911756605,NS
ENSG00000132603,NIP7,0.006896253,0.911806387,NS
ENSG00000132849,PATJ,0.006833862,0.911906965,NS
ENSG00000090061,CCNK,-0.006857474,0.91201419,NS
ENSG00000104863,LIN7B,0.007141688,0.912024447,NS
ENSG00000122012,SV2C,-0.007040032,0.912024447,NS
ENSG00000288823,NA,0.006491527,0.912024447,NS
ENSG00000013503,POLR3B,0.00685826,0.912075022,NS
ENSG00000064999,ANKS1A,-0.006900054,0.912075022,NS
ENSG00000065361,ERBB3,0.006280703,0.912075022,NS
ENSG00000075945,KIFAP3,-0.006920595,0.912075022,NS
ENSG00000080845,DLGAP4,0.007010898,0.912075022,NS
ENSG00000089335,ZNF302,0.007140197,0.912075022,NS
ENSG00000103047,TANGO6,0.007153743,0.912075022,NS
ENSG00000118096,IFT46,-0.007200484,0.912075022,NS
ENSG00000138663,COPS4,-0.006985737,0.912075022,NS
ENSG00000166783,MARF1,-0.0068836,0.912075022,NS
ENSG00000167476,JSRP1,-0.005845601,0.912075022,NS
ENSG00000197111,PCBP2,0.006131532,0.912075022,NS
ENSG00000282034,NA,0.007157814,0.912075022,NS
ENSG00000290033,NA,-0.006997836,0.912075022,NS
ENSG00000044446,PHKA2,-0.007173769,0.912176889,NS
ENSG00000110057,UNC93B1,-0.007163547,0.912176889,NS
ENSG00000117676,RPS6KA1,0.006704523,0.912176889,NS
ENSG00000141429,GALNT1,-0.006127478,0.912176889,NS
ENSG00000169635,HIC2,-0.006502794,0.912176889,NS
ENSG00000198034,RPS4X,-0.006151159,0.912176889,NS
ENSG00000221823,PPP3R1,-0.006730451,0.912176889,NS
ENSG00000280347,NA,0.006327382,0.912176889,NS
ENSG00000291092,PMS2P3,-0.006431325,0.912266483,NS
ENSG00000005448,WDR54,0.007162861,0.91232561,NS
ENSG00000160179,ABCG1,0.006884693,0.912411686,NS
ENSG00000095627,TDRD1,0.005909426,0.912438961,NS
ENSG00000104679,R3HCC1,-0.006787929,0.912438961,NS
ENSG00000118579,MED28,-0.006633638,0.912438961,NS
ENSG00000125249,RAP2A,-0.007132509,0.912438961,NS
ENSG00000138688,BLTP1,0.007141187,0.912438961,NS
ENSG00000231770,TMEM44-AS1,-0.007125943,0.912438961,NS
ENSG00000242372,EIF6,-0.006387912,0.912438961,NS
ENSG00000018699,TTC27,-0.006974751,0.91248203,NS
ENSG00000106153,CHCHD2,-0.006634175,0.91248203,NS
ENSG00000262814,MRPL12,-0.006780119,0.91248203,NS
ENSG00000173085,COQ2,0.006947696,0.912676932,NS
ENSG00000186001,LRCH3,-0.006956534,0.912676932,NS
ENSG00000290937,NA,0.006021972,0.912676932,NS
ENSG00000126653,NSRP1,0.006742058,0.912697936,NS
ENSG00000172262,ZNF131,0.006810796,0.912697936,NS
ENSG00000168769,TET2,0.007104956,0.912745059,NS
ENSG00000116205,TCEANC2,-0.007080415,0.913044795,NS
ENSG00000228412,LNC-LBCS,0.006122663,0.913044795,NS
ENSG00000033170,FUT8,-0.007026109,0.913219023,NS
ENSG00000109971,HSPA8,-0.005702692,0.913219023,NS
ENSG00000135953,MFSD9,-0.007022171,0.913219023,NS
ENSG00000138231,DBR1,0.006800787,0.913219023,NS
ENSG00000162517,PEF1,-0.006683679,0.913219023,NS
ENSG00000169026,SLC49A3,0.006041402,0.913219023,NS
ENSG00000204713,TRIM27,0.006338666,0.913219023,NS
ENSG00000205726,ITSN1,0.006769985,0.913219023,NS
ENSG00000213430,HSPD1P1,0.00588162,0.913219023,NS
ENSG00000214309,MBLAC1,-0.006928788,0.913219023,NS
ENSG00000272142,LYRM4-AS1,-0.006660593,0.913219023,NS
ENSG00000273265,CNNM3-DT,-0.007015942,0.913219023,NS
ENSG00000066777,ARFGEF1,-0.006435374,0.913422968,NS
ENSG00000110768,GTF2H1,0.006484061,0.913422968,NS
ENSG00000198863,RUNDC1,0.00664972,0.913422968,NS
ENSG00000141956,PRDM15,0.006999471,0.913423142,NS
ENSG00000291091,NA,0.007008098,0.913423142,NS
ENSG00000161547,SRSF2,0.005692717,0.913483633,NS
ENSG00000025772,TOMM34,0.006572211,0.913533409,NS
ENSG00000101161,PRPF6,-0.006160083,0.913533409,NS
ENSG00000102858,MGRN1,0.006607571,0.913533409,NS
ENSG00000106462,EZH2,0.006909486,0.913533409,NS
ENSG00000118939,UCHL3,0.006986347,0.913533409,NS
ENSG00000185164,NOMO2,-0.006152973,0.913533409,NS
ENSG00000227398,KIF9-AS1,0.006805057,0.913533409,NS
ENSG00000240972,MIF,-0.00653976,0.913533409,NS
ENSG00000186716,BCR,-0.00642276,0.913898194,NS
ENSG00000225361,PPP1R26-AS1,-0.006914838,0.913968966,NS
ENSG00000116752,BCAS2,0.006380016,0.914033279,NS
ENSG00000219201,NA,-0.00667723,0.914033279,NS
ENSG00000225377,NRSN2-AS1,-0.007004697,0.914033279,NS
ENSG00000304119,NA,-0.005948385,0.914033279,NS
ENSG00000259332,ST20-MTHFS,0.006452419,0.914132451,NS
ENSG00000157985,AGAP1,-0.006902828,0.914153698,NS
ENSG00000263412,NFE2L1-DT,-0.006211554,0.914153698,NS
ENSG00000253293,HOXA10,-0.006952535,0.914210599,NS
ENSG00000270964,MAP2K5-DT,0.006588924,0.914210599,NS
ENSG00000010539,ZNF200,0.006982854,0.914282943,NS
ENSG00000295873,NA,0.006126498,0.914282943,NS
ENSG00000106392,C1GALT1,-0.006942246,0.914430232,NS
ENSG00000117472,TSPAN1,-0.006896731,0.914430232,NS
ENSG00000122042,UBL3,0.006848331,0.914430232,NS
ENSG00000147439,BIN3,-0.006959614,0.914430232,NS
ENSG00000157895,C12orf43,0.00676799,0.914430232,NS
ENSG00000160233,LRRC3,-0.006949088,0.914430232,NS
ENSG00000162434,JAK1,-0.006201309,0.914430232,NS
ENSG00000182934,SRPRA,-0.006230195,0.914430232,NS
ENSG00000231856,NA,-0.006567338,0.914430232,NS
ENSG00000179950,PUF60,-0.006084116,0.914451228,NS
ENSG00000205634,LINC00898,-0.006038862,0.914451228,NS
ENSG00000122484,RPAP2,-0.006603815,0.914470942,NS
ENSG00000172687,ZNF738,0.006935269,0.914470942,NS
ENSG00000228589,SPCS2P4,-0.005774965,0.914470942,NS
ENSG00000135900,MRPL44,0.006598937,0.914476244,NS
ENSG00000183741,CBX6,0.006347406,0.914476244,NS
ENSG00000234284,ZNF879,0.006707613,0.914711862,NS
ENSG00000141013,GAS8,0.006899216,0.914768011,NS
ENSG00000153786,ZDHHC7,-0.00639316,0.914768011,NS
ENSG00000188786,MTF1,0.006709349,0.914900083,NS
ENSG00000224259,LINC01133,-0.006877407,0.914900083,NS
ENSG00000187583,PLEKHN1,-0.006899051,0.915112405,NS
ENSG00000256092,SBNO1-AS1,-0.006176372,0.915112405,NS
ENSG00000284968,NA,0.006442942,0.915112405,NS
ENSG00000104973,MED25,-0.006663479,0.915114608,NS
ENSG00000113282,CLINT1,-0.006064624,0.915114608,NS
ENSG00000130725,UBE2M,-0.006113326,0.915114608,NS
ENSG00000138617,PARP16,-0.006896757,0.915114608,NS
ENSG00000164151,ICE1,0.006681529,0.915114608,NS
ENSG00000185624,P4HB,0.005796042,0.915114608,NS
ENSG00000186594,MIR22HG,-0.006006571,0.915114608,NS
ENSG00000290994,NA,-0.006886862,0.915114608,NS
ENSG00000002587,HS3ST1,-0.005785214,0.915259475,NS
ENSG00000120063,GNA13,0.006489855,0.915259475,NS
ENSG00000155959,VBP1,0.006138306,0.915259475,NS
ENSG00000157601,MX1,0.006066981,0.915259475,NS
ENSG00000161036,LRWD1,0.006829148,0.915259475,NS
ENSG00000170315,UBB,-0.006045129,0.915259475,NS
ENSG00000181444,ZNF467,-0.00686198,0.915259475,NS
ENSG00000185803,SLC52A2,-0.006211351,0.915259475,NS
ENSG00000246465,NA,-0.006859708,0.915259475,NS
ENSG00000256646,NA,-0.006828064,0.915259475,NS
ENSG00000272455,MRPL20-DT,0.006219399,0.915259475,NS
ENSG00000102218,RP2,-0.006779603,0.915474715,NS
ENSG00000196204,RNF216P1,-0.0068162,0.915474715,NS
ENSG00000163659,TIPARP,-0.006791859,0.915474887,NS
ENSG00000173137,ADCK5,0.006669503,0.915677692,NS
ENSG00000113648,MACROH2A1,-0.005696789,0.915750873,NS
ENSG00000143515,ATP8B2,-0.006831319,0.915750873,NS
ENSG00000155858,LSM11,-0.006808451,0.915750873,NS
ENSG00000095787,WAC,0.005931466,0.916111114,NS
ENSG00000099284,MACROH2A2,0.006469955,0.916111114,NS
ENSG00000196338,NLGN3,-0.005787608,0.916451382,NS
ENSG00000092036,HAUS4,0.006541272,0.916667706,NS
ENSG00000158941,CCAR2,0.005629519,0.916667706,NS
ENSG00000006432,MAP3K9,0.006772904,0.916837417,NS
ENSG00000100246,DNAL4,0.006733612,0.916837417,NS
ENSG00000105647,PIK3R2,0.006290001,0.917110404,NS
ENSG00000214753,HNRNPUL2,0.00564466,0.917513911,NS
ENSG00000102144,PGK1,0.005601201,0.917588909,NS
ENSG00000140521,POLG,-0.00656609,0.917588909,NS
ENSG00000143256,PFDN2,-0.006214253,0.917588909,NS
ENSG00000166435,XRRA1,0.006702559,0.917588909,NS
ENSG00000182648,RNF32-DT,0.006692827,0.917588909,NS
ENSG00000149016,TUT1,-0.006433691,0.917641257,NS
ENSG00000250317,SMIM20,-0.006604297,0.917641257,NS
ENSG00000136842,TMOD1,-0.005619712,0.917952488,NS
ENSG00000185432,TMT1A,0.006370623,0.917961374,NS
ENSG00000164221,CCDC112,-0.006604607,0.918119429,NS
ENSG00000167770,OTUB1,-0.006125284,0.918119429,NS
ENSG00000180773,SLC36A4,0.006583766,0.918119429,NS
ENSG00000078900,TP73,0.006610507,0.918195674,NS
ENSG00000147140,NONO,-0.005104549,0.918195674,NS
ENSG00000160796,NBEAL2,-0.006556193,0.918195674,NS
ENSG00000162878,PKDCC,0.006083557,0.918195674,NS
ENSG00000232472,EEF1B2P3,-0.006015084,0.918195674,NS
ENSG00000243708,PLA2G4B,0.005427906,0.918195674,NS
ENSG00000277075,H2AC8,-0.006111348,0.918195674,NS
ENSG00000100842,EFS,-0.00632212,0.918239411,NS
ENSG00000293137,MSL3B,0.006583469,0.918239411,NS
ENSG00000103187,COTL1,0.006413322,0.918252426,NS
ENSG00000147804,SLC39A4,-0.006493478,0.918252426,NS
ENSG00000267534,S1PR2,0.006496724,0.918271453,NS
ENSG00000187650,VMAC,0.006239801,0.918288024,NS
ENSG00000165775,FUNDC2,-0.006408558,0.918313278,NS
ENSG00000144867,SRPRB,-0.005717642,0.918317577,NS
ENSG00000162415,ZSWIM5,-0.005469431,0.918317577,NS
ENSG00000168569,TMEM223,0.006536759,0.918317577,NS
ENSG00000131127,ZNF141,-0.006657178,0.918831982,NS
ENSG00000003509,NDUFAF7,-0.006635263,0.91892427,NS
ENSG00000138074,SLC5A6,0.006003949,0.91892427,NS
ENSG00000244045,TMEM199,0.006336524,0.91892427,NS
ENSG00000270629,NBPF14,-0.006643456,0.91892427,NS
ENSG00000281357,ARRDC3-AS1,-0.006372701,0.91892427,NS
ENSG00000068383,INPP5A,-0.00641413,0.918975854,NS
ENSG00000145388,METTL14,-0.006596789,0.919090842,NS
ENSG00000133422,MORC2,-0.00609875,0.9194091,NS
ENSG00000134901,POGLUT2,-0.006596533,0.9194091,NS
ENSG00000291142,NA,0.006617294,0.9194091,NS
ENSG00000168502,MTCL1,0.006570758,0.91962004,NS
ENSG00000065491,TBC1D22B,0.00659366,0.919757981,NS
ENSG00000128849,CGNL1,-0.006526845,0.919757981,NS
ENSG00000130544,ZNF557,-0.006563662,0.919757981,NS
ENSG00000162430,SELENON,0.006114147,0.919757981,NS
ENSG00000188266,HYKK,0.006592134,0.919757981,NS
ENSG00000213463,SYNJ2BP,-0.005999626,0.920047814,NS
ENSG00000085511,MAP3K4,-0.006450405,0.920127812,NS
ENSG00000099331,MYO9B,0.006370167,0.920127812,NS
ENSG00000102879,CORO1A,-0.005742799,0.920127812,NS
ENSG00000156735,BAG4,0.006429042,0.920127812,NS
ENSG00000166398,GARRE1,0.006490547,0.920127812,NS
ENSG00000173660,UQCRH,-0.005972427,0.920127812,NS
ENSG00000205336,ADGRG1,0.006300955,0.920127812,NS
ENSG00000206417,H1-10-AS1,-0.006104293,0.920127812,NS
ENSG00000289132,NA,-0.005591692,0.920127812,NS
ENSG00000187860,CCDC157,-0.005946657,0.920170987,NS
ENSG00000117748,RPA2,0.005926285,0.920253859,NS
ENSG00000152056,AP1S3,-0.006384182,0.920253859,NS
ENSG00000272273,IER3-AS1,-0.006314723,0.920292036,NS
ENSG00000108219,TSPAN14,0.005854722,0.920466046,NS
ENSG00000268362,NA,0.006437308,0.920633932,NS
ENSG00000075415,SLC25A3,-0.005198249,0.920653673,NS
ENSG00000272888,CHASERR,0.006296611,0.920873221,NS
ENSG00000170426,SDR9C7,-0.005658897,0.920991298,NS
ENSG00000115425,PECR,0.006491895,0.921078689,NS
ENSG00000141562,NARF,-0.006314845,0.921289947,NS
ENSG00000132361,CLUH,-0.005409982,0.921490192,NS
ENSG00000163159,VPS72,0.006043462,0.921490192,NS
ENSG00000127527,EPS15L1,0.006039929,0.921952482,NS
ENSG00000159082,SYNJ1,0.006379058,0.921952482,NS
ENSG00000170425,ADORA2B,0.006455545,0.921952482,NS
ENSG00000185515,BRCC3,0.006147622,0.921952482,NS
ENSG00000198720,ANKRD13B,-0.006428147,0.921952482,NS
ENSG00000053770,AP5M1,0.006215641,0.922189915,NS
ENSG00000197013,ZNF429,-0.006460266,0.922189915,NS
ENSG00000226445,THBS2-AS1,-0.006230479,0.922300766,NS
ENSG00000153162,BMP6,-0.006439146,0.922576582,NS
ENSG00000143224,PPOX,0.006445457,0.922699176,NS
ENSG00000011260,UTP18,-0.005955257,0.922718877,NS
ENSG00000087338,GMCL1,0.006198319,0.922718877,NS
ENSG00000135766,EGLN1,0.005891168,0.922718877,NS
ENSG00000168993,CPLX1,-0.006337451,0.922718877,NS
ENSG00000172818,OVOL1,0.006390689,0.922718877,NS
ENSG00000183011,NAA38,0.006150292,0.922718877,NS
ENSG00000230844,ZNF674-AS1,0.00631048,0.922718877,NS
ENSG00000231050,GNB1-DT,0.005546095,0.922718877,NS
ENSG00000290085,NA,0.005670461,0.922718877,NS
ENSG00000298413,NA,-0.005658945,0.922718877,NS
ENSG00000270006,C16orf95-DT,-0.005846836,0.922940845,NS
ENSG00000164051,CCDC51,0.006061833,0.923255771,NS
ENSG00000118707,TGIF2,-0.006386854,0.923302907,NS
ENSG00000176749,CDK5R1,0.006337375,0.923302907,NS
ENSG00000104219,ZDHHC2,-0.006128841,0.923544018,NS
ENSG00000119383,PTPA,0.00527491,0.923544018,NS
ENSG00000126524,SBDS,-0.005751718,0.923544018,NS
ENSG00000149346,SLX4IP,0.006332669,0.923544018,NS
ENSG00000160256,SLX9,-0.006349333,0.923544018,NS
ENSG00000162302,RPS6KA4,-0.00615087,0.923544018,NS
ENSG00000162836,ACP6,-0.00632428,0.923544018,NS
ENSG00000168096,ANKS3,-0.006168087,0.923544018,NS
ENSG00000173436,MICOS10,-0.006262674,0.923544018,NS
ENSG00000173726,TOMM20,0.005141618,0.923544018,NS
ENSG00000196652,ZKSCAN5,0.006305465,0.923544018,NS
ENSG00000198870,STKLD1,-0.005690708,0.923544018,NS
ENSG00000254093,PINX1,0.006334606,0.923544018,NS
ENSG00000130762,ARHGEF16,-0.006168313,0.923628637,NS
ENSG00000140548,ZNF710,0.006355891,0.923628637,NS
ENSG00000145016,RUBCN,-0.006245633,0.923628637,NS
ENSG00000116918,TSNAX,-0.005682317,0.923634857,NS
ENSG00000124688,MAD2L1BP,-0.006311148,0.923634857,NS
ENSG00000140367,UBE2Q2,0.006302005,0.923634857,NS
ENSG00000169955,ZNF747,0.006183131,0.923634857,NS
ENSG00000213462,ERV3-1,-0.006221655,0.923634857,NS
ENSG00000132004,FBXW9,0.006298734,0.923684773,NS
ENSG00000171126,KCNG3,-0.005984986,0.923684773,NS
ENSG00000179387,ELMOD2,0.006021842,0.92377795,NS
ENSG00000288187,NA,0.006214972,0.924378753,NS
ENSG00000167257,RNF214,-0.00627227,0.924410836,NS
ENSG00000163468,CCT3,0.005039522,0.924645121,NS
ENSG00000133026,MYH10,0.005250288,0.924932166,NS
ENSG00000139687,RB1,-0.005968907,0.924932166,NS
ENSG00000152939,MARVELD2,0.006022739,0.924932166,NS
ENSG00000171475,WIPF2,0.005848315,0.924932166,NS
ENSG00000196787,H2AC11,-0.005969097,0.924932166,NS
ENSG00000215014,SSU72-AS1,-0.00593385,0.924932166,NS
ENSG00000232593,KANTR,0.006005411,0.924932166,NS
ENSG00000267303,NA,-0.006280706,0.924932166,NS
ENSG00000271303,SRXN1,0.005171408,0.924932166,NS
ENSG00000109458,GAB1,-0.006038625,0.925014544,NS
ENSG00000290315,NA,-0.004544566,0.925014544,NS
ENSG00000254837,LIPT2-AS1,0.006240253,0.925095337,NS
ENSG00000132286,TIMM10B,0.006087597,0.925098442,NS
ENSG00000118482,PHF3,0.006102153,0.925170903,NS
ENSG00000196793,ZNF239,-0.006215158,0.925170903,NS
ENSG00000174373,RALGAPA1,0.005864924,0.925269293,NS
ENSG00000107338,SHB,-0.006116413,0.925393083,NS
ENSG00000110200,ANAPC15,0.006199228,0.925393083,NS
ENSG00000240303,ACAD11,-0.005561027,0.925393083,NS
ENSG00000172780,RAB43,0.006201805,0.9255597,NS
ENSG00000182318,ZSCAN22,0.006174052,0.9255597,NS
ENSG00000124788,ATXN1,0.006214684,0.926010472,NS
ENSG00000257497,GLIPR1-AS1,0.005417915,0.926073813,NS
ENSG00000152078,TLCD4,0.006171346,0.926211037,NS
ENSG00000073008,PVR,0.005789442,0.926365107,NS
ENSG00000104899,AMH,-0.005810248,0.926365107,NS
ENSG00000132912,DCTN4,-0.005182228,0.926365107,NS
ENSG00000213221,DNLZ,-0.00615816,0.926365107,NS
ENSG00000115866,DARS1,0.005511339,0.926375377,NS
ENSG00000153339,TRAPPC8,0.00585298,0.926375377,NS
ENSG00000182150,ERCC6L2,-0.006122815,0.926375377,NS
ENSG00000184428,TOP1MT,-0.006089804,0.926375377,NS
ENSG00000100413,POLR3H,-0.005403583,0.926513275,NS
ENSG00000101181,MTG2,0.005871501,0.926513275,NS
ENSG00000103707,MTFMT,0.00609044,0.926513275,NS
ENSG00000174227,PIGG,-0.005842572,0.926513275,NS
ENSG00000180370,PAK2,0.005360324,0.926513275,NS
ENSG00000149231,CCDC82,-0.005338522,0.926592891,NS
ENSG00000187951,NA,0.005071449,0.926592891,NS
ENSG00000162631,NTNG1,0.006107632,0.926675094,NS
ENSG00000167904,TMEM68,-0.005755958,0.926687642,NS
ENSG00000119707,RBM25,0.005861218,0.926805792,NS
ENSG00000128581,IFT22,0.005937125,0.926805792,NS
ENSG00000177738,ANXA2R-OT1,-0.005952485,0.926805792,NS
ENSG00000180304,OAZ2,-0.005671291,0.926805792,NS
ENSG00000189050,RNFT1,-0.006103061,0.926805792,NS
ENSG00000153885,KCTD15,-0.00569627,0.926856309,NS
ENSG00000132646,PCNA,0.005235811,0.926969733,NS
ENSG00000197647,ZNF433,0.006104717,0.926969733,NS
ENSG00000183527,PSMG1,-0.005670697,0.927106184,NS
ENSG00000162757,C1orf74,-0.006098929,0.927362464,NS
ENSG00000189007,ADAT2,-0.006077831,0.927362464,NS
ENSG00000068985,PAGE1,0.006098127,0.927411462,NS
ENSG00000116273,PHF13,-0.005971816,0.927411462,NS
ENSG00000119772,DNMT3A,0.005989756,0.927411462,NS
ENSG00000169021,UQCRFS1,0.005414495,0.927411462,NS
ENSG00000179331,RAB39A,0.005028378,0.927411462,NS
ENSG00000196821,ILRUN,0.005520721,0.927411462,NS
ENSG00000270820,USP34-DT,0.005843819,0.927411462,NS
ENSG00000169689,CENPX,0.00565438,0.92795926,NS
ENSG00000115816,CEBPZ,-0.005904237,0.928130571,NS
ENSG00000130844,ZNF331,-0.006001888,0.928130571,NS
ENSG00000144909,OSBPL11,0.00599023,0.928130571,NS
ENSG00000165669,FAM204A,0.005972748,0.928130571,NS
ENSG00000178187,ZNF454,-0.005321111,0.928130571,NS
ENSG00000137309,HMGA1,-0.005373669,0.928216209,NS
ENSG00000182220,ATP6AP2,0.005313224,0.92826493,NS
ENSG00000100836,PABPN1,-0.005290652,0.928578974,NS
ENSG00000228794,LINC01128,-0.005879917,0.928773988,NS
ENSG00000187676,B3GLCT,-0.005886371,0.928927909,NS
ENSG00000250312,ZNF718,0.0059761,0.92900452,NS
ENSG00000254901,BORCS8,-0.005943142,0.92900452,NS
ENSG00000287431,RENO1,0.005243738,0.92900452,NS
ENSG00000291178,NA,0.005926033,0.929100081,NS
ENSG00000278768,BACE1-AS,0.005846685,0.929219501,NS
ENSG00000145495,MARCHF6,-0.005359881,0.929227664,NS
ENSG00000101898,MCTS2,0.005857065,0.929304606,NS
ENSG00000302039,NA,0.005361064,0.929304606,NS
ENSG00000166171,DPCD,-0.005961066,0.929346315,NS
ENSG00000260566,NA,0.005318953,0.929346315,NS
ENSG00000270344,POC1B-AS1,-0.005010899,0.929346315,NS
ENSG00000111424,VDR,-0.005802806,0.929393691,NS
ENSG00000143614,GATAD2B,0.005851862,0.929393691,NS
ENSG00000294786,NA,0.005909754,0.929393691,NS
ENSG00000131849,ZNF132,-0.005849612,0.929399338,NS
ENSG00000184178,SCFD2,-0.005955527,0.929399338,NS
ENSG00000187091,PLCD1,-0.005869408,0.929399338,NS
ENSG00000233276,GPX1,-0.005287619,0.929399338,NS
ENSG00000150527,MIA2,-0.005848692,0.929560492,NS
ENSG00000143554,SLC27A3,-0.004966783,0.929646594,NS
ENSG00000171135,JAGN1,-0.005704221,0.929646594,NS
ENSG00000115365,LANCL1,-0.005406959,0.929683109,NS
ENSG00000140326,CDAN1,0.005934168,0.929683109,NS
ENSG00000182858,ALG12,0.00580429,0.929683109,NS
ENSG00000139192,TAPBPL,0.005610436,0.929684868,NS
ENSG00000176244,ACBD7,-0.005874251,0.929684868,NS
ENSG00000103005,USB1,-0.005675486,0.929724865,NS
ENSG00000126351,THRA,0.005749403,0.929724865,NS
ENSG00000137275,RIPK1,0.005875302,0.929724865,NS
ENSG00000177943,MAMDC4,-0.004989257,0.929724865,NS
ENSG00000289021,NA,-0.005653246,0.929724865,NS
ENSG00000196453,ZNF777,0.005762136,0.92988381,NS
ENSG00000135185,TMEM243,0.005925286,0.929983715,NS
ENSG00000091732,ZC3HC1,0.005905598,0.930177793,NS
ENSG00000109466,KLHL2,0.005913581,0.930177793,NS
ENSG00000125375,DMAC2L,-0.005776181,0.930177793,NS
ENSG00000158234,FAIM,-0.0058087,0.930177793,NS
ENSG00000127955,GNAI1,0.005895535,0.930481382,NS
ENSG00000087365,SF3B2,0.004730638,0.930525753,NS
ENSG00000088387,DOCK9,0.005858399,0.930525753,NS
ENSG00000090863,GLG1,-0.005004306,0.930525753,NS
ENSG00000148719,DNAJB12,-0.005636032,0.930525753,NS
ENSG00000290535,NA,0.005011349,0.930525753,NS
ENSG00000165689,ENTR1,0.005304605,0.930629233,NS
ENSG00000108179,PPIF,0.004897889,0.931061942,NS
ENSG00000120910,PPP3CC,-0.005820372,0.931061942,NS
ENSG00000126775,ATG14,-0.0058598,0.931061942,NS
ENSG00000150455,TIRAP,0.005859596,0.931061942,NS
ENSG00000159792,PSKH1,-0.005438155,0.931061942,NS
ENSG00000167555,ZNF528,-0.005828085,0.931061942,NS
ENSG00000177156,TALDO1,-0.005089919,0.931061942,NS
ENSG00000239305,RNF103,-0.005720209,0.931061942,NS
ENSG00000263293,EFCAB13-DT,-0.005396912,0.931061942,NS
ENSG00000297134,NA,0.005425221,0.931061942,NS
ENSG00000291032,NA,0.005809796,0.931387158,NS
ENSG00000116459,ATP5PB,0.004966416,0.931688936,NS
ENSG00000159788,RGS12,-0.005803642,0.931895974,NS
ENSG00000204514,ZNF814,-0.005808325,0.931895974,NS
ENSG00000101000,PROCR,-0.004920198,0.931978519,NS
ENSG00000116717,GADD45A,-0.005792396,0.931978519,NS
ENSG00000146700,SSC4D,-0.004839119,0.931978519,NS
ENSG00000260924,LINC01311,-0.005029592,0.931978519,NS
ENSG00000083937,CHMP2B,-0.005374157,0.932080157,NS
ENSG00000174839,DENND6A,-0.005617311,0.932080157,NS
ENSG00000213533,STIMATE,0.005744733,0.932080157,NS
ENSG00000285238,NA,0.004435731,0.932080157,NS
ENSG00000122741,DCAF10,0.005528183,0.932144496,NS
ENSG00000187736,NHEJ1,0.005783987,0.932237356,NS
ENSG00000188994,ZNF292,0.005762068,0.932237356,NS
ENSG00000041802,LSG1,0.005138806,0.932347003,NS
ENSG00000070018,LRP6,0.005728583,0.932347003,NS
ENSG00000111640,GAPDH,0.005137922,0.932347003,NS
ENSG00000145494,NDUFS6,-0.005576861,0.932347003,NS
ENSG00000172007,RAB33B,0.005759851,0.932347003,NS
ENSG00000188611,ASAH2,0.005723688,0.932347003,NS
ENSG00000196199,MPHOSPH8,-0.005615265,0.932347003,NS
ENSG00000226471,NA,0.004871867,0.932347003,NS
ENSG00000250220,ANKRD17-DT,0.004913367,0.932347003,NS
ENSG00000116191,RALGPS2,0.005589696,0.93239172,NS
ENSG00000131165,CHMP1A,-0.005285411,0.93239172,NS
ENSG00000103126,AXIN1,-0.005575778,0.932492938,NS
ENSG00000108829,LRRC59,0.004782471,0.932627753,NS
ENSG00000160055,TMEM234,-0.005601786,0.932627753,NS
ENSG00000168803,ADAL,-0.005719222,0.932627753,NS
ENSG00000137266,SLC22A23,0.005513163,0.932693394,NS
ENSG00000168028,RPSA,0.005119041,0.932693394,NS
ENSG00000074842,MYDGF,-0.005261795,0.932702347,NS
ENSG00000102309,PIN4,0.005657733,0.932702347,NS
ENSG00000124784,RIOK1,0.005654527,0.932702347,NS
ENSG00000128045,RASL11B,0.00506433,0.932702347,NS
ENSG00000176095,IP6K1,-0.005348573,0.932702347,NS
ENSG00000186591,UBE2H,-0.004978773,0.932702347,NS
ENSG00000081026,MAGI3,-0.005658261,0.932828537,NS
ENSG00000086712,TXLNG,0.00543897,0.932828537,NS
ENSG00000174721,FGFBP3,-0.005617712,0.932828537,NS
ENSG00000155229,MMS19,0.005433863,0.932864671,NS
ENSG00000248275,TRIM52-AS1,-0.005680705,0.933266657,NS
ENSG00000046647,GEMIN8,0.005619422,0.933285426,NS
ENSG00000100226,GTPBP1,0.005478992,0.933285426,NS
ENSG00000132535,DLG4,0.005276677,0.933285426,NS
ENSG00000138085,ATRAID,-0.005263516,0.933285426,NS
ENSG00000166012,TAF1D,-0.005465308,0.933285426,NS
ENSG00000170703,TTLL6,-0.004743158,0.933285426,NS
ENSG00000184787,UBE2G2,0.005226472,0.933285426,NS
ENSG00000196391,ZNF774,0.005113351,0.933285426,NS
ENSG00000286529,NA,-0.00529662,0.933285426,NS
ENSG00000215374,FAM66B,-0.005386982,0.933568959,NS
ENSG00000124596,OARD1,0.005628014,0.933622638,NS
ENSG00000131236,CAP1,0.004733144,0.933622638,NS
ENSG00000149100,EIF3M,0.004927909,0.933622638,NS
ENSG00000221883,ARIH2OS,-0.005307383,0.933622638,NS
ENSG00000265458,NARF-AS2,0.005608215,0.933622638,NS
ENSG00000265491,RNF115,0.00555862,0.933622638,NS
ENSG00000267106,ZNF561-AS1,0.005632556,0.933622638,NS
ENSG00000293460,LINC02210,0.005549283,0.93377141,NS
ENSG00000071564,TCF3,0.004958435,0.933814582,NS
ENSG00000073849,ST6GAL1,-0.005541636,0.933814582,NS
ENSG00000160714,UBE2Q1,-0.005047238,0.933814582,NS
ENSG00000270175,NA,-0.005598649,0.933814582,NS
ENSG00000291177,ZNF56P,0.00506756,0.933814582,NS
ENSG00000281131,SCHLAP1,-0.005615713,0.933872123,NS
ENSG00000135148,TRAFD1,0.00534699,0.934016356,NS
ENSG00000164182,NDUFAF2,-0.005428494,0.934016356,NS
ENSG00000165821,SALL2,-0.005391067,0.934016356,NS
ENSG00000280195,NA,0.005292516,0.934016356,NS
ENSG00000088881,EBF4,0.004692867,0.934086977,NS
ENSG00000137288,UQCC2,0.005507704,0.934263146,NS
ENSG00000004779,NDUFAB1,-0.005256531,0.934393102,NS
ENSG00000074603,DPP8,0.005524335,0.934393102,NS
ENSG00000088256,GNA11,0.005081789,0.934393102,NS
ENSG00000106261,ZKSCAN1,0.005199892,0.934393102,NS
ENSG00000110717,NDUFS8,0.005190874,0.934393102,NS
ENSG00000111237,VPS29,0.005206862,0.934393102,NS
ENSG00000113742,CPEB4,0.005383721,0.934393102,NS
ENSG00000119471,HSDL2,0.004876561,0.934393102,NS
ENSG00000132768,DPH2,-0.005202285,0.934393102,NS
ENSG00000141101,NOB1,0.005285638,0.934393102,NS
ENSG00000151532,VTI1A,-0.005564076,0.934393102,NS
ENSG00000164241,C5orf63,-0.005532801,0.934393102,NS
ENSG00000175772,LINC01106,-0.005560548,0.934393102,NS
ENSG00000247137,ANKRD42-DT,-0.004936864,0.934393102,NS
ENSG00000251493,FOXD1,0.00555152,0.934393102,NS
ENSG00000263002,ZNF234,0.005460662,0.934393102,NS
ENSG00000267475,NUDT19-DT,-0.005170549,0.934393102,NS
ENSG00000273247,RAB33B-AS1,-0.005562633,0.934393102,NS
ENSG00000069482,GAL,0.005142058,0.934428826,NS
ENSG00000083838,ZNF446,-0.005509722,0.934428826,NS
ENSG00000106609,TMEM248,-0.004913483,0.934428826,NS
ENSG00000114631,PODXL2,-0.004818677,0.934428826,NS
ENSG00000114745,GORASP1,-0.005182737,0.934428826,NS
ENSG00000120784,ZFP30,-0.005538515,0.934428826,NS
ENSG00000126970,ZC4H2,-0.005483114,0.934428826,NS
ENSG00000130402,ACTN4,-0.004755081,0.934428826,NS
ENSG00000133706,LARS1,0.00453019,0.934428826,NS
ENSG00000137513,NARS2,0.005159001,0.934428826,NS
ENSG00000137747,TMPRSS13,-0.00517324,0.934428826,NS
ENSG00000152464,RPP38,-0.005444088,0.934428826,NS
ENSG00000159166,LAD1,0.00446143,0.934428826,NS
ENSG00000163466,ARPC2,-0.005175858,0.934428826,NS
ENSG00000166192,SENP8,-0.005308254,0.934428826,NS
ENSG00000167085,PHB1,-0.004982871,0.934428826,NS
ENSG00000170561,IRX2,-0.005313259,0.934428826,NS
ENSG00000204160,ZDHHC18,0.005399462,0.934428826,NS
ENSG00000205060,SLC35B4,0.005229754,0.934428826,NS
ENSG00000205220,PSMB10,-0.005505392,0.934428826,NS
ENSG00000205559,CHKB-DT,-0.005487422,0.934428826,NS
ENSG00000228878,SEPTIN7-DT,0.005146564,0.934428826,NS
ENSG00000243943,ZNF512,-0.005505109,0.934428826,NS
ENSG00000258744,NA,0.005505665,0.934428826,NS
ENSG00000260912,NA,0.005439661,0.934428826,NS
ENSG00000275111,ZNF2,-0.005352561,0.934428826,NS
ENSG00000288864,ARHGAP11A-SCG5,-0.004638129,0.934428826,NS
ENSG00000285331,TCF12-DT,-0.005021325,0.934719543,NS
ENSG00000130305,NSUN5,-0.005242251,0.934752885,NS
ENSG00000186073,CDIN1,0.005030831,0.934895927,NS
ENSG00000106993,CDC37L1,0.005433033,0.934999256,NS
ENSG00000107554,DNMBP,-0.00546362,0.934999256,NS
ENSG00000107890,ANKRD26,0.005465601,0.934999256,NS
ENSG00000009830,POMT2,0.005419263,0.93525856,NS
ENSG00000125753,VASP,-0.005426302,0.93540446,NS
ENSG00000113621,TXNDC15,-0.005106875,0.93545644,NS
ENSG00000150961,SEC24D,-0.005205481,0.93545644,NS
ENSG00000232855,NA,-0.005168278,0.935537552,NS
ENSG00000152620,NADK2,-0.004852411,0.935649031,NS
ENSG00000066185,ZMYND12,-0.005068626,0.935756184,NS
ENSG00000104886,PLEKHJ1,-0.005150442,0.935756184,NS
ENSG00000115419,GLS,0.005227864,0.935756184,NS
ENSG00000134874,DZIP1,0.004924282,0.935756184,NS
ENSG00000128394,APOBEC3F,-0.005099405,0.93598208,NS
ENSG00000139714,MORN3,-0.004778445,0.936009323,NS
ENSG00000079337,RAPGEF3,0.00485166,0.936292003,NS
ENSG00000204576,PRR3,0.00538576,0.936347932,NS
ENSG00000197724,PHF2,0.005142948,0.936483527,NS
ENSG00000127580,WDR24,0.005358582,0.936798323,NS
ENSG00000176101,SSNA1,-0.005030132,0.936798323,NS
ENSG00000189056,RELN,0.005356595,0.937394881,NS
ENSG00000284820,NA,-0.005195375,0.937394881,NS
ENSG00000150768,DLAT,0.004609179,0.937475271,NS
ENSG00000138326,RPS24,-0.005007873,0.937478068,NS
ENSG00000119411,BSPRY,-0.005292894,0.937724423,NS
ENSG00000147234,FRMPD3,-0.004883287,0.937724423,NS
ENSG00000168906,MAT2A,-0.005090679,0.937724423,NS
ENSG00000179148,ALOXE3,0.005088937,0.937724423,NS
ENSG00000288012,NA,-0.004902342,0.937724423,NS
ENSG00000146856,AGBL3,-0.004557818,0.93777723,NS
ENSG00000186174,BCL9L,-0.004920225,0.93777723,NS
ENSG00000106803,SEC61B,0.005114034,0.937877852,NS
ENSG00000130717,UCK1,0.005003691,0.937877852,NS
ENSG00000268043,NBPF12,-0.005305837,0.937877852,NS
ENSG00000236859,NIFK-AS1,0.005227402,0.93799684,NS
ENSG00000290450,NA,0.005297993,0.938008831,NS
ENSG00000167969,ECI1,0.004875934,0.93805318,NS
ENSG00000181090,EHMT1,0.004838762,0.938069293,NS
ENSG00000148400,NOTCH1,0.005020546,0.938224392,NS
ENSG00000185947,ZNF267,-0.005259871,0.938511284,NS
ENSG00000167720,SRR,0.005188673,0.938671045,NS
ENSG00000288684,NA,0.004485836,0.938726286,NS
ENSG00000108826,MRPL27,-0.005077081,0.9388185,NS
ENSG00000196961,AP2A1,0.004645262,0.938828842,NS
ENSG00000196867,ZFP28,0.005262632,0.938882709,NS
ENSG00000146540,C7orf50,0.004636341,0.938939327,NS
ENSG00000117593,DARS2,0.004499089,0.939159003,NS
ENSG00000130309,COLGALT1,-0.004471313,0.939159003,NS
ENSG00000286219,NOTCH2NLC,-0.004945743,0.939307973,NS
ENSG00000164989,CCDC171,0.005074873,0.939341749,NS
ENSG00000178718,RPP25,-0.004595377,0.939341749,NS
ENSG00000231993,EP300-AS1,0.005228807,0.939341749,NS
ENSG00000113838,TBCCD1,0.005150934,0.939538645,NS
ENSG00000198960,ARMCX6,-0.005215559,0.939538645,NS
ENSG00000110066,KMT5B,-0.004997381,0.939583767,NS
ENSG00000107185,RGP1,0.004741108,0.939596132,NS
ENSG00000076321,KLHL20,-0.004956455,0.939604496,NS
ENSG00000150991,UBC,0.004151598,0.939604496,NS
ENSG00000156587,UBE2L6,-0.004931744,0.939604496,NS
ENSG00000213625,LEPROT,0.005133918,0.939604496,NS
ENSG00000068305,MEF2A,0.005164429,0.939741034,NS
ENSG00000104880,ARHGEF18,0.005050916,0.939744013,NS
ENSG00000163001,CFAP36,0.00508872,0.939891882,NS
ENSG00000106397,PLOD3,0.00492048,0.939916391,NS
ENSG00000124226,RNF114,0.004823337,0.939916391,NS
ENSG00000134215,VAV3,0.004443404,0.939916391,NS
ENSG00000145996,CDKAL1,0.005174321,0.939916391,NS
ENSG00000155313,USP25,0.004998665,0.939916391,NS
ENSG00000159079,CFAP298,-0.004880858,0.939916391,NS
ENSG00000175611,ERCC6L2-AS1,0.005169866,0.939916391,NS
ENSG00000273254,NA,-0.004398883,0.939916391,NS
ENSG00000287760,NA,-0.004283732,0.939916391,NS
ENSG00000293268,NA,-0.004893433,0.939916391,NS
ENSG00000006194,ZNF263,-0.004972046,0.940039977,NS
ENSG00000101843,PSMD10,0.004706692,0.940039977,NS
ENSG00000102763,VWA8,0.005099731,0.940039977,NS
ENSG00000139651,ZNF740,-0.004912489,0.940039977,NS
ENSG00000147654,EBAG9,0.005138991,0.940039977,NS
ENSG00000160588,MPZL3,-0.004985735,0.940039977,NS
ENSG00000203965,EFCAB7,0.005140549,0.940039977,NS
ENSG00000228506,PNISR-AS1,0.004938508,0.940039977,NS
ENSG00000231711,LINC00899,0.004372577,0.940039977,NS
ENSG00000242622,GSK3B-DT,-0.004355893,0.940039977,NS
ENSG00000251322,SHANK3,0.005086961,0.940039977,NS
ENSG00000266074,BAHCC1,-0.005150005,0.940039977,NS
ENSG00000169609,C15orf40,-0.0051339,0.940196435,NS
ENSG00000258884,LINC02321,0.004932256,0.940269921,NS
ENSG00000060069,CTDP1,-0.005021736,0.940562235,NS
ENSG00000136144,RCBTB1,-0.004877194,0.940607142,NS
ENSG00000185634,SHC4,-0.004596369,0.940689536,NS
ENSG00000067369,TP53BP1,-0.004909281,0.940743025,NS
ENSG00000091483,FH,0.00431298,0.940743025,NS
ENSG00000100227,POLDIP3,-0.004506515,0.940743025,NS
ENSG00000129493,HEATR5A,-0.004993106,0.940743025,NS
ENSG00000164053,ATRIP,-0.004953663,0.940743025,NS
ENSG00000175334,BANF1,-0.00461804,0.940743025,NS
ENSG00000204385,SLC44A4,0.004769274,0.940743025,NS
ENSG00000270362,HMGN3-AS1,0.004299531,0.940743025,NS
ENSG00000284906,NA,0.002125751,0.940746563,NS
ENSG00000138759,FRAS1,-0.004797197,0.940870471,NS
ENSG00000163539,CLASP2,0.004848041,0.940904374,NS
ENSG00000118276,B4GALT6,0.005067614,0.941196207,NS
ENSG00000100577,GSTZ1,-0.00489377,0.941344523,NS
ENSG00000109472,CPE,0.004781813,0.941344523,NS
ENSG00000139180,NDUFA9,0.004504028,0.941344523,NS
ENSG00000140459,CYP11A1,0.004711365,0.941344523,NS
ENSG00000145545,SRD5A1,-0.004817753,0.941344523,NS
ENSG00000164741,DLC1,-0.005026843,0.941344523,NS
ENSG00000271646,IRF2-DT,0.005038599,0.941344523,NS
ENSG00000284776,NA,-0.004955465,0.941344523,NS
ENSG00000171970,ZNF57,0.004998243,0.941714263,NS
ENSG00000164038,SLC9B2,0.005002434,0.942131829,NS
ENSG00000082146,STRADB,0.004783868,0.942320508,NS
ENSG00000132109,TRIM21,-0.005004323,0.942320508,NS
ENSG00000213918,DNASE1,-0.004973186,0.942320508,NS
ENSG00000233223,MPDU1-AS1,-0.004949954,0.942320508,NS
ENSG00000259112,NDUFC2-KCTD14,-0.00451766,0.942320508,NS
ENSG00000272221,MICA-AS1,-0.004580566,0.942320508,NS
ENSG00000257315,ZBED6,0.004994482,0.942566359,NS
ENSG00000012232,EXTL3,-0.004712489,0.942620939,NS
ENSG00000290398,ASNSP1,0.004450875,0.942812577,NS
ENSG00000108100,CCNY,-0.004509583,0.942987412,NS
ENSG00000269958,NA,0.004287977,0.942987412,NS
ENSG00000079335,CDC14A,0.004959371,0.943034274,NS
ENSG00000119682,AREL1,-0.004624919,0.943034274,NS
ENSG00000105486,LIG1,0.004878812,0.943142115,NS
ENSG00000085377,PREP,0.004804353,0.943394609,NS
ENSG00000104897,SF3A2,0.004478259,0.943394609,NS
ENSG00000113558,SKP1,0.004266289,0.943394609,NS
ENSG00000138459,SLC35A5,-0.004754068,0.943394609,NS
ENSG00000273033,LINC02035,0.004537474,0.943394609,NS
ENSG00000059691,GATB,-0.004896189,0.94357141,NS
ENSG00000303375,NA,-0.00467189,0.94357902,NS
ENSG00000059377,TBXAS1,0.004559721,0.943637236,NS
ENSG00000177576,C18orf32,-0.004884481,0.943637236,NS
ENSG00000198900,TOP1,-0.004081794,0.943637236,NS
ENSG00000125812,GZF1,-0.004845473,0.943747159,NS
ENSG00000052841,TTC17,-0.004845735,0.943829723,NS
ENSG00000182379,NXPH4,0.004811369,0.943829723,NS
ENSG00000125818,PSMF1,0.004190091,0.944119612,NS
ENSG00000125733,TRIP10,0.004857051,0.944270456,NS
ENSG00000144036,EXOC6B,0.004893479,0.944270456,NS
ENSG00000150756,ATPSCKMT,0.004706409,0.944270456,NS
ENSG00000166164,BRD7,0.004497824,0.944429791,NS
ENSG00000172270,BSG,-0.004103233,0.944429791,NS
ENSG00000182636,NDN,-0.004824703,0.944429791,NS
ENSG00000278318,ZNF229,0.004877208,0.944429791,NS
ENSG00000115307,AUP1,0.004638783,0.944441635,NS
ENSG00000119392,GLE1,0.004353989,0.944441635,NS
ENSG00000142794,NBPF3,-0.004471645,0.944441635,NS
ENSG00000197062,ZSCAN26,0.00450324,0.944441635,NS
ENSG00000164743,C8orf48,0.004471437,0.944600319,NS
ENSG00000169740,ZNF32,0.004727507,0.944600319,NS
ENSG00000050344,NFE2L3,-0.004787536,0.945133846,NS
ENSG00000087087,SRRT,0.004089201,0.945133846,NS
ENSG00000112759,SLC29A1,-0.004692689,0.945133846,NS
ENSG00000147246,HTR2C,-0.004517485,0.945133846,NS
ENSG00000172977,KAT5,-0.004708137,0.945133846,NS
ENSG00000198089,SFI1,-0.00481432,0.945133846,NS
ENSG00000073910,FRY,-0.004766737,0.945135429,NS
ENSG00000100109,TFIP11,-0.004752278,0.945135429,NS
ENSG00000143971,ETAA1,-0.004797701,0.945135429,NS
ENSG00000166352,IFTAP,0.004819291,0.945135429,NS
ENSG00000178567,EPM2AIP1,-0.004494324,0.945135429,NS
ENSG00000288741,NA,-0.004423843,0.945135429,NS
ENSG00000156603,MED19,0.004806514,0.945417854,NS
ENSG00000291112,NA,-0.004404268,0.945417854,NS
ENSG00000123106,CCDC91,-0.004717137,0.945540273,NS
ENSG00000155868,MED7,0.004784366,0.945669815,NS
ENSG00000156384,SFR1,0.004720592,0.945669815,NS
ENSG00000169891,REPS2,-0.004715787,0.945669815,NS
ENSG00000174151,CYB561D1,0.004795111,0.945669815,NS
ENSG00000179941,BBS10,-0.0046505,0.945669815,NS
ENSG00000159579,RSPRY1,0.004663534,0.945691762,NS
ENSG00000173681,BCLAF3,0.004472429,0.945897842,NS
ENSG00000171606,ZNF274,0.004606318,0.945984125,NS
ENSG00000087152,ATXN7L3,-0.004650065,0.946019192,NS
ENSG00000275004,ZNF280B,-0.004399613,0.946062898,NS
ENSG00000242574,HLA-DMB,0.004538431,0.946096169,NS
ENSG00000289985,NA,0.004761887,0.946096169,NS
ENSG00000099364,FBXL19,-0.004734724,0.946223162,NS
ENSG00000142230,SAE1,0.004049433,0.946223162,NS
ENSG00000260018,MBTPS1-DT,-0.004712437,0.946223162,NS
ENSG00000277067,NA,0.002186816,0.946223162,NS
ENSG00000147155,EBP,0.004406841,0.946548931,NS
ENSG00000106003,LFNG,-0.004409717,0.9465781,NS
ENSG00000119718,EIF2B2,-0.004649115,0.9465781,NS
ENSG00000010626,LRRC23,-0.004679595,0.946729626,NS
ENSG00000018869,ZNF582,0.004505085,0.946729626,NS
ENSG00000125449,ARMC7,0.00470591,0.946729626,NS
ENSG00000148331,ASB6,0.004632526,0.946729626,NS
ENSG00000174276,ZNHIT2,-0.004646295,0.946729626,NS
ENSG00000197124,ZNF682,-0.004714114,0.946729626,NS
ENSG00000197566,ZNF624,-0.004460425,0.946729626,NS
ENSG00000249898,MCPH1-AS1,-0.004479437,0.946729626,NS
ENSG00000287885,NA,0.004114357,0.946729626,NS
ENSG00000106560,GIMAP2,0.004273837,0.946801772,NS
ENSG00000197558,SSPOP,-0.004225479,0.946865058,NS
ENSG00000108599,AKAP10,0.004663903,0.946942352,NS
ENSG00000143748,NVL,0.004060474,0.94714882,NS
ENSG00000189046,ALKBH2,0.004585015,0.94714882,NS
ENSG00000100292,HMOX1,-0.004679954,0.94721355,NS
ENSG00000033011,ALG1,-0.004395289,0.947337891,NS
ENSG00000055147,FAM114A2,0.004501948,0.947337891,NS
ENSG00000076924,XAB2,-0.004369048,0.947337891,NS
ENSG00000079805,DNM2,-0.004132045,0.947337891,NS
ENSG00000105364,MRPL4,0.004158753,0.947337891,NS
ENSG00000112110,MRPL18,0.004417668,0.947337891,NS
ENSG00000120686,UFM1,-0.004439387,0.947337891,NS
ENSG00000134815,DHX34,-0.004631059,0.947337891,NS
ENSG00000138463,SLC49A4,0.004583556,0.947337891,NS
ENSG00000174586,ZNF497,-0.004626772,0.947337891,NS
ENSG00000197976,AKAP17A,-0.004628798,0.947337891,NS
ENSG00000205629,LCMT1,-0.004616664,0.947337891,NS
ENSG00000261188,TFIP11-DT,-0.004630695,0.947337891,NS
ENSG00000280798,LINC00294,-0.004577449,0.947337891,NS
ENSG00000292343,AKAP17A,-0.004628798,0.947337891,NS
ENSG00000088992,TESC,0.004563424,0.947466888,NS
ENSG00000112414,ADGRG6,0.004041578,0.947466888,NS
ENSG00000136942,RPL35,-0.00463476,0.947466888,NS
ENSG00000267107,PCAT19,0.00444676,0.947519333,NS
ENSG00000289393,NA,-0.004534299,0.947519333,NS
ENSG00000108591,DRG2,0.004313589,0.947600723,NS
ENSG00000129055,ANAPC13,0.004366002,0.947600723,NS
ENSG00000164631,ZNF12,-0.004538413,0.947600723,NS
ENSG00000173825,TIGD3,-0.004003906,0.947600723,NS
ENSG00000175390,EIF3F,-0.00401302,0.947600723,NS
ENSG00000226856,THORLNC,-0.003887844,0.947600723,NS
ENSG00000253797,UTP14C,0.003618437,0.947600723,NS
ENSG00000272189,MAP7-AS1,-0.004582088,0.947600723,NS
ENSG00000011132,APBA3,-0.004562429,0.94766919,NS
ENSG00000067365,METTL22,-0.004565736,0.94766919,NS
ENSG00000103852,TTC23,0.004597976,0.94766919,NS
ENSG00000109929,SC5D,-0.004087537,0.94766919,NS
ENSG00000110700,RPS13,-0.004290442,0.94766919,NS
ENSG00000124279,FASTKD3,0.004575492,0.94766919,NS
ENSG00000157077,ZFYVE9,-0.004361246,0.94766919,NS
ENSG00000172243,CLEC7A,-0.004567547,0.94766919,NS
ENSG00000181856,SLC2A4,0.004460136,0.94766919,NS
ENSG00000205704,SMIM45,-0.004038428,0.94766919,NS
ENSG00000100116,GCAT,-0.004401739,0.947747334,NS
ENSG00000137628,DDX60,0.00432251,0.947747334,NS
ENSG00000139531,SUOX,0.00436189,0.947747334,NS
ENSG00000139641,ESYT1,0.003877173,0.947747334,NS
ENSG00000139645,ANKRD52,-0.004204948,0.947747334,NS
ENSG00000226476,LINC01748,-0.004068927,0.947747334,NS
ENSG00000141456,PELP1,-0.003907001,0.947856955,NS
ENSG00000146070,PLA2G7,-0.004523284,0.947856955,NS
ENSG00000172922,RNASEH2C,0.004436976,0.947856955,NS
ENSG00000174456,C12orf76,0.004550737,0.947856955,NS
ENSG00000305602,NA,-0.003782739,0.947930696,NS
ENSG00000089157,RPLP0,-0.003981373,0.947931177,NS
ENSG00000103056,SMPD3,-0.003819739,0.948011881,NS
ENSG00000078269,SYNJ2,0.004311245,0.948020534,NS
ENSG00000283761,NA,-0.003685969,0.948129317,NS
ENSG00000253320,MAILR,-0.003929599,0.948146436,NS
ENSG00000171055,FEZ2,-0.004505841,0.948215651,NS
ENSG00000184277,TM2D3,0.004480992,0.948215651,NS
ENSG00000090432,MUL1,-0.004506162,0.948228326,NS
ENSG00000165215,CLDN3,-0.004510631,0.948641086,NS
ENSG00000132305,IMMT,-0.003930871,0.948936987,NS
ENSG00000149792,MRPL49,-0.003817876,0.948936987,NS
ENSG00000165359,INTS6L,0.004348473,0.948936987,NS
ENSG00000198932,GPRASP1,-0.003905725,0.948936987,NS
ENSG00000302206,NA,0.004170757,0.948936987,NS
ENSG00000097021,ACOT7,0.004270526,0.948957486,NS
ENSG00000204060,FOXO6,-0.004036008,0.948957486,NS
ENSG00000294598,NA,0.004413809,0.948957486,NS
ENSG00000095906,NUBP2,0.004279561,0.949026163,NS
ENSG00000128309,MPST,-0.004355973,0.949026163,NS
ENSG00000165914,TTC7B,0.004233391,0.949026163,NS
ENSG00000272829,NA,-0.004429579,0.949026163,NS
ENSG00000078237,TIGAR,0.004433604,0.949172519,NS
ENSG00000111671,SPSB2,0.00427071,0.949172519,NS
ENSG00000148218,ALAD,-0.004289067,0.949172519,NS
ENSG00000162825,NBPF20,0.004067875,0.949172519,NS
ENSG00000214194,SMIM30,-0.004003339,0.949172519,NS
ENSG00000173141,MRPL57,0.004368522,0.949199305,NS
ENSG00000237550,NA,-0.004091208,0.949582055,NS
ENSG00000196862,RGPD4,0.003539147,0.949596352,NS
ENSG00000261335,NA,-0.004152659,0.949596352,NS
ENSG00000175376,EIF1AD,0.004373927,0.949858221,NS
ENSG00000113448,PDE4D,-0.004238518,0.950116332,NS
ENSG00000117758,STX12,0.004102243,0.950116332,NS
ENSG00000163689,CFAP20DC,0.004356085,0.950116332,NS
ENSG00000249116,IRX4-AS1,-0.004198897,0.950257263,NS
ENSG00000186908,ZDHHC17,-0.004385737,0.950584061,NS
ENSG00000146373,RNF217,0.003694871,0.950663438,NS
ENSG00000137203,TFAP2A,-0.004231495,0.950825691,NS
ENSG00000221955,SLC12A8,0.004270649,0.951132059,NS
ENSG00000007866,TEAD3,0.004342326,0.951256315,NS
ENSG00000065057,NTHL1,0.004319478,0.951256315,NS
ENSG00000065615,CYB5R4,0.004302436,0.951256315,NS
ENSG00000079156,OSBPL6,0.004259946,0.951256315,NS
ENSG00000083812,ZNF324,0.004344929,0.951256315,NS
ENSG00000115020,PIKFYVE,-0.004283392,0.951256315,NS
ENSG00000115368,WDR75,-0.004019129,0.951256315,NS
ENSG00000116809,ZBTB17,-0.004363102,0.951256315,NS
ENSG00000138621,PPCDC,-0.004345729,0.951256315,NS
ENSG00000176438,SYNE3,0.004331571,0.951256315,NS
ENSG00000183605,SFXN4,-0.004160221,0.951256315,NS
ENSG00000256525,POLG2,-0.004278842,0.951256315,NS
ENSG00000273611,ZNHIT3,-0.004266788,0.951256315,NS
ENSG00000279192,PWAR5,-0.003849269,0.951256315,NS
ENSG00000290548,NA,-0.004292954,0.951256315,NS
ENSG00000108733,PEX12,0.004316049,0.951257422,NS
ENSG00000197019,SERTAD1,-0.004317755,0.951257422,NS
ENSG00000204310,AGPAT1,0.004000074,0.951259584,NS
ENSG00000163930,BAP1,0.003779338,0.951283631,NS
ENSG00000115234,SNX17,-0.003874562,0.95142041,NS
ENSG00000143436,MRPL9,-0.004102087,0.95142041,NS
ENSG00000126581,BECN1,0.003916778,0.951449675,NS
ENSG00000148660,CAMK2G,0.004162831,0.951449675,NS
ENSG00000135521,LTV1,0.003962849,0.95159184,NS
ENSG00000176842,IRX5,0.004188451,0.95159184,NS
ENSG00000204956,PCDHGA1,-0.003714857,0.95159184,NS
ENSG00000275464,NA,0.004275341,0.95159184,NS
ENSG00000165496,RPL10L,0.004202603,0.951712538,NS
ENSG00000274523,RCC1L,-0.003795698,0.952114112,NS
ENSG00000307390,NA,-0.003985206,0.952114112,NS
ENSG00000151065,DCP1B,-0.004276264,0.952116441,NS
ENSG00000140988,RPS2,-0.003958543,0.952148496,NS
ENSG00000146085,MMUT,0.004101142,0.95218957,NS
ENSG00000185252,ZNF74,0.004223816,0.95218957,NS
ENSG00000130396,AFDN,-0.004040076,0.952304539,NS
ENSG00000229896,NA,-0.003616003,0.952720471,NS
ENSG00000239569,KMT2E-AS1,0.004244586,0.952772509,NS
ENSG00000255112,CHMP1B,0.004003686,0.95282863,NS
ENSG00000261526,NA,0.004212927,0.953077945,NS
ENSG00000131351,HAUS8,0.004222211,0.953085324,NS
ENSG00000238123,MID1IP1-AS1,0.003619182,0.953085324,NS
ENSG00000108349,CASC3,0.003623476,0.95323868,NS
ENSG00000112787,FBRSL1,-0.003973989,0.95323868,NS
ENSG00000119673,ACOT2,-0.003922778,0.95323868,NS
ENSG00000127419,TMEM175,0.004207915,0.95323868,NS
ENSG00000134897,BIVM,-0.004178386,0.95323868,NS
ENSG00000149489,ROM1,0.003759756,0.95323868,NS
ENSG00000167112,TRUB2,-0.003847619,0.95323868,NS
ENSG00000175283,DOLK,-0.004005614,0.95323868,NS
ENSG00000215492,HNRNPA1P7,0.004166224,0.95323868,NS
ENSG00000196923,PDLIM7,-0.004179253,0.953405129,NS
ENSG00000187764,SEMA4D,0.004171551,0.953493005,NS
ENSG00000105339,DENND3,0.003650018,0.95356304,NS
ENSG00000111859,NEDD9,0.004082248,0.95356304,NS
ENSG00000112981,NME5,0.004120942,0.95356304,NS
ENSG00000112983,BRD8,-0.003881786,0.95356304,NS
ENSG00000119401,TRIM32,-0.004134823,0.95356304,NS
ENSG00000134851,TMEM165,0.003883809,0.95356304,NS
ENSG00000160460,SPTBN4,-0.003632407,0.95356304,NS
ENSG00000168781,PPIP5K1,-0.004085469,0.95356304,NS
ENSG00000142409,ZNF787,0.004079235,0.953838498,NS
ENSG00000188157,AGRN,0.003871879,0.954312618,NS
ENSG00000183250,LINC01547,-0.004141572,0.954370496,NS
ENSG00000058729,RIOK2,0.003998286,0.954403245,NS
ENSG00000170113,NIPA1,0.004026182,0.954507362,NS
ENSG00000072121,ZFYVE26,-0.00409683,0.954601811,NS
ENSG00000132275,RRP8,0.004100333,0.954601811,NS
ENSG00000083544,TDRD3,-0.004109992,0.95483409,NS
ENSG00000128607,KLHDC10,-0.003869999,0.95483409,NS
ENSG00000237945,LINC00649,-0.004105055,0.95483409,NS
ENSG00000245573,BDNF-AS,-0.003588259,0.95483409,NS
ENSG00000073050,XRCC1,0.004099221,0.954873675,NS
ENSG00000168826,ZBTB49,-0.003571016,0.954930948,NS
ENSG00000166402,TUB,0.003906647,0.954933938,NS
ENSG00000118894,EEF2KMT,0.004013732,0.955066924,NS
ENSG00000135097,MSI1,-0.004066307,0.955066924,NS
ENSG00000143379,SETDB1,0.00369866,0.955066924,NS
ENSG00000168887,C2orf68,-0.004025074,0.955066924,NS
ENSG00000230061,TRPM2-AS,0.003989867,0.955066924,NS
ENSG00000273784,NA,0.003951941,0.955066924,NS
ENSG00000120742,SERP1,0.003517051,0.955292625,NS
ENSG00000151553,FHIP2A,0.003932272,0.955292625,NS
ENSG00000005059,MCUB,-0.003489632,0.955795606,NS
ENSG00000144048,DUSP11,0.00405537,0.955795606,NS
ENSG00000165675,ENOX2,-0.004022448,0.955795606,NS
ENSG00000003249,DBNDD1,-0.003850807,0.95583125,NS
ENSG00000016391,CHDH,0.003770298,0.95583125,NS
ENSG00000031003,FAM13B,0.003901654,0.95583125,NS
ENSG00000036672,USP2,-0.003939984,0.95583125,NS
ENSG00000048140,TSPAN17,0.003694744,0.95583125,NS
ENSG00000067082,KLF6,-0.00371298,0.95583125,NS
ENSG00000071051,NCK2,-0.004005395,0.95583125,NS
ENSG00000088832,FKBP1A,0.003349398,0.95583125,NS
ENSG00000100926,TM9SF1,0.003548822,0.95583125,NS
ENSG00000102893,PHKB,0.003450301,0.95583125,NS
ENSG00000105171,POP4,-0.003822132,0.95583125,NS
ENSG00000108509,CAMTA2,-0.003809452,0.95583125,NS
ENSG00000118420,UBE3D,0.003626974,0.95583125,NS
ENSG00000131828,PDHA1,-0.00357272,0.95583125,NS
ENSG00000132017,DCAF15,0.003973219,0.95583125,NS
ENSG00000132424,PNISR,0.004031862,0.95583125,NS
ENSG00000139899,CBLN3,0.00366327,0.95583125,NS
ENSG00000142798,HSPG2,0.003996094,0.95583125,NS
ENSG00000159596,TMEM69,0.003817202,0.95583125,NS
ENSG00000164889,SLC4A2,0.003600065,0.95583125,NS
ENSG00000172765,TMCC1,0.003950123,0.95583125,NS
ENSG00000183779,ZNF703,-0.003903923,0.95583125,NS
ENSG00000188404,SELL,-0.003723585,0.95583125,NS
ENSG00000205542,TMSB4X,-0.003896386,0.95583125,NS
ENSG00000213638,ADAT3,0.003990387,0.95583125,NS
ENSG00000248333,CDK11B,-0.003644594,0.95583125,NS
ENSG00000293476,NA,0.004003664,0.95583125,NS
ENSG00000213123,DYNLT2B,0.003983216,0.955900447,NS
ENSG00000268686,NA,0.003672107,0.95590963,NS
ENSG00000141510,TP53,-0.003496689,0.955920498,NS
ENSG00000167721,TSR1,0.003305714,0.955920498,NS
ENSG00000254221,PCDHGB1,0.003576335,0.955920498,NS
ENSG00000197070,ARRDC1,-0.003864347,0.956097079,NS
ENSG00000113070,HBEGF,-0.003844118,0.956127163,NS
ENSG00000172831,CES2,0.003890603,0.95613419,NS
ENSG00000135454,B4GALNT1,-0.003899166,0.956164292,NS
ENSG00000170473,PYM1,0.003776842,0.956164292,NS
ENSG00000174796,THAP6,-0.00394359,0.956188341,NS
ENSG00000115648,MLPH,-0.003810475,0.956393153,NS
ENSG00000023697,DERA,-0.003900633,0.956478001,NS
ENSG00000074800,ENO1,-0.003276955,0.95698968,NS
ENSG00000198931,APRT,-0.003701171,0.957222037,NS
ENSG00000106948,AKNA,-0.003729839,0.957433406,NS
ENSG00000153904,DDAH1,0.003550817,0.957433406,NS
ENSG00000268173,NA,0.003001552,0.957469708,NS
ENSG00000104883,PEX11G,-0.003845571,0.957497465,NS
ENSG00000198673,TAFA2,-0.003688358,0.957497465,NS
ENSG00000293160,NA,-0.003715963,0.957497465,NS
ENSG00000108094,CUL2,-0.003521288,0.957562142,NS
ENSG00000099968,BCL2L13,-0.003475887,0.957761406,NS
ENSG00000115685,PPP1R7,-0.003646415,0.957761406,NS
ENSG00000119689,DLST,0.003316275,0.957761406,NS
ENSG00000129566,TEP1,0.00387718,0.957761406,NS
ENSG00000148498,PARD3,-0.003673315,0.957761406,NS
ENSG00000171161,ZNF672,0.003591475,0.957761406,NS
ENSG00000129084,PSMA1,0.003255796,0.957764215,NS
ENSG00000129347,KRI1,-0.003640336,0.957764215,NS
ENSG00000165233,CARD19,0.003860447,0.957764215,NS
ENSG00000285427,SOD2-OT1,0.003479549,0.957764215,NS
ENSG00000287110,ACAD9-DT,0.003314486,0.957883626,NS
ENSG00000276045,ORAI1,-0.003765663,0.958307346,NS
ENSG00000135637,CCDC142,-0.003788696,0.958308344,NS
ENSG00000113811,SELENOK,0.003726658,0.95856205,NS
ENSG00000011143,MKS1,-0.003773594,0.958819718,NS
ENSG00000160446,ZDHHC12,0.003648155,0.958819718,NS
ENSG00000025293,PHF20,0.003434512,0.958849833,NS
ENSG00000086589,RBM22,0.003589492,0.958849833,NS
ENSG00000102081,FMR1,-0.003764805,0.958849833,NS
ENSG00000103264,FBXO31,-0.00374127,0.958849833,NS
ENSG00000115839,RAB3GAP1,-0.003530706,0.958849833,NS
ENSG00000135932,CAB39,-0.003470301,0.958849833,NS
ENSG00000155085,AK9,-0.003597402,0.958849833,NS
ENSG00000158158,CNNM4,-0.003714518,0.958849833,NS
ENSG00000161265,U2AF1L4,0.003684171,0.958849833,NS
ENSG00000170919,TPT1-AS1,-0.003256809,0.958849833,NS
ENSG00000171453,POLR1C,0.003707268,0.958849833,NS
ENSG00000172986,GXYLT2,-0.003488404,0.958849833,NS
ENSG00000185658,BRWD1,-0.003479296,0.958849833,NS
ENSG00000306945,NA,-0.003142712,0.958849833,NS
ENSG00000143376,SNX27,0.003686358,0.959185231,NS
ENSG00000182899,RPL35A,-0.003774545,0.959185231,NS
ENSG00000288044,NA,-0.003357281,0.959185231,NS
ENSG00000088280,ASAP3,-0.003758842,0.959194351,NS
ENSG00000124370,MCEE,-0.003673729,0.959194351,NS
ENSG00000134470,IL15RA,-0.003171401,0.959194351,NS
ENSG00000141349,G6PC3,-0.003418183,0.959194351,NS
ENSG00000170264,FAM161A,-0.003715394,0.959194351,NS
ENSG00000214413,BBIP1,0.003752357,0.959194351,NS
ENSG00000036054,TBC1D23,-0.003648241,0.959396236,NS
ENSG00000105671,DDX49,-0.00338909,0.959396236,NS
ENSG00000125319,HROB,0.003658524,0.959396236,NS
ENSG00000143537,ADAM15,-0.003248812,0.959396236,NS
ENSG00000149658,YTHDF1,0.003411004,0.959396236,NS
ENSG00000182979,MTA1,0.003593415,0.959396236,NS
ENSG00000217930,PAM16,-0.003694899,0.959396236,NS
ENSG00000236810,ELOA-AS1,-0.003526814,0.959396236,NS
ENSG00000145901,TNIP1,-0.003559287,0.959417374,NS
ENSG00000101654,RNMT,-0.003527667,0.959487049,NS
ENSG00000115446,UNC50,0.003699839,0.959487049,NS
ENSG00000287407,NA,-0.003704366,0.959563632,NS
ENSG00000007923,DNAJC11,0.003253288,0.9597049,NS
ENSG00000133112,TPT1,-0.003399996,0.9597049,NS
ENSG00000152082,MZT2B,-0.003534998,0.9597049,NS
ENSG00000164144,ARFIP1,0.003547679,0.9597049,NS
ENSG00000056972,TRAF3IP2,0.003680077,0.959740604,NS
ENSG00000140455,USP3,0.003522367,0.959872942,NS
ENSG00000004455,AK2,-0.003108915,0.959899625,NS
ENSG00000132406,TMEM128,0.003688814,0.959899625,NS
ENSG00000132823,OSER1,0.003669568,0.959899625,NS
ENSG00000166272,WBP1L,-0.003633885,0.959899625,NS
ENSG00000280734,LINC01232,-0.003225821,0.959917808,NS
ENSG00000107021,TBC1D13,0.003514534,0.960015133,NS
ENSG00000111669,TPI1,-0.003321104,0.960015133,NS
ENSG00000153443,UBALD1,0.003676989,0.960015133,NS
ENSG00000105568,PPP2R1A,-0.003059433,0.960089266,NS
ENSG00000154710,RABGEF1,0.003631833,0.960089266,NS
ENSG00000213185,FAM24B,0.003162275,0.960089266,NS
ENSG00000165506,DNAAF2,0.003521489,0.960142334,NS
ENSG00000050748,MAPK9,0.003286584,0.960200813,NS
ENSG00000110871,COQ5,0.003450054,0.960200813,NS
ENSG00000120669,SOHLH2,-0.003498793,0.960200813,NS
ENSG00000135525,MAP7,-0.0031491,0.960200813,NS
ENSG00000146083,RNF44,0.003459865,0.960200813,NS
ENSG00000148411,NACC2,-0.003461275,0.960200813,NS
ENSG00000151422,FER,0.003654081,0.960200813,NS
ENSG00000176953,NFATC2IP,0.003526007,0.960200813,NS
ENSG00000179588,ZFPM1,-0.003636534,0.960200813,NS
ENSG00000186130,ZBTB6,-0.003631855,0.960200813,NS
ENSG00000189227,C15orf61,0.003638346,0.960200813,NS
ENSG00000225880,LINC00115,-0.003597458,0.960200813,NS
ENSG00000274292,NA,0.003147751,0.960200813,NS
ENSG00000291234,NA,0.003624811,0.960200813,NS
ENSG00000235437,LINC01278,-0.003494731,0.960244163,NS
ENSG00000107938,EDRF1,0.003588384,0.960338551,NS
ENSG00000126882,FAM78A,0.003572558,0.960338551,NS
ENSG00000150760,DOCK1,0.003469341,0.960338551,NS
ENSG00000160229,ZNF66,0.003591431,0.960338551,NS
ENSG00000177830,CHID1,0.003243199,0.960338551,NS
ENSG00000170837,GPR27,-0.00357844,0.96053868,NS
ENSG00000105656,ELL,0.003536389,0.960840437,NS
ENSG00000164327,RICTOR,0.003590165,0.960840437,NS
ENSG00000182944,EWSR1,0.003009041,0.960840437,NS
ENSG00000132359,RAP1GAP2,0.003197349,0.960981183,NS
ENSG00000177144,NUDT4B,0.003509349,0.960981183,NS
ENSG00000181004,BBS12,-0.003067173,0.960981183,NS
ENSG00000164823,OSGIN2,-0.003369815,0.961010149,NS
ENSG00000213906,LTB4R2,-0.003010242,0.961010149,NS
ENSG00000224358,TMCO1-AS1,0.003355772,0.961010149,NS
ENSG00000226696,LENG8-AS1,0.002966022,0.961010149,NS
ENSG00000115339,GALNT3,0.003492265,0.961141797,NS
ENSG00000196118,CFAP119,0.003188505,0.961244384,NS
ENSG00000256294,ZNF225,0.003401332,0.961244384,NS
ENSG00000175324,LSM1,0.00351898,0.961280034,NS
ENSG00000108523,RNF167,0.003169704,0.961318979,NS
ENSG00000112855,HARS2,0.00330226,0.961318979,NS
ENSG00000113318,MSH3,0.003513827,0.961318979,NS
ENSG00000123415,SMUG1,-0.003484354,0.961318979,NS
ENSG00000124562,SNRPC,-0.003373514,0.961318979,NS
ENSG00000134070,IRAK2,-0.003376087,0.961318979,NS
ENSG00000135249,RINT1,0.003383377,0.961318979,NS
ENSG00000136521,NDUFB5,-0.003258053,0.961318979,NS
ENSG00000163026,WDCP,0.003511672,0.961318979,NS
ENSG00000166770,ZNF667-AS1,0.003307666,0.961318979,NS
ENSG00000169249,ZRSR2,-0.003532369,0.961318979,NS
ENSG00000170417,TMEM182,0.003480397,0.961318979,NS
ENSG00000171791,BCL2,0.003522255,0.961318979,NS
ENSG00000173120,KDM2A,0.003024,0.961318979,NS
ENSG00000181817,LSM10,-0.003419231,0.961318979,NS
ENSG00000188177,ZC3H6,-0.003480391,0.961318979,NS
ENSG00000196417,ZNF765,-0.003450015,0.961318979,NS
ENSG00000197780,TAF13,0.003358043,0.961318979,NS
ENSG00000289297,NA,0.003078401,0.961318979,NS
ENSG00000293205,TPI1P2,0.003359224,0.961318979,NS
ENSG00000137073,UBAP2,-0.003236048,0.961475767,NS
ENSG00000105248,YJU2,-0.003481795,0.961524532,NS
ENSG00000142192,APP,-0.002806917,0.961524532,NS
ENSG00000169629,RGPD8,0.002941762,0.961524532,NS
ENSG00000125703,ATG4C,0.003475726,0.961578748,NS
ENSG00000133937,GSC,0.003372582,0.961578748,NS
ENSG00000134291,TMEM106C,0.00307059,0.961578748,NS
ENSG00000147082,CCNB3,-0.002923866,0.961578748,NS
ENSG00000198730,CTR9,0.003071018,0.961578748,NS
ENSG00000198816,ZNF358,-0.003334796,0.961578748,NS
ENSG00000204356,NELFE,-0.003298032,0.961578748,NS
ENSG00000273619,RPS21-DT,0.003331866,0.961578748,NS
ENSG00000272501,NA,-0.003224357,0.96180671,NS
ENSG00000279329,NA,-0.00300641,0.96180671,NS
ENSG00000177082,WDR73,0.003417424,0.961857204,NS
ENSG00000241553,ARPC4,0.003027683,0.961857204,NS
ENSG00000183751,TBL3,0.003264913,0.961955958,NS
ENSG00000023734,STRAP,-0.002758887,0.962006731,NS
ENSG00000074621,SLC24A1,0.003432324,0.962006731,NS
ENSG00000139515,PDX1,0.003038143,0.962006731,NS
ENSG00000155393,HEATR3,-0.003408745,0.962006731,NS
ENSG00000269556,TMEM185A,-0.003442782,0.962006731,NS
ENSG00000066422,ZBTB11,-0.003257221,0.962041627,NS
ENSG00000067560,RHOA,0.002817496,0.962041627,NS
ENSG00000067646,ZFY,-0.003356512,0.962041627,NS
ENSG00000074266,EED,-0.003328136,0.962041627,NS
ENSG00000090470,PDCD7,-0.003352738,0.962041627,NS
ENSG00000104723,TUSC3,0.00326181,0.962041627,NS
ENSG00000105135,ILVBL,-0.003129405,0.962041627,NS
ENSG00000106144,CASP2,0.003202607,0.962041627,NS
ENSG00000113595,TRIM23,0.003306605,0.962041627,NS
ENSG00000127980,PEX1,-0.003395416,0.962041627,NS
ENSG00000132842,AP3B1,-0.003270972,0.962041627,NS
ENSG00000134686,PHC2,-0.003120598,0.962041627,NS
ENSG00000158301,GPRASP2,0.003331514,0.962041627,NS
ENSG00000169976,SF3B5,-0.003203241,0.962041627,NS
ENSG00000171806,METTL18,0.003367659,0.962041627,NS
ENSG00000173451,THAP2,-0.002950223,0.962041627,NS
ENSG00000197594,ENPP1,-0.003371239,0.962041627,NS
ENSG00000198182,ZNF607,-0.003393744,0.962041627,NS
ENSG00000204815,ODAD4,0.003001008,0.962041627,NS
ENSG00000214193,SH3D21,0.002735315,0.962041627,NS
ENSG00000273361,NA,-0.002958566,0.962041627,NS
ENSG00000277369,NA,-0.00297556,0.962041627,NS
ENSG00000289562,NA,-0.003133481,0.962041627,NS
ENSG00000290831,NSUN5P2,0.003350989,0.962041627,NS
ENSG00000300184,NA,-0.003119037,0.962041627,NS
ENSG00000306073,NA,0.003005674,0.962041627,NS
ENSG00000132680,KHDC4,0.003369178,0.962113225,NS
ENSG00000188917,TRMT2B,-0.00327239,0.962113225,NS
ENSG00000276256,NA,0.003307561,0.962113225,NS
ENSG00000127081,ZNF484,-0.003267273,0.962118897,NS
ENSG00000162851,TFB2M,0.003038038,0.962118897,NS
ENSG00000163281,GNPDA2,0.003308166,0.962118897,NS
ENSG00000165629,ATP5F1C,-0.002922337,0.962118897,NS
ENSG00000187372,PCDHB13,-0.003272358,0.962118897,NS
ENSG00000204498,NFKBIL1,0.00331316,0.962118897,NS
ENSG00000064651,SLC12A2,-0.003193134,0.962315269,NS
ENSG00000132507,EIF5A,0.002974506,0.962315269,NS
ENSG00000179455,MKRN3,0.003337298,0.962315269,NS
ENSG00000182108,DEXI,-0.003202366,0.962419204,NS
ENSG00000162972,MAIP1,0.003309402,0.962429803,NS
ENSG00000108666,C17orf75,0.003190926,0.962589165,NS
ENSG00000131061,ZNF341,-0.003278153,0.962589165,NS
ENSG00000170088,TMEM192,-0.003084232,0.962589165,NS
ENSG00000185808,PIGP,0.00324589,0.962694459,NS
ENSG00000186350,RXRA,0.002839395,0.962694459,NS
ENSG00000129292,PHF20L1,0.003249252,0.962972709,NS
ENSG00000196756,SNHG17,0.003304434,0.962987858,NS
ENSG00000023516,AKAP11,0.003201508,0.963042455,NS
ENSG00000100280,AP1B1,0.002753611,0.963042455,NS
ENSG00000118564,FBXL5,0.003125057,0.963042455,NS
ENSG00000135503,ACVR1B,-0.003157357,0.963042455,NS
ENSG00000240230,COX19,-0.003285374,0.963042455,NS
ENSG00000010256,UQCRC1,-0.002736159,0.963070586,NS
ENSG00000154719,MRPL39,0.003141877,0.963070586,NS
ENSG00000161526,SAP30BP,0.003216727,0.963070586,NS
ENSG00000166886,NAB2,-0.003281231,0.963070586,NS
ENSG00000173163,COMMD1,-0.003219012,0.963070586,NS
ENSG00000271714,FAM169A-AS1,-0.002808714,0.963070586,NS
ENSG00000280128,NA,-0.003138942,0.963070586,NS
ENSG00000172380,GNG12,0.003042375,0.963115153,NS
ENSG00000133884,DPF2,0.003079808,0.963163448,NS
ENSG00000100294,MCAT,0.00310995,0.963314138,NS
ENSG00000143363,PRUNE1,-0.003075031,0.963460553,NS
ENSG00000151353,TMEM18,0.003206133,0.963460553,NS
ENSG00000289234,ZNF496-DT,-0.00322332,0.963460553,NS
ENSG00000293616,PCBP1-AS1,0.003225917,0.963624877,NS
ENSG00000100373,UPK3A,0.002962956,0.963626007,NS
ENSG00000111269,CREBL2,0.002890842,0.963808783,NS
ENSG00000140750,ARHGAP17,-0.003178169,0.963808783,NS
ENSG00000188785,ZNF548,-0.0032271,0.963808783,NS
ENSG00000197860,SGTB,-0.003195621,0.963808783,NS
ENSG00000215424,MCM3AP-AS1,0.003229263,0.963808783,NS
ENSG00000268516,ZNF8-DT,-0.003157633,0.963808783,NS
ENSG00000271643,PDCD6IP-DT,-0.003197902,0.963808783,NS
ENSG00000123144,TRIR,-0.002963498,0.964149339,NS
ENSG00000137522,RNF121,0.003157363,0.964149339,NS
ENSG00000150687,PRSS23,-0.003154492,0.964149339,NS
ENSG00000156869,FRRS1,-0.003186333,0.964149339,NS
ENSG00000179930,ZNF648,0.003121648,0.964149339,NS
ENSG00000253773,CFAP418-AS1,-0.002791739,0.964149339,NS
ENSG00000257303,CNPY2-AS1,-0.002876312,0.964149339,NS
ENSG00000057019,DCBLD2,-0.003000063,0.964154589,NS
ENSG00000129667,RHBDF2,-0.003157864,0.964154589,NS
ENSG00000156042,CFAP70,-0.002911867,0.964154589,NS
ENSG00000175984,DENND2C,0.00307208,0.964154589,NS
ENSG00000196411,EPHB4,0.002797622,0.964154589,NS
ENSG00000272779,BMS1P20,-0.003033791,0.964154589,NS
ENSG00000100994,PYGB,0.002709247,0.96439098,NS
ENSG00000182263,FIGN,-0.002725317,0.96439098,NS
ENSG00000103021,CFAP263,0.003125705,0.964406127,NS
ENSG00000155093,PTPRN2,-0.002749875,0.964406127,NS
ENSG00000204237,OXLD1,0.003089383,0.964520143,NS
ENSG00000275882,IKBKGP1,-0.001650694,0.964535183,NS
ENSG00000105185,PDCD5,-0.003016905,0.964757902,NS
ENSG00000124216,SNAI1,-0.003115961,0.964757902,NS
ENSG00000130165,ELOF1,0.002972527,0.964757902,NS
ENSG00000137269,LRRC1,0.003143198,0.964757902,NS
ENSG00000160007,ARHGAP35,-0.002897128,0.964757902,NS
ENSG00000173928,SWSAP1,0.003051495,0.964757902,NS
ENSG00000176401,EID2B,0.003128562,0.964757902,NS
ENSG00000198618,PPIAP22,-0.003090338,0.964757902,NS
ENSG00000166794,PPIB,0.002778917,0.964825908,NS
ENSG00000204860,FAM201A,0.003045216,0.96488244,NS
ENSG00000135451,TROAP,0.003060478,0.965159536,NS
ENSG00000100325,ASCC2,-0.002903798,0.965173234,NS
ENSG00000112118,MCM3,-0.002606004,0.965173234,NS
ENSG00000135720,DYNC1LI2,0.002764578,0.965173234,NS
ENSG00000155287,SLC25A28,-0.003097575,0.965173234,NS
ENSG00000186615,KTN1-AS1,0.003044885,0.965173234,NS
ENSG00000228274,TOMM22-DT,-0.002872513,0.965173234,NS
ENSG00000249859,PVT1,0.003071758,0.965173234,NS
ENSG00000182544,MFSD5,-0.003013422,0.965355595,NS
ENSG00000198756,COLGALT2,0.002797572,0.965499522,NS
ENSG00000214274,ANG,-0.00297864,0.965499522,NS
ENSG00000287966,LARRPM,0.002785118,0.965499522,NS
ENSG00000204920,ZNF155,-0.002873561,0.966066821,NS
ENSG00000151729,SLC25A4,0.002785282,0.966356752,NS
ENSG00000004139,SARM1,-0.002911008,0.96639446,NS
ENSG00000164778,EN2,-0.003033362,0.966514751,NS
ENSG00000293919,NA,-0.003031329,0.966514751,NS
ENSG00000101974,ATP11C,0.00295659,0.966674674,NS
ENSG00000063169,BICRA,-0.003025405,0.966699165,NS
ENSG00000163155,LYSMD1,0.003023022,0.96676275,NS
ENSG00000167513,CDT1,0.002852609,0.96676275,NS
ENSG00000100802,C14orf93,-0.002892143,0.966872064,NS
ENSG00000156860,FBRS,-0.002763159,0.966872064,NS
ENSG00000171222,SCAND1,-0.002736345,0.966872064,NS
ENSG00000245498,MSANTD2-AS1,-0.00297769,0.966872064,NS
ENSG00000154146,NRGN,0.002912183,0.966936797,NS
ENSG00000260077,NA,-0.00293588,0.966936797,NS
ENSG00000148803,FUOM,-0.002493113,0.966946625,NS
ENSG00000189064,GAGE2A,0.002989563,0.966946625,NS
ENSG00000058673,ZC3H11A,-0.002986093,0.967111496,NS
ENSG00000188234,AGAP4,0.002781694,0.967111496,NS
ENSG00000155495,MAGEC1,0.002556713,0.967272698,NS
ENSG00000273311,DGCR11,0.002719867,0.967272698,NS
ENSG00000214401,KANSL1-AS1,-0.002762196,0.96745514,NS
ENSG00000100271,TTLL1,0.002967288,0.96758061,NS
ENSG00000288670,NA,-0.002939868,0.96758061,NS
ENSG00000008283,CYB561,0.002433518,0.967603964,NS
ENSG00000099330,OCEL1,-0.002923628,0.967603964,NS
ENSG00000099940,SNAP29,-0.002661742,0.967603964,NS
ENSG00000106009,BRAT1,-0.002642698,0.967603964,NS
ENSG00000130147,SH3BP4,0.002830243,0.967603964,NS
ENSG00000132141,CCT6B,0.002704862,0.967603964,NS
ENSG00000139410,SDSL,-0.002929523,0.967603964,NS
ENSG00000149823,VPS51,0.002678395,0.967603964,NS
ENSG00000154310,TNIK,-0.0028787,0.967603964,NS
ENSG00000162639,HENMT1,-0.002922235,0.967603964,NS
ENSG00000163041,H3-3A,-0.002478028,0.967603964,NS
ENSG00000164199,ADGRV1,-0.00295645,0.967603964,NS
ENSG00000166189,HPS6,-0.002842883,0.967603964,NS
ENSG00000167131,CCDC103,0.002677845,0.967603964,NS
ENSG00000170412,GPRC5C,-0.002918721,0.967603964,NS
ENSG00000177854,TMEM187,-0.00291996,0.967603964,NS
ENSG00000233611,GBX2-AS1,-0.002647112,0.967603964,NS
ENSG00000254101,LINC02055,0.002494526,0.967603964,NS
ENSG00000297327,NA,-0.002505787,0.967603964,NS
ENSG00000105676,ARMC6,-0.002726741,0.967674238,NS
ENSG00000125037,EMC3,0.002791565,0.968301938,NS
ENSG00000142507,PSMB6,-0.002653696,0.968326295,NS
ENSG00000111786,SRSF9,0.002468278,0.968336563,NS
ENSG00000139323,POC1B,-0.002886425,0.968336563,NS
ENSG00000110274,CEP164,-0.002880644,0.968465376,NS
ENSG00000140451,PIF1,0.002696062,0.968480793,NS
ENSG00000037757,MRI1,0.002842949,0.968501776,NS
ENSG00000075089,ACTR6,-0.002742676,0.968501776,NS
ENSG00000083099,LYRM2,-0.00274899,0.968501776,NS
ENSG00000099624,ATP5F1D,-0.002574727,0.968501776,NS
ENSG00000105355,PLIN3,0.002659944,0.968501776,NS
ENSG00000108474,PIGL,-0.002815731,0.968501776,NS
ENSG00000125450,NUP85,0.002701892,0.968501776,NS
ENSG00000149646,CNBD2,0.002876888,0.968501776,NS
ENSG00000152942,RAD17,0.002738025,0.968501776,NS
ENSG00000163093,BBS5,0.002869428,0.968501776,NS
ENSG00000165392,WRN,0.002834994,0.968501776,NS
ENSG00000175606,TMEM70,0.002672873,0.968501776,NS
ENSG00000268858,NA,-0.002834022,0.968501776,NS
ENSG00000280239,NA,-0.002304534,0.968501776,NS
ENSG00000284707,NA,0.002751194,0.968501776,NS
ENSG00000291094,NA,-0.002872389,0.968501776,NS
ENSG00000292979,NA,0.002829958,0.968501776,NS
ENSG00000013561,RNF14,0.002607938,0.968511848,NS
ENSG00000083454,P2RX5,-0.002767031,0.968511848,NS
ENSG00000106546,AHR,0.002829806,0.968511848,NS
ENSG00000114315,HES1,-0.002058167,0.968511848,NS
ENSG00000182919,C11orf54,-0.002776725,0.968511848,NS
ENSG00000147533,GOLGA7,-0.002639605,0.968618154,NS
ENSG00000198642,KLHL9,-0.002587414,0.968618154,NS
ENSG00000029639,TFB1M,0.002789057,0.96886271,NS
ENSG00000136908,DPM2,0.002686844,0.96886271,NS
ENSG00000138709,LARP1B,0.002773462,0.96886271,NS
ENSG00000164970,FAM219A,0.00279689,0.96886271,NS
ENSG00000167395,ZNF646,0.002741152,0.96886271,NS
ENSG00000136867,SLC31A2,0.002737556,0.968892379,NS
ENSG00000144659,SLC25A38,-0.002553945,0.968892379,NS
ENSG00000198324,PHETA1,0.00278123,0.968892379,NS
ENSG00000198681,MAGEA1,-0.002550313,0.968892379,NS
ENSG00000224023,EDRF1-DT,0.002597525,0.968892379,NS
ENSG00000051180,RAD51,0.002781328,0.969001014,NS
ENSG00000230629,RPS23P8,0.002578375,0.969139881,NS
ENSG00000075975,MKRN2,0.00269712,0.969184907,NS
ENSG00000118242,MREG,-0.002769029,0.969184907,NS
ENSG00000165678,GHITM,0.002224072,0.969184907,NS
ENSG00000166323,C11orf65,0.002420853,0.969184907,NS
ENSG00000189319,FAM53B,0.002684983,0.969184907,NS
ENSG00000197417,SHPK,-0.002730653,0.969184907,NS
ENSG00000174469,CNTNAP2,-0.002694813,0.969366204,NS
ENSG00000166226,CCT2,0.002255782,0.969388569,NS
ENSG00000288844,NA,0.002542117,0.96942715,NS
ENSG00000100764,PSMC1,0.002287611,0.969542218,NS
ENSG00000114166,KAT2B,0.002712698,0.969542218,NS
ENSG00000116857,TMEM9,-0.002472505,0.969542218,NS
ENSG00000161542,PRPSAP1,-0.002562192,0.969542218,NS
ENSG00000197694,SPTAN1,0.002494002,0.969542218,NS
ENSG00000261777,DDX19A-DT,0.00220182,0.969542218,NS
ENSG00000121897,LIAS,-0.002725342,0.969826053,NS
ENSG00000105258,POLR2I,-0.002674336,0.969887195,NS
ENSG00000167981,ZNF597,0.00249322,0.969887195,NS
ENSG00000086189,DIMT1,-0.002497097,0.969994904,NS
ENSG00000105401,CDC37,-0.002397385,0.969994904,NS
ENSG00000162817,C1orf115,0.002592256,0.969994904,NS
ENSG00000070785,EIF2B3,-0.002637936,0.970054245,NS
ENSG00000125656,CLPP,0.002532484,0.970054245,NS
ENSG00000151338,MIPOL1,-0.002568742,0.970054245,NS
ENSG00000163682,RPL9,-0.002406039,0.970054245,NS
ENSG00000273117,INSIG1-DT,0.002633146,0.970054245,NS
ENSG00000290689,NA,-0.00268354,0.970054245,NS
ENSG00000031823,RANBP3,0.002438859,0.970131949,NS
ENSG00000132801,ZSWIM3,0.002590961,0.970263549,NS
ENSG00000134508,CABLES1,-0.002609367,0.970263549,NS
ENSG00000291152,SBDSP1,-0.002662286,0.970396627,NS
ENSG00000132434,LANCL2,0.002604606,0.97044764,NS
ENSG00000263327,TAPT1-AS1,-0.002289229,0.97044764,NS
ENSG00000269386,RAB11B-AS1,0.002346304,0.97044764,NS
ENSG00000147789,ZNF7,0.002644765,0.970625887,NS
ENSG00000131153,GINS2,-0.002603433,0.970802464,NS
ENSG00000168283,BMI1,0.002493293,0.970802464,NS
ENSG00000011405,PIK3C2A,0.002486317,0.971093371,NS
ENSG00000061936,SFSWAP,-0.002558082,0.971093371,NS
ENSG00000233954,UQCRHL,0.002631109,0.971093371,NS
ENSG00000248866,USP46-DT,0.002563534,0.971093371,NS
ENSG00000285600,NA,-0.002230652,0.971093371,NS
ENSG00000163946,TASOR,0.002570012,0.971164734,NS
ENSG00000198538,ZNF28,-0.002545037,0.971164734,NS
ENSG00000204842,ATXN2,-0.002542277,0.971164734,NS
ENSG00000147650,LRP12,0.002615012,0.971177654,NS
ENSG00000169925,BRD3,-0.002370072,0.971177654,NS
ENSG00000197798,FAM118B,-0.002606087,0.971177654,NS
ENSG00000106636,YKT6,-0.00226725,0.971265582,NS
ENSG00000118197,DDX59,-0.002537354,0.971265582,NS
ENSG00000164209,SLC25A46,0.002459917,0.971265582,NS
ENSG00000173486,FKBP2,0.002542778,0.971265582,NS
ENSG00000173915,ATP5MK,-0.002483872,0.971265582,NS
ENSG00000205423,CNEP1R1,-0.002553746,0.971265582,NS
ENSG00000295221,NA,-0.002338567,0.971265582,NS
ENSG00000171574,ZNF584,0.002538502,0.97157258,NS
ENSG00000111145,ELK3,-0.00258183,0.971574213,NS
ENSG00000140391,TSPAN3,0.002396142,0.971786266,NS
ENSG00000114742,WDR48,0.002563375,0.971818131,NS
ENSG00000138744,NAAA,0.002409943,0.971818131,NS
ENSG00000174109,UQCC4,0.002527121,0.971983655,NS
ENSG00000203739,PRDX6-AS1,-0.002202673,0.97199458,NS
ENSG00000012211,PRICKLE3,0.002541781,0.972137583,NS
ENSG00000109180,OCIAD1,0.002237736,0.972137583,NS
ENSG00000169203,NPIPB12,-0.002337926,0.972137583,NS
ENSG00000120662,MTRF1,0.002406753,0.97244964,NS
ENSG00000146833,TRIM4,0.002474285,0.97244964,NS
ENSG00000212719,LINC02693,0.002526351,0.972586117,NS
ENSG00000227946,INO80D-AS1,-0.002343019,0.972586117,NS
ENSG00000079277,MKNK1,0.002514194,0.972612622,NS
ENSG00000099956,SMARCB1,0.002371835,0.972612622,NS
ENSG00000197329,PELI1,-0.002513432,0.972612622,NS
ENSG00000128891,CCDC32,-0.002509197,0.972871529,NS
ENSG00000138796,HADH,0.002221599,0.972879742,NS
ENSG00000158042,MRPL17,0.002385772,0.972879742,NS
ENSG00000097033,SH3GLB1,0.002449897,0.972895067,NS
ENSG00000151575,TEX9,0.002396892,0.972924156,NS
ENSG00000078124,ACER3,-0.002440195,0.973260306,NS
ENSG00000102898,NUTF2,0.002274168,0.973260931,NS
ENSG00000188321,ZNF559,0.002456508,0.973323415,NS
ENSG00000237036,ZEB1-AS1,0.002444995,0.973323415,NS
ENSG00000126522,ASL,0.002370067,0.973785044,NS
ENSG00000140694,PARN,-0.002304595,0.973785044,NS
ENSG00000154174,TOMM70,-0.002044128,0.973785044,NS
ENSG00000275496,NA,-0.001069443,0.973785044,NS
ENSG00000159228,CBR1,0.002350066,0.973931021,NS
ENSG00000291053,CATSPER2P1,0.002257711,0.973931021,NS
ENSG00000164023,SGMS2,0.002408296,0.973933102,NS
ENSG00000277117,NA,0.002423914,0.973998156,NS
ENSG00000125734,GPR108,-0.002374204,0.97406316,NS
ENSG00000144043,TEX261,0.002180246,0.974141082,NS
ENSG00000225791,TRAM2-AS1,-0.002404931,0.974141082,NS
ENSG00000160284,SPATC1L,-0.002393095,0.974396103,NS
ENSG00000028839,TBPL1,-0.002393414,0.975022091,NS
ENSG00000152242,ARK2N,-0.002344811,0.975022091,NS
ENSG00000165591,FAAH2,0.002358458,0.975109714,NS
ENSG00000163636,PSMD6,0.002134509,0.975208077,NS
ENSG00000073584,SMARCE1,-0.002022076,0.975310139,NS
ENSG00000118181,RPS25,0.002252408,0.975310139,NS
ENSG00000155324,GRAMD2B,-0.002369121,0.975453919,NS
ENSG00000272711,HK2-DT,0.002306291,0.975453919,NS
ENSG00000119004,CYP20A1,-0.0023559,0.97553954,NS
ENSG00000168256,NKIRAS2,-0.002188351,0.97553954,NS
ENSG00000228526,MIR34AHG,-0.001942388,0.976225723,NS
ENSG00000245060,LINC00847,-0.002326239,0.976225723,NS
ENSG00000090447,TFAP4,0.002293658,0.976294911,NS
ENSG00000128654,MTX2,0.002241616,0.976327254,NS
ENSG00000134759,ELP2,0.002089186,0.976327254,NS
ENSG00000171130,ATP6V0E2,-0.001961141,0.976327254,NS
ENSG00000068912,ERLEC1,0.002249317,0.976446317,NS
ENSG00000105229,PIAS4,-0.002271705,0.976446317,NS
ENSG00000107897,ACBD5,-0.002203743,0.976446317,NS
ENSG00000111790,FGFR1OP2,0.002285818,0.976446317,NS
ENSG00000124098,FAM210B,-0.001862391,0.976446317,NS
ENSG00000136715,SAP130,0.002228546,0.976446317,NS
ENSG00000149923,PPP4C,0.00205573,0.976446317,NS
ENSG00000160392,C19orf47,0.002307066,0.976446317,NS
ENSG00000162378,ZYG11B,0.002248251,0.976446317,NS
ENSG00000162636,EEIG2,0.002287947,0.976446317,NS
ENSG00000163170,BOLA3,-0.002291936,0.976446317,NS
ENSG00000188878,FBF1,0.002290116,0.976446317,NS
ENSG00000198909,MAP3K3,0.002250208,0.976446317,NS
ENSG00000255717,SNHG1,0.002147403,0.976446317,NS
ENSG00000271576,PRKACB-DT,0.002084278,0.976446317,NS
ENSG00000273253,TRABD-AS1,0.002269275,0.976446317,NS
ENSG00000279423,NA,-0.001846738,0.976446317,NS
ENSG00000167065,DUSP18,0.002110544,0.976720159,NS
ENSG00000073969,NSF,-0.002003574,0.976757543,NS
ENSG00000106006,HOXA6,0.001990078,0.976757543,NS
ENSG00000108578,BLMH,0.002065946,0.976757543,NS
ENSG00000125843,AP5S1,0.002246128,0.976757543,NS
ENSG00000127838,PNKD,0.002033446,0.976757543,NS
ENSG00000179361,ARID3B,-0.002059914,0.976757543,NS
ENSG00000105373,NOP53,-0.002133201,0.976795321,NS
ENSG00000260917,NA,-0.001987331,0.976795321,NS
ENSG00000082397,EPB41L3,-0.002157467,0.976880209,NS
ENSG00000099385,BCL7C,-0.002214659,0.976880209,NS
ENSG00000101310,SEC23B,-0.001876342,0.976880209,NS
ENSG00000119446,RBM18,-0.002080346,0.976880209,NS
ENSG00000123728,RAP2C,0.002216254,0.976880209,NS
ENSG00000145216,FIP1L1,0.002185214,0.976880209,NS
ENSG00000032219,ARID4A,0.00222223,0.977110185,NS
ENSG00000104852,SNRNP70,-0.001975805,0.977110185,NS
ENSG00000137720,CFAP68,0.002215295,0.977110185,NS
ENSG00000141076,UTP4,0.00203469,0.977110185,NS
ENSG00000154556,SORBS2,0.00221311,0.977110185,NS
ENSG00000177600,RPLP2,-0.002063768,0.977110185,NS
ENSG00000151923,TIAL1,-0.001990861,0.977368798,NS
ENSG00000169239,CA5B,-0.002059958,0.977408922,NS
ENSG00000291124,NA,-0.001950724,0.977437562,NS
ENSG00000260209,NA,-0.002015968,0.977470759,NS
ENSG00000101150,TPD52L2,-0.001910265,0.97755477,NS
ENSG00000141543,EIF4A3,0.001933563,0.97755477,NS
ENSG00000197162,ZNF785,-0.00209549,0.97755477,NS
ENSG00000168389,MFSD2A,0.002153164,0.977696956,NS
ENSG00000273045,C2orf15,-0.002027747,0.977696956,NS
ENSG00000291043,NA,-0.00196326,0.977696956,NS
ENSG00000154274,C4orf19,0.001840007,0.977800071,NS
ENSG00000089177,KIF16B,-0.00215962,0.977967095,NS
ENSG00000113790,EHHADH,-0.002096709,0.977977887,NS
ENSG00000179152,TCAIM,0.001960631,0.977977887,NS
ENSG00000173402,DAG1,0.001817216,0.978205979,NS
ENSG00000283828,NA,0.001917801,0.978205979,NS
ENSG00000141219,MTNAP1,0.00209778,0.978255876,NS
ENSG00000110218,PANX1,0.002085595,0.978397537,NS
ENSG00000166165,CKB,-0.001796619,0.978397537,NS
ENSG00000184209,SNRNP35,-0.002129361,0.978397537,NS
ENSG00000072210,ALDH3A2,-0.001804305,0.978460278,NS
ENSG00000169084,DHRSX,0.002062281,0.97850289,NS
ENSG00000247011,NA,-0.001829213,0.97850289,NS
ENSG00000292338,DHRSX,0.002062281,0.97850289,NS
ENSG00000170949,ZNF160,-0.002111312,0.978655582,NS
ENSG00000186260,MRTFB,0.002019437,0.978655582,NS
ENSG00000115282,TTC31,-0.00209777,0.978767608,NS
ENSG00000165879,FRAT1,-0.002103881,0.978767608,NS
ENSG00000177125,ZBTB34,-0.002062489,0.978767608,NS
ENSG00000182325,FBXL6,-0.002086341,0.978767608,NS
ENSG00000137941,TTLL7,-0.002086359,0.97886017,NS
ENSG00000170684,ZNF296,-0.002016203,0.97886017,NS
ENSG00000049883,PTCD2,-0.002045989,0.978935156,NS
ENSG00000075292,ZNF638,0.001912835,0.978935156,NS
ENSG00000156983,BRPF1,0.002045199,0.978935156,NS
ENSG00000135241,PNPLA8,-0.002003127,0.979048106,NS
ENSG00000132950,ZMYM5,0.002057469,0.979053817,NS
ENSG00000160345,PIERCE1,0.002052716,0.979271217,NS
ENSG00000174744,BRMS1,-0.001987032,0.979271217,NS
ENSG00000241839,PLEKHO2,0.001981955,0.979271217,NS
ENSG00000289027,NA,-0.001975117,0.979271217,NS
ENSG00000049323,LTBP1,0.001989605,0.979383847,NS
ENSG00000107789,MINPP1,0.002026142,0.979383847,NS
ENSG00000111077,TNS2,-0.00195536,0.979383847,NS
ENSG00000112578,BYSL,-0.002001864,0.979383847,NS
ENSG00000116001,TIA1,0.001946678,0.979383847,NS
ENSG00000134253,TRIM45,-0.00202621,0.979383847,NS
ENSG00000139865,TTC6,0.002046998,0.979383847,NS
ENSG00000178096,BOLA1,0.002029961,0.979383847,NS
ENSG00000255108,NA,0.001882295,0.979383847,NS
ENSG00000288784,CTAGE4,-0.002033509,0.979383847,NS
ENSG00000166002,SMCO4,-0.001963386,0.979409566,NS
ENSG00000198000,NOL8,-0.001973122,0.979540332,NS
ENSG00000024048,UBR2,0.001984337,0.979922161,NS
ENSG00000133424,LARGE1,-0.001800418,0.979922161,NS
ENSG00000259146,SIPA1L1-AS1,-0.001731019,0.979922161,NS
ENSG00000118369,USP35,0.001953976,0.979964109,NS
ENSG00000132294,EFR3A,-0.001928941,0.979964109,NS
ENSG00000170364,SETMAR,-0.001972792,0.98006706,NS
ENSG00000185670,ZBTB3,0.001957556,0.98013712,NS
ENSG00000285943,NA,-0.001615053,0.98013712,NS
ENSG00000183208,GDPGP1,0.001983776,0.980288901,NS
ENSG00000274827,LINC01297,-0.001946141,0.980288901,NS
ENSG00000147586,MRPS28,-0.001887589,0.980321947,NS
ENSG00000161970,RPL26,-0.00183898,0.980321947,NS
ENSG00000205791,LOH12CR2,-0.001881448,0.980321947,NS
ENSG00000267100,ILF3-DT,-0.00182438,0.980321947,NS
ENSG00000297244,NA,-0.001688955,0.980321947,NS
ENSG00000196531,NACA,-0.001838431,0.980345082,NS
ENSG00000261801,LOXL1-AS1,-0.001965518,0.980345082,NS
ENSG00000070371,CLTCL1,-0.001896465,0.980423101,NS
ENSG00000079150,FKBP7,-0.001871779,0.980423101,NS
ENSG00000130021,PUDP,-0.001952906,0.980423101,NS
ENSG00000136143,SUCLA2,-0.001858304,0.980423101,NS
ENSG00000142686,C1orf216,0.001900897,0.980423101,NS
ENSG00000189376,C8orf76,0.001953258,0.980423101,NS
ENSG00000261008,LINC01572,0.001705646,0.980423101,NS
ENSG00000033122,LRRC7,0.001773081,0.980622871,NS
ENSG00000111907,TPD52L1,0.001716281,0.980622871,NS
ENSG00000138496,PARP9,-0.001893921,0.980622871,NS
ENSG00000154305,MIA3,0.001665553,0.980622871,NS
ENSG00000162928,PEX13,-0.001868573,0.980622871,NS
ENSG00000164061,BSN,0.001792124,0.980622871,NS
ENSG00000165105,RASEF,0.00179292,0.980622871,NS
ENSG00000166963,MAP1A,0.001868299,0.980622871,NS
ENSG00000169914,OTUD3,0.001930317,0.980622871,NS
ENSG00000165655,ZNF503,0.001916958,0.98069691,NS
ENSG00000128694,OSGEPL1,-0.001906334,0.980789368,NS
ENSG00000138380,CARF,-0.001825113,0.980789368,NS
ENSG00000170390,DCLK2,0.001877445,0.980789368,NS
ENSG00000287672,NA,-0.001672472,0.980789368,NS
ENSG00000104529,EEF1D,-0.001630056,0.980865319,NS
ENSG00000171723,GPHN,0.001855252,0.980865319,NS
ENSG00000186017,ZNF566,-0.001884684,0.980865319,NS
ENSG00000198719,DLL1,-0.001749587,0.980865319,NS
ENSG00000280832,GSEC,-0.001853027,0.980865319,NS
ENSG00000166439,RNF169,0.001867723,0.980928595,NS
ENSG00000008300,CELSR3,0.001778956,0.981210426,NS
ENSG00000070061,ELP1,-0.001827099,0.981210426,NS
ENSG00000183255,PTTG1IP,-0.001645942,0.981210426,NS
ENSG00000186918,ZNF395,0.001810035,0.981210426,NS
ENSG00000236824,BCYRN1,0.001829733,0.981210426,NS
ENSG00000078403,MLLT10,-0.001858085,0.981354455,NS
ENSG00000094841,UPRT,-0.001841091,0.981354455,NS
ENSG00000115421,PAPOLG,0.001853542,0.981354455,NS
ENSG00000152894,PTPRK,-0.001853692,0.981354455,NS
ENSG00000157916,RER1,-0.001567492,0.981592314,NS
ENSG00000166902,MRPL16,-0.001697824,0.981592314,NS
ENSG00000160789,LMNA,-0.001598618,0.981705075,NS
ENSG00000250132,NA,0.001761707,0.981789256,NS
ENSG00000161179,YDJC,-0.001740281,0.981882037,NS
ENSG00000104369,JPH1,0.001771164,0.981899441,NS
ENSG00000172375,C2CD2L,-0.001798679,0.981899441,NS
ENSG00000187522,HSPA14,0.001786342,0.981899441,NS
ENSG00000196704,AMZ2,0.001724659,0.981899441,NS
ENSG00000238005,LNCATV,0.001537363,0.981899441,NS
ENSG00000290762,NA,0.001642454,0.981899441,NS
ENSG00000137216,TMEM63B,0.001704899,0.981981385,NS
ENSG00000170921,TANC2,-0.001801971,0.981988461,NS
ENSG00000170469,SPATA24,-0.001657294,0.982016327,NS
ENSG00000179743,SPEN-AS1,0.001782288,0.982016327,NS
ENSG00000293352,RPLP0P2,0.00150122,0.982016327,NS
ENSG00000102934,PLLP,0.001779848,0.982254882,NS
ENSG00000159202,UBE2Z,0.001587905,0.98231499,NS
ENSG00000095637,SORBS1,0.0017257,0.982551742,NS
ENSG00000106077,ABHD11,0.001725053,0.982551742,NS
ENSG00000198551,ZNF627,-0.001772741,0.982551742,NS
ENSG00000105865,DUS4L,0.001763233,0.982635978,NS
ENSG00000150967,ABCB9,-0.001762913,0.982635978,NS
ENSG00000162600,OMA1,-0.001681827,0.982635978,NS
ENSG00000149716,LTO1,-0.00173837,0.983398927,NS
ENSG00000206562,METTL6,0.001718989,0.983517154,NS
ENSG00000106615,RHEB,-0.00159421,0.983535864,NS
ENSG00000234494,SP2-AS1,0.001723333,0.983685726,NS
ENSG00000107140,TESK1,-0.001666176,0.983960284,NS
ENSG00000131848,ZSCAN5A,-0.001529805,0.983960284,NS
ENSG00000165526,RPUSD4,-0.001659801,0.983960284,NS
ENSG00000168938,PPIC,0.001685112,0.983960284,NS
ENSG00000186230,ZNF749,0.001700445,0.983960284,NS
ENSG00000205268,PDE7A,0.001671086,0.983960284,NS
ENSG00000285756,NA,0.001641784,0.983960284,NS
ENSG00000291071,FAM86JP,0.001695222,0.983960284,NS
ENSG00000294368,NA,-0.001543958,0.983960284,NS
ENSG00000093100,NA,-0.001686631,0.984109266,NS
ENSG00000136213,CHST12,-0.001679676,0.984109266,NS
ENSG00000140950,MEAK7,-0.001669156,0.984109266,NS
ENSG00000168913,ENHO,-0.001588653,0.984109266,NS
ENSG00000171824,EXOSC10,0.001563458,0.984109266,NS
ENSG00000114331,ACAP2,0.001607376,0.984331801,NS
ENSG00000131368,MRPS25,-0.001507628,0.984331801,NS
ENSG00000074582,BCS1L,0.001592413,0.984516974,NS
ENSG00000164329,TENT2,0.001622649,0.984516974,NS
ENSG00000173083,HPSE,0.001461176,0.984516974,NS
ENSG00000070010,UFD1,-0.00153268,0.985054359,NS
ENSG00000170954,ZNF415,-0.001620262,0.985054359,NS
ENSG00000175348,TMEM9B,-0.001567933,0.985054359,NS
ENSG00000180596,H2BC4,0.001529201,0.985054359,NS
ENSG00000188986,NELFB,0.001469172,0.985054359,NS
ENSG00000205609,EIF3CL,0.001201419,0.985054359,NS
ENSG00000239887,C1orf226,0.001617839,0.985054359,NS
ENSG00000305658,NA,0.00029678,0.985054359,NS
ENSG00000306721,NA,0.001619873,0.985054359,NS
ENSG00000124588,NQO2,0.001593305,0.985210843,NS
ENSG00000132781,MUTYH,0.001597513,0.985210843,NS
ENSG00000196268,ZNF493,-0.001593144,0.985210843,NS
ENSG00000254547,ANKRD33BP6,0.001479706,0.985210843,NS
ENSG00000269378,ITGB1P1,0.001106529,0.985210843,NS
ENSG00000164169,PRMT9,-0.001590763,0.985217896,NS
ENSG00000259366,NA,0.001296954,0.985217896,NS
ENSG00000047932,GOPC,0.001560733,0.985236151,NS
ENSG00000109220,CHIC2,-0.001593296,0.985236151,NS
ENSG00000155729,KCTD18,-0.001587297,0.985236151,NS
ENSG00000167528,ZNF641,0.00158863,0.985236151,NS
ENSG00000232119,MCTS1,-0.001491449,0.985296168,NS
ENSG00000153944,MSI2,-0.001479518,0.985298511,NS
ENSG00000127922,SEM1,0.001490762,0.985417755,NS
ENSG00000164715,LMTK2,0.001543126,0.985417755,NS
ENSG00000135605,TEC,0.001404983,0.985972214,NS
ENSG00000257594,GALNT4,-0.001552809,0.985974199,NS
ENSG00000104325,DECR1,0.001515699,0.986015466,NS
ENSG00000112893,MAN2A1,-0.001536455,0.986015466,NS
ENSG00000133216,EPHB2,0.001542822,0.986015466,NS
ENSG00000139579,NABP2,0.001381968,0.986015466,NS
ENSG00000166949,SMAD3,-0.001542043,0.986015466,NS
ENSG00000227124,ZNF717,0.001531426,0.986015466,NS
ENSG00000189369,GSPT2,-0.001533414,0.986051217,NS
ENSG00000241127,YAE1,0.001531343,0.986051217,NS
ENSG00000273175,NA,-0.001466912,0.986051217,NS
ENSG00000113739,STC2,0.001387452,0.986093074,NS
ENSG00000132819,RBM38,-0.001508475,0.98611333,NS
ENSG00000034693,PEX3,0.001514971,0.986162725,NS
ENSG00000138756,BMP2K,0.001516277,0.986213798,NS
ENSG00000105976,MET,-0.001359764,0.986238892,NS
ENSG00000076067,RBMS2,0.001479806,0.986368426,NS
ENSG00000084693,AGBL5,0.00144409,0.986368426,NS
ENSG00000087111,PIGS,0.001333089,0.986368426,NS
ENSG00000101557,USP14,0.001255095,0.986368426,NS
ENSG00000114956,DGUOK,-0.001450324,0.986368426,NS
ENSG00000141425,RPRD1A,0.001278036,0.986368426,NS
ENSG00000166289,PLEKHF1,0.001470293,0.986368426,NS
ENSG00000171311,EXOSC1,0.001460603,0.986368426,NS
ENSG00000185567,AHNAK2,-0.001442186,0.986368426,NS
ENSG00000188385,JAKMIP3,0.001405553,0.986368426,NS
ENSG00000196267,ZNF836,0.00143646,0.986368426,NS
ENSG00000226121,AHCTF1P1,-0.001301911,0.986368426,NS
ENSG00000238141,BRWD1-AS1,0.001441096,0.986368426,NS
ENSG00000291121,NA,-0.001276895,0.986439262,NS
ENSG00000293508,POLR1HASP,-0.001364486,0.986439262,NS
ENSG00000204959,ARHGEF34P,-0.001438912,0.986450108,NS
ENSG00000113734,BNIP1,0.001463151,0.98645268,NS
ENSG00000113761,ZNF346,-0.001444322,0.986568466,NS
ENSG00000119231,SENP5,0.00143157,0.986568466,NS
ENSG00000144061,NPHP1,0.001437691,0.986568466,NS
ENSG00000145191,EIF2B5,0.001315787,0.986568466,NS
ENSG00000152291,TGOLN2,-0.001316646,0.986634264,NS
ENSG00000006837,CDKL3,0.001213033,0.986755572,NS
ENSG00000108651,UTP6,0.001304727,0.986755572,NS
ENSG00000122481,RWDD3,0.001440081,0.986755572,NS
ENSG00000157654,PALM2AKAP2,-0.001372931,0.986806167,NS
ENSG00000291186,NA,0.001429654,0.986806167,NS
ENSG00000148187,MRRF,0.001352129,0.986814062,NS
ENSG00000205937,RNPS1,0.001207299,0.98687418,NS
ENSG00000102543,CDADC1,-0.001424459,0.986886484,NS
ENSG00000132170,PPARG,0.001400594,0.986888767,NS
ENSG00000175536,LIPT2,0.001372238,0.986934637,NS
ENSG00000198961,PJA2,0.001283265,0.987057912,NS
ENSG00000181830,SLC35C1,-0.001365065,0.987249338,NS
ENSG00000115274,INO80B,-0.001387363,0.987634442,NS
ENSG00000164073,MFSD8,0.001373606,0.987634442,NS
ENSG00000280355,NA,-0.001179714,0.987634442,NS
ENSG00000100483,VCPKMT,0.001348038,0.987704521,NS
ENSG00000136891,TEX10,-0.001340272,0.987704521,NS
ENSG00000186111,PIP5K1C,0.001312987,0.987704521,NS
ENSG00000259802,MARCHF6-DT,0.00137351,0.987704521,NS
ENSG00000178947,SMIM10L2A,-0.001219139,0.987777747,NS
ENSG00000108448,TRIM16L,-0.000723807,0.98805154,NS
ENSG00000165355,FBXO33,0.001350164,0.988259563,NS
ENSG00000176225,RTTN,-0.001344816,0.988259563,NS
ENSG00000131115,ZNF227,0.001348118,0.988313657,NS
ENSG00000106628,POLD2,-0.001165142,0.988321374,NS
ENSG00000143374,TARS2,0.00123908,0.988321374,NS
ENSG00000155961,RAB39B,0.001326038,0.988321374,NS
ENSG00000168385,SEPTIN2,0.001050497,0.988321374,NS
ENSG00000250021,ARPIN-AP3S2,0.001321585,0.988321374,NS
ENSG00000289971,NA,-0.001245382,0.988321374,NS
ENSG00000003393,ALS2,0.001275003,0.988848768,NS
ENSG00000105607,GCDH,-0.001282327,0.988848768,NS
ENSG00000128564,VGF,-0.001240193,0.988848768,NS
ENSG00000148308,GTF3C5,-0.001201409,0.988848768,NS
ENSG00000154309,DISP1,0.001309539,0.988848768,NS
ENSG00000175130,MARCKSL1,0.001109573,0.988848768,NS
ENSG00000180479,ZNF571,0.001276622,0.988848768,NS
ENSG00000198839,ZNF277,-0.001312265,0.988848768,NS
ENSG00000246695,RASSF8-AS1,0.001167576,0.988848768,NS
ENSG00000142530,GARIN5A,-0.001197916,0.988933593,NS
ENSG00000046653,GPM6B,0.001188058,0.989075388,NS
ENSG00000151465,CDC123,-0.001168239,0.98926001,NS
ENSG00000167785,ZNF558,-0.001278863,0.98926001,NS
ENSG00000166471,TMEM41B,0.001203229,0.989450783,NS
ENSG00000023228,NDUFS1,-0.001090097,0.989501077,NS
ENSG00000100216,TOMM22,-0.00114268,0.989501077,NS
ENSG00000234608,MAPKAPK5-AS1,-0.001244399,0.989501077,NS
ENSG00000100744,GSKIP,-0.001214899,0.989553647,NS
ENSG00000143924,EML4,0.001199118,0.989553647,NS
ENSG00000166938,DIS3L,-0.001196761,0.989803337,NS
ENSG00000224424,PRKAR2A-AS1,-0.001213046,0.990211778,NS
ENSG00000111011,RSRC2,-0.001108723,0.990224428,NS
ENSG00000116786,PLEKHM2,-0.001165181,0.990224428,NS
ENSG00000124535,WRNIP1,-0.001128472,0.990224428,NS
ENSG00000140543,DET1,0.001077586,0.990224428,NS
ENSG00000160087,UBE2J2,-0.001084978,0.990224428,NS
ENSG00000166860,ZBTB39,0.001217805,0.990224428,NS
ENSG00000166997,CNPY4,-0.001128858,0.990224428,NS
ENSG00000167130,DOLPP1,0.001136184,0.990224428,NS
ENSG00000169105,CHST14,-0.001173803,0.990224428,NS
ENSG00000173653,RCE1,0.001198825,0.990224428,NS
ENSG00000196839,ADA,0.001210871,0.990224428,NS
ENSG00000224699,LAMTOR5-AS1,-0.001119524,0.990224428,NS
ENSG00000276131,NA,-0.001172289,0.990224428,NS
ENSG00000288849,NA,-0.001173278,0.990224428,NS
ENSG00000107951,MTPAP,-0.001155913,0.990238482,NS
ENSG00000173156,RHOD,0.001167374,0.990266257,NS
ENSG00000213020,ZNF611,0.001181087,0.990266257,NS
ENSG00000115128,SF3B6,-0.001110792,0.990828168,NS
ENSG00000172650,AGAP5,0.000977322,0.991002818,NS
ENSG00000110104,CCDC86,0.001067848,0.991191823,NS
ENSG00000102547,CAB39L,-0.001042836,0.991342948,NS
ENSG00000141759,TXNL4A,0.00104934,0.991425121,NS
ENSG00000176809,LRRC37A3,0.001054895,0.991425121,NS
ENSG00000204856,FAM216A,-0.001133733,0.991425121,NS
ENSG00000128886,ELL3,-0.00112799,0.991439721,NS
ENSG00000004142,POLDIP2,-0.00092765,0.991651557,NS
ENSG00000081853,PCDHGA2,0.000916928,0.991651557,NS
ENSG00000106771,TMEM245,-0.000968982,0.991651557,NS
ENSG00000119414,PPP6C,-0.001011264,0.991651557,NS
ENSG00000124787,RPP40,0.001076325,0.991651557,NS
ENSG00000137845,ADAM10,0.000950778,0.991651557,NS
ENSG00000140374,ETFA,-0.000911363,0.991651557,NS
ENSG00000143398,PIP5K1A,-0.000975119,0.991651557,NS
ENSG00000143543,JTB,0.000993151,0.991651557,NS
ENSG00000155329,ZCCHC10,-0.001096226,0.991651557,NS
ENSG00000157014,TATDN2,-0.000996727,0.991651557,NS
ENSG00000159086,PAXBP1,-0.001118579,0.991651557,NS
ENSG00000163545,NUAK2,0.001112964,0.991651557,NS
ENSG00000165169,DYNLT3,0.001050411,0.991651557,NS
ENSG00000170832,USP32,-0.001032207,0.991651557,NS
ENSG00000172301,COPRS,0.001025672,0.991651557,NS
ENSG00000175756,AURKAIP1,0.001023863,0.991651557,NS
ENSG00000181284,TMEM102,0.001022214,0.991651557,NS
ENSG00000182446,NPLOC4,0.000913639,0.991651557,NS
ENSG00000189337,KAZN,-0.001106436,0.991651557,NS
ENSG00000285725,NA,0.001111031,0.991651557,NS
ENSG00000107362,ABHD17B,0.001047525,0.991878699,NS
ENSG00000108852,MPP2,0.000976066,0.991878699,NS
ENSG00000116044,NFE2L2,-0.000941625,0.991878699,NS
ENSG00000118418,HMGN3,0.001015909,0.991878699,NS
ENSG00000136848,DAB2IP,0.001045755,0.991878699,NS
ENSG00000155438,NIFK,-0.000986281,0.991878699,NS
ENSG00000165006,UBAP1,-0.000977033,0.991878699,NS
ENSG00000167699,GLOD4,0.000926515,0.991878699,NS
ENSG00000172172,MRPL13,0.001013985,0.991878699,NS
ENSG00000177628,GBA1,0.000965925,0.991878699,NS
ENSG00000182903,ZNF721,-0.001023876,0.991878699,NS
ENSG00000221923,ZNF880,-0.00106868,0.991878699,NS
ENSG00000235954,TTC28-AS1,-0.001061152,0.991878699,NS
ENSG00000288596,C8orf44,-0.001002619,0.991878699,NS
ENSG00000069943,PIGB,0.001024859,0.991889331,NS
ENSG00000085978,ATG16L1,0.001005823,0.991889331,NS
ENSG00000115457,IGFBP2,0.00093251,0.991889331,NS
ENSG00000142632,ARHGEF19,0.001021326,0.991889331,NS
ENSG00000160194,NDUFV3,-0.000929496,0.991889331,NS
ENSG00000163348,PYGO2,-0.000909812,0.991889331,NS
ENSG00000179218,CALR,-0.000830318,0.991889331,NS
ENSG00000181982,CCDC149,0.001027407,0.991889331,NS
ENSG00000242485,MRPL20,0.000913139,0.991889331,NS
ENSG00000275234,NA,-0.00101937,0.991889331,NS
ENSG00000280187,NA,-0.001020693,0.991889331,NS
ENSG00000099974,DDTL,-0.00094681,0.99195264,NS
ENSG00000295827,NA,0.000849673,0.99195264,NS
ENSG00000134283,PPHLN1,0.000942948,0.992034971,NS
ENSG00000197497,ZNF665,-0.000969294,0.992034971,NS
ENSG00000213977,TAX1BP3,-0.000965434,0.992034971,NS
ENSG00000250899,NA,0.000990123,0.992034971,NS
ENSG00000074356,NCBP3,0.000949355,0.992036727,NS
ENSG00000185238,PRMT3,0.000962873,0.992036727,NS
ENSG00000260086,NA,0.00083431,0.992036727,NS
ENSG00000235890,TSPEAR-AS1,0.000976612,0.992044234,NS
ENSG00000105085,MED26,0.000984698,0.992174143,NS
ENSG00000169752,NRG4,0.000815275,0.992284441,NS
ENSG00000223546,LINC00630,0.00096808,0.992284441,NS
ENSG00000174891,RSRC1,-0.000935821,0.992366188,NS
ENSG00000099994,SUSD2,-0.000866885,0.9926223,NS
ENSG00000114767,RRP9,-0.000900327,0.9926223,NS
ENSG00000122390,NAA60,0.000915497,0.9926223,NS
ENSG00000067248,DHX29,0.000851115,0.992707249,NS
ENSG00000104299,INTS9,-0.000935556,0.992707249,NS
ENSG00000104866,PPP1R37,-0.000920078,0.992707249,NS
ENSG00000129255,MPDU1,-0.000828816,0.992707249,NS
ENSG00000130985,UBA1,0.000750127,0.992707249,NS
ENSG00000142185,TRPM2,0.000871852,0.992707249,NS
ENSG00000146938,NLGN4X,-0.000907545,0.992707249,NS
ENSG00000151748,SAV1,-0.000901112,0.992707249,NS
ENSG00000159147,DONSON,-0.000925668,0.992707249,NS
ENSG00000182484,WASH6P,0.000899344,0.992707249,NS
ENSG00000214050,FBXO16,-0.000941159,0.992707249,NS
ENSG00000224411,HSP90AA2P,-0.000844613,0.992707249,NS
ENSG00000245614,DDX11-AS1,-0.000872846,0.992707249,NS
ENSG00000261098,NA,-0.000830207,0.992707249,NS
ENSG00000272602,ZNF595,0.000906963,0.992707249,NS
ENSG00000276855,NA,0.000783234,0.992707249,NS
ENSG00000292372,WASH6P,0.000899344,0.992707249,NS
ENSG00000139746,RBM26,0.00091015,0.992726317,NS
ENSG00000132591,ERAL1,0.000813536,0.992757597,NS
ENSG00000168538,TRAPPC11,-0.000887354,0.992757597,NS
ENSG00000102738,MRPS31,-0.000897767,0.992922722,NS
ENSG00000115661,STK16,0.000891511,0.992922722,NS
ENSG00000164162,ANAPC10,-0.000880985,0.99305761,NS
ENSG00000267080,ASB16-AS1,0.000838061,0.99305761,NS
ENSG00000300051,NA,0.000869281,0.99305761,NS
ENSG00000272447,NA,0.00084903,0.993091056,NS
ENSG00000010318,PHF7,0.000867045,0.993127372,NS
ENSG00000133316,WDR74,0.00083143,0.993127372,NS
ENSG00000156968,MPV17L,0.000832002,0.993127372,NS
ENSG00000168779,SHOX2,0.000805779,0.993127372,NS
ENSG00000187634,SAMD11,-0.000851354,0.993127372,NS
ENSG00000180979,LRRC57,0.000862198,0.993128131,NS
ENSG00000189339,SLC35E2B,-0.000780794,0.993128131,NS
ENSG00000166479,TMX3,0.000820649,0.993166926,NS
ENSG00000137502,RAB30,0.000852376,0.993313849,NS
ENSG00000168002,POLR2G,-0.00080569,0.993397821,NS
ENSG00000066135,KDM4A,0.00079348,0.993477844,NS
ENSG00000162929,SANBR,0.000786746,0.993594738,NS
ENSG00000273162,NA,-0.000737639,0.99373112,NS
ENSG00000135473,PAN2,0.000806703,0.993757621,NS
ENSG00000135632,SMYD5,0.000815128,0.993757621,NS
ENSG00000143545,RAB13,0.000776618,0.993757621,NS
ENSG00000154767,XPC,-0.00077709,0.993757621,NS
ENSG00000158186,MRAS,-0.000811916,0.993757621,NS
ENSG00000165449,SLC16A9,0.000813414,0.993757621,NS
ENSG00000168958,MFF,0.000784093,0.993757621,NS
ENSG00000176020,AMIGO3,-0.000779496,0.993757621,NS
ENSG00000198887,SMC5,0.000761524,0.993757621,NS
ENSG00000288722,F8A1,0.000775302,0.993757621,NS
ENSG00000090273,NUDC,0.000682912,0.993833355,NS
ENSG00000109111,SUPT6H,0.000701476,0.993833355,NS
ENSG00000146701,MDH2,-0.000707849,0.993833355,NS
ENSG00000173757,STAT5B,0.000770728,0.993833355,NS
ENSG00000176124,DLEU1,0.00079589,0.993833355,NS
ENSG00000196437,ZNF569,0.000796101,0.993833355,NS
ENSG00000196466,ZNF799,-0.000777868,0.993833355,NS
ENSG00000147854,UHRF2,-0.000783418,0.993895777,NS
ENSG00000197933,ZNF823,-0.000776996,0.993897268,NS
ENSG00000129515,SNX6,-0.000694948,0.994003342,NS
ENSG00000198393,ZNF26,0.000776712,0.994043681,NS
ENSG00000132153,DHX30,0.000700384,0.994121055,NS
ENSG00000099821,POLRMT,0.000693042,0.994158602,NS
ENSG00000215105,TTC3P1,0.000756809,0.994350886,NS
ENSG00000289311,NA,0.000628475,0.994350886,NS
ENSG00000065413,ANKRD44,0.00074696,0.994375397,NS
ENSG00000176623,RMDN1,-0.000725267,0.994407308,NS
ENSG00000088766,CRLS1,0.000715906,0.994522819,NS
ENSG00000117115,PADI2,0.000633811,0.994522819,NS
ENSG00000147044,CASK,0.00072349,0.994609302,NS
ENSG00000119812,FAM98A,0.000657403,0.994642433,NS
ENSG00000129226,CD68,-0.000620783,0.994642433,NS
ENSG00000143507,DUSP10,-0.000733115,0.994642433,NS
ENSG00000188542,DUSP28,0.000727945,0.994642433,NS
ENSG00000011478,QPCTL,-0.000725246,0.994650804,NS
ENSG00000111670,GNPTAB,-0.000661514,0.994650804,NS
ENSG00000136819,C9orf78,-0.000650137,0.994650804,NS
ENSG00000140450,ARRDC4,-0.000716205,0.994650804,NS
ENSG00000179431,FJX1,-0.000676189,0.994650804,NS
ENSG00000240184,PCDHGC3,0.000711818,0.994650804,NS
ENSG00000180488,MIGA1,-0.000695157,0.994720014,NS
ENSG00000256500,NA,0.00019733,0.994720014,NS
ENSG00000130640,TUBGCP2,-0.000669795,0.994809564,NS
ENSG00000164008,C1orf50,-0.000701832,0.994809564,NS
ENSG00000128011,LRFN1,0.000673362,0.994895681,NS
ENSG00000121741,ZMYM2,-0.000645062,0.995059498,NS
ENSG00000162004,CCDC78,0.000627755,0.995103872,NS
ENSG00000167653,PSCA,0.000646749,0.995103872,NS
ENSG00000204179,PTPN20,-0.000675931,0.995103872,NS
ENSG00000254470,AP5B1,0.000652427,0.995103872,NS
ENSG00000120798,NR2C1,-0.000668927,0.995383052,NS
ENSG00000010322,NISCH,-0.000613532,0.995687354,NS
ENSG00000096384,HSP90AB1,-0.000519739,0.995687354,NS
ENSG00000105617,LENG1,-0.000622658,0.995687354,NS
ENSG00000111846,GCNT2,0.000648694,0.995687354,NS
ENSG00000138400,MDH1B,-0.000590946,0.995687354,NS
ENSG00000140943,MBTPS1,0.000576123,0.995687354,NS
ENSG00000149483,TMEM138,0.000636348,0.995687354,NS
ENSG00000150977,RILPL2,-0.000631755,0.995687354,NS
ENSG00000196072,BLOC1S2,0.000625634,0.995687354,NS
ENSG00000232827,LINC01189,-0.000624614,0.995687354,NS
ENSG00000257698,GIHCG,-0.00063949,0.995687354,NS
ENSG00000273204,NA,-0.000607366,0.995687354,NS
ENSG00000304289,NA,0.000575241,0.995687354,NS
ENSG00000106245,BUD31,0.000529885,0.995716911,NS
ENSG00000117543,DPH5,0.000545342,0.995716911,NS
ENSG00000130649,CYP2E1,-0.000464333,0.995716911,NS
ENSG00000130675,MNX1,0.000594312,0.995716911,NS
ENSG00000131437,KIF3A,0.000595359,0.995716911,NS
ENSG00000135698,MPHOSPH6,0.000530996,0.995716911,NS
ENSG00000136451,VEZF1,-0.000554095,0.995716911,NS
ENSG00000138443,ABI2,-0.000567472,0.995716911,NS
ENSG00000139438,FAM222A,-0.000554931,0.995716911,NS
ENSG00000147099,HDAC8,0.000553844,0.995716911,NS
ENSG00000149179,CSTPP1,-0.000602327,0.995716911,NS
ENSG00000151849,CENPJ,-0.000616631,0.995716911,NS
ENSG00000156804,FBXO32,0.000498143,0.995716911,NS
ENSG00000161405,IKZF3,-0.000560484,0.995716911,NS
ENSG00000165912,PACSIN3,-0.000581043,0.995716911,NS
ENSG00000170145,SIK2,-0.000571379,0.995716911,NS
ENSG00000174529,TMEM81,-0.000478415,0.995716911,NS
ENSG00000175221,MED16,-0.000520678,0.995716911,NS
ENSG00000175691,ZNF77,-0.000570859,0.995716911,NS
ENSG00000180376,CCDC66,0.000535887,0.995716911,NS
ENSG00000185627,PSMD13,0.000518824,0.995716911,NS
ENSG00000185869,ZNF829,0.000599108,0.995716911,NS
ENSG00000188352,FOCAD,-0.000498747,0.995716911,NS
ENSG00000198298,ZNF485,-0.000555012,0.995716911,NS
ENSG00000204220,PFDN6,-0.00054717,0.995716911,NS
ENSG00000243725,TTC4,0.000561666,0.995716911,NS
ENSG00000246763,RGMB-AS1,0.000594048,0.995716911,NS
ENSG00000258056,CD63-AS1,0.000621675,0.995716911,NS
ENSG00000259343,TMC3-AS1,-0.000507173,0.995716911,NS
ENSG00000267254,ZNF790-AS1,0.000562513,0.995716911,NS
ENSG00000273015,LINC00938,0.000610399,0.995716911,NS
ENSG00000274600,RIMBP3B,-0.000522673,0.995716911,NS
ENSG00000275835,TUBGCP5,0.00057693,0.995716911,NS
ENSG00000130962,PRRG1,-0.000538002,0.995783806,NS
ENSG00000108433,GOSR2,-0.000524981,0.995859139,NS
ENSG00000009780,FAM76A,0.000541958,0.995859228,NS
ENSG00000130734,ATG4D,-0.000517701,0.995859228,NS
ENSG00000083635,NUFIP1,0.00053347,0.995937215,NS
ENSG00000100814,CCNB1IP1,0.000520369,0.995937215,NS
ENSG00000101846,STS,-0.00053049,0.995937215,NS
ENSG00000121753,ADGRB2,0.00049916,0.995937215,NS
ENSG00000279583,NA,-0.000523515,0.995937215,NS
ENSG00000124429,POF1B,-0.000493447,0.995962538,NS
ENSG00000145476,CYP4V2,-0.000513361,0.995962538,NS
ENSG00000173276,ZBTB21,0.000504559,0.995962538,NS
ENSG00000287670,NA,-0.000470339,0.995962538,NS
ENSG00000166263,STXBP4,0.00050472,0.996091647,NS
ENSG00000182552,RWDD4,-0.000502778,0.996091647,NS
ENSG00000230648,NA,0.000464503,0.996091647,NS
ENSG00000142675,CNKSR1,0.000481062,0.996155106,NS
ENSG00000170876,TMEM43,0.000472604,0.996155106,NS
ENSG00000171843,MLLT3,-0.000493941,0.996155106,NS
ENSG00000167378,IRGQ,0.000489634,0.996159419,NS
ENSG00000291179,NA,0.000428487,0.996386792,NS
ENSG00000106246,PTCD1,0.000454273,0.996401282,NS
ENSG00000198612,COPS8,-0.000431418,0.996401282,NS
ENSG00000119703,ZC2HC1C,0.000458479,0.996503788,NS
ENSG00000083720,OXCT1,0.000367095,0.99679056,NS
ENSG00000103365,GGA2,-0.0004074,0.99679056,NS
ENSG00000108001,EBF3,-0.000419898,0.99679056,NS
ENSG00000131591,C1orf159,0.000443003,0.99679056,NS
ENSG00000157426,AASDH,0.000434508,0.99679056,NS
ENSG00000166166,TRMT61A,-0.000414607,0.99679056,NS
ENSG00000172269,DPAGT1,-0.00044114,0.99679056,NS
ENSG00000177051,FBXO46,-0.000440784,0.99679056,NS
ENSG00000184363,PKP3,0.000365668,0.99679056,NS
ENSG00000184786,DYNLT2,-0.000424945,0.99679056,NS
ENSG00000197024,ZNF398,-0.000445771,0.99679056,NS
ENSG00000258653,NA,0.000390295,0.99679056,NS
ENSG00000276547,PCDHGB5,-0.000427555,0.99679056,NS
ENSG00000277496,SLCO4A1-AS2,-0.000409746,0.99679056,NS
ENSG00000285278,TFAP2A-AS2,0.00042793,0.99679056,NS
ENSG00000285973,NA,0.00044277,0.99679056,NS
ENSG00000307077,NA,0.000382129,0.99679056,NS
ENSG00000196670,ZFP62,0.000409663,0.996978673,NS
ENSG00000073712,FERMT2,0.000394194,0.997011096,NS
ENSG00000103035,PSMD7,0.000344661,0.997011096,NS
ENSG00000105429,MEGF8,-0.00037618,0.997011096,NS
ENSG00000113597,TRAPPC13,-0.000379264,0.997011096,NS
ENSG00000123444,KBTBD4,0.000385465,0.997011096,NS
ENSG00000125817,CENPB,0.00034433,0.997011096,NS
ENSG00000129003,VPS13C,0.000404345,0.997011096,NS
ENSG00000135945,REV1,0.000386754,0.997011096,NS
ENSG00000142002,DPP9,0.000374629,0.997011096,NS
ENSG00000173041,ZNF680,-0.000387974,0.997011096,NS
ENSG00000185825,BCAP31,-0.000362108,0.997011096,NS
ENSG00000214827,MTCP1,-0.00038822,0.997011096,NS
ENSG00000233270,SNRPEP4,0.000334818,0.997011096,NS
ENSG00000276077,LINC03105,0.000241055,0.997011096,NS
ENSG00000293487,CDIPTOSP,0.000353481,0.997011096,NS
ENSG00000105829,BET1,-0.000362651,0.997337126,NS
ENSG00000110911,SLC11A2,-0.000327104,0.997337126,NS
ENSG00000186994,KANK3,0.000319733,0.997337126,NS
ENSG00000279059,NA,0.000332899,0.997337126,NS
ENSG00000136830,NIBAN2,-0.000291775,0.997635334,NS
ENSG00000179846,NKPD1,-0.000322033,0.997642263,NS
ENSG00000062822,POLD1,0.00030143,0.997701082,NS
ENSG00000075131,TIPIN,0.000298862,0.997701082,NS
ENSG00000095139,ARCN1,-0.00025171,0.997701082,NS
ENSG00000101126,ADNP,-0.00029555,0.997701082,NS
ENSG00000102043,MTMR8,0.000299535,0.997701082,NS
ENSG00000125651,GTF2F1,-0.000260759,0.997701082,NS
ENSG00000127989,MTERF1,-0.000332308,0.997701082,NS
ENSG00000134452,FBH1,-0.000289813,0.997701082,NS
ENSG00000137185,ZSCAN9,-0.000293999,0.997701082,NS
ENSG00000142634,EFHD2,0.000322542,0.997701082,NS
ENSG00000147394,ZNF185,-0.000308878,0.997701082,NS
ENSG00000163389,POGLUT1,-0.000318818,0.997701082,NS
ENSG00000169223,LMAN2,-0.000303161,0.997701082,NS
ENSG00000171097,KYAT1,-0.000318427,0.997701082,NS
ENSG00000177352,CCDC71,-0.000301297,0.997701082,NS
ENSG00000179010,MRFAP1,0.000278934,0.997701082,NS
ENSG00000198003,ODAD3,0.0002703,0.997701082,NS
ENSG00000198799,LRIG2,-0.000297781,0.997701082,NS
ENSG00000246731,MGC16275,0.000284265,0.997701082,NS
ENSG00000247735,KCTD13-DT,0.000271037,0.997701082,NS
ENSG00000254635,WAC-AS1,-0.000301133,0.997701082,NS
ENSG00000285437,POLR2J3,0.00030672,0.997701082,NS
ENSG00000160218,TRAPPC10,-0.000282035,0.997877835,NS
ENSG00000140464,PML,0.000282689,0.998016071,NS
ENSG00000174943,KCTD13,-0.000277956,0.998016071,NS
ENSG00000178917,ZNF852,-0.000276723,0.998016071,NS
ENSG00000257815,PRANCR,0.000275981,0.998016071,NS
ENSG00000116017,ARID3A,0.000270869,0.998089021,NS
ENSG00000149557,FEZ1,-0.00022541,0.998248498,NS
ENSG00000170222,ADPRM,-0.000259949,0.998248498,NS
ENSG00000254854,NECTIN1-DT,0.000230275,0.998248498,NS
ENSG00000158062,UBXN11,0.000236566,0.998343374,NS
ENSG00000205981,DNAJC19,0.000238058,0.998343374,NS
ENSG00000226415,TPI1P1,-0.000215808,0.998343374,NS
ENSG00000233642,GPR158-AS1,0.000223013,0.998343374,NS
ENSG00000310416,NA,-0.000234682,0.9983689,NS
ENSG00000165060,FXN,-0.000235533,0.998507458,NS
ENSG00000073331,ALPK1,0.000216529,0.99857001,NS
ENSG00000005075,POLR2J,-0.000214909,0.998624653,NS
ENSG00000171984,SHLD1,-0.00020546,0.998624653,NS
ENSG00000198468,FLVCR1-DT,0.00021865,0.998624653,NS
ENSG00000198855,FICD,-0.000223948,0.998624653,NS
ENSG00000104447,TRPS1,0.000198145,0.998804885,NS
ENSG00000123815,COQ8B,-0.000198021,0.998804885,NS
ENSG00000152465,NMT2,-0.000197401,0.998804885,NS
ENSG00000169683,LRRC45,-0.000203196,0.998804885,NS
ENSG00000175727,MLXIP,0.000202915,0.998804885,NS
ENSG00000180071,ANKRD18A,0.000193253,0.998804885,NS
ENSG00000185608,MRPL40,0.00019927,0.998804885,NS
ENSG00000258655,ARHGAP5-AS1,-0.000201956,0.998804885,NS
ENSG00000288937,NA,0.000178725,0.998804885,NS
ENSG00000289585,NA,-0.00018708,0.998804885,NS
ENSG00000101144,BMP7,0.000160174,0.999049295,NS
ENSG00000254999,BRK1,0.000168662,0.999071429,NS
ENSG00000073921,PICALM,0.000152926,0.99916324,NS
ENSG00000132467,UTP3,0.000164561,0.999193405,NS
ENSG00000120688,WBP4,-0.000161519,0.999544642,NS
ENSG00000125841,NRSN2,-0.000154121,0.999544698,NS
ENSG00000132478,UNK,-0.000143053,0.999544698,NS
ENSG00000145781,COMMD10,0.000149025,0.999544698,NS
ENSG00000188095,MESP2,0.000137455,0.999544698,NS
ENSG00000197279,ZNF165,-0.000152599,0.999544698,NS
ENSG00000198843,SELENOT,0.000135472,0.999544698,NS
ENSG00000255508,NA,0.000130212,0.999544698,NS
ENSG00000011258,MBTD1,6.98E-05,0.99955557,NS
ENSG00000011566,MAP4K3,-0.000112907,0.99955557,NS
ENSG00000040633,PHF23,-2.48E-05,0.99955557,NS
ENSG00000048828,FAM120A,1.73E-05,0.99955557,NS
ENSG00000054793,ATP9A,-2.10E-05,0.99955557,NS
ENSG00000076662,ICAM3,4.40E-05,0.99955557,NS
ENSG00000090905,TNRC6A,3.50E-05,0.99955557,NS
ENSG00000100106,TRIOBP,0.000136847,0.99955557,NS
ENSG00000100211,CBY1,9.33E-05,0.99955557,NS
ENSG00000100403,ZC3H7B,-9.27E-05,0.99955557,NS
ENSG00000100592,DAAM1,6.49E-05,0.99955557,NS
ENSG00000100916,BRMS1L,7.41E-05,0.99955557,NS
ENSG00000101745,ANKRD12,5.19E-05,0.99955557,NS
ENSG00000108306,FBXL20,0.000119779,0.99955557,NS
ENSG00000112715,VEGFA,0.00010651,0.99955557,NS
ENSG00000113013,HSPA9,1.55E-05,0.99955557,NS
ENSG00000114120,SLC25A36,3.07E-05,0.99955557,NS
ENSG00000116288,PARK7,-5.46E-05,0.99955557,NS
ENSG00000117479,SLC19A2,2.42E-05,0.99955557,NS
ENSG00000117697,NSL1,6.84E-05,0.99955557,NS
ENSG00000120899,PTK2B,-5.13E-05,0.99955557,NS
ENSG00000125952,MAX,-6.06E-05,0.99955557,NS
ENSG00000130340,SNX9,6.13E-05,0.99955557,NS
ENSG00000131043,AAR2,-0.000122772,0.99955557,NS
ENSG00000134146,DPH6,-9.31E-05,0.99955557,NS
ENSG00000134825,TMEM258,4.03E-05,0.99955557,NS
ENSG00000158882,TOMM40L,-9.65E-05,0.99955557,NS
ENSG00000159184,HOXB13,-6.76E-05,0.99955557,NS
ENSG00000162927,PUS10,8.40E-05,0.99955557,NS
ENSG00000168724,DNAJC21,-2.78E-05,0.99955557,NS
ENSG00000174444,RPL4,-5.07E-05,0.99955557,NS
ENSG00000175575,PAAF1,-5.58E-05,0.99955557,NS
ENSG00000178585,CTNNBIP1,-2.96E-05,0.99955557,NS
ENSG00000181638,ZFP41,-0.000128763,0.99955557,NS
ENSG00000182400,TRAPPC6B,2.29E-05,0.99955557,NS
ENSG00000183496,MEX3B,6.07E-05,0.99955557,NS
ENSG00000186501,TMEM222,-0.00012621,0.99955557,NS
ENSG00000196295,GARS1-DT,-5.33E-05,0.99955557,NS
ENSG00000196715,VKORC1L1,-4.69E-05,0.99955557,NS
ENSG00000197050,ZNF420,3.69E-05,0.99955557,NS
ENSG00000198677,SKIC3,9.21E-05,0.99955557,NS
ENSG00000213762,ZNF134,6.05E-05,0.99955557,NS
ENSG00000215386,MIR99AHG,2.08E-05,0.99955557,NS
ENSG00000225975,ZNF567-DT,-9.30E-05,0.99955557,NS
ENSG00000227888,FAM66A,4.31E-05,0.99955557,NS
ENSG00000244041,LINC01011,0.00011953,0.99955557,NS
ENSG00000268592,RAET1E-AS1,2.48E-05,0.99955557,NS
ENSG00000272325,NUDT3,3.34E-05,0.99955557,NS
ENSG00000272476,NA,0.000119199,0.99955557,NS
ENSG00000279561,NA,-7.72E-05,0.99955557,NS
ENSG00000283293,RN7SK,-0.000106176,0.99955557,NS
ENSG00000293185,TPM3P9,0.000102651,0.99955557,NS
ENSG00000300700,NA,8.10E-05,0.99955557,NS
ENSG00000304745,NA,-7.09E-05,0.99955557,NS
ENSG00000103150,MLYCD,5.64E-06,0.999810879,NS
ENSG00000154723,ATP5PF,-7.39E-06,0.999810879,NS
ENSG00000268573,NA,5.87E-06,0.999810879,NS
ENSG00000003137,CYP26B1,0.005705648,NA,NS
ENSG00000003400,CASP10,-0.007901274,NA,NS
ENSG00000004776,HSPB6,0.016099333,NA,NS
ENSG00000004848,ARX,-0.025631491,NA,NS
ENSG00000005073,HOXA11,-0.001601796,NA,NS
ENSG00000005379,TSPOAP1,-0.015260791,NA,NS
ENSG00000006016,CRLF1,0.002884661,NA,NS
ENSG00000006047,YBX2,0.000294363,NA,NS
ENSG00000006071,ABCC8,-5.39E-05,NA,NS
ENSG00000006534,ALDH3B1,-0.020444576,NA,NS
ENSG00000006638,TBXA2R,0.001008343,NA,NS
ENSG00000007174,DNAH9,0.025791441,NA,NS
ENSG00000007350,TKTL1,0.001206376,NA,NS
ENSG00000007952,NOX1,0.010678315,NA,NS
ENSG00000009950,MLXIPL,-0.063013072,NA,NS
ENSG00000010327,STAB1,0.012255689,NA,NS
ENSG00000010610,CD4,0.002617454,NA,NS
ENSG00000010810,FYN,-0.005218391,NA,NS
ENSG00000011422,PLAUR,-0.006988016,NA,NS
ENSG00000012223,LTF,0.006061203,NA,NS
ENSG00000013364,MVP,-0.007418984,NA,NS
ENSG00000013619,MAMLD1,-0.024971781,NA,NS
ENSG00000014914,MTMR11,0.003565388,NA,NS
ENSG00000015285,WAS,-0.024158473,NA,NS
ENSG00000016082,ISL1,-0.008503825,NA,NS
ENSG00000016402,IL20RA,0.007594921,NA,NS
ENSG00000017483,SLC38A5,-0.001256724,NA,NS
ENSG00000019485,PRDM11,-0.002732806,NA,NS
ENSG00000020181,ADGRA2,-0.003631167,NA,NS
ENSG00000020577,SAMD4A,0.011291679,NA,NS
ENSG00000021645,NRXN3,-0.027924634,NA,NS
ENSG00000023445,BIRC3,-0.025017631,NA,NS
ENSG00000026036,RTEL1-TNFRSF6B,0.004070947,NA,NS
ENSG00000027869,SH2D2A,0.003228049,NA,NS
ENSG00000028137,TNFRSF1B,-0.0104131,NA,NS
ENSG00000030419,IKZF2,0.024858907,NA,NS
ENSG00000036448,MYOM2,-0.017546965,NA,NS
ENSG00000036530,CYP46A1,-0.019138463,NA,NS
ENSG00000037280,FLT4,-0.031869058,NA,NS
ENSG00000037965,HOXC8,0.000443298,NA,NS
ENSG00000041982,TNC,0.068810649,NA,NS
ENSG00000042493,CAPG,-0.012012669,NA,NS
ENSG00000042781,USH2A,0.015369383,NA,NS
ENSG00000042832,TG,0.017634233,NA,NS
ENSG00000042980,ADAM28,0.033531526,NA,NS
ENSG00000043591,ADRB1,-0.015265041,NA,NS
ENSG00000046889,PREX2,0.015896705,NA,NS
ENSG00000047457,CP,-0.011582083,NA,NS
ENSG00000047662,FAM184B,0.003463846,NA,NS
ENSG00000048052,HDAC9,-0.009569046,NA,NS
ENSG00000049192,ADAMTS6,0.003274471,NA,NS
ENSG00000049540,ELN,-0.007255468,NA,NS
ENSG00000049768,FOXP3,-0.004162211,NA,NS
ENSG00000050030,NEXMIF,-0.000184064,NA,NS
ENSG00000050767,COL23A1,0.005341417,NA,NS
ENSG00000053108,FSTL4,-0.011854863,NA,NS
ENSG00000053524,MCF2L2,0.005276716,NA,NS
ENSG00000053918,KCNQ1,0.007452029,NA,NS
ENSG00000054277,OPN3,-0.015683575,NA,NS
ENSG00000054392,HHAT,-0.024457339,NA,NS
ENSG00000054598,FOXC1,0.016489578,NA,NS
ENSG00000055118,KCNH2,-0.012082017,NA,NS
ENSG00000055955,ITIH4,-0.027730987,NA,NS
ENSG00000057657,PRDM1,0.073014728,NA,NS
ENSG00000057704,TMCC3,0.055354948,NA,NS
ENSG00000058085,LAMC2,0.011283791,NA,NS
ENSG00000058335,RASGRF1,-0.00623158,NA,NS
ENSG00000059804,SLC2A3,0.546341748,NA,NS
ENSG00000060982,BCAT1,-0.003183005,NA,NS
ENSG00000061337,LZTS1,0.011098301,NA,NS
ENSG00000061656,SPAG4,-0.018846773,NA,NS
ENSG00000063127,SLC6A16,0.008916068,NA,NS
ENSG00000063438,AHRR,-0.002252498,NA,NS
ENSG00000064218,DMRT3,-0.002342338,NA,NS
ENSG00000064225,ST3GAL6,-0.008798739,NA,NS
ENSG00000064489,BORCS8-MEF2B,-0.08326632,NA,NS
ENSG00000064763,FAR2,0.003535701,NA,NS
ENSG00000064787,BCAS1,-0.019586752,NA,NS
ENSG00000064989,CALCRL,0.023294916,NA,NS
ENSG00000065320,NTN1,0.003334064,NA,NS
ENSG00000065325,GLP2R,-0.030013628,NA,NS
ENSG00000065357,DGKA,-0.006252183,NA,NS
ENSG00000065609,SNAP91,-0.001465132,NA,NS
ENSG00000066032,CTNNA2,-0.002626498,NA,NS
ENSG00000066336,SPI1,-0.003745644,NA,NS
ENSG00000066735,KIF26A,-0.011111267,NA,NS
ENSG00000066923,STAG3,-0.002740717,NA,NS
ENSG00000068079,IFI35,-0.061700564,NA,NS
ENSG00000068615,REEP1,-0.059010976,NA,NS
ENSG00000068831,RASGRP2,0.002748622,NA,NS
ENSG00000068976,PYGM,0.003078607,NA,NS
ENSG00000069431,ABCC9,0.00757807,NA,NS
ENSG00000069493,CLEC2D,-0.003575265,NA,NS
ENSG00000070182,SPTB,0.028968528,NA,NS
ENSG00000070388,FGF22,-0.017564946,NA,NS
ENSG00000070731,ST6GALNAC2,0.003618332,NA,NS
ENSG00000070886,EPHA8,0.002028849,NA,NS
ENSG00000071575,TRIB2,0.015310821,NA,NS
ENSG00000072422,RHOBTB1,0.003145948,NA,NS
ENSG00000072858,SIDT1,-0.003658077,NA,NS
ENSG00000073146,MOV10L1,-0.013251328,NA,NS
ENSG00000073605,GSDMB,-0.0418544,NA,NS
ENSG00000073734,ABCB11,-0.047511468,NA,NS
ENSG00000073905,VDAC1P1,-0.013865888,NA,NS
ENSG00000074317,SNCB,-0.005299261,NA,NS
ENSG00000074527,NTN4,0.004467539,NA,NS
ENSG00000074660,SCARF1,-0.006991571,NA,NS
ENSG00000074706,IPCEF1,0.002926761,NA,NS
ENSG00000074966,TXK,-0.012215407,NA,NS
ENSG00000075290,WNT8B,0.02380555,NA,NS
ENSG00000075340,ADD2,-0.003268325,NA,NS
ENSG00000075399,VPS9D1,-0.010557963,NA,NS
ENSG00000075673,ATP12A,0.002254597,NA,NS
ENSG00000075826,SEC31B,-0.006649122,NA,NS
ENSG00000075891,PAX2,0.003412768,NA,NS
ENSG00000076258,FMO4,0.011266545,NA,NS
ENSG00000077063,CTTNBP2,0.006641591,NA,NS
ENSG00000077264,PAK3,-0.017600491,NA,NS
ENSG00000077274,CAPN6,-0.007470568,NA,NS
ENSG00000077942,FBLN1,-0.001855943,NA,NS
ENSG00000077943,ITGA8,-0.009553218,NA,NS
ENSG00000078399,HOXA9,0.006422865,NA,NS
ENSG00000078487,ZCWPW1,0.015005041,NA,NS
ENSG00000078596,ITM2A,0.004327597,NA,NS
ENSG00000079308,TNS1,0.004303956,NA,NS
ENSG00000079385,CEACAM1,-0.010666339,NA,NS
ENSG00000080644,CHRNA3,-0.006656766,NA,NS
ENSG00000081059,TCF7,0.00440144,NA,NS
ENSG00000081818,PCDHB4,0.001292192,NA,NS
ENSG00000082196,C1QTNF3,-0.060647241,NA,NS
ENSG00000082497,SERTAD4,-0.024827227,NA,NS
ENSG00000084636,COL16A1,-0.023257913,NA,NS
ENSG00000085276,MECOM,-0.013050237,NA,NS
ENSG00000086506,HBQ1,-0.007134833,NA,NS
ENSG00000086570,FAT2,0.000538844,NA,NS
ENSG00000086717,PPEF1,-0.007330245,NA,NS
ENSG00000086730,LAT2,0.019580058,NA,NS
ENSG00000087076,HSD17B14,-0.047587032,NA,NS
ENSG00000087077,TRIP6,0.008257326,NA,NS
ENSG00000087085,ACHE,-0.017295166,NA,NS
ENSG00000087128,TMPRSS11E,0.031890573,NA,NS
ENSG00000087253,LPCAT2,-0.011142083,NA,NS
ENSG00000088538,DOCK3,-0.022778879,NA,NS
ENSG00000088726,TMEM40,-0.00170469,NA,NS
ENSG00000089041,P2RX7,-0.017961013,NA,NS
ENSG00000089091,DZANK1,0.000885732,NA,NS
ENSG00000089101,CFAP61,-0.006325553,NA,NS
ENSG00000089127,OAS1,-0.009848675,NA,NS
ENSG00000089163,SIRT4,0.006381706,NA,NS
ENSG00000089327,FXYD5,-0.005055834,NA,NS
ENSG00000089472,HEPH,0.012561861,NA,NS
ENSG00000089505,CMTM1,-0.00685895,NA,NS
ENSG00000089820,ARHGAP4,-0.016116439,NA,NS
ENSG00000090104,RGS1,0.00032971,NA,NS
ENSG00000090402,SI,-0.106846149,NA,NS
ENSG00000090530,P3H2,0.024077625,NA,NS
ENSG00000090539,CHRD,-0.005522315,NA,NS
ENSG00000091128,LAMB4,0.000732489,NA,NS
ENSG00000091129,NRCAM,-0.005547659,NA,NS
ENSG00000091138,SLC26A3,0.084990156,NA,NS
ENSG00000091513,TF,-0.015545486,NA,NS
ENSG00000091622,PITPNM3,0.002402864,NA,NS
ENSG00000091656,ZFHX4,0.028490166,NA,NS
ENSG00000091844,RGS17,-0.052407118,NA,NS
ENSG00000091879,ANGPT2,-0.016294108,NA,NS
ENSG00000091986,CCDC80,-0.012558774,NA,NS
ENSG00000092200,RPGRIP1,-0.004181749,NA,NS
ENSG00000092295,TGM1,-0.002263859,NA,NS
ENSG00000092470,WDR76,-0.003585125,NA,NS
ENSG00000092529,CAPN3,-0.009837332,NA,NS
ENSG00000092607,TBX15,0.25560376,NA,NS
ENSG00000092929,UNC13D,0.001122928,NA,NS
ENSG00000092969,TGFB2,0.002563482,NA,NS
ENSG00000095539,SEMA4G,-0.016459516,NA,NS
ENSG00000095587,TLL2,-0.004752422,NA,NS
ENSG00000095752,IL11,0.006055544,NA,NS
ENSG00000099139,PCSK5,-0.018926453,NA,NS
ENSG00000099338,CATSPERG,0.004786417,NA,NS
ENSG00000099617,EFNA2,-0.012828088,NA,NS
ENSG00000099715,PCDH11Y,-0.037168317,NA,NS
ENSG00000099725,PRKY,0.013949393,NA,NS
ENSG00000099840,IZUMO4,-0.000336903,NA,NS
ENSG00000099864,PALM,-0.0050718,NA,NS
ENSG00000099866,MADCAM1,-0.029178311,NA,NS
ENSG00000099937,SERPIND1,0.022592218,NA,NS
ENSG00000100024,UPB1,-0.013313588,NA,NS
ENSG00000100058,CRYBB2P1,7.10E-05,NA,NS
ENSG00000100097,LGALS1,-0.000824738,NA,NS
ENSG00000100170,SLC5A1,0.001658641,NA,NS
ENSG00000100206,DMC1,0.012182727,NA,NS
ENSG00000100218,RSPH14,0.003775877,NA,NS
ENSG00000100298,APOBEC3H,-0.021962956,NA,NS
ENSG00000100302,RASD2,-0.019230809,NA,NS
ENSG00000100344,PNPLA3,-0.051671609,NA,NS
ENSG00000100385,IL2RB,0.002490529,NA,NS
ENSG00000100422,CERK,-0.024963151,NA,NS
ENSG00000100490,CDKL1,0.040888519,NA,NS
ENSG00000100739,BDKRB1,-0.006120246,NA,NS
ENSG00000100918,REC8,-0.004276478,NA,NS
ENSG00000100968,NFATC4,-0.016398686,NA,NS
ENSG00000101049,SGK2,0.009283783,NA,NS
ENSG00000101082,SLA2,-0.011088286,NA,NS
ENSG00000101115,SALL4,-0.027828129,NA,NS
ENSG00000101180,HRH3,-0.0013568,NA,NS
ENSG00000101213,PTK6,-0.045117362,NA,NS
ENSG00000101222,SPEF1,0.015448648,NA,NS
ENSG00000101230,ISM1,-0.005663808,NA,NS
ENSG00000101276,SLC52A3,-0.008579226,NA,NS
ENSG00000101278,RPS10P5,-0.021034697,NA,NS
ENSG00000101282,RSPO4,0.011146016,NA,NS
ENSG00000101331,CCM2L,-0.00228708,NA,NS
ENSG00000101335,MYL9,0.003946327,NA,NS
ENSG00000101353,MROH8,0.008399038,NA,NS
ENSG00000101493,ZNF516,-0.004446831,NA,NS
ENSG00000101605,MYOM1,-0.007993556,NA,NS
ENSG00000101670,LIPG,-0.015252382,NA,NS
ENSG00000101850,GPR143,-0.010924473,NA,NS
ENSG00000101871,MID1,0.010056167,NA,NS
ENSG00000101938,CHRDL1,0.023854997,NA,NS
ENSG00000101955,SRPX,-0.022174249,NA,NS
ENSG00000102010,BMX,-0.035728069,NA,NS
ENSG00000102038,SMARCA1,0.09921419,NA,NS
ENSG00000102053,ZC3H12B,-0.016025831,NA,NS
ENSG00000102057,KCND1,-0.007169382,NA,NS
ENSG00000102287,GABRE,-0.009419558,NA,NS
ENSG00000102290,PCDH11X,-0.027701716,NA,NS
ENSG00000102349,KLF8,-0.01039467,NA,NS
ENSG00000102383,ZDHHC15,0.029772381,NA,NS
ENSG00000102760,RGCC,-0.010718108,NA,NS
ENSG00000102870,ZNF629,-0.004258428,NA,NS
ENSG00000102886,GDPD3,-0.010547469,NA,NS
ENSG00000102904,TSNAXIP1,0.00220222,NA,NS
ENSG00000103034,NDRG4,-0.007448508,NA,NS
ENSG00000103089,FA2H,-0.002937243,NA,NS
ENSG00000103202,NME4,-0.01081818,NA,NS
ENSG00000103269,RHBDL1,-0.004754602,NA,NS
ENSG00000103313,MEFV,-0.010324207,NA,NS
ENSG00000103426,CORO7-PAM16,0.001961504,NA,NS
ENSG00000103460,TOX3,-0.008888797,NA,NS
ENSG00000103472,RRN3P2,-0.003204407,NA,NS
ENSG00000103723,AP3B2,-0.00348747,NA,NS
ENSG00000103740,ACSBG1,0.001580736,NA,NS
ENSG00000103742,IGDCC4,0.003398534,NA,NS
ENSG00000103888,CEMIP,0.005902369,NA,NS
ENSG00000104043,ATP8B4,-0.011378507,NA,NS
ENSG00000104055,TGM5,0.000923772,NA,NS
ENSG00000104059,ENTREP2,-0.063066021,NA,NS
ENSG00000104324,CPQ,-0.051598423,NA,NS
ENSG00000104432,IL7,0.018795127,NA,NS
ENSG00000104490,NCALD,-0.010884583,NA,NS
ENSG00000104760,FGL1,-0.003221516,NA,NS
ENSG00000104808,DHDH,0.000908389,NA,NS
ENSG00000104814,MAP4K1,-0.01237091,NA,NS
ENSG00000104856,RELB,-0.037023963,NA,NS
ENSG00000104870,FCGRT,0.015823877,NA,NS
ENSG00000104901,DKKL1,-0.001505062,NA,NS
ENSG00000104951,IL4I1,-0.007127152,NA,NS
ENSG00000105048,TNNT1,-0.013297456,NA,NS
ENSG00000105088,OLFM2,-0.02861241,NA,NS
ENSG00000105137,SYDE1,0.018465033,NA,NS
ENSG00000105146,AURKC,0.008921775,NA,NS
ENSG00000105255,FSD1,-0.008008099,NA,NS
ENSG00000105270,CLIP3,-0.012789957,NA,NS
ENSG00000105383,CD33,-0.005483573,NA,NS
ENSG00000105409,ATP1A3,0.00083306,NA,NS
ENSG00000105464,GRIN2D,0.001614419,NA,NS
ENSG00000105467,SYNGR4,0.016246787,NA,NS
ENSG00000105523,FAM83E,0.002380576,NA,NS
ENSG00000105538,RASIP1,-0.002215383,NA,NS
ENSG00000105550,FGF21,0.004322806,NA,NS
ENSG00000105639,JAK3,-0.008334091,NA,NS
ENSG00000105672,ETV2,0.004586469,NA,NS
ENSG00000105711,SCN1B,-0.007755696,NA,NS
ENSG00000105717,PBX4,-0.008351833,NA,NS
ENSG00000105737,GRIK5,-0.002152684,NA,NS
ENSG00000105808,RASA4,-0.020888163,NA,NS
ENSG00000105855,ITGB8,0.009463153,NA,NS
ENSG00000105877,DNAH11,0.004347766,NA,NS
ENSG00000105928,GSDME,-0.005326899,NA,NS
ENSG00000105963,ADAP1,-0.033261374,NA,NS
ENSG00000105971,CAV2,-0.00538745,NA,NS
ENSG00000105991,HOXA1,0.013735016,NA,NS
ENSG00000105997,HOXA3,0.000639222,NA,NS
ENSG00000106025,TSPAN12,-0.014719094,NA,NS
ENSG00000106069,CHN2,0.006926298,NA,NS
ENSG00000106100,NOD1,-0.002106421,NA,NS
ENSG00000106123,EPHB6,0.031192823,NA,NS
ENSG00000106128,GHRHR,0.013666826,NA,NS
ENSG00000106258,CYP3A5,-0.00635569,NA,NS
ENSG00000106333,PCOLCE,-0.000724758,NA,NS
ENSG00000106336,FBXO24,-0.017225241,NA,NS
ENSG00000106686,SPATA6L,0.015601702,NA,NS
ENSG00000106804,C5,0.01027216,NA,NS
ENSG00000106829,TLE4,0.007016798,NA,NS
ENSG00000106927,AMBP,-0.000154461,NA,NS
ENSG00000107018,RLN1,-0.0176985,NA,NS
ENSG00000107099,DOCK8,0.304253355,NA,NS
ENSG00000107165,TYRP1,0.00323761,NA,NS
ENSG00000107201,RIGI,-0.001519734,NA,NS
ENSG00000107295,SH3GL2,-0.024805358,NA,NS
ENSG00000107518,ATRNL1,-0.003100548,NA,NS
ENSG00000107719,PALD1,0.016807465,NA,NS
ENSG00000107736,CDH23,-0.005529785,NA,NS
ENSG00000107738,VSIR,0.003919945,NA,NS
ENSG00000107742,SPOCK2,-0.040807167,NA,NS
ENSG00000107954,NEURL1,-0.002618139,NA,NS
ENSG00000108309,RUNDC3A,-0.014868286,NA,NS
ENSG00000108387,SEPTIN4,0.010857922,NA,NS
ENSG00000108771,DHX58,-0.018048872,NA,NS
ENSG00000108797,CNTNAP1,-0.008296864,NA,NS
ENSG00000108798,ABI3,-0.004773785,NA,NS
ENSG00000108825,PTGES3L-AARSD1,-0.003147636,NA,NS
ENSG00000108947,EFNB3,-0.032977104,NA,NS
ENSG00000109063,MYH3,-0.007718147,NA,NS
ENSG00000109099,PMP22,0.019527475,NA,NS
ENSG00000109101,FOXN1,-0.003873154,NA,NS
ENSG00000109339,MAPK10,-0.00462531,NA,NS
ENSG00000109667,SLC2A9,-0.017168297,NA,NS
ENSG00000109705,NKX3-2,-0.005622055,NA,NS
ENSG00000109771,LRP2BP,0.014096109,NA,NS
ENSG00000109819,PPARGC1A,0.009437476,NA,NS
ENSG00000109846,CRYAB,2.82E-05,NA,NS
ENSG00000109927,TECTA,0.00397029,NA,NS
ENSG00000109956,B3GAT1,0.005588476,NA,NS
ENSG00000110042,DTX4,-0.014970202,NA,NS
ENSG00000110169,HPX,0.01552268,NA,NS
ENSG00000110243,APOA5,-0.02786464,NA,NS
ENSG00000110318,CEP126,-0.02574074,NA,NS
ENSG00000110324,IL10RA,0.007100859,NA,NS
ENSG00000110436,SLC1A2,0.016343332,NA,NS
ENSG00000110675,ELMOD1,0.000156225,NA,NS
ENSG00000110693,SOX6,0.019831294,NA,NS
ENSG00000110777,POU2AF1,-0.006271303,NA,NS
ENSG00000110852,CLEC2B,-0.005712195,NA,NS
ENSG00000110900,TSPAN11,-0.003136503,NA,NS
ENSG00000110944,IL23A,0.001442683,NA,NS
ENSG00000111012,CYP27B1,-0.013800177,NA,NS
ENSG00000111058,ACSS3,-0.007016135,NA,NS
ENSG00000111087,GLI1,-0.012614686,NA,NS
ENSG00000111254,AKAP3,-0.001285776,NA,NS
ENSG00000111788,DDX12B,-0.028386254,NA,NS
ENSG00000112294,ALDH5A1,-0.004769907,NA,NS
ENSG00000112309,B3GAT2,-0.012169965,NA,NS
ENSG00000112530,PACRG,-0.004320831,NA,NS
ENSG00000112539,C6orf118,-0.00524404,NA,NS
ENSG00000112562,SMOC2,0.014936553,NA,NS
ENSG00000112706,IMPG1,-0.004297645,NA,NS
ENSG00000112773,TENT5A,0.000411408,NA,NS
ENSG00000112992,NNT,0.783486771,NA,NS
ENSG00000113083,LOX,0.032560106,NA,NS
ENSG00000113140,SPARC,0.017833596,NA,NS
ENSG00000113205,PCDHB3,0.017798871,NA,NS
ENSG00000113211,PCDHB6,0.002828459,NA,NS
ENSG00000113212,PCDHB7,0.004686994,NA,NS
ENSG00000113248,PCDHB15,-0.013857696,NA,NS
ENSG00000113296,THBS4,0.000285246,NA,NS
ENSG00000113389,NPR3,0.026947479,NA,NS
ENSG00000113532,ST8SIA4,-0.004571952,NA,NS
ENSG00000113580,NR3C1,0.006965563,NA,NS
ENSG00000113721,PDGFRB,-0.001975798,NA,NS
ENSG00000113889,KNG1,-0.093847643,NA,NS
ENSG00000114013,CD86,0.00974022,NA,NS
ENSG00000114248,LRRC31,-0.016640061,NA,NS
ENSG00000114378,HYAL1,0.002762482,NA,NS
ENSG00000114529,C3orf52,-0.002743502,NA,NS
ENSG00000114547,ROPN1B,-0.013236523,NA,NS
ENSG00000114654,EFCC1,-0.003644429,NA,NS
ENSG00000114854,TNNC1,0.005983319,NA,NS
ENSG00000115041,KCNIP3,-0.006614585,NA,NS
ENSG00000115112,TFCP2L1,-0.017924838,NA,NS
ENSG00000115194,SLC30A3,-0.006268833,NA,NS
ENSG00000115226,FNDC4,-0.004918622,NA,NS
ENSG00000115252,PDE1A,-0.007649962,NA,NS
ENSG00000115257,PCSK4,-0.015761566,NA,NS
ENSG00000115263,GCG,-0.033299349,NA,NS
ENSG00000115295,CLIP4,0.000192945,NA,NS
ENSG00000115306,SPTBN1,-0.018709838,NA,NS
ENSG00000115318,LOXL3,-0.004848539,NA,NS
ENSG00000115423,DNAH6,0.004188184,NA,NS
ENSG00000115468,EFHD1,-0.005564744,NA,NS
ENSG00000115590,IL1R2,0.004329929,NA,NS
ENSG00000115604,IL18R1,0.013579735,NA,NS
ENSG00000115641,FHL2,0.034498449,NA,NS
ENSG00000115896,PLCL1,0.003406289,NA,NS
ENSG00000115919,KYNU,-0.007609644,NA,NS
ENSG00000116014,KISS1R,-0.013726409,NA,NS
ENSG00000116035,VAX2,-0.013915318,NA,NS
ENSG00000116254,CHD5,0.005336332,NA,NS
ENSG00000116299,ELAPOR1,-0.001827117,NA,NS
ENSG00000116652,DLEU2L,-0.013814853,NA,NS
ENSG00000116678,LEPR,-0.014039204,NA,NS
ENSG00000116711,PLA2G4A,-0.031182724,NA,NS
ENSG00000116793,PHTF1,0.056652369,NA,NS
ENSG00000116819,TFAP2E,-0.006739578,NA,NS
ENSG00000116833,NR5A2,0.010621463,NA,NS
ENSG00000116852,KIF21B,-0.017829159,NA,NS
ENSG00000116882,HAO2,0.02408555,NA,NS
ENSG00000116981,NT5C1A,-0.026003494,NA,NS
ENSG00000116983,HPCAL4,-0.004026595,NA,NS
ENSG00000117069,ST6GALNAC5,-0.000464532,NA,NS
ENSG00000117148,ACTL8,0.002562958,NA,NS
ENSG00000117226,GBP3,-0.026759151,NA,NS
ENSG00000117400,MPL,0.003859668,NA,NS
ENSG00000117477,CCDC181,0.008201738,NA,NS
ENSG00000118137,APOA1,-0.000660064,NA,NS
ENSG00000118194,TNNT2,0.005922447,NA,NS
ENSG00000118263,KLF7,-0.002185103,NA,NS
ENSG00000118292,C1orf54,-0.013739815,NA,NS
ENSG00000118307,DNAI7,-0.008726884,NA,NS
ENSG00000118473,SGIP1,0.003241404,NA,NS
ENSG00000118520,ARG1,-0.009530555,NA,NS
ENSG00000118777,ABCG2,-0.010384449,NA,NS
ENSG00000118922,KLF12,0.014385057,NA,NS
ENSG00000118946,PCDH17,-0.002508186,NA,NS
ENSG00000118997,DNAH7,0.008177108,NA,NS
ENSG00000119508,NR4A3,0.005047829,NA,NS
ENSG00000119630,PGF,-0.004017546,NA,NS
ENSG00000119632,IFI27L2,-0.023483792,NA,NS
ENSG00000119698,PPP4R4,0.015872631,NA,NS
ENSG00000119699,TGFB3,-0.012331665,NA,NS
ENSG00000119737,GPR75,0.002477297,NA,NS
ENSG00000119917,IFIT3,-0.025621757,NA,NS
ENSG00000119922,IFIT2,0.005641514,NA,NS
ENSG00000120049,KCNIP2,0.008025025,NA,NS
ENSG00000120055,C10orf95,-4.58E-06,NA,NS
ENSG00000120217,CD274,0.008303453,NA,NS
ENSG00000120278,PLEKHG1,-0.018219401,NA,NS
ENSG00000120322,PCDHB8,0.004303854,NA,NS
ENSG00000120324,PCDHB10,0.008040367,NA,NS
ENSG00000120328,PCDHB12,0.002246137,NA,NS
ENSG00000120675,DNAJC15,0.009641095,NA,NS
ENSG00000120738,EGR1,-0.083372905,NA,NS
ENSG00000120949,TNFRSF8,0.000809141,NA,NS
ENSG00000121005,CRISPLD1,0.015741419,NA,NS
ENSG00000121068,TBX2,0.015710864,NA,NS
ENSG00000121101,TEX14,0.010204301,NA,NS
ENSG00000121270,ABCC11,0.001713503,NA,NS
ENSG00000121297,TSHZ3,-0.013463333,NA,NS
ENSG00000121380,BCL2L14,-0.013307487,NA,NS
ENSG00000121454,LHX4,-0.010113025,NA,NS
ENSG00000121552,CSTA,0.001254937,NA,NS
ENSG00000121577,POPDC2,0.0035541,NA,NS
ENSG00000121966,CXCR4,0.034712057,NA,NS
ENSG00000122025,FLT3,-0.040456096,NA,NS
ENSG00000122194,PLG,-0.003834413,NA,NS
ENSG00000122367,LDB3,0.057984982,NA,NS
ENSG00000122432,SPATA1,-0.007597101,NA,NS
ENSG00000122592,HOXA7,0.011243322,NA,NS
ENSG00000122787,AKR1D1,0.02111026,NA,NS
ENSG00000122824,NUDT10,-0.003888743,NA,NS
ENSG00000123329,ARHGAP9,-0.004924696,NA,NS
ENSG00000123570,RAB9B,-0.000224862,NA,NS
ENSG00000123609,NMI,0.012148607,NA,NS
ENSG00000123612,ACVR1C,-0.007669257,NA,NS
ENSG00000123685,BATF3,-0.002083452,NA,NS
ENSG00000123700,KCNJ2,0.000385518,NA,NS
ENSG00000123870,ZNF137P,0.007981167,NA,NS
ENSG00000124006,OBSL1,-0.002828401,NA,NS
ENSG00000124067,SLC12A4,-0.005791261,NA,NS
ENSG00000124097,HMGB1P1,-0.012044971,NA,NS
ENSG00000124116,WFDC3,-0.002430965,NA,NS
ENSG00000124157,SEMG2,0.016584293,NA,NS
ENSG00000124159,MATN4,-0.010581056,NA,NS
ENSG00000124233,SEMG1,0.01229009,NA,NS
ENSG00000124257,NEURL2,-0.04599806,NA,NS
ENSG00000124334,IL9R,-0.007817116,NA,NS
ENSG00000124343,XG,-0.001830609,NA,NS
ENSG00000124491,F13A1,0.012353885,NA,NS
ENSG00000124935,SCGB1D2,-0.030699647,NA,NS
ENSG00000125337,KIF25,-0.015864705,NA,NS
ENSG00000125378,BMP4,0.00102925,NA,NS
ENSG00000125462,MIR9-1HG,0.001735072,NA,NS
ENSG00000125510,OPRL1,0.00084962,NA,NS
ENSG00000125551,PLGLB2,0.010149427,NA,NS
ENSG00000125618,PAX8,0.002695165,NA,NS
ENSG00000125740,FOSB,-0.004325384,NA,NS
ENSG00000125744,RTN2,0.014073041,NA,NS
ENSG00000125775,SDCBP2,0.002821796,NA,NS
ENSG00000125780,TGM3,-0.09320627,NA,NS
ENSG00000125804,FAM182A,0.015542099,NA,NS
ENSG00000125864,BFSP1,-0.016431853,NA,NS
ENSG00000125954,CHURC1-FNTB,-0.013947326,NA,NS
ENSG00000125966,MMP24,-0.010608467,NA,NS
ENSG00000125999,BPIFB1,0.009641885,NA,NS
ENSG00000126264,HCST,-0.001302558,NA,NS
ENSG00000126500,FLRT1,0.001045503,NA,NS
ENSG00000126603,GLIS2,-0.022465461,NA,NS
ENSG00000126759,CFP,0.007734553,NA,NS
ENSG00000126890,CTAG2,0.011915429,NA,NS
ENSG00000127241,MASP1,0.002753047,NA,NS
ENSG00000127329,PTPRB,-0.005565619,NA,NS
ENSG00000127472,PLA2G5,-0.003062521,NA,NS
ENSG00000127561,SYNGR3,-0.028269313,NA,NS
ENSG00000127578,WFIKKN1,-0.002689392,NA,NS
ENSG00000127588,GNG13,-0.02395324,NA,NS
ENSG00000127589,TUBBP1,-0.016255289,NA,NS
ENSG00000127954,STEAP4,1.521207913,NA,NS
ENSG00000128040,SPINK2,0.001862227,NA,NS
ENSG00000128203,ASPHD2,0.013299101,NA,NS
ENSG00000128218,VPREB3,-0.024296557,NA,NS
ENSG00000128274,A4GALT,-0.03306845,NA,NS
ENSG00000128284,APOL3,-0.010016082,NA,NS
ENSG00000128310,GALR3,-0.001241802,NA,NS
ENSG00000128346,C22orf23,0.002623419,NA,NS
ENSG00000128482,RNF112,-0.002797227,NA,NS
ENSG00000128536,CDHR3,-0.011683168,NA,NS
ENSG00000128610,FEZF1,-0.027320203,NA,NS
ENSG00000128656,CHN1,0.00666161,NA,NS
ENSG00000128683,GAD1,-0.009916872,NA,NS
ENSG00000128692,EIF2S2P4,-0.03281877,NA,NS
ENSG00000128805,ARHGAP22,-0.00779972,NA,NS
ENSG00000128917,DLL4,-0.006887657,NA,NS
ENSG00000128918,ALDH1A2,-0.002336459,NA,NS
ENSG00000129214,SHBG,-0.038714185,NA,NS
ENSG00000129295,DNAAF11,-0.021491962,NA,NS
ENSG00000129595,EPB41L4A,-0.014270821,NA,NS
ENSG00000129675,ARHGEF6,0.024936383,NA,NS
ENSG00000129749,CHRNA10,0.001207012,NA,NS
ENSG00000129757,CDKN1C,0.013163014,NA,NS
ENSG00000129910,CDH15,-0.010718846,NA,NS
ENSG00000129946,SHC2,-0.05761017,NA,NS
ENSG00000130038,CRACR2A,0.005406492,NA,NS
ENSG00000130203,APOE,0.008404806,NA,NS
ENSG00000130270,ATP8B3,0.004184949,NA,NS
ENSG00000130303,BST2,0.012951054,NA,NS
ENSG00000130475,FCHO1,-0.004890143,NA,NS
ENSG00000130477,UNC13A,-0.025928091,NA,NS
ENSG00000130528,HRC,-0.005116784,NA,NS
ENSG00000130558,OLFM1,0.007260289,NA,NS
ENSG00000130600,H19,0.013149283,NA,NS
ENSG00000130711,PRDM12,-0.007897737,NA,NS
ENSG00000130720,FIBCD1,-0.004508927,NA,NS
ENSG00000130751,NPAS1,-0.018332833,NA,NS
ENSG00000130783,CCDC62,0.015833673,NA,NS
ENSG00000130812,ANGPTL6,-0.016353047,NA,NS
ENSG00000130822,PNCK,0.006593597,NA,NS
ENSG00000130997,POLN,0.011574025,NA,NS
ENSG00000131002,TXLNGY,-0.02899505,NA,NS
ENSG00000131037,EPS8L1,-0.015906369,NA,NS
ENSG00000131771,PPP1R1B,-0.002129818,NA,NS
ENSG00000131781,FMO5,-0.028037069,NA,NS
ENSG00000131831,RAI2,-0.002156335,NA,NS
ENSG00000131951,LRRC9,0.007710363,NA,NS
ENSG00000132031,MATN3,0.003491844,NA,NS
ENSG00000132274,TRIM22,-0.002943138,NA,NS
ENSG00000132357,CARD6,0.018586566,NA,NS
ENSG00000132429,POPDC3,-0.016306119,NA,NS
ENSG00000132470,ITGB4,-0.02930479,NA,NS
ENSG00000132561,MATN2,-0.049733151,NA,NS
ENSG00000132622,HSPA12B,0.008908634,NA,NS
ENSG00000132677,RHBG,-0.000230553,NA,NS
ENSG00000132837,DMGDH,-0.010860414,NA,NS
ENSG00000132855,ANGPTL3,0.040778289,NA,NS
ENSG00000133104,SPART,0.012902948,NA,NS
ENSG00000133106,EPSTI1,0.035741696,NA,NS
ENSG00000133116,KL,0.012732147,NA,NS
ENSG00000133124,IRS4,0.042361956,NA,NS
ENSG00000133256,PDE6B,-0.007744421,NA,NS
ENSG00000133321,PLAAT4,0.002381586,NA,NS
ENSG00000133433,GSTT2B,-0.067053365,NA,NS
ENSG00000133466,C1QTNF6,-0.020575873,NA,NS
ENSG00000133863,TEX15,-0.007841562,NA,NS
ENSG00000133958,UNC79,-0.010924144,NA,NS
ENSG00000133962,CATSPERB,-0.001084857,NA,NS
ENSG00000134013,LOXL2,-0.005879858,NA,NS
ENSG00000134020,PEBP4,0.007026913,NA,NS
ENSG00000134042,MRO,-0.01381686,NA,NS
ENSG00000134183,GNAT2,-0.017148452,NA,NS
ENSG00000134193,REG4,-0.016726936,NA,NS
ENSG00000134245,WNT2B,-0.02137316,NA,NS
ENSG00000134256,CD101,0.009318511,NA,NS
ENSG00000134297,PLEKHA8P1,-0.032134398,NA,NS
ENSG00000134321,RSAD2,-0.016131689,NA,NS
ENSG00000134363,FST,0.003917948,NA,NS
ENSG00000134548,SPX,0.004129954,NA,NS
ENSG00000134612,FOLH1B,0.002928036,NA,NS
ENSG00000134760,DSG1,0.005173838,NA,NS
ENSG00000134769,DTNA,-0.046642841,NA,NS
ENSG00000134871,COL4A2,0.015873821,NA,NS
ENSG00000134955,SLC37A2,0.017771786,NA,NS
ENSG00000135063,ENTREP1,0.0096985,NA,NS
ENSG00000135114,OASL,-0.014254424,NA,NS
ENSG00000135116,HRK,-0.039191356,NA,NS
ENSG00000135253,KCP,-0.031778275,NA,NS
ENSG00000135374,ELF5,0.013179429,NA,NS
ENSG00000135406,PRPH,0.000866057,NA,NS
ENSG00000135407,AVIL,0.001058496,NA,NS
ENSG00000135424,ITGA7,-0.001899153,NA,NS
ENSG00000135436,FAM186B,-0.004864984,NA,NS
ENSG00000135437,RDH5,0.007336589,NA,NS
ENSG00000135472,FAIM2,-0.016335483,NA,NS
ENSG00000135519,KCNH3,-0.004015864,NA,NS
ENSG00000135547,HEY2,0.01115308,NA,NS
ENSG00000135638,EMX1,-0.002207225,NA,NS
ENSG00000135643,KCNMB4,0.01216258,NA,NS
ENSG00000135740,SLC9A5,-0.007501514,NA,NS
ENSG00000135744,AGT,-0.003233823,NA,NS
ENSG00000135747,ZNF670-ZNF695,0.018323198,NA,NS
ENSG00000135773,CAPN9,-0.002692695,NA,NS
ENSG00000135905,DOCK10,0.009005256,NA,NS
ENSG00000136010,ALDH1L2,-0.001258255,NA,NS
ENSG00000136098,NEK3,0.005172387,NA,NS
ENSG00000136149,RPL13AP25,-0.025461418,NA,NS
ENSG00000136161,RCBTB2,0.017834,NA,NS
ENSG00000136193,SCRN1,-0.006744104,NA,NS
ENSG00000136286,MYO1G,0.000555869,NA,NS
ENSG00000136425,CIB2,-0.005129282,NA,NS
ENSG00000136490,LIMD2,-0.004184239,NA,NS
ENSG00000136630,HLX,0.037401448,NA,NS
ENSG00000136688,IL36G,-0.033597037,NA,NS
ENSG00000136697,IL1F10,-0.014919844,NA,NS
ENSG00000136859,ANGPTL2,-0.012862203,NA,NS
ENSG00000136881,BAAT,0.006258806,NA,NS
ENSG00000136883,KIF12,-0.004607774,NA,NS
ENSG00000137090,DMRT1,-0.00211798,NA,NS
ENSG00000137098,SPAG8,0.004777526,NA,NS
ENSG00000137142,IGFBPL1,9.64E-05,NA,NS
ENSG00000137198,GMPR,-0.025959583,NA,NS
ENSG00000137261,KIAA0319,-0.01034052,NA,NS
ENSG00000137338,PGBD1,0.003193668,NA,NS
ENSG00000137473,TTC29,-0.000895386,NA,NS
ENSG00000137507,LRRC32,-0.012120198,NA,NS
ENSG00000137561,TTPA,0.026145077,NA,NS
ENSG00000137648,TMPRSS4,-0.007063175,NA,NS
ENSG00000137673,MMP7,0.008475555,NA,NS
ENSG00000137709,POU2F3,-0.004270865,NA,NS
ENSG00000137727,ARHGAP20,-0.002754625,NA,NS
ENSG00000137745,MMP13,-0.010084619,NA,NS
ENSG00000137766,UNC13C,0.010956854,NA,NS
ENSG00000137809,ITGA11,0.011323433,NA,NS
ENSG00000137819,PAQR5,0.013758502,NA,NS
ENSG00000137825,ITPKA,-0.018882184,NA,NS
ENSG00000137857,DUOX1,-0.009714425,NA,NS
ENSG00000137878,GCOM1,-0.004007056,NA,NS
ENSG00000137959,IFI44L,-0.001357855,NA,NS
ENSG00000137968,SLC44A5,0.003157092,NA,NS
ENSG00000138080,EMILIN1,-0.015007793,NA,NS
ENSG00000138100,TRIM54,-0.009781922,NA,NS
ENSG00000138109,CYP2C9,-0.026748184,NA,NS
ENSG00000138119,MYOF,-0.009278271,NA,NS
ENSG00000138161,CUZD1,-0.002851965,NA,NS
ENSG00000138166,DUSP5,-0.008350298,NA,NS
ENSG00000138185,ENTPD1,0.00229121,NA,NS
ENSG00000138356,AOX1,0.034565467,NA,NS
ENSG00000138411,HECW2,-7.48E-05,NA,NS
ENSG00000138449,SLC40A1,0.008361385,NA,NS
ENSG00000138606,SHF,-0.006843873,NA,NS
ENSG00000138669,PRKG2,0.018811372,NA,NS
ENSG00000138670,RASGEF1B,0.003976382,NA,NS
ENSG00000138678,GPAT3,0.004617305,NA,NS
ENSG00000139044,B4GALNT3,-0.037799476,NA,NS
ENSG00000139194,RBP5,-0.014609039,NA,NS
ENSG00000139209,SLC38A4,0.873915744,NA,NS
ENSG00000139211,AMIGO2,-0.027063401,NA,NS
ENSG00000139304,PTPRQ,-0.008505451,NA,NS
ENSG00000139318,DUSP6,-0.041414809,NA,NS
ENSG00000139445,FOXN4,-0.956732426,NA,NS
ENSG00000139547,RDH16,-0.006929735,NA,NS
ENSG00000139574,NPFF,-0.004089243,NA,NS
ENSG00000139626,ITGB7,-0.003140976,NA,NS
ENSG00000139793,MBNL2,-0.005809026,NA,NS
ENSG00000139890,REM2,-0.022177766,NA,NS
ENSG00000139914,FITM1,-0.001530485,NA,NS
ENSG00000139971,ARMH4,-0.036683722,NA,NS
ENSG00000139985,ADAM21,-0.001649286,NA,NS
ENSG00000139988,RDH12,-0.045047649,NA,NS
ENSG00000140398,NEIL1,-0.007788861,NA,NS
ENSG00000140505,CYP1A2,-0.060671666,NA,NS
ENSG00000140527,WDR93,-0.020124703,NA,NS
ENSG00000140557,ST8SIA2,-0.014231325,NA,NS
ENSG00000140600,SH3GL3,6.02E-05,NA,NS
ENSG00000140876,NUDT7,-0.016130333,NA,NS
ENSG00000141068,KSR1,-0.00546427,NA,NS
ENSG00000141086,CTRL,-0.024430359,NA,NS
ENSG00000141294,LRRC46,-0.010549056,NA,NS
ENSG00000141404,GNAL,0.012921566,NA,NS
ENSG00000141506,PIK3R5,-0.012471523,NA,NS
ENSG00000141854,MISP3,-0.033328437,NA,NS
ENSG00000142227,EMP3,-0.023686573,NA,NS
ENSG00000142279,WTIP,0.001475096,NA,NS
ENSG00000142319,SLC6A3,0.004896987,NA,NS
ENSG00000142347,MYO1F,0.000290016,NA,NS
ENSG00000142494,SLC47A1,0.01086159,NA,NS
ENSG00000142621,FHAD1,0.004388888,NA,NS
ENSG00000142677,IL22RA1,0.003505182,NA,NS
ENSG00000142694,EVA1B,-0.009960362,NA,NS
ENSG00000142910,TINAGL1,-0.046740967,NA,NS
ENSG00000142920,AZIN2,-0.046114581,NA,NS
ENSG00000142973,CYP4B1,-0.013918407,NA,NS
ENSG00000143127,ITGA10,-0.003797806,NA,NS
ENSG00000143178,TBX19,-0.006403322,NA,NS
ENSG00000143195,ILDR2,0.005918749,NA,NS
ENSG00000143199,ADCY10,0.002277037,NA,NS
ENSG00000143226,FCGR2A,-0.00158416,NA,NS
ENSG00000143320,CRABP2,-0.004171921,NA,NS
ENSG00000143369,ECM1,-0.043635663,NA,NS
ENSG00000143429,LSP1P4,8.54E-05,NA,NS
ENSG00000143512,HHIPL2,0.013790248,NA,NS
ENSG00000143603,KCNN3,-0.003941463,NA,NS
ENSG00000143786,CNIH3,0.005107229,NA,NS
ENSG00000143839,REN,-0.025729157,NA,NS
ENSG00000143845,ETNK2,-0.004624429,NA,NS
ENSG00000143847,PPFIA4,-0.016402217,NA,NS
ENSG00000143994,ABHD1,0.010397365,NA,NS
ENSG00000144045,DQX1,-0.007531865,NA,NS
ENSG00000144152,FBLN7,-0.008757967,NA,NS
ENSG00000144158,SNRPA1P1,-0.003927393,NA,NS
ENSG00000144290,SLC4A10,0.014451119,NA,NS
ENSG00000144355,DLX1,0.020523613,NA,NS
ENSG00000144395,CCDC150,0.008400038,NA,NS
ENSG00000144406,UNC80,-0.001221765,NA,NS
ENSG00000144648,ACKR2,-0.008701408,NA,NS
ENSG00000144649,GASK1A,-0.008673866,NA,NS
ENSG00000144802,NFKBIZ,-0.012940364,NA,NS
ENSG00000144893,MED12L,0.012038574,NA,NS
ENSG00000144908,ALDH1L1,0.004841618,NA,NS
ENSG00000144935,TRPC1,-0.002193078,NA,NS
ENSG00000145020,AMT,-0.010820812,NA,NS
ENSG00000145113,MUC4,-0.001929285,NA,NS
ENSG00000145192,AHSG,0.011579386,NA,NS
ENSG00000145242,EPHA5,0.031692166,NA,NS
ENSG00000145246,ATP10D,-0.001047273,NA,NS
ENSG00000145287,PLAC8,-0.020668597,NA,NS
ENSG00000145416,MARCHF1,-0.025154192,NA,NS
ENSG00000145491,ROPN1L,-0.024436223,NA,NS
ENSG00000145832,SLC25A48,-0.003252107,NA,NS
ENSG00000145934,TENM2,0.005647579,NA,NS
ENSG00000146021,KLHL3,-0.024449908,NA,NS
ENSG00000146090,RASGEF1C,-0.005696755,NA,NS
ENSG00000146197,SCUBE3,-0.003275479,NA,NS
ENSG00000146242,TPBG,-0.024312423,NA,NS
ENSG00000146426,TIAM2,-0.04391126,NA,NS
ENSG00000146677,RPL32P18,-0.010729314,NA,NS
ENSG00000147041,SYTL5,0.006059367,NA,NS
ENSG00000147059,SPIN2A,-0.000258018,NA,NS
ENSG00000147119,CHST7,-0.00421183,NA,NS
ENSG00000147166,ITGB1BP2,0.006413162,NA,NS
ENSG00000147174,GCNA,-0.021619611,NA,NS
ENSG00000147180,ZNF711,-0.000745676,NA,NS
ENSG00000147231,RADX,0.002886806,NA,NS
ENSG00000147255,IGSF1,-0.008336015,NA,NS
ENSG00000147381,MAGEA4,0.000866967,NA,NS
ENSG00000147485,PXDNL,-0.005909874,NA,NS
ENSG00000147689,FAM83A,-0.011273972,NA,NS
ENSG00000148053,NTRK2,0.010109212,NA,NS
ENSG00000148082,SHC3,-0.003227263,NA,NS
ENSG00000148200,NR6A1,-0.009590816,NA,NS
ENSG00000148541,FAM13C,-0.004484601,NA,NS
ENSG00000148680,HTR7,-0.017537599,NA,NS
ENSG00000148704,VAX1,-0.028483655,NA,NS
ENSG00000148735,PLEKHS1,-0.024257405,NA,NS
ENSG00000148848,ADAM12,-0.007004826,NA,NS
ENSG00000148926,ADM,0.000760883,NA,NS
ENSG00000148935,GAS2,-0.013090097,NA,NS
ENSG00000148948,LRRC4C,0.00742405,NA,NS
ENSG00000149201,CCDC81,0.000419753,NA,NS
ENSG00000149257,SERPINH1,-8.45E-05,NA,NS
ENSG00000149380,P4HA3,-0.005936411,NA,NS
ENSG00000149527,PLCH2,-0.002830855,NA,NS
ENSG00000149599,DUSP15,0.01074152,NA,NS
ENSG00000149609,C20orf144,-0.016402049,NA,NS
ENSG00000149781,FERMT3,-0.00428416,NA,NS
ENSG00000149922,TBX6,-0.002434585,NA,NS
ENSG00000149926,TLCD3B,-0.014453463,NA,NS
ENSG00000149927,DOC2A,-0.012044167,NA,NS
ENSG00000150048,CLEC1A,0.020031919,NA,NS
ENSG00000150175,FRMPD2B,0.009135161,NA,NS
ENSG00000150394,CDH8,-0.00881904,NA,NS
ENSG00000150556,LYPD6B,-0.006257474,NA,NS
ENSG00000150636,CCDC102B,-0.022272323,NA,NS
ENSG00000151006,PRSS53,-0.004271402,NA,NS
ENSG00000151023,ENKUR,0.000291604,NA,NS
ENSG00000151303,NA,0.035717543,NA,NS
ENSG00000151365,THRSP,-0.037294641,NA,NS
ENSG00000151388,ADAMTS12,0.005992876,NA,NS
ENSG00000151474,FRMD4A,0.007115181,NA,NS
ENSG00000151617,EDNRA,-0.008819075,NA,NS
ENSG00000151632,AKR1C2,-0.0005105,NA,NS
ENSG00000151651,ADAM8,-0.0450852,NA,NS
ENSG00000151687,ANKAR,-0.032263075,NA,NS
ENSG00000151917,BEND6,0.000228888,NA,NS
ENSG00000151967,SCHIP1,0.004228905,NA,NS
ENSG00000152034,MCHR2,-0.010065758,NA,NS
ENSG00000152092,ASTN1,-0.007085697,NA,NS
ENSG00000152128,TMEM163,-0.006391932,NA,NS
ENSG00000152192,POU4F1,-0.022428201,NA,NS
ENSG00000152214,RIT2,3.17E-05,NA,NS
ENSG00000152229,PSTPIP2,-0.01791033,NA,NS
ENSG00000152315,KCNK13,-0.042357146,NA,NS
ENSG00000152527,PLEKHH2,-0.004496002,NA,NS
ENSG00000152669,CCNO,-0.004330404,NA,NS
ENSG00000152705,CATSPER3,-0.008649603,NA,NS
ENSG00000152763,DNAI4,-0.001090494,NA,NS
ENSG00000152784,PRDM8,-0.010451215,NA,NS
ENSG00000152926,ZNF117,-0.033039567,NA,NS
ENSG00000152952,PLOD2,-0.011252065,NA,NS
ENSG00000153165,RGPD3,0.01935184,NA,NS
ENSG00000153234,NR4A2,0.014600558,NA,NS
ENSG00000153237,CCDC148,0.022067529,NA,NS
ENSG00000153250,RBMS1,-0.000215775,NA,NS
ENSG00000153291,SLC25A27,-0.004309216,NA,NS
ENSG00000153294,ADGRF4,-0.000212172,NA,NS
ENSG00000153303,FRMD1,-0.016165647,NA,NS
ENSG00000153558,FBXL2,-0.003148094,NA,NS
ENSG00000153790,SPMIP4,-0.005551855,NA,NS
ENSG00000153976,HS3ST3A1,-0.00591917,NA,NS
ENSG00000154065,ANKRD29,0.004701182,NA,NS
ENSG00000154099,DNAAF1,-0.002251325,NA,NS
ENSG00000154127,UBASH3B,0.004815757,NA,NS
ENSG00000154237,LRRK1,0.013029219,NA,NS
ENSG00000154252,GAL3ST2,-0.017842758,NA,NS
ENSG00000154269,ENPP3,0.009469225,NA,NS
ENSG00000154277,UCHL1,0.016821867,NA,NS
ENSG00000154330,PGM5,-0.008912455,NA,NS
ENSG00000154451,GBP5,-0.012960722,NA,NS
ENSG00000154479,CFAP210,0.018731768,NA,NS
ENSG00000154529,CNTNAP3B,-0.00124629,NA,NS
ENSG00000154553,PDLIM3,-0.009763158,NA,NS
ENSG00000154736,ADAMTS5,0.013646257,NA,NS
ENSG00000154822,PLCL2,-0.011572226,NA,NS
ENSG00000154930,ACSS1,-0.009630902,NA,NS
ENSG00000155465,SLC7A7,-0.008645172,NA,NS
ENSG00000155530,LRGUK,0.00459298,NA,NS
ENSG00000155657,TTN,1.375647177,NA,NS
ENSG00000155962,CLIC2,0.00410287,NA,NS
ENSG00000155974,GRIP1,0.004719787,NA,NS
ENSG00000156006,NAT2,0.008690327,NA,NS
ENSG00000156049,GNA14,0.006080772,NA,NS
ENSG00000156096,UGT2B4,-0.004414131,NA,NS
ENSG00000156140,ADAMTS3,0.016113477,NA,NS
ENSG00000156218,ADAMTSL3,-0.000845988,NA,NS
ENSG00000156234,CXCL13,0.022459715,NA,NS
ENSG00000156298,TSPAN7,-0.020823628,NA,NS
ENSG00000156427,FGF18,0.060185614,NA,NS
ENSG00000156509,FBXO43,0.014027581,NA,NS
ENSG00000156535,CD109,0.010533069,NA,NS
ENSG00000156925,ZIC3,0.036327447,NA,NS
ENSG00000157111,TMEM171,-0.001029831,NA,NS
ENSG00000157152,SYN2,-0.016765858,NA,NS
ENSG00000157227,MMP14,0.006337328,NA,NS
ENSG00000157343,ARMC12,0.009089865,NA,NS
ENSG00000157429,ZNF19,0.010426244,NA,NS
ENSG00000157510,AFAP1L1,-0.006793004,NA,NS
ENSG00000157827,FMNL2,-0.011768383,NA,NS
ENSG00000157873,TNFRSF14,-0.005811967,NA,NS
ENSG00000157927,RADIL,-0.004763417,NA,NS
ENSG00000158008,EXTL1,0.00206693,NA,NS
ENSG00000158023,CFAP251,-0.052439329,NA,NS
ENSG00000158055,GRHL3,-0.013679135,NA,NS
ENSG00000158089,GALNT14,-0.009928016,NA,NS
ENSG00000158163,DZIP1L,-0.013469363,NA,NS
ENSG00000158286,RNF207,-0.009174539,NA,NS
ENSG00000158423,RIBC1,-0.000608511,NA,NS
ENSG00000158427,TMSB15B,0.003502037,NA,NS
ENSG00000158555,GDPD5,-0.03429662,NA,NS
ENSG00000158560,DYNC1I1,-0.017022108,NA,NS
ENSG00000158571,PFKFB1,0.006029825,NA,NS
ENSG00000158748,HTR6,-0.009660145,NA,NS
ENSG00000158816,VWA5B1,-0.008136385,NA,NS
ENSG00000158869,FCER1G,0.007129664,NA,NS
ENSG00000158887,MPZ,-0.002601647,NA,NS
ENSG00000158966,CACHD1,-0.009980204,NA,NS
ENSG00000159164,SV2A,-0.004110198,NA,NS
ENSG00000159261,CLDN14,0.005562662,NA,NS
ENSG00000159307,SCUBE1,0.012195285,NA,NS
ENSG00000159387,IRX6,-0.024045557,NA,NS
ENSG00000159450,TCHH,0.016602369,NA,NS
ENSG00000159556,ISL2,-0.028852596,NA,NS
ENSG00000159588,CCDC17,-0.014460548,NA,NS
ENSG00000159708,LRRC36,-0.018302907,NA,NS
ENSG00000159714,ZDHHC1,-0.008866037,NA,NS
ENSG00000159761,C16orf86,-0.000565035,NA,NS
ENSG00000159958,TNFRSF13C,0.000241589,NA,NS
ENSG00000160097,FNDC5,-0.000672103,NA,NS
ENSG00000160111,CPAMD8,-0.001646211,NA,NS
ENSG00000160117,ANKLE1,0.019442486,NA,NS
ENSG00000160145,KALRN,-0.038656781,NA,NS
ENSG00000160161,CILP2,-0.003288943,NA,NS
ENSG00000160182,TFF1,-0.00831493,NA,NS
ENSG00000160255,ITGB2,-0.01154778,NA,NS
ENSG00000160282,FTCD,0.011961137,NA,NS
ENSG00000160318,CLDND2,0.001279686,NA,NS
ENSG00000160469,BRSK1,-0.011906471,NA,NS
ENSG00000160505,NLRP4,0.005176961,NA,NS
ENSG00000160781,PAQR6,-0.025811716,NA,NS
ENSG00000160801,PTH1R,-0.001768837,NA,NS
ENSG00000161040,FBXL13,-0.008698456,NA,NS
ENSG00000161082,CELF5,0.002624467,NA,NS
ENSG00000161544,CYGB,0.007576686,NA,NS
ENSG00000161609,KASH5,0.004639113,NA,NS
ENSG00000161653,NAGS,-0.001253768,NA,NS
ENSG00000161835,TAMALIN,-0.005794602,NA,NS
ENSG00000161958,FGF11,-0.003099207,NA,NS
ENSG00000162148,SAXO4,0.00114598,NA,NS
ENSG00000162188,GNG3,0.012778169,NA,NS
ENSG00000162366,PDZK1IP1,-0.008131813,NA,NS
ENSG00000162461,SLC25A34,-0.002490527,NA,NS
ENSG00000162520,SYNC,-0.019966041,NA,NS
ENSG00000162526,TSSK3,-0.012663382,NA,NS
ENSG00000162572,SCNN1D,-0.011849748,NA,NS
ENSG00000162591,MEGF6,0.003348224,NA,NS
ENSG00000162620,LRRIQ3,-0.022266405,NA,NS
ENSG00000162643,DNAI3,-0.003209636,NA,NS
ENSG00000162654,GBP4,0.000303318,NA,NS
ENSG00000162669,HFM1,-0.009610063,NA,NS
ENSG00000162676,GFI1,-0.026350833,NA,NS
ENSG00000162728,KCNJ9,0.000435009,NA,NS
ENSG00000162733,DDR2,-0.019206085,NA,NS
ENSG00000162738,VANGL2,-0.002107187,NA,NS
ENSG00000162746,FCRLB,-0.001984092,NA,NS
ENSG00000162779,AXDND1,0.026038217,NA,NS
ENSG00000162849,KIF26B,0.007348281,NA,NS
ENSG00000162913,OBSCN-AS1,-0.015390392,NA,NS
ENSG00000162946,DISC1,-0.004485431,NA,NS
ENSG00000162994,CLHC1,-0.044066515,NA,NS
ENSG00000163040,CCDC74A,-0.001041753,NA,NS
ENSG00000163075,CFAP221,-0.012470517,NA,NS
ENSG00000163082,SGPP2,-0.016631507,NA,NS
ENSG00000163126,ANKRD23,0.008262514,NA,NS
ENSG00000163141,BNIPL,0.007285981,NA,NS
ENSG00000163157,TMOD4,-0.00381311,NA,NS
ENSG00000163220,S100A9,0.01084942,NA,NS
ENSG00000163273,NPPC,0.024201374,NA,NS
ENSG00000163331,DAPL1,0.04020337,NA,NS
ENSG00000163354,DCST2,-0.024135935,NA,NS
ENSG00000163393,SLC22A15,-0.00103376,NA,NS
ENSG00000163449,TMEM169,0.012242836,NA,NS
ENSG00000163491,NEK10,0.008730517,NA,NS
ENSG00000163508,EOMES,-0.003587893,NA,NS
ENSG00000163513,TGFBR2,0.000621915,NA,NS
ENSG00000163576,EFHB,-0.004469879,NA,NS
ENSG00000163617,CCDC191,0.003698362,NA,NS
ENSG00000163623,NKX6-1,-0.016137686,NA,NS
ENSG00000163633,C4orf36,-0.020326768,NA,NS
ENSG00000163638,ADAMTS9,-0.006431574,NA,NS
ENSG00000163666,HESX1,-0.014521772,NA,NS
ENSG00000163687,DNASE1L3,0.005579706,NA,NS
ENSG00000163701,IL17RE,-0.014886311,NA,NS
ENSG00000163762,TM4SF18,0.101486476,NA,NS
ENSG00000163794,UCN,0.002823404,NA,NS
ENSG00000163810,TGM4,0.007019026,NA,NS
ENSG00000163815,CLEC3B,0.009464072,NA,NS
ENSG00000163817,SLC6A20,-0.019476811,NA,NS
ENSG00000163879,DNALI1,0.015503848,NA,NS
ENSG00000163898,LIPH,-0.003578179,NA,NS
ENSG00000163959,SLC51A,-0.019643656,NA,NS
ENSG00000164035,EMCN,-0.007551001,NA,NS
ENSG00000164037,SLC9B1,-0.003237245,NA,NS
ENSG00000164076,CAMKV,0.009454987,NA,NS
ENSG00000164082,GRM2,0.001321626,NA,NS
ENSG00000164089,ETNPPL,-0.024897079,NA,NS
ENSG00000164099,PRSS12,0.00685202,NA,NS
ENSG00000164128,NPY1R,-0.006690459,NA,NS
ENSG00000164136,IL15,-0.009298857,NA,NS
ENSG00000164175,SLC45A2,-0.01286518,NA,NS
ENSG00000164236,ANKRD33B,0.005456727,NA,NS
ENSG00000164308,ERAP2,-0.018149616,NA,NS
ENSG00000164398,ACSL6,-0.043431931,NA,NS
ENSG00000164406,LEAP2,-0.015525782,NA,NS
ENSG00000164418,GRIK2,0.003670285,NA,NS
ENSG00000164621,SMAD5-AS1,-0.005737331,NA,NS
ENSG00000164627,KIF6,-0.00997884,NA,NS
ENSG00000164674,SYTL3,-0.023527027,NA,NS
ENSG00000164675,IQUB,0.028419281,NA,NS
ENSG00000164749,HNF4G,0.005386873,NA,NS
ENSG00000164761,TNFRSF11B,-0.008934916,NA,NS
ENSG00000164849,GPR146,-0.016144758,NA,NS
ENSG00000164893,SLC7A13,0.008024824,NA,NS
ENSG00000164946,FREM1,-0.00114029,NA,NS
ENSG00000164949,GEM,-0.002247017,NA,NS
ENSG00000165029,ABCA1,0.002315798,NA,NS
ENSG00000165072,MAMDC2,0.009523719,NA,NS
ENSG00000165091,TMC1,0.002935803,NA,NS
ENSG00000165092,ALDH1A1,0.023967254,NA,NS
ENSG00000165118,QNG1,0.010089628,NA,NS
ENSG00000165164,CFAP47,-0.016847993,NA,NS
ENSG00000165192,ASB11,0.017312441,NA,NS
ENSG00000165272,AQP3,-0.002597137,NA,NS
ENSG00000165474,GJB2,-0.004469274,NA,NS
ENSG00000165478,HEPACAM,-0.015294822,NA,NS
ENSG00000165507,DEPP1,-0.006998235,NA,NS
ENSG00000165511,ZNF22-AS1,0.007852807,NA,NS
ENSG00000165730,STOX1,-0.048662077,NA,NS
ENSG00000165731,RET,-0.005605033,NA,NS
ENSG00000165794,SLC39A2,-0.004117077,NA,NS
ENSG00000165816,VWA2,-0.088880098,NA,NS
ENSG00000165887,ANKRD2,-0.016194855,NA,NS
ENSG00000165899,OTOGL,0.007629606,NA,NS
ENSG00000165995,CACNB2,-0.033233778,NA,NS
ENSG00000165996,HACD1,-0.001060606,NA,NS
ENSG00000166033,HTRA1,-0.04458184,NA,NS
ENSG00000166246,DNAAF8,0.011340527,NA,NS
ENSG00000166250,CLMP,-0.006807514,NA,NS
ENSG00000166278,C2,0.078565327,NA,NS
ENSG00000166292,TMEM100,0.079370018,NA,NS
ENSG00000166321,NUDT13,-0.002241764,NA,NS
ENSG00000166341,DCHS1,-0.00605678,NA,NS
ENSG00000166343,MSS51,-0.008171597,NA,NS
ENSG00000166349,RAG1,0.011440855,NA,NS
ENSG00000166391,MOGAT2,0.021419276,NA,NS
ENSG00000166405,RIC3,-0.018929967,NA,NS
ENSG00000166432,ZMAT1,-0.003140094,NA,NS
ENSG00000166596,CFAP52,-0.005315987,NA,NS
ENSG00000166664,CHRFAM7A,-0.002161912,NA,NS
ENSG00000166736,HTR3A,0.055774172,NA,NS
ENSG00000166741,NNMT,0.050024549,NA,NS
ENSG00000166743,ACSM1,0.005508598,NA,NS
ENSG00000166762,CATSPER2,0.014810596,NA,NS
ENSG00000166828,SCNN1G,-0.035615257,NA,NS
ENSG00000166833,NAV2,0.004316309,NA,NS
ENSG00000166839,ANKDD1A,-0.022512825,NA,NS
ENSG00000166888,STAT6,0.007099223,NA,NS
ENSG00000166924,NYAP1,-0.012688542,NA,NS
ENSG00000166948,TGM6,-0.012329844,NA,NS
ENSG00000167046,NA,0.000156462,NA,NS
ENSG00000167094,TTC16,-0.002478678,NA,NS
ENSG00000167103,PIP5KL1,-0.016025796,NA,NS
ENSG00000167123,CERCAM,-0.000451295,NA,NS
ENSG00000167157,PRRX2,0.005364789,NA,NS
ENSG00000167165,UGT1A6,-0.003215827,NA,NS
ENSG00000167207,NOD2,0.019503661,NA,NS
ENSG00000167244,IGF2,-0.012070863,NA,NS
ENSG00000167371,PRRT2,-0.008552556,NA,NS
ENSG00000167419,LPO,-0.002812812,NA,NS
ENSG00000167434,CA4,0.004470694,NA,NS
ENSG00000167550,RHEBL1,0.006668229,NA,NS
ENSG00000167588,GPD1,-0.004265987,NA,NS
ENSG00000167600,CYP2S1,-0.029405113,NA,NS
ENSG00000167604,NFKBID,-0.025480087,NA,NS
ENSG00000167614,TTYH1,0.006755799,NA,NS
ENSG00000167619,TMEM145,-0.011930301,NA,NS
ENSG00000167644,C19orf33,-0.006730422,NA,NS
ENSG00000167767,KRT80,-0.008709531,NA,NS
ENSG00000167800,TBX10,-0.012953678,NA,NS
ENSG00000167807,NA,-0.104478068,NA,NS
ENSG00000167874,TMEM88,-0.008413209,NA,NS
ENSG00000167889,MGAT5B,0.007366412,NA,NS
ENSG00000167895,TMC8,-0.003239074,NA,NS
ENSG00000167910,CYP7A1,-0.014334851,NA,NS
ENSG00000167968,DNASE1L2,-0.018750587,NA,NS
ENSG00000167984,NLRC3,-0.011987609,NA,NS
ENSG00000168010,ATG16L2,-0.036717009,NA,NS
ENSG00000168026,TTC21A,-0.016436818,NA,NS
ENSG00000168032,ENTPD3,-0.001742202,NA,NS
ENSG00000168062,BATF2,-0.01085518,NA,NS
ENSG00000168065,SLC22A11,0.002181522,NA,NS
ENSG00000168070,MAJIN,0.002169784,NA,NS
ENSG00000168071,CCDC88B,-0.024440996,NA,NS
ENSG00000168306,ACOX2,0.007800451,NA,NS
ENSG00000168329,CX3CR1,-0.000384795,NA,NS
ENSG00000168398,BDKRB2,0.007004439,NA,NS
ENSG00000168421,RHOH,0.017606007,NA,NS
ENSG00000168453,HR,0.000234186,NA,NS
ENSG00000168481,LGI3,-2.43E-05,NA,NS
ENSG00000168589,DYNLRB2,0.004618152,NA,NS
ENSG00000168621,GDNF,0.001182566,NA,NS
ENSG00000168703,WFDC12,0.023314577,NA,NS
ENSG00000168743,NPNT,-0.002882881,NA,NS
ENSG00000168811,IL12A,-0.005286446,NA,NS
ENSG00000168824,NSG1,-0.024911976,NA,NS
ENSG00000168874,ATOH8,0.019287504,NA,NS
ENSG00000168899,VAMP5,-0.002866571,NA,NS
ENSG00000168930,TRIM49,0.014857371,NA,NS
ENSG00000168939,SPRY3,-0.010154435,NA,NS
ENSG00000168992,OR7E102P,0.000176437,NA,NS
ENSG00000168994,PXDC1,0.003523907,NA,NS
ENSG00000169006,NTSR2,-0.006447152,NA,NS
ENSG00000169059,VCX3A,0.001614834,NA,NS
ENSG00000169126,ODAD2,-0.002569675,NA,NS
ENSG00000169169,CPT1C,-0.024232215,NA,NS
ENSG00000169247,SH3TC2,0.027198345,NA,NS
ENSG00000169302,STK32A,-0.003659605,NA,NS
ENSG00000169306,IL1RAPL1,0.013726651,NA,NS
ENSG00000169330,MINAR1,0.01586991,NA,NS
ENSG00000169427,KCNK9,0.003052901,NA,NS
ENSG00000169548,ZNF280A,0.009372925,NA,NS
ENSG00000169562,GJB1,-0.00538537,NA,NS
ENSG00000169758,TMEM266,-0.005801315,NA,NS
ENSG00000169789,PRY,-0.005230278,NA,NS
ENSG00000169807,PRY2,0.003970795,NA,NS
ENSG00000169851,PCDH7,0.012307024,NA,NS
ENSG00000169885,CALML6,-0.009360104,NA,NS
ENSG00000169918,OTUD7A,-0.017380157,NA,NS
ENSG00000169962,TAS1R3,0.019685372,NA,NS
ENSG00000169989,TIGD4,0.016341181,NA,NS
ENSG00000170049,KCNAB3,-0.005130605,NA,NS
ENSG00000170231,FABP6,-0.017186835,NA,NS
ENSG00000170289,CNGB3,-0.044509771,NA,NS
ENSG00000170379,TCAF2,0.007301973,NA,NS
ENSG00000170419,VSTM2A,0.014033301,NA,NS
ENSG00000170458,CD14,-0.000655713,NA,NS
ENSG00000170465,KRT6C,0.003195547,NA,NS
ENSG00000170482,SLC23A1,0.00147459,NA,NS
ENSG00000170516,COX7B2,-0.007444457,NA,NS
ENSG00000170537,TMC7,-0.011671074,NA,NS
ENSG00000170577,SIX2,0.003262116,NA,NS
ENSG00000170667,RASA4B,-0.008976533,NA,NS
ENSG00000170743,SYT9,-0.006192934,NA,NS
ENSG00000170873,MTSS1,-0.02326331,NA,NS
ENSG00000170915,PAQR8,-0.018203736,NA,NS
ENSG00000170935,NCBP2L,-0.003135517,NA,NS
ENSG00000170965,PLAC1,0.002590379,NA,NS
ENSG00000171004,HS6ST2,-0.019334696,NA,NS
ENSG00000171044,XKR6,-0.010950219,NA,NS
ENSG00000171094,ALK,-0.009975524,NA,NS
ENSG00000171121,KCNMB3,-0.004671363,NA,NS
ENSG00000171124,FUT3,0.004893214,NA,NS
ENSG00000171234,UGT2B7,-0.003605258,NA,NS
ENSG00000171236,LRG1,-0.003574257,NA,NS
ENSG00000171246,NPTX1,-0.003452991,NA,NS
ENSG00000171303,KCNK3,-0.019354565,NA,NS
ENSG00000171408,PDE7B,0.020676996,NA,NS
ENSG00000171444,MCC,-0.013327851,NA,NS
ENSG00000171476,HOPX,0.023028076,NA,NS
ENSG00000171570,RAB4B-EGLN2,0.024608329,NA,NS
ENSG00000171611,PTCRA,-0.003757488,NA,NS
ENSG00000171631,P2RY6,-0.008748445,NA,NS
ENSG00000171747,LGALS4,-0.003589673,NA,NS
ENSG00000171766,GATM,0.001340995,NA,NS
ENSG00000171786,NHLH1,-0.006192244,NA,NS
ENSG00000171790,SLFNL1,-0.016405259,NA,NS
ENSG00000171817,ZNF540,-0.010687296,NA,NS
ENSG00000171954,CYP4F22,0.037809075,NA,NS
ENSG00000171962,DRC3,-0.027697884,NA,NS
ENSG00000171992,SYNPO,0.007572922,NA,NS
ENSG00000172000,ZNF556,-0.031595583,NA,NS
ENSG00000172031,EPHX4,-0.018247003,NA,NS
ENSG00000172264,MACROD2,-0.013857554,NA,NS
ENSG00000172348,RCAN2,-0.014815617,NA,NS
ENSG00000172361,CFAP53,-0.008272577,NA,NS
ENSG00000172362,OR5B12,0.013528942,NA,NS
ENSG00000172410,INSL5,-0.011914579,NA,NS
ENSG00000172425,TTC36,0.000580589,NA,NS
ENSG00000172458,IL17D,-0.003346633,NA,NS
ENSG00000172461,FUT9,-0.00192285,NA,NS
ENSG00000172476,RAB40A,-0.00819833,NA,NS
ENSG00000172551,MUCL1,0.000266969,NA,NS
ENSG00000172575,RASGRP1,0.030772334,NA,NS
ENSG00000172671,ZFAND4,0.006802766,NA,NS
ENSG00000172738,TMEM217,0.001117434,NA,NS
ENSG00000172789,HOXC5,-0.004270308,NA,NS
ENSG00000172828,CES3,-0.003495264,NA,NS
ENSG00000172965,MIR4435-2HG,0.020803662,NA,NS
ENSG00000172987,HPSE2,-0.001115748,NA,NS
ENSG00000173110,HSPA6,0.000608248,NA,NS
ENSG00000173157,ADAMTS20,-0.001535928,NA,NS
ENSG00000173193,PARP14,-0.008485545,NA,NS
ENSG00000173210,ABLIM3,0.040811746,NA,NS
ENSG00000173213,TUBB8B,0.008116414,NA,NS
ENSG00000173227,SYT12,-0.005460063,NA,NS
ENSG00000173253,DMRT2,-0.007276002,NA,NS
ENSG00000173261,PLAC8L1,-0.020686427,NA,NS
ENSG00000173267,SNCG,0.017632567,NA,NS
ENSG00000173320,STOX2,-0.003572722,NA,NS
ENSG00000173338,KCNK7,0.005043278,NA,NS
ENSG00000173517,PEAK1,0.002849549,NA,NS
ENSG00000173531,MST1,-0.026659581,NA,NS
ENSG00000173535,TNFRSF10C,-0.005640423,NA,NS
ENSG00000173662,TAS1R1,-0.002561231,NA,NS
ENSG00000173826,KCNH6,0.000407105,NA,NS
ENSG00000173867,NA,0.011331108,NA,NS
ENSG00000173868,PHOSPHO1,-0.009702538,NA,NS
ENSG00000173988,LRRC63,0.002368476,NA,NS
ENSG00000173991,TCAP,0.006890231,NA,NS
ENSG00000174059,CD34,-0.013168241,NA,NS
ENSG00000174130,TLR6,-0.00465526,NA,NS
ENSG00000174236,REP15,0.025205327,NA,NS
ENSG00000174448,STARD6,0.015505373,NA,NS
ENSG00000174473,GALNTL6,0.001799132,NA,NS
ENSG00000174501,ANKRD36C,0.002775412,NA,NS
ENSG00000174564,IL20RB,-0.002426986,NA,NS
ENSG00000174672,BRSK2,-0.005520529,NA,NS
ENSG00000174791,RIN1,-0.004907374,NA,NS
ENSG00000174808,BTC,0.000112554,NA,NS
ENSG00000174844,DNAH12,-0.008435571,NA,NS
ENSG00000174871,CNIH2,0.004797056,NA,NS
ENSG00000174950,CD164L2,-0.013527105,NA,NS
ENSG00000174977,PAIP1P2,0.012051011,NA,NS
ENSG00000175003,SLC22A1,0.028776506,NA,NS
ENSG00000175040,CHST2,-0.006253895,NA,NS
ENSG00000175147,TMEM51-AS1,-0.039226518,NA,NS
ENSG00000175170,FAM182B,-0.006157182,NA,NS
ENSG00000175189,INHBC,-0.00222024,NA,NS
ENSG00000175445,LPL,0.000704203,NA,NS
ENSG00000175535,PNLIP,0.02150746,NA,NS
ENSG00000175544,CABP4,0.001784181,NA,NS
ENSG00000175556,LONRF3,-0.009496656,NA,NS
ENSG00000175564,UCP3,-0.0026409,NA,NS
ENSG00000175592,FOSL1,0.017259683,NA,NS
ENSG00000175600,SUGCT,0.000669728,NA,NS
ENSG00000175697,GPR156,0.063750702,NA,NS
ENSG00000175741,RWDD4P2,0.010143399,NA,NS
ENSG00000175745,NR2F1,-0.017690246,NA,NS
ENSG00000175773,ZBTB44-DT,0.010177098,NA,NS
ENSG00000175793,SFN,-0.000974499,NA,NS
ENSG00000175832,ETV4,-0.003862701,NA,NS
ENSG00000175886,RPL7AP66,-0.038704144,NA,NS
ENSG00000176014,TUBB6,0.006436388,NA,NS
ENSG00000176153,GPX2,-0.00578562,NA,NS
ENSG00000176204,LRRTM4,-0.000540649,NA,NS
ENSG00000176222,ZNF404,-0.012738137,NA,NS
ENSG00000176236,RPP38-DT,0.003436555,NA,NS
ENSG00000176293,ZNF135,-0.005240682,NA,NS
ENSG00000176402,GJC3,0.009758148,NA,NS
ENSG00000176428,VPS37D,-0.011046144,NA,NS
ENSG00000176472,ZNF575,-0.002998532,NA,NS
ENSG00000176563,CNTD1,0.006233538,NA,NS
ENSG00000176597,B3GNT5,-0.005307358,NA,NS
ENSG00000176723,ZNF843,-0.008455931,NA,NS
ENSG00000176732,PFN4,-0.001483581,NA,NS
ENSG00000176769,TCERG1L,0.001694211,NA,NS
ENSG00000176771,NCKAP5,0.008635629,NA,NS
ENSG00000176868,NA,-0.030538801,NA,NS
ENSG00000176884,GRIN1,-0.01813354,NA,NS
ENSG00000176907,TCIM,-0.002149858,NA,NS
ENSG00000176909,MAMSTR,-0.003955698,NA,NS
ENSG00000176919,C8G,-0.022597083,NA,NS
ENSG00000176933,TOB2P1,0.008017795,NA,NS
ENSG00000176945,MUC20,-0.033854695,NA,NS
ENSG00000176971,FIBIN,-0.007615221,NA,NS
ENSG00000176988,FMR1NB,0.012240099,NA,NS
ENSG00000177025,C19orf18,-0.00551774,NA,NS
ENSG00000177096,PHETA2,0.003114463,NA,NS
ENSG00000177098,SCN4B,0.001332029,NA,NS
ENSG00000177340,FLJ13224,0.001517516,NA,NS
ENSG00000177363,LRRN4CL,-0.004441823,NA,NS
ENSG00000177374,HIC1,-0.004321617,NA,NS
ENSG00000177398,UMODL1,-0.06171792,NA,NS
ENSG00000177504,VCX2,-0.004007572,NA,NS
ENSG00000177679,SRRM3,-0.001109264,NA,NS
ENSG00000177706,FAM20C,-0.035489531,NA,NS
ENSG00000177707,NECTIN3,0.005305859,NA,NS
ENSG00000177721,ANXA2R,-0.001441441,NA,NS
ENSG00000177757,FAM87B,-0.000297337,NA,NS
ENSG00000177839,PCDHB9,0.01929659,NA,NS
ENSG00000177855,CACYBPP2,-0.013472077,NA,NS
ENSG00000178082,TWF1P1,-0.000800465,NA,NS
ENSG00000178093,TSSK6,-0.040728187,NA,NS
ENSG00000178146,GK4P,-0.008478742,NA,NS
ENSG00000178201,VN1R1,0.00769072,NA,NS
ENSG00000178202,POGLUT3,0.009152964,NA,NS
ENSG00000178226,PRSS36,-0.027831775,NA,NS
ENSG00000178343,SHISA3,-0.006524263,NA,NS
ENSG00000178404,CEP295NL,-0.007787242,NA,NS
ENSG00000178429,RPS3AP5,-0.004698745,NA,NS
ENSG00000178440,TIMM23B-AGAP6,0.000670826,NA,NS
ENSG00000178498,DTX3,-0.034474327,NA,NS
ENSG00000178623,GPR35,-0.017626648,NA,NS
ENSG00000178665,ZNF713,-0.033777993,NA,NS
ENSG00000178715,NA,-0.012582208,NA,NS
ENSG00000178752,ERFE,0.018628504,NA,NS
ENSG00000178776,C5orf46,-0.007852765,NA,NS
ENSG00000178852,EFCAB13,-0.00265549,NA,NS
ENSG00000178977,LINC00324,-0.009131854,NA,NS
ENSG00000179256,SMCO3,-0.019603147,NA,NS
ENSG00000179292,TMEM151A,-0.006552501,NA,NS
ENSG00000179362,HMGN2P46,0.014088019,NA,NS
ENSG00000179399,GPC5,0.004034522,NA,NS
ENSG00000179583,CIITA,-0.001086137,NA,NS
ENSG00000179593,ALOX15B,0.011343238,NA,NS
ENSG00000179611,DGKZP1,0.031401468,NA,NS
ENSG00000179673,RPRML,0.008612742,NA,NS
ENSG00000179698,WDR97,-0.002959815,NA,NS
ENSG00000179715,PCED1B,-0.034876959,NA,NS
ENSG00000179774,ATOH7,-0.010997269,NA,NS
ENSG00000179899,PHC1P1,0.001291132,NA,NS
ENSG00000179915,NRXN1,-0.010072284,NA,NS
ENSG00000179935,LINC00652,-0.009654605,NA,NS
ENSG00000179967,PPP1R14BP3,-0.014132689,NA,NS
ENSG00000180015,NA,0.002439798,NA,NS
ENSG00000180066,LINC02870,-0.026690769,NA,NS
ENSG00000180089,TMEM86B,-0.00817021,NA,NS
ENSG00000180209,MYL11,0.003855906,NA,NS
ENSG00000180229,HERC2P3,-0.016666884,NA,NS
ENSG00000180336,MEIOC,-0.004063217,NA,NS
ENSG00000180340,FZD2,-0.003497791,NA,NS
ENSG00000180353,HCLS1,0.0107077,NA,NS
ENSG00000180447,GAS1,0.005123659,NA,NS
ENSG00000180458,NA,-0.010898788,NA,NS
ENSG00000180481,GLIPR1L2,-0.001651764,NA,NS
ENSG00000180574,EIF2S3B,0.007436188,NA,NS
ENSG00000180581,SRP9P1,0.002042808,NA,NS
ENSG00000180592,SKIDA1,-0.00520307,NA,NS
ENSG00000180616,SSTR2,-0.010987316,NA,NS
ENSG00000180730,SHISA2,-0.012959016,NA,NS
ENSG00000180764,PIPSL,0.005663546,NA,NS
ENSG00000180769,WDFY3-AS2,-0.011185702,NA,NS
ENSG00000180834,MAP6D1,0.013589084,NA,NS
ENSG00000180914,OXTR,0.007516233,NA,NS
ENSG00000181085,MAPK15,-0.010093817,NA,NS
ENSG00000181097,LINC02878,-0.000593582,NA,NS
ENSG00000181215,C4orf50,0.011833584,NA,NS
ENSG00000181350,LRRC75A,-0.035774378,NA,NS
ENSG00000181378,CFAP65,0.021660823,NA,NS
ENSG00000181381,DDX60L,-0.008156672,NA,NS
ENSG00000181524,RPL24P4,0.003988707,NA,NS
ENSG00000181619,GPR135,-0.001279591,NA,NS
ENSG00000181626,ANKRD62,0.001709426,NA,NS
ENSG00000181690,PLAG1,0.011967061,NA,NS
ENSG00000181722,ZBTB20,0.008658553,NA,NS
ENSG00000181773,GPR3,-0.001398015,NA,NS
ENSG00000181790,ADGRB1,0.002025695,NA,NS
ENSG00000181804,SLC9A9,-0.019069127,NA,NS
ENSG00000181908,LINC02724,0.003527004,NA,NS
ENSG00000182175,RGMA,-0.0077406,NA,NS
ENSG00000182179,UBA7,0.002498296,NA,NS
ENSG00000182240,BACE2,-0.044733507,NA,NS
ENSG00000182256,GABRG3,0.008335139,NA,NS
ENSG00000182257,PRR34,-0.000489451,NA,NS
ENSG00000182308,DCAF4L1,-0.013875784,NA,NS
ENSG00000182310,SPACA6,-0.004058071,NA,NS
ENSG00000182326,C1S,-0.016053928,NA,NS
ENSG00000182327,GLTPD2,0.001325332,NA,NS
ENSG00000182366,FAM87A,-0.004005676,NA,NS
ENSG00000182459,TEX19,-0.024221866,NA,NS
ENSG00000182489,XKRX,-0.001293132,NA,NS
ENSG00000182508,LHFPL1,0.011459648,NA,NS
ENSG00000182534,MXRA7,-0.024146081,NA,NS
ENSG00000182545,RNASE10,-0.017273604,NA,NS
ENSG00000182575,NXPH3,0.002729619,NA,NS
ENSG00000182600,SNORC,-0.01142173,NA,NS
ENSG00000182676,PPP1R27,-0.000541337,NA,NS
ENSG00000182685,BRICD5,-0.005998904,NA,NS
ENSG00000182687,GALR2,0.00886533,NA,NS
ENSG00000182718,ANXA2,0.00186406,NA,NS
ENSG00000182759,MAFA,0.000600654,NA,NS
ENSG00000182836,PLCXD3,0.007722706,NA,NS
ENSG00000182853,VMO1,-0.014296183,NA,NS
ENSG00000182873,PRKCZ-AS1,0.0002945,NA,NS
ENSG00000182885,ADGRG3,-0.003063612,NA,NS
ENSG00000182890,GLUD2,-0.007612902,NA,NS
ENSG00000182902,SLC25A18,-0.003789014,NA,NS
ENSG00000183049,CAMK1D,-0.19707223,NA,NS
ENSG00000183091,NEB,-0.000775239,NA,NS
ENSG00000183092,BEGAIN,-0.009531309,NA,NS
ENSG00000183153,GJD3,-0.02884147,NA,NS
ENSG00000183154,NA,-0.011103086,NA,NS
ENSG00000183199,HSP90AB3P,-0.015291381,NA,NS
ENSG00000183260,ABHD16B,-0.000507344,NA,NS
ENSG00000183281,PLGLB1,-0.013050922,NA,NS
ENSG00000183298,RPSAP19,-0.0203854,NA,NS
ENSG00000183479,TREX2,-0.031739869,NA,NS
ENSG00000183569,SERHL2,-0.017152702,NA,NS
ENSG00000183570,PCBP3,-0.00655085,NA,NS
ENSG00000183580,FBXL7,-0.03828483,NA,NS
ENSG00000183598,H3C13,-0.010908454,NA,NS
ENSG00000183604,SMG1P5,-0.008006078,NA,NS
ENSG00000183632,TP53TG3,-0.007097086,NA,NS
ENSG00000183666,GUSBP1,0.014738392,NA,NS
ENSG00000183690,EFHC2,0.023752954,NA,NS
ENSG00000183734,ASCL2,0.000164699,NA,NS
ENSG00000183780,SLC35F3,-0.0092871,NA,NS
ENSG00000183844,FAM3B,0.014088309,NA,NS
ENSG00000183873,SCN5A,-0.011015151,NA,NS
ENSG00000183914,DNAH2,0.001309389,NA,NS
ENSG00000183971,NPW,-0.006194475,NA,NS
ENSG00000183979,NPB,0.010143465,NA,NS
ENSG00000184033,CTAG1B,-0.004587768,NA,NS
ENSG00000184068,SREBF2-AS1,0.002194809,NA,NS
ENSG00000184144,CNTN2,0.01059877,NA,NS
ENSG00000184160,ADRA2C,-0.062752407,NA,NS
ENSG00000184185,KCNJ12,-0.006294821,NA,NS
ENSG00000184226,PCDH9,0.022206661,NA,NS
ENSG00000184270,H2AC21,0.004341017,NA,NS
ENSG00000184319,RPL23AP82,0.000629203,NA,NS
ENSG00000184357,H1-5,0.017009867,NA,NS
ENSG00000184368,MAP7D2,-0.00819382,NA,NS
ENSG00000184451,CCR10,-0.003903279,NA,NS
ENSG00000184486,POU3F2,-0.001967064,NA,NS
ENSG00000184492,FOXD4L1,0.009808062,NA,NS
ENSG00000184497,TMEM255B,-0.028374493,NA,NS
ENSG00000184515,BEX5,-0.003882169,NA,NS
ENSG00000184524,CEND1,-0.018255563,NA,NS
ENSG00000184557,SOCS3,-0.007878431,NA,NS
ENSG00000184584,STING1,0.003862095,NA,NS
ENSG00000184588,PDE4B,0.008332182,NA,NS
ENSG00000184613,NELL2,-0.01743585,NA,NS
ENSG00000184659,FOXD4L4,-0.006200667,NA,NS
ENSG00000184669,OR7E14P,0.000142293,NA,NS
ENSG00000184672,RALYL,-0.012684508,NA,NS
ENSG00000184716,SERINC4,0.0085263,NA,NS
ENSG00000184719,RNLS,0.011933243,NA,NS
ENSG00000184730,APOBR,-0.003205191,NA,NS
ENSG00000184731,FAM110C,-0.011796935,NA,NS
ENSG00000184735,DDX53,-0.018525961,NA,NS
ENSG00000184828,ZBTB7C,-0.000264443,NA,NS
ENSG00000184923,NUTM2A,-0.004115859,NA,NS
ENSG00000184949,FAM227A,-0.022397414,NA,NS
ENSG00000184999,SLC22A10,0.005738768,NA,NS
ENSG00000185015,CA13,-0.012551963,NA,NS
ENSG00000185022,MAFF,-0.029266254,NA,NS
ENSG00000185046,ANKS1B,0.011664275,NA,NS
ENSG00000185052,SLC24A3,-0.010510243,NA,NS
ENSG00000185056,C5orf47,-0.006436138,NA,NS
ENSG00000185130,H2BC13,0.003662778,NA,NS
ENSG00000185203,WASIR1,-0.005759042,NA,NS
ENSG00000185261,KIAA0825,-0.013304716,NA,NS
ENSG00000185267,CDNF,-0.001170856,NA,NS
ENSG00000185269,NOTUM,0.001708229,NA,NS
ENSG00000185272,RBM11,0.002935588,NA,NS
ENSG00000185304,RGPD2,-0.006649658,NA,NS
ENSG00000185332,TMEM105,0.001036069,NA,NS
ENSG00000185338,SOCS1,-0.001264671,NA,NS
ENSG00000185339,TCN2,0.005645854,NA,NS
ENSG00000185345,PRKN,-0.006073074,NA,NS
ENSG00000185404,SP140L,-0.025203541,NA,NS
ENSG00000185482,STAC3,-0.015591121,NA,NS
ENSG00000185499,MUC1,0.000414726,NA,NS
ENSG00000185513,L3MBTL1,-0.000370803,NA,NS
ENSG00000185519,FAM131C,0.002809406,NA,NS
ENSG00000185532,PRKG1,-0.014102664,NA,NS
ENSG00000185674,LYG2,0.001768884,NA,NS
ENSG00000185710,SMG1P4,-0.0060734,NA,NS
ENSG00000185745,IFIT1,-0.008261345,NA,NS
ENSG00000185761,ADAMTSL5,-0.006901473,NA,NS
ENSG00000185837,HDHD5-AS1,0.007095603,NA,NS
ENSG00000185839,NA,-0.035512159,NA,NS
ENSG00000185863,TMEM210,0.00364108,NA,NS
ENSG00000185885,IFITM1,-0.030995196,NA,NS
ENSG00000185955,SPACDR,0.004336178,NA,NS
ENSG00000186105,LRRC70,-0.006500102,NA,NS
ENSG00000186198,SLC51B,-0.002184848,NA,NS
ENSG00000186297,GABRA5,-0.014436496,NA,NS
ENSG00000186312,CA5BP1,-0.021977817,NA,NS
ENSG00000186364,NUDT17,0.001907796,NA,NS
ENSG00000186439,TRDN,0.009641451,NA,NS
ENSG00000186564,FOXD2,0.007246556,NA,NS
ENSG00000186567,CEACAM19,-0.003245008,NA,NS
ENSG00000186642,PDE2A,0.00127615,NA,NS
ENSG00000186648,CARMIL3,-0.004188558,NA,NS
ENSG00000186704,DTX2P1,0.00344717,NA,NS
ENSG00000186710,CFAP73,0.003804539,NA,NS
ENSG00000186765,FSCN2,-0.018192013,NA,NS
ENSG00000186854,TRABD2A,0.003667392,NA,NS
ENSG00000186862,PDZD7,0.003694017,NA,NS
ENSG00000186891,TNFRSF18,-0.001835061,NA,NS
ENSG00000186897,C1QL4,0.004860951,NA,NS
ENSG00000186919,ZACN,0.018374941,NA,NS
ENSG00000186952,TMEM232,0.004104963,NA,NS
ENSG00000186973,CFAP144,-0.003701634,NA,NS
ENSG00000186976,EFCAB6,-0.002214311,NA,NS
ENSG00000186998,EMID1,-0.003977695,NA,NS
ENSG00000187017,ESPN,0.001549096,NA,NS
ENSG00000187068,C3orf70,-0.002743989,NA,NS
ENSG00000187122,SLIT1,-0.007672998,NA,NS
ENSG00000187123,LYPD6,0.001837534,NA,NS
ENSG00000187134,AKR1C1,0.005814603,NA,NS
ENSG00000187140,FOXD3,0.001363267,NA,NS
ENSG00000187510,PLEKHG7,0.011057717,NA,NS
ENSG00000187534,PRR13P5,-0.01138902,NA,NS
ENSG00000187554,TLR5,-0.019203539,NA,NS
ENSG00000187559,FOXD4L3,-0.011905495,NA,NS
ENSG00000187595,ZNF385C,-0.015913612,NA,NS
ENSG00000187627,RGPD1,0.008067529,NA,NS
ENSG00000187642,PERM1,-0.006699627,NA,NS
ENSG00000187672,ERC2,-0.008435064,NA,NS
ENSG00000187689,AMTN,0.010754856,NA,NS
ENSG00000187730,GABRD,-0.036555172,NA,NS
ENSG00000187796,CARD9,0.008214502,NA,NS
ENSG00000187808,SOWAHD,-0.005266979,NA,NS
ENSG00000187848,P2RX2,0.002687393,NA,NS
ENSG00000187855,ASCL4,0.016042597,NA,NS
ENSG00000187889,FYB2,0.022110074,NA,NS
ENSG00000187952,HS6ST1P1,-0.003557922,NA,NS
ENSG00000187987,ZSCAN23,0.020180642,NA,NS
ENSG00000187994,RINL,-0.016183903,NA,NS
ENSG00000188013,MEIS3P2,0.034301744,NA,NS
ENSG00000188038,NRN1L,0.002129796,NA,NS
ENSG00000188039,NWD1,-0.001548373,NA,NS
ENSG00000188050,RNF133,0.054450834,NA,NS
ENSG00000188089,PLA2G4E,0.193812909,NA,NS
ENSG00000188124,OR2AG2,0.016578109,NA,NS
ENSG00000188199,NUTM2B,0.025779583,NA,NS
ENSG00000188219,POTEE,0.009279006,NA,NS
ENSG00000188223,NA,0.001247304,NA,NS
ENSG00000188257,PLA2G2A,-0.001383815,NA,NS
ENSG00000188277,C15orf62,0.011740146,NA,NS
ENSG00000188313,PLSCR1,-0.0171787,NA,NS
ENSG00000188316,ENO4,0.008370631,NA,NS
ENSG00000188396,DYNLT4,-0.002014709,NA,NS
ENSG00000188451,SRP72P2,0.025585791,NA,NS
ENSG00000188511,MIR3667HG,-0.000983284,NA,NS
ENSG00000188573,FBLL1,0.003073046,NA,NS
ENSG00000188596,CFAP54,0.004413868,NA,NS
ENSG00000188649,CC2D2B,0.004420907,NA,NS
ENSG00000188659,SAXO2,0.009724124,NA,NS
ENSG00000188672,RHCE,-0.011273305,NA,NS
ENSG00000188693,CYP51A1-AS1,0.010075606,NA,NS
ENSG00000188710,QRFP,-0.023835688,NA,NS
ENSG00000188747,NOXA1,-0.035964057,NA,NS
ENSG00000188760,TMEM198,-0.003822114,NA,NS
ENSG00000188766,SPRED3,0.006628169,NA,NS
ENSG00000188825,LINC00910,0.001422532,NA,NS
ENSG00000188856,RPSAP47,0.017601233,NA,NS
ENSG00000188886,ASTL,0.001749999,NA,NS
ENSG00000188981,MSANTD1,-0.009675722,NA,NS
ENSG00000188996,HUS1B,0.008839227,NA,NS
ENSG00000189127,ANKRD34B,-0.008054725,NA,NS
ENSG00000189283,FHIT,-0.000217058,NA,NS
ENSG00000189325,BNIP5,-0.006604994,NA,NS
ENSG00000189334,S100A14,-0.00753539,NA,NS
ENSG00000189410,SH2D5,-0.001753756,NA,NS
ENSG00000189419,SPATA41,0.001678086,NA,NS
ENSG00000196074,SYCP2,0.00064787,NA,NS
ENSG00000196109,ZNF676,-0.002469315,NA,NS
ENSG00000196119,OR8A1,-0.004005439,NA,NS
ENSG00000196126,HLA-DRB1,-0.014585145,NA,NS
ENSG00000196136,SERPINA3,0.008322177,NA,NS
ENSG00000196139,AKR1C3,-0.001614028,NA,NS
ENSG00000196154,S100A4,-0.006062462,NA,NS
ENSG00000196196,HRCT1,0.004398763,NA,NS
ENSG00000196296,ATP2A1,-0.012258751,NA,NS
ENSG00000196366,C9orf163,0.006202766,NA,NS
ENSG00000196376,SLC35F1,0.003552855,NA,NS
ENSG00000196388,INCA1,-0.016440328,NA,NS
ENSG00000196421,C20orf204,0.021073919,NA,NS
ENSG00000196482,ESRRG,-0.013123946,NA,NS
ENSG00000196562,SULF2,-0.016639667,NA,NS
ENSG00000196604,POTEF,0.01459014,NA,NS
ENSG00000196605,ZNF846,-0.037489434,NA,NS
ENSG00000196628,TCF4,0.003819479,NA,NS
ENSG00000196684,HSH2D,-0.016785808,NA,NS
ENSG00000196747,H2AC13,-0.01242507,NA,NS
ENSG00000196754,S100A2,-0.007585752,NA,NS
ENSG00000196834,POTEI,-0.000767115,NA,NS
ENSG00000196844,PATE2,0.002356324,NA,NS
ENSG00000196866,H2AC7,-0.033156555,NA,NS
ENSG00000196872,CRACDL,-0.009592386,NA,NS
ENSG00000196876,SCN8A,-0.000188904,NA,NS
ENSG00000196878,LAMB3,0.005652842,NA,NS
ENSG00000196951,SCOC-AS1,-0.00198421,NA,NS
ENSG00000196993,NPIPB9,-0.007326923,NA,NS
ENSG00000197054,ZNF763,-0.002164607,NA,NS
ENSG00000197061,H4C3,0.010979757,NA,NS
ENSG00000197142,ACSL5,0.011933133,NA,NS
ENSG00000197149,NA,0.013909044,NA,NS
ENSG00000197153,H3C12,0.003789375,NA,NS
ENSG00000197191,CYSRT1,0.005520161,NA,NS
ENSG00000197380,DACT3,-0.043467286,NA,NS
ENSG00000197385,ZNF860,0.020424963,NA,NS
ENSG00000197406,DIO3,-2.160069119,NA,NS
ENSG00000197409,H3C4,-0.025347025,NA,NS
ENSG00000197415,VEPH1,0.005195233,NA,NS
ENSG00000197467,COL13A1,-0.00452409,NA,NS
ENSG00000197479,PCDHB11,0.0117824,NA,NS
ENSG00000197520,FAM177B,-0.006080448,NA,NS
ENSG00000197603,CPLANE1,0.010581418,NA,NS
ENSG00000197653,DNAH10,0.007832705,NA,NS
ENSG00000197696,NMB,0.035911926,NA,NS
ENSG00000197702,PARVA,0.009571952,NA,NS
ENSG00000197744,PTMAP2,0.007617855,NA,NS
ENSG00000197748,CFAP43,0.020322357,NA,NS
ENSG00000197816,CCDC180,-0.006501569,NA,NS
ENSG00000197837,H4C16,0.00774818,NA,NS
ENSG00000197849,OR8G1,-0.008964433,NA,NS
ENSG00000197870,PRB3,0.005223843,NA,NS
ENSG00000197872,CYRIA,-0.002672336,NA,NS
ENSG00000197889,MEIG1,0.027412684,NA,NS
ENSG00000197948,FCHSD1,0.00106058,NA,NS
ENSG00000197980,LEKR1,0.013259447,NA,NS
ENSG00000198028,ZNF560,0.001342006,NA,NS
ENSG00000198033,TUBA3C,-0.018253535,NA,NS
ENSG00000198053,SIRPA,0.00366515,NA,NS
ENSG00000198054,DSCR8,-0.003661971,NA,NS
ENSG00000198108,CHSY3,-0.003423071,NA,NS
ENSG00000198121,LPAR1,-0.000319581,NA,NS
ENSG00000198155,ZNF876P,-0.00205554,NA,NS
ENSG00000198156,NPIPB6,-0.005179694,NA,NS
ENSG00000198221,AFDN-DT,-0.003027456,NA,NS
ENSG00000198225,FKBP1C,-0.007477855,NA,NS
ENSG00000198237,GUSBP13,0.000836169,NA,NS
ENSG00000198353,HOXC4,0.000405877,NA,NS
ENSG00000198417,MT1F,-0.017320678,NA,NS
ENSG00000198513,ATL1,-0.0019311,NA,NS
ENSG00000198515,CNGA1,-0.003506137,NA,NS
ENSG00000198520,ARMH1,-0.004339776,NA,NS
ENSG00000198553,KCNRG,-0.015253711,NA,NS
ENSG00000198569,SLC34A3,-0.020000891,NA,NS
ENSG00000198576,ARC,-0.002418059,NA,NS
ENSG00000198590,APRG1,0.017588444,NA,NS
ENSG00000198633,ZNF534,0.007068657,NA,NS
ENSG00000198670,LPA,-0.012716294,NA,NS
ENSG00000198691,ABCA4,0.005125598,NA,NS
ENSG00000198711,SSBP3-AS1,-0.001477175,NA,NS
ENSG00000198723,SAXO5,-0.013620326,NA,NS
ENSG00000198754,OXCT2,-0.002366814,NA,NS
ENSG00000198771,RCSD1,-0.011688828,NA,NS
ENSG00000198835,GJC2,-0.000821945,NA,NS
ENSG00000198865,CCDC152,-0.006330477,NA,NS
ENSG00000198879,SFMBT2,-0.011955861,NA,NS
ENSG00000198910,L1CAM,-0.029454607,NA,NS
ENSG00000198939,ZFP2,-0.013301185,NA,NS
ENSG00000198944,SOWAHA,0.003698289,NA,NS
ENSG00000198947,DMD,-0.031193742,NA,NS
ENSG00000198959,TGM2,0.122818642,NA,NS
ENSG00000200087,SNORA73B,-0.018505753,NA,NS
ENSG00000201098,RNY1,-0.001052831,NA,NS
ENSG00000202354,RNY3,-0.019266972,NA,NS
ENSG00000202538,RNU4-2,-0.005554378,NA,NS
ENSG00000203280,KIAA1671-AS1,-0.000996871,NA,NS
ENSG00000203546,NA,0.029900047,NA,NS
ENSG00000203618,GP1BB,-0.005325025,NA,NS
ENSG00000203711,LINC02901,0.001190141,NA,NS
ENSG00000203722,RAET1G,-0.002143976,NA,NS
ENSG00000203761,MSTO2P,-0.022511385,NA,NS
ENSG00000203780,FANK1,0.003487592,NA,NS
ENSG00000203797,DDO,0.009859338,NA,NS
ENSG00000203805,PLPP4,-0.015553726,NA,NS
ENSG00000203811,H3C14,7.333567286,NA,NS
ENSG00000203852,H3C15,-0.013479177,NA,NS
ENSG00000203857,HSD3B1,-0.013590819,NA,NS
ENSG00000203867,RBM20,0.020686604,NA,NS
ENSG00000203876,ADD3-AS1,0.000166865,NA,NS
ENSG00000203883,SOX18,-0.005504225,NA,NS
ENSG00000203896,LIME1,-0.044368891,NA,NS
ENSG00000203907,OOEP,-0.0017244,NA,NS
ENSG00000203952,CCDC160,-0.002993417,NA,NS
ENSG00000203995,ZYG11A,-0.023749183,NA,NS
ENSG00000203999,LINC01270,-0.003400979,NA,NS
ENSG00000204052,LRRC73,-0.031801252,NA,NS
ENSG00000204055,IER5L-AS1,-0.002029122,NA,NS
ENSG00000204086,RPA4,0.011847823,NA,NS
ENSG00000204131,NHSL2,-0.027632478,NA,NS
ENSG00000204148,LINC00474,0.000193577,NA,NS
ENSG00000204172,AGAP9,-0.003263921,NA,NS
ENSG00000204241,LINC02731,-0.004376023,NA,NS
ENSG00000204248,COL11A2,-0.009545174,NA,NS
ENSG00000204253,HNRNPCP2,-0.014025046,NA,NS
ENSG00000204287,HLA-DRA,0.002748261,NA,NS
ENSG00000204301,NOTCH4,7.56E-05,NA,NS
ENSG00000204305,AGER,-0.011936758,NA,NS
ENSG00000204311,PJVK,0.007038699,NA,NS
ENSG00000204314,PRRT1,-0.002558005,NA,NS
ENSG00000204334,ERICH2,-0.009078585,NA,NS
ENSG00000204352,FAM120A2P,0.027797998,NA,NS
ENSG00000204379,XAGE1A,-0.205823052,NA,NS
ENSG00000204389,HSPA1A,-0.007245599,NA,NS
ENSG00000204396,VWA7,-0.012995237,NA,NS
ENSG00000204420,MPIG6B,-0.003066954,NA,NS
ENSG00000204428,LY6G5C,-0.009505617,NA,NS
ENSG00000204444,APOM,-0.008656811,NA,NS
ENSG00000204449,TRIM49C,0.015308759,NA,NS
ENSG00000204531,POU5F1,0.019503475,NA,NS
ENSG00000204581,ACOXL-AS1,-0.005574912,NA,NS
ENSG00000204620,NA,-0.010555235,NA,NS
ENSG00000204661,C5orf60,-0.010976324,NA,NS
ENSG00000204677,FAM153CP,-0.000344632,NA,NS
ENSG00000204681,GABBR1,-0.002357379,NA,NS
ENSG00000204682,MIR1915HG,0.004401725,NA,NS
ENSG00000204706,MAMDC2-AS1,-0.001535804,NA,NS
ENSG00000204758,RPL26L1-AS1,0.014082258,NA,NS
ENSG00000204779,FOXD4L5,-0.006681675,NA,NS
ENSG00000204789,ZNF204P,0.035439871,NA,NS
ENSG00000204790,NA,-0.015094043,NA,NS
ENSG00000204792,LINC01291,0.000616031,NA,NS
ENSG00000204816,FGF7P5,0.001660372,NA,NS
ENSG00000204837,FGF7P3,-0.007689554,NA,NS
ENSG00000204839,MROH6,-0.000352909,NA,NS
ENSG00000204923,FBXO48,0.001688455,NA,NS
ENSG00000204936,CD177,-0.030255599,NA,NS
ENSG00000204950,LRRC10B,-0.034486359,NA,NS
ENSG00000204983,PRSS1,-0.006089337,NA,NS
ENSG00000205038,PKHD1L1,-0.003113202,NA,NS
ENSG00000205041,NA,-0.003639134,NA,NS
ENSG00000205085,GARIN1A,-0.002921771,NA,NS
ENSG00000205089,CCNI2,-0.009405347,NA,NS
ENSG00000205090,TMEM240,0.004049548,NA,NS
ENSG00000205129,CFAP96,-0.012276991,NA,NS
ENSG00000205143,ARID3C,-0.016802244,NA,NS
ENSG00000205209,SCGB2B2,-0.017650976,NA,NS
ENSG00000205236,NA,0.012062971,NA,NS
ENSG00000205307,SAP25,-0.007844847,NA,NS
ENSG00000205413,SAMD9,0.009848323,NA,NS
ENSG00000205436,EXOC3L4,-0.003652807,NA,NS
ENSG00000205456,TP53TG3D,-0.002992539,NA,NS
ENSG00000205457,TP53TG3C,0.005194893,NA,NS
ENSG00000205482,SPDYE18,-0.000229462,NA,NS
ENSG00000205488,CALML3-AS1,-0.003912713,NA,NS
ENSG00000205517,RGL3,-0.004055545,NA,NS
ENSG00000205537,NA,-0.008041245,NA,NS
ENSG00000205549,LINC03041,-0.039175527,NA,NS
ENSG00000205578,POM121B,-0.007072806,NA,NS
ENSG00000205611,LINC01597,-0.004459605,NA,NS
ENSG00000205628,LINC01446,-0.00467168,NA,NS
ENSG00000205642,VCX3B,0.00377948,NA,NS
ENSG00000205683,DPF3,-0.00548403,NA,NS
ENSG00000205710,C17orf107,0.000440485,NA,NS
ENSG00000205740,NA,-0.01731206,NA,NS
ENSG00000205777,GAGE1,0.004241081,NA,NS
ENSG00000205790,DPP9-AS1,0.003863131,NA,NS
ENSG00000205832,C16orf96,-0.015069137,NA,NS
ENSG00000205835,GMNC,0.005006139,NA,NS
ENSG00000205861,PCOTH,-0.002903512,NA,NS
ENSG00000205885,C1RL-AS1,-0.009743294,NA,NS
ENSG00000205923,CEMP1,0.001240131,NA,NS
ENSG00000205930,EPCIP-AS1,0.008836408,NA,NS
ENSG00000206077,ZDHHC11B,-0.022819274,NA,NS
ENSG00000206113,CFAP99,-0.035695769,NA,NS
ENSG00000206140,TMEM191C,0.00577172,NA,NS
ENSG00000206149,HERC2P9,-0.059525496,NA,NS
ENSG00000206337,HCP5,0.002825587,NA,NS
ENSG00000206344,HCG27,-0.007442353,NA,NS
ENSG00000206559,ZCWPW2,-0.017145898,NA,NS
ENSG00000206561,COLQ,-0.032315731,NA,NS
ENSG00000206567,NA,0.009007613,NA,NS
ENSG00000207751,NA,-0.02910025,NA,NS
ENSG00000211452,DIO1,-0.472886854,NA,NS
ENSG00000211454,AKR7L,-0.011049767,NA,NS
ENSG00000211891,IGHE,0.002171633,NA,NS
ENSG00000211898,IGHD,-0.006115992,NA,NS
ENSG00000212123,PRR22,-0.003457924,NA,NS
ENSG00000212127,TAS2R14,-0.01476139,NA,NS
ENSG00000212232,SNORD17,-0.001189501,NA,NS
ENSG00000212643,ZRSR2P1,-0.001934591,NA,NS
ENSG00000212664,RPL17P39,-0.007766167,NA,NS
ENSG00000212789,ST13P5,-0.022545405,NA,NS
ENSG00000212952,NA,-0.008588273,NA,NS
ENSG00000212993,POU5F1B,-0.013662222,NA,NS
ENSG00000212994,RPS26P6,0.002058726,NA,NS
ENSG00000213033,AURKAP1,-0.019542031,NA,NS
ENSG00000213080,NA,0.016880551,NA,NS
ENSG00000213113,TUBB8P8,0.007101437,NA,NS
ENSG00000213139,CRYGS,-0.005966808,NA,NS
ENSG00000213145,CRIP1,-0.026021446,NA,NS
ENSG00000213171,LINGO4,-0.004082178,NA,NS
ENSG00000213178,RPL22P1,-0.010452251,NA,NS
ENSG00000213199,ASIC3,0.010994142,NA,NS
ENSG00000213204,NA,-0.006953053,NA,NS
ENSG00000213225,NOC2LP1,0.001208133,NA,NS
ENSG00000213261,EEF1B2P6,-0.00398418,NA,NS
ENSG00000213316,LTC4S,-0.004646254,NA,NS
ENSG00000213326,RPS7P11,-0.016314694,NA,NS
ENSG00000213385,RPL7AP39,0.011715406,NA,NS
ENSG00000213399,RPS2P17,-0.000248653,NA,NS
ENSG00000213402,PTPRCAP,-0.011086628,NA,NS
ENSG00000213443,NPM1P7,-0.004621249,NA,NS
ENSG00000213468,FIRRE,0.006470235,NA,NS
ENSG00000213513,IMPDH1P5,-0.00253489,NA,NS
ENSG00000213542,RPL7AP43,-0.004525419,NA,NS
ENSG00000213569,GTF3C6P2,-0.000373931,NA,NS
ENSG00000213609,RPL7AP50,0.001414341,NA,NS
ENSG00000213621,RPSAP54,-0.007228675,NA,NS
ENSG00000213658,LAT,-0.007894296,NA,NS
ENSG00000213693,SEC14L1P1,-0.003891633,NA,NS
ENSG00000213740,SERBP1P1,-0.003704194,NA,NS
ENSG00000213753,CENPBD2P,-0.035041804,NA,NS
ENSG00000213754,KPNA4P1,0.01163795,NA,NS
ENSG00000213760,ATP6V1G2,-0.008826986,NA,NS
ENSG00000213790,OLA1P1,-0.005614781,NA,NS
ENSG00000213801,ZNF321P,0.006686346,NA,NS
ENSG00000213860,RPL21P75,0.022617625,NA,NS
ENSG00000213862,RPL7AP62,0.014853174,NA,NS
ENSG00000213881,NPM1P6,-0.005255875,NA,NS
ENSG00000213937,CLDN9,0.006312254,NA,NS
ENSG00000213949,ITGA1,0.013927625,NA,NS
ENSG00000213963,NA,-0.006972632,NA,NS
ENSG00000213999,MEF2B,0.037311517,NA,NS
ENSG00000214076,CPSF1P1,-0.002865244,NA,NS
ENSG00000214110,LDHAP4,0.001707546,NA,NS
ENSG00000214145,LINC00887,0.001986064,NA,NS
ENSG00000214184,GCC2-AS1,0.011252294,NA,NS
ENSG00000214185,XPOTP1,-0.004035729,NA,NS
ENSG00000214188,ST7-OT4,-0.016808658,NA,NS
ENSG00000214189,ZNF788P,-0.061782371,NA,NS
ENSG00000214279,SCART1,-0.014004803,NA,NS
ENSG00000214290,POU2AF3,-0.004710757,NA,NS
ENSG00000214391,TUBAP2,0.012465314,NA,NS
ENSG00000214432,VPS33B-DT,-0.015878285,NA,NS
ENSG00000214439,FAM185BP,0.136688537,NA,NS
ENSG00000214455,RCN1P2,0.014953737,NA,NS
ENSG00000214546,NA,0.001870474,NA,NS
ENSG00000214558,ZC3H11C,-0.010570592,NA,NS
ENSG00000214652,ZNF727,0.012215766,NA,NS
ENSG00000214711,CAPN14,0.006210395,NA,NS
ENSG00000214770,NA,-0.001510358,NA,NS
ENSG00000214772,GUCY2C-AS1,-0.005329577,NA,NS
ENSG00000214776,NA,-0.00860319,NA,NS
ENSG00000214784,RPS3AP21,-0.005127137,NA,NS
ENSG00000214796,TUBA5P,0.006256743,NA,NS
ENSG00000214814,FER1L6,0.000341098,NA,NS
ENSG00000214894,LINC00243,-0.007023375,NA,NS
ENSG00000214900,LINC01588,0.020708945,NA,NS
ENSG00000214940,NPIPA8,-0.086876694,NA,NS
ENSG00000214967,NPIPA7,-0.01714639,NA,NS
ENSG00000214999,NA,-0.01511587,NA,NS
ENSG00000215045,GRID2IP,0.001776339,NA,NS
ENSG00000215187,CIMIP2B,0.000858577,NA,NS
ENSG00000215246,LINC02982,0.009146436,NA,NS
ENSG00000215262,KCNU1,-0.025637729,NA,NS
ENSG00000215302,WHAMMP4,-0.007950012,NA,NS
ENSG00000215414,PSMA6P1,-0.005023521,NA,NS
ENSG00000215417,MIR17HG,0.04179318,NA,NS
ENSG00000215481,BCRP3,-0.012671429,NA,NS
ENSG00000215788,TNFRSF25,-0.016924495,NA,NS
ENSG00000215835,NA,0.006238392,NA,NS
ENSG00000215912,TTC34,-0.005365099,NA,NS
ENSG00000216285,NA,-0.010858188,NA,NS
ENSG00000216906,NA,0.002011365,NA,NS
ENSG00000217094,PPIAP31,-0.011670876,NA,NS
ENSG00000217241,CBX3P9,0.000551191,NA,NS
ENSG00000217275,NA,0.001102144,NA,NS
ENSG00000217416,ISCA1P1,-0.007010226,NA,NS
ENSG00000217950,NOC2LP2,0.006733761,NA,NS
ENSG00000218175,NA,-0.001788984,NA,NS
ENSG00000218227,NA,-0.028333297,NA,NS
ENSG00000218537,MIF-AS1,-0.000710534,NA,NS
ENSG00000219159,NA,-0.000263381,NA,NS
ENSG00000219329,NA,-0.001178698,NA,NS
ENSG00000219507,FTH1P8,-0.007066934,NA,NS
ENSG00000219529,NA,0.017705121,NA,NS
ENSG00000220008,LINGO3,-0.023808951,NA,NS
ENSG00000220161,LINC02076,0.004391368,NA,NS
ENSG00000220201,ZGLP1,0.007982783,NA,NS
ENSG00000220323,H2BC19P,0.000838311,NA,NS
ENSG00000220793,RPL21P119,-0.008406115,NA,NS
ENSG00000220848,RPS18P9,-0.006213109,NA,NS
ENSG00000220891,LL22NC03-63E9.3,0.007920715,NA,NS
ENSG00000221571,RNU6ATAC35P,-0.008289944,NA,NS
ENSG00000221818,EBF2,0.009795811,NA,NS
ENSG00000221930,DENND10P1,-0.005847325,NA,NS
ENSG00000221949,LINC01465,-0.034316682,NA,NS
ENSG00000221963,APOL6,-0.007278287,NA,NS
ENSG00000222009,BTBD19,-0.006514412,NA,NS
ENSG00000222033,LINC01124,0.000672471,NA,NS
ENSG00000222036,POTEM,0.024089821,NA,NS
ENSG00000222038,POTEJ,-0.003808585,NA,NS
ENSG00000223361,FTH1P10,-0.000967487,NA,NS
ENSG00000223382,LINC01778,-0.010752468,NA,NS
ENSG00000223393,NA,0.026793705,NA,NS
ENSG00000223396,RPS10P7,0.011352693,NA,NS
ENSG00000223461,NA,-0.007893709,NA,NS
ENSG00000223559,NA,-0.002623782,NA,NS
ENSG00000223561,LINC03007,0.017941325,NA,NS
ENSG00000223599,NA,-0.005894546,NA,NS
ENSG00000223635,NUP133-DT,0.003464421,NA,NS
ENSG00000223653,BCL10-AS1,0.000580467,NA,NS
ENSG00000223685,LINC00571,-0.002267378,NA,NS
ENSG00000223695,MYH9-DT,0.007886359,NA,NS
ENSG00000223705,NSUN5P1,-0.007187432,NA,NS
ENSG00000223711,NA,-0.011590397,NA,NS
ENSG00000223715,LINC01208,0.001423241,NA,NS
ENSG00000223725,MYOSLID-AS1,0.000625158,NA,NS
ENSG00000223745,CCDC18-AS1,0.001791484,NA,NS
ENSG00000223751,NA,0.006770328,NA,NS
ENSG00000223799,IL10RB-DT,0.00150697,NA,NS
ENSG00000223855,PDGFA-DT,-0.007612891,NA,NS
ENSG00000223865,HLA-DPB1,1.00E-05,NA,NS
ENSG00000223930,NA,0.013304173,NA,NS
ENSG00000223956,LINC01767,-0.014430686,NA,NS
ENSG00000224063,CALCRL-AS1,0.027291655,NA,NS
ENSG00000224080,UBE2FP1,0.020302459,NA,NS
ENSG00000224086,PPM1F-AS1,-0.005172264,NA,NS
ENSG00000224094,RPS24P8,-0.001981413,NA,NS
ENSG00000224109,CENPVL3,-0.003055528,NA,NS
ENSG00000224114,NA,-0.012074665,NA,NS
ENSG00000224141,MIR548XHG,-0.006885964,NA,NS
ENSG00000224174,NA,0.000152487,NA,NS
ENSG00000224189,HAGLR,-0.008174558,NA,NS
ENSG00000224292,PORCN-DT,-0.016236221,NA,NS
ENSG00000224349,FAM135A-AS1,-0.006090841,NA,NS
ENSG00000224383,PRR29,0.009116804,NA,NS
ENSG00000224389,C4B,0.000769461,NA,NS
ENSG00000224418,STK24-AS1,0.00779144,NA,NS
ENSG00000224420,ADM5,-0.021364935,NA,NS
ENSG00000224533,TMLHE-AS1,-0.011545498,NA,NS
ENSG00000224546,EIF4BP3,-0.011885011,NA,NS
ENSG00000224596,ZMIZ1-AS1,-0.016205257,NA,NS
ENSG00000224609,FGGY-DT,0.019360905,NA,NS
ENSG00000224614,TNK2-AS1,0.000903257,NA,NS
ENSG00000224635,NA,0.002776032,NA,NS
ENSG00000224652,LINC00885,-0.003122461,NA,NS
ENSG00000224738,NA,-0.014791127,NA,NS
ENSG00000224746,NA,-0.00301417,NA,NS
ENSG00000224769,MUC20P1,0.012431476,NA,NS
ENSG00000224805,LINC00853,-0.01720567,NA,NS
ENSG00000224812,TMEM72-AS1,-0.019451181,NA,NS
ENSG00000224837,GCSHP5,-0.010824378,NA,NS
ENSG00000224843,LINC00240,0.01034109,NA,NS
ENSG00000224858,RPL29P11,-0.017034584,NA,NS
ENSG00000224864,NA,0.003586892,NA,NS
ENSG00000224886,NA,0.002738045,NA,NS
ENSG00000224888,HSALR1,-0.001046487,NA,NS
ENSG00000224897,POT1-AS1,0.014044254,NA,NS
ENSG00000224903,RNF32-AS1,0.001142795,NA,NS
ENSG00000224905,NA,0.017358234,NA,NS
ENSG00000224910,LINC01766,-0.00659145,NA,NS
ENSG00000224934,GOT1-DT,-0.002464397,NA,NS
ENSG00000224940,PRRT4,0.017266153,NA,NS
ENSG00000224961,LINC01752,0.003288658,NA,NS
ENSG00000224975,INE1,-0.007128297,NA,NS
ENSG00000224985,NA,-0.018133631,NA,NS
ENSG00000225031,EIF4BP7,-0.015809346,NA,NS
ENSG00000225032,NA,-0.001892055,NA,NS
ENSG00000225039,LINC01058,-0.010459839,NA,NS
ENSG00000225077,ICMT-DT,0.007383499,NA,NS
ENSG00000225087,NA,-0.013828302,NA,NS
ENSG00000225096,NA,0.000624238,NA,NS
ENSG00000225112,NA,0.011354331,NA,NS
ENSG00000225131,PSME2P2,0.001134021,NA,NS
ENSG00000225137,DYNC1I2P1,-0.012334972,NA,NS
ENSG00000225146,NA,0.009620974,NA,NS
ENSG00000225159,NPM1P39,-0.000103832,NA,NS
ENSG00000225173,NA,-0.006533732,NA,NS
ENSG00000225177,NHSL1-AS1,0.00056046,NA,NS
ENSG00000225200,NA,0.001769867,NA,NS
ENSG00000225235,INTS6L-AS1,0.006866348,NA,NS
ENSG00000225258,NA,0.013491577,NA,NS
ENSG00000225259,ST13P6,-0.013979307,NA,NS
ENSG00000225339,NA,-0.002239396,NA,NS
ENSG00000225345,SNX18P3,0.006916353,NA,NS
ENSG00000225411,NA,0.005753817,NA,NS
ENSG00000225431,LINC01671,-0.000721987,NA,NS
ENSG00000225465,RFPL1S,0.000118397,NA,NS
ENSG00000225506,CYP4A22-AS1,-0.014341004,NA,NS
ENSG00000225521,SNED1-AS1,0.001567689,NA,NS
ENSG00000225526,MKRN2OS,-0.033894082,NA,NS
ENSG00000225532,NA,0.006355187,NA,NS
ENSG00000225555,NA,-0.009432606,NA,NS
ENSG00000225556,C2CD4D,-0.01226221,NA,NS
ENSG00000225573,RPL35P5,-0.010981751,NA,NS
ENSG00000225580,PA2G4P5,-0.008858891,NA,NS
ENSG00000225581,TRIM53AP,0.010372796,NA,NS
ENSG00000225648,SBDSP1,0.002889852,NA,NS
ENSG00000225675,LRP8-DT,-0.005365895,NA,NS
ENSG00000225684,FAM225B,-0.003761063,NA,NS
ENSG00000225693,LAGE3P1,-0.00746549,NA,NS
ENSG00000225778,PROSER2-AS1,0.004209441,NA,NS
ENSG00000225806,NA,-0.005125523,NA,NS
ENSG00000225822,UBXN7-AS1,-0.008908607,NA,NS
ENSG00000225833,ACE2-DT,0.018480438,NA,NS
ENSG00000225850,NA,-0.001932306,NA,NS
ENSG00000225855,RUSC1-AS1,0.01087942,NA,NS
ENSG00000225937,PCA3,-0.010624838,NA,NS
ENSG00000225945,ZFAND3-DT,0.002241406,NA,NS
ENSG00000225950,NTF4,-0.016862026,NA,NS
ENSG00000225953,SATB2-AS1,0.002169018,NA,NS
ENSG00000225972,MTND1P23,-0.007098736,NA,NS
ENSG00000226007,FAM88F,-0.026543452,NA,NS
ENSG00000226009,KCNIP2-AS1,-0.00682288,NA,NS
ENSG00000226015,CCT8P1,-0.017991031,NA,NS
ENSG00000226026,RWDD3-DT,-0.00208111,NA,NS
ENSG00000226049,TLK2P1,-0.012248056,NA,NS
ENSG00000226054,MEMO1P1,-0.005082736,NA,NS
ENSG00000226065,ZBTB45P2,-0.001071049,NA,NS
ENSG00000226174,TEX22,0.00041688,NA,NS
ENSG00000226180,NA,-0.037875601,NA,NS
ENSG00000226237,GAS1RR,0.011245211,NA,NS
ENSG00000226251,LINC02608,0.001339832,NA,NS
ENSG00000226266,NA,0.006270488,NA,NS
ENSG00000226268,NA,-0.032419432,NA,NS
ENSG00000226310,NA,-0.010753424,NA,NS
ENSG00000226349,NA,-0.005683809,NA,NS
ENSG00000226363,HAGLROS,-0.000216066,NA,NS
ENSG00000226386,PARD3-DT,-0.005293651,NA,NS
ENSG00000226419,SLC16A1-AS1,-0.013421635,NA,NS
ENSG00000226519,LINC00390,0.000546643,NA,NS
ENSG00000226525,RPS7P10,0.007023248,NA,NS
ENSG00000226564,FTH1P20,-0.020462796,NA,NS
ENSG00000226609,SNX30-DT,-0.008916927,NA,NS
ENSG00000226644,LINC03086,0.003749869,NA,NS
ENSG00000226648,PLCG1-AS1,-0.012270228,NA,NS
ENSG00000226711,FAM66C,-0.020575523,NA,NS
ENSG00000226723,NA,-0.005494677,NA,NS
ENSG00000226756,NA,0.00927973,NA,NS
ENSG00000226763,SRRM5,0.020355043,NA,NS
ENSG00000226803,ZNF451-AS1,-0.014451968,NA,NS
ENSG00000226824,NA,0.013729543,NA,NS
ENSG00000226853,GPR155-DT,0.021896905,NA,NS
ENSG00000226885,E2F6P3,-0.011701868,NA,NS
ENSG00000226913,BSN-DT,-0.011561227,NA,NS
ENSG00000226944,RNF207-AS1,0.002698243,NA,NS
ENSG00000226954,NA,-0.000486493,NA,NS
ENSG00000226964,RHEBP2,0.009642682,NA,NS
ENSG00000226965,NA,0.011378326,NA,NS
ENSG00000226969,PRKCZ-DT,-0.006268319,NA,NS
ENSG00000226976,COX6A1P2,-0.003377846,NA,NS
ENSG00000227008,RPS24P19,-0.03648899,NA,NS
ENSG00000227013,OR7E96P,-0.003058828,NA,NS
ENSG00000227043,LINC01682,0.008372211,NA,NS
ENSG00000227070,EPS15-AS1,0.011201897,NA,NS
ENSG00000227071,FOCAD-AS1,0.009394668,NA,NS
ENSG00000227081,RPS27P3,-0.028248991,NA,NS
ENSG00000227097,RPS28P7,-0.010045241,NA,NS
ENSG00000227141,NA,0.016387283,NA,NS
ENSG00000227145,IL21-AS1,0.008919793,NA,NS
ENSG00000227165,WDR11-DT,-0.003335476,NA,NS
ENSG00000227172,YAE1-DT,0.011780803,NA,NS
ENSG00000227189,NA,-0.003770693,NA,NS
ENSG00000227210,WDR35-DT,0.005444769,NA,NS
ENSG00000227256,MIS18A-AS1,0.00222922,NA,NS
ENSG00000227258,SMIM2-AS1,-0.002715048,NA,NS
ENSG00000227292,NA,0.005897153,NA,NS
ENSG00000227355,NA,0.00666919,NA,NS
ENSG00000227373,RABGAP1L-DT,-0.001529119,NA,NS
ENSG00000227375,DLG1-AS1,0.01749545,NA,NS
ENSG00000227477,STK4-DT,0.004102274,NA,NS
ENSG00000227492,CHUK-DT,-0.015243318,NA,NS
ENSG00000227496,NA,-0.002407488,NA,NS
ENSG00000227533,SLC2A1-DT,-0.001867822,NA,NS
ENSG00000227543,SPAG5-AS1,0.00297438,NA,NS
ENSG00000227582,ADGRF5P1,-0.009681796,NA,NS
ENSG00000227617,CERS6-AS1,-0.016155945,NA,NS
ENSG00000227627,NA,-0.000876308,NA,NS
ENSG00000227646,STEAP2-AS1,-0.002947866,NA,NS
ENSG00000227704,NA,-0.006404297,NA,NS
ENSG00000227712,NA,0.003614483,NA,NS
ENSG00000227733,NA,-0.015227611,NA,NS
ENSG00000227741,NA,-0.018592579,NA,NS
ENSG00000227766,NA,0.003401734,NA,NS
ENSG00000227848,SUCLA2-AS1,-0.000607557,NA,NS
ENSG00000227885,NA,0.010369918,NA,NS
ENSG00000227896,WAPL-DT,0.006134777,NA,NS
ENSG00000227939,RPL3P2,-0.010526052,NA,NS
ENSG00000227959,EPHA2-AS1,-0.007918798,NA,NS
ENSG00000228013,IL6R-AS1,-0.032157032,NA,NS
ENSG00000228033,NA,0.001483963,NA,NS
ENSG00000228043,SPOPL-DT,0.026411909,NA,NS
ENSG00000228049,POLR2J2,-0.0176018,NA,NS
ENSG00000228057,SEC63P1,0.002346807,NA,NS
ENSG00000228063,LYPLAL1-DT,0.015301695,NA,NS
ENSG00000228126,FALEC,-0.005283341,NA,NS
ENSG00000228140,EFHD2-AS1,-0.01633988,NA,NS
ENSG00000228144,NA,0.001668065,NA,NS
ENSG00000228150,NA,0.010396282,NA,NS
ENSG00000228158,TLE1P1,-0.014344233,NA,NS
ENSG00000228172,NA,-0.021821402,NA,NS
ENSG00000228175,GEMIN8P4,-0.000354882,NA,NS
ENSG00000228192,ZNF691-DT,-0.017665345,NA,NS
ENSG00000228201,NA,-0.005695829,NA,NS
ENSG00000228205,RPS3P3,-0.011338668,NA,NS
ENSG00000228232,GAPDHP1,0.005150825,NA,NS
ENSG00000228305,PRELID1P6,-0.002164772,NA,NS
ENSG00000228323,MYADM-AS1,-0.007855869,NA,NS
ENSG00000228350,LINC02585,-0.002847119,NA,NS
ENSG00000228395,NA,-0.005801633,NA,NS
ENSG00000228426,ZNF32-AS3,-6.49E-05,NA,NS
ENSG00000228436,RRAGC-DT,-0.028052267,NA,NS
ENSG00000228451,SDAD1P1,0.003400007,NA,NS
ENSG00000228486,C2orf92,-0.000744794,NA,NS
ENSG00000228502,EEF1A1P11,-0.004866797,NA,NS
ENSG00000228509,NA,0.010090452,NA,NS
ENSG00000228519,RANBP1P1,-0.006439527,NA,NS
ENSG00000228528,NA,-0.002453218,NA,NS
ENSG00000228532,SUMO2P21,-0.012393367,NA,NS
ENSG00000228549,LINC03126,-0.002477078,NA,NS
ENSG00000228559,NA,-0.007699623,NA,NS
ENSG00000228570,NUTM2E,-0.02302899,NA,NS
ENSG00000228606,DCAF8-DT,-0.001303257,NA,NS
ENSG00000228649,SNHG26,-0.022985809,NA,NS
ENSG00000228661,STIM1-AS1,0.002817061,NA,NS
ENSG00000228672,PROB1,-0.019828933,NA,NS
ENSG00000228701,TNKS2-DT,0.005989066,NA,NS
ENSG00000228705,LINC00659,-0.000755177,NA,NS
ENSG00000228709,LINC02575,-0.002789206,NA,NS
ENSG00000228727,SAPCD1,0.013932898,NA,NS
ENSG00000228737,NA,-0.016439016,NA,NS
ENSG00000228775,WEE2-AS1,-0.003649953,NA,NS
ENSG00000228782,MRPL45P2,-0.006073619,NA,NS
ENSG00000228791,THRB-AS1,-0.019732231,NA,NS
ENSG00000228793,NA,0.007546882,NA,NS
ENSG00000228830,NA,0.002208114,NA,NS
ENSG00000228857,ACTR3-AS1,0.000686275,NA,NS
ENSG00000228873,NA,-0.003468939,NA,NS
ENSG00000228877,NA,0.004476878,NA,NS
ENSG00000228915,OR7E128P,0.011926727,NA,NS
ENSG00000228927,TSPY3,-0.000950514,NA,NS
ENSG00000228929,RPS13P2,-0.015713803,NA,NS
ENSG00000228933,NA,-0.032492348,NA,NS
ENSG00000228981,NA,-0.004579139,NA,NS
ENSG00000228998,PERPP2,-0.012511056,NA,NS
ENSG00000229017,LINC01277,-0.008634143,NA,NS
ENSG00000229127,KANSL1L-AS1,0.003588849,NA,NS
ENSG00000229152,ANKRD10-IT1,-0.017267322,NA,NS
ENSG00000229178,NA,-0.025213393,NA,NS
ENSG00000229257,NA,-0.000902231,NA,NS
ENSG00000229273,NA,-0.025270135,NA,NS
ENSG00000229278,NA,-0.017450262,NA,NS
ENSG00000229320,KRT8P12,0.025419243,NA,NS
ENSG00000229337,NA,0.004720752,NA,NS
ENSG00000229419,RALGAPA1P1,-0.010168575,NA,NS
ENSG00000229422,NA,-0.004627715,NA,NS
ENSG00000229536,LINC02572,0.011857356,NA,NS
ENSG00000229544,NKX1-2,-0.015181183,NA,NS
ENSG00000229589,ACVR2B-AS1,-0.017492155,NA,NS
ENSG00000229644,NAMPTP1,-0.014079321,NA,NS
ENSG00000229656,ITGB1-DT,-0.007364688,NA,NS
ENSG00000229676,ZNF492,-0.001200359,NA,NS
ENSG00000229689,ANKRD33BP1,-0.009481928,NA,NS
ENSG00000229692,SOS1-IT1,0.022408227,NA,NS
ENSG00000229839,NA,-0.00018228,NA,NS
ENSG00000229848,NA,0.001217949,NA,NS
ENSG00000229927,RHEBP1,0.01444161,NA,NS
ENSG00000229931,ATXN1-AS1,-0.006992227,NA,NS
ENSG00000229932,YWHAZP3,-0.006697305,NA,NS
ENSG00000229944,EIF4EP2,0.002127188,NA,NS
ENSG00000229950,TFAP2A-AS1,-0.004420987,NA,NS
ENSG00000229953,BCAN-AS2,0.002903629,NA,NS
ENSG00000229956,ZRANB2-DT,0.003184584,NA,NS
ENSG00000230002,ALMS1-IT1,0.006691818,NA,NS
ENSG00000230071,RPL4P6,0.004525808,NA,NS
ENSG00000230185,HSDL2-AS1,0.004810475,NA,NS
ENSG00000230197,NA,0.003723047,NA,NS
ENSG00000230207,RPL4P5,0.001273375,NA,NS
ENSG00000230267,HERC2P4,-0.009936554,NA,NS
ENSG00000230319,TTLL1-AS1,-0.007124358,NA,NS
ENSG00000230330,HMGN2P3,0.001577123,NA,NS
ENSG00000230333,NA,0.018522837,NA,NS
ENSG00000230359,TPI1P2,-0.005713801,NA,NS
ENSG00000230373,GOLGA6L5P,-0.006453691,NA,NS
ENSG00000230383,RPL6P19,0.007350456,NA,NS
ENSG00000230392,LINC03098,-0.005937553,NA,NS
ENSG00000230393,NA,0.014560648,NA,NS
ENSG00000230409,TCEA1P2,-0.023127164,NA,NS
ENSG00000230417,LINC00595,0.010633166,NA,NS
ENSG00000230423,NA,0.010103195,NA,NS
ENSG00000230424,EMC1-AS1,0.003360249,NA,NS
ENSG00000230454,NA,-0.017385942,NA,NS
ENSG00000230457,PA2G4P4,-0.002939613,NA,NS
ENSG00000230471,NA,-0.011110826,NA,NS
ENSG00000230479,LNCTSI,0.047317642,NA,NS
ENSG00000230490,NA,0.001605804,NA,NS
ENSG00000230492,NA,-0.003707319,NA,NS
ENSG00000230530,LIMD1-AS1,0.004346404,NA,NS
ENSG00000230555,LINC02916,-0.004482379,NA,NS
ENSG00000230562,FAM133DP,0.015293302,NA,NS
ENSG00000230606,APPAT,0.012805383,NA,NS
ENSG00000230613,HM13-AS1,0.017477157,NA,NS
ENSG00000230626,NA,-0.010405053,NA,NS
ENSG00000230679,ENO1-AS1,-0.006430385,NA,NS
ENSG00000230695,FN1-DT,-0.002776048,NA,NS
ENSG00000230701,FBXW4P1,-0.01384863,NA,NS
ENSG00000230724,LINC01001,-0.004510677,NA,NS
ENSG00000230725,NA,0.00977254,NA,NS
ENSG00000230732,NA,-0.001620287,NA,NS
ENSG00000230773,NA,0.002227675,NA,NS
ENSG00000230798,FOXD3-AS1,-0.027917755,NA,NS
ENSG00000230832,SSBL4P,0.018164755,NA,NS
ENSG00000230847,OCLNP1,-0.049006106,NA,NS
ENSG00000230869,AGAP10P,0.057104215,NA,NS
ENSG00000230870,FBXW11P1,-2.22E-05,NA,NS
ENSG00000230896,NA,0.000444959,NA,NS
ENSG00000230955,INPP5B-AS1,0.009284606,NA,NS
ENSG00000230979,NA,-0.009100206,NA,NS
ENSG00000231010,NA,-0.001413626,NA,NS
ENSG00000231028,AHI1-DT,0.02298054,NA,NS
ENSG00000231043,NA,-0.000727728,NA,NS
ENSG00000231056,LINC02522,-9.65E-06,NA,NS
ENSG00000231064,THBS3-AS1,-0.003333828,NA,NS
ENSG00000231066,NPM1P9,0.006592682,NA,NS
ENSG00000231113,LINC02976,-0.002264097,NA,NS
ENSG00000231154,MORF4L2-AS1,0.014264574,NA,NS
ENSG00000231160,KLF3-AS1,-0.000737294,NA,NS
ENSG00000231167,YBX1P2,-0.010380938,NA,NS
ENSG00000231177,LINC00852,-0.006144981,NA,NS
ENSG00000231187,SYT15-AS1,-0.091175889,NA,NS
ENSG00000231233,CFAP58-DT,0.04715808,NA,NS
ENSG00000231245,C1DP1,0.000824491,NA,NS
ENSG00000231327,LINC01816,-0.019457485,NA,NS
ENSG00000231367,LINC02613,-0.006242823,NA,NS
ENSG00000231389,HLA-DPA1,-0.009196033,NA,NS
ENSG00000231460,NA,-0.013966099,NA,NS
ENSG00000231473,RB1-DT,0.007735149,NA,NS
ENSG00000231535,LINC00278,-0.012331238,NA,NS
ENSG00000231563,NA,0.012409417,NA,NS
ENSG00000231651,DLG3-AS1,-0.001002185,NA,NS
ENSG00000231689,LINC01090,-0.009191409,NA,NS
ENSG00000231721,LINC-PINT,-0.025681448,NA,NS
ENSG00000231742,LINC01273,0.037253276,NA,NS
ENSG00000231760,NA,0.004070092,NA,NS
ENSG00000231769,NA,0.013953134,NA,NS
ENSG00000231776,LINC01611,-0.029015957,NA,NS
ENSG00000231840,TMEM139-AS1,-0.002225659,NA,NS
ENSG00000231864,NA,-0.007514374,NA,NS
ENSG00000231887,PRH1,0.011274738,NA,NS
ENSG00000231889,TRAF3IP2-AS1,-0.010433715,NA,NS
ENSG00000231920,NEBL-AS1,-0.021212797,NA,NS
ENSG00000231937,NA,0.002269548,NA,NS
ENSG00000231966,LINC02818,0.006010239,NA,NS
ENSG00000231999,LRRC8C-DT,0.013045269,NA,NS
ENSG00000232004,CAP1P2,-0.011123512,NA,NS
ENSG00000232021,LEF1-AS1,-0.01085178,NA,NS
ENSG00000232028,PRKD3-DT,-0.001996401,NA,NS
ENSG00000232044,SILC1,0.019038567,NA,NS
ENSG00000232065,LINC01063,-0.048945941,NA,NS
ENSG00000232070,TMEM253,0.023076592,NA,NS
ENSG00000232079,LINC01697,0.010333238,NA,NS
ENSG00000232104,RFX3-DT,0.008280794,NA,NS
ENSG00000232150,ST13P4,0.005198289,NA,NS
ENSG00000232160,RAP2C-AS1,0.008840774,NA,NS
ENSG00000232176,NA,-0.013710904,NA,NS
ENSG00000232187,FTH1P7,-0.000205468,NA,NS
ENSG00000232197,NA,-0.014888049,NA,NS
ENSG00000232284,GNG12-AS1,-0.001524995,NA,NS
ENSG00000232300,FAM215B,-0.001362548,NA,NS
ENSG00000232303,DFFBP1,-0.003103271,NA,NS
ENSG00000232316,LINC02518,-0.018616912,NA,NS
ENSG00000232346,RPS17P16,-0.012742917,NA,NS
ENSG00000232347,NA,0.001789514,NA,NS
ENSG00000232352,SEMA3B-AS1,-0.006670222,NA,NS
ENSG00000232412,STAG2-AS1,0.015839379,NA,NS
ENSG00000232453,LINC02777,-0.016525497,NA,NS
ENSG00000232499,NA,-0.003568829,NA,NS
ENSG00000232531,KMT5AP2,-0.006268454,NA,NS
ENSG00000232536,NA,0.006349811,NA,NS
ENSG00000232586,KIAA1614-AS1,0.027006074,NA,NS
ENSG00000232611,NA,-0.003945279,NA,NS
ENSG00000232618,HIVEP2-DT,-0.01548159,NA,NS
ENSG00000232645,LINC01431,-0.023308949,NA,NS
ENSG00000232648,ING2-DT,0.00098854,NA,NS
ENSG00000232653,GOLGA8N,-0.027152828,NA,NS
ENSG00000232656,IDI2-AS1,0.00212813,NA,NS
ENSG00000232671,ZNF687-AS1,0.008432071,NA,NS
ENSG00000232732,NA,-0.003716576,NA,NS
ENSG00000232788,ITGA6-AS1,0.007781375,NA,NS
ENSG00000232828,NA,0.002128376,NA,NS
ENSG00000232860,SMG7-AS1,0.005177173,NA,NS
ENSG00000232874,LINC02924,0.003598802,NA,NS
ENSG00000232882,PHKA1P1,-0.01245124,NA,NS
ENSG00000232888,RPS11P5,0.004794358,NA,NS
ENSG00000232903,LINC01166,0.008324845,NA,NS
ENSG00000232920,LINC01400,0.002604396,NA,NS
ENSG00000232931,LINC00342,0.003590184,NA,NS
ENSG00000232936,PANK1-AS1,0.00524492,NA,NS
ENSG00000232940,HCG25,0.012706439,NA,NS
ENSG00000233058,ATP13A3-DT,-0.011643341,NA,NS
ENSG00000233081,NA,0.007742293,NA,NS
ENSG00000233098,CCDC144NL-AS1,-0.021691679,NA,NS
ENSG00000233154,LINC01762,0.004740756,NA,NS
ENSG00000233175,FMNL1-AS1,0.005666253,NA,NS
ENSG00000233176,OR7E157P,0.016291382,NA,NS
ENSG00000233198,RNF224,-0.016900397,NA,NS
ENSG00000233220,PRDM10-DT,-0.012607421,NA,NS
ENSG00000233221,ARHGEF4-AS1,-0.017681286,NA,NS
ENSG00000233225,SSBP3P1,-0.022494938,NA,NS
ENSG00000233230,NA,-0.026254979,NA,NS
ENSG00000233232,NPIPB7,3.66E-05,NA,NS
ENSG00000233237,LINC00472,-0.018177727,NA,NS
ENSG00000233242,NA,-0.005824822,NA,NS
ENSG00000233246,PHC2-AS1,0.000144563,NA,NS
ENSG00000233251,NA,-0.00216106,NA,NS
ENSG00000233288,NA,-0.000620198,NA,NS
ENSG00000233381,AK4P3,0.004388995,NA,NS
ENSG00000233384,CNIH3-AS2,-0.01726466,NA,NS
ENSG00000233397,NA,0.036584522,NA,NS
ENSG00000233426,EIF3FP3,-0.067404464,NA,NS
ENSG00000233452,STXBP5-AS1,-0.004583774,NA,NS
ENSG00000233515,LINC01518,0.004386985,NA,NS
ENSG00000233554,B4GALT1-AS1,0.011335855,NA,NS
ENSG00000233586,NA,-0.025306765,NA,NS
ENSG00000233588,CYP51A1P2,-0.003907537,NA,NS
ENSG00000233654,NEMP2-DT,0.017571595,NA,NS
ENSG00000233672,RNASEH2B-AS1,0.001547863,NA,NS
ENSG00000233673,ANAPC1P1,0.001753081,NA,NS
ENSG00000233705,SLC26A4-AS1,0.025618622,NA,NS
ENSG00000233762,RPS15P4,-0.02207297,NA,NS
ENSG00000233785,SAT1-DT,0.00918393,NA,NS
ENSG00000233791,BTG2-DT,-0.016847803,NA,NS
ENSG00000233797,UFL1-AS1,-0.004578762,NA,NS
ENSG00000233803,TSPY4,0.000294428,NA,NS
ENSG00000233806,LINC01237,0.002837131,NA,NS
ENSG00000233830,EIF4HP1,0.000381788,NA,NS
ENSG00000233849,NA,0.023920355,NA,NS
ENSG00000233901,LINC01503,-0.067210033,NA,NS
ENSG00000233912,NA,0.015360886,NA,NS
ENSG00000233913,RPL10P9,-0.02464376,NA,NS
ENSG00000233922,LINC01694,0.000613596,NA,NS
ENSG00000233966,UBE2SP1,0.004968647,NA,NS
ENSG00000233984,RPSAP14,-0.008274182,NA,NS
ENSG00000234006,DDX39B-AS1,0.003570854,NA,NS
ENSG00000234009,RPL5P34,-0.005919999,NA,NS
ENSG00000234160,NA,0.015374409,NA,NS
ENSG00000234183,H2AZ2-DT,-0.008467557,NA,NS
ENSG00000234241,SYNCRIPP1,-0.003274515,NA,NS
ENSG00000234264,DEPDC1-AS1,0.003478365,NA,NS
ENSG00000234286,NA,-0.0009593,NA,NS
ENSG00000234287,RPS27P4,-0.026097912,NA,NS
ENSG00000234311,LINC03068,-0.052501957,NA,NS
ENSG00000234337,NA,-0.00499024,NA,NS
ENSG00000234350,ERICH2-DT,0.00152868,NA,NS
ENSG00000234478,ACBD3-AS1,0.013330163,NA,NS
ENSG00000234492,RPL34-DT,0.00111609,NA,NS
ENSG00000234518,PTGES3P1,-0.000504276,NA,NS
ENSG00000234602,MCIDAS,-0.006960835,NA,NS
ENSG00000234614,C2CD4D-AS1,0.032851654,NA,NS
ENSG00000234617,SNRK-AS1,-0.00766938,NA,NS
ENSG00000234636,MED14OS,-0.011005725,NA,NS
ENSG00000234694,CDC20-DT,-0.008720479,NA,NS
ENSG00000234719,NPIPB2,0.0022173,NA,NS
ENSG00000234769,WASH4P,-0.000399081,NA,NS
ENSG00000234771,SLC25A25-AS1,0.005827481,NA,NS
ENSG00000234772,LINC00412,-0.020788892,NA,NS
ENSG00000234779,BNC2-AS1,0.003815397,NA,NS
ENSG00000234782,TPT1P9,0.008656144,NA,NS
ENSG00000234807,JUN-DT,-0.010088104,NA,NS
ENSG00000234817,ECI2-DT,-0.020119268,NA,NS
ENSG00000234825,XRCC6P2,0.008311293,NA,NS
ENSG00000234840,LINC01239,-0.004475908,NA,NS
ENSG00000234869,LINC02925,-0.01197817,NA,NS
ENSG00000234928,LINC01659,-0.001354009,NA,NS
ENSG00000234929,NA,-0.00261152,NA,NS
ENSG00000234965,SHISA8,-0.004265621,NA,NS
ENSG00000234975,FTH1P2,-0.010467244,NA,NS
ENSG00000234996,ACTG1P25,-0.035900689,NA,NS
ENSG00000235001,EIF4A1P2,-0.00755986,NA,NS
ENSG00000235023,NA,0.003960557,NA,NS
ENSG00000235034,C19orf81,-0.016525512,NA,NS
ENSG00000235043,TECRP1,-0.003823079,NA,NS
ENSG00000235044,PPIAP3,0.009562149,NA,NS
ENSG00000235049,LINC00940,-0.002455849,NA,NS
ENSG00000235065,RPL24P2,-0.043822668,NA,NS
ENSG00000235072,ARNILA,0.011211445,NA,NS
ENSG00000235078,NA,-0.003561928,NA,NS
ENSG00000235082,SUMO1P3,-0.001118041,NA,NS
ENSG00000235091,NA,-0.013393072,NA,NS
ENSG00000235105,NA,0.013404372,NA,NS
ENSG00000235121,NA,0.00112635,NA,NS
ENSG00000235151,NA,0.01068455,NA,NS
ENSG00000235159,LINC02939,-0.013582508,NA,NS
ENSG00000235169,SMIM1,0.015864989,NA,NS
ENSG00000235192,NA,0.00212441,NA,NS
ENSG00000235214,FAM83C-AS1,-0.023155794,NA,NS
ENSG00000235236,NA,0.015239297,NA,NS
ENSG00000235238,SUMO2P1,-0.007291206,NA,NS
ENSG00000235244,DANT2,0.024307132,NA,NS
ENSG00000235257,ITGA9-AS1,-0.00692034,NA,NS
ENSG00000235272,RAMACL,-0.017385371,NA,NS
ENSG00000235295,LINC01634,0.002090921,NA,NS
ENSG00000235316,DUSP8P5,-0.005175809,NA,NS
ENSG00000235319,TGFBRAP1-AS1,-0.001574097,NA,NS
ENSG00000235363,SNRPGP10,-0.004678671,NA,NS
ENSG00000235381,NA,0.013385909,NA,NS
ENSG00000235454,HAUS6P3,0.013534099,NA,NS
ENSG00000235489,DBF4P1,-0.002416869,NA,NS
ENSG00000235493,LINC01967,-0.015297119,NA,NS
ENSG00000235508,RPS2P7,-0.003337456,NA,NS
ENSG00000235527,HIPK1-AS1,0.010974237,NA,NS
ENSG00000235529,AGAP1-IT1,-0.011562123,NA,NS
ENSG00000235530,TMEM11-DT,0.006179281,NA,NS
ENSG00000235545,DOCK7-DT,0.004186559,NA,NS
ENSG00000235554,SRSF6P2,-0.011970044,NA,NS
ENSG00000235605,NA,-0.005393617,NA,NS
ENSG00000235636,NUS1P1,0.005568371,NA,NS
ENSG00000235651,G3BP1P1,0.002482873,NA,NS
ENSG00000235652,EPM2A-DT,-0.005998212,NA,NS
ENSG00000235661,MIR670HG,0.000985311,NA,NS
ENSG00000235688,SNTG2-AS1,-0.015091231,NA,NS
ENSG00000235703,EOLA2-DT,-0.007764396,NA,NS
ENSG00000235721,NA,-0.011199904,NA,NS
ENSG00000235776,RPL7AP70,0.008998578,NA,NS
ENSG00000235790,PEF1-AS1,0.003739196,NA,NS
ENSG00000235830,SRGAP3-AS4,-0.026423474,NA,NS
ENSG00000235859,NA,-0.015127807,NA,NS
ENSG00000235863,B3GALT4,-0.007843434,NA,NS
ENSG00000235897,TM4SF19-AS1,-0.026195883,NA,NS
ENSG00000235912,NA,0.016262675,NA,NS
ENSG00000235944,ZNF815P,0.003497388,NA,NS
ENSG00000235984,GPC5-AS1,-0.00618905,NA,NS
ENSG00000236017,ASMTL-AS1,-0.006795887,NA,NS
ENSG00000236021,COP1-DT,-0.004105813,NA,NS
ENSG00000236137,CD101-AS1,-0.000111864,NA,NS
ENSG00000236140,NA,0.005231311,NA,NS
ENSG00000236184,TCEA1P4,0.013283921,NA,NS
ENSG00000236200,KDM4A-AS1,0.010279632,NA,NS
ENSG00000236204,LINC01376,-0.035851495,NA,NS
ENSG00000236209,NA,0.004462728,NA,NS
ENSG00000236255,NA,-0.021808503,NA,NS
ENSG00000236303,LINC02646,0.007914548,NA,NS
ENSG00000236305,SLC12A9-AS1,0.018686804,NA,NS
ENSG00000236349,SUCLG2P2,0.002935942,NA,NS
ENSG00000236362,GAGE12F,0.004024342,NA,NS
ENSG00000236366,NA,-0.011014674,NA,NS
ENSG00000236377,MYO1D-DT,-0.000120017,NA,NS
ENSG00000236423,LINC01134,-0.023740533,NA,NS
ENSG00000236432,MFF-DT,-0.008210429,NA,NS
ENSG00000236439,RPS27P8,0.000898807,NA,NS
ENSG00000236499,LINC00896,-0.003459543,NA,NS
ENSG00000236514,ZNF248-AS1,-0.012157385,NA,NS
ENSG00000236519,LINC01424,-0.008733505,NA,NS
ENSG00000236528,NA,0.005576883,NA,NS
ENSG00000236529,NA,-0.008143323,NA,NS
ENSG00000236532,LINC01695,-0.02028051,NA,NS
ENSG00000236569,HNRNPA1P73,-0.004661068,NA,NS
ENSG00000236603,RANP1,0.00442192,NA,NS
ENSG00000236617,CHFR-DT,-0.000688073,NA,NS
ENSG00000236643,NA,0.00224124,NA,NS
ENSG00000236723,NA,-0.005654482,NA,NS
ENSG00000236737,GAGE12B,-0.017265782,NA,NS
ENSG00000236790,LINC00299,0.001056518,NA,NS
ENSG00000236801,RPL24P8,0.007484341,NA,NS
ENSG00000236814,NA,-0.005864386,NA,NS
ENSG00000236827,LINC00529,0.013601992,NA,NS
ENSG00000236846,NA,0.005476851,NA,NS
ENSG00000236869,ZKSCAN7-AS1,0.014234629,NA,NS
ENSG00000236915,CLCA4-AS1,0.009783724,NA,NS
ENSG00000236924,LINC02851,-0.011190291,NA,NS
ENSG00000236975,LINC02814,0.003698799,NA,NS
ENSG00000237017,PRPF31-AS1,0.000396933,NA,NS
ENSG00000237080,EHMT2-AS1,0.002183338,NA,NS
ENSG00000237115,NA,-0.003726122,NA,NS
ENSG00000237161,NA,-0.016328683,NA,NS
ENSG00000237172,B3GNT9,-0.008475749,NA,NS
ENSG00000237187,NR2F1-AS1,-0.003463297,NA,NS
ENSG00000237188,NA,-0.001023137,NA,NS
ENSG00000237214,RPS9P2,-0.007609731,NA,NS
ENSG00000237222,LINC01968,-0.015958657,NA,NS
ENSG00000237264,FTH1P11,0.005336331,NA,NS
ENSG00000237350,CDC42P6,0.005423755,NA,NS
ENSG00000237372,LINC03062,0.003551966,NA,NS
ENSG00000237399,PITRM1-AS1,-0.000991332,NA,NS
ENSG00000237413,MGC27382,0.01919686,NA,NS
ENSG00000237436,CAMTA1-DT,-0.033977709,NA,NS
ENSG00000237491,LINC01409,0.002199494,NA,NS
ENSG00000237493,NA,0.003325927,NA,NS
ENSG00000237499,WAKMAR2,-0.004345509,NA,NS
ENSG00000237505,PKN2-AS1,0.003371773,NA,NS
ENSG00000237506,RPSAP15,-0.00555881,NA,NS
ENSG00000237574,LINC01856,0.012560748,NA,NS
ENSG00000237595,LINC01275,-0.01639323,NA,NS
ENSG00000237605,DYRK3-AS1,-0.010953915,NA,NS
ENSG00000237624,OXCT2P1,-0.017161718,NA,NS
ENSG00000237638,LINC02245,-0.006939591,NA,NS
ENSG00000237640,NA,0.017339109,NA,NS
ENSG00000237766,GGTA2P,0.006368512,NA,NS
ENSG00000237767,LINC01370,0.011961404,NA,NS
ENSG00000237773,NA,-0.012668768,NA,NS
ENSG00000237821,ST13P7,0.013007853,NA,NS
ENSG00000237863,IRS4-AS1,0.012503408,NA,NS
ENSG00000237877,LINC01473,0.022084683,NA,NS
ENSG00000237886,NALT1,-0.012233644,NA,NS
ENSG00000237949,LINC00844,0.126155873,NA,NS
ENSG00000237950,LINC02918,0.008610801,NA,NS
ENSG00000237976,RFX5-AS1,0.029312018,NA,NS
ENSG00000238000,PSME2P1,0.010325614,NA,NS
ENSG00000238035,NA,-0.008038534,NA,NS
ENSG00000238072,CDC26P1,0.007331132,NA,NS
ENSG00000238074,TSPY9,0.004178184,NA,NS
ENSG00000238084,NA,-0.002117567,NA,NS
ENSG00000238103,RPL9P7,0.049903597,NA,NS
ENSG00000238107,LINC02806,0.004174429,NA,NS
ENSG00000238113,LINC01410,-0.002267506,NA,NS
ENSG00000238117,NA,-0.013577176,NA,NS
ENSG00000238164,TNFRSF14-AS1,-0.031143358,NA,NS
ENSG00000238207,NA,-0.012855655,NA,NS
ENSG00000238260,NA,0.002859246,NA,NS
ENSG00000238287,EXO5-DT,-0.013931853,NA,NS
ENSG00000239219,FHL1P1,-0.003370187,NA,NS
ENSG00000239335,LLPH-DT,0.005666414,NA,NS
ENSG00000239474,KLHL41,-0.005865676,NA,NS
ENSG00000239653,PSMD6-AS2,0.006105081,NA,NS
ENSG00000239677,PDZRN3-AS1,0.007375674,NA,NS
ENSG00000239704,CDRT4,0.003628973,NA,NS
ENSG00000239774,TTC14-DT,-0.005196981,NA,NS
ENSG00000239775,NA,-0.00292391,NA,NS
ENSG00000239791,NA,0.005522121,NA,NS
ENSG00000239883,PARGP1,0.000408965,NA,NS
ENSG00000239911,PRKAG2-AS1,-0.005417283,NA,NS
ENSG00000239945,NA,-0.018820563,NA,NS
ENSG00000240005,STIM2-AS1,-0.000701314,NA,NS
ENSG00000240023,RPLP0P3,0.002823269,NA,NS
ENSG00000240057,NEPRO-AS1,-0.000679105,NA,NS
ENSG00000240063,ATP11B-DT,-0.003070658,NA,NS
ENSG00000240065,PSMB9,0.001313619,NA,NS
ENSG00000240087,RPSAP12,0.024119595,NA,NS
ENSG00000240137,ERICH6-AS1,-0.000739563,NA,NS
ENSG00000240211,PPP1R35-AS1,0.001180785,NA,NS
ENSG00000240288,GHRLOS,-0.001102672,NA,NS
ENSG00000240291,NA,-0.004641567,NA,NS
ENSG00000240370,RPL13P5,0.00266514,NA,NS
ENSG00000240376,NA,-0.010750879,NA,NS
ENSG00000240429,LRRFIP1P1,-0.002108465,NA,NS
ENSG00000240449,REPIN1-AS1,-0.013737419,NA,NS
ENSG00000240489,SETP14,0.019258293,NA,NS
ENSG00000240497,NA,0.001638893,NA,NS
ENSG00000240541,TM4SF1-AS1,0.032515393,NA,NS
ENSG00000240583,AQP1,0.011085107,NA,NS
ENSG00000240694,PNMA2,-0.004196074,NA,NS
ENSG00000240758,HILPDA-AS1,-0.000253681,NA,NS
ENSG00000240790,SND1-DT,-0.013653662,NA,NS
ENSG00000240821,RPL9P25,-0.00165558,NA,NS
ENSG00000240859,LINC03014,0.006759924,NA,NS
ENSG00000240990,HOXA11-AS,0.006501212,NA,NS
ENSG00000241015,TPM3P9,0.022486951,NA,NS
ENSG00000241288,LINC02614,-0.024469692,NA,NS
ENSG00000241322,FBXW10B,0.009473133,NA,NS
ENSG00000241404,EGFL8,-0.026079622,NA,NS
ENSG00000241489,NA,-0.010425121,NA,NS
ENSG00000241547,ACTG1P20,0.00823883,NA,NS
ENSG00000241563,CORT,0.000321991,NA,NS
ENSG00000241627,UBQLN4P1,0.006808441,NA,NS
ENSG00000241635,UGT1A1,-0.023345994,NA,NS
ENSG00000241741,RPL7AP30,-0.007125508,NA,NS
ENSG00000241743,XACT,0.008531851,NA,NS
ENSG00000241754,NA,-0.011642748,NA,NS
ENSG00000241769,EOLA1-DT,0.010330022,NA,NS
ENSG00000241860,NA,0.003539279,NA,NS
ENSG00000241889,CTDNEP1P1,-0.007819382,NA,NS
ENSG00000241933,DENND6A-DT,0.020342665,NA,NS
ENSG00000241956,LINC03000,-0.015703177,NA,NS
ENSG00000241962,NA,-0.005053055,NA,NS
ENSG00000242073,NA,0.003558211,NA,NS
ENSG00000242242,NECTIN3-AS1,-0.003828456,NA,NS
ENSG00000242288,BMS1P4-AGAP5,-0.012585245,NA,NS
ENSG00000242539,NA,0.005792599,NA,NS
ENSG00000242553,NA,-0.007066444,NA,NS
ENSG00000242615,RPL17P47,-0.03497528,NA,NS
ENSG00000242689,CNTF,-0.007397816,NA,NS
ENSG00000242759,LINC00882,-0.02092026,NA,NS
ENSG00000242781,LINC02050,-0.008904631,NA,NS
ENSG00000242798,NA,-0.001032027,NA,NS
ENSG00000242808,SOX2-OT,-0.008550375,NA,NS
ENSG00000242880,NA,0.000525318,NA,NS
ENSG00000243083,LINC00870,0.007963456,NA,NS
ENSG00000243155,NA,0.007350592,NA,NS
ENSG00000243224,TWF2-DT,-0.012393651,NA,NS
ENSG00000243232,PCDHAC2,-0.010029536,NA,NS
ENSG00000243422,RPL23AP49,0.005451304,NA,NS
ENSG00000243547,HNRNPKP4,0.013849124,NA,NS
ENSG00000243550,LINC01214,0.01152966,NA,NS
ENSG00000243566,UPK3B,-0.000532928,NA,NS
ENSG00000243593,LINC02049,0.00927244,NA,NS
ENSG00000243679,NA,0.001284188,NA,NS
ENSG00000243696,NA,-0.014220992,NA,NS
ENSG00000243742,RPLP0P2,-0.022148932,NA,NS
ENSG00000244055,NA,-0.000710579,NA,NS
ENSG00000244128,LINC01322,-0.01595081,NA,NS
ENSG00000244151,NA,0.024948053,NA,NS
ENSG00000244265,SIAH2-AS1,-0.00587338,NA,NS
ENSG00000244270,RPL32P29,-0.019361176,NA,NS
ENSG00000244274,DBNDD2,-0.002579973,NA,NS
ENSG00000244363,RPL7P23,-0.023535745,NA,NS
ENSG00000244380,NA,-0.007281976,NA,NS
ENSG00000244405,ETV5,-0.022736972,NA,NS
ENSG00000244468,TM4SF18-AS1,0.026211537,NA,NS
ENSG00000244502,HDAC11-AS1,-0.012362872,NA,NS
ENSG00000244513,EOGT-DT,-0.001208874,NA,NS
ENSG00000244558,KCNK15-AS1,0.001043406,NA,NS
ENSG00000244563,RPS26P19,0.019106279,NA,NS
ENSG00000244586,WNT5A-AS1,-0.008410232,NA,NS
ENSG00000244607,CCDC13,-0.004602627,NA,NS
ENSG00000244617,ASPRV1,0.002672698,NA,NS
ENSG00000244625,MIATNB,-0.008744251,NA,NS
ENSG00000244649,LINC02086,0.001422685,NA,NS
ENSG00000244701,NA,0.001733316,NA,NS
ENSG00000244731,C4A,-0.005765831,NA,NS
ENSG00000245017,LINC02453,0.000865184,NA,NS
ENSG00000245149,RNF139-DT,0.003120582,NA,NS
ENSG00000245261,NA,-0.00127429,NA,NS
ENSG00000245275,SAP30L-AS1,0.001393893,NA,NS
ENSG00000245322,H2AZ1-DT,-0.019501474,NA,NS
ENSG00000245552,LNCRNA-IUR,-0.010020862,NA,NS
ENSG00000245662,LINC02211,-0.009650678,NA,NS
ENSG00000245685,FRG1-DT,-0.001597577,NA,NS
ENSG00000245688,NA,-0.020802765,NA,NS
ENSG00000245729,LINC02226,0.020542086,NA,NS
ENSG00000245748,NA,-0.000657474,NA,NS
ENSG00000245768,NA,-0.001572868,NA,NS
ENSG00000245888,NSMCE1-DT,0.002149344,NA,NS
ENSG00000245904,BTG1-DT,-0.013319714,NA,NS
ENSG00000245975,MINDY2-DT,-0.005748966,NA,NS
ENSG00000246090,NA,0.014134595,NA,NS
ENSG00000246145,RRS1-DT,-0.023060695,NA,NS
ENSG00000246214,RETREG1-AS1,-0.016318007,NA,NS
ENSG00000246225,NA,0.049732799,NA,NS
ENSG00000246283,TTBK2-AS1,-0.006767316,NA,NS
ENSG00000246334,PRR7-AS1,0.005505422,NA,NS
ENSG00000246339,EXTL3-AS1,0.004629379,NA,NS
ENSG00000246350,ZBED9-AS1,0.000597088,NA,NS
ENSG00000246523,FZD4-DT,0.005780249,NA,NS
ENSG00000246526,LINC02481,-0.009785199,NA,NS
ENSG00000246596,SIMC1P1,0.014471376,NA,NS
ENSG00000246777,DYNC1LI2-DT,0.01301899,NA,NS
ENSG00000246863,GPR176-DT,0.032602232,NA,NS
ENSG00000246876,LINC02466,-0.008372715,NA,NS
ENSG00000246922,UBAP1L,0.001807627,NA,NS
ENSG00000246985,SOCS2-AS1,0.038338947,NA,NS
ENSG00000247081,BAALC-AS1,-0.000835544,NA,NS
ENSG00000247134,NA,-0.000395954,NA,NS
ENSG00000247151,CSTF3-DT,0.00531597,NA,NS
ENSG00000247199,FBXO38-DT,0.008978285,NA,NS
ENSG00000247287,PRKCH-AS1,0.00156336,NA,NS
ENSG00000247363,NUP107-DT,0.014409219,NA,NS
ENSG00000247373,TMED2-DT,0.003009414,NA,NS
ENSG00000247595,MISFA,-0.001995677,NA,NS
ENSG00000247675,LRP4-AS1,0.010725506,NA,NS
ENSG00000247679,NA,-0.033272673,NA,NS
ENSG00000247728,ARHGAP11B-DT,0.042547696,NA,NS
ENSG00000247746,USP51,0.008144425,NA,NS
ENSG00000247853,NA,-0.003379457,NA,NS
ENSG00000247877,FAM174A-DT,-0.011481436,NA,NS
ENSG00000247950,SEC24B-AS1,-0.004062872,NA,NS
ENSG00000248015,NA,0.000726941,NA,NS
ENSG00000248027,ARHGAP42-AS1,-0.012804743,NA,NS
ENSG00000248101,NA,-0.002745777,NA,NS
ENSG00000248161,NA,0.005226962,NA,NS
ENSG00000248206,NA,0.010520584,NA,NS
ENSG00000248235,NA,-0.006853951,NA,NS
ENSG00000248323,LUCAT1,0.01997524,NA,NS
ENSG00000248367,NA,-0.012571241,NA,NS
ENSG00000248370,LINC02434,-0.010769264,NA,NS
ENSG00000248405,PRR5-ARHGAP8,-0.061142638,NA,NS
ENSG00000248468,NA,0.001873281,NA,NS
ENSG00000248554,C5orf34-AS1,-0.016383819,NA,NS
ENSG00000248593,DSTNP2,0.039406199,NA,NS
ENSG00000248664,NA,-0.011979654,NA,NS
ENSG00000248668,OXCT1-AS1,0.019554333,NA,NS
ENSG00000248685,LINC02484,0.00086886,NA,NS
ENSG00000248710,TRIM59-IFT80,0.0778393,NA,NS
ENSG00000248712,DRC12,-0.015860194,NA,NS
ENSG00000248740,LINC02428,0.00511646,NA,NS
ENSG00000248751,NA,0.000713301,NA,NS
ENSG00000248771,SMIM31,-0.006895429,NA,NS
ENSG00000248774,NA,0.022333053,NA,NS
ENSG00000248783,NA,0.003066564,NA,NS
ENSG00000248898,PELO-AS1,-0.002292491,NA,NS
ENSG00000248905,FMN1,0.016509336,NA,NS
ENSG00000248925,PDCD6-DT,0.009610158,NA,NS
ENSG00000248927,NA,-0.000859419,NA,NS
ENSG00000248971,KRT8P46,0.014071042,NA,NS
ENSG00000248973,NA,0.006651868,NA,NS
ENSG00000248975,NA,0.005204883,NA,NS
ENSG00000248994,NA,-0.003989878,NA,NS
ENSG00000249007,NA,-0.006035351,NA,NS
ENSG00000249014,HMGN2P4,0.011646249,NA,NS
ENSG00000249085,TNPO1-DT,-0.012324055,NA,NS
ENSG00000249087,ZNF436-AS1,0.002576294,NA,NS
ENSG00000249129,SUDS3P1,0.00298793,NA,NS
ENSG00000249141,NA,-0.019012489,NA,NS
ENSG00000249207,NA,0.013836752,NA,NS
ENSG00000249209,NA,0.021210997,NA,NS
ENSG00000249240,NA,-0.002363263,NA,NS
ENSG00000249264,EEF1A1P9,-0.019510114,NA,NS
ENSG00000249306,LINC01411,-0.010121906,NA,NS
ENSG00000249319,NA,-0.01772645,NA,NS
ENSG00000249345,LINC02405,-0.008312826,NA,NS
ENSG00000249362,LINC02488,-0.017942033,NA,NS
ENSG00000249375,CASC11,-0.024599805,NA,NS
ENSG00000249378,LINC01060,0.004086668,NA,NS
ENSG00000249379,GCLC-AS1,0.042993695,NA,NS
ENSG00000249392,NA,-0.009197817,NA,NS
ENSG00000249395,CASC9,0.005435332,NA,NS
ENSG00000249413,NA,-0.000369729,NA,NS
ENSG00000249456,NA,0.010168096,NA,NS
ENSG00000249464,LINC01091,0.016608071,NA,NS
ENSG00000249485,RBBP4P1,0.004042435,NA,NS
ENSG00000249494,DMXL1-DT,0.024468311,NA,NS
ENSG00000249565,SERBP1P5,0.001194205,NA,NS
ENSG00000249599,BMPR1B-DT,0.020350934,NA,NS
ENSG00000249624,IFNAR2-IL10RB,-0.027289784,NA,NS
ENSG00000249650,CEP72-DT,-0.003837145,NA,NS
ENSG00000249661,TNRC18P1,0.006951783,NA,NS
ENSG00000249679,NA,-0.026126355,NA,NS
ENSG00000249773,NA,0.025389514,NA,NS
ENSG00000249803,CTB-1I21.1,0.004595737,NA,NS
ENSG00000249825,THBS4-AS1,0.004423318,NA,NS
ENSG00000249839,NA,-0.010797139,NA,NS
ENSG00000249849,NA,-0.012900809,NA,NS
ENSG00000249850,KRT18P31,0.012538489,NA,NS
ENSG00000249855,EEF1A1P19,-0.00485076,NA,NS
ENSG00000249863,NA,-0.006805341,NA,NS
ENSG00000249923,LINC02891,-0.000261041,NA,NS
ENSG00000249934,NCOA4P2,0.013053006,NA,NS
ENSG00000249936,RAC1P2,0.008098869,NA,NS
ENSG00000249948,GBA3,0.008230523,NA,NS
ENSG00000249956,UGT2B24P,0.142567752,NA,NS
ENSG00000249959,NA,0.001566305,NA,NS
ENSG00000250072,SH3TC2-DT,-0.019212227,NA,NS
ENSG00000250091,DNAH10OS,0.010541794,NA,NS
ENSG00000250120,PCDHA10,-0.011794932,NA,NS
ENSG00000250131,AGA-DT,-0.000465321,NA,NS
ENSG00000250151,ARPC4-TTLL3,-0.01679195,NA,NS
ENSG00000250167,NA,-0.007557087,NA,NS
ENSG00000250182,EEF1A1P13,-0.019119562,NA,NS
ENSG00000250186,NA,-0.009658489,NA,NS
ENSG00000250251,PKD1P6,-0.003228702,NA,NS
ENSG00000250266,LINC01612,-0.018127797,NA,NS
ENSG00000250273,PSMC1P5,0.001121048,NA,NS
ENSG00000250302,LINC01618,-0.012949599,NA,NS
ENSG00000250326,USP38-DT,0.006373487,NA,NS
ENSG00000250337,PURPL,-0.005038743,NA,NS
ENSG00000250349,NA,0.000348048,NA,NS
ENSG00000250358,LINC02200,0.020979534,NA,NS
ENSG00000250365,HEATR5A-DT,0.013891586,NA,NS
ENSG00000250397,NA,-0.013189157,NA,NS
ENSG00000250403,RPL7L1P14,0.018730621,NA,NS
ENSG00000250413,SLC2A9-AS1,-0.001312125,NA,NS
ENSG00000250432,FAM242C,0.017074552,NA,NS
ENSG00000250451,HOXC-AS1,-0.007122839,NA,NS
ENSG00000250474,WBP1LP2,-0.001929798,NA,NS
ENSG00000250519,NA,-0.002879368,NA,NS
ENSG00000250539,KRT8P33,0.011998203,NA,NS
ENSG00000250575,NA,-0.022545772,NA,NS
ENSG00000250600,ROPN1L-AS1,0.009121379,NA,NS
ENSG00000250608,NUDT16-DT,-0.008174182,NA,NS
ENSG00000250874,NA,-0.024101494,NA,NS
ENSG00000250896,RNPS1P1,0.005630945,NA,NS
ENSG00000250938,MAD2L1-DT,-0.015443702,NA,NS
ENSG00000250999,NA,-0.005215792,NA,NS
ENSG00000251013,GAPDHP62,0.007675516,NA,NS
ENSG00000251015,SLC25A30-AS1,0.000802302,NA,NS
ENSG00000251141,MRPS30-DT,0.003429512,NA,NS
ENSG00000251143,NA,-0.022342534,NA,NS
ENSG00000251151,HOXC-AS3,0.005688844,NA,NS
ENSG00000251161,NA,0.006883453,NA,NS
ENSG00000251191,LINC00589,-0.002612802,NA,NS
ENSG00000251244,NA,-0.014008814,NA,NS
ENSG00000251246,EFNA4-EFNA3,-0.018149548,NA,NS
ENSG00000251323,LINC02728,-0.004540829,NA,NS
ENSG00000251349,MSANTD3-TMEFF1,-0.033217336,NA,NS
ENSG00000251364,SYT9-AS1,0.012143091,NA,NS
ENSG00000251365,LINC02236,-0.001257368,NA,NS
ENSG00000251396,LINC01301,0.003517854,NA,NS
ENSG00000251410,NA,0.002489663,NA,NS
ENSG00000251417,NA,0.003636246,NA,NS
ENSG00000251429,AIDAP2,-0.011834821,NA,NS
ENSG00000251432,LINC02615,-0.021591326,NA,NS
ENSG00000251442,LINC01094,0.012133287,NA,NS
ENSG00000251459,NA,-0.009507254,NA,NS
ENSG00000251468,NA,0.001096264,NA,NS
ENSG00000251485,NRBF2P6,-0.009404044,NA,NS
ENSG00000251503,CENPS-CORT,-0.0070706,NA,NS
ENSG00000251537,NA,-0.020768753,NA,NS
ENSG00000251569,NA,0.387944944,NA,NS
ENSG00000251574,NA,-0.015954157,NA,NS
ENSG00000251661,NA,0.004651817,NA,NS
ENSG00000251692,PTX4,-0.009291429,NA,NS
ENSG00000253106,NA,0.005993831,NA,NS
ENSG00000253159,PCDHGA12,0.021563168,NA,NS
ENSG00000253161,LINC01605,-0.007016457,NA,NS
ENSG00000253194,NA,-9.41E-05,NA,NS
ENSG00000253327,RAD21-AS1,-0.013566565,NA,NS
ENSG00000253341,PCBP2P2,-0.018706155,NA,NS
ENSG00000253374,NA,-0.005979798,NA,NS
ENSG00000253395,LINC03044,-0.000302632,NA,NS
ENSG00000253404,CTNNA1-AS1,-0.012321567,NA,NS
ENSG00000253433,NA,-0.000524545,NA,NS
ENSG00000253485,PCDHGA5,0.016041634,NA,NS
ENSG00000253537,PCDHGA7,-0.016704466,NA,NS
ENSG00000253541,SEPTIN10P1,5.93E-05,NA,NS
ENSG00000253552,HOXA-AS2,0.009152636,NA,NS
ENSG00000253559,OSGEPL1-AS1,-0.005082689,NA,NS
ENSG00000253570,RNF5P1,-0.010170395,NA,NS
ENSG00000253582,OXR1-AS1,-0.002207597,NA,NS
ENSG00000253598,SLC10A5,-0.008807402,NA,NS
ENSG00000253636,NA,0.007893286,NA,NS
ENSG00000253683,NA,-0.009778085,NA,NS
ENSG00000253695,PINX1-DT,-0.01053431,NA,NS
ENSG00000253696,KBTBD11-OT1,0.009940441,NA,NS
ENSG00000253704,VIRMA-DT,0.008891807,NA,NS
ENSG00000253731,PCDHGA6,-0.001783574,NA,NS
ENSG00000253764,KBTBD11-AS1,0.017548458,NA,NS
ENSG00000253865,NA,0.005312735,NA,NS
ENSG00000253873,PCDHGA11,0.01261651,NA,NS
ENSG00000253893,FAM85B,-0.003442791,NA,NS
ENSG00000253910,PCDHGB2,0.02302531,NA,NS
ENSG00000253944,MTUS1-DT,0.006134703,NA,NS
ENSG00000253953,PCDHGB4,-0.013004688,NA,NS
ENSG00000253954,HMGN1P38,-0.003939251,NA,NS
ENSG00000253978,TENM2-AS1,0.004142447,NA,NS
ENSG00000254109,RBPMS-AS1,0.017895987,NA,NS
ENSG00000254122,PCDHGB7,0.017244852,NA,NS
ENSG00000254165,NA,0.011209475,NA,NS
ENSG00000254186,NA,-0.00769643,NA,NS
ENSG00000254206,NPIPB11,-0.010170059,NA,NS
ENSG00000254224,UQCRB-AS1,-0.0146805,NA,NS
ENSG00000254233,LINC02365,-0.016021365,NA,NS
ENSG00000254244,PAICSP4,-0.032325425,NA,NS
ENSG00000254245,PCDHGA3,-0.007318087,NA,NS
ENSG00000254271,ANK3-DT,0.010655894,NA,NS
ENSG00000254285,KRT8P3,-0.000757719,NA,NS
ENSG00000254302,NA,-0.005583382,NA,NS
ENSG00000254413,CHKB-CPT1B,-0.117057649,NA,NS
ENSG00000254445,HSPB2-C11orf52,-0.006310971,NA,NS
ENSG00000254477,NA,-0.00647027,NA,NS
ENSG00000254480,LINC02749,-0.007681505,NA,NS
ENSG00000254485,NA,-0.007977604,NA,NS
ENSG00000254491,NA,0.039371613,NA,NS
ENSG00000254536,NA,-0.008466539,NA,NS
ENSG00000254539,NA,-0.004065005,NA,NS
ENSG00000254598,CSNK2A3,-0.009790831,NA,NS
ENSG00000254612,DNAJB6P1,0.006367043,NA,NS
ENSG00000254614,CAPN1-AS1,-0.011073702,NA,NS
ENSG00000254634,SMG1P6,0.006132377,NA,NS
ENSG00000254662,NA,-0.021638555,NA,NS
ENSG00000254665,NA,0.005150342,NA,NS
ENSG00000254692,NA,0.001900295,NA,NS
ENSG00000254706,NA,-0.01063013,NA,NS
ENSG00000254718,NA,-0.006945499,NA,NS
ENSG00000254732,NA,-0.001477452,NA,NS
ENSG00000254783,NA,0.004784349,NA,NS
ENSG00000254788,CKLF-CMTM1,-0.009064254,NA,NS
ENSG00000254806,SYS1-DBNDD2,0.007812208,NA,NS
ENSG00000254852,NPIPA2,-0.052388651,NA,NS
ENSG00000254876,SUGT1P4-STRA6LP,0.003818171,NA,NS
ENSG00000254877,NA,-0.005726764,NA,NS
ENSG00000254929,NA,-0.002487482,NA,NS
ENSG00000254973,NA,-0.013649845,NA,NS
ENSG00000255007,LINC02489,0.00308676,NA,NS
ENSG00000255031,NA,-0.005338085,NA,NS
ENSG00000255036,SUGT1P4-STRA6LP-CCDC180,-0.004865366,NA,NS
ENSG00000255062,TIRAP-AS1,0.035119369,NA,NS
ENSG00000255073,ZFP91-CNTF,-0.000993562,NA,NS
ENSG00000255100,TSKU-AS1,0.009026443,NA,NS
ENSG00000255129,TTC12-DT,0.007816049,NA,NS
ENSG00000255139,NA,0.005519906,NA,NS
ENSG00000255150,EID3,-0.002311122,NA,NS
ENSG00000255152,MSH5-SAPCD1,-0.012131953,NA,NS
ENSG00000255158,NA,-0.005540954,NA,NS
ENSG00000255182,NA,-0.009595989,NA,NS
ENSG00000255298,OR8G5,0.004483782,NA,NS
ENSG00000255310,NA,0.01179636,NA,NS
ENSG00000255320,NA,-0.001634202,NA,NS
ENSG00000255337,TMEM123-DT,0.003178437,NA,NS
ENSG00000255339,NA,-0.009742263,NA,NS
ENSG00000255423,EBLN2,-0.01535131,NA,NS
ENSG00000255425,OR8G3P,0.002727373,NA,NS
ENSG00000255435,TTC36-AS1,-0.018428561,NA,NS
ENSG00000255455,NA,0.000113702,NA,NS
ENSG00000255458,SMIM14-DT,-0.021810103,NA,NS
ENSG00000255462,NA,0.00675779,NA,NS
ENSG00000255468,B4GAT1-DT,0.00781475,NA,NS
ENSG00000255471,PRSS23-AS1,0.006206507,NA,NS
ENSG00000255510,OR8A2P,0.008287135,NA,NS
ENSG00000255526,NEDD8-MDP1,0.00034896,NA,NS
ENSG00000255545,B3GAT1-DT,-0.020414156,NA,NS
ENSG00000255559,ZNF252P-AS1,0.007699123,NA,NS
ENSG00000255571,MIR9-3HG,-0.018790647,NA,NS
ENSG00000255647,NA,0.009991969,NA,NS
ENSG00000255650,FAM222A-AS1,0.011905678,NA,NS
ENSG00000255663,NA,0.003106032,NA,NS
ENSG00000255693,LINC02389,-0.000698439,NA,NS
ENSG00000255760,LINC02422,-0.015331565,NA,NS
ENSG00000255837,TAS2R20,-0.014234462,NA,NS
ENSG00000255856,NA,-0.009469417,NA,NS
ENSG00000255959,NA,-0.004098344,NA,NS
ENSG00000255966,GAPDH-DT,-0.004170597,NA,NS
ENSG00000255992,PUS1-AS1,-0.004641321,NA,NS
ENSG00000256028,NA,-0.004104642,NA,NS
ENSG00000256034,NA,-0.004730868,NA,NS
ENSG00000256116,NA,0.002787762,NA,NS
ENSG00000256151,ADGRD1-AS1,-0.012251396,NA,NS
ENSG00000256196,NA,-0.009613023,NA,NS
ENSG00000256206,NA,0.006338039,NA,NS
ENSG00000256229,ZNF486,-0.010911117,NA,NS
ENSG00000256238,SUPT16HP1,-0.0246442,NA,NS
ENSG00000256312,NA,0.026605024,NA,NS
ENSG00000256433,NA,0.002032679,NA,NS
ENSG00000256442,NA,0.012502566,NA,NS
ENSG00000256443,NA,-0.003234468,NA,NS
ENSG00000256453,DND1,-0.028095933,NA,NS
ENSG00000256546,LINC02985,-0.013157035,NA,NS
ENSG00000256576,LINC02361,-0.016679403,NA,NS
ENSG00000256671,LIMS4,-0.002135341,NA,NS
ENSG00000256742,KDM2B-DT,0.002455374,NA,NS
ENSG00000256745,ARPC3P3,0.00377818,NA,NS
ENSG00000256966,NA,0.010550688,NA,NS
ENSG00000256967,NA,-0.01103382,NA,NS
ENSG00000257002,NA,-0.003389248,NA,NS
ENSG00000257027,NA,0.020666035,NA,NS
ENSG00000257052,PRPF19-DT,-0.010955215,NA,NS
ENSG00000257086,NA,-0.027036576,NA,NS
ENSG00000257108,NHLRC4,-0.002219385,NA,NS
ENSG00000257175,NA,-0.014228615,NA,NS
ENSG00000257176,NA,0.002906253,NA,NS
ENSG00000257242,LINC01619,0.010867531,NA,NS
ENSG00000257252,NA,0.004284495,NA,NS
ENSG00000257261,SLC38A4-AS1,-0.005179103,NA,NS
ENSG00000257285,PRMT5-DT,-0.012464488,NA,NS
ENSG00000257341,NA,-0.006904312,NA,NS
ENSG00000257354,MIRLET7IHG,-0.012194696,NA,NS
ENSG00000257379,NA,-0.008946012,NA,NS
ENSG00000257390,NA,0.006887345,NA,NS
ENSG00000257395,NA,0.004530104,NA,NS
ENSG00000257398,NA,0.014929671,NA,NS
ENSG00000257433,RPAP3-DT,-0.041731029,NA,NS
ENSG00000257443,LRIG3-DT,0.000594131,NA,NS
ENSG00000257446,ZNF878,0.050368789,NA,NS
ENSG00000257511,NA,-0.008295939,NA,NS
ENSG00000257523,LINC02326,-0.037521426,NA,NS
ENSG00000257526,NA,-0.005573352,NA,NS
ENSG00000257527,NA,-0.006249435,NA,NS
ENSG00000257557,PPP1R12A-AS1,0.014974113,NA,NS
ENSG00000257576,HSPD1P4,0.001348427,NA,NS
ENSG00000257599,OVCH1-AS1,-0.003910693,NA,NS
ENSG00000257605,MYG1-AS1,0.009392821,NA,NS
ENSG00000257607,NA,0.001808053,NA,NS
ENSG00000257660,ADCY6-DT,-0.006317807,NA,NS
ENSG00000257767,NA,0.011931361,NA,NS
ENSG00000257781,NA,-0.009194673,NA,NS
ENSG00000257800,FNBP1P1,-0.006961654,NA,NS
ENSG00000257839,PHLDA1-DT,0.007708509,NA,NS
ENSG00000257869,NA,0.00071957,NA,NS
ENSG00000257884,NA,-0.002104454,NA,NS
ENSG00000257913,DDN-AS1,-0.007063566,NA,NS
ENSG00000257921,NA,-0.015195839,NA,NS
ENSG00000257950,P2RX5-TAX1BP3,-0.009489419,NA,NS
ENSG00000257951,NA,-0.015530845,NA,NS
ENSG00000257954,NA,0.007221736,NA,NS
ENSG00000258001,R3HDM2-DT,0.00347647,NA,NS
ENSG00000258038,LINC02327,-0.003248374,NA,NS
ENSG00000258072,NA,-0.014963734,NA,NS
ENSG00000258101,NA,0.003048653,NA,NS
ENSG00000258102,MAP1LC3B2,-0.006156628,NA,NS
ENSG00000258171,LINC02412,-0.017259771,NA,NS
ENSG00000258232,NA,-0.009802418,NA,NS
ENSG00000258311,NA,-0.005510638,NA,NS
ENSG00000258354,NA,0.008680735,NA,NS
ENSG00000258377,NA,-0.004176124,NA,NS
ENSG00000258384,RCCD1-AS1,-0.005510985,NA,NS
ENSG00000258388,PPT2-EGFL8,-0.031668132,NA,NS
ENSG00000258405,ZNF578,-0.041545224,NA,NS
ENSG00000258427,RMB8AP1,-0.001675731,NA,NS
ENSG00000258446,NA,-0.004165598,NA,NS
ENSG00000258458,OXA1L-DT,-0.029254206,NA,NS
ENSG00000258465,NA,-0.007918054,NA,NS
ENSG00000258526,NA,-0.012644918,NA,NS
ENSG00000258529,NA,0.001218883,NA,NS
ENSG00000258537,FRMD6-AS2,-0.000540002,NA,NS
ENSG00000258539,NA,0.010586853,NA,NS
ENSG00000258555,SPECC1L-ADORA2A,-0.009126902,NA,NS
ENSG00000258561,NA,0.000397904,NA,NS
ENSG00000258568,RHOQP1,0.006998694,NA,NS
ENSG00000258633,RRAGAP1-AS1,-0.007361618,NA,NS
ENSG00000258644,SYNJ2BP-COX16,0.007920371,NA,NS
ENSG00000258645,HSPE1P2,0.000182099,NA,NS
ENSG00000258647,LINC00930,0.005922786,NA,NS
ENSG00000258651,SEC23A-AS1,0.008415208,NA,NS
ENSG00000258659,TRIM34,0.012020616,NA,NS
ENSG00000258674,NA,0.001132389,NA,NS
ENSG00000258701,VESTAR,-0.021034744,NA,NS
ENSG00000258707,NA,0.024858623,NA,NS
ENSG00000258725,PRC1-AS1,-0.002030016,NA,NS
ENSG00000258728,NA,-0.01987037,NA,NS
ENSG00000258731,DDHD1-DT,0.001607014,NA,NS
ENSG00000258754,LINC01579,0.001865964,NA,NS
ENSG00000258766,DIO2-AS1,0.004633511,NA,NS
ENSG00000258768,NA,-0.005227611,NA,NS
ENSG00000258798,CCDC88C-DT,0.003119648,NA,NS
ENSG00000258813,RBM25-AS1,0.014695479,NA,NS
ENSG00000258824,NA,-0.013894216,NA,NS
ENSG00000258830,NA,0.218213851,NA,NS
ENSG00000258839,MC1R,-0.016390563,NA,NS
ENSG00000258900,HNRNPCP1,0.026738278,NA,NS
ENSG00000258938,NA,0.009946929,NA,NS
ENSG00000258982,YY1-DT,-0.004044407,NA,NS
ENSG00000258984,UBE2F-SCLY,0.005069133,NA,NS
ENSG00000259001,NA,-0.021495359,NA,NS
ENSG00000259065,MIDEAS-AS1,-0.00416765,NA,NS
ENSG00000259069,NA,0.005108567,NA,NS
ENSG00000259083,PNN-AS1,0.017135236,NA,NS
ENSG00000259087,NA,-0.014862774,NA,NS
ENSG00000259088,NA,0.015403049,NA,NS
ENSG00000259130,NA,0.011291709,NA,NS
ENSG00000259138,NA,-0.018852435,NA,NS
ENSG00000259171,NA,-0.006760965,NA,NS
ENSG00000259172,SNRPA1-DT,-0.004470709,NA,NS
ENSG00000259205,PRKXP1,-0.002406683,NA,NS
ENSG00000259207,ITGB3,0.03035001,NA,NS
ENSG00000259251,VPS13C-DT,-0.001251617,NA,NS
ENSG00000259305,ZHX1-C8orf76,-0.002078991,NA,NS
ENSG00000259349,APPBP2-DT,0.006264971,NA,NS
ENSG00000259354,SLC30A4-AS1,-0.0147804,NA,NS
ENSG00000259383,NA,-0.004544049,NA,NS
ENSG00000259426,KIF23-AS1,0.011400696,NA,NS
ENSG00000259438,MAPK6-DT,0.008063579,NA,NS
ENSG00000259456,ADNP-AS1,-0.000336099,NA,NS
ENSG00000259479,SORD2P,0.006443405,NA,NS
ENSG00000259488,DUT-AS1,0.013555007,NA,NS
ENSG00000259495,ARNT2-DT,-0.01101818,NA,NS
ENSG00000259498,TPM1-AS,0.031813485,NA,NS
ENSG00000259523,NA,0.024248114,NA,NS
ENSG00000259553,NA,-0.000710443,NA,NS
ENSG00000259581,TYRO3P,0.003704879,NA,NS
ENSG00000259605,NA,-0.021714076,NA,NS
ENSG00000259663,ISL1-DT,-0.002159344,NA,NS
ENSG00000259687,LINC01220,-0.018856236,NA,NS
ENSG00000259706,HSP90B2P,-0.001039814,NA,NS
ENSG00000259736,CRTC3-AS1,-0.013999147,NA,NS
ENSG00000259775,EIF5-DT,-0.004404059,NA,NS
ENSG00000259780,NA,-0.018422254,NA,NS
ENSG00000259788,UAP1-DT,-0.022979355,NA,NS
ENSG00000259804,CTCF-DT,-0.001128722,NA,NS
ENSG00000259818,CZIB-DT,-0.018722829,NA,NS
ENSG00000259823,LYPD8,0.003420731,NA,NS
ENSG00000259856,RAB43P1,-0.000791113,NA,NS
ENSG00000259867,DYNLRB2-AS1,-0.000714196,NA,NS
ENSG00000259917,HNRNPLP2,-0.024691537,NA,NS
ENSG00000259940,NA,0.016935896,NA,NS
ENSG00000259952,NA,0.001309027,NA,NS
ENSG00000259994,NA,-0.007910581,NA,NS
ENSG00000260075,NSFP1,0.008551467,NA,NS
ENSG00000260088,DDX59-AS1,-0.010339304,NA,NS
ENSG00000260101,AFTPH-DT,-0.021912166,NA,NS
ENSG00000260118,NA,-6.60E-05,NA,NS
ENSG00000260121,NA,0.014013957,NA,NS
ENSG00000260132,NA,0.013648705,NA,NS
ENSG00000260156,NA,-0.005010417,NA,NS
ENSG00000260197,NA,0.029028496,NA,NS
ENSG00000260236,PTPN23-DT,-0.002076889,NA,NS
ENSG00000260249,NA,-0.016924862,NA,NS
ENSG00000260257,NA,0.010486627,NA,NS
ENSG00000260259,LINC02166,0.001230709,NA,NS
ENSG00000260269,NA,-0.000463428,NA,NS
ENSG00000260272,NA,0.00031624,NA,NS
ENSG00000260273,NA,0.003441264,NA,NS
ENSG00000260280,SLX1B-SULT1A4,-0.020646605,NA,NS
ENSG00000260281,ITFG1-AS1,0.002070582,NA,NS
ENSG00000260290,NA,0.004013187,NA,NS
ENSG00000260293,NA,-0.005818139,NA,NS
ENSG00000260316,NA,-0.001933871,NA,NS
ENSG00000260317,LINC02986,0.044375795,NA,NS
ENSG00000260337,NA,-0.001564019,NA,NS
ENSG00000260339,HEXA-AS1,-0.018142652,NA,NS
ENSG00000260342,NA,0.002784339,NA,NS
ENSG00000260352,SMG1-DT,0.003940129,NA,NS
ENSG00000260367,NA,-0.027333422,NA,NS
ENSG00000260369,NA,-0.00294008,NA,NS
ENSG00000260372,AQP4-AS1,0.037562833,NA,NS
ENSG00000260400,NA,0.040798738,NA,NS
ENSG00000260417,NA,0.01479254,NA,NS
ENSG00000260423,LINC02367,0.017081161,NA,NS
ENSG00000260428,SCX,-0.019684448,NA,NS
ENSG00000260459,FTLP14,0.015487277,NA,NS
ENSG00000260475,SLC25A28-DT,0.000391234,NA,NS
ENSG00000260484,NA,-0.002525428,NA,NS
ENSG00000260493,E2F5-DT,0.001660872,NA,NS
ENSG00000260500,NA,0.012563997,NA,NS
ENSG00000260526,AP1AR-DT,0.015736736,NA,NS
ENSG00000260528,FAM157C,-2.72E-05,NA,NS
ENSG00000260537,NA,0.003914302,NA,NS
ENSG00000260573,NA,-0.007093806,NA,NS
ENSG00000260578,NA,-0.021701707,NA,NS
ENSG00000260588,NA,-0.007454178,NA,NS
ENSG00000260589,STAM-DT,0.006343842,NA,NS
ENSG00000260597,NA,-0.010463904,NA,NS
ENSG00000260608,NA,-0.019109285,NA,NS
ENSG00000260625,RUSF1-DT,-0.026090391,NA,NS
ENSG00000260644,HERC2P5,-0.049800703,NA,NS
ENSG00000260669,NA,0.005708156,NA,NS
ENSG00000260691,ANKRD20A1,-0.000506158,NA,NS
ENSG00000260698,NA,0.006361339,NA,NS
ENSG00000260711,NA,0.006918313,NA,NS
ENSG00000260719,NA,0.019371515,NA,NS
ENSG00000260742,ITPRID2-DT,-0.085472089,NA,NS
ENSG00000260743,NA,-0.005453261,NA,NS
ENSG00000260751,NA,-0.00829546,NA,NS
ENSG00000260774,NA,0.021185382,NA,NS
ENSG00000260777,NA,0.013499523,NA,NS
ENSG00000260778,MIR3677HG,-0.001064562,NA,NS
ENSG00000260788,CEDORA,-0.007457189,NA,NS
ENSG00000260803,NA,0.020324798,NA,NS
ENSG00000260807,CEROX1,-0.01300265,NA,NS
ENSG00000260830,NA,0.016173,NA,NS
ENSG00000260855,NA,0.008173548,NA,NS
ENSG00000260874,NA,-0.004927641,NA,NS
ENSG00000260879,NA,-0.006511151,NA,NS
ENSG00000260898,ADPGK-AS1,0.001240589,NA,NS
ENSG00000260910,SWINGN,-0.004966619,NA,NS
ENSG00000260926,NA,-0.010294494,NA,NS
ENSG00000260927,NA,-0.004635986,NA,NS
ENSG00000260930,LINC01416,-0.012509252,NA,NS
ENSG00000260941,LINC00622,0.012920628,NA,NS
ENSG00000260948,NA,0.001506124,NA,NS
ENSG00000260949,NA,0.00528047,NA,NS
ENSG00000260978,NA,-0.010852439,NA,NS
ENSG00000260992,DOCK9-DT,-0.016073245,NA,NS
ENSG00000261011,AGAP11,-0.008414545,NA,NS
ENSG00000261029,MPHOSPH6-DT,0.005740449,NA,NS
ENSG00000261033,SPECC1-DT,-0.001063913,NA,NS
ENSG00000261064,LINC02256,-0.010352643,NA,NS
ENSG00000261067,NA,-0.011311859,NA,NS
ENSG00000261079,NA,0.011547644,NA,NS
ENSG00000261104,NA,-0.005466831,NA,NS
ENSG00000261114,NA,0.019378014,NA,NS
ENSG00000261115,TMEM178B,-0.011729928,NA,NS
ENSG00000261118,NA,-0.01257405,NA,NS
ENSG00000261126,RBFADN,-0.017311203,NA,NS
ENSG00000261130,NA,-0.001929884,NA,NS
ENSG00000261136,NA,-0.018198759,NA,NS
ENSG00000261167,NA,0.034130995,NA,NS
ENSG00000261173,DNAJA2-DT,0.00635765,NA,NS
ENSG00000261186,LINC03100,0.027035179,NA,NS
ENSG00000261202,TNRC6B-DT,0.013405967,NA,NS
ENSG00000261215,NA,-0.000846661,NA,NS
ENSG00000261242,NA,-0.000986067,NA,NS
ENSG00000261251,EFCAB6-DT,-0.004986486,NA,NS
ENSG00000261270,NA,-0.004256805,NA,NS
ENSG00000261286,ATP2C2-AS1,-0.007070562,NA,NS
ENSG00000261302,NUP93-DT,0.013238991,NA,NS
ENSG00000261320,NA,0.003068079,NA,NS
ENSG00000261324,NA,0.009749087,NA,NS
ENSG00000261326,LINC01355,0.028469905,NA,NS
ENSG00000261338,NA,-0.007832178,NA,NS
ENSG00000261342,NA,0.012495879,NA,NS
ENSG00000261360,OTULIN-DT,0.010420277,NA,NS
ENSG00000261366,MANEA-DT,-0.00151359,NA,NS
ENSG00000261390,MAFTRR,0.008880812,NA,NS
ENSG00000261407,NA,-0.000613194,NA,NS
ENSG00000261408,TEN1-CDK3,-0.000496049,NA,NS
ENSG00000261420,MPC1-DT,-0.026363734,NA,NS
ENSG00000261423,TMEM202-AS1,0.016274566,NA,NS
ENSG00000261431,DHX35-DT,0.007763952,NA,NS
ENSG00000261441,POLG-DT,-0.010649024,NA,NS
ENSG00000261459,NA,0.002952281,NA,NS
ENSG00000261461,UBE2MP1,-0.014436101,NA,NS
ENSG00000261465,COQ7-DT,-0.006644239,NA,NS
ENSG00000261485,PAN3-AS1,-0.009698581,NA,NS
ENSG00000261487,NA,0.005475657,NA,NS
ENSG00000261509,TP53TG3B,0.011065287,NA,NS
ENSG00000261519,NA,-0.010654999,NA,NS
ENSG00000261542,NA,0.00457853,NA,NS
ENSG00000261560,NA,0.017060824,NA,NS
ENSG00000261587,TMEM249,-0.02240196,NA,NS
ENSG00000261594,TPBGL,-0.005215768,NA,NS
ENSG00000261611,NA,-0.007752949,NA,NS
ENSG00000261613,NA,0.010779199,NA,NS
ENSG00000261654,NA,0.015590891,NA,NS
ENSG00000261693,NA,-0.028347299,NA,NS
ENSG00000261716,H2BC20P,0.001938685,NA,NS
ENSG00000261717,NA,0.004120235,NA,NS
ENSG00000261732,NA,0.007382416,NA,NS
ENSG00000261754,NA,-0.022406797,NA,NS
ENSG00000261758,STAG1-DT,0.00308161,NA,NS
ENSG00000261771,DNAAF4-CCPG1,-0.00163188,NA,NS
ENSG00000261793,NA,-0.001054943,NA,NS
ENSG00000261795,NA,-0.012872561,NA,NS
ENSG00000261799,NA,-0.014609298,NA,NS
ENSG00000261832,NA,0.011578128,NA,NS
ENSG00000261839,NA,-0.004770622,NA,NS
ENSG00000261886,GOSR2-DT,-0.006690724,NA,NS
ENSG00000261889,NA,-0.010394151,NA,NS
ENSG00000261934,PCDHGA9,-0.011336765,NA,NS
ENSG00000262001,DLGAP1-AS2,-0.006329911,NA,NS
ENSG00000262050,NA,-0.004196083,NA,NS
ENSG00000262075,DKFZP434A062,-0.008259637,NA,NS
ENSG00000262136,NQO1-DT,-0.002864959,NA,NS
ENSG00000262172,NA,-0.0043905,NA,NS
ENSG00000262185,LINC02861,-0.009891117,NA,NS
ENSG00000262188,LINC01978,0.015745024,NA,NS
ENSG00000262202,NA,0.022529532,NA,NS
ENSG00000262209,PCDHGB3,0.002295173,NA,NS
ENSG00000262412,NA,-0.00062412,NA,NS
ENSG00000262413,NA,0.002305432,NA,NS
ENSG00000262420,TXNDC11-AS1,-0.013170572,NA,NS
ENSG00000262526,NA,0.094016486,NA,NS
ENSG00000262543,SMIM28,0.005986134,NA,NS
ENSG00000262560,NA,-0.00467654,NA,NS
ENSG00000262576,PCDHGA4,0.006235684,NA,NS
ENSG00000262580,NA,-0.016170633,NA,NS
ENSG00000262585,LINC01979,-0.005822938,NA,NS
ENSG00000262624,NA,-0.008395563,NA,NS
ENSG00000262633,NA,0.022312568,NA,NS
ENSG00000262728,ARHGAP11A-DT,0.012761716,NA,NS
ENSG00000262772,LINC01977,-0.000234875,NA,NS
ENSG00000262877,NA,-0.013273739,NA,NS
ENSG00000262904,TMPOP2,-0.013881603,NA,NS
ENSG00000263011,NA,-0.009577758,NA,NS
ENSG00000263020,NA,0.005339391,NA,NS
ENSG00000263063,NA,0.008870487,NA,NS
ENSG00000263069,RNF213-AS1,-0.005525052,NA,NS
ENSG00000263080,NA,-0.000858922,NA,NS
ENSG00000263105,NA,-0.015701046,NA,NS
ENSG00000263126,NA,0.006314004,NA,NS
ENSG00000263235,NA,-0.000713296,NA,NS
ENSG00000263257,LINC03107,0.043078712,NA,NS
ENSG00000263272,NA,-0.013288646,NA,NS
ENSG00000263280,NA,-0.021460987,NA,NS
ENSG00000263427,NA,0.018250411,NA,NS
ENSG00000263503,MAPK8IP1P2,-0.002733145,NA,NS
ENSG00000263535,AK4P1,-0.005927824,NA,NS
ENSG00000263563,UBBP4,0.012074109,NA,NS
ENSG00000263585,PYCR1-AS1,-0.00211325,NA,NS
ENSG00000263639,MSMB,-0.004292869,NA,NS
ENSG00000263711,LINC02864,0.010301502,NA,NS
ENSG00000263740,RN7SL4P,-0.007220654,NA,NS
ENSG00000263766,KPNB1-DT,0.009820738,NA,NS
ENSG00000263786,NA,0.000516979,NA,NS
ENSG00000263823,NA,0.006756822,NA,NS
ENSG00000263826,NA,-0.023571019,NA,NS
ENSG00000263884,THOC1-DT,0.004936685,NA,NS
ENSG00000263934,SNORD3A,-0.004324088,NA,NS
ENSG00000264015,NA,-0.000200898,NA,NS
ENSG00000264058,NA,0.001040264,NA,NS
ENSG00000264070,DND1P1,-0.009600627,NA,NS
ENSG00000264187,NA,-0.015303931,NA,NS
ENSG00000264235,MYL12-AS1,0.015639557,NA,NS
ENSG00000264278,ZNF236-DT,-0.009513967,NA,NS
ENSG00000264456,NA,-0.000891481,NA,NS
ENSG00000264548,NA,-0.001136601,NA,NS
ENSG00000264569,DCXR-DT,-0.027688737,NA,NS
ENSG00000264668,NA,0.035764634,NA,NS
ENSG00000264672,SEPTIN4-AS1,-1.23E-05,NA,NS
ENSG00000264808,NA,-0.007002885,NA,NS
ENSG00000264964,TWSG1-DT,-0.02168606,NA,NS
ENSG00000265055,NA,0.005800853,NA,NS
ENSG00000265100,NA,0.006251691,NA,NS
ENSG00000265148,TSPOAP1-AS1,-0.015984339,NA,NS
ENSG00000265185,SNORD3B-1,0.000169238,NA,NS
ENSG00000265246,NA,-0.010530465,NA,NS
ENSG00000265254,NA,-0.005220632,NA,NS
ENSG00000265282,NA,-0.001740913,NA,NS
ENSG00000265303,NA,-0.002090464,NA,NS
ENSG00000265342,NA,0.012545923,NA,NS
ENSG00000265393,NA,0.001981856,NA,NS
ENSG00000265479,DTX2P1-UPK3BP1-PMS2P11,-0.024220585,NA,NS
ENSG00000265683,SYPL1P2,0.004279305,NA,NS
ENSG00000265690,NA,-0.012396138,NA,NS
ENSG00000265692,LINC01970,0.004711186,NA,NS
ENSG00000265763,ZNF488,-0.020571982,NA,NS
ENSG00000265778,ZNF516-AS1,-0.019555934,NA,NS
ENSG00000265843,LINC01029,-0.010540537,NA,NS
ENSG00000265888,DSCAS,-0.015601682,NA,NS
ENSG00000266010,GATA6-AS1,-0.007388502,NA,NS
ENSG00000266014,NA,-0.003375068,NA,NS
ENSG00000266053,NDUFV2-AS1,0.018753591,NA,NS
ENSG00000266079,SNORA59B,-0.0112222,NA,NS
ENSG00000266306,NA,0.008912486,NA,NS
ENSG00000266313,NA,-0.006340397,NA,NS
ENSG00000266405,CBX3P2,0.384496285,NA,NS
ENSG00000266441,ARHGAP28-AS1,-0.005351819,NA,NS
ENSG00000266473,HELZ-AS1,0.016745974,NA,NS
ENSG00000266495,NA,-0.000822397,NA,NS
ENSG00000266560,NA,0.000737009,NA,NS
ENSG00000266602,NA,-0.025083799,NA,NS
ENSG00000266677,NA,-0.002443388,NA,NS
ENSG00000266709,NA,0.010745592,NA,NS
ENSG00000266783,NA,-0.002864003,NA,NS
ENSG00000266835,GAPLINC,0.009787077,NA,NS
ENSG00000266850,NA,-0.006222071,NA,NS
ENSG00000266869,NA,0.00145553,NA,NS
ENSG00000266896,NA,-0.013644486,NA,NS
ENSG00000266903,CEACAM16-AS1,0.016540697,NA,NS
ENSG00000266904,LINC00663,-0.009176759,NA,NS
ENSG00000266910,NA,-0.002858119,NA,NS
ENSG00000266916,ZNF793-AS1,0.017352841,NA,NS
ENSG00000266918,NA,0.000779738,NA,NS
ENSG00000266921,ZNF230-DT,-0.004060105,NA,NS
ENSG00000266983,RANBP3-DT,0.008237961,NA,NS
ENSG00000266992,DHX40P1,0.015775346,NA,NS
ENSG00000267009,NA,-0.003185495,NA,NS
ENSG00000267024,NA,0.005380238,NA,NS
ENSG00000267030,NA,-0.002463728,NA,NS
ENSG00000267053,NA,-7.29E-05,NA,NS
ENSG00000267057,LINC01905,-0.01455135,NA,NS
ENSG00000267060,PTGES3L,-0.00998052,NA,NS
ENSG00000267082,DOCK6-AS1,-0.000229641,NA,NS
ENSG00000267120,NA,0.013342026,NA,NS
ENSG00000267127,NA,0.013917029,NA,NS
ENSG00000267152,NA,-0.023140795,NA,NS
ENSG00000267160,NA,0.015969699,NA,NS
ENSG00000267169,ADGRL1-AS1,-0.016425237,NA,NS
ENSG00000267199,NA,-0.001968857,NA,NS
ENSG00000267215,NA,0.000699016,NA,NS
ENSG00000267216,ZNF8-ERVK3-1,-0.002116737,NA,NS
ENSG00000267219,NA,-0.000768662,NA,NS
ENSG00000267248,NA,-0.003574304,NA,NS
ENSG00000267249,NA,0.003883057,NA,NS
ENSG00000267251,NA,0.006983049,NA,NS
ENSG00000267259,ERVE-1,-0.054212569,NA,NS
ENSG00000267265,GP6-AS1,0.008506186,NA,NS
ENSG00000267277,NA,-0.006852289,NA,NS
ENSG00000267280,TBX2-AS1,-0.003180225,NA,NS
ENSG00000267281,ATF7-NPFF,0.041854375,NA,NS
ENSG00000267283,NA,0.003225139,NA,NS
ENSG00000267284,NA,-0.001671043,NA,NS
ENSG00000267302,RNFT1-DT,0.003119982,NA,NS
ENSG00000267308,UCA1-AS1,0.006619241,NA,NS
ENSG00000267322,SNHG22,0.011807251,NA,NS
ENSG00000267365,KCNJ2-AS1,-0.004405014,NA,NS
ENSG00000267383,NA,0.03140258,NA,NS
ENSG00000267390,KDSR-DT,-0.004648176,NA,NS
ENSG00000267394,ATXN7L3-AS1,-0.006273355,NA,NS
ENSG00000267395,DM1-AS,-0.006493859,NA,NS
ENSG00000267416,HEATR6-DT,0.009102811,NA,NS
ENSG00000267417,NA,-0.011559889,NA,NS
ENSG00000267421,ZFP28-DT,0.003012187,NA,NS
ENSG00000267426,NA,0.004414898,NA,NS
ENSG00000267429,NA,0.005775264,NA,NS
ENSG00000267454,ZNF582-DT,-0.044141355,NA,NS
ENSG00000267470,ZNF571-AS1,-0.003701464,NA,NS
ENSG00000267481,NA,0.004125961,NA,NS
ENSG00000267498,UQCRFS1-DT,0.001057209,NA,NS
ENSG00000267500,ZNF887P,-0.004595121,NA,NS
ENSG00000267519,MIR23AHG,0.005047204,NA,NS
ENSG00000267546,NA,0.001624189,NA,NS
ENSG00000267549,ZSCAN5A-AS1,-0.015025556,NA,NS
ENSG00000267571,NA,0.003184324,NA,NS
ENSG00000267598,NA,0.012184372,NA,NS
ENSG00000267605,NA,-0.005427477,NA,NS
ENSG00000267607,ICAM4-AS1,-0.011048244,NA,NS
ENSG00000267618,NA,0.000271903,NA,NS
ENSG00000267645,POLR2J2-UPK3BL1,0.012065673,NA,NS
ENSG00000267649,NA,0.000176534,NA,NS
ENSG00000267655,NA,0.009164552,NA,NS
ENSG00000267659,LINC01482,-0.080640375,NA,NS
ENSG00000267666,NA,-0.009884324,NA,NS
ENSG00000267677,NA,-0.000969728,NA,NS
ENSG00000267698,NA,0.015284887,NA,NS
ENSG00000267727,NA,-0.003247359,NA,NS
ENSG00000267740,NA,0.027020529,NA,NS
ENSG00000267748,NA,-0.030402288,NA,NS
ENSG00000267783,NA,-0.001408984,NA,NS
ENSG00000267811,NA,-0.006681783,NA,NS
ENSG00000267871,ZNF460-AS1,0.004781758,NA,NS
ENSG00000267904,NA,-0.006968718,NA,NS
ENSG00000267909,CCDC177,-0.013295835,NA,NS
ENSG00000267980,NA,-0.00032419,NA,NS
ENSG00000268001,CARD8-AS1,0.005903427,NA,NS
ENSG00000268034,TPM3P5,0.011815167,NA,NS
ENSG00000268049,NA,-0.020719865,NA,NS
ENSG00000268061,NAPA-AS1,0.015991125,NA,NS
ENSG00000268066,FMR1-AS1,0.005209193,NA,NS
ENSG00000268069,NA,0.001913749,NA,NS
ENSG00000268081,NA,-0.002556525,NA,NS
ENSG00000268107,NA,-0.008970453,NA,NS
ENSG00000268189,NA,-0.000946701,NA,NS
ENSG00000268218,NA,-0.005432699,NA,NS
ENSG00000268230,NA,-0.026654485,NA,NS
ENSG00000268307,LINC02560,-0.008775843,NA,NS
ENSG00000268357,VN1R81P,0.006491317,NA,NS
ENSG00000268379,NA,-0.010626234,NA,NS
ENSG00000268400,NA,0.005650846,NA,NS
ENSG00000268416,NA,-0.009232482,NA,NS
ENSG00000268531,NA,-0.002691732,NA,NS
ENSG00000268536,NA,0.006358824,NA,NS
ENSG00000268603,NA,0.000715794,NA,NS
ENSG00000268628,NA,0.008327094,NA,NS
ENSG00000268650,NA,0.002948763,NA,NS
ENSG00000268654,MIMT1,-0.00079123,NA,NS
ENSG00000268660,LETM1P2,-0.013901717,NA,NS
ENSG00000268678,NA,0.004650714,NA,NS
ENSG00000268713,NA,0.001816674,NA,NS
ENSG00000268750,NA,-0.006957652,NA,NS
ENSG00000268790,NA,0.002229771,NA,NS
ENSG00000268798,NA,-0.000374047,NA,NS
ENSG00000268812,LIF-AS2,-0.006579121,NA,NS
ENSG00000268869,ESPNP,-0.005203894,NA,NS
ENSG00000268870,NA,-0.017548223,NA,NS
ENSG00000268889,LIM2-AS1,0.022638829,NA,NS
ENSG00000269038,SF1-DT,-0.005729275,NA,NS
ENSG00000269069,NA,-0.016124284,NA,NS
ENSG00000269106,NA,0.004204313,NA,NS
ENSG00000269113,TRABD2B,0.015002647,NA,NS
ENSG00000269139,NA,0.00604405,NA,NS
ENSG00000269226,TMSB15C,0.004972788,NA,NS
ENSG00000269243,NA,0.008925751,NA,NS
ENSG00000269246,NA,-0.012901402,NA,NS
ENSG00000269275,NA,-0.001128018,NA,NS
ENSG00000269289,NA,0.004122498,NA,NS
ENSG00000269296,NA,-0.005203415,NA,NS
ENSG00000269307,NA,0.000824617,NA,NS
ENSG00000269318,NA,0.000161508,NA,NS
ENSG00000269352,PTOV1-AS2,-0.008624949,NA,NS
ENSG00000269374,NA,0.002376979,NA,NS
ENSG00000269397,NA,0.009958205,NA,NS
ENSG00000269399,NA,0.005495877,NA,NS
ENSG00000269405,NXF2,-0.006372457,NA,NS
ENSG00000269416,LINC01224,-0.000467996,NA,NS
ENSG00000269437,NXF2B,0.134037855,NA,NS
ENSG00000269439,PGLS-DT,-0.009485841,NA,NS
ENSG00000269473,ZNF132-DT,-0.014075604,NA,NS
ENSG00000269559,NA,0.009381605,NA,NS
ENSG00000269586,CT45A10,-0.014487151,NA,NS
ENSG00000269604,NA,-0.031920315,NA,NS
ENSG00000269646,ZNF888-AS1,-0.005660555,NA,NS
ENSG00000269696,ZNF470-DT,-0.003204572,NA,NS
ENSG00000269699,ZIM2,-0.002481108,NA,NS
ENSG00000269743,SLC25A53,-0.012859344,NA,NS
ENSG00000269837,IPO5P1,0.004619651,NA,NS
ENSG00000269846,NA,-0.040623738,NA,NS
ENSG00000269855,RNF225,-0.006580147,NA,NS
ENSG00000269887,NA,0.004866412,NA,NS
ENSG00000269889,NA,-0.029614102,NA,NS
ENSG00000269906,NA,0.010084825,NA,NS
ENSG00000269910,NA,-0.001137106,NA,NS
ENSG00000269911,FAM226B,0.03212576,NA,NS
ENSG00000269921,NA,0.002238894,NA,NS
ENSG00000269929,MIRLET7A1HG,0.005548808,NA,NS
ENSG00000269939,PCF11-AS1,-0.004949629,NA,NS
ENSG00000269940,NA,0.000346617,NA,NS
ENSG00000269947,NA,-0.004976672,NA,NS
ENSG00000269951,NA,0.00074522,NA,NS
ENSG00000269961,ERBIN-DT,0.002111515,NA,NS
ENSG00000269973,NA,-0.006703137,NA,NS
ENSG00000269982,NA,0.007750913,NA,NS
ENSG00000269985,FARS2-AS1,0.045283691,NA,NS
ENSG00000270011,ZNF559-ZNF177,0.007830027,NA,NS
ENSG00000270012,NA,0.023352077,NA,NS
ENSG00000270022,NA,-0.002300448,NA,NS
ENSG00000270039,NA,-0.006753217,NA,NS
ENSG00000270049,ATP6V0D1-DT,-0.033169461,NA,NS
ENSG00000270062,NA,-0.019698153,NA,NS
ENSG00000270066,NA,-0.014518398,NA,NS
ENSG00000270069,MIR222HG,-0.0032568,NA,NS
ENSG00000270074,NA,-0.00510357,NA,NS
ENSG00000270096,NA,-0.005811399,NA,NS
ENSG00000270106,TSNAX-DISC1,0.021766869,NA,NS
ENSG00000270127,NA,0.00555351,NA,NS
ENSG00000270141,TERC,-0.025764281,NA,NS
ENSG00000270149,NA,-0.000505234,NA,NS
ENSG00000270179,NA,0.009019929,NA,NS
ENSG00000270277,NA,-0.009317492,NA,NS
ENSG00000270332,SMC2-DT,-0.000624791,NA,NS
ENSG00000270361,NA,0.006032134,NA,NS
ENSG00000270367,ADAD1P1,0.001169235,NA,NS
ENSG00000270372,NA,-0.014127115,NA,NS
ENSG00000270419,CAHM,-0.022351409,NA,NS
ENSG00000270460,NA,-0.000364979,NA,NS
ENSG00000270482,NA,0.010379656,NA,NS
ENSG00000270558,NA,0.010439541,NA,NS
ENSG00000270571,NA,-0.00076691,NA,NS
ENSG00000270574,NA,-0.010992999,NA,NS
ENSG00000270638,NA,0.007579662,NA,NS
ENSG00000270659,NA,0.011103276,NA,NS
ENSG00000270689,BUD13P1,0.002555521,NA,NS
ENSG00000270696,NA,0.004935598,NA,NS
ENSG00000270761,CD2AP-DT,0.014612403,NA,NS
ENSG00000270876,ZNF30-AS1,0.009557447,NA,NS
ENSG00000270933,NA,0.00127094,NA,NS
ENSG00000270956,NA,0.000948407,NA,NS
ENSG00000270977,NA,0.02074285,NA,NS
ENSG00000270996,NA,-0.009072131,NA,NS
ENSG00000271009,NA,0.002683572,NA,NS
ENSG00000271092,TLCD4-RWDD3,0.004871397,NA,NS
ENSG00000271127,NA,0.044876513,NA,NS
ENSG00000271151,NA,-0.002735473,NA,NS
ENSG00000271155,NA,-0.001330448,NA,NS
ENSG00000271270,TMCC1-DT,-0.028566223,NA,NS
ENSG00000271314,NA,0.017470464,NA,NS
ENSG00000271335,CCNY-AS1,-0.021361732,NA,NS
ENSG00000271367,NA,0.024023538,NA,NS
ENSG00000271384,NA,0.001452161,NA,NS
ENSG00000271387,C1orf21-DT,-0.024306607,NA,NS
ENSG00000271427,NA,-0.003145571,NA,NS
ENSG00000271533,NA,-0.011453409,NA,NS
ENSG00000271551,NA,-0.005035032,NA,NS
ENSG00000271659,NA,0.002677332,NA,NS
ENSG00000271746,NA,0.012968192,NA,NS
ENSG00000271754,NA,-0.021355898,NA,NS
ENSG00000271755,NA,-0.00407914,NA,NS
ENSG00000271781,NA,-0.013884564,NA,NS
ENSG00000271784,TP53RK-DT,0.00362897,NA,NS
ENSG00000271793,NA,0.009166007,NA,NS
ENSG00000271797,NA,0.042171617,NA,NS
ENSG00000271816,BMS1P4,-0.006092631,NA,NS
ENSG00000271848,SYNPO2L-AS1,0.019187959,NA,NS
ENSG00000271850,LINC02343,0.011832917,NA,NS
ENSG00000271858,NA,-0.027316322,NA,NS
ENSG00000271862,NA,0.000300322,NA,NS
ENSG00000271888,JARID2-DT,0.015961378,NA,NS
ENSG00000271913,TAGAP-AS1,-0.001518465,NA,NS
ENSG00000271937,NA,0.011727621,NA,NS
ENSG00000271938,NA,-0.010576723,NA,NS
ENSG00000271966,ARFGEF1-DT,-0.011259006,NA,NS
ENSG00000271980,NA,0.00271286,NA,NS
ENSG00000271989,NA,0.014106989,NA,NS
ENSG00000271991,TTC32-DT,-0.007241703,NA,NS
ENSG00000271992,NA,-0.001113757,NA,NS
ENSG00000272004,NA,0.006167235,NA,NS
ENSG00000272008,NA,0.005353425,NA,NS
ENSG00000272010,NA,0.018059106,NA,NS
ENSG00000272023,AFF4-DT,-0.014070254,NA,NS
ENSG00000272054,NA,0.000390608,NA,NS
ENSG00000272068,BCAN-AS1,0.012549019,NA,NS
ENSG00000272078,NA,0.004629628,NA,NS
ENSG00000272081,FCHO2-DT,-0.010005476,NA,NS
ENSG00000272084,NA,0.001791313,NA,NS
ENSG00000272092,NA,-0.022286445,NA,NS
ENSG00000272097,TMEM14B-DT,-0.001805602,NA,NS
ENSG00000272129,NA,0.001549214,NA,NS
ENSG00000272138,LINC01607,0.007907643,NA,NS
ENSG00000272140,NA,-0.001045398,NA,NS
ENSG00000272141,NA,0.000174478,NA,NS
ENSG00000272172,NA,-0.008518193,NA,NS
ENSG00000272186,VPS11-DT,0.001652887,NA,NS
ENSG00000272195,NA,-0.006680409,NA,NS
ENSG00000272205,POU2F1-DT,-0.011750384,NA,NS
ENSG00000272217,NA,0.009333778,NA,NS
ENSG00000272247,NA,-0.000572464,NA,NS
ENSG00000272256,NA,-0.011412374,NA,NS
ENSG00000272264,NA,0.038663648,NA,NS
ENSG00000272269,NUP153-AS1,-0.005918504,NA,NS
ENSG00000272274,ARGLU1-DT,-0.005268506,NA,NS
ENSG00000272293,NA,0.026764949,NA,NS
ENSG00000272338,NA,-0.007607636,NA,NS
ENSG00000272345,NA,0.025105095,NA,NS
ENSG00000272347,NA,-0.000368178,NA,NS
ENSG00000272356,NA,0.005170925,NA,NS
ENSG00000272360,NA,0.000286701,NA,NS
ENSG00000272368,NA,-0.002292971,NA,NS
ENSG00000272374,SCUBE3-AS1,0.005999995,NA,NS
ENSG00000272384,NA,-0.008589501,NA,NS
ENSG00000272414,FAM47E-STBD1,0.010804054,NA,NS
ENSG00000272426,NA,-0.001296476,NA,NS
ENSG00000272432,NA,0.000805764,NA,NS
ENSG00000272434,NA,0.007665224,NA,NS
ENSG00000272456,NA,-0.007513022,NA,NS
ENSG00000272459,FAM193B-DT,0.000401582,NA,NS
ENSG00000272512,NA,0.023917713,NA,NS
ENSG00000272514,CFAP206,-0.001624229,NA,NS
ENSG00000272540,NA,-0.024109364,NA,NS
ENSG00000272562,H3-3A-DT,0.00798327,NA,NS
ENSG00000272566,NA,-0.008401125,NA,NS
ENSG00000272572,NA,-0.007966163,NA,NS
ENSG00000272589,ZSWIM8-AS1,-0.012942298,NA,NS
ENSG00000272599,NA,-0.002384286,NA,NS
ENSG00000272604,EFCAB10-AS1,-0.003933804,NA,NS
ENSG00000272606,PPP4R3B-DT,-0.02346698,NA,NS
ENSG00000272636,DOC2B,-0.00462387,NA,NS
ENSG00000272655,POLR2J4,-0.008002154,NA,NS
ENSG00000272662,TIMMDC1-DT,-0.007142071,NA,NS
ENSG00000272663,PPP1R21-DT,-0.012706754,NA,NS
ENSG00000272674,PCDHB16,0.006696369,NA,NS
ENSG00000272690,LINC02018,-0.004276246,NA,NS
ENSG00000272692,NA,0.000831016,NA,NS
ENSG00000272695,GAS6-DT,0.00052753,NA,NS
ENSG00000272696,NA,-0.013539332,NA,NS
ENSG00000272702,NA,-0.046112627,NA,NS
ENSG00000272715,NA,-0.005049673,NA,NS
ENSG00000272717,NA,0.018044358,NA,NS
ENSG00000272720,NA,-0.003692267,NA,NS
ENSG00000272735,NA,-0.022945862,NA,NS
ENSG00000272760,NA,-0.00471038,NA,NS
ENSG00000272787,NA,-0.005231434,NA,NS
ENSG00000272791,NA,-0.016601392,NA,NS
ENSG00000272795,GAR1-DT,-0.004154079,NA,NS
ENSG00000272812,NA,-0.016329053,NA,NS
ENSG00000272822,NA,-0.010464484,NA,NS
ENSG00000272843,NA,-0.014781701,NA,NS
ENSG00000272844,NA,-0.002904535,NA,NS
ENSG00000272858,NA,-0.025380562,NA,NS
ENSG00000272865,NA,-0.001013562,NA,NS
ENSG00000272870,SAP30-DT,0.01825178,NA,NS
ENSG00000272884,NA,-0.008115314,NA,NS
ENSG00000272892,NA,0.011978728,NA,NS
ENSG00000272894,MIOS-DT,-0.008887681,NA,NS
ENSG00000272896,NA,-0.006621414,NA,NS
ENSG00000272906,NA,0.008728878,NA,NS
ENSG00000272909,NA,0.002767261,NA,NS
ENSG00000272931,LRRC8D-DT,0.005451963,NA,NS
ENSG00000272933,TRIM8-DT,-0.024001293,NA,NS
ENSG00000272941,NA,-0.028517597,NA,NS
ENSG00000272942,NA,0.02051102,NA,NS
ENSG00000272970,NA,-0.009118317,NA,NS
ENSG00000272973,NA,-0.024146146,NA,NS
ENSG00000272977,NA,0.017375454,NA,NS
ENSG00000272983,NA,0.001019787,NA,NS
ENSG00000272986,NA,-0.000586462,NA,NS
ENSG00000273004,NA,-0.002065039,NA,NS
ENSG00000273010,NA,-0.000224075,NA,NS
ENSG00000273014,NA,0.001497034,NA,NS
ENSG00000273026,NA,0.006953051,NA,NS
ENSG00000273027,NA,0.006167642,NA,NS
ENSG00000273032,DGCR5,-0.016737738,NA,NS
ENSG00000273046,NA,0.004694098,NA,NS
ENSG00000273058,NA,0.004178914,NA,NS
ENSG00000273061,CDC37L1-DT,-0.006801475,NA,NS
ENSG00000273062,RALGPS2-AS1,-0.004665466,NA,NS
ENSG00000273139,NA,-0.022582089,NA,NS
ENSG00000273141,NA,-0.015346388,NA,NS
ENSG00000273149,NA,-0.042514784,NA,NS
ENSG00000273151,NA,-0.000725357,NA,NS
ENSG00000273155,NA,0.006155702,NA,NS
ENSG00000273156,NA,-0.002835248,NA,NS
ENSG00000273184,NA,-0.010841229,NA,NS
ENSG00000273199,NA,-0.011110098,NA,NS
ENSG00000273210,NA,0.007722123,NA,NS
ENSG00000273212,NA,-0.005701478,NA,NS
ENSG00000273248,NA,-0.015240944,NA,NS
ENSG00000273249,WDR5-DT,-0.007923879,NA,NS
ENSG00000273257,LINC02928,-0.008355967,NA,NS
ENSG00000273274,ZBTB8B,0.00608968,NA,NS
ENSG00000273284,NA,0.00553301,NA,NS
ENSG00000273294,C1QTNF3-AMACR,-0.000662025,NA,NS
ENSG00000273295,NA,0.006005382,NA,NS
ENSG00000273297,LINC03060,-0.010877672,NA,NS
ENSG00000273300,NA,0.010060675,NA,NS
ENSG00000273305,NA,0.013408179,NA,NS
ENSG00000273306,NA,0.006962467,NA,NS
ENSG00000273308,NA,-0.003517315,NA,NS
ENSG00000273321,NA,-0.010071987,NA,NS
ENSG00000273338,NA,0.006991606,NA,NS
ENSG00000273345,NA,-0.002009648,NA,NS
ENSG00000273394,NA,-0.012918595,NA,NS
ENSG00000273398,NA,-0.046524835,NA,NS
ENSG00000273406,NA,-0.013461903,NA,NS
ENSG00000273416,NA,0.001046159,NA,NS
ENSG00000273419,NA,0.015259911,NA,NS
ENSG00000273448,NA,-0.004716757,NA,NS
ENSG00000273449,NA,0.00706289,NA,NS
ENSG00000273473,NA,0.008983544,NA,NS
ENSG00000273485,NA,0.008915832,NA,NS
ENSG00000273514,FOXD4L6,-0.004476456,NA,NS
ENSG00000273541,NA,0.013478417,NA,NS
ENSG00000273542,H4C12,-0.003169161,NA,NS
ENSG00000273565,NA,-0.005727319,NA,NS
ENSG00000273568,NA,-0.003749855,NA,NS
ENSG00000273669,NA,-0.027003169,NA,NS
ENSG00000273693,CDRT15P10,0.010845659,NA,NS
ENSG00000273711,NA,-6.35E-05,NA,NS
ENSG00000273723,SUGT1-DT,-0.017809803,NA,NS
ENSG00000273734,NA,0.000574611,NA,NS
ENSG00000273748,NA,-0.035167679,NA,NS
ENSG00000273802,H2BC8,-0.010388318,NA,NS
ENSG00000273812,LINC02970,-0.001249485,NA,NS
ENSG00000273821,NA,-0.019535117,NA,NS
ENSG00000273828,NA,0.00525741,NA,NS
ENSG00000273893,NA,-0.007194154,NA,NS
ENSG00000273901,NA,-0.004471428,NA,NS
ENSG00000273980,NA,0.023165508,NA,NS
ENSG00000273987,NA,0.000459662,NA,NS
ENSG00000274015,NA,-0.006141444,NA,NS
ENSG00000274049,INO80B-WBP1,0.007528106,NA,NS
ENSG00000274175,NA,0.002220773,NA,NS
ENSG00000274209,ANTXRL,0.000969893,NA,NS
ENSG00000274225,HEPFAL,-0.006291881,NA,NS
ENSG00000274259,SYNGAP1-AS1,-0.006071134,NA,NS
ENSG00000274265,NA,-0.001813003,NA,NS
ENSG00000274266,SNORA73A,-0.004290351,NA,NS
ENSG00000274270,NA,0.004953265,NA,NS
ENSG00000274272,NA,-0.02865163,NA,NS
ENSG00000274290,H2BC6,-0.000207953,NA,NS
ENSG00000274372,NA,0.006181552,NA,NS
ENSG00000274383,NA,-0.002273809,NA,NS
ENSG00000274386,TMEM269,0.010966469,NA,NS
ENSG00000274422,NA,-0.007896702,NA,NS
ENSG00000274460,NA,-0.000926662,NA,NS
ENSG00000274528,NA,0.01433277,NA,NS
ENSG00000274560,NA,-0.008680741,NA,NS
ENSG00000274561,NA,-0.002262527,NA,NS
ENSG00000274588,DGKK,0.029675624,NA,NS
ENSG00000274641,H2BC17,0.007129808,NA,NS
ENSG00000274653,NA,0.007169945,NA,NS
ENSG00000274667,NA,0.004498693,NA,NS
ENSG00000274695,NA,0.006547328,NA,NS
ENSG00000274698,NA,-0.016727284,NA,NS
ENSG00000274798,NA,-0.006869824,NA,NS
ENSG00000274810,NPHP3-ACAD11,-0.006923994,NA,NS
ENSG00000274818,NA,0.001702551,NA,NS
ENSG00000274847,MAFIP,-0.011887529,NA,NS
ENSG00000274849,NA,-0.002902748,NA,NS
ENSG00000274859,NA,-0.004451819,NA,NS
ENSG00000274904,NA,-0.008833837,NA,NS
ENSG00000274922,NA,-0.009093403,NA,NS
ENSG00000274925,ZKSCAN2-DT,-0.007464931,NA,NS
ENSG00000275097,NA,-0.021748896,NA,NS
ENSG00000275113,GAGE2E,-0.057739791,NA,NS
ENSG00000275120,ZSCAN2-AS1,0.005832432,NA,NS
ENSG00000275131,PDE4DIPP2,-0.030829785,NA,NS
ENSG00000275180,NA,0.011922001,NA,NS
ENSG00000275185,NA,0.002800929,NA,NS
ENSG00000275198,LINC02960,0.011042344,NA,NS
ENSG00000275202,NA,0.011045503,NA,NS
ENSG00000275223,NA,-0.014951507,NA,NS
ENSG00000275263,NA,-0.023749921,NA,NS
ENSG00000275318,NA,0.007557666,NA,NS
ENSG00000275400,NA,-0.014164693,NA,NS
ENSG00000275445,NA,-0.016184109,NA,NS
ENSG00000275454,NA,-0.004953463,NA,NS
ENSG00000275468,NA,0.001802158,NA,NS
ENSG00000275479,NA,0.025875657,NA,NS
ENSG00000275481,NA,0.004662057,NA,NS
ENSG00000275532,NA,-0.015993507,NA,NS
ENSG00000275549,STPG3-AS1,0.011089441,NA,NS
ENSG00000275552,NA,-0.015430007,NA,NS
ENSG00000275601,NA,-0.007567352,NA,NS
ENSG00000275632,NA,-0.004621132,NA,NS
ENSG00000275665,NA,-0.002822308,NA,NS
ENSG00000275709,NA,-0.00921492,NA,NS
ENSG00000275714,H3C1,0.024458572,NA,NS
ENSG00000275719,NA,0.000428357,NA,NS
ENSG00000275734,NA,-0.011324404,NA,NS
ENSG00000275764,NA,0.007958505,NA,NS
ENSG00000275778,NA,-0.008939599,NA,NS
ENSG00000275807,NA,-0.010989604,NA,NS
ENSG00000275832,ARHGAP23,-0.011122424,NA,NS
ENSG00000275857,NA,0.004398642,NA,NS
ENSG00000275869,NA,-0.026543483,NA,NS
ENSG00000275880,NAXD-AS1,-0.009807267,NA,NS
ENSG00000275902,NA,-0.002055755,NA,NS
ENSG00000275964,NA,-0.021171376,NA,NS
ENSG00000276007,NA,-0.007040482,NA,NS
ENSG00000276089,NA,-0.0094258,NA,NS
ENSG00000276101,NA,-0.003883222,NA,NS
ENSG00000276110,NA,0.001220808,NA,NS
ENSG00000276116,FUT8-AS1,-0.02751154,NA,NS
ENSG00000276141,WHAMMP3,-0.003213881,NA,NS
ENSG00000276180,H4C9,0.000810146,NA,NS
ENSG00000276216,NA,-0.016605446,NA,NS
ENSG00000276248,NA,0.004654221,NA,NS
ENSG00000276255,LINC02809,0.01566957,NA,NS
ENSG00000276272,NA,0.00716367,NA,NS
ENSG00000276317,NA,-0.005356357,NA,NS
ENSG00000276334,NA,0.009449723,NA,NS
ENSG00000276345,NA,-0.001820427,NA,NS
ENSG00000276368,H2AC14,0.006789304,NA,NS
ENSG00000276384,NA,-0.005793443,NA,NS
ENSG00000276390,NA,0.0070014,NA,NS
ENSG00000276399,FLJ36000,-0.00301484,NA,NS
ENSG00000276408,NA,-0.008237381,NA,NS
ENSG00000276418,NA,0.026832068,NA,NS
ENSG00000276449,NA,0.015597125,NA,NS
ENSG00000276509,NA,-0.001677989,NA,NS
ENSG00000276517,NA,-0.001490361,NA,NS
ENSG00000276564,NA,0.013847507,NA,NS
ENSG00000276644,DACH1,-0.008949819,NA,NS
ENSG00000276672,NA,0.00344671,NA,NS
ENSG00000276698,NA,0.008071513,NA,NS
ENSG00000276727,NA,-0.016102127,NA,NS
ENSG00000276744,NA,-0.005865542,NA,NS
ENSG00000276846,NA,-0.00685287,NA,NS
ENSG00000276850,NA,-0.007093281,NA,NS
ENSG00000276853,NA,-0.015241286,NA,NS
ENSG00000276903,H2AC16,0.00102198,NA,NS
ENSG00000276931,NA,0.001108047,NA,NS
ENSG00000276952,NA,-0.020681551,NA,NS
ENSG00000276957,NA,0.00779148,NA,NS
ENSG00000276966,H4C5,-0.018141848,NA,NS
ENSG00000277007,NA,0.0119869,NA,NS
ENSG00000277125,PMS2P14,-0.003629314,NA,NS
ENSG00000277159,NA,-0.03185682,NA,NS
ENSG00000277170,NA,-0.011845107,NA,NS
ENSG00000277186,NA,-0.005567829,NA,NS
ENSG00000277196,NA,-0.009804958,NA,NS
ENSG00000277209,RPPH1,-0.030153984,NA,NS
ENSG00000277215,SPANXA2-OT1,-0.026813702,NA,NS
ENSG00000277224,H2BC7,0.002007077,NA,NS
ENSG00000277324,NA,-0.013752952,NA,NS
ENSG00000277342,NA,0.019550788,NA,NS
ENSG00000277367,NEK2P1,0.0006062,NA,NS
ENSG00000277383,BICRA-AS2,-0.01037533,NA,NS
ENSG00000277399,GPR179,0.008886351,NA,NS
ENSG00000277449,CEBPB-AS1,0.008083112,NA,NS
ENSG00000277453,NA,-0.006054484,NA,NS
ENSG00000277459,NA,-0.007954743,NA,NS
ENSG00000277511,NA,-0.038452867,NA,NS
ENSG00000277602,NA,0.002591247,NA,NS
ENSG00000277619,NA,-0.005772331,NA,NS
ENSG00000277639,CHD9NB,-0.009967854,NA,NS
ENSG00000277701,NA,-0.004986047,NA,NS
ENSG00000277715,NA,-0.012442053,NA,NS
ENSG00000277718,LINC02255,-0.022675534,NA,NS
ENSG00000277738,NA,0.002075056,NA,NS
ENSG00000277782,NA,0.004941816,NA,NS
ENSG00000277806,NA,0.01339844,NA,NS
ENSG00000277855,NA,-0.004777545,NA,NS
ENSG00000277879,NA,-0.01197639,NA,NS
ENSG00000277895,NA,0.002875986,NA,NS
ENSG00000277930,NA,0.007171781,NA,NS
ENSG00000277938,NA,0.038127771,NA,NS
ENSG00000277978,NA,0.001634161,NA,NS
ENSG00000277991,NA,0.008986895,NA,NS
ENSG00000277998,NA,0.000842573,NA,NS
ENSG00000278000,NA,-0.007054966,NA,NS
ENSG00000278002,NA,-0.014018898,NA,NS
ENSG00000278041,NA,-0.005068175,NA,NS
ENSG00000278058,NA,0.013977256,NA,NS
ENSG00000278133,NA,-0.005157807,NA,NS
ENSG00000278177,NA,0.032500875,NA,NS
ENSG00000278249,SCARNA2,0.016671941,NA,NS
ENSG00000278338,VWA8-AS1,-0.001990863,NA,NS
ENSG00000278341,NA,0.006169438,NA,NS
ENSG00000278356,NA,0.010750244,NA,NS
ENSG00000278390,KBTBD6-DT,0.012498512,NA,NS
ENSG00000278396,NA,0.002092687,NA,NS
ENSG00000278558,TMEM191B,-0.008642043,NA,NS
ENSG00000278607,NA,-0.007301823,NA,NS
ENSG00000278621,THBS1-AS1,0.063852311,NA,NS
ENSG00000278637,H4C1,-0.002016347,NA,NS
ENSG00000278662,GOLGA6L10,-0.022780844,NA,NS
ENSG00000278704,NA,-0.032063095,NA,NS
ENSG00000278705,H4C2,-0.003057674,NA,NS
ENSG00000278713,NA,-0.002254115,NA,NS
ENSG00000278743,NA,0.003210566,NA,NS
ENSG00000278784,NA,0.012926727,NA,NS
ENSG00000278840,NA,-0.000308712,NA,NS
ENSG00000278848,TP53TG3F,0.026058587,NA,NS
ENSG00000278864,NA,0.028871019,NA,NS
ENSG00000278876,NA,-0.004879354,NA,NS
ENSG00000278922,NA,0.007226765,NA,NS
ENSG00000278950,NA,-0.002214468,NA,NS
ENSG00000278952,NA,-0.009443846,NA,NS
ENSG00000278963,NA,0.007979833,NA,NS
ENSG00000278965,NA,-0.048052845,NA,NS
ENSG00000278986,NA,-0.000698429,NA,NS
ENSG00000278987,NA,0.011057271,NA,NS
ENSG00000278993,NA,-0.032690422,NA,NS
ENSG00000278997,NA,0.013228281,NA,NS
ENSG00000279026,NA,-0.001515978,NA,NS
ENSG00000279035,NA,-0.004181182,NA,NS
ENSG00000279041,NA,0.008961848,NA,NS
ENSG00000279044,NA,-0.000885724,NA,NS
ENSG00000279058,AGAP14P,0.010846983,NA,NS
ENSG00000279064,NA,0.001314428,NA,NS
ENSG00000279089,NA,0.011645661,NA,NS
ENSG00000279094,LINC01670,-0.038036155,NA,NS
ENSG00000279095,NA,0.039135536,NA,NS
ENSG00000279108,NA,0.005804604,NA,NS
ENSG00000279133,NA,0.008427,NA,NS
ENSG00000279148,NA,0.000434756,NA,NS
ENSG00000279186,NA,0.002974369,NA,NS
ENSG00000279198,NA,-0.003035051,NA,NS
ENSG00000279199,NA,-0.014251811,NA,NS
ENSG00000279227,NA,-0.009051051,NA,NS
ENSG00000279233,NA,-0.001987868,NA,NS
ENSG00000279246,NA,-0.001377412,NA,NS
ENSG00000279255,NA,0.010623173,NA,NS
ENSG00000279259,NA,0.006191362,NA,NS
ENSG00000279265,NA,0.001989375,NA,NS
ENSG00000279267,NA,0.015853608,NA,NS
ENSG00000279283,NA,-0.005820456,NA,NS
ENSG00000279303,NA,0.002974369,NA,NS
ENSG00000279306,NA,-0.014326776,NA,NS
ENSG00000279307,NDUFAF2P1,-0.010558838,NA,NS
ENSG00000279317,NA,0.005788472,NA,NS
ENSG00000279342,NA,0.002465949,NA,NS
ENSG00000279347,NA,-0.002527822,NA,NS
ENSG00000279377,NA,-0.002754935,NA,NS
ENSG00000279384,NA,-0.004458234,NA,NS
ENSG00000279392,NA,-0.010913529,NA,NS
ENSG00000279406,NA,0.066630064,NA,NS
ENSG00000279425,NA,0.003296469,NA,NS
ENSG00000279432,NA,-0.005321488,NA,NS
ENSG00000279453,NA,-0.002227159,NA,NS
ENSG00000279483,NA,-0.004929458,NA,NS
ENSG00000279504,NA,-0.032287386,NA,NS
ENSG00000279511,NA,-0.023925893,NA,NS
ENSG00000279516,FAM230C,-0.024031267,NA,NS
ENSG00000279520,NA,0.035440872,NA,NS
ENSG00000279529,NA,-0.00272693,NA,NS
ENSG00000279539,NA,-0.018409807,NA,NS
ENSG00000279569,NA,0.007007627,NA,NS
ENSG00000279571,NA,-0.002793185,NA,NS
ENSG00000279605,NA,-0.009277536,NA,NS
ENSG00000279608,NA,0.008142816,NA,NS
ENSG00000279611,NA,-0.004716718,NA,NS
ENSG00000279641,NA,-0.003551538,NA,NS
ENSG00000279656,NA,0.006183625,NA,NS
ENSG00000279696,NA,0.012807005,NA,NS
ENSG00000279718,SNX18P12,0.001245552,NA,NS
ENSG00000279720,SOWAHCP2,0.00233944,NA,NS
ENSG00000279722,NA,-0.019807689,NA,NS
ENSG00000279730,KMT5AP1,-0.001012096,NA,NS
ENSG00000279738,NA,-0.007617802,NA,NS
ENSG00000279741,NA,-6.80E-05,NA,NS
ENSG00000279744,NA,-0.003592375,NA,NS
ENSG00000279748,NA,-0.031197246,NA,NS
ENSG00000279759,NA,-0.002463555,NA,NS
ENSG00000279766,NA,0.004069604,NA,NS
ENSG00000279789,NA,0.001101546,NA,NS
ENSG00000279792,NA,-0.018697278,NA,NS
ENSG00000279800,BCLAF1P2,-0.00435455,NA,NS
ENSG00000279821,NA,-0.015905332,NA,NS
ENSG00000279827,NA,-0.002382271,NA,NS
ENSG00000279852,NA,0.000721552,NA,NS
ENSG00000279853,NA,0.013486457,NA,NS
ENSG00000279861,NA,-0.011014057,NA,NS
ENSG00000279865,NA,0.010083817,NA,NS
ENSG00000279873,LINC01126,-0.001987426,NA,NS
ENSG00000279901,NA,0.001257909,NA,NS
ENSG00000279908,NA,-0.000280815,NA,NS
ENSG00000279930,NA,0.007052582,NA,NS
ENSG00000279943,FLJ38576,-0.000894573,NA,NS
ENSG00000279953,NA,-0.013122606,NA,NS
ENSG00000279967,NA,0.002974369,NA,NS
ENSG00000279970,NA,0.010993322,NA,NS
ENSG00000279973,NA,-0.005480016,NA,NS
ENSG00000280002,NA,0.000938371,NA,NS
ENSG00000280007,NA,0.023834091,NA,NS
ENSG00000280010,NA,0.00878217,NA,NS
ENSG00000280033,NA,-0.003361038,NA,NS
ENSG00000280047,NA,-0.000905834,NA,NS
ENSG00000280057,NA,0.003594381,NA,NS
ENSG00000280063,NA,-0.009818602,NA,NS
ENSG00000280079,NA,0.001560629,NA,NS
ENSG00000280106,NA,0.022943689,NA,NS
ENSG00000280119,NA,-0.00292968,NA,NS
ENSG00000280129,NA,-0.01173651,NA,NS
ENSG00000280136,NA,0.00855288,NA,NS
ENSG00000280138,NA,0.02428927,NA,NS
ENSG00000280149,NA,0.016875865,NA,NS
ENSG00000280152,NA,0.001267831,NA,NS
ENSG00000280194,NA,0.000772059,NA,NS
ENSG00000280211,NA,-0.00073357,NA,NS
ENSG00000280213,UCKL1-AS1,0.005009053,NA,NS
ENSG00000280247,NA,-0.014547679,NA,NS
ENSG00000280278,FLJ30679,0.038100683,NA,NS
ENSG00000280303,ERICD,-0.001971057,NA,NS
ENSG00000280327,NA,0.004809556,NA,NS
ENSG00000280332,NA,0.005150805,NA,NS
ENSG00000280351,NA,-0.002572432,NA,NS
ENSG00000280367,NA,-0.001102006,NA,NS
ENSG00000280383,NA,0.004309202,NA,NS
ENSG00000280388,NA,0.002813475,NA,NS
ENSG00000280401,NA,0.00713004,NA,NS
ENSG00000280414,NA,-0.016155828,NA,NS
ENSG00000280426,NA,0.016184664,NA,NS
ENSG00000280432,NA,-0.012862189,NA,NS
ENSG00000280434,NA,-0.001883489,NA,NS
ENSG00000280537,NA,0.010366585,NA,NS
ENSG00000280620,SCAANT1,0.006884859,NA,NS
ENSG00000280809,LINC00836,0.01589558,NA,NS
ENSG00000280989,LINC00581,0.006499509,NA,NS
ENSG00000281005,LINC00921,0.014541094,NA,NS
ENSG00000281026,N4BP2L2-IT2,0.037911038,NA,NS
ENSG00000281091,LL0XNC01-250H12.3,0.003672401,NA,NS
ENSG00000281103,TRG-AS1,0.011410223,NA,NS
ENSG00000281207,SLFNL1-AS1,0.006205095,NA,NS
ENSG00000281348,NA,-0.003017886,NA,NS
ENSG00000281376,ABALON,0.003519074,NA,NS
ENSG00000281468,NA,-0.017091239,NA,NS
ENSG00000281566,LINC03077,-0.014606368,NA,NS
ENSG00000281706,LINC01012,-0.019110374,NA,NS
ENSG00000281731,METTL14-DT,-0.007350618,NA,NS
ENSG00000281903,ASMER1,-0.07700328,NA,NS
ENSG00000281991,TMEM265,-0.000860356,NA,NS
ENSG00000282033,NA,0.000902207,NA,NS
ENSG00000282339,NA,-0.004706488,NA,NS
ENSG00000282386,NA,-0.015567322,NA,NS
ENSG00000282416,NA,0.001584136,NA,NS
ENSG00000282508,LINC01002,-0.016083782,NA,NS
ENSG00000282740,NA,0.001441286,NA,NS
ENSG00000282772,NA,0.009979015,NA,NS
ENSG00000282787,NA,0.004953,NA,NS
ENSG00000282826,FRG1CP,-0.017930321,NA,NS
ENSG00000282836,NA,-0.010802076,NA,NS
ENSG00000282876,NA,-0.00453768,NA,NS
ENSG00000282885,NA,-0.018481148,NA,NS
ENSG00000282907,NA,-0.0035601,NA,NS
ENSG00000282944,CYP4F30P,-0.000507917,NA,NS
ENSG00000282988,NA,8.96E-05,NA,NS
ENSG00000283000,LINC02635,0.008883038,NA,NS
ENSG00000283047,FRG1FP,-0.007319442,NA,NS
ENSG00000283108,NA,0.009597448,NA,NS
ENSG00000283199,C13orf46,-0.040681604,NA,NS
ENSG00000283236,NA,0.009230575,NA,NS
ENSG00000283239,KBTBD11-OT1,0.001557343,NA,NS
ENSG00000283312,NA,-0.00051263,NA,NS
ENSG00000283341,NA,0.018815397,NA,NS
ENSG00000283378,CNTNAP3C,0.026895252,NA,NS
ENSG00000283390,PET100P1,-0.011263137,NA,NS
ENSG00000283413,NA,-0.007321444,NA,NS
ENSG00000283415,NA,0.0001545,NA,NS
ENSG00000283443,ZNF285DP,-0.003388976,NA,NS
ENSG00000283549,NA,-0.003294669,NA,NS
ENSG00000283667,NA,-0.000906841,NA,NS
ENSG00000283757,NA,-0.009147694,NA,NS
ENSG00000283765,NA,-0.00647574,NA,NS
ENSG00000283782,NA,-0.003268532,NA,NS
ENSG00000283959,NA,-0.007442805,NA,NS
ENSG00000283982,NA,-0.003583721,NA,NS
ENSG00000284048,NA,-0.001355411,NA,NS
ENSG00000284057,NA,0.028172829,NA,NS
ENSG00000284237,LINC02767,-0.004891266,NA,NS
ENSG00000284292,NA,-0.008377332,NA,NS
ENSG00000284391,NA,-0.010014752,NA,NS
ENSG00000284395,PERCC1,-0.00783677,NA,NS
ENSG00000284431,NA,-0.012994704,NA,NS
ENSG00000284461,NA,-0.028471778,NA,NS
ENSG00000284479,SMIM39,0.005288305,NA,NS
ENSG00000284491,THSD8,0.01148361,NA,NS
ENSG00000284505,LYNX1-SLURP2,-0.01174277,NA,NS
ENSG00000284512,NA,0.000668984,NA,NS
ENSG00000284523,NA,-0.010415639,NA,NS
ENSG00000284526,NA,0.011415799,NA,NS
ENSG00000284624,NA,-0.04113251,NA,NS
ENSG00000284626,NA,0.00698441,NA,NS
ENSG00000284633,NA,0.001156127,NA,NS
ENSG00000284642,NA,0.004082783,NA,NS
ENSG00000284657,NA,-0.009111667,NA,NS
ENSG00000284668,LINC02780,0.01092618,NA,NS
ENSG00000284677,NA,0.010445229,NA,NS
ENSG00000284693,LINC02606,0.003851791,NA,NS
ENSG00000284738,NA,0.013015423,NA,NS
ENSG00000284747,NA,-0.011593431,NA,NS
ENSG00000284773,NA,-0.014384396,NA,NS
ENSG00000284830,NA,-0.003394167,NA,NS
ENSG00000284879,NCAL1,-0.017313132,NA,NS
ENSG00000284882,NA,-0.002228396,NA,NS
ENSG00000284922,LRTOMT,-0.006811924,NA,NS
ENSG00000284934,NA,0.005977869,NA,NS
ENSG00000284954,NA,-0.070035019,NA,NS
ENSG00000284959,NA,-0.013603998,NA,NS
ENSG00000284966,NA,-0.008886204,NA,NS
ENSG00000284969,NA,0.003105596,NA,NS
ENSG00000285000,NA,0.002809373,NA,NS
ENSG00000285018,NA,-0.05935765,NA,NS
ENSG00000285085,NA,-0.005059724,NA,NS
ENSG00000285091,NA,0.012118674,NA,NS
ENSG00000285190,NA,0.001221871,NA,NS
ENSG00000285205,NA,-0.014231853,NA,NS
ENSG00000285253,NA,0.009944876,NA,NS
ENSG00000285294,LINC00842,-0.01686045,NA,NS
ENSG00000285402,NA,-0.011753822,NA,NS
ENSG00000285413,NA,0.003181488,NA,NS
ENSG00000285454,NA,-0.005354598,NA,NS
ENSG00000285509,TBCEL-TECTA,0.009712654,NA,NS
ENSG00000285517,LINC00941,0.012202842,NA,NS
ENSG00000285528,NA,0.003435904,NA,NS
ENSG00000285531,NA,-0.010191568,NA,NS
ENSG00000285542,NA,0.007101481,NA,NS
ENSG00000285585,NA,-0.000301209,NA,NS
ENSG00000285602,NA,0.030197865,NA,NS
ENSG00000285625,NA,-0.010477383,NA,NS
ENSG00000285628,NA,0.00188342,NA,NS
ENSG00000285646,NA,-0.012696443,NA,NS
ENSG00000285649,NA,-0.015606873,NA,NS
ENSG00000285667,NA,0.030834694,NA,NS
ENSG00000285668,NA,-0.006246402,NA,NS
ENSG00000285669,NA,0.005874698,NA,NS
ENSG00000285679,NA,-0.012076098,NA,NS
ENSG00000285693,NA,-0.001893788,NA,NS
ENSG00000285702,NA,0.00089364,NA,NS
ENSG00000285730,NA,0.012171562,NA,NS
ENSG00000285751,NA,-0.000206957,NA,NS
ENSG00000285763,NA,0.1055903,NA,NS
ENSG00000285771,NA,-0.014441202,NA,NS
ENSG00000285802,NA,0.001609234,NA,NS
ENSG00000285805,NA,0.002380008,NA,NS
ENSG00000285827,NA,-0.001263577,NA,NS
ENSG00000285844,KCNQ5-DT,0.002547273,NA,NS
ENSG00000285847,NA,0.008393064,NA,NS
ENSG00000285851,NA,0.006663192,NA,NS
ENSG00000285856,NA,-0.013531061,NA,NS
ENSG00000285872,NA,-0.033196364,NA,NS
ENSG00000285884,NA,-0.013127047,NA,NS
ENSG00000285886,NA,0.012207288,NA,NS
ENSG00000285897,NA,0.001989373,NA,NS
ENSG00000285908,NA,-0.007688249,NA,NS
ENSG00000285923,NA,0.021616663,NA,NS
ENSG00000285932,NA,-0.003916378,NA,NS
ENSG00000285957,NA,0.007376581,NA,NS
ENSG00000285996,NA,0.014163984,NA,NS
ENSG00000285999,NA,0.009459102,NA,NS
ENSG00000286011,NA,0.006479828,NA,NS
ENSG00000286027,PCSEAT,0.232597308,NA,NS
ENSG00000286037,NA,0.005072734,NA,NS
ENSG00000286042,LCAL1,-0.011987246,NA,NS
ENSG00000286045,NA,-0.017397804,NA,NS
ENSG00000286053,ASDURF,-0.025883236,NA,NS
ENSG00000286058,NA,0.002652394,NA,NS
ENSG00000286060,NA,0.006183194,NA,NS
ENSG00000286061,NCMAP-DT,-0.012386652,NA,NS
ENSG00000286081,NA,-0.014785881,NA,NS
ENSG00000286086,NA,-0.004377954,NA,NS
ENSG00000286098,NA,0.000199921,NA,NS
ENSG00000286106,NOTCH2NLR,0.006157492,NA,NS
ENSG00000286116,NA,0.003761048,NA,NS
ENSG00000286118,NA,0.003530736,NA,NS
ENSG00000286123,NA,-0.016488749,NA,NS
ENSG00000286125,NA,-0.030075195,NA,NS
ENSG00000286132,NA,0.141673294,NA,NS
ENSG00000286138,NA,-0.000538398,NA,NS
ENSG00000286145,NA,-0.006270308,NA,NS
ENSG00000286162,NA,-0.021417507,NA,NS
ENSG00000286165,NA,-0.007749845,NA,NS
ENSG00000286180,NA,-0.008690335,NA,NS
ENSG00000286181,FLICR,-0.007613381,NA,NS
ENSG00000286185,NA,0.003926115,NA,NS
ENSG00000286192,NA,-0.016022751,NA,NS
ENSG00000286207,NA,0.000250585,NA,NS
ENSG00000286221,NA,0.012783139,NA,NS
ENSG00000286230,NA,0.005041964,NA,NS
ENSG00000286235,NA,4.99687373,NA,NS
ENSG00000286237,ARMCX5-GPRASP2,-0.00979278,NA,NS
ENSG00000286268,NA,0.004554443,NA,NS
ENSG00000286299,NA,0.004329828,NA,NS
ENSG00000286311,NA,0.003840099,NA,NS
ENSG00000286321,NA,-0.00513777,NA,NS
ENSG00000286332,NA,0.005781979,NA,NS
ENSG00000286340,NA,-0.024748675,NA,NS
ENSG00000286360,NA,0.009244251,NA,NS
ENSG00000286369,NA,-0.00497443,NA,NS
ENSG00000286373,NA,0.015322494,NA,NS
ENSG00000286379,NA,0.000562772,NA,NS
ENSG00000286389,NA,-0.010842389,NA,NS
ENSG00000286409,NA,0.000751693,NA,NS
ENSG00000286416,NA,0.00039712,NA,NS
ENSG00000286431,NA,0.004450205,NA,NS
ENSG00000286443,NA,-0.002724223,NA,NS
ENSG00000286445,NA,-0.012502037,NA,NS
ENSG00000286447,NA,-0.018304168,NA,NS
ENSG00000286449,NA,-0.008486561,NA,NS
ENSG00000286482,NA,0.001245222,NA,NS
ENSG00000286502,NA,-0.014252025,NA,NS
ENSG00000286503,NA,-0.026105909,NA,NS
ENSG00000286522,H3C2,0.000856129,NA,NS
ENSG00000286527,NA,-0.008562965,NA,NS
ENSG00000286535,NA,-0.008588796,NA,NS
ENSG00000286536,NA,-0.004449969,NA,NS
ENSG00000286538,NA,0.010425454,NA,NS
ENSG00000286549,NA,0.007498028,NA,NS
ENSG00000286563,NA,6.07E-06,NA,NS
ENSG00000286598,NA,0.144525983,NA,NS
ENSG00000286600,NA,0.030669088,NA,NS
ENSG00000286613,NA,-0.004622154,NA,NS
ENSG00000286619,PM20D1-AS1,0.004541758,NA,NS
ENSG00000286626,NA,0.00177628,NA,NS
ENSG00000286638,NA,-0.016130965,NA,NS
ENSG00000286650,NA,-0.000225938,NA,NS
ENSG00000286659,NA,-0.028585356,NA,NS
ENSG00000286669,NA,-0.019146867,NA,NS
ENSG00000286681,NA,0.000348046,NA,NS
ENSG00000286689,NA,0.007680834,NA,NS
ENSG00000286703,NA,0.003600218,NA,NS
ENSG00000286705,NA,-0.006967704,NA,NS
ENSG00000286718,NA,-0.027630317,NA,NS
ENSG00000286724,NA,-0.014421654,NA,NS
ENSG00000286725,NA,0.000216437,NA,NS
ENSG00000286729,NA,0.00181144,NA,NS
ENSG00000286732,NA,-0.018860523,NA,NS
ENSG00000286747,NA,-0.002752413,NA,NS
ENSG00000286753,NA,-0.008329922,NA,NS
ENSG00000286760,NA,0.027203977,NA,NS
ENSG00000286786,NA,-0.004889521,NA,NS
ENSG00000286787,NA,-0.012268459,NA,NS
ENSG00000286797,NA,0.000345021,NA,NS
ENSG00000286813,NA,0.020263888,NA,NS
ENSG00000286828,NA,-0.024366965,NA,NS
ENSG00000286830,NA,-0.015131412,NA,NS
ENSG00000286833,NA,-0.00837167,NA,NS
ENSG00000286834,NA,0.001143108,NA,NS
ENSG00000286835,NA,0.004934024,NA,NS
ENSG00000286837,NA,-0.020653158,NA,NS
ENSG00000286873,NA,0.001157127,NA,NS
ENSG00000286878,NA,-0.000983047,NA,NS
ENSG00000286883,NA,-0.006372098,NA,NS
ENSG00000286885,NA,-0.02001596,NA,NS
ENSG00000286892,NA,0.003605198,NA,NS
ENSG00000286905,NA,-0.029978281,NA,NS
ENSG00000286912,NA,-0.017426601,NA,NS
ENSG00000286964,NA,-0.007439536,NA,NS
ENSG00000286976,NA,0.027908984,NA,NS
ENSG00000286988,NA,0.009289685,NA,NS
ENSG00000287001,NA,0.010258604,NA,NS
ENSG00000287005,NA,-0.001441697,NA,NS
ENSG00000287009,NA,0.001979776,NA,NS
ENSG00000287014,NA,-0.001638334,NA,NS
ENSG00000287016,NA,0.011733029,NA,NS
ENSG00000287042,NA,-0.000149396,NA,NS
ENSG00000287059,NA,0.02501208,NA,NS
ENSG00000287078,NA,-0.001126089,NA,NS
ENSG00000287088,NA,-0.011928365,NA,NS
ENSG00000287091,NA,0.003425059,NA,NS
ENSG00000287097,NA,0.00815495,NA,NS
ENSG00000287133,NA,0.008070585,NA,NS
ENSG00000287136,NA,-0.006378696,NA,NS
ENSG00000287142,NA,0.007686086,NA,NS
ENSG00000287158,NA,0.01371906,NA,NS
ENSG00000287160,NA,0.013326119,NA,NS
ENSG00000287165,NA,0.007486827,NA,NS
ENSG00000287166,NA,-0.008031668,NA,NS
ENSG00000287193,NA,0.010305697,NA,NS
ENSG00000287200,NA,-0.006619847,NA,NS
ENSG00000287207,NA,-0.008550551,NA,NS
ENSG00000287231,NA,-0.003933164,NA,NS
ENSG00000287234,NA,-0.002879659,NA,NS
ENSG00000287250,NA,0.00773267,NA,NS
ENSG00000287262,NA,0.010257475,NA,NS
ENSG00000287265,NA,0.008220615,NA,NS
ENSG00000287275,NA,0.004880024,NA,NS
ENSG00000287278,NA,0.015873685,NA,NS
ENSG00000287301,NA,0.004168464,NA,NS
ENSG00000287306,NA,-0.005375589,NA,NS
ENSG00000287310,NA,0.007162437,NA,NS
ENSG00000287320,NA,0.011890852,NA,NS
ENSG00000287329,NA,-0.000674202,NA,NS
ENSG00000287337,NA,0.0023737,NA,NS
ENSG00000287342,NA,-0.013142794,NA,NS
ENSG00000287390,NA,-0.006225763,NA,NS
ENSG00000287394,MAGEA3-DT,-0.012765879,NA,NS
ENSG00000287401,NA,-0.008244978,NA,NS
ENSG00000287402,NA,0.001584076,NA,NS
ENSG00000287426,NA,-0.00228206,NA,NS
ENSG00000287434,NA,0.004813665,NA,NS
ENSG00000287445,NA,0.009255511,NA,NS
ENSG00000287499,NA,0.06041716,NA,NS
ENSG00000287513,NA,-0.011932336,NA,NS
ENSG00000287515,NA,-0.005162369,NA,NS
ENSG00000287519,NA,-0.014814423,NA,NS
ENSG00000287530,NA,-0.010119726,NA,NS
ENSG00000287539,NA,-0.017299372,NA,NS
ENSG00000287548,NA,0.00685271,NA,NS
ENSG00000287550,NA,-0.001093565,NA,NS
ENSG00000287561,NA,-0.00689952,NA,NS
ENSG00000287562,NA,-0.003398648,NA,NS
ENSG00000287601,NA,0.002617352,NA,NS
ENSG00000287619,NA,-0.021699175,NA,NS
ENSG00000287620,NA,0.014197647,NA,NS
ENSG00000287630,NA,0.009416289,NA,NS
ENSG00000287642,NA,-0.010016635,NA,NS
ENSG00000287655,NA,0.002269159,NA,NS
ENSG00000287697,NA,0.004910424,NA,NS
ENSG00000287707,NA,-0.00940431,NA,NS
ENSG00000287725,NA,0.003786744,NA,NS
ENSG00000287733,NA,-0.013673584,NA,NS
ENSG00000287734,NA,0.004406073,NA,NS
ENSG00000287737,NA,0.004245982,NA,NS
ENSG00000287742,NA,-0.000717641,NA,NS
ENSG00000287765,NA,0.00325521,NA,NS
ENSG00000287778,NA,-0.041289069,NA,NS
ENSG00000287804,NA,0.006488793,NA,NS
ENSG00000287808,DHX9-AS1,0.032826305,NA,NS
ENSG00000287839,NA,0.003082616,NA,NS
ENSG00000287851,NA,0.007001407,NA,NS
ENSG00000287856,NA,0.005704402,NA,NS
ENSG00000287860,NA,0.014743055,NA,NS
ENSG00000287861,NA,0.016999088,NA,NS
ENSG00000287886,NA,-0.014168892,NA,NS
ENSG00000287894,NA,-0.006805341,NA,NS
ENSG00000287910,NA,-0.009772564,NA,NS
ENSG00000287915,NA,-0.028715854,NA,NS
ENSG00000287918,NA,-0.024171171,NA,NS
ENSG00000287935,NA,0.00590929,NA,NS
ENSG00000287961,NA,0.011747747,NA,NS
ENSG00000287975,NA,0.115256899,NA,NS
ENSG00000287978,NA,0.031684758,NA,NS
ENSG00000287979,NA,-0.00079951,NA,NS
ENSG00000287985,NA,-0.003254909,NA,NS
ENSG00000288007,NA,0.018002343,NA,NS
ENSG00000288022,NA,0.003789019,NA,NS
ENSG00000288031,NA,-0.004729269,NA,NS
ENSG00000288049,NA,-0.012318608,NA,NS
ENSG00000288060,NA,-0.027151613,NA,NS
ENSG00000288061,NA,-0.006190598,NA,NS
ENSG00000288076,NA,0.018843999,NA,NS
ENSG00000288082,NA,0.003840027,NA,NS
ENSG00000288093,NA,-0.005164905,NA,NS
ENSG00000288095,NA,0.001908872,NA,NS
ENSG00000288106,NA,-0.020523586,NA,NS
ENSG00000288109,NA,0.009717099,NA,NS
ENSG00000288253,NA,-0.001029235,NA,NS
ENSG00000288258,NA,-0.006184864,NA,NS
ENSG00000288473,NA,-0.023611107,NA,NS
ENSG00000288520,NA,0.001115333,NA,NS
ENSG00000288534,NA,-0.00047625,NA,NS
ENSG00000288538,NA,-0.019627993,NA,NS
ENSG00000288550,NA,-0.005705444,NA,NS
ENSG00000288559,NA,-0.02030753,NA,NS
ENSG00000288568,ZCCHC14-DT,0.007569303,NA,NS
ENSG00000288585,NA,-0.004332599,NA,NS
ENSG00000288591,NA,-0.001853371,NA,NS
ENSG00000288604,NA,0.010313805,NA,NS
ENSG00000288612,NA,0.006746671,NA,NS
ENSG00000288620,NA,0.001174309,NA,NS
ENSG00000288622,PDCD6-AHRR,-0.000691847,NA,NS
ENSG00000288635,NA,-0.001798826,NA,NS
ENSG00000288640,NA,-0.216828262,NA,NS
ENSG00000288675,PANO1,-0.013678707,NA,NS
ENSG00000288683,NA,0.002845175,NA,NS
ENSG00000288702,UGT1A3,0.006114425,NA,NS
ENSG00000288707,NA,-0.012439573,NA,NS
ENSG00000288717,NA,-0.004472672,NA,NS
ENSG00000288721,NA,0.003594659,NA,NS
ENSG00000288728,NA,0.00264728,NA,NS
ENSG00000288739,NA,0.001212622,NA,NS
ENSG00000288743,NA,-0.009509591,NA,NS
ENSG00000288746,NA,-0.006816726,NA,NS
ENSG00000288748,NA,0.003618595,NA,NS
ENSG00000288750,NA,-0.02025198,NA,NS
ENSG00000288756,NA,-0.024341373,NA,NS
ENSG00000288761,NA,-0.003256149,NA,NS
ENSG00000288766,NA,-0.010674456,NA,NS
ENSG00000288770,NA,-0.007079772,NA,NS
ENSG00000288795,NA,0.003154985,NA,NS
ENSG00000288809,NA,-0.004013425,NA,NS
ENSG00000288813,NA,-0.011379914,NA,NS
ENSG00000288814,NA,0.002037238,NA,NS
ENSG00000288817,NA,-0.00591722,NA,NS
ENSG00000288818,NA,-0.008265395,NA,NS
ENSG00000288826,NA,-0.006201444,NA,NS
ENSG00000288827,NA,-0.006211333,NA,NS
ENSG00000288829,NA,-0.016759879,NA,NS
ENSG00000288831,NA,-0.017602559,NA,NS
ENSG00000288839,NA,0.005427848,NA,NS
ENSG00000288841,NA,-0.000393501,NA,NS
ENSG00000288846,NA,-0.011452433,NA,NS
ENSG00000288848,NA,0.001898266,NA,NS
ENSG00000288851,NA,-0.018831015,NA,NS
ENSG00000288858,NA,-0.019414878,NA,NS
ENSG00000288871,NA,-0.005514401,NA,NS
ENSG00000288873,NA,-0.027235448,NA,NS
ENSG00000288877,NA,-0.012100455,NA,NS
ENSG00000288880,NA,-0.035362756,NA,NS
ENSG00000288906,NA,0.000822986,NA,NS
ENSG00000288908,NA,0.001488215,NA,NS
ENSG00000288909,NA,-0.018791166,NA,NS
ENSG00000288913,NA,-0.007456478,NA,NS
ENSG00000288917,NA,-0.013937266,NA,NS
ENSG00000288919,NA,3.30E-05,NA,NS
ENSG00000288931,NA,-0.002639018,NA,NS
ENSG00000288935,NA,0.017900776,NA,NS
ENSG00000288942,NA,-0.008898992,NA,NS
ENSG00000288949,NA,-0.003370264,NA,NS
ENSG00000288955,NA,-0.003411076,NA,NS
ENSG00000288956,NA,-0.016174455,NA,NS
ENSG00000288961,NA,-0.00720376,NA,NS
ENSG00000288966,NA,-0.004292098,NA,NS
ENSG00000288985,NA,-0.01208981,NA,NS
ENSG00000288988,NA,0.013034623,NA,NS
ENSG00000288989,NA,0.010683859,NA,NS
ENSG00000288996,NA,-0.014776908,NA,NS
ENSG00000288998,NA,0.007800816,NA,NS
ENSG00000289000,NA,-0.004194728,NA,NS
ENSG00000289001,NA,-0.004977843,NA,NS
ENSG00000289006,NA,0.003781907,NA,NS
ENSG00000289009,NA,0.006621994,NA,NS
ENSG00000289015,NA,-0.019785874,NA,NS
ENSG00000289019,NA,-0.021630051,NA,NS
ENSG00000289028,NA,-0.017488952,NA,NS
ENSG00000289029,NA,-0.024564589,NA,NS
ENSG00000289030,NA,-0.004140632,NA,NS
ENSG00000289041,NA,-0.002186211,NA,NS
ENSG00000289042,NA,0.003815096,NA,NS
ENSG00000289044,NA,-0.00114045,NA,NS
ENSG00000289045,NA,-0.014520927,NA,NS
ENSG00000289046,NA,-0.011292803,NA,NS
ENSG00000289050,NA,-0.007708191,NA,NS
ENSG00000289055,NA,-0.009239566,NA,NS
ENSG00000289056,NA,-0.010486051,NA,NS
ENSG00000289063,NA,-0.012167232,NA,NS
ENSG00000289067,NA,-0.006161913,NA,NS
ENSG00000289073,NA,-0.020508018,NA,NS
ENSG00000289075,NA,0.001957606,NA,NS
ENSG00000289088,NA,-0.029635417,NA,NS
ENSG00000289090,NA,-0.008871803,NA,NS
ENSG00000289092,NA,0.021548846,NA,NS
ENSG00000289094,NA,-0.006757402,NA,NS
ENSG00000289103,NA,0.026639984,NA,NS
ENSG00000289110,NA,-0.021962728,NA,NS
ENSG00000289114,NA,-0.003959009,NA,NS
ENSG00000289119,NA,-0.000975411,NA,NS
ENSG00000289124,NA,0.00878397,NA,NS
ENSG00000289126,NA,-0.003670396,NA,NS
ENSG00000289130,THRB-AS2,-0.011410631,NA,NS
ENSG00000289141,NA,-0.028743358,NA,NS
ENSG00000289145,NA,-0.027532807,NA,NS
ENSG00000289149,NA,0.013359502,NA,NS
ENSG00000289151,NA,0.009650686,NA,NS
ENSG00000289154,NA,0.000927482,NA,NS
ENSG00000289159,NA,0.000550538,NA,NS
ENSG00000289164,NA,0.004099055,NA,NS
ENSG00000289165,NA,0.004814596,NA,NS
ENSG00000289166,NA,-0.009105331,NA,NS
ENSG00000289177,NA,-0.003028249,NA,NS
ENSG00000289183,NA,0.008074717,NA,NS
ENSG00000289190,NA,-0.009069785,NA,NS
ENSG00000289212,NA,0.005585622,NA,NS
ENSG00000289222,NA,-0.015879278,NA,NS
ENSG00000289223,NA,-0.020152567,NA,NS
ENSG00000289225,NA,-0.004777846,NA,NS
ENSG00000289236,NA,-0.006368067,NA,NS
ENSG00000289244,NA,0.003810896,NA,NS
ENSG00000289245,NA,0.00366163,NA,NS
ENSG00000289250,NA,-0.00630644,NA,NS
ENSG00000289253,NA,-0.016124369,NA,NS
ENSG00000289261,NA,0.009111048,NA,NS
ENSG00000289277,NA,-0.000380325,NA,NS
ENSG00000289281,NA,-0.01424017,NA,NS
ENSG00000289295,NA,0.012730668,NA,NS
ENSG00000289296,NA,-0.006786452,NA,NS
ENSG00000289298,NA,-0.001259879,NA,NS
ENSG00000289304,NA,-0.013895443,NA,NS
ENSG00000289305,NA,-0.003628667,NA,NS
ENSG00000289313,LINC01512,-0.006946004,NA,NS
ENSG00000289317,NA,0.005154317,NA,NS
ENSG00000289319,NA,0.001485608,NA,NS
ENSG00000289322,NA,-0.003484332,NA,NS
ENSG00000289324,NA,0.00250289,NA,NS
ENSG00000289332,NA,0.011344774,NA,NS
ENSG00000289334,NA,-0.006728756,NA,NS
ENSG00000289339,NA,0.001603849,NA,NS
ENSG00000289340,NA,-0.006486552,NA,NS
ENSG00000289343,NA,0.007413714,NA,NS
ENSG00000289346,NA,-0.003311392,NA,NS
ENSG00000289347,NA,0.016884808,NA,NS
ENSG00000289361,NA,0.002585502,NA,NS
ENSG00000289370,NA,0.003528542,NA,NS
ENSG00000289372,NA,-0.000865563,NA,NS
ENSG00000289375,NA,-0.016176143,NA,NS
ENSG00000289390,NA,0.012835956,NA,NS
ENSG00000289405,NA,0.009634594,NA,NS
ENSG00000289407,NA,-0.010991219,NA,NS
ENSG00000289410,NA,0.00608687,NA,NS
ENSG00000289412,ZEBTR,-0.017103873,NA,NS
ENSG00000289419,NA,-0.009461585,NA,NS
ENSG00000289421,NA,0.023130662,NA,NS
ENSG00000289428,NA,0.001659536,NA,NS
ENSG00000289439,NA,-0.000113117,NA,NS
ENSG00000289444,NA,-0.000396723,NA,NS
ENSG00000289446,NA,-0.007221311,NA,NS
ENSG00000289447,NA,0.004887144,NA,NS
ENSG00000289453,NA,-0.002588941,NA,NS
ENSG00000289463,NA,-0.001148143,NA,NS
ENSG00000289469,NA,-0.007166964,NA,NS
ENSG00000289480,NA,-0.003398768,NA,NS
ENSG00000289482,NA,-0.020127082,NA,NS
ENSG00000289492,NA,0.005179597,NA,NS
ENSG00000289496,NA,-0.016223722,NA,NS
ENSG00000289499,NA,-0.023019875,NA,NS
ENSG00000289504,NA,0.017857248,NA,NS
ENSG00000289506,DDIT4-AS1,0.011769591,NA,NS
ENSG00000289507,NA,-0.004153173,NA,NS
ENSG00000289517,NA,-0.015215515,NA,NS
ENSG00000289519,NA,0.008623409,NA,NS
ENSG00000289520,NA,0.006887411,NA,NS
ENSG00000289523,NA,0.000490248,NA,NS
ENSG00000289539,NA,0.015071443,NA,NS
ENSG00000289543,NA,-0.00222163,NA,NS
ENSG00000289546,NA,0.01844636,NA,NS
ENSG00000289551,NA,-0.006614019,NA,NS
ENSG00000289552,NA,-0.005928721,NA,NS
ENSG00000289554,NA,0.003920737,NA,NS
ENSG00000289555,NA,0.00761145,NA,NS
ENSG00000289558,NA,-0.001566744,NA,NS
ENSG00000289559,NA,-0.010301966,NA,NS
ENSG00000289565,NA,0.032655457,NA,NS
ENSG00000289575,NA,-0.020966448,NA,NS
ENSG00000289589,NA,0.008820788,NA,NS
ENSG00000289592,NA,-0.007405355,NA,NS
ENSG00000289594,NA,-0.001589674,NA,NS
ENSG00000289602,NA,-0.005268004,NA,NS
ENSG00000289606,NA,0.009744892,NA,NS
ENSG00000289607,NA,0.00766427,NA,NS
ENSG00000289613,NA,-0.006088835,NA,NS
ENSG00000289623,NA,-0.007833655,NA,NS
ENSG00000289626,NA,0.00972609,NA,NS
ENSG00000289631,NA,0.02473348,NA,NS
ENSG00000289637,NA,0.008920308,NA,NS
ENSG00000289639,NA,0.002513689,NA,NS
ENSG00000289687,NA,0.003999542,NA,NS
ENSG00000289700,NA,0.016598016,NA,NS
ENSG00000289701,NA,-0.031075294,NA,NS
ENSG00000289716,XNDC1N-ZNF705EP-ALG1L9P,0.012718071,NA,NS
ENSG00000289744,NA,-0.033679223,NA,NS
ENSG00000289745,NA,-0.008964769,NA,NS
ENSG00000289747,NA,-0.034385059,NA,NS
ENSG00000289748,NA,0.016731099,NA,NS
ENSG00000289750,NA,0.002858287,NA,NS
ENSG00000289758,NA,-0.001006903,NA,NS
ENSG00000289763,NA,-0.018722203,NA,NS
ENSG00000289827,NA,0.006277586,NA,NS
ENSG00000289843,BMS1P14,0.001579821,NA,NS
ENSG00000289855,NA,-0.000958705,NA,NS
ENSG00000289857,NA,-0.009348432,NA,NS
ENSG00000289868,NA,-0.0119214,NA,NS
ENSG00000289872,NA,0.006591077,NA,NS
ENSG00000289878,NA,-0.008149395,NA,NS
ENSG00000289881,NA,0.005800248,NA,NS
ENSG00000289890,NA,0.0072275,NA,NS
ENSG00000289891,NA,-0.016309789,NA,NS
ENSG00000289903,NA,-0.016954474,NA,NS
ENSG00000289906,LINC03024,-0.024651582,NA,NS
ENSG00000289915,NA,-0.000527457,NA,NS
ENSG00000289931,NA,-0.004909353,NA,NS
ENSG00000289935,NA,-0.003345029,NA,NS
ENSG00000289943,NA,0.016102721,NA,NS
ENSG00000289949,NA,0.014017026,NA,NS
ENSG00000289956,NA,0.005337334,NA,NS
ENSG00000289960,NA,-0.021544446,NA,NS
ENSG00000289970,NA,-0.003124794,NA,NS
ENSG00000289979,NA,0.005442955,NA,NS
ENSG00000289981,NA,-0.002261528,NA,NS
ENSG00000289984,NA,-0.01381499,NA,NS
ENSG00000289997,NA,0.008336855,NA,NS
ENSG00000290001,NA,-0.004810814,NA,NS
ENSG00000290002,NA,0.015325724,NA,NS
ENSG00000290008,NA,-0.000394279,NA,NS
ENSG00000290015,NA,-0.013144999,NA,NS
ENSG00000290045,NA,-0.015625044,NA,NS
ENSG00000290047,NA,0.02089479,NA,NS
ENSG00000290049,NA,-0.002779959,NA,NS
ENSG00000290051,NA,0.010291772,NA,NS
ENSG00000290057,NA,-0.000458158,NA,NS
ENSG00000290058,NA,0.020040751,NA,NS
ENSG00000290072,NA,0.003479136,NA,NS
ENSG00000290075,NA,0.005710565,NA,NS
ENSG00000290083,NA,0.006846426,NA,NS
ENSG00000290086,NA,0.028135976,NA,NS
ENSG00000290089,NA,0.001624438,NA,NS
ENSG00000290098,NA,0.001922829,NA,NS
ENSG00000290102,NA,0.024511143,NA,NS
ENSG00000290107,NA,0.008205319,NA,NS
ENSG00000290110,NA,0.001209595,NA,NS
ENSG00000290112,NA,-0.012509997,NA,NS
ENSG00000290117,NA,0.000164458,NA,NS
ENSG00000290121,NA,-0.010978276,NA,NS
ENSG00000290123,NA,-0.002975355,NA,NS
ENSG00000290126,NA,-0.000983228,NA,NS
ENSG00000290127,NA,-0.022018693,NA,NS
ENSG00000290199,NA,-0.027275989,NA,NS
ENSG00000290319,NA,-0.001343187,NA,NS
ENSG00000290336,RBMY2FP,0.000179762,NA,NS
ENSG00000290382,ZNF876P,0.010047504,NA,NS
ENSG00000290383,NA,-0.027390332,NA,NS
ENSG00000290385,NA,0.00208893,NA,NS
ENSG00000290386,NA,-0.001281971,NA,NS
ENSG00000290425,PI4KAP1,0.000441202,NA,NS
ENSG00000290439,HSD17B7P2,0.008808589,NA,NS
ENSG00000290445,CCNYL2,0.002146542,NA,NS
ENSG00000290453,NA,0.006745952,NA,NS
ENSG00000290460,NA,-0.017537152,NA,NS
ENSG00000290469,NA,0.003843318,NA,NS
ENSG00000290523,NA,0.018162254,NA,NS
ENSG00000290537,NA,0.008237883,NA,NS
ENSG00000290549,NA,0.009407094,NA,NS
ENSG00000290556,NA,0.005921042,NA,NS
ENSG00000290569,NA,-0.016355732,NA,NS
ENSG00000290576,NA,-0.019126602,NA,NS
ENSG00000290585,NA,-0.001122967,NA,NS
ENSG00000290596,FAR2P2,-0.000471175,NA,NS
ENSG00000290600,NA,-0.00579286,NA,NS
ENSG00000290700,NA,-0.004745625,NA,NS
ENSG00000290727,ALMS1P1,0.00545568,NA,NS
ENSG00000290728,NA,0.003674293,NA,NS
ENSG00000290735,NA,0.000469112,NA,NS
ENSG00000290737,NA,0.024526841,NA,NS
ENSG00000290739,NA,-0.001318037,NA,NS
ENSG00000290782,CFL1P1,0.002015042,NA,NS
ENSG00000290796,NA,-0.006868962,NA,NS
ENSG00000290803,NA,0.006527585,NA,NS
ENSG00000290829,NA,0.001603781,NA,NS
ENSG00000290830,NA,-0.001718771,NA,NS
ENSG00000290836,PMCHL2,0.009007205,NA,NS
ENSG00000290842,CROCCP3,-0.010543303,NA,NS
ENSG00000290845,NA,-0.002705036,NA,NS
ENSG00000290848,NA,0.014622876,NA,NS
ENSG00000290858,NA,0.004282817,NA,NS
ENSG00000290860,CCT6P3,0.010714498,NA,NS
ENSG00000290878,HLA-DRB6,0.007743464,NA,NS
ENSG00000290879,NA,-0.025930361,NA,NS
ENSG00000290880,NA,0.005576292,NA,NS
ENSG00000290885,NA,-0.029309989,NA,NS
ENSG00000290890,PDPR2P,-0.023502191,NA,NS
ENSG00000290894,PCDHB18P,-0.009382245,NA,NS
ENSG00000290902,NA,-0.010639921,NA,NS
ENSG00000290907,NA,-0.008009307,NA,NS
ENSG00000290908,NA,-0.005022179,NA,NS
ENSG00000290911,NA,0.010996608,NA,NS
ENSG00000290913,NA,0.005622805,NA,NS
ENSG00000290916,NA,0.004111548,NA,NS
ENSG00000290917,RAET1K,-0.006599954,NA,NS
ENSG00000290921,NA,0.007191611,NA,NS
ENSG00000290923,PGM5P2,0.006958552,NA,NS
ENSG00000290940,FAM86FP,-0.019723435,NA,NS
ENSG00000290943,ABCC6P2,-0.012292989,NA,NS
ENSG00000290945,NA,-0.015182444,NA,NS
ENSG00000290957,NA,-0.024970492,NA,NS
ENSG00000290965,OR7E47P,0.005539338,NA,NS
ENSG00000290983,NA,-0.022565365,NA,NS
ENSG00000290984,NA,0.00195598,NA,NS
ENSG00000290986,NA,0.01354998,NA,NS
ENSG00000290988,ZNF781,0.023876009,NA,NS
ENSG00000290995,NA,-0.014105581,NA,NS
ENSG00000290999,NA,0.006328862,NA,NS
ENSG00000291005,NBPF25P,-0.047213536,NA,NS
ENSG00000291008,NA,-0.006227582,NA,NS
ENSG00000291010,MRPS31P5,-0.016066907,NA,NS
ENSG00000291012,FLJ43315,0.03489451,NA,NS
ENSG00000291015,NA,0.00694699,NA,NS
ENSG00000291018,NA,-0.018664875,NA,NS
ENSG00000291019,AACSP1,0.015611959,NA,NS
ENSG00000291027,UBE2Q2P1,-0.06668086,NA,NS
ENSG00000291028,LINC00933,-0.001168714,NA,NS
ENSG00000291029,NA,-0.001399603,NA,NS
ENSG00000291031,BCORP1,0.014324663,NA,NS
ENSG00000291034,NA,-0.005066809,NA,NS
ENSG00000291040,CD99P1,-0.002058744,NA,NS
ENSG00000291042,NA,0.008728283,NA,NS
ENSG00000291047,NA,0.022807548,NA,NS
ENSG00000291051,NA,-0.004252803,NA,NS
ENSG00000291054,NA,-0.024075597,NA,NS
ENSG00000291056,SEPTIN7P9,-0.014597733,NA,NS
ENSG00000291057,ABCC6P1,-0.014419557,NA,NS
ENSG00000291069,BMS1P1,0.014305828,NA,NS
ENSG00000291077,NA,0.010251314,NA,NS
ENSG00000291095,NA,-0.015237874,NA,NS
ENSG00000291096,NA,0.020974253,NA,NS
ENSG00000291097,HLA-L,-0.010219062,NA,NS
ENSG00000291101,NA,-0.012728227,NA,NS
ENSG00000291103,NA,-2.63E-05,NA,NS
ENSG00000291104,BTN2A3P,-0.025993493,NA,NS
ENSG00000291106,SNHG33,-0.007853283,NA,NS
ENSG00000291108,SEPTIN7P11,-0.023224336,NA,NS
ENSG00000291117,NA,0.000961014,NA,NS
ENSG00000291127,ANKRD36BP2,-0.013709706,NA,NS
ENSG00000291129,PPIEL,-0.008883285,NA,NS
ENSG00000291131,NA,0.004850518,NA,NS
ENSG00000291133,NA,-0.005363898,NA,NS
ENSG00000291141,EMBP1,-0.00955356,NA,NS
ENSG00000291143,NA,0.007710493,NA,NS
ENSG00000291145,NA,-0.008616361,NA,NS
ENSG00000291148,AZGP1P1,0.042838836,NA,NS
ENSG00000291149,NA,-0.049059405,NA,NS
ENSG00000291156,NA,-0.007102996,NA,NS
ENSG00000291170,NA,-0.0025242,NA,NS
ENSG00000291184,NA,-0.002238642,NA,NS
ENSG00000291189,NA,-0.003932333,NA,NS
ENSG00000291194,NA,0.007487811,NA,NS
ENSG00000291209,NA,0.018118862,NA,NS
ENSG00000291213,DPY19L2P3,-0.018037018,NA,NS
ENSG00000291217,LINC01347,-0.005716861,NA,NS
ENSG00000291219,NA,-0.009344204,NA,NS
ENSG00000291221,NA,-0.002199991,NA,NS
ENSG00000291231,NA,0.07977276,NA,NS
ENSG00000291262,NA,0.004994204,NA,NS
ENSG00000291263,SMG1P7,0.005244628,NA,NS
ENSG00000291264,NA,-0.02106062,NA,NS
ENSG00000291268,NA,-0.024119267,NA,NS
ENSG00000291275,NA,-0.003259829,NA,NS
ENSG00000291276,NA,0.015413693,NA,NS
ENSG00000291283,NA,0.011292457,NA,NS
ENSG00000291313,NA,0.018863035,NA,NS
ENSG00000291338,NA,0.003014967,NA,NS
ENSG00000292331,ASMTL-AS1,-0.006795887,NA,NS
ENSG00000292362,CD99P1,-0.002058744,NA,NS
ENSG00000292370,WASIR1,-0.005759042,NA,NS
ENSG00000292373,IL9R,-0.007817116,NA,NS
ENSG00000292433,NA,0.001602481,NA,NS
ENSG00000292993,NA,-0.017488948,NA,NS
ENSG00000292994,NA,0.000824146,NA,NS
ENSG00000293004,NA,0.002025054,NA,NS
ENSG00000293050,NA,0.005020223,NA,NS
ENSG00000293060,NA,-0.016468549,NA,NS
ENSG00000293076,NA,-0.029975703,NA,NS
ENSG00000293086,NA,0.01286679,NA,NS
ENSG00000293087,RPL23AP87,-0.026929827,NA,NS
ENSG00000293096,NA,-0.007516002,NA,NS
ENSG00000293098,NA,0.010742469,NA,NS
ENSG00000293143,NA,-0.044539055,NA,NS
ENSG00000293144,NA,0.001457235,NA,NS
ENSG00000293162,NA,-0.001568946,NA,NS
ENSG00000293164,NA,0.026415663,NA,NS
ENSG00000293167,NA,0.006706055,NA,NS
ENSG00000293171,NA,-0.008175695,NA,NS
ENSG00000293178,NA,-0.000403661,NA,NS
ENSG00000293183,NA,0.006994277,NA,NS
ENSG00000293186,NA,0.006746706,NA,NS
ENSG00000293188,NA,-0.012216451,NA,NS
ENSG00000293194,RDM1P5,0.01385341,NA,NS
ENSG00000293200,SLED1,-0.025337345,NA,NS
ENSG00000293222,ACTG1P17,-0.018845939,NA,NS
ENSG00000293232,NA,-0.013776035,NA,NS
ENSG00000293235,NA,0.003568874,NA,NS
ENSG00000293258,NA,0.010241207,NA,NS
ENSG00000293269,NA,-0.008547733,NA,NS
ENSG00000293271,SLC44A3-AS1,-0.007109483,NA,NS
ENSG00000293276,NA,-0.013352372,NA,NS
ENSG00000293293,NA,-0.00728684,NA,NS
ENSG00000293297,NA,-0.00487353,NA,NS
ENSG00000293300,NA,-0.006660773,NA,NS
ENSG00000293303,NA,0.03586948,NA,NS
ENSG00000293309,PAFAH1B2P2,-0.003937216,NA,NS
ENSG00000293315,NA,0.010348082,NA,NS
ENSG00000293324,NA,-0.002247814,NA,NS
ENSG00000293325,KRT18P55,0.019962764,NA,NS
ENSG00000293328,NKAPP1,0.006762265,NA,NS
ENSG00000293332,NA,0.023851066,NA,NS
ENSG00000293338,NA,-0.026127156,NA,NS
ENSG00000293372,NA,0.001646716,NA,NS
ENSG00000293386,LRRC78P,0.00890098,NA,NS
ENSG00000293399,NA,0.011804085,NA,NS
ENSG00000293401,NA,0.001802185,NA,NS
ENSG00000293404,NA,-0.025279455,NA,NS
ENSG00000293411,NA,0.005910553,NA,NS
ENSG00000293413,NA,0.008623303,NA,NS
ENSG00000293414,TMEM277P,0.004190462,NA,NS
ENSG00000293422,PRORSD1P,-0.003955297,NA,NS
ENSG00000293446,NA,0.000535115,NA,NS
ENSG00000293451,TDH,-0.006116222,NA,NS
ENSG00000293461,NA,-0.004472691,NA,NS
ENSG00000293465,NA,0.004001529,NA,NS
ENSG00000293468,NA,0.000856578,NA,NS
ENSG00000293469,CHMP1B2P,0.003308363,NA,NS
ENSG00000293471,NA,-0.001541585,NA,NS
ENSG00000293482,NA,0.004010706,NA,NS
ENSG00000293496,NA,0.013931318,NA,NS
ENSG00000293497,NA,-0.017288453,NA,NS
ENSG00000293499,NA,-0.014147341,NA,NS
ENSG00000293503,NA,-0.022150559,NA,NS
ENSG00000293507,FBXL9P,-0.004139144,NA,NS
ENSG00000293546,ALG1L9P,-0.015272795,NA,NS
ENSG00000293557,NA,-0.007550415,NA,NS
ENSG00000293570,NA,-0.000492123,NA,NS
ENSG00000293594,NA,-0.004929458,NA,NS
ENSG00000293606,NA,0.006417889,NA,NS
ENSG00000293615,NA,0.014367484,NA,NS
ENSG00000293619,NA,-0.021022098,NA,NS
ENSG00000293621,UVRAG-DT,-0.007335997,NA,NS
ENSG00000293642,NA,0.007083165,NA,NS
ENSG00000293669,NA,-0.026223019,NA,NS
ENSG00000293688,NA,-0.01947755,NA,NS
ENSG00000293691,NA,0.008131241,NA,NS
ENSG00000293697,ANKRD20A5P,-0.000563233,NA,NS
ENSG00000293749,NA,-0.004666005,NA,NS
ENSG00000293751,NA,-0.00894933,NA,NS
ENSG00000293754,NA,0.00868472,NA,NS
ENSG00000293771,NA,-0.004089448,NA,NS
ENSG00000293848,NA,0.003036879,NA,NS
ENSG00000293855,NA,-0.031817538,NA,NS
ENSG00000293869,NA,0.011929978,NA,NS
ENSG00000293879,NA,-0.020501937,NA,NS
ENSG00000293884,NA,-0.007696014,NA,NS
ENSG00000293888,NA,0.012725314,NA,NS
ENSG00000293902,NA,-0.008920943,NA,NS
ENSG00000293924,NA,0.004882798,NA,NS
ENSG00000293930,NA,-0.010487665,NA,NS
ENSG00000293945,NA,0.003657945,NA,NS
ENSG00000293955,NA,0.000948785,NA,NS
ENSG00000293957,NA,-0.001564147,NA,NS
ENSG00000293970,NA,0.017401551,NA,NS
ENSG00000293989,NA,-0.015899122,NA,NS
ENSG00000293992,NA,-0.013744629,NA,NS
ENSG00000294008,NA,-0.000385406,NA,NS
ENSG00000294020,NA,-0.00465409,NA,NS
ENSG00000294024,NA,0.00217607,NA,NS
ENSG00000294075,NA,-0.01367653,NA,NS
ENSG00000294104,NA,0.011430145,NA,NS
ENSG00000294107,NA,-0.007304915,NA,NS
ENSG00000294118,NA,0.003118002,NA,NS
ENSG00000294131,NA,-0.008803618,NA,NS
ENSG00000294141,NA,-0.011075898,NA,NS
ENSG00000294171,NA,-0.058890797,NA,NS
ENSG00000294172,NA,0.000886368,NA,NS
ENSG00000294203,NA,0.005678169,NA,NS
ENSG00000294232,NA,0.006884361,NA,NS
ENSG00000294246,NA,-0.022307421,NA,NS
ENSG00000294276,NA,0.000485207,NA,NS
ENSG00000294304,NA,-0.002580285,NA,NS
ENSG00000294305,NA,0.010151237,NA,NS
ENSG00000294313,NA,-0.001594941,NA,NS
ENSG00000294399,NA,-0.00023925,NA,NS
ENSG00000294418,NA,0.00331303,NA,NS
ENSG00000294423,NA,0.003654345,NA,NS
ENSG00000294437,NA,0.014650298,NA,NS
ENSG00000294462,NA,0.003232657,NA,NS
ENSG00000294465,NA,0.000353102,NA,NS
ENSG00000294467,NA,0.00800667,NA,NS
ENSG00000294498,NA,-0.003669523,NA,NS
ENSG00000294501,NA,-0.068561776,NA,NS
ENSG00000294550,NA,-0.052948229,NA,NS
ENSG00000294582,NA,-0.001113044,NA,NS
ENSG00000294595,NA,-0.00452368,NA,NS
ENSG00000294607,NA,0.003458391,NA,NS
ENSG00000294641,NA,-0.006459918,NA,NS
ENSG00000294647,NA,0.007834371,NA,NS
ENSG00000294695,NA,0.003965295,NA,NS
ENSG00000294732,NA,0.024710528,NA,NS
ENSG00000294778,NA,0.004278898,NA,NS
ENSG00000294808,NA,0.000835688,NA,NS
ENSG00000294822,NA,-0.011987352,NA,NS
ENSG00000294909,NA,0.022280101,NA,NS
ENSG00000294916,NA,0.021031639,NA,NS
ENSG00000294922,NA,0.024482945,NA,NS
ENSG00000294950,NA,0.001582083,NA,NS
ENSG00000294958,NA,0.010153877,NA,NS
ENSG00000294961,NA,-0.00289668,NA,NS
ENSG00000294996,NA,-0.019869268,NA,NS
ENSG00000295019,NA,-0.000785616,NA,NS
ENSG00000295026,NA,0.001604444,NA,NS
ENSG00000295048,NA,0.003915924,NA,NS
ENSG00000295049,NA,0.006874578,NA,NS
ENSG00000295072,NA,0.017749161,NA,NS
ENSG00000295078,NA,0.001723248,NA,NS
ENSG00000295087,NA,0.040390688,NA,NS
ENSG00000295095,NA,0.148580448,NA,NS
ENSG00000295111,NA,-0.016164624,NA,NS
ENSG00000295130,NA,-0.003304031,NA,NS
ENSG00000295131,NA,-0.005626857,NA,NS
ENSG00000295160,NA,-0.000681055,NA,NS
ENSG00000295161,NA,0.0013528,NA,NS
ENSG00000295200,NA,-0.012583486,NA,NS
ENSG00000295208,NA,0.021143657,NA,NS
ENSG00000295213,NA,0.009365896,NA,NS
ENSG00000295233,NA,-0.000691944,NA,NS
ENSG00000295245,NA,0.022119688,NA,NS
ENSG00000295318,NA,0.014609178,NA,NS
ENSG00000295329,NA,-0.006381004,NA,NS
ENSG00000295355,NA,0.00501336,NA,NS
ENSG00000295359,NA,-0.003985599,NA,NS
ENSG00000295422,NA,-0.01458571,NA,NS
ENSG00000295436,NA,0.002868812,NA,NS
ENSG00000295438,NA,-0.000228327,NA,NS
ENSG00000295516,NA,-0.030387773,NA,NS
ENSG00000295559,NA,-0.027064365,NA,NS
ENSG00000295583,NA,-0.009263298,NA,NS
ENSG00000295591,NA,0.003288443,NA,NS
ENSG00000295654,NA,-0.008729671,NA,NS
ENSG00000295667,NA,0.001499099,NA,NS
ENSG00000295685,NA,0.004738282,NA,NS
ENSG00000295726,NA,-0.003730832,NA,NS
ENSG00000295728,NA,-0.000943491,NA,NS
ENSG00000295745,NA,-0.012906817,NA,NS
ENSG00000295746,NA,0.081937464,NA,NS
ENSG00000295750,NA,-0.00455082,NA,NS
ENSG00000295769,NA,-0.003154988,NA,NS
ENSG00000295807,NA,-0.007300322,NA,NS
ENSG00000295813,NA,-0.007300031,NA,NS
ENSG00000295818,NA,0.011822733,NA,NS
ENSG00000295828,NA,-0.028879168,NA,NS
ENSG00000295842,NA,0.003082763,NA,NS
ENSG00000295896,NA,-0.021061839,NA,NS
ENSG00000295906,NA,0.008747421,NA,NS
ENSG00000295911,NA,-0.009544373,NA,NS
ENSG00000295934,NA,0.003231409,NA,NS
ENSG00000295937,NA,-0.008281116,NA,NS
ENSG00000295970,NA,0.010400163,NA,NS
ENSG00000295975,NA,-0.000356559,NA,NS
ENSG00000295994,NA,-0.009748683,NA,NS
ENSG00000296011,NA,-0.001944975,NA,NS
ENSG00000296024,NA,-0.011165008,NA,NS
ENSG00000296108,NA,-0.02142405,NA,NS
ENSG00000296162,NA,-0.009558369,NA,NS
ENSG00000296173,NA,0.030454766,NA,NS
ENSG00000296184,NA,0.015061232,NA,NS
ENSG00000296190,NA,0.005416405,NA,NS
ENSG00000296265,NA,0.007371879,NA,NS
ENSG00000296268,NA,-0.008848262,NA,NS
ENSG00000296269,NA,-0.015999117,NA,NS
ENSG00000296294,NA,-0.003738962,NA,NS
ENSG00000296299,NA,0.002911125,NA,NS
ENSG00000296308,NA,0.005290477,NA,NS
ENSG00000296318,NA,0.000315588,NA,NS
ENSG00000296325,NA,-0.003151458,NA,NS
ENSG00000296343,NA,0.003109851,NA,NS
ENSG00000296380,NA,-0.013768943,NA,NS
ENSG00000296385,NA,-0.004220261,NA,NS
ENSG00000296426,NA,-0.003014225,NA,NS
ENSG00000296453,NA,0.01199499,NA,NS
ENSG00000296488,NA,-0.032830467,NA,NS
ENSG00000296506,NA,-0.001534608,NA,NS
ENSG00000296527,NA,0.002578652,NA,NS
ENSG00000296528,NA,-0.000485074,NA,NS
ENSG00000296546,NA,0.01760733,NA,NS
ENSG00000296549,NA,0.005029648,NA,NS
ENSG00000296557,NA,-0.002146156,NA,NS
ENSG00000296560,NA,-0.007888264,NA,NS
ENSG00000296575,NA,-0.000763404,NA,NS
ENSG00000296581,NA,-0.000825135,NA,NS
ENSG00000296598,NA,0.000964263,NA,NS
ENSG00000296642,NA,-0.005829806,NA,NS
ENSG00000296657,NA,0.004383309,NA,NS
ENSG00000296669,NA,0.018628343,NA,NS
ENSG00000296790,NA,0.010275243,NA,NS
ENSG00000296802,NA,0.023450072,NA,NS
ENSG00000296818,NA,-0.006716046,NA,NS
ENSG00000296830,NA,-4.95E-05,NA,NS
ENSG00000296902,NA,-0.0046771,NA,NS
ENSG00000296911,NA,0.005526914,NA,NS
ENSG00000296925,NA,0.013202751,NA,NS
ENSG00000296951,NA,0.008914123,NA,NS
ENSG00000296994,NA,0.020375068,NA,NS
ENSG00000297027,NA,-0.001968095,NA,NS
ENSG00000297072,NA,-0.000530051,NA,NS
ENSG00000297076,NA,-0.008871836,NA,NS
ENSG00000297106,NA,0.000264168,NA,NS
ENSG00000297142,NA,2.69E-05,NA,NS
ENSG00000297156,NA,0.011872478,NA,NS
ENSG00000297209,NA,-0.011536276,NA,NS
ENSG00000297268,NA,-0.013872892,NA,NS
ENSG00000297328,NA,-0.00485055,NA,NS
ENSG00000297335,NA,-0.004182356,NA,NS
ENSG00000297359,NA,-0.00216796,NA,NS
ENSG00000297388,NA,-0.000401637,NA,NS
ENSG00000297406,NA,-0.004770048,NA,NS
ENSG00000297423,NA,0.003914158,NA,NS
ENSG00000297451,NA,0.00064392,NA,NS
ENSG00000297500,NA,0.006768792,NA,NS
ENSG00000297544,NA,-0.020053841,NA,NS
ENSG00000297619,NA,0.023385555,NA,NS
ENSG00000297629,NA,-0.01189113,NA,NS
ENSG00000297688,NA,0.004591473,NA,NS
ENSG00000297713,NA,0.015728359,NA,NS
ENSG00000297719,NA,-0.001350462,NA,NS
ENSG00000297726,NA,-0.007735431,NA,NS
ENSG00000297778,NA,-0.00530867,NA,NS
ENSG00000297808,NA,-0.014050763,NA,NS
ENSG00000297814,NA,0.02989413,NA,NS
ENSG00000297832,NA,0.007523829,NA,NS
ENSG00000297839,NA,0.003893565,NA,NS
ENSG00000297847,NA,-0.03048129,NA,NS
ENSG00000297885,NA,0.01479679,NA,NS
ENSG00000297935,NA,-0.013358637,NA,NS
ENSG00000297944,NA,-0.002449388,NA,NS
ENSG00000297972,NA,-0.009169028,NA,NS
ENSG00000297995,NA,0.005137893,NA,NS
ENSG00000298000,NA,-0.000513508,NA,NS
ENSG00000298015,NA,0.01608301,NA,NS
ENSG00000298027,NA,-0.011289466,NA,NS
ENSG00000298052,NA,-0.00463685,NA,NS
ENSG00000298094,NA,0.005428385,NA,NS
ENSG00000298098,NA,-0.002349215,NA,NS
ENSG00000298107,NA,-0.009522722,NA,NS
ENSG00000298139,NA,-0.019805978,NA,NS
ENSG00000298227,NA,0.003893218,NA,NS
ENSG00000298273,NA,0.026759769,NA,NS
ENSG00000298300,NA,0.002013515,NA,NS
ENSG00000298311,NA,-0.013699798,NA,NS
ENSG00000298334,NA,-0.001528646,NA,NS
ENSG00000298336,NA,-0.008095802,NA,NS
ENSG00000298373,NA,0.001991601,NA,NS
ENSG00000298376,NA,0.001140818,NA,NS
ENSG00000298387,NA,-0.002316856,NA,NS
ENSG00000298430,NA,-0.011073239,NA,NS
ENSG00000298469,NA,-0.001943221,NA,NS
ENSG00000298539,NA,0.006711903,NA,NS
ENSG00000298553,NA,-0.003180094,NA,NS
ENSG00000298609,NA,0.000479027,NA,NS
ENSG00000298639,NA,0.000854398,NA,NS
ENSG00000298665,NA,0.004903617,NA,NS
ENSG00000298681,NA,-0.005942205,NA,NS
ENSG00000298719,NA,-0.008562246,NA,NS
ENSG00000298760,NA,0.010124324,NA,NS
ENSG00000298813,NA,-0.003471234,NA,NS
ENSG00000298818,NA,0.003680811,NA,NS
ENSG00000298823,NA,-0.009796335,NA,NS
ENSG00000298831,NA,0.00031127,NA,NS
ENSG00000298832,NA,-0.003435777,NA,NS
ENSG00000298861,NA,-0.039811806,NA,NS
ENSG00000298881,NA,-0.004433005,NA,NS
ENSG00000298899,NA,-0.004127782,NA,NS
ENSG00000298907,NA,0.001472449,NA,NS
ENSG00000298958,NA,-0.020266724,NA,NS
ENSG00000299001,NA,-0.011395029,NA,NS
ENSG00000299015,NA,-0.007724034,NA,NS
ENSG00000299019,NA,-0.011543191,NA,NS
ENSG00000299022,NA,-0.02470164,NA,NS
ENSG00000299028,NA,0.013459724,NA,NS
ENSG00000299092,NA,-0.010055677,NA,NS
ENSG00000299172,NA,0.003657919,NA,NS
ENSG00000299210,NA,-0.003895547,NA,NS
ENSG00000299214,NA,-0.004088612,NA,NS
ENSG00000299228,NA,0.005863809,NA,NS
ENSG00000299237,NA,-0.003014237,NA,NS
ENSG00000299249,NA,-0.005790849,NA,NS
ENSG00000299274,NA,-0.006869575,NA,NS
ENSG00000299297,NA,-0.005718507,NA,NS
ENSG00000299299,NA,-0.002889608,NA,NS
ENSG00000299307,NA,0.004119957,NA,NS
ENSG00000299322,NA,0.00725621,NA,NS
ENSG00000299328,NA,-0.03635793,NA,NS
ENSG00000299339,NA,0.008219748,NA,NS
ENSG00000299344,NA,-0.000463746,NA,NS
ENSG00000299346,NA,-0.00641078,NA,NS
ENSG00000299352,NA,-0.025988197,NA,NS
ENSG00000299366,NA,0.003065801,NA,NS
ENSG00000299398,NA,-0.004355302,NA,NS
ENSG00000299409,NA,0.012685933,NA,NS
ENSG00000299466,NA,-0.005549833,NA,NS
ENSG00000299475,NA,-0.004888898,NA,NS
ENSG00000299521,NA,0.001794359,NA,NS
ENSG00000299537,NA,-0.002003738,NA,NS
ENSG00000299583,NA,-0.012907974,NA,NS
ENSG00000299589,NA,0.030301019,NA,NS
ENSG00000299595,NA,-0.025881974,NA,NS
ENSG00000299597,NA,-0.013995411,NA,NS
ENSG00000299645,NA,-0.024669146,NA,NS
ENSG00000299656,NA,0.006486736,NA,NS
ENSG00000299676,NA,-0.002300715,NA,NS
ENSG00000299722,NA,0.003083523,NA,NS
ENSG00000299760,NA,-0.002399631,NA,NS
ENSG00000299814,NA,0.006816177,NA,NS
ENSG00000299845,NA,-0.00021448,NA,NS
ENSG00000299848,NA,0.011172176,NA,NS
ENSG00000299864,NA,0.009070002,NA,NS
ENSG00000299869,NA,0.006488514,NA,NS
ENSG00000299921,NA,0.009781914,NA,NS
ENSG00000299955,NA,-0.005196252,NA,NS
ENSG00000299971,NA,0.002249269,NA,NS
ENSG00000299990,NA,-0.005319974,NA,NS
ENSG00000300005,NA,0.002417411,NA,NS
ENSG00000300014,NA,-0.014038139,NA,NS
ENSG00000300026,NA,-0.000710569,NA,NS
ENSG00000300035,NA,0.000751026,NA,NS
ENSG00000300062,NA,-0.015223009,NA,NS
ENSG00000300077,NA,-0.001652936,NA,NS
ENSG00000300114,NA,-0.008857158,NA,NS
ENSG00000300133,NA,0.014102429,NA,NS
ENSG00000300186,NA,0.005824029,NA,NS
ENSG00000300191,NA,-0.010287749,NA,NS
ENSG00000300211,NA,0.004340992,NA,NS
ENSG00000300283,NA,-0.007816922,NA,NS
ENSG00000300314,NA,0.011631267,NA,NS
ENSG00000300349,NA,-0.003769539,NA,NS
ENSG00000300365,NA,0.003283173,NA,NS
ENSG00000300370,NA,0.00500683,NA,NS
ENSG00000300394,NA,0.00312242,NA,NS
ENSG00000300424,NA,0.007328316,NA,NS
ENSG00000300430,NA,-0.010990339,NA,NS
ENSG00000300481,NA,0.003913956,NA,NS
ENSG00000300484,NA,-0.008467876,NA,NS
ENSG00000300491,NA,0.019403358,NA,NS
ENSG00000300507,NA,0.005228033,NA,NS
ENSG00000300510,NA,-0.007544313,NA,NS
ENSG00000300515,NA,-0.011183571,NA,NS
ENSG00000300524,NA,0.017214074,NA,NS
ENSG00000300536,NA,0.001936381,NA,NS
ENSG00000300558,NA,0.012089741,NA,NS
ENSG00000300585,NA,-0.013195582,NA,NS
ENSG00000300693,NA,0.007917516,NA,NS
ENSG00000300698,NA,-0.00998539,NA,NS
ENSG00000300739,NA,0.045427958,NA,NS
ENSG00000300753,NA,-0.014160064,NA,NS
ENSG00000300802,NA,0.018662412,NA,NS
ENSG00000300826,NA,0.00580115,NA,NS
ENSG00000300864,NA,0.001093167,NA,NS
ENSG00000300881,NA,0.004005944,NA,NS
ENSG00000300884,NA,-0.011460321,NA,NS
ENSG00000300973,NA,0.022434111,NA,NS
ENSG00000301033,NA,-0.000271583,NA,NS
ENSG00000301079,NA,-0.008432331,NA,NS
ENSG00000301099,NA,0.007111728,NA,NS
ENSG00000301100,NA,-0.024462269,NA,NS
ENSG00000301105,NA,-0.022259539,NA,NS
ENSG00000301123,NA,0.004563302,NA,NS
ENSG00000301212,NA,0.022152434,NA,NS
ENSG00000301230,NA,0.008365906,NA,NS
ENSG00000301267,NA,-0.000485714,NA,NS
ENSG00000301360,NA,0.003602732,NA,NS
ENSG00000301373,NA,0.003689078,NA,NS
ENSG00000301439,NA,0.001951235,NA,NS
ENSG00000301450,NA,0.000469128,NA,NS
ENSG00000301472,NA,-0.005528048,NA,NS
ENSG00000301476,NA,-0.000345414,NA,NS
ENSG00000301478,NA,-0.002163507,NA,NS
ENSG00000301496,NA,0.000940374,NA,NS
ENSG00000301499,NA,0.035232317,NA,NS
ENSG00000301512,NA,-0.006438238,NA,NS
ENSG00000301513,NA,0.00879417,NA,NS
ENSG00000301541,NA,-0.004088004,NA,NS
ENSG00000301565,NA,-0.014175807,NA,NS
ENSG00000301585,NA,0.000491975,NA,NS
ENSG00000301605,NA,0.026169201,NA,NS
ENSG00000301612,NA,-0.010519865,NA,NS
ENSG00000301639,NA,0.022849467,NA,NS
ENSG00000301709,NA,0.003555838,NA,NS
ENSG00000301730,NA,-0.011521328,NA,NS
ENSG00000301745,NA,-0.010743497,NA,NS
ENSG00000301807,NA,-0.008479435,NA,NS
ENSG00000301812,NA,-0.001441474,NA,NS
ENSG00000301866,NA,0.010362903,NA,NS
ENSG00000301878,NA,0.008214334,NA,NS
ENSG00000301880,NA,-0.004112283,NA,NS
ENSG00000301903,NA,0.000432875,NA,NS
ENSG00000301905,NA,0.019842688,NA,NS
ENSG00000301948,NA,0.005360758,NA,NS
ENSG00000301982,NA,0.009397317,NA,NS
ENSG00000302034,NA,-0.005168244,NA,NS
ENSG00000302035,NA,-0.004229884,NA,NS
ENSG00000302054,NA,-0.000172328,NA,NS
ENSG00000302058,NA,-0.034955979,NA,NS
ENSG00000302186,NA,-0.006853087,NA,NS
ENSG00000302195,NA,-0.012281703,NA,NS
ENSG00000302261,NA,0.003098727,NA,NS
ENSG00000302291,NA,0.004545785,NA,NS
ENSG00000302324,NA,0.004054143,NA,NS
ENSG00000302377,NA,0.010797687,NA,NS
ENSG00000302453,NA,-0.012109431,NA,NS
ENSG00000302512,NA,0.029883692,NA,NS
ENSG00000302531,NA,-0.012373731,NA,NS
ENSG00000302536,NA,-0.003682737,NA,NS
ENSG00000302550,NA,-0.016047364,NA,NS
ENSG00000302562,NA,0.008126765,NA,NS
ENSG00000302574,NA,0.007823857,NA,NS
ENSG00000302601,NA,-0.009931813,NA,NS
ENSG00000302611,NA,-0.007287564,NA,NS
ENSG00000302646,NA,-0.01472778,NA,NS
ENSG00000302691,NA,0.003384642,NA,NS
ENSG00000302701,NA,-0.001344136,NA,NS
ENSG00000302736,NA,-0.002849157,NA,NS
ENSG00000302786,NA,0.006554797,NA,NS
ENSG00000302808,NA,-0.000835064,NA,NS
ENSG00000302837,NA,0.053218877,NA,NS
ENSG00000302873,NA,-0.028854686,NA,NS
ENSG00000302893,NA,-0.004263208,NA,NS
ENSG00000302898,NA,0.000322675,NA,NS
ENSG00000302960,NA,-0.012769694,NA,NS
ENSG00000302961,NA,0.000890724,NA,NS
ENSG00000302968,NA,0.002566557,NA,NS
ENSG00000303006,NA,-0.027286438,NA,NS
ENSG00000303016,NA,-0.031281753,NA,NS
ENSG00000303040,NA,-0.011325636,NA,NS
ENSG00000303104,NA,-0.037499397,NA,NS
ENSG00000303159,NA,-0.009488079,NA,NS
ENSG00000303165,NA,0.007609578,NA,NS
ENSG00000303182,NA,0.014005226,NA,NS
ENSG00000303189,NA,0.010385456,NA,NS
ENSG00000303205,NA,-0.017546192,NA,NS
ENSG00000303230,NA,0.00946289,NA,NS
ENSG00000303242,NA,0.007802513,NA,NS
ENSG00000303292,NA,0.009487566,NA,NS
ENSG00000303311,NA,0.017381434,NA,NS
ENSG00000303329,NA,-0.007197368,NA,NS
ENSG00000303361,NA,-0.005175613,NA,NS
ENSG00000303430,NA,0.008352308,NA,NS
ENSG00000303515,NA,0.004047818,NA,NS
ENSG00000303532,NA,0.005948401,NA,NS
ENSG00000303540,NA,-0.010656054,NA,NS
ENSG00000303544,NA,0.008298024,NA,NS
ENSG00000303567,NA,0.00607458,NA,NS
ENSG00000303579,NA,0.012126496,NA,NS
ENSG00000303584,NA,-0.0086796,NA,NS
ENSG00000303623,NA,0.002541649,NA,NS
ENSG00000303631,NA,0.007589966,NA,NS
ENSG00000303639,NA,0.003272444,NA,NS
ENSG00000303643,NA,0.002928117,NA,NS
ENSG00000303669,NA,0.054763746,NA,NS
ENSG00000303695,NA,0.018764456,NA,NS
ENSG00000303699,NA,0.008063597,NA,NS
ENSG00000303734,NA,-0.027532174,NA,NS
ENSG00000303764,NA,0.008945775,NA,NS
ENSG00000303765,NA,-0.0415104,NA,NS
ENSG00000303801,NA,0.001660208,NA,NS
ENSG00000303853,NA,0.007491978,NA,NS
ENSG00000303854,NA,0.05238742,NA,NS
ENSG00000303858,NA,-0.012186205,NA,NS
ENSG00000303892,NA,-0.01368554,NA,NS
ENSG00000303901,NA,-0.00464279,NA,NS
ENSG00000303913,NA,-0.005862802,NA,NS
ENSG00000303943,NA,-0.0132096,NA,NS
ENSG00000303946,NA,0.039420498,NA,NS
ENSG00000303969,NA,-0.001725413,NA,NS
ENSG00000303992,NA,0.019488775,NA,NS
ENSG00000304014,NA,0.011683023,NA,NS
ENSG00000304023,NA,-0.004195916,NA,NS
ENSG00000304056,NA,0.005901636,NA,NS
ENSG00000304127,NA,-0.017117576,NA,NS
ENSG00000304201,NA,-0.011175038,NA,NS
ENSG00000304228,NA,0.01666351,NA,NS
ENSG00000304234,NA,-0.003544149,NA,NS
ENSG00000304281,NA,-0.015083677,NA,NS
ENSG00000304293,NA,-0.00280355,NA,NS
ENSG00000304316,NA,0.01910434,NA,NS
ENSG00000304332,NA,-0.507864608,NA,NS
ENSG00000304351,NA,-0.014506658,NA,NS
ENSG00000304412,NA,0.001660441,NA,NS
ENSG00000304454,NA,0.001321771,NA,NS
ENSG00000304501,NA,0.019009708,NA,NS
ENSG00000304531,NA,0.00660895,NA,NS
ENSG00000304539,NA,0.005231768,NA,NS
ENSG00000304609,NA,0.004203209,NA,NS
ENSG00000304616,NA,-0.010617102,NA,NS
ENSG00000304651,NA,0.01199449,NA,NS
ENSG00000304654,NA,-0.019794671,NA,NS
ENSG00000304688,NA,-0.011571903,NA,NS
ENSG00000304717,NA,-0.00791176,NA,NS
ENSG00000304729,NA,-0.004222882,NA,NS
ENSG00000304733,NA,0.003018995,NA,NS
ENSG00000304774,NA,0.007935369,NA,NS
ENSG00000304794,NA,0.011776898,NA,NS
ENSG00000304816,NA,-0.028000934,NA,NS
ENSG00000304841,NA,-0.000202509,NA,NS
ENSG00000304845,NA,0.013694744,NA,NS
ENSG00000304882,NA,0.000502735,NA,NS
ENSG00000304919,NA,-0.005185188,NA,NS
ENSG00000304955,NA,-0.009105715,NA,NS
ENSG00000304961,NA,0.008764212,NA,NS
ENSG00000304977,NA,0.002019762,NA,NS
ENSG00000304984,NA,-0.008764207,NA,NS
ENSG00000304996,NA,-0.002482027,NA,NS
ENSG00000305025,NA,0.001454539,NA,NS
ENSG00000305047,NA,0.019568902,NA,NS
ENSG00000305059,NA,-0.017637255,NA,NS
ENSG00000305069,NA,0.015020474,NA,NS
ENSG00000305074,NA,-0.002077422,NA,NS
ENSG00000305103,NA,0.002711621,NA,NS
ENSG00000305156,NA,0.014328977,NA,NS
ENSG00000305195,NA,-0.018221779,NA,NS
ENSG00000305200,NA,0.010567601,NA,NS
ENSG00000305269,NA,0.007309761,NA,NS
ENSG00000305313,NA,0.014623082,NA,NS
ENSG00000305371,NA,-0.00097851,NA,NS
ENSG00000305449,NA,0.003468523,NA,NS
ENSG00000305471,NA,-0.010704522,NA,NS
ENSG00000305477,NA,-0.000844686,NA,NS
ENSG00000305489,NA,0.002010617,NA,NS
ENSG00000305493,NA,0.009726598,NA,NS
ENSG00000305513,NA,-0.002081983,NA,NS
ENSG00000305528,NA,0.000233121,NA,NS
ENSG00000305577,NA,-0.017200822,NA,NS
ENSG00000305589,NA,0.001642493,NA,NS
ENSG00000305611,NA,-0.00226582,NA,NS
ENSG00000305635,NA,0.003174504,NA,NS
ENSG00000305656,NA,-0.012063166,NA,NS
ENSG00000305675,NA,0.010180786,NA,NS
ENSG00000305683,NA,0.002321489,NA,NS
ENSG00000305727,NA,0.00367089,NA,NS
ENSG00000305730,NA,0.005151672,NA,NS
ENSG00000305731,NA,-0.003690596,NA,NS
ENSG00000305737,NA,-0.020819663,NA,NS
ENSG00000305757,NA,-0.022264632,NA,NS
ENSG00000305789,NA,-0.01913742,NA,NS
ENSG00000305791,NA,0.026418429,NA,NS
ENSG00000305796,NA,0.003436258,NA,NS
ENSG00000305812,NA,-0.00093428,NA,NS
ENSG00000305816,NA,0.09093041,NA,NS
ENSG00000305830,NA,0.004364437,NA,NS
ENSG00000305917,NA,-0.003491744,NA,NS
ENSG00000305936,NA,0.015809197,NA,NS
ENSG00000305950,NA,-0.004596913,NA,NS
ENSG00000305954,NA,0.017918097,NA,NS
ENSG00000305959,NA,0.02336638,NA,NS
ENSG00000305963,NA,0.015362071,NA,NS
ENSG00000305969,NA,0.004420373,NA,NS
ENSG00000305970,NA,-0.020691812,NA,NS
ENSG00000305992,NA,-0.005380643,NA,NS
ENSG00000305995,NA,0.018374781,NA,NS
ENSG00000306064,NA,0.001154632,NA,NS
ENSG00000306078,NA,-0.005209824,NA,NS
ENSG00000306083,NA,0.003917614,NA,NS
ENSG00000306100,NA,-0.010332017,NA,NS
ENSG00000306162,NA,-0.004416192,NA,NS
ENSG00000306224,NA,0.00398857,NA,NS
ENSG00000306232,NA,-0.001010673,NA,NS
ENSG00000306320,NA,-0.013030238,NA,NS
ENSG00000306366,NA,0.003504121,NA,NS
ENSG00000306384,NA,0.001853475,NA,NS
ENSG00000306426,NA,-0.01143242,NA,NS
ENSG00000306436,NA,0.00055525,NA,NS
ENSG00000306455,NA,0.006081877,NA,NS
ENSG00000306458,NA,-0.009782042,NA,NS
ENSG00000306468,NA,-0.002309081,NA,NS
ENSG00000306533,NA,0.008533693,NA,NS
ENSG00000306557,NA,0.003225442,NA,NS
ENSG00000306583,NA,-0.009130511,NA,NS
ENSG00000306644,NA,0.002335807,NA,NS
ENSG00000306672,NA,0.005109535,NA,NS
ENSG00000306674,NA,0.011581441,NA,NS
ENSG00000306685,NA,-0.008799887,NA,NS
ENSG00000306686,NA,0.006114692,NA,NS
ENSG00000306718,NA,-0.014059074,NA,NS
ENSG00000306723,NA,-0.013561088,NA,NS
ENSG00000306752,NA,0.002073451,NA,NS
ENSG00000306767,NA,-0.003251146,NA,NS
ENSG00000306799,NA,-0.05456173,NA,NS
ENSG00000306812,NA,-0.011568757,NA,NS
ENSG00000306835,NA,-0.002854153,NA,NS
ENSG00000306836,NA,0.012552583,NA,NS
ENSG00000306841,NA,0.017836768,NA,NS
ENSG00000306852,NA,-0.013440853,NA,NS
ENSG00000306923,NA,-0.003966232,NA,NS
ENSG00000306926,NA,-0.013260383,NA,NS
ENSG00000306949,NA,0.006639771,NA,NS
ENSG00000306969,NA,0.017719278,NA,NS
ENSG00000306985,NA,-0.005047591,NA,NS
ENSG00000307004,NA,-0.008319017,NA,NS
ENSG00000307045,NA,-0.019094904,NA,NS
ENSG00000307060,NA,-0.003113314,NA,NS
ENSG00000307061,NA,-0.019127488,NA,NS
ENSG00000307069,NA,-7.30E-05,NA,NS
ENSG00000307071,NA,0.004411051,NA,NS
ENSG00000307079,NA,-0.011176185,NA,NS
ENSG00000307087,NA,0.005255808,NA,NS
ENSG00000307098,NA,0.000856925,NA,NS
ENSG00000307106,NA,0.026196252,NA,NS
ENSG00000307172,NA,0.00699626,NA,NS
ENSG00000307175,NA,0.005930067,NA,NS
ENSG00000307181,NA,0.032875488,NA,NS
ENSG00000307194,NA,0.000921768,NA,NS
ENSG00000307198,NA,0.007588534,NA,NS
ENSG00000307203,NA,-0.001836711,NA,NS
ENSG00000307206,NA,-0.007778635,NA,NS
ENSG00000307209,NA,0.005688178,NA,NS
ENSG00000307275,NA,-0.009302039,NA,NS
ENSG00000307316,NA,-0.005185763,NA,NS
ENSG00000307319,NA,0.007018092,NA,NS
ENSG00000307322,NA,-0.006286071,NA,NS
ENSG00000307341,NA,-0.005360564,NA,NS
ENSG00000307365,NA,-0.002969485,NA,NS
ENSG00000307376,NA,-0.007615087,NA,NS
ENSG00000307397,NA,-0.008383903,NA,NS
ENSG00000307444,NA,0.007594904,NA,NS
ENSG00000307488,NA,0.006728794,NA,NS
ENSG00000307584,NA,-0.006657901,NA,NS
ENSG00000307608,NA,0.001924449,NA,NS
ENSG00000307633,NA,0.03215856,NA,NS
ENSG00000307644,NA,-0.004661019,NA,NS
ENSG00000307673,NA,0.002271566,NA,NS
ENSG00000307684,NA,-0.013251065,NA,NS
ENSG00000307703,NA,0.009418942,NA,NS
ENSG00000307728,NA,-0.035242146,NA,NS
ENSG00000307734,NA,0.024775191,NA,NS
ENSG00000307777,NA,-0.018530876,NA,NS
ENSG00000307798,NA,0.008050087,NA,NS
ENSG00000307812,NA,-0.008309758,NA,NS
ENSG00000307823,NA,-0.010926711,NA,NS
ENSG00000307830,NA,0.006968302,NA,NS
ENSG00000307856,NA,-0.001130158,NA,NS
ENSG00000307873,NA,0.005968748,NA,NS
ENSG00000307882,NA,-0.02552838,NA,NS
ENSG00000307884,NA,-0.005430085,NA,NS
ENSG00000307891,NA,-0.000350413,NA,NS
ENSG00000307901,NA,0.000185844,NA,NS
ENSG00000307927,NA,0.003572772,NA,NS
ENSG00000307934,NA,0.004485363,NA,NS
ENSG00000307979,NA,-0.024373201,NA,NS
ENSG00000307990,NA,-0.008818943,NA,NS
ENSG00000307995,NA,0.037250541,NA,NS
ENSG00000308002,NA,-0.008731535,NA,NS
ENSG00000308035,NA,-0.002124017,NA,NS
ENSG00000308072,NA,-0.007590713,NA,NS
ENSG00000308086,NA,-0.014315084,NA,NS
ENSG00000308151,NA,0.000142634,NA,NS
ENSG00000308203,NA,0.019657374,NA,NS
ENSG00000308204,NA,-0.004991055,NA,NS
ENSG00000308206,NA,-0.003876356,NA,NS
ENSG00000308228,NA,-0.002932862,NA,NS
ENSG00000308230,NA,-0.001203478,NA,NS
ENSG00000308270,NA,0.005933,NA,NS
ENSG00000308289,NA,0.017113709,NA,NS
ENSG00000308290,NA,-0.005126943,NA,NS
ENSG00000308292,NA,-0.000215241,NA,NS
ENSG00000308298,NA,0.047692096,NA,NS
ENSG00000308330,NA,-0.004981805,NA,NS
ENSG00000308413,NA,-0.006723832,NA,NS
ENSG00000308423,NA,-0.012126017,NA,NS
ENSG00000308442,NA,-0.120814845,NA,NS
ENSG00000308452,NA,-0.019200414,NA,NS
ENSG00000308503,NA,-0.00406764,NA,NS
ENSG00000308533,NA,-0.005280437,NA,NS
ENSG00000308554,NA,-0.003594043,NA,NS
ENSG00000308561,NA,0.008721869,NA,NS
ENSG00000308572,NA,-0.009703793,NA,NS
ENSG00000308583,NA,0.010637004,NA,NS
ENSG00000308589,NA,0.02679071,NA,NS
ENSG00000308602,NA,-0.004615417,NA,NS
ENSG00000308605,NA,-0.015199682,NA,NS
ENSG00000308648,NA,0.019634623,NA,NS
ENSG00000308656,NA,0.00552664,NA,NS
ENSG00000308663,NA,-0.028532905,NA,NS
ENSG00000308674,NA,0.005074265,NA,NS
ENSG00000308697,NA,0.011415218,NA,NS
ENSG00000308729,NA,0.009659311,NA,NS
ENSG00000308740,NA,-0.019252559,NA,NS
ENSG00000308762,NA,0.016555615,NA,NS
ENSG00000308775,NA,0.014213474,NA,NS
ENSG00000308793,NA,-0.005593904,NA,NS
ENSG00000308813,NA,-0.01312378,NA,NS
ENSG00000308909,NA,-0.002695981,NA,NS
ENSG00000308966,NA,0.006641861,NA,NS
ENSG00000308992,NA,0.000417927,NA,NS
ENSG00000309059,NA,0.00428228,NA,NS
ENSG00000309071,NA,-0.002078258,NA,NS
ENSG00000309093,NA,-0.012586786,NA,NS
ENSG00000309101,NA,-0.004078196,NA,NS
ENSG00000309123,NA,-0.016722966,NA,NS
ENSG00000309144,NA,0.007626195,NA,NS
ENSG00000309157,NA,0.001243667,NA,NS
ENSG00000309183,NA,0.017745078,NA,NS
ENSG00000309281,NA,1.40E-05,NA,NS
ENSG00000309318,NA,0.009932898,NA,NS
ENSG00000309329,NA,-0.004613409,NA,NS
ENSG00000309343,NA,0.000783212,NA,NS
ENSG00000309423,NA,0.0093819,NA,NS
ENSG00000309428,NA,-0.01555273,NA,NS
ENSG00000309455,NA,0.001324036,NA,NS
ENSG00000309530,NA,-0.020081762,NA,NS
ENSG00000309535,NA,0.0026599,NA,NS
ENSG00000309655,NA,-0.00824968,NA,NS
ENSG00000309658,NA,-0.01762243,NA,NS
ENSG00000309726,NA,-0.001707834,NA,NS
ENSG00000309731,NA,0.002888865,NA,NS
ENSG00000309737,NA,0.018378769,NA,NS
ENSG00000309757,NA,0.006518839,NA,NS
ENSG00000309800,NA,-0.001041659,NA,NS
ENSG00000309812,NA,-0.000830403,NA,NS
ENSG00000309870,NA,0.005850706,NA,NS
ENSG00000309880,NA,0.010875409,NA,NS
ENSG00000309885,NA,-0.001094484,NA,NS
ENSG00000309894,NA,0.022478238,NA,NS
ENSG00000309895,NA,0.007017846,NA,NS
ENSG00000309922,NA,0.000614278,NA,NS
ENSG00000309953,NA,0.001508664,NA,NS
ENSG00000309954,NA,-0.002213831,NA,NS
ENSG00000310002,NA,-0.003997043,NA,NS
ENSG00000310019,NA,-0.009344938,NA,NS
ENSG00000310059,NA,-0.010877745,NA,NS
ENSG00000310104,NA,-0.006883635,NA,NS
ENSG00000310116,NA,0.010746251,NA,NS
ENSG00000310160,NA,-0.009000358,NA,NS
ENSG00000310190,NA,0.009841749,NA,NS
ENSG00000310238,NA,0.005684756,NA,NS
ENSG00000310289,NA,-0.008046757,NA,NS
ENSG00000310379,NA,-0.006221587,NA,NS
ENSG00000310446,NA,-0.000505251,NA,NS
ENSG00000310485,NA,-0.004061633,NA,NS
ENSG00000310521,NA,0.000767526,NA,NS
ENSG00000310534,NA,0.029512452,NA,NS
ENSG00000310535,NA,-0.005126218,NA,NS
ENSG00000310536,NA,-0.000632615,NA,NS
ENSG00000310539,DDX11L2,-0.016492516,NA,NS