gene_id,symbol,log2FoldChange,padj,Sig
ENSG00000000003,TSPAN6,0.023657939,0.655259489,NS
ENSG00000000419,DPM1,-0.018785399,0.711676307,NS
ENSG00000000457,SCYL3,-0.003154338,0.961618958,NS
ENSG00000000460,FIRRM,-0.048266945,0.283085482,NS
ENSG00000001036,FUCA2,0.022988087,0.636643673,NS
ENSG00000001084,GCLC,-0.048967206,0.285503594,NS
ENSG00000001167,NFYA,0.020631642,0.682156447,NS
ENSG00000001460,STPG1,-0.033738359,0.491004004,NS
ENSG00000001461,NIPAL3,0.134805819,0.000837503,NS
ENSG00000001497,LAS1L,-0.033411707,0.382600361,NS
ENSG00000001561,ENPP4,0.033543788,0.498002053,NS
ENSG00000001617,SEMA3F,0.061711966,0.154522233,NS
ENSG00000001629,ANKIB1,0.067106913,0.133770381,NS
ENSG00000001630,CYP51A1,0.123385672,0.000196857,NS
ENSG00000001631,KRIT1,-0.025509221,0.61197396,NS
ENSG00000002016,RAD52,-0.016999929,0.753753673,NS
ENSG00000002330,BAD,-0.087905032,0.037144682,NS
ENSG00000002549,LAP3,-0.007722115,0.888524964,NS
ENSG00000002586,CD99,-0.057158462,0.167841953,NS
ENSG00000002587,HS3ST1,-0.017602006,NA,NS
ENSG00000002822,MAD1L1,-0.015062856,0.790495244,NS
ENSG00000002834,LASP1,0.090639196,0.017298797,NS
ENSG00000002919,SNX11,-0.010704881,0.860659427,NS
ENSG00000003056,M6PR,0.043947223,0.240062915,NS
ENSG00000003096,KLHL13,0.053159199,0.233119702,NS
ENSG00000003137,CYP26B1,0.004915948,NA,NS
ENSG00000003147,ICA1,0.082142875,0.055031662,NS
ENSG00000003249,DBNDD1,-0.048272576,0.264868014,NS
ENSG00000003393,ALS2,0.061326914,0.174173367,NS
ENSG00000003400,CASP10,0.001014687,NA,NS
ENSG00000003402,CFLAR,-0.006339465,0.922753527,NS
ENSG00000003436,TFPI,-0.041629564,0.287262552,NS
ENSG00000003509,NDUFAF7,-0.023748481,0.652866508,NS
ENSG00000003756,RBM5,0.00686498,0.911088904,NS
ENSG00000003989,SLC7A2,0.164745429,6.94E-05,NS
ENSG00000004059,ARF5,-0.101256363,0.002441108,NS
ENSG00000004139,SARM1,0.025944557,0.589076772,NS
ENSG00000004142,POLDIP2,-0.045938422,0.178614201,NS
ENSG00000004399,PLXND1,0.025299125,NA,NS
ENSG00000004455,AK2,-0.024026299,0.526319808,NS
ENSG00000004478,FKBP4,-0.024983981,0.529518236,NS
ENSG00000004487,KDM1A,-0.000973915,0.986877137,NS
ENSG00000004534,RBM6,0.000788229,0.990692457,NS
ENSG00000004660,CAMKK1,0.062389952,0.156969224,NS
ENSG00000004700,RECQL,0.001900342,0.974153924,NS
ENSG00000004766,VPS50,0.024089018,0.652386452,NS
ENSG00000004776,HSPB6,-0.017477973,NA,NS
ENSG00000004777,ARHGAP33,-0.040668828,0.394592816,NS
ENSG00000004779,NDUFAB1,-0.057626999,0.18311534,NS
ENSG00000004838,ZMYND10,-0.024516399,NA,NS
ENSG00000004846,ABCB5,0.11510081,NA,NS
ENSG00000004848,ARX,-0.000437145,NA,NS
ENSG00000004864,SLC25A13,0.040610077,0.344052312,NS
ENSG00000004866,ST7,0.122740923,2.55E-05,NS
ENSG00000004897,CDC27,0.039717772,0.353140596,NS
ENSG00000004961,HCCS,-0.050355121,0.242274217,NS
ENSG00000004975,DVL2,0.061785156,0.099703972,NS
ENSG00000005007,UPF1,-0.012290341,0.812621366,NS
ENSG00000005020,SKAP2,0.052833974,0.18705167,NS
ENSG00000005022,SLC25A5,-0.044461705,0.237957854,NS
ENSG00000005059,MCUB,-0.000198175,NA,NS
ENSG00000005073,HOXA11,-0.000952412,NA,NS
ENSG00000005075,POLR2J,-0.04110395,0.372730097,NS
ENSG00000005100,DHX33,0.034591036,0.442377392,NS
ENSG00000005108,THSD7A,-0.056017277,NA,NS
ENSG00000005156,LIG3,0.007902273,0.894961549,NS
ENSG00000005175,RPAP3,0.026378042,0.577711968,NS
ENSG00000005187,ACSM3,0.048722,0.288870889,NS
ENSG00000005189,REXO5,-0.036320153,0.460288704,NS
ENSG00000005194,CIAPIN1,-0.022870693,0.623855262,NS
ENSG00000005206,SPPL2B,-0.043539104,0.345461427,NS
ENSG00000005238,ATOSB,-0.002170014,0.972474745,NS
ENSG00000005249,PRKAR2B,0.007810736,0.897023001,NS
ENSG00000005302,MSL3,-0.016271435,0.77159837,NS
ENSG00000005339,CREBBP,0.016534846,0.760243105,NS
ENSG00000005379,TSPOAP1,-0.001209999,NA,NS
ENSG00000005436,GCFC2,0.026692742,0.57095893,NS
ENSG00000005448,WDR54,-0.074753792,0.10458571,NS
ENSG00000005469,CROT,-0.012985521,0.819223603,NS
ENSG00000005483,KMT2E,0.064770411,0.13989045,NS
ENSG00000005486,RHBDD2,-0.019726507,0.662076797,NS
ENSG00000005513,SOX8,0.040631089,NA,NS
ENSG00000005700,IBTK,0.116992047,0.006873228,NS
ENSG00000005801,ZNF195,0.041576034,0.367309177,NS
ENSG00000005810,MYCBP2,0.075292828,0.089793981,NS
ENSG00000005812,FBXL3,0.006816163,0.91349968,NS
ENSG00000005882,PDK2,0.04599032,0.329794829,NS
ENSG00000005884,ITGA3,0.012506237,NA,NS
ENSG00000005889,ZFX,0.044455457,0.352322803,NS
ENSG00000005893,LAMP2,0.135307805,2.43E-06,NS
ENSG00000006007,GDE1,0.017064392,0.730352026,NS
ENSG00000006015,REX1BD,-0.06547465,0.133493392,NS
ENSG00000006016,CRLF1,0.002688202,NA,NS
ENSG00000006042,TMEM98,-0.023380854,0.646684814,NS
ENSG00000006047,YBX2,0.006673762,NA,NS
ENSG00000006062,MAP3K14,0.03229324,NA,NS
ENSG00000006071,ABCC8,0.003816403,NA,NS
ENSG00000006118,TMEM132A,-0.038293893,0.345467384,NS
ENSG00000006125,AP2B1,0.056971527,0.118460005,NS
ENSG00000006194,ZNF263,0.000634076,0.993139644,NS
ENSG00000006282,SPATA20,-0.011151609,0.812626275,NS
ENSG00000006327,TNFRSF12A,0.012345965,NA,NS
ENSG00000006432,MAP3K9,0.030299624,0.548261535,NS
ENSG00000006451,RALA,0.091874307,0.014202335,NS
ENSG00000006453,BAIAP2L1,0.009129101,0.861539411,NS
ENSG00000006459,KDM7A,0.05885235,0.205364323,NS
ENSG00000006468,ETV1,-0.001880476,0.969841309,NS
ENSG00000006530,AGK,0.004848049,0.933797547,NS
ENSG00000006534,ALDH3B1,0.002964382,NA,NS
ENSG00000006576,PHTF2,0.04613023,0.284676696,NS
ENSG00000006607,FARP2,0.058326974,0.177903294,NS
ENSG00000006625,GGCT,0.051422793,0.15681849,NS
ENSG00000006634,DBF4,-0.020961982,0.665757621,NS
ENSG00000006638,TBXA2R,-0.000738927,NA,NS
ENSG00000006652,IFRD1,-0.014790226,0.780173176,NS
ENSG00000006695,COX10,0.021075049,0.692234258,NS
ENSG00000006704,GTF2IRD1,0.01608078,0.779824231,NS
ENSG00000006712,PAF1,-0.060361291,0.110971273,NS
ENSG00000006715,VPS41,0.14936225,0.000135821,NS
ENSG00000006740,ARHGAP44,0.023409194,0.660475257,NS
ENSG00000006744,ELAC2,-0.02639471,0.488232133,NS
ENSG00000006747,SCIN,0.00141033,NA,NS
ENSG00000006756,ARSD,0.000684297,0.992219614,NS
ENSG00000006757,PNPLA4,-0.025133079,0.632943246,NS
ENSG00000006831,ADIPOR2,0.05697582,0.12016999,NS
ENSG00000006837,CDKL3,0.005540668,NA,NS
ENSG00000007047,MARK4,-0.015578425,0.787745281,NS
ENSG00000007080,CCDC124,-0.143082393,0.000172361,NS
ENSG00000007168,PAFAH1B1,0.03025627,0.411859919,NS
ENSG00000007174,DNAH9,0.02518198,NA,NS
ENSG00000007202,BLTP2,0.060313664,0.112107474,NS
ENSG00000007255,TRAPPC6A,-0.039346649,0.411859919,NS
ENSG00000007341,ST7L,0.007971037,0.895862576,NS
ENSG00000007350,TKTL1,-0.000532357,NA,NS
ENSG00000007376,RPUSD1,-0.030218986,0.534603947,NS
ENSG00000007384,RHBDF1,-0.05258029,0.264273025,NS
ENSG00000007392,LUC7L,-0.036447351,0.445025143,NS
ENSG00000007402,CACNA2D2,3.55E-06,NA,NS
ENSG00000007516,BAIAP3,0.018220524,NA,NS
ENSG00000007520,TSR3,-0.034182056,0.468989759,NS
ENSG00000007541,PIGQ,-0.017060991,0.75631393,NS
ENSG00000007545,CRAMP1,-0.021120102,0.69318448,NS
ENSG00000007866,TEAD3,-0.037869572,0.439739443,NS
ENSG00000007923,DNAJC11,-0.018024036,0.676904682,NS
ENSG00000007944,MYLIP,0.073023699,0.110875469,NS
ENSG00000007952,NOX1,0.015544961,NA,NS
ENSG00000007968,E2F2,0.01244731,0.834618195,NS
ENSG00000008018,PSMB1,-0.037483912,0.376710894,NS
ENSG00000008083,JARID2,-0.002267692,0.970604323,NS
ENSG00000008086,CDKL5,0.038824932,NA,NS
ENSG00000008128,CDK11A,-0.059037881,0.202072364,NS
ENSG00000008130,NADK,-0.03828933,0.295449006,NS
ENSG00000008256,CYTH3,-0.002696842,0.966809741,NS
ENSG00000008277,ADAM22,0.054184147,0.248639415,NS
ENSG00000008282,SYPL1,0.010857057,0.832818944,NS
ENSG00000008283,CYB561,-0.003816771,0.9406231,NS
ENSG00000008294,SPAG9,0.070022822,0.10462475,NS
ENSG00000008300,CELSR3,0.038632571,NA,NS
ENSG00000008311,AASS,-0.011313899,0.853316183,NS
ENSG00000008323,PLEKHG6,-0.009343312,NA,NS
ENSG00000008324,SS18L2,0.005028394,0.940512641,NS
ENSG00000008382,MPND,-0.095266793,0.032564447,NS
ENSG00000008394,MGST1,0.023172502,0.595977835,NS
ENSG00000008405,CRY1,0.020107454,0.696935219,NS
ENSG00000008441,NFIX,-0.032568744,0.394599717,NS
ENSG00000008513,ST3GAL1,0.093153018,0.004952666,NS
ENSG00000008710,PKD1,-0.013085632,0.826804966,NS
ENSG00000008735,MAPK8IP2,0.050692592,0.281420914,NS
ENSG00000008838,MED24,-0.032033291,0.446572674,NS
ENSG00000008853,RHOBTB2,-0.04712252,0.272746823,NS
ENSG00000008869,HEATR5B,0.058842499,0.181033619,NS
ENSG00000008952,SEC62,-0.039004198,0.350175335,NS
ENSG00000008988,RPS20,-0.066589099,0.117104694,NS
ENSG00000009307,CSDE1,0.028369112,0.417946931,NS
ENSG00000009335,UBE3C,0.089057636,0.007822872,NS
ENSG00000009413,REV3L,0.042566371,0.362543059,NS
ENSG00000009694,TENM1,0.011553217,0.825765627,NS
ENSG00000009765,IYD,0.026952495,NA,NS
ENSG00000009780,FAM76A,0.022116499,0.683147733,NS
ENSG00000009830,POMT2,0.013121861,0.825765627,NS
ENSG00000009844,VTA1,0.030699192,0.458606985,NS
ENSG00000009950,MLXIPL,-0.008921175,NA,NS
ENSG00000009954,BAZ1B,0.013003104,0.787540782,NS
ENSG00000010017,RANBP9,0.052803281,0.191946894,NS
ENSG00000010072,SPRTN,-0.011300535,0.848751707,NS
ENSG00000010165,METTL13,-0.017958276,0.674228287,NS
ENSG00000010219,DYRK4,-0.055929789,0.230734217,NS
ENSG00000010244,ZNF207,0.018655861,0.645467966,NS
ENSG00000010256,UQCRC1,-0.091442227,0.003062421,NS
ENSG00000010270,STARD3NL,-0.003446377,0.953100205,NS
ENSG00000010278,CD9,-0.060372916,0.08577488,NS
ENSG00000010292,NCAPD2,-0.046097515,0.225544287,NS
ENSG00000010318,PHF7,0.025805417,0.609976198,NS
ENSG00000010319,SEMA3G,0.011832501,NA,NS
ENSG00000010322,NISCH,0.06578977,0.122674687,NS
ENSG00000010327,STAB1,0.012383804,NA,NS
ENSG00000010361,FUZ,-0.023876694,NA,NS
ENSG00000010404,IDS,0.066626373,0.099808019,NS
ENSG00000010539,ZNF200,0.028417593,0.576787111,NS
ENSG00000010610,CD4,0.00883463,NA,NS
ENSG00000010626,LRRC23,0.010439904,0.860034846,NS
ENSG00000010704,HFE,-0.006284085,NA,NS
ENSG00000010803,SCMH1,-0.042977578,0.283853884,NS
ENSG00000010810,FYN,0.00274999,NA,NS
ENSG00000010818,HIVEP2,0.069300017,0.12718499,NS
ENSG00000011007,ELOA,0.03312974,0.423108902,NS
ENSG00000011009,LYPLA2,-0.046143029,0.299017911,NS
ENSG00000011021,CLCN6,0.087753554,0.061933443,NS
ENSG00000011052,NME1-NME2,-0.078345408,0.089793981,NS
ENSG00000011105,TSPAN9,-0.04837404,0.277506138,NS
ENSG00000011114,BTBD7,0.070989476,0.103871588,NS
ENSG00000011132,APBA3,0.003872263,0.952522331,NS
ENSG00000011143,MKS1,-0.020135311,0.708021172,NS
ENSG00000011198,ABHD5,0.030463945,0.509666623,NS
ENSG00000011243,AKAP8L,-0.038012172,0.382460117,NS
ENSG00000011258,MBTD1,0.039211824,0.419763906,NS
ENSG00000011260,UTP18,-0.002725144,0.963411206,NS
ENSG00000011275,RNF216,0.027983025,0.572917283,NS
ENSG00000011295,TTC19,0.025437382,0.551174084,NS
ENSG00000011304,PTBP1,-0.019815344,0.567800131,NS
ENSG00000011332,DPF1,-0.086932215,0.064111789,NS
ENSG00000011347,SYT7,0.172909149,1.88E-06,NS
ENSG00000011376,LARS2,0.05033329,0.188897403,NS
ENSG00000011405,PIK3C2A,0.17636237,0.000344124,NS
ENSG00000011422,PLAUR,-0.007590921,NA,NS
ENSG00000011426,ANLN,0.001599409,0.978536232,NS
ENSG00000011451,WIZ,-0.026235437,0.569473868,NS
ENSG00000011454,RABGAP1,0.030503443,0.51288936,NS
ENSG00000011478,QPCTL,0.001277668,0.98528031,NS
ENSG00000011485,PPP5C,-0.039647116,0.346881946,NS
ENSG00000011523,CEP68,0.032511417,0.511767019,NS
ENSG00000011566,MAP4K3,0.067686051,0.141063676,NS
ENSG00000011638,LDAF1,-0.021960794,0.685745384,NS
ENSG00000011677,GABRA3,0.024552537,NA,NS
ENSG00000012048,BRCA1,0.064314364,0.128233277,NS
ENSG00000012061,ERCC1,-0.029365892,0.540611399,NS
ENSG00000012171,SEMA3B,0.003718444,NA,NS
ENSG00000012174,MBTPS2,0.019349308,0.705305491,NS
ENSG00000012211,PRICKLE3,0.023436504,0.662076797,NS
ENSG00000012223,LTF,-0.007166165,NA,NS
ENSG00000012232,EXTL3,-0.01905844,0.700439919,NS
ENSG00000012660,ELOVL5,0.041382285,0.174962625,NS
ENSG00000012817,KDM5D,0.009959668,0.868733637,NS
ENSG00000012822,CALCOCO1,0.032687566,0.506625746,NS
ENSG00000012963,UBR7,-0.010896367,0.838838268,NS
ENSG00000012983,MAP4K5,0.021735763,0.685794627,NS
ENSG00000013016,EHD3,0.090354719,0.043125659,NS
ENSG00000013275,PSMC4,-0.058593527,0.095068773,NS
ENSG00000013288,MAN2B2,0.018947814,0.735027585,NS
ENSG00000013306,SLC25A39,-0.055527277,0.113113821,NS
ENSG00000013364,MVP,0.001467337,NA,NS
ENSG00000013374,NUB1,0.000465174,0.994792328,NS
ENSG00000013375,PGM3,0.028984007,0.538457578,NS
ENSG00000013392,RWDD2A,0.055151054,0.235758368,NS
ENSG00000013441,CLK1,0.124358645,0.011190821,NS
ENSG00000013503,POLR3B,0.006776113,0.91419086,NS
ENSG00000013523,ANGEL1,0.037402169,0.392790756,NS
ENSG00000013561,RNF14,0.06702829,0.081127143,NS
ENSG00000013563,DNASE1L1,0.008488737,0.886914697,NS
ENSG00000013573,DDX11,0.004334798,0.948675007,NS
ENSG00000013583,HEBP1,-0.019603222,0.700400287,NS
ENSG00000013619,MAMLD1,-0.007277992,NA,NS
ENSG00000013810,TACC3,-0.123196747,0.00010968,NS
ENSG00000014123,UFL1,0.011357896,0.840964088,NS
ENSG00000014138,POLA2,-0.039817197,0.372086299,NS
ENSG00000014164,ZC3H3,0.014959621,0.794286393,NS
ENSG00000014216,CAPN1,0.067334558,0.079659818,NS
ENSG00000014257,ACP3,0.477564997,1.27E-11,NS
ENSG00000014641,MDH1,0.027373279,0.506931517,NS
ENSG00000014824,SLC30A9,0.050764582,0.146741549,NS
ENSG00000014914,MTMR11,-0.00645699,NA,NS
ENSG00000014919,COX15,0.031216915,0.485352724,NS
ENSG00000015133,CCDC88C,0.037092904,0.393395212,NS
ENSG00000015153,YAF2,-0.004233681,0.950240135,NS
ENSG00000015171,ZMYND11,0.048286596,0.221182031,NS
ENSG00000015285,WAS,-0.010497656,NA,NS
ENSG00000015475,BID,-0.016619777,0.762460782,NS
ENSG00000015479,MATR3,0.025756014,0.531307845,NS
ENSG00000015532,XYLT2,-0.013769959,0.815644325,NS
ENSG00000015568,RGPD5,0.062447526,0.174975611,NS
ENSG00000015676,NUDCD3,0.005168598,0.923461541,NS
ENSG00000016082,ISL1,0.004291395,NA,NS
ENSG00000016391,CHDH,0.055567872,0.16517091,NS
ENSG00000016402,IL20RA,-0.029117818,NA,NS
ENSG00000016864,GLT8D1,-0.004893633,0.9397083,NS
ENSG00000017260,ATP2C1,0.102453088,0.003359087,NS
ENSG00000017427,IGF1,-0.131475908,0.011740819,NS
ENSG00000017483,SLC38A5,-0.005535368,NA,NS
ENSG00000017797,RALBP1,-0.027158755,0.488624909,NS
ENSG00000018189,RUFY3,0.016949972,0.767748628,NS
ENSG00000018280,SLC11A1,-0.035315137,NA,NS
ENSG00000018408,WWTR1,0.13719231,0.011340436,NS
ENSG00000018510,AGPS,0.073523906,0.067660475,NS
ENSG00000018610,STEEP1,-0.024188242,0.640829371,NS
ENSG00000018699,TTC27,0.037448737,0.430132482,NS
ENSG00000018869,ZNF582,0.012637204,NA,NS
ENSG00000019144,PHLDB1,-0.024638476,0.64320804,NS
ENSG00000019485,PRDM11,-0.00336117,NA,NS
ENSG00000019549,SNAI2,-0.106308499,0.026335747,NS
ENSG00000019995,ZRANB1,0.015306538,0.789488513,NS
ENSG00000020129,NCDN,-0.029654215,0.508901746,NS
ENSG00000020181,ADGRA2,0.033230034,NA,NS
ENSG00000020256,ZFP64,0.039062838,0.419422966,NS
ENSG00000020426,MNAT1,-0.002471055,0.968168585,NS
ENSG00000020577,SAMD4A,0.033450405,NA,NS
ENSG00000020922,MRE11,0.004051937,0.948490964,NS
ENSG00000021300,PLEKHB1,0.04143497,0.335957534,NS
ENSG00000021574,SPAST,0.05130414,0.259432608,NS
ENSG00000021645,NRXN3,-0.019435407,NA,NS
ENSG00000021762,OSBPL5,0.005375476,0.925803871,NS
ENSG00000021776,AQR,0.036081085,0.445025143,NS
ENSG00000021826,CPS1,0.056977186,0.222854702,NS
ENSG00000022277,RTF2,-0.060564667,0.095817541,NS
ENSG00000022556,NLRP2,-0.014085749,0.786230201,NS
ENSG00000022567,SLC45A4,0.036276373,0.459905892,NS
ENSG00000022840,RNF10,0.038898863,0.283382176,NS
ENSG00000022976,ZNF839,-0.012791268,0.83103225,NS
ENSG00000023041,ZDHHC6,0.00287579,0.963411206,NS
ENSG00000023191,RNH1,-0.030200404,0.484421594,NS
ENSG00000023228,NDUFS1,0.02016056,0.632869833,NS
ENSG00000023287,RB1CC1,0.097760319,0.018730388,NS
ENSG00000023318,ERP44,0.033507092,0.42855437,NS
ENSG00000023330,ALAS1,0.036528976,0.386965458,NS
ENSG00000023445,BIRC3,0.010562335,NA,NS
ENSG00000023516,AKAP11,0.060738747,0.18705167,NS
ENSG00000023572,GLRX2,-0.018634618,0.69928423,NS
ENSG00000023608,SNAPC1,-0.009545861,0.879575811,NS
ENSG00000023697,DERA,-0.033184192,0.49427256,NS
ENSG00000023734,STRAP,0.011278373,0.794261785,NS
ENSG00000023892,DEF6,-0.033641654,0.49557787,NS
ENSG00000023902,PLEKHO1,0.014189233,0.808964203,NS
ENSG00000023909,GCLM,-0.051034883,0.197220294,NS
ENSG00000024048,UBR2,0.055019945,0.237288054,NS
ENSG00000024526,DEPDC1,-0.021095733,0.678247973,NS
ENSG00000024862,CCDC28A,-0.004435775,0.944678543,NS
ENSG00000025039,RRAGD,0.32554812,6.41E-11,NS
ENSG00000025156,HSF2,0.039265904,0.417910131,NS
ENSG00000025293,PHF20,0.074523292,0.043013109,NS
ENSG00000025423,HSD17B6,0.025241023,NA,NS
ENSG00000025434,NR1H3,-0.038817403,0.425901041,NS
ENSG00000025708,TYMP,0.012842842,0.826393179,NS
ENSG00000025770,NCAPH2,-0.108883509,0.006294222,NS
ENSG00000025772,TOMM34,-0.030610312,0.490391313,NS
ENSG00000025796,SEC63,-0.012123832,0.811627943,NS
ENSG00000025800,KPNA6,0.032876522,0.473474723,NS
ENSG00000026025,VIM,0.132018855,0.000637434,NS
ENSG00000026036,RTEL1-TNFRSF6B,-0.00473029,NA,NS
ENSG00000026103,FAS,-0.034742044,0.45621334,NS
ENSG00000026297,RNASET2,-0.016447814,0.749889991,NS
ENSG00000026559,KCNG1,-0.004711176,0.941215227,NS
ENSG00000026950,BTN3A1,-0.042260506,NA,NS
ENSG00000027001,MIPEP,-0.031652478,0.526071739,NS
ENSG00000027075,PRKCH,0.494162126,7.98E-23,NS
ENSG00000027697,IFNGR1,0.032735198,0.508418692,NS
ENSG00000027847,B4GALT7,-0.014731554,0.802129123,NS
ENSG00000027869,SH2D2A,0.006142929,NA,NS
ENSG00000028116,VRK2,0.021575001,0.685794627,NS
ENSG00000028137,TNFRSF1B,-0.011861387,NA,NS
ENSG00000028203,VEZT,0.070021355,0.060030175,NS
ENSG00000028310,BRD9,0.017805491,0.754875836,NS
ENSG00000028528,SNX1,-0.006993511,0.900453372,NS
ENSG00000028839,TBPL1,0.022432634,0.677303786,NS
ENSG00000029153,BMAL2,0.008771203,0.88730509,NS
ENSG00000029363,BCLAF1,0.031741209,0.393188983,NS
ENSG00000029364,SLC39A9,0.026176012,0.563702507,NS
ENSG00000029534,ANK1,-0.002587924,NA,NS
ENSG00000029639,TFB1M,0.000731721,0.991881516,NS
ENSG00000029725,RABEP1,0.10217641,0.002003002,NS
ENSG00000029993,HMGB3,-0.080688813,0.012978738,NS
ENSG00000030066,NUP160,0.035290296,0.394487718,NS
ENSG00000030110,BAK1,-0.045862314,0.314763275,NS
ENSG00000030419,IKZF2,0.027763841,NA,NS
ENSG00000030582,GRN,0.051281028,0.209691278,NS
ENSG00000031003,FAM13B,0.064088164,0.157467971,NS
ENSG00000031081,ARHGAP31,0.026543528,NA,NS
ENSG00000031691,CENPQ,0.009282481,0.881868243,NS
ENSG00000031698,SARS1,-0.082183576,0.007822872,NS
ENSG00000031823,RANBP3,-0.073758626,0.039379099,NS
ENSG00000032219,ARID4A,-0.037369448,0.445330712,NS
ENSG00000032389,EIPR1,-0.008976447,0.884522123,NS
ENSG00000032444,PNPLA6,0.000393697,0.99512713,NS
ENSG00000032742,IFT88,0.005282673,0.937739485,NS
ENSG00000033011,ALG1,0.026217211,0.56845656,NS
ENSG00000033030,ZCCHC8,0.009812971,0.873258641,NS
ENSG00000033050,ABCF2,0.010014202,0.854950772,NS
ENSG00000033100,CHPF2,0.078604692,0.046365932,NS
ENSG00000033122,LRRC7,0.107332189,NA,NS
ENSG00000033170,FUT8,0.013113898,0.826393179,NS
ENSG00000033178,UBA6,0.050455358,0.275438173,NS
ENSG00000033327,GAB2,0.086838008,NA,NS
ENSG00000033627,ATP6V0A1,0.113530059,0.005506987,NS
ENSG00000033800,PIAS1,-0.004562581,0.945885664,NS
ENSG00000033867,SLC4A7,0.055450038,0.223555955,NS
ENSG00000034053,APBA2,-0.014609072,0.789214828,NS
ENSG00000034152,MAP2K3,0.031184867,0.479300091,NS
ENSG00000034510,TMSB10,-0.121156668,0.00403892,NS
ENSG00000034533,ASTE1,0.006222814,0.923750304,NS
ENSG00000034677,RNF19A,0.074234661,0.095070759,NS
ENSG00000034693,PEX3,-0.028316849,0.579067475,NS
ENSG00000034713,GABARAPL2,0.009525744,0.862927824,NS
ENSG00000035115,SH3YL1,0.029868018,0.552160999,NS
ENSG00000035141,FAM136A,0.032101753,0.457360419,NS
ENSG00000035403,VCL,0.05851384,0.154537222,NS
ENSG00000035499,DEPDC1B,-0.043052541,0.28622526,NS
ENSG00000035664,DAPK2,-0.007664597,NA,NS
ENSG00000035681,NSMAF,-0.025488264,0.599017003,NS
ENSG00000035687,ADSS2,0.046013661,0.227848247,NS
ENSG00000035862,TIMP2,0.111999569,0.008573516,NS
ENSG00000035928,RFC1,-0.016004227,0.751372155,NS
ENSG00000036054,TBC1D23,0.062635482,0.155265601,NS
ENSG00000036257,CUL3,0.043248117,0.310700841,NS
ENSG00000036448,MYOM2,-0.011835385,NA,NS
ENSG00000036530,CYP46A1,0.003105004,NA,NS
ENSG00000036549,ZZZ3,0.096621731,0.011210708,NS
ENSG00000036672,USP2,0.028314354,0.541295131,NS
ENSG00000037042,TUBG2,-0.016284137,0.775945257,NS
ENSG00000037241,RPL26L1,-0.074446323,0.086212032,NS
ENSG00000037280,FLT4,-0.014100002,NA,NS
ENSG00000037474,NSUN2,0.016182607,0.688621149,NS
ENSG00000037637,FBXO42,0.023008653,0.662853473,NS
ENSG00000037749,MFAP3,0.049648937,0.273815544,NS
ENSG00000037757,MRI1,-0.01305202,0.827083183,NS
ENSG00000037897,METTL1,-0.052760337,0.25032393,NS
ENSG00000037965,HOXC8,0.000617086,NA,NS
ENSG00000038002,AGA,0.010585026,0.862927824,NS
ENSG00000038210,PI4K2B,0.03759712,0.386915302,NS
ENSG00000038219,BOD1L1,0.031249039,0.529496301,NS
ENSG00000038274,MAT2B,-0.009986733,0.866040067,NS
ENSG00000038295,TLL1,0.323723853,1.02E-07,NS
ENSG00000038358,EDC4,-0.012544083,0.819299099,NS
ENSG00000038382,TRIO,0.053453954,0.24540305,NS
ENSG00000038532,CLEC16A,0.072212075,0.103357998,NS
ENSG00000039068,CDH1,0.089548896,0.008652025,NS
ENSG00000039123,MTREX,0.049236235,0.222171266,NS
ENSG00000039139,DNAH5,-0.031083506,0.523024708,NS
ENSG00000039319,ZFYVE16,0.046510028,0.316663583,NS
ENSG00000039523,RIPOR1,0.041117479,0.32641269,NS
ENSG00000039560,RAI14,0.189188655,3.21E-07,NS
ENSG00000039650,PNKP,-0.058252807,0.210813448,NS
ENSG00000040199,PHLPP2,0.018180067,0.749889991,NS
ENSG00000040275,SPDL1,-0.052533908,0.215593301,NS
ENSG00000040341,STAU2,0.056849957,0.200627329,NS
ENSG00000040487,SLC66A1,-0.007915216,0.894961549,NS
ENSG00000040531,CTNS,0.038397396,0.430099167,NS
ENSG00000040608,RTN4R,0.021937709,0.672120904,NS
ENSG00000040633,PHF23,0.013839595,0.795272591,NS
ENSG00000040933,INPP4A,0.038274583,0.435385454,NS
ENSG00000041353,RAB27B,0.099150525,0.032886544,NS
ENSG00000041357,PSMA4,-0.009371486,0.858266736,NS
ENSG00000041802,LSG1,-0.007432281,0.888524964,NS
ENSG00000041880,PARP3,-0.015288713,0.789302151,NS
ENSG00000041982,TNC,0.013979656,NA,NS
ENSG00000041988,THAP3,-0.02175001,0.688575628,NS
ENSG00000042088,TDP1,-0.033740873,0.446450453,NS
ENSG00000042286,AIFM2,0.002627223,NA,NS
ENSG00000042317,SPATA7,-0.016521279,0.762460782,NS
ENSG00000042429,MED17,-0.015921925,0.756664693,NS
ENSG00000042445,RETSAT,0.025889491,0.570877051,NS
ENSG00000042493,CAPG,-0.007928756,NA,NS
ENSG00000042753,AP2S1,-0.102696492,0.009993687,NS
ENSG00000042781,USH2A,0.007725679,NA,NS
ENSG00000042832,TG,0.00989297,NA,NS
ENSG00000042980,ADAM28,-0.002395001,NA,NS
ENSG00000043039,BARX2,0.006324058,NA,NS
ENSG00000043093,DCUN1D1,0.084580409,0.033658911,NS
ENSG00000043143,JADE2,0.09570584,0.033094397,NS
ENSG00000043355,ZIC2,0.063573389,0.156504743,NS
ENSG00000043514,TRIT1,-0.034171912,0.470155224,NS
ENSG00000043591,ADRB1,0.022815543,NA,NS
ENSG00000044090,CUL7,0.009703917,0.875448535,NS
ENSG00000044115,CTNNA1,0.019957062,0.637774452,NS
ENSG00000044446,PHKA2,-0.013377703,0.823026912,NS
ENSG00000044459,CNTLN,-0.020780648,0.685612538,NS
ENSG00000044524,EPHA3,0.047464164,0.298909457,NS
ENSG00000044574,HSPA5,0.017057135,0.674261666,NS
ENSG00000046604,DSG2,0.102638341,0.003804705,NS
ENSG00000046647,GEMIN8,-0.051265129,0.266273432,NS
ENSG00000046651,OFD1,0.045656085,NA,NS
ENSG00000046653,GPM6B,0.00343918,NA,NS
ENSG00000046774,MAGEC2,-0.014560968,NA,NS
ENSG00000046889,PREX2,0.006028926,NA,NS
ENSG00000047056,WDR37,0.028834992,0.572541623,NS
ENSG00000047188,YTHDC2,0.03780913,0.401217093,NS
ENSG00000047230,CTPS2,-0.016470575,0.75662803,NS
ENSG00000047249,ATP6V1H,0.043232082,0.293301893,NS
ENSG00000047315,POLR2B,0.063647411,0.052554539,NS
ENSG00000047346,ATOSA,0.075596389,0.067357822,NS
ENSG00000047365,ARAP2,0.014756669,NA,NS
ENSG00000047410,TPR,0.068403846,0.108321778,NS
ENSG00000047457,CP,0.003207031,NA,NS
ENSG00000047578,KATNIP,0.005965059,0.927518122,NS
ENSG00000047579,DTNBP1,0.001055103,0.987963311,NS
ENSG00000047617,ANO2,-0.000187044,NA,NS
ENSG00000047621,FERRY3,0.013364261,0.816610329,NS
ENSG00000047634,SCML1,0.113350291,0.009490943,NS
ENSG00000047644,WWC3,0.032133617,0.484162262,NS
ENSG00000047648,ARHGAP6,-0.008085573,0.886914697,NS
ENSG00000047662,FAM184B,0.030681768,NA,NS
ENSG00000047849,MAP4,0.050863748,0.132553959,NS
ENSG00000047932,GOPC,0.014102572,0.807684428,NS
ENSG00000048028,USP28,0.071911024,0.090169509,NS
ENSG00000048052,HDAC9,-0.009188215,NA,NS
ENSG00000048140,TSPAN17,-0.021378654,0.65145241,NS
ENSG00000048162,NOP16,-0.012482332,0.820525027,NS
ENSG00000048342,CC2D2A,0.065539591,0.154522233,NS
ENSG00000048392,RRM2B,0.054830721,0.18096637,NS
ENSG00000048405,ZNF800,0.080564152,0.06097678,NS
ENSG00000048471,SNX29,0.013694122,0.817264059,NS
ENSG00000048544,MRPS10,0.026754472,0.582595687,NS
ENSG00000048649,RSF1,-0.002790309,0.964712136,NS
ENSG00000048707,VPS13D,0.029475276,0.534603947,NS
ENSG00000048828,FAM120A,0.029902819,0.489344889,NS
ENSG00000048991,R3HDM1,0.083163256,0.029315482,NS
ENSG00000049089,COL9A2,0.0291893,NA,NS
ENSG00000049130,KITLG,-0.002938981,NA,NS
ENSG00000049167,ERCC8,-0.011909614,0.843074552,NS
ENSG00000049192,ADAMTS6,0.001428184,NA,NS
ENSG00000049239,H6PD,-0.001558751,0.979784748,NS
ENSG00000049245,VAMP3,0.021198149,0.645520248,NS
ENSG00000049246,PER3,0.015790221,0.783390556,NS
ENSG00000049283,EPN3,0.008962331,0.862304768,NS
ENSG00000049323,LTBP1,0.020104622,0.686241884,NS
ENSG00000049449,RCN1,-0.027512189,0.464275814,NS
ENSG00000049540,ELN,0.000330137,NA,NS
ENSG00000049541,RFC2,-0.050554185,0.210394755,NS
ENSG00000049618,ARID1B,0.009505163,0.874959121,NS
ENSG00000049656,CLPTM1L,-0.021457906,0.57601568,NS
ENSG00000049759,NEDD4L,-0.008088462,0.886914697,NS
ENSG00000049768,FOXP3,-0.017533878,NA,NS
ENSG00000049769,PPP1R3F,-0.031429311,0.511767019,NS
ENSG00000049860,HEXB,0.062162219,0.086583527,NS
ENSG00000049883,PTCD2,0.003127006,0.961847947,NS
ENSG00000050030,NEXMIF,0.007431236,NA,NS
ENSG00000050130,JKAMP,0.01982865,0.695578392,NS
ENSG00000050327,ARHGEF5,0.045663784,0.326834014,NS
ENSG00000050344,NFE2L3,0.03492723,0.471744098,NS
ENSG00000050393,MCUR1,0.080016701,0.034066534,NS
ENSG00000050405,LIMA1,0.125252218,0.001531911,NS
ENSG00000050426,LETMD1,0.004731797,0.940723945,NS
ENSG00000050555,LAMC3,0.015884396,NA,NS
ENSG00000050748,MAPK9,0.067044394,0.080100084,NS
ENSG00000050767,COL23A1,0.019837814,NA,NS
ENSG00000050820,BCAR1,-0.011086036,0.843074552,NS
ENSG00000051009,FHIP1B,-0.024521486,0.645459876,NS
ENSG00000051108,HERPUD1,-0.012252643,0.801779851,NS
ENSG00000051128,HOMER3,-0.015008687,0.798119276,NS
ENSG00000051180,RAD51,-0.013919046,0.815644325,NS
ENSG00000051341,POLQ,-0.009330114,0.881684241,NS
ENSG00000051382,PIK3CB,0.090767671,0.01284649,NS
ENSG00000051596,THOC3,-0.039378535,0.338350901,NS
ENSG00000051620,HEBP2,-0.087613242,0.026939411,NS
ENSG00000051825,MPHOSPH9,-0.010532056,0.85540037,NS
ENSG00000052126,PLEKHA5,0.025908678,0.599437735,NS
ENSG00000052344,PRSS8,0.153866935,0.000533554,NS
ENSG00000052723,SIKE1,0.025908767,0.585359233,NS
ENSG00000052749,RRP12,-0.002688675,0.961618958,NS
ENSG00000052795,FNIP2,0.065388934,0.143421661,NS
ENSG00000052802,MSMO1,0.238034365,1.03E-08,NS
ENSG00000052841,TTC17,0.041870775,0.380097415,NS
ENSG00000052850,ALX4,0.018524178,NA,NS
ENSG00000053108,FSTL4,-0.009395413,NA,NS
ENSG00000053254,FOXN3,0.113112645,0.00556305,NS
ENSG00000053371,AKR7A2,-0.059306727,0.163489488,NS
ENSG00000053372,MRTO4,-0.074124717,0.064219586,NS
ENSG00000053501,USE1,-0.053861872,0.234310496,NS
ENSG00000053524,MCF2L2,0.039927627,NA,NS
ENSG00000053747,LAMA3,-0.012174646,0.831868489,NS
ENSG00000053770,AP5M1,0.071718975,0.090557922,NS
ENSG00000053900,ANAPC4,0.045347535,0.338251951,NS
ENSG00000053918,KCNQ1,0.006752246,NA,NS
ENSG00000054116,TRAPPC3,0.012452315,0.815098493,NS
ENSG00000054118,THRAP3,-0.028312169,0.47500966,NS
ENSG00000054148,PHPT1,-0.099941598,0.014887625,NS
ENSG00000054179,ENTPD2,-0.028931365,0.543802305,NS
ENSG00000054267,ARID4B,-0.021473188,0.674261666,NS
ENSG00000054277,OPN3,-0.015753493,NA,NS
ENSG00000054282,SDCCAG8,-0.003830037,0.953398052,NS
ENSG00000054392,HHAT,-0.002511741,NA,NS
ENSG00000054523,KIF1B,0.075685597,0.070668752,NS
ENSG00000054598,FOXC1,-0.004489743,NA,NS
ENSG00000054611,TBC1D22A,0.004620186,0.945683422,NS
ENSG00000054654,SYNE2,0.087747104,0.049704143,NS
ENSG00000054690,PLEKHH1,0.107906352,0.020086514,NS
ENSG00000054793,ATP9A,0.083770054,0.042468247,NS
ENSG00000054965,FAM168A,0.049195633,0.239117696,NS
ENSG00000054967,RELT,-0.056010823,0.217677363,NS
ENSG00000055044,NOP58,-0.025557955,0.547217306,NS
ENSG00000055070,SZRD1,-0.044198061,0.186262504,NS
ENSG00000055118,KCNH2,0.060790437,NA,NS
ENSG00000055130,CUL1,0.033110693,0.417429441,NS
ENSG00000055147,FAM114A2,0.044941181,0.313078771,NS
ENSG00000055163,CYFIP2,0.053488016,0.225069721,NS
ENSG00000055208,TAB2,0.054516651,0.189282272,NS
ENSG00000055211,GINM1,-0.044053045,0.301830946,NS
ENSG00000055332,EIF2AK2,0.021708747,0.686241884,NS
ENSG00000055483,USP36,0.07583592,0.062133612,NS
ENSG00000055609,KMT2C,0.069096677,0.127774445,NS
ENSG00000055917,PUM2,0.089160024,0.021295653,NS
ENSG00000055950,MRPL43,-0.027173061,0.591997005,NS
ENSG00000055955,ITIH4,0.003687891,NA,NS
ENSG00000056050,HPF1,-0.027711086,0.575904291,NS
ENSG00000056097,ZFR,0.071322736,0.077164297,NS
ENSG00000056277,ZNF280C,0.030115702,0.509666623,NS
ENSG00000056586,RC3H2,0.06845094,0.098349204,NS
ENSG00000056736,IL17RB,0.023985581,0.652011016,NS
ENSG00000056972,TRAF3IP2,0.012390656,0.834935815,NS
ENSG00000056998,GYG2,0.011827054,NA,NS
ENSG00000057019,DCBLD2,0.013683431,NA,NS
ENSG00000057252,SOAT1,-0.022937544,0.557573627,NS
ENSG00000057294,PKP2,0.017178056,0.754875836,NS
ENSG00000057608,GDI2,0.01729216,0.666281591,NS
ENSG00000057657,PRDM1,-0.019713142,NA,NS
ENSG00000057663,ATG5,0.020679744,0.679074729,NS
ENSG00000057704,TMCC3,-0.023131521,NA,NS
ENSG00000057757,PITHD1,0.045863713,0.270504458,NS
ENSG00000057935,MTA3,0.029025357,0.547254301,NS
ENSG00000058056,USP13,0.047289676,0.271558528,NS
ENSG00000058063,ATP11B,0.060367519,0.145438291,NS
ENSG00000058085,LAMC2,0.00880921,NA,NS
ENSG00000058091,CDK14,0.039543364,0.367666212,NS
ENSG00000058262,SEC61A1,-0.009398468,0.825239344,NS
ENSG00000058272,PPP1R12A,-0.002030943,0.973169013,NS
ENSG00000058335,RASGRF1,0.002803518,NA,NS
ENSG00000058404,CAMK2B,0.004906994,NA,NS
ENSG00000058453,CROCC,-0.021569541,0.670613023,NS
ENSG00000058600,POLR3E,-0.030127365,0.479300091,NS
ENSG00000058668,ATP2B4,0.090755919,0.033099669,NS
ENSG00000058673,ZC3H11A,0.034104582,0.47419513,NS
ENSG00000058729,RIOK2,0.008652403,0.884873601,NS
ENSG00000058799,YIPF1,-0.052531292,0.241619576,NS
ENSG00000058804,NDC1,0.007902566,0.875448535,NS
ENSG00000059122,FLYWCH1,-0.013844388,0.813302571,NS
ENSG00000059145,UNKL,-0.036405882,0.45378204,NS
ENSG00000059377,TBXAS1,-0.017547112,NA,NS
ENSG00000059378,PARP12,0.033765076,0.480718557,NS
ENSG00000059573,ALDH18A1,0.03496249,0.329620952,NS
ENSG00000059588,TARBP1,0.064827824,0.131348282,NS
ENSG00000059691,GATB,0.000828807,0.990692457,NS
ENSG00000059728,MXD1,-0.004540334,0.944678543,NS
ENSG00000059758,CDK17,-0.002284725,0.970500295,NS
ENSG00000059769,DNAJC25,0.046159898,0.332224836,NS
ENSG00000059804,SLC2A3,-0.036849341,NA,NS
ENSG00000059915,PSD,-0.006395832,NA,NS
ENSG00000060069,CTDP1,-0.005323288,0.934736948,NS
ENSG00000060138,YBX3,-0.011977033,0.787745281,NS
ENSG00000060140,STYK1,0.005157286,0.939669528,NS
ENSG00000060237,WNK1,0.073281488,0.084100848,NS
ENSG00000060339,CCAR1,-0.003891915,0.945683422,NS
ENSG00000060491,OGFR,-0.030959663,0.505626436,NS
ENSG00000060642,PIGV,-0.004090559,0.950946524,NS
ENSG00000060656,PTPRU,0.043623579,0.321157708,NS
ENSG00000060688,SNRNP40,-0.0780911,0.024893566,NS
ENSG00000060749,QSER1,-0.00063525,0.993139644,NS
ENSG00000060762,MPC1,-0.003816813,0.953100205,NS
ENSG00000060971,ACAA1,-0.103854099,0.00110153,NS
ENSG00000060982,BCAT1,0.004533357,NA,NS
ENSG00000061273,HDAC7,-0.009981938,0.869282955,NS
ENSG00000061337,LZTS1,0.009211611,NA,NS
ENSG00000061656,SPAG4,-0.035974048,NA,NS
ENSG00000061676,NCKAP1,0.079662117,0.039330569,NS
ENSG00000061794,MRPS35,-0.009733827,0.840964088,NS
ENSG00000061918,GUCY1B1,0.027651122,0.577195982,NS
ENSG00000061936,SFSWAP,-0.043378735,0.331587026,NS
ENSG00000061938,TNK2,0.033468621,0.482862079,NS
ENSG00000061987,MON2,0.055937812,0.225250808,NS
ENSG00000062038,CDH3,0.004848835,NA,NS
ENSG00000062194,GPBP1,0.062722419,0.080839234,NS
ENSG00000062282,DGAT2,0.012289537,0.826804966,NS
ENSG00000062370,ZNF112,0.009215623,NA,NS
ENSG00000062485,CS,0.039678069,0.243146315,NS
ENSG00000062582,MRPS24,-0.093071449,0.027831857,NS
ENSG00000062598,ELMO2,-0.024498272,0.625760262,NS
ENSG00000062650,WAPL,0.057665327,0.159648404,NS
ENSG00000062716,VMP1,-0.01291762,0.780771702,NS
ENSG00000062725,APPBP2,-0.018970296,0.701059137,NS
ENSG00000062822,POLD1,-0.111058541,0.002664364,NS
ENSG00000063046,EIF4B,0.042357789,0.148955916,NS
ENSG00000063127,SLC6A16,0.007734757,NA,NS
ENSG00000063169,BICRA,-0.014097073,0.810942868,NS
ENSG00000063176,SPHK2,-0.002590534,0.968159844,NS
ENSG00000063177,RPL18,-0.069492766,0.068338691,NS
ENSG00000063180,CA11,0.021019625,NA,NS
ENSG00000063241,ISOC2,-0.080432177,0.035753925,NS
ENSG00000063244,U2AF2,-0.0807805,0.00317523,NS
ENSG00000063245,EPN1,-0.073761986,0.014436695,NS
ENSG00000063322,MED29,-0.033869978,0.405371256,NS
ENSG00000063438,AHRR,0.008920032,NA,NS
ENSG00000063587,ZNF275,0.024275986,0.646011741,NS
ENSG00000063601,MTMR1,0.016647268,0.76042359,NS
ENSG00000063660,GPC1,0.003295006,0.960840828,NS
ENSG00000063761,ADCK1,-0.037039637,0.445025143,NS
ENSG00000063854,HAGH,-0.027909163,0.572643189,NS
ENSG00000063978,RNF4,-0.010756702,0.838712193,NS
ENSG00000064012,CASP8,0.044052053,0.347843437,NS
ENSG00000064042,LIMCH1,-0.004794926,0.93610796,NS
ENSG00000064102,INTS13,0.022560401,0.645558949,NS
ENSG00000064115,TM7SF3,0.029945262,0.470219479,NS
ENSG00000064195,DLX3,0.092000447,0.052572076,NS
ENSG00000064199,SPA17,-0.04960688,0.293342666,NS
ENSG00000064218,DMRT3,0.001624865,NA,NS
ENSG00000064225,ST3GAL6,-0.002481202,NA,NS
ENSG00000064270,ATP2C2,0.020785393,0.700848763,NS
ENSG00000064309,CDON,0.042356489,0.376866091,NS
ENSG00000064313,TAF2,0.02813706,0.57491479,NS
ENSG00000064393,HIPK2,-0.004688603,0.943893985,NS
ENSG00000064419,TNPO3,-0.002384006,0.967345513,NS
ENSG00000064489,BORCS8-MEF2B,-0.01088271,NA,NS
ENSG00000064490,RFXANK,-0.030462621,0.516547142,NS
ENSG00000064545,TMEM161A,-0.038512093,0.371876059,NS
ENSG00000064547,LPAR2,0.000815647,0.990960171,NS
ENSG00000064601,CTSA,0.048791264,0.284676696,NS
ENSG00000064607,SUGP2,0.045185622,0.317790005,NS
ENSG00000064651,SLC12A2,0.051884579,0.236478704,NS
ENSG00000064652,SNX24,-0.041507336,NA,NS
ENSG00000064655,EYA2,0.018119462,NA,NS
ENSG00000064666,CNN2,-0.018746755,0.70244768,NS
ENSG00000064687,ABCA7,-0.039392531,0.414633771,NS
ENSG00000064703,DDX20,0.047293308,0.31765137,NS
ENSG00000064726,BTBD1,0.010054807,0.843074552,NS
ENSG00000064763,FAR2,0.002389722,NA,NS
ENSG00000064787,BCAS1,0.014252021,NA,NS
ENSG00000064932,SBNO2,-0.004765959,0.935930806,NS
ENSG00000064933,PMS1,0.02307694,0.663899007,NS
ENSG00000064961,HMG20B,-0.086293729,0.015845275,NS
ENSG00000064989,CALCRL,0.003604836,NA,NS
ENSG00000064995,TAF11,-0.040658427,0.351194918,NS
ENSG00000064999,ANKS1A,0.028520548,0.547254301,NS
ENSG00000065000,AP3D1,0.034374136,0.310402711,NS
ENSG00000065029,ZNF76,-0.021681288,0.686388355,NS
ENSG00000065054,NHERF2,-0.09981237,0.004454479,NS
ENSG00000065057,NTHL1,-0.076894415,0.086212032,NS
ENSG00000065060,BLTP3A,0.031985662,0.497327711,NS
ENSG00000065135,GNAI3,0.006091417,0.907915541,NS
ENSG00000065150,IPO5,0.037931054,0.32284871,NS
ENSG00000065154,OAT,0.00448849,NA,NS
ENSG00000065183,WDR3,0.056600347,0.11699274,NS
ENSG00000065243,PKN2,0.08540559,0.042196484,NS
ENSG00000065268,WDR18,-0.069094921,0.093428471,NS
ENSG00000065308,TRAM2,0.052128531,0.266727568,NS
ENSG00000065320,NTN1,0.005787992,NA,NS
ENSG00000065325,GLP2R,-0.006984451,NA,NS
ENSG00000065328,MCM10,0.028251092,0.519004248,NS
ENSG00000065357,DGKA,-0.017303112,NA,NS
ENSG00000065361,ERBB3,0.039814825,0.338350901,NS
ENSG00000065413,ANKRD44,0.03390759,0.473142194,NS
ENSG00000065427,KARS1,-0.015629192,0.728352787,NS
ENSG00000065457,ADAT1,0.000644454,0.993139644,NS
ENSG00000065485,PDIA5,-0.084018602,0.02145476,NS
ENSG00000065491,TBC1D22B,-0.00042412,0.995485859,NS
ENSG00000065518,NDUFB4,-0.028078804,0.573328719,NS
ENSG00000065526,SPEN,0.11484732,0.008416272,NS
ENSG00000065534,MYLK,-0.029012157,NA,NS
ENSG00000065548,ZC3H15,-0.022811559,0.588826974,NS
ENSG00000065559,MAP2K4,0.035699287,0.407785515,NS
ENSG00000065600,PACC1,0.00596815,0.927424634,NS
ENSG00000065609,SNAP91,0.019562686,NA,NS
ENSG00000065613,SLK,0.092113023,0.024182537,NS
ENSG00000065615,CYB5R4,0.009432667,0.875559064,NS
ENSG00000065621,GSTO2,-0.007329726,NA,NS
ENSG00000065665,SEC61A2,-0.023332003,0.654266806,NS
ENSG00000065717,TLE2,0.000701208,0.9923949,NS
ENSG00000065802,ASB1,-0.008758311,0.884873601,NS
ENSG00000065809,FAM107B,0.011667407,0.837334544,NS
ENSG00000065833,ME1,0.052126888,0.217384269,NS
ENSG00000065882,TBC1D1,-0.082465715,0.016981921,NS
ENSG00000065883,CDK13,0.069873116,0.106743121,NS
ENSG00000065911,MTHFD2,-0.06825318,0.020380401,NS
ENSG00000065923,SLC9A7,0.063056846,0.169188386,NS
ENSG00000065970,FOXJ2,0.021745024,0.667418286,NS
ENSG00000065978,YBX1,-0.030280447,0.442824685,NS
ENSG00000065989,PDE4A,-0.004580361,NA,NS
ENSG00000066027,PPP2R5A,0.042033965,0.310700841,NS
ENSG00000066032,CTNNA2,-0.007649746,NA,NS
ENSG00000066044,ELAVL1,-0.045816617,0.200539212,NS
ENSG00000066084,DIP2B,0.161421766,0.000194996,NS
ENSG00000066117,SMARCD1,0.007642628,0.895199165,NS
ENSG00000066135,KDM4A,-0.003277169,0.95751159,NS
ENSG00000066136,NFYC,-0.022587533,0.64037802,NS
ENSG00000066185,ZMYND12,0.027133547,NA,NS
ENSG00000066230,SLC9A3,0.031404436,0.531307845,NS
ENSG00000066248,NGEF,0.073444025,0.110504886,NS
ENSG00000066279,ASPM,0.018303004,0.747733826,NS
ENSG00000066322,ELOVL1,-0.000422274,0.99512713,NS
ENSG00000066336,SPI1,-0.009838607,NA,NS
ENSG00000066379,POLR1H,-0.075821057,0.099808019,NS
ENSG00000066422,ZBTB11,0.046205295,0.331014497,NS
ENSG00000066427,ATXN3,0.011783779,0.844270624,NS
ENSG00000066455,GOLGA5,0.046113405,0.269560541,NS
ENSG00000066468,FGFR2,-0.022275775,NA,NS
ENSG00000066557,LRRC40,-0.020488959,0.688621149,NS
ENSG00000066583,ISOC1,-0.013822457,0.793601565,NS
ENSG00000066629,EML1,0.015770476,0.777641899,NS
ENSG00000066651,TRMT11,-0.004447281,0.947412924,NS
ENSG00000066654,THUMPD1,0.036837446,0.385371797,NS
ENSG00000066697,MSANTD3,-0.01921704,0.721867871,NS
ENSG00000066735,KIF26A,0.008575537,NA,NS
ENSG00000066739,ATG2B,0.127250979,0.005661636,NS
ENSG00000066777,ARFGEF1,0.048608238,0.284831939,NS
ENSG00000066827,ZFAT,0.043930294,0.351752669,NS
ENSG00000066855,MTFR1,-0.011045839,0.829713136,NS
ENSG00000066923,STAG3,0.010738942,NA,NS
ENSG00000066926,FECH,-0.03317376,0.355194968,NS
ENSG00000066933,MYO9A,0.014135762,0.81192664,NS
ENSG00000067048,DDX3Y,0.061498728,0.137404847,NS
ENSG00000067057,PFKP,-0.006964718,0.89505818,NS
ENSG00000067064,IDI1,0.208922263,1.19E-09,NS
ENSG00000067066,SP100,0.005455181,NA,NS
ENSG00000067082,KLF6,0.093933385,0.048271741,NS
ENSG00000067113,PLPP1,-0.02096247,0.646994929,NS
ENSG00000067141,NEO1,-0.020387176,0.695662486,NS
ENSG00000067167,TRAM1,-0.021534942,0.58637799,NS
ENSG00000067177,PHKA1,0.048975801,0.26335211,NS
ENSG00000067182,TNFRSF1A,-0.078588213,0.024423376,NS
ENSG00000067191,CACNB1,0.041895923,NA,NS
ENSG00000067208,EVI5,0.002330549,0.969841309,NS
ENSG00000067221,STOML1,-0.024867635,0.636643673,NS
ENSG00000067225,PKM,-0.042661112,0.219041922,NS
ENSG00000067248,DHX29,0.0134526,0.793331957,NS
ENSG00000067334,DNTTIP2,0.046724325,0.210016697,NS
ENSG00000067365,METTL22,-0.013773877,0.811757118,NS
ENSG00000067369,TP53BP1,0.005525056,0.93205552,NS
ENSG00000067533,RRP15,-0.03841861,0.345633438,NS
ENSG00000067560,RHOA,-0.027515367,0.446854062,NS
ENSG00000067596,DHX8,0.002747783,0.963487139,NS
ENSG00000067606,PRKCZ,-0.014161304,0.807399179,NS
ENSG00000067646,ZFY,0.070401213,0.108782379,NS
ENSG00000067704,IARS2,0.0468754,0.16517091,NS
ENSG00000067798,NAV3,0.234914333,0.000151903,NS
ENSG00000067829,IDH3G,-0.024987638,0.609843551,NS
ENSG00000067836,ROGDI,-0.010523182,0.861869475,NS
ENSG00000067840,PDZD4,-0.015478671,NA,NS
ENSG00000067900,ROCK1,0.072346409,0.074858914,NS
ENSG00000067955,CBFB,-0.019663915,0.677469388,NS
ENSG00000067992,PDK3,0.048387737,0.262312875,NS
ENSG00000068001,HYAL2,-0.02937888,0.508879983,NS
ENSG00000068024,HDAC4,0.000558473,0.994317201,NS
ENSG00000068028,RASSF1,-0.058822216,0.205072504,NS
ENSG00000068078,FGFR3,-0.024563045,0.641598307,NS
ENSG00000068079,IFI35,-0.013693339,NA,NS
ENSG00000068097,HEATR6,0.025806369,0.617137166,NS
ENSG00000068120,COASY,-0.014131325,0.779896517,NS
ENSG00000068137,PLEKHH3,-0.033968705,0.421048107,NS
ENSG00000068305,MEF2A,0.01745148,0.759084846,NS
ENSG00000068308,OTUD5,-0.031067246,0.49557787,NS
ENSG00000068323,TFE3,-0.00888784,0.868408226,NS
ENSG00000068354,TBC1D25,0.018047247,0.751635346,NS
ENSG00000068366,ACSL4,0.273202038,0.000940689,NS
ENSG00000068383,INPP5A,0.031892028,0.49557787,NS
ENSG00000068394,GPKOW,-0.069025873,0.117273046,NS
ENSG00000068400,GRIPAP1,-0.01778703,0.75125772,NS
ENSG00000068438,FTSJ1,-0.013942892,0.788976876,NS
ENSG00000068489,PRR11,-0.096999382,0.00320998,NS
ENSG00000068615,REEP1,0.013135061,NA,NS
ENSG00000068650,ATP11A,0.069617255,0.129152087,NS
ENSG00000068654,POLR1A,0.069539275,0.095880048,NS
ENSG00000068697,LAPTM4A,0.016563586,0.745288203,NS
ENSG00000068724,TTC7A,-0.008656085,0.88516258,NS
ENSG00000068745,IP6K2,0.008587461,0.872388181,NS
ENSG00000068784,SRBD1,0.002616848,0.968159844,NS
ENSG00000068796,KIF2A,0.080578444,0.035517373,NS
ENSG00000068831,RASGRP2,-0.010691899,NA,NS
ENSG00000068878,PSME4,0.045764039,0.274784638,NS
ENSG00000068885,IFT80,0.019291025,0.728884421,NS
ENSG00000068903,SIRT2,0.075069935,0.05540679,NS
ENSG00000068912,ERLEC1,0.022068277,0.66284065,NS
ENSG00000068971,PPP2R5B,-0.003146467,0.962107072,NS
ENSG00000068976,PYGM,0.003417515,NA,NS
ENSG00000068985,PAGE1,-0.062552697,0.176236348,NS
ENSG00000069011,PITX1,-0.004889722,0.930852224,NS
ENSG00000069020,MAST4,-0.000465037,0.99512713,NS
ENSG00000069206,ADAM7,-0.090892619,0.028858143,NS
ENSG00000069248,NUP133,0.018256243,0.670969295,NS
ENSG00000069275,NUCKS1,-0.037756186,0.333825998,NS
ENSG00000069329,VPS35,0.029116564,0.480718557,NS
ENSG00000069345,DNAJA2,-0.012673161,0.787694878,NS
ENSG00000069399,BCL3,-0.001145593,0.986609845,NS
ENSG00000069424,KCNAB2,0.148421908,0.000287439,NS
ENSG00000069431,ABCC9,-0.00775376,NA,NS
ENSG00000069482,GAL,-0.064396975,0.116729225,NS
ENSG00000069493,CLEC2D,-0.001357148,NA,NS
ENSG00000069667,RORA,-0.018817602,NA,NS
ENSG00000069702,TGFBR3,0.051701808,0.25912722,NS
ENSG00000069812,HES2,-0.010048628,NA,NS
ENSG00000069849,ATP1B3,0.060817947,0.068590832,NS
ENSG00000069869,NEDD4,0.063061203,0.172016239,NS
ENSG00000069943,PIGB,0.019803787,0.722426367,NS
ENSG00000069956,MAPK6,0.053149955,0.152463682,NS
ENSG00000069966,GNB5,0.037786402,0.436477607,NS
ENSG00000069974,RAB27A,-0.032306381,0.509666623,NS
ENSG00000069998,HDHD5,-0.041967297,0.322812564,NS
ENSG00000070010,UFD1,-0.081288709,0.032790306,NS
ENSG00000070018,LRP6,0.03484892,0.480718557,NS
ENSG00000070047,PHRF1,-0.027025121,0.509146103,NS
ENSG00000070061,ELP1,0.039594251,0.393396666,NS
ENSG00000070081,NUCB2,-0.012820303,0.815682395,NS
ENSG00000070087,PFN2,0.002030775,0.969799601,NS
ENSG00000070159,PTPN3,0.072141516,0.082269596,NS
ENSG00000070182,SPTB,-0.043661224,NA,NS
ENSG00000070214,SLC44A1,0.034251064,0.44400698,NS
ENSG00000070269,TMEM260,0.020332878,0.710904041,NS
ENSG00000070366,SMG6,0.046693023,0.288943828,NS
ENSG00000070367,EXOC5,0.057892746,0.187550072,NS
ENSG00000070371,CLTCL1,0.033908006,NA,NS
ENSG00000070388,FGF22,0.000234907,NA,NS
ENSG00000070404,FSTL3,-0.006161887,0.917725601,NS
ENSG00000070413,DGCR2,-0.03618394,0.339221652,NS
ENSG00000070423,RNF126,-0.035778518,0.418896454,NS
ENSG00000070444,MNT,0.02930737,0.554255902,NS
ENSG00000070476,ZXDC,0.00837941,0.89512801,NS
ENSG00000070495,JMJD6,0.009428895,0.873056548,NS
ENSG00000070501,POLB,-0.038905852,0.415670509,NS
ENSG00000070526,ST6GALNAC1,-0.124223923,0.001290926,NS
ENSG00000070540,WIPI1,0.010315509,0.860762768,NS
ENSG00000070601,FRMPD1,0.082507176,NA,NS
ENSG00000070610,GBA2,0.036936891,0.357125707,NS
ENSG00000070614,NDST1,-0.014886876,0.753753673,NS
ENSG00000070669,ASNS,-0.093281146,0.002108451,NS
ENSG00000070718,AP3M2,0.036304821,0.432180703,NS
ENSG00000070731,ST6GALNAC2,-0.007869927,NA,NS
ENSG00000070756,PABPC1,-0.040302276,0.331587026,NS
ENSG00000070759,TESK2,0.073919344,0.107016318,NS
ENSG00000070761,CFAP20,-0.059647373,0.171606653,NS
ENSG00000070770,CSNK2A2,0.033549052,0.467669636,NS
ENSG00000070778,PTPN21,-0.008165065,0.896744199,NS
ENSG00000070785,EIF2B3,-0.051072771,0.256742629,NS
ENSG00000070814,TCOF1,-0.056830921,0.18508973,NS
ENSG00000070831,CDC42,-0.01056967,0.847799297,NS
ENSG00000070882,OSBPL3,0.043587977,0.343141928,NS
ENSG00000070886,EPHA8,0.002514564,NA,NS
ENSG00000070950,RAD18,0.014586085,0.795272591,NS
ENSG00000070961,ATP2B1,0.094386148,0.014202335,NS
ENSG00000071051,NCK2,0.005373788,0.935955115,NS
ENSG00000071054,MAP4K4,0.05281756,0.157812382,NS
ENSG00000071073,MGAT4A,0.041383201,NA,NS
ENSG00000071082,RPL31,-0.021433624,0.690790406,NS
ENSG00000071127,WDR1,-0.013507395,0.749129685,NS
ENSG00000071189,SNX13,0.074657641,0.048640038,NS
ENSG00000071205,ARHGAP10,0.069477815,0.110327164,NS
ENSG00000071242,RPS6KA2,-0.009260812,0.873258641,NS
ENSG00000071243,ING3,-0.010977016,0.858266736,NS
ENSG00000071246,VASH1,0.039651231,NA,NS
ENSG00000071462,BUD23,-0.031296412,0.458602961,NS
ENSG00000071537,SEL1L,0.039150007,0.38257575,NS
ENSG00000071539,TRIP13,-0.036442001,0.352320544,NS
ENSG00000071553,ATP6AP1,0.023929958,0.555602472,NS
ENSG00000071564,TCF3,-0.031279447,0.419210097,NS
ENSG00000071575,TRIB2,-0.044938621,NA,NS
ENSG00000071626,DAZAP1,-0.036950571,0.299271926,NS
ENSG00000071655,MBD3,-0.061196301,0.081371682,NS
ENSG00000071794,HLTF,0.00018244,0.998368771,NS
ENSG00000071859,FAM50A,-0.015438337,0.765977382,NS
ENSG00000071889,FAM3A,-0.107621631,0.005661636,NS
ENSG00000071894,CPSF1,0.006420704,0.91686614,NS
ENSG00000071994,PDCD2,0.012556949,0.791596469,NS
ENSG00000072042,RDH11,0.224485271,2.87E-14,NS
ENSG00000072062,PRKACA,-0.037209519,0.336680911,NS
ENSG00000072071,ADGRL1,0.045007996,0.187002455,NS
ENSG00000072110,ACTN1,0.050326456,0.177116313,NS
ENSG00000072121,ZFYVE26,0.063715935,0.161848577,NS
ENSG00000072133,RPS6KA6,0.066613961,0.121645993,NS
ENSG00000072134,EPN2,0.034555829,0.444159199,NS
ENSG00000072135,PTPN18,-0.000513226,0.9936502,NS
ENSG00000072210,ALDH3A2,0.010183632,0.829713136,NS
ENSG00000072274,TFRC,0.229112451,3.29E-11,NS
ENSG00000072310,SREBF1,0.134018423,8.42E-07,NS
ENSG00000072364,AFF4,0.117497301,0.007247047,NS
ENSG00000072401,UBE2D1,-0.016914034,0.750828679,NS
ENSG00000072415,PALS1,0.087290129,0.018893249,NS
ENSG00000072422,RHOBTB1,-0.004626185,NA,NS
ENSG00000072501,SMC1A,0.007893444,0.892588141,NS
ENSG00000072506,HSD17B10,-0.087449124,0.027470989,NS
ENSG00000072518,MARK2,0.011728122,0.819423207,NS
ENSG00000072571,HMMR,-0.062385818,0.082934751,NS
ENSG00000072609,CHFR,0.021596835,0.690090545,NS
ENSG00000072682,P4HA2,-0.025705627,0.615764035,NS
ENSG00000072736,NFATC3,0.008013693,0.89512801,NS
ENSG00000072756,TRNT1,0.112558085,0.004859118,NS
ENSG00000072778,ACADVL,-0.08538576,0.004296915,NS
ENSG00000072786,STK10,0.013741976,0.818387083,NS
ENSG00000072803,FBXW11,0.036365292,0.385786367,NS
ENSG00000072840,EVC,0.071910992,0.117131455,NS
ENSG00000072849,DERL2,0.021013414,0.669555982,NS
ENSG00000072858,SIDT1,0.018320534,NA,NS
ENSG00000072864,NDE1,-0.020681332,0.702128835,NS
ENSG00000072954,TMEM38A,0.036151436,NA,NS
ENSG00000072958,AP1M1,-0.043409391,0.330992005,NS
ENSG00000073008,PVR,0.021102554,0.658417168,NS
ENSG00000073050,XRCC1,-0.078730713,0.081237999,NS
ENSG00000073060,SCARB1,0.095693446,0.003045127,NS
ENSG00000073111,MCM2,-0.015481982,0.732683914,NS
ENSG00000073146,MOV10L1,-0.027600055,NA,NS
ENSG00000073150,PANX2,-0.008461466,0.893002941,NS
ENSG00000073169,SELENOO,-0.072846115,0.106745076,NS
ENSG00000073331,ALPK1,0.025070654,NA,NS
ENSG00000073350,LLGL2,-0.002166455,0.97140554,NS
ENSG00000073417,PDE8A,0.072642994,0.10462475,NS
ENSG00000073464,CLCN4,0.032936894,0.506625746,NS
ENSG00000073536,NLE1,-0.008171864,0.886388851,NS
ENSG00000073578,SDHA,-0.070530496,0.028527019,NS
ENSG00000073584,SMARCE1,-0.013623647,0.757393876,NS
ENSG00000073605,GSDMB,0.011241603,NA,NS
ENSG00000073614,KDM5A,0.047802348,0.291017933,NS
ENSG00000073670,ADAM11,0.018566259,0.716644828,NS
ENSG00000073711,PPP2R3A,0.064030483,0.164549293,NS
ENSG00000073712,FERMT2,0.011811832,0.844715975,NS
ENSG00000073734,ABCB11,0.006718493,NA,NS
ENSG00000073803,MAP3K13,-0.044637631,0.270504458,NS
ENSG00000073849,ST6GAL1,0.027300499,0.559813054,NS
ENSG00000073905,VDAC1P1,-0.005049334,NA,NS
ENSG00000073910,FRY,0.04886845,0.284612538,NS
ENSG00000073921,PICALM,0.017920514,0.680878571,NS
ENSG00000073969,NSF,0.024299302,0.609935329,NS
ENSG00000074054,CLASP1,0.042680937,0.360408472,NS
ENSG00000074071,MRPS34,-0.081718679,0.042468247,NS
ENSG00000074181,NOTCH3,0.02957124,0.551887372,NS
ENSG00000074201,CLNS1A,0.014523278,0.756708012,NS
ENSG00000074211,PPP2R2C,0.076947065,0.068338691,NS
ENSG00000074219,TEAD2,-0.040260087,NA,NS
ENSG00000074266,EED,-0.019318528,0.717524624,NS
ENSG00000074317,SNCB,0.00383402,NA,NS
ENSG00000074319,TSG101,0.004754691,0.940314665,NS
ENSG00000074356,NCBP3,0.001491055,0.98179793,NS
ENSG00000074410,CA12,0.084109342,0.036391568,NS
ENSG00000074416,MGLL,0.039435995,0.417027216,NS
ENSG00000074527,NTN4,-0.02005156,NA,NS
ENSG00000074582,BCS1L,-0.038902122,0.383872398,NS
ENSG00000074590,NUAK1,-0.006095369,0.925330229,NS
ENSG00000074603,DPP8,0.054811663,0.239558662,NS
ENSG00000074621,SLC24A1,0.00681532,0.914755041,NS
ENSG00000074657,ZNF532,0.070844418,0.111397315,NS
ENSG00000074660,SCARF1,0.010126017,NA,NS
ENSG00000074695,LMAN1,0.040289199,0.27035521,NS
ENSG00000074696,HACD3,0.037906441,0.284028127,NS
ENSG00000074706,IPCEF1,-0.000753704,NA,NS
ENSG00000074755,ZZEF1,0.054826183,0.226264114,NS
ENSG00000074800,ENO1,-0.041015993,0.267332285,NS
ENSG00000074842,MYDGF,-0.02642874,0.556220845,NS
ENSG00000074855,ANO8,0.002515668,0.966483505,NS
ENSG00000074935,TUBE1,-0.020066765,0.713739328,NS
ENSG00000074964,ARHGEF10L,0.005255469,0.936048259,NS
ENSG00000074966,TXK,0.009814873,NA,NS
ENSG00000075043,KCNQ2,0.002110046,NA,NS
ENSG00000075089,ACTR6,0.023533104,0.635550208,NS
ENSG00000075131,TIPIN,0.018713772,0.729681353,NS
ENSG00000075142,SRI,-0.036177332,0.436129583,NS
ENSG00000075151,EIF4G3,0.068812552,0.113186364,NS
ENSG00000075188,NUP37,-0.052255398,0.240761655,NS
ENSG00000075218,GTSE1,-0.123218512,0.000877857,NS
ENSG00000075223,SEMA3C,0.233453069,3.87E-06,NS
ENSG00000075234,TTC38,0.013640264,0.814668552,NS
ENSG00000075239,ACAT1,0.023230857,0.55802124,NS
ENSG00000075240,GRAMD4,0.042738276,0.372554374,NS
ENSG00000075275,CELSR1,0.036238046,0.457992871,NS
ENSG00000075290,WNT8B,0.056391413,NA,NS
ENSG00000075292,ZNF638,0.037548204,0.393926922,NS
ENSG00000075303,SLC25A40,-0.013394939,0.813302571,NS
ENSG00000075336,TIMM21,-0.006255001,0.909215664,NS
ENSG00000075340,ADD2,0.006448509,NA,NS
ENSG00000075391,RASAL2,0.071991158,0.110251681,NS
ENSG00000075399,VPS9D1,0.007040561,NA,NS
ENSG00000075407,ZNF37A,0.073994317,0.104542487,NS
ENSG00000075413,MARK3,0.035186654,0.395584905,NS
ENSG00000075415,SLC25A3,-0.017773652,0.66344297,NS
ENSG00000075420,FNDC3B,0.049925319,0.283853884,NS
ENSG00000075426,FOSL2,0.020122776,0.710709658,NS
ENSG00000075461,CACNG4,0.005499284,NA,NS
ENSG00000075539,FRYL,0.017383551,0.758612883,NS
ENSG00000075568,TMEM131,0.096887905,0.015789499,NS
ENSG00000075618,FSCN1,0.017588007,0.756708012,NS
ENSG00000075624,ACTB,-0.052643988,0.089486931,NS
ENSG00000075643,MOCOS,-0.064306486,0.085723252,NS
ENSG00000075673,ATP12A,0.007154757,NA,NS
ENSG00000075702,WDR62,-0.030315564,0.546029308,NS
ENSG00000075711,DLG1,0.031374998,0.499452015,NS
ENSG00000075785,RAB7A,0.100719637,0.000934326,NS
ENSG00000075790,BCAP29,-0.079032131,0.056595275,NS
ENSG00000075826,SEC31B,-0.012386901,NA,NS
ENSG00000075856,SART3,-0.006628637,0.901198792,NS
ENSG00000075886,TUBA3D,-0.151395465,0.00853258,NS
ENSG00000075891,PAX2,0.00469881,NA,NS
ENSG00000075914,EXOSC7,-0.015110273,0.776757538,NS
ENSG00000075945,KIFAP3,0.041962682,0.351328475,NS
ENSG00000075975,MKRN2,-0.016665729,0.757212868,NS
ENSG00000076003,MCM6,0.059151267,0.093446719,NS
ENSG00000076043,REXO2,-0.004668685,0.939659463,NS
ENSG00000076053,RBM7,0.0096182,0.878712456,NS
ENSG00000076067,RBMS2,0.014961486,0.799362899,NS
ENSG00000076108,BAZ2A,0.060557206,0.153171838,NS
ENSG00000076201,PTPN23,0.058114468,0.143673475,NS
ENSG00000076242,MLH1,-0.058090474,0.110875469,NS
ENSG00000076248,UNG,-0.024598798,0.522264567,NS
ENSG00000076258,FMO4,0.029716012,NA,NS
ENSG00000076321,KLHL20,0.008599319,0.883974391,NS
ENSG00000076351,SLC46A1,0.009498812,0.858266736,NS
ENSG00000076356,PLXNA2,0.023557509,NA,NS
ENSG00000076382,SPAG5,-0.08152249,0.027876472,NS
ENSG00000076513,ANKRD13A,0.021792822,0.68487862,NS
ENSG00000076554,TPD52,-0.026531605,0.469612927,NS
ENSG00000076555,ACACB,0.038631573,0.410506087,NS
ENSG00000076604,TRAF4,0.010740827,0.833116316,NS
ENSG00000076641,PAG1,0.056985311,0.213404431,NS
ENSG00000076650,GPATCH1,0.007564766,0.905219195,NS
ENSG00000076662,ICAM3,-0.060296123,0.193599604,NS
ENSG00000076685,NT5C2,0.058779528,0.118332928,NS
ENSG00000076716,GPC4,0.014241953,0.810013547,NS
ENSG00000076770,MBNL3,0.083467232,0.068712741,NS
ENSG00000076826,CAMSAP3,-0.039743814,0.382510122,NS
ENSG00000076864,RAP1GAP,0.011483947,0.847799297,NS
ENSG00000076924,XAB2,-0.073023327,0.053835623,NS
ENSG00000076928,ARHGEF1,-0.054273149,0.222977297,NS
ENSG00000076944,STXBP2,-0.01766919,0.715068506,NS
ENSG00000076984,MAP2K7,-0.05227922,0.225250808,NS
ENSG00000077044,DGKD,0.064586962,0.150610263,NS
ENSG00000077063,CTTNBP2,0.019391304,NA,NS
ENSG00000077092,RARB,-0.110432979,0.025070694,NS
ENSG00000077097,TOP2B,0.045907673,0.2730099,NS
ENSG00000077147,TM9SF3,0.058298658,0.118647681,NS
ENSG00000077150,NFKB2,-0.022647193,0.662774284,NS
ENSG00000077152,UBE2T,-0.052094927,0.217164351,NS
ENSG00000077157,PPP1R12B,0.098184261,0.03123498,NS
ENSG00000077232,DNAJC10,0.020499821,0.661370874,NS
ENSG00000077235,GTF3C1,0.067985932,0.108823839,NS
ENSG00000077238,IL4R,-0.009354145,NA,NS
ENSG00000077254,USP33,0.046811586,0.273210709,NS
ENSG00000077264,PAK3,0.007780089,NA,NS
ENSG00000077274,CAPN6,0.004491544,NA,NS
ENSG00000077312,SNRPA,-0.087355218,0.012901429,NS
ENSG00000077348,EXOSC5,-0.057603042,0.216563372,NS
ENSG00000077380,DYNC1I2,0.00902509,0.866040067,NS
ENSG00000077454,LRCH4,-0.038591521,0.41245787,NS
ENSG00000077458,FAM76B,0.031412926,0.52988375,NS
ENSG00000077463,SIRT6,-0.044815025,0.344050367,NS
ENSG00000077514,POLD3,-0.01106567,0.852248587,NS
ENSG00000077549,CAPZB,-0.063946593,0.060643546,NS
ENSG00000077585,GPR137B,0.059034568,0.200907054,NS
ENSG00000077616,NAALAD2,0.022898568,NA,NS
ENSG00000077684,JADE1,-0.06556571,0.146824805,NS
ENSG00000077721,UBE2A,0.004172316,0.943676564,NS
ENSG00000077782,FGFR1,-0.027013753,0.589922413,NS
ENSG00000077942,FBLN1,-0.006583778,NA,NS
ENSG00000077943,ITGA8,0.004064714,NA,NS
ENSG00000078018,MAP2,-0.034203556,0.484620194,NS
ENSG00000078043,PIAS2,0.064286672,0.119892252,NS
ENSG00000078061,ARAF,-0.06411584,0.112226473,NS
ENSG00000078070,MCCC1,0.039999188,0.275996232,NS
ENSG00000078114,NEBL,0.104225204,0.020435816,NS
ENSG00000078124,ACER3,0.031538339,0.519004248,NS
ENSG00000078140,UBE2K,0.019562848,0.636643673,NS
ENSG00000078142,PIK3C3,0.057808864,0.197856446,NS
ENSG00000078177,N4BP2,0.051888528,0.266934974,NS
ENSG00000078237,TIGAR,0.010426951,0.865013508,NS
ENSG00000078246,TULP3,0.020344734,0.701433476,NS
ENSG00000078269,SYNJ2,-0.00381253,NA,NS
ENSG00000078304,PPP2R5C,0.018877685,0.643249859,NS
ENSG00000078369,GNB1,0.046889854,0.112107474,NS
ENSG00000078399,HOXA9,0.010627376,NA,NS
ENSG00000078403,MLLT10,0.055145113,0.239558662,NS
ENSG00000078487,ZCWPW1,-0.003847789,NA,NS
ENSG00000078596,ITM2A,0.004853091,NA,NS
ENSG00000078618,NRDC,0.015092543,0.721867871,NS
ENSG00000078668,VDAC3,-0.027977299,0.468535286,NS
ENSG00000078674,PCM1,0.055398079,0.185482858,NS
ENSG00000078687,TNRC6C,0.002448836,0.968746607,NS
ENSG00000078699,CBFA2T2,0.116659117,0.005710016,NS
ENSG00000078725,BRINP1,-0.049505315,0.282394875,NS
ENSG00000078747,ITCH,0.053311325,0.23284001,NS
ENSG00000078795,PKD2L2,-0.000714271,NA,NS
ENSG00000078804,TP53INP2,0.017006607,0.760243105,NS
ENSG00000078808,SDF4,-0.034697928,0.368944384,NS
ENSG00000078900,TP73,0.020788814,0.683988451,NS
ENSG00000078902,TOLLIP,0.064607895,0.08153709,NS
ENSG00000078967,UBE2D4,0.001659142,0.978818259,NS
ENSG00000079101,CLUL1,0.020518952,NA,NS
ENSG00000079134,THOC1,-0.032190615,0.497282118,NS
ENSG00000079150,FKBP7,-0.018202253,NA,NS
ENSG00000079156,OSBPL6,-0.021774761,0.660255741,NS
ENSG00000079215,SLC1A3,-0.0043568,NA,NS
ENSG00000079246,XRCC5,-0.018278788,0.659039348,NS
ENSG00000079277,MKNK1,0.003279781,0.961057368,NS
ENSG00000079308,TNS1,0.004201622,NA,NS
ENSG00000079313,REXO1,-0.005674368,0.930852224,NS
ENSG00000079332,SAR1A,0.02714318,0.468940898,NS
ENSG00000079335,CDC14A,-0.000364929,0.996047709,NS
ENSG00000079337,RAPGEF3,0.02571535,NA,NS
ENSG00000079385,CEACAM1,0.004360194,NA,NS
ENSG00000079387,SENP1,0.034242004,0.483759486,NS
ENSG00000079432,CIC,0.026207244,0.586205085,NS
ENSG00000079459,FDFT1,0.117708528,0.000887461,NS
ENSG00000079462,PAFAH1B3,-0.068313276,0.107835376,NS
ENSG00000079482,OPHN1,0.030584518,0.541295131,NS
ENSG00000079616,KIF22,-0.238641446,2.82E-16,NS
ENSG00000079691,CARMIL1,-0.045444016,0.334750261,NS
ENSG00000079739,PGM1,0.053702451,0.210586873,NS
ENSG00000079785,DDX1,0.010832725,0.819894565,NS
ENSG00000079805,DNM2,-0.007840174,0.881271319,NS
ENSG00000079819,EPB41L2,-0.017705729,0.755845905,NS
ENSG00000079841,RIMS1,-0.025793811,0.599437735,NS
ENSG00000079950,STX7,0.091948191,0.032791972,NS
ENSG00000079974,RABL2B,-0.020489629,0.706046348,NS
ENSG00000079999,KEAP1,-0.061963628,0.081734236,NS
ENSG00000080007,DDX43,0.031499993,0.509666623,NS
ENSG00000080189,SLC35C2,-0.014888114,0.787745281,NS
ENSG00000080200,CRYBG3,0.057725998,0.215437804,NS
ENSG00000080224,EPHA6,0.027887399,0.587726558,NS
ENSG00000080298,RFX3,0.004420316,0.941215227,NS
ENSG00000080345,RIF1,0.075220307,0.083570941,NS
ENSG00000080371,RAB21,0.033571037,0.433608654,NS
ENSG00000080493,SLC4A4,0.062715962,0.156742016,NS
ENSG00000080503,SMARCA2,0.017849744,0.714459524,NS
ENSG00000080546,SESN1,0.068689648,0.088236855,NS
ENSG00000080561,MID2,0.042176164,0.366268588,NS
ENSG00000080603,SRCAP,0.050086638,0.256886386,NS
ENSG00000080608,PUM3,-0.050000504,0.249297659,NS
ENSG00000080644,CHRNA3,-0.001685488,NA,NS
ENSG00000080709,KCNN2,0.213093275,5.80E-10,NS
ENSG00000080802,CNOT4,0.017453939,0.756708012,NS
ENSG00000080815,PSEN1,0.01991035,0.670285175,NS
ENSG00000080819,CPOX,-0.020564185,0.689697788,NS
ENSG00000080822,CLDND1,0.031071851,0.487993823,NS
ENSG00000080823,MOK,-0.022744587,NA,NS
ENSG00000080824,HSP90AA1,-0.039676994,0.334782186,NS
ENSG00000080839,RBL1,0.045874302,0.330755677,NS
ENSG00000080845,DLGAP4,-0.021076983,0.68232449,NS
ENSG00000080854,IGSF9B,0.04902127,0.299738846,NS
ENSG00000080986,NDC80,-0.0385518,0.325253129,NS
ENSG00000081014,AP4E1,0.043619017,0.355215511,NS
ENSG00000081019,RSBN1,0.03317415,0.503176886,NS
ENSG00000081026,MAGI3,0.09111299,0.041342609,NS
ENSG00000081059,TCF7,0.004083238,NA,NS
ENSG00000081087,OSTM1,0.096251311,0.016716312,NS
ENSG00000081138,CDH7,0.039031045,NA,NS
ENSG00000081154,PCNP,-0.008257783,0.859820774,NS
ENSG00000081177,EXD2,0.028178438,0.541295131,NS
ENSG00000081181,ARG2,0.118159676,0.005396805,NS
ENSG00000081277,PKP1,0.054378624,0.229082516,NS
ENSG00000081307,UBA5,0.003917991,0.949882631,NS
ENSG00000081320,STK17B,-0.007592429,0.905791492,NS
ENSG00000081377,CDC14B,0.025215511,0.635718404,NS
ENSG00000081386,ZNF510,0.05038605,0.284995156,NS
ENSG00000081665,ZNF506,-0.014864538,0.801344297,NS
ENSG00000081692,JMJD4,-0.045683729,0.256269182,NS
ENSG00000081721,DUSP12,-0.010390916,0.865777781,NS
ENSG00000081760,AACS,-0.005822394,0.92119953,NS
ENSG00000081791,DELE1,0.008295074,0.887379163,NS
ENSG00000081803,CADPS2,-0.019521554,0.666251377,NS
ENSG00000081818,PCDHB4,0.001198449,NA,NS
ENSG00000081853,PCDHGA2,0.014487174,NA,NS
ENSG00000081870,IFT25,-0.060815841,0.158318075,NS
ENSG00000081913,PHLPP1,0.033836682,0.47419513,NS
ENSG00000081923,ATP8B1,0.058470788,0.188897403,NS
ENSG00000082014,SMARCD3,0.004782768,NA,NS
ENSG00000082068,WDR70,-0.058612018,0.1546206,NS
ENSG00000082146,STRADB,0.012696203,0.817264059,NS
ENSG00000082153,BZW1,0.027065209,0.46075475,NS
ENSG00000082196,C1QTNF3,-0.014672729,NA,NS
ENSG00000082212,ME2,0.02802325,0.524144317,NS
ENSG00000082213,C5orf22,0.079123572,0.038356442,NS
ENSG00000082258,CCNT2,0.089535247,0.043833854,NS
ENSG00000082269,FAM135A,0.004311685,0.949281937,NS
ENSG00000082397,EPB41L3,-0.006054882,NA,NS
ENSG00000082438,COBLL1,0.229772052,2.02E-06,NS
ENSG00000082458,DLG3,0.004380919,0.940721594,NS
ENSG00000082497,SERTAD4,-0.020577758,NA,NS
ENSG00000082512,TRAF5,0.055829948,NA,NS
ENSG00000082515,MRPL22,-0.042135862,0.376675793,NS
ENSG00000082516,GEMIN5,0.038920724,0.397406756,NS
ENSG00000082556,OPRK1,0.055971116,NA,NS
ENSG00000082641,NFE2L1,0.022513084,0.562254846,NS
ENSG00000082701,GSK3B,0.073164599,0.051127717,NS
ENSG00000082781,ITGB5,0.007123546,0.891986217,NS
ENSG00000082805,ERC1,0.063541689,0.165069569,NS
ENSG00000082898,XPO1,0.058094856,0.125199312,NS
ENSG00000082996,RNF13,0.049799937,0.25912722,NS
ENSG00000083093,PALB2,0.050344986,0.287262552,NS
ENSG00000083097,DOP1A,0.082117191,0.077806337,NS
ENSG00000083099,LYRM2,0.020017954,0.695363801,NS
ENSG00000083123,BCKDHB,0.021654514,0.688569416,NS
ENSG00000083168,KAT6A,0.08514377,0.048651203,NS
ENSG00000083223,TUT7,0.015568862,0.788976876,NS
ENSG00000083290,ULK2,0.028867588,0.565641171,NS
ENSG00000083307,GRHL2,0.039627756,0.367666212,NS
ENSG00000083312,TNPO1,0.066999518,0.084292994,NS
ENSG00000083444,PLOD1,0.000155995,0.998368771,NS
ENSG00000083454,P2RX5,-0.004199025,NA,NS
ENSG00000083457,ITGAE,-0.051109872,0.265839858,NS
ENSG00000083520,DIS3,0.062623115,0.17153495,NS
ENSG00000083535,PIBF1,0.003058131,NA,NS
ENSG00000083544,TDRD3,0.00969082,0.877207097,NS
ENSG00000083635,NUFIP1,0.010974571,0.858188344,NS
ENSG00000083642,PDS5B,0.036627676,0.442824685,NS
ENSG00000083720,OXCT1,0.035823616,0.313078771,NS
ENSG00000083750,RRAGB,0.039865068,0.391026339,NS
ENSG00000083799,CYLD,0.061779363,0.168887846,NS
ENSG00000083807,SLC27A5,-0.039760334,0.411902639,NS
ENSG00000083812,ZNF324,-0.02869579,0.566349586,NS
ENSG00000083814,ZNF671,-0.009598009,NA,NS
ENSG00000083817,ZNF416,0.008599474,0.884113679,NS
ENSG00000083828,ZNF586,0.004382709,0.948675007,NS
ENSG00000083838,ZNF446,-0.048158812,0.310776483,NS
ENSG00000083844,ZNF264,-0.013247388,0.825031315,NS
ENSG00000083845,RPS5,-0.054648283,0.19958827,NS
ENSG00000083857,FAT1,0.045352161,0.316395885,NS
ENSG00000083896,YTHDC1,-0.017898026,0.702717346,NS
ENSG00000083937,CHMP2B,0.037713563,0.371943322,NS
ENSG00000084070,SMAP2,0.033510743,0.421048107,NS
ENSG00000084072,PPIE,-0.04365573,0.322138765,NS
ENSG00000084073,ZMPSTE24,0.044369189,0.28347198,NS
ENSG00000084090,STARD7,0.020319293,0.635550208,NS
ENSG00000084092,NOA1,-0.001461495,0.981505676,NS
ENSG00000084093,REST,0.04708572,0.316279192,NS
ENSG00000084112,SSH1,0.076434691,0.067513451,NS
ENSG00000084234,APLP2,0.023595328,0.475314242,NS
ENSG00000084444,FAM234B,0.014231957,0.776757538,NS
ENSG00000084463,WBP11,0.012347602,0.787745281,NS
ENSG00000084623,EIF3I,-0.039893677,0.272740581,NS
ENSG00000084628,NKAIN1,-0.017689187,NA,NS
ENSG00000084636,COL16A1,-0.003081456,NA,NS
ENSG00000084652,TXLNA,0.037003597,0.39379816,NS
ENSG00000084676,NCOA1,0.049452978,0.248600169,NS
ENSG00000084693,AGBL5,0.001402813,0.982627348,NS
ENSG00000084710,EFR3B,-0.008014723,NA,NS
ENSG00000084731,KIF3C,0.06794947,0.138240671,NS
ENSG00000084733,RAB10,0.106008999,0.000401321,NS
ENSG00000084734,GCKR,-0.009220434,NA,NS
ENSG00000084754,HADHA,0.004751499,0.928903595,NS
ENSG00000084764,MAPRE3,-0.013653473,0.819299099,NS
ENSG00000084774,CAD,0.068291749,0.111397315,NS
ENSG00000085063,CD59,0.02615088,0.565641171,NS
ENSG00000085117,CD82,0.022022311,0.65580288,NS
ENSG00000085185,BCORL1,0.077394383,0.093153857,NS
ENSG00000085224,ATRX,0.048735846,0.284676696,NS
ENSG00000085231,AK6,-0.014832009,0.787683532,NS
ENSG00000085274,MYNN,0.052911102,0.252336407,NS
ENSG00000085276,MECOM,0.00194507,NA,NS
ENSG00000085365,SCAMP1,0.047209535,0.234896327,NS
ENSG00000085377,PREP,0.03930714,0.386021299,NS
ENSG00000085382,HACE1,0.01749813,0.748197694,NS
ENSG00000085415,SEH1L,0.002270579,0.968159844,NS
ENSG00000085433,WDR47,0.024702433,0.64313181,NS
ENSG00000085449,WDFY1,0.035100641,0.44561082,NS
ENSG00000085465,OVGP1,0.002616773,0.967187402,NS
ENSG00000085491,SLC25A24,0.038629319,0.418005175,NS
ENSG00000085511,MAP3K4,0.009192454,0.883540452,NS
ENSG00000085552,IGSF9,0.032259694,0.485941117,NS
ENSG00000085644,ZNF213,-0.009087304,0.884873601,NS
ENSG00000085719,CPNE3,0.096769728,0.013225396,NS
ENSG00000085721,RRN3,0.038256055,0.372883523,NS
ENSG00000085733,CTTN,-0.012214584,0.794286393,NS
ENSG00000085760,MTIF2,-0.012089304,0.82686355,NS
ENSG00000085788,DDHD2,0.038031378,0.394598725,NS
ENSG00000085831,TTC39A,0.087861842,0.051917885,NS
ENSG00000085832,EPS15,0.012038823,0.819894565,NS
ENSG00000085840,ORC1,-0.064217397,0.124075633,NS
ENSG00000085871,MGST2,-0.076125338,0.068044661,NS
ENSG00000085872,CHERP,0.034666981,0.387563749,NS
ENSG00000085978,ATG16L1,0.009300722,0.880604091,NS
ENSG00000085982,USP40,0.015939502,0.759258398,NS
ENSG00000085998,POMGNT1,-0.036674855,0.305943074,NS
ENSG00000085999,RAD54L,-0.027117818,0.572643189,NS
ENSG00000086015,MAST2,-0.009957241,0.865777781,NS
ENSG00000086061,DNAJA1,0.006803815,0.88516258,NS
ENSG00000086062,B4GALT1,-0.043007725,0.23168476,NS
ENSG00000086065,CHMP5,-0.027340753,0.522305701,NS
ENSG00000086102,NFX1,0.0310251,0.465641766,NS
ENSG00000086159,AQP6,0.001731675,NA,NS
ENSG00000086189,DIMT1,0.041357028,0.31399349,NS
ENSG00000086200,IPO11,0.014845813,0.782876366,NS
ENSG00000086205,FOLH1,0.098986694,0.000241515,NS
ENSG00000086232,EIF2AK1,0.055970824,0.09599829,NS
ENSG00000086289,EPDR1,-0.006942135,0.913723123,NS
ENSG00000086300,SNX10,0.045343439,0.337822683,NS
ENSG00000086475,SEPHS1,-0.010101255,0.834386887,NS
ENSG00000086504,MRPL28,-0.121309009,0.002350871,NS
ENSG00000086506,HBQ1,-0.008003326,NA,NS
ENSG00000086544,ITPKC,-0.025180654,0.636084939,NS
ENSG00000086570,FAT2,0.003552647,NA,NS
ENSG00000086589,RBM22,0.014013267,0.791539513,NS
ENSG00000086598,TMED2,0.014043268,0.70886345,NS
ENSG00000086619,ERO1B,0.036665937,0.449981298,NS
ENSG00000086666,ZFAND6,0.018298009,0.718649464,NS
ENSG00000086712,TXLNG,0.001361333,0.982823791,NS
ENSG00000086717,PPEF1,-0.004780789,NA,NS
ENSG00000086730,LAT2,-0.041373016,NA,NS
ENSG00000086758,HUWE1,0.045376259,0.314796009,NS
ENSG00000086827,ZW10,-0.012984897,0.814288636,NS
ENSG00000086848,ALG9,0.003268086,0.959496083,NS
ENSG00000087008,ACOX3,0.014894533,0.799468242,NS
ENSG00000087053,MTMR2,0.019316387,0.703941596,NS
ENSG00000087074,PPP1R15A,0.051719851,0.233116396,NS
ENSG00000087076,HSD17B14,0.019504599,NA,NS
ENSG00000087077,TRIP6,-0.00338959,NA,NS
ENSG00000087085,ACHE,-0.009666222,NA,NS
ENSG00000087086,FTL,0.05146042,0.266437518,NS
ENSG00000087087,SRRT,-0.051075119,0.121127805,NS
ENSG00000087088,BAX,-0.019901903,0.718773372,NS
ENSG00000087095,NLK,-0.009873734,0.874227645,NS
ENSG00000087111,PIGS,-0.009760969,0.851485741,NS
ENSG00000087128,TMPRSS11E,0.023361862,NA,NS
ENSG00000087152,ATXN7L3,-0.057574404,0.181033619,NS
ENSG00000087157,PGS1,-0.059336858,0.200907054,NS
ENSG00000087191,PSMC5,-0.106344384,0.000523076,NS
ENSG00000087206,UIMC1,-0.016951064,0.761857094,NS
ENSG00000087253,LPCAT2,-0.001410994,NA,NS
ENSG00000087258,GNAO1,0.033998067,NA,NS
ENSG00000087263,OGFOD1,0.029451018,0.498002053,NS
ENSG00000087266,SH3BP2,-0.013611194,0.812788556,NS
ENSG00000087269,NOP14,0.038583047,0.329907473,NS
ENSG00000087274,ADD1,0.012851106,0.776951971,NS
ENSG00000087299,L2HGDH,0.032221946,0.478006825,NS
ENSG00000087301,TXNDC16,0.04889493,0.29884709,NS
ENSG00000087302,RTRAF,-0.057119613,0.167011817,NS
ENSG00000087338,GMCL1,0.064906757,0.133111553,NS
ENSG00000087365,SF3B2,-0.035511671,0.310402711,NS
ENSG00000087448,KLHL42,0.031000561,0.510539782,NS
ENSG00000087460,GNAS,-0.041797778,0.13279674,NS
ENSG00000087470,DNM1L,-0.039151484,0.310700841,NS
ENSG00000087494,PTHLH,-0.001259309,NA,NS
ENSG00000087502,ERGIC2,0.009018523,0.866406048,NS
ENSG00000087510,TFAP2C,-0.006155856,0.923461541,NS
ENSG00000087586,AURKA,-0.088498886,0.013092032,NS
ENSG00000087842,PIR,-0.040000912,0.380944473,NS
ENSG00000087884,AAMDC,-0.034681832,0.456633636,NS
ENSG00000087903,RFX2,-0.012457601,0.833116316,NS
ENSG00000087995,METTL2A,-0.016227894,0.765977382,NS
ENSG00000088002,SULT2B1,0.000611361,NA,NS
ENSG00000088035,ALG6,0.036329042,0.445330712,NS
ENSG00000088038,CNOT3,-0.013134918,0.811158095,NS
ENSG00000088179,PTPN4,0.058409104,0.209691278,NS
ENSG00000088205,DDX18,0.06446045,0.045518859,NS
ENSG00000088247,KHSRP,-0.007123326,0.888383345,NS
ENSG00000088256,GNA11,-0.064621861,0.087365272,NS
ENSG00000088280,ASAP3,0.007109643,0.912161205,NS
ENSG00000088298,EDEM2,-0.02827519,0.579681358,NS
ENSG00000088305,DNMT3B,0.008679876,0.8854116,NS
ENSG00000088325,TPX2,-0.044708969,0.202327606,NS
ENSG00000088356,PDRG1,-0.056248215,0.215008733,NS
ENSG00000088367,EPB41L1,0.026150803,0.575473052,NS
ENSG00000088387,DOCK9,0.129871613,0.007397515,NS
ENSG00000088448,ANKRD10,0.022979094,NA,NS
ENSG00000088451,TGDS,-0.022435662,0.661370874,NS
ENSG00000088538,DOCK3,-0.004639006,NA,NS
ENSG00000088543,C3orf18,0.001295353,0.98512877,NS
ENSG00000088682,COQ9,-0.033724523,0.444159199,NS
ENSG00000088726,TMEM40,0.002969661,NA,NS
ENSG00000088727,KIF9,-0.017948224,0.7461199,NS
ENSG00000088756,ARHGAP28,-0.092571465,0.047937601,NS
ENSG00000088766,CRLS1,-0.003628639,0.953398052,NS
ENSG00000088808,PPP1R13B,0.009396102,0.876910334,NS
ENSG00000088812,ATRN,0.033113977,0.484813066,NS
ENSG00000088826,SMOX,-0.014875644,0.788056362,NS
ENSG00000088832,FKBP1A,-0.021553725,0.606977375,NS
ENSG00000088833,NSFL1C,-0.019305961,0.674228287,NS
ENSG00000088836,SLC4A11,0.05564031,NA,NS
ENSG00000088854,DNAAF9,0.017211359,NA,NS
ENSG00000088876,ZNF343,0.011515547,0.850591954,NS
ENSG00000088881,EBF4,-0.043329694,NA,NS
ENSG00000088888,MAVS,0.032795188,0.4380117,NS
ENSG00000088899,LZTS3,0.002923595,0.962107072,NS
ENSG00000088930,XRN2,0.023415002,0.576186673,NS
ENSG00000088970,KIZ,0.009298495,0.880756893,NS
ENSG00000088986,DYNLL1,-0.029477845,0.538457578,NS
ENSG00000088992,TESC,0.005078052,0.936260828,NS
ENSG00000089006,SNX5,-0.043997408,0.242466522,NS
ENSG00000089009,RPL6,-0.024007736,0.590930692,NS
ENSG00000089022,MAPKAPK5,-0.019028875,0.704963911,NS
ENSG00000089041,P2RX7,0.012969554,NA,NS
ENSG00000089048,ESF1,-0.014965493,0.792222152,NS
ENSG00000089050,RBBP9,0.033433226,0.456296378,NS
ENSG00000089053,ANAPC5,-0.024191472,0.556535081,NS
ENSG00000089057,SLC23A2,0.073661713,0.108513799,NS
ENSG00000089060,SLC8B1,-0.024927127,0.639999649,NS
ENSG00000089063,TMEM230,-0.00084274,0.989461012,NS
ENSG00000089091,DZANK1,0.000927921,NA,NS
ENSG00000089094,KDM2B,0.059019096,0.15189439,NS
ENSG00000089101,CFAP61,-0.007795054,NA,NS
ENSG00000089123,TASP1,-0.000968717,0.989203754,NS
ENSG00000089127,OAS1,-0.022030771,NA,NS
ENSG00000089154,GCN1,0.07749416,0.046149407,NS
ENSG00000089157,RPLP0,-0.046025104,0.239407941,NS
ENSG00000089159,PXN,0.020067185,0.638976333,NS
ENSG00000089163,SIRT4,-0.009728131,NA,NS
ENSG00000089177,KIF16B,0.052189547,0.255586673,NS
ENSG00000089195,TRMT6,-0.006368721,0.919705862,NS
ENSG00000089220,PEBP1,-0.073585529,0.031376251,NS
ENSG00000089234,BRAP,0.015245975,0.789302151,NS
ENSG00000089248,ERP29,-0.020058595,0.683967748,NS
ENSG00000089280,FUS,-0.06949328,0.032781521,NS
ENSG00000089289,IGBP1,-0.015951281,0.783526117,NS
ENSG00000089327,FXYD5,0.02443552,NA,NS
ENSG00000089335,ZNF302,0.049441306,0.290362938,NS
ENSG00000089351,GRAMD1A,-0.002437133,0.968159844,NS
ENSG00000089356,FXYD3,-0.041732781,0.383872398,NS
ENSG00000089472,HEPH,0.004138128,NA,NS
ENSG00000089486,CDIP1,0.017924445,0.716644828,NS
ENSG00000089505,CMTM1,-0.014033917,NA,NS
ENSG00000089597,GANAB,0.028953859,0.437156014,NS
ENSG00000089639,GMIP,0.013323819,0.823717255,NS
ENSG00000089682,RBM41,0.023707323,0.658945138,NS
ENSG00000089685,BIRC5,-0.11590476,0.000177524,NS
ENSG00000089693,MLF2,-0.042584933,0.25912722,NS
ENSG00000089723,OTUB2,0.013273753,0.821434422,NS
ENSG00000089737,DDX24,0.003141417,0.950946524,NS
ENSG00000089775,ZBTB25,-0.023765877,0.658588853,NS
ENSG00000089818,NECAP1,-0.015927207,0.74367934,NS
ENSG00000089820,ARHGAP4,0.001200225,NA,NS
ENSG00000089847,ANKRD24,-0.011006942,NA,NS
ENSG00000089876,DHX32,0.040738151,0.353660789,NS
ENSG00000089902,RCOR1,0.079505167,0.029713799,NS
ENSG00000089916,GPATCH2L,0.046313661,0.322886743,NS
ENSG00000090006,LTBP4,0.05070677,0.283853884,NS
ENSG00000090013,BLVRB,-0.058219139,0.139690809,NS
ENSG00000090020,SLC9A1,0.043215413,0.310402711,NS
ENSG00000090054,SPTLC1,0.019868934,0.662420796,NS
ENSG00000090060,PAPOLA,0.065500923,0.034936353,NS
ENSG00000090061,CCNK,-0.022477121,0.644596735,NS
ENSG00000090097,PCBP4,0.015943246,0.785203653,NS
ENSG00000090104,RGS1,0.002759789,NA,NS
ENSG00000090238,YPEL3,-0.047582009,0.298306069,NS
ENSG00000090263,MRPS33,-0.032227661,0.498214423,NS
ENSG00000090266,NDUFB2,-0.058857998,0.186524245,NS
ENSG00000090273,NUDC,-0.033803528,0.375221531,NS
ENSG00000090316,MAEA,-0.03042939,0.480718557,NS
ENSG00000090372,STRN4,-0.020058667,0.671716653,NS
ENSG00000090402,SI,0.001663076,NA,NS
ENSG00000090432,MUL1,-0.018085868,0.750899603,NS
ENSG00000090447,TFAP4,0.009369048,0.879018421,NS
ENSG00000090470,PDCD7,-0.057613385,0.191648406,NS
ENSG00000090487,SPG21,0.039540499,0.320100135,NS
ENSG00000090520,DNAJB11,-0.005254125,0.922753527,NS
ENSG00000090530,P3H2,0.013191469,NA,NS
ENSG00000090539,CHRD,0.001306431,NA,NS
ENSG00000090565,RAB11FIP3,0.012031761,0.833116316,NS
ENSG00000090581,GNPTG,-0.012649276,0.833108296,NS
ENSG00000090612,ZNF268,0.028351466,0.572541623,NS
ENSG00000090615,GOLGA3,0.00251669,0.968159844,NS
ENSG00000090621,PABPC4,-0.017198462,0.726313237,NS
ENSG00000090661,CERS4,0.138461517,0.005679504,NS
ENSG00000090674,MCOLN1,-0.087679439,0.051127717,NS
ENSG00000090686,USP48,0.044706644,0.325677335,NS
ENSG00000090776,EFNB1,0.008129503,0.896440695,NS
ENSG00000090857,PDPR,0.069346109,0.13018934,NS
ENSG00000090861,AARS1,0.012959248,0.764161839,NS
ENSG00000090863,GLG1,0.042178677,0.266513087,NS
ENSG00000090889,KIF4A,-0.042914644,0.316552918,NS
ENSG00000090905,TNRC6A,0.021267083,0.680095153,NS
ENSG00000090924,PLEKHG2,0.023069471,NA,NS
ENSG00000090932,DLL3,-0.02402468,0.653667261,NS
ENSG00000090971,NAT14,-0.027880288,0.581746048,NS
ENSG00000090975,PITPNM2,0.016888248,0.759084846,NS
ENSG00000090989,EXOC1,0.00713861,0.911904394,NS
ENSG00000091009,RBM27,0.019106805,0.718773372,NS
ENSG00000091039,OSBPL8,0.06552021,0.121301493,NS
ENSG00000091073,DTX2,-0.019128385,0.733603275,NS
ENSG00000091127,PUS7,0.011031878,0.851825614,NS
ENSG00000091128,LAMB4,0.01045871,NA,NS
ENSG00000091129,NRCAM,-0.009998949,NA,NS
ENSG00000091136,LAMB1,0.071874559,0.109978039,NS
ENSG00000091138,SLC26A3,-0.01837303,NA,NS
ENSG00000091140,DLD,-0.006640274,0.889271058,NS
ENSG00000091157,WDR7,0.106568626,0.00866317,NS
ENSG00000091164,TXNL1,0.023312272,0.601665153,NS
ENSG00000091262,ABCC6,0.027611911,NA,NS
ENSG00000091317,CMTM6,0.027845213,0.507384625,NS
ENSG00000091409,ITGA6,0.065604487,0.125636931,NS
ENSG00000091436,MAP3K20,-0.022162156,0.675285772,NS
ENSG00000091483,FH,-0.053299122,0.125091727,NS
ENSG00000091490,SEL1L3,0.027750487,0.456204348,NS
ENSG00000091513,TF,0.001076831,NA,NS
ENSG00000091527,CDV3,0.03874144,0.320568429,NS
ENSG00000091542,ALKBH5,-0.076245729,0.053142454,NS
ENSG00000091622,PITPNM3,0.012826003,NA,NS
ENSG00000091640,SPAG7,-0.018463815,0.743565171,NS
ENSG00000091651,ORC6,-0.059884939,0.160744194,NS
ENSG00000091656,ZFHX4,0.005123271,NA,NS
ENSG00000091732,ZC3HC1,0.006834239,0.915952239,NS
ENSG00000091844,RGS17,0.014705954,NA,NS
ENSG00000091879,ANGPT2,0.056845178,NA,NS
ENSG00000091947,TMEM101,-0.06158911,0.18027095,NS
ENSG00000091986,CCDC80,-0.01346006,NA,NS
ENSG00000092010,PSME1,-0.019731978,0.700432,NS
ENSG00000092020,PPP2R3C,-0.011698719,0.841886112,NS
ENSG00000092036,HAUS4,-0.083887159,0.04212431,NS
ENSG00000092068,SLC7A8,0.023963823,0.575600743,NS
ENSG00000092094,OSGEP,-0.072273741,0.089034584,NS
ENSG00000092096,SLC22A17,-0.028858848,0.572643189,NS
ENSG00000092098,RNF31,0.015486363,0.79081691,NS
ENSG00000092108,SCFD1,0.010233965,0.840288598,NS
ENSG00000092140,G2E3,-0.026157953,0.592708723,NS
ENSG00000092148,HECTD1,0.129427305,0.002628514,NS
ENSG00000092199,HNRNPC,-0.047504933,0.194605409,NS
ENSG00000092200,RPGRIP1,-0.003734683,NA,NS
ENSG00000092201,SUPT16H,0.04290666,0.277120793,NS
ENSG00000092203,TOX4,-0.003318735,0.954738765,NS
ENSG00000092208,GEMIN2,-0.00464072,0.945080878,NS
ENSG00000092295,TGM1,6.04E-05,NA,NS
ENSG00000092330,TINF2,-0.017792371,0.72660558,NS
ENSG00000092377,TBL1Y,-0.003195973,NA,NS
ENSG00000092421,SEMA6A,0.060326063,0.189541678,NS
ENSG00000092439,TRPM7,0.108328797,0.013161141,NS
ENSG00000092445,TYRO3,0.012025252,0.834935815,NS
ENSG00000092470,WDR76,-0.008278619,NA,NS
ENSG00000092529,CAPN3,0.003368521,NA,NS
ENSG00000092531,SNAP23,0.021275403,0.68258849,NS
ENSG00000092607,TBX15,-0.038480991,NA,NS
ENSG00000092621,PHGDH,-0.090004117,0.001497419,NS
ENSG00000092758,COL9A3,0.01677594,NA,NS
ENSG00000092820,EZR,-0.00492363,0.928829159,NS
ENSG00000092841,MYL6,-0.12336914,0.000293633,NS
ENSG00000092847,AGO1,0.023591155,0.65381374,NS
ENSG00000092853,CLSPN,-0.037334293,0.435738207,NS
ENSG00000092871,RFFL,0.004564189,0.943676564,NS
ENSG00000092929,UNC13D,0.016281626,NA,NS
ENSG00000092931,MFSD11,-0.005704653,0.928072127,NS
ENSG00000092964,DPYSL2,0.064631627,0.143894324,NS
ENSG00000092969,TGFB2,0.002874728,NA,NS
ENSG00000092978,GPATCH2,0.030553771,0.531702613,NS
ENSG00000093000,NUP50,0.020397886,0.670028915,NS
ENSG00000093009,CDC45,-0.047812599,0.266704948,NS
ENSG00000093010,COMT,-0.020663605,0.645520248,NS
ENSG00000093072,ADA2,0.001917873,NA,NS
ENSG00000093100,NA,-0.000550936,0.994317201,NS
ENSG00000093167,LRRFIP2,-0.069788043,0.049960914,NS
ENSG00000093183,SEC22C,0.002259222,0.968278814,NS
ENSG00000093217,XYLB,0.095229565,0.028372939,NS
ENSG00000094631,HDAC6,0.009162775,0.880756893,NS
ENSG00000094804,CDC6,-0.006545112,0.899078788,NS
ENSG00000094841,UPRT,0.035878668,0.456839148,NS
ENSG00000094880,CDC23,-0.078846717,0.021334855,NS
ENSG00000094914,AAAS,-0.063579787,0.128716208,NS
ENSG00000094916,CBX5,0.010230142,0.859675253,NS
ENSG00000094975,SUCO,0.085598968,0.009898855,NS
ENSG00000095002,MSH2,-0.047848385,0.306417907,NS
ENSG00000095015,MAP3K1,0.034941742,0.465423824,NS
ENSG00000095059,DHPS,-0.066692036,0.089793981,NS
ENSG00000095066,HOOK2,0.034825632,0.465958746,NS
ENSG00000095139,ARCN1,0.052449403,0.173435658,NS
ENSG00000095203,EPB41L4B,-0.00185473,0.971590509,NS
ENSG00000095209,TMEM38B,0.000928383,0.989513056,NS
ENSG00000095261,PSMD5,0.003394513,0.954916454,NS
ENSG00000095303,PTGS1,-0.002835765,NA,NS
ENSG00000095319,NUP188,0.029562336,0.484620194,NS
ENSG00000095321,CRAT,0.026303876,0.605893506,NS
ENSG00000095380,NANS,-0.009398371,0.878312149,NS
ENSG00000095383,TBC1D2,-0.012093116,NA,NS
ENSG00000095397,WHRN,-0.00210941,0.971590509,NS
ENSG00000095485,CWF19L1,-0.044149967,0.353446046,NS
ENSG00000095539,SEMA4G,0.006456612,NA,NS
ENSG00000095564,BTAF1,0.070718139,0.11245435,NS
ENSG00000095574,IKZF5,0.043371109,0.364409496,NS
ENSG00000095585,BLNK,0.045630039,NA,NS
ENSG00000095587,TLL2,0.003275076,NA,NS
ENSG00000095627,TDRD1,-0.004220098,NA,NS
ENSG00000095637,SORBS1,0.027881945,0.53593819,NS
ENSG00000095739,BAMBI,-0.005376371,0.92322442,NS
ENSG00000095752,IL11,0.012751799,NA,NS
ENSG00000095787,WAC,0.064163731,0.067401766,NS
ENSG00000095794,CREM,0.001642672,0.980592952,NS
ENSG00000095906,NUBP2,-0.043306393,0.334782186,NS
ENSG00000095951,HIVEP1,0.06927543,0.128465303,NS
ENSG00000096006,CRISP3,0.024511161,0.645520248,NS
ENSG00000096060,FKBP5,-0.235008596,1.48E-13,NS
ENSG00000096063,SRPK1,0.030806775,0.471101534,NS
ENSG00000096070,BRPF3,0.043817866,0.351194918,NS
ENSG00000096080,MRPS18A,-0.087143307,0.040527959,NS
ENSG00000096088,PGC,-0.319819401,2.64E-08,NS
ENSG00000096092,TMEM14A,-0.025702757,0.578565168,NS
ENSG00000096093,EFHC1,-0.0396619,NA,NS
ENSG00000096384,HSP90AB1,0.003874352,0.941629502,NS
ENSG00000096401,CDC5L,0.017450347,0.724138536,NS
ENSG00000096433,ITPR3,0.010696042,0.848497976,NS
ENSG00000096654,ZNF184,-0.052635206,0.253847076,NS
ENSG00000096696,DSP,0.146045436,0.00104929,NS
ENSG00000096717,SIRT1,0.01188903,0.838712193,NS
ENSG00000096746,HNRNPH3,-0.040633445,0.252176593,NS
ENSG00000096872,IFT74,0.009074789,0.881271319,NS
ENSG00000096968,JAK2,0.00436294,0.948675007,NS
ENSG00000097007,ABL1,0.000261994,0.997494019,NS
ENSG00000097021,ACOT7,-0.079373135,0.050173531,NS
ENSG00000097033,SH3GLB1,-0.003585012,0.956655426,NS
ENSG00000097046,CDC7,-0.005874713,0.920025293,NS
ENSG00000097096,SYDE2,0.0087708,NA,NS
ENSG00000099139,PCSK5,-0.001678255,NA,NS
ENSG00000099194,SCD,0.525135627,1.14E-76,NS
ENSG00000099203,TMED1,-0.072975935,0.099808019,NS
ENSG00000099204,ABLIM1,0.103346027,0.006366939,NS
ENSG00000099219,ERMP1,0.071419639,0.073752538,NS
ENSG00000099246,RAB18,0.039741887,0.285289664,NS
ENSG00000099250,NRP1,-0.041523915,0.346881946,NS
ENSG00000099260,PALMD,-0.072966196,0.112107474,NS
ENSG00000099282,TSPAN15,0.065319617,0.109447857,NS
ENSG00000099284,MACROH2A2,0.002616256,0.966718213,NS
ENSG00000099290,WASHC2A,0.095643985,0.007460206,NS
ENSG00000099308,MAST3,0.034032047,0.486935853,NS
ENSG00000099326,MZF1,-0.050501259,0.282568616,NS
ENSG00000099330,OCEL1,-0.027217216,0.597960819,NS
ENSG00000099331,MYO9B,0.026512921,0.590275869,NS
ENSG00000099338,CATSPERG,-0.0035822,NA,NS
ENSG00000099341,PSMD8,-0.054632609,0.178097814,NS
ENSG00000099364,FBXL19,-0.01292078,0.829215219,NS
ENSG00000099377,HSD3B7,0.037407796,0.439772247,NS
ENSG00000099381,SETD1A,-0.008215244,0.887789656,NS
ENSG00000099385,BCL7C,-0.04653209,0.325677335,NS
ENSG00000099617,EFNA2,0.008963774,NA,NS
ENSG00000099622,CIRBP,-0.051690061,0.259255938,NS
ENSG00000099624,ATP5F1D,-0.080428934,0.055257551,NS
ENSG00000099625,CBARP,0.003670037,NA,NS
ENSG00000099715,PCDH11Y,0.036139963,NA,NS
ENSG00000099725,PRKY,0.003577726,NA,NS
ENSG00000099783,HNRNPM,-0.053017767,0.061933443,NS
ENSG00000099785,MARCHF2,-0.072571338,0.101149853,NS
ENSG00000099795,NDUFB7,-0.133889267,0.001063755,NS
ENSG00000099797,TECR,-0.051126563,0.221575613,NS
ENSG00000099800,TIMM13,-0.053138013,0.208050551,NS
ENSG00000099804,CDC34,-0.023540565,0.638387819,NS
ENSG00000099810,MTAP,0.012295218,0.820525027,NS
ENSG00000099814,CEP170B,-0.013731451,0.805006237,NS
ENSG00000099817,POLR2E,-0.034639566,0.372883523,NS
ENSG00000099821,POLRMT,-0.05544942,0.132965457,NS
ENSG00000099822,HCN2,-0.039203037,0.417429441,NS
ENSG00000099840,IZUMO4,0.020501854,NA,NS
ENSG00000099849,RASSF7,-0.063264663,0.142928164,NS
ENSG00000099860,GADD45B,-0.027434739,NA,NS
ENSG00000099864,PALM,0.013955615,NA,NS
ENSG00000099866,MADCAM1,0.018825783,NA,NS
ENSG00000099875,MKNK2,-0.006085484,0.904439927,NS
ENSG00000099889,ARVCF,-0.003852684,0.953523818,NS
ENSG00000099899,TRMT2A,-0.017086483,0.761857094,NS
ENSG00000099901,RANBP1,-0.084756479,0.022081404,NS
ENSG00000099904,ZDHHC8,-0.013375453,0.819894565,NS
ENSG00000099910,KLHL22,-0.009190471,0.883924864,NS
ENSG00000099917,MED15,-0.032328162,0.495002784,NS
ENSG00000099937,SERPIND1,0.010550051,NA,NS
ENSG00000099940,SNAP29,0.037266199,0.381816165,NS
ENSG00000099942,CRKL,-0.02739358,0.525198965,NS
ENSG00000099949,LZTR1,-0.043361349,0.343967117,NS
ENSG00000099953,MMP11,-0.016791781,0.749889991,NS
ENSG00000099954,CECR2,0.032871258,NA,NS
ENSG00000099956,SMARCB1,-0.062709327,0.124674744,NS
ENSG00000099958,DERL3,-0.004111968,NA,NS
ENSG00000099968,BCL2L13,0.047930045,0.219041922,NS
ENSG00000099974,DDTL,0.004964384,NA,NS
ENSG00000099977,DDT,-0.034098837,0.431781433,NS
ENSG00000099991,CABIN1,0.025981869,0.57388664,NS
ENSG00000099992,TBC1D10A,0.007586345,0.905835383,NS
ENSG00000099994,SUSD2,0.00482064,NA,NS
ENSG00000099995,SF3A1,-0.005420023,0.919851835,NS
ENSG00000099999,RNF215,-0.03382667,0.485941117,NS
ENSG00000100003,SEC14L2,-0.155923193,0.001515034,NS
ENSG00000100014,SPECC1L,0.065433403,0.054374752,NS
ENSG00000100023,PPIL2,0.009461454,0.863865153,NS
ENSG00000100024,UPB1,-0.011260017,NA,NS
ENSG00000100027,YPEL1,0.025911914,NA,NS
ENSG00000100028,SNRPD3,-0.047255804,0.246239007,NS
ENSG00000100029,PES1,-0.03374989,0.408983614,NS
ENSG00000100030,MAPK1,0.073679288,0.053976988,NS
ENSG00000100031,GGT1,0.020340888,0.710709658,NS
ENSG00000100033,PRODH,0.001156855,NA,NS
ENSG00000100034,PPM1F,-0.01580782,0.77505221,NS
ENSG00000100036,SLC35E4,-0.022692586,0.646505263,NS
ENSG00000100038,TOP3B,0.037975494,0.4366161,NS
ENSG00000100056,ESS2,-0.011176111,0.855501093,NS
ENSG00000100058,CRYBB2P1,-0.001638276,NA,NS
ENSG00000100065,CARD10,-0.069972628,0.121186718,NS
ENSG00000100075,SLC25A1,-0.030101723,0.482124807,NS
ENSG00000100077,GRK3,0.031579391,0.528502816,NS
ENSG00000100083,GGA1,-0.016951849,0.764161839,NS
ENSG00000100084,HIRA,0.002453885,0.968278814,NS
ENSG00000100092,SH3BP1,-0.012028664,0.835243716,NS
ENSG00000100097,LGALS1,-0.006383738,NA,NS
ENSG00000100099,HPS4,0.07695873,0.062268521,NS
ENSG00000100100,PIK3IP1,0.053966339,NA,NS
ENSG00000100104,SRRD,0.006802532,0.91419086,NS
ENSG00000100105,PATZ1,0.014035571,0.785954407,NS
ENSG00000100106,TRIOBP,-0.061382288,0.164962226,NS
ENSG00000100109,TFIP11,-0.013524315,0.816828855,NS
ENSG00000100116,GCAT,-0.074229872,0.070015381,NS
ENSG00000100124,ANKRD54,-0.081953616,0.055477068,NS
ENSG00000100129,EIF3L,-0.007612053,0.881684241,NS
ENSG00000100138,SNU13,-0.025726652,0.58287642,NS
ENSG00000100139,MICALL1,-0.011775185,0.83734637,NS
ENSG00000100142,POLR2F,-0.112630332,0.007449715,NS
ENSG00000100147,CCDC134,-0.031465793,0.527375337,NS
ENSG00000100150,DEPDC5,-0.057978503,0.212551006,NS
ENSG00000100151,PICK1,-0.071870518,0.100749122,NS
ENSG00000100154,TTC28,0.060590576,NA,NS
ENSG00000100162,CENPM,-0.089600147,0.045518859,NS
ENSG00000100167,SEPTIN3,0.163456047,7.92E-05,NS
ENSG00000100170,SLC5A1,0.026194957,NA,NS
ENSG00000100196,KDELR3,0.054459089,NA,NS
ENSG00000100201,DDX17,0.039598983,0.366575676,NS
ENSG00000100206,DMC1,0.001467539,NA,NS
ENSG00000100207,TCF20,0.105794154,0.006011217,NS
ENSG00000100209,HSCB,0.015499158,0.785954407,NS
ENSG00000100211,CBY1,-0.055451359,0.215011656,NS
ENSG00000100216,TOMM22,-0.073469956,0.038766318,NS
ENSG00000100218,RSPH14,-0.025982182,NA,NS
ENSG00000100219,XBP1,-0.067517801,0.041725776,NS
ENSG00000100220,RTCB,-0.054364822,0.152279508,NS
ENSG00000100221,JOSD1,0.019689386,0.686241884,NS
ENSG00000100225,FBXO7,-0.010208055,0.863282401,NS
ENSG00000100226,GTPBP1,-5.66E-05,0.999611317,NS
ENSG00000100227,POLDIP3,-0.005837362,0.912926991,NS
ENSG00000100228,RAB36,0.004777874,0.943676564,NS
ENSG00000100239,PPP6R2,0.004470839,0.942849873,NS
ENSG00000100241,SBF1,-0.020642109,0.646011741,NS
ENSG00000100242,SUN2,-0.043704731,0.245369871,NS
ENSG00000100243,CYB5R3,-0.032326585,0.453280751,NS
ENSG00000100246,DNAL4,-0.062881608,0.160461018,NS
ENSG00000100258,LMF2,-0.059001244,0.141555582,NS
ENSG00000100263,RHBDD3,-0.009860716,0.868201494,NS
ENSG00000100266,PACSIN2,-0.014137592,0.761857094,NS
ENSG00000100271,TTLL1,-0.022602793,0.671716653,NS
ENSG00000100280,AP1B1,0.016104464,0.696693256,NS
ENSG00000100281,HMGXB4,0.021844329,0.670845923,NS
ENSG00000100284,TOM1,-0.029062229,0.564404443,NS
ENSG00000100288,CHKB,-0.017118178,NA,NS
ENSG00000100290,BIK,-0.061309804,0.180531892,NS
ENSG00000100292,HMOX1,0.01563337,0.789302151,NS
ENSG00000100294,MCAT,-0.064581229,0.115927468,NS
ENSG00000100296,THOC5,-0.022800797,0.642706745,NS
ENSG00000100297,MCM5,-0.060986774,0.081507198,NS
ENSG00000100298,APOBEC3H,-0.01371462,NA,NS
ENSG00000100299,ARSA,0.007418092,0.906665815,NS
ENSG00000100300,TSPO,-0.06258952,0.131683868,NS
ENSG00000100302,RASD2,0.001228719,NA,NS
ENSG00000100304,TTLL12,-0.040291341,0.240062915,NS
ENSG00000100307,CBX7,-0.036319457,0.456394148,NS
ENSG00000100311,PDGFB,-0.014327109,NA,NS
ENSG00000100316,RPL3,-0.029723527,0.477318263,NS
ENSG00000100319,ZMAT5,-0.065643524,0.152824722,NS
ENSG00000100320,RBFOX2,0.062172603,0.131191154,NS
ENSG00000100321,SYNGR1,0.008104571,0.89754781,NS
ENSG00000100324,TAB1,-0.051725097,0.236244953,NS
ENSG00000100325,ASCC2,-0.044204034,0.285191887,NS
ENSG00000100330,MTMR3,0.010590314,0.861869475,NS
ENSG00000100335,MIEF1,0.031996946,0.443558206,NS
ENSG00000100344,PNPLA3,0.002995721,NA,NS
ENSG00000100345,MYH9,0.031876203,0.458765225,NS
ENSG00000100347,SAMM50,-0.024599937,0.599527448,NS
ENSG00000100348,TXN2,-0.074183956,0.060918831,NS
ENSG00000100350,FOXRED2,0.035746345,0.365972281,NS
ENSG00000100353,EIF3D,-0.006326816,0.903836347,NS
ENSG00000100354,TNRC6B,0.023865966,0.647503087,NS
ENSG00000100359,SGSM3,-0.002703535,0.966490529,NS
ENSG00000100360,IFT27,-0.046706227,0.316491286,NS
ENSG00000100364,KIAA0930,0.085799789,0.007522483,NS
ENSG00000100372,SLC25A17,0.10618165,0.005679504,NS
ENSG00000100373,UPK3A,-0.008569585,NA,NS
ENSG00000100376,FAM118A,0.013365144,0.814288636,NS
ENSG00000100379,KCTD17,-0.012102654,0.840288598,NS
ENSG00000100380,ST13,0.039270374,0.241309524,NS
ENSG00000100385,IL2RB,0.007997181,NA,NS
ENSG00000100387,RBX1,-0.046657841,0.282329996,NS
ENSG00000100393,EP300,0.117290964,0.005679504,NS
ENSG00000100395,L3MBTL2,-0.007474006,0.895325796,NS
ENSG00000100401,RANGAP1,-0.065788603,0.040747049,NS
ENSG00000100403,ZC3H7B,0.00825561,0.8854116,NS
ENSG00000100410,PHF5A,-0.026988457,0.561200224,NS
ENSG00000100412,ACO2,-0.02082761,0.582749727,NS
ENSG00000100413,POLR3H,-0.013695771,0.770959674,NS
ENSG00000100416,TRMU,-0.025523615,0.608697378,NS
ENSG00000100417,PMM1,-0.059099782,0.197220294,NS
ENSG00000100418,DESI1,0.000920661,0.989203754,NS
ENSG00000100422,CERK,0.010766398,NA,NS
ENSG00000100425,BRD1,-0.011012374,0.850481894,NS
ENSG00000100426,ZBED4,0.041002396,0.371898705,NS
ENSG00000100429,HDAC10,0.002355348,0.968406005,NS
ENSG00000100439,ABHD4,0.039392764,0.334076051,NS
ENSG00000100441,KHNYN,0.042424348,0.33835813,NS
ENSG00000100442,FKBP3,-0.06084564,0.108823839,NS
ENSG00000100445,SDR39U1,-0.013951826,0.797535394,NS
ENSG00000100461,RBM23,0.031632983,0.437293934,NS
ENSG00000100462,PRMT5,-0.020431769,0.599527448,NS
ENSG00000100478,AP4S1,0.005982251,NA,NS
ENSG00000100479,POLE2,-0.039159837,0.416150369,NS
ENSG00000100483,VCPKMT,0.019078658,0.702452951,NS
ENSG00000100485,SOS2,0.046732388,0.320437162,NS
ENSG00000100490,CDKL1,0.005307371,NA,NS
ENSG00000100503,NIN,0.069920497,0.087573222,NS
ENSG00000100504,PYGL,0.014852636,0.80039143,NS
ENSG00000100519,PSMC6,0.015696198,0.738352475,NS
ENSG00000100522,GNPNAT1,-0.017777142,0.668779592,NS
ENSG00000100523,DDHD1,0.0342339,0.475699361,NS
ENSG00000100526,CDKN3,-0.018262638,0.722426367,NS
ENSG00000100528,CNIH1,0.011632041,0.824329331,NS
ENSG00000100532,CGRRF1,0.003033582,0.963411206,NS
ENSG00000100554,ATP6V1D,0.065780589,0.089793981,NS
ENSG00000100564,PIGH,0.003229364,0.961618958,NS
ENSG00000100567,PSMA3,-0.015405584,0.756517672,NS
ENSG00000100568,VTI1B,0.007859674,0.883601821,NS
ENSG00000100575,TIMM9,-0.003189905,0.960805536,NS
ENSG00000100577,GSTZ1,-0.068076019,0.117669755,NS
ENSG00000100578,KIAA0586,0.061853048,0.158968048,NS
ENSG00000100580,TMED8,0.039110664,0.399235885,NS
ENSG00000100583,SAMD15,-0.010585565,0.85531483,NS
ENSG00000100591,AHSA1,-0.039026217,0.310700841,NS
ENSG00000100592,DAAM1,-0.006889812,0.912161205,NS
ENSG00000100593,ISM2,0.018367122,NA,NS
ENSG00000100596,SPTLC2,0.08441615,0.040772556,NS
ENSG00000100600,LGMN,-0.027347109,0.506149528,NS
ENSG00000100601,ALKBH1,0.015065037,0.797824852,NS
ENSG00000100603,SNW1,-0.025213168,0.538457578,NS
ENSG00000100605,ITPK1,0.003436239,0.949882631,NS
ENSG00000100612,DHRS7,0.005437076,0.925803871,NS
ENSG00000100614,PPM1A,0.03173334,0.42096989,NS
ENSG00000100625,SIX4,0.009380508,0.881684241,NS
ENSG00000100626,GALNT16,-0.003684816,NA,NS
ENSG00000100628,ASB2,-0.000807073,NA,NS
ENSG00000100629,CEP128,0.000888538,0.989849728,NS
ENSG00000100632,ERH,-0.08695581,0.008416272,NS
ENSG00000100644,HIF1A,0.103932748,0.004138946,NS
ENSG00000100647,SUSD6,0.06241103,0.173075077,NS
ENSG00000100650,SRSF5,0.005216017,0.932800854,NS
ENSG00000100664,EIF5,0.106634746,0.001095669,NS
ENSG00000100697,DICER1,0.064081765,0.146741549,NS
ENSG00000100711,ZFYVE21,0.044891386,0.305943074,NS
ENSG00000100714,MTHFD1,0.011630939,0.777471035,NS
ENSG00000100722,ZC3H14,-0.006387238,0.905106659,NS
ENSG00000100726,TELO2,-0.059119781,0.164549293,NS
ENSG00000100731,PCNX1,0.098520629,0.017108668,NS
ENSG00000100739,BDKRB1,-0.005762613,NA,NS
ENSG00000100744,GSKIP,0.032092146,0.487330009,NS
ENSG00000100749,VRK1,-0.069597313,0.079499566,NS
ENSG00000100764,PSMC1,-0.019852963,0.623004558,NS
ENSG00000100784,RPS6KA5,0.023139713,0.666470141,NS
ENSG00000100796,PPP4R3A,0.026751671,0.581136718,NS
ENSG00000100802,C14orf93,0.01041214,NA,NS
ENSG00000100804,PSMB5,-0.071037622,0.048640038,NS
ENSG00000100811,YY1,0.064154166,0.059135807,NS
ENSG00000100813,ACIN1,-0.024323851,0.61679305,NS
ENSG00000100814,CCNB1IP1,-0.003751808,0.954534648,NS
ENSG00000100815,TRIP11,0.072484822,0.093364343,NS
ENSG00000100823,APEX1,-0.023557525,0.574562425,NS
ENSG00000100836,PABPN1,-0.101015472,0.004975421,NS
ENSG00000100842,EFS,-0.063222322,0.115443378,NS
ENSG00000100852,ARHGAP5,0.081077968,0.057643706,NS
ENSG00000100865,CINP,-0.024394585,0.634196567,NS
ENSG00000100867,DHRS2,-0.11454789,0.014601325,NS
ENSG00000100883,SRP54,0.008076826,0.87194892,NS
ENSG00000100888,CHD8,0.059796097,0.1546206,NS
ENSG00000100889,PCK2,-0.166470579,1.92E-09,NS
ENSG00000100890,PRORP,-0.004412059,0.948547212,NS
ENSG00000100897,DCAF11,-0.016056733,0.746020643,NS
ENSG00000100902,PSMA6,-0.062365372,0.078759111,NS
ENSG00000100906,NFKBIA,-0.049271027,0.208011056,NS
ENSG00000100908,EMC9,-0.090117726,0.038590423,NS
ENSG00000100911,PSME2,-0.05927663,0.163524889,NS
ENSG00000100916,BRMS1L,-0.002493923,0.96840651,NS
ENSG00000100918,REC8,-0.009484635,NA,NS
ENSG00000100926,TM9SF1,-0.016952131,0.716668198,NS
ENSG00000100934,SEC23A,0.079763157,0.030695065,NS
ENSG00000100938,GMPR2,-0.004146574,0.944123716,NS
ENSG00000100941,PNN,-0.033875138,0.380950168,NS
ENSG00000100949,RABGGTA,-0.021269466,0.68232449,NS
ENSG00000100968,NFATC4,-0.008936389,NA,NS
ENSG00000100982,PCIF1,0.022883965,0.669555982,NS
ENSG00000100983,GSS,-0.060670664,0.070210021,NS
ENSG00000100991,TRPC4AP,0.0048529,0.934052957,NS
ENSG00000100994,PYGB,-0.03481276,0.337355055,NS
ENSG00000100997,ABHD12,0.005790422,0.921876886,NS
ENSG00000101000,PROCR,0.017614692,NA,NS
ENSG00000101003,GINS1,-0.043249368,0.301213923,NS
ENSG00000101004,NINL,-0.010626953,NA,NS
ENSG00000101019,UQCC1,0.034199612,0.480868795,NS
ENSG00000101040,ZMYND8,0.021152337,0.68604659,NS
ENSG00000101049,SGK2,0.006226805,NA,NS
ENSG00000101052,IFT52,0.042756518,0.335325094,NS
ENSG00000101057,MYBL2,-0.082758629,0.009118668,NS
ENSG00000101079,NDRG3,0.05540663,0.143426497,NS
ENSG00000101082,SLA2,-0.001813488,NA,NS
ENSG00000101084,RAB5IF,-0.025423004,0.585813179,NS
ENSG00000101098,RIMS4,-0.010599001,NA,NS
ENSG00000101104,PABPC1L,0.000249001,NA,NS
ENSG00000101109,STK4,0.05490528,0.221916732,NS
ENSG00000101115,SALL4,0.012073659,NA,NS
ENSG00000101126,ADNP,0.048284657,0.240761655,NS
ENSG00000101132,PFDN4,-0.032015575,0.506625746,NS
ENSG00000101138,CSTF1,0.007677703,0.889378565,NS
ENSG00000101144,BMP7,0.018321698,NA,NS
ENSG00000101146,RAE1,-0.029436624,0.515607694,NS
ENSG00000101150,TPD52L2,-0.037213704,0.314300815,NS
ENSG00000101152,DNAJC5,0.041322901,0.254190971,NS
ENSG00000101158,NELFCD,0.011257996,0.813188503,NS
ENSG00000101160,CTSZ,-0.039363475,0.300865989,NS
ENSG00000101161,PRPF6,-0.04577839,0.211918458,NS
ENSG00000101166,PRELID3B,0.018186692,0.652501381,NS
ENSG00000101180,HRH3,-0.00304629,NA,NS
ENSG00000101181,MTG2,-0.049945332,0.242306735,NS
ENSG00000101182,PSMA7,-0.093214999,0.007513328,NS
ENSG00000101187,SLCO4A1,0.036879105,0.452674267,NS
ENSG00000101189,MRGBP,-0.053604643,0.22410809,NS
ENSG00000101190,TCFL5,0.006082659,0.924594376,NS
ENSG00000101191,DIDO1,0.073921869,0.089486931,NS
ENSG00000101193,GID8,0.006824283,0.895862576,NS
ENSG00000101199,ARFGAP1,-0.001409291,0.98223536,NS
ENSG00000101210,EEF1A2,-0.027761012,0.459404095,NS
ENSG00000101213,PTK6,-0.020487129,NA,NS
ENSG00000101216,GMEB2,0.01191464,0.838084512,NS
ENSG00000101220,ADISSP,-0.077026612,0.054374752,NS
ENSG00000101222,SPEF1,0.002406597,NA,NS
ENSG00000101224,CDC25B,-0.027522762,0.534603947,NS
ENSG00000101230,ISM1,0.003235853,NA,NS
ENSG00000101236,RNF24,-0.004793198,0.940858338,NS
ENSG00000101246,ARFRP1,-0.081704897,0.06221327,NS
ENSG00000101247,NDUFAF5,-0.029061894,0.569500321,NS
ENSG00000101255,TRIB3,-0.177163986,1.22E-06,NS
ENSG00000101265,RASSF2,0.035482385,NA,NS
ENSG00000101266,CSNK2A1,0.02463159,0.530381453,NS
ENSG00000101276,SLC52A3,-0.009568006,NA,NS
ENSG00000101278,RPS10P5,-0.001553047,NA,NS
ENSG00000101282,RSPO4,-0.000644981,NA,NS
ENSG00000101290,CDS2,0.048636298,0.265695035,NS
ENSG00000101294,HM13,-0.065883358,0.086212032,NS
ENSG00000101310,SEC23B,-0.022788213,0.572541623,NS
ENSG00000101311,FERMT1,0.058587602,0.208428803,NS
ENSG00000101331,CCM2L,-0.000228837,NA,NS
ENSG00000101333,PLCB4,0.028808814,0.553135645,NS
ENSG00000101335,MYL9,0.00886086,NA,NS
ENSG00000101337,TM9SF4,0.027983675,0.506149528,NS
ENSG00000101343,CRNKL1,0.001202755,0.98523071,NS
ENSG00000101346,POFUT1,-0.010842091,0.819223603,NS
ENSG00000101347,SAMHD1,-0.002565748,0.96618688,NS
ENSG00000101350,KIF3B,0.063072811,0.101679099,NS
ENSG00000101353,MROH8,0.003803957,NA,NS
ENSG00000101361,NOP56,0.00228408,0.966262017,NS
ENSG00000101363,MANBAL,-0.019593012,0.69585812,NS
ENSG00000101365,IDH3B,-0.048736807,0.212551006,NS
ENSG00000101367,MAPRE1,-0.006214205,0.904628397,NS
ENSG00000101384,JAG1,-0.117773544,0.002184831,NS
ENSG00000101391,CDK5RAP1,0.005215511,0.93610796,NS
ENSG00000101400,SNTA1,-0.029685811,0.529299783,NS
ENSG00000101407,TTI1,0.008757962,0.888383345,NS
ENSG00000101412,E2F1,-0.061700079,0.086649779,NS
ENSG00000101413,RPRD1B,-0.017398966,0.734042761,NS
ENSG00000101421,CHMP4B,-0.023982977,0.620505712,NS
ENSG00000101439,CST3,-0.104984924,0.005429969,NS
ENSG00000101442,ACTR5,-0.016509585,0.776757538,NS
ENSG00000101444,AHCY,-0.04789914,0.194001718,NS
ENSG00000101447,FAM83D,-0.058235121,0.125006862,NS
ENSG00000101452,DHX35,0.021667121,0.689994232,NS
ENSG00000101457,DNTTIP1,-0.036031328,0.464023863,NS
ENSG00000101464,PIGU,-0.013888244,0.806302433,NS
ENSG00000101473,ACOT8,-0.049607895,0.295914468,NS
ENSG00000101474,APMAP,-0.018303457,0.654349452,NS
ENSG00000101493,ZNF516,0.011702016,NA,NS
ENSG00000101544,ADNP2,0.069292135,0.087869062,NS
ENSG00000101546,RBFA,-0.007515265,0.90424344,NS
ENSG00000101557,USP14,0.024473677,0.510056791,NS
ENSG00000101558,VAPA,0.037648151,0.318671737,NS
ENSG00000101574,METTL4,0.030408515,0.547162488,NS
ENSG00000101577,LPIN2,0.156415442,3.16E-05,NS
ENSG00000101596,SMCHD1,0.116445024,0.006102708,NS
ENSG00000101605,MYOM1,-0.00462654,NA,NS
ENSG00000101608,MYL12A,-0.028697068,0.528532827,NS
ENSG00000101624,CEP76,0.006957915,0.91328563,NS
ENSG00000101639,CEP192,0.028826936,0.572375838,NS
ENSG00000101654,RNMT,0.06921146,0.085960633,NS
ENSG00000101665,SMAD7,-0.023451233,0.662076797,NS
ENSG00000101670,LIPG,0.016015763,NA,NS
ENSG00000101680,LAMA1,-0.063021797,NA,NS
ENSG00000101695,RNF125,0.022868924,0.665553683,NS
ENSG00000101745,ANKRD12,0.002784538,0.962992428,NS
ENSG00000101751,POLI,0.000811856,0.990991653,NS
ENSG00000101752,MIB1,0.084416277,0.045194126,NS
ENSG00000101773,RBBP8,0.008964555,0.875058991,NS
ENSG00000101782,RIOK3,0.043225235,0.322886743,NS
ENSG00000101811,CSTF2,-0.020493402,0.689070484,NS
ENSG00000101843,PSMD10,-0.014509297,0.776757538,NS
ENSG00000101844,ATG4A,-0.008164519,0.896150624,NS
ENSG00000101846,STS,0.038091593,0.437458225,NS
ENSG00000101849,TBL1X,0.031692057,0.4241132,NS
ENSG00000101850,GPR143,-0.011535751,NA,NS
ENSG00000101856,PGRMC1,0.002314279,0.96730706,NS
ENSG00000101868,POLA1,-0.008170517,0.891871094,NS
ENSG00000101871,MID1,0.008499392,NA,NS
ENSG00000101882,NKAP,-0.082002304,0.049905278,NS
ENSG00000101888,NXT2,0.006261876,0.923750304,NS
ENSG00000101898,MCTS2,0.023975322,0.642706745,NS
ENSG00000101901,ALG13,-0.030327777,0.516149069,NS
ENSG00000101911,PRPS2,0.011580812,0.830078823,NS
ENSG00000101928,MOSPD1,0.024233483,0.649761048,NS
ENSG00000101935,AMMECR1,0.054190243,0.205947244,NS
ENSG00000101938,CHRDL1,0.004279866,NA,NS
ENSG00000101940,WDR13,-0.040189399,0.367766509,NS
ENSG00000101945,SUV39H1,-0.050644112,0.26199839,NS
ENSG00000101955,SRPX,0.00305129,NA,NS
ENSG00000101966,XIAP,0.051785584,0.255586673,NS
ENSG00000101972,STAG2,0.08061523,0.035924583,NS
ENSG00000101974,ATP11C,0.092168895,0.040975942,NS
ENSG00000101986,ABCD1,-0.019901604,0.67574308,NS
ENSG00000101997,CCDC22,-0.027923877,0.582595687,NS
ENSG00000102003,SYP,-0.009417741,NA,NS
ENSG00000102007,PLP2,0.006048401,0.923461541,NS
ENSG00000102010,BMX,0.01055542,NA,NS
ENSG00000102024,PLS3,0.049253531,0.194001718,NS
ENSG00000102030,NAA10,-0.092570544,0.01135417,NS
ENSG00000102034,ELF4,0.039750002,0.390165148,NS
ENSG00000102038,SMARCA1,-0.034147406,NA,NS
ENSG00000102043,MTMR8,0.012072991,NA,NS
ENSG00000102053,ZC3H12B,-0.007346424,NA,NS
ENSG00000102054,RBBP7,-0.033151257,0.357364628,NS
ENSG00000102057,KCND1,-0.001217751,NA,NS
ENSG00000102078,SLC25A14,-0.003080793,0.962107072,NS
ENSG00000102081,FMR1,0.018557921,0.744019295,NS
ENSG00000102096,PIM2,0.022422315,0.674261666,NS
ENSG00000102098,SCML2,0.024309881,0.648786328,NS
ENSG00000102100,SLC35A2,-0.026950568,0.582503829,NS
ENSG00000102103,PQBP1,-0.039194053,0.409025913,NS
ENSG00000102109,PCSK1N,-0.042724778,0.371876059,NS
ENSG00000102119,EMD,-0.045045369,0.295449006,NS
ENSG00000102125,TAFAZZIN,-0.097288499,0.035753925,NS
ENSG00000102144,PGK1,-0.034277624,0.3343213,NS
ENSG00000102158,MAGT1,0.041022927,0.286192417,NS
ENSG00000102172,SMS,-0.030664026,0.420980371,NS
ENSG00000102178,UBL4A,-0.033079911,0.437293934,NS
ENSG00000102181,CD99L2,1.42E-05,0.999885158,NS
ENSG00000102189,EEA1,0.076512205,0.091003062,NS
ENSG00000102218,RP2,0.025869699,0.622965573,NS
ENSG00000102221,JADE3,0.01673897,0.764161839,NS
ENSG00000102225,CDK16,-0.031601251,0.372123492,NS
ENSG00000102226,USP11,-0.026825083,0.601168307,NS
ENSG00000102241,HTATSF1,0.005113032,0.92463621,NS
ENSG00000102271,KLHL4,0.098680488,0.035832589,NS
ENSG00000102287,GABRE,0.021018663,NA,NS
ENSG00000102290,PCDH11X,0.02509249,NA,NS
ENSG00000102302,FGD1,-0.001709536,NA,NS
ENSG00000102309,PIN4,-0.047014726,0.320155238,NS
ENSG00000102312,PORCN,-0.003135178,0.959946821,NS
ENSG00000102313,ITIH6,-0.004097229,NA,NS
ENSG00000102316,MAGED2,-0.005641577,0.920153797,NS
ENSG00000102317,RBM3,-0.042366172,0.246805688,NS
ENSG00000102349,KLF8,0.010777175,NA,NS
ENSG00000102362,SYTL4,-0.006232766,NA,NS
ENSG00000102383,ZDHHC15,0.019423161,NA,NS
ENSG00000102384,CENPI,-0.039975777,0.386021299,NS
ENSG00000102390,PBDC1,-0.014679926,0.797717718,NS
ENSG00000102393,GLA,-0.078878389,0.055612497,NS
ENSG00000102401,ARMCX3,0.095032167,0.009366449,NS
ENSG00000102409,BEX4,0.00262884,0.96804906,NS
ENSG00000102471,NDFIP2,0.020236041,0.668779592,NS
ENSG00000102531,FNDC3A,0.06954049,0.125625188,NS
ENSG00000102543,CDADC1,0.028488041,0.574025321,NS
ENSG00000102547,CAB39L,0.030251177,0.473142194,NS
ENSG00000102554,KLF5,-0.055838067,0.233730476,NS
ENSG00000102572,STK24,0.016943108,0.747059476,NS
ENSG00000102580,DNAJC3,0.032714666,0.494537408,NS
ENSG00000102595,UGGT2,0.053611387,0.248639415,NS
ENSG00000102606,ARHGEF7,0.036813036,0.453280751,NS
ENSG00000102699,PARP4,0.083691893,0.066813145,NS
ENSG00000102710,SUPT20H,0.019499084,0.725436646,NS
ENSG00000102738,MRPS31,-0.019419631,0.728768369,NS
ENSG00000102743,SLC25A15,0.014038432,0.804104948,NS
ENSG00000102753,KPNA3,0.055972179,0.195394807,NS
ENSG00000102760,RGCC,-0.005663297,NA,NS
ENSG00000102763,VWA8,0.05388108,0.244207907,NS
ENSG00000102780,DGKH,0.312709051,1.09E-08,NS
ENSG00000102781,KATNAL1,-0.026768867,0.599437735,NS
ENSG00000102786,INTS6,0.02269369,0.670285175,NS
ENSG00000102796,DHRS12,-0.037439408,NA,NS
ENSG00000102804,TSC22D1,0.111078585,0.000626294,NS
ENSG00000102805,CLN5,-0.036831367,0.434173694,NS
ENSG00000102858,MGRN1,-0.015467597,0.765977382,NS
ENSG00000102870,ZNF629,0.001574604,NA,NS
ENSG00000102871,TRADD,-0.031838619,0.517694316,NS
ENSG00000102878,HSF4,0.006333759,NA,NS
ENSG00000102879,CORO1A,-0.01677247,NA,NS
ENSG00000102882,MAPK3,-0.017608738,0.757271833,NS
ENSG00000102886,GDPD3,-0.005996507,NA,NS
ENSG00000102890,ELMO3,-0.012075827,0.838838268,NS
ENSG00000102893,PHKB,0.046351116,0.234764018,NS
ENSG00000102897,LYRM1,-0.04549821,0.30639275,NS
ENSG00000102898,NUTF2,-0.054446603,0.158444395,NS
ENSG00000102900,NUP93,0.008877644,0.872461212,NS
ENSG00000102901,CENPT,-0.047533449,0.316552918,NS
ENSG00000102904,TSNAXIP1,0.013146016,NA,NS
ENSG00000102908,NFAT5,0.069192955,0.108823839,NS
ENSG00000102910,LONP2,0.041557518,0.310700841,NS
ENSG00000102921,N4BP1,0.052110056,0.246147174,NS
ENSG00000102931,ARL2BP,0.029754277,0.49085052,NS
ENSG00000102934,PLLP,0.003034443,0.962107072,NS
ENSG00000102967,DHODH,-0.047909727,0.279736515,NS
ENSG00000102974,CTCF,0.003471384,0.954065735,NS
ENSG00000102977,ACD,-0.044244069,0.354479442,NS
ENSG00000102978,POLR2C,-0.019323694,0.685592754,NS
ENSG00000102981,PARD6A,-0.042706471,0.368274992,NS
ENSG00000102984,ZNF821,0.012520679,0.829635911,NS
ENSG00000102996,MMP15,-0.020238544,0.662579933,NS
ENSG00000103005,USB1,0.013259527,0.808770683,NS
ENSG00000103018,CYB5B,0.013876756,0.755951875,NS
ENSG00000103021,CFAP263,0.029459476,0.557828853,NS
ENSG00000103024,NME3,-0.063121746,0.166349307,NS
ENSG00000103034,NDRG4,0.000194618,NA,NS
ENSG00000103035,PSMD7,-0.012687582,0.799996958,NS
ENSG00000103037,SETD6,0.000375581,0.996047709,NS
ENSG00000103042,SLC38A7,0.033276613,0.497456497,NS
ENSG00000103043,VAC14,0.009379535,0.879575811,NS
ENSG00000103044,HAS3,-0.021459701,NA,NS
ENSG00000103047,TANGO6,0.037045624,0.447328159,NS
ENSG00000103051,COG4,-0.015118384,0.786816234,NS
ENSG00000103056,SMPD3,-0.003593102,NA,NS
ENSG00000103061,SLC7A6OS,7.19E-05,0.999611317,NS
ENSG00000103064,SLC7A6,0.036583255,0.444494281,NS
ENSG00000103066,PLA2G15,0.001698635,0.979140407,NS
ENSG00000103067,ESRP2,0.022782094,0.616343432,NS
ENSG00000103089,FA2H,-0.003147943,NA,NS
ENSG00000103091,WDR59,0.074063109,0.093128112,NS
ENSG00000103111,MON1B,-0.025671735,0.5753913,NS
ENSG00000103121,CMC2,-0.089149434,0.01526412,NS
ENSG00000103126,AXIN1,-0.009747405,0.869554316,NS
ENSG00000103145,HCFC1R1,-0.067127126,0.14384387,NS
ENSG00000103148,NPRL3,-0.002256892,0.968159844,NS
ENSG00000103150,MLYCD,-0.000205522,0.998368771,NS
ENSG00000103152,MPG,-0.045737101,0.310700841,NS
ENSG00000103160,HSDL1,0.056162616,0.196503794,NS
ENSG00000103168,TAF1C,-0.023601801,0.658918685,NS
ENSG00000103174,NAGPA,-0.028393369,0.558714629,NS
ENSG00000103187,COTL1,-0.027618141,0.572470664,NS
ENSG00000103194,USP10,-0.013616165,0.789779861,NS
ENSG00000103196,CRISPLD2,-0.156027666,0.007147225,NS
ENSG00000103197,TSC2,-0.030558399,0.458633658,NS
ENSG00000103199,ZNF500,-0.02043636,0.695013086,NS
ENSG00000103202,NME4,-0.000903156,NA,NS
ENSG00000103222,ABCC1,0.002084623,0.971780165,NS
ENSG00000103226,NOMO3,0.027377515,0.593644065,NS
ENSG00000103227,LMF1,-0.032568676,0.497139496,NS
ENSG00000103245,CIAO3,-0.054013318,0.226264114,NS
ENSG00000103248,MTHFSD,-0.031688741,0.526247097,NS
ENSG00000103249,CLCN7,0.127067186,0.003045127,NS
ENSG00000103253,HAGHL,-0.013383389,0.822302103,NS
ENSG00000103254,ANTKMT,-0.070277193,0.112107474,NS
ENSG00000103257,SLC7A5,-0.07531783,0.099808019,NS
ENSG00000103260,METRN,-0.074644063,0.073156966,NS
ENSG00000103264,FBXO31,-0.020671761,0.694877453,NS
ENSG00000103266,STUB1,-0.062475268,0.112226473,NS
ENSG00000103269,RHBDL1,-0.006900844,NA,NS
ENSG00000103274,NUBP1,-0.013198764,0.824824959,NS
ENSG00000103275,UBE2I,-0.031636373,0.431781433,NS
ENSG00000103313,MEFV,-0.008111348,NA,NS
ENSG00000103316,CRYM,-0.054317789,NA,NS
ENSG00000103319,EEF2K,-0.002564288,0.968159844,NS
ENSG00000103326,CAPN15,-0.019951337,0.708531808,NS
ENSG00000103335,PIEZO1,0.008613788,0.874543022,NS
ENSG00000103342,GSPT1,0.046095673,0.155265601,NS
ENSG00000103343,ZNF174,-0.008264093,0.896428141,NS
ENSG00000103351,CLUAP1,-0.017522168,0.758722751,NS
ENSG00000103353,UBFD1,0.061836043,0.091937684,NS
ENSG00000103356,EARS2,-0.003881479,0.949763998,NS
ENSG00000103363,ELOB,-0.133283245,0.00074877,NS
ENSG00000103365,GGA2,0.078247192,0.041978974,NS
ENSG00000103381,CPPED1,0.016725599,0.767425693,NS
ENSG00000103404,USP31,0.039346012,0.411859919,NS
ENSG00000103415,HMOX2,-0.046910733,0.299738846,NS
ENSG00000103423,DNAJA3,-0.03582699,0.325456658,NS
ENSG00000103426,CORO7-PAM16,-0.000985376,NA,NS
ENSG00000103429,BFAR,-0.006686591,0.913901756,NS
ENSG00000103460,TOX3,-0.000763976,NA,NS
ENSG00000103472,RRN3P2,-0.015056323,NA,NS
ENSG00000103479,RBL2,0.108321211,0.001400069,NS
ENSG00000103494,RPGRIP1L,0.014714127,0.801344297,NS
ENSG00000103495,MAZ,-0.074248272,0.014436695,NS
ENSG00000103496,STX4,-0.021457876,0.690421763,NS
ENSG00000103502,CDIPT,-0.044010235,0.32176292,NS
ENSG00000103507,BCKDK,0.008307739,0.888383345,NS
ENSG00000103510,KAT8,-0.037225816,0.448685156,NS
ENSG00000103512,NOMO1,0.018350237,0.674228287,NS
ENSG00000103540,CCP110,0.008165365,0.895366079,NS
ENSG00000103544,VPS35L,0.029448631,0.541295131,NS
ENSG00000103549,RNF40,-0.014129631,0.747275176,NS
ENSG00000103550,KNOP1,-0.047010507,0.296371065,NS
ENSG00000103591,AAGAB,0.004584004,0.938327569,NS
ENSG00000103599,IQCH,-0.011437749,NA,NS
ENSG00000103642,LACTB,-0.030531991,0.520023204,NS
ENSG00000103653,CSK,-0.054145726,0.17237201,NS
ENSG00000103657,HERC1,0.080190988,0.08209216,NS
ENSG00000103671,TRIP4,-0.005537061,0.934052957,NS
ENSG00000103707,MTFMT,-0.02128023,0.688220062,NS
ENSG00000103723,AP3B2,0.006253593,NA,NS
ENSG00000103740,ACSBG1,0.018496415,NA,NS
ENSG00000103742,IGDCC4,-0.001434932,NA,NS
ENSG00000103769,RAB11A,0.055090144,0.088501916,NS
ENSG00000103811,CTSH,0.050148463,0.187002455,NS
ENSG00000103852,TTC23,0.023006972,0.665757621,NS
ENSG00000103855,CD276,0.066690021,0.039915309,NS
ENSG00000103876,FAH,-0.038932337,0.388704075,NS
ENSG00000103888,CEMIP,-0.012445237,NA,NS
ENSG00000103932,RPAP1,-0.012488015,0.832951112,NS
ENSG00000103942,HOMER2,-0.04007491,0.299921191,NS
ENSG00000103966,EHD4,0.032733429,0.461479014,NS
ENSG00000103978,TMEM87A,0.041088024,0.29192838,NS
ENSG00000103994,ZNF106,0.065078887,0.143673475,NS
ENSG00000103995,CEP152,0.063408595,0.163524889,NS
ENSG00000104043,ATP8B4,-0.008052583,NA,NS
ENSG00000104047,DTWD1,0.029256473,0.564404443,NS
ENSG00000104055,TGM5,0.000339824,NA,NS
ENSG00000104059,ENTREP2,0.008939909,NA,NS
ENSG00000104064,GABPB1,-0.016016604,0.776540144,NS
ENSG00000104067,TJP1,0.0215138,0.6670199,NS
ENSG00000104081,BMF,0.004910683,0.940512641,NS
ENSG00000104093,DMXL2,0.08050339,0.076159336,NS
ENSG00000104129,DNAJC17,-0.053898708,0.241255895,NS
ENSG00000104131,EIF3J,-0.00770386,0.88379097,NS
ENSG00000104133,SPG11,0.065361184,0.131050081,NS
ENSG00000104140,RHOV,0.030892696,0.538346473,NS
ENSG00000104142,VPS18,0.039002848,0.411859919,NS
ENSG00000104147,OIP5,-0.093190834,0.037635499,NS
ENSG00000104154,SLC30A4,0.414135376,4.01E-18,NS
ENSG00000104164,BLOC1S6,0.170014644,4.54E-06,NS
ENSG00000104177,MYEF2,0.01184658,0.840288598,NS
ENSG00000104205,SGK3,-0.045184849,0.343580264,NS
ENSG00000104213,PDGFRL,-0.011788396,NA,NS
ENSG00000104218,CSPP1,-0.00803181,0.898549258,NS
ENSG00000104219,ZDHHC2,0.036549496,0.421434697,NS
ENSG00000104221,BRF2,-0.069441297,0.11699274,NS
ENSG00000104228,TRIM35,-0.004142393,0.950609935,NS
ENSG00000104231,ZFAND1,-0.000521281,0.994175045,NS
ENSG00000104290,FZD3,0.060195356,0.18096637,NS
ENSG00000104299,INTS9,-0.001190809,0.98617214,NS
ENSG00000104312,RIPK2,0.06398356,0.143487472,NS
ENSG00000104320,NBN,0.048498675,0.239522474,NS
ENSG00000104324,CPQ,-0.018384364,NA,NS
ENSG00000104325,DECR1,-0.007726106,0.902300791,NS
ENSG00000104331,BPNT2,0.069388023,0.057083028,NS
ENSG00000104341,LAPTM4B,0.065817244,0.126589081,NS
ENSG00000104343,UBE2W,0.013515223,0.805812056,NS
ENSG00000104356,POP1,-0.048923361,0.29032543,NS
ENSG00000104361,NIPAL2,0.05365014,0.24616513,NS
ENSG00000104365,IKBKB,0.042045637,0.375838326,NS
ENSG00000104369,JPH1,0.053332222,0.227298747,NS
ENSG00000104375,STK3,0.093456692,0.028539326,NS
ENSG00000104381,GDAP1,0.03087713,0.534603947,NS
ENSG00000104388,RAB2A,0.02325428,0.606378538,NS
ENSG00000104408,EIF3E,0.016961053,0.68232449,NS
ENSG00000104412,EMC2,-0.002214679,0.9700132,NS
ENSG00000104413,ESRP1,-0.019170469,0.690790406,NS
ENSG00000104419,NDRG1,-0.237704418,2.01E-11,NS
ENSG00000104427,ZC2HC1A,0.005006255,0.940926921,NS
ENSG00000104432,IL7,-0.012639076,NA,NS
ENSG00000104442,ARMC1,0.018021256,0.695483524,NS
ENSG00000104447,TRPS1,0.034510673,0.483759486,NS
ENSG00000104450,SPAG1,0.010871431,0.859441359,NS
ENSG00000104472,CHRAC1,-0.005499513,0.932115347,NS
ENSG00000104490,NCALD,0.049506872,NA,NS
ENSG00000104497,SNX16,-0.010139564,0.869072321,NS
ENSG00000104517,UBR5,0.095320886,0.024438271,NS
ENSG00000104522,GFUS,-0.039148754,0.377807431,NS
ENSG00000104524,PYCR3,-0.061833312,0.112107474,NS
ENSG00000104529,EEF1D,-0.118043799,0.000871151,NS
ENSG00000104549,SQLE,0.126383239,0.000160089,NS
ENSG00000104611,SH2D4A,-0.006690085,0.911172193,NS
ENSG00000104613,INTS10,-0.001575173,0.977630631,NS
ENSG00000104626,ERI1,0.004156573,0.948675007,NS
ENSG00000104635,SLC39A14,0.023067475,0.579595275,NS
ENSG00000104643,MTMR9,-0.018378501,0.727728844,NS
ENSG00000104660,LEPROTL1,0.019067612,0.708097523,NS
ENSG00000104671,DCTN6,-0.013047249,0.811627943,NS
ENSG00000104679,R3HCC1,-0.056346707,0.174962625,NS
ENSG00000104687,GSR,-0.008091189,0.867355899,NS
ENSG00000104689,TNFRSF10A,-0.020285179,0.676502226,NS
ENSG00000104691,UBXN8,0.0099245,0.865777781,NS
ENSG00000104695,PPP2CB,-0.036189295,0.367666212,NS
ENSG00000104714,ERICH1,0.007841157,0.90236048,NS
ENSG00000104723,TUSC3,-0.032150827,0.486935853,NS
ENSG00000104728,ARHGEF10,0.128067893,0.006856697,NS
ENSG00000104731,KLHDC4,-0.052274113,0.242769098,NS
ENSG00000104738,MCM4,0.001220444,0.98223536,NS
ENSG00000104756,KCTD9,-0.017594147,0.723436536,NS
ENSG00000104760,FGL1,-0.019223557,NA,NS
ENSG00000104763,ASAH1,0.005642171,0.910425301,NS
ENSG00000104765,BNIP3L,0.088828263,0.007822872,NS
ENSG00000104774,MAN2B1,-0.023188774,0.583780403,NS
ENSG00000104805,NUCB1,-0.012222089,0.825765627,NS
ENSG00000104808,DHDH,0.003940284,NA,NS
ENSG00000104812,GYS1,0.021902805,0.640425548,NS
ENSG00000104814,MAP4K1,0.006651246,NA,NS
ENSG00000104823,ECH1,-0.0245804,0.589370706,NS
ENSG00000104824,HNRNPL,-0.062010705,0.04186993,NS
ENSG00000104825,NFKBIB,-0.037413377,0.445025143,NS
ENSG00000104833,TUBB4A,0.036976312,0.415670509,NS
ENSG00000104835,SARS2,-0.03979063,0.407423376,NS
ENSG00000104852,SNRNP70,-0.068771617,0.05540679,NS
ENSG00000104853,CLPTM1,0.011393169,NA,NS
ENSG00000104856,RELB,0.008339213,NA,NS
ENSG00000104859,CLASRP,-0.027303541,0.59217326,NS
ENSG00000104863,LIN7B,-0.133480938,0.012704478,NS
ENSG00000104866,PPP1R37,-0.039429649,0.414633771,NS
ENSG00000104870,FCGRT,-0.002111442,NA,NS
ENSG00000104872,PIH1D1,-0.090703479,0.018967138,NS
ENSG00000104880,ARHGEF18,-0.022489487,0.659996321,NS
ENSG00000104881,PPP1R13L,-0.005221816,NA,NS
ENSG00000104883,PEX11G,-0.016026448,0.768021171,NS
ENSG00000104884,ERCC2,0.024231601,0.646265805,NS
ENSG00000104885,DOT1L,0.004965786,0.935723537,NS
ENSG00000104886,PLEKHJ1,-0.086935928,0.029085735,NS
ENSG00000104889,RNASEH2A,-0.137945679,0.000330517,NS
ENSG00000104892,KLC3,0.000647059,NA,NS
ENSG00000104897,SF3A2,-0.032074527,0.428019145,NS
ENSG00000104899,AMH,0.006657548,NA,NS
ENSG00000104901,DKKL1,0.007492978,NA,NS
ENSG00000104904,OAZ1,-0.080799636,0.046365932,NS
ENSG00000104907,TRMT1,-0.046573662,0.31740574,NS
ENSG00000104915,STX10,-0.025662845,0.617617397,NS
ENSG00000104936,DMPK,-0.033447788,NA,NS
ENSG00000104946,TBC1D17,0.0189909,0.725356627,NS
ENSG00000104951,IL4I1,-0.027054178,NA,NS
ENSG00000104953,TLE6,-0.036463867,0.452652231,NS
ENSG00000104957,YJU2B,-0.054842536,0.241892098,NS
ENSG00000104960,PTOV1,-0.014240915,0.777641899,NS
ENSG00000104964,TLE5,-0.044984895,0.249297659,NS
ENSG00000104969,SGTA,-0.039969819,0.285773694,NS
ENSG00000104973,MED25,-0.014128194,0.799466393,NS
ENSG00000104976,SNAPC2,-0.04588541,0.318671737,NS
ENSG00000104979,C19orf53,-0.06868113,0.102190344,NS
ENSG00000104980,TIMM44,-0.064573725,0.085092432,NS
ENSG00000104983,CCDC61,-0.018989778,NA,NS
ENSG00000104998,IL27RA,0.004151379,NA,NS
ENSG00000105011,ASF1B,-0.059514319,0.106318213,NS
ENSG00000105048,TNNT1,0.003998407,NA,NS
ENSG00000105053,VRK3,-0.049505338,0.29132825,NS
ENSG00000105058,FAM32A,-0.0326658,0.480718557,NS
ENSG00000105063,PPP6R1,-0.033001911,0.421970851,NS
ENSG00000105072,C19orf44,-0.000878254,0.989725143,NS
ENSG00000105085,MED26,0.004924616,0.941692894,NS
ENSG00000105088,OLFM2,-0.01984656,NA,NS
ENSG00000105127,AKAP8,-0.005329507,0.933797547,NS
ENSG00000105135,ILVBL,-0.046393828,0.277506138,NS
ENSG00000105136,ZNF419,-0.049976484,0.290482954,NS
ENSG00000105137,SYDE1,0.007818523,NA,NS
ENSG00000105146,AURKC,0.006465169,NA,NS
ENSG00000105171,POP4,-0.056043238,0.182626845,NS
ENSG00000105173,CCNE1,-0.008277389,0.891662522,NS
ENSG00000105176,URI1,0.034694852,0.360734571,NS
ENSG00000105185,PDCD5,-0.062296678,0.148034838,NS
ENSG00000105186,ANKRD27,0.046446376,0.284676696,NS
ENSG00000105193,RPS16,-0.082834536,0.0422515,NS
ENSG00000105197,TIMM50,-0.05827085,0.14024565,NS
ENSG00000105202,FBL,-0.040222154,0.357364628,NS
ENSG00000105204,DYRK1B,-0.005435309,0.935930692,NS
ENSG00000105220,GPI,-0.025005235,0.478480848,NS
ENSG00000105221,AKT2,0.026049808,0.461479014,NS
ENSG00000105223,PLD3,0.034220182,0.39379816,NS
ENSG00000105229,PIAS4,-0.025877356,0.62086037,NS
ENSG00000105245,NUMBL,2.49E-05,0.999885158,NS
ENSG00000105248,YJU2,-0.093001072,0.036232674,NS
ENSG00000105254,TBCB,-0.099749906,0.009832194,NS
ENSG00000105255,FSD1,0.000977679,NA,NS
ENSG00000105258,POLR2I,-0.110472474,0.011913074,NS
ENSG00000105270,CLIP3,0.010366842,NA,NS
ENSG00000105281,SLC1A5,-0.104826798,0.000294795,NS
ENSG00000105287,PRKD2,-0.03439769,0.486007502,NS
ENSG00000105289,TJP3,0.022351106,NA,NS
ENSG00000105290,APLP1,-0.063705156,0.106743121,NS
ENSG00000105298,CACTIN,-0.042004849,0.357614003,NS
ENSG00000105321,CCDC9,-0.027751623,0.582595687,NS
ENSG00000105323,HNRNPUL1,-0.029151988,0.383304398,NS
ENSG00000105325,FZR1,-0.040519318,0.359031257,NS
ENSG00000105327,BBC3,-0.058394491,0.183605619,NS
ENSG00000105339,DENND3,0.026981265,NA,NS
ENSG00000105341,DMAC2,-0.013413559,0.818983805,NS
ENSG00000105355,PLIN3,-0.061176381,0.122255,NS
ENSG00000105357,MYH14,0.024216519,0.605706542,NS
ENSG00000105364,MRPL4,-0.074807709,0.046882417,NS
ENSG00000105372,RPS19,-0.080412215,0.054794019,NS
ENSG00000105373,NOP53,-0.03925395,0.379034787,NS
ENSG00000105376,ICAM5,-0.007374322,NA,NS
ENSG00000105379,ETFB,-0.088488595,0.025702414,NS
ENSG00000105383,CD33,0.003088321,NA,NS
ENSG00000105393,BABAM1,-0.047194361,0.285503594,NS
ENSG00000105397,TYK2,-0.024081634,0.629573099,NS
ENSG00000105401,CDC37,-0.086825979,0.019758304,NS
ENSG00000105402,NAPA,-0.023054432,0.593090823,NS
ENSG00000105404,RABAC1,-0.027374874,0.591007215,NS
ENSG00000105409,ATP1A3,0.006456789,NA,NS
ENSG00000105426,PTPRS,0.001520024,0.982183168,NS
ENSG00000105427,CNFN,-0.054297533,0.219041922,NS
ENSG00000105429,MEGF8,0.018043178,0.743785916,NS
ENSG00000105438,KDELR1,-0.062592459,0.101679099,NS
ENSG00000105443,CYTH2,-0.047044255,0.305654243,NS
ENSG00000105447,GRWD1,-0.035493137,0.390825705,NS
ENSG00000105464,GRIN2D,-0.007500216,NA,NS
ENSG00000105467,SYNGR4,0.005892264,NA,NS
ENSG00000105472,CLEC11A,-0.035634635,0.469851708,NS
ENSG00000105483,CARD8,-0.026033809,0.580196962,NS
ENSG00000105486,LIG1,-0.106114649,0.011338725,NS
ENSG00000105497,ZNF175,0.01029501,0.859430032,NS
ENSG00000105514,RAB3D,-0.006496457,0.911172193,NS
ENSG00000105516,DBP,0.031007529,0.529466424,NS
ENSG00000105518,TMEM205,-0.040027752,0.381616943,NS
ENSG00000105519,CAPS,-0.029158502,NA,NS
ENSG00000105520,PLPPR2,0.016005763,0.723661952,NS
ENSG00000105523,FAM83E,-0.002272506,NA,NS
ENSG00000105538,RASIP1,0.00040166,NA,NS
ENSG00000105550,FGF21,-0.011702568,NA,NS
ENSG00000105552,BCAT2,-0.022990208,0.661263334,NS
ENSG00000105556,MIER2,-0.099268527,0.028206583,NS
ENSG00000105568,PPP2R1A,-0.042007458,0.259836688,NS
ENSG00000105576,TNPO2,0.016898423,0.747617786,NS
ENSG00000105583,WDR83OS,-0.04899283,0.256742629,NS
ENSG00000105607,GCDH,-0.036615575,0.446854062,NS
ENSG00000105612,DNASE2,0.010297497,0.849320964,NS
ENSG00000105613,MAST1,0.038641501,NA,NS
ENSG00000105617,LENG1,-0.021354039,0.668779592,NS
ENSG00000105618,PRPF31,-0.049914452,0.237957854,NS
ENSG00000105619,TFPT,-0.080420581,0.080009783,NS
ENSG00000105639,JAK3,0.003118674,NA,NS
ENSG00000105640,RPL18A,-0.073611046,0.085558681,NS
ENSG00000105643,ARRDC2,0.02084949,0.702289081,NS
ENSG00000105647,PIK3R2,0.001912534,0.973169013,NS
ENSG00000105649,RAB3A,0.027398688,0.58928398,NS
ENSG00000105655,ISYNA1,0.010879752,0.858188344,NS
ENSG00000105656,ELL,-0.038651789,0.418796374,NS
ENSG00000105662,CRTC1,-0.006009438,0.92640012,NS
ENSG00000105669,COPE,-0.085320738,0.037371203,NS
ENSG00000105671,DDX49,-0.06863198,0.066047196,NS
ENSG00000105672,ETV2,0.001685131,NA,NS
ENSG00000105676,ARMC6,-0.01706699,0.729741314,NS
ENSG00000105677,TMEM147,-0.055989021,0.16945227,NS
ENSG00000105696,TMEM59L,-0.011736156,NA,NS
ENSG00000105698,USF2,-0.045575274,0.242700238,NS
ENSG00000105699,LSR,-0.05259221,0.182626845,NS
ENSG00000105700,KXD1,0.007352891,0.895975479,NS
ENSG00000105701,FKBP8,-0.06876657,0.062935296,NS
ENSG00000105705,SUGP1,-0.003520222,0.955430062,NS
ENSG00000105707,HPN,0.038501217,0.382389979,NS
ENSG00000105708,ZNF14,0.034219887,0.468457708,NS
ENSG00000105711,SCN1B,0.01153903,NA,NS
ENSG00000105717,PBX4,-0.010066169,NA,NS
ENSG00000105722,ERF,-0.05113188,0.259604644,NS
ENSG00000105723,GSK3A,-0.035312686,0.412454963,NS
ENSG00000105726,ATP13A1,0.008192534,0.879274744,NS
ENSG00000105732,ZNF574,0.010902405,0.858266736,NS
ENSG00000105737,GRIK5,0.002683202,NA,NS
ENSG00000105738,SIPA1L3,-0.014085959,0.807344586,NS
ENSG00000105750,ZNF85,0.016233521,0.780436063,NS
ENSG00000105755,ETHE1,-0.013373571,0.823026912,NS
ENSG00000105767,CADM4,-0.000506421,0.994792328,NS
ENSG00000105771,SMG9,-0.032822758,0.49557787,NS
ENSG00000105778,AVL9,0.149946076,3.83E-05,NS
ENSG00000105784,RUNDC3B,0.027886516,NA,NS
ENSG00000105792,CFAP69,0.021549516,NA,NS
ENSG00000105793,GTPBP10,0.015933996,0.756296472,NS
ENSG00000105808,RASA4,0.02391176,NA,NS
ENSG00000105810,CDK6,-0.005890265,0.928137693,NS
ENSG00000105819,PMPCB,-0.034522171,0.394598725,NS
ENSG00000105821,DNAJC2,-0.009773969,0.862304768,NS
ENSG00000105829,BET1,0.004366596,0.948675007,NS
ENSG00000105835,NAMPT,0.042958315,0.253653877,NS
ENSG00000105849,POLR1F,0.045665273,0.225967088,NS
ENSG00000105854,PON2,0.008628337,0.872062551,NS
ENSG00000105855,ITGB8,0.001708172,NA,NS
ENSG00000105856,HBP1,0.031823245,0.505626436,NS
ENSG00000105865,DUS4L,-0.058617264,0.208011056,NS
ENSG00000105866,SP4,0.043105601,0.362543059,NS
ENSG00000105875,WDR91,-0.003167605,0.962107072,NS
ENSG00000105877,DNAH11,-0.004016553,NA,NS
ENSG00000105879,CBLL1,-0.031777412,0.509541479,NS
ENSG00000105880,DLX5,-3.21E-05,NA,NS
ENSG00000105887,MTPN,0.038653518,0.299807112,NS
ENSG00000105926,PALS2,0.093078246,0.012734762,NS
ENSG00000105928,GSDME,-0.00730239,NA,NS
ENSG00000105939,ZC3HAV1,0.052447841,0.222854702,NS
ENSG00000105948,IFT56,-0.018195346,0.729681353,NS
ENSG00000105953,OGDH,0.089623626,0.003705818,NS
ENSG00000105963,ADAP1,-0.006891379,NA,NS
ENSG00000105968,H2AZ2,-0.022506785,0.599869354,NS
ENSG00000105971,CAV2,-0.001311608,NA,NS
ENSG00000105976,MET,0.015146309,NA,NS
ENSG00000105982,RNF32,-0.023569088,NA,NS
ENSG00000105983,LMBR1,0.058966779,0.165710166,NS
ENSG00000105991,HOXA1,-0.007848591,NA,NS
ENSG00000105993,DNAJB6,0.013730851,0.772357195,NS
ENSG00000105996,HOXA2,0.0051678,NA,NS
ENSG00000105997,HOXA3,-0.006607843,NA,NS
ENSG00000106003,LFNG,-0.024358695,NA,NS
ENSG00000106004,HOXA5,-0.004980318,NA,NS
ENSG00000106006,HOXA6,-0.019709146,NA,NS
ENSG00000106009,BRAT1,-0.042362427,0.275151586,NS
ENSG00000106012,IQCE,0.014916292,0.76453921,NS
ENSG00000106018,VIPR2,-0.04713925,0.319403663,NS
ENSG00000106025,TSPAN12,-0.00173615,NA,NS
ENSG00000106028,SSBP1,-0.033848885,0.458660319,NS
ENSG00000106049,HIBADH,0.047129656,0.227298747,NS
ENSG00000106052,TAX1BP1,-0.011700513,0.807672463,NS
ENSG00000106069,CHN2,-0.003253595,NA,NS
ENSG00000106070,GRB10,0.085466822,0.008646045,NS
ENSG00000106077,ABHD11,-0.03139003,0.510181264,NS
ENSG00000106078,COBL,0.084471123,0.045553523,NS
ENSG00000106080,FKBP14,0.040373446,0.403391325,NS
ENSG00000106086,PLEKHA8,0.012937282,0.828118426,NS
ENSG00000106089,STX1A,-0.004608479,NA,NS
ENSG00000106100,NOD1,0.016619622,NA,NS
ENSG00000106105,GARS1,-0.077111433,0.007890045,NS
ENSG00000106123,EPHB6,-0.001936202,NA,NS
ENSG00000106125,MINDY4,0.016939926,0.75773848,NS
ENSG00000106128,GHRHR,-0.004497443,NA,NS
ENSG00000106144,CASP2,0.010884399,0.848145985,NS
ENSG00000106153,CHCHD2,-0.078701431,0.049375458,NS
ENSG00000106211,HSPB1,-0.048541844,0.194953899,NS
ENSG00000106236,NPTX2,-0.002262202,0.968746607,NS
ENSG00000106244,PDAP1,-0.042649503,0.288870889,NS
ENSG00000106245,BUD31,-0.058984521,0.15888988,NS
ENSG00000106246,PTCD1,0.033430024,0.456633636,NS
ENSG00000106258,CYP3A5,0.014720896,NA,NS
ENSG00000106261,ZKSCAN1,0.070240813,0.099808019,NS
ENSG00000106263,EIF3B,0.023372018,0.557828853,NS
ENSG00000106266,SNX8,0.030795621,0.527043168,NS
ENSG00000106268,NUDT1,-0.062694264,0.162313451,NS
ENSG00000106290,TAF6,-0.043748116,0.285945793,NS
ENSG00000106299,WASL,0.041347378,0.366295844,NS
ENSG00000106305,AIMP2,-0.017738697,0.738811318,NS
ENSG00000106330,MOSPD3,0.017093244,0.764161839,NS
ENSG00000106333,PCOLCE,0.003196364,NA,NS
ENSG00000106336,FBXO24,-0.00872732,NA,NS
ENSG00000106344,RBM28,0.031770274,0.498232772,NS
ENSG00000106346,USP42,0.021499992,0.691071283,NS
ENSG00000106348,IMPDH1,-0.05240265,0.146741549,NS
ENSG00000106351,AGFG2,-0.049735453,0.275645327,NS
ENSG00000106355,LSM5,-0.029289005,0.524304988,NS
ENSG00000106367,AP1S1,-0.031715091,0.476108819,NS
ENSG00000106392,C1GALT1,0.05882167,0.200863883,NS
ENSG00000106397,PLOD3,0.021165495,0.665757621,NS
ENSG00000106399,RPA3,-0.05191393,0.252336407,NS
ENSG00000106400,ZNHIT1,-0.064825652,0.117343025,NS
ENSG00000106404,CLDN15,-0.027274362,NA,NS
ENSG00000106415,GLCCI1,-0.008586767,0.883924864,NS
ENSG00000106443,PHF14,0.009111199,0.859065179,NS
ENSG00000106459,NRF1,0.020940183,0.698470594,NS
ENSG00000106460,TMEM106B,-0.012701771,0.81474255,NS
ENSG00000106462,EZH2,-0.017993423,0.747642295,NS
ENSG00000106477,CEP41,-0.016453886,0.776885211,NS
ENSG00000106479,ZNF862,0.02465671,0.642890863,NS
ENSG00000106484,MEST,0.009819814,NA,NS
ENSG00000106524,ANKMY2,-0.010509354,0.863865153,NS
ENSG00000106526,ACTR3C,0.047352823,0.280560217,NS
ENSG00000106537,TSPAN13,0.025445674,0.46392624,NS
ENSG00000106538,RARRES2,-0.00674884,NA,NS
ENSG00000106541,AGR2,-0.072355814,0.099539372,NS
ENSG00000106546,AHR,0.030331123,0.540731455,NS
ENSG00000106554,CHCHD3,-0.004680626,0.940721594,NS
ENSG00000106560,GIMAP2,0.016423592,NA,NS
ENSG00000106571,GLI3,0.004182289,0.950609935,NS
ENSG00000106588,PSMA2,-0.042870985,0.302062067,NS
ENSG00000106591,MRPL32,-0.046242582,0.234881884,NS
ENSG00000106603,COA1,-0.035196413,0.44660392,NS
ENSG00000106605,BLVRA,-0.020020986,0.693372588,NS
ENSG00000106608,URGCP,0.034222589,0.433342174,NS
ENSG00000106609,TMEM248,0.013241774,0.793327268,NS
ENSG00000106615,RHEB,0.003862754,0.949281937,NS
ENSG00000106617,PRKAG2,0.030054504,0.547254301,NS
ENSG00000106628,POLD2,-0.037085544,0.350175335,NS
ENSG00000106635,BCL7B,-0.016672657,0.754159959,NS
ENSG00000106636,YKT6,0.000157618,0.998368771,NS
ENSG00000106638,TBL2,0.019861671,0.68031156,NS
ENSG00000106665,CLIP2,0.011630804,NA,NS
ENSG00000106682,EIF4H,-0.008447635,0.840022644,NS
ENSG00000106683,LIMK1,0.006863328,0.906856292,NS
ENSG00000106686,SPATA6L,0.009344691,NA,NS
ENSG00000106688,SLC1A1,0.062556159,0.174962625,NS
ENSG00000106689,LHX2,-0.013477749,0.809521731,NS
ENSG00000106692,FKTN,0.079395732,0.053552385,NS
ENSG00000106701,FSD1L,0.046702153,0.289173868,NS
ENSG00000106714,CNTNAP3,-0.041555914,0.353107575,NS
ENSG00000106723,SPIN1,0.030078212,0.496876918,NS
ENSG00000106733,NMRK1,0.008052762,0.897299596,NS
ENSG00000106771,TMEM245,0.073255423,0.058434039,NS
ENSG00000106772,PRUNE2,0.141530755,0.007028255,NS
ENSG00000106780,MEGF9,-0.003153688,0.962107072,NS
ENSG00000106785,TRIM14,0.011545428,0.82661256,NS
ENSG00000106789,CORO2A,0.011215993,0.844270624,NS
ENSG00000106799,TGFBR1,0.021679264,0.687723719,NS
ENSG00000106803,SEC61B,-0.068936505,0.109107045,NS
ENSG00000106804,C5,-0.001453169,NA,NS
ENSG00000106829,TLE4,-0.010823296,NA,NS
ENSG00000106853,PTGR1,-0.08676984,0.01284649,NS
ENSG00000106927,AMBP,0.002898895,NA,NS
ENSG00000106948,AKNA,0.008448007,NA,NS
ENSG00000106976,DNM1,0.015944794,NA,NS
ENSG00000106992,AK1,-0.090643614,0.028858143,NS
ENSG00000106993,CDC37L1,0.027623991,0.588756514,NS
ENSG00000107018,RLN1,0.002710071,NA,NS
ENSG00000107020,PLGRKT,0.004054622,0.951091685,NS
ENSG00000107021,TBC1D13,0.019286857,0.701093602,NS
ENSG00000107036,RIC1,0.092260779,0.038515205,NS
ENSG00000107077,KDM4C,0.052622048,0.258982617,NS
ENSG00000107099,DOCK8,-0.022029064,NA,NS
ENSG00000107104,KANK1,0.016303579,0.776697161,NS
ENSG00000107105,ELAVL2,-0.016974312,0.756854128,NS
ENSG00000107130,NCS1,-0.027475589,0.524477103,NS
ENSG00000107140,TESK1,-0.018497576,0.740198214,NS
ENSG00000107147,KCNT1,-0.002843176,NA,NS
ENSG00000107164,FUBP3,0.024916464,0.607768693,NS
ENSG00000107165,TYRP1,0.001089701,NA,NS
ENSG00000107175,CREB3,-0.007916837,0.897023001,NS
ENSG00000107185,RGP1,0.006330907,0.908998711,NS
ENSG00000107186,MPDZ,0.047888655,0.312818557,NS
ENSG00000107201,RIGI,0.002456486,NA,NS
ENSG00000107223,EDF1,-0.114284046,0.002662936,NS
ENSG00000107262,BAG1,0.021477944,0.642890863,NS
ENSG00000107263,RAPGEF1,0.055206306,0.161616809,NS
ENSG00000107281,NPDC1,-0.028890036,0.50612317,NS
ENSG00000107282,APBA1,0.007066425,NA,NS
ENSG00000107290,SETX,0.124150196,0.003593497,NS
ENSG00000107295,SH3GL2,-0.005667607,NA,NS
ENSG00000107331,ABCA2,0.071457118,0.072349578,NS
ENSG00000107338,SHB,-0.00374916,0.95414208,NS
ENSG00000107341,UBE2R2,-0.044861275,0.238131023,NS
ENSG00000107362,ABHD17B,0.020861848,0.702531022,NS
ENSG00000107371,EXOSC3,-0.09447462,0.014235769,NS
ENSG00000107372,ZFAND5,0.056935129,0.117906773,NS
ENSG00000107404,DVL1,-0.035126887,0.37644204,NS
ENSG00000107438,PDLIM1,-0.017276951,0.755768903,NS
ENSG00000107518,ATRNL1,-0.022961745,NA,NS
ENSG00000107521,HPS1,0.082522391,0.056562988,NS
ENSG00000107537,PHYH,0.04877718,0.248110865,NS
ENSG00000107551,RASSF4,0.014014844,NA,NS
ENSG00000107554,DNMBP,0.074629112,0.10444053,NS
ENSG00000107560,RAB11FIP2,0.052853375,0.261458299,NS
ENSG00000107566,ERLIN1,0.041943413,0.366519899,NS
ENSG00000107581,EIF3A,0.079227427,0.012733022,NS
ENSG00000107614,TRDMT1,0.062734123,0.163150965,NS
ENSG00000107625,DDX50,0.016929365,0.738541013,NS
ENSG00000107643,MAPK8,0.043287092,0.330956046,NS
ENSG00000107651,SEC23IP,0.039688368,0.355874525,NS
ENSG00000107669,ATE1,0.033042273,0.484813066,NS
ENSG00000107672,NSMCE4A,-0.006926946,0.914603094,NS
ENSG00000107679,PLEKHA1,0.094307958,0.028680899,NS
ENSG00000107719,PALD1,0.010908859,NA,NS
ENSG00000107731,UNC5B,-0.003296545,NA,NS
ENSG00000107736,CDH23,-0.001079015,NA,NS
ENSG00000107738,VSIR,0.004431287,NA,NS
ENSG00000107742,SPOCK2,0.020449722,NA,NS
ENSG00000107745,MICU1,0.083482571,0.031376251,NS
ENSG00000107758,PPP3CB,0.003722794,0.952679416,NS
ENSG00000107771,CCSER2,0.08420743,0.067557516,NS
ENSG00000107779,BMPR1A,-0.004267617,0.949281937,NS
ENSG00000107789,MINPP1,0.009921087,0.869282955,NS
ENSG00000107796,ACTA2,-0.00977789,NA,NS
ENSG00000107798,LIPA,0.042285351,0.311312473,NS
ENSG00000107815,TWNK,0.028098061,0.568773051,NS
ENSG00000107816,LZTS2,0.003719914,0.954738765,NS
ENSG00000107819,SFXN3,0.067077603,0.135316287,NS
ENSG00000107821,KAZALD1,-0.030297039,0.547254301,NS
ENSG00000107829,FBXW4,-0.040554143,0.372800563,NS
ENSG00000107833,NPM3,-0.07866167,0.054119362,NS
ENSG00000107854,TNKS2,0.115069092,0.007742225,NS
ENSG00000107862,GBF1,0.05255116,0.216095435,NS
ENSG00000107863,ARHGAP21,0.091578927,0.035210087,NS
ENSG00000107864,CPEB3,0.026868143,0.592599037,NS
ENSG00000107872,FBXL15,-0.042103019,0.377946539,NS
ENSG00000107874,CUEDC2,-0.044179256,0.308364649,NS
ENSG00000107882,SUFU,0.022932978,0.660750271,NS
ENSG00000107890,ANKRD26,-0.01847155,0.745336462,NS
ENSG00000107897,ACBD5,0.083528418,0.050237253,NS
ENSG00000107902,LHPP,-0.028760642,NA,NS
ENSG00000107929,LARP4B,0.06831158,0.067513451,NS
ENSG00000107937,GTPBP4,0.01890699,0.645061223,NS
ENSG00000107938,EDRF1,0.084643127,0.057103989,NS
ENSG00000107949,BCCIP,-0.002159671,0.968278814,NS
ENSG00000107951,MTPAP,0.032467354,0.508879983,NS
ENSG00000107954,NEURL1,0.000944312,NA,NS
ENSG00000107957,SH3PXD2A,0.051095054,NA,NS
ENSG00000107959,PITRM1,0.033669381,0.388161336,NS
ENSG00000107960,STN1,0.046422606,0.32954909,NS
ENSG00000107968,MAP3K8,0.068235806,0.129152087,NS
ENSG00000108001,EBF3,0.0365087,NA,NS
ENSG00000108010,GLRX3,-0.010191037,0.847704215,NS
ENSG00000108021,TASOR2,0.084811783,0.056127985,NS
ENSG00000108039,XPNPEP1,-0.025175525,0.568773051,NS
ENSG00000108055,SMC3,0.014216654,0.785093933,NS
ENSG00000108061,SHOC2,0.032906469,0.465423824,NS
ENSG00000108064,TFAM,0.020009679,0.645941536,NS
ENSG00000108091,CCDC6,0.022496769,0.634721151,NS
ENSG00000108094,CUL2,0.018188238,0.695483524,NS
ENSG00000108100,CCNY,0.0133546,0.789214828,NS
ENSG00000108106,UBE2S,-0.136283411,5.10E-05,NS
ENSG00000108107,RPL28,-0.122662463,0.001317431,NS
ENSG00000108175,ZMIZ1,0.05398074,0.177145653,NS
ENSG00000108176,DNAJC12,0.006193474,0.921394823,NS
ENSG00000108179,PPIF,0.025995843,0.487095316,NS
ENSG00000108187,PBLD,-0.008272832,NA,NS
ENSG00000108219,TSPAN14,0.017526964,0.697137281,NS
ENSG00000108239,TBC1D12,0.040926517,0.393926922,NS
ENSG00000108256,NUFIP2,0.109172893,0.00221549,NS
ENSG00000108262,GIT1,1.64E-05,0.999885158,NS
ENSG00000108298,RPL19,-0.048070158,0.254608436,NS
ENSG00000108306,FBXL20,0.034033864,0.484759941,NS
ENSG00000108309,RUNDC3A,-0.00680725,NA,NS
ENSG00000108312,UBTF,-0.004400363,0.938521633,NS
ENSG00000108344,PSMD3,-0.025046606,0.498232772,NS
ENSG00000108349,CASC3,0.045298778,0.226077198,NS
ENSG00000108352,RAPGEFL1,0.018914914,0.715621167,NS
ENSG00000108370,RGS9,-0.02134582,0.686241884,NS
ENSG00000108375,RNF43,0.061731359,0.182626845,NS
ENSG00000108379,WNT3,-0.006464057,NA,NS
ENSG00000108384,RAD51C,-0.052496344,0.205056768,NS
ENSG00000108387,SEPTIN4,0.004518665,NA,NS
ENSG00000108389,MTMR4,0.068446604,0.095817541,NS
ENSG00000108395,TRIM37,0.090052738,0.012140537,NS
ENSG00000108406,DHX40,0.024245938,0.57714286,NS
ENSG00000108423,TUBD1,-0.001571066,0.981922259,NS
ENSG00000108424,KPNB1,-0.011874931,0.793529461,NS
ENSG00000108433,GOSR2,0.058915627,0.173627729,NS
ENSG00000108439,PNPO,-0.002206582,0.967509158,NS
ENSG00000108443,RPS6KB1,0.037243977,0.390279307,NS
ENSG00000108448,TRIM16L,-0.003038457,NA,NS
ENSG00000108465,CDK5RAP3,-0.053695378,0.18528682,NS
ENSG00000108468,CBX1,-0.041789507,0.191717533,NS
ENSG00000108469,RECQL5,-0.032756366,0.50612317,NS
ENSG00000108474,PIGL,-0.026784299,0.588318121,NS
ENSG00000108479,GALK1,-0.015595165,0.789214828,NS
ENSG00000108506,INTS2,0.034607967,0.484023121,NS
ENSG00000108509,CAMTA2,-0.015237801,0.777254624,NS
ENSG00000108510,MED13,0.084037468,0.051504777,NS
ENSG00000108511,HOXB6,0.0077608,NA,NS
ENSG00000108515,ENO3,0.002161577,NA,NS
ENSG00000108518,PFN1,-0.094498432,0.014819806,NS
ENSG00000108523,RNF167,-0.022096862,0.622131432,NS
ENSG00000108528,SLC25A11,-0.075725087,0.040975942,NS
ENSG00000108551,RASD1,0.00852041,NA,NS
ENSG00000108557,RAI1,0.027349256,0.551887372,NS
ENSG00000108559,NUP88,-0.039010874,0.322182989,NS
ENSG00000108561,C1QBP,-0.059516693,0.089781799,NS
ENSG00000108578,BLMH,0.005553304,0.923750304,NS
ENSG00000108582,CPD,0.080112787,0.058982508,NS
ENSG00000108587,GOSR1,0.025213935,0.547153511,NS
ENSG00000108588,CCDC47,0.056974654,0.076278903,NS
ENSG00000108590,MED31,0.002329173,0.969841309,NS
ENSG00000108591,DRG2,-0.022946947,0.626049437,NS
ENSG00000108592,FTSJ3,-0.040077706,0.275796931,NS
ENSG00000108599,AKAP10,0.061967719,0.18027095,NS
ENSG00000108604,SMARCD2,-0.054303394,0.109723691,NS
ENSG00000108639,SYNGR2,-0.075359825,0.032297434,NS
ENSG00000108641,B9D1,-0.022839918,0.647503087,NS
ENSG00000108651,UTP6,0.003713409,0.948675007,NS
ENSG00000108654,DDX5,0.000746592,0.989703163,NS
ENSG00000108666,C17orf75,-0.006887375,0.908561495,NS
ENSG00000108669,CYTH1,-0.042274688,0.357364628,NS
ENSG00000108671,PSMD11,-0.029115599,0.454332251,NS
ENSG00000108679,LGALS3BP,0.01696681,NA,NS
ENSG00000108733,PEX12,0.011920515,0.842885741,NS
ENSG00000108771,DHX58,-0.009590987,NA,NS
ENSG00000108773,KAT2A,-0.042667352,0.264577252,NS
ENSG00000108774,RAB5C,0.034325792,0.387563749,NS
ENSG00000108784,NAGLU,0.026809434,0.583780403,NS
ENSG00000108786,HSD17B1,-0.072383169,NA,NS
ENSG00000108788,MLX,0.008578894,0.872636875,NS
ENSG00000108797,CNTNAP1,0.007482021,NA,NS
ENSG00000108798,ABI3,-0.008450809,NA,NS
ENSG00000108799,EZH1,0.028047767,0.58287642,NS
ENSG00000108819,PPP1R9B,-0.022832093,0.618442837,NS
ENSG00000108821,COL1A1,-0.002532192,0.968159844,NS
ENSG00000108825,PTGES3L-AARSD1,-0.00525915,NA,NS
ENSG00000108826,MRPL27,-0.048867741,0.273347372,NS
ENSG00000108828,VAT1,0.056006418,0.134936789,NS
ENSG00000108829,LRRC59,-0.011134239,0.810013547,NS
ENSG00000108840,HDAC5,0.049710511,0.293634615,NS
ENSG00000108848,LUC7L3,-0.034855908,0.430099167,NS
ENSG00000108852,MPP2,0.014459246,0.78079683,NS
ENSG00000108854,SMURF2,0.015019267,0.79081691,NS
ENSG00000108861,DUSP3,0.142772995,7.41E-05,NS
ENSG00000108883,EFTUD2,0.008752765,0.862927824,NS
ENSG00000108924,HLF,0.007831572,0.902032389,NS
ENSG00000108932,SLC16A6,-0.195479426,4.44E-07,NS
ENSG00000108946,PRKAR1A,0.039920736,0.320568429,NS
ENSG00000108947,EFNB3,0.015331504,NA,NS
ENSG00000108953,YWHAE,-0.074514265,0.016776859,NS
ENSG00000108960,MMD,0.030227721,0.541662106,NS
ENSG00000108961,RANGRF,0.052177954,NA,NS
ENSG00000108963,DPH1,-0.019213034,0.685719293,NS
ENSG00000108984,MAP2K6,-0.013116769,0.825765627,NS
ENSG00000109016,DHRS7B,-0.054337338,0.245369871,NS
ENSG00000109046,WSB1,0.02333362,0.646505263,NS
ENSG00000109062,NHERF1,0.022643164,0.612950128,NS
ENSG00000109063,MYH3,-0.000422188,NA,NS
ENSG00000109065,NAT9,-0.021098321,0.698485557,NS
ENSG00000109066,TMEM104,-0.022318085,0.667982787,NS
ENSG00000109079,TNFAIP1,0.010922802,0.847464413,NS
ENSG00000109083,IFT20,-0.016490256,0.776757538,NS
ENSG00000109084,TMEM97,-0.03205631,0.38491364,NS
ENSG00000109089,CDR2L,0.01244377,0.819894565,NS
ENSG00000109099,PMP22,0.018097838,NA,NS
ENSG00000109101,FOXN1,-0.00673858,NA,NS
ENSG00000109103,UNC119,-0.052214447,0.264273025,NS
ENSG00000109107,ALDOC,0.146968021,0.001462256,NS
ENSG00000109111,SUPT6H,0.04981394,0.221141433,NS
ENSG00000109118,PHF12,0.024378117,0.606279216,NS
ENSG00000109133,TMEM33,0.036694428,0.36233489,NS
ENSG00000109171,SLAIN2,0.037002576,0.37907295,NS
ENSG00000109180,OCIAD1,-0.01225567,0.802129123,NS
ENSG00000109181,UGT2B10,0.022898431,NA,NS
ENSG00000109184,DCUN1D4,0.056480436,0.205072504,NS
ENSG00000109189,USP46,0.067095732,0.093988556,NS
ENSG00000109205,ODAM,-0.015834279,NA,NS
ENSG00000109220,CHIC2,-0.025031376,0.637021636,NS
ENSG00000109255,NMU,-0.046252627,0.315767071,NS
ENSG00000109265,CRACD,0.072240058,0.104525475,NS
ENSG00000109270,LAMTOR3,0.07744384,0.054757117,NS
ENSG00000109320,NFKB1,0.071816958,0.068927928,NS
ENSG00000109323,MANBA,0.030266002,0.541295131,NS
ENSG00000109332,UBE2D3,0.044314044,0.15650048,NS
ENSG00000109339,MAPK10,0.018099147,NA,NS
ENSG00000109381,ELF2,-0.005330638,0.935930692,NS
ENSG00000109390,NDUFC1,-0.082480037,0.060715173,NS
ENSG00000109436,TBC1D9,0.111077159,0.006102708,NS
ENSG00000109445,ZNF330,0.003819065,0.953008401,NS
ENSG00000109452,INPP4B,0.026672801,0.596997706,NS
ENSG00000109458,GAB1,0.039541763,NA,NS
ENSG00000109466,KLHL2,-0.000872097,0.990076597,NS
ENSG00000109472,CPE,-0.010238449,0.853856811,NS
ENSG00000109475,RPL34,-0.023674595,0.641591449,NS
ENSG00000109501,WFS1,-0.003821684,0.953398052,NS
ENSG00000109519,GRPEL1,-0.001274552,0.982627348,NS
ENSG00000109534,GAR1,-0.020220905,0.698381089,NS
ENSG00000109536,FRG1,-0.054443609,0.236605813,NS
ENSG00000109572,CLCN3,0.097051483,0.008244723,NS
ENSG00000109576,AADAT,-0.018241447,0.674895755,NS
ENSG00000109586,GALNT7,-0.004399553,0.942849873,NS
ENSG00000109606,DHX15,0.029327958,0.435362579,NS
ENSG00000109610,SOD3,-0.052616161,0.252164474,NS
ENSG00000109618,SEPSECS,-0.005012095,0.940926921,NS
ENSG00000109654,TRIM2,0.076573089,NA,NS
ENSG00000109667,SLC2A9,-0.004412398,NA,NS
ENSG00000109670,FBXW7,0.011573651,0.849010447,NS
ENSG00000109674,NEIL3,-0.054893004,0.241123341,NS
ENSG00000109680,TBC1D19,-0.015574078,0.769762534,NS
ENSG00000109685,NSD2,0.016232686,0.756708012,NS
ENSG00000109686,SH3D19,0.019214917,0.708013544,NS
ENSG00000109689,STIM2,0.001176182,0.986322321,NS
ENSG00000109705,NKX3-2,-0.019926669,NA,NS
ENSG00000109736,MFSD10,-0.017435167,0.758841001,NS
ENSG00000109756,RAPGEF2,0.072849026,0.107052752,NS
ENSG00000109762,SNX25,-0.027643169,0.590275869,NS
ENSG00000109771,LRP2BP,0.01582049,NA,NS
ENSG00000109775,UFSP2,-0.059931192,0.191717533,NS
ENSG00000109787,KLF3,0.040572164,0.392752654,NS
ENSG00000109790,KLHL5,0.064287911,0.151985412,NS
ENSG00000109794,FAM149A,0.006030975,NA,NS
ENSG00000109805,NCAPG,-0.077806628,0.028858143,NS
ENSG00000109814,UGDH,0.017982821,0.722426367,NS
ENSG00000109819,PPARGC1A,-0.001131995,NA,NS
ENSG00000109846,CRYAB,0.002169854,NA,NS
ENSG00000109861,CTSC,0.021132417,0.697417577,NS
ENSG00000109881,CCDC34,-0.12468934,0.000316096,NS
ENSG00000109906,ZBTB16,-0.229002385,1.04E-07,NS
ENSG00000109911,ELP4,0.015884697,0.785838074,NS
ENSG00000109917,ZPR1,0.026130655,0.599437735,NS
ENSG00000109919,MTCH2,0.004664348,0.932802483,NS
ENSG00000109920,FNBP4,-0.006784661,0.91328563,NS
ENSG00000109927,TECTA,0.007724539,NA,NS
ENSG00000109929,SC5D,0.042631813,0.269434485,NS
ENSG00000109956,B3GAT1,0.01305171,NA,NS
ENSG00000109971,HSPA8,0.02700801,0.480718557,NS
ENSG00000110002,VWA5A,0.035681394,0.439739443,NS
ENSG00000110011,DNAJC4,-0.004264403,0.949560101,NS
ENSG00000110013,SIAE,0.004328185,0.944678543,NS
ENSG00000110025,SNX15,-0.033612848,0.497282118,NS
ENSG00000110031,LPXN,0.015882553,NA,NS
ENSG00000110042,DTX4,-0.00423416,NA,NS
ENSG00000110046,ATG2A,0.034767662,0.457687372,NS
ENSG00000110047,EHD1,-0.007939939,0.898676064,NS
ENSG00000110048,OSBP,0.067091117,0.08361237,NS
ENSG00000110057,UNC93B1,-0.010902146,0.859065179,NS
ENSG00000110060,PUS3,-0.015429979,0.783904647,NS
ENSG00000110063,DCPS,-0.064988068,0.108292574,NS
ENSG00000110066,KMT5B,0.016676602,0.758025403,NS
ENSG00000110074,FOXRED1,-0.042549554,0.261930106,NS
ENSG00000110075,PPP6R3,0.017757427,0.733417595,NS
ENSG00000110080,ST3GAL4,0.025148002,0.635703895,NS
ENSG00000110090,CPT1A,0.005293407,0.925479642,NS
ENSG00000110092,CCND1,0.055249337,0.119892252,NS
ENSG00000110104,CCDC86,-0.005570999,0.923750304,NS
ENSG00000110107,PRPF19,0.001340383,0.979858535,NS
ENSG00000110108,TMEM109,-0.03648267,0.353140596,NS
ENSG00000110169,HPX,-0.011254482,NA,NS
ENSG00000110171,TRIM3,0.001271491,0.985313768,NS
ENSG00000110172,CHORDC1,0.069609159,0.032179491,NS
ENSG00000110200,ANAPC15,-0.02368057,0.658160847,NS
ENSG00000110218,PANX1,0.05967483,0.169239458,NS
ENSG00000110237,ARHGEF17,0.072892337,0.112024316,NS
ENSG00000110243,APOA5,0.00440524,NA,NS
ENSG00000110274,CEP164,0.005632841,0.931493664,NS
ENSG00000110315,RNF141,0.015773539,0.775945257,NS
ENSG00000110318,CEP126,0.014258409,NA,NS
ENSG00000110321,EIF4G2,0.023197352,0.506931517,NS
ENSG00000110324,IL10RA,0.001913935,NA,NS
ENSG00000110328,GALNT18,0.00940178,0.881271319,NS
ENSG00000110330,BIRC2,0.051805039,0.231547061,NS
ENSG00000110344,UBE4A,0.03099694,0.501004474,NS
ENSG00000110367,DDX6,0.052317547,0.24616513,NS
ENSG00000110375,UPK2,-0.004591634,NA,NS
ENSG00000110395,CBL,0.057982976,0.209756119,NS
ENSG00000110400,NECTIN1,-0.029316848,0.509694946,NS
ENSG00000110422,HIPK3,0.0612237,0.181840877,NS
ENSG00000110429,FBXO3,0.024508661,0.602510005,NS
ENSG00000110435,PDHX,0.012422793,0.801790141,NS
ENSG00000110436,SLC1A2,0.017770026,NA,NS
ENSG00000110442,COMMD9,0.019276613,0.723119918,NS
ENSG00000110492,MDK,-0.079771001,0.084976951,NS
ENSG00000110497,AMBRA1,0.011836292,0.837169477,NS
ENSG00000110514,MADD,0.03243469,0.459404095,NS
ENSG00000110536,PTPMT1,-0.067286869,0.101396168,NS
ENSG00000110583,NAA40,-0.01820453,0.74948402,NS
ENSG00000110619,CARS1,-0.122669461,0.000178007,NS
ENSG00000110628,SLC22A18,0.007926097,0.894617284,NS
ENSG00000110651,CD81,-0.06343398,0.084403072,NS
ENSG00000110660,SLC35F2,0.052114901,0.187002455,NS
ENSG00000110675,ELMOD1,0.005536879,NA,NS
ENSG00000110693,SOX6,0.004723677,NA,NS
ENSG00000110696,C11orf58,-0.023331663,0.57448918,NS
ENSG00000110697,PITPNM1,0.023461669,0.661370874,NS
ENSG00000110700,RPS13,-0.027814147,0.566349586,NS
ENSG00000110711,AIP,-0.062585018,0.121262451,NS
ENSG00000110713,NUP98,0.044010614,0.243203736,NS
ENSG00000110717,NDUFS8,-0.094855994,0.018851221,NS
ENSG00000110719,TCIRG1,-0.056244286,0.226180648,NS
ENSG00000110721,CHKA,0.055767853,0.208428803,NS
ENSG00000110723,EXPH5,0.030214678,0.546029308,NS
ENSG00000110756,HPS5,0.052524707,0.239189257,NS
ENSG00000110768,GTF2H1,0.103298455,0.003572599,NS
ENSG00000110777,POU2AF1,0.010262728,NA,NS
ENSG00000110799,VWF,0.000641897,0.993106223,NS
ENSG00000110801,PSMD9,-0.046822399,0.275645327,NS
ENSG00000110841,PPFIBP1,-0.05234124,0.238121775,NS
ENSG00000110844,PRPF40B,-0.093008421,0.037740803,NS
ENSG00000110851,PRDM4,0.065454475,0.10462475,NS
ENSG00000110852,CLEC2B,0.008174275,NA,NS
ENSG00000110871,COQ5,-0.05549328,0.173075077,NS
ENSG00000110880,CORO1C,0.114270892,0.000761761,NS
ENSG00000110881,ASIC1,0.056429087,0.219486377,NS
ENSG00000110888,CAPRIN2,0.045772506,0.336636988,NS
ENSG00000110900,TSPAN11,-0.003904196,NA,NS
ENSG00000110906,KCTD10,0.040720662,0.347490569,NS
ENSG00000110911,SLC11A2,0.115216653,0.000228102,NS
ENSG00000110917,MLEC,0.062469375,0.089814039,NS
ENSG00000110921,MVK,0.09673661,0.023015069,NS
ENSG00000110925,CSRNP2,0.01329691,0.821462293,NS
ENSG00000110931,CAMKK2,-0.016876797,0.734042761,NS
ENSG00000110944,IL23A,-0.019381419,NA,NS
ENSG00000110955,ATP5F1B,-0.034994255,0.322886743,NS
ENSG00000110958,PTGES3,0.011229516,0.787745281,NS
ENSG00000110987,BCL7A,-0.006519449,0.917270923,NS
ENSG00000111011,RSRC2,-0.000109703,0.999057467,NS
ENSG00000111012,CYP27B1,0.002628866,NA,NS
ENSG00000111052,LIN7A,0.104148853,0.012458862,NS
ENSG00000111057,KRT18,-0.118754955,0.000337982,NS
ENSG00000111058,ACSS3,-0.005594545,NA,NS
ENSG00000111077,TNS2,0.029353258,NA,NS
ENSG00000111087,GLI1,-0.026092623,NA,NS
ENSG00000111110,PPM1H,0.05342756,0.219206538,NS
ENSG00000111142,METAP2,-0.034217339,0.357125707,NS
ENSG00000111144,LTA4H,0.037204199,0.343763325,NS
ENSG00000111145,ELK3,0.094376164,0.039882491,NS
ENSG00000111196,MAGOHB,-0.072263681,0.085176739,NS
ENSG00000111203,ITFG2,-0.046063936,0.318671737,NS
ENSG00000111206,FOXM1,-0.048180025,0.178097814,NS
ENSG00000111224,PARP11,0.047377094,0.313809738,NS
ENSG00000111229,ARPC3,-0.023261415,0.585998027,NS
ENSG00000111231,GPN3,-0.034971931,0.461116842,NS
ENSG00000111237,VPS29,-0.014428463,0.793331957,NS
ENSG00000111247,RAD51AP1,-0.077183552,0.047377652,NS
ENSG00000111249,CUX2,-0.025728689,NA,NS
ENSG00000111252,SH2B3,0.018466074,0.745475684,NS
ENSG00000111254,AKAP3,-0.003952472,NA,NS
ENSG00000111261,MANSC1,-0.010419633,0.861869475,NS
ENSG00000111266,DUSP16,0.019452651,0.695578392,NS
ENSG00000111269,CREBL2,0.110126892,0.001290926,NS
ENSG00000111271,ACAD10,-0.009857334,0.872461212,NS
ENSG00000111275,ALDH2,0.003033486,0.963411206,NS
ENSG00000111276,CDKN1B,-0.001537736,0.977248292,NS
ENSG00000111300,NAA25,0.071492048,0.07787426,NS
ENSG00000111319,SCNN1A,0.282633128,4.73E-05,NS
ENSG00000111321,LTBR,0.028752343,0.455673468,NS
ENSG00000111325,OGFOD2,-0.077172489,0.090368009,NS
ENSG00000111328,CDK2AP1,-0.039502828,0.303308698,NS
ENSG00000111331,OAS3,-0.022355767,0.66619502,NS
ENSG00000111358,GTF2H3,0.011437535,0.823717255,NS
ENSG00000111361,EIF2B1,0.021347354,0.618731711,NS
ENSG00000111364,DDX55,0.013420905,0.819104158,NS
ENSG00000111371,SLC38A1,0.043911832,0.289970633,NS
ENSG00000111412,SPRING1,0.04945766,0.243797848,NS
ENSG00000111424,VDR,0.045130883,0.316320213,NS
ENSG00000111445,RFC5,-0.063170911,0.085822045,NS
ENSG00000111450,STX2,0.023380653,0.658672389,NS
ENSG00000111452,ADGRD1,0.001963191,NA,NS
ENSG00000111481,COPZ1,-0.019335856,0.665757621,NS
ENSG00000111490,TBC1D30,0.029923395,0.505381577,NS
ENSG00000111530,CAND1,0.074956495,0.039090172,NS
ENSG00000111540,RAB5B,0.057540453,0.089793981,NS
ENSG00000111554,MDM1,-0.032342065,0.515650068,NS
ENSG00000111581,NUP107,-0.046332254,0.236622357,NS
ENSG00000111596,CNOT2,0.003577474,0.954635506,NS
ENSG00000111602,TIMELESS,-0.02844825,0.46824925,NS
ENSG00000111605,CPSF6,0.005887524,0.9161691,NS
ENSG00000111615,KRR1,0.037257541,0.310700841,NS
ENSG00000111639,MRPL51,-0.079936573,0.051189007,NS
ENSG00000111640,GAPDH,-0.064796597,0.088046529,NS
ENSG00000111641,NOP2,-0.004086673,0.943212186,NS
ENSG00000111642,CHD4,0.015956218,0.757201313,NS
ENSG00000111647,BLTP3B,0.053940053,0.198598806,NS
ENSG00000111652,COPS7A,-0.003142229,0.955195089,NS
ENSG00000111653,ING4,-0.001522383,0.98223536,NS
ENSG00000111665,CDCA3,-0.094844666,0.024895465,NS
ENSG00000111666,CHPT1,0.02033345,0.599437735,NS
ENSG00000111667,USP5,-0.021402937,0.555602472,NS
ENSG00000111669,TPI1,-0.078241899,0.033964456,NS
ENSG00000111670,GNPTAB,0.047304625,0.297756379,NS
ENSG00000111671,SPSB2,-0.00174268,NA,NS
ENSG00000111674,ENO2,0.125073375,0.019367624,NS
ENSG00000111676,ATN1,-0.029498922,0.504316137,NS
ENSG00000111678,C12orf57,-0.089015091,0.03123498,NS
ENSG00000111679,PTPN6,-0.035827712,0.457850718,NS
ENSG00000111684,LPCAT3,0.074657912,0.036269545,NS
ENSG00000111696,NT5DC3,-0.013809158,0.817219411,NS
ENSG00000111707,SUDS3,0.024734017,0.556197112,NS
ENSG00000111711,GOLT1B,0.017383007,0.739302099,NS
ENSG00000111716,LDHB,-0.031709699,0.444159199,NS
ENSG00000111725,PRKAB1,0.018736373,0.734042761,NS
ENSG00000111726,CMAS,-0.024761139,0.570511809,NS
ENSG00000111727,HCFC2,-0.02319075,0.665757621,NS
ENSG00000111731,C2CD5,0.033634976,0.497327711,NS
ENSG00000111737,RAB35,-0.009452429,0.862304768,NS
ENSG00000111752,PHC1,0.00818564,0.897023001,NS
ENSG00000111775,COX6A1,-0.074079136,0.087359154,NS
ENSG00000111785,RIC8B,0.006044475,0.926634451,NS
ENSG00000111786,SRSF9,-0.08931243,0.006998059,NS
ENSG00000111788,DDX12B,-0.023972124,NA,NS
ENSG00000111790,FGFR1OP2,0.004792976,0.943676564,NS
ENSG00000111801,BTN3A3,-0.016824752,0.758841001,NS
ENSG00000111802,TDP2,0.002571408,0.968159844,NS
ENSG00000111816,FRK,0.032425499,0.506149528,NS
ENSG00000111817,DSE,-0.027187782,NA,NS
ENSG00000111832,RWDD1,-0.002268868,0.968855296,NS
ENSG00000111837,MAK,-0.030285185,0.503875415,NS
ENSG00000111843,TMEM14C,-0.068967624,0.089486931,NS
ENSG00000111845,PAK1IP1,-0.101049306,0.004810341,NS
ENSG00000111846,GCNT2,0.042572951,0.357356179,NS
ENSG00000111850,SMIM8,-0.047068206,0.310700841,NS
ENSG00000111859,NEDD9,0.020304057,0.677303786,NS
ENSG00000111860,CEP85L,0.055326395,NA,NS
ENSG00000111875,ASF1A,0.009913432,0.863833961,NS
ENSG00000111877,MCM9,0.001112693,0.986610508,NS
ENSG00000111879,FAM184A,0.017701154,NA,NS
ENSG00000111880,RNGTT,0.01195254,0.842761036,NS
ENSG00000111885,MAN1A1,0.059590062,0.19702447,NS
ENSG00000111897,SERINC1,0.10166254,0.002008692,NS
ENSG00000111906,HDDC2,-0.042675878,0.346938166,NS
ENSG00000111907,TPD52L1,-0.036463231,0.359571552,NS
ENSG00000111911,HINT3,0.103237972,0.005421257,NS
ENSG00000111912,NCOA7,0.092160488,0.042468247,NS
ENSG00000111913,RIPOR2,0.018430868,0.713197521,NS
ENSG00000111961,SASH1,0.039730953,0.39248156,NS
ENSG00000111962,UST,0.015935262,0.779954401,NS
ENSG00000111981,ULBP1,-0.005705101,0.930852224,NS
ENSG00000112029,FBXO5,-0.028119512,0.574703179,NS
ENSG00000112031,MTRF1L,-0.004127459,0.950947949,NS
ENSG00000112033,PPARD,0.045894953,0.311222531,NS
ENSG00000112039,FANCE,-0.040270394,0.405966205,NS
ENSG00000112062,MAPK14,0.019636958,0.690421763,NS
ENSG00000112078,KCTD20,0.030883109,0.482987983,NS
ENSG00000112079,STK38,0.042815665,0.344052312,NS
ENSG00000112081,SRSF3,-0.012654948,0.745970964,NS
ENSG00000112110,MRPL18,-0.045763051,0.298455249,NS
ENSG00000112118,MCM3,0.015461074,0.729681353,NS
ENSG00000112130,RNF8,0.036309037,0.454932886,NS
ENSG00000112139,MDGA1,-0.011916339,NA,NS
ENSG00000112144,CILK1,0.047144039,0.256730654,NS
ENSG00000112146,FBXO9,0.027510817,0.524491647,NS
ENSG00000112149,CD83,0.009039957,NA,NS
ENSG00000112159,MDN1,0.059820206,0.157467971,NS
ENSG00000112167,SAYSD1,0.011940413,0.832947748,NS
ENSG00000112183,RBM24,-0.02904884,0.541384959,NS
ENSG00000112186,CAP2,0.003760557,0.953984616,NS
ENSG00000112200,ZNF451,0.038809071,0.411821835,NS
ENSG00000112208,BAG2,0.054305235,0.212551006,NS
ENSG00000112210,RAB23,0.070442835,0.109978039,NS
ENSG00000112218,GPR63,0.045900168,0.316395885,NS
ENSG00000112234,FBXL4,0.031800782,0.52475969,NS
ENSG00000112237,CCNC,0.021016682,0.658588853,NS
ENSG00000112242,E2F3,0.02266797,0.652345675,NS
ENSG00000112245,PTP4A1,-0.004751675,0.938027235,NS
ENSG00000112249,ASCC3,0.055106147,0.194953899,NS
ENSG00000112276,BVES,0.00614448,NA,NS
ENSG00000112282,MED23,0.034982428,0.473474723,NS
ENSG00000112290,WASF1,0.039063254,0.416747516,NS
ENSG00000112293,GPLD1,-0.006349039,NA,NS
ENSG00000112294,ALDH5A1,0.003436658,NA,NS
ENSG00000112297,CRYBG1,0.07611769,0.037248516,NS
ENSG00000112304,ACOT13,-0.063352596,0.14883766,NS
ENSG00000112305,SMAP1,-0.019214076,0.708572644,NS
ENSG00000112306,RPS12,-0.050641182,0.226554836,NS
ENSG00000112308,C6orf62,-0.026609419,0.544521177,NS
ENSG00000112309,B3GAT2,-0.000275003,NA,NS
ENSG00000112312,GMNN,-0.030879477,0.508418692,NS
ENSG00000112320,SOBP,-0.017100574,0.751554409,NS
ENSG00000112335,SNX3,-0.009134299,0.870124674,NS
ENSG00000112339,HBS1L,0.013335073,0.795100056,NS
ENSG00000112343,TRIM38,0.053331942,0.256886386,NS
ENSG00000112357,PEX7,0.03181572,0.524491647,NS
ENSG00000112365,ZBTB24,-0.003667138,0.954695262,NS
ENSG00000112367,FIG4,0.034469805,0.483759486,NS
ENSG00000112378,PERP,0.00167371,0.970645649,NS
ENSG00000112379,ARFGEF3,0.088465592,0.031708141,NS
ENSG00000112394,SLC16A10,0.03230172,0.516149069,NS
ENSG00000112406,HECA,0.036968197,0.452205041,NS
ENSG00000112414,ADGRG6,0.056250014,0.178122426,NS
ENSG00000112419,PHACTR2,0.032328824,0.514022246,NS
ENSG00000112425,EPM2A,-0.01341646,0.816266314,NS
ENSG00000112473,SLC39A7,-0.018073186,0.680106661,NS
ENSG00000112511,PHF1,0.004690987,0.944065824,NS
ENSG00000112514,CUTA,-0.010460824,0.861591721,NS
ENSG00000112530,PACRG,0.009953424,NA,NS
ENSG00000112531,QKI,0.071910482,0.077046807,NS
ENSG00000112539,C6orf118,-0.004019061,NA,NS
ENSG00000112541,PDE10A,0.132793482,0.000928443,NS
ENSG00000112561,TFEB,-0.034851771,0.475699361,NS
ENSG00000112562,SMOC2,-0.011056767,NA,NS
ENSG00000112576,CCND3,-0.042128016,0.30470124,NS
ENSG00000112578,BYSL,-0.022108476,0.673532307,NS
ENSG00000112584,FAM120B,0.017116067,0.761182544,NS
ENSG00000112592,TBP,-0.028587728,0.573638438,NS
ENSG00000112624,BICRAL,0.098038061,0.026513875,NS
ENSG00000112640,PPP2R5D,-0.035694779,0.367666212,NS
ENSG00000112651,MRPL2,-0.113278534,0.008712211,NS
ENSG00000112655,PTK7,0.004433884,0.941629502,NS
ENSG00000112658,SRF,0.017679092,0.71307484,NS
ENSG00000112659,CUL9,-0.003024872,0.963411206,NS
ENSG00000112667,DNPH1,-0.029253056,0.546029308,NS
ENSG00000112679,DUSP22,0.010711554,0.861591721,NS
ENSG00000112685,EXOC2,0.057735537,0.214105477,NS
ENSG00000112695,COX7A2,-0.083421499,0.039860991,NS
ENSG00000112697,TMEM30A,0.035178552,0.386021299,NS
ENSG00000112699,GMDS,-0.033924486,0.491706063,NS
ENSG00000112701,SENP6,0.018845083,0.700776173,NS
ENSG00000112706,IMPG1,-0.01168671,NA,NS
ENSG00000112715,VEGFA,-0.043820339,0.303784958,NS
ENSG00000112739,PRP4K,0.020012492,0.660475257,NS
ENSG00000112742,TTK,-0.035241615,0.434734918,NS
ENSG00000112759,SLC29A1,-0.022988549,0.660750271,NS
ENSG00000112763,BTN2A1,-0.030893568,0.532721486,NS
ENSG00000112773,TENT5A,0.012051684,NA,NS
ENSG00000112787,FBRSL1,-0.033139295,0.467030698,NS
ENSG00000112796,ENPP5,0.074238008,0.105514076,NS
ENSG00000112812,PRSS16,0.001738008,NA,NS
ENSG00000112851,ERBIN,0.07709311,0.077853346,NS
ENSG00000112852,PCDHB2,0.025006126,0.636643673,NS
ENSG00000112855,HARS2,-0.020619758,0.682452212,NS
ENSG00000112874,NUDT12,0.041454692,0.372892235,NS
ENSG00000112877,CEP72,-0.052657998,0.259009039,NS
ENSG00000112893,MAN2A1,0.076544647,0.095880048,NS
ENSG00000112941,TENT4A,0.005740764,0.928072127,NS
ENSG00000112964,GHR,0.061481768,0.140382396,NS
ENSG00000112972,HMGCS1,0.267924009,4.57E-14,NS
ENSG00000112977,DAP,-0.005443036,0.919208355,NS
ENSG00000112981,NME5,-0.047363181,0.304174476,NS
ENSG00000112983,BRD8,-0.018654448,0.70244768,NS
ENSG00000112984,KIF20A,-0.161446095,2.43E-06,NS
ENSG00000112992,NNT,-0.002133731,NA,NS
ENSG00000112996,MRPS30,0.030459111,0.469088751,NS
ENSG00000113013,HSPA9,-0.01043234,0.793152118,NS
ENSG00000113048,MRPS27,-0.018244891,0.669555982,NS
ENSG00000113068,PFDN1,-0.082948593,0.019771464,NS
ENSG00000113070,HBEGF,-0.006190796,NA,NS
ENSG00000113083,LOX,-0.042939389,NA,NS
ENSG00000113108,APBB3,0.022472115,0.666915441,NS
ENSG00000113119,TMCO6,0.002242689,0.969841309,NS
ENSG00000113140,SPARC,0.010653312,NA,NS
ENSG00000113141,IK,-0.03909698,0.285289664,NS
ENSG00000113161,HMGCR,0.062845328,0.093428471,NS
ENSG00000113163,CERT1,0.008011163,0.88516258,NS
ENSG00000113194,FAF2,0.03812443,0.314300815,NS
ENSG00000113205,PCDHB3,0.006257457,NA,NS
ENSG00000113209,PCDHB5,0.039414803,0.396428158,NS
ENSG00000113211,PCDHB6,0.002088866,NA,NS
ENSG00000113212,PCDHB7,0.007021829,NA,NS
ENSG00000113240,CLK4,-0.004295362,0.943676564,NS
ENSG00000113248,PCDHB15,0.012327817,NA,NS
ENSG00000113269,RNF130,0.013330631,0.801344297,NS
ENSG00000113272,THG1L,-0.03368276,0.480718557,NS
ENSG00000113273,ARSB,0.043818479,0.353598292,NS
ENSG00000113282,CLINT1,0.062486335,0.084403072,NS
ENSG00000113296,THBS4,0.002189488,NA,NS
ENSG00000113300,CNOT6,0.051061614,0.234448947,NS
ENSG00000113312,TTC1,0.016085584,0.754830724,NS
ENSG00000113318,MSH3,0.010805175,0.860164237,NS
ENSG00000113328,CCNG1,0.054445433,0.104525475,NS
ENSG00000113356,POLR3G,0.078467995,0.079315459,NS
ENSG00000113360,DROSHA,0.038407502,0.335605758,NS
ENSG00000113368,LMNB1,-0.030182806,0.444159199,NS
ENSG00000113369,ARRDC3,-0.014528585,0.806537794,NS
ENSG00000113384,GOLPH3,0.027742653,0.497327711,NS
ENSG00000113387,SUB1,-0.019075485,0.704803583,NS
ENSG00000113389,NPR3,-0.001716408,NA,NS
ENSG00000113391,ARB2A,0.033920003,0.489346043,NS
ENSG00000113407,TARS1,-0.027642674,0.473142194,NS
ENSG00000113430,IRX4,-0.009757766,0.875058991,NS
ENSG00000113441,LNPEP,0.056279435,0.221916732,NS
ENSG00000113448,PDE4D,0.006201947,NA,NS
ENSG00000113456,RAD1,0.043526009,0.299271926,NS
ENSG00000113460,BRIX1,0.010707175,0.844486563,NS
ENSG00000113494,PRLR,0.006558196,NA,NS
ENSG00000113504,SLC12A7,0.075984245,0.040975942,NS
ENSG00000113522,RAD50,0.023842667,0.627280634,NS
ENSG00000113532,ST8SIA4,-0.00975531,NA,NS
ENSG00000113552,GNPDA1,0.133245125,0.000174818,NS
ENSG00000113558,SKP1,-0.05283514,0.155606976,NS
ENSG00000113569,NUP155,0.02370096,0.63460584,NS
ENSG00000113575,PPP2CA,-0.005506352,0.919208355,NS
ENSG00000113580,NR3C1,0.001169465,NA,NS
ENSG00000113583,C5orf15,0.005430214,0.9161691,NS
ENSG00000113593,PPWD1,0.009917335,0.872461212,NS
ENSG00000113594,LIFR,-0.041459546,0.389109615,NS
ENSG00000113595,TRIM23,0.061267305,0.167841953,NS
ENSG00000113597,TRAPPC13,0.029478735,0.555335181,NS
ENSG00000113615,SEC24A,0.105627208,0.009347767,NS
ENSG00000113621,TXNDC15,-0.00914866,0.871200021,NS
ENSG00000113638,TTC33,-0.017194709,0.762858535,NS
ENSG00000113643,RARS1,0.025120679,0.491246018,NS
ENSG00000113645,WWC1,0.005217319,0.92268456,NS
ENSG00000113648,MACROH2A1,-0.009724981,0.832277569,NS
ENSG00000113649,TCERG1,0.024301955,0.630730101,NS
ENSG00000113657,DPYSL3,0.004273874,NA,NS
ENSG00000113658,SMAD5,0.041505857,0.371898705,NS
ENSG00000113712,CSNK1A1,-0.011549439,0.805812056,NS
ENSG00000113716,HMGXB3,0.032581645,0.449219135,NS
ENSG00000113719,ERGIC1,0.16041352,4.87E-09,NS
ENSG00000113721,PDGFRB,0.003893079,NA,NS
ENSG00000113732,ATP6V0E1,0.088708391,0.028843772,NS
ENSG00000113734,BNIP1,-0.006837916,0.915896523,NS
ENSG00000113739,STC2,-0.061541111,0.105976726,NS
ENSG00000113742,CPEB4,0.073650615,0.100594885,NS
ENSG00000113758,DBN1,-0.054653418,0.128471946,NS
ENSG00000113761,ZNF346,0.015909299,0.783904647,NS
ENSG00000113790,EHHADH,0.013258789,NA,NS
ENSG00000113810,SMC4,-0.020805162,0.646265805,NS
ENSG00000113811,SELENOK,-0.032865816,0.491925936,NS
ENSG00000113812,ACTR8,0.047209772,0.284676696,NS
ENSG00000113838,TBCCD1,0.027341685,0.58637799,NS
ENSG00000113845,TIMMDC1,0.009810353,0.848751707,NS
ENSG00000113851,CRBN,0.018343446,0.733336186,NS
ENSG00000113889,KNG1,0.060302281,NA,NS
ENSG00000113916,BCL6,-0.004041615,0.950240135,NS
ENSG00000113924,HGD,-0.018569985,0.734435206,NS
ENSG00000113966,ARL6,0.000834809,0.990692457,NS
ENSG00000113971,NPHP3,-0.004163196,NA,NS
ENSG00000114013,CD86,0.010627082,NA,NS
ENSG00000114019,AMOTL2,0.03082371,0.510056791,NS
ENSG00000114021,NIT2,-0.042432738,0.305943074,NS
ENSG00000114023,FAM162A,-0.016049106,0.744570736,NS
ENSG00000114026,OGG1,-0.017129726,0.761821084,NS
ENSG00000114030,KPNA1,0.070623365,0.065109831,NS
ENSG00000114054,PCCB,-0.037619044,0.313809738,NS
ENSG00000114062,UBE3A,-0.006308806,0.908162437,NS
ENSG00000114098,ARMC8,0.021657384,0.678708753,NS
ENSG00000114107,CEP70,0.042885335,0.322339889,NS
ENSG00000114120,SLC25A36,0.024151761,0.622965573,NS
ENSG00000114125,RNF7,-0.010557796,0.852641533,NS
ENSG00000114126,TFDP2,0.037553837,0.372892235,NS
ENSG00000114127,XRN1,0.050125545,0.285194617,NS
ENSG00000114166,KAT2B,0.061343334,0.178092763,NS
ENSG00000114200,BCHE,0.354020357,1.65E-08,NS
ENSG00000114209,PDCD10,0.040342767,0.355194968,NS
ENSG00000114248,LRRC31,0.009334349,NA,NS
ENSG00000114251,WNT5A,-0.011942771,0.842761036,NS
ENSG00000114268,PFKFB4,0.047647647,0.310700841,NS
ENSG00000114270,COL7A1,-0.003524982,NA,NS
ENSG00000114302,PRKAR2A,-0.002482073,0.968159844,NS
ENSG00000114315,HES1,0.022099073,0.351232407,NS
ENSG00000114316,USP4,0.01192654,0.837334544,NS
ENSG00000114331,ACAP2,0.05892325,0.198613474,NS
ENSG00000114346,ECT2,-0.029178026,0.512218087,NS
ENSG00000114353,GNAI2,-0.04539289,0.242769098,NS
ENSG00000114354,TFG,0.057833487,0.106318213,NS
ENSG00000114374,USP9Y,0.101166153,0.015361202,NS
ENSG00000114378,HYAL1,0.006793105,NA,NS
ENSG00000114383,TUSC2,-0.014770841,0.792474409,NS
ENSG00000114388,NPRL2,-0.021128839,0.689542415,NS
ENSG00000114391,RPL24,-0.082380175,0.037728307,NS
ENSG00000114395,CYB561D2,-0.048598798,0.27638068,NS
ENSG00000114416,FXR1,0.001945818,0.968159844,NS
ENSG00000114423,CBLB,0.022222323,0.677303786,NS
ENSG00000114439,BBX,-0.034396452,0.480112427,NS
ENSG00000114446,IFT57,-0.006362739,0.912232311,NS
ENSG00000114450,GNB4,-0.043355141,0.276321981,NS
ENSG00000114473,IQCG,-0.032927122,0.506794945,NS
ENSG00000114480,GBE1,-0.001104562,0.986877137,NS
ENSG00000114491,UMPS,-0.046282106,0.219206538,NS
ENSG00000114503,NCBP2,0.017594479,0.69318448,NS
ENSG00000114520,SNX4,-0.016511828,0.738541013,NS
ENSG00000114529,C3orf52,-0.003192218,NA,NS
ENSG00000114541,FRMD4B,0.050124998,0.28685259,NS
ENSG00000114544,SLC41A3,0.057123756,0.206973054,NS
ENSG00000114547,ROPN1B,-0.008047712,NA,NS
ENSG00000114554,PLXNA1,0.050730331,0.242769098,NS
ENSG00000114573,ATP6V1A,0.066319171,0.099808019,NS
ENSG00000114626,ABTB1,-0.021904467,NA,NS
ENSG00000114631,PODXL2,-0.048298299,0.194605409,NS
ENSG00000114646,CSPG5,-0.039318735,0.393396666,NS
ENSG00000114648,KLHL18,0.014232056,0.796868696,NS
ENSG00000114650,SCAP,-0.030288376,0.4585981,NS
ENSG00000114654,EFCC1,-0.001928997,NA,NS
ENSG00000114656,CFAP92,-0.00485676,NA,NS
ENSG00000114670,NEK11,-0.013129988,NA,NS
ENSG00000114686,MRPL3,0.007440219,0.881684241,NS
ENSG00000114735,HEMK1,0.008876969,0.88730509,NS
ENSG00000114737,CISH,0.012938241,NA,NS
ENSG00000114738,MAPKAPK3,0.035458371,0.434775035,NS
ENSG00000114739,ACVR2B,-0.003870357,0.95286668,NS
ENSG00000114742,WDR48,0.023431084,0.662390384,NS
ENSG00000114744,COMMD2,-0.011185086,0.844338814,NS
ENSG00000114745,GORASP1,0.015596119,0.762113275,NS
ENSG00000114767,RRP9,-0.037845824,0.380149589,NS
ENSG00000114770,ABCC5,0.101037118,0.028370915,NS
ENSG00000114779,ABHD14B,0.004413369,0.943155099,NS
ENSG00000114784,EIF1B,-0.002235264,0.9700132,NS
ENSG00000114786,ABHD14A-ACY1,-0.009601612,NA,NS
ENSG00000114790,ARHGEF26,0.088837227,0.003022676,NS
ENSG00000114796,KLHL24,0.091526234,0.049119052,NS
ENSG00000114805,PLCH1,0.027993654,0.579681358,NS
ENSG00000114812,VIPR1,0.002954119,0.964636141,NS
ENSG00000114841,DNAH1,0.023676148,NA,NS
ENSG00000114850,SSR3,-0.021320259,0.58928398,NS
ENSG00000114853,ZBTB47,0.004258813,0.949659215,NS
ENSG00000114854,TNNC1,0.004700256,NA,NS
ENSG00000114857,NKTR,0.062043753,0.180216917,NS
ENSG00000114859,CLCN2,0.007061902,0.911387895,NS
ENSG00000114861,FOXP1,0.018189342,0.743322766,NS
ENSG00000114867,EIF4G1,0.038771213,0.321324696,NS
ENSG00000114902,SPCS1,-0.072823208,0.096312728,NS
ENSG00000114904,NEK4,0.010574742,0.856070615,NS
ENSG00000114923,SLC4A3,0.000269555,NA,NS
ENSG00000114933,INO80D,0.00402712,0.950609935,NS
ENSG00000114942,EEF1B2,-0.046425316,0.25912722,NS
ENSG00000114948,ADAM23,0.008469082,NA,NS
ENSG00000114956,DGUOK,-0.050275331,0.271218194,NS
ENSG00000114978,MOB1A,0.059202662,0.157267792,NS
ENSG00000114982,KANSL3,0.019845674,0.690421763,NS
ENSG00000114988,LMAN2L,0.007081232,0.912232311,NS
ENSG00000114993,RTKN,-0.00386791,0.951392921,NS
ENSG00000114999,TTL,0.056947342,0.176236348,NS
ENSG00000115020,PIKFYVE,0.08221926,0.071559926,NS
ENSG00000115041,KCNIP3,0.010258277,NA,NS
ENSG00000115042,FAHD2A,-0.038711571,0.401185293,NS
ENSG00000115053,NCL,0.000143929,0.998368771,NS
ENSG00000115073,ACTR1B,-0.056052218,0.166664532,NS
ENSG00000115084,SLC35F5,0.004860827,0.930937462,NS
ENSG00000115091,ACTR3,-0.022796683,0.531790302,NS
ENSG00000115107,STEAP3,0.050292533,0.25032393,NS
ENSG00000115109,EPB41L5,0.006390816,0.920041097,NS
ENSG00000115112,TFCP2L1,0.001559874,NA,NS
ENSG00000115128,SF3B6,-0.047130335,0.288870889,NS
ENSG00000115129,TP53I3,-0.009255246,NA,NS
ENSG00000115137,DNAJC27,0.00936455,NA,NS
ENSG00000115145,STAM2,0.020360934,0.712162257,NS
ENSG00000115159,GPD2,0.060897546,0.183254518,NS
ENSG00000115163,CENPA,-0.093067577,0.030695065,NS
ENSG00000115170,ACVR1,-0.022726241,0.671899144,NS
ENSG00000115183,TANC1,0.107439053,0.005807805,NS
ENSG00000115194,SLC30A3,0.004572328,NA,NS
ENSG00000115204,MPV17,-0.013334612,0.815682395,NS
ENSG00000115207,GTF3C2,-0.030999215,0.439527443,NS
ENSG00000115211,EIF2B4,-0.014128045,0.809405445,NS
ENSG00000115216,NRBP1,-0.002636523,0.963411206,NS
ENSG00000115226,FNDC4,-0.000614497,NA,NS
ENSG00000115233,PSMD14,-0.0220662,0.640290195,NS
ENSG00000115234,SNX17,-0.014338284,0.765977382,NS
ENSG00000115239,ASB3,-0.004947021,0.9397083,NS
ENSG00000115241,PPM1G,-0.08400224,0.009359024,NS
ENSG00000115252,PDE1A,0.011056675,NA,NS
ENSG00000115255,REEP6,-0.02882193,0.54938555,NS
ENSG00000115257,PCSK4,-0.006096734,NA,NS
ENSG00000115263,GCG,0.009090155,NA,NS
ENSG00000115266,APC2,0.024300341,NA,NS
ENSG00000115267,IFIH1,0.025383742,0.624157404,NS
ENSG00000115268,RPS15,-0.103683344,0.011338725,NS
ENSG00000115271,GCA,0.039877558,0.409841222,NS
ENSG00000115274,INO80B,-0.039907917,0.411241738,NS
ENSG00000115275,MOGS,-0.021048494,0.683988451,NS
ENSG00000115282,TTC31,-0.010141501,0.86468476,NS
ENSG00000115286,NDUFS7,-0.088668851,0.016045893,NS
ENSG00000115289,PCGF1,-0.007256206,0.907355787,NS
ENSG00000115290,GRB14,0.001707296,NA,NS
ENSG00000115295,CLIP4,-0.010944421,NA,NS
ENSG00000115306,SPTBN1,0.012468728,NA,NS
ENSG00000115307,AUP1,-0.009211538,0.878850217,NS
ENSG00000115310,RTN4,0.088084815,0.003239033,NS
ENSG00000115317,HTRA2,-0.021810133,0.687148634,NS
ENSG00000115318,LOXL3,0.011504747,NA,NS
ENSG00000115325,DOK1,-0.02238286,NA,NS
ENSG00000115339,GALNT3,0.046026501,0.310947305,NS
ENSG00000115350,POLE4,-0.061672143,0.162892861,NS
ENSG00000115355,CCDC88A,0.023143715,0.666514973,NS
ENSG00000115361,ACADL,-0.01248552,NA,NS
ENSG00000115364,MRPL19,0.003921394,0.948195951,NS
ENSG00000115365,LANCL1,0.078122651,0.033839765,NS
ENSG00000115368,WDR75,0.022741457,0.621567063,NS
ENSG00000115392,FANCL,-0.033186358,0.500630945,NS
ENSG00000115414,FN1,0.132765342,0.001397024,NS
ENSG00000115415,STAT1,0.002074308,0.969841309,NS
ENSG00000115419,GLS,0.048445125,0.285194617,NS
ENSG00000115421,PAPOLG,0.021195858,0.693372588,NS
ENSG00000115423,DNAH6,0.000626307,NA,NS
ENSG00000115425,PECR,0.020849586,0.701757951,NS
ENSG00000115446,UNC50,-0.01841146,0.743988745,NS
ENSG00000115457,IGFBP2,-0.051679376,0.224371493,NS
ENSG00000115459,ELMOD3,-0.016257527,0.764161839,NS
ENSG00000115461,IGFBP5,-0.323648776,7.27E-07,NS
ENSG00000115464,USP34,0.099561176,0.017732395,NS
ENSG00000115468,EFHD1,-0.011915045,NA,NS
ENSG00000115484,CCT4,-0.032400595,0.380149589,NS
ENSG00000115486,GGCX,-0.032123383,0.489246708,NS
ENSG00000115504,EHBP1,0.085147818,0.035517373,NS
ENSG00000115507,OTX1,0.027625228,NA,NS
ENSG00000115514,TXNDC9,0.015099609,0.793152118,NS
ENSG00000115520,COQ10B,0.03255429,0.483296321,NS
ENSG00000115524,SF3B1,0.05776332,0.118332928,NS
ENSG00000115525,ST3GAL5,0.023054387,NA,NS
ENSG00000115526,CHST10,0.019194966,0.732894007,NS
ENSG00000115539,PDCL3,-0.011580243,0.838838268,NS
ENSG00000115540,MOB4,0.068497895,0.053488823,NS
ENSG00000115541,HSPE1,-0.044418189,0.310700841,NS
ENSG00000115548,KDM3A,0.035395304,0.467001,NS
ENSG00000115561,CHMP3,0.041420033,0.351580347,NS
ENSG00000115568,ZNF142,0.051162744,0.240062915,NS
ENSG00000115590,IL1R2,-0.010070441,NA,NS
ENSG00000115594,IL1R1,0.066292921,0.104460049,NS
ENSG00000115604,IL18R1,0.009416528,NA,NS
ENSG00000115616,SLC9A2,0.051505328,0.252744304,NS
ENSG00000115641,FHL2,-0.005270631,NA,NS
ENSG00000115648,MLPH,-0.060801607,0.142234127,NS
ENSG00000115649,CNPPD1,-0.00924209,0.881271319,NS
ENSG00000115652,UXS1,0.028107336,0.568773051,NS
ENSG00000115657,ABCB6,-0.063586736,0.077806337,NS
ENSG00000115661,STK16,-0.003495791,0.958017643,NS
ENSG00000115677,HDLBP,0.040062497,0.264135252,NS
ENSG00000115685,PPP1R7,0.017296516,0.749889991,NS
ENSG00000115687,PASK,0.005232711,0.925610562,NS
ENSG00000115694,STK25,-0.038290315,0.315604156,NS
ENSG00000115738,ID2,-0.060348586,0.177105144,NS
ENSG00000115750,TAF1B,-0.03318053,0.498002053,NS
ENSG00000115756,HPCAL1,-0.031439073,0.51724496,NS
ENSG00000115758,ODC1,-0.092404443,0.000354486,NS
ENSG00000115760,BIRC6,0.047357949,0.284831939,NS
ENSG00000115761,NOL10,0.008616877,0.883601821,NS
ENSG00000115762,PLEKHB2,0.052889641,0.125006862,NS
ENSG00000115806,GORASP2,-0.043130818,0.292667264,NS
ENSG00000115808,STRN,0.00604078,0.926687963,NS
ENSG00000115816,CEBPZ,0.023474274,0.64683378,NS
ENSG00000115825,PRKD3,0.049002925,0.284676696,NS
ENSG00000115827,DCAF17,0.030151229,0.545942285,NS
ENSG00000115839,RAB3GAP1,0.034528343,0.434548555,NS
ENSG00000115840,SLC25A12,0.008156234,0.897023001,NS
ENSG00000115841,RMDN2,-0.00081219,NA,NS
ENSG00000115844,DLX2,0.002955155,NA,NS
ENSG00000115866,DARS1,0.005616671,0.917578777,NS
ENSG00000115875,SRSF7,-0.026137932,0.494338627,NS
ENSG00000115884,SDC1,-0.03950418,0.27638068,NS
ENSG00000115896,PLCL1,0.003136835,NA,NS
ENSG00000115902,SLC1A4,-0.085373377,0.057144865,NS
ENSG00000115904,SOS1,0.03364568,0.497139496,NS
ENSG00000115919,KYNU,-0.003431018,NA,NS
ENSG00000115942,ORC2,0.015543408,0.764161839,NS
ENSG00000115944,COX7A2L,-0.025651235,0.578107183,NS
ENSG00000115946,PNO1,0.007830417,0.899298297,NS
ENSG00000115947,ORC4,-0.004184695,0.948786736,NS
ENSG00000115963,RND3,-0.195208999,1.99E-06,NS
ENSG00000115966,ATF2,0.046301272,0.316351025,NS
ENSG00000115970,THADA,0.090204536,0.03230919,NS
ENSG00000115977,AAK1,0.127585705,0.002676046,NS
ENSG00000115993,TRAK2,0.05023482,0.261370124,NS
ENSG00000115998,C2orf42,-0.03316195,0.463535896,NS
ENSG00000116001,TIA1,-0.012696238,0.817264059,NS
ENSG00000116005,PCYOX1,0.060799634,0.131448455,NS
ENSG00000116014,KISS1R,-0.001428112,NA,NS
ENSG00000116016,EPAS1,0.00847496,NA,NS
ENSG00000116017,ARID3A,-0.019605099,0.723436536,NS
ENSG00000116030,SUMO1,0.008950902,0.849010447,NS
ENSG00000116035,VAX2,-0.011512823,NA,NS
ENSG00000116044,NFE2L2,0.024178534,0.574672155,NS
ENSG00000116062,MSH6,0.038616693,0.326560949,NS
ENSG00000116095,PLEKHA3,-0.020143398,0.708531808,NS
ENSG00000116096,SPR,0.001098837,0.986610508,NS
ENSG00000116117,PARD3B,0.037557706,0.39318819,NS
ENSG00000116120,FARSB,-0.019616428,0.663566278,NS
ENSG00000116127,ALMS1,0.061774535,0.181033619,NS
ENSG00000116128,BCL9,0.062526492,0.146741549,NS
ENSG00000116133,DHCR24,0.030859662,0.317671693,NS
ENSG00000116138,DNAJC16,0.041736454,0.385770534,NS
ENSG00000116141,MARK1,0.067689983,0.141141865,NS
ENSG00000116151,MORN1,-0.09691992,0.036397767,NS
ENSG00000116161,CACYBP,-0.0209113,0.62520738,NS
ENSG00000116171,SCP2,0.011606537,0.823717255,NS
ENSG00000116191,RALGPS2,0.113604021,0.007742225,NS
ENSG00000116198,CEP104,0.031835564,0.500365541,NS
ENSG00000116199,FAM20B,0.062139857,0.095077533,NS
ENSG00000116205,TCEANC2,0.028310538,0.579720636,NS
ENSG00000116209,TMEM59,0.012548375,0.810942868,NS
ENSG00000116212,LRRC42,-0.006557593,0.9161691,NS
ENSG00000116213,WRAP73,-0.024710257,0.64037802,NS
ENSG00000116221,MRPL37,-0.053230806,0.166349307,NS
ENSG00000116237,ICMT,-0.004120549,0.938322458,NS
ENSG00000116251,RPL22,-0.013084188,0.793417387,NS
ENSG00000116254,CHD5,-0.011011693,NA,NS
ENSG00000116260,QSOX1,-0.043511358,0.142478235,NS
ENSG00000116266,STXBP3,0.015810951,0.759084846,NS
ENSG00000116273,PHF13,0.052173373,0.246748434,NS
ENSG00000116285,ERRFI1,-0.01037844,0.855501093,NS
ENSG00000116288,PARK7,-0.069266734,0.081680834,NS
ENSG00000116299,ELAPOR1,-0.008604815,NA,NS
ENSG00000116337,AMPD2,0.005617533,0.923461541,NS
ENSG00000116350,SRSF4,0.006992409,0.90224423,NS
ENSG00000116353,MECR,-0.072006754,0.088046529,NS
ENSG00000116406,EDEM3,0.050123,0.256886386,NS
ENSG00000116455,WDR77,-0.044599058,0.26199839,NS
ENSG00000116459,ATP5PB,-0.004950987,0.929611504,NS
ENSG00000116473,RAP1A,0.031951355,0.440386941,NS
ENSG00000116478,HDAC1,0.011677287,0.801471574,NS
ENSG00000116489,CAPZA1,0.025127975,0.464062963,NS
ENSG00000116497,S100PBP,0.001124359,0.986610508,NS
ENSG00000116514,RNF19B,0.017570232,0.757201313,NS
ENSG00000116521,SCAMP3,-0.024780332,0.584092539,NS
ENSG00000116525,TRIM62,0.019337641,0.726830968,NS
ENSG00000116539,ASH1L,0.098329588,0.02612399,NS
ENSG00000116544,DLGAP3,-0.001062,NA,NS
ENSG00000116560,SFPQ,-0.004735659,0.920025293,NS
ENSG00000116574,RHOU,-0.092181131,0.007299711,NS
ENSG00000116580,GON4L,0.058089708,0.188414244,NS
ENSG00000116584,ARHGEF2,-0.017961623,0.752977396,NS
ENSG00000116586,LAMTOR2,-0.081545947,0.042869084,NS
ENSG00000116604,MEF2D,0.046727095,0.301226922,NS
ENSG00000116641,DOCK7,0.062106786,0.147065357,NS
ENSG00000116649,SRM,-0.05673025,0.121287645,NS
ENSG00000116652,DLEU2L,0.01136606,NA,NS
ENSG00000116661,FBXO2,0.059547883,0.18096637,NS
ENSG00000116663,FBXO6,-0.002493033,0.968159844,NS
ENSG00000116667,C1orf21,-0.022596821,0.613553304,NS
ENSG00000116668,SWT1,0.00264318,0.966818207,NS
ENSG00000116670,MAD2L2,-0.075883536,0.070839711,NS
ENSG00000116675,DNAJC6,0.060471651,0.18705167,NS
ENSG00000116678,LEPR,-0.004692394,NA,NS
ENSG00000116679,IVNS1ABP,-0.026487295,0.542023674,NS
ENSG00000116685,KIAA2013,-0.043755756,0.274503477,NS
ENSG00000116688,MFN2,0.019471732,0.597928418,NS
ENSG00000116691,MIIP,-0.072560285,0.108823839,NS
ENSG00000116698,SMG7,0.039256326,0.361651461,NS
ENSG00000116711,PLA2G4A,-0.01292447,NA,NS
ENSG00000116717,GADD45A,0.037113152,0.449467353,NS
ENSG00000116729,WLS,0.069878228,0.125252656,NS
ENSG00000116731,PRDM2,0.083228338,0.039707885,NS
ENSG00000116747,RO60,0.02573755,0.606378538,NS
ENSG00000116750,UCHL5,-0.026233678,0.503045069,NS
ENSG00000116752,BCAS2,-0.040328009,0.33748866,NS
ENSG00000116754,SRSF11,-0.007669152,0.881271319,NS
ENSG00000116761,CTH,-0.082592419,0.040654485,NS
ENSG00000116786,PLEKHM2,0.001430025,0.98223536,NS
ENSG00000116791,CRYZ,0.027883986,0.578565168,NS
ENSG00000116793,PHTF1,0.019169497,NA,NS
ENSG00000116809,ZBTB17,-0.044271075,0.353538066,NS
ENSG00000116815,CD58,0.027872268,NA,NS
ENSG00000116819,TFAP2E,-0.012377838,NA,NS
ENSG00000116830,TTF2,0.000563822,0.993611782,NS
ENSG00000116833,NR5A2,0.005499525,NA,NS
ENSG00000116852,KIF21B,-0.00590128,NA,NS
ENSG00000116857,TMEM9,-0.077437953,0.029697399,NS
ENSG00000116863,ADPRS,-0.050834932,0.237175639,NS
ENSG00000116871,MAP7D1,-0.091499717,0.005710016,NS
ENSG00000116874,WARS2,-0.006677272,0.915779225,NS
ENSG00000116882,HAO2,-0.023600916,NA,NS
ENSG00000116885,OSCP1,-0.052656325,0.25912722,NS
ENSG00000116898,MRPS15,-0.048159587,0.242472279,NS
ENSG00000116903,EXOC8,0.036556902,0.445610571,NS
ENSG00000116906,GNPAT,-0.019584103,0.68435029,NS
ENSG00000116918,TSNAX,0.030823312,0.472708469,NS
ENSG00000116922,AIRIM,-0.045314347,0.27638068,NS
ENSG00000116954,RRAGC,0.120881491,0.003554534,NS
ENSG00000116977,LGALS8,0.14027379,0.000196857,NS
ENSG00000116981,NT5C1A,0.001758956,NA,NS
ENSG00000116983,HPCAL4,0.034646235,NA,NS
ENSG00000116984,MTR,0.02306958,0.652501381,NS
ENSG00000116985,BMP8B,0.033610006,NA,NS
ENSG00000116990,MYCL,0.006769992,0.9161691,NS
ENSG00000116991,SIPA1L2,0.114089618,0.003752817,NS
ENSG00000117000,RLF,0.095031919,0.039372016,NS
ENSG00000117010,ZNF684,0.03478824,NA,NS
ENSG00000117013,KCNQ4,0.0478804,0.279361261,NS
ENSG00000117016,RIMS3,0.050318645,NA,NS
ENSG00000117036,ETV3,0.053602824,0.24100798,NS
ENSG00000117054,ACADM,-0.006284386,0.904487849,NS
ENSG00000117069,ST6GALNAC5,-0.000544877,NA,NS
ENSG00000117114,ADGRL2,0.015582687,0.788492775,NS
ENSG00000117115,PADI2,0.005102921,NA,NS
ENSG00000117118,SDHB,-0.020048975,0.6985201,NS
ENSG00000117133,RPF1,-0.037230459,0.366261245,NS
ENSG00000117139,KDM5B,0.106555561,0.007347155,NS
ENSG00000117143,UAP1,-0.088025232,0.000597811,NS
ENSG00000117148,ACTL8,-0.021259639,NA,NS
ENSG00000117151,CTBS,0.021581855,0.675285772,NS
ENSG00000117152,RGS4,0.037288974,NA,NS
ENSG00000117153,KLHL12,0.030461171,0.475304477,NS
ENSG00000117155,SSX2IP,0.008422139,0.881684241,NS
ENSG00000117174,ZNHIT6,0.00183876,0.976666703,NS
ENSG00000117222,RBBP5,0.014701834,0.788148576,NS
ENSG00000117226,GBP3,0.002657467,NA,NS
ENSG00000117228,GBP1,0.013029326,NA,NS
ENSG00000117242,PINK1-AS,-0.018405915,NA,NS
ENSG00000117262,GPR89A,-0.008666009,0.887461456,NS
ENSG00000117266,CDK18,0.001980873,NA,NS
ENSG00000117280,RAB29,0.175771133,1.00E-07,NS
ENSG00000117298,ECE1,0.009406153,0.877352887,NS
ENSG00000117305,HMGCL,0.020062673,0.713409039,NS
ENSG00000117308,GALE,0.002388428,0.968746607,NS
ENSG00000117318,ID3,-0.023727823,0.599017003,NS
ENSG00000117335,CD46,0.112035901,0.001454904,NS
ENSG00000117360,PRPF3,-0.004263535,0.944436153,NS
ENSG00000117362,APH1A,-0.031404581,0.415297897,NS
ENSG00000117385,P3H1,-0.026986043,0.589880802,NS
ENSG00000117394,SLC2A1,0.005950749,0.919208355,NS
ENSG00000117395,EBNA1BP2,-0.049951443,0.239558662,NS
ENSG00000117399,CDC20,-0.116655576,0.000877857,NS
ENSG00000117400,MPL,0.006779949,NA,NS
ENSG00000117407,ARTN,0.031198768,NA,NS
ENSG00000117408,IPO13,-0.006263547,0.911387895,NS
ENSG00000117410,ATP6V0B,-0.039344458,0.313078771,NS
ENSG00000117411,B4GALT2,-0.040796478,0.353140596,NS
ENSG00000117419,ERI3,-0.044259285,0.282624266,NS
ENSG00000117425,PTCH2,-0.007823228,NA,NS
ENSG00000117448,AKR1A1,-0.011425878,0.82537884,NS
ENSG00000117450,PRDX1,-0.031403105,0.449046444,NS
ENSG00000117461,PIK3R3,0.086554656,0.011740819,NS
ENSG00000117472,TSPAN1,-0.015301573,0.792222152,NS
ENSG00000117475,BLZF1,0.035288057,0.411851965,NS
ENSG00000117477,CCDC181,0.003737072,NA,NS
ENSG00000117479,SLC19A2,-0.026478722,0.552509729,NS
ENSG00000117480,FAAH,-0.060785195,0.124075633,NS
ENSG00000117481,NSUN4,-0.002582391,0.966718213,NS
ENSG00000117500,TMED5,0.035125559,0.397891205,NS
ENSG00000117505,DR1,-0.01349549,0.780173176,NS
ENSG00000117523,PRRC2C,0.067505732,0.119475939,NS
ENSG00000117528,ABCD3,-0.000117793,0.999057467,NS
ENSG00000117533,VAMP4,0.066598192,0.143606154,NS
ENSG00000117543,DPH5,-0.068724861,0.085689583,NS
ENSG00000117569,PTBP2,0.043838675,0.341040526,NS
ENSG00000117586,TNFSF4,0.003138281,NA,NS
ENSG00000117592,PRDX6,-0.048801463,0.143606154,NS
ENSG00000117593,DARS2,0.006612953,0.902917763,NS
ENSG00000117595,IRF6,0.090190957,0.009898855,NS
ENSG00000117597,UTP25,0.090775026,0.017108668,NS
ENSG00000117602,RCAN3,0.163926724,6.39E-05,NS
ENSG00000117614,SYF2,-0.018526536,0.743785916,NS
ENSG00000117616,RSRP1,-0.002600607,NA,NS
ENSG00000117620,SLC35A3,0.036417862,0.428708774,NS
ENSG00000117625,RCOR3,0.067845527,0.101569428,NS
ENSG00000117632,STMN1,-0.046065342,0.243875777,NS
ENSG00000117640,MTFR1L,0.001314804,0.984210012,NS
ENSG00000117643,MAN1C1,-0.023572562,NA,NS
ENSG00000117650,NEK2,-0.057024044,0.145813522,NS
ENSG00000117676,RPS6KA1,0.016353804,0.7461199,NS
ENSG00000117682,DHDDS,0.006489922,0.920203824,NS
ENSG00000117691,NENF,-0.063252207,0.161511668,NS
ENSG00000117697,NSL1,-0.018942131,0.704803583,NS
ENSG00000117713,ARID1A,0.012418264,0.818983805,NS
ENSG00000117724,CENPF,0.02272795,0.661178889,NS
ENSG00000117748,RPA2,-0.044454562,0.262937359,NS
ENSG00000117751,PPP1R8,0.024301115,0.580085418,NS
ENSG00000117758,STX12,0.050692764,0.216248614,NS
ENSG00000117791,MTARC2,-0.005438889,0.932115347,NS
ENSG00000117859,OSBPL9,-0.000932128,0.989354585,NS
ENSG00000117862,TXNDC12,-0.063907573,0.111029498,NS
ENSG00000117868,ESYT2,0.076759026,0.041226133,NS
ENSG00000117877,POLR1G,-0.04115057,0.362543059,NS
ENSG00000117899,MESD,-0.039473727,0.361920559,NS
ENSG00000117906,RCN2,0.009649515,0.851094266,NS
ENSG00000117984,CTSD,0.029769274,0.456633636,NS
ENSG00000118007,STAG1,-0.004746572,0.943676564,NS
ENSG00000118046,STK11,-0.057046145,0.150168001,NS
ENSG00000118058,KMT2A,0.041943613,0.359031257,NS
ENSG00000118096,IFT46,-0.017953489,0.752358773,NS
ENSG00000118137,APOA1,-0.002957254,NA,NS
ENSG00000118162,KPTN,0.020888487,NA,NS
ENSG00000118181,RPS25,-0.042453455,0.347490569,NS
ENSG00000118193,KIF14,-0.017377474,0.757013822,NS
ENSG00000118194,TNNT2,0.008199313,NA,NS
ENSG00000118197,DDX59,-0.011305158,0.843426536,NS
ENSG00000118200,CAMSAP2,0.117241142,0.004794938,NS
ENSG00000118217,ATF6,0.03648058,0.401217093,NS
ENSG00000118242,MREG,0.000519776,0.994792328,NS
ENSG00000118246,FASTKD2,0.0198735,0.684097307,NS
ENSG00000118260,CREB1,0.00863365,0.883601821,NS
ENSG00000118263,KLF7,-0.004388509,NA,NS
ENSG00000118271,TTR,-0.026187729,NA,NS
ENSG00000118276,B4GALT6,-0.009031471,0.885293656,NS
ENSG00000118292,C1orf54,0.005681378,NA,NS
ENSG00000118307,DNAI7,-0.011977236,NA,NS
ENSG00000118363,SPCS2,-0.008637121,0.872796236,NS
ENSG00000118369,USP35,0.022032224,0.650868895,NS
ENSG00000118402,ELOVL4,-0.022846146,NA,NS
ENSG00000118412,CASP8AP2,0.059369485,0.201016527,NS
ENSG00000118418,HMGN3,-0.015588776,0.783422701,NS
ENSG00000118420,UBE3D,0.013351213,NA,NS
ENSG00000118454,ANKRD13C,0.049380702,0.277506138,NS
ENSG00000118473,SGIP1,-0.004890721,NA,NS
ENSG00000118482,PHF3,0.137588854,0.002280316,NS
ENSG00000118496,FBXO30,0.071995018,0.114175333,NS
ENSG00000118503,TNFAIP3,0.012366861,NA,NS
ENSG00000118507,AKAP7,-0.039135905,0.413004217,NS
ENSG00000118508,RAB32,0.068526535,0.135653172,NS
ENSG00000118513,MYB,0.071630941,NA,NS
ENSG00000118515,SGK1,0.011645288,NA,NS
ENSG00000118518,RNF146,0.007085333,0.912161205,NS
ENSG00000118520,ARG1,-0.01289742,NA,NS
ENSG00000118564,FBXL5,0.079429554,0.04186993,NS
ENSG00000118579,MED28,0.002321649,0.968159844,NS
ENSG00000118596,SLC16A7,0.095921907,NA,NS
ENSG00000118600,RXYLT1,0.026879722,0.575473052,NS
ENSG00000118620,ZNF430,0.028819772,0.573638438,NS
ENSG00000118640,VAMP8,-0.033687835,0.493540288,NS
ENSG00000118655,DCLRE1B,-0.019281348,0.713661555,NS
ENSG00000118680,MYL12B,-0.046423845,0.234038003,NS
ENSG00000118689,FOXO3,0.006825827,0.909031022,NS
ENSG00000118690,ARMC2,-0.015363878,NA,NS
ENSG00000118705,RPN2,-0.028873816,0.466009306,NS
ENSG00000118707,TGIF2,-0.008501808,0.893635033,NS
ENSG00000118762,PKD2,0.00682642,0.913888517,NS
ENSG00000118777,ABCG2,0.016306926,NA,NS
ENSG00000118804,STBD1,0.178597944,2.09E-05,NS
ENSG00000118816,CCNI,0.032015088,0.434036503,NS
ENSG00000118855,MFSD1,0.058340768,0.136311608,NS
ENSG00000118873,RAB3GAP2,0.071176308,0.091593919,NS
ENSG00000118894,EEF2KMT,-0.00752775,0.904707191,NS
ENSG00000118898,PPL,0.004088088,NA,NS
ENSG00000118900,UBN1,0.049991661,0.220664877,NS
ENSG00000118922,KLF12,0.007434246,NA,NS
ENSG00000118939,UCHL3,-0.021072504,0.696889816,NS
ENSG00000118946,PCDH17,-0.004080851,NA,NS
ENSG00000118960,HS1BP3,0.179144511,0.000198039,NS
ENSG00000118961,LDAH,0.066744598,0.119940787,NS
ENSG00000118965,WDR35,0.099901183,0.032781521,NS
ENSG00000118985,ELL2,-0.166406811,1.04E-07,NS
ENSG00000118997,DNAH7,0.006226093,NA,NS
ENSG00000119004,CYP20A1,-0.028426471,0.577106416,NS
ENSG00000119013,NDUFB3,-0.065906602,0.099808019,NS
ENSG00000119041,GTF3C3,0.037844283,0.410506087,NS
ENSG00000119042,SATB2,0.015821022,0.773663867,NS
ENSG00000119048,UBE2B,0.011027019,0.838350877,NS
ENSG00000119138,KLF9,0.007894237,0.89315461,NS
ENSG00000119139,TJP2,0.041921045,0.334699572,NS
ENSG00000119185,ITGB1BP1,-0.052572197,0.226739507,NS
ENSG00000119203,CPSF3,-0.022568333,0.620788677,NS
ENSG00000119227,PIGZ,0.039361767,NA,NS
ENSG00000119231,SENP5,0.000716284,0.992353352,NS
ENSG00000119242,CCDC92,0.00904306,0.88516258,NS
ENSG00000119280,C1orf198,0.033592223,0.448291373,NS
ENSG00000119285,HEATR1,0.090373863,0.02875826,NS
ENSG00000119314,PTBP3,0.043416981,0.316552918,NS
ENSG00000119318,RAD23B,0.048203476,0.112515801,NS
ENSG00000119321,FKBP15,0.019747914,0.710709658,NS
ENSG00000119326,CTNNAL1,0.005221894,0.927172259,NS
ENSG00000119328,ABITRAM,-0.031392831,0.505727753,NS
ENSG00000119333,DYNC2I2,-0.12752799,8.17E-05,NS
ENSG00000119335,SET,-0.012170558,0.744562798,NS
ENSG00000119383,PTPA,-0.052929164,0.142182384,NS
ENSG00000119392,GLE1,-0.005487504,0.919243951,NS
ENSG00000119396,RAB14,0.003672139,0.948139343,NS
ENSG00000119397,CNTRL,-0.045682334,0.310700841,NS
ENSG00000119401,TRIM32,0.002627971,0.96804906,NS
ENSG00000119402,FBXW2,0.009365577,0.862304768,NS
ENSG00000119403,PHF19,-0.061055634,0.186413027,NS
ENSG00000119408,NEK6,0.068019989,0.08361237,NS
ENSG00000119411,BSPRY,0.023737425,0.656922068,NS
ENSG00000119414,PPP6C,-0.003517926,0.950609935,NS
ENSG00000119421,NDUFA8,-0.029207971,0.534603947,NS
ENSG00000119431,HDHD3,0.021488838,0.689910161,NS
ENSG00000119446,RBM18,0.056402019,0.169868301,NS
ENSG00000119471,HSDL2,0.012883042,0.79140725,NS
ENSG00000119487,MAPKAP1,0.001064156,0.9860919,NS
ENSG00000119508,NR4A3,0.006080721,NA,NS
ENSG00000119509,INVS,0.073023776,0.110611928,NS
ENSG00000119514,GALNT12,-0.001933045,NA,NS
ENSG00000119522,DENND1A,-0.00942264,0.859762891,NS
ENSG00000119523,ALG2,-0.026743072,0.563304796,NS
ENSG00000119537,KDSR,0.070588935,0.092244931,NS
ENSG00000119541,VPS4B,0.048984688,0.259836688,NS
ENSG00000119547,ONECUT2,0.018918731,0.737888121,NS
ENSG00000119559,C19orf25,-0.008910403,0.885293656,NS
ENSG00000119574,ZBTB45,-0.053043552,0.259836688,NS
ENSG00000119596,YLPM1,0.045567705,0.245234919,NS
ENSG00000119599,DCAF4,0.011650258,0.847799297,NS
ENSG00000119616,FCF1,-0.023677975,0.620143407,NS
ENSG00000119630,PGF,0.0066804,NA,NS
ENSG00000119632,IFI27L2,-0.010837702,NA,NS
ENSG00000119636,BBOF1,0.009486821,NA,NS
ENSG00000119638,NEK9,0.047104941,0.260972358,NS
ENSG00000119640,ACYP1,-0.025700941,0.600707173,NS
ENSG00000119650,IFT43,-0.031806311,0.520404018,NS
ENSG00000119655,NPC2,0.201445903,2.71E-05,NS
ENSG00000119661,DNAL1,-0.010118338,0.865777781,NS
ENSG00000119669,IRF2BPL,0.002154792,0.968159844,NS
ENSG00000119673,ACOT2,-0.036018714,0.393395212,NS
ENSG00000119681,LTBP2,0.040326123,NA,NS
ENSG00000119682,AREL1,0.097855755,0.011607782,NS
ENSG00000119684,MLH3,0.046871484,0.310700841,NS
ENSG00000119685,TTLL5,0.017944925,0.741370591,NS
ENSG00000119686,FLVCR2,0.061612874,0.17064856,NS
ENSG00000119688,ABCD4,0.019955426,0.717347501,NS
ENSG00000119689,DLST,-0.01278416,0.783623169,NS
ENSG00000119698,PPP4R4,-0.00234378,NA,NS
ENSG00000119699,TGFB3,0.004936967,NA,NS
ENSG00000119703,ZC2HC1C,0.012657869,NA,NS
ENSG00000119705,SLIRP,-0.028426651,0.568773051,NS
ENSG00000119707,RBM25,-0.017139906,0.749889991,NS
ENSG00000119711,ALDH6A1,0.033451076,0.425758971,NS
ENSG00000119718,EIF2B2,-0.065394597,0.132338235,NS
ENSG00000119720,NRDE2,-0.001001336,0.988613097,NS
ENSG00000119723,COQ6,-0.053864853,0.221768337,NS
ENSG00000119725,ZNF410,-0.014594051,0.779824231,NS
ENSG00000119729,RHOQ,0.143058369,0.000905542,NS
ENSG00000119737,GPR75,0.01116875,NA,NS
ENSG00000119760,SUPT7L,0.006577925,0.914755041,NS
ENSG00000119771,KLHL29,-0.023403622,0.660475257,NS
ENSG00000119772,DNMT3A,0.017678177,0.75037833,NS
ENSG00000119777,TMEM214,-0.023374873,0.599437735,NS
ENSG00000119778,ATAD2B,0.02804101,0.585359233,NS
ENSG00000119787,ATL2,0.02005195,0.688455935,NS
ENSG00000119801,YPEL5,0.003041272,0.963411206,NS
ENSG00000119812,FAM98A,0.014282633,0.77505221,NS
ENSG00000119820,YIPF4,0.007611622,0.900453372,NS
ENSG00000119844,AFTPH,0.049537742,0.279736515,NS
ENSG00000119862,LGALSL,0.041996389,0.359180958,NS
ENSG00000119878,CRIPT,0.063870668,0.162621541,NS
ENSG00000119888,EPCAM,-0.011176831,0.823717255,NS
ENSG00000119899,SLC17A5,0.114317893,0.012978704,NS
ENSG00000119900,OGFRL1,0.032596982,0.479300091,NS
ENSG00000119906,SLF2,0.021642118,0.685794627,NS
ENSG00000119912,IDE,0.058644998,0.148034838,NS
ENSG00000119917,IFIT3,-0.006083346,NA,NS
ENSG00000119922,IFIT2,0.011345979,NA,NS
ENSG00000119927,GPAM,0.039749585,0.384882021,NS
ENSG00000119929,CUTC,-0.000958892,0.989203754,NS
ENSG00000119943,PYROXD2,0.014634161,NA,NS
ENSG00000119950,MXI1,0.07580755,0.07968455,NS
ENSG00000119953,SMNDC1,-0.041677155,0.339912612,NS
ENSG00000119965,C10orf88,0.0120003,0.840964088,NS
ENSG00000119969,HELLS,-0.043214424,0.353140596,NS
ENSG00000119977,TCTN3,0.027928444,0.521016898,NS
ENSG00000119979,DENND10,0.037004609,0.399651588,NS
ENSG00000119986,AVPI1,0.016325246,NA,NS
ENSG00000120008,WDR11,0.018109738,0.747059476,NS
ENSG00000120029,ARMH3,0.052988271,0.259407174,NS
ENSG00000120049,KCNIP2,0.007134189,NA,NS
ENSG00000120053,GOT1,-0.075856005,0.038356442,NS
ENSG00000120055,C10orf95,-0.012367302,NA,NS
ENSG00000120063,GNA13,0.077822339,0.061933443,NS
ENSG00000120071,KANSL1,0.041946255,0.359031257,NS
ENSG00000120129,DUSP1,-0.018199828,0.693432868,NS
ENSG00000120137,PANK3,0.126933663,0.001957622,NS
ENSG00000120149,MSX2,0.041488469,0.355370713,NS
ENSG00000120158,RCL1,0.024556997,0.62520738,NS
ENSG00000120159,CAAP1,-0.005180595,0.936429016,NS
ENSG00000120217,CD274,-0.005855162,NA,NS
ENSG00000120253,NUP43,0.010430874,0.862927824,NS
ENSG00000120254,MTHFD1L,-0.035462247,0.438068013,NS
ENSG00000120256,LRP11,0.036136609,0.385167489,NS
ENSG00000120265,PCMT1,-0.016924809,0.749867298,NS
ENSG00000120278,PLEKHG1,-0.009199531,NA,NS
ENSG00000120306,CYSTM1,0.036228892,0.460513807,NS
ENSG00000120314,WDR55,-0.018565072,0.706107811,NS
ENSG00000120322,PCDHB8,0.017856469,NA,NS
ENSG00000120324,PCDHB10,0.02051063,NA,NS
ENSG00000120327,PCDHB14,-0.004000069,NA,NS
ENSG00000120328,PCDHB12,0.001274504,NA,NS
ENSG00000120333,MRPS14,-0.007261622,0.905722054,NS
ENSG00000120334,CENPL,-0.03129362,0.506120332,NS
ENSG00000120370,GORAB,0.007039219,0.908998711,NS
ENSG00000120437,ACAT2,0.012751255,0.808509314,NS
ENSG00000120438,TCP1,-0.010743662,0.788492775,NS
ENSG00000120451,SNX19,0.037032024,0.371943322,NS
ENSG00000120458,MSANTD2,-0.010820396,NA,NS
ENSG00000120509,PDZD11,-0.034107148,0.479300091,NS
ENSG00000120519,SLC10A7,-0.022822063,0.665757621,NS
ENSG00000120526,NUDCD1,0.028524662,0.551887372,NS
ENSG00000120533,ENY2,-0.053703675,0.226554836,NS
ENSG00000120539,MASTL,0.013365427,0.819894565,NS
ENSG00000120549,KIAA1217,0.131045026,0.000877857,NS
ENSG00000120594,PLXDC2,0.005233178,0.936063593,NS
ENSG00000120616,EPC1,0.043370847,0.331587026,NS
ENSG00000120647,CCDC77,-0.04870267,0.304864152,NS
ENSG00000120656,TAF12,-0.058641564,0.199143282,NS
ENSG00000120658,ENOX1,-0.000246183,0.998066857,NS
ENSG00000120662,MTRF1,0.002328681,NA,NS
ENSG00000120669,SOHLH2,-0.004604605,NA,NS
ENSG00000120675,DNAJC15,0.00095775,NA,NS
ENSG00000120685,PROSER1,0.067350122,0.106318213,NS
ENSG00000120686,UFM1,0.022709092,0.642709614,NS
ENSG00000120688,WBP4,-0.061085998,0.186909674,NS
ENSG00000120690,ELF1,0.051138938,0.277998145,NS
ENSG00000120693,SMAD9,-0.0015262,0.98223536,NS
ENSG00000120694,HSPH1,0.054817539,0.171123932,NS
ENSG00000120696,KBTBD7,0.02798461,0.585359233,NS
ENSG00000120697,ALG5,-0.048412841,0.309026998,NS
ENSG00000120699,EXOSC8,-0.035924236,0.43956272,NS
ENSG00000120705,ETF1,0.043089427,0.193237991,NS
ENSG00000120709,FAM53C,-0.005682778,0.920025293,NS
ENSG00000120725,SIL1,-0.061930632,0.123225419,NS
ENSG00000120727,PAIP2,-0.006411358,0.911904394,NS
ENSG00000120733,KDM3B,0.073037689,0.070210021,NS
ENSG00000120738,EGR1,0.005174657,NA,NS
ENSG00000120742,SERP1,0.016853574,0.698090093,NS
ENSG00000120756,PLS1,0.010046594,0.861869475,NS
ENSG00000120784,ZFP30,-0.024888182,0.639801227,NS
ENSG00000120798,NR2C1,0.01403361,0.814288636,NS
ENSG00000120800,UTP20,0.101917484,0.021636669,NS
ENSG00000120802,TMPO,-0.00774918,0.871978832,NS
ENSG00000120805,ARL1,0.049248269,0.143673475,NS
ENSG00000120832,MTERF2,0.031134094,0.529130674,NS
ENSG00000120833,SOCS2,-0.183104012,2.94E-05,NS
ENSG00000120837,NFYB,0.007682213,0.898676064,NS
ENSG00000120860,WASHC3,-0.000871094,0.990076597,NS
ENSG00000120868,APAF1,0.02621625,0.612980174,NS
ENSG00000120875,DUSP4,-0.102917819,0.003025702,NS
ENSG00000120885,CLU,-0.068127715,0.126097858,NS
ENSG00000120889,TNFRSF10B,-0.030518133,0.44561082,NS
ENSG00000120896,SORBS3,0.016579449,0.77092782,NS
ENSG00000120899,PTK2B,-0.010027255,0.858654785,NS
ENSG00000120903,CHRNA2,-0.32300147,8.69E-06,NS
ENSG00000120907,ADRA1A,0.002894177,NA,NS
ENSG00000120910,PPP3CC,0.03010994,0.547254301,NS
ENSG00000120913,PDLIM2,-0.007497418,0.906847444,NS
ENSG00000120915,EPHX2,-0.055318796,0.187002455,NS
ENSG00000120925,RNF170,0.025656405,NA,NS
ENSG00000120942,UBIAD1,-0.001913791,0.973169013,NS
ENSG00000120948,TARDBP,-0.001522965,0.976735811,NS
ENSG00000120949,TNFRSF8,0.013405986,NA,NS
ENSG00000120963,ZNF706,-0.022998746,0.636643673,NS
ENSG00000120992,LYPLA1,0.033277572,0.36689811,NS
ENSG00000121005,CRISPLD1,0.002151479,NA,NS
ENSG00000121022,COPS5,0.001618292,0.97721495,NS
ENSG00000121039,RDH10,0.015722044,0.788492775,NS
ENSG00000121057,AKAP1,0.009085395,0.856070615,NS
ENSG00000121058,COIL,0.005312649,0.932115347,NS
ENSG00000121060,TRIM25,0.086911386,0.007247047,NS
ENSG00000121064,SCPEP1,0.067287685,0.077046807,NS
ENSG00000121067,SPOP,-0.035319018,0.370070447,NS
ENSG00000121068,TBX2,0.00619014,NA,NS
ENSG00000121073,SLC35B1,-0.069077257,0.082934751,NS
ENSG00000121101,TEX14,-0.001536449,NA,NS
ENSG00000121104,FAM117A,0.076588606,0.094940161,NS
ENSG00000121152,NCAPH,-0.064092879,0.093445347,NS
ENSG00000121210,TMEM131L,0.107312632,0.019971835,NS
ENSG00000121211,MND1,-0.065432564,0.1546206,NS
ENSG00000121270,ABCC11,-0.003597504,NA,NS
ENSG00000121274,TENT4B,0.066408194,0.118745048,NS
ENSG00000121281,ADCY7,0.030445914,NA,NS
ENSG00000121289,CEP89,-0.030351687,0.510181264,NS
ENSG00000121297,TSHZ3,0.018411888,NA,NS
ENSG00000121310,ECHDC2,-0.04004134,0.394598725,NS
ENSG00000121350,PYROXD1,0.006761282,0.9161691,NS
ENSG00000121380,BCL2L14,0.002561416,NA,NS
ENSG00000121390,PSPC1,-0.019384493,0.694574164,NS
ENSG00000121406,ZNF549,0.022787829,0.670613023,NS
ENSG00000121410,A1BG,-0.041942913,0.343763325,NS
ENSG00000121413,ZSCAN18,-0.080021336,0.081766204,NS
ENSG00000121417,ZNF211,-0.008099191,0.896571932,NS
ENSG00000121440,PDZRN3,0.018173671,0.749889991,NS
ENSG00000121454,LHX4,0.004187167,NA,NS
ENSG00000121481,RNF2,-0.008921347,0.883601821,NS
ENSG00000121486,TRMT1L,-0.027002127,0.574562425,NS
ENSG00000121542,SEC22A,-0.00723424,0.909031022,NS
ENSG00000121552,CSTA,-0.020421597,NA,NS
ENSG00000121577,POPDC2,-0.000603554,NA,NS
ENSG00000121578,B4GALT4,0.019575029,0.708572644,NS
ENSG00000121579,NAA50,0.056070263,0.118969913,NS
ENSG00000121621,KIF18A,-0.025827835,0.624721219,NS
ENSG00000121644,DESI2,-0.003245355,0.956655426,NS
ENSG00000121653,MAPK8IP1,0.015305548,0.781392118,NS
ENSG00000121671,CRY2,-0.038514357,0.430105058,NS
ENSG00000121680,PEX16,-0.045445412,0.335670764,NS
ENSG00000121691,CAT,0.016748814,0.711676307,NS
ENSG00000121716,PILRB,0.030905239,NA,NS
ENSG00000121741,ZMYM2,0.079160187,0.047439984,NS
ENSG00000121749,TBC1D15,0.021055449,0.683536067,NS
ENSG00000121753,ADGRB2,0.014322647,NA,NS
ENSG00000121766,ZCCHC17,-0.105271934,0.005802777,NS
ENSG00000121774,KHDRBS1,-0.01847588,0.629573099,NS
ENSG00000121775,TMEM39B,-0.028855021,0.572643189,NS
ENSG00000121851,POLR3GL,-0.017549991,0.743565171,NS
ENSG00000121864,ZNF639,0.036891231,0.395365466,NS
ENSG00000121871,SLITRK3,0.081832789,0.068109173,NS
ENSG00000121879,PIK3CA,0.016133136,0.780447699,NS
ENSG00000121892,PDS5A,0.074055323,0.067401766,NS
ENSG00000121897,LIAS,-0.004603706,0.945885664,NS
ENSG00000121900,TMEM54,-0.074217576,0.045553523,NS
ENSG00000121903,ZSCAN20,0.001082834,0.98727817,NS
ENSG00000121931,LRIF1,-0.006894322,0.914603094,NS
ENSG00000121940,CLCC1,-0.009744428,0.85129193,NS
ENSG00000121957,GPSM2,-0.018309891,0.736981947,NS
ENSG00000121964,GTDC1,0.006910109,0.91328563,NS
ENSG00000121966,CXCR4,-0.007828237,NA,NS
ENSG00000121988,ZRANB3,0.018095866,0.747332123,NS
ENSG00000121989,ACVR2A,0.009778282,0.872461212,NS
ENSG00000122008,POLK,0.064215567,0.143673475,NS
ENSG00000122012,SV2C,0.019105377,NA,NS
ENSG00000122025,FLT3,0.004656031,NA,NS
ENSG00000122026,RPL21,-0.065461535,0.099942008,NS
ENSG00000122033,MTIF3,-0.035155838,0.476029539,NS
ENSG00000122034,GTF3A,-0.053546978,0.20021605,NS
ENSG00000122035,RASL11A,-0.003030023,NA,NS
ENSG00000122042,UBL3,0.036202892,0.45143413,NS
ENSG00000122068,FYTTD1,0.077997964,0.039707885,NS
ENSG00000122085,MTERF4,-0.013382879,0.789302151,NS
ENSG00000122126,OCRL,0.014014161,0.780173176,NS
ENSG00000122140,MRPS2,-0.009561288,0.865630413,NS
ENSG00000122194,PLG,-0.003895614,NA,NS
ENSG00000122203,KIAA1191,-0.000475864,0.994073178,NS
ENSG00000122218,COPA,0.07395858,0.017910046,NS
ENSG00000122257,RBBP6,-0.008362411,0.883974391,NS
ENSG00000122299,ZC3H7A,0.0390256,0.412454963,NS
ENSG00000122335,SERAC1,0.0730715,0.106298306,NS
ENSG00000122359,ANXA11,-0.027800464,0.509666623,NS
ENSG00000122367,LDB3,0.003407136,NA,NS
ENSG00000122376,SHLD2,0.090297584,0.030658951,NS
ENSG00000122378,PRXL2A,0.008025273,NA,NS
ENSG00000122386,ZNF205,-0.038463458,0.419422966,NS
ENSG00000122390,NAA60,0.013246789,0.808343951,NS
ENSG00000122406,RPL5,-0.039908126,0.313078771,NS
ENSG00000122417,ODF2L,0.010707576,0.861869475,NS
ENSG00000122420,PTGFR,0.032430997,0.472951555,NS
ENSG00000122432,SPATA1,-0.010501833,NA,NS
ENSG00000122435,TRMT13,0.03582416,0.461536221,NS
ENSG00000122481,RWDD3,-0.027960907,0.582503829,NS
ENSG00000122482,ZNF644,0.079428135,0.03901632,NS
ENSG00000122483,CCDC18,-0.030938068,0.532721486,NS
ENSG00000122484,RPAP2,0.096195807,0.012281438,NS
ENSG00000122490,SLC66A2,-0.04777956,0.246256359,NS
ENSG00000122507,BBS9,0.066110838,0.146741549,NS
ENSG00000122512,PMS2,0.092661317,0.009366449,NS
ENSG00000122515,ZMIZ2,-0.000505749,0.994792328,NS
ENSG00000122545,SEPTIN7,-0.019573361,0.651272633,NS
ENSG00000122547,EEPD1,0.111290672,0.00853258,NS
ENSG00000122550,KLHL7,0.024838457,0.616329012,NS
ENSG00000122557,HERPUD2,-0.028513117,0.576239285,NS
ENSG00000122565,CBX3,-0.01087819,0.793633868,NS
ENSG00000122566,HNRNPA2B1,-0.066716974,0.029020858,NS
ENSG00000122591,HYCC1,0.08853066,0.049181361,NS
ENSG00000122592,HOXA7,-0.005877257,NA,NS
ENSG00000122642,FKBP9,0.019659753,0.716668198,NS
ENSG00000122643,NT5C3A,0.033964434,0.492562048,NS
ENSG00000122644,ARL4A,-0.027407536,0.57388664,NS
ENSG00000122674,CCZ1,0.01226033,0.838712193,NS
ENSG00000122678,POLM,-0.02454464,0.629834397,NS
ENSG00000122687,MRM2,-0.030353072,0.480718557,NS
ENSG00000122691,TWIST1,-0.08969598,0.016101331,NS
ENSG00000122692,SMU1,-0.010537369,0.83112891,NS
ENSG00000122694,GLIPR2,-0.020604959,0.690421763,NS
ENSG00000122696,SLC25A51,-0.005179783,0.939252415,NS
ENSG00000122705,CLTA,0.038062746,0.330106623,NS
ENSG00000122707,RECK,-0.027281136,0.565641171,NS
ENSG00000122728,TAF1L,0.027768376,NA,NS
ENSG00000122729,ACO1,0.065801773,0.100749122,NS
ENSG00000122741,DCAF10,0.111890578,0.00492232,NS
ENSG00000122778,KIAA1549,0.071819502,0.099036748,NS
ENSG00000122779,TRIM24,0.055713871,0.192685404,NS
ENSG00000122783,CYREN,-0.006170173,0.91686614,NS
ENSG00000122786,CALD1,0.108855793,0.000177524,NS
ENSG00000122787,AKR1D1,0.001306052,NA,NS
ENSG00000122824,NUDT10,0.001859211,NA,NS
ENSG00000122863,CHST3,0.014001785,0.810013547,NS
ENSG00000122873,CISD1,-0.014142815,0.809521731,NS
ENSG00000122882,ECD,0.013327827,0.797915051,NS
ENSG00000122884,P4HA1,0.132161297,0.000172361,NS
ENSG00000122912,SLC25A16,0.025917592,0.612591388,NS
ENSG00000122952,ZWINT,-0.098709323,0.000903632,NS
ENSG00000122958,VPS26A,0.046886521,0.242109487,NS
ENSG00000122965,RBM19,-0.002435408,0.968746607,NS
ENSG00000122966,CIT,-0.007089476,0.912161205,NS
ENSG00000122970,IFT81,0.022849916,0.660750271,NS
ENSG00000122971,ACADS,-0.067090003,0.124075633,NS
ENSG00000123064,DDX54,-0.032651009,0.376073967,NS
ENSG00000123066,MED13L,0.111749466,0.012458862,NS
ENSG00000123080,CDKN2C,-0.090435581,0.019223426,NS
ENSG00000123091,RNF11,0.029238604,0.449575382,NS
ENSG00000123094,RASSF8,0.008931798,0.886914697,NS
ENSG00000123095,BHLHE41,0.006607404,NA,NS
ENSG00000123104,ITPR2,0.061033735,0.172403756,NS
ENSG00000123106,CCDC91,-0.021262252,0.686944347,NS
ENSG00000123124,WWP1,0.052242048,0.190970028,NS
ENSG00000123130,ACOT9,-0.044114076,0.321324696,NS
ENSG00000123131,PRDX4,-0.051441185,0.210016697,NS
ENSG00000123136,DDX39A,-0.038738464,0.29891316,NS
ENSG00000123143,PKN1,0.023482788,0.568004366,NS
ENSG00000123144,TRIR,-0.100012093,0.010786973,NS
ENSG00000123146,ADGRE5,0.031024538,0.513315431,NS
ENSG00000123154,WDR83,-0.012530694,0.832818944,NS
ENSG00000123159,GIPC1,-0.02810318,0.548233378,NS
ENSG00000123178,SPRYD7,-0.002712054,0.967200703,NS
ENSG00000123179,EBPL,-0.026996411,0.552793857,NS
ENSG00000123191,ATP7B,0.034830345,0.449506129,NS
ENSG00000123200,ZC3H13,0.010119857,0.862876061,NS
ENSG00000123213,NLN,0.064318106,0.089793981,NS
ENSG00000123219,CENPK,-0.03975737,0.385371797,NS
ENSG00000123240,OPTN,0.366559833,NA,NS
ENSG00000123268,ATF1,0.001396774,0.98223536,NS
ENSG00000123297,TSFM,-0.046770297,0.284676696,NS
ENSG00000123329,ARHGAP9,0.006168705,NA,NS
ENSG00000123349,PFDN5,-0.097827661,0.009508702,NS
ENSG00000123352,SPATS2,0.030520232,0.497327711,NS
ENSG00000123353,ORMDL2,-0.05677641,0.182127387,NS
ENSG00000123358,NR4A1,-0.043718701,0.345633438,NS
ENSG00000123364,HOXC13,-0.003233042,0.960891959,NS
ENSG00000123374,CDK2,-0.01694693,0.710367968,NS
ENSG00000123384,LRP1,0.212362666,0.001854524,NS
ENSG00000123395,ATG101,-0.085074918,0.036011335,NS
ENSG00000123407,HOXC12,0.018892848,0.72783001,NS
ENSG00000123411,IKZF4,-0.002216818,NA,NS
ENSG00000123415,SMUG1,-0.010021803,0.868408226,NS
ENSG00000123416,TUBA1B,-0.085018753,0.015273983,NS
ENSG00000123427,EEF1AKMT3,-0.001470648,0.980420064,NS
ENSG00000123444,KBTBD4,-0.038236433,0.413536133,NS
ENSG00000123472,ATPAF1,-0.010197281,0.833429831,NS
ENSG00000123473,STIL,0.031264485,0.501622008,NS
ENSG00000123485,HJURP,-0.067524313,0.104525475,NS
ENSG00000123505,AMD1,0.112096785,5.21E-05,NS
ENSG00000123545,NDUFAF4,-0.002454986,0.96840651,NS
ENSG00000123552,USP45,0.034286188,0.486087944,NS
ENSG00000123562,MORF4L2,0.005632516,0.906856292,NS
ENSG00000123570,RAB9B,0.014228842,NA,NS
ENSG00000123575,FAM199X,0.062092572,0.129983141,NS
ENSG00000123595,RAB9A,0.165020156,0.000310528,NS
ENSG00000123600,METTL8,0.058269613,0.143606154,NS
ENSG00000123607,TTC21B,0.027528029,0.572643189,NS
ENSG00000123609,NMI,-0.00865614,NA,NS
ENSG00000123612,ACVR1C,-0.008934519,NA,NS
ENSG00000123636,BAZ2B,-0.000476051,NA,NS
ENSG00000123643,SLC36A1,0.024786048,0.636238743,NS
ENSG00000123684,LPGAT1,-0.014232934,0.798368179,NS
ENSG00000123685,BATF3,-0.006210528,NA,NS
ENSG00000123700,KCNJ2,-0.005930635,NA,NS
ENSG00000123728,RAP2C,0.033005046,0.497139496,NS
ENSG00000123737,EXOSC9,-0.047771613,0.284831939,NS
ENSG00000123739,PLA2G12A,-0.007233243,0.897299596,NS
ENSG00000123810,B9D2,-0.039328615,NA,NS
ENSG00000123815,COQ8B,-0.041597334,0.371876059,NS
ENSG00000123836,PFKFB2,0.172268082,5.69E-05,NS
ENSG00000123870,ZNF137P,-0.011009059,NA,NS
ENSG00000123908,AGO2,0.067256384,0.117776188,NS
ENSG00000123933,MXD4,-0.035495087,0.405966205,NS
ENSG00000123975,CKS2,-0.057446633,0.179713679,NS
ENSG00000123983,ACSL3,-0.101402128,0.000182069,NS
ENSG00000123989,CHPF,-0.006223744,0.912161205,NS
ENSG00000123992,DNPEP,-0.026896246,0.578266758,NS
ENSG00000124006,OBSL1,0.00211488,NA,NS
ENSG00000124067,SLC12A4,0.002549185,NA,NS
ENSG00000124074,ENKD1,-0.087535841,0.062133612,NS
ENSG00000124097,HMGB1P1,0.00870673,NA,NS
ENSG00000124098,FAM210B,0.009132238,0.832263222,NS
ENSG00000124104,SNX21,0.001910565,0.975569973,NS
ENSG00000124107,SLPI,-0.044915767,0.319623491,NS
ENSG00000124116,WFDC3,0.003642707,NA,NS
ENSG00000124120,TTPAL,0.026782302,0.584092539,NS
ENSG00000124145,SDC4,0.04157424,0.355194968,NS
ENSG00000124151,NCOA3,0.083458577,0.068338691,NS
ENSG00000124155,PIGT,-0.010120782,0.85803128,NS
ENSG00000124157,SEMG2,-0.003704103,NA,NS
ENSG00000124159,MATN4,0.002932673,NA,NS
ENSG00000124160,NCOA5,-0.026196462,0.561657683,NS
ENSG00000124164,VAPB,0.023557313,0.580222448,NS
ENSG00000124171,PARD6B,0.002441316,NA,NS
ENSG00000124172,ATP5F1E,-0.06833396,0.110095215,NS
ENSG00000124177,CHD6,0.091938895,0.030915477,NS
ENSG00000124181,PLCG1,0.019576114,0.697897842,NS
ENSG00000124191,TOX2,0.030268167,NA,NS
ENSG00000124193,SRSF6,0.024534628,0.590275869,NS
ENSG00000124198,ARFGEF2,0.104464737,0.01080331,NS
ENSG00000124201,ZNFX1,0.092094584,0.032824466,NS
ENSG00000124207,CSE1L,0.006083597,0.902032389,NS
ENSG00000124208,PEDS1-UBE2V1,0.014634339,0.799466393,NS
ENSG00000124209,RAB22A,-0.008466066,0.880756893,NS
ENSG00000124214,STAU1,0.030086097,0.456394148,NS
ENSG00000124215,CDH26,0.212886511,NA,NS
ENSG00000124216,SNAI1,0.059377935,0.191946894,NS
ENSG00000124217,MOCS3,0.014466152,0.804598529,NS
ENSG00000124222,STX16,0.023612911,0.630025058,NS
ENSG00000124225,PMEPA1,-0.034580553,0.335635381,NS
ENSG00000124226,RNF114,0.044368806,0.284676696,NS
ENSG00000124228,DDX27,-0.047467044,0.209691278,NS
ENSG00000124233,SEMG1,-0.001400251,NA,NS
ENSG00000124243,BCAS4,0.01487389,0.791279424,NS
ENSG00000124257,NEURL2,-0.004089469,NA,NS
ENSG00000124260,MAGEA10,0.002052094,0.973169013,NS
ENSG00000124275,MTRR,0.075393119,0.07884216,NS
ENSG00000124279,FASTKD3,-0.003643605,0.955170029,NS
ENSG00000124299,PEPD,0.023025785,0.662076797,NS
ENSG00000124313,IQSEC2,0.021552848,0.691538771,NS
ENSG00000124333,VAMP7,0.046859915,0.253217857,NS
ENSG00000124334,IL9R,0.00139818,NA,NS
ENSG00000124343,XG,0.00783208,NA,NS
ENSG00000124356,STAMBP,-0.011856043,0.840964088,NS
ENSG00000124357,NAGK,-0.025991735,0.62086037,NS
ENSG00000124370,MCEE,-0.001194698,NA,NS
ENSG00000124374,PAIP2B,-0.002966724,0.96457638,NS
ENSG00000124380,SNRNP27,-0.012901791,0.828118426,NS
ENSG00000124383,MPHOSPH10,-0.029856346,0.505626436,NS
ENSG00000124406,ATP8A1,0.037185699,NA,NS
ENSG00000124422,USP22,0.030260562,0.385786367,NS
ENSG00000124429,POF1B,0.030834241,NA,NS
ENSG00000124444,ZNF576,-0.065881589,0.151589824,NS
ENSG00000124459,ZNF45,0.040123002,0.406939806,NS
ENSG00000124466,LYPD3,0.031944175,NA,NS
ENSG00000124486,USP9X,0.085019131,0.047150787,NS
ENSG00000124491,F13A1,-0.005593247,NA,NS
ENSG00000124496,TRERF1,0.084287265,0.059402294,NS
ENSG00000124507,PACSIN1,-0.011571182,0.844270273,NS
ENSG00000124508,BTN2A2,0.041566282,0.367380149,NS
ENSG00000124523,SIRT5,0.017671551,0.757013822,NS
ENSG00000124532,MRS2,0.033728737,0.438728252,NS
ENSG00000124535,WRNIP1,0.012059158,0.822722217,NS
ENSG00000124541,RRP36,-0.031250623,0.482987983,NS
ENSG00000124562,SNRPC,-0.104921471,0.009441662,NS
ENSG00000124570,SERPINB6,-0.062711761,0.094094717,NS
ENSG00000124571,XPO5,0.054361385,0.174849053,NS
ENSG00000124574,ABCC10,0.01370032,0.813083882,NS
ENSG00000124587,PEX6,0.034930168,0.45487035,NS
ENSG00000124588,NQO2,-0.039808503,0.407423376,NS
ENSG00000124593,NA,-0.044262627,0.353107575,NS
ENSG00000124596,OARD1,-0.057686602,0.208011056,NS
ENSG00000124602,UNC5CL,-0.00310582,NA,NS
ENSG00000124608,AARS2,-0.017851389,0.747642295,NS
ENSG00000124613,ZNF391,0.030345321,0.528532827,NS
ENSG00000124614,RPS10,-0.078898828,0.04493976,NS
ENSG00000124615,MOCS1,0.005609182,0.932949388,NS
ENSG00000124635,H2BC11,-0.01320421,NA,NS
ENSG00000124641,MED20,0.002214425,0.971590509,NS
ENSG00000124659,TBCC,-0.009801526,0.873258641,NS
ENSG00000124664,SPDEF,-0.219191518,2.04E-10,NS
ENSG00000124688,MAD2L1BP,-0.030822976,0.538457578,NS
ENSG00000124702,KLHDC3,-0.059297526,0.110611928,NS
ENSG00000124713,GNMT,-0.0339033,0.445972966,NS
ENSG00000124721,DNAH8,-0.015444994,0.79122297,NS
ENSG00000124733,MEA1,-0.144195742,0.000365643,NS
ENSG00000124743,KLHL31,0.013581898,NA,NS
ENSG00000124762,CDKN1A,-0.010298805,0.838691931,NS
ENSG00000124766,SOX4,-0.0940805,0.014887625,NS
ENSG00000124767,GLO1,-0.010034887,0.829713136,NS
ENSG00000124782,RREB1,0.051991885,0.252622901,NS
ENSG00000124783,SSR1,0.007256448,0.883924864,NS
ENSG00000124784,RIOK1,-0.041237916,0.383636188,NS
ENSG00000124785,NRN1,0.014819722,0.801344297,NS
ENSG00000124786,SLC35B3,0.000440026,0.995244936,NS
ENSG00000124787,RPP40,-0.009269069,0.882572192,NS
ENSG00000124788,ATXN1,-0.006737157,0.9161691,NS
ENSG00000124789,NUP153,0.052001229,0.225628819,NS
ENSG00000124795,DEK,-0.018366212,0.6658951,NS
ENSG00000124802,EEF1E1,0.023579279,0.629573099,NS
ENSG00000124813,RUNX2,0.007186633,NA,NS
ENSG00000124831,LRRFIP1,0.048287618,0.262937359,NS
ENSG00000124839,RAB17,0.033703684,0.497156275,NS
ENSG00000124920,MYRF,0.030708033,NA,NS
ENSG00000124935,SCGB1D2,0.001037921,NA,NS
ENSG00000124939,SCGB2A1,-0.012765257,NA,NS
ENSG00000124942,AHNAK,0.054122914,0.187453117,NS
ENSG00000125037,EMC3,-0.028700605,0.547998081,NS
ENSG00000125089,SH3TC1,-0.024838803,NA,NS
ENSG00000125107,CNOT1,0.099792092,0.006998059,NS
ENSG00000125124,BBS2,-0.018658388,0.729681353,NS
ENSG00000125144,MT1G,0.011317725,NA,NS
ENSG00000125148,MT2A,-0.011346169,0.853316183,NS
ENSG00000125149,PHAF1,0.051225496,0.233788105,NS
ENSG00000125166,GOT2,-0.043641441,0.208011056,NS
ENSG00000125170,DOK4,0.004310022,NA,NS
ENSG00000125246,CLYBL,-0.003137058,NA,NS
ENSG00000125247,TMTC4,0.016226004,0.764161839,NS
ENSG00000125249,RAP2A,0.016479965,0.776885211,NS
ENSG00000125257,ABCC4,0.00910422,0.867856251,NS
ENSG00000125266,EFNB2,-0.046759709,0.277431342,NS
ENSG00000125304,TM9SF2,0.035065201,0.347135127,NS
ENSG00000125319,HROB,-0.03173105,0.487885572,NS
ENSG00000125337,KIF25,-0.006784738,NA,NS
ENSG00000125347,IRF1,-0.008076394,NA,NS
ENSG00000125351,UPF3B,-0.108148072,0.01515001,NS
ENSG00000125352,RNF113A,-0.035039587,0.478061037,NS
ENSG00000125354,SEPTIN6,0.034510743,0.481433123,NS
ENSG00000125356,NDUFA1,-0.048381059,0.298306069,NS
ENSG00000125375,DMAC2L,0.00451775,0.945885664,NS
ENSG00000125378,BMP4,-0.007820008,NA,NS
ENSG00000125386,FAM193A,0.103433031,0.009443076,NS
ENSG00000125388,GRK4,-0.055679706,NA,NS
ENSG00000125398,SOX9,-0.122088167,0.015516924,NS
ENSG00000125430,HS3ST3B1,0.018222503,NA,NS
ENSG00000125434,SLC25A35,0.006638084,0.917757114,NS
ENSG00000125445,MRPS7,-0.009333669,0.873258641,NS
ENSG00000125447,GGA3,0.046756611,0.312818557,NS
ENSG00000125449,ARMC7,-0.0178639,0.754880689,NS
ENSG00000125450,NUP85,-0.058934625,0.14883766,NS
ENSG00000125454,SLC25A19,0.009066523,0.883924864,NS
ENSG00000125457,MIF4GD,-0.042173231,0.371898705,NS
ENSG00000125458,NT5C,-0.063621315,0.168490151,NS
ENSG00000125459,MSTO1,-0.037582273,0.360221118,NS
ENSG00000125462,MIR9-1HG,0.00147022,NA,NS
ENSG00000125482,TTF1,-0.06343355,0.143840184,NS
ENSG00000125484,GTF3C4,0.036365162,0.42855437,NS
ENSG00000125485,DDX31,0.047229718,0.285945793,NS
ENSG00000125503,PPP1R12C,0.006890498,0.91328563,NS
ENSG00000125505,MBOAT7,0.007388257,0.879499896,NS
ENSG00000125510,OPRL1,0.002487114,NA,NS
ENSG00000125520,SLC2A4RG,-0.097251402,0.00778106,NS
ENSG00000125534,PPDPF,-0.127826685,0.000100889,NS
ENSG00000125551,PLGLB2,0.009416654,NA,NS
ENSG00000125611,CHCHD5,-0.073849895,0.107016318,NS
ENSG00000125618,PAX8,0.008669293,NA,NS
ENSG00000125629,INSIG2,0.066870874,0.143673475,NS
ENSG00000125630,POLR1B,0.084013945,0.03486719,NS
ENSG00000125633,CCDC93,0.072650258,0.112107474,NS
ENSG00000125637,PSD4,0.021224867,0.641030105,NS
ENSG00000125648,SLC25A23,0.074770068,0.025989711,NS
ENSG00000125650,PSPN,-0.022558945,NA,NS
ENSG00000125651,GTF2F1,-0.032886533,0.411413842,NS
ENSG00000125652,ALKBH7,-0.059707071,0.190970028,NS
ENSG00000125656,CLPP,-0.046072315,0.296371065,NS
ENSG00000125657,TNFSF9,-0.021731035,NA,NS
ENSG00000125676,THOC2,0.023851668,0.629715395,NS
ENSG00000125686,MED1,0.071920815,0.078637496,NS
ENSG00000125691,RPL23,-0.041902967,0.331825954,NS
ENSG00000125703,ATG4C,0.022898394,0.669829271,NS
ENSG00000125733,TRIP10,-0.025491284,0.614987073,NS
ENSG00000125734,GPR108,-0.058727633,0.177145653,NS
ENSG00000125740,FOSB,0.027647663,NA,NS
ENSG00000125741,OPA3,0.017204531,0.761182544,NS
ENSG00000125743,SNRPD2,-0.072039025,0.100694082,NS
ENSG00000125744,RTN2,0.005593485,NA,NS
ENSG00000125746,EML2,0.030394108,0.547254301,NS
ENSG00000125753,VASP,-0.02374145,0.658618754,NS
ENSG00000125755,SYMPK,0.016577157,0.758612883,NS
ENSG00000125772,GPCPD1,0.032009262,0.520252171,NS
ENSG00000125775,SDCBP2,0.014272592,NA,NS
ENSG00000125779,PANK2,0.037456949,0.367938762,NS
ENSG00000125780,TGM3,0.010246549,NA,NS
ENSG00000125804,FAM182A,0.002018017,NA,NS
ENSG00000125812,GZF1,0.027033823,0.591007215,NS
ENSG00000125813,PAX1,-0.0217058,0.688455935,NS
ENSG00000125814,NAPB,0.022368701,0.674261666,NS
ENSG00000125817,CENPB,-0.052427343,0.128773695,NS
ENSG00000125818,PSMF1,0.000215354,0.997791987,NS
ENSG00000125821,DTD1,-0.030838827,0.504660439,NS
ENSG00000125826,RBCK1,-0.05786104,0.117343025,NS
ENSG00000125827,TMX4,-0.006959109,0.896729293,NS
ENSG00000125834,STK35,-0.019726406,0.693601314,NS
ENSG00000125835,SNRPB,-0.099245973,0.004892574,NS
ENSG00000125841,NRSN2,-0.083987009,0.041026241,NS
ENSG00000125843,AP5S1,0.015316956,0.79081691,NS
ENSG00000125844,RRBP1,0.020073924,0.656922068,NS
ENSG00000125846,ZNF133,0.005948332,0.925275708,NS
ENSG00000125850,OVOL2,-0.044266879,0.345633438,NS
ENSG00000125863,MKKS,0.018181005,0.722990095,NS
ENSG00000125864,BFSP1,0.010885415,NA,NS
ENSG00000125868,DSTN,0.01648912,0.717378698,NS
ENSG00000125870,SNRPB2,-0.061558023,0.118460005,NS
ENSG00000125871,MGME1,-0.012427406,0.816828855,NS
ENSG00000125875,TBC1D20,0.06748154,0.099655716,NS
ENSG00000125877,ITPA,-0.040846971,0.394599717,NS
ENSG00000125885,MCM8,0.006939287,0.908998711,NS
ENSG00000125898,FAM110A,-0.026185271,0.611887451,NS
ENSG00000125901,MRPS26,-0.071173332,0.096950747,NS
ENSG00000125912,NCLN,-0.043040004,0.24460887,NS
ENSG00000125931,CITED1,0.006158228,NA,NS
ENSG00000125944,HNRNPR,-0.009520523,0.820525027,NS
ENSG00000125945,ZNF436,0.011900002,0.838838268,NS
ENSG00000125952,MAX,0.006107747,0.91419086,NS
ENSG00000125954,CHURC1-FNTB,0.007447881,NA,NS
ENSG00000125962,ARMCX5,-0.000966261,0.988970367,NS
ENSG00000125966,MMP24,-0.028928083,NA,NS
ENSG00000125967,NECAB3,-0.062052554,0.131448455,NS
ENSG00000125968,ID1,-0.032498104,0.510539782,NS
ENSG00000125970,RALY,-0.093098923,0.004535059,NS
ENSG00000125971,DYNLRB1,-0.043891185,0.345633438,NS
ENSG00000125977,EIF2S2,-0.043323978,0.275667908,NS
ENSG00000125991,ERGIC3,-0.034198869,0.382510122,NS
ENSG00000125995,ROMO1,-0.146812559,0.003353356,NS
ENSG00000125999,BPIFB1,0.007849128,NA,NS
ENSG00000126001,CEP250,0.028303964,0.568773051,NS
ENSG00000126003,PLAGL2,0.00903446,0.885293656,NS
ENSG00000126005,MMP24OS,-0.046232455,0.310320194,NS
ENSG00000126010,GRPR,0.045263119,NA,NS
ENSG00000126012,KDM5C,-0.000636926,0.992219614,NS
ENSG00000126016,AMOT,0.052208457,0.26473692,NS
ENSG00000126062,TMEM115,-0.015875354,0.747642295,NS
ENSG00000126067,PSMB2,-0.011991325,0.819894565,NS
ENSG00000126070,AGO3,0.042037865,0.381816165,NS
ENSG00000126088,UROD,-0.027571692,0.579720636,NS
ENSG00000126091,ST3GAL3,0.035021977,0.47419513,NS
ENSG00000126106,TMEM53,0.003431118,0.958081991,NS
ENSG00000126107,HECTD3,-0.017848342,0.723436536,NS
ENSG00000126214,KLC1,-0.010658358,0.842442201,NS
ENSG00000126215,XRCC3,-0.018706478,0.715327122,NS
ENSG00000126216,TUBGCP3,0.008361834,0.893000014,NS
ENSG00000126217,MCF2L,0.087889365,0.056153795,NS
ENSG00000126226,PCID2,0.007157367,0.908998711,NS
ENSG00000126243,LRFN3,-0.015574047,0.789982089,NS
ENSG00000126246,IGFLR1,-0.051577199,0.252860699,NS
ENSG00000126247,CAPNS1,-0.04832847,0.200907054,NS
ENSG00000126249,PDCD2L,-0.040023063,0.394531492,NS
ENSG00000126254,RBM42,-0.114318915,0.002662936,NS
ENSG00000126261,UBA2,0.011204787,0.821050572,NS
ENSG00000126264,HCST,0.001279724,NA,NS
ENSG00000126267,COX6B1,-0.123351194,0.001913971,NS
ENSG00000126351,THRA,0.006955086,0.911387895,NS
ENSG00000126368,NR1D1,0.060097025,0.17552629,NS
ENSG00000126391,FRMD8,0.002391504,0.968278814,NS
ENSG00000126432,PRDX5,-0.042072307,0.351921589,NS
ENSG00000126453,BCL2L12,-0.114682666,0.005679306,NS
ENSG00000126456,IRF3,-0.056986561,0.187002455,NS
ENSG00000126457,PRMT1,-0.069268797,0.064298997,NS
ENSG00000126458,RRAS,-0.010660004,0.858266736,NS
ENSG00000126460,PRRG2,-0.059866507,0.188978093,NS
ENSG00000126461,SCAF1,-0.018890558,0.651365086,NS
ENSG00000126464,PRR12,-0.004695721,0.943676564,NS
ENSG00000126500,FLRT1,-0.033154354,NA,NS
ENSG00000126522,ASL,-0.066149277,0.118460005,NS
ENSG00000126524,SBDS,-0.029375654,0.478868569,NS
ENSG00000126561,STAT5A,0.041293406,NA,NS
ENSG00000126581,BECN1,0.009823627,0.849010447,NS
ENSG00000126602,TRAP1,-0.072268944,0.019971835,NS
ENSG00000126603,GLIS2,0.004342885,NA,NS
ENSG00000126653,NSRP1,-0.061786869,0.139325428,NS
ENSG00000126698,DNAJC8,-0.003050923,0.956211771,NS
ENSG00000126705,AHDC1,0.048064634,0.306805839,NS
ENSG00000126709,IFI6,-0.043534756,0.347135127,NS
ENSG00000126746,ZNF384,0.018218571,0.723078968,NS
ENSG00000126749,EMG1,0.014391328,0.805572844,NS
ENSG00000126756,UXT,-0.060183005,0.183605619,NS
ENSG00000126759,CFP,-0.000840687,NA,NS
ENSG00000126767,ELK1,-0.028434921,0.505882471,NS
ENSG00000126768,TIMM17B,-0.063828358,0.118460005,NS
ENSG00000126773,PCNX4,0.091502685,0.016045893,NS
ENSG00000126775,ATG14,0.055855014,0.233545412,NS
ENSG00000126777,KTN1,0.034723122,0.416017777,NS
ENSG00000126778,SIX1,0.035893986,0.449474608,NS
ENSG00000126787,DLGAP5,-0.080762881,0.026012865,NS
ENSG00000126790,L3HYPDH,0.024859142,NA,NS
ENSG00000126804,ZBTB1,-0.004767716,0.941629502,NS
ENSG00000126814,TRMT5,0.06268356,0.130539797,NS
ENSG00000126821,SGPP1,-0.009108244,0.877330691,NS
ENSG00000126822,PLEKHG3,-0.039845849,0.364165376,NS
ENSG00000126858,RHOT1,0.060289632,0.153171838,NS
ENSG00000126870,DYNC2I1,-0.016582197,0.762460782,NS
ENSG00000126878,AIF1L,0.02468677,0.55802124,NS
ENSG00000126882,FAM78A,0.052841036,0.240062915,NS
ENSG00000126883,NUP214,0.058111268,0.143606154,NS
ENSG00000126890,CTAG2,-0.001772026,NA,NS
ENSG00000126903,SLC10A3,0.003260637,0.959946821,NS
ENSG00000126934,MAP2K2,-0.030201613,0.471748937,NS
ENSG00000126945,HNRNPH2,0.077458534,0.026906583,NS
ENSG00000126953,TIMM8A,0.013252211,0.815644325,NS
ENSG00000126970,ZC4H2,0.004279334,0.948675007,NS
ENSG00000127022,CANX,0.070833016,0.038356442,NS
ENSG00000127054,INTS11,-0.055772464,0.138701736,NS
ENSG00000127080,IPPK,0.002462828,0.968072855,NS
ENSG00000127081,ZNF484,-0.02429937,NA,NS
ENSG00000127084,FGD3,0.005033141,NA,NS
ENSG00000127124,HIVEP3,0.030388909,NA,NS
ENSG00000127125,PPCS,-0.035450251,0.424290213,NS
ENSG00000127129,EDN2,0.004267051,NA,NS
ENSG00000127152,BCL11B,-0.160051614,0.006925752,NS
ENSG00000127184,COX7C,-0.022375846,0.666656073,NS
ENSG00000127191,TRAF2,-0.027992004,0.576014174,NS
ENSG00000127220,ABHD8,-0.049943182,0.274059659,NS
ENSG00000127241,MASP1,-0.004293343,NA,NS
ENSG00000127311,HELB,0.020009015,NA,NS
ENSG00000127314,RAP1B,0.051568682,0.220787316,NS
ENSG00000127324,TSPAN8,0.001795487,NA,NS
ENSG00000127328,RAB3IP,0.054030859,0.229082516,NS
ENSG00000127329,PTPRB,0.008808195,NA,NS
ENSG00000127334,DYRK2,0.007999372,0.900401436,NS
ENSG00000127337,YEATS4,-0.02893723,0.526042068,NS
ENSG00000127399,LRRC61,-0.020231118,0.708572644,NS
ENSG00000127415,IDUA,0.018419007,NA,NS
ENSG00000127418,FGFRL1,-0.00443281,0.928137693,NS
ENSG00000127419,TMEM175,-0.054331561,0.246805688,NS
ENSG00000127423,AUNIP,0.001688548,0.979784748,NS
ENSG00000127445,PIN1,-0.047300587,0.299983646,NS
ENSG00000127452,FBXL12,-0.029451745,0.555263158,NS
ENSG00000127463,EMC1,0.027063203,0.554255902,NS
ENSG00000127472,PLA2G5,0.002854915,NA,NS
ENSG00000127481,UBR4,0.06824101,0.125006862,NS
ENSG00000127483,HP1BP3,0.003708144,0.952679416,NS
ENSG00000127511,SIN3B,-0.048430672,0.277506138,NS
ENSG00000127526,SLC35E1,0.047689571,0.183694447,NS
ENSG00000127527,EPS15L1,0.054331152,0.183254518,NS
ENSG00000127528,KLF2,0.020369012,NA,NS
ENSG00000127540,UQCR11,-0.070284521,0.092920565,NS
ENSG00000127554,GFER,-0.080144928,0.071100508,NS
ENSG00000127561,SYNGR3,-0.004319644,NA,NS
ENSG00000127564,PKMYT1,-0.109744623,0.005421257,NS
ENSG00000127578,WFIKKN1,-0.012708269,NA,NS
ENSG00000127580,WDR24,-0.01846834,0.744562798,NS
ENSG00000127585,FBXL16,0.007243545,0.90888211,NS
ENSG00000127586,CHTF18,-0.093398899,0.021055106,NS
ENSG00000127588,GNG13,-0.005394408,NA,NS
ENSG00000127589,TUBBP1,-0.023986266,NA,NS
ENSG00000127603,MACF1,0.077388218,0.091883105,NS
ENSG00000127616,SMARCA4,-0.025606929,0.532358056,NS
ENSG00000127663,KDM4B,-0.036716738,0.370943863,NS
ENSG00000127666,TICAM1,0.011496568,0.840964088,NS
ENSG00000127720,METTL25,-0.000687657,NA,NS
ENSG00000127774,EMC6,-0.063750207,0.144760237,NS
ENSG00000127804,METTL16,0.043562851,0.288772486,NS
ENSG00000127824,TUBA4A,-0.017519805,0.716644828,NS
ENSG00000127837,AAMP,-0.043826287,0.274277387,NS
ENSG00000127838,PNKD,-0.005995458,0.914603094,NS
ENSG00000127863,TNFRSF19,-0.034157529,0.487993823,NS
ENSG00000127870,RNF6,0.106728303,0.005134859,NS
ENSG00000127884,ECHS1,-0.017699113,0.734042761,NS
ENSG00000127914,AKAP9,0.014234254,0.810013547,NS
ENSG00000127922,SEM1,-0.049238173,0.278762652,NS
ENSG00000127946,HIP1,0.065497576,0.13029264,NS
ENSG00000127947,PTPN12,0.05691826,0.18705167,NS
ENSG00000127948,POR,-0.00761452,0.896325517,NS
ENSG00000127952,STYXL1,-0.024765339,0.638387819,NS
ENSG00000127954,STEAP4,-0.045217199,NA,NS
ENSG00000127955,GNAI1,0.025407476,0.632869833,NS
ENSG00000127980,PEX1,0.055724633,0.234417382,NS
ENSG00000127989,MTERF1,0.0157246,0.788492775,NS
ENSG00000127990,SGCE,0.003572967,NA,NS
ENSG00000127993,RBM48,0.028531754,0.577426213,NS
ENSG00000127995,CASD1,0.030325174,0.541775689,NS
ENSG00000128000,ZNF780B,0.002734173,0.967008347,NS
ENSG00000128011,LRFN1,0.042431855,0.335965519,NS
ENSG00000128016,ZFP36,-0.045029116,NA,NS
ENSG00000128039,SRD5A3,-0.032188787,0.482798053,NS
ENSG00000128040,SPINK2,0.007331013,NA,NS
ENSG00000128045,RASL11B,0.024695831,NA,NS
ENSG00000128050,PAICS,0.008783714,0.840288598,NS
ENSG00000128059,PPAT,0.063189584,0.077046807,NS
ENSG00000128159,TUBGCP6,0.011415407,0.852044279,NS
ENSG00000128165,ADM2,-0.084981712,0.042174923,NS
ENSG00000128185,DGCR6L,-0.095060137,0.02179724,NS
ENSG00000128191,DGCR8,0.041818623,0.361385297,NS
ENSG00000128203,ASPHD2,0.029712173,NA,NS
ENSG00000128218,VPREB3,-0.017979355,NA,NS
ENSG00000128228,SDF2L1,-0.092314875,0.024761488,NS
ENSG00000128245,YWHAH,-0.005104829,0.930852224,NS
ENSG00000128253,RFPL2,-0.005743424,NA,NS
ENSG00000128266,GNAZ,0.064384228,0.153086387,NS
ENSG00000128271,ADORA2A,0.015527419,NA,NS
ENSG00000128272,ATF4,-0.120542595,1.88E-06,NS
ENSG00000128274,A4GALT,0.02545603,NA,NS
ENSG00000128283,CDC42EP1,-0.012467006,0.83283455,NS
ENSG00000128284,APOL3,0.001198356,NA,NS
ENSG00000128294,TPST2,0.034524281,0.475304477,NS
ENSG00000128309,MPST,-0.005445523,0.932824837,NS
ENSG00000128310,GALR3,-0.003117946,NA,NS
ENSG00000128311,TST,-0.04452106,0.345333443,NS
ENSG00000128335,APOL2,0.037707427,0.442736636,NS
ENSG00000128342,LIF,-0.046878167,NA,NS
ENSG00000128346,C22orf23,-0.001880179,NA,NS
ENSG00000128394,APOBEC3F,-0.022723853,NA,NS
ENSG00000128463,EMC4,-0.028161884,0.528873412,NS
ENSG00000128482,RNF112,-0.006522557,NA,NS
ENSG00000128487,SPECC1,0.006194744,0.918362109,NS
ENSG00000128512,DOCK4,0.048840762,0.299738846,NS
ENSG00000128513,POT1,0.035357057,0.446892517,NS
ENSG00000128524,ATP6V1F,-0.087045687,0.032781521,NS
ENSG00000128534,LSM8,-0.063384868,0.151368041,NS
ENSG00000128536,CDHR3,-0.022240685,NA,NS
ENSG00000128563,PRKRIP1,-0.03559652,0.462824687,NS
ENSG00000128564,VGF,-0.007539412,NA,NS
ENSG00000128567,PODXL,0.086695946,0.036011335,NS
ENSG00000128578,STRIP2,0.029622861,0.534603947,NS
ENSG00000128581,IFT22,-0.073779981,0.085723252,NS
ENSG00000128585,MKLN1,-0.008154018,0.889211267,NS
ENSG00000128590,DNAJB9,-0.057794624,0.208384223,NS
ENSG00000128595,CALU,0.00405794,0.943502173,NS
ENSG00000128596,CCDC136,-0.001996046,NA,NS
ENSG00000128602,SMO,0.030653478,0.542487292,NS
ENSG00000128604,IRF5,0.021620097,0.683967748,NS
ENSG00000128607,KLHDC10,0.060179217,0.164549293,NS
ENSG00000128609,NDUFA5,-0.006636729,0.90224423,NS
ENSG00000128610,FEZF1,-0.009391043,NA,NS
ENSG00000128626,MRPS12,-0.035448048,0.44400698,NS
ENSG00000128641,MYO1B,-0.045269013,0.284676696,NS
ENSG00000128654,MTX2,0.016705917,0.75662803,NS
ENSG00000128656,CHN1,0.007818571,NA,NS
ENSG00000128683,GAD1,-0.001083853,NA,NS
ENSG00000128692,EIF2S2P4,-0.034100717,NA,NS
ENSG00000128694,OSGEPL1,-0.022858055,0.670613023,NS
ENSG00000128699,ORMDL1,-0.002530386,0.968159844,NS
ENSG00000128708,HAT1,-0.03221342,0.390374308,NS
ENSG00000128731,HERC2,0.077188373,0.082048611,NS
ENSG00000128739,SNRPN,-0.019931934,0.667991945,NS
ENSG00000128789,PSMG2,-0.017768839,0.747275176,NS
ENSG00000128791,TWSG1,0.074395659,0.055625941,NS
ENSG00000128805,ARHGAP22,-0.000215582,NA,NS
ENSG00000128829,EIF2AK4,0.033202387,0.456139929,NS
ENSG00000128833,MYO5C,0.026722475,0.601884087,NS
ENSG00000128849,CGNL1,0.075054556,0.094263555,NS
ENSG00000128872,TMOD2,0.065653593,0.143854087,NS
ENSG00000128881,TTBK2,0.04516866,0.342131704,NS
ENSG00000128886,ELL3,0.002555098,0.968159844,NS
ENSG00000128891,CCDC32,-0.031842953,0.522832144,NS
ENSG00000128908,INO80,0.00843559,0.894617284,NS
ENSG00000128915,ICE2,0.014559353,0.79567121,NS
ENSG00000128917,DLL4,0.014797347,NA,NS
ENSG00000128918,ALDH1A2,0.001097876,NA,NS
ENSG00000128923,MINDY2,0.062781893,0.135316287,NS
ENSG00000128928,IVD,0.022182854,0.583780403,NS
ENSG00000128944,KNSTRN,-0.075549125,0.050173531,NS
ENSG00000128951,DUT,-0.084836747,0.02070555,NS
ENSG00000128965,CHAC1,-0.291004698,5.23E-06,NS
ENSG00000128973,CLN6,-0.087020489,0.013048011,NS
ENSG00000128989,ARPP19,0.027971174,0.542220061,NS
ENSG00000129003,VPS13C,0.051387463,0.225777407,NS
ENSG00000129007,CALML4,-0.009463002,NA,NS
ENSG00000129028,THAP10,-0.018687058,0.725512033,NS
ENSG00000129038,LOXL1,-0.008347116,NA,NS
ENSG00000129055,ANAPC13,0.01428727,0.79667018,NS
ENSG00000129071,MBD4,-0.012461479,0.825593416,NS
ENSG00000129083,COPB1,0.007755961,0.884113679,NS
ENSG00000129084,PSMA1,-0.042124159,0.219041922,NS
ENSG00000129103,SUMF2,-0.04773743,0.146889312,NS
ENSG00000129116,PALLD,0.032704221,0.497282118,NS
ENSG00000129128,SPCS3,0.004225057,0.942849873,NS
ENSG00000129158,SERGEF,-0.002496085,0.96840651,NS
ENSG00000129173,E2F8,-0.000618054,0.993361878,NS
ENSG00000129187,DCTD,0.005255274,0.927172259,NS
ENSG00000129195,PIMREG,-0.133698583,0.000287439,NS
ENSG00000129197,RPAIN,-0.073858931,0.064989589,NS
ENSG00000129214,SHBG,0.007575461,NA,NS
ENSG00000129219,PLD2,-0.031638083,0.527201931,NS
ENSG00000129226,CD68,0.02410924,NA,NS
ENSG00000129235,TXNDC17,-0.053653197,0.239522474,NS
ENSG00000129245,FXR2,-0.012159809,0.802129123,NS
ENSG00000129250,KIF1C,-0.01220375,0.761963757,NS
ENSG00000129255,MPDU1,-0.062988696,0.108292574,NS
ENSG00000129292,PHF20L1,-0.024042421,0.644591707,NS
ENSG00000129295,DNAAF11,-0.021085016,NA,NS
ENSG00000129315,CCNT1,0.064876663,0.133096406,NS
ENSG00000129317,PUS7L,0.027360897,0.590314367,NS
ENSG00000129347,KRI1,-0.042347667,0.319122973,NS
ENSG00000129351,ILF3,0.010002747,0.826619608,NS
ENSG00000129353,SLC44A2,-0.01347521,0.768021171,NS
ENSG00000129354,AP1M2,-0.037839426,0.360476686,NS
ENSG00000129355,CDKN2D,-0.048151202,0.310588742,NS
ENSG00000129422,MTUS1,0.092334661,0.014903977,NS
ENSG00000129460,NGDN,-0.020846002,0.687168414,NS
ENSG00000129472,RAB2B,0.005732027,0.930852224,NS
ENSG00000129473,BCL2L2,0.043637899,0.323471565,NS
ENSG00000129474,AJUBA,-0.057514796,0.178092763,NS
ENSG00000129480,DTD2,-0.009888704,0.858266736,NS
ENSG00000129484,PARP2,-0.051396644,0.212535333,NS
ENSG00000129493,HEATR5A,0.079493435,0.082883845,NS
ENSG00000129514,FOXA1,-0.015688891,0.688569416,NS
ENSG00000129515,SNX6,0.026865372,0.520124567,NS
ENSG00000129518,EAPP,-0.04719869,0.27905228,NS
ENSG00000129521,EGLN3,0.030839611,0.540223958,NS
ENSG00000129534,MIS18BP1,0.024633259,0.636238743,NS
ENSG00000129535,NRL,-0.039429883,NA,NS
ENSG00000129559,NEDD8,-0.057328986,0.186413027,NS
ENSG00000129562,DAD1,-0.02617598,0.605359184,NS
ENSG00000129566,TEP1,0.087106104,0.062478182,NS
ENSG00000129595,EPB41L4A,0.001089499,NA,NS
ENSG00000129625,REEP5,-0.007899877,0.867856251,NS
ENSG00000129636,ITFG1,0.020726734,0.668555975,NS
ENSG00000129646,QRICH2,0.043984522,NA,NS
ENSG00000129657,SEC14L1,0.092598513,0.01658422,NS
ENSG00000129667,RHBDF2,0.010821964,0.859065179,NS
ENSG00000129675,ARHGEF6,0.029952987,NA,NS
ENSG00000129680,MAP7D3,-0.012062521,0.83684985,NS
ENSG00000129682,FGF13,0.41255031,1.36E-08,NS
ENSG00000129691,ASH2L,-0.015802816,0.751554409,NS
ENSG00000129696,TTI2,-0.095259553,0.023245166,NS
ENSG00000129749,CHRNA10,-0.003877663,NA,NS
ENSG00000129757,CDKN1C,-0.002731758,NA,NS
ENSG00000129810,SGO1,-0.047411886,0.304843533,NS
ENSG00000129824,RPS4Y1,-0.020199604,0.663211549,NS
ENSG00000129862,VCY1B,-0.006906158,0.902872567,NS
ENSG00000129864,VCY,-0.018627887,NA,NS
ENSG00000129910,CDH15,0.000639352,NA,NS
ENSG00000129911,KLF16,-0.056601947,0.201016527,NS
ENSG00000129925,PGAP6,-0.010480795,0.858266736,NS
ENSG00000129932,DOHH,-0.038471516,0.42855437,NS
ENSG00000129933,MAU2,0.011125726,0.840964088,NS
ENSG00000129946,SHC2,0.029259618,NA,NS
ENSG00000129968,ABHD17A,-0.057015475,0.17064856,NS
ENSG00000129988,LBP,-0.002498467,NA,NS
ENSG00000130005,GAMT,-0.101785513,0.011167947,NS
ENSG00000130021,PUDP,0.013176435,0.825803435,NS
ENSG00000130023,ERMARD,-0.022782345,0.662512526,NS
ENSG00000130024,PHF10,0.020086019,0.690584444,NS
ENSG00000130038,CRACR2A,-0.007505178,NA,NS
ENSG00000130054,NALF2,0.009794471,0.840022644,NS
ENSG00000130066,SAT1,0.044105222,0.263946656,NS
ENSG00000130119,GNL3L,0.000420258,0.995244936,NS
ENSG00000130147,SH3BP4,0.051081832,0.233116396,NS
ENSG00000130150,MOSPD2,0.069076132,0.132046328,NS
ENSG00000130158,DOCK6,0.054872623,0.220971814,NS
ENSG00000130159,ECSIT,-0.042986579,0.331587026,NS
ENSG00000130164,LDLR,0.324128299,2.11E-14,NS
ENSG00000130165,ELOF1,-0.030561168,0.535166557,NS
ENSG00000130175,PRKCSH,-0.028513302,0.392752654,NS
ENSG00000130177,CDC16,0.021120664,0.689542415,NS
ENSG00000130193,THEM6,-0.01086081,0.840964088,NS
ENSG00000130202,NECTIN2,0.009768226,0.872636875,NS
ENSG00000130203,APOE,0.009116307,NA,NS
ENSG00000130204,TOMM40,-0.065562708,0.098127168,NS
ENSG00000130222,GADD45G,-0.137151956,0.009366449,NS
ENSG00000130227,XPO7,0.041481784,0.283853884,NS
ENSG00000130234,ACE2,0.086949329,NA,NS
ENSG00000130244,FAM98C,-0.054848784,0.242472279,NS
ENSG00000130254,SAFB2,-0.078973993,0.0338225,NS
ENSG00000130255,RPL36,-0.141465351,0.000630962,NS
ENSG00000130270,ATP8B3,0.014288517,NA,NS
ENSG00000130283,GDF1,0.003102685,0.961618958,NS
ENSG00000130294,KIF1A,0.077119471,0.030398074,NS
ENSG00000130299,GTPBP3,-0.053133692,0.208384223,NS
ENSG00000130303,BST2,0.001170149,NA,NS
ENSG00000130304,SLC27A1,-0.039555688,0.411859919,NS
ENSG00000130305,NSUN5,-0.083111703,0.040846363,NS
ENSG00000130309,COLGALT1,0.031832392,0.385209313,NS
ENSG00000130311,DDA1,-0.039392465,0.394599717,NS
ENSG00000130312,MRPL34,-0.04901602,0.274277387,NS
ENSG00000130313,PGLS,-0.057547773,0.208450294,NS
ENSG00000130332,LSM7,-0.070157898,0.09750867,NS
ENSG00000130338,TULP4,0.132535541,0.003045127,NS
ENSG00000130340,SNX9,0.040631402,0.387596128,NS
ENSG00000130347,RTN4IP1,-0.052423382,0.266162255,NS
ENSG00000130348,QRSL1,0.025418659,0.614300306,NS
ENSG00000130349,MTRES1,0.002489717,0.96840651,NS
ENSG00000130363,RSPH3,-0.053981366,0.250604247,NS
ENSG00000130382,MLLT1,-0.006950027,0.877567669,NS
ENSG00000130396,AFDN,0.034967409,0.447010495,NS
ENSG00000130402,ACTN4,-0.001209186,0.982627348,NS
ENSG00000130413,STK33,-0.035070059,0.478232487,NS
ENSG00000130414,NDUFA10,-0.046000237,0.221916732,NS
ENSG00000130429,ARPC1B,-0.007349255,0.899153626,NS
ENSG00000130449,ZSWIM6,-0.005443403,0.934481781,NS
ENSG00000130475,FCHO1,-0.004805813,NA,NS
ENSG00000130477,UNC13A,0.004819104,NA,NS
ENSG00000130479,MAP1S,-0.019156769,0.71148521,NS
ENSG00000130487,KLHDC7B,-0.006245521,NA,NS
ENSG00000130508,PXDN,0.036460409,NA,NS
ENSG00000130511,SSBP4,-0.047378782,0.273353625,NS
ENSG00000130513,GDF15,0.057631477,0.167434762,NS
ENSG00000130517,PGPEP1,0.025003984,0.636188071,NS
ENSG00000130518,IQCN,0.017713202,NA,NS
ENSG00000130520,LSM4,-0.094527461,0.005710016,NS
ENSG00000130522,JUND,0.013207105,0.81474255,NS
ENSG00000130528,HRC,-0.004241186,NA,NS
ENSG00000130529,TRPM4,-0.060078924,0.141923912,NS
ENSG00000130544,ZNF557,0.015015574,0.789488513,NS
ENSG00000130545,CRB3,0.004848741,0.943325999,NS
ENSG00000130558,OLFM1,0.010548514,NA,NS
ENSG00000130559,CAMSAP1,0.054097962,0.17552629,NS
ENSG00000130560,UBAC1,-0.030068167,0.505727753,NS
ENSG00000130584,ZBTB46,0.016278896,NA,NS
ENSG00000130589,HELZ2,0.05902467,0.180547305,NS
ENSG00000130590,SAMD10,0.022475354,0.660475257,NS
ENSG00000130600,H19,0.002010118,NA,NS
ENSG00000130638,ATXN10,-0.006765903,0.895057107,NS
ENSG00000130640,TUBGCP2,-0.015658961,0.766595197,NS
ENSG00000130649,CYP2E1,0.016494506,NA,NS
ENSG00000130653,PNPLA7,-0.048171537,0.272338159,NS
ENSG00000130669,PAK4,-0.026386419,0.470103323,NS
ENSG00000130675,MNX1,-0.054487324,0.226297505,NS
ENSG00000130684,ZNF337,0.035721439,0.465423824,NS
ENSG00000130695,CEP85,-0.016185938,0.780771702,NS
ENSG00000130699,TAF4,0.014082945,0.810119147,NS
ENSG00000130701,RBBP8NL,-0.007144935,0.908005862,NS
ENSG00000130702,LAMA5,0.109026346,0.005506987,NS
ENSG00000130703,OSBPL2,0.03499639,0.446496945,NS
ENSG00000130706,ADRM1,-0.093254335,0.009181354,NS
ENSG00000130707,ASS1,0.012752655,0.83112891,NS
ENSG00000130711,PRDM12,0.005468489,NA,NS
ENSG00000130713,EXOSC2,-0.011516217,0.820274906,NS
ENSG00000130714,POMT1,-0.017879732,0.745970964,NS
ENSG00000130717,UCK1,-0.030230753,0.496942995,NS
ENSG00000130720,FIBCD1,-4.35E-05,NA,NS
ENSG00000130724,CHMP2A,-0.065792043,0.098443344,NS
ENSG00000130725,UBE2M,-0.089927279,0.009678859,NS
ENSG00000130726,TRIM28,-0.048027377,0.10761743,NS
ENSG00000130731,METTL26,-0.098366792,0.014644437,NS
ENSG00000130733,YIPF2,-0.036265082,0.413004217,NS
ENSG00000130734,ATG4D,-0.047615462,0.277120793,NS
ENSG00000130741,EIF2S3,-0.015496976,0.698485557,NS
ENSG00000130748,TMEM160,-0.063994401,0.165393529,NS
ENSG00000130749,ZC3H4,-0.035387472,0.4366161,NS
ENSG00000130751,NPAS1,-0.013559992,NA,NS
ENSG00000130758,MAP3K10,-0.00532877,0.936048259,NS
ENSG00000130762,ARHGEF16,-0.015850135,0.777254624,NS
ENSG00000130764,LRRC47,-0.012555348,0.806174591,NS
ENSG00000130766,SESN2,-0.120152779,0.003271796,NS
ENSG00000130768,SMPDL3B,0.012912988,0.825473872,NS
ENSG00000130770,ATP5IF1,-0.033439825,0.465162443,NS
ENSG00000130772,MED18,-0.001371876,0.983760414,NS
ENSG00000130779,CLIP1,0.08464118,0.046367486,NS
ENSG00000130783,CCDC62,0.002367613,NA,NS
ENSG00000130787,HIP1R,-0.008400102,0.885293656,NS
ENSG00000130803,ZNF317,0.038490474,0.401107525,NS
ENSG00000130810,PPAN,-0.030860925,0.476591974,NS
ENSG00000130811,EIF3G,-0.041009661,0.367309177,NS
ENSG00000130812,ANGPTL6,-0.004697261,NA,NS
ENSG00000130813,SHFL,0.040049399,NA,NS
ENSG00000130816,DNMT1,-0.012410538,0.796492616,NS
ENSG00000130818,ZNF426,-0.004638742,0.945080878,NS
ENSG00000130821,SLC6A8,0.034404266,0.397406756,NS
ENSG00000130822,PNCK,0.000158423,NA,NS
ENSG00000130826,DKC1,-0.022153919,0.55834758,NS
ENSG00000130827,PLXNA3,0.038020785,0.436129583,NS
ENSG00000130829,DUSP9,-0.012501097,0.833429831,NS
ENSG00000130844,ZNF331,0.014819898,0.798119276,NS
ENSG00000130856,ZNF236,0.024401274,0.64620624,NS
ENSG00000130881,LRP3,-0.060062,0.102956505,NS
ENSG00000130921,MTRFR,-0.051400993,0.215198665,NS
ENSG00000130935,NOL11,0.023311095,0.593633184,NS
ENSG00000130939,UBE4B,0.080481657,0.032781521,NS
ENSG00000130940,CASZ1,-0.033894206,0.490691048,NS
ENSG00000130956,HABP4,-0.026315644,0.605173947,NS
ENSG00000130958,SLC35D2,0.032842103,0.507173406,NS
ENSG00000130962,PRRG1,0.072387727,0.093060606,NS
ENSG00000130985,UBA1,-0.01121027,0.793583416,NS
ENSG00000130997,POLN,0.013475166,NA,NS
ENSG00000131002,TXLNGY,0.010603857,NA,NS
ENSG00000131013,PPIL4,-0.043430764,0.331103519,NS
ENSG00000131015,ULBP2,0.092149919,NA,NS
ENSG00000131016,AKAP12,-0.01451355,NA,NS
ENSG00000131018,SYNE1,0.027222058,NA,NS
ENSG00000131019,ULBP3,0.041935857,0.367666212,NS
ENSG00000131023,LATS1,0.081656458,0.064172572,NS
ENSG00000131037,EPS8L1,-0.012333468,NA,NS
ENSG00000131043,AAR2,0.00615682,0.917099607,NS
ENSG00000131051,RBM39,0.015456456,0.700439919,NS
ENSG00000131061,ZNF341,0.016738358,0.755688941,NS
ENSG00000131067,GGT7,-0.010403089,NA,NS
ENSG00000131069,ACSS2,0.045191876,0.284676696,NS
ENSG00000131089,ARHGEF9,0.054176619,0.226830166,NS
ENSG00000131094,C1QL1,-0.021554669,NA,NS
ENSG00000131100,ATP6V1E1,0.04480183,0.288870889,NS
ENSG00000131115,ZNF227,-0.00734832,0.908998711,NS
ENSG00000131116,ZNF428,-0.045370658,0.341852584,NS
ENSG00000131127,ZNF141,-0.014789294,0.802015652,NS
ENSG00000131143,COX4I1,-0.083266404,0.017088849,NS
ENSG00000131148,EMC8,-0.007587592,0.904487849,NS
ENSG00000131149,GSE1,0.038309944,0.337355055,NS
ENSG00000131152,NA,-0.007267025,NA,NS
ENSG00000131153,GINS2,-0.022098227,0.674229587,NS
ENSG00000131165,CHMP1A,-0.052665506,0.189560696,NS
ENSG00000131171,SH3BGRL,-0.034205674,0.406064138,NS
ENSG00000131174,COX7B,-0.039483578,0.343763325,NS
ENSG00000131187,F12,-0.043657549,0.343141928,NS
ENSG00000131188,PRR7,-0.003010299,0.961618958,NS
ENSG00000131196,NFATC1,0.008945338,0.88400614,NS
ENSG00000131236,CAP1,-0.018710987,0.641598307,NS
ENSG00000131238,PPT1,0.044158072,0.206132016,NS
ENSG00000131242,RAB11FIP4,0.046887956,0.312818557,NS
ENSG00000131263,RLIM,0.09157209,0.025372178,NS
ENSG00000131269,ABCB7,-0.01609957,0.769680221,NS
ENSG00000131323,TRAF3,0.030057189,0.491883909,NS
ENSG00000131351,HAUS8,-0.103408119,0.022380142,NS
ENSG00000131368,MRPS25,-0.038760973,0.351921589,NS
ENSG00000131370,SH3BP5,-0.008431077,0.894617284,NS
ENSG00000131373,HACL1,-0.023356542,0.63460584,NS
ENSG00000131374,TBC1D5,0.068256748,0.113752892,NS
ENSG00000131375,CAPN7,-0.004041484,0.948750432,NS
ENSG00000131381,RBSN,0.002010336,0.974035424,NS
ENSG00000131389,SLC6A6,0.033225522,0.503397604,NS
ENSG00000131398,KCNC3,0.041059235,NA,NS
ENSG00000131408,NR1H2,-0.004642958,0.944065824,NS
ENSG00000131437,KIF3A,0.012175383,0.840288598,NS
ENSG00000131446,MGAT1,-0.001422054,0.980592952,NS
ENSG00000131459,GFPT2,0.014194556,NA,NS
ENSG00000131462,TUBG1,-0.089890273,0.006011217,NS
ENSG00000131467,PSME3,-0.00259437,0.95908942,NS
ENSG00000131469,RPL27,-0.098644982,0.01278971,NS
ENSG00000131470,PSMC3IP,-0.065882172,0.11699274,NS
ENSG00000131471,AOC3,-0.012638731,NA,NS
ENSG00000131473,ACLY,0.048884133,0.164549293,NS
ENSG00000131475,VPS25,-0.066199789,0.099808019,NS
ENSG00000131480,AOC2,-0.00399598,NA,NS
ENSG00000131495,NDUFA2,-0.080615554,0.070210021,NS
ENSG00000131503,ANKHD1,0.079168957,0.041216561,NS
ENSG00000131504,DIAPH1,0.036715476,0.341206025,NS
ENSG00000131507,NDFIP1,0.013480529,0.77505221,NS
ENSG00000131508,UBE2D2,0.009680524,0.846306224,NS
ENSG00000131558,EXOC4,0.109108459,0.003353356,NS
ENSG00000131584,ACAP3,-0.040761055,0.396782102,NS
ENSG00000131591,C1orf159,-0.051498925,0.272236632,NS
ENSG00000131626,PPFIA1,0.05681772,0.192717685,NS
ENSG00000131650,KREMEN2,0.019786256,NA,NS
ENSG00000131652,THOC6,-0.048995629,0.291395116,NS
ENSG00000131653,TRAF7,0.01024148,0.840964088,NS
ENSG00000131669,NINJ1,-0.077953227,0.032886544,NS
ENSG00000131697,NPHP4,0.010571562,0.862927824,NS
ENSG00000131711,MAP1B,-0.04372437,0.351752669,NS
ENSG00000131724,IL13RA1,0.003242696,0.959946821,NS
ENSG00000131725,WDR44,0.0081844,0.896744199,NS
ENSG00000131732,ZCCHC9,-0.044965954,0.334995384,NS
ENSG00000131746,TNS4,0.011006894,NA,NS
ENSG00000131747,TOP2A,-0.076236117,0.03736541,NS
ENSG00000131748,STARD3,-0.044007012,0.322951862,NS
ENSG00000131759,RARA,0.027009382,0.603209093,NS
ENSG00000131771,PPP1R1B,-0.005105961,NA,NS
ENSG00000131773,KHDRBS3,0.029168426,NA,NS
ENSG00000131778,CHD1L,-0.039687946,0.368821431,NS
ENSG00000131779,PEX11B,0.026910129,0.590275869,NS
ENSG00000131781,FMO5,0.011918838,NA,NS
ENSG00000131788,PIAS3,0.015175941,0.784902189,NS
ENSG00000131791,PRKAB2,0.032887226,0.503506268,NS
ENSG00000131828,PDHA1,-0.026686227,0.518894357,NS
ENSG00000131831,RAI2,-0.017059391,NA,NS
ENSG00000131844,MCCC2,-0.028913638,0.367938762,NS
ENSG00000131845,ZNF304,-0.0098063,0.875058991,NS
ENSG00000131848,ZSCAN5A,-0.002223206,NA,NS
ENSG00000131849,ZNF132,-0.044742063,0.318410791,NS
ENSG00000131871,SELENOS,-0.00739,0.904358383,NS
ENSG00000131873,CHSY1,-1.26E-05,0.999885158,NS
ENSG00000131876,SNRPA1,-0.012938677,0.817966313,NS
ENSG00000131899,LLGL1,-0.02678861,0.590275869,NS
ENSG00000131931,THAP1,0.021409183,0.693893523,NS
ENSG00000131941,RHPN2,0.158816902,1.45E-05,NS
ENSG00000131943,C19orf12,0.03048632,0.530229446,NS
ENSG00000131944,FAAP24,-0.074214749,0.106676043,NS
ENSG00000131951,LRRC9,0.017477698,NA,NS
ENSG00000131966,ACTR10,-0.005026255,0.930937462,NS
ENSG00000131979,GCH1,0.078807025,0.060715173,NS
ENSG00000132002,DNAJB1,0.006427679,0.910652798,NS
ENSG00000132003,ZSWIM4,-0.009332111,NA,NS
ENSG00000132004,FBXW9,-0.013867026,0.815682395,NS
ENSG00000132005,RFX1,0.007638682,0.905106659,NS
ENSG00000132010,ZNF20,-0.032204496,0.479300091,NS
ENSG00000132016,BRME1,-0.078566755,NA,NS
ENSG00000132017,DCAF15,-0.101554353,0.022906533,NS
ENSG00000132024,CC2D1A,-0.037525046,0.394598725,NS
ENSG00000132031,MATN3,-0.003621888,NA,NS
ENSG00000132109,TRIM21,0.040193256,0.404634406,NS
ENSG00000132128,LRRC41,0.003709538,0.944678543,NS
ENSG00000132141,CCT6B,-0.038789978,NA,NS
ENSG00000132153,DHX30,-0.000884143,0.988078923,NS
ENSG00000132155,RAF1,-0.002477047,0.963411206,NS
ENSG00000132164,SLC6A11,0.036649741,0.435362579,NS
ENSG00000132170,PPARG,0.05150037,0.245511082,NS
ENSG00000132182,NUP210,0.055717461,0.148955916,NS
ENSG00000132196,HSD17B7,0.019858086,0.720527885,NS
ENSG00000132199,ENOSF1,0.02453839,0.639644793,NS
ENSG00000132207,SLX1A,-0.068671812,0.134850692,NS
ENSG00000132254,ARFIP2,-0.023969209,0.598750998,NS
ENSG00000132256,TRIM5,0.070050962,0.112644447,NS
ENSG00000132274,TRIM22,-0.003841512,NA,NS
ENSG00000132275,RRP8,-0.024476804,0.643249859,NS
ENSG00000132286,TIMM10B,0.007973969,0.896596161,NS
ENSG00000132294,EFR3A,0.054258301,0.211918458,NS
ENSG00000132300,PTCD3,0.018142273,0.716641748,NS
ENSG00000132305,IMMT,-0.008025334,0.876712053,NS
ENSG00000132313,MRPL35,-0.0084345,0.888383345,NS
ENSG00000132323,ILKAP,-0.058036557,0.194953899,NS
ENSG00000132326,PER2,-0.014963305,0.798119276,NS
ENSG00000132329,RAMP1,-0.076294728,0.076315654,NS
ENSG00000132330,SCLY,-0.012499456,0.827932817,NS
ENSG00000132334,PTPRE,0.061182886,NA,NS
ENSG00000132341,RAN,-0.038071977,0.335049604,NS
ENSG00000132356,PRKAA1,0.048181211,0.241964127,NS
ENSG00000132357,CARD6,0.007376839,NA,NS
ENSG00000132359,RAP1GAP2,0.072250156,0.038766318,NS
ENSG00000132361,CLUH,0.027217735,0.458736709,NS
ENSG00000132376,INPP5K,-0.011291097,0.853502491,NS
ENSG00000132382,MYBBP1A,0.023640803,0.573638438,NS
ENSG00000132383,RPA1,-0.004429395,0.927518122,NS
ENSG00000132388,UBE2G1,0.006723222,0.896729293,NS
ENSG00000132394,EEFSEC,-0.053073241,0.233968329,NS
ENSG00000132405,TBC1D14,0.087828931,0.012810904,NS
ENSG00000132406,TMEM128,-0.024697343,0.643154427,NS
ENSG00000132423,COQ3,-0.011836968,0.842761036,NS
ENSG00000132424,PNISR,-0.00252114,0.968278814,NS
ENSG00000132429,POPDC3,-0.006864133,NA,NS
ENSG00000132432,SEC61G,-0.004538108,0.943676564,NS
ENSG00000132434,LANCL2,0.009678612,0.873056548,NS
ENSG00000132436,FIGNL1,0.038130243,0.339677694,NS
ENSG00000132437,DDC,-0.003705779,0.953100205,NS
ENSG00000132463,GRSF1,0.036316084,0.26886386,NS
ENSG00000132466,ANKRD17,0.119652098,0.002090892,NS
ENSG00000132467,UTP3,0.028345235,0.528572451,NS
ENSG00000132470,ITGB4,-0.007231418,NA,NS
ENSG00000132471,WBP2,0.08943769,0.007455877,NS
ENSG00000132475,H3-3B,-0.036577639,0.288870889,NS
ENSG00000132478,UNK,0.007861274,0.900599863,NS
ENSG00000132481,TRIM47,0.104873846,0.025993068,NS
ENSG00000132485,ZRANB2,0.036795843,0.353693243,NS
ENSG00000132507,EIF5A,-0.065396361,0.080748611,NS
ENSG00000132510,KDM6B,0.031462216,0.503045069,NS
ENSG00000132522,GPS2,0.003823184,0.953398052,NS
ENSG00000132535,DLG4,0.020755811,NA,NS
ENSG00000132541,RIDA,0.036638753,0.455603433,NS
ENSG00000132549,VPS13B,0.07670583,0.095817541,NS
ENSG00000132561,MATN2,0.001557139,NA,NS
ENSG00000132570,PCBD2,-0.003624678,0.955170029,NS
ENSG00000132581,SDF2,-0.054817949,0.195689725,NS
ENSG00000132589,FLOT2,-0.025269812,0.591485048,NS
ENSG00000132591,ERAL1,-0.053988257,0.133111553,NS
ENSG00000132600,PRMT7,-0.005203444,0.93610796,NS
ENSG00000132603,NIP7,0.003843431,0.950609935,NS
ENSG00000132604,TERF2,-0.009735342,0.865777781,NS
ENSG00000132612,VPS4A,-0.081683043,0.014390614,NS
ENSG00000132613,MTSS2,0.069082939,0.089516777,NS
ENSG00000132622,HSPA12B,0.000131158,NA,NS
ENSG00000132623,ANKEF1,0.050298805,0.267332285,NS
ENSG00000132635,PCED1A,-0.000106588,0.999252675,NS
ENSG00000132640,BTBD3,0.04646607,0.319851707,NS
ENSG00000132646,PCNA,-0.04819736,0.18311534,NS
ENSG00000132661,NXT1,0.003880681,0.953398052,NS
ENSG00000132664,POLR3F,-0.000280303,0.997494019,NS
ENSG00000132669,RIN2,0.032567188,NA,NS
ENSG00000132670,PTPRA,0.024551019,0.572107789,NS
ENSG00000132676,DAP3,-0.0364324,0.298909457,NS
ENSG00000132677,RHBG,-0.0059185,NA,NS
ENSG00000132680,KHDC4,0.052935694,0.259836688,NS
ENSG00000132688,NES,0.022826319,NA,NS
ENSG00000132694,ARHGEF11,0.03262676,0.505156602,NS
ENSG00000132698,RAB25,-0.018237506,0.726546334,NS
ENSG00000132716,DCAF8,0.022596677,0.575602486,NS
ENSG00000132740,IGHMBP2,0.032304753,0.512940965,NS
ENSG00000132746,ALDH3B2,0.036899778,0.452205041,NS
ENSG00000132749,TESMIN,0.007435515,0.907897298,NS
ENSG00000132763,MMACHC,0.000115904,0.999057467,NS
ENSG00000132768,DPH2,-0.026239943,0.556691672,NS
ENSG00000132773,TOE1,-0.030719585,0.528568102,NS
ENSG00000132780,NASP,-0.111395579,0.000105529,NS
ENSG00000132781,MUTYH,-0.079565941,0.077061422,NS
ENSG00000132792,CTNNBL1,-0.050096369,0.245369871,NS
ENSG00000132793,LPIN3,0.037867414,0.427613117,NS
ENSG00000132801,ZSWIM3,0.0153875,NA,NS
ENSG00000132819,RBM38,-0.015844488,0.783422701,NS
ENSG00000132821,VSTM2L,-0.000485289,0.994792328,NS
ENSG00000132823,OSER1,-0.027601408,0.589194967,NS
ENSG00000132824,SERINC3,0.006467803,0.903940431,NS
ENSG00000132825,PPP1R3D,0.018551458,0.743322766,NS
ENSG00000132837,DMGDH,-0.001677994,NA,NS
ENSG00000132842,AP3B1,0.044048964,0.320100135,NS
ENSG00000132846,ZBED3,-0.045280648,0.299271926,NS
ENSG00000132849,PATJ,0.0988168,0.014887625,NS
ENSG00000132855,ANGPTL3,-0.001007586,NA,NS
ENSG00000132872,SYT4,0.051876125,0.14407638,NS
ENSG00000132879,FBXO44,0.002660641,0.967847156,NS
ENSG00000132881,CPLANE2,0.004673234,NA,NS
ENSG00000132906,CASP9,0.011026182,0.853856811,NS
ENSG00000132912,DCTN4,0.059226315,0.08153709,NS
ENSG00000132950,ZMYM5,0.030865121,0.518012476,NS
ENSG00000132952,USPL1,0.033642893,0.486935853,NS
ENSG00000132953,XPO4,0.076887287,0.085092432,NS
ENSG00000132963,POMP,-0.01257696,0.822302103,NS
ENSG00000132964,CDK8,0.138945061,0.002366573,NS
ENSG00000132970,WASF3,0.11395105,0.008501726,NS
ENSG00000133019,CHRM3,0.17876385,0.000185742,NS
ENSG00000133026,MYH10,0.093429791,0.013453916,NS
ENSG00000133027,PEMT,-0.012423785,0.834935815,NS
ENSG00000133028,SCO1,0.005749523,0.921458698,NS
ENSG00000133030,MPRIP,0.045906654,0.22998296,NS
ENSG00000133056,PIK3C2B,0.060509883,0.161583724,NS
ENSG00000133059,DSTYK,8.71E-05,0.999412444,NS
ENSG00000133065,SLC41A1,-0.017436528,0.713560921,NS
ENSG00000133069,TMCC2,-0.020641487,NA,NS
ENSG00000133103,COG6,0.050840642,0.279736515,NS
ENSG00000133104,SPART,0.002844629,NA,NS
ENSG00000133106,EPSTI1,0.002146743,NA,NS
ENSG00000133111,RFXAP,0.015830001,0.783422701,NS
ENSG00000133112,TPT1,-0.031873228,0.474119829,NS
ENSG00000133114,GPALPP1,-0.029272246,0.562385276,NS
ENSG00000133116,KL,0.002577815,NA,NS
ENSG00000133119,RFC3,-0.026877295,0.566159188,NS
ENSG00000133121,STARD13,-0.006612123,NA,NS
ENSG00000133124,IRS4,0.013075571,NA,NS
ENSG00000133131,MORC4,-0.031159047,0.475304477,NS
ENSG00000133134,BEX2,0.015976253,0.777254624,NS
ENSG00000133135,RNF128,-0.003716792,NA,NS
ENSG00000133138,TBC1D8B,0.034123712,NA,NS
ENSG00000133142,TCEAL4,0.046866315,0.221182031,NS
ENSG00000133169,BEX1,-0.006388687,NA,NS
ENSG00000133193,VCF1,-0.036301295,0.413536133,NS
ENSG00000133195,SLC39A11,0.015793593,0.787745281,NS
ENSG00000133216,EPHB2,0.004430949,0.948675007,NS
ENSG00000133226,SRRM1,-0.034025945,0.438754252,NS
ENSG00000133243,BTBD2,-0.033517855,0.37644204,NS
ENSG00000133247,KMT5C,-0.005503637,0.934422082,NS
ENSG00000133250,ZNF414,-0.039284885,0.411535981,NS
ENSG00000133256,PDE6B,0.005219469,NA,NS
ENSG00000133265,HSPBP1,-0.075094173,0.068854509,NS
ENSG00000133275,CSNK1G2,-0.015033176,0.754875836,NS
ENSG00000133302,SLF1,-0.010907366,0.85643793,NS
ENSG00000133313,CNDP2,-0.004748294,0.9224632,NS
ENSG00000133315,MACROD1,-0.079359398,0.084976951,NS
ENSG00000133316,WDR74,-0.05715138,0.183844952,NS
ENSG00000133318,RTN3,0.007203154,0.883601821,NS
ENSG00000133321,PLAAT4,0.005342717,NA,NS
ENSG00000133393,CEP20,-0.017587713,0.713129095,NS
ENSG00000133398,MED10,-0.066200293,0.135653172,NS
ENSG00000133401,PDZD2,0.103411496,NA,NS
ENSG00000133422,MORC2,0.046087893,0.260035336,NS
ENSG00000133424,LARGE1,0.014926496,NA,NS
ENSG00000133433,GSTT2B,-0.009527915,NA,NS
ENSG00000133460,SLC2A11,-0.006195064,0.924029281,NS
ENSG00000133466,C1QTNF6,0.03840906,NA,NS
ENSG00000133477,FAM83F,0.016021602,0.775945257,NS
ENSG00000133597,ADCK2,-0.053674072,0.17301647,NS
ENSG00000133606,MKRN1,0.013351669,0.796771024,NS
ENSG00000133612,AGAP3,0.005467573,0.93076427,NS
ENSG00000133619,KRBA1,0.042286522,0.346881946,NS
ENSG00000133627,ACTR3B,0.02991712,0.551882966,NS
ENSG00000133639,BTG1,-0.066420231,0.073305811,NS
ENSG00000133640,LRRIQ1,-0.002922,NA,NS
ENSG00000133641,RLIG1,0.031841997,0.512437161,NS
ENSG00000133657,ATP13A3,0.073402054,0.093153857,NS
ENSG00000133678,TMEM254,-0.000721409,0.991653866,NS
ENSG00000133703,KRAS,0.059242721,0.145813522,NS
ENSG00000133704,IPO8,0.052453513,0.224024941,NS
ENSG00000133706,LARS1,0.019502381,0.638976333,NS
ENSG00000133731,IMPA1,0.01755899,0.745095402,NS
ENSG00000133739,LRRCC1,-0.026377826,0.614720521,NS
ENSG00000133740,E2F5,-0.002451184,0.968746607,NS
ENSG00000133773,CCDC59,-0.005361371,0.930852224,NS
ENSG00000133789,SWAP70,0.112578942,0.00496626,NS
ENSG00000133794,BMAL1,0.06567847,0.146741549,NS
ENSG00000133812,SBF2,0.092362708,0.029946802,NS
ENSG00000133816,MICAL2,-0.003811398,0.95286668,NS
ENSG00000133818,RRAS2,-0.029662386,0.532715337,NS
ENSG00000133835,HSD17B4,0.016767221,0.665757621,NS
ENSG00000133858,ZFC3H1,0.073094918,0.111397315,NS
ENSG00000133863,TEX15,0.004287609,NA,NS
ENSG00000133872,SARAF,-0.009846222,0.824482733,NS
ENSG00000133874,RNF122,-0.067118589,NA,NS
ENSG00000133884,DPF2,0.011646102,0.830902387,NS
ENSG00000133895,MEN1,-0.046164502,0.273206802,NS
ENSG00000133935,ERG28,0.006696999,0.911088904,NS
ENSG00000133937,GSC,0.003345484,NA,NS
ENSG00000133943,DGLUCY,0.021417916,0.670028915,NS
ENSG00000133958,UNC79,-0.006682133,NA,NS
ENSG00000133961,NUMB,0.005289897,0.932802483,NS
ENSG00000133962,CATSPERB,0.0061445,NA,NS
ENSG00000133983,COX16,-0.053228564,0.24540305,NS
ENSG00000133985,TTC9,0.024793484,0.626239108,NS
ENSG00000133997,MED6,0.001102579,0.987274035,NS
ENSG00000134001,EIF2S1,0.044936744,0.163832069,NS
ENSG00000134013,LOXL2,0.004639393,NA,NS
ENSG00000134014,ELP3,-0.018761569,0.700400287,NS
ENSG00000134020,PEBP4,0.004109281,NA,NS
ENSG00000134030,CTIF,0.039019456,0.404557966,NS
ENSG00000134042,MRO,-0.030895488,NA,NS
ENSG00000134046,MBD2,-0.043525394,0.285773694,NS
ENSG00000134049,IER3IP1,-0.030670006,0.502523971,NS
ENSG00000134056,KGD4,-0.046393606,0.312818557,NS
ENSG00000134057,CCNB1,-0.103192762,0.001805164,NS
ENSG00000134058,CDK7,0.012937359,0.827220064,NS
ENSG00000134070,IRAK2,0.001641253,NA,NS
ENSG00000134072,CAMK1,-0.041445639,0.38257575,NS
ENSG00000134077,THUMPD3,0.044506407,0.247146365,NS
ENSG00000134086,VHL,0.010396034,0.858328806,NS
ENSG00000134107,BHLHE40,0.398539513,1.52E-15,NS
ENSG00000134108,ARL8B,0.1193118,0.000283401,NS
ENSG00000134109,EDEM1,0.071305446,0.089793981,NS
ENSG00000134146,DPH6,-0.034069897,0.484620194,NS
ENSG00000134152,KATNBL1,0.007044067,0.912829837,NS
ENSG00000134153,EMC7,-0.0445554,0.316535226,NS
ENSG00000134183,GNAT2,-0.007852891,NA,NS
ENSG00000134186,PRPF38B,-0.001914372,0.973169013,NS
ENSG00000134193,REG4,-0.005986537,NA,NS
ENSG00000134202,GSTM3,-0.035225255,0.425758971,NS
ENSG00000134215,VAV3,0.009541918,NA,NS
ENSG00000134222,PSRC1,-0.140622826,0.003465195,NS
ENSG00000134240,HMGCS2,0.146689139,0.004834268,NS
ENSG00000134243,SORT1,0.000100773,0.999252675,NS
ENSG00000134245,WNT2B,0.022372626,NA,NS
ENSG00000134247,PTGFRN,0.024304908,0.594809225,NS
ENSG00000134248,LAMTOR5,-0.0032113,0.958233003,NS
ENSG00000134250,NOTCH2,0.091458457,0.034228406,NS
ENSG00000134253,TRIM45,-0.017106285,0.755845905,NS
ENSG00000134255,CEPT1,0.060129628,0.172233253,NS
ENSG00000134256,CD101,-0.007864643,NA,NS
ENSG00000134262,AP4B1,-0.047584241,0.305531717,NS
ENSG00000134265,NAPG,0.034492811,0.441243313,NS
ENSG00000134278,SPIRE1,0.081383459,0.056562988,NS
ENSG00000134283,PPHLN1,-0.00656715,0.910077328,NS
ENSG00000134285,FKBP11,0.007347129,0.908998711,NS
ENSG00000134287,ARF3,-0.020238441,0.590314367,NS
ENSG00000134291,TMEM106C,-0.04025312,0.313078771,NS
ENSG00000134294,SLC38A2,0.037907634,0.388002114,NS
ENSG00000134297,PLEKHA8P1,-0.018896658,NA,NS
ENSG00000134308,YWHAQ,-0.028479507,0.467126067,NS
ENSG00000134313,KIDINS220,0.045494846,0.30655802,NS
ENSG00000134317,GRHL1,0.018785293,0.733336186,NS
ENSG00000134318,ROCK2,0.045630523,0.337553743,NS
ENSG00000134321,RSAD2,-0.006179838,NA,NS
ENSG00000134324,LPIN1,0.314517017,2.10E-09,NS
ENSG00000134326,CMPK2,0.021637018,0.665757621,NS
ENSG00000134330,IAH1,-0.038332028,0.420428549,NS
ENSG00000134333,LDHA,-0.030262148,0.477240744,NS
ENSG00000134352,IL6ST,0.209476063,1.51E-06,NS
ENSG00000134363,FST,0.012102774,NA,NS
ENSG00000134369,NAV1,0.113056043,0.010420421,NS
ENSG00000134371,CDC73,0.037471413,0.35555183,NS
ENSG00000134375,TIMM17A,-0.006589146,0.902032389,NS
ENSG00000134419,RPS15A,-0.046494091,0.262269002,NS
ENSG00000134440,NARS1,0.018179109,0.639192014,NS
ENSG00000134444,RELCH,0.060855857,0.165115476,NS
ENSG00000134452,FBH1,0.019413424,0.708289197,NS
ENSG00000134453,RBM17,-0.022944195,0.595868665,NS
ENSG00000134461,ANKRD16,-0.011222072,0.844083888,NS
ENSG00000134463,ECHDC3,-0.000848861,0.989725143,NS
ENSG00000134470,IL15RA,0.02190008,NA,NS
ENSG00000134480,CCNH,0.039748315,0.318854103,NS
ENSG00000134490,TMEM241,-0.033326101,0.491925936,NS
ENSG00000134504,KCTD1,-0.024373234,0.64620624,NS
ENSG00000134508,CABLES1,0.015091156,0.787745281,NS
ENSG00000134531,EMP1,-0.148928423,NA,NS
ENSG00000134533,RERG,-0.002785361,NA,NS
ENSG00000134548,SPX,0.007262488,NA,NS
ENSG00000134569,LRP4,-0.007618289,NA,NS
ENSG00000134574,DDB2,-0.095892737,0.032921404,NS
ENSG00000134575,ACP2,-0.022352124,0.660750271,NS
ENSG00000134590,RTL8C,-0.008073105,0.894957887,NS
ENSG00000134597,RBMX2,-0.069042236,0.094263555,NS
ENSG00000134602,STK26,0.046536828,0.296075266,NS
ENSG00000134612,FOLH1B,0.005051203,NA,NS
ENSG00000134644,PUM1,0.079352247,0.066264872,NS
ENSG00000134684,YARS1,-0.007390786,0.875058991,NS
ENSG00000134686,PHC2,-0.005634913,0.920025293,NS
ENSG00000134690,CDCA8,-0.10070844,0.003031535,NS
ENSG00000134697,GNL2,0.00126297,0.98223536,NS
ENSG00000134698,AGO4,0.034051111,0.491246018,NS
ENSG00000134709,HOOK1,0.097390059,0.014235769,NS
ENSG00000134716,CYP2J2,0.050087152,0.277120793,NS
ENSG00000134717,BTF3L4,0.036352106,0.314365938,NS
ENSG00000134744,TUT4,0.086717922,0.034202932,NS
ENSG00000134748,PRPF38A,-0.007052318,0.885293656,NS
ENSG00000134755,DSC2,0.238564618,3.70E-09,NS
ENSG00000134758,RNF138,0.028936927,0.529130984,NS
ENSG00000134759,ELP2,0.047169025,0.205224235,NS
ENSG00000134760,DSG1,0.015574668,NA,NS
ENSG00000134762,DSC3,0.008682072,NA,NS
ENSG00000134765,DSC1,0.053504285,0.238091958,NS
ENSG00000134769,DTNA,0.014731456,NA,NS
ENSG00000134775,FHOD3,0.010067409,NA,NS
ENSG00000134779,TPGS2,-0.015184147,0.755845905,NS
ENSG00000134780,DAGLA,0.019532895,0.72660558,NS
ENSG00000134809,TIMM10,-0.165094665,8.69E-06,NS
ENSG00000134815,DHX34,-0.027637745,0.588826974,NS
ENSG00000134824,FADS2,0.248569601,3.50E-13,NS
ENSG00000134825,TMEM258,-0.064971205,0.140944713,NS
ENSG00000134851,TMEM165,-0.002277187,0.968159844,NS
ENSG00000134852,CLOCK,0.055522388,0.236478704,NS
ENSG00000134871,COL4A2,-0.008403533,NA,NS
ENSG00000134874,DZIP1,0.001829571,NA,NS
ENSG00000134882,UBAC2,-0.01144307,0.840288598,NS
ENSG00000134884,ARGLU1,-0.007437818,0.906856292,NS
ENSG00000134897,BIVM,0.055527223,0.231607285,NS
ENSG00000134899,ERCC5,0.018395393,0.74665627,NS
ENSG00000134900,TPP2,0.009254995,0.881868243,NS
ENSG00000134901,POGLUT2,0.03801059,0.42702786,NS
ENSG00000134905,CARS2,-0.043505415,0.343967117,NS
ENSG00000134909,ARHGAP32,0.05093943,0.274515765,NS
ENSG00000134910,STT3A,-0.018175873,0.613411212,NS
ENSG00000134954,ETS1,0.069281478,NA,NS
ENSG00000134955,SLC37A2,-0.014924016,NA,NS
ENSG00000134970,TMED7,0.002075391,0.968746607,NS
ENSG00000134982,APC,0.072059595,0.104542487,NS
ENSG00000134986,NREP,-0.06018612,0.158318075,NS
ENSG00000134987,WDR36,0.030047315,0.546873163,NS
ENSG00000134996,OSTF1,-0.047635667,0.270360942,NS
ENSG00000135002,RFK,0.008526897,0.862927824,NS
ENSG00000135018,UBQLN1,0.031471489,0.358689331,NS
ENSG00000135040,NAA35,0.005407204,0.930596051,NS
ENSG00000135045,C9orf40,-0.052305227,0.214036204,NS
ENSG00000135046,ANXA1,-0.001646473,NA,NS
ENSG00000135047,CTSL,-0.023047114,0.583780403,NS
ENSG00000135048,CEMIP2,0.023244519,0.660929258,NS
ENSG00000135049,AGTPBP1,0.027276924,0.585453374,NS
ENSG00000135052,GOLM1,0.008718394,0.85803128,NS
ENSG00000135063,ENTREP1,-0.023873813,NA,NS
ENSG00000135069,PSAT1,-0.084716934,0.00068704,NS
ENSG00000135070,ISCA1,-0.021206639,0.662076797,NS
ENSG00000135090,TAOK3,-0.01923268,0.674261666,NS
ENSG00000135093,USP30,0.032443818,0.512660612,NS
ENSG00000135097,MSI1,0.007393553,0.905219195,NS
ENSG00000135108,FBXO21,0.022179154,0.659451717,NS
ENSG00000135111,TBX3,0.03915126,0.338922871,NS
ENSG00000135114,OASL,0.001168868,NA,NS
ENSG00000135116,HRK,-0.002634108,NA,NS
ENSG00000135119,RNFT2,-0.019381102,0.723314832,NS
ENSG00000135124,P2RX4,-0.056529965,0.224072654,NS
ENSG00000135127,BICDL1,0.041839943,0.383872398,NS
ENSG00000135148,TRAFD1,0.043513309,0.313078771,NS
ENSG00000135164,DMTF1,0.03163118,0.50943979,NS
ENSG00000135185,TMEM243,0.006346321,0.922953411,NS
ENSG00000135205,CCDC146,-0.009971435,NA,NS
ENSG00000135211,TMEM60,0.003077723,0.962992428,NS
ENSG00000135226,UGT2B28,-0.23740259,0.000921125,NS
ENSG00000135241,PNPLA8,-0.00337655,0.957815436,NS
ENSG00000135245,HILPDA,-0.046392625,0.305577388,NS
ENSG00000135249,RINT1,0.043322238,0.326834014,NS
ENSG00000135250,SRPK2,-0.010737993,0.83112891,NS
ENSG00000135253,KCP,-0.019595246,NA,NS
ENSG00000135269,TES,-0.119228819,0.001490612,NS
ENSG00000135297,MTO1,0.015238509,0.776885211,NS
ENSG00000135299,ANKRD6,0.039826922,0.394454654,NS
ENSG00000135314,KHDC1,-0.016893294,0.760518974,NS
ENSG00000135315,CEP162,-0.009315025,NA,NS
ENSG00000135316,SYNCRIP,0.024637239,0.526567639,NS
ENSG00000135317,SNX14,0.015433369,0.765977382,NS
ENSG00000135333,EPHA7,0.034613408,0.481559171,NS
ENSG00000135334,AKIRIN2,-0.021199836,0.695662486,NS
ENSG00000135336,ORC3,-0.012093815,0.838350877,NS
ENSG00000135338,LCA5,0.006489496,NA,NS
ENSG00000135341,MAP3K7,0.029251207,0.556220845,NS
ENSG00000135365,PHF21A,0.038908894,0.411241738,NS
ENSG00000135372,NAT10,0.031719008,0.448543102,NS
ENSG00000135373,EHF,0.020610215,0.624157404,NS
ENSG00000135374,ELF5,0.000708438,NA,NS
ENSG00000135378,PRRG4,-0.047319898,0.260493979,NS
ENSG00000135387,CAPRIN1,0.077628497,0.016716312,NS
ENSG00000135390,ATP5MC2,-0.043146145,0.359031257,NS
ENSG00000135392,DNAJC14,0.002210221,0.968278814,NS
ENSG00000135404,CD63,0.023282681,0.61874332,NS
ENSG00000135406,PRPH,0.004382123,NA,NS
ENSG00000135407,AVIL,0.006345877,NA,NS
ENSG00000135409,AMHR2,-0.00950712,NA,NS
ENSG00000135414,GDF11,0.04915494,0.25912722,NS
ENSG00000135423,GLS2,0.024078706,0.618391289,NS
ENSG00000135424,ITGA7,0.001296406,NA,NS
ENSG00000135436,FAM186B,-0.005028743,NA,NS
ENSG00000135437,RDH5,-0.005043712,NA,NS
ENSG00000135439,AGAP2,0.069475227,NA,NS
ENSG00000135441,BLOC1S1,-0.066850169,0.132553959,NS
ENSG00000135446,CDK4,-0.02453394,0.579019463,NS
ENSG00000135451,TROAP,-0.191415582,1.76E-05,NS
ENSG00000135452,TSPAN31,0.032939841,0.498232772,NS
ENSG00000135454,B4GALNT1,0.040154392,0.392189588,NS
ENSG00000135469,COQ10A,0.038847639,NA,NS
ENSG00000135472,FAIM2,0.003494272,NA,NS
ENSG00000135473,PAN2,-0.017224302,0.755688941,NS
ENSG00000135476,ESPL1,-0.022932314,0.660321927,NS
ENSG00000135482,ZC3H10,-0.064125652,0.161616809,NS
ENSG00000135486,HNRNPA1,-0.101262592,0.000189687,NS
ENSG00000135503,ACVR1B,0.00628656,0.918486315,NS
ENSG00000135506,OS9,-0.028775474,0.478605675,NS
ENSG00000135517,MIP,-0.006216729,NA,NS
ENSG00000135519,KCNH3,-0.003781381,NA,NS
ENSG00000135521,LTV1,0.023896165,0.590408483,NS
ENSG00000135525,MAP7,-0.010037918,0.840964088,NS
ENSG00000135535,CD164,0.060722588,0.032030627,NS
ENSG00000135537,AFG1L,-0.015052708,NA,NS
ENSG00000135540,NHSL1,-0.010698075,0.859430032,NS
ENSG00000135541,AHI1,0.02890573,0.569404047,NS
ENSG00000135547,HEY2,0.006637594,NA,NS
ENSG00000135549,PKIB,0.56064232,5.69E-26,NS
ENSG00000135587,SMPD2,-0.084197066,0.063140799,NS
ENSG00000135596,MICAL1,-0.095402516,0.042468247,NS
ENSG00000135597,REPS1,0.012937611,0.816435079,NS
ENSG00000135605,TEC,0.023693142,NA,NS
ENSG00000135617,PRADC1,-0.050237918,0.286121176,NS
ENSG00000135622,SEMA4F,0.007078951,0.910425301,NS
ENSG00000135624,CCT7,-0.055588984,0.095337985,NS
ENSG00000135631,RAB11FIP5,0.034127996,0.487993823,NS
ENSG00000135632,SMYD5,0.022309457,0.680095153,NS
ENSG00000135637,CCDC142,0.029630546,0.531790302,NS
ENSG00000135638,EMX1,0.011161679,NA,NS
ENSG00000135643,KCNMB4,0.00269721,NA,NS
ENSG00000135655,USP15,0.04355856,0.283853884,NS
ENSG00000135677,GNS,0.153495802,1.63E-06,NS
ENSG00000135679,MDM2,-0.032096209,0.509694946,NS
ENSG00000135686,KLHL36,0.010821254,0.852167944,NS
ENSG00000135698,MPHOSPH6,0.049234591,0.209691278,NS
ENSG00000135709,KIAA0513,0.017949287,0.753753673,NS
ENSG00000135720,DYNC1LI2,0.04033264,0.32641269,NS
ENSG00000135722,FBXL8,0.013821441,NA,NS
ENSG00000135723,FHOD1,0.009238194,0.874609359,NS
ENSG00000135736,CCDC102A,-0.029140904,NA,NS
ENSG00000135740,SLC9A5,0.007233298,NA,NS
ENSG00000135744,AGT,0.012571766,NA,NS
ENSG00000135747,ZNF670-ZNF695,-0.002837874,NA,NS
ENSG00000135749,PCNX2,0.003773034,0.950517675,NS
ENSG00000135750,KCNK1,-0.000143639,0.998829463,NS
ENSG00000135763,URB2,0.059216237,0.186524245,NS
ENSG00000135766,EGLN1,-0.012746433,0.802129123,NS
ENSG00000135773,CAPN9,-0.015332332,NA,NS
ENSG00000135775,COG2,0.036649262,0.449060748,NS
ENSG00000135776,ABCB10,0.038227391,0.368078371,NS
ENSG00000135778,NTPCR,-0.005231698,0.927565847,NS
ENSG00000135801,TAF5L,0.03088861,0.489399814,NS
ENSG00000135821,GLUL,0.003215363,0.950517675,NS
ENSG00000135823,STX6,0.028970554,0.496942995,NS
ENSG00000135828,RNASEL,-0.019860964,NA,NS
ENSG00000135829,DHX9,0.046170608,0.186657607,NS
ENSG00000135837,CEP350,0.06778614,0.132553959,NS
ENSG00000135838,NPL,0.025399686,0.622131432,NS
ENSG00000135842,NIBAN1,-0.058915373,0.205887414,NS
ENSG00000135845,PIGC,0.018190579,0.737897029,NS
ENSG00000135862,LAMC1,0.033525478,0.464940799,NS
ENSG00000135870,RC3H1,0.073583812,0.108823839,NS
ENSG00000135899,SP110,-0.008584494,0.88687151,NS
ENSG00000135900,MRPL44,-0.010337342,0.85486288,NS
ENSG00000135905,DOCK10,0.01509256,NA,NS
ENSG00000135912,TTLL4,0.046020394,0.329919231,NS
ENSG00000135913,USP37,0.064841738,0.144120817,NS
ENSG00000135916,ITM2C,-0.042514168,0.357680284,NS
ENSG00000135919,SERPINE2,-0.092084572,0.049905278,NS
ENSG00000135924,DNAJB2,-0.010569078,0.85803128,NS
ENSG00000135925,WNT10A,-0.011131822,NA,NS
ENSG00000135926,TMBIM1,0.045161254,0.25767856,NS
ENSG00000135930,EIF4E2,0.018895843,0.667418286,NS
ENSG00000135931,ARMC9,-0.024539668,0.645796075,NS
ENSG00000135932,CAB39,0.079553957,0.028370915,NS
ENSG00000135940,COX5B,-0.07910684,0.069219512,NS
ENSG00000135945,REV1,0.008945606,0.886914697,NS
ENSG00000135951,TSGA10,0.022732744,NA,NS
ENSG00000135953,MFSD9,0.00628983,0.920069188,NS
ENSG00000135956,TMEM127,0.007396733,0.90224423,NS
ENSG00000135960,EDAR,-0.00168293,NA,NS
ENSG00000135966,TGFBRAP1,0.100569469,0.01224682,NS
ENSG00000135968,GCC2,0.050011247,0.259407174,NS
ENSG00000135972,MRPS9,-0.008426704,0.885293656,NS
ENSG00000135974,C2orf49,0.010195231,0.868800843,NS
ENSG00000135976,ANKRD36,-0.028577834,NA,NS
ENSG00000135999,EPC2,0.071180055,0.106298306,NS
ENSG00000136002,ARHGEF4,0.085492349,0.067198624,NS
ENSG00000136003,ISCU,-0.034188565,0.429754087,NS
ENSG00000136010,ALDH1L2,0.017766885,NA,NS
ENSG00000136021,SCYL2,0.068638298,0.081680834,NS
ENSG00000136026,CKAP4,0.017015195,0.703941596,NS
ENSG00000136044,APPL2,0.025359441,0.585359233,NS
ENSG00000136045,PWP1,-0.045631829,0.234038003,NS
ENSG00000136048,DRAM1,0.080757444,0.076018626,NS
ENSG00000136051,WASHC4,0.072074533,0.078415484,NS
ENSG00000136052,SLC41A2,0.030757272,0.506625746,NS
ENSG00000136068,FLNB,0.229419086,3.21E-07,NS
ENSG00000136098,NEK3,-0.017916125,NA,NS
ENSG00000136100,VPS36,-0.006536482,0.920025293,NS
ENSG00000136104,RNASEH2B,-0.039811993,0.411413842,NS
ENSG00000136108,CKAP2,-0.030901736,0.498002053,NS
ENSG00000136111,TBC1D4,0.05248416,0.259162261,NS
ENSG00000136122,BORA,0.013406691,NA,NS
ENSG00000136141,LRCH1,-0.054830774,0.235563954,NS
ENSG00000136143,SUCLA2,0.005857991,0.922953411,NS
ENSG00000136144,RCBTB1,0.0476441,0.27025225,NS
ENSG00000136146,MED4,-0.000545616,0.994317201,NS
ENSG00000136149,RPL13AP25,-0.006961624,NA,NS
ENSG00000136152,COG3,0.010255356,0.868068591,NS
ENSG00000136153,LMO7,-0.018385047,NA,NS
ENSG00000136156,ITM2B,-0.027323959,0.542487292,NS
ENSG00000136158,SPRY2,-0.002779063,NA,NS
ENSG00000136159,NUDT15,0.015755175,0.764161839,NS
ENSG00000136161,RCBTB2,0.010556776,NA,NS
ENSG00000136167,LCP1,0.10447886,0.011079692,NS
ENSG00000136169,SETDB2,0.007345414,0.909012579,NS
ENSG00000136193,SCRN1,-0.002604141,NA,NS
ENSG00000136197,C7orf25,0.045256263,0.316320213,NS
ENSG00000136205,TNS3,0.025403087,NA,NS
ENSG00000136213,CHST12,-0.013657038,0.819299099,NS
ENSG00000136231,IGF2BP3,0.013136212,0.823050182,NS
ENSG00000136235,GPNMB,1.351659116,1.30E-71,Up
ENSG00000136237,RAPGEF5,0.016079724,0.773164947,NS
ENSG00000136238,RAC1,-0.034494235,0.347111324,NS
ENSG00000136240,KDELR2,0.011277511,0.791655475,NS
ENSG00000136243,NUP42,0.023067887,0.658765807,NS
ENSG00000136247,ZDHHC4,-0.053558479,0.229546203,NS
ENSG00000136261,BZW2,-0.019051193,0.688621149,NS
ENSG00000136267,DGKB,0.057830636,0.202122226,NS
ENSG00000136270,TBRG4,-0.042277624,0.288870889,NS
ENSG00000136271,DDX56,-0.043124788,0.299271926,NS
ENSG00000136273,HUS1,-0.012948691,0.818983805,NS
ENSG00000136279,DBNL,-0.057218276,0.113529627,NS
ENSG00000136280,CCM2,-0.059836187,0.128471946,NS
ENSG00000136286,MYO1G,0.007324155,NA,NS
ENSG00000136295,TTYH3,-0.010478092,0.842761036,NS
ENSG00000136305,CIDEB,-0.017486181,0.758944008,NS
ENSG00000136319,TTC5,-0.037650289,0.423318327,NS
ENSG00000136367,ZFHX2,0.025506929,NA,NS
ENSG00000136371,MTHFS,-0.033263757,0.490183925,NS
ENSG00000136378,ADAMTS7,0.001062131,NA,NS
ENSG00000136379,ABHD17C,0.0580202,0.19702447,NS
ENSG00000136381,IREB2,0.052312522,0.228744256,NS
ENSG00000136383,ALPK3,-0.036105927,0.458633658,NS
ENSG00000136425,CIB2,0.001878405,NA,NS
ENSG00000136436,CALCOCO2,-0.007848352,0.885293656,NS
ENSG00000136444,RSAD1,0.015351245,0.776885211,NS
ENSG00000136448,NMT1,-0.03134668,0.475314242,NS
ENSG00000136450,SRSF1,0.019754786,0.597928418,NS
ENSG00000136451,VEZF1,0.043791636,0.338350901,NS
ENSG00000136463,TACO1,-0.019369361,0.701433476,NS
ENSG00000136478,TEX2,0.089391614,0.011858603,NS
ENSG00000136485,DCAF7,0.010845812,0.836821021,NS
ENSG00000136490,LIMD2,-0.004048173,NA,NS
ENSG00000136492,BRIP1,0.059551264,0.198613474,NS
ENSG00000136504,KAT7,0.028340824,0.526071739,NS
ENSG00000136518,ACTL6A,-0.040054028,0.305654243,NS
ENSG00000136521,NDUFB5,0.009594588,0.868408226,NS
ENSG00000136522,MRPL47,-0.050132315,0.23279763,NS
ENSG00000136527,TRA2B,-0.014859147,0.723998132,NS
ENSG00000136535,TBR1,-0.002579573,NA,NS
ENSG00000136536,MARCHF7,0.058126779,0.14908504,NS
ENSG00000136560,TANK,0.017829531,0.754991052,NS
ENSG00000136603,SKIL,0.013190709,0.825765627,NS
ENSG00000136628,EPRS1,-0.020625732,0.665736099,NS
ENSG00000136630,HLX,-0.027338049,NA,NS
ENSG00000136631,VPS45,-0.002498084,0.968159844,NS
ENSG00000136636,KCTD3,-0.041738765,0.305654243,NS
ENSG00000136643,RPS6KC1,0.062518393,0.146741549,NS
ENSG00000136682,ZNG1B,-0.019190583,0.71911896,NS
ENSG00000136688,IL36G,0.005723863,NA,NS
ENSG00000136689,IL1RN,0.394241243,NA,NS
ENSG00000136695,IL36RN,0.064275241,NA,NS
ENSG00000136697,IL1F10,0.003368085,NA,NS
ENSG00000136699,SMPD4,-0.034934326,0.322812564,NS
ENSG00000136709,WDR33,-0.007813925,0.883552438,NS
ENSG00000136710,CCDC115,-4.40E-05,0.999673256,NS
ENSG00000136715,SAP130,0.127545994,0.001191841,NS
ENSG00000136717,BIN1,0.003912629,0.950946524,NS
ENSG00000136718,IMP4,-0.026884312,0.510056791,NS
ENSG00000136720,HS6ST1,-0.024439582,0.572541623,NS
ENSG00000136731,UGGT1,0.038575488,0.412625645,NS
ENSG00000136738,STAM,0.061887341,0.155589286,NS
ENSG00000136754,ABI1,0.044507375,0.318671737,NS
ENSG00000136758,YME1L1,0.057348336,0.119317585,NS
ENSG00000136770,DNAJC1,-0.148092791,0.00011487,NS
ENSG00000136783,NIPSNAP3A,0.042823701,0.336636988,NS
ENSG00000136802,LRRC8A,-0.048677567,0.259432608,NS
ENSG00000136807,CDK9,-0.021400338,0.650786117,NS
ENSG00000136810,TXN,-0.027413069,0.573712398,NS
ENSG00000136811,ODF2,-0.027836296,0.511767019,NS
ENSG00000136813,ECPAS,0.072498772,0.046699312,NS
ENSG00000136816,TOR1B,0.01836966,0.740066073,NS
ENSG00000136819,C9orf78,-0.059477241,0.106740408,NS
ENSG00000136824,SMC2,-0.042931065,0.311028449,NS
ENSG00000136826,KLF4,0.016326686,0.764413676,NS
ENSG00000136827,TOR1A,-0.020848623,0.665757621,NS
ENSG00000136828,RALGPS1,0.024448338,NA,NS
ENSG00000136830,NIBAN2,-0.047745407,0.211918458,NS
ENSG00000136840,ST6GALNAC4,0.021437616,0.693432868,NS
ENSG00000136842,TMOD1,0.026466391,NA,NS
ENSG00000136848,DAB2IP,0.037648,0.443125748,NS
ENSG00000136854,STXBP1,0.073585297,0.081239169,NS
ENSG00000136856,SLC2A8,0.012772369,0.829713136,NS
ENSG00000136859,ANGPTL2,0.00919465,NA,NS
ENSG00000136861,CDK5RAP2,0.024192448,0.620505712,NS
ENSG00000136866,ZFP37,0.07066146,0.113821252,NS
ENSG00000136867,SLC31A2,0.00049893,NA,NS
ENSG00000136868,SLC31A1,-0.018469418,0.640290195,NS
ENSG00000136870,ZNF189,0.009066273,0.88516258,NS
ENSG00000136874,STX17,0.062580256,0.140882528,NS
ENSG00000136875,PRPF4,-0.001348029,0.98223536,NS
ENSG00000136877,FPGS,-0.026664189,0.524297911,NS
ENSG00000136878,USP20,0.056238132,0.211918458,NS
ENSG00000136881,BAAT,-0.001691377,NA,NS
ENSG00000136883,KIF12,-0.001857031,NA,NS
ENSG00000136888,ATP6V1G1,0.004963262,0.936048259,NS
ENSG00000136891,TEX10,-0.024220688,0.634721151,NS
ENSG00000136895,GARNL3,0.039018909,NA,NS
ENSG00000136897,MRPL50,0.01709539,0.733336186,NS
ENSG00000136908,DPM2,-0.031216202,0.502554367,NS
ENSG00000136925,TSTD2,0.068915429,0.113552892,NS
ENSG00000136930,PSMB7,-0.049297509,0.25912722,NS
ENSG00000136932,TRMO,0.047703141,0.310301896,NS
ENSG00000136933,RABEPK,-0.043735845,0.343967117,NS
ENSG00000136935,GOLGA1,0.033442116,0.464023863,NS
ENSG00000136936,XPA,0.00474337,0.944094731,NS
ENSG00000136937,NCBP1,-0.006964367,0.904707191,NS
ENSG00000136938,ANP32B,-0.064691813,0.034149851,NS
ENSG00000136940,PDCL,-0.01792031,0.750275942,NS
ENSG00000136942,RPL35,-0.080886622,0.05540679,NS
ENSG00000136943,CTSV,-0.039825605,0.401185293,NS
ENSG00000136944,LMX1B,0.008553597,0.890558725,NS
ENSG00000136950,ARPC5L,-0.094976861,0.006435062,NS
ENSG00000136982,DSCC1,0.030009516,0.527201931,NS
ENSG00000136986,DERL1,0.010706404,0.826804966,NS
ENSG00000136997,MYC,-0.072371556,0.067557516,NS
ENSG00000137038,DMAC1,-0.071675688,0.078904936,NS
ENSG00000137040,RANBP6,0.099768806,0.011147994,NS
ENSG00000137054,POLR1E,0.002780441,0.962107072,NS
ENSG00000137055,PLAA,0.021999055,0.637167241,NS
ENSG00000137070,IL11RA,-0.02077565,NA,NS
ENSG00000137073,UBAP2,0.050078691,0.232904202,NS
ENSG00000137074,APTX,-0.003862156,0.949088783,NS
ENSG00000137075,RNF38,0.025903063,0.606359763,NS
ENSG00000137076,TLN1,0.035692283,0.417047931,NS
ENSG00000137090,DMRT1,0.007408113,NA,NS
ENSG00000137094,DNAJB5,-0.052828608,0.255575949,NS
ENSG00000137098,SPAG8,0.005198053,NA,NS
ENSG00000137100,DCTN3,-0.092536215,0.030027032,NS
ENSG00000137103,TMEM8B,0.015723024,0.788056362,NS
ENSG00000137106,GRHPR,-0.056685404,0.152203216,NS
ENSG00000137124,ALDH1B1,0.00511514,0.925334258,NS
ENSG00000137133,HINT2,-0.074055267,0.076278903,NS
ENSG00000137135,ARHGEF39,-0.064468127,0.160041944,NS
ENSG00000137142,IGFBPL1,-0.007171834,NA,NS
ENSG00000137145,DENND4C,0.087256107,0.043145426,NS
ENSG00000137154,RPS6,-0.037263498,0.382510122,NS
ENSG00000137161,CNPY3,-0.055788494,0.213404431,NS
ENSG00000137166,FOXP4,0.012111036,0.833847229,NS
ENSG00000137168,PPIL1,0.013624142,0.816828855,NS
ENSG00000137171,KLC4,0.01758834,0.755589917,NS
ENSG00000137177,KIF13A,0.032765161,0.506931517,NS
ENSG00000137185,ZSCAN9,0.005555808,0.927172259,NS
ENSG00000137193,PIM1,0.102243819,0.029346109,NS
ENSG00000137198,GMPR,-0.013179683,NA,NS
ENSG00000137200,CMTR1,-0.005069616,0.938322458,NS
ENSG00000137203,TFAP2A,0.014877231,NA,NS
ENSG00000137207,YIPF3,-0.012067295,0.826804966,NS
ENSG00000137210,TMEM14B,-0.057812329,0.151309716,NS
ENSG00000137216,TMEM63B,0.027601302,0.543628002,NS
ENSG00000137218,FRS3,-0.013281689,NA,NS
ENSG00000137221,TJAP1,0.00856449,0.89282121,NS
ENSG00000137261,KIAA0319,-0.002822345,NA,NS
ENSG00000137266,SLC22A23,-2.43E-06,0.999979399,NS
ENSG00000137267,TUBB2A,-0.03957884,0.415110095,NS
ENSG00000137269,LRRC1,0.054976397,0.241309524,NS
ENSG00000137274,BPHL,-0.009642503,0.873150663,NS
ENSG00000137275,RIPK1,0.029267591,0.562254846,NS
ENSG00000137288,UQCC2,-0.077724545,0.079189332,NS
ENSG00000137309,HMGA1,-0.028341104,0.506149528,NS
ENSG00000137310,TCF19,-0.053151913,0.154523106,NS
ENSG00000137312,FLOT1,-0.022039743,0.63460584,NS
ENSG00000137337,MDC1,0.001262216,0.982627348,NS
ENSG00000137338,PGBD1,0.006959598,NA,NS
ENSG00000137343,ATAT1,0.027365925,0.581439287,NS
ENSG00000137364,TPMT,-0.012392892,0.817799475,NS
ENSG00000137393,RNF144B,0.057662222,0.216095435,NS
ENSG00000137404,NRM,-0.073083724,0.111449624,NS
ENSG00000137409,MTCH1,0.000982254,0.987118855,NS
ENSG00000137411,VARS2,-0.081642721,0.028527019,NS
ENSG00000137413,TAF8,-0.025002765,0.63706929,NS
ENSG00000137414,FAM8A1,0.050553125,0.239522474,NS
ENSG00000137434,C6orf52,-0.032311621,NA,NS
ENSG00000137449,CPEB2,-0.00985877,0.863644197,NS
ENSG00000137460,FHDC1,0.0806492,0.066821554,NS
ENSG00000137473,TTC29,0.007968011,NA,NS
ENSG00000137478,FCHSD2,-0.022528295,0.673106273,NS
ENSG00000137486,ARRB1,0.059817437,0.143753788,NS
ENSG00000137492,THAP12,0.05817577,0.157812382,NS
ENSG00000137494,ANKRD42,-0.041335564,0.390402749,NS
ENSG00000137496,IL18BP,0.03108774,NA,NS
ENSG00000137497,NUMA1,0.030138604,0.423795795,NS
ENSG00000137500,CCDC90B,-0.032658515,0.473146388,NS
ENSG00000137501,SYTL2,0.273212692,0.001059964,NS
ENSG00000137502,RAB30,0.070088336,0.118969913,NS
ENSG00000137504,CREBZF,0.031927178,0.51314141,NS
ENSG00000137507,LRRC32,-0.002482191,NA,NS
ENSG00000137509,PRCP,-0.005126371,0.932115347,NS
ENSG00000137513,NARS2,0.018488077,0.708021172,NS
ENSG00000137522,RNF121,-0.02199143,0.674796244,NS
ENSG00000137547,MRPL15,-0.033822092,0.462047875,NS
ENSG00000137561,TTPA,0.031544131,NA,NS
ENSG00000137563,GGH,-0.055037382,0.18311534,NS
ENSG00000137571,SLCO5A1,0.045573608,0.338501472,NS
ENSG00000137574,TGS1,-0.012896246,0.824824959,NS
ENSG00000137575,SDCBP,-0.027350583,0.489102235,NS
ENSG00000137601,NEK1,0.010903147,0.859065179,NS
ENSG00000137628,DDX60,-0.003701631,NA,NS
ENSG00000137642,SORL1,0.037698792,0.442377392,NS
ENSG00000137648,TMPRSS4,-0.006823591,NA,NS
ENSG00000137656,BUD13,-0.076803222,0.082501413,NS
ENSG00000137673,MMP7,0.00387777,NA,NS
ENSG00000137692,DCUN1D5,0.026418489,0.533237387,NS
ENSG00000137693,YAP1,0.111724571,0.002937873,NS
ENSG00000137699,TRIM29,0.007345298,NA,NS
ENSG00000137700,SLC37A4,-0.063119395,0.137329166,NS
ENSG00000137709,POU2F3,0.002762455,NA,NS
ENSG00000137710,RDX,-0.004258189,0.940780367,NS
ENSG00000137713,PPP2R1B,0.052932512,0.18027095,NS
ENSG00000137714,FDX1,0.024279627,0.618731711,NS
ENSG00000137720,CFAP68,-0.013573399,0.819894565,NS
ENSG00000137727,ARHGAP20,0.018040011,NA,NS
ENSG00000137745,MMP13,0.013077316,NA,NS
ENSG00000137747,TMPRSS13,0.025321276,NA,NS
ENSG00000137760,ALKBH8,0.013751589,0.814288636,NS
ENSG00000137764,MAP2K5,-0.015258346,0.793979807,NS
ENSG00000137766,UNC13C,0.006336183,NA,NS
ENSG00000137767,SQOR,0.049266352,0.297653474,NS
ENSG00000137770,CTDSPL2,0.01772084,0.734042761,NS
ENSG00000137776,SLTM,-0.079392106,0.035517373,NS
ENSG00000137801,THBS1,0.082973078,0.056036221,NS
ENSG00000137802,MAPKBP1,-0.002732122,0.967187402,NS
ENSG00000137804,NUSAP1,-0.058457942,0.084948242,NS
ENSG00000137806,NDUFAF1,-0.015040125,0.793137715,NS
ENSG00000137807,KIF23,-0.012015149,0.841733134,NS
ENSG00000137809,ITGA11,-8.12E-05,NA,NS
ENSG00000137812,KNL1,0.012513094,0.834935815,NS
ENSG00000137814,HAUS2,0.008405299,0.888178275,NS
ENSG00000137815,RTF1,-0.036890333,0.380939869,NS
ENSG00000137818,RPLP1,-0.122073739,0.003025702,NS
ENSG00000137819,PAQR5,0.013483744,NA,NS
ENSG00000137821,LRRC49,-0.006616474,0.912851367,NS
ENSG00000137822,TUBGCP4,0.031123984,0.526319808,NS
ENSG00000137824,RMDN3,-0.020702682,0.674063443,NS
ENSG00000137825,ITPKA,-0.013962207,NA,NS
ENSG00000137831,UACA,-0.024323594,0.645520248,NS
ENSG00000137834,SMAD6,-0.0291105,0.56235319,NS
ENSG00000137842,TMEM62,0.011153088,0.855613455,NS
ENSG00000137845,ADAM10,0.086176455,0.014190703,NS
ENSG00000137857,DUOX1,-0.016911395,NA,NS
ENSG00000137871,ZNF280D,0.005596159,0.932824837,NS
ENSG00000137872,SEMA6D,0.006938289,0.912926991,NS
ENSG00000137876,RSL24D1,-0.034254346,0.416834703,NS
ENSG00000137877,SPTBN5,0.012281403,NA,NS
ENSG00000137878,GCOM1,0.000320804,NA,NS
ENSG00000137880,GCHFR,-0.043718183,0.359031257,NS
ENSG00000137936,BCAR3,0.012778393,0.829635911,NS
ENSG00000137941,TTLL7,0.061131533,0.183996423,NS
ENSG00000137942,FNBP1L,0.05381073,0.203983631,NS
ENSG00000137944,KYAT3,0.024014995,0.64620624,NS
ENSG00000137947,GTF2B,-0.00177113,0.978211668,NS
ENSG00000137948,BRDT,0.028428535,NA,NS
ENSG00000137955,RABGGTB,0.045843336,0.238121775,NS
ENSG00000137959,IFI44L,9.57E-05,NA,NS
ENSG00000137962,ARHGAP29,0.126352049,0.000505426,NS
ENSG00000137965,IFI44,0.035075149,NA,NS
ENSG00000137968,SLC44A5,0.003110145,NA,NS
ENSG00000137970,RPL7P9,-0.028526966,0.547254301,NS
ENSG00000137976,DNASE2B,-0.029787438,0.552127283,NS
ENSG00000137992,DBT,0.061774987,0.097127236,NS
ENSG00000137996,RTCA,-0.034173947,0.373822906,NS
ENSG00000138002,IFT172,0.025222103,0.626178951,NS
ENSG00000138018,SELENOI,0.109163976,0.002323067,NS
ENSG00000138028,CGREF1,-0.023472372,0.657717607,NS
ENSG00000138029,HADHB,0.034192572,0.413004217,NS
ENSG00000138030,KHK,-0.041904028,0.382510122,NS
ENSG00000138031,ADCY3,0.025405873,0.628000182,NS
ENSG00000138032,PPM1B,-0.011049476,0.857268642,NS
ENSG00000138035,PNPT1,0.021310717,0.648340305,NS
ENSG00000138036,DYNC2LI1,-0.012420703,NA,NS
ENSG00000138050,THUMPD2,0.032041681,0.487738766,NS
ENSG00000138069,RAB1A,0.001162276,0.98523071,NS
ENSG00000138071,ACTR2,0.023701783,0.589370706,NS
ENSG00000138073,PREB,-0.049405749,0.204038166,NS
ENSG00000138074,SLC5A6,0.004206536,0.940896669,NS
ENSG00000138078,PREPL,0.04095187,0.354098031,NS
ENSG00000138080,EMILIN1,-0.02576715,NA,NS
ENSG00000138081,FBXO11,0.065987414,0.121287645,NS
ENSG00000138085,ATRAID,-0.039653722,0.367766509,NS
ENSG00000138092,CENPO,-0.04468253,0.293236768,NS
ENSG00000138095,LRPPRC,0.082475749,0.019427037,NS
ENSG00000138100,TRIM54,0.00289284,NA,NS
ENSG00000138101,DTNB,0.007032576,0.909388787,NS
ENSG00000138107,ACTR1A,-0.006637362,0.904487849,NS
ENSG00000138109,CYP2C9,0.020064475,NA,NS
ENSG00000138111,MFSD13A,-0.021761992,0.661364459,NS
ENSG00000138119,MYOF,0.010756586,NA,NS
ENSG00000138134,STAMBPL1,0.0203258,NA,NS
ENSG00000138138,ATAD1,0.028028359,0.547153511,NS
ENSG00000138160,KIF11,-0.017713786,0.745600344,NS
ENSG00000138161,CUZD1,0.008254015,NA,NS
ENSG00000138162,TACC2,0.067404564,0.090169509,NS
ENSG00000138166,DUSP5,-0.002434923,NA,NS
ENSG00000138175,ARL3,-0.039405483,0.409261437,NS
ENSG00000138180,CEP55,-0.038151624,0.421048107,NS
ENSG00000138182,KIF20B,-0.042777131,0.367766509,NS
ENSG00000138185,ENTPD1,0.001238165,NA,NS
ENSG00000138190,EXOC6,0.040341609,0.403311011,NS
ENSG00000138231,DBR1,0.054929648,0.196961671,NS
ENSG00000138246,DNAJC13,0.086609476,0.045553523,NS
ENSG00000138279,ANXA7,-0.017645092,0.655070474,NS
ENSG00000138286,FAM149B1,0.014830415,0.801585423,NS
ENSG00000138303,ASCC1,-0.004774823,0.940060088,NS
ENSG00000138311,ZNF365,0.020247418,NA,NS
ENSG00000138326,RPS24,-0.020775683,0.680865402,NS
ENSG00000138336,TET1,0.02860191,NA,NS
ENSG00000138346,DNA2,-0.024746111,0.635550208,NS
ENSG00000138356,AOX1,-0.026675333,NA,NS
ENSG00000138363,ATIC,0.004329259,0.936048259,NS
ENSG00000138375,SMARCAL1,0.000121564,0.999057467,NS
ENSG00000138376,BARD1,0.091156147,0.023111811,NS
ENSG00000138380,CARF,0.005737363,NA,NS
ENSG00000138381,ASNSD1,0.036021936,0.371876059,NS
ENSG00000138382,METTL5,-0.03863405,0.404219254,NS
ENSG00000138385,SSB,-0.025127898,0.487104469,NS
ENSG00000138386,NAB1,0.044122916,0.33870566,NS
ENSG00000138398,PPIG,-0.02801754,0.527201931,NS
ENSG00000138399,FASTKD1,0.063530018,0.11902829,NS
ENSG00000138400,MDH1B,-0.012130872,NA,NS
ENSG00000138411,HECW2,-0.007620144,NA,NS
ENSG00000138413,IDH1,0.036285732,0.296776711,NS
ENSG00000138430,OLA1,-0.010970595,0.823717255,NS
ENSG00000138433,CIR1,-0.064055356,0.152362572,NS
ENSG00000138434,ITPRID2,0.094296996,0.011117205,NS
ENSG00000138439,FAM117B,0.024006381,0.646468381,NS
ENSG00000138442,WDR12,-0.008835008,0.868944,NS
ENSG00000138443,ABI2,-0.01165374,0.841886112,NS
ENSG00000138448,ITGAV,0.030817163,0.529466424,NS
ENSG00000138449,SLC40A1,0.006946455,NA,NS
ENSG00000138459,SLC35A5,0.007817904,0.895862576,NS
ENSG00000138463,SLC49A4,-0.015767434,0.782519313,NS
ENSG00000138468,SENP7,0.078625128,0.08577488,NS
ENSG00000138495,COX17,-0.086896793,0.038228028,NS
ENSG00000138496,PARP9,0.065842452,0.132722161,NS
ENSG00000138587,MNS1,-0.051457797,0.26609845,NS
ENSG00000138592,USP8,0.059715159,0.18824855,NS
ENSG00000138593,SECISBP2L,0.183237253,1.45E-05,NS
ENSG00000138594,TMOD3,0.007167399,0.903968598,NS
ENSG00000138600,SPPL2A,0.004776978,0.936673311,NS
ENSG00000138604,GLCE,0.007614941,0.904487849,NS
ENSG00000138606,SHF,0.003023727,NA,NS
ENSG00000138613,APH1B,0.088221966,0.048068404,NS
ENSG00000138614,INTS14,0.008705441,0.878726321,NS
ENSG00000138617,PARP16,0.003394551,0.959634547,NS
ENSG00000138621,PPCDC,-0.044401123,0.35187326,NS
ENSG00000138623,SEMA7A,0.016393365,NA,NS
ENSG00000138629,UBL7,-0.07370502,0.086183525,NS
ENSG00000138640,FAM13A,0.035462419,0.457992871,NS
ENSG00000138641,HERC3,-0.007941022,0.893423871,NS
ENSG00000138642,HERC6,-0.003827649,0.951392921,NS
ENSG00000138646,HERC5,0.027098186,0.555023039,NS
ENSG00000138658,ZGRF1,0.041212992,0.359031257,NS
ENSG00000138660,AP1AR,0.059337329,0.163832069,NS
ENSG00000138663,COPS4,-0.0011638,0.986134837,NS
ENSG00000138668,HNRNPD,-0.037181486,0.381095753,NS
ENSG00000138669,PRKG2,0.008505987,NA,NS
ENSG00000138670,RASGEF1B,-0.008792856,NA,NS
ENSG00000138674,SEC31A,0.043989057,0.238841542,NS
ENSG00000138678,GPAT3,0.006080707,NA,NS
ENSG00000138686,BBS7,0.014078023,0.807684428,NS
ENSG00000138688,BLTP1,0.135940809,0.010487163,NS
ENSG00000138696,BMPR1B,0.02698651,0.601884087,NS
ENSG00000138698,RAP1GDS1,-0.003830433,0.951447616,NS
ENSG00000138709,LARP1B,-0.01563764,0.785203653,NS
ENSG00000138744,NAAA,-0.059856339,0.12566124,NS
ENSG00000138750,NUP54,-0.002415225,0.967187402,NS
ENSG00000138756,BMP2K,0.04278872,0.371876059,NS
ENSG00000138757,G3BP2,0.01547082,0.74257173,NS
ENSG00000138758,SEPTIN11,0.057400606,0.169868301,NS
ENSG00000138759,FRAS1,0.051290449,NA,NS
ENSG00000138760,SCARB2,0.083849192,0.008550771,NS
ENSG00000138764,CCNG2,0.198388499,3.27E-06,NS
ENSG00000138767,CNOT6L,0.052114716,0.266727568,NS
ENSG00000138768,USO1,0.053573816,0.142182384,NS
ENSG00000138771,SHROOM3,-0.000178537,0.998368771,NS
ENSG00000138777,PPA2,-0.001166072,0.985421135,NS
ENSG00000138778,CENPE,-0.032055404,0.505911716,NS
ENSG00000138780,GSTCD,-0.0439699,0.356259858,NS
ENSG00000138785,INTS12,-0.013122071,0.826393179,NS
ENSG00000138794,CASP6,-0.003550204,0.956817508,NS
ENSG00000138795,LEF1,0.035423797,0.472840653,NS
ENSG00000138796,HADH,-0.010257906,0.840964088,NS
ENSG00000138798,EGF,0.021362999,NA,NS
ENSG00000138801,PAPSS1,-0.029625626,0.487104469,NS
ENSG00000138802,SEC24B,0.008291012,0.893635033,NS
ENSG00000138814,PPP3CA,0.045931295,0.22951284,NS
ENSG00000138821,SLC39A8,0.01080764,0.840964088,NS
ENSG00000138834,MAPK8IP3,0.013030451,0.783422701,NS
ENSG00000138835,RGS3,-0.017550115,0.747595447,NS
ENSG00000138867,GUCD1,0.026678544,0.463555491,NS
ENSG00000138942,RNF185,0.031909326,0.491373134,NS
ENSG00000139044,B4GALNT3,-0.002328896,NA,NS
ENSG00000139083,ETV6,0.008022984,0.899861666,NS
ENSG00000139112,GABARAPL1,0.064221879,0.140382396,NS
ENSG00000139116,KIF21A,-0.010173117,0.861869475,NS
ENSG00000139131,YARS2,-0.034140203,0.46022302,NS
ENSG00000139132,FGD4,0.006715263,0.9161691,NS
ENSG00000139133,ALG10,0.023509317,0.659039348,NS
ENSG00000139146,SINHCAF,0.04266505,0.282394875,NS
ENSG00000139154,AEBP2,0.031643075,0.50631737,NS
ENSG00000139160,ETFBKMT,0.000848865,0.989908055,NS
ENSG00000139163,ETNK1,0.061020771,0.153171838,NS
ENSG00000139168,ZCRB1,-0.064662763,0.108823839,NS
ENSG00000139173,TMEM117,0.040953714,NA,NS
ENSG00000139178,C1RL,-0.037493172,0.444159199,NS
ENSG00000139180,NDUFA9,-0.03388395,0.411859919,NS
ENSG00000139182,CLSTN3,0.042732858,0.351328475,NS
ENSG00000139190,VAMP1,0.00375954,NA,NS
ENSG00000139192,TAPBPL,-0.000581991,NA,NS
ENSG00000139194,RBP5,-0.005897135,NA,NS
ENSG00000139197,PEX5,0.018973041,0.679363296,NS
ENSG00000139209,SLC38A4,-0.134492309,NA,NS
ENSG00000139211,AMIGO2,0.030897398,NA,NS
ENSG00000139218,SCAF11,0.069303817,0.078940058,NS
ENSG00000139220,PPFIA2,0.123833948,0.000852889,NS
ENSG00000139233,LLPH,-0.029528347,0.529130674,NS
ENSG00000139239,RPL14P1,-0.021245207,NA,NS
ENSG00000139263,LRIG3,0.041515876,0.372086299,NS
ENSG00000139266,MARCHF9,-0.013490396,0.819894565,NS
ENSG00000139269,INHBE,-0.007332727,NA,NS
ENSG00000139278,GLIPR1,-0.01239511,NA,NS
ENSG00000139289,PHLDA1,-0.085982566,0.053497505,NS
ENSG00000139291,TMEM19,-0.021026301,0.684097307,NS
ENSG00000139304,PTPRQ,-0.012358804,NA,NS
ENSG00000139318,DUSP6,-0.019560434,NA,NS
ENSG00000139323,POC1B,-0.003485656,0.958251088,NS
ENSG00000139324,TMTC3,0.039776478,0.411859919,NS
ENSG00000139343,SNRPF,-0.087658882,0.035400484,NS
ENSG00000139350,NEDD1,0.005533453,0.927565847,NS
ENSG00000139354,GAS2L3,0.023279161,0.664741522,NS
ENSG00000139364,TMEM132B,-0.007492683,NA,NS
ENSG00000139370,SLC15A4,0.050127147,0.287206368,NS
ENSG00000139372,TDG,-0.023132622,0.553506724,NS
ENSG00000139405,RITA1,0.011929905,0.828816924,NS
ENSG00000139410,SDSL,-0.052289729,0.26727921,NS
ENSG00000139428,MMAB,0.025059627,0.590314367,NS
ENSG00000139433,GLTP,0.000629043,0.992826214,NS
ENSG00000139436,GIT2,0.033980068,0.481733823,NS
ENSG00000139437,TCHP,0.010199853,0.865777781,NS
ENSG00000139438,FAM222A,0.042450069,0.367666212,NS
ENSG00000139445,FOXN4,0.018963523,NA,NS
ENSG00000139496,NUP58,0.048789986,0.273912108,NS
ENSG00000139505,MTMR6,0.004904268,0.940721594,NS
ENSG00000139514,SLC7A1,0.002553429,0.967187402,NS
ENSG00000139515,PDX1,0.016348397,NA,NS
ENSG00000139517,LNX2,0.077068691,0.091086319,NS
ENSG00000139531,SUOX,0.0168388,0.753753673,NS
ENSG00000139546,TARBP2,-0.037063806,0.445242958,NS
ENSG00000139547,RDH16,0.029169092,NA,NS
ENSG00000139574,NPFF,0.007466425,NA,NS
ENSG00000139579,NABP2,-0.104405551,0.002937873,NS
ENSG00000139613,SMARCC2,0.006560732,0.900410334,NS
ENSG00000139618,BRCA2,0.065963991,0.151470922,NS
ENSG00000139620,KANSL2,-0.015274532,0.786230201,NS
ENSG00000139624,CERS5,-0.046058417,0.328784481,NS
ENSG00000139625,MAP3K12,-0.015660868,NA,NS
ENSG00000139626,ITGB7,0.009817807,NA,NS
ENSG00000139631,CSAD,-0.030933872,NA,NS
ENSG00000139636,LMBR1L,0.004045837,0.951903791,NS
ENSG00000139637,MYG1,-0.08023125,0.071559926,NS
ENSG00000139641,ESYT1,-0.000397101,0.99512713,NS
ENSG00000139644,TMBIM6,-0.000180969,0.997921046,NS
ENSG00000139645,ANKRD52,0.051077,0.20711994,NS
ENSG00000139651,ZNF740,-0.008939645,0.881684241,NS
ENSG00000139668,WDFY2,-0.024787892,0.641363428,NS
ENSG00000139675,HNRNPA1L2,-0.022252835,NA,NS
ENSG00000139679,LPAR6,0.020423791,0.692109366,NS
ENSG00000139684,ESD,-0.008570022,0.883552438,NS
ENSG00000139687,RB1,0.042543156,0.360894545,NS
ENSG00000139697,SBNO1,0.051494577,0.242769098,NS
ENSG00000139714,MORN3,-0.0160215,NA,NS
ENSG00000139718,SETD1B,-0.010628053,0.858266736,NS
ENSG00000139719,VPS33A,0.019287318,0.696889816,NS
ENSG00000139722,VPS37B,-0.032454564,0.498012728,NS
ENSG00000139725,RHOF,-0.001802576,0.977953375,NS
ENSG00000139726,DENR,-0.012466456,0.765848244,NS
ENSG00000139734,DIAPH3,0.021887127,0.681735568,NS
ENSG00000139737,SLAIN1,0.030014115,0.549424462,NS
ENSG00000139746,RBM26,0.010974763,0.858266736,NS
ENSG00000139793,MBNL2,0.010668696,NA,NS
ENSG00000139800,ZIC5,0.030477976,NA,NS
ENSG00000139826,ABHD13,0.019983348,0.708531808,NS
ENSG00000139832,RAB20,-0.052382948,0.250604247,NS
ENSG00000139835,GRTP1,0.018663965,0.740942142,NS
ENSG00000139842,CUL4A,0.043665392,0.245369871,NS
ENSG00000139865,TTC6,0.029924526,0.552220136,NS
ENSG00000139880,CDH24,-0.031123005,0.512746187,NS
ENSG00000139890,REM2,5.16E-05,NA,NS
ENSG00000139899,CBLN3,-0.008238226,NA,NS
ENSG00000139910,NOVA1,0.049785012,0.289524558,NS
ENSG00000139914,FITM1,-0.003659265,NA,NS
ENSG00000139921,TMX1,-0.011405151,0.827878384,NS
ENSG00000139926,FRMD6,0.02284134,NA,NS
ENSG00000139946,PELI2,0.016052019,0.775945257,NS
ENSG00000139970,RTN1,0.015311713,0.769151893,NS
ENSG00000139971,ARMH4,-0.0061143,NA,NS
ENSG00000139974,SLC38A6,0.086756885,0.062323899,NS
ENSG00000139977,NAA30,0.053992591,0.219595278,NS
ENSG00000139985,ADAM21,0.002632422,NA,NS
ENSG00000139988,RDH12,0.03904545,NA,NS
ENSG00000139990,DCAF5,0.075460548,0.056127985,NS
ENSG00000139998,RAB15,0.003984352,0.951903791,NS
ENSG00000140006,WDR89,0.007983905,0.89624025,NS
ENSG00000140022,STON2,0.01015333,0.865817944,NS
ENSG00000140025,EFCAB11,-0.044361337,0.353140596,NS
ENSG00000140043,PTGR2,0.028287513,0.51405881,NS
ENSG00000140044,JDP2,-0.056020067,0.194829335,NS
ENSG00000140057,AK7,0.006356207,NA,NS
ENSG00000140104,CLBA1,0.011283074,0.85392527,NS
ENSG00000140105,WARS1,-0.062066598,0.067557516,NS
ENSG00000140153,WDR20,0.00876568,0.888318487,NS
ENSG00000140157,NIPA2,0.016155007,0.742881153,NS
ENSG00000140199,SLC12A6,0.037320615,0.442412674,NS
ENSG00000140254,DUOXA1,-8.84E-05,NA,NS
ENSG00000140259,MFAP1,-0.018000247,0.708013544,NS
ENSG00000140262,TCF12,0.050087811,0.289524558,NS
ENSG00000140263,SORD,-0.046777886,0.120679266,NS
ENSG00000140264,SERF2,-0.031750169,0.475304477,NS
ENSG00000140265,ZSCAN29,0.03737204,0.445972966,NS
ENSG00000140280,LYSMD2,0.058438399,0.20962612,NS
ENSG00000140284,SLC27A2,0.086457937,0.062229097,NS
ENSG00000140285,FGF7,0.002709788,NA,NS
ENSG00000140299,BNIP2,-0.009570911,0.856466489,NS
ENSG00000140307,GTF2A2,-0.052501938,0.245886529,NS
ENSG00000140319,SRP14,-0.044299026,0.289177564,NS
ENSG00000140320,BAHD1,0.036356118,0.457517086,NS
ENSG00000140323,DISP2,0.01471684,NA,NS
ENSG00000140326,CDAN1,-0.067086827,0.135653172,NS
ENSG00000140332,TLE3,-0.026663845,0.464126989,NS
ENSG00000140350,ANP32A,-0.067342827,0.038666641,NS
ENSG00000140365,COMMD4,-0.067181522,0.100976881,NS
ENSG00000140367,UBE2Q2,0.019006198,0.734042761,NS
ENSG00000140374,ETFA,-0.012285595,0.789488513,NS
ENSG00000140382,HMG20A,0.020081781,0.710709658,NS
ENSG00000140386,SCAPER,-0.023947762,0.651272633,NS
ENSG00000140391,TSPAN3,-0.027985082,0.531573695,NS
ENSG00000140395,SKIC8,0.001142997,0.986322321,NS
ENSG00000140396,NCOA2,0.113062161,0.006855176,NS
ENSG00000140398,NEIL1,0.001209091,NA,NS
ENSG00000140400,MAN2C1,-0.033389125,0.500783832,NS
ENSG00000140406,TLNRD1,-0.12913641,0.00518496,NS
ENSG00000140416,TPM1,-0.082933906,0.016651633,NS
ENSG00000140443,IGF1R,-0.077531325,0.077662816,NS
ENSG00000140450,ARRDC4,0.017077644,0.764969072,NS
ENSG00000140451,PIF1,-0.045693876,NA,NS
ENSG00000140455,USP3,0.042338898,0.331587026,NS
ENSG00000140459,CYP11A1,-0.010610421,NA,NS
ENSG00000140463,BBS4,-0.035252294,0.444159199,NS
ENSG00000140464,PML,0.004169655,0.950609935,NS
ENSG00000140465,CYP1A1,0.032841266,NA,NS
ENSG00000140470,ADAMTS17,-0.013212366,NA,NS
ENSG00000140471,LINS1,0.034538438,0.469851708,NS
ENSG00000140474,ULK3,0.059889826,0.18705167,NS
ENSG00000140479,PCSK6,0.026379501,0.599957166,NS
ENSG00000140497,SCAMP2,-0.049422053,0.210914536,NS
ENSG00000140505,CYP1A2,0.012492614,NA,NS
ENSG00000140521,POLG,-0.003630503,0.954916454,NS
ENSG00000140525,FANCI,-0.038556271,0.375019744,NS
ENSG00000140526,ABHD2,-0.00503099,0.932631578,NS
ENSG00000140527,WDR93,-0.00306888,NA,NS
ENSG00000140534,TICRR,0.047520462,0.316663583,NS
ENSG00000140543,DET1,0.026475709,NA,NS
ENSG00000140545,MFGE8,-0.003812756,0.952024718,NS
ENSG00000140548,ZNF710,-0.01227783,0.838838268,NS
ENSG00000140553,UNC45A,-0.006551281,0.897299596,NS
ENSG00000140557,ST8SIA2,-0.011911989,NA,NS
ENSG00000140563,MCTP2,0.176914716,1.74E-05,NS
ENSG00000140564,FURIN,-0.006653051,0.906665815,NS
ENSG00000140575,IQGAP1,0.041037886,0.383652841,NS
ENSG00000140577,CRTC3,-0.010742922,0.861184008,NS
ENSG00000140598,EFL1,0.036211507,0.46028576,NS
ENSG00000140600,SH3GL3,0.00362196,NA,NS
ENSG00000140612,SEC11A,-0.037866734,0.341852584,NS
ENSG00000140632,GLYR1,-0.022727854,0.594799581,NS
ENSG00000140650,PMM2,-0.057591017,0.157467971,NS
ENSG00000140688,RUSF1,-0.028032808,0.565641171,NS
ENSG00000140691,ARMC5,-0.050893521,0.280390251,NS
ENSG00000140694,PARN,0.033411011,0.458765225,NS
ENSG00000140718,FTO,0.052007578,0.251466714,NS
ENSG00000140740,UQCRC2,-0.024895099,0.490183925,NS
ENSG00000140743,CDR2,0.002938987,0.964761373,NS
ENSG00000140750,ARHGAP17,0.023563309,0.653101022,NS
ENSG00000140807,NKD1,0.068314889,0.129638273,NS
ENSG00000140829,DHX38,-0.010898608,0.840964088,NS
ENSG00000140830,TXNL4B,-0.039921509,0.394487718,NS
ENSG00000140832,MARVELD3,-0.0231389,0.665757621,NS
ENSG00000140836,ZFHX3,-0.005893885,0.923750304,NS
ENSG00000140848,CPNE2,0.03386933,0.487447394,NS
ENSG00000140853,NLRC5,0.176255676,NA,NS
ENSG00000140854,KATNB1,-0.040007226,0.38440398,NS
ENSG00000140859,KIFC3,-0.003868742,NA,NS
ENSG00000140876,NUDT7,-0.016280296,NA,NS
ENSG00000140905,GCSH,0.002059011,0.968419464,NS
ENSG00000140939,NOL3,-0.042858183,0.364090905,NS
ENSG00000140941,MAP1LC3B,0.078410056,0.059704783,NS
ENSG00000140943,MBTPS1,0.002328008,0.968159844,NS
ENSG00000140948,ZCCHC14,0.062435505,0.17160726,NS
ENSG00000140950,MEAK7,-0.003270167,0.960840828,NS
ENSG00000140961,OSGIN1,0.003695308,0.953398052,NS
ENSG00000140983,RHOT2,-0.002030381,0.973169013,NS
ENSG00000140987,ZSCAN32,-0.001191695,0.986134837,NS
ENSG00000140988,RPS2,-0.032955852,0.473258834,NS
ENSG00000140990,NDUFB10,-0.058978536,0.160052278,NS
ENSG00000140992,PDPK1,0.066151184,0.113298093,NS
ENSG00000140993,TIGD7,0.04052331,0.383872398,NS
ENSG00000140995,DEF8,-0.010831297,0.859430032,NS
ENSG00000141002,TCF25,-0.065194537,0.120367334,NS
ENSG00000141012,GALNS,0.031540459,0.526319808,NS
ENSG00000141013,GAS8,-0.024639782,0.642797467,NS
ENSG00000141026,MED9,0.001486372,0.98223536,NS
ENSG00000141027,NCOR1,0.03904927,0.356935261,NS
ENSG00000141030,COPS3,-0.033463266,0.434775035,NS
ENSG00000141034,GID4,0.019337007,0.728352787,NS
ENSG00000141040,ZNF287,0.000380554,0.996047709,NS
ENSG00000141068,KSR1,0.009011502,NA,NS
ENSG00000141076,UTP4,0.004355395,0.940721594,NS
ENSG00000141084,RANBP10,-0.003734971,0.953398052,NS
ENSG00000141086,CTRL,-0.002952391,NA,NS
ENSG00000141098,GFOD2,0.003156946,0.960805536,NS
ENSG00000141101,NOB1,-0.04197289,0.33790864,NS
ENSG00000141127,PRPSAP2,0.01058107,0.854950772,NS
ENSG00000141179,PCTP,-0.190310214,7.53E-05,NS
ENSG00000141198,TOM1L1,0.005518223,0.928903595,NS
ENSG00000141219,MTNAP1,0.046107548,0.313424679,NS
ENSG00000141232,TOB1,0.00157998,0.976735811,NS
ENSG00000141252,VPS53,0.064561453,0.112935071,NS
ENSG00000141258,SGSM2,-0.00609957,0.925803871,NS
ENSG00000141279,NPEPPS,0.128744331,0.000196857,NS
ENSG00000141294,LRRC46,-0.034680322,NA,NS
ENSG00000141295,SCRN2,0.030960604,NA,NS
ENSG00000141298,SSH2,0.014617477,0.802505381,NS
ENSG00000141337,ARSG,-0.058747839,0.198240292,NS
ENSG00000141349,G6PC3,-0.067686958,0.068712741,NS
ENSG00000141367,CLTC,0.136889898,0.00038057,NS
ENSG00000141376,BCAS3,-0.003023667,0.963411206,NS
ENSG00000141378,PTRH2,0.013060188,0.814288636,NS
ENSG00000141380,SS18,0.009552754,0.858328806,NS
ENSG00000141384,TAF4B,0.093722797,0.046149407,NS
ENSG00000141385,AFG3L2,0.027839104,0.449575382,NS
ENSG00000141391,PRELID3A,0.016380878,0.754991052,NS
ENSG00000141401,IMPA2,-0.040515657,0.36935778,NS
ENSG00000141404,GNAL,0.017327541,NA,NS
ENSG00000141424,SLC39A6,0.066801556,0.035517373,NS
ENSG00000141425,RPRD1A,0.07649697,0.018547861,NS
ENSG00000141428,C18orf21,-0.023056513,0.667418286,NS
ENSG00000141429,GALNT1,0.029254656,0.475699361,NS
ENSG00000141441,GAREM1,0.032285993,0.505626436,NS
ENSG00000141446,ESCO1,0.081431735,0.065982598,NS
ENSG00000141447,OSBPL1A,0.088848692,0.025929253,NS
ENSG00000141448,GATA6,0.01022606,0.865777781,NS
ENSG00000141449,GREB1L,0.063065361,0.172403756,NS
ENSG00000141452,RMC1,-0.016335177,0.764161839,NS
ENSG00000141456,PELP1,0.007451487,0.880756893,NS
ENSG00000141458,NPC1,0.088518284,0.012917217,NS
ENSG00000141480,ARRB2,-0.003951463,0.952024718,NS
ENSG00000141497,ZMYND15,-0.01660576,NA,NS
ENSG00000141499,WRAP53,-0.076799045,0.068081412,NS
ENSG00000141503,MINK1,0.031499984,0.436129583,NS
ENSG00000141504,SAT2,0.072368365,0.072465035,NS
ENSG00000141506,PIK3R5,-0.001091836,NA,NS
ENSG00000141510,TP53,-0.042387597,0.261170196,NS
ENSG00000141519,CCDC40,-0.007452023,NA,NS
ENSG00000141522,ARHGDIA,-0.060474662,0.077033685,NS
ENSG00000141524,TMC6,0.02620122,0.589880802,NS
ENSG00000141526,SLC16A3,0.003326701,NA,NS
ENSG00000141527,CARD14,-0.012548292,0.834504805,NS
ENSG00000141540,TTYH2,-0.003681665,0.955170029,NS
ENSG00000141542,RAB40B,-0.011083571,0.857896887,NS
ENSG00000141543,EIF4A3,-0.003588448,0.948786736,NS
ENSG00000141551,CSNK1D,0.014644891,0.736251989,NS
ENSG00000141552,ANAPC11,-0.100645249,0.016783971,NS
ENSG00000141556,TBCD,-0.006539262,0.896596161,NS
ENSG00000141560,FN3KRP,-0.031968741,0.49232731,NS
ENSG00000141562,NARF,0.014514579,0.804947351,NS
ENSG00000141564,RPTOR,-0.005992126,0.920041097,NS
ENSG00000141568,FOXK2,0.049009655,0.189541678,NS
ENSG00000141569,TRIM65,0.001652439,0.978536232,NS
ENSG00000141570,CBX8,-0.032094947,0.497327711,NS
ENSG00000141574,SECTM1,0.03304628,0.505681479,NS
ENSG00000141576,RNF157,0.028487788,0.547162488,NS
ENSG00000141577,CEP131,-0.08728326,0.042699363,NS
ENSG00000141580,WDR45B,0.003430035,0.948786736,NS
ENSG00000141582,CBX4,-0.025080374,0.531790302,NS
ENSG00000141622,ARK2C,0.001575489,NA,NS
ENSG00000141627,DYM,0.022286569,0.657717607,NS
ENSG00000141639,MAPK4,0.069555661,NA,NS
ENSG00000141642,ELAC1,-0.011091451,0.851758071,NS
ENSG00000141644,MBD1,-0.021157783,0.664560693,NS
ENSG00000141646,SMAD4,0.017010275,0.743667758,NS
ENSG00000141655,TNFRSF11A,0.014416534,0.797911424,NS
ENSG00000141664,ZCCHC2,0.071432714,0.077218157,NS
ENSG00000141665,FBXO15,-0.060226997,0.184343995,NS
ENSG00000141668,CBLN2,-0.015766734,0.738541013,NS
ENSG00000141682,PMAIP1,-0.013800489,0.816828855,NS
ENSG00000141696,P3H4,-0.02147905,0.627637427,NS
ENSG00000141698,NT5C3B,-0.024500829,0.582615773,NS
ENSG00000141699,RETREG3,-0.041072642,0.36953486,NS
ENSG00000141736,ERBB2,0.042944297,0.256886386,NS
ENSG00000141738,GRB7,-0.011844608,NA,NS
ENSG00000141741,MIEN1,-0.035039552,0.467126067,NS
ENSG00000141756,FKBP10,-0.011859094,0.789488513,NS
ENSG00000141759,TXNL4A,-0.05426203,0.191649248,NS
ENSG00000141854,MISP3,0.01603074,NA,NS
ENSG00000141858,SAMD1,-0.011306968,0.82906893,NS
ENSG00000141867,BRD4,-0.034198921,0.449575382,NS
ENSG00000141873,SLC39A3,-0.079051007,0.020445834,NS
ENSG00000141905,NFIC,-0.00907901,0.863865153,NS
ENSG00000141933,TPGS1,-0.077512415,0.092325199,NS
ENSG00000141934,PLPP2,0.119742829,0.003271796,NS
ENSG00000141956,PRDM15,0.036459985,0.458606985,NS
ENSG00000141959,PFKL,-0.096023487,0.000401321,NS
ENSG00000141965,FEM1A,0.012868376,0.79661084,NS
ENSG00000141971,MVB12A,-0.062440252,0.165417035,NS
ENSG00000141985,SH3GL1,-0.076467564,0.021055106,NS
ENSG00000141994,DUS3L,-0.020858528,0.696663412,NS
ENSG00000142002,DPP9,-0.021327635,0.658941354,NS
ENSG00000142039,CCDC97,-0.024436681,0.640555679,NS
ENSG00000142065,ZFP14,-0.015562462,NA,NS
ENSG00000142082,SIRT3,-0.003397354,0.959634547,NS
ENSG00000142089,IFITM3,-0.026811113,0.606378538,NS
ENSG00000142102,PGGHG,-0.00095125,NA,NS
ENSG00000142156,COL6A1,0.027801541,0.498105977,NS
ENSG00000142166,IFNAR1,0.041455293,0.312818557,NS
ENSG00000142168,SOD1,-0.054214943,0.207252377,NS
ENSG00000142173,COL6A2,-0.008921718,0.88516258,NS
ENSG00000142178,SIK1,0.00490328,NA,NS
ENSG00000142185,TRPM2,-0.002872017,0.962191734,NS
ENSG00000142186,SCYL1,-0.025771852,0.539967165,NS
ENSG00000142188,TMEM50B,0.125598084,0.000462682,NS
ENSG00000142192,APP,0.023111525,0.515607694,NS
ENSG00000142197,DOP1B,0.146287369,0.000275573,NS
ENSG00000142207,URB1,0.100941301,0.016045893,NS
ENSG00000142208,AKT1,-0.044603586,0.223555955,NS
ENSG00000142227,EMP3,0.00020879,NA,NS
ENSG00000142230,SAE1,-0.050250689,0.140944713,NS
ENSG00000142235,LMTK3,-0.003960521,0.951622243,NS
ENSG00000142252,GEMIN7,0.020743745,0.703807025,NS
ENSG00000142273,CBLC,0.006067291,NA,NS
ENSG00000142279,WTIP,-0.010095273,NA,NS
ENSG00000142319,SLC6A3,0.001895633,NA,NS
ENSG00000142327,RNPEPL1,0.016563397,0.753406747,NS
ENSG00000142330,CAPN10,-0.017313098,0.758722751,NS
ENSG00000142347,MYO1F,-0.007467905,NA,NS
ENSG00000142396,ERVK3-1,-0.037378474,0.379480177,NS
ENSG00000142409,ZNF787,-0.035862431,0.45621334,NS
ENSG00000142444,TIMM29,-0.024681483,0.641363428,NS
ENSG00000142453,CARM1,-0.054616722,0.180216917,NS
ENSG00000142459,EVI5L,-0.014063874,0.802813296,NS
ENSG00000142494,SLC47A1,-0.003106241,NA,NS
ENSG00000142507,PSMB6,-0.065146733,0.115608526,NS
ENSG00000142515,KLK3,-0.085517328,0.011740819,NS
ENSG00000142528,ZNF473,0.037358124,0.444494281,NS
ENSG00000142530,GARIN5A,-0.004761537,NA,NS
ENSG00000142534,RPS11,-0.057466995,0.177954742,NS
ENSG00000142541,RPL13A,-0.052488263,0.213764824,NS
ENSG00000142544,CTU1,-0.081545107,0.078904936,NS
ENSG00000142546,NOSIP,-0.086579626,0.046149407,NS
ENSG00000142552,RCN3,-0.003164273,0.962107072,NS
ENSG00000142556,ZNF614,0.042672907,0.36730319,NS
ENSG00000142599,RERE,-0.002904383,0.965213261,NS
ENSG00000142606,MMEL1,-0.034791878,NA,NS
ENSG00000142621,FHAD1,-0.001287592,NA,NS
ENSG00000142627,EPHA2,0.044449672,0.350876622,NS
ENSG00000142632,ARHGEF19,0.001977211,0.975282139,NS
ENSG00000142634,EFHD2,0.003335159,0.959021336,NS
ENSG00000142655,PEX14,-0.02205985,0.68435029,NS
ENSG00000142657,PGD,0.007472627,0.880161219,NS
ENSG00000142669,SH3BGRL3,-0.040221708,0.405371256,NS
ENSG00000142675,CNKSR1,0.024951426,NA,NS
ENSG00000142676,RPL11,-0.012735447,0.817264059,NS
ENSG00000142677,IL22RA1,-0.005319463,NA,NS
ENSG00000142684,ZNF593,-0.024093104,0.640335268,NS
ENSG00000142686,C1orf216,0.059352239,0.17153495,NS
ENSG00000142687,KIAA0319L,-0.014088284,0.785203653,NS
ENSG00000142694,EVA1B,0.005978624,NA,NS
ENSG00000142731,PLK4,0.013887047,0.815644325,NS
ENSG00000142733,MAP3K6,-0.041784279,0.376073967,NS
ENSG00000142751,GPN2,-0.029358371,0.557551039,NS
ENSG00000142765,SYTL1,0.022870696,0.66794846,NS
ENSG00000142784,WDTC1,0.028176646,0.523749071,NS
ENSG00000142794,NBPF3,0.002996757,NA,NS
ENSG00000142798,HSPG2,0.156583657,0.003347273,NS
ENSG00000142856,ITGB3BP,-0.00521729,0.938521633,NS
ENSG00000142864,SERBP1,0.006119318,0.902764032,NS
ENSG00000142867,BCL10,-0.029905867,0.547254301,NS
ENSG00000142871,CCN1,-0.09151258,0.051189007,NS
ENSG00000142875,PRKACB,0.053324641,0.140810163,NS
ENSG00000142892,PIGK,-0.005469524,0.926634451,NS
ENSG00000142910,TINAGL1,0.020790437,NA,NS
ENSG00000142920,AZIN2,0.000215802,NA,NS
ENSG00000142937,RPS8,-0.080225434,0.038279621,NS
ENSG00000142945,KIF2C,-0.12353601,0.000198039,NS
ENSG00000142949,PTPRF,0.04862156,0.15941247,NS
ENSG00000142961,MOB3C,-0.013687428,NA,NS
ENSG00000142973,CYP4B1,0.012040748,NA,NS
ENSG00000143013,LMO4,-0.104449143,0.009204864,NS
ENSG00000143033,MTF2,0.042221112,0.362161841,NS
ENSG00000143036,SLC44A3,0.016207844,0.755589917,NS
ENSG00000143061,IGSF3,0.024556855,0.643236565,NS
ENSG00000143067,ZNF697,0.009299255,0.88037461,NS
ENSG00000143079,CTTNBP2NL,0.059604474,0.188791657,NS
ENSG00000143093,STRIP1,0.002593841,0.968159844,NS
ENSG00000143106,PSMA5,-0.024079444,0.58637799,NS
ENSG00000143126,CELSR2,0.073788464,0.089793981,NS
ENSG00000143127,ITGA10,4.97E-05,NA,NS
ENSG00000143147,GPR161,0.028020879,0.563933198,NS
ENSG00000143149,ALDH9A1,-0.005531591,0.906856292,NS
ENSG00000143153,ATP1B1,0.032022007,0.396454942,NS
ENSG00000143155,TIPRL,0.009236055,0.861869475,NS
ENSG00000143156,NME7,-0.039040045,0.417429441,NS
ENSG00000143157,POGK,0.055270651,0.169190939,NS
ENSG00000143158,MPC2,-0.09475145,0.007767931,NS
ENSG00000143162,CREG1,0.029326048,0.454264573,NS
ENSG00000143164,DCAF6,0.015494587,0.693432868,NS
ENSG00000143178,TBX19,0.007335494,NA,NS
ENSG00000143179,UCK2,-0.038951612,0.257965166,NS
ENSG00000143183,TMCO1,-0.038348639,0.309284663,NS
ENSG00000143190,POU2F1,-0.016037511,0.780045907,NS
ENSG00000143195,ILDR2,0.062246727,NA,NS
ENSG00000143198,MGST3,-0.019464232,0.716644828,NS
ENSG00000143199,ADCY10,0.011985249,NA,NS
ENSG00000143207,COP1,-0.038910162,0.357364628,NS
ENSG00000143217,NECTIN4,0.017916077,0.750275942,NS
ENSG00000143222,UFC1,-0.047857836,0.242769098,NS
ENSG00000143224,PPOX,0.009125389,0.884220486,NS
ENSG00000143226,FCGR2A,0.006185959,NA,NS
ENSG00000143228,NUF2,-0.045237908,0.277506138,NS
ENSG00000143248,RGS5,0.02072737,NA,NS
ENSG00000143252,SDHC,-0.017387376,0.716644828,NS
ENSG00000143256,PFDN2,-0.060285333,0.143487472,NS
ENSG00000143258,USP21,0.007602082,0.904358383,NS
ENSG00000143294,PRCC,-0.031113682,0.42855437,NS
ENSG00000143303,METTL25B,-0.072725362,0.09416856,NS
ENSG00000143314,MRPL24,-0.070519229,0.068236699,NS
ENSG00000143315,PIGM,-0.003414027,0.953462496,NS
ENSG00000143319,ISG20L2,-0.001575744,0.97749323,NS
ENSG00000143320,CRABP2,-0.00439632,NA,NS
ENSG00000143321,HDGF,-0.021807048,0.517686335,NS
ENSG00000143322,ABL2,0.015893607,0.786298759,NS
ENSG00000143324,XPR1,0.044645867,0.316552918,NS
ENSG00000143333,RGS16,-0.100495673,0.03837114,NS
ENSG00000143337,TOR1AIP1,0.027330192,0.529420554,NS
ENSG00000143344,RGL1,0.013522222,0.813083882,NS
ENSG00000143353,LYPLAL1,-0.037980093,0.374820143,NS
ENSG00000143363,PRUNE1,-0.010877571,0.842237255,NS
ENSG00000143365,RORC,0.061613427,0.181033619,NS
ENSG00000143367,TUFT1,0.012671971,0.816828855,NS
ENSG00000143368,SF3B4,-0.052718002,0.20243237,NS
ENSG00000143369,ECM1,-0.052975625,NA,NS
ENSG00000143373,ZNF687,0.012705179,0.82686355,NS
ENSG00000143374,TARS2,-0.054089489,0.16517091,NS
ENSG00000143375,CGN,0.046041341,0.313078771,NS
ENSG00000143376,SNX27,0.054985823,0.226554836,NS
ENSG00000143379,SETDB1,0.025017989,0.570917749,NS
ENSG00000143382,ADAMTSL4,0.016238384,NA,NS
ENSG00000143384,MCL1,0.04733026,0.190024362,NS
ENSG00000143387,CTSK,0.046591791,NA,NS
ENSG00000143390,RFX5,0.050324905,0.189168202,NS
ENSG00000143393,PI4KB,-0.011452148,0.818983805,NS
ENSG00000143398,PIP5K1A,0.040473634,0.284612538,NS
ENSG00000143401,ANP32E,0.017252127,0.712162257,NS
ENSG00000143409,MINDY1,-0.008989663,NA,NS
ENSG00000143412,ANXA9,0.007935413,NA,NS
ENSG00000143416,SELENBP1,-0.023732369,0.534603947,NS
ENSG00000143418,CERS2,0.027584723,0.403692683,NS
ENSG00000143420,ENSA,-0.053697882,0.099421558,NS
ENSG00000143429,LSP1P4,0.000101223,NA,NS
ENSG00000143434,SEMA6C,-0.009171611,NA,NS
ENSG00000143436,MRPL9,-0.078372085,0.054119362,NS
ENSG00000143437,ARNT,0.017673023,0.747275176,NS
ENSG00000143442,POGZ,0.027282617,0.569404047,NS
ENSG00000143450,OAZ3,-0.034323273,0.480718557,NS
ENSG00000143457,GOLPH3L,0.03888091,0.39379816,NS
ENSG00000143458,GABPB2,0.013142337,0.825765627,NS
ENSG00000143476,DTL,0.108004533,0.005421257,NS
ENSG00000143479,DYRK3,-0.033994613,0.479300091,NS
ENSG00000143486,EIF2D,0.015436669,0.762460782,NS
ENSG00000143493,INTS7,-0.008253683,0.884220486,NS
ENSG00000143494,VASH2,0.072100625,0.110629373,NS
ENSG00000143498,TAF1A,-0.049737917,0.292694221,NS
ENSG00000143499,SMYD2,-0.027870073,0.575602486,NS
ENSG00000143502,SUSD4,0.020700485,NA,NS
ENSG00000143507,DUSP10,-0.008776194,0.886350154,NS
ENSG00000143512,HHIPL2,-0.003192622,NA,NS
ENSG00000143514,TP53BP2,0.091397614,0.017590657,NS
ENSG00000143515,ATP8B2,0.099478992,0.034202932,NS
ENSG00000143537,ADAM15,-0.056105337,0.121287645,NS
ENSG00000143543,JTB,-5.32E-05,0.999611317,NS
ENSG00000143545,RAB13,-0.096230002,0.01284649,NS
ENSG00000143549,TPM3,-0.016189164,0.651361039,NS
ENSG00000143553,SNAPIN,-0.075410932,0.067375158,NS
ENSG00000143554,SLC27A3,0.022104916,NA,NS
ENSG00000143569,UBAP2L,0.085350396,0.004226054,NS
ENSG00000143570,SLC39A1,0.010290246,0.833847229,NS
ENSG00000143575,HAX1,-0.057272949,0.119892252,NS
ENSG00000143578,CREB3L4,-0.182048715,5.13E-06,NS
ENSG00000143590,EFNA3,0.084488762,0.056964966,NS
ENSG00000143603,KCNN3,0.004831716,NA,NS
ENSG00000143612,C1orf43,0.017035765,0.711676307,NS
ENSG00000143614,GATAD2B,-0.016979797,0.759084846,NS
ENSG00000143621,ILF2,-0.050243297,0.144639339,NS
ENSG00000143622,RIT1,0.116182324,0.007522483,NS
ENSG00000143624,INTS3,0.020655795,0.665538828,NS
ENSG00000143630,HCN3,0.025631174,NA,NS
ENSG00000143633,C1orf131,-0.008244952,0.892280819,NS
ENSG00000143641,GALNT2,0.00955061,0.840964088,NS
ENSG00000143643,TTC13,0.051806796,0.250375396,NS
ENSG00000143653,SCCPDH,-0.030944855,0.537975153,NS
ENSG00000143669,LYST,0.168178726,0.004454479,NS
ENSG00000143674,MAP3K21,0.025394824,0.629367628,NS
ENSG00000143702,CEP170,0.118043102,0.006157455,NS
ENSG00000143727,ACP1,-0.037101139,0.368944384,NS
ENSG00000143740,SNAP47,0.013925476,0.776951971,NS
ENSG00000143742,SRP9,0.002003912,0.967651692,NS
ENSG00000143748,NVL,-0.005238041,0.919208355,NS
ENSG00000143751,SDE2,0.018690339,0.685627632,NS
ENSG00000143753,DEGS1,0.029986136,0.351328475,NS
ENSG00000143756,FBXO28,0.107554148,0.000653475,NS
ENSG00000143761,ARF1,-0.039590255,0.275151586,NS
ENSG00000143771,CNIH4,-0.007842389,0.893635033,NS
ENSG00000143772,ITPKB,0.019217066,0.702089321,NS
ENSG00000143774,GUK1,-0.063583424,0.128773695,NS
ENSG00000143776,CDC42BPA,0.02438939,0.632943246,NS
ENSG00000143786,CNIH3,0.008121645,NA,NS
ENSG00000143793,C1orf35,-0.134684554,0.001037247,NS
ENSG00000143797,MBOAT2,-0.064182632,0.063474144,NS
ENSG00000143799,PARP1,-0.017840061,0.633689126,NS
ENSG00000143801,PSEN2,0.006656693,0.912161205,NS
ENSG00000143811,PYCR2,-0.074586007,0.035924583,NS
ENSG00000143815,LBR,-0.002581064,0.961238399,NS
ENSG00000143816,WNT9A,0.035073107,NA,NS
ENSG00000143819,EPHX1,-0.023541792,0.582503829,NS
ENSG00000143839,REN,0.005691437,NA,NS
ENSG00000143842,SOX13,0.00463002,0.944157419,NS
ENSG00000143845,ETNK2,-0.013731205,NA,NS
ENSG00000143847,PPFIA4,0.009110818,NA,NS
ENSG00000143850,PLEKHA6,0.053110654,0.259293467,NS
ENSG00000143858,SYT2,-0.002513244,NA,NS
ENSG00000143862,ARL8A,-0.00349898,0.955496854,NS
ENSG00000143870,PDIA6,0.011782049,0.807672463,NS
ENSG00000143878,RHOB,-0.020885165,0.636643673,NS
ENSG00000143882,ATP6V1C2,-0.019125965,NA,NS
ENSG00000143889,HNRNPLL,-0.004606351,0.942849873,NS
ENSG00000143919,CAMKMT,-0.020410492,NA,NS
ENSG00000143924,EML4,0.08790066,0.040777392,NS
ENSG00000143933,CALM2,-0.058630025,0.086940822,NS
ENSG00000143942,CHAC2,0.023981293,0.654264068,NS
ENSG00000143947,RPS27A,-0.032212233,0.498095132,NS
ENSG00000143951,WDPCP,0.011736035,NA,NS
ENSG00000143952,VPS54,0.026007291,0.62086037,NS
ENSG00000143970,ASXL2,0.110975587,0.015690249,NS
ENSG00000143971,ETAA1,0.033196468,0.503862213,NS
ENSG00000143977,SNRPG,-0.054130425,0.229853073,NS
ENSG00000143994,ABHD1,0.006287658,NA,NS
ENSG00000143995,MEIS1,-0.098204035,0.038356442,NS
ENSG00000144021,CIAO1,0.012081734,0.802129123,NS
ENSG00000144026,ZNF514,0.01162322,0.840288598,NS
ENSG00000144028,SNRNP200,0.059354346,0.129638273,NS
ENSG00000144029,MRPS5,-0.050759615,0.216095435,NS
ENSG00000144034,TPRKB,-0.019743152,0.722726154,NS
ENSG00000144036,EXOC6B,0.04813287,0.310842644,NS
ENSG00000144040,SFXN5,-0.007828309,0.90224423,NS
ENSG00000144043,TEX261,0.000556481,0.993139644,NS
ENSG00000144045,DQX1,-0.0118064,NA,NS
ENSG00000144048,DUSP11,0.020800302,0.703678482,NS
ENSG00000144061,NPHP1,-0.020761887,0.686241884,NS
ENSG00000144063,MALL,-0.007667237,0.896711072,NS
ENSG00000144115,THNSL2,0.009497748,0.873056548,NS
ENSG00000144118,RALB,0.0448985,0.329907473,NS
ENSG00000144120,TMEM177,-0.017542343,0.757212868,NS
ENSG00000144134,RABL2A,-0.02248293,0.64846193,NS
ENSG00000144136,SLC20A1,0.045497311,0.247145525,NS
ENSG00000144152,FBLN7,-0.007970459,NA,NS
ENSG00000144158,SNRPA1P1,-9.37E-05,NA,NS
ENSG00000144161,ZC3H8,-0.037499968,0.445242958,NS
ENSG00000144182,LIPT1,0.011838178,0.838838268,NS
ENSG00000144199,FAHD2B,-0.007662965,0.895975479,NS
ENSG00000144218,AFF3,-0.075722386,0.099770991,NS
ENSG00000144224,UBXN4,0.040961517,0.288870889,NS
ENSG00000144228,SPOPL,0.038639075,0.400478175,NS
ENSG00000144231,POLR2D,0.010161696,0.855104959,NS
ENSG00000144233,AMMECR1L,0.047620557,0.313078771,NS
ENSG00000144283,PKP4,0.033547497,0.423154797,NS
ENSG00000144290,SLC4A10,0.012335601,NA,NS
ENSG00000144306,SCRN3,0.038646783,0.405371256,NS
ENSG00000144320,LNPK,0.021074172,0.687723719,NS
ENSG00000144331,ZNF385B,-0.051752726,0.231027767,NS
ENSG00000144339,TMEFF2,0.241970338,3.60E-08,NS
ENSG00000144354,CDCA7,0.050604834,0.262937359,NS
ENSG00000144355,DLX1,-0.005727541,NA,NS
ENSG00000144357,UBR3,0.0428318,0.364090905,NS
ENSG00000144362,PHOSPHO2,0.00784539,0.90224423,NS
ENSG00000144366,GULP1,0.172075437,7.84E-08,NS
ENSG00000144381,HSPD1,0.025332645,0.427194511,NS
ENSG00000144395,CCDC150,0.033073146,NA,NS
ENSG00000144401,METTL21A,-0.030739785,0.526093803,NS
ENSG00000144406,UNC80,-0.004851464,NA,NS
ENSG00000144426,NBEAL1,0.057421164,0.215437804,NS
ENSG00000144445,KANSL1L,-0.049877313,0.290362938,NS
ENSG00000144452,ABCA12,0.117350349,NA,NS
ENSG00000144455,SUMF1,0.040145817,0.387563749,NS
ENSG00000144468,RHBDD1,0.011858029,0.843426536,NS
ENSG00000144476,ACKR3,0.067315849,0.094940161,NS
ENSG00000144481,TRPM8,-0.045794142,0.336680911,NS
ENSG00000144485,HES6,-0.029226887,0.557551039,NS
ENSG00000144504,ANKMY1,-0.007875971,0.895975479,NS
ENSG00000144524,COPS7B,-0.030442634,0.506120332,NS
ENSG00000144535,DIS3L2,-0.001204494,0.98617214,NS
ENSG00000144554,FANCD2,-0.011698847,0.830902387,NS
ENSG00000144559,TAMM41,0.01364648,0.819423207,NS
ENSG00000144560,VGLL4,-0.001672955,0.975569973,NS
ENSG00000144566,RAB5A,0.045498627,0.265725669,NS
ENSG00000144567,RETREG2,0.036417339,0.405371256,NS
ENSG00000144579,CTDSP1,-0.055742414,0.126225971,NS
ENSG00000144580,CNOT9,-0.003069171,0.955195089,NS
ENSG00000144589,STK11IP,-0.021301978,0.683954391,NS
ENSG00000144591,GMPPA,-0.066911906,0.13608673,NS
ENSG00000144597,EAF1,0.033075658,0.467030698,NS
ENSG00000144619,CNTN4,0.040897492,0.384239385,NS
ENSG00000144635,DYNC1LI1,-0.021297408,0.631273418,NS
ENSG00000144645,OSBPL10,-0.004779643,0.943676564,NS
ENSG00000144647,POMGNT2,0.010782625,0.858266736,NS
ENSG00000144648,ACKR2,0.000527562,NA,NS
ENSG00000144649,GASK1A,0.004157448,NA,NS
ENSG00000144655,CSRNP1,0.048296728,0.299271926,NS
ENSG00000144659,SLC25A38,0.00808636,0.880756893,NS
ENSG00000144674,GOLGA4,0.041328501,0.375242569,NS
ENSG00000144677,CTDSPL,-0.001792657,0.975846596,NS
ENSG00000144711,IQSEC1,0.050015347,0.262269002,NS
ENSG00000144713,RPL32,-0.067245519,0.10761743,NS
ENSG00000144724,PTPRG,0.095340678,0.037342892,NS
ENSG00000144730,IL17RD,0.037724122,0.411241738,NS
ENSG00000144736,SHQ1,0.019856898,0.710709658,NS
ENSG00000144741,SLC25A26,0.036895127,0.453087299,NS
ENSG00000144744,UBA3,0.049664465,0.194829335,NS
ENSG00000144746,ARL6IP5,0.04843557,0.205031195,NS
ENSG00000144747,TMF1,0.045125373,0.325726527,NS
ENSG00000144749,LRIG1,-0.010585981,0.857188023,NS
ENSG00000144785,NA,-0.027872339,0.222701456,NS
ENSG00000144791,LIMD1,0.018833614,0.703778223,NS
ENSG00000144802,NFKBIZ,0.024136245,NA,NS
ENSG00000144815,NXPE3,0.033546709,0.464697354,NS
ENSG00000144821,MYH15,-0.009552968,NA,NS
ENSG00000144824,PHLDB2,0.003103187,NA,NS
ENSG00000144827,ABHD10,0.001025857,0.986032435,NS
ENSG00000144837,PLA1A,0.040756483,NA,NS
ENSG00000144840,RABL3,0.087367303,0.025058509,NS
ENSG00000144848,ATG3,0.003698666,0.952024718,NS
ENSG00000144857,BOC,-0.005874152,NA,NS
ENSG00000144867,SRPRB,-0.05404015,0.111357574,NS
ENSG00000144893,MED12L,0.019277526,NA,NS
ENSG00000144895,EIF2A,0.017413975,0.68182096,NS
ENSG00000144908,ALDH1L1,0.004684503,NA,NS
ENSG00000144909,OSBPL11,0.03709383,0.44614827,NS
ENSG00000144935,TRPC1,0.002253602,NA,NS
ENSG00000144959,NCEH1,-0.013802132,0.815381504,NS
ENSG00000145002,FAM86B2,-0.035193731,NA,NS
ENSG00000145012,LPP,0.072680361,0.105358003,NS
ENSG00000145014,TMEM44,-0.006693563,NA,NS
ENSG00000145016,RUBCN,0.056014943,0.221182031,NS
ENSG00000145020,AMT,0.001400757,NA,NS
ENSG00000145022,TCTA,0.001266144,0.983577074,NS
ENSG00000145029,NICN1,-0.026228819,NA,NS
ENSG00000145041,DCAF1,0.057654067,0.157287745,NS
ENSG00000145050,MANF,-0.079345721,0.034936353,NS
ENSG00000145087,STXBP5L,0.093804625,0.022803445,NS
ENSG00000145088,EAF2,-0.116177354,0.006856697,NS
ENSG00000145113,MUC4,-0.001264136,NA,NS
ENSG00000145191,EIF2B5,0.005710552,0.917725601,NS
ENSG00000145192,AHSG,-0.001929026,NA,NS
ENSG00000145214,DGKQ,-5.67E-05,0.999611317,NS
ENSG00000145216,FIP1L1,0.002287069,0.969608975,NS
ENSG00000145217,SLC26A1,0.003903774,0.953008401,NS
ENSG00000145220,LYAR,-0.023832605,0.628583235,NS
ENSG00000145241,CENPC,0.055344521,0.235970542,NS
ENSG00000145242,EPHA5,0.017149646,NA,NS
ENSG00000145246,ATP10D,0.015797213,NA,NS
ENSG00000145247,OCIAD2,-0.022522269,0.676502226,NS
ENSG00000145284,SCD5,-0.013537856,0.819894565,NS
ENSG00000145287,PLAC8,-0.00709181,NA,NS
ENSG00000145293,ENOPH1,-0.010654032,0.826393179,NS
ENSG00000145331,TRMT10A,-0.007733268,0.902764032,NS
ENSG00000145332,KLHL8,0.040280416,0.387563749,NS
ENSG00000145337,PYURF,-0.012001234,0.820525027,NS
ENSG00000145348,TBCK,0.02809588,0.576961984,NS
ENSG00000145349,CAMK2D,0.361578078,5.82E-13,NS
ENSG00000145354,CISD2,0.007648439,0.894378796,NS
ENSG00000145365,TIFA,0.010842112,0.848321486,NS
ENSG00000145375,AFG2A,0.000841261,0.990692457,NS
ENSG00000145386,CCNA2,-0.056338418,0.141524623,NS
ENSG00000145388,METTL14,-0.003106225,0.962868288,NS
ENSG00000145390,USP53,0.029385421,0.564321722,NS
ENSG00000145391,SETD7,0.09302443,0.012497473,NS
ENSG00000145414,NAF1,-0.011571697,0.849418607,NS
ENSG00000145416,MARCHF1,-0.000102224,NA,NS
ENSG00000145425,RPS3A,-0.051042441,0.227450003,NS
ENSG00000145439,CBR4,-0.020865472,0.698090093,NS
ENSG00000145476,CYP4V2,0.068445333,0.11699274,NS
ENSG00000145491,ROPN1L,-0.015498919,NA,NS
ENSG00000145494,NDUFS6,-0.0999831,0.023728131,NS
ENSG00000145495,MARCHF6,0.069715994,0.076080366,NS
ENSG00000145506,NKD2,0.00028796,NA,NS
ENSG00000145545,SRD5A1,0.096230454,0.01284649,NS
ENSG00000145555,MYO10,0.074535402,0.084769938,NS
ENSG00000145569,OTULINL,-0.13632811,0.00097592,NS
ENSG00000145592,RPL37,-0.079429273,0.054794019,NS
ENSG00000145604,SKP2,0.011475578,0.839485797,NS
ENSG00000145623,OSMR,0.020699892,0.680865402,NS
ENSG00000145632,PLK2,-0.123901856,0.002662936,NS
ENSG00000145675,PIK3R1,0.064398502,0.120661802,NS
ENSG00000145685,LHFPL2,0.100338521,0.02179724,NS
ENSG00000145687,SSBP2,0.070338748,0.117343025,NS
ENSG00000145700,ANKRD31,-0.00841191,NA,NS
ENSG00000145703,IQGAP2,0.055317667,0.208011056,NS
ENSG00000145715,RASA1,0.036295221,0.397891205,NS
ENSG00000145723,GIN1,0.004657844,0.944678543,NS
ENSG00000145725,PPIP5K2,0.064663287,0.154852908,NS
ENSG00000145730,PAM,0.010526922,NA,NS
ENSG00000145734,BDP1,0.031685186,0.510056791,NS
ENSG00000145736,GTF2H2,-0.000203675,0.997791987,NS
ENSG00000145740,SLC30A5,0.018778196,0.688455935,NS
ENSG00000145741,BTF3,-0.021008273,0.651770866,NS
ENSG00000145743,FBXL17,0.051276391,0.190374341,NS
ENSG00000145779,TNFAIP8,-0.06902465,0.089486931,NS
ENSG00000145780,FEM1C,0.092943491,0.028527019,NS
ENSG00000145781,COMMD10,0.007895723,0.898737782,NS
ENSG00000145782,ATG12,0.014636402,0.791755486,NS
ENSG00000145817,YIPF5,-0.013488627,0.805572844,NS
ENSG00000145819,ARHGAP26,-0.005255041,0.938322458,NS
ENSG00000145832,SLC25A48,0.010468186,NA,NS
ENSG00000145833,DDX46,-0.044381199,0.243656813,NS
ENSG00000145860,RNF145,0.079331772,0.035372347,NS
ENSG00000145868,FBXO38,-0.028276148,0.519004248,NS
ENSG00000145882,PCYOX1L,0.039044569,0.367666212,NS
ENSG00000145901,TNIP1,0.011868072,0.833429831,NS
ENSG00000145907,G3BP1,0.042210044,0.26727921,NS
ENSG00000145908,ZNF300,-0.027195769,0.599437735,NS
ENSG00000145911,N4BP3,0.011019602,NA,NS
ENSG00000145912,NHP2,-0.043981715,0.311028449,NS
ENSG00000145916,RMND5B,-0.025641791,0.589194967,NS
ENSG00000145919,BOD1,-0.001241471,0.98523071,NS
ENSG00000145934,TENM2,0.011673952,NA,NS
ENSG00000145945,FAM50B,-0.019116835,NA,NS
ENSG00000145979,TBC1D7,-0.044664016,0.349891979,NS
ENSG00000145982,FARS2,-0.025000912,0.636684067,NS
ENSG00000145990,GFOD1,0.010407165,0.862046662,NS
ENSG00000145996,CDKAL1,-0.015543852,0.789214828,NS
ENSG00000146007,ZMAT2,-0.044314791,0.277506138,NS
ENSG00000146021,KLHL3,-0.003246257,NA,NS
ENSG00000146054,TRIM7,-0.000260559,NA,NS
ENSG00000146063,TRIM41,-0.029175769,0.527427046,NS
ENSG00000146066,HIGD2A,-0.070628127,0.067083975,NS
ENSG00000146067,FAM193B,0.016687145,0.773284436,NS
ENSG00000146070,PLA2G7,0.00089382,0.989513056,NS
ENSG00000146072,TNFRSF21,-0.011997466,0.840964088,NS
ENSG00000146083,RNF44,-0.012708526,0.815644325,NS
ENSG00000146085,MMUT,0.058720489,0.183277584,NS
ENSG00000146090,RASGEF1C,0.004617064,NA,NS
ENSG00000146094,DOK3,-0.006051804,NA,NS
ENSG00000146109,ABT1,-0.038130999,0.423795795,NS
ENSG00000146112,PPP1R18,-0.021374925,NA,NS
ENSG00000146143,PRIM2,-0.025813642,0.5982829,NS
ENSG00000146197,SCUBE3,0.001180882,NA,NS
ENSG00000146205,ANO7,0.032600895,NA,NS
ENSG00000146223,RPL7L1,0.049730214,0.104879698,NS
ENSG00000146232,NFKBIE,-0.045804171,NA,NS
ENSG00000146233,CYP39A1,-0.058179794,0.193913995,NS
ENSG00000146242,TPBG,-0.007707617,NA,NS
ENSG00000146247,PHIP,0.045027244,0.328653802,NS
ENSG00000146263,MMS22L,0.021579129,0.688188892,NS
ENSG00000146267,FAXC,0.017321334,0.755328494,NS
ENSG00000146278,PNRC1,-0.012037784,0.841294422,NS
ENSG00000146282,RARS2,-0.014828093,0.798119276,NS
ENSG00000146350,TBC1D32,-0.0100878,NA,NS
ENSG00000146373,RNF217,0.012652302,NA,NS
ENSG00000146376,ARHGAP18,0.046249031,0.320100527,NS
ENSG00000146386,ABRACL,0.032697299,0.509666623,NS
ENSG00000146409,SLC18B1,0.005741859,NA,NS
ENSG00000146410,MTFR2,-0.01513132,0.796489342,NS
ENSG00000146411,SLC2A12,0.056245024,NA,NS
ENSG00000146414,SHPRH,0.04527347,0.33845984,NS
ENSG00000146416,AIG1,0.007644323,0.893618594,NS
ENSG00000146425,DYNLT1,-0.055170908,0.208815406,NS
ENSG00000146426,TIAM2,-0.011232127,NA,NS
ENSG00000146433,TMEM181,0.119916222,0.005656397,NS
ENSG00000146457,WTAP,0.002665155,0.95751159,NS
ENSG00000146463,ZMYM4,0.074949073,0.072465035,NS
ENSG00000146476,ARMT1,0.046577322,0.283853884,NS
ENSG00000146477,SLC22A3,0.03282743,0.498903884,NS
ENSG00000146530,VWDE,0.009841521,0.861184008,NS
ENSG00000146535,GNA12,-0.010562044,0.829635911,NS
ENSG00000146540,C7orf50,-0.111310188,0.001293271,NS
ENSG00000146555,SDK1,-0.068380568,0.136792379,NS
ENSG00000146574,CCZ1B,-0.021245288,0.656922068,NS
ENSG00000146576,INTS15,0.013805554,0.810935422,NS
ENSG00000146587,RBAK,0.034417256,0.486373532,NS
ENSG00000146648,EGFR,0.093515313,0.023614751,NS
ENSG00000146670,CDCA5,-0.074317656,0.028196192,NS
ENSG00000146674,IGFBP3,-0.008475046,0.861069055,NS
ENSG00000146676,PURB,0.05418147,0.208897873,NS
ENSG00000146677,RPL32P18,-0.011750684,NA,NS
ENSG00000146700,SSC4D,-0.039509575,NA,NS
ENSG00000146701,MDH2,-0.057163649,0.133480033,NS
ENSG00000146707,POMZP3,-0.039258544,0.419422966,NS
ENSG00000146729,NIPSNAP2,-0.009245535,0.865777781,NS
ENSG00000146731,CCT6A,0.023472048,0.483959887,NS
ENSG00000146733,PSPH,-0.07428847,0.040846363,NS
ENSG00000146757,ZNF92,0.007664323,0.904487849,NS
ENSG00000146776,ATXN7L1,0.018189628,0.715327122,NS
ENSG00000146802,TMEM168,0.057999542,0.151641659,NS
ENSG00000146826,TRAPPC14,-0.05800063,0.212533483,NS
ENSG00000146828,SLC12A9,-0.052947256,0.239558662,NS
ENSG00000146830,GIGYF1,0.0024431,0.96840651,NS
ENSG00000146833,TRIM4,0.041703722,0.372652437,NS
ENSG00000146834,MEPCE,-0.062868074,0.104525475,NS
ENSG00000146842,TMEM209,0.021261164,0.67777643,NS
ENSG00000146856,AGBL3,0.025233786,NA,NS
ENSG00000146858,ZC3HAV1L,0.009510749,0.858328806,NS
ENSG00000146859,TMEM140,0.053405169,NA,NS
ENSG00000146872,TLK2,0.015163501,0.782395841,NS
ENSG00000146904,EPHA1,0.014058588,0.807700403,NS
ENSG00000146909,NOM1,-0.004393449,0.948675007,NS
ENSG00000146918,NCAPG2,-0.034154062,0.425901041,NS
ENSG00000146938,NLGN4X,0.089808729,0.029346109,NS
ENSG00000146950,SHROOM2,0.034654051,0.461479014,NS
ENSG00000146955,RAB19,0.03147325,NA,NS
ENSG00000146963,LUC7L2,0.023336795,0.609843551,NS
ENSG00000147003,CLTRN,0.041251325,NA,NS
ENSG00000147010,SH3KBP1,-0.019508004,0.722426367,NS
ENSG00000147027,TMEM47,0.024250995,0.639605802,NS
ENSG00000147041,SYTL5,-0.009220687,NA,NS
ENSG00000147044,CASK,0.052288215,0.25912722,NS
ENSG00000147050,KDM6A,0.100594109,0.007742225,NS
ENSG00000147059,SPIN2A,0.000528582,NA,NS
ENSG00000147065,MSN,0.010850164,0.843426536,NS
ENSG00000147082,CCNB3,0.019201261,NA,NS
ENSG00000147099,HDAC8,-0.012273257,0.827878384,NS
ENSG00000147100,SLC16A2,0.01616015,0.761254143,NS
ENSG00000147118,ZNF182,-0.012981311,NA,NS
ENSG00000147119,CHST7,-0.012583637,NA,NS
ENSG00000147121,KRBOX4,-0.003431922,0.956817508,NS
ENSG00000147123,NDUFB11,-0.084339697,0.047567677,NS
ENSG00000147124,ZNF41,0.055899457,0.23216085,NS
ENSG00000147130,ZMYM3,0.004276609,0.948675007,NS
ENSG00000147133,TAF1,0.071733887,0.110629373,NS
ENSG00000147140,NONO,-0.013031718,0.729734737,NS
ENSG00000147144,CCDC120,0.016994662,0.764161839,NS
ENSG00000147155,EBP,-0.037434305,0.390371354,NS
ENSG00000147162,OGT,0.072275445,0.106318213,NS
ENSG00000147164,SNX12,0.058103629,0.123035298,NS
ENSG00000147166,ITGB1BP2,0.005290602,NA,NS
ENSG00000147174,GCNA,0.008418592,NA,NS
ENSG00000147180,ZNF711,-0.013116147,NA,NS
ENSG00000147202,DIAPH2,0.057912159,0.206718924,NS
ENSG00000147224,PRPS1,-0.036619718,0.322794031,NS
ENSG00000147231,RADX,0.012059876,NA,NS
ENSG00000147234,FRMPD3,0.003700909,NA,NS
ENSG00000147246,HTR2C,0.020757377,NA,NS
ENSG00000147251,DOCK11,0.002361946,NA,NS
ENSG00000147255,IGSF1,-0.00410936,NA,NS
ENSG00000147257,GPC3,0.017312286,NA,NS
ENSG00000147274,RBMX,-0.004957964,0.926634451,NS
ENSG00000147316,MCPH1,0.0489158,0.27025225,NS
ENSG00000147324,MFHAS1,0.065217911,0.089781799,NS
ENSG00000147364,FBXO25,0.051255332,0.202309902,NS
ENSG00000147381,MAGEA4,-1.86E-05,NA,NS
ENSG00000147383,NSDHL,-0.001110905,0.986610508,NS
ENSG00000147394,ZNF185,0.014383828,NA,NS
ENSG00000147400,CETN2,-0.029498547,0.526567639,NS
ENSG00000147403,RPL10,-0.047640782,0.229319934,NS
ENSG00000147408,CSGALNACT1,-0.050488786,NA,NS
ENSG00000147416,ATP6V1B2,0.056205292,0.113552892,NS
ENSG00000147419,CCDC25,4.00E-05,0.999673256,NS
ENSG00000147421,HMBOX1,0.049748638,0.26886386,NS
ENSG00000147439,BIN3,-0.054519255,0.244427953,NS
ENSG00000147454,SLC25A37,0.055235404,0.223092167,NS
ENSG00000147457,CHMP7,-0.031062789,0.457434274,NS
ENSG00000147459,DOCK5,0.043881465,0.355194968,NS
ENSG00000147471,PLPBP,0.013574157,0.81925908,NS
ENSG00000147475,ERLIN2,0.031527111,0.449981298,NS
ENSG00000147485,PXDNL,0.020629104,NA,NS
ENSG00000147526,TACC1,0.053417221,0.211085931,NS
ENSG00000147533,GOLGA7,0.093651439,0.011750757,NS
ENSG00000147535,PLPP5,-0.022726982,0.636238743,NS
ENSG00000147536,GINS4,-0.048780808,0.285191887,NS
ENSG00000147548,NSD3,0.075106958,0.085723252,NS
ENSG00000147586,MRPS28,-0.068008416,0.11491835,NS
ENSG00000147592,LACTB2,0.021163851,0.676731087,NS
ENSG00000147601,TERF1,0.001451442,0.98179793,NS
ENSG00000147604,RPL7,-0.00952874,0.85540037,NS
ENSG00000147642,SYBU,0.032054698,0.520362454,NS
ENSG00000147649,MTDH,-0.010501701,0.840964088,NS
ENSG00000147650,LRP12,0.045328218,0.34190023,NS
ENSG00000147654,EBAG9,-0.007224263,0.911088904,NS
ENSG00000147669,POLR2K,-0.022132121,0.654830153,NS
ENSG00000147676,MAL2,0.05252406,0.088903246,NS
ENSG00000147677,EIF3H,0.003729454,0.950609935,NS
ENSG00000147679,UTP23,-0.007818422,0.898052652,NS
ENSG00000147684,NDUFB9,-0.098638623,0.007388556,NS
ENSG00000147687,TATDN1,0.023452256,0.629715395,NS
ENSG00000147689,FAM83A,0.001507425,NA,NS
ENSG00000147789,ZNF7,-0.022422134,0.675992211,NS
ENSG00000147799,ARHGAP39,-0.026859817,0.605815812,NS
ENSG00000147804,SLC39A4,-0.081482474,0.060638834,NS
ENSG00000147813,NAPRT,-0.049910182,0.210379396,NS
ENSG00000147852,VLDLR,-0.030746929,0.541439176,NS
ENSG00000147853,AK3,0.013486645,0.782170172,NS
ENSG00000147854,UHRF2,0.008224517,0.896336673,NS
ENSG00000147862,NFIB,-0.030640811,0.533867948,NS
ENSG00000147874,HAUS6,0.054355913,0.176568692,NS
ENSG00000147883,CDKN2B,-0.008821035,NA,NS
ENSG00000147889,CDKN2A,-0.044039076,0.348857199,NS
ENSG00000147894,C9orf72,0.027325051,0.592599037,NS
ENSG00000147905,ZCCHC7,0.028727377,0.569404047,NS
ENSG00000147912,FBXO10,0.019456335,0.72783001,NS
ENSG00000147955,SIGMAR1,0.007490296,0.881684241,NS
ENSG00000147996,ZNG1E,-0.003008477,0.962191734,NS
ENSG00000148019,CEP78,-0.013044131,0.814288636,NS
ENSG00000148053,NTRK2,-0.003930409,NA,NS
ENSG00000148057,IDNK,-0.031516762,NA,NS
ENSG00000148082,SHC3,0.022286576,NA,NS
ENSG00000148090,AUH,0.025572681,0.628820848,NS
ENSG00000148110,MFSD14B,-0.031634937,0.461116842,NS
ENSG00000148120,AOPEP,-0.024185817,0.651272633,NS
ENSG00000148143,ZNF462,0.013576016,0.819894565,NS
ENSG00000148153,INIP,-0.010030223,0.856405429,NS
ENSG00000148154,UGCG,0.039702543,0.407943404,NS
ENSG00000148158,SNX30,0.148730667,0.004296492,NS
ENSG00000148180,GSN,0.010873735,NA,NS
ENSG00000148187,MRRF,0.024682849,0.599437735,NS
ENSG00000148200,NR6A1,0.000615378,NA,NS
ENSG00000148218,ALAD,-0.012600488,0.819894565,NS
ENSG00000148219,ASTN2,-0.043718231,0.360408472,NS
ENSG00000148225,WDR31,-0.034940885,0.475304477,NS
ENSG00000148229,POLE3,-0.036614097,0.345461427,NS
ENSG00000148248,SURF4,-0.013567943,0.747059476,NS
ENSG00000148290,SURF1,-0.048556863,0.247146365,NS
ENSG00000148291,SURF2,-0.071378302,0.115957155,NS
ENSG00000148296,SURF6,-0.024470902,0.596243961,NS
ENSG00000148297,MED22,-0.019344184,0.694574164,NS
ENSG00000148300,REXO4,-0.016307792,0.73462529,NS
ENSG00000148303,RPL7A,-0.050577247,0.198240292,NS
ENSG00000148308,GTF3C5,-0.052821448,0.172403756,NS
ENSG00000148331,ASB6,0.012403578,0.832951112,NS
ENSG00000148334,PTGES2,-0.071911318,0.064298997,NS
ENSG00000148335,NTMT1,-0.065154016,0.110971273,NS
ENSG00000148337,CIZ1,-0.016458207,0.757212868,NS
ENSG00000148339,SLC25A25,0.01062435,0.848057959,NS
ENSG00000148341,SH3GLB2,-0.003435805,0.955170029,NS
ENSG00000148343,MIGA2,-0.011875639,0.832951112,NS
ENSG00000148356,LRSAM1,0.016905465,0.748962747,NS
ENSG00000148358,GPR107,0.056829701,0.084403072,NS
ENSG00000148362,PAXX,-0.090289828,0.027776468,NS
ENSG00000148384,INPP5E,-0.018693563,0.740082234,NS
ENSG00000148396,SEC16A,0.047879056,0.26574739,NS
ENSG00000148399,DPH7,-0.013079474,0.826619608,NS
ENSG00000148400,NOTCH1,0.061870435,0.125491205,NS
ENSG00000148411,NACC2,0.03079202,0.497497762,NS
ENSG00000148426,PROSER2,-0.074629533,0.09274134,NS
ENSG00000148429,USP6NL,0.024647454,0.643249859,NS
ENSG00000148444,COMMD3,-0.04261717,0.37049044,NS
ENSG00000148450,MSRB2,-0.036295566,0.460668256,NS
ENSG00000148459,PDSS1,-0.035513623,0.458570093,NS
ENSG00000148468,FAM171A1,0.086701196,0.026344274,NS
ENSG00000148481,MINDY3,0.01833215,0.739091597,NS
ENSG00000148484,RSU1,0.034737255,0.437293934,NS
ENSG00000148488,ST8SIA6,-0.015791523,NA,NS
ENSG00000148498,PARD3,-0.002575149,NA,NS
ENSG00000148541,FAM13C,-0.038623323,NA,NS
ENSG00000148572,NRBF2,-0.034590923,0.484435999,NS
ENSG00000148606,POLR3A,0.012362689,0.821497359,NS
ENSG00000148634,HERC4,0.027076897,0.586205085,NS
ENSG00000148660,CAMK2G,-0.004138474,0.948675007,NS
ENSG00000148672,GLUD1,-0.06316044,0.042931992,NS
ENSG00000148680,HTR7,0.013354381,NA,NS
ENSG00000148688,RPP30,-0.06367263,0.150242369,NS
ENSG00000148690,FRA10AC1,0.022221661,0.677303786,NS
ENSG00000148700,ADD3,0.129338276,0.000185742,NS
ENSG00000148704,VAX1,-0.007639211,NA,NS
ENSG00000148719,DNAJB12,-0.02465162,0.61197396,NS
ENSG00000148730,EIF4EBP2,0.029923042,0.489825668,NS
ENSG00000148735,PLEKHS1,-0.019300204,NA,NS
ENSG00000148737,TCF7L2,0.013383988,0.815644325,NS
ENSG00000148773,MKI67,0.057990464,0.176568692,NS
ENSG00000148803,FUOM,-0.017720025,NA,NS
ENSG00000148814,LRRC27,-0.050206231,0.265829559,NS
ENSG00000148824,MTG1,-0.038893743,0.407921691,NS
ENSG00000148832,PAOX,-0.029463061,NA,NS
ENSG00000148834,GSTO1,-0.092039986,0.031290245,NS
ENSG00000148835,TAF5,0.021343699,0.694574164,NS
ENSG00000148840,PPRC1,0.082055449,0.038925946,NS
ENSG00000148841,ITPRIP,-0.099554861,0.038111821,NS
ENSG00000148842,CNNM2,0.024014144,0.64620624,NS
ENSG00000148843,PDCD11,0.06904887,0.083108909,NS
ENSG00000148848,ADAM12,0.003156484,NA,NS
ENSG00000148908,RGS10,0.001226913,0.9860919,NS
ENSG00000148925,BTBD10,0.039376114,0.403344527,NS
ENSG00000148926,ADM,-0.002232562,NA,NS
ENSG00000148935,GAS2,-0.004993458,NA,NS
ENSG00000148943,LIN7C,-0.014460161,0.805572844,NS
ENSG00000148948,LRRC4C,0.002315912,NA,NS
ENSG00000148950,IMMP1L,-0.045691844,0.33790864,NS
ENSG00000148985,PGAP2,-0.043626833,0.333076553,NS
ENSG00000149016,TUT1,-0.035933633,0.417429441,NS
ENSG00000149050,ZNF214,-0.009492543,NA,NS
ENSG00000149054,ZNF215,-0.014017387,0.789302151,NS
ENSG00000149084,HSD17B12,0.014989095,0.789214828,NS
ENSG00000149089,APIP,-0.072339096,0.094263555,NS
ENSG00000149091,DGKZ,-0.073828621,0.063395061,NS
ENSG00000149100,EIF3M,-0.003333245,0.953398052,NS
ENSG00000149115,TNKS1BP1,0.018087318,0.662473416,NS
ENSG00000149136,SSRP1,-0.041163735,0.210282559,NS
ENSG00000149150,SLC43A1,-0.014774257,0.768021171,NS
ENSG00000149177,PTPRJ,0.0938167,0.018053557,NS
ENSG00000149179,CSTPP1,0.002517245,0.968278814,NS
ENSG00000149182,ARFGAP2,-0.020244227,0.679006079,NS
ENSG00000149187,CELF1,0.01269694,0.8231486,NS
ENSG00000149196,HIKESHI,-0.019227422,0.723146151,NS
ENSG00000149201,CCDC81,-0.008556679,NA,NS
ENSG00000149212,SESN3,0.265151587,4.04E-08,NS
ENSG00000149218,ENDOD1,0.031353804,0.411902639,NS
ENSG00000149231,CCDC82,0.030260412,NA,NS
ENSG00000149243,KLHL35,-0.032251643,0.517525629,NS
ENSG00000149257,SERPINH1,0.007620979,NA,NS
ENSG00000149260,CAPN5,0.00206917,0.973169013,NS
ENSG00000149262,INTS4,0.020522801,0.696663412,NS
ENSG00000149269,PAK1,0.024550801,0.639174249,NS
ENSG00000149273,RPS3,-0.036445436,0.393926922,NS
ENSG00000149289,ZC3H12C,0.012594529,NA,NS
ENSG00000149292,TTC12,-0.062989437,0.136408274,NS
ENSG00000149300,C11orf52,-0.026852924,0.575602486,NS
ENSG00000149308,NPAT,0.109710511,0.007422404,NS
ENSG00000149311,ATM,0.07993974,0.081127143,NS
ENSG00000149313,AASDHPPT,0.017686087,0.72489093,NS
ENSG00000149328,GLB1L2,-0.063205957,0.107268191,NS
ENSG00000149346,SLX4IP,-0.020626254,0.706600213,NS
ENSG00000149357,LAMTOR1,0.033916609,0.461479014,NS
ENSG00000149380,P4HA3,0.007311895,NA,NS
ENSG00000149418,ST14,-0.013303983,0.74367934,NS
ENSG00000149428,HYOU1,-0.01033776,0.83103225,NS
ENSG00000149474,KAT14,0.004704952,0.942849873,NS
ENSG00000149476,TKFC,-0.074766585,0.031634481,NS
ENSG00000149480,MTA2,-0.021938641,0.567741696,NS
ENSG00000149483,TMEM138,-0.046567888,0.311688949,NS
ENSG00000149485,FADS1,0.227391502,1.05E-15,NS
ENSG00000149489,ROM1,-0.004002123,NA,NS
ENSG00000149499,EML3,0.012633626,0.830902387,NS
ENSG00000149503,INCENP,-0.08594964,0.011587705,NS
ENSG00000149527,PLCH2,0.008006851,NA,NS
ENSG00000149532,CPSF7,-0.037629826,0.325715875,NS
ENSG00000149541,B3GAT3,-0.013678978,0.807399179,NS
ENSG00000149547,EI24,-0.010292313,0.812996606,NS
ENSG00000149548,CCDC15,-0.016306905,0.777858187,NS
ENSG00000149554,CHEK1,0.015951485,0.76042359,NS
ENSG00000149557,FEZ1,0.015139791,NA,NS
ENSG00000149573,MPZL2,-0.004926046,0.937949059,NS
ENSG00000149577,SIDT2,0.099004625,0.018967138,NS
ENSG00000149582,TMEM25,0.015185654,0.791846846,NS
ENSG00000149591,TAGLN,0.003686857,NA,NS
ENSG00000149599,DUSP15,0.011031171,NA,NS
ENSG00000149600,COMMD7,-0.005115813,0.937681362,NS
ENSG00000149609,C20orf144,0.003651075,NA,NS
ENSG00000149636,DSN1,-0.062099824,0.137404847,NS
ENSG00000149639,MTCL2,0.036758271,0.432702758,NS
ENSG00000149646,CNBD2,-0.004063326,0.951392921,NS
ENSG00000149657,LSM14B,0.007390505,0.895325796,NS
ENSG00000149658,YTHDF1,0.014537611,0.781914996,NS
ENSG00000149679,CABLES2,-6.39E-05,0.999611317,NS
ENSG00000149716,LTO1,0.010300658,0.865777781,NS
ENSG00000149743,TRPT1,-0.063753016,0.156579498,NS
ENSG00000149761,NUDT22,-0.033004952,0.498002053,NS
ENSG00000149781,FERMT3,-0.00222609,NA,NS
ENSG00000149782,PLCB3,-0.027563883,0.588826974,NS
ENSG00000149792,MRPL49,0.02004376,0.63460584,NS
ENSG00000149798,CDC42EP2,-0.033476873,0.479399442,NS
ENSG00000149806,FAU,-0.109965867,0.004859118,NS
ENSG00000149809,TM7SF2,0.297657841,2.11E-14,NS
ENSG00000149823,VPS51,-0.042386772,0.280970966,NS
ENSG00000149922,TBX6,0.004211282,NA,NS
ENSG00000149923,PPP4C,-0.066355539,0.0808016,NS
ENSG00000149925,ALDOA,-0.016782926,0.667418286,NS
ENSG00000149926,TLCD3B,-0.026657875,NA,NS
ENSG00000149927,DOC2A,-0.011190611,NA,NS
ENSG00000149929,HIRIP3,-0.112698605,0.005134859,NS
ENSG00000149930,TAOK2,0.009820186,0.851825614,NS
ENSG00000149932,TMEM219,-0.065691113,0.137251502,NS
ENSG00000149970,CNKSR2,-0.017369059,0.760974802,NS
ENSG00000150048,CLEC1A,0.008414461,NA,NS
ENSG00000150054,MPP7,0.053821567,0.250315088,NS
ENSG00000150093,ITGB1,0.053972647,0.087869062,NS
ENSG00000150175,FRMPD2B,0.013217283,NA,NS
ENSG00000150316,CWC15,-0.032623085,0.454335427,NS
ENSG00000150347,ARID5B,0.088685686,0.030695065,NS
ENSG00000150361,KLHL1,0.134487257,0.000196857,NS
ENSG00000150394,CDH8,0.000516728,NA,NS
ENSG00000150401,DCUN1D2,0.039060096,0.388660074,NS
ENSG00000150403,TMCO3,0.028156261,0.558867941,NS
ENSG00000150433,TMEM218,-0.007736793,0.899527859,NS
ENSG00000150455,TIRAP,-0.012306448,0.837430929,NS
ENSG00000150456,EEF1AKMT1,-0.024902298,0.609843551,NS
ENSG00000150457,LATS2,0.051897724,0.24616513,NS
ENSG00000150459,SAP18,-0.043439524,0.298306069,NS
ENSG00000150477,KIAA1328,0.006335476,0.917452588,NS
ENSG00000150510,FAM124A,-0.006825043,NA,NS
ENSG00000150527,MIA2,-0.028698333,0.560644741,NS
ENSG00000150556,LYPD6B,0.01250232,NA,NS
ENSG00000150593,PDCD4,0.01083017,0.808343951,NS
ENSG00000150594,ADRA2A,-0.003449783,0.950609935,NS
ENSG00000150627,WDR17,0.014879314,NA,NS
ENSG00000150636,CCDC102B,-0.006962095,NA,NS
ENSG00000150667,FSIP1,0.028735957,0.543643309,NS
ENSG00000150672,DLG2,-0.056090792,0.206718924,NS
ENSG00000150676,CCDC83,0.010820966,NA,NS
ENSG00000150687,PRSS23,0.045968715,0.322339889,NS
ENSG00000150712,MTMR12,0.036058444,0.411413842,NS
ENSG00000150753,CCT5,-0.045459695,0.205887414,NS
ENSG00000150756,ATPSCKMT,0.01154612,0.838838268,NS
ENSG00000150760,DOCK1,0.06517697,0.128716208,NS
ENSG00000150764,DIXDC1,0.017090796,NA,NS
ENSG00000150768,DLAT,0.027319271,0.490183925,NS
ENSG00000150773,PIH1D2,-0.007927389,NA,NS
ENSG00000150776,NKAPD1,-8.87E-05,0.999342264,NS
ENSG00000150779,TIMM8B,-0.095792955,0.022380142,NS
ENSG00000150787,PTS,-0.046080648,0.285945793,NS
ENSG00000150867,PIP4K2A,-0.003490965,0.958251088,NS
ENSG00000150907,FOXO1,0.022470458,0.667110261,NS
ENSG00000150938,CRIM1,-0.004190162,NA,NS
ENSG00000150961,SEC24D,0.015811039,0.776540144,NS
ENSG00000150967,ABCB9,-0.003076092,0.962992428,NS
ENSG00000150977,RILPL2,-0.000364965,0.996136782,NS
ENSG00000150990,DHX37,0.015902165,0.765848244,NS
ENSG00000150991,UBC,-0.032748333,0.325456658,NS
ENSG00000150995,ITPR1,0.2614618,5.40E-05,NS
ENSG00000151006,PRSS53,0.014155121,NA,NS
ENSG00000151012,SLC7A11,-0.030494686,0.540175721,NS
ENSG00000151014,NOCT,0.001435349,0.982925817,NS
ENSG00000151023,ENKUR,0.00771272,NA,NS
ENSG00000151025,GPR158,0.110175053,0.006219942,NS
ENSG00000151065,DCP1B,-0.00455789,0.946787918,NS
ENSG00000151090,THRB,0.00813548,0.890887706,NS
ENSG00000151092,NGLY1,-0.018482829,0.720036296,NS
ENSG00000151093,OXSM,-0.022232778,0.668779592,NS
ENSG00000151116,UEVLD,0.025962816,0.615793824,NS
ENSG00000151117,TMEM86A,0.010264243,0.858654785,NS
ENSG00000151131,NOPCHAP1,-0.000914692,0.989703163,NS
ENSG00000151135,TMEM263,0.064974675,0.108782379,NS
ENSG00000151148,UBE3B,0.04730459,0.270591342,NS
ENSG00000151150,ANK3,0.048455483,0.280665858,NS
ENSG00000151151,IPMK,0.048949459,0.302688802,NS
ENSG00000151164,RAD9B,-0.004984001,NA,NS
ENSG00000151176,PLBD2,0.036324175,0.405363428,NS
ENSG00000151208,DLG5,0.068425852,0.084279287,NS
ENSG00000151224,MAT1A,0.053907158,NA,NS
ENSG00000151229,SLC2A13,0.005631012,NA,NS
ENSG00000151233,GXYLT1,0.063047845,0.137471081,NS
ENSG00000151239,TWF1,0.031094199,0.449769868,NS
ENSG00000151240,DIP2C,0.140767461,0.001931636,NS
ENSG00000151247,EIF4E,0.008148321,0.865817944,NS
ENSG00000151276,MAGI1,0.060458638,0.138513452,NS
ENSG00000151287,TEX30,-0.010148454,0.869282955,NS
ENSG00000151292,CSNK1G3,0.063030938,0.129638273,NS
ENSG00000151303,NA,0.02972889,NA,NS
ENSG00000151304,SRFBP1,0.023945887,0.649721098,NS
ENSG00000151320,AKAP6,0.043309647,NA,NS
ENSG00000151327,FAM177A1,-0.002008757,0.969608975,NS
ENSG00000151332,MBIP,-0.034632408,0.483759486,NS
ENSG00000151338,MIPOL1,0.071258909,0.093320267,NS
ENSG00000151348,EXT2,0.032053512,0.45576864,NS
ENSG00000151353,TMEM18,-0.031576528,0.519440815,NS
ENSG00000151365,THRSP,0.027973288,NA,NS
ENSG00000151366,NDUFC2,-0.085274811,0.028527019,NS
ENSG00000151388,ADAMTS12,-0.005865256,NA,NS
ENSG00000151413,NUBPL,0.047084732,0.320359098,NS
ENSG00000151414,NEK7,0.030014846,0.497103149,NS
ENSG00000151422,FER,0.096703358,0.04048102,NS
ENSG00000151445,VIPAS39,0.015033679,0.797093881,NS
ENSG00000151458,ANKRD50,0.070530746,0.124075633,NS
ENSG00000151461,UPF2,0.062359647,0.128773695,NS
ENSG00000151465,CDC123,0.006251023,0.912851367,NS
ENSG00000151466,SCLT1,-0.020684069,0.706107811,NS
ENSG00000151470,C4orf33,-0.016098728,0.780414126,NS
ENSG00000151474,FRMD4A,-0.00059983,NA,NS
ENSG00000151491,EPS8,0.018742531,0.735305352,NS
ENSG00000151498,ACAD8,0.047922776,0.283853884,NS
ENSG00000151500,THYN1,-0.039476879,0.385575519,NS
ENSG00000151502,VPS26B,-0.04495949,0.210813448,NS
ENSG00000151503,NCAPD3,-0.052590692,0.186413027,NS
ENSG00000151532,VTI1A,0.035127138,0.475748237,NS
ENSG00000151552,QDPR,-0.02973924,0.539679732,NS
ENSG00000151553,FHIP2A,0.086062582,0.04518759,NS
ENSG00000151575,TEX9,0.004255859,NA,NS
ENSG00000151576,QTRT2,0.058802449,0.16823533,NS
ENSG00000151611,MMAA,-0.006017333,0.926855624,NS
ENSG00000151612,ZNF827,-0.030667073,0.541775689,NS
ENSG00000151617,EDNRA,0.003791951,NA,NS
ENSG00000151623,NR3C2,0.050607062,0.27035521,NS
ENSG00000151632,AKR1C2,-0.004449754,NA,NS
ENSG00000151640,DPYSL4,-0.010732142,NA,NS
ENSG00000151651,ADAM8,0.004368533,NA,NS
ENSG00000151657,KIN,-0.010149783,0.869282955,NS
ENSG00000151665,PIGF,0.024332455,0.647220207,NS
ENSG00000151687,ANKAR,0.003990148,NA,NS
ENSG00000151690,MFSD6,0.01380347,0.817264059,NS
ENSG00000151692,RNF144A,0.045584581,0.33740622,NS
ENSG00000151693,ASAP2,0.05877166,0.198428709,NS
ENSG00000151694,ADAM17,0.040469218,0.402901786,NS
ENSG00000151715,TMEM45B,-0.007229885,NA,NS
ENSG00000151718,WWC2,-0.000117595,NA,NS
ENSG00000151725,CENPU,-0.031935228,0.419134127,NS
ENSG00000151726,ACSL1,0.37645467,8.40E-33,NS
ENSG00000151729,SLC25A4,-0.045630464,0.242769098,NS
ENSG00000151743,AMN1,0.041734278,0.367309177,NS
ENSG00000151746,BICD1,0.043601117,0.340503079,NS
ENSG00000151748,SAV1,0.023292409,0.640624652,NS
ENSG00000151773,CCDC122,-0.000624327,NA,NS
ENSG00000151779,NBAS,0.056747781,0.223079015,NS
ENSG00000151806,GUF1,0.055064096,0.175102843,NS
ENSG00000151835,SACS,0.065904045,0.151641659,NS
ENSG00000151849,CENPJ,-0.017152473,0.758841001,NS
ENSG00000151876,FBXO4,-0.057607146,0.213404431,NS
ENSG00000151881,TMEM267,-0.039728284,0.395584905,NS
ENSG00000151883,PARP8,-0.012417759,NA,NS
ENSG00000151893,CACUL1,-0.022123733,0.683147733,NS
ENSG00000151914,DST,0.020453887,0.684848981,NS
ENSG00000151917,BEND6,-0.006174032,NA,NS
ENSG00000151923,TIAL1,-0.02408332,0.590314367,NS
ENSG00000151929,BAG3,0.017352053,0.738541013,NS
ENSG00000151967,SCHIP1,0.00929484,NA,NS
ENSG00000152034,MCHR2,0.005824299,NA,NS
ENSG00000152056,AP1S3,0.040551324,0.37644204,NS
ENSG00000152061,RABGAP1L,0.076502795,0.082735681,NS
ENSG00000152078,TLCD4,0.049796077,0.288870889,NS
ENSG00000152082,MZT2B,-0.098153582,0.017417943,NS
ENSG00000152086,TUBA3E,-0.030972257,NA,NS
ENSG00000152092,ASTN1,-0.013683076,NA,NS
ENSG00000152102,FAM168B,0.041889203,0.286121176,NS
ENSG00000152104,PTPN14,0.058341328,0.208389776,NS
ENSG00000152127,MGAT5,0.070349956,0.084153273,NS
ENSG00000152128,TMEM163,0.001192824,NA,NS
ENSG00000152133,GPATCH11,0.007486718,0.907575802,NS
ENSG00000152137,HSPB8,0.023173665,NA,NS
ENSG00000152147,GEMIN6,-0.019247944,0.728768369,NS
ENSG00000152192,POU4F1,0.000118348,NA,NS
ENSG00000152193,OBI1,0.025463084,0.631331132,NS
ENSG00000152214,RIT2,0.000134548,NA,NS
ENSG00000152217,SETBP1,0.0579691,0.205233938,NS
ENSG00000152219,ARL14EP,0.028293552,0.581698547,NS
ENSG00000152223,EPG5,0.089800512,0.046719097,NS
ENSG00000152229,PSTPIP2,-0.016844606,NA,NS
ENSG00000152234,ATP5F1A,-0.022442147,0.556535081,NS
ENSG00000152240,HAUS1,-0.075057059,0.073006187,NS
ENSG00000152242,ARK2N,0.017549181,0.754193121,NS
ENSG00000152253,SPC25,-0.095818159,0.021467957,NS
ENSG00000152256,PDK1,0.024420151,0.617348098,NS
ENSG00000152270,PDE3B,0.06366181,0.142054495,NS
ENSG00000152291,TGOLN2,0.049653284,0.217164351,NS
ENSG00000152315,KCNK13,-0.008336371,NA,NS
ENSG00000152332,UHMK1,0.081353377,0.058611717,NS
ENSG00000152348,ATG10,-0.034577247,0.483074341,NS
ENSG00000152359,POC5,-0.049503544,0.296766665,NS
ENSG00000152377,SPOCK1,-0.010995152,0.858188344,NS
ENSG00000152380,FAM151B,-0.051219344,NA,NS
ENSG00000152382,TADA1,0.036094262,0.445025143,NS
ENSG00000152402,GUCY1A2,0.023560069,0.655259489,NS
ENSG00000152404,CWF19L2,-0.029415878,0.55490547,NS
ENSG00000152409,JMY,0.043638836,0.345633438,NS
ENSG00000152413,HOMER1,0.039946057,0.394599717,NS
ENSG00000152422,XRCC4,-0.017602893,0.737897029,NS
ENSG00000152433,ZNF547,-0.056578843,NA,NS
ENSG00000152439,ZNF773,-0.108970616,0.022650981,NS
ENSG00000152443,ZNF776,0.013315419,0.819299099,NS
ENSG00000152454,ZNF256,0.007415313,0.905106659,NS
ENSG00000152455,SUV39H2,0.004047374,0.949281937,NS
ENSG00000152457,DCLRE1C,0.003351035,0.959594614,NS
ENSG00000152464,RPP38,0.003595227,0.95594497,NS
ENSG00000152465,NMT2,-0.037771675,0.4366161,NS
ENSG00000152475,ZNF837,-0.005342062,NA,NS
ENSG00000152484,USP12,0.06232407,0.172403756,NS
ENSG00000152492,CCDC50,-0.011654416,0.827546323,NS
ENSG00000152503,TRIM36,-0.069998329,0.122239499,NS
ENSG00000152518,ZFP36L2,0.01286235,0.823717255,NS
ENSG00000152520,PAN3,0.077159974,0.080379433,NS
ENSG00000152527,PLEKHH2,-0.011805233,NA,NS
ENSG00000152556,PFKM,0.094538752,0.001164823,NS
ENSG00000152558,TMEM123,0.069689633,0.034631307,NS
ENSG00000152582,SPEF2,0.01113055,NA,NS
ENSG00000152601,MBNL1,0.043348314,0.311688949,NS
ENSG00000152620,NADK2,0.008347557,0.878742848,NS
ENSG00000152642,GPD1L,0.077895033,0.0497004,NS
ENSG00000152669,CCNO,-0.004767617,NA,NS
ENSG00000152683,SLC30A6,0.049167029,0.265725669,NS
ENSG00000152684,PELO,0.014615328,0.766077881,NS
ENSG00000152700,SAR1B,0.01485016,0.726225589,NS
ENSG00000152705,CATSPER3,-0.006787635,NA,NS
ENSG00000152749,GPR180,0.064252965,0.157336897,NS
ENSG00000152763,DNAI4,0.017369215,NA,NS
ENSG00000152766,ANKRD22,0.020725788,NA,NS
ENSG00000152767,FARP1,0.053151114,0.247146365,NS
ENSG00000152778,IFIT5,0.001276942,NA,NS
ENSG00000152782,PANK1,0.036553276,0.456394148,NS
ENSG00000152784,PRDM8,0.00039733,NA,NS
ENSG00000152795,HNRNPDL,-0.03418701,0.417910131,NS
ENSG00000152818,UTRN,0.122944925,0.006011217,NS
ENSG00000152894,PTPRK,0.035509065,0.46606273,NS
ENSG00000152904,GGPS1,0.016276797,0.727427883,NS
ENSG00000152926,ZNF117,0.000455639,NA,NS
ENSG00000152931,PART1,-0.078262146,0.089793981,NS
ENSG00000152939,MARVELD2,0.022459174,0.665757621,NS
ENSG00000152942,RAD17,0.03980096,0.370542695,NS
ENSG00000152944,MED21,-0.026103254,0.593547334,NS
ENSG00000152952,PLOD2,-5.52E-05,NA,NS
ENSG00000152969,JAKMIP1,0.034541679,0.484620194,NS
ENSG00000152990,ADGRA3,0.013832461,0.802159903,NS
ENSG00000153006,SREK1IP1,-0.035253827,0.463555491,NS
ENSG00000153012,LGI2,0.117366081,0.014601325,NS
ENSG00000153015,CWC27,-0.025625876,0.619897439,NS
ENSG00000153029,MR1,0.008390161,0.893711563,NS
ENSG00000153037,SRP19,-0.041285425,0.318671737,NS
ENSG00000153044,CENPH,-0.093561808,0.011103963,NS
ENSG00000153046,CDYL,0.007178652,0.909103214,NS
ENSG00000153048,CARHSP1,-0.067358726,0.101679099,NS
ENSG00000153064,BANK1,0.070072563,0.1225193,NS
ENSG00000153066,TXNDC11,0.032494,0.492562048,NS
ENSG00000153071,DAB2,0.002679084,NA,NS
ENSG00000153093,ACOXL,0.017475187,NA,NS
ENSG00000153094,BCL2L11,0.010392455,0.859471181,NS
ENSG00000153107,ANAPC1,0.064669341,0.101862519,NS
ENSG00000153130,SCOC,0.060415412,0.067092451,NS
ENSG00000153132,CLGN,-0.015673417,0.7288794,NS
ENSG00000153140,CETN3,-0.018760301,0.718773372,NS
ENSG00000153147,SMARCA5,0.041746856,0.32336075,NS
ENSG00000153162,BMP6,-0.027598359,0.588209008,NS
ENSG00000153165,RGPD3,-0.004267204,NA,NS
ENSG00000153179,RASSF3,0.03758476,0.318671737,NS
ENSG00000153187,HNRNPU,0.005943854,0.909997376,NS
ENSG00000153201,RANBP2,0.044860419,0.342131704,NS
ENSG00000153207,AHCTF1,0.096183057,0.017408061,NS
ENSG00000153208,MERTK,-0.023872169,NA,NS
ENSG00000153214,TMEM87B,0.022677604,0.655259489,NS
ENSG00000153233,PTPRR,0.497084643,NA,NS
ENSG00000153234,NR4A2,0.00209358,NA,NS
ENSG00000153237,CCDC148,0.020437747,NA,NS
ENSG00000153250,RBMS1,-0.001237288,NA,NS
ENSG00000153291,SLC25A27,0.016556887,NA,NS
ENSG00000153294,ADGRF4,0.015206989,NA,NS
ENSG00000153303,FRMD1,-0.005558173,NA,NS
ENSG00000153310,CYRIB,0.009518081,0.862927824,NS
ENSG00000153317,ASAP1,0.071137853,0.07968455,NS
ENSG00000153339,TRAPPC8,0.057144873,0.189282272,NS
ENSG00000153363,LINC00467,-0.095646312,0.015273983,NS
ENSG00000153391,INO80C,-0.083277643,0.067401766,NS
ENSG00000153395,LPCAT1,0.139113164,9.45E-07,NS
ENSG00000153406,NMRAL1,-0.066918295,0.107016318,NS
ENSG00000153443,UBALD1,-0.024340859,0.647860181,NS
ENSG00000153485,LYSET,-0.005570178,0.928157002,NS
ENSG00000153487,ING1,0.005013456,0.939659463,NS
ENSG00000153531,ADPRHL1,-0.033693646,0.497282118,NS
ENSG00000153551,CMTM7,-0.017897414,0.747051345,NS
ENSG00000153558,FBXL2,0.001714656,NA,NS
ENSG00000153560,UBP1,0.067893793,0.048468753,NS
ENSG00000153561,RMND5A,0.083059838,0.032781521,NS
ENSG00000153574,RPIA,-0.027063746,0.601168307,NS
ENSG00000153721,CNKSR3,0.058000955,0.209382057,NS
ENSG00000153767,GTF2E1,0.032653144,0.47916713,NS
ENSG00000153774,CFDP1,-0.001575581,0.980703918,NS
ENSG00000153786,ZDHHC7,0.080065128,0.034517689,NS
ENSG00000153790,SPMIP4,-0.004972876,NA,NS
ENSG00000153814,JAZF1,0.046326419,NA,NS
ENSG00000153815,CMIP,0.010436669,0.860659427,NS
ENSG00000153827,TRIP12,0.060903871,0.135653172,NS
ENSG00000153832,FBXO36,-0.001588848,NA,NS
ENSG00000153879,CEBPG,-0.048319456,0.174173367,NS
ENSG00000153885,KCTD15,0.007884972,0.887461456,NS
ENSG00000153896,ZNF599,-0.015350079,0.793417387,NS
ENSG00000153898,MCOLN2,0.018987518,0.723670158,NS
ENSG00000153904,DDAH1,0.010589169,0.840701434,NS
ENSG00000153914,SREK1,-0.002782778,0.963316696,NS
ENSG00000153922,CHD1,0.04047718,0.39379816,NS
ENSG00000153933,DGKE,0.035051616,0.473142194,NS
ENSG00000153936,HS2ST1,0.094526992,0.016776859,NS
ENSG00000153944,MSI2,0.030262688,0.522264567,NS
ENSG00000153975,ZUP1,0.005931956,0.927518122,NS
ENSG00000153976,HS3ST3A1,0.001285525,NA,NS
ENSG00000153982,GDPD1,0.057849853,0.212162394,NS
ENSG00000153989,NUS1,0.077267068,0.014110102,NS
ENSG00000154001,PPP2R5E,-0.002533863,0.967187402,NS
ENSG00000154027,AK5,0.032244646,NA,NS
ENSG00000154059,IMPACT,0.046703268,0.22998296,NS
ENSG00000154065,ANKRD29,-0.007603764,NA,NS
ENSG00000154079,SDHAF4,-0.01751805,0.750275942,NS
ENSG00000154099,DNAAF1,0.007602925,NA,NS
ENSG00000154102,C16orf74,-0.012129524,NA,NS
ENSG00000154114,TBCEL,0.023377297,0.659039348,NS
ENSG00000154122,ANKH,-0.044011478,0.25912722,NS
ENSG00000154124,OTULIN,-0.012289632,0.829713136,NS
ENSG00000154127,UBASH3B,0.006130579,NA,NS
ENSG00000154134,ROBO3,-0.005090043,NA,NS
ENSG00000154144,TBRG1,-0.127297799,0.000224907,NS
ENSG00000154146,NRGN,-0.027402221,NA,NS
ENSG00000154153,RETREG1,0.031613563,0.521652057,NS
ENSG00000154174,TOMM70,0.034602974,0.337370312,NS
ENSG00000154217,PITPNC1,-0.009664546,0.872461212,NS
ENSG00000154222,CC2D1B,0.006562605,0.91468175,NS
ENSG00000154229,PRKCA,-0.040269347,0.404536883,NS
ENSG00000154237,LRRK1,0.006429309,NA,NS
ENSG00000154240,CEP112,-0.025516722,NA,NS
ENSG00000154252,GAL3ST2,-0.005861451,NA,NS
ENSG00000154265,ABCA5,0.017372826,NA,NS
ENSG00000154269,ENPP3,0.012814084,NA,NS
ENSG00000154274,C4orf19,-0.021779658,NA,NS
ENSG00000154277,UCHL1,-0.00696879,NA,NS
ENSG00000154305,MIA3,0.112769728,0.004535059,NS
ENSG00000154309,DISP1,-0.031274509,0.532721486,NS
ENSG00000154310,TNIK,0.008020293,NA,NS
ENSG00000154319,FAM167A,-0.015625832,NA,NS
ENSG00000154328,NEIL2,0.021303597,0.661370874,NS
ENSG00000154330,PGM5,-0.008251669,NA,NS
ENSG00000154358,OBSCN,0.080743729,0.07968455,NS
ENSG00000154359,LONRF1,-0.015962476,0.745095402,NS
ENSG00000154370,TRIM11,-0.012418573,0.816828855,NS
ENSG00000154380,ENAH,0.052036198,0.198598806,NS
ENSG00000154429,CCSAP,0.016386758,0.765908854,NS
ENSG00000154438,ASZ1,0.024188465,NA,NS
ENSG00000154447,SH3RF1,0.045892714,0.306805839,NS
ENSG00000154451,GBP5,0.008044555,NA,NS
ENSG00000154473,BUB3,-0.058378467,0.119017771,NS
ENSG00000154479,CFAP210,-0.00821631,NA,NS
ENSG00000154511,DIPK1A,0.039261768,0.386021299,NS
ENSG00000154518,ATP5MC3,-0.039191058,0.387196418,NS
ENSG00000154529,CNTNAP3B,-0.014700176,NA,NS
ENSG00000154545,MAGED4,-0.021058981,0.394592816,NS
ENSG00000154553,PDLIM3,0.007149972,NA,NS
ENSG00000154556,SORBS2,0.06079977,0.185932627,NS
ENSG00000154582,ELOC,-0.071346207,0.103455088,NS
ENSG00000154639,CXADR,-0.003074192,0.961618958,NS
ENSG00000154640,BTG3,-0.016859044,0.749889991,NS
ENSG00000154642,C21orf91,0.030935883,0.538457578,NS
ENSG00000154654,NCAM2,0.111030707,0.000597811,NS
ENSG00000154710,RABGEF1,0.002308423,0.969841309,NS
ENSG00000154719,MRPL39,-0.025237998,0.605040452,NS
ENSG00000154723,ATP5PF,-0.042905207,0.347755339,NS
ENSG00000154727,GABPA,0.064224373,0.122000918,NS
ENSG00000154734,ADAMTS1,0.048514909,0.202309902,NS
ENSG00000154736,ADAMTS5,-0.005695553,NA,NS
ENSG00000154743,TSEN2,0.044937081,0.336250458,NS
ENSG00000154767,XPC,-0.003059588,0.959634547,NS
ENSG00000154781,CCDC174,-0.013872807,0.816513436,NS
ENSG00000154803,FLCN,0.217983887,6.06E-05,NS
ENSG00000154813,DPH3,0.011030645,0.858188344,NS
ENSG00000154814,OXNAD1,0.021664262,0.688569416,NS
ENSG00000154822,PLCL2,-0.002576403,NA,NS
ENSG00000154832,CXXC1,-0.028579579,0.549596623,NS
ENSG00000154839,SKA1,-0.106223655,0.009366449,NS
ENSG00000154845,PPP4R1,0.038091604,0.381095753,NS
ENSG00000154856,APCDD1,0.016417271,NA,NS
ENSG00000154889,MPPE1,-0.004980989,0.940996729,NS
ENSG00000154914,USP43,0.048992812,0.284676696,NS
ENSG00000154917,RAB6B,0.02504191,0.636238743,NS
ENSG00000154920,EME1,-0.061514438,0.173435658,NS
ENSG00000154930,ACSS1,0.025506873,NA,NS
ENSG00000154945,ANKRD40,0.046456362,0.240062915,NS
ENSG00000154957,ZNF18,-0.030947532,0.519080001,NS
ENSG00000154978,VOPP1,0.032949967,0.456800041,NS
ENSG00000155008,APOOL,0.045111208,0.318844785,NS
ENSG00000155016,CYP2U1,0.006833509,0.912217139,NS
ENSG00000155026,RSPH10B,-0.001990719,NA,NS
ENSG00000155034,FBXL18,-0.010119369,0.862046662,NS
ENSG00000155066,PROM2,0.049793925,0.243509766,NS
ENSG00000155085,AK9,-0.003750901,NA,NS
ENSG00000155090,KLF10,0.050172748,0.261904524,NS
ENSG00000155093,PTPRN2,0.004933675,NA,NS
ENSG00000155096,AZIN1,0.071728024,0.038697864,NS
ENSG00000155097,ATP6V1C1,0.082747221,0.029346109,NS
ENSG00000155099,PIP4P2,0.026269853,0.616616371,NS
ENSG00000155100,OTUD6B,0.002221908,0.969822658,NS
ENSG00000155111,CDK19,0.124683706,0.000932421,NS
ENSG00000155115,GTF3C6,-0.029796244,0.518894357,NS
ENSG00000155158,TTC39B,-0.03105681,0.535904824,NS
ENSG00000155189,AGPAT5,0.054681021,0.146741549,NS
ENSG00000155229,MMS19,0.011931243,0.82769674,NS
ENSG00000155252,PI4K2A,-0.013732421,0.802015652,NS
ENSG00000155254,MARVELD1,0.028094442,0.468790825,NS
ENSG00000155256,ZFYVE27,-0.009035187,0.885293656,NS
ENSG00000155275,TRMT44,0.029810797,0.526567639,NS
ENSG00000155287,SLC25A28,-0.03411121,0.489159618,NS
ENSG00000155304,HSPA13,-0.060304577,0.152919882,NS
ENSG00000155313,USP25,0.018936758,0.721867871,NS
ENSG00000155324,GRAMD2B,0.058344315,0.208428803,NS
ENSG00000155329,ZCCHC10,-0.011500047,0.847799297,NS
ENSG00000155330,C16orf87,-0.022862478,0.669555982,NS
ENSG00000155363,MOV10,0.023782434,0.611790969,NS
ENSG00000155366,RHOC,-0.05430711,0.162767829,NS
ENSG00000155367,PPM1J,0.024471947,NA,NS
ENSG00000155368,DBI,-0.055987185,0.162621541,NS
ENSG00000155380,SLC16A1,0.046247637,0.183182994,NS
ENSG00000155393,HEATR3,-0.004265513,0.949281937,NS
ENSG00000155438,NIFK,-0.027301375,0.563776403,NS
ENSG00000155463,OXA1L,-0.025865259,0.536145507,NS
ENSG00000155465,SLC7A7,0.004693676,NA,NS
ENSG00000155495,MAGEC1,-0.012371371,NA,NS
ENSG00000155506,LARP1,0.032495066,0.46824925,NS
ENSG00000155508,CNOT8,0.003502624,0.952394445,NS
ENSG00000155530,LRGUK,0.006189262,NA,NS
ENSG00000155542,SETD9,-0.010214535,0.862306669,NS
ENSG00000155545,MIER3,0.047437611,0.310700841,NS
ENSG00000155561,NUP205,0.05865248,0.145059589,NS
ENSG00000155592,ZKSCAN2,0.015995456,0.778594024,NS
ENSG00000155621,C9orf85,0.002776203,0.966809741,NS
ENSG00000155629,PIK3AP1,0.030719071,NA,NS
ENSG00000155636,RBM45,-0.037851022,0.440882412,NS
ENSG00000155657,TTN,-0.090092826,NA,NS
ENSG00000155660,PDIA4,-0.032961185,0.343141928,NS
ENSG00000155666,KDM8,-0.019745015,NA,NS
ENSG00000155729,KCTD18,0.035695803,0.46623455,NS
ENSG00000155744,HYCC2,0.017041537,0.764317217,NS
ENSG00000155755,TMEM237,-0.019835739,0.708021172,NS
ENSG00000155760,FZD7,0.032350422,0.491925936,NS
ENSG00000155761,SPAG17,-0.026321444,NA,NS
ENSG00000155792,DEPTOR,0.017475192,0.759233111,NS
ENSG00000155827,RNF20,0.010493994,0.858173039,NS
ENSG00000155846,PPARGC1B,0.0969171,0.035924583,NS
ENSG00000155850,SLC26A2,0.002129054,0.972474745,NS
ENSG00000155858,LSM11,0.037425544,0.436477607,NS
ENSG00000155868,MED7,0.012885613,0.829635911,NS
ENSG00000155876,RRAGA,-0.017118806,0.723998132,NS
ENSG00000155893,PXYLP1,0.001960242,0.973169013,NS
ENSG00000155903,RASA2,-0.000428763,0.995244936,NS
ENSG00000155906,RMND1,0.043031594,0.368961117,NS
ENSG00000155957,TMBIM4,-0.047324368,0.282624266,NS
ENSG00000155959,VBP1,0.013824832,0.780414126,NS
ENSG00000155961,RAB39B,-0.049142234,0.283085482,NS
ENSG00000155962,CLIC2,0.020228785,NA,NS
ENSG00000155970,MICU3,0.041732479,0.370070447,NS
ENSG00000155974,GRIP1,-0.003810353,NA,NS
ENSG00000155975,VPS37A,0.040577212,0.32284871,NS
ENSG00000156006,NAT2,0.009419634,NA,NS
ENSG00000156011,PSD3,0.060028514,0.18705167,NS
ENSG00000156017,CARNMT1,0.05321315,0.238131023,NS
ENSG00000156026,MCU,0.028828811,0.550765398,NS
ENSG00000156030,MIDEAS,0.029735418,0.551887372,NS
ENSG00000156042,CFAP70,0.02040716,NA,NS
ENSG00000156049,GNA14,0.000634295,NA,NS
ENSG00000156050,FAM161B,-0.006125757,NA,NS
ENSG00000156052,GNAQ,0.04520243,0.335716125,NS
ENSG00000156096,UGT2B4,-0.018505584,NA,NS
ENSG00000156103,MMP16,0.185005438,0.001191841,NS
ENSG00000156110,ADK,0.019349158,0.677378583,NS
ENSG00000156113,KCNMA1,-0.012553679,0.789982089,NS
ENSG00000156136,DCK,0.019074682,0.690790406,NS
ENSG00000156140,ADAMTS3,0.021072878,NA,NS
ENSG00000156162,DPY19L4,0.046154898,0.303557601,NS
ENSG00000156170,NDUFAF6,0.028872183,0.55802124,NS
ENSG00000156171,DRAM2,0.007896984,0.902032389,NS
ENSG00000156172,CFAP418,0.015321215,0.77549984,NS
ENSG00000156218,ADAMTSL3,0.005425394,NA,NS
ENSG00000156232,WHAMM,-0.029585392,0.555038967,NS
ENSG00000156234,CXCL13,0.004564988,NA,NS
ENSG00000156239,N6AMT1,0.003049117,0.963411206,NS
ENSG00000156253,RWDD2B,0.002102071,0.973169013,NS
ENSG00000156256,USP16,0.002145088,0.968746607,NS
ENSG00000156261,CCT8,-0.027182484,0.477318263,NS
ENSG00000156273,BACH1,0.146432481,0.001738514,NS
ENSG00000156284,CLDN8,0.031650707,0.506625746,NS
ENSG00000156298,TSPAN7,0.005261597,NA,NS
ENSG00000156304,SCAF4,0.037153369,0.401943116,NS
ENSG00000156313,RPGR,-0.041309037,NA,NS
ENSG00000156345,CDK20,0.011389635,0.850889462,NS
ENSG00000156374,PCGF6,0.017700688,0.755354587,NS
ENSG00000156381,ANKRD9,-0.029249458,0.537239486,NS
ENSG00000156384,SFR1,-0.069269716,0.125743237,NS
ENSG00000156398,SFXN2,-0.063332364,0.108823839,NS
ENSG00000156411,ATP5MJ,-0.078601825,0.062323899,NS
ENSG00000156427,FGF18,0.004953222,NA,NS
ENSG00000156453,PCDH1,-0.056505776,0.190374341,NS
ENSG00000156467,UQCRB,-0.0608976,0.145813522,NS
ENSG00000156469,MTERF3,0.015047531,0.795125697,NS
ENSG00000156471,PTDSS1,0.040510205,0.296776711,NS
ENSG00000156482,RPL30,-0.057475063,0.185776857,NS
ENSG00000156500,PABIR3,-0.020847484,NA,NS
ENSG00000156502,SUPV3L1,-0.005364604,0.925610562,NS
ENSG00000156504,PABIR2,0.015115677,0.761857094,NS
ENSG00000156508,EEF1A1,-0.009474563,0.851558869,NS
ENSG00000156509,FBXO43,0.015665929,NA,NS
ENSG00000156515,HK1,-0.003133425,0.953398052,NS
ENSG00000156521,TYSND1,-0.01934703,0.665736099,NS
ENSG00000156531,PHF6,0.009105809,0.881684241,NS
ENSG00000156535,CD109,-0.008190418,NA,NS
ENSG00000156564,LRFN2,-0.025297086,NA,NS
ENSG00000156587,UBE2L6,-0.027137564,NA,NS
ENSG00000156599,ZDHHC5,0.036264373,0.351328475,NS
ENSG00000156603,MED19,-0.044424247,0.351752669,NS
ENSG00000156639,ZFAND3,-0.044220722,0.259370484,NS
ENSG00000156642,NPTN,-0.011156018,0.849010447,NS
ENSG00000156650,KAT6B,0.002273605,0.970099844,NS
ENSG00000156671,SAMD8,0.067335809,0.133655519,NS
ENSG00000156675,RAB11FIP1,0.04727721,0.275438173,NS
ENSG00000156689,GLYATL2,0.055895335,NA,NS
ENSG00000156697,UTP14A,0.026131775,0.557551039,NS
ENSG00000156709,AIFM1,-0.04088995,0.260035336,NS
ENSG00000156735,BAG4,-0.019030109,0.724010281,NS
ENSG00000156787,TBC1D31,0.009319057,0.88138845,NS
ENSG00000156795,NTAQ1,-0.015142398,0.796648809,NS
ENSG00000156802,ATAD2,-0.041561221,0.298455249,NS
ENSG00000156804,FBXO32,0.017499534,NA,NS
ENSG00000156831,NSMCE2,-0.009308619,0.8826568,NS
ENSG00000156853,ZNF689,-0.008811327,0.888178275,NS
ENSG00000156858,PRR14,-0.02466345,0.641591449,NS
ENSG00000156860,FBRS,-0.050775958,0.18027095,NS
ENSG00000156869,FRRS1,0.032613392,0.508879983,NS
ENSG00000156873,PHKG2,-0.032369627,0.499452015,NS
ENSG00000156875,MFSD14A,0.023799755,0.612591388,NS
ENSG00000156876,SASS6,-0.022949536,0.665757621,NS
ENSG00000156925,ZIC3,0.001941595,NA,NS
ENSG00000156928,MALSU1,-0.047903296,0.29927751,NS
ENSG00000156931,VPS8,0.174201712,0.000525539,NS
ENSG00000156958,GALK2,0.046015447,0.319101809,NS
ENSG00000156968,MPV17L,0.016581301,0.755688941,NS
ENSG00000156970,BUB1B,-0.049617665,0.200312343,NS
ENSG00000156973,PDE6D,-0.056254757,0.229442594,NS
ENSG00000156976,EIF4A2,0.062333002,0.112226473,NS
ENSG00000156983,BRPF1,0.005174113,0.938322458,NS
ENSG00000156990,RPUSD3,-0.062023894,0.141923912,NS
ENSG00000157014,TATDN2,-0.0102701,0.840022644,NS
ENSG00000157020,SEC13,-0.048642529,0.209691278,NS
ENSG00000157036,EXOG,-0.014118294,0.811532415,NS
ENSG00000157045,NTAN1,-0.029661699,0.556691672,NS
ENSG00000157064,NMNAT2,0.018477518,NA,NS
ENSG00000157077,ZFYVE9,0.134267148,0.000725001,NS
ENSG00000157106,SMG1,0.082654722,0.067357822,NS
ENSG00000157107,FCHO2,0.017862956,0.753582634,NS
ENSG00000157110,RBPMS,-0.010718454,0.851558869,NS
ENSG00000157111,TMEM171,0.01873726,NA,NS
ENSG00000157152,SYN2,0.010561619,NA,NS
ENSG00000157181,ODR4,0.028367283,0.566795612,NS
ENSG00000157184,CPT2,0.008071914,0.889211267,NS
ENSG00000157191,NECAP2,-0.043397317,0.356067729,NS
ENSG00000157193,LRP8,0.108115903,0.007513328,NS
ENSG00000157212,PAXIP1,0.057279935,0.202533401,NS
ENSG00000157214,STEAP2,0.066070588,0.11491835,NS
ENSG00000157216,SSBP3,-0.023035874,0.61197396,NS
ENSG00000157224,CLDN12,0.114034793,0.001617693,NS
ENSG00000157227,MMP14,0.010132051,NA,NS
ENSG00000157240,FZD1,-0.052910425,0.214715716,NS
ENSG00000157259,GATAD1,-0.030320012,0.531828871,NS
ENSG00000157306,ZFHX2-AS1,0.042325142,NA,NS
ENSG00000157326,DHRS4,-0.058502277,0.185574866,NS
ENSG00000157343,ARMC12,-0.013663169,NA,NS
ENSG00000157349,DDX19B,0.03090054,0.539458693,NS
ENSG00000157350,ST3GAL2,-0.034830278,0.480718557,NS
ENSG00000157353,FCSK,-0.032503852,0.505626436,NS
ENSG00000157379,DHRS1,-0.030134993,0.547162488,NS
ENSG00000157388,CACNA1D,0.071174233,NA,NS
ENSG00000157423,HYDIN,0.046898587,NA,NS
ENSG00000157426,AASDH,0.014983665,0.798971603,NS
ENSG00000157429,ZNF19,-0.012449364,NA,NS
ENSG00000157450,RNF111,0.085950873,0.048518595,NS
ENSG00000157456,CCNB2,-0.128691632,0.000347936,NS
ENSG00000157470,FAM81A,0.127418936,0.005753964,NS
ENSG00000157483,MYO1E,-0.029512941,0.552793857,NS
ENSG00000157500,APPL1,0.069340896,0.085092432,NS
ENSG00000157510,AFAP1L1,0.003265585,NA,NS
ENSG00000157514,TSC22D3,-0.120690758,0.007247047,NS
ENSG00000157538,VPS26C,0.051059973,0.234038003,NS
ENSG00000157540,DYRK1A,0.039401541,0.394060768,NS
ENSG00000157557,ETS2,0.055028293,0.23948925,NS
ENSG00000157578,LCA5L,-0.050991418,NA,NS
ENSG00000157593,SLC35B2,0.043679391,0.32446535,NS
ENSG00000157600,TMEM164,-0.003192348,0.959154987,NS
ENSG00000157601,MX1,0.039805369,NA,NS
ENSG00000157617,C2CD2,0.101376982,0.009399996,NS
ENSG00000157625,TAB3,0.137429057,0.00154263,NS
ENSG00000157637,SLC38A10,-0.038945619,0.310700841,NS
ENSG00000157653,C9orf43,0.000130018,NA,NS
ENSG00000157654,PALM2AKAP2,0.042826534,NA,NS
ENSG00000157657,ZNF618,0.026953618,0.58637799,NS
ENSG00000157693,TMEM268,-0.059476166,0.129983141,NS
ENSG00000157734,SNX22,-0.002006713,NA,NS
ENSG00000157741,UBN2,0.045171018,0.334547203,NS
ENSG00000157764,BRAF,0.024796294,0.615065683,NS
ENSG00000157778,PSMG3,-0.074841521,0.062687478,NS
ENSG00000157796,WDR19,-0.022931044,0.667418286,NS
ENSG00000157800,SLC37A3,0.057780314,0.187602787,NS
ENSG00000157823,AP3S2,0.03474107,0.435792921,NS
ENSG00000157827,FMNL2,0.010972306,NA,NS
ENSG00000157833,GAREM2,0.033261221,0.502523971,NS
ENSG00000157837,SPPL3,0.043138481,0.33790864,NS
ENSG00000157851,DPYSL5,0.042971108,0.349276321,NS
ENSG00000157869,RAB28,0.011745661,0.846526471,NS
ENSG00000157870,PRXL2B,0.032673822,0.464278618,NS
ENSG00000157873,TNFRSF14,-0.002268941,NA,NS
ENSG00000157881,PANK4,-0.0177456,0.745456051,NS
ENSG00000157895,C12orf43,-0.068229112,0.108823839,NS
ENSG00000157911,PEX10,0.127220256,9.83E-05,NS
ENSG00000157916,RER1,-0.051807264,0.14024565,NS
ENSG00000157927,RADIL,0.008418743,NA,NS
ENSG00000157933,SKI,0.042825799,0.280590152,NS
ENSG00000157954,WIPI2,0.007007301,0.902032389,NS
ENSG00000157978,LDLRAP1,-0.032295337,0.510181264,NS
ENSG00000157985,AGAP1,0.063178948,0.154882243,NS
ENSG00000157992,KRTCAP3,-0.080379159,0.045553523,NS
ENSG00000158006,PAFAH2,0.039215465,0.417352471,NS
ENSG00000158008,EXTL1,0.018335498,NA,NS
ENSG00000158019,BABAM2,-0.003810232,0.951903791,NS
ENSG00000158023,CFAP251,-0.016965607,NA,NS
ENSG00000158042,MRPL17,-0.029315347,0.540112624,NS
ENSG00000158050,DUSP2,-0.049781733,0.252744304,NS
ENSG00000158055,GRHL3,0.002867323,NA,NS
ENSG00000158062,UBXN11,-0.021650009,0.626178951,NS
ENSG00000158079,PTPDC1,0.001751519,0.978761517,NS
ENSG00000158089,GALNT14,0.0149451,NA,NS
ENSG00000158092,NCK1,0.047375333,0.280590152,NS
ENSG00000158106,RHPN1,-0.004031629,0.951091685,NS
ENSG00000158109,TPRG1L,0.019629948,0.690861295,NS
ENSG00000158122,PRXL2C,0.005669314,0.932115347,NS
ENSG00000158156,XKR8,-0.014916609,0.797911424,NS
ENSG00000158158,CNNM4,-0.001464935,0.98223536,NS
ENSG00000158161,EYA3,0.060509851,0.165417035,NS
ENSG00000158163,DZIP1L,-7.70E-05,NA,NS
ENSG00000158164,TMSB15A,-0.022420904,0.662512526,NS
ENSG00000158169,FANCC,-0.014647349,0.789385962,NS
ENSG00000158186,MRAS,0.076035165,0.099513821,NS
ENSG00000158195,WASF2,0.014127471,0.765753349,NS
ENSG00000158201,ABHD3,0.062759946,0.143673475,NS
ENSG00000158220,ESYT3,0.008684176,NA,NS
ENSG00000158234,FAIM,-0.044047531,0.348355122,NS
ENSG00000158270,COLEC12,0.465863588,1.69E-17,NS
ENSG00000158286,RNF207,0.008932816,NA,NS
ENSG00000158290,CUL4B,0.048110398,0.278669184,NS
ENSG00000158292,GPR153,0.026706083,NA,NS
ENSG00000158296,SLC13A3,0.025611469,NA,NS
ENSG00000158301,GPRASP2,0.043503301,0.341931652,NS
ENSG00000158315,RHBDL2,0.037373481,NA,NS
ENSG00000158321,AUTS2,0.020422796,0.695483524,NS
ENSG00000158373,H2BC5,0.002630428,0.966313463,NS
ENSG00000158402,CDC25C,-0.180122522,0.00038904,NS
ENSG00000158406,H4C8,0.008166473,0.896325517,NS
ENSG00000158411,MITD1,0.015726062,0.778996393,NS
ENSG00000158417,EIF5B,-0.06501196,0.112226473,NS
ENSG00000158423,RIBC1,-0.00482266,NA,NS
ENSG00000158427,TMSB15B,-0.006047728,NA,NS
ENSG00000158435,CNOT11,0.019864749,0.694499142,NS
ENSG00000158457,TSPAN33,0.005982117,0.92463621,NS
ENSG00000158467,AHCYL2,0.127312796,0.005722808,NS
ENSG00000158470,B4GALT5,0.068795636,0.073022083,NS
ENSG00000158480,SPATA2,-0.048239533,0.310700841,NS
ENSG00000158526,TSR2,-0.002098134,0.969981264,NS
ENSG00000158528,PPP1R9A,0.052390712,0.261370124,NS
ENSG00000158545,ZC3H18,-0.018701624,0.696693172,NS
ENSG00000158552,ZFAND2B,-0.003550944,0.952024718,NS
ENSG00000158555,GDPD5,0.008520435,NA,NS
ENSG00000158560,DYNC1I1,0.002119648,NA,NS
ENSG00000158571,PFKFB1,-0.001623778,NA,NS
ENSG00000158604,TMED4,-0.010618186,0.826619608,NS
ENSG00000158615,PPP1R15B,0.01881954,0.718463851,NS
ENSG00000158623,COPG2,-0.003954782,0.948675007,NS
ENSG00000158636,EMSY,0.037808121,0.438107799,NS
ENSG00000158669,GPAT4,0.028073118,0.454932886,NS
ENSG00000158691,ZSCAN12,-0.015679072,0.789214828,NS
ENSG00000158710,TAGLN2,-0.072051111,0.066938395,NS
ENSG00000158711,ELK4,0.031712741,0.507528788,NS
ENSG00000158715,SLC45A3,-0.078701674,0.005679504,NS
ENSG00000158716,DUSP23,-0.075933909,0.090368009,NS
ENSG00000158717,RNF166,-0.060738481,0.189698847,NS
ENSG00000158748,HTR6,0.008358699,NA,NS
ENSG00000158769,F11R,0.000689774,0.990692457,NS
ENSG00000158773,USF1,-0.069782101,0.084403072,NS
ENSG00000158792,SPATA2L,-0.026638959,0.609935329,NS
ENSG00000158793,NIT1,-0.101316558,0.018680184,NS
ENSG00000158796,DEDD,-0.026878562,0.572643189,NS
ENSG00000158805,ZNF276,-0.00168547,0.978536232,NS
ENSG00000158813,EDA,0.034608497,0.461116842,NS
ENSG00000158816,VWA5B1,0.007951667,NA,NS
ENSG00000158828,PINK1,0.005844864,0.929392612,NS
ENSG00000158850,B4GALT3,-0.023954337,0.59217326,NS
ENSG00000158856,DMTN,0.002846778,0.965498693,NS
ENSG00000158863,FHIP2B,0.031000013,0.524499004,NS
ENSG00000158864,NDUFS2,-0.045858728,0.221050236,NS
ENSG00000158869,FCER1G,0.009834441,NA,NS
ENSG00000158882,TOMM40L,0.026070546,0.595278251,NS
ENSG00000158887,MPZ,-0.011821843,NA,NS
ENSG00000158941,CCAR2,-0.024975711,0.491705664,NS
ENSG00000158955,WNT9B,-0.000418895,NA,NS
ENSG00000158966,CACHD1,0.008345769,NA,NS
ENSG00000158985,CDC42SE2,0.035915349,0.416834703,NS
ENSG00000158987,RAPGEF6,0.118601253,0.009562647,NS
ENSG00000159023,EPB41,0.09127411,0.010939764,NS
ENSG00000159055,MIS18A,-0.119069138,0.002584977,NS
ENSG00000159063,ALG8,-0.000674116,0.991641854,NS
ENSG00000159069,FBXW5,-0.080567164,0.021190606,NS
ENSG00000159079,CFAP298,-0.079885335,0.041774178,NS
ENSG00000159082,SYNJ1,0.039085796,0.422226546,NS
ENSG00000159086,PAXBP1,0.029705193,0.557551039,NS
ENSG00000159110,IFNAR2,-0.00818308,0.894961549,NS
ENSG00000159111,MRPL10,-0.038341386,0.387563749,NS
ENSG00000159128,IFNGR2,0.026250282,0.612980174,NS
ENSG00000159131,GART,-0.002704929,0.959634547,NS
ENSG00000159140,SON,0.078037148,0.05672827,NS
ENSG00000159147,DONSON,0.000652038,0.993139644,NS
ENSG00000159164,SV2A,-0.000413727,NA,NS
ENSG00000159166,LAD1,-0.004113892,0.938251996,NS
ENSG00000159167,STC1,0.006187407,NA,NS
ENSG00000159176,CSRP1,0.072616418,0.035915177,NS
ENSG00000159182,PRAC1,-0.082284052,0.068010828,NS
ENSG00000159184,HOXB13,-0.017673566,0.69318448,NS
ENSG00000159199,ATP5MC1,-0.044345688,0.306081989,NS
ENSG00000159200,RCAN1,-0.011316466,0.851825614,NS
ENSG00000159202,UBE2Z,-0.014400665,0.757201313,NS
ENSG00000159208,CIART,0.031041038,0.518833107,NS
ENSG00000159210,SNF8,-0.022508709,0.636643673,NS
ENSG00000159214,CCDC24,-0.022983607,0.645459876,NS
ENSG00000159216,RUNX1,-0.014970645,NA,NS
ENSG00000159228,CBR1,-0.024867419,0.616078334,NS
ENSG00000159231,CBR3,-0.011758173,0.828118426,NS
ENSG00000159256,MORC3,0.080688613,0.074858914,NS
ENSG00000159259,CHAF1B,-0.035939427,0.392160678,NS
ENSG00000159261,CLDN14,-0.013424884,NA,NS
ENSG00000159263,SIM2,-0.007996694,0.899527859,NS
ENSG00000159267,HLCS,0.05442416,0.159113283,NS
ENSG00000159307,SCUBE1,0.025651466,NA,NS
ENSG00000159314,ARHGAP27,-0.00780608,NA,NS
ENSG00000159322,ADPGK,-0.037286086,0.367666212,NS
ENSG00000159335,PTMS,-0.022412677,0.650868895,NS
ENSG00000159346,ADIPOR1,-0.011139434,0.812192631,NS
ENSG00000159348,CYB5R1,0.004337715,0.943502173,NS
ENSG00000159352,PSMD4,-0.060022287,0.077703886,NS
ENSG00000159363,ATP13A2,-0.042410675,0.322364223,NS
ENSG00000159377,PSMB4,-0.082233302,0.024468345,NS
ENSG00000159387,IRX6,-0.014280227,NA,NS
ENSG00000159388,BTG2,-0.034704328,0.42702786,NS
ENSG00000159399,HK2,0.065239243,0.132559928,NS
ENSG00000159403,C1R,-0.034048118,0.482987983,NS
ENSG00000159423,ALDH4A1,-0.032245599,0.486419287,NS
ENSG00000159433,STARD9,0.003772922,NA,NS
ENSG00000159445,THEM4,0.046241504,0.241309524,NS
ENSG00000159450,TCHH,0.009941848,NA,NS
ENSG00000159459,UBR1,0.061778623,0.170126832,NS
ENSG00000159461,AMFR,0.000302556,0.996357472,NS
ENSG00000159479,MED8,-0.050439098,0.258147247,NS
ENSG00000159556,ISL2,-0.043919224,NA,NS
ENSG00000159579,RSPRY1,0.04915795,0.280499438,NS
ENSG00000159588,CCDC17,0.001724787,NA,NS
ENSG00000159592,GPBP1L1,0.014988855,0.7613605,NS
ENSG00000159593,NAE1,0.024473157,0.557551039,NS
ENSG00000159596,TMEM69,0.004332235,0.944678543,NS
ENSG00000159658,EFCAB14,0.094477947,0.008470033,NS
ENSG00000159674,SPON2,-0.003543328,0.946066801,NS
ENSG00000159685,CHCHD6,-0.029752645,0.552509729,NS
ENSG00000159692,CTBP1,-0.008862404,0.855104959,NS
ENSG00000159708,LRRC36,-0.005760915,NA,NS
ENSG00000159714,ZDHHC1,0.005985037,NA,NS
ENSG00000159720,ATP6V0D1,0.01614017,0.738541013,NS
ENSG00000159733,ZFYVE28,-0.008480763,NA,NS
ENSG00000159753,CARMIL2,0.027300446,NA,NS
ENSG00000159761,C16orf86,-0.014144664,NA,NS
ENSG00000159788,RGS12,0.017287807,0.755688941,NS
ENSG00000159792,PSKH1,-0.05006864,0.208815406,NS
ENSG00000159840,ZYX,0.060752382,0.184672193,NS
ENSG00000159842,ABR,0.063707199,0.105234059,NS
ENSG00000159873,CCDC117,0.041380564,0.313078771,NS
ENSG00000159882,ZNF230,-0.049660398,NA,NS
ENSG00000159884,CCDC107,-0.064314069,0.161616809,NS
ENSG00000159885,ZNF222,0.019061538,NA,NS
ENSG00000159904,ZNF890P,-0.002621191,NA,NS
ENSG00000159905,ZNF221,0.017791282,NA,NS
ENSG00000159915,ZNF233,0.046162735,NA,NS
ENSG00000159917,ZNF235,-0.017227481,NA,NS
ENSG00000159958,TNFRSF13C,-0.023027446,NA,NS
ENSG00000160007,ARHGAP35,0.062870043,0.116437052,NS
ENSG00000160014,CALM3,-0.076081585,0.020505084,NS
ENSG00000160049,DFFA,-0.013820057,0.790831553,NS
ENSG00000160050,CCDC28B,-0.006232457,0.917356959,NS
ENSG00000160051,IQCC,-0.016780102,0.758418336,NS
ENSG00000160055,TMEM234,-0.036727314,0.411241738,NS
ENSG00000160058,BSDC1,0.018134903,0.723670158,NS
ENSG00000160062,ZBTB8A,-0.009740902,0.87620165,NS
ENSG00000160072,ATAD3B,0.00207083,0.973241844,NS
ENSG00000160075,SSU72,-0.023397894,0.618731711,NS
ENSG00000160087,UBE2J2,-0.011634988,0.81474255,NS
ENSG00000160094,ZNF362,-0.043420981,0.356935261,NS
ENSG00000160097,FNDC5,0.000643035,NA,NS
ENSG00000160111,CPAMD8,0.00026053,NA,NS
ENSG00000160113,NR2F6,-0.050885922,0.203983631,NS
ENSG00000160117,ANKLE1,0.009004798,NA,NS
ENSG00000160124,MIX23,-0.027107586,0.584771311,NS
ENSG00000160131,VMA21,-0.017043424,0.765908854,NS
ENSG00000160145,KALRN,-0.003821306,NA,NS
ENSG00000160161,CILP2,0.00542676,NA,NS
ENSG00000160179,ABCG1,-0.027768399,NA,NS
ENSG00000160182,TFF1,-0.021566903,NA,NS
ENSG00000160188,RSPH1,0.023104839,NA,NS
ENSG00000160190,SLC37A1,0.035739757,0.455702564,NS
ENSG00000160191,PDE9A,-0.067141143,0.082297403,NS
ENSG00000160193,WDR4,0.004288442,0.948804432,NS
ENSG00000160194,NDUFV3,-0.033974029,0.413004217,NS
ENSG00000160199,PKNOX1,0.049579451,0.283853884,NS
ENSG00000160200,CBS,-0.007168688,0.881868243,NS
ENSG00000160201,U2AF1,-0.027392758,0.560094409,NS
ENSG00000160207,HSF2BP,-0.021081755,NA,NS
ENSG00000160208,RRP1B,0.026620176,0.56845656,NS
ENSG00000160209,PDXK,0.012862531,0.786230201,NS
ENSG00000160211,G6PD,0.04139544,0.298306069,NS
ENSG00000160213,CSTB,0.070984493,0.106298306,NS
ENSG00000160214,RRP1,-0.0233164,0.62850562,NS
ENSG00000160216,AGPAT3,0.029108795,0.431684423,NS
ENSG00000160218,TRAPPC10,0.052019614,0.259836688,NS
ENSG00000160221,GATD3,-0.012159912,0.819894565,NS
ENSG00000160223,ICOSLG,-0.024202905,0.646505263,NS
ENSG00000160226,CFAP410,-0.032650031,0.510181264,NS
ENSG00000160229,ZNF66,0.021668722,0.666281591,NS
ENSG00000160233,LRRC3,0.041599218,0.387563749,NS
ENSG00000160255,ITGB2,0.022643002,NA,NS
ENSG00000160256,SLX9,-0.066182546,0.147566984,NS
ENSG00000160271,RALGDS,0.072454885,0.072404628,NS
ENSG00000160282,FTCD,0.001879568,NA,NS
ENSG00000160284,SPATC1L,-0.032849748,0.500365541,NS
ENSG00000160285,LSS,0.319681088,7.35E-14,NS
ENSG00000160293,VAV2,0.02283604,0.639006801,NS
ENSG00000160294,MCM3AP,0.01404735,0.787745281,NS
ENSG00000160298,C21orf58,-0.090927237,0.04212431,NS
ENSG00000160299,PCNT,0.063172807,0.1546206,NS
ENSG00000160305,DIP2A,0.103551493,0.016716312,NS
ENSG00000160310,PRMT2,0.013558633,0.803750966,NS
ENSG00000160318,CLDND2,-0.007772227,NA,NS
ENSG00000160321,ZNF208,0.018454371,NA,NS
ENSG00000160323,ADAMTS13,0.014158841,NA,NS
ENSG00000160325,CACFD1,0.055735891,0.223079015,NS
ENSG00000160326,SLC2A6,0.037354207,0.445330712,NS
ENSG00000160336,ZNF761,0.046925947,0.313197172,NS
ENSG00000160345,PIERCE1,-0.005761951,0.928072127,NS
ENSG00000160352,ZNF714,-0.002269806,0.969981264,NS
ENSG00000160360,GPSM1,-0.02055557,0.690090545,NS
ENSG00000160392,C19orf47,-0.055527892,0.225326487,NS
ENSG00000160401,CFAP157,-0.005878986,NA,NS
ENSG00000160404,TOR2A,-0.043245295,0.365972281,NS
ENSG00000160408,ST6GALNAC6,-0.007863049,0.90224423,NS
ENSG00000160410,SHKBP1,0.011597819,0.83684985,NS
ENSG00000160439,RDH13,0.03407575,0.465423824,NS
ENSG00000160445,ZER1,0.002864306,0.961618958,NS
ENSG00000160446,ZDHHC12,-0.107046899,0.009508702,NS
ENSG00000160447,PKN3,-0.015486683,NA,NS
ENSG00000160460,SPTBN4,-0.00547293,NA,NS
ENSG00000160469,BRSK1,-0.002398546,NA,NS
ENSG00000160505,NLRP4,-0.001143636,NA,NS
ENSG00000160551,TAOK1,0.105854787,0.019500902,NS
ENSG00000160563,MED27,-0.027228827,0.592304041,NS
ENSG00000160570,DEDD2,-0.034398872,0.480718557,NS
ENSG00000160584,SIK3,0.042544135,0.371876059,NS
ENSG00000160588,MPZL3,-0.038216737,0.414588665,NS
ENSG00000160602,NEK8,0.04195977,0.347135127,NS
ENSG00000160606,TLCD1,0.048693639,0.299989352,NS
ENSG00000160613,PCSK7,-0.006073477,0.923750304,NS
ENSG00000160633,SAFB,-0.026772097,0.504929347,NS
ENSG00000160679,CHTOP,-0.044683777,0.224834517,NS
ENSG00000160685,ZBTB7B,-0.049912903,0.155264722,NS
ENSG00000160688,FLAD1,-0.038792715,0.342131704,NS
ENSG00000160691,SHC1,0.023679927,0.569404047,NS
ENSG00000160695,VPS11,0.036868351,0.450296468,NS
ENSG00000160703,NLRX1,0.012705183,0.820525027,NS
ENSG00000160710,ADAR,0.074900475,0.054399396,NS
ENSG00000160712,IL6R,0.063749544,0.085092432,NS
ENSG00000160714,UBE2Q1,0.046422116,0.222854702,NS
ENSG00000160741,CRTC2,-0.001280628,0.985313768,NS
ENSG00000160746,ANO10,-0.002811643,0.966483505,NS
ENSG00000160752,FDPS,-0.012102006,0.815644325,NS
ENSG00000160753,RUSC1,-0.113365718,0.000668899,NS
ENSG00000160767,ENTREP3,-0.029389236,0.52062654,NS
ENSG00000160781,PAQR6,0.002493317,NA,NS
ENSG00000160783,PMF1,-0.091416166,0.026326567,NS
ENSG00000160785,SLC25A44,-0.008856928,0.875532686,NS
ENSG00000160789,LMNA,-0.02981531,0.442645838,NS
ENSG00000160796,NBEAL2,0.024048542,0.642890863,NS
ENSG00000160799,CCDC12,-0.04506573,0.326261564,NS
ENSG00000160801,PTH1R,-0.002854382,NA,NS
ENSG00000160803,UBQLN4,-0.002793309,0.958896235,NS
ENSG00000160813,PPP1R35,-0.078716571,0.085723252,NS
ENSG00000160818,GPATCH4,-0.085816488,0.022128415,NS
ENSG00000160862,AZGP1,-0.111163542,0.01103136,NS
ENSG00000160867,FGFR4,0.003402718,0.95594497,NS
ENSG00000160877,NACC1,-0.058452178,0.094940161,NS
ENSG00000160888,IER2,-0.009361293,0.872636875,NS
ENSG00000160908,ZNF394,-0.021191475,0.696994345,NS
ENSG00000160917,CPSF4,-0.042544656,0.360221118,NS
ENSG00000160932,LY6E,-0.110443119,0.006435062,NS
ENSG00000160948,VPS28,-0.078210409,0.052014654,NS
ENSG00000160949,TONSL,-0.036518343,0.422226546,NS
ENSG00000160953,PWWP3A,-0.004662338,0.943893985,NS
ENSG00000160957,RECQL4,-0.086815909,0.029315482,NS
ENSG00000160959,LRRC14,-0.061473742,0.149543027,NS
ENSG00000160961,ZNF333,0.014544479,NA,NS
ENSG00000160963,COL26A1,0.014519588,NA,NS
ENSG00000160972,PPP1R16A,-0.032504953,0.489159618,NS
ENSG00000160991,ORAI2,0.084309081,0.068044661,NS
ENSG00000160993,ALKBH4,-0.054289204,0.246785821,NS
ENSG00000160999,SH2B2,0.023883847,0.622979726,NS
ENSG00000161010,MRNIP,0.011723169,0.842065591,NS
ENSG00000161011,SQSTM1,0.02291454,0.57587033,NS
ENSG00000161013,MGAT4B,-0.050141071,0.194001718,NS
ENSG00000161016,RPL8,-0.084826752,0.038111821,NS
ENSG00000161021,MAML1,0.004156824,0.948195951,NS
ENSG00000161031,PGLYRP2,-0.035772473,NA,NS
ENSG00000161036,LRWD1,-0.010172199,0.868408226,NS
ENSG00000161040,FBXL13,-0.010818673,NA,NS
ENSG00000161048,NAPEPLD,0.004742728,0.943676564,NS
ENSG00000161057,PSMC2,-0.011926677,0.799550554,NS
ENSG00000161082,CELF5,0.005990218,NA,NS
ENSG00000161091,MFSD12,-0.001349221,0.983399439,NS
ENSG00000161179,YDJC,-0.071207469,0.088501916,NS
ENSG00000161202,DVL3,-0.000423825,0.995001701,NS
ENSG00000161203,AP2M1,-0.051076238,0.130539797,NS
ENSG00000161204,ABCF3,-0.038469744,0.334156169,NS
ENSG00000161217,PCYT1A,0.030974898,0.491925936,NS
ENSG00000161265,U2AF1L4,-0.008972059,NA,NS
ENSG00000161267,BDH1,0.060502067,0.09416856,NS
ENSG00000161277,THAP8,0.003858348,NA,NS
ENSG00000161298,ZNF382,0.016483781,0.762722024,NS
ENSG00000161328,LRRC56,-0.04337925,NA,NS
ENSG00000161395,PGAP3,-0.051571844,0.274682623,NS
ENSG00000161405,IKZF3,0.045190891,0.342131704,NS
ENSG00000161509,GRIN2C,0.037125558,NA,NS
ENSG00000161513,FDXR,-0.067822426,0.111029498,NS
ENSG00000161526,SAP30BP,-0.037472643,0.42702786,NS
ENSG00000161533,ACOX1,0.035762564,0.417429441,NS
ENSG00000161542,PRPSAP1,-0.026200084,0.556141614,NS
ENSG00000161544,CYGB,-0.008435549,NA,NS
ENSG00000161547,SRSF2,0.032187636,0.359180958,NS
ENSG00000161551,ZNF577,-0.03135736,0.487927031,NS
ENSG00000161558,TMEM143,-0.009003265,NA,NS
ENSG00000161594,KLHL10,-0.002881001,NA,NS
ENSG00000161609,KASH5,0.002742859,NA,NS
ENSG00000161618,ALDH16A1,-0.047198143,0.275438173,NS
ENSG00000161638,ITGA5,0.032749493,0.505626436,NS
ENSG00000161642,ZNF385A,0.026623586,0.611095341,NS
ENSG00000161647,MPP3,-0.015667361,NA,NS
ENSG00000161653,NAGS,-0.005451677,NA,NS
ENSG00000161654,LSM12,-0.011703225,0.819894565,NS
ENSG00000161671,EMC10,-0.096855004,0.006856697,NS
ENSG00000161677,JOSD2,-0.054855878,0.238830821,NS
ENSG00000161682,FAM171A2,0.007978701,0.892713146,NS
ENSG00000161692,DBF4B,-0.070195959,0.124075633,NS
ENSG00000161714,PLCD3,0.003723147,0.954738765,NS
ENSG00000161791,FMNL3,-0.003318303,NA,NS
ENSG00000161800,RACGAP1,-0.051913166,0.138513452,NS
ENSG00000161813,LARP4,0.140437116,2.44E-05,NS
ENSG00000161835,TAMALIN,-0.001166489,NA,NS
ENSG00000161847,RAVER1,-0.011274914,0.840964088,NS
ENSG00000161860,SYCE2,-0.068635036,NA,NS
ENSG00000161888,SPC24,-0.133316719,0.00056524,NS
ENSG00000161904,LEMD2,-0.033264902,0.497327711,NS
ENSG00000161905,ALOX15,0.026862228,0.483846488,NS
ENSG00000161914,ZNF653,-0.033623723,0.471721491,NS
ENSG00000161920,MED11,-0.021141602,0.697724885,NS
ENSG00000161921,CXCL16,0.062860334,0.092636486,NS
ENSG00000161939,RNASEK-C17orf49,-0.073236995,NA,NS
ENSG00000161955,TNFSF13,-0.00019915,0.998368771,NS
ENSG00000161956,SENP3,-0.046797484,0.193744606,NS
ENSG00000161958,FGF11,-0.012310542,NA,NS
ENSG00000161960,EIF4A1,-0.046796999,0.096311913,NS
ENSG00000161970,RPL26,-0.001164895,0.98604393,NS
ENSG00000161980,POLR3K,-0.039265117,0.380097415,NS
ENSG00000161981,SNRNP25,-0.062825644,0.11810651,NS
ENSG00000161996,WDR90,-0.045878091,0.335605758,NS
ENSG00000161999,JMJD8,-0.048989566,0.210813448,NS
ENSG00000162004,CCDC78,0.00606514,NA,NS
ENSG00000162009,SSTR5,0.013059267,0.813741848,NS
ENSG00000162032,SPSB3,-0.040547432,0.378793167,NS
ENSG00000162062,TEDC2,-0.058340508,0.208967562,NS
ENSG00000162063,CCNF,-0.062236227,0.128875956,NS
ENSG00000162065,TBC1D24,-0.002063155,0.973362843,NS
ENSG00000162066,AMDHD2,0.030550221,0.541775689,NS
ENSG00000162069,BICDL2,-0.019399966,0.713240997,NS
ENSG00000162073,PAQR4,-0.033639126,0.461536221,NS
ENSG00000162076,FLYWCH2,-0.044973373,0.343141928,NS
ENSG00000162078,ZG16B,-0.022436048,0.663899007,NS
ENSG00000162086,ZNF75A,0.00713655,0.91179784,NS
ENSG00000162104,ADCY9,0.098313215,0.01870808,NS
ENSG00000162105,SHANK2,0.080470847,0.078244393,NS
ENSG00000162129,CLPB,-0.030315122,0.522264567,NS
ENSG00000162139,NEU3,0.02656546,0.572541623,NS
ENSG00000162144,CYB561A3,-0.052376318,0.180547305,NS
ENSG00000162148,SAXO4,0.001850764,NA,NS
ENSG00000162174,ASRGL1,-0.126200169,0.002156425,NS
ENSG00000162188,GNG3,0.006346746,NA,NS
ENSG00000162191,UBXN1,-0.055776556,0.188791657,NS
ENSG00000162194,LBHD1,0.029344733,0.531606394,NS
ENSG00000162222,TTC9C,-0.043826665,0.355215511,NS
ENSG00000162227,TAF6L,0.003904748,0.952024718,NS
ENSG00000162231,NXF1,-0.029112504,0.501622008,NS
ENSG00000162236,STX5,-0.042547503,0.368746819,NS
ENSG00000162241,SLC25A45,0.003470938,0.958251088,NS
ENSG00000162244,RPL29,-0.049456161,0.250505642,NS
ENSG00000162298,SYVN1,-0.021144038,0.673218109,NS
ENSG00000162300,ZFPL1,0.032265996,0.510181264,NS
ENSG00000162302,RPS6KA4,-0.033845242,0.479300091,NS
ENSG00000162337,LRP5,0.034205934,0.392752654,NS
ENSG00000162341,TPCN2,0.042757262,0.362105903,NS
ENSG00000162366,PDZK1IP1,-0.006032628,NA,NS
ENSG00000162368,CMPK1,0.064626093,0.045366056,NS
ENSG00000162377,COA7,0.08042507,0.022934077,NS
ENSG00000162378,ZYG11B,0.048924857,0.288022995,NS
ENSG00000162384,CZIB,-0.051278529,0.256886386,NS
ENSG00000162385,MAGOH,-0.085098244,0.045639287,NS
ENSG00000162390,ACOT11,0.013756622,0.812788556,NS
ENSG00000162396,PARS2,-0.004160471,0.950517675,NS
ENSG00000162402,USP24,0.087512224,0.038111821,NS
ENSG00000162407,PLPP3,0.047033614,0.318542346,NS
ENSG00000162408,NOL9,0.001086055,0.987382332,NS
ENSG00000162409,PRKAA2,0.04566762,0.33790864,NS
ENSG00000162413,KLHL21,0.099381229,0.010786973,NS
ENSG00000162415,ZSWIM5,0.010002831,NA,NS
ENSG00000162419,GMEB1,-0.000222716,0.998368771,NS
ENSG00000162430,SELENON,0.007543406,0.896325517,NS
ENSG00000162433,AK4,0.054602042,0.142182384,NS
ENSG00000162434,JAK1,0.028326406,NA,NS
ENSG00000162437,RAVER2,0.036378989,0.453280751,NS
ENSG00000162441,LZIC,-0.002326075,0.968278814,NS
ENSG00000162458,FBLIM1,0.001825735,NA,NS
ENSG00000162461,SLC25A34,-0.008367833,NA,NS
ENSG00000162496,DHRS3,-0.079624598,0.067725002,NS
ENSG00000162512,SDC3,0.013312284,0.796771024,NS
ENSG00000162517,PEF1,-0.074679157,0.057083028,NS
ENSG00000162520,SYNC,-0.008405283,NA,NS
ENSG00000162521,RBBP4,0.000640171,0.990076597,NS
ENSG00000162522,NHSL3,0.074462889,0.018349119,NS
ENSG00000162526,TSSK3,0.002260427,NA,NS
ENSG00000162542,TMCO4,-0.005257243,0.934736948,NS
ENSG00000162545,CAMK2N1,0.309305793,8.17E-05,NS
ENSG00000162552,WNT4,0.003246567,NA,NS
ENSG00000162572,SCNN1D,-0.00250848,NA,NS
ENSG00000162576,MXRA8,0.026766476,0.607423575,NS
ENSG00000162585,FAAP20,-0.069315176,0.101298247,NS
ENSG00000162591,MEGF6,-0.025716419,NA,NS
ENSG00000162599,NFIA,-0.000722246,0.991903915,NS
ENSG00000162600,OMA1,0.039111679,0.368944384,NS
ENSG00000162601,MYSM1,0.111351229,0.02287849,NS
ENSG00000162604,TM2D1,0.05381815,0.247542004,NS
ENSG00000162607,USP1,0.01281884,0.802261447,NS
ENSG00000162613,FUBP1,-0.008126207,0.869472172,NS
ENSG00000162616,DNAJB4,-0.014184786,0.810119147,NS
ENSG00000162620,LRRIQ3,-0.01958612,NA,NS
ENSG00000162623,TYW3,0.013975152,0.794905576,NS
ENSG00000162627,SNX7,-0.018957475,0.73687822,NS
ENSG00000162631,NTNG1,0.000367348,0.996047709,NS
ENSG00000162636,EEIG2,0.114046615,0.01502613,NS
ENSG00000162639,HENMT1,-0.005328042,0.937336615,NS
ENSG00000162642,C1orf52,-0.042871996,0.366400529,NS
ENSG00000162643,DNAI3,0.006196783,NA,NS
ENSG00000162645,GBP2,0.049031038,0.269776749,NS
ENSG00000162650,ATXN7L2,-0.003304567,0.95818529,NS
ENSG00000162654,GBP4,0.015920399,NA,NS
ENSG00000162664,ZNF326,-0.035229799,0.475007272,NS
ENSG00000162669,HFM1,-0.001073426,NA,NS
ENSG00000162670,BRINP3,0.028414817,NA,NS
ENSG00000162676,GFI1,-0.006877023,NA,NS
ENSG00000162688,AGL,0.049976385,0.287206368,NS
ENSG00000162694,EXTL2,-0.066688124,0.128465303,NS
ENSG00000162695,SLC30A7,-0.009434564,0.879499896,NS
ENSG00000162702,ZNF281,-0.042913465,0.355157525,NS
ENSG00000162704,ARPC5,0.044269791,0.142386133,NS
ENSG00000162714,ZNF496,0.025843556,0.62120021,NS
ENSG00000162728,KCNJ9,0.008150619,NA,NS
ENSG00000162729,IGSF8,-0.073819571,0.051911618,NS
ENSG00000162733,DDR2,0.020357625,NA,NS
ENSG00000162734,PEA15,-0.058450757,0.068044661,NS
ENSG00000162735,PEX19,-0.004123279,0.939669528,NS
ENSG00000162736,NCSTN,0.005584818,0.918486315,NS
ENSG00000162738,VANGL2,0.006681528,NA,NS
ENSG00000162746,FCRLB,-0.007894915,NA,NS
ENSG00000162755,KLHDC9,-0.058207064,0.20845321,NS
ENSG00000162757,C1orf74,-0.043667759,0.360811357,NS
ENSG00000162769,FLVCR1,0.058481737,0.146741549,NS
ENSG00000162772,ATF3,-0.001557889,0.981922259,NS
ENSG00000162775,RBM15,0.014351197,0.805812056,NS
ENSG00000162779,AXDND1,0.000243414,NA,NS
ENSG00000162783,IER5,-0.045463974,0.335258855,NS
ENSG00000162804,SNED1,-0.000599969,0.993139644,NS
ENSG00000162813,BPNT1,0.004497129,0.940370971,NS
ENSG00000162814,SPATA17,-0.017823086,NA,NS
ENSG00000162817,C1orf115,0.006034947,0.921612968,NS
ENSG00000162819,BROX,0.075684737,0.03486719,NS
ENSG00000162825,NBPF20,0.047274567,NA,NS
ENSG00000162836,ACP6,-0.024823174,0.639565526,NS
ENSG00000162849,KIF26B,0.000378808,NA,NS
ENSG00000162851,TFB2M,0.044305613,0.259376508,NS
ENSG00000162852,CNST,0.060153045,0.143840184,NS
ENSG00000162869,PPP1R21,-0.01613273,0.781586277,NS
ENSG00000162878,PKDCC,-0.009324386,NA,NS
ENSG00000162885,B3GALNT2,0.059241328,0.146300358,NS
ENSG00000162889,MAPKAPK2,0.018861378,0.695363801,NS
ENSG00000162894,FCMR,0.048353127,NA,NS
ENSG00000162909,CAPN2,-0.006010416,0.921612968,NS
ENSG00000162910,MRPL55,-0.10644338,0.007196278,NS
ENSG00000162913,OBSCN-AS1,0.003636233,NA,NS
ENSG00000162923,WDR26,0.088653097,0.013283924,NS
ENSG00000162924,REL,0.112411386,0.028612754,NS
ENSG00000162927,PUS10,0.010092121,0.863723173,NS
ENSG00000162928,PEX13,0.057120218,0.190603838,NS
ENSG00000162929,SANBR,0.005819975,NA,NS
ENSG00000162946,DISC1,-0.002974235,NA,NS
ENSG00000162949,CAPN13,0.052391076,0.266273432,NS
ENSG00000162959,MEMO1,-0.002174728,0.969981264,NS
ENSG00000162961,DPY30,-0.014088248,0.802129123,NS
ENSG00000162971,TYW5,-0.010148738,0.863865153,NS
ENSG00000162972,MAIP1,-0.022069041,0.679528031,NS
ENSG00000162976,SLC66A3,0.021594996,0.690790406,NS
ENSG00000162980,ARL5A,0.030664718,0.496942995,NS
ENSG00000162981,LRATD1,0.011901644,NA,NS
ENSG00000162989,KCNJ3,0.050164812,0.269776749,NS
ENSG00000162994,CLHC1,-0.003880368,NA,NS
ENSG00000162999,DUSP19,-0.036443099,NA,NS
ENSG00000163001,CFAP36,-0.041884954,0.362543059,NS
ENSG00000163002,NUP35,-0.035942741,0.453280751,NS
ENSG00000163006,CCDC138,-0.004025781,0.95183136,NS
ENSG00000163013,FBXO41,0.043897097,0.354500022,NS
ENSG00000163026,WDCP,0.011302785,0.853954243,NS
ENSG00000163029,SMC6,-0.021024226,0.69978257,NS
ENSG00000163040,CCDC74A,-0.006245058,NA,NS
ENSG00000163041,H3-3A,-0.045238128,0.263799328,NS
ENSG00000163050,COQ8A,0.017354561,0.69926638,NS
ENSG00000163053,SLC16A14,0.033220966,0.433022073,NS
ENSG00000163069,SGCB,0.011131022,0.852044279,NS
ENSG00000163071,SPATA18,0.086616215,NA,NS
ENSG00000163072,NOSTRIN,0.005305503,NA,NS
ENSG00000163075,CFAP221,-0.117718323,NA,NS
ENSG00000163082,SGPP2,-0.001267851,NA,NS
ENSG00000163083,INHBB,0.011665928,0.840685106,NS
ENSG00000163093,BBS5,0.019330352,0.729681353,NS
ENSG00000163104,SMARCAD1,0.054098407,0.184163729,NS
ENSG00000163110,PDLIM5,-0.030025043,0.512542881,NS
ENSG00000163125,RPRD2,0.083067683,0.031705959,NS
ENSG00000163126,ANKRD23,0.004170427,NA,NS
ENSG00000163132,MSX1,0.002262188,0.969887444,NS
ENSG00000163138,PACRGL,0.006075476,0.92640012,NS
ENSG00000163141,BNIPL,0.031429028,NA,NS
ENSG00000163155,LYSMD1,-0.009853464,0.874543022,NS
ENSG00000163156,SCNM1,-0.074337307,0.092238449,NS
ENSG00000163157,TMOD4,-0.007727413,NA,NS
ENSG00000163159,VPS72,-0.058590613,0.131852425,NS
ENSG00000163161,ERCC3,-0.010447469,0.847704215,NS
ENSG00000163162,RNF149,-0.019638205,0.71257313,NS
ENSG00000163166,IWS1,-0.009728743,0.861591721,NS
ENSG00000163170,BOLA3,-0.059786623,0.198055404,NS
ENSG00000163171,CDC42EP3,-0.238466351,2.72E-06,NS
ENSG00000163191,S100A11,-0.055643199,0.202258332,NS
ENSG00000163214,DHX57,0.002082813,0.973169013,NS
ENSG00000163220,S100A9,-0.005597847,NA,NS
ENSG00000163235,TGFA,0.021638748,NA,NS
ENSG00000163249,CCNYL1,0.006301457,0.921876886,NS
ENSG00000163251,FZD5,0.006588756,0.914178252,NS
ENSG00000163257,DCAF16,0.037189915,0.394599717,NS
ENSG00000163273,NPPC,0.006830049,NA,NS
ENSG00000163281,GNPDA2,0.005603647,0.930852224,NS
ENSG00000163291,PAQR3,0.070545899,0.114764218,NS
ENSG00000163293,NIPAL1,0.085153548,0.068338691,NS
ENSG00000163297,ANTXR2,-0.010879676,NA,NS
ENSG00000163312,HELQ,0.004109894,0.950517675,NS
ENSG00000163319,MRPS18C,-0.053208341,0.255819635,NS
ENSG00000163320,CGGBP1,0.026211771,0.559333424,NS
ENSG00000163322,ABRAXAS1,-0.000482405,0.994807603,NS
ENSG00000163328,GPR155,0.053050716,NA,NS
ENSG00000163331,DAPL1,-0.019621604,NA,NS
ENSG00000163344,PMVK,-0.01642623,0.773861399,NS
ENSG00000163346,PBXIP1,0.004606936,0.943893985,NS
ENSG00000163348,PYGO2,-0.029558995,0.45863484,NS
ENSG00000163349,HIPK1,0.067350231,0.119964316,NS
ENSG00000163354,DCST2,0.006508322,NA,NS
ENSG00000163362,INAVA,-0.031644268,NA,NS
ENSG00000163374,YY1AP1,0.021197076,0.654830153,NS
ENSG00000163376,KBTBD8,-0.026021501,NA,NS
ENSG00000163377,TAFA4,0.013552246,NA,NS
ENSG00000163378,EOGT,0.011151752,0.856070615,NS
ENSG00000163382,NAXE,-0.070443441,0.068338691,NS
ENSG00000163389,POGLUT1,0.01678735,0.770231506,NS
ENSG00000163393,SLC22A15,0.033926494,NA,NS
ENSG00000163399,ATP1A1,-0.034999652,0.30470124,NS
ENSG00000163406,SLC15A2,-0.062937383,NA,NS
ENSG00000163412,EIF4E3,0.067216317,NA,NS
ENSG00000163428,LRRC58,0.074948168,0.073022083,NS
ENSG00000163430,FSTL1,0.067420293,NA,NS
ENSG00000163435,ELF3,0.304069424,2.20E-11,NS
ENSG00000163444,TMEM183A,-0.021116715,0.626178951,NS
ENSG00000163449,TMEM169,0.012186291,NA,NS
ENSG00000163462,TRIM46,-0.054918523,NA,NS
ENSG00000163463,KRTCAP2,-0.018000097,0.751828369,NS
ENSG00000163466,ARPC2,-0.010165052,0.858266736,NS
ENSG00000163467,TSACC,-0.015890086,NA,NS
ENSG00000163468,CCT3,-0.02105834,0.565376747,NS
ENSG00000163472,TMEM79,-0.102467488,0.013092032,NS
ENSG00000163479,SSR2,-0.085809442,0.021281187,NS
ENSG00000163481,RNF25,-0.056775835,0.224072654,NS
ENSG00000163482,STK36,-0.036492148,0.447014225,NS
ENSG00000163485,ADORA1,0.044536321,NA,NS
ENSG00000163491,NEK10,0.00719135,NA,NS
ENSG00000163492,CCDC141,-0.419289697,4.85E-07,NS
ENSG00000163497,FEV,-0.008982321,NA,NS
ENSG00000163501,IHH,-0.00121928,NA,NS
ENSG00000163507,CIP2A,-0.038111721,0.409517933,NS
ENSG00000163508,EOMES,0.014454075,NA,NS
ENSG00000163510,CWC22,0.014868386,0.798971603,NS
ENSG00000163512,AZI2,0.030772059,0.493519984,NS
ENSG00000163513,TGFBR2,-0.007069869,NA,NS
ENSG00000163516,ANKZF1,0.008929786,0.88470963,NS
ENSG00000163517,HDAC11,-0.012730513,0.832119094,NS
ENSG00000163520,FBLN2,-0.009000221,0.876323994,NS
ENSG00000163521,GLB1L,-0.028263693,0.569500321,NS
ENSG00000163527,STT3B,0.031508346,0.423514603,NS
ENSG00000163528,CHCHD4,0.016936494,0.746926876,NS
ENSG00000163531,NFASC,-0.00031542,NA,NS
ENSG00000163535,SGO2,-0.01927262,0.713509654,NS
ENSG00000163536,SERPINI1,0.099753202,0.038296088,NS
ENSG00000163539,CLASP2,0.055943287,0.188791657,NS
ENSG00000163541,SUCLG1,-0.09092418,0.009204864,NS
ENSG00000163545,NUAK2,-0.024120621,0.638067779,NS
ENSG00000163558,PRKCI,0.045056195,0.308545756,NS
ENSG00000163576,EFHB,-0.002349297,NA,NS
ENSG00000163577,EIF5A2,0.047079869,0.320787142,NS
ENSG00000163584,RPL22L1,-0.038679609,0.387906716,NS
ENSG00000163590,PPM1L,0.025378218,0.599437735,NS
ENSG00000163596,ICA1L,-0.001223094,0.982987605,NS
ENSG00000163597,SNHG16,-0.040905326,0.357364628,NS
ENSG00000163602,RYBP,0.023815779,0.622623289,NS
ENSG00000163605,PPP4R2,0.034388043,0.426393488,NS
ENSG00000163607,GTPBP8,-0.00761759,0.905471902,NS
ENSG00000163608,NEPRO,0.018676651,0.712162257,NS
ENSG00000163611,SPICE1,-0.03321095,0.497883628,NS
ENSG00000163617,CCDC191,0.001372471,NA,NS
ENSG00000163623,NKX6-1,-0.004830327,NA,NS
ENSG00000163624,CDS1,0.035813666,0.44561082,NS
ENSG00000163625,WDFY3,0.06061087,0.190163327,NS
ENSG00000163626,COX18,-0.089353769,0.030915477,NS
ENSG00000163629,PTPN13,0.065477754,0.149059693,NS
ENSG00000163631,ALB,-0.000123352,NA,NS
ENSG00000163633,C4orf36,-0.013663654,NA,NS
ENSG00000163634,THOC7,-0.038194594,0.389109615,NS
ENSG00000163635,ATXN7,0.034489738,0.485918286,NS
ENSG00000163636,PSMD6,-0.019014485,0.68435029,NS
ENSG00000163637,PRICKLE2,-0.016154614,NA,NS
ENSG00000163638,ADAMTS9,0.015129985,NA,NS
ENSG00000163644,PPM1K,-0.012821698,0.830207367,NS
ENSG00000163655,GMPS,0.0289894,0.472307236,NS
ENSG00000163659,TIPARP,0.003509413,0.954999228,NS
ENSG00000163660,CCNL1,0.103300037,0.030915477,NS
ENSG00000163666,HESX1,0.001318032,NA,NS
ENSG00000163681,SLMAP,0.085158026,0.02827351,NS
ENSG00000163682,RPL9,-0.10296386,0.00518496,NS
ENSG00000163683,SMIM14,0.099348628,0.01224682,NS
ENSG00000163684,RPP14,0.00561668,0.930955516,NS
ENSG00000163686,ABHD6,0.042566877,0.370070447,NS
ENSG00000163687,DNASE1L3,0.009468022,NA,NS
ENSG00000163689,CFAP20DC,-0.048566209,0.284995156,NS
ENSG00000163694,RBM47,0.018611307,0.733336186,NS
ENSG00000163697,APBB2,0.052454967,0.261533971,NS
ENSG00000163701,IL17RE,-0.004749507,NA,NS
ENSG00000163702,IL17RC,-0.021438273,0.683988451,NS
ENSG00000163703,CRELD1,-0.029358835,0.554967122,NS
ENSG00000163704,PRRT3,-0.004826919,0.937576513,NS
ENSG00000163714,U2SURP,0.015015531,0.776540144,NS
ENSG00000163719,MTMR14,0.02130319,0.689070484,NS
ENSG00000163728,TTC14,0.020718123,0.705305491,NS
ENSG00000163738,MTHFD2L,0.005869998,0.927518122,NS
ENSG00000163743,RCHY1,-0.001928077,0.973788622,NS
ENSG00000163754,GYG1,-0.036020824,0.396480318,NS
ENSG00000163755,HPS3,0.029252204,0.558576321,NS
ENSG00000163762,TM4SF18,-0.011703625,NA,NS
ENSG00000163781,TOPBP1,0.044911341,0.308278035,NS
ENSG00000163785,RYK,-0.025503793,0.583103369,NS
ENSG00000163788,SNRK,0.02975072,0.554818906,NS
ENSG00000163794,UCN,-0.014813963,NA,NS
ENSG00000163795,ZNF513,-0.001223058,0.986032435,NS
ENSG00000163798,SLC4A1AP,-0.03595937,0.427194511,NS
ENSG00000163807,KIAA1143,0.073409547,0.040472642,NS
ENSG00000163808,KIF15,-0.066944493,0.111029498,NS
ENSG00000163810,TGM4,0.009629829,NA,NS
ENSG00000163811,WDR43,0.037323857,0.319101809,NS
ENSG00000163812,ZDHHC3,0.039014971,0.318671737,NS
ENSG00000163814,CDCP1,0.052919729,0.205233938,NS
ENSG00000163815,CLEC3B,-0.001201463,NA,NS
ENSG00000163817,SLC6A20,-0.006376004,NA,NS
ENSG00000163818,LZTFL1,0.039003965,0.421319692,NS
ENSG00000163820,FYCO1,0.090647423,0.02179724,NS
ENSG00000163832,ELP6,-0.097704488,0.013774817,NS
ENSG00000163840,DTX3L,0.023415627,0.659039348,NS
ENSG00000163848,ZNF148,0.071779427,0.082372876,NS
ENSG00000163864,NMNAT3,0.007647812,NA,NS
ENSG00000163866,SMIM12,-0.022163618,0.661370874,NS
ENSG00000163867,ZMYM6,0.028536048,0.568773051,NS
ENSG00000163870,TPRA1,-0.051433788,0.221182031,NS
ENSG00000163872,YEATS2,0.028971897,0.554818906,NS
ENSG00000163874,ZC3H12A,0.047954986,0.310700841,NS
ENSG00000163875,MEAF6,-0.076124524,0.014019359,NS
ENSG00000163877,SNIP1,0.003871977,0.952277963,NS
ENSG00000163879,DNALI1,0.005532099,NA,NS
ENSG00000163882,POLR2H,-0.035683618,0.433140439,NS
ENSG00000163884,KLF15,-0.000637811,0.993139644,NS
ENSG00000163888,CAMK2N2,-0.016324128,NA,NS
ENSG00000163898,LIPH,-0.006416314,NA,NS
ENSG00000163900,TMEM41A,0.028589858,0.5487639,NS
ENSG00000163902,RPN1,-0.038078063,0.255151158,NS
ENSG00000163904,SENP2,0.027620608,0.548818213,NS
ENSG00000163913,IFT122,-0.036763097,0.442824685,NS
ENSG00000163918,RFC4,-0.041722061,0.343141928,NS
ENSG00000163930,BAP1,-0.021219753,0.605815812,NS
ENSG00000163931,TKT,-0.006240825,0.902032389,NS
ENSG00000163932,PRKCD,0.009111272,0.840964088,NS
ENSG00000163933,RFT1,-0.007235432,0.90224423,NS
ENSG00000163935,SFMBT1,0.04668632,0.305123871,NS
ENSG00000163938,GNL3,0.020600364,0.587026008,NS
ENSG00000163939,PBRM1,0.053863921,0.183996423,NS
ENSG00000163945,UVSSA,0.038977666,0.422941639,NS
ENSG00000163946,TASOR,0.044225504,0.336636988,NS
ENSG00000163947,ARHGEF3,0.002435311,NA,NS
ENSG00000163950,SLBP,0.001988546,0.968746607,NS
ENSG00000163956,LRPAP1,-0.055242104,0.15888988,NS
ENSG00000163959,SLC51A,0.00476631,NA,NS
ENSG00000163960,UBXN7,0.065613396,0.080100084,NS
ENSG00000163961,RNF168,0.028922778,0.534603947,NS
ENSG00000163964,PIGX,-0.020944361,0.657717607,NS
ENSG00000163975,MELTF,-0.004210433,NA,NS
ENSG00000163993,S100P,-0.031909781,NA,NS
ENSG00000164002,EXO5,-0.042672201,0.372086299,NS
ENSG00000164008,C1orf50,-0.010818911,0.858266736,NS
ENSG00000164010,ERMAP,0.036530999,0.433022073,NS
ENSG00000164011,ZNF691,-0.045010408,0.329369485,NS
ENSG00000164022,AIMP1,-0.024133338,0.581698547,NS
ENSG00000164023,SGMS2,0.08478481,0.054399396,NS
ENSG00000164024,METAP1,0.008483779,0.871483315,NS
ENSG00000164031,DNAJB14,0.044879497,0.314796009,NS
ENSG00000164032,H2AZ1,-0.051090596,0.200907054,NS
ENSG00000164035,EMCN,0.001663423,NA,NS
ENSG00000164037,SLC9B1,-0.002853041,NA,NS
ENSG00000164038,SLC9B2,0.034681912,0.481854093,NS
ENSG00000164039,BDH2,0.000505491,NA,NS
ENSG00000164040,PGRMC2,0.073904564,0.052014654,NS
ENSG00000164045,CDC25A,-0.014015352,0.789488513,NS
ENSG00000164048,ZNF589,0.021851999,0.687480041,NS
ENSG00000164050,PLXNB1,-0.006171228,0.925330229,NS
ENSG00000164051,CCDC51,-0.026305119,0.569404047,NS
ENSG00000164053,ATRIP,-0.040057297,0.381616943,NS
ENSG00000164054,SHISA5,-0.010679572,0.839863108,NS
ENSG00000164056,SPRY1,-0.243291851,5.16E-08,NS
ENSG00000164061,BSN,0.008466656,NA,NS
ENSG00000164062,APEH,-0.02975136,0.412454963,NS
ENSG00000164066,INTU,0.032504646,0.497497762,NS
ENSG00000164068,RNF123,0.048782548,0.286121176,NS
ENSG00000164070,HSPA4L,0.042974768,0.353810319,NS
ENSG00000164073,MFSD8,0.061020422,0.175763449,NS
ENSG00000164074,ABHD18,0.077894006,0.091086319,NS
ENSG00000164076,CAMKV,0.007505501,NA,NS
ENSG00000164077,MON1A,-0.049806779,0.282624266,NS
ENSG00000164078,MST1R,-0.001953002,NA,NS
ENSG00000164080,RAD54L2,0.03740846,0.417027216,NS
ENSG00000164081,TEX264,-0.040054257,0.313078771,NS
ENSG00000164082,GRM2,0.003405973,NA,NS
ENSG00000164086,DUSP7,0.014056944,0.808215407,NS
ENSG00000164087,POC1A,-0.086868267,0.03486719,NS
ENSG00000164088,PPM1M,-0.006959834,0.905134898,NS
ENSG00000164089,ETNPPL,-0.003740313,NA,NS
ENSG00000164091,WDR82,0.025672093,0.480127384,NS
ENSG00000164096,C4orf3,0.02009302,0.680865402,NS
ENSG00000164099,PRSS12,0.002610077,NA,NS
ENSG00000164104,HMGB2,-0.10459123,0.001163894,NS
ENSG00000164105,SAP30,-0.053529448,0.242769098,NS
ENSG00000164109,MAD2L1,-0.018555236,0.685719293,NS
ENSG00000164111,ANXA5,-0.009743327,0.840964088,NS
ENSG00000164114,MAP9,-0.076194286,0.073603088,NS
ENSG00000164116,GUCY1A1,0.084331183,0.032824466,NS
ENSG00000164117,FBXO8,0.004437334,0.948675007,NS
ENSG00000164118,CEP44,-0.011035558,0.858188344,NS
ENSG00000164120,HPGD,-0.013887383,0.811945944,NS
ENSG00000164124,TMEM144,0.136602796,0.00128003,NS
ENSG00000164125,GASK1B,0.263916698,2.18E-10,NS
ENSG00000164128,NPY1R,-0.001238173,NA,NS
ENSG00000164134,NAA15,0.034926634,0.420980371,NS
ENSG00000164136,IL15,0.003389565,NA,NS
ENSG00000164142,FHIP1A,0.058239614,0.210914536,NS
ENSG00000164144,ARFIP1,0.04868746,0.256886386,NS
ENSG00000164151,ICE1,0.077512905,0.078637496,NS
ENSG00000164162,ANAPC10,-0.015605087,0.779896517,NS
ENSG00000164163,ABCE1,0.048466831,0.17064856,NS
ENSG00000164164,OTUD4,0.091263788,0.035753925,NS
ENSG00000164167,LSM6,-0.072251895,0.10462475,NS
ENSG00000164168,TMEM184C,0.092635216,0.022380142,NS
ENSG00000164169,PRMT9,0.037549423,0.440358279,NS
ENSG00000164171,ITGA2,0.040759719,0.385335796,NS
ENSG00000164172,MOCS2,-0.001743972,0.975866964,NS
ENSG00000164175,SLC45A2,0.004383458,NA,NS
ENSG00000164180,TMEM161B,0.064877739,0.133647788,NS
ENSG00000164181,ELOVL7,-0.003183047,0.958251088,NS
ENSG00000164182,NDUFAF2,-0.115640629,0.005679504,NS
ENSG00000164187,LMBRD2,0.043243368,0.364622253,NS
ENSG00000164188,RANBP3L,-0.02737862,NA,NS
ENSG00000164190,NIPBL,0.063665712,0.160870601,NS
ENSG00000164197,RNF180,0.035905952,NA,NS
ENSG00000164199,ADGRV1,0.044152565,0.344004561,NS
ENSG00000164209,SLC25A46,0.09309269,0.014305077,NS
ENSG00000164211,STARD4,0.655709427,1.75E-12,NS
ENSG00000164219,PGGT1B,0.022182733,0.659329243,NS
ENSG00000164221,CCDC112,-0.016289807,0.776602157,NS
ENSG00000164236,ANKRD33B,0.007296334,NA,NS
ENSG00000164237,CMBL,-0.042003852,0.242769098,NS
ENSG00000164241,C5orf63,0.01096746,0.852760036,NS
ENSG00000164244,PRRC1,0.061702681,0.094940161,NS
ENSG00000164251,F2RL1,-0.035504602,0.450808736,NS
ENSG00000164252,AGGF1,-0.0155828,0.749129685,NS
ENSG00000164253,WDR41,-0.048960075,0.219206538,NS
ENSG00000164258,NDUFS4,-0.043450171,0.3416859,NS
ENSG00000164284,GRPEL2,-0.014258705,0.793583416,NS
ENSG00000164291,ARSK,-0.012620868,0.833116316,NS
ENSG00000164292,RHOBTB3,0.083634313,0.022264692,NS
ENSG00000164294,GPX8,-0.015738591,0.787187066,NS
ENSG00000164296,TIGD6,-0.007850471,0.90224423,NS
ENSG00000164300,SERINC5,0.121608714,0.001664038,NS
ENSG00000164305,CASP3,0.001810441,0.975386386,NS
ENSG00000164306,PRIMPOL,-0.007388657,0.908892303,NS
ENSG00000164307,ERAP1,0.052231385,0.267820674,NS
ENSG00000164308,ERAP2,-0.005664464,NA,NS
ENSG00000164323,CFAP97,0.08006994,0.052427313,NS
ENSG00000164327,RICTOR,0.032040302,0.520404018,NS
ENSG00000164329,TENT2,0.015569627,0.781586277,NS
ENSG00000164331,ANKRA2,-0.009167277,0.883924864,NS
ENSG00000164332,UBLCP1,0.005138739,0.933475291,NS
ENSG00000164338,UTP15,0.038075816,0.394599717,NS
ENSG00000164342,TLR3,0.042587612,NA,NS
ENSG00000164344,KLKB1,-0.003041571,NA,NS
ENSG00000164346,NSA2,-0.046001145,0.284831939,NS
ENSG00000164347,GFM2,0.046946597,0.236244953,NS
ENSG00000164362,TERT,0.005973956,NA,NS
ENSG00000164366,CCDC127,0.009057924,0.885293656,NS
ENSG00000164398,ACSL6,-0.012762281,NA,NS
ENSG00000164402,SEPTIN8,-0.019861682,0.678247973,NS
ENSG00000164403,SHROOM1,-0.010270742,0.862927824,NS
ENSG00000164404,GDF9,0.008713437,NA,NS
ENSG00000164405,UQCRQ,-0.078400254,0.069312135,NS
ENSG00000164406,LEAP2,-0.006235497,NA,NS
ENSG00000164414,SLC35A1,0.043592207,0.360730654,NS
ENSG00000164418,GRIK2,0.013404517,NA,NS
ENSG00000164442,CITED2,-0.063439789,0.116437052,NS
ENSG00000164463,CREBRF,0.04048837,NA,NS
ENSG00000164465,DCBLD1,-0.011597572,0.848635561,NS
ENSG00000164466,SFXN1,0.030867971,0.408226043,NS
ENSG00000164494,PDSS2,0.008422772,0.893839158,NS
ENSG00000164506,STXBP5,0.040813897,0.396428158,NS
ENSG00000164535,DAGLB,-0.015905095,0.783422701,NS
ENSG00000164542,MATCAP2,0.06587243,0.149456178,NS
ENSG00000164543,STK17A,-0.013512283,0.819894565,NS
ENSG00000164548,TRA2A,-0.034761759,0.438082067,NS
ENSG00000164574,GALNT10,0.379774218,2.46E-22,NS
ENSG00000164576,SAP30L,-0.023570756,0.654266806,NS
ENSG00000164587,RPS14,-0.063517372,0.106318213,NS
ENSG00000164597,COG5,-0.004470917,0.944436153,NS
ENSG00000164603,BMT2,0.028623241,0.57601568,NS
ENSG00000164609,SLU7,0.016124747,0.753842265,NS
ENSG00000164610,RP9,-0.033408122,NA,NS
ENSG00000164611,PTTG1,-0.068845038,0.110577938,NS
ENSG00000164615,CAMLG,0.027679661,0.562254846,NS
ENSG00000164620,RELL2,0.013798001,NA,NS
ENSG00000164621,SMAD5-AS1,0.001229048,NA,NS
ENSG00000164626,KCNK5,-0.004194949,0.948675007,NS
ENSG00000164627,KIF6,-0.027675931,NA,NS
ENSG00000164631,ZNF12,0.045573216,0.319403663,NS
ENSG00000164638,SLC29A4,-0.015816642,0.780045907,NS
ENSG00000164647,STEAP1,0.041917411,0.265140376,NS
ENSG00000164649,CDCA7L,-0.001440965,0.980618808,NS
ENSG00000164651,SP8,0.010377752,0.861869475,NS
ENSG00000164654,MIOS,0.076248124,0.055628876,NS
ENSG00000164659,ELAPOR2,0.006879014,0.914067779,NS
ENSG00000164663,USP49,0.016295371,0.7461199,NS
ENSG00000164674,SYTL3,0.004733754,NA,NS
ENSG00000164675,IQUB,0.007229534,NA,NS
ENSG00000164683,HEY1,-0.021220129,0.674305983,NS
ENSG00000164684,ZNF704,0.022152854,0.681785474,NS
ENSG00000164687,FABP5,0.003186172,NA,NS
ENSG00000164695,CHMP4C,0.023228511,0.662512526,NS
ENSG00000164713,BRI3,0.216907373,5.21E-07,NS
ENSG00000164715,LMTK2,0.023516207,0.658160847,NS
ENSG00000164733,CTSB,-0.039323438,0.337890995,NS
ENSG00000164741,DLC1,0.019327983,0.729254412,NS
ENSG00000164742,ADCY1,0.057144707,0.215437804,NS
ENSG00000164743,C8orf48,-0.000894692,NA,NS
ENSG00000164749,HNF4G,0.006203679,NA,NS
ENSG00000164751,PEX2,-0.076310557,0.064978049,NS
ENSG00000164754,RAD21,0.002237022,0.968278814,NS
ENSG00000164758,MED30,-0.018688606,0.730352026,NS
ENSG00000164761,TNFRSF11B,0.00996418,NA,NS
ENSG00000164778,EN2,-0.049590667,0.292209229,NS
ENSG00000164808,SPIDR,0.016737173,0.748962747,NS
ENSG00000164815,ORC5,-0.036021982,0.4366161,NS
ENSG00000164818,DNAAF5,0.027554544,0.503506268,NS
ENSG00000164823,OSGIN2,0.118818785,0.003022676,NS
ENSG00000164828,SUN1,0.048525138,0.225025203,NS
ENSG00000164830,OXR1,0.051289559,0.234310496,NS
ENSG00000164841,TMEM74,-0.004485695,NA,NS
ENSG00000164849,GPR146,-0.002274981,NA,NS
ENSG00000164850,GPER1,0.010913847,0.857127921,NS
ENSG00000164855,TMEM184A,-0.036748448,0.439739443,NS
ENSG00000164867,NOS3,2.077462617,NA,NS
ENSG00000164877,MICALL2,-0.04074335,0.371876059,NS
ENSG00000164880,INTS1,-0.000669679,0.990300835,NS
ENSG00000164885,CDK5,-0.068330156,0.106318213,NS
ENSG00000164889,SLC4A2,-0.038972148,0.338501472,NS
ENSG00000164893,SLC7A13,0.003856894,NA,NS
ENSG00000164896,FASTK,-0.052477795,0.177954742,NS
ENSG00000164897,TMUB1,-0.001449043,0.98223536,NS
ENSG00000164898,FMC1,-0.077672245,0.088046529,NS
ENSG00000164902,PHAX,0.002955463,0.959946821,NS
ENSG00000164916,FOXK1,-0.001091446,0.986610508,NS
ENSG00000164919,COX6C,-0.019804344,0.719307959,NS
ENSG00000164920,OSR2,0.036206156,0.458660319,NS
ENSG00000164924,YWHAZ,0.015873756,0.679363296,NS
ENSG00000164930,FZD6,0.047882292,0.283853884,NS
ENSG00000164933,SLC25A32,0.043230367,0.31740574,NS
ENSG00000164934,DCAF13,-0.007830439,0.890328486,NS
ENSG00000164938,TP53INP1,0.27924891,3.22E-09,NS
ENSG00000164941,INTS8,0.024982121,0.57260607,NS
ENSG00000164944,VIRMA,0.054461097,0.212240589,NS
ENSG00000164946,FREM1,0.007597293,NA,NS
ENSG00000164949,GEM,0.00357231,NA,NS
ENSG00000164951,PDP1,0.057645696,0.216262717,NS
ENSG00000164953,TMEM67,-0.004961509,0.940721594,NS
ENSG00000164961,WASHC5,0.084295243,0.028493163,NS
ENSG00000164967,RPP25L,-0.062282587,0.160052278,NS
ENSG00000164970,FAM219A,0.016880401,0.768482721,NS
ENSG00000164975,SNAPC3,0.000273627,0.997494019,NS
ENSG00000164976,MYORG,0.08212775,0.054620016,NS
ENSG00000164978,NUDT2,-0.031912436,0.506625746,NS
ENSG00000164983,TMEM65,-0.005024667,0.938413954,NS
ENSG00000164985,PSIP1,-0.045357167,0.212240589,NS
ENSG00000164989,CCDC171,-0.028114968,NA,NS
ENSG00000165006,UBAP1,0.07188156,0.056127985,NS
ENSG00000165029,ABCA1,0.010507529,NA,NS
ENSG00000165030,NFIL3,0.063623348,0.168227381,NS
ENSG00000165046,LETM2,0.018740822,NA,NS
ENSG00000165055,METTL2B,-0.001515658,0.980703918,NS
ENSG00000165060,FXN,-0.043436481,0.355098372,NS
ENSG00000165072,MAMDC2,0.003916874,NA,NS
ENSG00000165091,TMC1,-0.012505736,NA,NS
ENSG00000165092,ALDH1A1,-0.030907322,NA,NS
ENSG00000165097,KDM1B,0.06449844,0.144760237,NS
ENSG00000165102,HGSNAT,0.074613148,0.041207667,NS
ENSG00000165105,RASEF,0.081938618,0.052572076,NS
ENSG00000165113,GKAP1,-0.01600427,0.778477959,NS
ENSG00000165115,KIF27,-0.004090581,NA,NS
ENSG00000165118,QNG1,0.005321231,NA,NS
ENSG00000165119,HNRNPK,-0.013483831,0.704421583,NS
ENSG00000165124,SVEP1,0.011840075,NA,NS
ENSG00000165125,TRPV6,0.059663168,0.198055404,NS
ENSG00000165138,ANKS6,0.046393815,0.320359098,NS
ENSG00000165156,ZHX1,0.03882306,0.387806411,NS
ENSG00000165164,CFAP47,-0.034977687,NA,NS
ENSG00000165169,DYNLT3,0.030814421,0.509666623,NS
ENSG00000165171,METTL27,-0.047392442,0.288870889,NS
ENSG00000165175,MID1IP1,0.128839078,3.90E-06,NS
ENSG00000165185,KIAA1958,0.036061315,0.461479014,NS
ENSG00000165192,ASB11,0.011567048,NA,NS
ENSG00000165195,PIGA,0.024380543,0.64620624,NS
ENSG00000165209,STRBP,0.04918632,0.222688425,NS
ENSG00000165215,CLDN3,0.010087015,0.869282955,NS
ENSG00000165219,GAPVD1,0.030505798,0.535316068,NS
ENSG00000165233,CARD19,-0.05600892,0.227622463,NS
ENSG00000165238,WNK2,0.04238362,0.366938484,NS
ENSG00000165240,ATP7A,0.061849311,0.18027095,NS
ENSG00000165244,ZNF367,0.074391536,0.060449894,NS
ENSG00000165246,NLGN4Y,0.081117165,0.080041785,NS
ENSG00000165259,HDX,0.016786369,NA,NS
ENSG00000165264,NDUFB6,-0.073999639,0.088046529,NS
ENSG00000165271,NOL6,0.00752412,0.883974391,NS
ENSG00000165272,AQP3,0.012914281,NA,NS
ENSG00000165275,TRMT10B,-0.022702225,0.665757621,NS
ENSG00000165280,VCP,0.030183468,0.346881946,NS
ENSG00000165282,PIGO,0.01994701,0.669129054,NS
ENSG00000165283,STOML2,-0.056147425,0.137903694,NS
ENSG00000165288,BRWD3,0.03294771,0.448291373,NS
ENSG00000165304,MELK,-0.046010067,0.250643914,NS
ENSG00000165312,OTUD1,0.049265062,0.270045934,NS
ENSG00000165322,ARHGAP12,0.070151274,0.125743237,NS
ENSG00000165325,DEUP1,-0.071619399,NA,NS
ENSG00000165338,HECTD2,0.001083377,0.987296052,NS
ENSG00000165355,FBXO33,-0.014295422,0.810119147,NS
ENSG00000165359,INTS6L,0.02698898,NA,NS
ENSG00000165389,SPTSSA,0.010376345,0.836880696,NS
ENSG00000165392,WRN,0.045020151,0.338271543,NS
ENSG00000165406,MARCHF8,0.032754394,0.498232772,NS
ENSG00000165410,CFL2,0.022974067,0.646684814,NS
ENSG00000165416,SUGT1,-0.031091856,0.527201931,NS
ENSG00000165417,GTF2A1,0.014476368,0.793331957,NS
ENSG00000165424,ZCCHC24,0.071978399,0.09414711,NS
ENSG00000165434,PGM2L1,0.016008845,NA,NS
ENSG00000165449,SLC16A9,0.006796283,0.915448235,NS
ENSG00000165458,INPPL1,-0.014755043,0.802129123,NS
ENSG00000165474,GJB2,0.014040479,NA,NS
ENSG00000165475,CRYL1,-0.020600652,0.695363801,NS
ENSG00000165476,REEP3,0.035684626,0.378738493,NS
ENSG00000165478,HEPACAM,0.001438538,NA,NS
ENSG00000165480,SKA3,-0.029056949,0.551510053,NS
ENSG00000165487,MICU2,-0.008439608,0.88516258,NS
ENSG00000165490,DDIAS,-0.009001778,0.874959121,NS
ENSG00000165494,PCF11,0.069023168,0.071559926,NS
ENSG00000165495,PKNOX2,0.010705874,0.859820774,NS
ENSG00000165496,RPL10L,-0.046447687,0.292741894,NS
ENSG00000165501,LRR1,-0.039780747,0.387960265,NS
ENSG00000165502,RPL36AL,-0.081694739,0.053552385,NS
ENSG00000165506,DNAAF2,0.047280457,0.29891316,NS
ENSG00000165507,DEPP1,0.00400384,NA,NS
ENSG00000165511,ZNF22-AS1,0.003137885,NA,NS
ENSG00000165516,KLHDC2,0.012152553,0.828118426,NS
ENSG00000165521,EML5,0.038941931,NA,NS
ENSG00000165525,NEMF,-0.017618916,0.745970964,NS
ENSG00000165526,RPUSD4,-0.012984709,0.819894565,NS
ENSG00000165527,ARF6,0.036203265,0.297364678,NS
ENSG00000165533,TTC8,-0.02267251,0.652358701,NS
ENSG00000165548,TMEM63C,0.064916149,0.158763103,NS
ENSG00000165572,KBTBD6,0.031928625,0.491925936,NS
ENSG00000165591,FAAH2,-0.034971797,0.452205041,NS
ENSG00000165609,NUDT5,-0.01570137,0.763041895,NS
ENSG00000165626,BEND7,0.081156929,0.079659818,NS
ENSG00000165629,ATP5F1C,-0.016495193,0.716644828,NS
ENSG00000165630,PRPF18,-0.002382438,0.968746607,NS
ENSG00000165632,TAF3,-0.027514912,0.593598156,NS
ENSG00000165637,VDAC2,-0.023392364,0.589892361,NS
ENSG00000165644,COMTD1,-0.099150917,0.025457035,NS
ENSG00000165650,PDZD8,0.092920323,0.025708857,NS
ENSG00000165655,ZNF503,-0.037169694,0.44660392,NS
ENSG00000165660,ABRAXAS2,0.025641298,0.626178951,NS
ENSG00000165661,QSOX2,0.024010973,0.638067779,NS
ENSG00000165669,FAM204A,-0.060050863,0.181033619,NS
ENSG00000165671,NSD1,0.095344662,0.022291872,NS
ENSG00000165672,PRDX3,0.002675382,0.959987703,NS
ENSG00000165675,ENOX2,0.020028434,0.714391254,NS
ENSG00000165678,GHITM,0.007872038,0.859244411,NS
ENSG00000165684,SNAPC4,0.016569267,0.775945257,NS
ENSG00000165688,PMPCA,-0.026350775,0.547774063,NS
ENSG00000165689,ENTR1,-0.022030808,0.612580532,NS
ENSG00000165695,AK8,-0.013194024,NA,NS
ENSG00000165698,SPACA9,-0.019858357,0.713129095,NS
ENSG00000165699,TSC1,0.07905036,0.064111789,NS
ENSG00000165704,HPRT1,-0.025720164,0.58467583,NS
ENSG00000165714,BORCS5,-0.002832509,0.966483505,NS
ENSG00000165716,DIPK1B,-0.006754056,0.9161691,NS
ENSG00000165724,ZMYND19,-0.0151193,0.773164947,NS
ENSG00000165730,STOX1,0.000597812,NA,NS
ENSG00000165731,RET,3.15E-05,NA,NS
ENSG00000165732,DDX21,0.01829945,0.695578392,NS
ENSG00000165733,BMS1,0.044083015,0.262498022,NS
ENSG00000165752,STK32C,-0.035755501,0.458736709,NS
ENSG00000165757,JCAD,0.018263819,0.741124074,NS
ENSG00000165775,FUNDC2,-0.031936219,0.497327711,NS
ENSG00000165782,PIP4P1,0.013335345,0.819894565,NS
ENSG00000165792,METTL17,-0.06132206,0.14908504,NS
ENSG00000165794,SLC39A2,-0.01558147,NA,NS
ENSG00000165795,NDRG2,-0.019698153,0.696663412,NS
ENSG00000165801,ARHGEF40,0.076660926,0.095955854,NS
ENSG00000165802,NSMF,0.026780256,0.526247097,NS
ENSG00000165804,ZNF219,0.010836929,0.858266736,NS
ENSG00000165806,CASP7,0.026992549,0.603209093,NS
ENSG00000165810,BTNL9,-0.001717618,NA,NS
ENSG00000165813,CCDC186,0.052781003,0.256886386,NS
ENSG00000165816,VWA2,0.02595629,NA,NS
ENSG00000165819,METTL3,0.007961116,0.893423871,NS
ENSG00000165821,SALL2,0.027363315,NA,NS
ENSG00000165832,TRUB1,0.006496301,0.908998711,NS
ENSG00000165841,CYP2C19,-0.019567062,NA,NS
ENSG00000165861,ZFYVE1,-0.000470853,0.99512713,NS
ENSG00000165868,HSPA12A,0.03526875,0.469612927,NS
ENSG00000165879,FRAT1,-0.022703612,0.665757621,NS
ENSG00000165886,UBTD1,0.030191167,0.505626436,NS
ENSG00000165887,ANKRD2,0.000181449,NA,NS
ENSG00000165891,E2F7,0.005898077,0.928137693,NS
ENSG00000165895,ARHGAP42,0.033712882,NA,NS
ENSG00000165898,ISCA2,-0.020443981,0.706600213,NS
ENSG00000165899,OTOGL,0.007066626,NA,NS
ENSG00000165905,LARGE2,0.057656006,0.216095435,NS
ENSG00000165912,PACSIN3,0.007247951,0.908998711,NS
ENSG00000165914,TTC7B,0.048991175,0.249964465,NS
ENSG00000165915,SLC39A13,-0.033025255,0.491456608,NS
ENSG00000165916,PSMC3,-0.086086462,0.004859118,NS
ENSG00000165929,TC2N,0.077358663,0.04511676,NS
ENSG00000165934,CPSF2,0.056465428,0.09750867,NS
ENSG00000165943,MOAP1,0.033422014,0.451860125,NS
ENSG00000165948,IFI27L1,-0.018980639,NA,NS
ENSG00000165959,CLMN,0.029379953,0.555602472,NS
ENSG00000165983,PTER,0.032066655,0.517525629,NS
ENSG00000165995,CACNB2,0.003678271,NA,NS
ENSG00000165996,HACD1,-0.004420185,NA,NS
ENSG00000165997,ARL5B,0.011574739,0.835129755,NS
ENSG00000166002,SMCO4,-0.045251835,0.311028449,NS
ENSG00000166004,CEP295,0.026124212,0.614063216,NS
ENSG00000166006,KCNC2,0.042041282,0.331587026,NS
ENSG00000166012,TAF1D,0.034403811,0.456776747,NS
ENSG00000166016,ABTB2,0.403911797,1.92E-09,NS
ENSG00000166024,R3HCC1L,-0.01156828,0.843426536,NS
ENSG00000166025,AMOTL1,-0.004885915,NA,NS
ENSG00000166033,HTRA1,0.02585983,NA,NS
ENSG00000166037,CEP57,0.00957231,0.86468476,NS
ENSG00000166046,TCP11L2,0.049610823,NA,NS
ENSG00000166049,PASD1,-0.01360222,NA,NS
ENSG00000166068,SPRED1,-0.01197237,0.839605626,NS
ENSG00000166073,GPR176,-0.000225459,0.998368771,NS
ENSG00000166086,JAM3,0.014277963,NA,NS
ENSG00000166106,ADAMTS15,-0.031066543,NA,NS
ENSG00000166123,GPT2,-0.117509359,5.00E-05,NS
ENSG00000166128,RAB8B,0.031389437,0.510128542,NS
ENSG00000166130,IKBIP,-0.011332621,0.853502491,NS
ENSG00000166133,RPUSD2,-0.040757166,0.397406756,NS
ENSG00000166135,HIF1AN,0.00101394,0.988078923,NS
ENSG00000166136,NDUFB8,-0.06161892,0.14883766,NS
ENSG00000166140,ZFYVE19,-0.00706534,0.911904394,NS
ENSG00000166145,SPINT1,-0.006712858,0.894378796,NS
ENSG00000166147,FBN1,0.034058792,NA,NS
ENSG00000166153,DEPDC4,-0.010437246,NA,NS
ENSG00000166164,BRD7,-0.020181078,0.664875158,NS
ENSG00000166165,CKB,-0.075160134,0.021250773,NS
ENSG00000166166,TRMT61A,-0.001378456,0.982863349,NS
ENSG00000166167,BTRC,0.039684863,0.409429934,NS
ENSG00000166169,POLL,-0.037421468,0.44561082,NS
ENSG00000166170,BAG5,0.028181841,0.53812232,NS
ENSG00000166171,DPCD,-0.082391207,0.064136401,NS
ENSG00000166173,LARP6,-0.00237243,0.968983718,NS
ENSG00000166181,API5,0.059726673,0.06649229,NS
ENSG00000166188,ZNF319,0.010365315,0.865777781,NS
ENSG00000166189,HPS6,-0.016704429,0.764161839,NS
ENSG00000166192,SENP8,-0.007485568,NA,NS
ENSG00000166197,NOLC1,0.029098161,0.414633771,NS
ENSG00000166199,ALKBH3,-0.061664313,0.163524889,NS
ENSG00000166200,COPS2,0.015343523,0.747642295,NS
ENSG00000166206,GABRB3,0.011342554,0.849657095,NS
ENSG00000166224,SGPL1,0.019005693,0.690311446,NS
ENSG00000166225,FRS2,0.164399527,9.78E-05,NS
ENSG00000166226,CCT2,-0.006394903,0.893618594,NS
ENSG00000166228,PCBD1,0.000599912,0.993139644,NS
ENSG00000166233,ARIH1,0.059611531,0.125636931,NS
ENSG00000166246,DNAAF8,-0.015083372,NA,NS
ENSG00000166250,CLMP,0.005031023,NA,NS
ENSG00000166260,COX11,0.007223071,0.902032389,NS
ENSG00000166261,ZNF202,-0.003001775,0.962992428,NS
ENSG00000166262,FAM227B,0.012618186,NA,NS
ENSG00000166263,STXBP4,0.020906283,0.702089321,NS
ENSG00000166266,CUL5,0.068701826,0.117109535,NS
ENSG00000166272,WBP1L,-0.016412426,0.771257144,NS
ENSG00000166275,BORCS7,0.018515626,0.744562798,NS
ENSG00000166278,C2,-0.031299778,NA,NS
ENSG00000166289,PLEKHF1,-0.017086269,0.747642295,NS
ENSG00000166292,TMEM100,-0.224556933,NA,NS
ENSG00000166295,ANAPC16,0.037276574,0.378791975,NS
ENSG00000166311,SMPD1,-0.000175697,0.998368771,NS
ENSG00000166313,APBB1,0.035817839,0.450812167,NS
ENSG00000166321,NUDT13,-0.01987255,NA,NS
ENSG00000166323,C11orf65,0.002202023,NA,NS
ENSG00000166326,TRIM44,0.031362921,0.454816852,NS
ENSG00000166333,ILK,-0.017799358,0.738541013,NS
ENSG00000166337,TAF10,-0.109598443,0.005017327,NS
ENSG00000166340,TPP1,0.317612794,1.10E-20,NS
ENSG00000166341,DCHS1,-0.007201649,NA,NS
ENSG00000166342,NETO1,0.13937671,1.12E-06,NS
ENSG00000166343,MSS51,-0.013764616,NA,NS
ENSG00000166347,CYB5A,-0.053879729,0.189228654,NS
ENSG00000166348,USP54,0.128218368,0.001317431,NS
ENSG00000166349,RAG1,0.003840903,NA,NS
ENSG00000166352,IFTAP,0.029397472,0.557551039,NS
ENSG00000166377,ATP9B,0.014815507,0.801779851,NS
ENSG00000166387,PPFIBP2,-0.050493165,0.252336407,NS
ENSG00000166391,MOGAT2,-0.021009939,NA,NS
ENSG00000166398,GARRE1,0.048046993,0.310700841,NS
ENSG00000166401,SERPINB8,-0.00144887,NA,NS
ENSG00000166402,TUB,0.072200869,0.107016318,NS
ENSG00000166405,RIC3,-0.011080649,NA,NS
ENSG00000166411,IDH3A,0.039051771,0.343141928,NS
ENSG00000166415,WDR72,0.016091418,0.779273613,NS
ENSG00000166432,ZMAT1,0.009774324,NA,NS
ENSG00000166435,XRRA1,0.032327851,0.499766556,NS
ENSG00000166436,TRIM66,0.020249147,0.68435029,NS
ENSG00000166439,RNF169,0.051943142,0.26727921,NS
ENSG00000166441,RPL27A,-0.052992925,0.216069492,NS
ENSG00000166444,DENND2B,0.011142115,0.839863108,NS
ENSG00000166446,CDYL2,-0.00498324,0.939252415,NS
ENSG00000166450,PRTG,-0.017640109,NA,NS
ENSG00000166451,CENPN,-0.075224312,0.007227215,NS
ENSG00000166452,AKIP1,-0.099656335,0.013092032,NS
ENSG00000166454,ATMIN,0.012706109,0.805572844,NS
ENSG00000166455,C16orf46,0.028775522,NA,NS
ENSG00000166471,TMEM41B,0.070671081,0.089997563,NS
ENSG00000166477,LEO1,-0.051228665,0.165710166,NS
ENSG00000166478,ZNF143,0.054686486,0.211414657,NS
ENSG00000166479,TMX3,0.05366288,0.209691278,NS
ENSG00000166483,WEE1,0.024492774,0.576239285,NS
ENSG00000166484,MAPK7,-0.013039289,0.82661256,NS
ENSG00000166503,HDGFL3,-0.00666234,0.911088904,NS
ENSG00000166507,NDST2,0.016803502,0.770360412,NS
ENSG00000166508,MCM7,-0.053702193,0.06336367,NS
ENSG00000166526,ZNF3,0.041281787,0.370672303,NS
ENSG00000166529,ZSCAN21,-0.009718506,0.867856251,NS
ENSG00000166532,RIMKLB,0.11211592,0.01224682,NS
ENSG00000166535,A2ML1,0.003397616,NA,NS
ENSG00000166548,TK2,-0.016414256,0.761857094,NS
ENSG00000166557,TMED3,-0.033351502,0.437458225,NS
ENSG00000166562,SEC11C,0.002877437,0.962107072,NS
ENSG00000166575,TMEM135,0.175548387,3.90E-06,NS
ENSG00000166578,IQCD,-0.036238409,NA,NS
ENSG00000166579,NDEL1,0.001538678,0.980420064,NS
ENSG00000166582,CENPV,-0.057716994,0.205310353,NS
ENSG00000166595,CIAO2B,-0.050306338,0.256886386,NS
ENSG00000166596,CFAP52,0.001614009,NA,NS
ENSG00000166598,HSP90B1,0.060648722,0.021250773,NS
ENSG00000166619,BLCAP,-0.017293687,0.709497462,NS
ENSG00000166664,CHRFAM7A,0.008065019,NA,NS
ENSG00000166681,BEX3,-0.065636794,0.121493134,NS
ENSG00000166685,COG1,0.027954983,0.573638438,NS
ENSG00000166689,PLEKHA7,0.038592691,0.430099167,NS
ENSG00000166704,ZNF606,0.030192193,0.549949963,NS
ENSG00000166710,B2M,0.060406347,0.099808019,NS
ENSG00000166716,ZNF592,0.026221275,0.589574796,NS
ENSG00000166734,GOLM2,0.028061003,0.528572451,NS
ENSG00000166736,HTR3A,0.01421921,NA,NS
ENSG00000166741,NNMT,0.002181262,NA,NS
ENSG00000166743,ACSM1,0.006569347,NA,NS
ENSG00000166747,AP1G1,0.066305995,0.108823839,NS
ENSG00000166750,SLFN5,0.404074728,1.35E-13,NS
ENSG00000166762,CATSPER2,0.032627321,NA,NS
ENSG00000166770,ZNF667-AS1,-0.028705206,0.512660612,NS
ENSG00000166780,BMERB1,0.032591077,NA,NS
ENSG00000166783,MARF1,0.030569362,0.510181264,NS
ENSG00000166788,SAAL1,-0.022038239,0.68435029,NS
ENSG00000166794,PPIB,-0.078274373,0.044107211,NS
ENSG00000166797,CIAO2A,-0.002071233,0.971590509,NS
ENSG00000166801,FAM111A,0.067638237,0.112743571,NS
ENSG00000166803,PCLAF,-0.024980744,0.620143407,NS
ENSG00000166816,LDHD,-0.027895397,0.578024883,NS
ENSG00000166821,PEX11A,0.056888968,0.223555955,NS
ENSG00000166822,TMEM170A,0.002910019,0.965213261,NS
ENSG00000166823,MESP1,0.014047751,0.802129123,NS
ENSG00000166828,SCNN1G,-0.009929774,NA,NS
ENSG00000166831,RBPMS2,0.035662992,NA,NS
ENSG00000166833,NAV2,-0.009651262,NA,NS
ENSG00000166839,ANKDD1A,-0.01038434,NA,NS
ENSG00000166840,GLYATL1,0.069842693,0.07536842,NS
ENSG00000166845,C18orf54,-0.033040158,0.505429895,NS
ENSG00000166847,DCTN5,0.030140902,0.458602961,NS
ENSG00000166848,TERF2IP,-0.036417513,0.360894545,NS
ENSG00000166851,PLK1,-0.116952438,0.001063755,NS
ENSG00000166855,CLPX,0.052588607,0.186183948,NS
ENSG00000166860,ZBTB39,-0.015098302,0.796771024,NS
ENSG00000166881,NEMP1,0.033276126,0.47916713,NS
ENSG00000166886,NAB2,0.008686159,0.890132635,NS
ENSG00000166887,VPS39,0.033606901,0.46419494,NS
ENSG00000166888,STAT6,0.08620967,NA,NS
ENSG00000166889,PATL1,0.094767216,0.009398368,NS
ENSG00000166896,ATP23,-0.025778604,0.623862192,NS
ENSG00000166897,ELFN2,0.012333722,NA,NS
ENSG00000166900,STX3,0.158716154,1.29E-05,NS
ENSG00000166902,MRPL16,-0.023280945,0.610415181,NS
ENSG00000166908,PIP4K2C,0.034232507,0.411902639,NS
ENSG00000166912,MTMR10,0.050283106,0.283085482,NS
ENSG00000166913,YWHAB,-0.011747768,0.793417387,NS
ENSG00000166924,NYAP1,0.000343047,NA,NS
ENSG00000166925,TSC22D4,-0.006007835,0.920498014,NS
ENSG00000166938,DIS3L,0.06282508,0.132046328,NS
ENSG00000166946,CCNDBP1,-0.028982839,0.568773051,NS
ENSG00000166948,TGM6,0.008247696,NA,NS
ENSG00000166949,SMAD3,0.062184168,0.177483139,NS
ENSG00000166963,MAP1A,-0.001645927,0.977630631,NS
ENSG00000166965,RCCD1,-0.004766912,0.943893985,NS
ENSG00000166971,AKTIP,0.0686494,0.085822045,NS
ENSG00000166974,MAPRE2,-0.017857522,0.754875836,NS
ENSG00000166979,EVA1C,-0.015895012,NA,NS
ENSG00000166986,MARS1,-0.069873739,0.014887625,NS
ENSG00000166987,MBD6,-0.0028373,0.966483505,NS
ENSG00000166997,CNPY4,-0.019831301,NA,NS
ENSG00000167004,PDIA3,0.015938178,0.683055937,NS
ENSG00000167005,NUDT21,0.049233472,0.160870601,NS
ENSG00000167034,NKX3-1,-0.010692344,0.807399179,NS
ENSG00000167037,SGSM1,0.01762291,NA,NS
ENSG00000167046,NA,-0.009201228,NA,NS
ENSG00000167065,DUSP18,0.000688158,NA,NS
ENSG00000167074,TEF,0.004040536,0.951903791,NS
ENSG00000167081,PBX3,0.00650342,0.920424236,NS
ENSG00000167085,PHB1,-0.046729314,0.258982617,NS
ENSG00000167088,SNRPD1,-0.055963381,0.140615612,NS
ENSG00000167094,TTC16,-0.001607208,NA,NS
ENSG00000167103,PIP5KL1,0.010621628,NA,NS
ENSG00000167106,EEIG1,0.039695139,0.385335796,NS
ENSG00000167107,ACSF2,0.007299401,NA,NS
ENSG00000167110,GOLGA2,-0.035949897,0.394531492,NS
ENSG00000167112,TRUB2,-0.02172518,0.646505263,NS
ENSG00000167113,COQ4,-0.091167821,0.024893566,NS
ENSG00000167114,SLC27A4,-0.024463105,0.58637799,NS
ENSG00000167118,URM1,-0.072531174,0.054845355,NS
ENSG00000167123,CERCAM,-0.001699382,NA,NS
ENSG00000167130,DOLPP1,-0.056859032,0.160744194,NS
ENSG00000167131,CCDC103,-0.031702345,NA,NS
ENSG00000167136,ENDOG,-0.064902774,0.131821774,NS
ENSG00000167157,PRRX2,-0.011915679,NA,NS
ENSG00000167165,UGT1A6,0.011835107,NA,NS
ENSG00000167173,C15orf39,0.035686117,0.458660319,NS
ENSG00000167182,SP2,-0.034283929,0.479300091,NS
ENSG00000167183,PRR15L,-0.016716423,0.754991052,NS
ENSG00000167186,COQ7,0.016862581,0.764413676,NS
ENSG00000167191,GPRC5B,-0.040889576,0.386021299,NS
ENSG00000167193,CRK,0.026203282,0.553506724,NS
ENSG00000167196,FBXO22,0.008273201,0.886914697,NS
ENSG00000167202,TBC1D2B,0.049906579,0.275185332,NS
ENSG00000167207,NOD2,0.016043485,NA,NS
ENSG00000167216,KATNAL2,0.016194758,NA,NS
ENSG00000167220,HDHD2,0.001250143,0.982632969,NS
ENSG00000167232,ZNF91,0.039557642,0.412454963,NS
ENSG00000167244,IGF2,0.000865936,NA,NS
ENSG00000167257,RNF214,0.007994234,0.900410334,NS
ENSG00000167258,CDK12,0.07509563,0.035400484,NS
ENSG00000167264,DUS2,-0.03456997,0.480718557,NS
ENSG00000167272,POP5,-0.038767459,0.417030126,NS
ENSG00000167280,ENGASE,-0.009481057,0.880631766,NS
ENSG00000167283,ATP5MG,-0.073168656,0.073922246,NS
ENSG00000167291,TBC1D16,0.018601568,0.673148306,NS
ENSG00000167302,TEPSIN,-0.032792419,0.488074092,NS
ENSG00000167306,MYO5B,0.065880209,0.151516646,NS
ENSG00000167315,ACAA2,-0.037803539,0.437751022,NS
ENSG00000167323,STIM1,0.022371607,0.620143407,NS
ENSG00000167325,RRM1,-0.028706007,0.478232487,NS
ENSG00000167333,TRIM68,0.010093626,0.865838772,NS
ENSG00000167363,FN3K,0.012300969,NA,NS
ENSG00000167371,PRRT2,-0.013577217,NA,NS
ENSG00000167377,ZNF23,-0.017556676,0.729681353,NS
ENSG00000167378,IRGQ,0.011182613,0.855324639,NS
ENSG00000167380,ZNF226,0.000624487,0.993139644,NS
ENSG00000167384,ZNF180,-0.007892528,0.901198792,NS
ENSG00000167393,PPP2R3B,-0.044244011,0.334868,NS
ENSG00000167394,ZNF668,-0.022747717,0.668483664,NS
ENSG00000167395,ZNF646,-0.020446645,0.695363801,NS
ENSG00000167397,VKORC1,-0.090539595,0.036077903,NS
ENSG00000167419,LPO,-0.001754924,NA,NS
ENSG00000167434,CA4,-0.015430626,NA,NS
ENSG00000167447,SMG8,0.024936088,0.615764035,NS
ENSG00000167460,TPM4,0.003476108,0.950517675,NS
ENSG00000167461,RAB8A,-0.044379344,0.226149341,NS
ENSG00000167468,GPX4,-0.056822196,0.167500375,NS
ENSG00000167470,MIDN,-0.055743007,0.131143847,NS
ENSG00000167476,JSRP1,-0.03923105,NA,NS
ENSG00000167487,KLHL26,-0.023355415,0.663211549,NS
ENSG00000167491,GATAD2A,0.020412234,0.645781269,NS
ENSG00000167508,MVD,0.041548348,0.387960265,NS
ENSG00000167513,CDT1,-0.023045955,0.628820848,NS
ENSG00000167515,TRAPPC2L,-0.007430029,0.906904922,NS
ENSG00000167522,ANKRD11,-0.037943645,0.389109615,NS
ENSG00000167523,SPATA33,-0.040801123,0.388793007,NS
ENSG00000167524,RSKR,-0.03044298,NA,NS
ENSG00000167526,RPL13,-0.086179253,0.025784823,NS
ENSG00000167528,ZNF641,0.036334429,0.457925272,NS
ENSG00000167535,CACNB3,-0.026236626,0.611790969,NS
ENSG00000167536,DHRS13,-0.037060941,0.44561082,NS
ENSG00000167543,TP53I13,-0.036090808,0.461164872,NS
ENSG00000167548,KMT2D,0.001639061,0.976415055,NS
ENSG00000167550,RHEBL1,0.010410385,NA,NS
ENSG00000167552,TUBA1A,-0.008266383,NA,NS
ENSG00000167553,TUBA1C,-0.070482062,0.063596619,NS
ENSG00000167554,ZNF610,0.011859869,0.840964088,NS
ENSG00000167555,ZNF528,0.006106329,0.925803871,NS
ENSG00000167562,ZNF701,0.046106658,0.321554755,NS
ENSG00000167565,SERTAD3,-0.044985768,0.334547203,NS
ENSG00000167566,NCKAP5L,0.002243212,NA,NS
ENSG00000167578,RAB4B,-0.026685945,0.590314367,NS
ENSG00000167588,GPD1,0.00354904,NA,NS
ENSG00000167595,PROSER3,-0.0437293,0.355874525,NS
ENSG00000167600,CYP2S1,0.01700785,NA,NS
ENSG00000167604,NFKBID,-0.010210139,NA,NS
ENSG00000167608,TMC4,0.006761735,0.915884543,NS
ENSG00000167614,TTYH1,-0.000137682,NA,NS
ENSG00000167615,LENG8,0.022325134,0.676904682,NS
ENSG00000167619,TMEM145,0.007534308,NA,NS
ENSG00000167625,ZNF526,-0.033728324,0.480718557,NS
ENSG00000167632,TRAPPC9,0.034681906,0.453770868,NS
ENSG00000167635,ZNF146,0.059559304,0.087816386,NS
ENSG00000167637,ZNF283,-0.010326861,0.859148718,NS
ENSG00000167642,SPINT2,-0.038112504,0.351194918,NS
ENSG00000167644,C19orf33,-0.002827354,NA,NS
ENSG00000167645,YIF1B,-0.045306487,0.239522474,NS
ENSG00000167646,DNAAF3,-0.008361893,NA,NS
ENSG00000167653,PSCA,-0.026191422,NA,NS
ENSG00000167657,DAPK3,0.008006499,0.896596161,NS
ENSG00000167658,EEF2,-0.02796209,0.452968191,NS
ENSG00000167670,CHAF1A,-0.041136251,0.284676696,NS
ENSG00000167671,UBXN6,-0.031944064,0.467904461,NS
ENSG00000167674,HDGFL2,-0.033623028,0.453280751,NS
ENSG00000167685,ZNF444,-0.05819683,0.185932627,NS
ENSG00000167693,NXN,-0.019706272,0.715830213,NS
ENSG00000167695,TLCD3A,0.036068523,0.429049226,NS
ENSG00000167699,GLOD4,-0.020526826,0.634196567,NS
ENSG00000167700,MFSD3,-0.060028692,0.170282912,NS
ENSG00000167702,KIFC2,-0.008569147,0.887379163,NS
ENSG00000167703,SLC43A2,-0.051713542,0.190374341,NS
ENSG00000167705,RILP,0.020492995,0.68435029,NS
ENSG00000167716,WDR81,0.093188907,0.026567814,NS
ENSG00000167720,SRR,-0.008861865,0.88516258,NS
ENSG00000167721,TSR1,0.022426388,0.572421351,NS
ENSG00000167733,HSD11B1L,-0.00762346,NA,NS
ENSG00000167740,CYB5D2,-0.050193391,0.269277078,NS
ENSG00000167741,GGT6,0.004038032,NA,NS
ENSG00000167749,KLK4,-0.095871364,0.00518496,NS
ENSG00000167751,KLK2,-0.190891421,6.16E-07,NS
ENSG00000167766,ZNF83,0.015020971,0.798119276,NS
ENSG00000167767,KRT80,-0.010220512,NA,NS
ENSG00000167770,OTUB1,-0.032182998,0.445330712,NS
ENSG00000167771,RCOR2,-0.009845135,NA,NS
ENSG00000167774,NA,-0.016721607,0.552517616,NS
ENSG00000167775,CD320,-0.043581488,0.288884682,NS
ENSG00000167778,SPRYD3,-0.030709956,0.48735344,NS
ENSG00000167785,ZNF558,-0.000454684,0.995244936,NS
ENSG00000167792,NDUFV1,-0.080535349,0.021050958,NS
ENSG00000167797,CDK2AP2,-0.009371973,0.87194892,NS
ENSG00000167799,NUDT8,0.021951376,0.685414959,NS
ENSG00000167800,TBX10,-0.00206261,NA,NS
ENSG00000167807,NA,-0.014428171,NA,NS
ENSG00000167815,PRDX2,-0.083604251,0.028456482,NS
ENSG00000167840,ZNF232,-0.004784223,0.941897518,NS
ENSG00000167842,MIS12,-0.000350374,0.996047709,NS
ENSG00000167861,HID1,-0.05726519,0.146741549,NS
ENSG00000167862,MRPL58,-0.011605686,0.837857905,NS
ENSG00000167863,ATP5PD,-0.049385408,0.25912722,NS
ENSG00000167874,TMEM88,-0.004634927,NA,NS
ENSG00000167880,EVPL,0.023499692,0.627459205,NS
ENSG00000167881,SRP68,-0.040879815,0.267332285,NS
ENSG00000167889,MGAT5B,0.006931011,NA,NS
ENSG00000167895,TMC8,0.004792652,NA,NS
ENSG00000167900,TK1,-0.126357023,0.000337982,NS
ENSG00000167904,TMEM68,0.077909109,0.039707885,NS
ENSG00000167910,CYP7A1,0.006422058,NA,NS
ENSG00000167920,KRT10-AS1,-0.003167758,0.961548808,NS
ENSG00000167925,GHDC,-0.071719633,0.11810651,NS
ENSG00000167930,FAM234A,-0.005745057,0.909215664,NS
ENSG00000167962,ZNF598,-0.060963093,0.092596061,NS
ENSG00000167964,RAB26,0.088490938,0.054845355,NS
ENSG00000167965,MLST8,-0.023702465,0.615764035,NS
ENSG00000167967,E4F1,-0.004166007,0.949560101,NS
ENSG00000167968,DNASE1L2,-0.001688505,NA,NS
ENSG00000167969,ECI1,-0.074726394,0.042830212,NS
ENSG00000167971,CASKIN1,0.041422511,NA,NS
ENSG00000167972,ABCA3,0.033179265,0.41661257,NS
ENSG00000167977,KCTD5,-0.053708674,0.175312044,NS
ENSG00000167978,SRRM2,0.099966082,0.009063069,NS
ENSG00000167981,ZNF597,-0.016836739,NA,NS
ENSG00000167984,NLRC3,0.004589783,NA,NS
ENSG00000167985,SDHAF2,-0.04501357,0.317165451,NS
ENSG00000167986,DDB1,0.029558123,0.44561082,NS
ENSG00000167987,VPS37C,0.04694154,0.305654243,NS
ENSG00000167992,VWCE,-0.00836179,NA,NS
ENSG00000167994,RAB3IL1,0.079375173,0.083440633,NS
ENSG00000167995,BEST1,-0.006677587,NA,NS
ENSG00000167996,FTH1,0.012407735,0.819894565,NS
ENSG00000168000,BSCL2,-0.071696679,0.08055487,NS
ENSG00000168002,POLR2G,-0.049664766,0.244443924,NS
ENSG00000168003,SLC3A2,0.010288385,0.820525027,NS
ENSG00000168005,SPINDOC,-0.048897291,0.288943828,NS
ENSG00000168010,ATG16L2,0.000320742,NA,NS
ENSG00000168014,C2CD3,0.010381577,0.864648794,NS
ENSG00000168016,TRANK1,-0.002265175,NA,NS
ENSG00000168026,TTC21A,-0.004802353,NA,NS
ENSG00000168028,RPSA,-0.047364557,0.239522474,NS
ENSG00000168032,ENTPD3,0.023089708,NA,NS
ENSG00000168036,CTNNB1,-0.006466006,0.894693272,NS
ENSG00000168038,ULK4,-0.027706369,NA,NS
ENSG00000168040,FADD,-0.019312234,0.727728844,NS
ENSG00000168056,LTBP3,-0.014095399,0.780045907,NS
ENSG00000168061,SAC3D1,-0.116356994,0.004535059,NS
ENSG00000168062,BATF2,8.37E-06,NA,NS
ENSG00000168065,SLC22A11,-0.007380576,NA,NS
ENSG00000168066,SF1,0.026702826,0.527201931,NS
ENSG00000168067,MAP4K2,-0.028326849,0.575140078,NS
ENSG00000168070,MAJIN,-0.001143162,NA,NS
ENSG00000168071,CCDC88B,0.002660042,NA,NS
ENSG00000168077,SCARA3,0.019656202,NA,NS
ENSG00000168078,PBK,-0.063233628,0.072437584,NS
ENSG00000168090,COPS6,-0.09519894,0.008569012,NS
ENSG00000168092,PAFAH1B2,-0.004456332,0.947529947,NS
ENSG00000168096,ANKS3,0.005636931,NA,NS
ENSG00000168101,NUDT16L1,-0.0384462,0.367666212,NS
ENSG00000168116,KIAA1586,0.047002191,0.310402711,NS
ENSG00000168118,RAB4A,-0.032897154,0.412454963,NS
ENSG00000168137,SETD5,0.05826353,0.18705167,NS
ENSG00000168140,VASN,-0.032668152,0.510096268,NS
ENSG00000168152,THAP9,0.074459623,0.102956505,NS
ENSG00000168159,RNF187,0.024396392,0.547162488,NS
ENSG00000168172,HOOK3,0.033457621,0.490391313,NS
ENSG00000168175,MAPK1IP1L,0.042702434,0.282394875,NS
ENSG00000168209,DDIT4,-0.018303761,0.740038,NS
ENSG00000168214,RBPJ,-0.013454567,0.806624413,NS
ENSG00000168216,LMBRD1,0.013947012,0.815444539,NS
ENSG00000168228,ZCCHC4,0.034437136,0.485941117,NS
ENSG00000168234,TTC39C,-0.008467824,0.891641636,NS
ENSG00000168237,GLYCTK,-0.033819948,NA,NS
ENSG00000168243,GNG4,0.026749817,NA,NS
ENSG00000168246,UBTD2,0.01576295,0.782857352,NS
ENSG00000168255,POLR2J3,0.035099001,0.435902134,NS
ENSG00000168256,NKIRAS2,0.000933376,0.987963311,NS
ENSG00000168259,DNAJC7,-0.036214252,0.299118633,NS
ENSG00000168264,IRF2BP2,0.028727832,0.527427046,NS
ENSG00000168268,NT5DC2,-0.031866557,0.387563749,NS
ENSG00000168273,UQCC5,-0.06916737,0.121287645,NS
ENSG00000168275,COA6,-0.016425131,0.772208618,NS
ENSG00000168280,KIF5C,-0.012698973,0.830902387,NS
ENSG00000168282,MGAT2,0.022560814,0.622317088,NS
ENSG00000168283,BMI1,-0.012283331,0.826619608,NS
ENSG00000168286,THAP11,-0.005728079,0.927565847,NS
ENSG00000168288,MMADHC,-0.016557032,0.7288794,NS
ENSG00000168291,PDHB,-0.031740328,0.409025913,NS
ENSG00000168297,PXK,0.03927002,0.417910131,NS
ENSG00000168298,H1-4,-0.116509699,NA,NS
ENSG00000168300,PCMTD1,0.096528307,0.025689466,NS
ENSG00000168301,KCTD6,-0.011649944,0.837430929,NS
ENSG00000168303,MPLKIP,-0.03594577,0.445330712,NS
ENSG00000168306,ACOX2,0.006168008,NA,NS
ENSG00000168310,IRF2,0.006403765,0.921458698,NS
ENSG00000168329,CX3CR1,-0.002458398,NA,NS
ENSG00000168374,ARF4,0.014297571,0.738922486,NS
ENSG00000168385,SEPTIN2,0.007034295,0.875058991,NS
ENSG00000168389,MFSD2A,0.023095516,0.64620624,NS
ENSG00000168393,DTYMK,-0.183383731,1.52E-05,NS
ENSG00000168394,TAP1,-0.075759372,0.089793981,NS
ENSG00000168395,ING5,-0.057177966,0.193599604,NS
ENSG00000168397,ATG4B,-0.064093636,0.11902829,NS
ENSG00000168398,BDKRB2,0.002414877,NA,NS
ENSG00000168411,RFWD3,0.025079323,0.57587033,NS
ENSG00000168421,RHOH,-0.003662483,NA,NS
ENSG00000168434,COG7,-0.031063601,0.536145507,NS
ENSG00000168438,CDC40,0.009281281,0.874543022,NS
ENSG00000168439,STIP1,-0.010822452,0.801527242,NS
ENSG00000168453,HR,0.007616688,NA,NS
ENSG00000168461,RAB31,0.078232164,0.089793981,NS
ENSG00000168476,REEP4,-0.08857937,0.011858603,NS
ENSG00000168481,LGI3,-0.000646522,NA,NS
ENSG00000168487,BMP1,0.015057612,0.795272591,NS
ENSG00000168488,ATXN2L,0.04477047,0.245369871,NS
ENSG00000168491,CCDC110,-0.020675319,NA,NS
ENSG00000168495,POLR3D,0.05155871,0.205947244,NS
ENSG00000168496,FEN1,-0.022405994,0.579720636,NS
ENSG00000168502,MTCL1,0.033481908,0.496942995,NS
ENSG00000168505,GBX2,-0.00210677,NA,NS
ENSG00000168517,HEXIM2,-0.117323186,0.022803445,NS
ENSG00000168522,FNTA,0.038231563,0.336410478,NS
ENSG00000168528,SERINC2,-0.03730599,0.390374308,NS
ENSG00000168538,TRAPPC11,0.010251014,0.863904008,NS
ENSG00000168542,COL3A1,0.103809445,NA,NS
ENSG00000168556,ING2,-0.017419558,0.754991052,NS
ENSG00000168564,CDKN2AIP,0.027437424,0.594425629,NS
ENSG00000168566,SNRNP48,-0.00150953,0.978505806,NS
ENSG00000168569,TMEM223,-0.055742398,0.221222791,NS
ENSG00000168575,SLC20A2,0.026054898,0.608077032,NS
ENSG00000168589,DYNLRB2,0.000734888,NA,NS
ENSG00000168591,TMUB2,-0.024406769,0.6412346,NS
ENSG00000168610,STAT3,0.01358915,0.780771702,NS
ENSG00000168612,ZSWIM1,0.014194404,0.811279962,NS
ENSG00000168615,ADAM9,0.043150774,0.256730654,NS
ENSG00000168621,GDNF,0.025229459,NA,NS
ENSG00000168646,AXIN2,0.037509464,0.409944733,NS
ENSG00000168653,NDUFS5,-0.054833827,0.223015413,NS
ENSG00000168661,ZNF30,0.005745642,0.930852224,NS
ENSG00000168672,LRATD2,-0.033493467,0.463942944,NS
ENSG00000168675,LDLRAD4,-0.066478809,0.143487472,NS
ENSG00000168701,TMEM208,-0.068544789,0.119333363,NS
ENSG00000168703,WFDC12,0.006100144,NA,NS
ENSG00000168710,AHCYL1,0.135213919,9.82E-05,NS
ENSG00000168724,DNAJC21,0.043870181,0.265880059,NS
ENSG00000168734,PKIG,-0.047285697,0.318844785,NS
ENSG00000168743,NPNT,-0.00559901,NA,NS
ENSG00000168758,SEMA4C,-0.012425919,0.826393179,NS
ENSG00000168763,CNNM3,0.018611768,0.726226223,NS
ENSG00000168769,TET2,0.084904529,0.06801572,NS
ENSG00000168778,TCTN2,-0.024871897,0.634621488,NS
ENSG00000168779,SHOX2,-0.036440182,NA,NS
ENSG00000168781,PPIP5K1,0.046430791,0.320242646,NS
ENSG00000168785,TSPAN5,0.027983593,0.563067831,NS
ENSG00000168792,ABHD15,-0.000376144,0.996047709,NS
ENSG00000168795,ZBTB5,0.001134482,0.986610508,NS
ENSG00000168802,CHTF8,-0.029139677,0.556691672,NS
ENSG00000168803,ADAL,-0.042743588,0.36897491,NS
ENSG00000168806,LCMT2,-0.030082103,0.534603947,NS
ENSG00000168807,SNTB2,0.03916922,0.394599717,NS
ENSG00000168811,IL12A,0.002780775,NA,NS
ENSG00000168813,ZNF507,0.040594079,0.400398439,NS
ENSG00000168818,STX18,0.006579357,0.917398825,NS
ENSG00000168824,NSG1,0.014666959,NA,NS
ENSG00000168826,ZBTB49,0.002627855,NA,NS
ENSG00000168827,GFM1,-0.050585596,0.174962625,NS
ENSG00000168872,DDX19A,0.033079634,0.473142194,NS
ENSG00000168874,ATOH8,-0.01148214,NA,NS
ENSG00000168876,ANKRD49,0.022258848,0.670285175,NS
ENSG00000168883,USP39,-0.013793032,0.789941016,NS
ENSG00000168884,TNIP2,-0.019366029,0.724010281,NS
ENSG00000168887,C2orf68,-0.070295201,0.107016318,NS
ENSG00000168890,TMEM150A,-0.003794963,0.95183136,NS
ENSG00000168894,RNF181,-0.062789132,0.168887846,NS
ENSG00000168899,VAMP5,0.003579771,NA,NS
ENSG00000168904,LRRC28,0.012967681,0.8231486,NS
ENSG00000168906,MAT2A,0.035871647,0.435606973,NS
ENSG00000168907,PLA2G4F,0.049117893,0.266437518,NS
ENSG00000168913,ENHO,0.013677439,NA,NS
ENSG00000168916,ZNF608,-0.018861973,0.732213129,NS
ENSG00000168918,INPP5D,0.001517582,NA,NS
ENSG00000168924,LETM1,0.016044421,0.733417595,NS
ENSG00000168930,TRIM49,0.007928063,NA,NS
ENSG00000168936,TMEM129,-0.002712331,0.966809741,NS
ENSG00000168938,PPIC,-0.025371081,0.612580532,NS
ENSG00000168939,SPRY3,0.000444079,NA,NS
ENSG00000168944,CEP120,0.011684647,0.847704215,NS
ENSG00000168952,STXBP6,0.002687695,NA,NS
ENSG00000168958,MFF,0.011739525,0.838350877,NS
ENSG00000168970,JMJD7-PLA2G4B,0.012606456,NA,NS
ENSG00000168992,OR7E102P,0.015825834,NA,NS
ENSG00000168993,CPLX1,0.003135044,0.959662469,NS
ENSG00000168994,PXDC1,-0.007842326,NA,NS
ENSG00000169006,NTSR2,-4.57E-05,NA,NS
ENSG00000169016,E2F6,0.031645788,0.519721895,NS
ENSG00000169018,FEM1B,0.036351591,0.4241132,NS
ENSG00000169019,COMMD8,0.050513187,0.265614618,NS
ENSG00000169020,ATP5ME,-0.128434542,0.005679306,NS
ENSG00000169021,UQCRFS1,-0.001438596,0.979784748,NS
ENSG00000169026,SLC49A3,0.012583241,NA,NS
ENSG00000169032,MAP2K1,0.01826349,0.702958693,NS
ENSG00000169045,HNRNPH1,-0.08681179,0.011740819,NS
ENSG00000169047,IRS1,-0.006348751,0.923015992,NS
ENSG00000169057,MECP2,0.071258443,0.056036221,NS
ENSG00000169059,VCX3A,-0.007571934,NA,NS
ENSG00000169062,UPF3A,-0.022136564,0.683055937,NS
ENSG00000169064,ZBBX,-0.000443584,NA,NS
ENSG00000169083,AR,0.011011529,0.852248587,NS
ENSG00000169084,DHRSX,-0.003164613,NA,NS
ENSG00000169087,HSPBAP1,0.001745578,0.977479143,NS
ENSG00000169093,ASMTL,-0.023463453,0.660311701,NS
ENSG00000169100,SLC25A6,-0.037700827,0.360221118,NS
ENSG00000169105,CHST14,-0.045163986,0.316320213,NS
ENSG00000169116,PARM1,-0.030538917,NA,NS
ENSG00000169118,CSNK1G1,0.051440272,0.270504458,NS
ENSG00000169122,FAM110B,-0.060055929,0.195375168,NS
ENSG00000169126,ODAD2,-0.001381703,NA,NS
ENSG00000169129,AFAP1L2,-0.034928045,NA,NS
ENSG00000169131,ZNF354A,0.05218084,0.259836688,NS
ENSG00000169136,ATF5,-0.067339092,0.101679099,NS
ENSG00000169139,UBE2V2,0.02707046,0.511782529,NS
ENSG00000169155,ZBTB43,-0.006206383,0.92463621,NS
ENSG00000169169,CPT1C,0.025803602,NA,NS
ENSG00000169180,XPO6,0.050128214,0.123484193,NS
ENSG00000169188,APEX2,-0.021603886,0.660475257,NS
ENSG00000169189,NSMCE1,-0.063329453,0.133059224,NS
ENSG00000169193,CCDC126,0.003106595,0.962868288,NS
ENSG00000169203,NPIPB12,0.005300937,NA,NS
ENSG00000169213,RAB3B,0.053069352,0.226287191,NS
ENSG00000169217,CD2BP2,-0.02299648,0.635550208,NS
ENSG00000169220,RGS14,-0.062761182,0.160881278,NS
ENSG00000169221,TBC1D10B,-0.038509536,0.353330571,NS
ENSG00000169223,LMAN2,-0.055145423,0.169906996,NS
ENSG00000169228,RAB24,-0.064030512,0.159980177,NS
ENSG00000169230,PRELID1,-0.048531126,0.242769098,NS
ENSG00000169231,THBS3,-0.018664637,NA,NS
ENSG00000169239,CA5B,-0.000972346,NA,NS
ENSG00000169241,SLC50A1,-0.036862153,0.392340361,NS
ENSG00000169242,EFNA1,0.042004742,0.344052312,NS
ENSG00000169246,NPIPB3,-0.044260547,NA,NS
ENSG00000169247,SH3TC2,-0.00248447,NA,NS
ENSG00000169249,ZRSR2,-0.020232733,0.707909406,NS
ENSG00000169251,NMD3,0.041217585,0.362543059,NS
ENSG00000169252,ADRB2,-0.048780116,0.302313333,NS
ENSG00000169258,GPRIN1,0.000460759,0.995244936,NS
ENSG00000169288,MRPL1,-0.036880048,0.4366161,NS
ENSG00000169299,PGM2,-0.075817009,0.023842193,NS
ENSG00000169302,STK32A,-0.005215933,NA,NS
ENSG00000169306,IL1RAPL1,0.008299798,NA,NS
ENSG00000169330,MINAR1,0.029666264,NA,NS
ENSG00000169359,SLC33A1,0.003441082,0.954635506,NS
ENSG00000169371,SNUPN,0.000378328,0.996047709,NS
ENSG00000169372,CRADD,-0.046208318,0.332225563,NS
ENSG00000169375,SIN3A,0.038243305,0.353660789,NS
ENSG00000169379,ARL13B,-0.044726789,0.348491557,NS
ENSG00000169398,PTK2,0.080835121,0.04032588,NS
ENSG00000169403,PTAFR,-0.010713492,NA,NS
ENSG00000169410,PTPN9,0.042813073,0.347490569,NS
ENSG00000169427,KCNK9,0.002157967,NA,NS
ENSG00000169439,SDC2,0.010900478,NA,NS
ENSG00000169446,MMGT1,0.009904781,0.858266736,NS
ENSG00000169490,TM2D2,-0.039826221,0.335670764,NS
ENSG00000169499,PLEKHA2,0.010640778,NA,NS
ENSG00000169504,CLIC4,0.022309713,0.633483396,NS
ENSG00000169507,SLC38A11,-0.012042152,NA,NS
ENSG00000169519,METTL15,0.006803519,0.9161691,NS
ENSG00000169548,ZNF280A,0.016980964,NA,NS
ENSG00000169562,GJB1,0.023093877,NA,NS
ENSG00000169564,PCBP1,0.005728257,0.908998711,NS
ENSG00000169567,HINT1,-0.077092216,0.06097678,NS
ENSG00000169570,DTWD2,0.020275486,0.695483524,NS
ENSG00000169592,INO80E,-0.062521989,0.170985732,NS
ENSG00000169598,DFFB,-0.00859433,0.892280819,NS
ENSG00000169599,NFU1,-0.039985334,0.410506087,NS
ENSG00000169604,ANTXR1,0.049517475,0.29165103,NS
ENSG00000169607,CKAP2L,-0.026219257,0.585359233,NS
ENSG00000169609,C15orf40,-0.011270917,0.853089831,NS
ENSG00000169612,RAMAC,-0.052867436,0.239488442,NS
ENSG00000169627,BOLA2B,-0.07737543,0.089793981,NS
ENSG00000169629,RGPD8,0.024178656,NA,NS
ENSG00000169635,HIC2,-0.014722592,NA,NS
ENSG00000169641,LUZP1,0.067369351,0.133111553,NS
ENSG00000169660,HEXD,-0.039514341,NA,NS
ENSG00000169679,BUB1,-0.05947073,0.125006862,NS
ENSG00000169682,SPNS1,0.002902981,0.963411206,NS
ENSG00000169683,LRRC45,-0.067795054,0.099113307,NS
ENSG00000169684,CHRNA5,0.000932063,0.989513056,NS
ENSG00000169689,CENPX,-0.111613934,0.00548724,NS
ENSG00000169692,AGPAT2,0.011641903,0.847799297,NS
ENSG00000169696,ASPSCR1,-0.027324365,0.58637799,NS
ENSG00000169710,FASN,0.344222442,3.21E-33,NS
ENSG00000169714,CNBP,0.015110234,0.692234258,NS
ENSG00000169718,DUS1L,-0.046691457,0.183694447,NS
ENSG00000169727,GPS1,-0.05339634,0.17552629,NS
ENSG00000169733,RFNG,-0.018128613,0.750296506,NS
ENSG00000169738,DCXR,-0.092363652,0.014887625,NS
ENSG00000169740,ZNF32,-0.014704189,0.797606536,NS
ENSG00000169750,RAC3,-0.063238879,0.167500375,NS
ENSG00000169752,NRG4,0.005114789,NA,NS
ENSG00000169756,LIMS1,-0.054013941,0.20845321,NS
ENSG00000169758,TMEM266,0.014154909,NA,NS
ENSG00000169760,NLGN1,0.021228602,0.671996609,NS
ENSG00000169762,TAPT1,0.01911061,0.733417595,NS
ENSG00000169764,UGP2,0.060399856,0.14883766,NS
ENSG00000169789,PRY,0.000962428,NA,NS
ENSG00000169807,PRY2,0.002058198,NA,NS
ENSG00000169813,HNRNPF,0.024102947,0.45621334,NS
ENSG00000169814,BTD,-0.029463758,0.54140438,NS
ENSG00000169826,CSGALNACT2,-0.002208347,0.971590509,NS
ENSG00000169851,PCDH7,-0.010865068,NA,NS
ENSG00000169855,ROBO1,0.048451468,0.297364678,NS
ENSG00000169857,AVEN,-0.008879481,0.887013853,NS
ENSG00000169871,TRIM56,0.040582687,0.372465295,NS
ENSG00000169884,WNT10B,0.025275664,0.634888567,NS
ENSG00000169885,CALML6,-0.003334501,NA,NS
ENSG00000169891,REPS2,-0.000178475,0.998368771,NS
ENSG00000169895,SYAP1,0.003681137,0.948675007,NS
ENSG00000169902,TPST1,0.04496743,0.345633438,NS
ENSG00000169905,TOR1AIP2,0.003216825,0.960840828,NS
ENSG00000169908,TM4SF1,-0.065866657,0.123126883,NS
ENSG00000169914,OTUD3,0.053417399,0.256537177,NS
ENSG00000169918,OTUD7A,-0.003166452,NA,NS
ENSG00000169919,GUSB,-0.02741619,0.502375469,NS
ENSG00000169925,BRD3,-0.037323438,0.355874525,NS
ENSG00000169926,KLF13,0.065261101,0.110723083,NS
ENSG00000169951,ZNF764,-0.013500216,0.819894565,NS
ENSG00000169955,ZNF747,-0.033370385,0.483759486,NS
ENSG00000169957,ZNF768,-0.004716174,0.938521633,NS
ENSG00000169962,TAS1R3,0.007800106,NA,NS
ENSG00000169964,TMEM42,-0.013951972,0.814288636,NS
ENSG00000169967,MAP3K2,0.053185227,0.239558662,NS
ENSG00000169972,PUSL1,-0.072860699,0.096311913,NS
ENSG00000169976,SF3B5,-0.073760991,0.076237001,NS
ENSG00000169981,ZNF35,-4.63E-05,0.999673256,NS
ENSG00000169989,TIGD4,0.004250849,NA,NS
ENSG00000169991,IFFO2,0.040689723,0.393926922,NS
ENSG00000169992,NLGN2,0.022510451,0.676544943,NS
ENSG00000170004,CHD3,0.049142137,0.161572444,NS
ENSG00000170006,TMEM154,-0.026519854,0.609523607,NS
ENSG00000170011,MYRIP,0.06852851,0.129402623,NS
ENSG00000170017,ALCAM,0.081832337,0.040310505,NS
ENSG00000170027,YWHAG,0.019140991,0.641598307,NS
ENSG00000170035,UBE2E3,-0.103558586,0.00596714,NS
ENSG00000170037,CNTROB,-0.039209513,0.371876059,NS
ENSG00000170043,TRAPPC1,-0.041103518,0.377946539,NS
ENSG00000170044,ZPLD1,0.069372648,0.125743237,NS
ENSG00000170049,KCNAB3,-0.00842924,NA,NS
ENSG00000170085,SIMC1,0.028689686,0.575289334,NS
ENSG00000170088,TMEM192,0.120506671,0.000659096,NS
ENSG00000170100,ZNF778,0.047928268,0.285194617,NS
ENSG00000170113,NIPA1,0.077890163,0.064495701,NS
ENSG00000170122,FOXD4,-0.065454987,NA,NS
ENSG00000170142,UBE2E1,-0.057333522,0.062909285,NS
ENSG00000170144,HNRNPA3,-0.067573291,0.012901429,NS
ENSG00000170145,SIK2,0.07666177,0.080703975,NS
ENSG00000170153,RNF150,0.04749297,0.316552918,NS
ENSG00000170161,FAM88B,-0.023019581,NA,NS
ENSG00000170175,CHRNB1,0.012709071,NA,NS
ENSG00000170185,USP38,0.019868787,0.718929853,NS
ENSG00000170191,NANP,0.082594095,0.068081412,NS
ENSG00000170222,ADPRM,-0.006688982,0.912529702,NS
ENSG00000170231,FABP6,-0.018568874,NA,NS
ENSG00000170234,PWWP2A,0.05356894,0.245169296,NS
ENSG00000170242,USP47,0.05717523,0.144639339,NS
ENSG00000170248,PDCD6IP,0.013617352,0.775015704,NS
ENSG00000170260,ZNF212,-0.025621822,0.626348703,NS
ENSG00000170264,FAM161A,-0.005160146,0.934422082,NS
ENSG00000170265,ZNF282,0.013060869,0.819299099,NS
ENSG00000170266,GLB1,0.025366631,0.599437735,NS
ENSG00000170270,GON7,0.004872105,0.941009431,NS
ENSG00000170271,FAXDC2,-0.093316152,0.021636669,NS
ENSG00000170275,CRTAP,0.030081031,0.394599717,NS
ENSG00000170289,CNGB3,-0.017075459,NA,NS
ENSG00000170291,ELP5,-0.049212814,0.272740581,NS
ENSG00000170293,CMTM8,-0.007240722,NA,NS
ENSG00000170296,GABARAP,0.001436382,0.98223536,NS
ENSG00000170310,STX8,-0.024997862,0.635718404,NS
ENSG00000170312,CDK1,-0.10318122,0.001317431,NS
ENSG00000170315,UBB,-0.063882393,0.087782048,NS
ENSG00000170322,NFRKB,0.130568615,0.000637715,NS
ENSG00000170324,FRMPD2,0.035100981,0.445025143,NS
ENSG00000170325,PRDM10,0.035840285,0.463793038,NS
ENSG00000170340,B3GNT2,-0.011355449,0.851558869,NS
ENSG00000170345,FOS,-0.019804584,NA,NS
ENSG00000170348,TMED10,0.009068156,0.843426536,NS
ENSG00000170364,SETMAR,-0.0049136,0.941209409,NS
ENSG00000170365,SMAD1,0.010134736,0.869363916,NS
ENSG00000170379,TCAF2,-0.003029322,NA,NS
ENSG00000170385,SLC30A1,0.006232718,0.922539371,NS
ENSG00000170390,DCLK2,0.032623728,0.480718557,NS
ENSG00000170412,GPRC5C,0.006163834,0.923461541,NS
ENSG00000170417,TMEM182,-0.014338681,0.796492616,NS
ENSG00000170419,VSTM2A,-0.015994528,NA,NS
ENSG00000170421,KRT8,-0.095785879,0.002632475,NS
ENSG00000170425,ADORA2B,0.034589823,0.476296266,NS
ENSG00000170426,SDR9C7,-0.025722968,NA,NS
ENSG00000170430,MGMT,-0.111395189,0.009667553,NS
ENSG00000170439,TMT1B,-0.01018514,NA,NS
ENSG00000170445,HARS1,-0.02135369,0.628479211,NS
ENSG00000170448,NFXL1,0.030685396,0.531790302,NS
ENSG00000170456,DENND5B,0.088324665,0.059846583,NS
ENSG00000170458,CD14,0.004453202,NA,NS
ENSG00000170464,DNAJC18,0.015597093,0.778569227,NS
ENSG00000170465,KRT6C,-0.012344428,NA,NS
ENSG00000170469,SPATA24,0.005071778,NA,NS
ENSG00000170471,RALGAPB,0.0619595,0.133647788,NS
ENSG00000170473,PYM1,-0.021785924,0.663211549,NS
ENSG00000170482,SLC23A1,0.002009039,NA,NS
ENSG00000170485,NPAS2,0.037207693,NA,NS
ENSG00000170500,LONRF2,0.015874743,0.77505221,NS
ENSG00000170502,NUDT9,-0.006191938,0.923750304,NS
ENSG00000170515,PA2G4,-0.075556368,0.009711179,NS
ENSG00000170516,COX7B2,-0.002000389,NA,NS
ENSG00000170522,ELOVL6,0.145351765,0.000455137,NS
ENSG00000170525,PFKFB3,0.030689886,0.503709219,NS
ENSG00000170537,TMC7,0.003042465,NA,NS
ENSG00000170540,ARL6IP1,-0.042506628,0.193728917,NS
ENSG00000170545,SMAGP,-0.004950046,NA,NS
ENSG00000170561,IRX2,-0.003516306,NA,NS
ENSG00000170571,EMB,0.041959936,0.306388724,NS
ENSG00000170577,SIX2,0.007802519,NA,NS
ENSG00000170581,STAT2,-0.003505774,0.958213652,NS
ENSG00000170584,NUDCD2,-0.027337104,0.555263158,NS
ENSG00000170604,IRF2BP1,-0.06985368,0.089793981,NS
ENSG00000170606,HSPA4,0.027651905,0.480718557,NS
ENSG00000170619,COMMD5,-0.023386995,0.659148659,NS
ENSG00000170631,ZNF16,0.037021907,0.433088286,NS
ENSG00000170632,ARMC10,0.003767457,0.950609935,NS
ENSG00000170633,RNF34,-4.84E-06,0.999979399,NS
ENSG00000170634,ACYP2,-0.013703648,NA,NS
ENSG00000170638,TRABD,-0.029141045,0.539872283,NS
ENSG00000170653,ATF7,0.037555313,0.394598725,NS
ENSG00000170667,RASA4B,-0.013020277,NA,NS
ENSG00000170677,SOCS6,0.016143309,0.780233999,NS
ENSG00000170684,ZNF296,0.006524413,NA,NS
ENSG00000170689,HOXB9,0.005197162,0.937171001,NS
ENSG00000170703,TTLL6,0.00486195,NA,NS
ENSG00000170734,POLH,0.00648542,0.920025293,NS
ENSG00000170743,SYT9,0.014760484,NA,NS
ENSG00000170745,KCNS3,-0.008592731,0.886914697,NS
ENSG00000170759,KIF5B,0.056612151,0.119017771,NS
ENSG00000170775,GPR37,-0.001479323,0.98223536,NS
ENSG00000170776,AKAP13,0.030648538,0.541662106,NS
ENSG00000170779,CDCA4,-0.086866204,0.013190513,NS
ENSG00000170791,CHCHD7,-0.019878019,0.714821871,NS
ENSG00000170802,FOXN2,0.037081343,0.450663208,NS
ENSG00000170832,USP32,0.151638019,0.000294795,NS
ENSG00000170835,CEL,-0.003328636,NA,NS
ENSG00000170836,PPM1D,-0.018680086,0.729016357,NS
ENSG00000170837,GPR27,0.090984577,0.054399396,NS
ENSG00000170846,MRFAP1L2,0.004216663,0.948055384,NS
ENSG00000170852,KBTBD2,0.002778991,0.966818207,NS
ENSG00000170854,RIOX2,0.034745031,0.390371354,NS
ENSG00000170855,TRIAP1,-0.055071836,0.157467971,NS
ENSG00000170860,LSM3,-0.079203959,0.064004207,NS
ENSG00000170871,KIAA0232,0.056600581,0.221916732,NS
ENSG00000170873,MTSS1,0.005905191,NA,NS
ENSG00000170876,TMEM43,-0.001168464,0.98528031,NS
ENSG00000170881,RNF139,0.043706724,0.313197172,NS
ENSG00000170889,RPS9,-0.097696804,0.007948957,NS
ENSG00000170892,TSEN34,-0.027919375,0.535874078,NS
ENSG00000170899,GSTA4,0.016525233,0.758722751,NS
ENSG00000170903,MSANTD4,0.102279901,0.022568576,NS
ENSG00000170906,NDUFA3,-0.100696659,0.025058509,NS
ENSG00000170915,PAQR8,0.011770225,NA,NS
ENSG00000170917,NUDT6,-0.014687185,0.803265738,NS
ENSG00000170919,TPT1-AS1,-0.006182764,NA,NS
ENSG00000170921,TANC2,0.116245432,0.01940578,NS
ENSG00000170935,NCBP2L,-0.023296888,NA,NS
ENSG00000170946,DNAJC24,-0.010587585,0.862927824,NS
ENSG00000170949,ZNF160,0.043932306,0.355600707,NS
ENSG00000170954,ZNF415,0.056054468,0.230994066,NS
ENSG00000170965,PLAC1,-0.005083124,NA,NS
ENSG00000171004,HS6ST2,-0.007934649,NA,NS
ENSG00000171016,PYGO1,0.023758633,0.652345675,NS
ENSG00000171017,LRRC8E,0.071652675,0.113629506,NS
ENSG00000171033,PKIA,-0.013779164,0.816828855,NS
ENSG00000171044,XKR6,-0.028595913,NA,NS
ENSG00000171045,TSNARE1,0.031280966,NA,NS
ENSG00000171055,FEZ2,-0.009560394,0.87940525,NS
ENSG00000171067,C11orf24,0.010610924,0.847704215,NS
ENSG00000171094,ALK,-0.013283615,NA,NS
ENSG00000171097,KYAT1,0.021121227,0.651272633,NS
ENSG00000171100,MTM1,-0.005972796,0.927518122,NS
ENSG00000171103,TRMT61B,0.003858254,0.953398052,NS
ENSG00000171105,INSR,0.052467324,0.254217916,NS
ENSG00000171109,MFN1,0.074803797,0.04518759,NS
ENSG00000171116,HSFX1,0.006673277,NA,NS
ENSG00000171119,NRTN,-0.024240052,NA,NS
ENSG00000171121,KCNMB3,0.006955051,NA,NS
ENSG00000171124,FUT3,-0.028254099,NA,NS
ENSG00000171126,KCNG3,0.067673505,NA,NS
ENSG00000171130,ATP6V0E2,-0.04101022,0.255476081,NS
ENSG00000171132,PRKCE,0.061039557,0.16945227,NS
ENSG00000171135,JAGN1,0.019179504,0.72212205,NS
ENSG00000171148,TADA3,-0.030555546,0.479399442,NS
ENSG00000171150,SOCS5,0.060536244,0.190970028,NS
ENSG00000171155,C1GALT1C1,0.001646675,0.979972316,NS
ENSG00000171159,BBLN,-0.068870408,0.119892252,NS
ENSG00000171160,MORN4,-0.084031815,0.038746788,NS
ENSG00000171161,ZNF672,-0.00609332,0.914603094,NS
ENSG00000171163,ZNF692,-0.012497555,0.828118432,NS
ENSG00000171169,NAIF1,0.033859354,0.493540288,NS
ENSG00000171174,RBKS,-0.011027903,NA,NS
ENSG00000171202,TMEM126A,-0.018701847,0.738541013,NS
ENSG00000171204,TMEM126B,0.040878225,0.368944384,NS
ENSG00000171206,TRIM8,0.025712622,0.591880071,NS
ENSG00000171208,NETO2,0.018694058,0.665757621,NS
ENSG00000171219,CDC42BPG,-0.00356443,0.955664,NS
ENSG00000171222,SCAND1,-0.103081229,0.005721239,NS
ENSG00000171223,JUNB,0.000425142,0.995244936,NS
ENSG00000171224,FAM241B,-0.019045527,0.734478387,NS
ENSG00000171227,TMEM37,0.00366889,NA,NS
ENSG00000171234,UGT2B7,-0.00483884,NA,NS
ENSG00000171236,LRG1,0.004883257,NA,NS
ENSG00000171241,SHCBP1,-0.042321007,0.316395885,NS
ENSG00000171243,SOSTDC1,-0.00292218,NA,NS
ENSG00000171246,NPTX1,0.008723373,NA,NS
ENSG00000171262,FAM98B,-0.002457821,0.966079912,NS
ENSG00000171295,ZNF440,-0.000199783,0.998368771,NS
ENSG00000171298,GAA,0.040713014,0.288870889,NS
ENSG00000171302,CANT1,-0.062057149,0.048651203,NS
ENSG00000171303,KCNK3,1.568328809,NA,NS
ENSG00000171307,ZDHHC16,-0.04260109,0.363246152,NS
ENSG00000171310,CHST11,-0.021806546,NA,NS
ENSG00000171311,EXOSC1,-0.06440389,0.146741549,NS
ENSG00000171314,PGAM1,-0.036837414,0.346881946,NS
ENSG00000171316,CHD7,0.056042815,0.228910723,NS
ENSG00000171320,ESCO2,-0.03729047,0.387960265,NS
ENSG00000171345,KRT19,-0.16290119,0.005778225,NS
ENSG00000171365,CLCN5,0.325698931,1.29E-05,NS
ENSG00000171368,TPPP,0.026303094,0.554929901,NS
ENSG00000171385,KCND3,0.053948096,0.242769098,NS
ENSG00000171388,APLN,0.00064701,0.993139644,NS
ENSG00000171408,PDE7B,0.005532819,NA,NS
ENSG00000171421,MRPL36,-0.018723045,0.739302099,NS
ENSG00000171425,ZNF581,0.029311632,0.565641171,NS
ENSG00000171428,NAT1,-0.013300322,0.820151175,NS
ENSG00000171435,KSR2,0.017494028,NA,NS
ENSG00000171443,ZNF524,-0.04593229,0.335396542,NS
ENSG00000171444,MCC,0.0290491,NA,NS
ENSG00000171448,ZBTB26,0.049052746,0.29884709,NS
ENSG00000171451,DSEL,0.241282222,1.25E-10,NS
ENSG00000171453,POLR1C,0.005647345,0.93076427,NS
ENSG00000171456,ASXL1,0.044773739,0.291017933,NS
ENSG00000171466,ZNF562,0.002307559,0.969841309,NS
ENSG00000171467,ZNF318,0.088169885,0.049375458,NS
ENSG00000171469,ZNF561,0.046481231,0.28686922,NS
ENSG00000171475,WIPF2,0.003638357,0.951791224,NS
ENSG00000171476,HOPX,0.003609232,NA,NS
ENSG00000171488,LRRC8C,0.015076868,NA,NS
ENSG00000171490,RSL1D1,-0.006387509,0.892280819,NS
ENSG00000171492,LRRC8D,-0.020668776,0.653667261,NS
ENSG00000171497,PPID,0.016367539,0.733322224,NS
ENSG00000171503,ETFDH,-0.000836097,0.989203754,NS
ENSG00000171517,LPAR3,-0.05460465,0.144138393,NS
ENSG00000171522,PTGER4,-0.012781285,NA,NS
ENSG00000171530,TBCA,-0.060071474,0.131191154,NS
ENSG00000171552,BCL2L1,-0.033914653,0.385358132,NS
ENSG00000171566,PLRG1,-0.01835257,0.719829374,NS
ENSG00000171570,RAB4B-EGLN2,-0.006104361,NA,NS
ENSG00000171574,ZNF584,0.017958308,0.747059476,NS
ENSG00000171603,CLSTN1,0.01800617,0.665736099,NS
ENSG00000171604,CXXC5,0.081364014,0.077597525,NS
ENSG00000171606,ZNF274,0.039503724,0.377946539,NS
ENSG00000171608,PIK3CD,0.047589883,0.262720654,NS
ENSG00000171611,PTCRA,-0.008038407,NA,NS
ENSG00000171612,SLC25A33,0.038438098,0.339677694,NS
ENSG00000171617,ENC1,0.049108694,0.272778074,NS
ENSG00000171621,SPSB1,-0.003733854,0.953645092,NS
ENSG00000171631,P2RY6,-0.000329974,NA,NS
ENSG00000171634,BPTF,0.061304568,0.14407638,NS
ENSG00000171649,ZIK1,-0.006339379,0.921458698,NS
ENSG00000171680,PLEKHG5,0.043082842,NA,NS
ENSG00000171681,ATF7IP,0.096806377,0.018143407,NS
ENSG00000171700,RGS19,0.005269138,NA,NS
ENSG00000171703,TCEA2,-0.023040282,0.665757621,NS
ENSG00000171720,HDAC3,-0.020056081,0.674228287,NS
ENSG00000171723,GPHN,0.057020025,0.203630365,NS
ENSG00000171729,TMEM51,0.029612335,0.534603947,NS
ENSG00000171735,CAMTA1,-0.041492595,0.351752669,NS
ENSG00000171747,LGALS4,0.009358684,NA,NS
ENSG00000171763,AFG2B,0.01694081,0.767748628,NS
ENSG00000171766,GATM,-0.008966139,NA,NS
ENSG00000171786,NHLH1,-0.004341184,NA,NS
ENSG00000171790,SLFNL1,-0.013809468,NA,NS
ENSG00000171791,BCL2,0.041209149,0.392189588,NS
ENSG00000171792,RHNO1,-0.060350356,0.128941334,NS
ENSG00000171793,CTPS1,-0.027224385,0.498232772,NS
ENSG00000171798,KNDC1,-0.020540807,NA,NS
ENSG00000171806,METTL18,-0.015066069,0.796771024,NS
ENSG00000171813,PWWP2B,-0.01933257,0.723119918,NS
ENSG00000171817,ZNF540,-0.001059427,NA,NS
ENSG00000171823,FBXL14,-0.000787152,0.991294124,NS
ENSG00000171824,EXOSC10,-0.017681772,0.717524624,NS
ENSG00000171827,ZNF570,0.01948637,0.723546327,NS
ENSG00000171843,MLLT3,0.002704091,0.967335197,NS
ENSG00000171848,RRM2,-0.083653691,0.00556305,NS
ENSG00000171853,TRAPPC12,0.017871831,0.754875836,NS
ENSG00000171858,RPS21,-0.078450428,0.089793981,NS
ENSG00000171861,MRM3,-0.0277725,0.564321722,NS
ENSG00000171862,PTEN,0.028850767,0.531790302,NS
ENSG00000171863,RPS7,-0.046424459,0.297364678,NS
ENSG00000171865,RNASEH1,0.002217606,0.968746607,NS
ENSG00000171867,PRNP,-0.009889763,0.835752145,NS
ENSG00000171877,FRMD5,-0.003224099,NA,NS
ENSG00000171903,CYP4F11,0.042301103,0.360730654,NS
ENSG00000171914,TLN2,0.050063999,0.279311046,NS
ENSG00000171928,TVP23B,0.026945554,0.551887372,NS
ENSG00000171940,ZNF217,0.064063964,0.131348282,NS
ENSG00000171943,SRGAP2C,-0.00868391,0.890132635,NS
ENSG00000171953,ATPAF2,-0.033477507,0.486087944,NS
ENSG00000171954,CYP4F22,-0.001432471,NA,NS
ENSG00000171960,PPIH,-0.071177468,0.076337074,NS
ENSG00000171962,DRC3,-0.015550555,NA,NS
ENSG00000171970,ZNF57,0.081560921,0.078904936,NS
ENSG00000171984,SHLD1,-0.019725373,NA,NS
ENSG00000171988,JMJD1C,0.107768201,0.021050958,NS
ENSG00000171992,SYNPO,0.012966701,NA,NS
ENSG00000172000,ZNF556,-0.007304275,NA,NS
ENSG00000172006,ZNF554,0.030291973,NA,NS
ENSG00000172007,RAB33B,0.026285248,0.61343775,NS
ENSG00000172009,THOP1,-0.043004413,0.327496396,NS
ENSG00000172031,EPHX4,0.014604627,NA,NS
ENSG00000172037,LAMB2,0.021658843,0.630152007,NS
ENSG00000172046,USP19,0.00115009,0.983907039,NS
ENSG00000172053,QARS1,-0.039703741,0.235386868,NS
ENSG00000172057,ORMDL3,-0.002124893,0.971490372,NS
ENSG00000172058,SERF1A,-0.037466488,0.254400833,NS
ENSG00000172059,KLF11,0.10279758,0.024337007,NS
ENSG00000172062,SMN1,-0.000349377,0.995588092,NS
ENSG00000172071,EIF2AK3,0.018062623,0.747059476,NS
ENSG00000172081,MOB3A,-0.034140277,0.467126067,NS
ENSG00000172086,KRCC1,0.050086274,0.288519948,NS
ENSG00000172113,NME6,0.029967845,0.537553228,NS
ENSG00000172115,CYCS,-0.03029902,0.417429441,NS
ENSG00000172159,FRMD3,0.008160238,NA,NS
ENSG00000172167,MTBP,0.002938211,0.962868288,NS
ENSG00000172171,TEFM,-0.036637316,0.454096087,NS
ENSG00000172172,MRPL13,0.001587114,0.979784748,NS
ENSG00000172175,MALT1,0.050469027,0.249886595,NS
ENSG00000172183,ISG20,-0.008230672,0.890132635,NS
ENSG00000172201,ID4,0.011129267,NA,NS
ENSG00000172216,CEBPB,-0.196455312,1.42E-05,NS
ENSG00000172239,PAIP1,0.024007426,0.575600743,NS
ENSG00000172243,CLEC7A,0.403491859,1.88E-06,NS
ENSG00000172244,C5orf34,-0.072020994,0.11699274,NS
ENSG00000172262,ZNF131,0.044604865,0.303389999,NS
ENSG00000172264,MACROD2,-0.010224876,NA,NS
ENSG00000172269,DPAGT1,-0.030621774,0.515419023,NS
ENSG00000172270,BSG,-0.07180223,0.034149851,NS
ENSG00000172273,HINFP,-0.024457664,0.645798948,NS
ENSG00000172292,CERS6,0.076093582,0.030658951,NS
ENSG00000172296,SPTLC3,0.01857022,NA,NS
ENSG00000172301,COPRS,-0.049399405,0.242108403,NS
ENSG00000172315,TP53RK,0.000168487,0.998508819,NS
ENSG00000172331,BPGM,0.00042648,0.995451846,NS
ENSG00000172336,POP7,-0.007195897,0.905671903,NS
ENSG00000172339,ALG14,-0.034428464,0.485941117,NS
ENSG00000172340,SUCLG2,0.014996085,0.732894007,NS
ENSG00000172345,STARD5,0.03958962,NA,NS
ENSG00000172348,RCAN2,-0.001330248,NA,NS
ENSG00000172354,GNB2,-0.076681547,0.013248499,NS
ENSG00000172361,CFAP53,-0.00758618,NA,NS
ENSG00000172362,OR5B12,0.031631611,NA,NS
ENSG00000172365,OR5B2,0.014048043,NA,NS
ENSG00000172366,MCRIP2,-0.02917373,0.550522551,NS
ENSG00000172375,C2CD2L,0.00268685,0.967187402,NS
ENSG00000172379,ARNT2,0.053241958,0.250470704,NS
ENSG00000172380,GNG12,0.045004796,0.299413298,NS
ENSG00000172382,PRSS27,-0.026658543,NA,NS
ENSG00000172409,CLP1,-0.012841464,0.830216563,NS
ENSG00000172410,INSL5,-0.00530809,NA,NS
ENSG00000172425,TTC36,-0.011546345,NA,NS
ENSG00000172428,COPS9,-0.08034029,0.076278903,NS
ENSG00000172432,GTPBP2,-0.104071719,0.022906533,NS
ENSG00000172456,FGGY,-0.033792297,0.495456804,NS
ENSG00000172458,IL17D,-0.008946654,NA,NS
ENSG00000172461,FUT9,0.003809221,NA,NS
ENSG00000172465,TCEAL1,0.005101222,0.940327503,NS
ENSG00000172466,ZNF24,0.08709661,0.026877142,NS
ENSG00000172469,MANEA,0.206790137,3.58E-06,NS
ENSG00000172476,RAB40A,0.001408489,NA,NS
ENSG00000172493,AFF1,0.12360436,0.005609295,NS
ENSG00000172500,FIBP,-0.064072954,0.112317156,NS
ENSG00000172508,CARNS1,0.023621691,NA,NS
ENSG00000172530,BANP,-0.054852754,0.226432644,NS
ENSG00000172531,PPP1CA,-0.062735614,0.115927468,NS
ENSG00000172534,HCFC1,0.021557171,0.669811438,NS
ENSG00000172551,MUCL1,-0.002309291,NA,NS
ENSG00000172572,PDE3A,-0.116718489,NA,NS
ENSG00000172575,RASGRP1,0.027130193,NA,NS
ENSG00000172586,CHCHD1,-0.070208553,0.107144441,NS
ENSG00000172590,MRPL52,-0.069721573,0.112024316,NS
ENSG00000172594,SMPDL3A,0.058468963,0.209382057,NS
ENSG00000172613,RAD9A,-0.038404922,0.423785429,NS
ENSG00000172650,AGAP5,-0.033049791,NA,NS
ENSG00000172661,WASHC2C,0.06028369,0.172403756,NS
ENSG00000172663,TMEM134,-0.020843702,0.688569416,NS
ENSG00000172667,ZMAT3,0.024440122,0.646505263,NS
ENSG00000172671,ZFAND4,-0.010542275,NA,NS
ENSG00000172687,ZNF738,0.017348916,0.754991052,NS
ENSG00000172725,CORO1B,-0.029340668,0.472835499,NS
ENSG00000172728,FUT10,0.024213276,0.642890863,NS
ENSG00000172731,LRRC20,0.019314662,0.675285772,NS
ENSG00000172732,MUS81,-0.069409181,0.11902829,NS
ENSG00000172738,TMEM217,-0.001848402,NA,NS
ENSG00000172748,ZNF596,0.009674961,NA,NS
ENSG00000172757,CFL1,-0.064530879,0.088410692,NS
ENSG00000172765,TMCC1,0.015101958,0.793633868,NS
ENSG00000172766,NAA16,0.054067331,0.232719852,NS
ENSG00000172771,EFCAB12,0.01166729,NA,NS
ENSG00000172775,PSME3IP1,-0.023649784,0.634196567,NS
ENSG00000172780,RAB43,-0.007788884,0.90224423,NS
ENSG00000172785,ZNG1A,-0.091092488,0.009903487,NS
ENSG00000172789,HOXC5,0.002986429,NA,NS
ENSG00000172794,RAB37,0.024705905,NA,NS
ENSG00000172795,DCP2,-0.009162851,0.883540452,NS
ENSG00000172809,RPL38,-0.060064089,0.193744606,NS
ENSG00000172818,OVOL1,0.01572762,0.778996393,NS
ENSG00000172819,RARG,0.037325077,0.434036503,NS
ENSG00000172828,CES3,-0.011190339,NA,NS
ENSG00000172830,SSH3,-0.010681413,0.858266736,NS
ENSG00000172831,CES2,-0.026062507,0.605815812,NS
ENSG00000172840,PDP2,0.119551635,0.005609295,NS
ENSG00000172845,SP3,0.014279927,0.798119276,NS
ENSG00000172869,DMXL1,0.05784217,0.18824855,NS
ENSG00000172878,METAP1D,-0.002815011,0.964712136,NS
ENSG00000172888,ZNF621,0.050078281,0.242769098,NS
ENSG00000172889,EGFL7,-0.018261269,0.748718464,NS
ENSG00000172890,NADSYN1,0.024125096,0.636238743,NS
ENSG00000172893,DHCR7,0.170165141,2.68E-08,NS
ENSG00000172915,NBEA,-0.000425076,NA,NS
ENSG00000172922,RNASEH2C,-0.055607579,0.202249309,NS
ENSG00000172932,ANKRD13D,-0.050233463,0.256886386,NS
ENSG00000172936,MYD88,0.017555996,0.726115559,NS
ENSG00000172939,OXSR1,0.037220837,0.395109651,NS
ENSG00000172943,PHF8,0.022404489,0.627761004,NS
ENSG00000172954,LCLAT1,0.030019459,0.536291338,NS
ENSG00000172965,MIR4435-2HG,-0.012443859,NA,NS
ENSG00000172974,VDAC2P5,-0.018844069,NA,NS
ENSG00000172977,KAT5,-0.025829212,0.614720521,NS
ENSG00000172985,SH3RF3,-0.013937978,NA,NS
ENSG00000172986,GXYLT2,0.018866629,NA,NS
ENSG00000172987,HPSE2,-0.00193252,NA,NS
ENSG00000172992,DCAKD,-0.071770428,0.06786047,NS
ENSG00000173011,TADA2B,0.022126828,0.652199691,NS
ENSG00000173013,CFAP184,-0.033793767,NA,NS
ENSG00000173020,GRK2,-0.07167992,0.016045893,NS
ENSG00000173039,RELA,0.002224579,0.969822658,NS
ENSG00000173041,ZNF680,0.034882811,0.464697354,NS
ENSG00000173064,HECTD4,0.086452738,0.060638834,NS
ENSG00000173065,FAM222B,-0.020881003,0.70244768,NS
ENSG00000173068,BNC2,0.031273611,NA,NS
ENSG00000173083,HPSE,0.021203305,NA,NS
ENSG00000173085,COQ2,-0.087863795,0.032886544,NS
ENSG00000173110,HSPA6,-0.006170568,NA,NS
ENSG00000173113,TRMT112,-0.054512066,0.205233938,NS
ENSG00000173120,KDM2A,0.043893927,0.283853884,NS
ENSG00000173137,ADCK5,-0.032590943,0.463793038,NS
ENSG00000173141,MRPL57,-0.041749887,0.381616943,NS
ENSG00000173145,NOC3L,-0.00438454,0.948675007,NS
ENSG00000173153,ESRRA,-0.00957201,0.862304768,NS
ENSG00000173156,RHOD,-0.029852704,0.545134501,NS
ENSG00000173157,ADAMTS20,0.003320976,NA,NS
ENSG00000173163,COMMD1,-0.025736706,0.592708723,NS
ENSG00000173166,RAPH1,0.068122883,0.129638273,NS
ENSG00000173171,MTX1,-0.048375366,0.280560217,NS
ENSG00000173193,PARP14,0.00826811,NA,NS
ENSG00000173207,CKS1B,-0.0731016,0.077218157,NS
ENSG00000173210,ABLIM3,0.018788937,NA,NS
ENSG00000173212,MAB21L3,0.030158184,NA,NS
ENSG00000173213,TUBB8B,0.010353724,NA,NS
ENSG00000173214,MFSD4B,-0.005588606,0.932875407,NS
ENSG00000173218,VANGL1,0.007165925,0.900410334,NS
ENSG00000173221,GLRX,-0.030779515,0.533237387,NS
ENSG00000173226,IQCB1,-0.033663809,0.461306674,NS
ENSG00000173227,SYT12,0.006191745,NA,NS
ENSG00000173230,GOLGB1,0.073244381,0.083440633,NS
ENSG00000173253,DMRT2,-0.002206534,NA,NS
ENSG00000173258,ZNF483,-0.011019195,0.838838268,NS
ENSG00000173261,PLAC8L1,-0.009298941,NA,NS
ENSG00000173264,GPR137,-0.074358005,0.079189332,NS
ENSG00000173267,SNCG,7.24E-05,NA,NS
ENSG00000173272,MZT2A,-0.112102987,0.008680413,NS
ENSG00000173273,TNKS,0.048703092,0.296061894,NS
ENSG00000173275,ZNF449,0.034060772,NA,NS
ENSG00000173276,ZBTB21,0.031685427,0.521376896,NS
ENSG00000173281,PPP1R3B,0.082496765,0.0614315,NS
ENSG00000173320,STOX2,0.002982138,NA,NS
ENSG00000173327,MAP3K11,-0.021695869,0.622965573,NS
ENSG00000173334,TRIB1,0.008716048,0.889562413,NS
ENSG00000173338,KCNK7,-0.002572489,NA,NS
ENSG00000173349,SFT2D3,0.01153242,0.848416349,NS
ENSG00000173402,DAG1,0.060261192,0.085701972,NS
ENSG00000173409,ARV1,-0.004147116,0.949165075,NS
ENSG00000173418,NAA20,0.034700859,0.427411371,NS
ENSG00000173436,MICOS10,-0.011444343,0.851558869,NS
ENSG00000173442,EHBP1L1,0.039519493,0.411859919,NS
ENSG00000173451,THAP2,0.005651422,NA,NS
ENSG00000173456,RNF26,-0.027623594,0.515607694,NS
ENSG00000173457,PPP1R14B,-0.10745517,0.007088983,NS
ENSG00000173465,ZNRD2,-0.055719991,0.216095435,NS
ENSG00000173473,SMARCC1,0.051020894,0.24137447,NS
ENSG00000173480,ZNF417,0.006733029,0.912829837,NS
ENSG00000173482,PTPRM,0.071775004,0.111206797,NS
ENSG00000173486,FKBP2,-0.073191651,0.099808019,NS
ENSG00000173511,VEGFB,0.036317343,NA,NS
ENSG00000173517,PEAK1,-0.001393525,NA,NS
ENSG00000173530,TNFRSF10D,0.044038821,0.353107575,NS
ENSG00000173531,MST1,0.011920764,NA,NS
ENSG00000173535,TNFRSF10C,-0.006725706,NA,NS
ENSG00000173540,GMPPB,-0.090864579,0.015946178,NS
ENSG00000173542,MOB1B,0.050447136,0.266273432,NS
ENSG00000173545,ZNF622,-0.063531473,0.122674687,NS
ENSG00000173548,SNX33,0.068057718,0.137735915,NS
ENSG00000173559,NABP1,-0.003644708,0.95594497,NS
ENSG00000173575,CHD2,0.07073672,0.088501916,NS
ENSG00000173581,CCDC106,-0.016794875,0.764161839,NS
ENSG00000173588,CEP83,0.035980141,0.464697354,NS
ENSG00000173598,NUDT4,0.005722633,0.909012579,NS
ENSG00000173599,PC,0.019300687,0.697559245,NS
ENSG00000173611,SCAI,0.024575072,0.636238743,NS
ENSG00000173614,NMNAT1,0.020551675,0.708271675,NS
ENSG00000173621,LRFN4,-0.038210788,0.41245787,NS
ENSG00000173638,SLC19A1,-0.01921166,0.676978883,NS
ENSG00000173653,RCE1,-0.080046376,0.076080366,NS
ENSG00000173660,UQCRH,-0.060923732,0.139000124,NS
ENSG00000173662,TAS1R1,0.003318836,NA,NS
ENSG00000173674,EIF1AX,-0.009145596,0.840022644,NS
ENSG00000173681,BCLAF3,0.037720971,NA,NS
ENSG00000173692,PSMD1,-0.018107795,0.677303786,NS
ENSG00000173706,HEG1,0.055179926,0.231027767,NS
ENSG00000173715,TOP6BL,-0.012312957,0.829215219,NS
ENSG00000173726,TOMM20,0.06294607,0.038697864,NS
ENSG00000173744,AGFG1,0.018879991,0.723146151,NS
ENSG00000173757,STAT5B,0.011397731,0.840288598,NS
ENSG00000173786,CNP,-0.030202453,0.442266257,NS
ENSG00000173801,JUP,0.033052979,0.348780118,NS
ENSG00000173805,HAP1,0.00369609,NA,NS
ENSG00000173812,EIF1,-0.069967652,0.06644896,NS
ENSG00000173818,ENDOV,-0.034607394,0.472039616,NS
ENSG00000173821,RNF213,0.060774594,0.158874469,NS
ENSG00000173825,TIGD3,0.002002288,NA,NS
ENSG00000173826,KCNH6,0.009024529,NA,NS
ENSG00000173846,PLK3,0.032292871,0.479300091,NS
ENSG00000173848,NET1,0.038211129,0.341206025,NS
ENSG00000173852,DPY19L1,-0.021000289,0.68435029,NS
ENSG00000173867,NA,-0.01217642,NA,NS
ENSG00000173868,PHOSPHO1,0.004616715,NA,NS
ENSG00000173875,ZNF791,0.02557173,0.622623289,NS
ENSG00000173889,PHC3,0.05749371,0.208011056,NS
ENSG00000173890,GPR160,0.071180023,0.112743571,NS
ENSG00000173894,CBX2,-0.001661856,0.975846596,NS
ENSG00000173898,SPTBN2,0.050708649,0.224371493,NS
ENSG00000173905,GOLIM4,0.052145002,0.242769098,NS
ENSG00000173914,RBM4B,0.004026972,0.951091685,NS
ENSG00000173915,ATP5MK,-0.05839427,0.183605619,NS
ENSG00000173918,C1QTNF1,0.001345793,NA,NS
ENSG00000173926,MARCHF3,-0.01685563,0.747059476,NS
ENSG00000173928,SWSAP1,-0.026309222,NA,NS
ENSG00000173933,RBM4,-0.040013114,0.259965914,NS
ENSG00000173950,XXYLT1,-0.030237848,0.545685259,NS
ENSG00000173960,UBXN2A,0.019490909,0.724474232,NS
ENSG00000173988,LRRC63,-0.005308329,NA,NS
ENSG00000173991,TCAP,-0.001489778,NA,NS
ENSG00000173992,CCS,-0.046498163,0.322339889,NS
ENSG00000174007,CEP19,0.010461157,0.859506184,NS
ENSG00000174010,KLHL15,0.043108278,0.367803365,NS
ENSG00000174013,FBXO45,0.035010894,0.435428133,NS
ENSG00000174021,GNG5,-0.066597539,0.129707432,NS
ENSG00000174028,FAM3C2P,-0.033869297,NA,NS
ENSG00000174032,SLC25A30,0.07609025,0.07154465,NS
ENSG00000174059,CD34,0.016268414,NA,NS
ENSG00000174080,CTSF,0.039424861,0.37644204,NS
ENSG00000174099,MSRB3,-0.018724453,NA,NS
ENSG00000174106,LEMD3,0.059243342,0.132361711,NS
ENSG00000174109,UQCC4,-0.008300271,0.894617284,NS
ENSG00000174130,TLR6,-0.008455583,NA,NS
ENSG00000174132,FAM174A,0.043120703,0.340875048,NS
ENSG00000174136,RGMB,0.007488712,0.905106659,NS
ENSG00000174137,FAM53A,0.007448681,NA,NS
ENSG00000174151,CYB561D1,0.032080422,0.520023204,NS
ENSG00000174165,ZDHHC24,-0.030221914,0.50478463,NS
ENSG00000174173,TRMT10C,0.037849551,0.34728654,NS
ENSG00000174177,CTU2,-0.049144018,0.299738846,NS
ENSG00000174197,MGA,0.053024992,0.259836688,NS
ENSG00000174206,KICS2,0.012284243,0.838712193,NS
ENSG00000174227,PIGG,0.043114466,0.320787142,NS
ENSG00000174231,PRPF8,0.067722373,0.076237001,NS
ENSG00000174233,ADCY6,0.033345076,0.501622008,NS
ENSG00000174236,REP15,-0.006498032,NA,NS
ENSG00000174238,PITPNA,0.026378751,0.510181264,NS
ENSG00000174243,DDX23,-0.00322453,0.952277963,NS
ENSG00000174276,ZNHIT2,-0.04734281,0.312397898,NS
ENSG00000174282,ZBTB4,0.025837516,0.614237396,NS
ENSG00000174292,TNK1,-0.018997358,0.72660558,NS
ENSG00000174306,ZHX3,0.098689124,0.012497473,NS
ENSG00000174307,PHLDA3,-0.057005818,0.165710166,NS
ENSG00000174327,SLC16A13,0.000644498,NA,NS
ENSG00000174332,GLIS1,-0.004019054,NA,NS
ENSG00000174358,SLC6A19,0.033703181,NA,NS
ENSG00000174365,SNHG11,-0.03682307,NA,NS
ENSG00000174371,EXO1,0.039545618,0.33845984,NS
ENSG00000174373,RALGAPA1,0.07021766,0.105398332,NS
ENSG00000174405,LIG4,0.014000704,0.810013547,NS
ENSG00000174428,GTF2IRD2B,-0.046865847,0.310700841,NS
ENSG00000174437,ATP2A2,0.067737248,0.028407684,NS
ENSG00000174442,ZWILCH,-0.013388123,0.793417387,NS
ENSG00000174444,RPL4,-0.011567773,0.820525027,NS
ENSG00000174446,SNAPC5,-0.036987452,0.444159199,NS
ENSG00000174448,STARD6,0.001077563,NA,NS
ENSG00000174456,C12orf76,-0.007301572,0.909553119,NS
ENSG00000174469,CNTNAP2,0.13274967,NA,NS
ENSG00000174473,GALNTL6,-0.010308565,NA,NS
ENSG00000174483,BBS1,-0.02717858,0.598748739,NS
ENSG00000174485,DENND4A,0.102954,0.02102308,NS
ENSG00000174501,ANKRD36C,-0.014337803,NA,NS
ENSG00000174514,MFSD4A,-0.002389278,NA,NS
ENSG00000174516,PELI3,0.099462268,0.021890749,NS
ENSG00000174529,TMEM81,-0.023567541,NA,NS
ENSG00000174547,MRPL11,-0.089855962,0.029315482,NS
ENSG00000174562,KLK15,-0.037862314,NA,NS
ENSG00000174564,IL20RB,0.00241507,NA,NS
ENSG00000174567,GOLT1A,0.017316985,NA,NS
ENSG00000174574,AKIRIN1,0.058404936,0.085041973,NS
ENSG00000174579,MSL2,-0.004231099,0.949850913,NS
ENSG00000174586,ZNF497,-0.019326074,0.722990095,NS
ENSG00000174599,TRAM1L1,0.029971739,0.554404209,NS
ENSG00000174606,ANGEL2,0.037002847,0.437293934,NS
ENSG00000174607,UGT8,0.051524673,NA,NS
ENSG00000174628,IQCK,-0.023311917,NA,NS
ENSG00000174640,SLCO2A1,-0.004968082,NA,NS
ENSG00000174652,ZNF266,0.021630006,0.689994232,NS
ENSG00000174669,SLC29A2,0.015839011,0.783422701,NS
ENSG00000174672,BRSK2,0.012464567,NA,NS
ENSG00000174684,B4GAT1,-0.027138883,0.578565168,NS
ENSG00000174695,TMEM167A,0.073383316,0.02014262,NS
ENSG00000174705,SH3PXD2B,0.004803018,0.943348245,NS
ENSG00000174718,RESF1,0.108768261,0.016270759,NS
ENSG00000174720,LARP7,-0.104132037,0.01445035,NS
ENSG00000174721,FGFBP3,0.031673,0.497327711,NS
ENSG00000174738,NR1D2,0.103955435,0.014957733,NS
ENSG00000174740,PABPC5,0.037623662,NA,NS
ENSG00000174744,BRMS1,-0.080287461,0.045201181,NS
ENSG00000174748,RPL15,-0.077727214,0.032821447,NS
ENSG00000174749,FAM241A,0.06253666,0.166349307,NS
ENSG00000174775,HRAS,-0.09894857,0.01103136,NS
ENSG00000174780,SRP72,0.013825514,0.747642295,NS
ENSG00000174791,RIN1,-0.002551493,NA,NS
ENSG00000174796,THAP6,-0.00363307,0.954738765,NS
ENSG00000174799,CEP135,-0.02580775,0.62086037,NS
ENSG00000174804,FZD4,-0.045362423,0.335838168,NS
ENSG00000174808,BTC,0.004314698,NA,NS
ENSG00000174839,DENND6A,-0.011615719,0.840964088,NS
ENSG00000174840,PDE12,-0.003036049,0.960635696,NS
ENSG00000174842,GLMN,0.045347286,0.320787142,NS
ENSG00000174844,DNAH12,-0.015933993,NA,NS
ENSG00000174851,YIF1A,-0.036002064,0.414588665,NS
ENSG00000174871,CNIH2,-0.019252133,NA,NS
ENSG00000174886,NDUFA11,-0.115585187,0.00492232,NS
ENSG00000174891,RSRC1,0.019920852,0.697966469,NS
ENSG00000174903,RAB1B,-0.057749759,0.104955334,NS
ENSG00000174915,PTDSS2,-0.006987952,0.912232311,NS
ENSG00000174917,MICOS13,-0.084812729,0.050505569,NS
ENSG00000174928,C3orf33,0.014074513,0.812220518,NS
ENSG00000174938,SEZ6L2,-0.02749263,0.498999856,NS
ENSG00000174939,ASPHD1,-0.018872151,0.729681353,NS
ENSG00000174943,KCTD13,-0.023404179,0.662579933,NS
ENSG00000174950,CD164L2,0.025784608,NA,NS
ENSG00000174951,FUT1,-0.083244034,0.073151218,NS
ENSG00000174953,DHX36,0.021307058,0.652345675,NS
ENSG00000174977,PAIP1P2,0.014990995,NA,NS
ENSG00000174989,FBXW8,0.020476101,0.696663412,NS
ENSG00000174996,KLC2,-0.089632991,0.013329069,NS
ENSG00000175003,SLC22A1,0.015477249,NA,NS
ENSG00000175029,CTBP2,0.031576998,0.469985499,NS
ENSG00000175040,CHST2,-0.00363445,NA,NS
ENSG00000175048,ZDHHC14,0.002552229,0.968159844,NS
ENSG00000175054,ATR,0.044887719,0.342131704,NS
ENSG00000175061,SNHG29,-0.044360464,0.248941784,NS
ENSG00000175063,UBE2C,-0.204903122,3.28E-07,NS
ENSG00000175066,GK5,0.072101337,0.097106299,NS
ENSG00000175073,VCPIP1,0.007206316,0.911088904,NS
ENSG00000175087,PDIK1L,0.001332154,0.983033297,NS
ENSG00000175104,TRAF6,0.059514357,0.190970028,NS
ENSG00000175105,ZNF654,0.061174569,0.186413027,NS
ENSG00000175106,TVP23C,0.013224131,NA,NS
ENSG00000175110,MRPS22,-0.050572769,0.194001718,NS
ENSG00000175115,PACS1,-0.060592332,0.108759415,NS
ENSG00000175130,MARCKSL1,-0.058891251,0.093153857,NS
ENSG00000175137,SH3BP5L,0.019351689,0.674890832,NS
ENSG00000175147,TMEM51-AS1,-0.015488259,NA,NS
ENSG00000175155,YPEL2,0.120278473,0.021521356,NS
ENSG00000175161,CADM2,-0.0424922,NA,NS
ENSG00000175166,PSMD2,-0.051609967,0.082934751,NS
ENSG00000175170,FAM182B,0.004073995,NA,NS
ENSG00000175175,PPM1E,0.015844969,0.758841001,NS
ENSG00000175182,FAM131A,0.035992921,0.464697354,NS
ENSG00000175189,INHBC,0.003830723,NA,NS
ENSG00000175193,PARL,-0.038688078,0.384737456,NS
ENSG00000175197,DDIT3,0.00092229,0.989513056,NS
ENSG00000175198,PCCA,0.042404939,0.377067831,NS
ENSG00000175203,DCTN2,-0.041605664,0.28823877,NS
ENSG00000175213,ZNF408,-0.066800768,0.145680489,NS
ENSG00000175215,CTDSP2,-0.002942991,0.960293903,NS
ENSG00000175216,CKAP5,0.034221681,0.438082067,NS
ENSG00000175220,ARHGAP1,-0.030562126,0.499408546,NS
ENSG00000175221,MED16,-0.043704174,0.29884709,NS
ENSG00000175224,ATG13,0.002774944,0.961618958,NS
ENSG00000175265,GOLGA8A,0.005699601,NA,NS
ENSG00000175274,TP53I11,0.031536629,0.505617307,NS
ENSG00000175279,CENPS,-0.024543205,0.613352744,NS
ENSG00000175283,DOLK,0.02616845,0.576181598,NS
ENSG00000175305,CCNE2,0.045586397,0.318671737,NS
ENSG00000175309,PHYKPL,-0.01110631,0.84976658,NS
ENSG00000175322,ZNF519,0.032354948,NA,NS
ENSG00000175324,LSM1,-0.013244199,0.82425594,NS
ENSG00000175329,ISX,0.04275254,0.341617198,NS
ENSG00000175334,BANF1,-0.10817737,0.005052703,NS
ENSG00000175336,APOF,0.03453472,NA,NS
ENSG00000175344,CHRNA7,-0.013657388,NA,NS
ENSG00000175348,TMEM9B,-0.047990905,0.271218194,NS
ENSG00000175354,PTPN2,0.000277943,0.997494019,NS
ENSG00000175376,EIF1AD,-0.003713814,0.954695262,NS
ENSG00000175387,SMAD2,0.036368504,0.370528907,NS
ENSG00000175390,EIF3F,-0.026016899,0.51288936,NS
ENSG00000175395,ZNF25,0.007694598,0.896676372,NS
ENSG00000175416,CLTB,-0.064805962,0.137574348,NS
ENSG00000175445,LPL,9.31E-05,NA,NS
ENSG00000175449,RFESD,0.014237989,NA,NS
ENSG00000175455,CCDC14,-0.006712552,0.917578777,NS
ENSG00000175467,SART1,-0.053757051,0.145177201,NS
ENSG00000175470,PPP2R2D,0.006226404,0.9161691,NS
ENSG00000175471,MCTP1,0.125450058,NA,NS
ENSG00000175482,POLD4,-0.087479232,0.056964966,NS
ENSG00000175535,PNLIP,-0.008365688,NA,NS
ENSG00000175536,LIPT2,-0.015788781,NA,NS
ENSG00000175544,CABP4,0.008474657,NA,NS
ENSG00000175548,ALG10B,-0.004966212,0.940723945,NS
ENSG00000175550,DRAP1,-0.106055937,0.009384583,NS
ENSG00000175556,LONRF3,-0.009853913,NA,NS
ENSG00000175564,UCP3,-0.00509394,NA,NS
ENSG00000175573,C11orf68,-0.033392428,0.490183925,NS
ENSG00000175575,PAAF1,-0.026302205,0.581698547,NS
ENSG00000175581,MRPL48,0.01665655,0.764161839,NS
ENSG00000175582,RAB6A,0.063096565,0.071105846,NS
ENSG00000175591,P2RY2,0.000961456,NA,NS
ENSG00000175592,FOSL1,0.004562847,NA,NS
ENSG00000175595,ERCC4,0.056366144,0.221182031,NS
ENSG00000175600,SUGCT,0.013589123,NA,NS
ENSG00000175602,CCDC85B,-0.078002639,0.053936443,NS
ENSG00000175606,TMEM70,6.27E-05,0.999611317,NS
ENSG00000175611,ERCC6L2-AS1,0.008983472,0.885293656,NS
ENSG00000175634,RPS6KB2,-0.092055855,0.011740819,NS
ENSG00000175643,RMI2,0.005083281,0.938644806,NS
ENSG00000175662,TOM1L2,0.003232233,0.954631733,NS
ENSG00000175691,ZNF77,-0.006816317,0.908998711,NS
ENSG00000175697,GPR156,0.033596682,NA,NS
ENSG00000175701,MTLN,-0.156373644,0.002303811,NS
ENSG00000175707,KDF1,-0.039689046,0.397891205,NS
ENSG00000175711,B3GNTL1,-0.00749842,NA,NS
ENSG00000175727,MLXIP,0.037688275,0.410317037,NS
ENSG00000175741,RWDD4P2,-0.001303686,NA,NS
ENSG00000175745,NR2F1,-0.004169887,NA,NS
ENSG00000175756,AURKAIP1,-0.08897191,0.034631307,NS
ENSG00000175764,TTLL11,-0.004077057,0.949165075,NS
ENSG00000175768,TOMM5,-0.022625082,0.664875158,NS
ENSG00000175772,LINC01106,0.111843874,0.016045893,NS
ENSG00000175773,ZBTB44-DT,-0.002304029,NA,NS
ENSG00000175782,SLC35E3,0.035731136,0.461116842,NS
ENSG00000175785,PRIMA1,0.026022235,NA,NS
ENSG00000175787,ZNF169,0.014554822,NA,NS
ENSG00000175792,RUVBL1,-0.044353146,0.194829335,NS
ENSG00000175793,SFN,-0.017400672,NA,NS
ENSG00000175806,MSRA,-0.023004837,NA,NS
ENSG00000175826,CTDNEP1,-0.019740935,0.688621149,NS
ENSG00000175832,ETV4,-0.016291178,NA,NS
ENSG00000175854,SWI5,-0.041291037,0.379777287,NS
ENSG00000175866,BAIAP2,0.036189602,0.4241132,NS
ENSG00000175886,RPL7AP66,-0.005383137,NA,NS
ENSG00000175893,ZDHHC21,-0.005412728,0.934422082,NS
ENSG00000175895,PLEKHF2,0.033548769,0.498153949,NS
ENSG00000175906,ARL4D,0.005368633,NA,NS
ENSG00000175928,LRRN1,0.347027485,1.31E-07,NS
ENSG00000175931,UBE2O,0.027712641,0.534603947,NS
ENSG00000175938,ORAI3,0.037098536,0.422033981,NS
ENSG00000175970,UNC119B,0.007946147,0.880099206,NS
ENSG00000175984,DENND2C,0.027428151,NA,NS
ENSG00000175985,PLEKHD1,0.042188504,NA,NS
ENSG00000176014,TUBB6,-0.004010936,NA,NS
ENSG00000176018,LYSMD3,-0.012822482,0.826377458,NS
ENSG00000176020,AMIGO3,-0.033104517,NA,NS
ENSG00000176022,B3GALT6,-0.027401072,0.540731455,NS
ENSG00000176024,ZNF613,0.042749741,0.367309177,NS
ENSG00000176046,NUPR1,-0.03144065,0.487267143,NS
ENSG00000176055,MBLAC2,0.049085345,0.268275156,NS
ENSG00000176058,TPRN,-0.011682049,0.843738861,NS
ENSG00000176087,SLC35A4,0.029555578,0.47555258,NS
ENSG00000176092,CRYBG2,0.02999116,NA,NS
ENSG00000176095,IP6K1,0.017652927,0.725512033,NS
ENSG00000176101,SSNA1,-0.102610301,0.007028255,NS
ENSG00000176102,CSTF3,-0.020392802,0.674228287,NS
ENSG00000176105,YES1,0.050664868,0.243104259,NS
ENSG00000176108,CHMP6,-0.002433008,0.968602633,NS
ENSG00000176124,DLEU1,0.00179275,0.978211668,NS
ENSG00000176125,UFSP1,-0.021301163,0.69318448,NS
ENSG00000176142,TMEM39A,-0.032508665,0.505626436,NS
ENSG00000176148,TCP11L1,-0.031169386,0.521376896,NS
ENSG00000176153,GPX2,0.009501564,NA,NS
ENSG00000176155,CCDC57,-0.175961025,9.87E-05,NS
ENSG00000176165,FOXG1,-0.003691398,NA,NS
ENSG00000176170,SPHK1,0.018762614,0.712896624,NS
ENSG00000176171,BNIP3,0.001860644,0.973648394,NS
ENSG00000176182,MYPOP,-0.034348954,NA,NS
ENSG00000176204,LRRTM4,0.008284576,NA,NS
ENSG00000176208,ATAD5,-0.01836888,0.747059476,NS
ENSG00000176209,SMIM19,-0.014022493,0.804104948,NS
ENSG00000176222,ZNF404,0.025997997,NA,NS
ENSG00000176225,RTTN,0.018434215,0.733336186,NS
ENSG00000176236,RPP38-DT,0.002408472,NA,NS
ENSG00000176244,ACBD7,-0.006823631,0.911088904,NS
ENSG00000176248,ANAPC2,-0.064322604,0.10948764,NS
ENSG00000176261,ZBTB8OS,-0.045955275,0.330956046,NS
ENSG00000176273,SLC35G1,0.031195579,0.525543489,NS
ENSG00000176293,ZNF135,-0.015916992,NA,NS
ENSG00000176340,COX8A,-0.094314462,0.021636669,NS
ENSG00000176371,ZSCAN2,-0.01125496,0.852760036,NS
ENSG00000176383,B3GNT4,-0.007929907,NA,NS
ENSG00000176386,CDC26,-0.043439036,0.353966323,NS
ENSG00000176387,HSD11B2,0.142440592,0.000862975,NS
ENSG00000176390,CRLF3,-0.042513765,0.374804363,NS
ENSG00000176393,RNPEP,-0.06473361,0.02523072,NS
ENSG00000176396,EID2,-0.032263747,0.488436589,NS
ENSG00000176401,EID2B,-0.04107023,0.390800668,NS
ENSG00000176402,GJC3,-0.010431614,NA,NS
ENSG00000176407,KCMF1,0.022060024,0.638687336,NS
ENSG00000176410,DNAJC30,-0.091844895,0.023795039,NS
ENSG00000176422,SPRYD4,-0.048685027,0.242108403,NS
ENSG00000176428,VPS37D,0.002808341,NA,NS
ENSG00000176438,SYNE3,0.014400271,0.801045788,NS
ENSG00000176444,CLK2,-0.005399585,0.935763507,NS
ENSG00000176454,LPCAT4,0.008828128,NA,NS
ENSG00000176472,ZNF575,-0.011008078,NA,NS
ENSG00000176473,WDR25,-0.042392089,0.360408472,NS
ENSG00000176476,SGF29,-0.014646306,0.796771024,NS
ENSG00000176485,PLAAT3,-0.074333866,0.102942351,NS
ENSG00000176490,DIRAS1,0.011398957,0.851558869,NS
ENSG00000176531,PHLDB3,-0.053793516,0.236768067,NS
ENSG00000176533,GNG7,0.031842141,NA,NS
ENSG00000176542,USF3,0.028780498,0.573638438,NS
ENSG00000176563,CNTD1,0.014322189,NA,NS
ENSG00000176593,ZNF606-AS1,0.013819673,NA,NS
ENSG00000176595,KBTBD11,0.024095914,0.645520248,NS
ENSG00000176597,B3GNT5,-0.006044857,NA,NS
ENSG00000176619,LMNB2,-0.058090926,0.073328522,NS
ENSG00000176623,RMDN1,-0.027265907,0.581746048,NS
ENSG00000176624,MEX3C,-0.008211339,0.896076806,NS
ENSG00000176641,RNF152,-0.04206284,NA,NS
ENSG00000176658,MYO1D,0.045836099,0.270289021,NS
ENSG00000176681,LRRC37A,0.005561598,NA,NS
ENSG00000176714,CCDC121,0.021741134,0.676978883,NS
ENSG00000176715,ACSF3,-0.054720262,0.230903979,NS
ENSG00000176720,BOK,0.027924583,0.58637799,NS
ENSG00000176723,ZNF843,0.007628681,NA,NS
ENSG00000176728,TTTY14,-0.026415549,NA,NS
ENSG00000176731,RBIS,-0.046410082,0.318671737,NS
ENSG00000176732,PFN4,-0.005218991,NA,NS
ENSG00000176749,CDK5R1,0.000116344,0.999057467,NS
ENSG00000176769,TCERG1L,0.006231102,NA,NS
ENSG00000176771,NCKAP5,0.0102503,NA,NS
ENSG00000176783,RUFY1,-0.009321901,0.869472172,NS
ENSG00000176788,BASP1,0.006891192,0.91419086,NS
ENSG00000176809,LRRC37A3,-0.010679887,NA,NS
ENSG00000176834,VSIG10,-0.020966342,0.677479725,NS
ENSG00000176842,IRX5,-0.003524172,NA,NS
ENSG00000176845,METRNL,0.005236859,NA,NS
ENSG00000176853,FAM91A1,0.064110515,0.126305537,NS
ENSG00000176868,NA,-0.012867053,NA,NS
ENSG00000176871,WSB2,0.00609133,0.895586468,NS
ENSG00000176884,GRIN1,0.00978971,NA,NS
ENSG00000176887,SOX11,0.02725679,NA,NS
ENSG00000176890,TYMS,-0.115520583,8.38E-05,NS
ENSG00000176894,PXMP2,-0.027520141,0.590275869,NS
ENSG00000176896,TCEANC,-0.003422869,NA,NS
ENSG00000176903,PNMA1,0.038401334,0.348491557,NS
ENSG00000176907,TCIM,-0.014074967,NA,NS
ENSG00000176909,MAMSTR,-0.004597837,NA,NS
ENSG00000176912,TYMSOS,-0.077013064,0.090210163,NS
ENSG00000176915,ANKLE2,0.016580593,0.747733826,NS
ENSG00000176919,C8G,-0.007675557,NA,NS
ENSG00000176933,TOB2P1,0.007815265,NA,NS
ENSG00000176945,MUC20,-0.027497991,NA,NS
ENSG00000176946,THAP4,-0.031637152,0.475304477,NS
ENSG00000176953,NFATC2IP,-0.035050493,0.446854062,NS
ENSG00000176971,FIBIN,-0.007438579,NA,NS
ENSG00000176973,FAM89B,-0.065708624,0.111029498,NS
ENSG00000176974,SHMT1,-0.028152946,0.468457708,NS
ENSG00000176978,DPP7,-0.042676354,0.320485317,NS
ENSG00000176986,SEC24C,-0.013984028,0.75550562,NS
ENSG00000176988,FMR1NB,-0.003653502,NA,NS
ENSG00000176994,SMCR8,0.028415297,0.552091044,NS
ENSG00000177000,MTHFR,0.26835949,3.21E-07,NS
ENSG00000177025,C19orf18,0.006380075,NA,NS
ENSG00000177030,DEAF1,0.004939821,0.940314665,NS
ENSG00000177034,MTX3,0.037742833,0.4380117,NS
ENSG00000177042,TMEM80,0.012895311,0.824482733,NS
ENSG00000177045,SIX5,-0.023106052,0.663844255,NS
ENSG00000177051,FBXO46,-0.060389665,0.177954742,NS
ENSG00000177054,ZDHHC13,0.025210529,0.621978124,NS
ENSG00000177058,SLC38A9,0.014983238,0.796771024,NS
ENSG00000177076,ACER2,0.046772995,0.310842644,NS
ENSG00000177082,WDR73,-0.023174194,0.662512526,NS
ENSG00000177084,POLE,0.047628921,0.296461748,NS
ENSG00000177096,PHETA2,-0.003657089,NA,NS
ENSG00000177098,SCN4B,0.017684122,NA,NS
ENSG00000177105,RHOG,-0.005097874,0.940314665,NS
ENSG00000177106,EPS8L2,-0.029273501,0.536176901,NS
ENSG00000177119,ANO6,0.069904863,0.117776188,NS
ENSG00000177125,ZBTB34,0.068602705,0.120418821,NS
ENSG00000177144,NUDT4B,-0.003457038,0.954526246,NS
ENSG00000177150,FAM210A,0.032868669,0.498555474,NS
ENSG00000177156,TALDO1,-0.059741017,0.092373646,NS
ENSG00000177169,ULK1,-0.041355435,0.370943863,NS
ENSG00000177173,NAP1L4P1,-0.001950372,NA,NS
ENSG00000177181,RIMKLA,0.112573029,0.011393234,NS
ENSG00000177189,RPS6KA3,0.039695579,0.375901507,NS
ENSG00000177192,PUS1,-0.015847633,0.786298759,NS
ENSG00000177200,CHD9,0.07058155,0.122831758,NS
ENSG00000177225,GATD1,-0.00959374,0.876933913,NS
ENSG00000177239,MAN1B1,-0.006497924,0.905866726,NS
ENSG00000177283,FZD8,-0.004146554,NA,NS
ENSG00000177302,TOP3A,0.03309477,0.439576243,NS
ENSG00000177303,CASKIN2,0.027782459,0.584092539,NS
ENSG00000177311,ZBTB38,0.046786543,0.318671737,NS
ENSG00000177337,DLGAP1-AS1,0.006656682,NA,NS
ENSG00000177340,FLJ13224,-0.008555281,NA,NS
ENSG00000177352,CCDC71,-0.000213974,0.998368771,NS
ENSG00000177363,LRRN4CL,0.007813349,NA,NS
ENSG00000177370,TIMM22,-0.005712341,0.927565847,NS
ENSG00000177374,HIC1,0.013434476,NA,NS
ENSG00000177380,PPFIA3,-0.038604311,0.385575519,NS
ENSG00000177383,MAGEF1,-0.008076767,0.880756893,NS
ENSG00000177398,UMODL1,0.002975106,NA,NS
ENSG00000177410,ZFAS1,-0.055286031,0.207068958,NS
ENSG00000177425,PAWR,0.025142878,0.572643189,NS
ENSG00000177426,TGIF1,-0.017737634,0.749847287,NS
ENSG00000177427,MIEF2,-0.045408256,0.334801626,NS
ENSG00000177463,NR2C2,0.069185709,0.129983141,NS
ENSG00000177469,CAVIN1,0.041525004,0.371898705,NS
ENSG00000177479,ARIH2,0.033167315,0.38095454,NS
ENSG00000177485,ZBTB33,0.0825259,0.053552385,NS
ENSG00000177504,VCX2,0.005052887,NA,NS
ENSG00000177508,IRX3,-0.048163186,0.310770065,NS
ENSG00000177542,SLC25A22,-0.019133759,0.68435029,NS
ENSG00000177548,RABEP2,-0.034350809,0.481559171,NS
ENSG00000177556,ATOX1,-0.042178379,0.365753304,NS
ENSG00000177565,TBL1XR1,0.008154255,0.886640224,NS
ENSG00000177570,SAMD12,0.015004537,0.787683532,NS
ENSG00000177576,C18orf32,0.046800522,0.316552918,NS
ENSG00000177595,PIDD1,-0.015224299,0.793399894,NS
ENSG00000177599,ZNF491,0.002907748,NA,NS
ENSG00000177600,RPLP2,-0.092633547,0.025550819,NS
ENSG00000177602,HASPIN,-0.015475725,0.788976876,NS
ENSG00000177606,JUN,-0.04953447,0.140944713,NS
ENSG00000177613,CSTF2T,-0.04213562,0.310700841,NS
ENSG00000177614,PGBD5,0.032563068,0.506149528,NS
ENSG00000177628,GBA1,0.008097185,0.886388851,NS
ENSG00000177640,CASC2,-0.015008456,NA,NS
ENSG00000177646,ACAD9,-0.027100789,0.509339284,NS
ENSG00000177663,IL17RA,-0.001272417,0.98528031,NS
ENSG00000177666,PNPLA2,-0.052226058,0.221182031,NS
ENSG00000177674,AGTRAP,0.024687249,0.614300306,NS
ENSG00000177675,CD163L1,0.001602362,NA,NS
ENSG00000177679,SRRM3,0.009079514,NA,NS
ENSG00000177683,THAP5,0.018318096,0.727303212,NS
ENSG00000177685,CRACR2B,-0.014780076,0.783472793,NS
ENSG00000177692,DNAJC28,0.005086299,NA,NS
ENSG00000177694,NAALADL2,0.112265639,0.004296492,NS
ENSG00000177697,CD151,-0.086829092,0.015945547,NS
ENSG00000177700,POLR2L,-0.177952561,0.000189289,NS
ENSG00000177706,FAM20C,0.022376576,NA,NS
ENSG00000177707,NECTIN3,-0.015700836,NA,NS
ENSG00000177721,ANXA2R,-0.015601348,NA,NS
ENSG00000177728,TMEM94,0.000280945,0.997612417,NS
ENSG00000177731,FLII,-0.015054148,0.734003368,NS
ENSG00000177732,SOX12,-0.044627917,0.259836688,NS
ENSG00000177733,HNRNPA0,-0.054000378,0.106318213,NS
ENSG00000177738,ANXA2R-OT1,0.001197403,NA,NS
ENSG00000177757,FAM87B,0.002311625,NA,NS
ENSG00000177788,RAB4A-AS1,0.031835811,0.501027143,NS
ENSG00000177830,CHID1,-0.035017271,0.411429759,NS
ENSG00000177839,PCDHB9,0.002606459,NA,NS
ENSG00000177842,ZNF620,0.03632961,NA,NS
ENSG00000177853,ZNF518A,0.053362652,0.253771445,NS
ENSG00000177854,TMEM187,-0.025194114,0.636084939,NS
ENSG00000177855,CACYBPP2,-0.001824424,NA,NS
ENSG00000177868,SVBP,0.005493596,0.93076427,NS
ENSG00000177875,CCDC184,-0.026436681,NA,NS
ENSG00000177879,AP3S1,0.02848912,0.564160469,NS
ENSG00000177885,GRB2,-0.019208025,0.646887583,NS
ENSG00000177888,ZBTB41,0.04842376,0.306828855,NS
ENSG00000177889,UBE2N,-0.034743936,0.348815398,NS
ENSG00000177917,ARL6IP6,-0.011289859,0.853856811,NS
ENSG00000177932,ZNF354C,0.052497199,0.264671047,NS
ENSG00000177943,MAMDC4,-0.00307305,NA,NS
ENSG00000177946,CENPBD1P,0.007516765,NA,NS
ENSG00000177951,BET1L,0.007940943,0.884220486,NS
ENSG00000177954,RPS27,-0.060657042,0.148034838,NS
ENSG00000177963,RIC8A,-0.013867006,0.776757538,NS
ENSG00000177971,IMP3,-0.057575519,0.182073948,NS
ENSG00000177981,ASB8,-0.041144352,0.353682012,NS
ENSG00000177989,CIMAP1B,0.002194424,NA,NS
ENSG00000178026,LRRC75B,0.019769805,0.716668198,NS
ENSG00000178028,DMAP1,-0.067248619,0.118460005,NS
ENSG00000178035,IMPDH2,-0.046855014,0.168178905,NS
ENSG00000178038,ALS2CL,0.010647741,NA,NS
ENSG00000178053,MLF1,0.013805246,0.815644325,NS
ENSG00000178057,NDUFAF3,-0.086186461,0.030400042,NS
ENSG00000178074,C2orf69,0.000786595,0.990692457,NS
ENSG00000178075,GRAMD1C,0.004080355,NA,NS
ENSG00000178078,STAP2,-0.038659245,0.411659177,NS
ENSG00000178082,TWF1P1,0.002603356,NA,NS
ENSG00000178093,TSSK6,-0.023353808,NA,NS
ENSG00000178096,BOLA1,-0.078786591,0.078415484,NS
ENSG00000178104,PDE4DIP,0.017308108,0.752977396,NS
ENSG00000178105,DDX10,0.006472536,0.912232311,NS
ENSG00000178127,NDUFV2,-0.036867013,0.359662195,NS
ENSG00000178146,GK4P,-0.001257312,NA,NS
ENSG00000178149,DALRD3,-0.069632351,0.116343867,NS
ENSG00000178163,ZNF518B,0.035723295,0.464278618,NS
ENSG00000178177,LCORL,0.030743622,0.522029339,NS
ENSG00000178184,PARD6G,0.015428176,0.79081691,NS
ENSG00000178187,ZNF454,0.012844208,NA,NS
ENSG00000178188,SH2B1,0.006203622,0.924597218,NS
ENSG00000178201,VN1R1,0.004286445,NA,NS
ENSG00000178202,POGLUT3,0.007747112,NA,NS
ENSG00000178209,PLEC,0.04280334,0.310947305,NS
ENSG00000178226,PRSS36,-0.009347844,NA,NS
ENSG00000178229,ZNF543,-0.016417624,0.75037833,NS
ENSG00000178234,GALNT11,0.042019489,0.29884709,NS
ENSG00000178252,WDR6,0.028162653,0.483074341,NS
ENSG00000178295,GEN1,0.030613899,0.541775689,NS
ENSG00000178301,AQP11,-0.000477784,NA,NS
ENSG00000178307,TMEM11,-0.075527153,0.078637496,NS
ENSG00000178338,ZNF354B,0.030102312,0.509666623,NS
ENSG00000178343,SHISA3,-0.005564571,NA,NS
ENSG00000178381,ZFAND2A,-0.016862603,0.766637952,NS
ENSG00000178385,PLEKHM3,0.045255291,0.339804464,NS
ENSG00000178386,ZNF223,0.010148245,NA,NS
ENSG00000178397,FAM220A,0.012804515,0.830902387,NS
ENSG00000178401,DNAJC22,-0.074786698,0.103357998,NS
ENSG00000178404,CEP295NL,0.005261514,NA,NS
ENSG00000178409,BEND3,0.056117069,0.230903979,NS
ENSG00000178412,CTDP1-DT,0.044882722,0.344706533,NS
ENSG00000178425,NT5DC1,0.008667354,0.876220442,NS
ENSG00000178429,RPS3AP5,-0.004047684,NA,NS
ENSG00000178440,TIMM23B-AGAP6,-0.005443611,NA,NS
ENSG00000178445,GLDC,0.012947929,0.812130826,NS
ENSG00000178449,COX14,-0.055931196,0.212240589,NS
ENSG00000178458,H3P16,-0.006710039,NA,NS
ENSG00000178460,MCMDC2,0.001954518,NA,NS
ENSG00000178464,RPL10P16,-0.016803243,NA,NS
ENSG00000178467,P4HTM,-0.016932194,0.755688941,NS
ENSG00000178498,DTX3,5.29E-05,NA,NS
ENSG00000178502,KLHL11,0.039835078,0.411859919,NS
ENSG00000178531,CTXN1,-0.134370323,0.001211878,NS
ENSG00000178537,SLC25A20,-0.030570048,0.541295131,NS
ENSG00000178567,EPM2AIP1,0.049747822,0.254400833,NS
ENSG00000178573,MAF,-0.262992778,4.36E-08,NS
ENSG00000178585,CTNNBIP1,-0.060296967,0.122831758,NS
ENSG00000178605,GTPBP6,-0.03528817,0.44400698,NS
ENSG00000178607,ERN1,-0.070151981,0.107144441,NS
ENSG00000178623,GPR35,-0.015955909,NA,NS
ENSG00000178665,ZNF713,0.008885167,NA,NS
ENSG00000178685,PARP10,-0.010171438,NA,NS
ENSG00000178691,SUZ12,0.060741375,0.124674744,NS
ENSG00000178694,NSUN3,0.022288864,0.679363296,NS
ENSG00000178700,DHFR2,0.02325941,0.663211549,NS
ENSG00000178715,NA,-0.007169121,NA,NS
ENSG00000178718,RPP25,0.011281006,NA,NS
ENSG00000178719,GRINA,-0.002570291,0.964469658,NS
ENSG00000178741,COX5A,-0.032363397,0.491925936,NS
ENSG00000178750,STX19,0.004462329,NA,NS
ENSG00000178752,ERFE,-0.01748481,NA,NS
ENSG00000178761,FAM219B,0.041493003,0.361034962,NS
ENSG00000178764,ZHX2,0.070326572,0.10417457,NS
ENSG00000178773,CPNE7,0.017465449,0.759084846,NS
ENSG00000178776,C5orf46,-0.014043173,NA,NS
ENSG00000178802,MPI,0.006393499,0.908998711,NS
ENSG00000178809,TRIM73,-0.007196632,NA,NS
ENSG00000178814,OPLAH,-0.03546818,0.472787469,NS
ENSG00000178821,TMEM52,-0.013417807,0.816828855,NS
ENSG00000178852,EFCAB13,0.007405574,NA,NS
ENSG00000178878,APOLD1,0.008174578,NA,NS
ENSG00000178896,EXOSC4,-0.077927568,0.077033685,NS
ENSG00000178904,DPY19L3,0.189749208,0.000105529,NS
ENSG00000178913,TAF7,0.008426922,0.862927824,NS
ENSG00000178917,ZNF852,0.030445634,0.541775689,NS
ENSG00000178921,PFAS,0.008849039,0.881684241,NS
ENSG00000178927,CYBC1,-0.0712473,0.079659818,NS
ENSG00000178935,ZNF552,-0.03675449,0.449575382,NS
ENSG00000178947,SMIM10L2A,0.001988029,NA,NS
ENSG00000178950,GAK,0.002935143,0.961799375,NS
ENSG00000178951,ZBTB7A,-0.040650389,0.359031257,NS
ENSG00000178952,TUFM,-0.042158981,0.264555444,NS
ENSG00000178966,RMI1,0.031459853,0.475314242,NS
ENSG00000178971,CTC1,0.050535871,0.272740581,NS
ENSG00000178974,FBXO34,0.030614098,0.541295131,NS
ENSG00000178977,LINC00324,0.00022875,NA,NS
ENSG00000178980,SELENOW,-0.098635125,0.014331073,NS
ENSG00000178982,EIF3K,-0.071290498,0.068854509,NS
ENSG00000178988,MRFAP1L1,0.005478604,0.924597218,NS
ENSG00000178996,SNX18,0.055880763,0.20243237,NS
ENSG00000178997,EXD1,-0.008710996,NA,NS
ENSG00000178999,AURKB,-0.166830743,0.000150243,NS
ENSG00000179010,MRFAP1,-0.050559507,0.183254518,NS
ENSG00000179021,C3orf38,0.026851724,0.595278251,NS
ENSG00000179029,TMEM107,-0.033580392,0.498002053,NS
ENSG00000179041,RRS1,-0.035355975,0.407943404,NS
ENSG00000179051,RCC2,-0.06345698,0.110577938,NS
ENSG00000179085,DPM3,-0.061747739,0.181033619,NS
ENSG00000179091,CYC1,-0.091572626,0.007732767,NS
ENSG00000179094,PER1,-0.080582542,0.066047196,NS
ENSG00000179104,TMTC2,0.000965478,0.988795385,NS
ENSG00000179115,FARSA,-0.053152323,0.111362139,NS
ENSG00000179119,SPTY2D1,0.02552738,0.609524197,NS
ENSG00000179134,SAMD4B,0.010160755,0.842237255,NS
ENSG00000179148,ALOXE3,0.014173967,NA,NS
ENSG00000179151,EDC3,0.010100571,0.858266736,NS
ENSG00000179152,TCAIM,0.043435933,0.271241746,NS
ENSG00000179163,FUCA1,0.010870498,0.859430032,NS
ENSG00000179178,TMEM125,0.026618502,0.599527448,NS
ENSG00000179195,ZNF664,0.040075589,0.313078771,NS
ENSG00000179218,CALR,-0.046066347,0.151166322,NS
ENSG00000179222,MAGED1,0.056447389,0.089486931,NS
ENSG00000179240,GVQW3,-0.026959187,NA,NS
ENSG00000179241,LDLRAD3,-0.025564074,0.58928398,NS
ENSG00000179256,SMCO3,0.004876993,NA,NS
ENSG00000179262,RAD23A,-0.066111833,0.026335747,NS
ENSG00000179271,GADD45GIP1,-0.126618782,0.003347273,NS
ENSG00000179277,MEIS3P1,-0.009491152,NA,NS
ENSG00000179284,DAND5,0.002569592,NA,NS
ENSG00000179292,TMEM151A,-0.006427188,NA,NS
ENSG00000179295,PTPN11,0.077364636,0.042468247,NS
ENSG00000179304,FAM156B,0.00502588,0.823717255,NS
ENSG00000179331,RAB39A,0.014752277,NA,NS
ENSG00000179335,CLK3,0.01901,0.723078968,NS
ENSG00000179344,HLA-DQB1,0.002464136,NA,NS
ENSG00000179348,GATA2,0.013333419,0.771647338,NS
ENSG00000179361,ARID3B,0.006628031,NA,NS
ENSG00000179362,HMGN2P46,-0.002736155,NA,NS
ENSG00000179364,PACS2,0.021068605,0.673106273,NS
ENSG00000179387,ELMOD2,0.048828543,0.259836688,NS
ENSG00000179399,GPC5,-0.006731482,NA,NS
ENSG00000179403,VWA1,0.006982567,0.900453372,NS
ENSG00000179406,LINC00174,0.018441471,NA,NS
ENSG00000179409,GEMIN4,0.018193752,0.690421763,NS
ENSG00000179431,FJX1,-0.039182945,NA,NS
ENSG00000179454,KLHL28,0.042222819,0.372652437,NS
ENSG00000179455,MKRN3,0.03369261,0.490183925,NS
ENSG00000179456,ZBTB18,0.031325664,0.532128124,NS
ENSG00000179476,C14orf28,0.023375986,NA,NS
ENSG00000179523,EIF3J-DT,-0.009556981,0.869282955,NS
ENSG00000179526,SHARPIN,-0.101510666,0.012179389,NS
ENSG00000179532,DNHD1,0.030892936,NA,NS
ENSG00000179562,GCC1,-0.015613648,0.777254624,NS
ENSG00000179583,CIITA,0.00557086,NA,NS
ENSG00000179588,ZFPM1,-0.00726492,0.910231478,NS
ENSG00000179593,ALOX15B,0.01228403,NA,NS
ENSG00000179604,CDC42EP4,-0.009633986,0.858266736,NS
ENSG00000179611,DGKZP1,0.008491902,NA,NS
ENSG00000179627,ZBTB42,0.01231703,0.834857304,NS
ENSG00000179630,LACC1,-0.001639337,NA,NS
ENSG00000179632,MAF1,-0.059172924,0.15366401,NS
ENSG00000179673,RPRML,0.008332665,NA,NS
ENSG00000179698,WDR97,-0.002595928,NA,NS
ENSG00000179715,PCED1B,0.026501943,NA,NS
ENSG00000179743,SPEN-AS1,-0.008367824,0.88516258,NS
ENSG00000179750,APOBEC3B,-0.059535345,0.198087676,NS
ENSG00000179761,PIPOX,-0.004925677,NA,NS
ENSG00000179774,ATOH7,-0.001397587,NA,NS
ENSG00000179820,MYADM,-0.03549219,0.427613117,NS
ENSG00000179832,MROH1,0.137075408,0.002584587,NS
ENSG00000179833,SERTAD2,0.01810817,0.747642295,NS
ENSG00000179841,AKAP5,-0.011021668,0.85780946,NS
ENSG00000179846,NKPD1,0.019707838,NA,NS
ENSG00000179859,RNF227,0.029445634,0.563232941,NS
ENSG00000179862,CITED4,0.035115212,0.441954997,NS
ENSG00000179873,NLRP11,0.016151273,NA,NS
ENSG00000179886,TIGD5,-0.053101609,0.244921524,NS
ENSG00000179889,PDXDC1,0.030169953,0.449046444,NS
ENSG00000179899,PHC1P1,0.032401019,NA,NS
ENSG00000179912,R3HDM2,-0.022652847,0.664512636,NS
ENSG00000179915,NRXN1,0.013497962,NA,NS
ENSG00000179918,SEPHS2,0.027396334,0.517525629,NS
ENSG00000179922,ZNF784,-0.060412428,0.174688106,NS
ENSG00000179930,ZNF648,-0.002269995,0.968602633,NS
ENSG00000179933,C14orf119,-0.007810735,0.899116431,NS
ENSG00000179935,LINC00652,-0.013593719,NA,NS
ENSG00000179941,BBS10,-0.020844225,0.68655605,NS
ENSG00000179943,FIZ1,-0.11574255,0.012901429,NS
ENSG00000179950,PUF60,-0.071967828,0.035924583,NS
ENSG00000179958,DCTPP1,-0.009398044,0.876712053,NS
ENSG00000179965,ZNF771,-0.046119409,0.333825998,NS
ENSG00000179967,PPP1R14BP3,-0.071570388,NA,NS
ENSG00000179978,NAIPP2,-0.015330553,NA,NS
ENSG00000179981,TSHZ1,0.010375482,0.863865153,NS
ENSG00000179988,PSTK,-0.006801354,NA,NS
ENSG00000180008,SOCS4,0.055158853,0.226149341,NS
ENSG00000180011,PTGR3,0.006172205,0.922753527,NS
ENSG00000180015,NA,0.000886059,NA,NS
ENSG00000180035,ZNF48,-0.043518462,0.362083626,NS
ENSG00000180044,C3orf80,0.033024741,NA,NS
ENSG00000180066,LINC02870,0.029334513,NA,NS
ENSG00000180071,ANKRD18A,0.009763264,0.858654785,NS
ENSG00000180089,TMEM86B,-0.001544035,NA,NS
ENSG00000180096,SEPTIN1,-0.006440073,NA,NS
ENSG00000180098,TRNAU1AP,-0.075697919,0.078244393,NS
ENSG00000180104,EXOC3,0.011832764,0.840288598,NS
ENSG00000180155,LYNX1,0.059542572,0.183254518,NS
ENSG00000180182,MED14,0.083391609,0.042196484,NS
ENSG00000180185,FAHD1,-0.018594093,0.716668198,NS
ENSG00000180190,TDRP,0.078783841,0.046610647,NS
ENSG00000180198,RCC1,-0.065717628,0.032123599,NS
ENSG00000180209,MYL11,0.003814279,NA,NS
ENSG00000180228,PRKRA,0.033061452,0.471744098,NS
ENSG00000180229,HERC2P3,-0.009779289,NA,NS
ENSG00000180233,ZNRF2,0.007691907,0.90454414,NS
ENSG00000180257,ZNF816,0.01959795,0.702468363,NS
ENSG00000180263,FGD6,0.010093832,0.860503727,NS
ENSG00000180304,OAZ2,-0.036140023,0.403344527,NS
ENSG00000180329,CCDC43,0.014037429,0.807684428,NS
ENSG00000180336,MEIOC,0.007624085,NA,NS
ENSG00000180340,FZD2,-0.001306647,NA,NS
ENSG00000180346,TIGD2,0.014875794,0.800448013,NS
ENSG00000180353,HCLS1,0.001654302,NA,NS
ENSG00000180354,MTURN,-0.025976482,0.622131432,NS
ENSG00000180357,ZNF609,0.07411306,0.089793981,NS
ENSG00000180370,PAK2,0.072527833,0.052628593,NS
ENSG00000180376,CCDC66,0.011963315,0.821238405,NS
ENSG00000180398,MCFD2,-0.006470011,0.905598091,NS
ENSG00000180423,HARBI1,-0.035860323,0.428708774,NS
ENSG00000180425,C11orf71,-0.017677559,0.732125137,NS
ENSG00000180447,GAS1,-0.01159625,NA,NS
ENSG00000180448,ARHGAP45,0.049485355,0.290362938,NS
ENSG00000180458,NA,-0.00147841,NA,NS
ENSG00000180479,ZNF571,0.02367876,NA,NS
ENSG00000180481,GLIPR1L2,-0.003674599,NA,NS
ENSG00000180488,MIGA1,0.034907976,0.475699361,NS
ENSG00000180530,NRIP1,0.151208661,0.000350676,NS
ENSG00000180535,BHLHA15,-0.049473944,0.288884682,NS
ENSG00000180537,RNF182,0.018018551,NA,NS
ENSG00000180573,H2AC6,-0.022186012,0.669073946,NS
ENSG00000180574,EIF2S3B,0.014316788,NA,NS
ENSG00000180581,SRP9P1,0.003483774,NA,NS
ENSG00000180592,SKIDA1,-0.025882794,NA,NS
ENSG00000180596,H2BC4,0.0304642,NA,NS
ENSG00000180611,MB21D2,-0.021380989,NA,NS
ENSG00000180616,SSTR2,-0.012490666,NA,NS
ENSG00000180628,PCGF5,0.037767617,0.420545726,NS
ENSG00000180667,YOD1,0.028602717,0.563151348,NS
ENSG00000180694,TMEM64,0.025056034,0.60483943,NS
ENSG00000180730,SHISA2,0.016824051,NA,NS
ENSG00000180758,GPR157,0.030749544,0.54140438,NS
ENSG00000180764,PIPSL,0.001932135,NA,NS
ENSG00000180769,WDFY3-AS2,-0.01734767,NA,NS
ENSG00000180773,SLC36A4,-0.004162633,0.947688534,NS
ENSG00000180776,ZDHHC20,0.040661548,0.336208828,NS
ENSG00000180806,HOXC9,0.009176837,0.877859288,NS
ENSG00000180817,PPA1,-0.005157715,0.922953411,NS
ENSG00000180818,HOXC10,0.001747584,NA,NS
ENSG00000180822,PSMG4,-0.013099237,0.826393179,NS
ENSG00000180834,MAP6D1,0.00080233,NA,NS
ENSG00000180855,ZNF443,-0.020246343,NA,NS
ENSG00000180867,PDIA3P1,-0.038681268,0.389109615,NS
ENSG00000180879,SSR4,-0.062883369,0.15476429,NS
ENSG00000180881,CAPS2,0.046274287,0.31740574,NS
ENSG00000180884,ZNF792,0.002935541,0.962191734,NS
ENSG00000180891,CUEDC1,0.004284711,0.948675007,NS
ENSG00000180900,SCRIB,-0.023368801,0.61464899,NS
ENSG00000180901,KCTD2,0.012013104,0.827181793,NS
ENSG00000180902,D2HGDH,-0.02296048,0.668080133,NS
ENSG00000180914,OXTR,0.001973452,NA,NS
ENSG00000180917,CMTR2,0.065545731,0.135041087,NS
ENSG00000180921,FAM83H,0.00527661,0.919949853,NS
ENSG00000180953,ST20,-0.014850649,NA,NS
ENSG00000180957,PITPNB,0.021255458,0.673931844,NS
ENSG00000180964,TCEAL8,0.092172727,0.009366449,NS
ENSG00000180979,LRRC57,0.045614315,0.330083812,NS
ENSG00000180992,MRPL14,-0.060428922,0.183996423,NS
ENSG00000180998,GPR137C,-0.019115555,NA,NS
ENSG00000181004,BBS12,0.006237874,NA,NS
ENSG00000181007,ZFP82,0.00386376,0.953398052,NS
ENSG00000181019,NQO1,-0.068068617,0.039193217,NS
ENSG00000181026,AEN,-0.022126584,0.632943246,NS
ENSG00000181027,FKRP,-0.005881962,0.927518122,NS
ENSG00000181029,TRAPPC5,-0.151614654,0.000391621,NS
ENSG00000181031,RPH3AL,-0.015762979,0.777254624,NS
ENSG00000181035,SLC25A42,-0.026379964,0.60779678,NS
ENSG00000181038,METTL23,-0.003470799,0.956474606,NS
ENSG00000181045,SLC26A11,0.002054944,0.973788622,NS
ENSG00000181061,HIGD1A,0.007205206,0.879622767,NS
ENSG00000181085,MAPK15,0.00396773,NA,NS
ENSG00000181090,EHMT1,0.0230519,0.627867142,NS
ENSG00000181097,LINC02878,-0.003163687,NA,NS
ENSG00000181104,F2R,0.044902763,0.342131704,NS
ENSG00000181135,ZNF707,-0.018267245,0.737389537,NS
ENSG00000181163,NPM1,-0.005305134,0.908998711,NS
ENSG00000181191,PJA1,0.000953393,0.989203754,NS
ENSG00000181192,DHTKD1,0.024062381,0.64917146,NS
ENSG00000181215,C4orf50,0.016427184,NA,NS
ENSG00000181218,H2AC25,0.005345658,0.935955115,NS
ENSG00000181220,ZNF746,0.015872841,0.763849677,NS
ENSG00000181222,POLR2A,0.085021662,0.040704927,NS
ENSG00000181264,TLCD5,0.015329397,0.793583416,NS
ENSG00000181274,FRAT2,0.042156846,0.320568429,NS
ENSG00000181284,TMEM102,-0.010703703,NA,NS
ENSG00000181315,ZNF322,0.03037375,0.52690845,NS
ENSG00000181350,LRRC75A,0.023766998,NA,NS
ENSG00000181378,CFAP65,0.014410263,NA,NS
ENSG00000181381,DDX60L,-0.004714404,NA,NS
ENSG00000181392,SYNE4,0.02130318,0.695483524,NS
ENSG00000181396,OGFOD3,-0.04267438,0.330440108,NS
ENSG00000181404,WASHC1,0.00693862,NA,NS
ENSG00000181409,AATK,0.000864422,NA,NS
ENSG00000181418,DDN,-0.017648172,NA,NS
ENSG00000181444,ZNF467,0.043661582,0.360824338,NS
ENSG00000181450,ZNF678,0.012921233,0.828118426,NS
ENSG00000181458,TMEM45A,0.016048586,NA,NS
ENSG00000181467,RAP2B,-0.02693495,0.595871133,NS
ENSG00000181472,ZBTB2,0.141138513,0.002662936,NS
ENSG00000181481,RNF135,0.0188413,0.725512033,NS
ENSG00000181513,ACBD4,0.052860725,NA,NS
ENSG00000181523,SGSH,-0.009453381,0.879575811,NS
ENSG00000181524,RPL24P4,0.011031743,NA,NS
ENSG00000181544,FANCB,0.007116515,0.908998711,NS
ENSG00000181555,SETD2,0.108522354,0.012281438,NS
ENSG00000181588,MEX3D,-0.16864957,1.45E-05,NS
ENSG00000181610,MRPS23,-0.016821883,0.751554409,NS
ENSG00000181619,GPR135,-0.00818466,NA,NS
ENSG00000181625,SLX1B,-0.060959353,0.188240499,NS
ENSG00000181626,ANKRD62,-0.000452585,NA,NS
ENSG00000181634,TNFSF15,-0.00886688,NA,NS
ENSG00000181638,ZFP41,0.013794005,0.817182561,NS
ENSG00000181649,PHLDA2,0.048717754,0.302299408,NS
ENSG00000181666,ZNF875,-0.00421098,0.950517675,NS
ENSG00000181690,PLAG1,0.011414265,NA,NS
ENSG00000181704,YIPF6,0.041911982,0.30144331,NS
ENSG00000181722,ZBTB20,-0.006725998,NA,NS
ENSG00000181744,DIPK2A,-0.055266017,0.235970542,NS
ENSG00000181751,MACIR,0.073274569,0.08361237,NS
ENSG00000181754,AMIGO1,0.017335335,NA,NS
ENSG00000181773,GPR3,-0.005604964,NA,NS
ENSG00000181788,SIAH2,-0.008555628,0.886974781,NS
ENSG00000181789,COPG1,-0.005895948,0.895735999,NS
ENSG00000181790,ADGRB1,0.014112033,NA,NS
ENSG00000181798,LINC00471,0.007927214,NA,NS
ENSG00000181804,SLC9A9,0.019212374,NA,NS
ENSG00000181817,LSM10,-0.046813996,0.297364678,NS
ENSG00000181826,RELL1,-0.027309142,0.598031048,NS
ENSG00000181827,RFX7,0.065128214,0.143840184,NS
ENSG00000181830,SLC35C1,0.069512936,0.097786407,NS
ENSG00000181852,RNF41,-0.039116521,0.281738434,NS
ENSG00000181856,SLC2A4,0.046537862,NA,NS
ENSG00000181873,IBA57,-0.059026526,0.16945227,NS
ENSG00000181885,CLDN7,-0.033325734,0.354415727,NS
ENSG00000181894,ZNF329,0.030352801,0.547774063,NS
ENSG00000181896,ZNF101,0.003739712,0.954796676,NS
ENSG00000181904,C5orf24,0.072792816,0.050173531,NS
ENSG00000181908,LINC02724,0.009145733,NA,NS
ENSG00000181915,ADO,0.00761113,0.897023001,NS
ENSG00000181924,COA4,-0.043987439,0.294622064,NS
ENSG00000181929,PRKAG1,-0.023088459,0.580196962,NS
ENSG00000181938,GINS3,-0.023782764,0.655885567,NS
ENSG00000181982,CCDC149,0.041429297,0.386926306,NS
ENSG00000181991,MRPS11,-0.082257918,0.053623705,NS
ENSG00000182004,SNRPE,-0.048700691,0.26727921,NS
ENSG00000182010,RTKN2,-0.020082249,0.716668198,NS
ENSG00000182022,CHST15,0.012356392,NA,NS
ENSG00000182040,USH1G,-0.008195622,NA,NS
ENSG00000182054,IDH2,-0.052056923,0.149543027,NS
ENSG00000182057,OGFRP1,0.009328923,0.881684241,NS
ENSG00000182087,TMEM259,-0.03766513,0.369069725,NS
ENSG00000182093,GET1,-0.025382538,0.572643189,NS
ENSG00000182095,TNRC18,-0.016544359,0.748080492,NS
ENSG00000182108,DEXI,-0.038199189,0.390279307,NS
ENSG00000182117,NOP10,-0.018329121,0.741124074,NS
ENSG00000182118,FAM89A,0.004207238,0.949882631,NS
ENSG00000182134,TDRKH,0.059375167,0.177903294,NS
ENSG00000182141,ZNF708,-0.002812891,0.966490529,NS
ENSG00000182149,IST1,0.004177014,0.944678543,NS
ENSG00000182150,ERCC6L2,0.033363933,0.497156275,NS
ENSG00000182154,MRPL41,-0.114429866,0.006934174,NS
ENSG00000182158,CREB3L2,-0.040473881,0.393926922,NS
ENSG00000182165,TP53TG1,-0.033872421,0.494338627,NS
ENSG00000182173,TSEN54,-0.013461178,0.813160568,NS
ENSG00000182175,RGMA,0.00871403,NA,NS
ENSG00000182179,UBA7,-0.001284698,NA,NS
ENSG00000182180,MRPS16,-0.051772086,0.140888929,NS
ENSG00000182185,RAD51B,-0.028727876,0.547153511,NS
ENSG00000182195,LDOC1,-0.002742536,0.96515338,NS
ENSG00000182196,ARL6IP4,-0.118676905,0.001191841,NS
ENSG00000182197,EXT1,0.012538618,0.834857304,NS
ENSG00000182199,SHMT2,-0.076273264,0.009924596,NS
ENSG00000182208,MOB2,-0.047421197,0.313078771,NS
ENSG00000182220,ATP6AP2,0.020268044,0.637021636,NS
ENSG00000182224,CYB5D1,-0.004503385,0.93975271,NS
ENSG00000182240,BACE2,0.020856551,NA,NS
ENSG00000182247,UBE2E2,-0.012722742,0.807399179,NS
ENSG00000182253,SYNM,0.1206491,0.007742225,NS
ENSG00000182256,GABRG3,0.000775226,NA,NS
ENSG00000182257,PRR34,0.006077667,NA,NS
ENSG00000182263,FIGN,-0.013995355,NA,NS
ENSG00000182272,B4GALNT4,-0.004236434,0.948675007,NS
ENSG00000182287,AP1S2,0.06731217,0.143487472,NS
ENSG00000182307,C8orf33,-0.003120315,0.955462505,NS
ENSG00000182308,DCAF4L1,-0.01008639,NA,NS
ENSG00000182310,SPACA6,-0.004642687,NA,NS
ENSG00000182318,ZSCAN22,0.005934051,0.924509552,NS
ENSG00000182324,KCNJ14,-0.008289766,NA,NS
ENSG00000182325,FBXL6,-0.067087825,0.132553959,NS
ENSG00000182326,C1S,0.000990979,NA,NS
ENSG00000182327,GLTPD2,-0.004748097,NA,NS
ENSG00000182359,KBTBD3,-0.023670655,NA,NS
ENSG00000182362,YBEY,-0.01784555,0.749757931,NS
ENSG00000182366,FAM87A,0.012311312,NA,NS
ENSG00000182372,CLN8,0.089539948,0.026012865,NS
ENSG00000182378,PLCXD1,0.004010537,0.952024718,NS
ENSG00000182379,NXPH4,-0.026000909,0.612939696,NS
ENSG00000182400,TRAPPC6B,-0.003869165,0.952808648,NS
ENSG00000182405,PGBD4,0.008177804,NA,NS
ENSG00000182446,NPLOC4,0.031916021,0.368892011,NS
ENSG00000182459,TEX19,-0.038234859,NA,NS
ENSG00000182473,EXOC7,-0.030298798,0.409261437,NS
ENSG00000182481,KPNA2,-0.061631168,0.083181494,NS
ENSG00000182484,WASH6P,-0.011880794,NA,NS
ENSG00000182489,XKRX,-0.001514432,NA,NS
ENSG00000182492,BGN,-0.012572608,NA,NS
ENSG00000182504,CEP97,0.030361609,0.537553228,NS
ENSG00000182508,LHFPL1,0.003366552,NA,NS
ENSG00000182512,GLRX5,-0.036066216,0.437293934,NS
ENSG00000182518,VCF2,-0.038594042,0.429294322,NS
ENSG00000182534,MXRA7,-0.014080555,NA,NS
ENSG00000182541,LIMK2,0.005808789,0.92322442,NS
ENSG00000182544,MFSD5,0.007222101,0.908998711,NS
ENSG00000182545,RNASE10,-0.00110811,NA,NS
ENSG00000182551,ADI1,-0.0204164,0.662076797,NS
ENSG00000182552,RWDD4,0.016743752,0.771257144,NS
ENSG00000182575,NXPH3,0.003076773,NA,NS
ENSG00000182580,EPHB3,-0.001236906,0.985421135,NS
ENSG00000182583,VCX,-0.062606701,0.165417035,NS
ENSG00000182600,SNORC,0.006529482,NA,NS
ENSG00000182606,TRAK1,0.024169048,0.620757927,NS
ENSG00000182612,TSPAN10,0.013955111,NA,NS
ENSG00000182621,PLCB1,0.029815431,0.539853875,NS
ENSG00000182628,SKA2,-0.05849617,0.08361237,NS
ENSG00000182636,NDN,-0.041045745,0.38359187,NS
ENSG00000182648,RNF32-DT,-0.03558066,0.464689874,NS
ENSG00000182670,TTC3,0.136448971,0.000227936,NS
ENSG00000182676,PPP1R27,0.005175955,NA,NS
ENSG00000182685,BRICD5,-0.00488754,NA,NS
ENSG00000182687,GALR2,0.00026853,NA,NS
ENSG00000182700,IGIP,0.052779818,0.235648228,NS
ENSG00000182704,TSKU,-0.029943045,0.505429895,NS
ENSG00000182712,CMC4,-0.082402201,0.072349578,NS
ENSG00000182718,ANXA2,-0.015468152,NA,NS
ENSG00000182759,MAFA,-0.002372828,NA,NS
ENSG00000182768,NGRN,-0.049988289,0.175298432,NS
ENSG00000182774,RPS17,-0.04084374,0.361385297,NS
ENSG00000182782,HCAR2,0.000253618,NA,NS
ENSG00000182791,CCDC87,-0.032367427,NA,NS
ENSG00000182795,C1orf116,-0.045544371,0.181603668,NS
ENSG00000182809,CRIP2,-0.086647912,NA,NS
ENSG00000182810,DDX28,0.00603636,0.926634451,NS
ENSG00000182827,ACBD3,0.019172613,0.667736935,NS
ENSG00000182831,HAPSTR1,-0.009819975,0.862046662,NS
ENSG00000182836,PLCXD3,-4.89E-06,NA,NS
ENSG00000182853,VMO1,-0.005245939,NA,NS
ENSG00000182858,ALG12,0.004567503,0.944065824,NS
ENSG00000182871,COL18A1,-0.012048837,0.839090272,NS
ENSG00000182872,RBM10,-0.026403486,0.50612317,NS
ENSG00000182873,PRKCZ-AS1,-0.003556577,NA,NS
ENSG00000182885,ADGRG3,-0.015004578,NA,NS
ENSG00000182890,GLUD2,-0.004939867,NA,NS
ENSG00000182899,RPL35A,-0.056511047,0.203817965,NS
ENSG00000182902,SLC25A18,-0.005173858,NA,NS
ENSG00000182903,ZNF721,0.046496304,0.328843371,NS
ENSG00000182919,C11orf54,0.002040625,0.973169013,NS
ENSG00000182923,CEP63,-0.026486388,0.578024883,NS
ENSG00000182934,SRPRA,-0.011054748,0.825765627,NS
ENSG00000182944,EWSR1,-0.026287197,0.508879983,NS
ENSG00000182952,HMGN4,0.08350022,0.038356442,NS
ENSG00000182957,SPATA13,0.071561025,0.112498224,NS
ENSG00000182963,GJC1,-0.008642222,0.890328486,NS
ENSG00000182973,CNOT10,0.007471371,0.896596161,NS
ENSG00000182979,MTA1,0.008554806,0.885293656,NS
ENSG00000182985,CADM1,0.001120398,0.986610508,NS
ENSG00000182986,ZNF320,0.074318239,0.094475534,NS
ENSG00000182993,C12orf60,-0.006485936,NA,NS
ENSG00000183010,PYCR1,-0.061333138,0.050505569,NS
ENSG00000183011,NAA38,-0.162832065,0.000275296,NS
ENSG00000183020,AP2A2,0.054880198,0.123035298,NS
ENSG00000183032,SLC25A21,-0.008387343,NA,NS
ENSG00000183044,ABAT,0.048352659,0.305654243,NS
ENSG00000183048,SLC25A10,-0.069959966,0.060715173,NS
ENSG00000183049,CAMK1D,0.042634596,NA,NS
ENSG00000183054,RGPD6,0.000339577,0.994317201,NS
ENSG00000183060,LYSMD4,0.002631025,NA,NS
ENSG00000183067,IGSF5,0.025397123,NA,NS
ENSG00000183077,AFMID,-0.013655546,0.817264059,NS
ENSG00000183087,GAS6,0.026093897,0.585998027,NS
ENSG00000183091,NEB,0.02068155,NA,NS
ENSG00000183092,BEGAIN,-0.002091071,NA,NS
ENSG00000183098,GPC6,-0.039059854,0.422512366,NS
ENSG00000183111,ARHGEF37,0.071732937,0.114486404,NS
ENSG00000183117,CSMD1,0.087702987,0.045375725,NS
ENSG00000183134,PTGDR2,-0.001803579,NA,NS
ENSG00000183137,CEP57L1,0.005288654,0.937853961,NS
ENSG00000183150,GPR19,0.008646013,NA,NS
ENSG00000183153,GJD3,0.003497057,NA,NS
ENSG00000183154,NA,-0.002385722,NA,NS
ENSG00000183155,RABIF,0.006686833,0.915257605,NS
ENSG00000183161,FANCF,-0.0027712,0.966378228,NS
ENSG00000183172,SMDT1,-0.034181763,0.489049362,NS
ENSG00000183199,HSP90AB3P,-0.025877656,NA,NS
ENSG00000183207,RUVBL2,-0.103574132,0.002404965,NS
ENSG00000183208,GDPGP1,-0.014739583,0.801344297,NS
ENSG00000183242,WT1-AS,0.003032527,NA,NS
ENSG00000183246,RIMBP3C,-0.006803943,NA,NS
ENSG00000183248,PRR36,0.036899013,0.417134573,NS
ENSG00000183250,LINC01547,-0.013545163,0.820151175,NS
ENSG00000183255,PTTG1IP,0.000409562,0.994826741,NS
ENSG00000183258,DDX41,-0.079818382,0.028687171,NS
ENSG00000183260,ABHD16B,0.003696021,NA,NS
ENSG00000183281,PLGLB1,-0.010784516,NA,NS
ENSG00000183283,DAZAP2,0.084964398,0.017380411,NS
ENSG00000183291,SELENOF,0.008962945,0.862775255,NS
ENSG00000183298,RPSAP19,-0.015719694,NA,NS
ENSG00000183305,MAGEA2B,0.048572597,0.29567379,NS
ENSG00000183307,TMEM121B,-0.008720529,NA,NS
ENSG00000183309,ZNF623,0.035083419,0.448291373,NS
ENSG00000183317,EPHA10,0.053271759,0.255389512,NS
ENSG00000183323,CCDC125,0.058950146,0.18096637,NS
ENSG00000183336,BOLA2,-0.035037948,0.439739443,NS
ENSG00000183337,BCOR,0.073836887,0.055130798,NS
ENSG00000183340,JRKL,0.035215312,0.463230396,NS
ENSG00000183354,BRD10,0.067139174,0.143673475,NS
ENSG00000183386,FHL3,0.018901465,NA,NS
ENSG00000183401,CCDC159,0.004865488,NA,NS
ENSG00000183421,RIPK4,0.038858135,0.423108902,NS
ENSG00000183426,NPIPA1,0.007467193,0.888524964,NS
ENSG00000183431,SF3A3,-0.070613214,0.020460428,NS
ENSG00000183458,PKD1P3,-0.016493714,0.611095341,NS
ENSG00000183474,GTF2H2C,0.024661181,0.57448918,NS
ENSG00000183475,ASB7,0.035860417,0.46419494,NS
ENSG00000183479,TREX2,-0.024462432,NA,NS
ENSG00000183495,EP400,0.050837882,0.2637003,NS
ENSG00000183496,MEX3B,-0.000673855,0.992467344,NS
ENSG00000183508,TENT5C,-0.017305492,NA,NS
ENSG00000183513,COA5,-0.016688671,0.773359098,NS
ENSG00000183520,UTP11,-0.021253279,0.646994929,NS
ENSG00000183527,PSMG1,-0.002853661,0.961618958,NS
ENSG00000183530,PRR14L,0.029528884,0.56155699,NS
ENSG00000183569,SERHL2,0.000717453,NA,NS
ENSG00000183570,PCBP3,0.010247156,NA,NS
ENSG00000183576,SETD3,0.00707354,0.888178275,NS
ENSG00000183579,ZNRF3,0.05631888,0.224622459,NS
ENSG00000183580,FBXL7,-0.004560645,NA,NS
ENSG00000183597,TANGO2,0.054801687,0.242629387,NS
ENSG00000183598,H3C13,-0.013949547,NA,NS
ENSG00000183604,SMG1P5,-0.008049511,NA,NS
ENSG00000183605,SFXN4,0.005431193,0.932824837,NS
ENSG00000183617,MRPL54,-0.120640967,0.004168819,NS
ENSG00000183621,ZNF438,0.032882147,NA,NS
ENSG00000183624,HMCES,0.007427268,0.896028049,NS
ENSG00000183628,DGCR6,0.000632727,0.993008396,NS
ENSG00000183632,TP53TG3,-0.001487227,NA,NS
ENSG00000183647,ZNF530,-0.01238633,0.836821021,NS
ENSG00000183648,NDUFB1,-0.093822363,0.030658951,NS
ENSG00000183655,KLHL25,-0.001382367,0.983760414,NS
ENSG00000183665,TRMT12,0.016140385,0.774905048,NS
ENSG00000183666,GUSBP1,-0.002536587,NA,NS
ENSG00000183682,BMP8A,0.033653908,NA,NS
ENSG00000183684,ALYREF,-0.138177524,3.55E-05,NS
ENSG00000183688,RFLNB,0.044316112,0.330124156,NS
ENSG00000183690,EFHC2,0.018875767,NA,NS
ENSG00000183696,UPP1,0.018328025,NA,NS
ENSG00000183718,TRIM52,-0.0080191,0.899292164,NS
ENSG00000183723,CMTM4,0.085963221,0.032473523,NS
ENSG00000183726,TMEM50A,-0.035300643,0.44400698,NS
ENSG00000183734,ASCL2,-0.001316852,NA,NS
ENSG00000183735,TBK1,0.076745112,0.04032588,NS
ENSG00000183741,CBX6,-0.015508545,0.757825511,NS
ENSG00000183751,TBL3,-0.055290548,0.183605619,NS
ENSG00000183762,KREMEN1,0.015623133,0.789302151,NS
ENSG00000183763,TRAIP,-0.004901617,0.942849873,NS
ENSG00000183765,CHEK2,-0.072656168,0.082297403,NS
ENSG00000183779,ZNF703,-0.005241173,0.935378868,NS
ENSG00000183780,SLC35F3,0.002069259,NA,NS
ENSG00000183793,NPIPA5,0.025913726,NA,NS
ENSG00000183808,RBM12B,0.040449923,0.396428158,NS
ENSG00000183814,LIN9,-0.01507674,0.789302151,NS
ENSG00000183826,BTBD9,0.001065532,0.987296052,NS
ENSG00000183828,NUDT14,0.025731963,0.62520738,NS
ENSG00000183833,CFAP91,0.01257092,NA,NS
ENSG00000183837,PNMA3,0.010002832,NA,NS
ENSG00000183844,FAM3B,0.002253015,NA,NS
ENSG00000183850,ZNF730,0.007469743,NA,NS
ENSG00000183856,IQGAP3,-0.023609527,0.650243252,NS
ENSG00000183864,TOB2,-0.01216257,0.827220064,NS
ENSG00000183873,SCN5A,0.004524706,NA,NS
ENSG00000183878,UTY,0.022088054,0.671277337,NS
ENSG00000183889,NPIPA6,-0.014834129,0.665757621,NS
ENSG00000183891,TTC32,-0.036098645,0.424247089,NS
ENSG00000183914,DNAH2,-0.006987199,NA,NS
ENSG00000183943,PRKX,0.034786136,0.442736636,NS
ENSG00000183955,KMT5A,-0.066895857,0.046108403,NS
ENSG00000183960,KCNH8,0.10000282,NA,NS
ENSG00000183963,SMTN,-0.108566389,0.004649047,NS
ENSG00000183971,NPW,-0.000654795,NA,NS
ENSG00000183978,COA3,-0.061989934,0.146318918,NS
ENSG00000183979,NPB,-0.012124819,NA,NS
ENSG00000184007,PTP4A2,0.02432382,0.551457896,NS
ENSG00000184009,ACTG1,0.012171656,0.790166982,NS
ENSG00000184012,TMPRSS2,0.029635129,0.464697354,NS
ENSG00000184014,DENND5A,0.062288015,0.113552892,NS
ENSG00000184033,CTAG1B,-0.006424991,NA,NS
ENSG00000184047,DIABLO,-0.05486266,0.174637658,NS
ENSG00000184056,VPS33B,-0.017408177,0.758418336,NS
ENSG00000184058,TBX1,-0.023232764,0.662076797,NS
ENSG00000184060,ADAP2,0.006812576,0.91328563,NS
ENSG00000184068,SREBF2-AS1,0.009846251,NA,NS
ENSG00000184076,UQCR10,-0.055974646,0.211414657,NS
ENSG00000184083,FAM120C,0.003531113,0.956995856,NS
ENSG00000184110,EIF3C,-0.015200141,0.793152118,NS
ENSG00000184117,NIPSNAP1,-0.010718237,0.819900421,NS
ENSG00000184144,CNTN2,-0.001550468,NA,NS
ENSG00000184154,LRRC51,-0.063873858,0.151589824,NS
ENSG00000184160,ADRA2C,-0.014209195,NA,NS
ENSG00000184162,NR2C2AP,-0.054621043,0.213378221,NS
ENSG00000184164,CRELD2,-0.052338938,0.235970542,NS
ENSG00000184178,SCFD2,0.044116698,0.354098031,NS
ENSG00000184182,UBE2F,-0.012988063,0.825765627,NS
ENSG00000184185,KCNJ12,0.00226299,NA,NS
ENSG00000184203,PPP1R2,0.01010389,0.856132789,NS
ENSG00000184205,TSPYL2,0.013182368,0.825352933,NS
ENSG00000184207,PGP,-0.069237694,0.093445347,NS
ENSG00000184208,C22orf46P,0.02341124,0.622623289,NS
ENSG00000184209,SNRNP35,-0.024114257,0.651505288,NS
ENSG00000184216,IRAK1,0.007210226,0.873316684,NS
ENSG00000184220,CMSS1,-0.082381219,0.040777392,NS
ENSG00000184226,PCDH9,1.81E-05,NA,NS
ENSG00000184227,ACOT1,-0.017141532,0.764416418,NS
ENSG00000184232,OAF,0.106018083,0.021055106,NS
ENSG00000184254,ALDH1A3,0.315252109,1.07E-09,NS
ENSG00000184260,H2AC20,-0.033399481,NA,NS
ENSG00000184270,H2AC21,-0.002495567,NA,NS
ENSG00000184277,TM2D3,0.010817244,0.858266736,NS
ENSG00000184281,TSSC4,-0.007025375,0.912161205,NS
ENSG00000184304,PRKD1,0.078011278,0.016778802,NS
ENSG00000184307,ZDHHC23,0.069545579,0.128465303,NS
ENSG00000184319,RPL23AP82,0.004383643,NA,NS
ENSG00000184349,EFNA5,-0.048518791,0.192407434,NS
ENSG00000184357,H1-5,-0.03241656,NA,NS
ENSG00000184363,PKP3,-0.015747999,0.731814582,NS
ENSG00000184368,MAP7D2,-0.007187467,NA,NS
ENSG00000184378,ACTRT3,0.055952534,NA,NS
ENSG00000184381,PLA2G6,0.013198888,0.823717255,NS
ENSG00000184384,MAML2,0.031790783,NA,NS
ENSG00000184402,SS18L1,0.020265404,0.713661555,NS
ENSG00000184408,KCND2,0.022784981,NA,NS
ENSG00000184428,TOP1MT,-0.000263992,0.997791987,NS
ENSG00000184432,COPB2,0.016148079,0.737398556,NS
ENSG00000184436,THAP7,-0.049608407,0.254608436,NS
ENSG00000184441,NA,-0.010414723,NA,NS
ENSG00000184445,KNTC1,0.002946299,0.964712136,NS
ENSG00000184451,CCR10,-0.002821577,NA,NS
ENSG00000184465,WDR27,0.014574859,NA,NS
ENSG00000184470,TXNRD2,0.016450305,0.729016357,NS
ENSG00000184481,FOXO4,0.023749822,0.642890863,NS
ENSG00000184486,POU3F2,0.018360874,NA,NS
ENSG00000184489,PTP4A3,0.00822247,NA,NS
ENSG00000184492,FOXD4L1,-0.020040044,NA,NS
ENSG00000184497,TMEM255B,-0.007633378,NA,NS
ENSG00000184500,PROS1,0.007961023,NA,NS
ENSG00000184508,HDDC3,-0.03493814,0.479876668,NS
ENSG00000184515,BEX5,0.017835309,NA,NS
ENSG00000184517,ZFP1,0.057494144,0.217435953,NS
ENSG00000184524,CEND1,0.006055842,NA,NS
ENSG00000184545,DUSP8,0.044208602,0.352182134,NS
ENSG00000184557,SOCS3,-0.003831545,NA,NS
ENSG00000184564,SLITRK6,0.016020549,0.710709658,NS
ENSG00000184575,XPOT,0.030847005,0.450849274,NS
ENSG00000184584,STING1,0.00570751,NA,NS
ENSG00000184588,PDE4B,-0.002793511,NA,NS
ENSG00000184602,SNN,0.030303478,0.50612317,NS
ENSG00000184613,NELL2,0.010380795,NA,NS
ENSG00000184619,KRBA2,0.009235141,0.880756893,NS
ENSG00000184634,MED12,0.046538268,0.310700841,NS
ENSG00000184635,ZNF93,-0.010281893,0.867816755,NS
ENSG00000184640,SEPTIN9,-0.018853349,0.624157404,NS
ENSG00000184659,FOXD4L4,-0.003605903,NA,NS
ENSG00000184661,CDCA2,-0.052941714,0.176236348,NS
ENSG00000184669,OR7E14P,-0.005067366,NA,NS
ENSG00000184672,RALYL,0.005676552,NA,NS
ENSG00000184675,AMER1,0.020882784,0.700400287,NS
ENSG00000184677,ZBTB40,0.027929549,0.583103369,NS
ENSG00000184678,H2BC21,0.142805066,1.75E-05,NS
ENSG00000184702,SEPTIN5,-0.001742296,0.978536232,NS
ENSG00000184708,EIF4ENIF1,0.002718973,0.967118337,NS
ENSG00000184709,LRRC26,-0.121283398,0.001805164,NS
ENSG00000184716,SERINC4,0.003895391,NA,NS
ENSG00000184719,RNLS,-0.001243583,NA,NS
ENSG00000184730,APOBR,-0.004023438,NA,NS
ENSG00000184731,FAM110C,0.006822784,NA,NS
ENSG00000184735,DDX53,-0.002136863,NA,NS
ENSG00000184743,ATL3,0.026640631,0.579944533,NS
ENSG00000184752,NDUFA12,-0.076701549,0.073156966,NS
ENSG00000184786,DYNLT2,-0.014724046,NA,NS
ENSG00000184787,UBE2G2,-0.018669096,0.696322242,NS
ENSG00000184792,OSBP2,0.058512455,0.207432154,NS
ENSG00000184828,ZBTB7C,-0.000742449,NA,NS
ENSG00000184831,APOO,-0.021387296,0.667418286,NS
ENSG00000184838,PRR16,0.018675373,0.736695144,NS
ENSG00000184840,TMED9,-0.066229691,0.073022083,NS
ENSG00000184857,TMEM186,-0.037061861,0.44561082,NS
ENSG00000184863,RBM33,0.037600247,0.441683585,NS
ENSG00000184887,BTBD6,-0.045256879,0.264519128,NS
ENSG00000184897,H1-10,-0.17350073,8.42E-07,NS
ENSG00000184898,RBM43,0.026862039,NA,NS
ENSG00000184900,SUMO3,-0.028299489,0.51288936,NS
ENSG00000184903,IMMP2L,0.044016561,0.345633438,NS
ENSG00000184916,JAG2,0.045252872,0.315604156,NS
ENSG00000184922,FMNL1,0.001572996,NA,NS
ENSG00000184923,NUTM2A,-0.007610966,NA,NS
ENSG00000184924,PTRHD1,-0.109060802,0.011740819,NS
ENSG00000184937,WT1,-0.018422978,NA,NS
ENSG00000184939,ZFP90,0.028319178,0.577426213,NS
ENSG00000184949,FAM227A,0.002753866,NA,NS
ENSG00000184967,NOC4L,-0.043811783,0.355098372,NS
ENSG00000184979,USP18,-0.033288189,0.49130385,NS
ENSG00000184983,NDUFA6,-0.05537937,0.20243237,NS
ENSG00000184986,TMEM121,0.014344402,NA,NS
ENSG00000184990,SIVA1,-0.117736942,0.001555825,NS
ENSG00000184992,BRI3BP,0.043873156,0.289524558,NS
ENSG00000184999,SLC22A10,-0.031124136,NA,NS
ENSG00000185000,DGAT1,-0.045067914,0.335444138,NS
ENSG00000185002,RFX6,-0.038960397,NA,NS
ENSG00000185009,AP3M1,0.034444853,0.377817635,NS
ENSG00000185010,F8,0.01636115,0.770766883,NS
ENSG00000185015,CA13,-0.014870507,NA,NS
ENSG00000185019,UBOX5,0.027969016,0.569500321,NS
ENSG00000185022,MAFF,-0.003861646,NA,NS
ENSG00000185024,BRF1,-0.027218908,0.532838423,NS
ENSG00000185033,SEMA4B,0.05660899,0.224933271,NS
ENSG00000185043,CIB1,-0.015712296,0.783526117,NS
ENSG00000185046,ANKS1B,0.014758053,NA,NS
ENSG00000185049,NELFA,-0.002287454,0.968398772,NS
ENSG00000185052,SLC24A3,0.01098768,NA,NS
ENSG00000185056,C5orf47,-0.001406014,NA,NS
ENSG00000185065,UFD1-AS1,-0.018149029,NA,NS
ENSG00000185070,FLRT2,0.017370053,NA,NS
ENSG00000185085,INTS5,-0.071727297,0.062909285,NS
ENSG00000185088,RPS27L,-0.017711731,0.747059476,NS
ENSG00000185090,MANEAL,0.026753785,0.567111456,NS
ENSG00000185100,ADSS1,-1.98E-05,0.999885158,NS
ENSG00000185104,FAF1,-0.021808084,0.630025058,NS
ENSG00000185112,FAM43A,-0.069384055,0.099049208,NS
ENSG00000185115,NSMCE3,-0.033718294,0.47419513,NS
ENSG00000185122,HSF1,-0.022669251,0.588541724,NS
ENSG00000185127,C6orf120,0.050457308,0.194199312,NS
ENSG00000185129,PURA,0.02562996,0.576750619,NS
ENSG00000185130,H2BC13,-0.016122509,NA,NS
ENSG00000185133,INPP5J,0.016476021,0.76308232,NS
ENSG00000185158,LRRC37B,0.018863304,NA,NS
ENSG00000185163,DDX51,-0.00171417,0.979558472,NS
ENSG00000185164,NOMO2,0.023845099,0.562802295,NS
ENSG00000185187,SIGIRR,0.030940581,0.537236275,NS
ENSG00000185189,NRBP2,1.95E-05,NA,NS
ENSG00000185201,IFITM2,-0.005942612,0.927512967,NS
ENSG00000185203,WASIR1,0.006097268,NA,NS
ENSG00000185215,TNFAIP2,0.030854316,NA,NS
ENSG00000185219,ZNF445,0.01503464,0.797911424,NS
ENSG00000185220,PGBD2,-0.022884579,0.670122191,NS
ENSG00000185222,TCEAL9,0.071383937,0.084403072,NS
ENSG00000185236,RAB11B,-0.078057147,0.02492718,NS
ENSG00000185238,PRMT3,0.039508882,0.379093911,NS
ENSG00000185246,PRPF39,0.020678044,0.694574164,NS
ENSG00000185250,PPIL6,0.003937068,NA,NS
ENSG00000185252,ZNF74,0.029293049,0.556535081,NS
ENSG00000185261,KIAA0825,0.006286409,NA,NS
ENSG00000185262,UBALD2,-0.133810646,0.001474672,NS
ENSG00000185267,CDNF,-0.000259627,NA,NS
ENSG00000185269,NOTUM,0.007982705,NA,NS
ENSG00000185272,RBM11,0.005963803,NA,NS
ENSG00000185278,ZBTB37,0.0023747,0.969799601,NS
ENSG00000185298,CCDC137,-0.046951832,0.283363272,NS
ENSG00000185303,SFTPA2,0.35511012,2.61E-05,NS
ENSG00000185304,RGPD2,0.010506333,NA,NS
ENSG00000185305,ARL15,0.035520383,NA,NS
ENSG00000185324,CDK10,-0.047216526,0.310700841,NS
ENSG00000185332,TMEM105,-0.021566205,NA,NS
ENSG00000185338,SOCS1,0.006936409,NA,NS
ENSG00000185339,TCN2,0.002245249,NA,NS
ENSG00000185340,GAS2L1,-0.031463209,0.472835499,NS
ENSG00000185344,ATP6V0A2,0.010070646,0.869282955,NS
ENSG00000185345,PRKN,0.02620591,NA,NS
ENSG00000185347,TEDC1,-0.068701929,0.119317585,NS
ENSG00000185352,HS6ST3,-0.002842407,NA,NS
ENSG00000185359,HGS,-0.023844289,0.615764035,NS
ENSG00000185361,TNFAIP8L1,-0.027285166,0.572643189,NS
ENSG00000185379,RAD51D,0.024790021,0.640275666,NS
ENSG00000185386,MAPK11,-0.01037395,NA,NS
ENSG00000185404,SP140L,-0.004351169,NA,NS
ENSG00000185414,MRPL30,0.011034688,0.819894565,NS
ENSG00000185418,TARS3,0.115375069,0.015478754,NS
ENSG00000185420,SMYD3,0.010003007,0.863904008,NS
ENSG00000185432,TMT1A,-0.037032342,0.411241738,NS
ENSG00000185437,SH3BGR,-0.015821553,0.767943409,NS
ENSG00000185442,FAM174B,-0.080456393,0.026628099,NS
ENSG00000185453,ZSWIM9,0.000606783,NA,NS
ENSG00000185475,TMEM179B,-0.045437125,0.313365388,NS
ENSG00000185480,PARPBP,-0.039292006,0.368746819,NS
ENSG00000185482,STAC3,-0.016353667,NA,NS
ENSG00000185483,ROR1,0.04954675,0.295406907,NS
ENSG00000185499,MUC1,0.010210489,NA,NS
ENSG00000185504,FAAP100,-0.011501081,0.843426536,NS
ENSG00000185507,IRF7,0.004894966,NA,NS
ENSG00000185513,L3MBTL1,0.013214114,NA,NS
ENSG00000185515,BRCC3,0.048867427,0.259604644,NS
ENSG00000185519,FAM131C,0.026792226,NA,NS
ENSG00000185522,LMNTD2,0.009923661,NA,NS
ENSG00000185532,PRKG1,-0.006857061,NA,NS
ENSG00000185551,NR2F2,-0.009147997,0.872623225,NS
ENSG00000185561,TLCD2,-0.002793501,NA,NS
ENSG00000185567,AHNAK2,0.047664298,NA,NS
ENSG00000185591,SP1,0.038283799,0.403344527,NS
ENSG00000185608,MRPL40,-0.06197935,0.147002264,NS
ENSG00000185615,PDIA2,-0.003170916,NA,NS
ENSG00000185619,PCGF3,0.016291884,0.753925282,NS
ENSG00000185621,LMLN,-0.037500414,0.438754252,NS
ENSG00000185624,P4HB,-0.037231367,0.312029589,NS
ENSG00000185627,PSMD13,-0.045604298,0.235017935,NS
ENSG00000185630,PBX1,0.00179319,0.975282139,NS
ENSG00000185633,NDUFA4L2,-0.050976659,NA,NS
ENSG00000185634,SHC4,0.012226142,NA,NS
ENSG00000185641,NA,-0.021906083,NA,NS
ENSG00000185650,ZFP36L1,-0.067783899,0.110504886,NS
ENSG00000185651,UBE2L3,0.002128738,0.968746607,NS
ENSG00000185658,BRWD1,0.039171819,0.403692683,NS
ENSG00000185664,PMEL,0.024877436,NA,NS
ENSG00000185670,ZBTB3,-0.016837078,0.748790616,NS
ENSG00000185674,LYG2,0.002396809,NA,NS
ENSG00000185686,PRAME,-0.014171994,0.789302151,NS
ENSG00000185697,MYBL1,0.012273799,NA,NS
ENSG00000185710,SMG1P4,-0.005510711,NA,NS
ENSG00000185716,MOSMO,0.000954643,0.989203754,NS
ENSG00000185721,DRG1,-0.038623846,0.347490569,NS
ENSG00000185722,ANKFY1,0.041679601,0.348139764,NS
ENSG00000185728,YTHDF3,0.06969561,0.104525475,NS
ENSG00000185730,ZNF696,-0.019806417,0.722426367,NS
ENSG00000185745,IFIT1,0.003376984,NA,NS
ENSG00000185753,CXorf38,0.010508616,0.861954508,NS
ENSG00000185760,KCNQ5,0.012169783,NA,NS
ENSG00000185761,ADAMTSL5,0.000144941,NA,NS
ENSG00000185787,MORF4L1,0.027224037,0.487267143,NS
ENSG00000185798,WDR53,-0.025153064,0.635550208,NS
ENSG00000185800,DMWD,-0.024597161,0.640846202,NS
ENSG00000185803,SLC52A2,-0.043593047,0.288433295,NS
ENSG00000185808,PIGP,0.002519693,0.968159844,NS
ENSG00000185813,PCYT2,0.067200996,0.064278267,NS
ENSG00000185818,NAT8L,0.053648044,0.203983631,NS
ENSG00000185825,BCAP31,-0.040222568,0.314796009,NS
ENSG00000185829,ARL17A,0.008570418,0.886974781,NS
ENSG00000185834,RPL12P4,-0.04697386,0.261861865,NS
ENSG00000185837,HDHD5-AS1,-0.00480496,NA,NS
ENSG00000185838,GNB1L,-0.043505971,0.361853798,NS
ENSG00000185839,NA,-0.01685434,NA,NS
ENSG00000185842,DNAH14,-0.015901356,0.785438693,NS
ENSG00000185863,TMEM210,-0.017238001,NA,NS
ENSG00000185864,NPIPB4,0.03600096,NA,NS
ENSG00000185869,ZNF829,-0.024869418,0.638706381,NS
ENSG00000185875,THNSL1,0.027613086,0.575602486,NS
ENSG00000185880,TRIM69,0.003450684,0.958251088,NS
ENSG00000185883,ATP6V0C,-0.029031148,0.551887372,NS
ENSG00000185885,IFITM1,-0.013417422,NA,NS
ENSG00000185896,LAMP1,0.062459192,0.067549877,NS
ENSG00000185900,POMK,-0.009693373,0.867149323,NS
ENSG00000185904,LINC00839,-0.003274005,0.960805536,NS
ENSG00000185909,KLHDC8B,0.000224717,0.998368771,NS
ENSG00000185917,SETD4,-0.027407605,0.583780403,NS
ENSG00000185920,PTCH1,0.128236093,0.000679549,NS
ENSG00000185924,RTN4RL1,0.047973196,0.31160576,NS
ENSG00000185946,RNPC3,-0.00723971,NA,NS
ENSG00000185947,ZNF267,-0.032370518,0.501027143,NS
ENSG00000185950,IRS2,0.032379645,0.510181264,NS
ENSG00000185955,SPACDR,0.003488865,NA,NS
ENSG00000185963,BICD2,0.079275848,0.040029294,NS
ENSG00000185974,GRK1,0.018787013,0.730465464,NS
ENSG00000185989,RASA3,-0.012742561,0.826804966,NS
ENSG00000186001,LRCH3,-0.010795013,0.85590116,NS
ENSG00000186010,NDUFA13,-0.104485545,0.008416272,NS
ENSG00000186017,ZNF566,-0.007206968,0.907915541,NS
ENSG00000186019,ZNF225-AS1,0.039425405,NA,NS
ENSG00000186020,ZNF529,0.014601332,0.802813296,NS
ENSG00000186026,ZNF284,0.040567037,NA,NS
ENSG00000186056,MATN1-AS1,-0.008867284,NA,NS
ENSG00000186063,AIDA,0.145675508,1.02E-07,NS
ENSG00000186073,CDIN1,-0.004231193,NA,NS
ENSG00000186076,NA,-0.014826016,NA,NS
ENSG00000186104,CYP2R1,-0.032453478,0.51288936,NS
ENSG00000186105,LRRC70,-0.027381098,NA,NS
ENSG00000186106,ANKRD46,0.005242929,0.938322458,NS
ENSG00000186111,PIP5K1C,0.058614325,0.1546206,NS
ENSG00000186130,ZBTB6,0.01749952,0.758841001,NS
ENSG00000186132,C2orf76,-0.025194213,0.635550208,NS
ENSG00000186141,POLR3C,0.025243007,0.629573099,NS
ENSG00000186153,WWOX,0.026566869,0.603800459,NS
ENSG00000186162,CIDECP1,-0.046100264,NA,NS
ENSG00000186166,CENATAC,-0.036194659,NA,NS
ENSG00000186174,BCL9L,0.040574546,0.328653802,NS
ENSG00000186184,POLR1D,0.038923134,0.394531492,NS
ENSG00000186185,KIF18B,-0.095641395,0.025341586,NS
ENSG00000186187,ZNRF1,0.018903379,0.728352787,NS
ENSG00000186193,SAPCD2,-0.085758017,0.005429969,NS
ENSG00000186198,SLC51B,-0.000557906,NA,NS
ENSG00000186205,MTARC1,0.003088688,0.950609935,NS
ENSG00000186212,SOWAHB,0.009255094,0.881684241,NS
ENSG00000186222,BLOC1S4,-0.040334343,0.403391325,NS
ENSG00000186230,ZNF749,-0.008685445,0.885293656,NS
ENSG00000186260,MRTFB,0.091265499,0.032824466,NS
ENSG00000186272,ZNF17,-0.024267664,0.611790969,NS
ENSG00000186280,KDM4D,0.000636025,NA,NS
ENSG00000186283,TOR3A,-0.060017483,0.111362139,NS
ENSG00000186297,GABRA5,-0.003893026,NA,NS
ENSG00000186298,PPP1CC,0.013231507,0.758841001,NS
ENSG00000186300,ZNF555,-0.003098001,NA,NS
ENSG00000186310,NAP1L3,0.024907447,0.615764035,NS
ENSG00000186312,CA5BP1,-0.003992822,NA,NS
ENSG00000186318,BACE1,0.046410777,0.257378497,NS
ENSG00000186326,RGS9BP,0.015995907,NA,NS
ENSG00000186350,RXRA,0.017055552,0.693355286,NS
ENSG00000186352,ANKRD37,-0.038574036,NA,NS
ENSG00000186364,NUDT17,-0.020654556,NA,NS
ENSG00000186376,ZNF75D,0.021206142,0.689070484,NS
ENSG00000186395,KRT10,-0.040432244,0.379330195,NS
ENSG00000186409,CCDC30,0.007496767,NA,NS
ENSG00000186416,NKRF,0.060130335,0.147065357,NS
ENSG00000186432,KPNA4,0.067425364,0.080863047,NS
ENSG00000186439,TRDN,0.012708025,NA,NS
ENSG00000186446,ZNF501,-0.007930687,NA,NS
ENSG00000186448,ZNF197,0.034827417,0.479300091,NS
ENSG00000186458,DEFB132,-0.032487484,0.505626436,NS
ENSG00000186462,NAP1L2,0.013530037,0.813188503,NS
ENSG00000186468,RPS23,-0.037126968,0.385770534,NS
ENSG00000186470,BTN3A2,0.087116105,0.063395061,NS
ENSG00000186472,PCLO,-0.000971006,0.988517285,NS
ENSG00000186480,INSIG1,0.483178395,6.21E-31,NS
ENSG00000186493,IRX2-DT,-0.020033969,0.688569416,NS
ENSG00000186496,ZNF396,-0.020645773,NA,NS
ENSG00000186501,TMEM222,-0.051659242,0.224072654,NS
ENSG00000186522,SEPTIN10,0.021454309,0.68232449,NS
ENSG00000186523,FAM86B1,-0.007194498,0.911088904,NS
ENSG00000186526,CYP4F8,-0.012143342,NA,NS
ENSG00000186532,SMYD4,0.01145122,0.851485741,NS
ENSG00000186564,FOXD2,0.001908491,NA,NS
ENSG00000186566,GPATCH8,0.052099049,0.25912722,NS
ENSG00000186567,CEACAM19,0.017642747,NA,NS
ENSG00000186575,NF2,0.003884623,0.951091685,NS
ENSG00000186577,SMIM29,-0.009596748,0.878964535,NS
ENSG00000186591,UBE2H,0.039522716,0.312818557,NS
ENSG00000186594,MIR22HG,0.065610473,NA,NS
ENSG00000186615,KTN1-AS1,0.013284451,0.809521731,NS
ENSG00000186625,KATNA1,-0.045159612,0.337822683,NS
ENSG00000186635,ARAP1,0.045546772,0.264577252,NS
ENSG00000186638,KIF24,-0.020220389,0.711676307,NS
ENSG00000186642,PDE2A,-0.000645751,NA,NS
ENSG00000186648,CARMIL3,0.023801709,NA,NS
ENSG00000186654,PRR5,-0.065989126,0.14953752,NS
ENSG00000186660,ZFP91,0.042041359,0.319101809,NS
ENSG00000186665,C17orf58,-0.025123896,NA,NS
ENSG00000186666,BCDIN3D,-0.01381617,0.816487543,NS
ENSG00000186687,LYRM7,0.029790377,0.512218087,NS
ENSG00000186704,DTX2P1,0.023533909,NA,NS
ENSG00000186710,CFAP73,-0.006774747,NA,NS
ENSG00000186716,BCR,0.041061382,0.323183779,NS
ENSG00000186765,FSCN2,-0.013189014,NA,NS
ENSG00000186767,SPIN4,0.051250217,0.276260733,NS
ENSG00000186787,SPIN2B,-0.00939886,0.880756893,NS
ENSG00000186792,HYAL3,0.018522684,0.744973156,NS
ENSG00000186806,VSIG10L,0.040235756,0.375332546,NS
ENSG00000186812,ZNF397,-0.000210225,0.998368771,NS
ENSG00000186814,ZSCAN30,0.077088353,0.09368369,NS
ENSG00000186815,TPCN1,0.058181296,0.206134668,NS
ENSG00000186834,HEXIM1,-0.004320836,0.942393987,NS
ENSG00000186847,KRT14,-0.04207811,NA,NS
ENSG00000186854,TRABD2A,0.001552967,NA,NS
ENSG00000186862,PDZD7,0.014954491,NA,NS
ENSG00000186866,POFUT2,0.000633234,0.993139644,NS
ENSG00000186868,MAPT,0.055530079,0.235128457,NS
ENSG00000186871,ERCC6L,-0.048084423,0.28872471,NS
ENSG00000186889,TMEM17,-0.028003692,NA,NS
ENSG00000186891,TNFRSF18,-0.003840368,NA,NS
ENSG00000186897,C1QL4,0.028174228,NA,NS
ENSG00000186907,RTN4RL2,-0.000626264,0.993188823,NS
ENSG00000186908,ZDHHC17,0.062189536,0.178122426,NS
ENSG00000186918,ZNF395,-0.016350788,0.761823564,NS
ENSG00000186919,ZACN,0.00612897,NA,NS
ENSG00000186951,PPARA,0.04499206,0.334156169,NS
ENSG00000186952,TMEM232,-0.006062811,NA,NS
ENSG00000186973,CFAP144,-0.002185029,NA,NS
ENSG00000186976,EFCAB6,0.001544749,NA,NS
ENSG00000186994,KANK3,0.015469469,NA,NS
ENSG00000186998,EMID1,-0.00190176,NA,NS
ENSG00000187017,ESPN,0.003474015,NA,NS
ENSG00000187024,PTRH1,-0.07343157,0.106743121,NS
ENSG00000187051,RPS19BP1,-0.083920467,0.03736541,NS
ENSG00000187068,C3orf70,0.018271431,NA,NS
ENSG00000187079,TEAD1,0.076882651,0.084567852,NS
ENSG00000187091,PLCD1,-0.008525957,0.883924864,NS
ENSG00000187097,ENTPD5,0.037778981,0.406939806,NS
ENSG00000187098,MITF,0.049304401,0.289173868,NS
ENSG00000187109,NAP1L1,-0.036966512,0.277998145,NS
ENSG00000187118,CMC1,-0.025747304,0.625409153,NS
ENSG00000187122,SLIT1,0.009580923,NA,NS
ENSG00000187123,LYPD6,0.007998297,NA,NS
ENSG00000187134,AKR1C1,0.001792932,NA,NS
ENSG00000187140,FOXD3,0.00757479,NA,NS
ENSG00000187147,RNF220,-0.040690995,0.299921191,NS
ENSG00000187164,SHTN1,0.103713549,0.00763619,NS
ENSG00000187186,NA,-0.03165017,NA,NS
ENSG00000187187,ZNF546,0.009697508,NA,NS
ENSG00000187189,TSPYL4,0.046799855,0.233116396,NS
ENSG00000187193,MT1X,-0.02446709,0.646265805,NS
ENSG00000187210,GCNT1,-0.040523145,0.343330194,NS
ENSG00000187231,SESTD1,0.058674022,0.206132016,NS
ENSG00000187239,FNBP1,0.022755058,0.652644353,NS
ENSG00000187240,DYNC2H1,0.044556634,0.33790864,NS
ENSG00000187243,MAGED4B,0.022347551,0.503506268,NS
ENSG00000187244,BCAM,0.041493579,0.388660074,NS
ENSG00000187257,RSBN1L,-0.015196539,0.780771702,NS
ENSG00000187266,EPOR,-0.059600315,0.19945588,NS
ENSG00000187325,TAF9B,-0.004409785,0.940723945,NS
ENSG00000187372,PCDHB13,0.059015628,NA,NS
ENSG00000187391,MAGI2,0.016993992,NA,NS
ENSG00000187398,LUZP2,0.051196543,0.243977194,NS
ENSG00000187446,CHP1,0.043910703,0.262722461,NS
ENSG00000187486,KCNJ11,0.005421827,NA,NS
ENSG00000187510,PLEKHG7,-0.000546897,NA,NS
ENSG00000187514,PTMA,-0.095836211,0.003813286,NS
ENSG00000187522,HSPA14,-0.005421754,0.933015362,NS
ENSG00000187531,SIRT7,0.002069643,0.973362843,NS
ENSG00000187534,PRR13P5,0.000696196,NA,NS
ENSG00000187535,IFT140,-0.017853069,0.754767389,NS
ENSG00000187554,TLR5,0.011985022,NA,NS
ENSG00000187555,USP7,0.040221944,0.311300709,NS
ENSG00000187559,FOXD4L3,-0.02501119,NA,NS
ENSG00000187583,PLEKHN1,0.004584611,0.944901693,NS
ENSG00000187595,ZNF385C,-0.013991836,NA,NS
ENSG00000187605,TET3,0.083488262,0.062633712,NS
ENSG00000187607,ZNF286A,-0.001791889,0.977697394,NS
ENSG00000187608,ISG15,-0.096051273,0.029315482,NS
ENSG00000187609,EXD3,0.013556131,NA,NS
ENSG00000187621,TCL6,-0.002814173,NA,NS
ENSG00000187624,LIAT1,0.011679866,0.833116316,NS
ENSG00000187626,ZKSCAN4,-0.021935632,NA,NS
ENSG00000187627,RGPD1,0.016981064,NA,NS
ENSG00000187630,DHRS4L2,-0.056668005,0.219595278,NS
ENSG00000187634,SAMD11,-0.046690652,0.295628181,NS
ENSG00000187642,PERM1,0.008698483,NA,NS
ENSG00000187650,VMAC,-0.039866951,NA,NS
ENSG00000187672,ERC2,-0.000756655,NA,NS
ENSG00000187676,B3GLCT,0.023208094,0.631273418,NS
ENSG00000187678,SPRY4,-0.019498333,NA,NS
ENSG00000187686,KRT18P59,-0.005251995,NA,NS
ENSG00000187689,AMTN,-0.014872153,NA,NS
ENSG00000187713,TMEM203,-0.028824841,0.554929901,NS
ENSG00000187720,THSD4,0.009968636,NA,NS
ENSG00000187730,GABRD,-0.009798708,NA,NS
ENSG00000187735,TCEA1,0.01015904,0.833429831,NS
ENSG00000187736,NHEJ1,0.016156313,0.781392118,NS
ENSG00000187741,FANCA,-0.026419565,0.608731656,NS
ENSG00000187742,SECISBP2,0.013479563,0.821050572,NS
ENSG00000187764,SEMA4D,-0.003625839,0.95594497,NS
ENSG00000187778,MCRS1,-0.032869746,0.457925272,NS
ENSG00000187790,FANCM,-0.005830906,0.929611504,NS
ENSG00000187792,ZNF70,-0.001520184,NA,NS
ENSG00000187796,CARD9,0.009978103,NA,NS
ENSG00000187801,ZFP69B,0.055141972,0.221182031,NS
ENSG00000187808,SOWAHD,-0.001623656,NA,NS
ENSG00000187837,H1-2,-0.086370802,0.049403583,NS
ENSG00000187838,PLSCR3,-0.014241643,0.810942868,NS
ENSG00000187840,EIF4EBP1,-0.108686595,0.005906909,NS
ENSG00000187848,P2RX2,0.010494086,NA,NS
ENSG00000187855,ASCL4,-0.016001704,NA,NS
ENSG00000187860,CCDC157,-0.011179591,NA,NS
ENSG00000187866,PABIR1,-0.014327212,0.808427996,NS
ENSG00000187889,FYB2,-0.01893622,NA,NS
ENSG00000187951,NA,0.016069749,NA,NS
ENSG00000187952,HS6ST1P1,-0.00274939,NA,NS
ENSG00000187954,ZFTRAF1,-0.061174699,0.184343995,NS
ENSG00000187961,KLHL17,-0.061933609,0.177803571,NS
ENSG00000187987,ZSCAN23,0.013183928,NA,NS
ENSG00000187994,RINL,0.002163474,NA,NS
ENSG00000188010,MORN2,-0.0307972,0.538457578,NS
ENSG00000188013,MEIS3P2,0.016223152,NA,NS
ENSG00000188021,UBQLN2,0.062573491,0.089793981,NS
ENSG00000188026,RILPL1,0.015025134,0.798119276,NS
ENSG00000188033,ZNF490,-0.009338454,0.878850217,NS
ENSG00000188038,NRN1L,0.001666622,NA,NS
ENSG00000188039,NWD1,-0.001257436,NA,NS
ENSG00000188042,ARL4C,-0.001010739,0.987963311,NS
ENSG00000188050,RNF133,0.000874572,NA,NS
ENSG00000188064,WNT7B,-0.03280793,0.450711042,NS
ENSG00000188070,ZFTA,0.008140778,NA,NS
ENSG00000188089,PLA2G4E,-0.008010194,NA,NS
ENSG00000188092,GPR89B,0.003985338,0.952394445,NS
ENSG00000188095,MESP2,-0.058693532,NA,NS
ENSG00000188112,C6orf132,0.082204694,0.04035929,NS
ENSG00000188124,OR2AG2,0.014191144,NA,NS
ENSG00000188130,MAPK12,0.011971599,0.840964088,NS
ENSG00000188153,COL4A5,0.046903084,0.310700841,NS
ENSG00000188157,AGRN,-0.004479951,0.941009431,NS
ENSG00000188167,TMPPE,0.035183308,0.452205041,NS
ENSG00000188177,ZC3H6,-0.01547787,0.783904647,NS
ENSG00000188186,LAMTOR4,-0.036062213,0.460513807,NS
ENSG00000188191,PRKAR1B,0.059529318,0.199295838,NS
ENSG00000188199,NUTM2B,0.005028159,NA,NS
ENSG00000188211,NCR3LG1,0.117815253,0.016651633,NS
ENSG00000188215,DCUN1D3,-0.000295597,0.997494019,NS
ENSG00000188219,POTEE,0.006096725,NA,NS
ENSG00000188223,NA,0.00228181,NA,NS
ENSG00000188227,ZNF793,0.037254527,0.438107799,NS
ENSG00000188229,TUBB4B,-0.127431399,0.000155447,NS
ENSG00000188234,AGAP4,-0.039659582,NA,NS
ENSG00000188242,SLC9A3-OT1,-0.021118908,0.673218109,NS
ENSG00000188243,COMMD6,-0.021578126,0.690584444,NS
ENSG00000188257,PLA2G2A,0.012555501,NA,NS
ENSG00000188266,HYKK,0.017067456,0.76308232,NS
ENSG00000188277,C15orf62,0.013040674,NA,NS
ENSG00000188283,ZNF383,0.015532463,NA,NS
ENSG00000188290,HES4,-0.069950731,0.091003062,NS
ENSG00000188295,ZNF669,0.011248941,0.853316183,NS
ENSG00000188312,CENPP,0.02644984,0.612580532,NS
ENSG00000188313,PLSCR1,-0.018113431,NA,NS
ENSG00000188315,C3orf62,0.044994825,NA,NS
ENSG00000188316,ENO4,0.003178623,NA,NS
ENSG00000188321,ZNF559,0.040337205,0.394598725,NS
ENSG00000188322,SBK1,0.018159781,0.749889991,NS
ENSG00000188342,GTF2F2,0.010554034,0.861591721,NS
ENSG00000188352,FOCAD,0.04006042,0.339752977,NS
ENSG00000188368,PRR19,0.007606178,NA,NS
ENSG00000188372,ZP3,0.004484893,0.948055384,NS
ENSG00000188385,JAKMIP3,0.033544443,NA,NS
ENSG00000188396,DYNLT4,0.003712542,NA,NS
ENSG00000188404,SELL,-0.013189241,NA,NS
ENSG00000188419,CHM,0.060200421,0.187790707,NS
ENSG00000188428,BLOC1S5,0.04167222,0.384777425,NS
ENSG00000188451,SRP72P2,-0.025998282,NA,NS
ENSG00000188483,IER5L,-0.010015535,0.868201494,NS
ENSG00000188486,H2AX,-0.152867574,2.00E-06,NS
ENSG00000188493,ACTMAP,-0.020500394,0.709549799,NS
ENSG00000188511,MIR3667HG,-0.011951553,NA,NS
ENSG00000188522,FAM83G,0.042192038,0.357364628,NS
ENSG00000188529,SRSF10,0.031391592,0.423048046,NS
ENSG00000188542,DUSP28,0.030073649,0.542023674,NS
ENSG00000188549,CCDC9B,0.03814091,NA,NS
ENSG00000188554,NBR1,0.036571934,0.367938762,NS
ENSG00000188559,RALGAPA2,0.119108278,0.006597162,NS
ENSG00000188566,NDOR1,-0.079201581,0.063236745,NS
ENSG00000188573,FBLL1,0.000536007,NA,NS
ENSG00000188596,CFAP54,-0.008028987,NA,NS
ENSG00000188599,NPIPP1,-0.000881952,NA,NS
ENSG00000188603,CLN3,0.046044903,0.32905353,NS
ENSG00000188610,FAM72B,-0.080564424,0.068712741,NS
ENSG00000188611,ASAH2,-0.013286996,0.815644325,NS
ENSG00000188612,SUMO2,-0.081018496,0.011740819,NS
ENSG00000188613,NANOS1,0.030584629,NA,NS
ENSG00000188629,ZNF177,0.025717632,NA,NS
ENSG00000188636,RTL6,0.018610727,0.700400287,NS
ENSG00000188643,S100A16,-0.002015409,NA,NS
ENSG00000188647,PTAR1,0.054207809,0.246147174,NS
ENSG00000188649,CC2D2B,0.004905346,NA,NS
ENSG00000188659,SAXO2,-0.006284172,NA,NS
ENSG00000188672,RHCE,-0.00090336,NA,NS
ENSG00000188677,PARVB,-0.030772398,0.498993885,NS
ENSG00000188690,UROS,-0.014267151,0.790831553,NS
ENSG00000188693,CYP51A1-AS1,0.016165912,NA,NS
ENSG00000188706,ZDHHC9,0.013646024,0.777858187,NS
ENSG00000188710,QRFP,0.025418431,NA,NS
ENSG00000188725,SMIM15,0.004806591,0.932800854,NS
ENSG00000188732,FAM221A,-0.067330086,NA,NS
ENSG00000188735,TMEM120B,0.014701863,0.793505917,NS
ENSG00000188739,RBM34,-0.020903338,0.645781269,NS
ENSG00000188747,NOXA1,-0.019201979,NA,NS
ENSG00000188760,TMEM198,0.003825915,NA,NS
ENSG00000188763,FZD9,-0.037592962,NA,NS
ENSG00000188766,SPRED3,0.018917951,NA,NS
ENSG00000188779,SKOR1,-0.002833781,NA,NS
ENSG00000188783,PRELP,0.002824467,NA,NS
ENSG00000188785,ZNF548,-0.03675207,0.454264573,NS
ENSG00000188786,MTF1,0.066733753,0.125636931,NS
ENSG00000188807,TMEM201,-0.026384292,0.581557615,NS
ENSG00000188811,NHLRC3,0.00775524,0.902300791,NS
ENSG00000188818,ZDHHC11,-0.022452948,NA,NS
ENSG00000188825,LINC00910,-0.013895102,NA,NS
ENSG00000188827,SLX4,0.007546274,0.905911948,NS
ENSG00000188846,RPL14,-0.040401052,0.310947305,NS
ENSG00000188848,BEND4,0.03622313,0.456394148,NS
ENSG00000188856,RPSAP47,0.005253114,NA,NS
ENSG00000188868,ZNF563,-0.004473456,NA,NS
ENSG00000188878,FBF1,-0.046935512,0.322339889,NS
ENSG00000188886,ASTL,0.004649149,NA,NS
ENSG00000188895,MSL1,0.03036601,0.491925936,NS
ENSG00000188917,TRMT2B,-0.003715611,0.953244823,NS
ENSG00000188938,FAM120AOS,-0.037106718,0.352182134,NS
ENSG00000188959,C9orf152,-0.071794296,0.107016318,NS
ENSG00000188976,NOC2L,-0.063205085,0.033658911,NS
ENSG00000188981,MSANTD1,-0.003596449,NA,NS
ENSG00000188985,DHFRP1,0.007776373,NA,NS
ENSG00000188986,NELFB,-0.063764166,0.072960774,NS
ENSG00000188994,ZNF292,0.135013949,0.007236904,NS
ENSG00000188996,HUS1B,0.004126237,NA,NS
ENSG00000188997,KCTD21,0.037584782,0.439527443,NS
ENSG00000189007,ADAT2,-0.008545961,0.888547941,NS
ENSG00000189042,ZNF567,0.043171981,0.356096299,NS
ENSG00000189043,NDUFA4,-0.013992537,0.793601565,NS
ENSG00000189046,ALKBH2,-0.0650185,0.133411203,NS
ENSG00000189050,RNFT1,0.005206031,0.938899092,NS
ENSG00000189056,RELN,0.074714222,0.10462475,NS
ENSG00000189057,FAM111B,0.104215635,0.004454479,NS
ENSG00000189058,APOD,-0.011094612,0.853502491,NS
ENSG00000189060,H1-0,-0.103490562,0.004859118,NS
ENSG00000189064,GAGE2A,-0.058588004,0.18027095,NS
ENSG00000189067,LITAF,0.035866907,0.423785429,NS
ENSG00000189077,TMEM120A,0.01810179,0.747059476,NS
ENSG00000189079,ARID2,0.039666254,0.403344527,NS
ENSG00000189091,SF3B3,0.023522319,0.573585557,NS
ENSG00000189114,BLOC1S3,-0.024308478,0.646887583,NS
ENSG00000189120,SP6,0.04210731,NA,NS
ENSG00000189127,ANKRD34B,0.008994811,NA,NS
ENSG00000189143,CLDN4,0.028984163,0.475699361,NS
ENSG00000189144,ZNF573,-0.013084783,NA,NS
ENSG00000189157,FAM47E,-0.012771158,NA,NS
ENSG00000189159,JPT1,-0.060176002,0.124120689,NS
ENSG00000189164,ZNF527,0.001129237,0.986610508,NS
ENSG00000189171,S100A13,-0.031964635,0.519004248,NS
ENSG00000189180,ZNF33A,0.062492969,0.163633464,NS
ENSG00000189190,ZNF600,-0.008467224,0.885293656,NS
ENSG00000189195,BTBD8,0.057052132,0.201145631,NS
ENSG00000189221,MAOA,-0.026891587,0.475304477,NS
ENSG00000189227,C15orf61,-0.003247788,0.960840828,NS
ENSG00000189241,TSPYL1,0.041382849,0.283853884,NS
ENSG00000189266,PNRC2,0.002941219,0.958648459,NS
ENSG00000189283,FHIT,-0.015191819,NA,NS
ENSG00000189298,ZKSCAN3,-0.025730968,NA,NS
ENSG00000189306,RRP7A,-0.066373208,0.074166647,NS
ENSG00000189308,LIN54,0.032682006,0.503862213,NS
ENSG00000189319,FAM53B,0.026086726,0.58928398,NS
ENSG00000189325,BNIP5,-0.007638625,NA,NS
ENSG00000189334,S100A14,-0.002950932,NA,NS
ENSG00000189337,KAZN,0.055105872,0.233203004,NS
ENSG00000189339,SLC35E2B,0.04997077,0.189744273,NS
ENSG00000189343,RPS2P46,-0.034422331,0.452652231,NS
ENSG00000189362,NEMP2,-0.022531157,0.667418286,NS
ENSG00000189369,GSPT2,0.001397154,0.983574243,NS
ENSG00000189376,C8orf76,0.007876642,0.902099996,NS
ENSG00000189403,HMGB1,-0.05365724,0.136600764,NS
ENSG00000189410,SH2D5,0.008759137,NA,NS
ENSG00000189419,SPATA41,-0.014702369,NA,NS
ENSG00000196072,BLOC1S2,0.007274778,0.907807962,NS
ENSG00000196074,SYCP2,0.002518399,NA,NS
ENSG00000196081,ZNF724,-0.005891214,0.925819442,NS
ENSG00000196083,IL1RAP,0.040870963,0.393926922,NS
ENSG00000196091,MYBPC1,0.013364716,NA,NS
ENSG00000196109,ZNF676,0.013097085,NA,NS
ENSG00000196110,ZNF699,0.002472919,NA,NS
ENSG00000196116,TDRD7,0.041463568,NA,NS
ENSG00000196118,CFAP119,-0.024092886,NA,NS
ENSG00000196119,OR8A1,-0.000763141,NA,NS
ENSG00000196123,MATCAP1,0.000502003,0.994792328,NS
ENSG00000196126,HLA-DRB1,-0.00595269,NA,NS
ENSG00000196132,MYT1,0.000356212,0.996047709,NS
ENSG00000196136,SERPINA3,-0.012474199,NA,NS
ENSG00000196139,AKR1C3,0.000478032,NA,NS
ENSG00000196141,SPATS2L,0.004159744,0.94744774,NS
ENSG00000196150,ZNF250,-0.02185651,NA,NS
ENSG00000196151,WDSUB1,0.034900254,NA,NS
ENSG00000196152,ZNF79,0.011746897,0.828118426,NS
ENSG00000196154,S100A4,-0.003854184,NA,NS
ENSG00000196155,PLEKHG4,0.027342937,0.535476226,NS
ENSG00000196167,COLCA1,0.602816287,1.90E-29,NS
ENSG00000196172,ZNF681,0.010631035,0.859820774,NS
ENSG00000196177,ACADSB,0.045983954,0.270504458,NS
ENSG00000196182,STK40,-0.040209633,0.346881946,NS
ENSG00000196187,TMEM63A,-0.015913833,0.785082166,NS
ENSG00000196189,SEMA4A,-0.030577534,0.459905892,NS
ENSG00000196196,HRCT1,-0.006798892,NA,NS
ENSG00000196199,MPHOSPH8,-0.070489765,0.107016318,NS
ENSG00000196204,RNF216P1,0.004636834,0.943893985,NS
ENSG00000196205,EEF1A1P5,-0.023501376,0.635550208,NS
ENSG00000196208,GREB1,-0.02369239,0.659183632,NS
ENSG00000196214,ZNF766,0.000642612,0.993139644,NS
ENSG00000196220,SRGAP3,0.449404468,9.09E-08,NS
ENSG00000196227,FAM217B,0.038242699,0.434750587,NS
ENSG00000196230,TUBB,-0.087927538,0.003889938,NS
ENSG00000196233,LCOR,0.029156403,0.564404443,NS
ENSG00000196235,SUPT5H,-0.033861845,0.354415727,NS
ENSG00000196236,XPNPEP3,0.029141008,0.546844784,NS
ENSG00000196247,ZNF107,0.014074009,0.812626275,NS
ENSG00000196262,PPIA,-0.049914102,0.198613474,NS
ENSG00000196263,ZNF471,0.040359035,0.392935644,NS
ENSG00000196267,ZNF836,0.01206623,NA,NS
ENSG00000196268,ZNF493,0.056451105,0.212551006,NS
ENSG00000196275,GTF2IRD2,0.036176392,NA,NS
ENSG00000196284,SUPT3H,-0.026575977,NA,NS
ENSG00000196290,NIF3L1,-0.045168477,0.329768009,NS
ENSG00000196295,GARS1-DT,0.02009679,0.695483524,NS
ENSG00000196296,ATP2A1,-0.020717783,NA,NS
ENSG00000196305,IARS1,0.033298421,0.375587151,NS
ENSG00000196312,MFSD14CP,-0.001224085,NA,NS
ENSG00000196313,POM121,0.0360782,0.356146587,NS
ENSG00000196323,ZBTB44,0.011748664,0.829635911,NS
ENSG00000196338,NLGN3,-0.005712266,NA,NS
ENSG00000196352,CD55,0.005878711,NA,NS
ENSG00000196357,ZNF565,0.01736219,NA,NS
ENSG00000196358,NTNG2,-0.005720878,NA,NS
ENSG00000196363,WDR5,-0.012778471,0.799311474,NS
ENSG00000196365,LONP1,-0.031856481,0.319403663,NS
ENSG00000196366,C9orf163,0.008100726,NA,NS
ENSG00000196367,TRRAP,0.093881295,0.030915477,NS
ENSG00000196368,NUDT11,0.012442128,0.819299099,NS
ENSG00000196369,SRGAP2B,-0.02003326,0.710904041,NS
ENSG00000196371,FUT4,0.036876404,NA,NS
ENSG00000196372,ASB13,0.01136568,0.840964088,NS
ENSG00000196376,SLC35F1,-0.01084506,NA,NS
ENSG00000196378,ZNF34,-0.003117103,NA,NS
ENSG00000196387,ZNF140,-0.002771966,0.966809741,NS
ENSG00000196388,INCA1,-0.011255486,NA,NS
ENSG00000196391,ZNF774,-0.002436622,NA,NS
ENSG00000196396,PTPN1,-0.00011852,0.999057467,NS
ENSG00000196405,EVL,-0.010947483,0.858328806,NS
ENSG00000196411,EPHB4,-0.027722977,0.483042699,NS
ENSG00000196417,ZNF765,0.033331065,0.486935853,NS
ENSG00000196418,ZNF124,-0.02060383,0.703482392,NS
ENSG00000196419,XRCC6,-0.05275314,0.11810651,NS
ENSG00000196421,C20orf204,0.003147109,NA,NS
ENSG00000196422,PPP1R26,0.078325822,0.061373267,NS
ENSG00000196428,TSC22D2,0.004667476,0.944436153,NS
ENSG00000196437,ZNF569,-0.012507279,0.835129755,NS
ENSG00000196440,ARMCX4,0.01882452,NA,NS
ENSG00000196449,YRDC,-0.012143163,0.825593416,NS
ENSG00000196453,ZNF777,-0.000175041,0.998368771,NS
ENSG00000196455,PIK3R4,0.035974423,0.417429441,NS
ENSG00000196456,ZNF775,-0.023049554,0.646011741,NS
ENSG00000196458,ZNF605,0.064352459,0.142547233,NS
ENSG00000196459,TRAPPC2,0.014554106,0.786230201,NS
ENSG00000196465,MYL6B,-0.058376612,0.205861346,NS
ENSG00000196466,ZNF799,0.01210392,0.819894565,NS
ENSG00000196470,SIAH1,0.004330622,0.948675007,NS
ENSG00000196476,C20orf96,-0.046054757,0.326882536,NS
ENSG00000196482,ESRRG,-0.001907244,NA,NS
ENSG00000196497,IPO4,-0.028341634,0.492461217,NS
ENSG00000196498,NCOR2,0.038221487,0.315728349,NS
ENSG00000196502,SULT1A1,-0.005521773,NA,NS
ENSG00000196504,PRPF40A,0.019001887,0.635550208,NS
ENSG00000196505,GDAP2,0.011617735,0.842761036,NS
ENSG00000196507,TCEAL3,-0.030365822,0.541295131,NS
ENSG00000196510,ANAPC7,0.010654763,0.832947748,NS
ENSG00000196511,TPK1,0.004247696,NA,NS
ENSG00000196517,SLC6A9,-0.050233625,0.283853884,NS
ENSG00000196526,AFAP1,0.048237303,0.305943556,NS
ENSG00000196531,NACA,0.001437913,0.98223536,NS
ENSG00000196535,MYO18A,0.071265939,0.089793981,NS
ENSG00000196544,BORCS6,-0.033055684,0.500802343,NS
ENSG00000196547,MAN2A2,0.031962491,0.522035392,NS
ENSG00000196549,MME,0.074709531,0.020479449,NS
ENSG00000196550,FAM72A,-0.051900966,0.243673256,NS
ENSG00000196557,CACNA1H,-0.003751692,0.954738765,NS
ENSG00000196562,SULF2,-0.00212307,NA,NS
ENSG00000196576,PLXNB2,-0.05189825,0.106743121,NS
ENSG00000196584,XRCC2,-0.006253973,0.923983088,NS
ENSG00000196586,MYO6,0.060612984,0.089793981,NS
ENSG00000196588,MRTFA,-0.019439186,0.728352787,NS
ENSG00000196591,HDAC2,-0.009642963,0.830902387,NS
ENSG00000196597,ZNF782,0.019156791,0.717524624,NS
ENSG00000196604,POTEF,0.005880537,NA,NS
ENSG00000196605,ZNF846,-0.016238613,NA,NS
ENSG00000196620,UGT2B15,0.146763036,0.001345889,NS
ENSG00000196628,TCF4,-0.000810285,NA,NS
ENSG00000196632,WNK3,0.086801647,0.061674605,NS
ENSG00000196636,SDHAF3,-0.02866992,0.575602486,NS
ENSG00000196642,RABL6,-0.033282475,0.385167489,NS
ENSG00000196646,ZNF136,-0.023241383,0.656922068,NS
ENSG00000196652,ZKSCAN5,-0.001037951,0.988078923,NS
ENSG00000196653,ZNF502,-0.020754138,NA,NS
ENSG00000196655,TRAPPC4,-0.039674186,0.365063153,NS
ENSG00000196656,NA,-0.018506214,0.733168407,NS
ENSG00000196659,IFT70B,-0.014109912,0.809521731,NS
ENSG00000196660,SLC30A10,0.071333296,NA,NS
ENSG00000196663,TECPR2,0.002739751,0.966490529,NS
ENSG00000196670,ZFP62,0.081792215,0.054399396,NS
ENSG00000196678,ERI2,0.026511151,0.604222434,NS
ENSG00000196683,TOMM7,-0.040880388,0.385691222,NS
ENSG00000196684,HSH2D,0.013584213,NA,NS
ENSG00000196689,TRPV1,0.011396518,NA,NS
ENSG00000196693,ZNF33B,0.026832175,0.577136802,NS
ENSG00000196696,PDXDC2P-NPIPB14P,0.000388486,NA,NS
ENSG00000196700,ZNF512B,-0.033260503,0.476591974,NS
ENSG00000196704,AMZ2,-0.006085468,0.920026128,NS
ENSG00000196705,ZNF431,-0.002982217,0.964257608,NS
ENSG00000196712,NF1,0.057843209,0.209691278,NS
ENSG00000196715,VKORC1L1,0.012480753,0.801779851,NS
ENSG00000196724,ZNF418,-0.000668196,NA,NS
ENSG00000196730,DAPK1,0.122398273,0.007422404,NS
ENSG00000196741,LINC01560,-0.006784431,NA,NS
ENSG00000196743,GM2A,0.011894355,0.825803435,NS
ENSG00000196747,H2AC13,-0.001299152,NA,NS
ENSG00000196754,S100A2,-0.013560183,NA,NS
ENSG00000196756,SNHG17,0.019227466,0.729681353,NS
ENSG00000196757,ZNF700,0.02456512,0.63460584,NS
ENSG00000196776,CD47,0.024881249,0.594679036,NS
ENSG00000196781,TLE1,-0.010981486,0.840964088,NS
ENSG00000196782,MAML3,0.024601732,0.636643673,NS
ENSG00000196787,H2AC11,-0.024628616,NA,NS
ENSG00000196792,STRN3,0.047056601,0.278072471,NS
ENSG00000196793,ZNF239,0.021269301,0.693432868,NS
ENSG00000196810,CTBP1-DT,-0.002709807,0.962941656,NS
ENSG00000196812,ZSCAN16,-0.004102815,NA,NS
ENSG00000196814,MVB12B,-0.002568581,0.968159844,NS
ENSG00000196821,ILRUN,0.043448851,0.266656534,NS
ENSG00000196834,POTEI,0.023823375,NA,NS
ENSG00000196839,ADA,-0.007186078,0.911172193,NS
ENSG00000196843,ARID5A,-0.024873044,0.640335268,NS
ENSG00000196844,PATE2,0.001613988,NA,NS
ENSG00000196850,PPTC7,0.083937956,0.042333792,NS
ENSG00000196862,RGPD4,-0.004317077,NA,NS
ENSG00000196865,NHLRC2,0.022656181,0.672986029,NS
ENSG00000196866,H2AC7,-0.074731249,NA,NS
ENSG00000196867,ZFP28,0.035678487,0.468259016,NS
ENSG00000196872,CRACDL,0.007026453,NA,NS
ENSG00000196873,ZNG1C,-0.083852431,0.046149407,NS
ENSG00000196876,SCN8A,0.004539311,NA,NS
ENSG00000196878,LAMB3,-0.004218638,NA,NS
ENSG00000196890,H2BC26,-0.002278652,0.968278814,NS
ENSG00000196911,KPNA5,0.072976267,0.110629373,NS
ENSG00000196912,ANKRD36B,0.001690337,NA,NS
ENSG00000196914,ARHGEF12,0.104924751,0.013272879,NS
ENSG00000196923,PDLIM7,-0.033512139,0.498705609,NS
ENSG00000196924,FLNA,0.029689949,0.435780342,NS
ENSG00000196935,SRGAP1,0.036065811,0.451860125,NS
ENSG00000196937,FAM3C,0.010707435,0.842761036,NS
ENSG00000196943,NOP9,0.019936812,0.659039348,NS
ENSG00000196950,SLC39A10,0.110010185,0.004817625,NS
ENSG00000196951,SCOC-AS1,-0.002339178,NA,NS
ENSG00000196954,CASP4,0.039767759,0.384983924,NS
ENSG00000196961,AP2A1,-0.035947508,0.345848424,NS
ENSG00000196967,ZNF585A,-0.028030655,0.584796573,NS
ENSG00000196968,FUT11,0.041744835,0.385371797,NS
ENSG00000196972,SMIM10L2B,0.002149616,NA,NS
ENSG00000196975,ANXA4,0.028784709,0.534762482,NS
ENSG00000196976,LAGE3,-0.107190863,0.014436695,NS
ENSG00000196981,WDR5B,-0.030500532,0.54538057,NS
ENSG00000196993,NPIPB9,0.001249644,NA,NS
ENSG00000196998,WDR45,-0.057724651,0.185181588,NS
ENSG00000197006,METTL9,-0.037494217,0.342131704,NS
ENSG00000197008,ZNF138,-0.000504877,0.994792328,NS
ENSG00000197013,ZNF429,0.005280853,0.938027235,NS
ENSG00000197016,ZNF470,0.079188877,0.078637496,NS
ENSG00000197019,SERTAD1,-0.019815636,0.715327122,NS
ENSG00000197020,ZNF100,0.004493503,0.947706612,NS
ENSG00000197021,EOLA2,-0.045486666,0.305943074,NS
ENSG00000197024,ZNF398,0.029866118,0.548887426,NS
ENSG00000197037,ZSCAN25,0.033963337,0.492562048,NS
ENSG00000197043,ANXA6,0.0388301,0.336680911,NS
ENSG00000197044,ZNF441,-0.019870333,0.703807025,NS
ENSG00000197045,GMFB,0.103387318,0.002280316,NS
ENSG00000197050,ZNF420,0.027086236,0.597598767,NS
ENSG00000197054,ZNF763,-0.006953247,NA,NS
ENSG00000197056,ZMYM1,0.031239022,0.531347026,NS
ENSG00000197061,H4C3,-0.068444387,NA,NS
ENSG00000197062,ZSCAN26,0.006696242,NA,NS
ENSG00000197063,MAFG,0.036212394,0.435210573,NS
ENSG00000197070,ARRDC1,-0.022983618,0.659996321,NS
ENSG00000197077,KIAA1671,0.068264592,0.108134657,NS
ENSG00000197081,IGF2R,0.203789655,1.45E-06,NS
ENSG00000197102,DYNC1H1,0.066641865,0.133111553,NS
ENSG00000197106,SLC6A17,-0.00209664,NA,NS
ENSG00000197111,PCBP2,-0.054664096,0.119892252,NS
ENSG00000197114,ZGPAT,-0.008631817,0.890328486,NS
ENSG00000197119,SLC25A29,0.03260296,0.503862213,NS
ENSG00000197121,PGAP1,0.024099085,0.632869833,NS
ENSG00000197122,SRC,0.004599097,0.940370971,NS
ENSG00000197124,ZNF682,-0.021930931,0.685414959,NS
ENSG00000197128,ZNF772,0.044927982,0.336250458,NS
ENSG00000197134,ZNF257,0.012565971,NA,NS
ENSG00000197136,PCNX3,-0.002394789,0.967187402,NS
ENSG00000197142,ACSL5,0.000356602,NA,NS
ENSG00000197147,LRRC8B,0.028734517,0.551510053,NS
ENSG00000197149,NA,0.009823452,NA,NS
ENSG00000197150,ABCB8,-0.076331413,0.067092451,NS
ENSG00000197153,H3C12,0.009177856,NA,NS
ENSG00000197157,SND1,0.035397113,0.298629867,NS
ENSG00000197162,ZNF785,0.003485041,NA,NS
ENSG00000197170,PSMD12,-0.012565389,0.793601565,NS
ENSG00000197172,MAGEA6,-0.000142403,0.998606358,NS
ENSG00000197180,ATP6AP1-DT,-0.047183694,0.301123993,NS
ENSG00000197182,MIRLET7BHG,-0.026941978,0.589370706,NS
ENSG00000197183,NOL4L,-0.005639611,0.925610562,NS
ENSG00000197191,CYSRT1,-0.001948588,NA,NS
ENSG00000197217,ENTPD4,0.054977129,0.169239458,NS
ENSG00000197223,C1D,0.012254838,0.838838268,NS
ENSG00000197226,TBC1D9B,0.056899152,0.073156966,NS
ENSG00000197238,H4C11,-0.028062819,NA,NS
ENSG00000197256,KANK2,0.04207825,0.316745952,NS
ENSG00000197258,EIF4BP6,0.002050059,NA,NS
ENSG00000197265,GTF2E2,0.002274173,0.969799601,NS
ENSG00000197275,RAD54B,-0.048542236,0.288870889,NS
ENSG00000197279,ZNF165,0.032997552,0.484162262,NS
ENSG00000197283,SYNGAP1,0.029732638,0.498012728,NS
ENSG00000197296,FITM2,-0.003361574,0.956474606,NS
ENSG00000197299,BLM,-0.008249554,0.896571932,NS
ENSG00000197302,KRBOX5,0.00821176,0.896571932,NS
ENSG00000197312,DDI2,0.115569357,0.004535059,NS
ENSG00000197321,SVIL,0.022663986,0.652011016,NS
ENSG00000197323,TRIM33,0.041582665,0.372652437,NS
ENSG00000197324,LRP10,0.061809976,0.10462475,NS
ENSG00000197329,PELI1,0.002645677,0.967345513,NS
ENSG00000197332,ZNF833P,-0.000760358,NA,NS
ENSG00000197345,MRPL21,-0.058278131,0.195608968,NS
ENSG00000197355,UAP1L1,0.499684105,6.09E-17,NS
ENSG00000197361,FBXL22,0.021465243,0.670285175,NS
ENSG00000197362,ZNF786,-0.01247966,0.833429831,NS
ENSG00000197363,ZNF517,0.020479106,NA,NS
ENSG00000197372,ZNF675,0.065483123,0.151368041,NS
ENSG00000197375,SLC22A5,-0.014337461,0.808215407,NS
ENSG00000197380,DACT3,-0.022182101,NA,NS
ENSG00000197381,ADARB1,0.008537947,0.888524964,NS
ENSG00000197385,ZNF860,-0.004901296,NA,NS
ENSG00000197386,HTT,0.091599673,0.028539326,NS
ENSG00000197406,DIO3,1.182046049,NA,NS
ENSG00000197409,H3C4,-0.002521978,NA,NS
ENSG00000197415,VEPH1,0.004887832,NA,NS
ENSG00000197417,SHPK,-0.010816153,0.857733087,NS
ENSG00000197429,IPP,0.013873174,0.812626275,NS
ENSG00000197442,MAP3K5,0.024330467,0.640290195,NS
ENSG00000197444,OGDHL,0.004201171,0.944526587,NS
ENSG00000197448,GSTK1,0.024976013,0.632925629,NS
ENSG00000197451,HNRNPAB,-0.055964793,0.072714914,NS
ENSG00000197457,STMN3,0.011693294,NA,NS
ENSG00000197461,PDGFA,0.018465979,0.723998132,NS
ENSG00000197467,COL13A1,-0.009078092,NA,NS
ENSG00000197472,ZNF695,0.032964615,0.504316137,NS
ENSG00000197479,PCDHB11,0.025421867,NA,NS
ENSG00000197483,ZNF628,-0.002627135,0.968159844,NS
ENSG00000197497,ZNF665,0.026014832,NA,NS
ENSG00000197498,RPF2,0.011951084,0.810808457,NS
ENSG00000197520,FAM177B,0.025083212,NA,NS
ENSG00000197530,MIB2,0.013063832,0.826768434,NS
ENSG00000197535,MYO5A,0.108233262,0.01005911,NS
ENSG00000197536,CARINH,-0.003575603,NA,NS
ENSG00000197548,ATG7,-0.044376768,0.336345019,NS
ENSG00000197555,SIPA1L1,0.036656946,0.436477607,NS
ENSG00000197557,IFT70A,-0.008474553,0.893703112,NS
ENSG00000197558,SSPOP,0.004419662,NA,NS
ENSG00000197562,RAB40C,0.014369372,0.802129123,NS
ENSG00000197563,PIGN,0.032339299,0.449567218,NS
ENSG00000197565,COL4A6,-0.007128568,NA,NS
ENSG00000197566,ZNF624,0.022854278,NA,NS
ENSG00000197568,ANKRD13C-DT,-0.036096606,0.45621334,NS
ENSG00000197579,TOPORS,0.030974959,0.518296474,NS
ENSG00000197582,GPX1P1,-0.051982533,NA,NS
ENSG00000197586,ENTPD6,0.010968302,0.829635911,NS
ENSG00000197587,DMBX1,-0.009781565,0.868852456,NS
ENSG00000197594,ENPP1,0.063373466,0.164549293,NS
ENSG00000197601,FAR1,0.103303124,0.007938024,NS
ENSG00000197603,CPLANE1,0.013952071,NA,NS
ENSG00000197608,ZNF841,0.000133997,0.999057467,NS
ENSG00000197619,ZNF615,-0.026449241,0.613968555,NS
ENSG00000197620,EOLA1,0.018541727,0.744415214,NS
ENSG00000197622,CDC42SE1,0.016629304,0.702089321,NS
ENSG00000197635,DPP4,0.029729792,NA,NS
ENSG00000197647,ZNF433,0.053979932,0.240761655,NS
ENSG00000197653,DNAH10,0.013619452,NA,NS
ENSG00000197694,SPTAN1,0.105452811,0.010022224,NS
ENSG00000197696,NMB,0.000812378,NA,NS
ENSG00000197702,PARVA,0.008481299,NA,NS
ENSG00000197712,FAM114A1,0.035752324,0.411429759,NS
ENSG00000197713,RPE,-0.028914037,0.504660439,NS
ENSG00000197714,ZNF460,-0.008166061,0.886974781,NS
ENSG00000197724,PHF2,0.012423038,0.824824959,NS
ENSG00000197728,RPS26,-0.103653996,0.009898855,NS
ENSG00000197744,PTMAP2,-0.004840799,NA,NS
ENSG00000197746,PSAP,0.050326574,0.09074644,NS
ENSG00000197748,CFAP43,-0.017308037,NA,NS
ENSG00000197756,RPL37A,-0.053173304,0.238257942,NS
ENSG00000197757,HOXC6,-0.038423772,0.417027216,NS
ENSG00000197763,TXNRD3,0.013555436,0.819894565,NS
ENSG00000197766,CFD,0.016588801,NA,NS
ENSG00000197771,MCMBP,0.006609254,0.903393692,NS
ENSG00000197774,EME2,-0.016490401,0.755688941,NS
ENSG00000197779,ZNF81,0.005489235,0.927518122,NS
ENSG00000197780,TAF13,-0.010404455,0.85590116,NS
ENSG00000197782,ZNF780A,0.016609395,0.774991271,NS
ENSG00000197785,ATAD3A,-0.040545531,0.310301896,NS
ENSG00000197798,FAM118B,-0.043342967,0.36233489,NS
ENSG00000197808,ZNF461,0.061977559,NA,NS
ENSG00000197813,NA,-0.012996653,NA,NS
ENSG00000197816,CCDC180,-0.001535146,NA,NS
ENSG00000197818,SLC9A8,0.050502518,0.283853884,NS
ENSG00000197822,OCLN,0.079319111,0.068338691,NS
ENSG00000197837,H4C16,-0.005366632,NA,NS
ENSG00000197841,ZNF181,0.008945241,0.886914697,NS
ENSG00000197849,OR8G1,0.000295632,NA,NS
ENSG00000197852,INKA2,0.030684195,0.518894357,NS
ENSG00000197857,ZNF44,0.005932332,0.927518122,NS
ENSG00000197858,GPAA1,-0.054954389,0.103357998,NS
ENSG00000197860,SGTB,0.114116131,0.009138336,NS
ENSG00000197863,ZNF790,-0.024476681,NA,NS
ENSG00000197870,PRB3,0.001812008,NA,NS
ENSG00000197872,CYRIA,0.022298446,NA,NS
ENSG00000197879,MYO1C,0.035657784,0.379906633,NS
ENSG00000197885,NKIRAS1,0.023444946,0.661370874,NS
ENSG00000197888,UGT2B17,0.170549383,3.74E-05,NS
ENSG00000197889,MEIG1,0.014790252,NA,NS
ENSG00000197892,KIF13B,0.048730229,0.302616079,NS
ENSG00000197894,ADH5,0.001276145,0.982627348,NS
ENSG00000197903,H2BC12,-0.036157354,0.433022073,NS
ENSG00000197905,TEAD4,0.010656293,0.858328806,NS
ENSG00000197912,SPG7,-0.023382737,0.646265805,NS
ENSG00000197928,ZNF677,0.013826319,0.816623247,NS
ENSG00000197930,ERO1A,0.021005686,0.690584444,NS
ENSG00000197933,ZNF823,0.047415786,0.299738846,NS
ENSG00000197937,ZNF347,0.038679067,0.428019145,NS
ENSG00000197943,PLCG2,0.042121908,NA,NS
ENSG00000197948,FCHSD1,0.001185293,NA,NS
ENSG00000197951,ZNF71,0.025078516,0.637167241,NS
ENSG00000197958,RPL12,-0.072400147,0.085092432,NS
ENSG00000197959,DNM3,0.072332966,0.112611673,NS
ENSG00000197961,ZNF121,-2.49E-05,0.999885158,NS
ENSG00000197965,MPZL1,-0.029778026,0.396135659,NS
ENSG00000197969,VPS13A,0.120705076,0.007455877,NS
ENSG00000197971,MBP,0.033838537,0.456076744,NS
ENSG00000197976,AKAP17A,0.015195667,0.794286393,NS
ENSG00000197977,ELOVL2,-0.019273367,NA,NS
ENSG00000197978,GOLGA6L9,0.01298609,NA,NS
ENSG00000197980,LEKR1,0.00672403,NA,NS
ENSG00000197982,C1orf122,-0.109826116,0.008662286,NS
ENSG00000197989,SNHG12,0.026064743,0.519440815,NS
ENSG00000198000,NOL8,0.054355395,0.212681242,NS
ENSG00000198001,IRAK4,0.019653658,0.723436536,NS
ENSG00000198003,ODAD3,-0.017155214,NA,NS
ENSG00000198015,MRPL42,0.001450639,0.976656354,NS
ENSG00000198018,ENTPD7,0.010160343,0.868852456,NS
ENSG00000198026,ZNF335,-0.021917683,0.68604659,NS
ENSG00000198028,ZNF560,-0.012851556,NA,NS
ENSG00000198033,TUBA3C,-0.014707135,NA,NS
ENSG00000198034,RPS4X,-0.036212178,0.376493971,NS
ENSG00000198039,ZNF273,-0.038489477,0.431781433,NS
ENSG00000198040,ZNF84,0.132384323,0.003045127,NS
ENSG00000198042,MAK16,0.002469021,0.967187402,NS
ENSG00000198046,ZNF667,0.025700149,0.626239108,NS
ENSG00000198053,SIRPA,0.006365962,NA,NS
ENSG00000198054,DSCR8,-0.008095536,NA,NS
ENSG00000198055,GRK6,-0.051157857,0.174962625,NS
ENSG00000198056,PRIM1,-0.032471013,0.464940799,NS
ENSG00000198060,MARCHF5,0.013085427,0.810867717,NS
ENSG00000198064,NPIPB13,0.016392186,NA,NS
ENSG00000198081,ZBTB14,-0.010485078,0.863331068,NS
ENSG00000198087,CD2AP,0.104368726,0.007715077,NS
ENSG00000198088,NUP62CL,-0.037426585,0.441683585,NS
ENSG00000198089,SFI1,0.018649531,0.734042761,NS
ENSG00000198093,ZNF649,0.045431186,0.319403663,NS
ENSG00000198105,ZNF248,0.026406131,0.614237396,NS
ENSG00000198108,CHSY3,-0.005490627,NA,NS
ENSG00000198113,TOR4A,0.010073547,NA,NS
ENSG00000198121,LPAR1,0.002687265,NA,NS
ENSG00000198125,MB,0.007622807,0.904487849,NS
ENSG00000198130,HIBCH,0.001542382,0.98223536,NS
ENSG00000198131,ZNF544,0.00080147,0.990300835,NS
ENSG00000198133,TMEM229B,0.008616788,NA,NS
ENSG00000198142,SOWAHC,0.047287132,0.316552918,NS
ENSG00000198146,ZNF770,0.091263225,0.028254781,NS
ENSG00000198155,ZNF876P,0.00928277,NA,NS
ENSG00000198156,NPIPB6,-0.010555936,NA,NS
ENSG00000198157,HMGN5,-0.092293615,0.040975942,NS
ENSG00000198160,MIER1,0.036763009,0.449575382,NS
ENSG00000198162,MAN1A2,0.033576751,0.484620194,NS
ENSG00000198168,SVIP,0.024538403,0.500630945,NS
ENSG00000198169,ZNF251,0.077419408,0.09216531,NS
ENSG00000198171,DDRGK1,-0.076176081,0.040975942,NS
ENSG00000198176,TFDP1,0.035313262,0.355600707,NS
ENSG00000198182,ZNF607,-0.037342132,0.445025143,NS
ENSG00000198185,ZNF334,0.04948141,NA,NS
ENSG00000198189,HSD17B11,-0.048220076,0.296360308,NS
ENSG00000198198,SZT2,0.010496941,0.863644197,NS
ENSG00000198205,ZXDA,0.038986943,0.390279307,NS
ENSG00000198208,RPS6KL1,0.015722068,0.787067898,NS
ENSG00000198218,QRICH1,0.006954812,0.905106659,NS
ENSG00000198221,AFDN-DT,-0.003953209,NA,NS
ENSG00000198225,FKBP1C,0.004273915,NA,NS
ENSG00000198231,DDX42,0.018027103,0.671752684,NS
ENSG00000198237,GUSBP13,-0.000440223,NA,NS
ENSG00000198242,RPL23A,-0.063634492,0.13789955,NS
ENSG00000198246,SLC29A3,-0.038318724,0.434117346,NS
ENSG00000198252,STYX,0.0176469,0.740313957,NS
ENSG00000198258,UBL5,-0.034002856,0.46944043,NS
ENSG00000198265,HELZ,0.04552316,0.337370312,NS
ENSG00000198270,TMEM116,-0.01178094,0.842916731,NS
ENSG00000198276,UCKL1,-0.064896714,0.144700125,NS
ENSG00000198298,ZNF485,0.006312573,0.92322442,NS
ENSG00000198300,PEG3,0.225348298,3.42E-06,NS
ENSG00000198301,SDAD1,0.012768151,0.810013547,NS
ENSG00000198315,ZKSCAN8,0.017386647,0.758944008,NS
ENSG00000198324,PHETA1,-0.036887648,0.44561082,NS
ENSG00000198342,ZNF442,0.032363699,NA,NS
ENSG00000198346,ZNF813,0.032692287,0.510056791,NS
ENSG00000198353,HOXC4,-0.001624668,NA,NS
ENSG00000198355,PIM3,-0.026201307,0.556691672,NS
ENSG00000198356,GET3,-0.028771028,0.514944592,NS
ENSG00000198363,ASPH,0.055968418,0.088410692,NS
ENSG00000198369,SPRED2,0.024987877,0.637418634,NS
ENSG00000198373,WWP2,0.065620878,0.092007745,NS
ENSG00000198380,GFPT1,0.055947171,0.173435658,NS
ENSG00000198382,UVRAG,0.032094029,0.519004248,NS
ENSG00000198393,ZNF26,-0.016028878,0.778996393,NS
ENSG00000198399,ITSN2,0.094614406,0.024893566,NS
ENSG00000198406,BZW1P2,0.04595342,NA,NS
ENSG00000198408,OGA,0.059707298,0.133903323,NS
ENSG00000198417,MT1F,-0.011763819,NA,NS
ENSG00000198420,TCAF1,-0.062248065,0.110636224,NS
ENSG00000198431,TXNRD1,0.038361288,0.311028449,NS
ENSG00000198435,NRARP,-0.004439778,0.944579986,NS
ENSG00000198440,ZNF583,-0.004386595,0.948675007,NS
ENSG00000198453,ZNF568,0.0452831,0.341865315,NS
ENSG00000198455,ZXDB,0.045498433,0.335670764,NS
ENSG00000198464,ZNF480,0.052168019,0.242108403,NS
ENSG00000198466,ZNF587,0.006562109,0.920025293,NS
ENSG00000198468,FLVCR1-DT,-0.000266787,NA,NS
ENSG00000198478,SH3BGRL2,0.02278341,0.665757621,NS
ENSG00000198482,ZNF808,-0.001629359,0.980592952,NS
ENSG00000198492,YTHDF2,0.046501887,0.158874469,NS
ENSG00000198496,NBR2,-0.071900579,0.108823839,NS
ENSG00000198498,TMA16,-0.052337589,0.244531548,NS
ENSG00000198513,ATL1,-0.001012627,NA,NS
ENSG00000198515,CNGA1,0.005977166,NA,NS
ENSG00000198517,MAFK,0.021089244,0.674228287,NS
ENSG00000198520,ARMH1,0.000291629,NA,NS
ENSG00000198521,ZNF43,0.0080703,0.89831243,NS
ENSG00000198522,GPN1,-0.016841133,0.757201313,NS
ENSG00000198538,ZNF28,0.049864587,0.270122052,NS
ENSG00000198546,ZNF511,-0.049936826,0.268144367,NS
ENSG00000198551,ZNF627,0.017411781,0.760068473,NS
ENSG00000198553,KCNRG,-8.89E-05,NA,NS
ENSG00000198554,WDHD1,-0.004798244,0.940370971,NS
ENSG00000198556,ZNF789,-0.011240492,0.843426536,NS
ENSG00000198561,CTNND1,0.039458917,0.328653802,NS
ENSG00000198563,DDX39B,-0.080731536,0.007948957,NS
ENSG00000198569,SLC34A3,0.011052655,NA,NS
ENSG00000198576,ARC,-0.003684349,NA,NS
ENSG00000198585,NUDT16,0.062332721,0.095077533,NS
ENSG00000198586,TLK1,0.069604862,0.10462475,NS
ENSG00000198589,LRBA,0.142261415,0.007948957,NS
ENSG00000198590,APRG1,0.015626973,NA,NS
ENSG00000198604,BAZ1A,0.003493354,0.953398052,NS
ENSG00000198612,COPS8,-0.022224468,0.624938737,NS
ENSG00000198618,PPIAP22,-0.190620514,9.47E-05,NS
ENSG00000198624,CCDC69,0.011180258,NA,NS
ENSG00000198625,MDM4,0.007311686,0.909103214,NS
ENSG00000198626,RYR2,0.045204106,0.325456658,NS
ENSG00000198633,ZNF534,0.026248546,NA,NS
ENSG00000198642,KLHL9,0.057429484,0.151166322,NS
ENSG00000198646,NCOA6,0.069521378,0.094940161,NS
ENSG00000198648,STK39,-0.069442747,0.016651633,NS
ENSG00000198663,C6orf89,0.049974905,0.19945588,NS
ENSG00000198668,CALM1,0.012374719,0.763041895,NS
ENSG00000198670,LPA,-0.007165914,NA,NS
ENSG00000198673,TAFA2,-0.012797088,NA,NS
ENSG00000198677,SKIC3,0.084762717,0.038697864,NS
ENSG00000198680,TUSC1,-0.005172014,NA,NS
ENSG00000198681,MAGEA1,-0.016946216,NA,NS
ENSG00000198689,SLC9A6,0.040702955,0.394454654,NS
ENSG00000198690,FAN1,0.009166953,0.875662823,NS
ENSG00000198691,ABCA4,-0.000180629,NA,NS
ENSG00000198692,EIF1AY,-0.034614647,0.470155224,NS
ENSG00000198695,MT-ND6,0.017648786,0.509078302,NS
ENSG00000198700,IPO9,-0.003557196,0.947790287,NS
ENSG00000198707,CEP290,0.008610739,0.888383345,NS
ENSG00000198711,SSBP3-AS1,0.008008343,NA,NS
ENSG00000198712,MT-CO2,0.048928146,0.17160726,NS
ENSG00000198715,GLMP,0.037698996,0.394487718,NS
ENSG00000198718,TOGARAM1,0.040979935,0.394598725,NS
ENSG00000198719,DLL1,-0.008744501,NA,NS
ENSG00000198720,ANKRD13B,-0.039459795,0.408226043,NS
ENSG00000198721,ECI2,-0.046550353,0.266193438,NS
ENSG00000198722,UNC13B,0.077398875,0.073022083,NS
ENSG00000198723,SAXO5,0.004788878,NA,NS
ENSG00000198727,MT-CYB,0.072847943,0.06794391,NS
ENSG00000198728,LDB1,0.0080468,0.889087071,NS
ENSG00000198729,PPP1R14C,0.123311636,NA,NS
ENSG00000198730,CTR9,0.015023454,0.75452768,NS
ENSG00000198734,F5,-0.003281177,0.960537103,NS
ENSG00000198736,MSRB1,-0.009053635,0.884668791,NS
ENSG00000198740,ZNF652,0.033000665,0.491925936,NS
ENSG00000198742,SMURF1,-0.009834364,0.873316684,NS
ENSG00000198743,SLC5A3,0.06623367,0.139690809,NS
ENSG00000198746,GPATCH3,0.021866938,0.687138073,NS
ENSG00000198752,CDC42BPB,0.056992824,0.155398911,NS
ENSG00000198753,PLXNB3,-0.028089582,0.582503829,NS
ENSG00000198754,OXCT2,-0.004507015,NA,NS
ENSG00000198755,RPL10A,-0.061074843,0.119892252,NS
ENSG00000198756,COLGALT2,0.025003567,NA,NS
ENSG00000198763,MT-ND2,0.11407176,0.026628099,NS
ENSG00000198771,RCSD1,-0.000110936,NA,NS
ENSG00000198780,FAM169A,0.046932615,0.322341192,NS
ENSG00000198783,ZNF830,-0.050274208,0.271190948,NS
ENSG00000198785,GRIN3A,0.40671692,1.26E-15,NS
ENSG00000198786,MT-ND5,0.095867736,0.029510557,NS
ENSG00000198791,CNOT7,0.017821204,0.676544943,NS
ENSG00000198792,TMEM184B,0.072292903,0.064004207,NS
ENSG00000198793,MTOR,0.047966214,0.273206802,NS
ENSG00000198794,SCAMP5,0.037451149,0.395109651,NS
ENSG00000198796,ALPK2,-0.009503395,NA,NS
ENSG00000198799,LRIG2,0.016614813,0.77505221,NS
ENSG00000198804,MT-CO1,0.062921334,0.110204152,NS
ENSG00000198805,PNP,-0.020464533,0.635550208,NS
ENSG00000198807,PAX9,0.021555376,0.689070484,NS
ENSG00000198814,GK,-0.005020711,0.940723945,NS
ENSG00000198815,FOXJ3,0.039494316,0.351194918,NS
ENSG00000198816,ZNF358,-0.01697722,0.754875836,NS
ENSG00000198818,SFT2D1,-0.004363231,0.944678543,NS
ENSG00000198824,CHAMP1,0.04558713,0.306805839,NS
ENSG00000198825,INPP5F,0.023177321,0.662390384,NS
ENSG00000198826,ARHGAP11A,0.010115554,0.855501093,NS
ENSG00000198830,HMGN2,-0.095501505,0.006777072,NS
ENSG00000198832,SELENOM,-0.040788259,0.393926922,NS
ENSG00000198833,UBE2J1,0.009111998,0.863865153,NS
ENSG00000198835,GJC2,0.001860657,NA,NS
ENSG00000198836,OPA1,0.070502396,0.038697864,NS
ENSG00000198837,DENND4B,0.033416117,0.486373532,NS
ENSG00000198839,ZNF277,0.04435843,0.353330571,NS
ENSG00000198840,MT-ND3,0.063971387,0.164031679,NS
ENSG00000198841,KTI12,0.002826815,0.966483505,NS
ENSG00000198842,STYXL2,-0.29742008,NA,NS
ENSG00000198843,SELENOT,-0.006490925,0.905471902,NS
ENSG00000198853,RUSC2,0.065886419,0.151165023,NS
ENSG00000198855,FICD,-0.027638046,0.568773051,NS
ENSG00000198856,OSTC,-0.021245433,0.653101022,NS
ENSG00000198858,R3HDM4,-0.07314798,0.0583115,NS
ENSG00000198860,TSEN15,-0.086258279,0.010286242,NS
ENSG00000198862,LTN1,0.0860614,0.059160146,NS
ENSG00000198863,RUNDC1,0.001352159,0.982627348,NS
ENSG00000198865,CCDC152,0.00067458,NA,NS
ENSG00000198870,STKLD1,0.017632556,NA,NS
ENSG00000198873,GRK5,-0.006671041,NA,NS
ENSG00000198874,TYW1,0.032527492,0.459404095,NS
ENSG00000198876,DCAF12,0.034383544,0.368714561,NS
ENSG00000198879,SFMBT2,-0.004747892,NA,NS
ENSG00000198886,MT-ND4,0.062380331,0.09416856,NS
ENSG00000198887,SMC5,0.071790939,0.086957981,NS
ENSG00000198888,MT-ND1,0.065369679,0.082197481,NS
ENSG00000198890,PRMT6,-0.002149823,0.968278814,NS
ENSG00000198892,SHISA4,0.009007333,0.885293656,NS
ENSG00000198894,CIPC,0.103210271,0.008819737,NS
ENSG00000198898,CAPZA2,0.061233269,0.073022083,NS
ENSG00000198899,MT-ATP6,0.064166025,0.097443965,NS
ENSG00000198900,TOP1,-0.001354229,0.978211668,NS
ENSG00000198901,PRC1,-0.07151739,0.048095885,NS
ENSG00000198908,GPRASP3,0.148616294,0.007100959,NS
ENSG00000198909,MAP3K3,0.048412977,0.278302152,NS
ENSG00000198910,L1CAM,0.013308224,NA,NS
ENSG00000198911,SREBF2,0.198609289,1.79E-14,NS
ENSG00000198912,C1orf174,-0.007160884,0.908998711,NS
ENSG00000198917,SPOUT1,-0.033184052,0.4380117,NS
ENSG00000198918,RPL39,-0.037125067,0.441683585,NS
ENSG00000198919,DZIP3,-0.003322583,0.959946821,NS
ENSG00000198920,KIAA0753,0.014362049,0.809145513,NS
ENSG00000198924,DCLRE1A,0.030353964,0.541295131,NS
ENSG00000198925,ATG9A,0.022320649,0.611318048,NS
ENSG00000198929,NOS1AP,0.050576331,NA,NS
ENSG00000198930,CSAG1,-0.030474596,0.543290939,NS
ENSG00000198931,APRT,-0.075642862,0.071559926,NS
ENSG00000198932,GPRASP1,0.016433149,NA,NS
ENSG00000198933,TBKBP1,0.044213546,0.355009189,NS
ENSG00000198934,MAGEE1,0.041157733,0.393395212,NS
ENSG00000198937,CCDC167,-0.047988499,0.310842644,NS
ENSG00000198938,MT-CO3,0.059596755,0.139382354,NS
ENSG00000198939,ZFP2,0.01643479,NA,NS
ENSG00000198944,SOWAHA,0.012769995,NA,NS
ENSG00000198945,L3MBTL3,0.048423631,0.309123887,NS
ENSG00000198947,DMD,-7.50E-05,NA,NS
ENSG00000198948,MFAP3L,0.000876536,0.990076597,NS
ENSG00000198951,NAGA,-0.033488395,0.440358279,NS
ENSG00000198952,SMG5,-0.005054608,0.926491091,NS
ENSG00000198954,KIFBP,-0.003708133,0.949452127,NS
ENSG00000198959,TGM2,-0.016316242,NA,NS
ENSG00000198960,ARMCX6,0.055616734,0.234448947,NS
ENSG00000198961,PJA2,0.057167951,0.18528682,NS
ENSG00000198964,SGMS1,0.070695683,0.112418233,NS
ENSG00000200087,SNORA73B,-0.051834172,NA,NS
ENSG00000201098,RNY1,-0.031485034,NA,NS
ENSG00000202354,RNY3,-0.027390465,NA,NS
ENSG00000202538,RNU4-2,-0.005727784,NA,NS
ENSG00000203279,NA,-0.004311428,NA,NS
ENSG00000203280,KIAA1671-AS1,-0.028855352,NA,NS
ENSG00000203288,TDRKH-AS1,0.018747615,NA,NS
ENSG00000203326,ZNF525,0.046732078,0.319623491,NS
ENSG00000203485,INF2,0.021387811,0.690421763,NS
ENSG00000203497,PDCD4-AS1,-0.015083971,NA,NS
ENSG00000203499,IQANK1,-0.001055922,0.987538488,NS
ENSG00000203546,NA,0.008316301,NA,NS
ENSG00000203618,GP1BB,-0.009084579,NA,NS
ENSG00000203644,NA,-0.020811258,0.700098322,NS
ENSG00000203666,EFCAB2,-0.013088684,0.811743159,NS
ENSG00000203667,COX20,-0.032427067,0.453280751,NS
ENSG00000203668,CHML,0.081449708,0.054049179,NS
ENSG00000203685,STUM,0.093924445,0.045839029,NS
ENSG00000203705,TATDN3,-0.007778546,0.892588141,NS
ENSG00000203709,MIR29B2CHG,0.045639726,NA,NS
ENSG00000203711,LINC02901,-0.010150048,NA,NS
ENSG00000203722,RAET1G,-0.002583794,NA,NS
ENSG00000203724,C1orf53,-0.000677524,0.991539032,NS
ENSG00000203727,SAMD5,0.015297622,NA,NS
ENSG00000203739,PRDX6-AS1,-0.020634613,NA,NS
ENSG00000203760,CENPW,-0.070206243,0.113186364,NS
ENSG00000203761,MSTO2P,-0.007857266,NA,NS
ENSG00000203778,FAM229B,-0.019063117,0.705305491,NS
ENSG00000203780,FANK1,0.004326604,NA,NS
ENSG00000203791,EEF1AKMT2,0.01428602,0.810119147,NS
ENSG00000203797,DDO,0.024994629,NA,NS
ENSG00000203805,PLPP4,-0.011860204,NA,NS
ENSG00000203811,H3C14,0.000137914,NA,NS
ENSG00000203814,H2BC18,-0.010700173,NA,NS
ENSG00000203837,PNLIPRP3,-0.003943277,NA,NS
ENSG00000203852,H3C15,-0.677922814,NA,NS
ENSG00000203857,HSD3B1,6.29E-05,NA,NS
ENSG00000203865,ATP1A1-AS1,-0.003463724,0.954762649,NS
ENSG00000203867,RBM20,0.034452775,NA,NS
ENSG00000203875,SNHG5,-0.006443864,0.921499098,NS
ENSG00000203876,ADD3-AS1,0.000439715,NA,NS
ENSG00000203879,GDI1,-0.034418587,0.365972281,NS
ENSG00000203880,PCMTD2,0.073671454,0.06221327,NS
ENSG00000203883,SOX18,-0.004101266,NA,NS
ENSG00000203896,LIME1,-0.008778106,NA,NS
ENSG00000203907,OOEP,0.02473221,NA,NS
ENSG00000203942,C10orf62,-0.003793294,NA,NS
ENSG00000203943,SAMD13,0.017345893,0.757271833,NS
ENSG00000203950,RTL8A,-0.065826614,0.10462475,NS
ENSG00000203952,CCDC160,-0.001799738,NA,NS
ENSG00000203965,EFCAB7,0.04222645,0.375631697,NS
ENSG00000203993,ARRDC1-AS1,-0.045675941,0.336636988,NS
ENSG00000203995,ZYG11A,0.039715919,NA,NS
ENSG00000203999,LINC01270,-0.008093564,NA,NS
ENSG00000204052,LRRC73,0.001253803,NA,NS
ENSG00000204054,LINC00963,-0.043387142,0.292667264,NS
ENSG00000204055,IER5L-AS1,-0.002686229,NA,NS
ENSG00000204060,FOXO6,-0.005085768,NA,NS
ENSG00000204070,SYS1,-0.034296645,0.478232487,NS
ENSG00000204084,INPP5B,0.016416513,0.774991271,NS
ENSG00000204086,RPA4,-0.00063838,NA,NS
ENSG00000204099,NEU4,-0.00831993,NA,NS
ENSG00000204103,MAFB,0.176060121,1.08E-05,NS
ENSG00000204104,TRAF3IP1,0.034572668,0.47379853,NS
ENSG00000204116,CHIC1,0.079828205,0.083570941,NS
ENSG00000204120,GIGYF2,0.107272362,0.004832275,NS
ENSG00000204128,C2orf72,-0.029482709,NA,NS
ENSG00000204130,RUFY2,0.001479207,0.98223536,NS
ENSG00000204131,NHSL2,-0.002217126,NA,NS
ENSG00000204138,PHACTR4,0.018136062,0.740665792,NS
ENSG00000204147,ASAH2B,0.05002734,0.288870889,NS
ENSG00000204148,LINC00474,0.009344332,NA,NS
ENSG00000204149,AGAP6,0.020892671,NA,NS
ENSG00000204152,TIMM23B,-0.006267195,0.923461541,NS
ENSG00000204160,ZDHHC18,0.025513119,0.616329012,NS
ENSG00000204172,AGAP9,-0.014224205,NA,NS
ENSG00000204175,GPRIN2,0.416555934,1.46E-12,NS
ENSG00000204178,MACO1,0.030735233,0.531224635,NS
ENSG00000204179,PTPN20,-0.004153567,0.948675007,NS
ENSG00000204186,ZDBF2,0.069695074,0.119333363,NS
ENSG00000204196,RPL12P16,-0.015780652,0.760714133,NS
ENSG00000204209,DAXX,0.001006577,0.987185786,NS
ENSG00000204217,BMPR2,0.041263956,0.37644204,NS
ENSG00000204219,TCEA3,0.016250289,0.77857341,NS
ENSG00000204220,PFDN6,-0.062129437,0.151641659,NS
ENSG00000204227,RING1,-0.044641448,0.343967117,NS
ENSG00000204228,HSD17B8,-0.027909154,0.586628862,NS
ENSG00000204231,RXRB,-0.02936345,0.554255902,NS
ENSG00000204237,OXLD1,-0.060301094,0.177145653,NS
ENSG00000204241,LINC02731,-0.006076337,NA,NS
ENSG00000204248,COL11A2,-0.007518373,NA,NS
ENSG00000204253,HNRNPCP2,-0.007239872,NA,NS
ENSG00000204256,BRD2,0.000293488,0.996148522,NS
ENSG00000204257,HLA-DMA,0.008908036,NA,NS
ENSG00000204262,COL5A2,0.607202298,2.95E-30,NS
ENSG00000204267,TAP2,-0.054693592,0.177145653,NS
ENSG00000204271,SPIN3,0.03993914,0.407841985,NS
ENSG00000204272,NBDY,-0.007933002,0.900152312,NS
ENSG00000204287,HLA-DRA,-0.005491921,NA,NS
ENSG00000204301,NOTCH4,0.001935673,NA,NS
ENSG00000204304,PBX2,-0.013426798,0.820475434,NS
ENSG00000204305,AGER,0.011246865,NA,NS
ENSG00000204308,RNF5,-0.014580098,0.801045788,NS
ENSG00000204310,AGPAT1,-0.013585801,0.790831553,NS
ENSG00000204311,PJVK,-0.002186296,NA,NS
ENSG00000204314,PRRT1,-0.006004687,NA,NS
ENSG00000204315,FKBPL,-0.037118058,0.440358279,NS
ENSG00000204316,MRPL38,-0.07789274,0.02821537,NS
ENSG00000204334,ERICH2,-0.001714872,NA,NS
ENSG00000204344,STK19,-0.065987909,0.151166322,NS
ENSG00000204348,DXO,-0.021105637,0.695483524,NS
ENSG00000204351,SKIC2,-0.037375274,0.411902639,NS
ENSG00000204352,FAM120A2P,0.00825257,NA,NS
ENSG00000204356,NELFE,-0.083264115,0.039090172,NS
ENSG00000204366,ZBTB12,0.014360899,0.801779851,NS
ENSG00000204370,SDHD,0.020377995,0.660255741,NS
ENSG00000204371,EHMT2,-0.025167507,0.575600743,NS
ENSG00000204379,XAGE1A,-0.066709012,NA,NS
ENSG00000204382,XAGE1B,0.012443137,NA,NS
ENSG00000204385,SLC44A4,0.136520088,NA,NS
ENSG00000204386,NEU1,0.147070042,0.000761761,NS
ENSG00000204387,SNHG32,-0.021080779,0.697559245,NS
ENSG00000204388,HSPA1B,0.074778619,0.030658951,NS
ENSG00000204389,HSPA1A,0.019611504,NA,NS
ENSG00000204390,HSPA1L,0.000666998,NA,NS
ENSG00000204392,LSM2,-0.075166759,0.084403072,NS
ENSG00000204394,VARS1,-0.02070769,0.617517845,NS
ENSG00000204396,VWA7,-0.002255774,NA,NS
ENSG00000204406,MBD5,0.010467513,0.862927824,NS
ENSG00000204410,MSH5,-0.020365366,0.675931134,NS
ENSG00000204420,MPIG6B,-0.004231525,NA,NS
ENSG00000204427,ABHD16A,-0.035318848,0.457690901,NS
ENSG00000204428,LY6G5C,-0.008138996,NA,NS
ENSG00000204435,CSNK2B,-0.056606682,0.201016527,NS
ENSG00000204438,GPANK1,-0.032260763,0.51314141,NS
ENSG00000204439,C6orf47,-0.023987597,0.652345675,NS
ENSG00000204444,APOM,-0.01238569,NA,NS
ENSG00000204449,TRIM49C,0.004468687,NA,NS
ENSG00000204463,BAG6,0.028861513,0.429583134,NS
ENSG00000204469,PRRC2A,0.023822484,0.522029339,NS
ENSG00000204498,NFKBIL1,-0.009183253,0.881684241,NS
ENSG00000204514,ZNF814,-0.010572134,0.862927824,NS
ENSG00000204519,ZNF551,0.027991661,0.585359233,NS
ENSG00000204520,MICA,0.031458734,0.520372141,NS
ENSG00000204524,ZNF805,-0.020137195,0.704588458,NS
ENSG00000204525,HLA-C,-0.057395855,0.170126832,NS
ENSG00000204531,POU5F1,-0.000233059,NA,NS
ENSG00000204536,CCHCR1,0.002333717,0.969822658,NS
ENSG00000204560,DHX16,-0.037256969,0.394599717,NS
ENSG00000204564,C6orf136,0.004199844,0.948675007,NS
ENSG00000204568,MRPS18B,-0.031133696,0.501767971,NS
ENSG00000204569,PPP1R10,0.023448768,0.583642661,NS
ENSG00000204574,ABCF1,-0.029569622,0.451860125,NS
ENSG00000204576,PRR3,-0.049073951,0.298455249,NS
ENSG00000204580,DDR1,0.025698673,0.539967165,NS
ENSG00000204581,ACOXL-AS1,0.000969872,NA,NS
ENSG00000204588,LINC01123,0.007674926,0.904628397,NS
ENSG00000204590,GNL1,-0.005717317,0.923750304,NS
ENSG00000204592,HLA-E,-0.021810552,0.687138073,NS
ENSG00000204599,TRIM39,-0.030685686,0.541662106,NS
ENSG00000204604,ZNF468,0.029989943,0.547998081,NS
ENSG00000204611,ZNF616,-0.014923858,0.793417387,NS
ENSG00000204619,PPP1R11,-0.011192576,0.847845374,NS
ENSG00000204620,NA,-0.033555023,NA,NS
ENSG00000204628,RACK1,-0.033337959,0.420428549,NS
ENSG00000204634,TBC1D8,-0.070091617,0.124674744,NS
ENSG00000204642,HLA-F,-0.005816774,NA,NS
ENSG00000204661,C5orf60,-0.002526939,NA,NS
ENSG00000204673,AKT1S1,-0.038227835,0.339508852,NS
ENSG00000204677,FAM153CP,-0.010849021,NA,NS
ENSG00000204681,GABBR1,0.029018406,NA,NS
ENSG00000204682,MIR1915HG,-0.003038195,NA,NS
ENSG00000204685,STARD7-AS1,-0.006281293,NA,NS
ENSG00000204706,MAMDC2-AS1,0.006597901,NA,NS
ENSG00000204713,TRIM27,-0.004283805,0.939669528,NS
ENSG00000204745,NA,-0.043271029,NA,NS
ENSG00000204758,RPL26L1-AS1,-0.00039638,NA,NS
ENSG00000204764,RANBP17,0.044002161,0.345633438,NS
ENSG00000204779,FOXD4L5,-0.000420175,NA,NS
ENSG00000204789,ZNF204P,0.019898638,NA,NS
ENSG00000204790,NA,-0.012814928,NA,NS
ENSG00000204792,LINC01291,0.007688345,NA,NS
ENSG00000204802,FAM88C,-0.00304422,NA,NS
ENSG00000204815,ODAD4,-0.022632401,NA,NS
ENSG00000204816,FGF7P5,0.002443003,NA,NS
ENSG00000204822,MRPL53,-0.103268666,0.01549448,NS
ENSG00000204832,ST8SIA6-AS1,-0.036984721,0.410506087,NS
ENSG00000204837,FGF7P3,0.003761324,NA,NS
ENSG00000204839,MROH6,-0.000707324,NA,NS
ENSG00000204842,ATXN2,0.030557926,0.524767818,NS
ENSG00000204843,DCTN1,-0.013746784,0.785438693,NS
ENSG00000204852,TCTN1,0.019359264,0.715830213,NS
ENSG00000204856,FAM216A,0.021446217,0.688621149,NS
ENSG00000204859,ZBTB48,-0.012740126,0.830902387,NS
ENSG00000204860,FAM201A,0.000707362,0.991293566,NS
ENSG00000204899,MZT1,-0.006565308,0.914755041,NS
ENSG00000204920,ZNF155,-0.043789457,NA,NS
ENSG00000204922,UQCC3,-0.082758238,0.056036221,NS
ENSG00000204923,FBXO48,-0.013763461,NA,NS
ENSG00000204934,ATP6V0E2-AS1,0.011991491,0.835462892,NS
ENSG00000204936,CD177,0.003774003,NA,NS
ENSG00000204946,ZNF783,0.038442268,0.433022073,NS
ENSG00000204947,ZNF425,-0.007750569,0.89815432,NS
ENSG00000204950,LRRC10B,-0.002387683,NA,NS
ENSG00000204954,UQCC6,-0.016015674,0.783422701,NS
ENSG00000204956,PCDHGA1,0.002623957,NA,NS
ENSG00000204959,ARHGEF34P,0.073898325,0.099808019,NS
ENSG00000204977,TRIM13,0.013741324,0.816828855,NS
ENSG00000204983,PRSS1,0.007047074,NA,NS
ENSG00000204991,SPIRE2,0.003988013,0.951026785,NS
ENSG00000205038,PKHD1L1,0.007266831,NA,NS
ENSG00000205041,NA,-0.001614526,NA,NS
ENSG00000205060,SLC35B4,0.044873202,0.306417907,NS
ENSG00000205084,TMEM231,-0.012298363,0.838838268,NS
ENSG00000205085,GARIN1A,0.001215324,NA,NS
ENSG00000205089,CCNI2,-0.005059968,NA,NS
ENSG00000205090,TMEM240,-0.004487885,NA,NS
ENSG00000205129,CFAP96,0.002435993,NA,NS
ENSG00000205133,TRIQK,-0.001393827,0.982627348,NS
ENSG00000205138,SDHAF1,-0.059725435,0.181744894,NS
ENSG00000205143,ARID3C,-0.009482178,NA,NS
ENSG00000205155,PSENEN,-0.167236933,5.94E-05,NS
ENSG00000205189,ZBTB10,-0.001987296,0.973788622,NS
ENSG00000205208,C4orf46,-0.007850978,0.898676064,NS
ENSG00000205209,SCGB2B2,-0.019143072,NA,NS
ENSG00000205213,LGR4,0.04226902,0.346807849,NS
ENSG00000205220,PSMB10,-0.094499174,0.040747049,NS
ENSG00000205236,NA,-0.013268866,NA,NS
ENSG00000205250,E2F4,-0.026195898,0.585359233,NS
ENSG00000205268,PDE7A,-0.019424755,0.720991937,NS
ENSG00000205269,TMEM170B,0.067301588,0.133647788,NS
ENSG00000205302,SNX2,0.056516018,0.153010085,NS
ENSG00000205307,SAP25,-0.010802424,NA,NS
ENSG00000205309,NT5M,-0.015669681,0.787444823,NS
ENSG00000205323,SARNP,-0.044067622,0.310700841,NS
ENSG00000205336,ADGRG1,0.014914831,0.78533945,NS
ENSG00000205339,IPO7,0.055335452,0.157467971,NS
ENSG00000205352,PRR13,0.008176987,0.893466378,NS
ENSG00000205356,TECPR1,0.015777077,0.787745281,NS
ENSG00000205413,SAMD9,0.035949201,NA,NS
ENSG00000205423,CNEP1R1,-0.004331579,0.944678543,NS
ENSG00000205436,EXOC3L4,0.000670698,NA,NS
ENSG00000205456,TP53TG3D,-0.001859923,NA,NS
ENSG00000205457,TP53TG3C,0.006544741,NA,NS
ENSG00000205476,CCDC85C,0.027312119,0.452416863,NS
ENSG00000205482,SPDYE18,-0.000204516,NA,NS
ENSG00000205488,CALML3-AS1,-0.001967522,NA,NS
ENSG00000205517,RGL3,-0.012609783,NA,NS
ENSG00000205531,NAP1L4,-0.009905141,0.827083183,NS
ENSG00000205537,NA,-0.005838004,NA,NS
ENSG00000205542,TMSB4X,0.025432717,NA,NS
ENSG00000205544,TMEM256,-0.075117015,0.10017857,NS
ENSG00000205549,LINC03041,-0.017812524,NA,NS
ENSG00000205559,CHKB-DT,-0.010463295,0.859471181,NS
ENSG00000205560,CPT1B,-0.026184536,NA,NS
ENSG00000205571,SMN2,-0.043741349,0.306828855,NS
ENSG00000205572,SERF1B,0.013604573,0.633265492,NS
ENSG00000205578,POM121B,0.00303319,NA,NS
ENSG00000205581,HMGN1,-0.064418518,0.039330569,NS
ENSG00000205593,DENND6B,0.004653777,NA,NS
ENSG00000205609,EIF3CL,-0.015729448,0.606378538,NS
ENSG00000205611,LINC01597,0.001332991,NA,NS
ENSG00000205628,LINC01446,-0.003362161,NA,NS
ENSG00000205629,LCMT1,-0.043665629,0.353107575,NS
ENSG00000205634,LINC00898,0.002888508,NA,NS
ENSG00000205642,VCX3B,-0.025610092,NA,NS
ENSG00000205643,CDPF1,0.016882785,0.765977382,NS
ENSG00000205659,LIN52,-0.008064465,0.898347999,NS
ENSG00000205670,SMIM11,-0.052176004,0.267894674,NS
ENSG00000205683,DPF3,-0.007301274,NA,NS
ENSG00000205702,CYP2D7,-0.009356097,NA,NS
ENSG00000205704,SMIM45,-0.034045178,NA,NS
ENSG00000205707,ETFRF1,0.015433076,0.777254624,NS
ENSG00000205710,C17orf107,-0.004174091,NA,NS
ENSG00000205726,ITSN1,0.063824869,0.140944713,NS
ENSG00000205740,NA,-0.007580963,NA,NS
ENSG00000205746,PKD1P4,-0.010098983,0.840288598,NS
ENSG00000205758,CRYZL1,-0.012085291,0.83947814,NS
ENSG00000205765,RIMOC1,0.057817979,0.207586502,NS
ENSG00000205777,GAGE1,0.029294272,NA,NS
ENSG00000205790,DPP9-AS1,-0.012441164,NA,NS
ENSG00000205791,LOH12CR2,-0.016851286,NA,NS
ENSG00000205808,PLPP6,-0.020875737,0.654464044,NS
ENSG00000205832,C16orf96,0.014530532,NA,NS
ENSG00000205835,GMNC,0.000368794,NA,NS
ENSG00000205838,TTC23L,0.02243387,NA,NS
ENSG00000205856,C22orf42,-0.004949144,NA,NS
ENSG00000205861,PCOTH,-0.004380608,NA,NS
ENSG00000205885,C1RL-AS1,0.009207945,NA,NS
ENSG00000205903,ZNF316,-0.032020322,0.452674267,NS
ENSG00000205913,SRRM2-AS1,-0.040077516,NA,NS
ENSG00000205923,CEMP1,-0.001037821,NA,NS
ENSG00000205930,EPCIP-AS1,0.012135393,NA,NS
ENSG00000205937,RNPS1,-5.18E-05,0.999611317,NS
ENSG00000205981,DNAJC19,-0.039318297,0.353140596,NS
ENSG00000206052,DOK6,0.042214617,NA,NS
ENSG00000206053,JPT2,0.011708784,0.767500469,NS
ENSG00000206075,SERPINB5,0.04869001,0.304864152,NS
ENSG00000206077,ZDHHC11B,0.020483532,NA,NS
ENSG00000206113,CFAP99,-0.001159289,NA,NS
ENSG00000206140,TMEM191C,-0.010574337,NA,NS
ENSG00000206149,HERC2P9,-0.002445066,NA,NS
ENSG00000206190,ATP10A,0.00871655,0.889087071,NS
ENSG00000206195,DUXAP8,0.066402428,0.076044101,NS
ENSG00000206337,HCP5,0.007290691,NA,NS
ENSG00000206344,HCG27,-0.001113652,NA,NS
ENSG00000206417,H1-10-AS1,-0.029244925,NA,NS
ENSG00000206418,RAB12,-0.041629536,0.303992592,NS
ENSG00000206503,HLA-A,-0.064796868,0.133770381,NS
ENSG00000206527,HACD2,0.014719762,0.751141238,NS
ENSG00000206530,CFAP44,-0.022581519,NA,NS
ENSG00000206535,LNP1,-0.027835304,0.581557615,NS
ENSG00000206559,ZCWPW2,-0.01857702,NA,NS
ENSG00000206560,ANKRD28,0.030377112,0.498232772,NS
ENSG00000206561,COLQ,-0.003795122,NA,NS
ENSG00000206562,METTL6,-0.050548895,0.27638068,NS
ENSG00000206567,NA,0.007066508,NA,NS
ENSG00000206573,THUMPD3-AS1,0.037506497,0.438107799,NS
ENSG00000207751,NA,-0.008288636,NA,NS
ENSG00000210082,MT-RNR2,0.030761881,0.41908491,NS
ENSG00000211448,DIO2,-0.005769444,NA,NS
ENSG00000211450,SELENOH,-0.062463434,0.145813522,NS
ENSG00000211452,DIO1,0.18541215,NA,NS
ENSG00000211454,AKR7L,-0.002953178,NA,NS
ENSG00000211455,STK38L,0.022049257,0.67777643,NS
ENSG00000211456,SACM1L,0.038568683,0.382948849,NS
ENSG00000211459,MT-RNR1,0.02930713,0.455702564,NS
ENSG00000211460,TSN,0.030304381,0.462270771,NS
ENSG00000211584,SLC48A1,0.004072742,0.950609935,NS
ENSG00000211689,TRGC1,0.062475843,0.175102843,NS
ENSG00000211695,TRGV9,0.028258549,NA,NS
ENSG00000211891,IGHE,-0.004019576,NA,NS
ENSG00000211898,IGHD,0.002766551,NA,NS
ENSG00000212123,PRR22,-0.000693997,NA,NS
ENSG00000212127,TAS2R14,0.000116893,NA,NS
ENSG00000212232,SNORD17,-0.007902964,NA,NS
ENSG00000212643,ZRSR2P1,0.003605712,NA,NS
ENSG00000212664,RPL17P39,-0.003019864,NA,NS
ENSG00000212694,LINC01089,-0.053371273,0.224371493,NS
ENSG00000212719,LINC02693,0.008442834,0.893839158,NS
ENSG00000212789,ST13P5,-0.010486912,NA,NS
ENSG00000212802,RPL15P3,-0.010172419,0.858173039,NS
ENSG00000212864,RNF208,-0.042394512,0.367554803,NS
ENSG00000212907,MT-ND4L,0.058738921,0.125491205,NS
ENSG00000212952,NA,0.002640547,NA,NS
ENSG00000212993,POU5F1B,-0.001789028,NA,NS
ENSG00000212994,RPS26P6,-0.00373399,NA,NS
ENSG00000213015,ZNF580,-0.01758418,0.75662803,NS
ENSG00000213020,ZNF611,0.013300468,0.814288636,NS
ENSG00000213024,NUP62,-0.021255341,0.622922788,NS
ENSG00000213025,COX20P1,-0.006605057,NA,NS
ENSG00000213033,AURKAP1,-0.038544435,NA,NS
ENSG00000213047,DENND1B,0.064883089,0.146318918,NS
ENSG00000213062,NA,-0.007172112,0.911088904,NS
ENSG00000213064,SFT2D2,-0.010570477,0.858188344,NS
ENSG00000213066,CEP43,-0.024221069,0.64160209,NS
ENSG00000213071,LPAL2,-0.00077224,NA,NS
ENSG00000213079,SCAF8,0.087745866,0.025318612,NS
ENSG00000213080,NA,0.006352059,NA,NS
ENSG00000213085,CFAP45,-0.015261846,NA,NS
ENSG00000213096,ZNF254,0.017373517,0.761191083,NS
ENSG00000213113,TUBB8P8,-0.001660331,NA,NS
ENSG00000213123,DYNLT2B,-0.033782163,0.491925936,NS
ENSG00000213139,CRYGS,-0.002715072,NA,NS
ENSG00000213144,NA,-0.008098252,NA,NS
ENSG00000213145,CRIP1,-0.004041318,NA,NS
ENSG00000213160,KLHL23,0.077038015,0.077773168,NS
ENSG00000213171,LINGO4,0.004438892,NA,NS
ENSG00000213178,RPL22P1,-0.008950472,NA,NS
ENSG00000213185,FAM24B,0.025394737,NA,NS
ENSG00000213186,TRIM59,-0.014269204,0.806174591,NS
ENSG00000213189,BTF3L4P2,-0.082214945,0.073897906,NS
ENSG00000213190,MLLT11,-0.014939036,0.789302151,NS
ENSG00000213199,ASIC3,0.000670602,NA,NS
ENSG00000213204,NA,-0.001005489,NA,NS
ENSG00000213213,CCDC183,0.013235877,NA,NS
ENSG00000213214,ARHGEF35,-0.017277357,0.761963757,NS
ENSG00000213221,DNLZ,-0.058658363,0.205947244,NS
ENSG00000213225,NOC2LP1,0.001378713,NA,NS
ENSG00000213246,SUPT4H1,-0.031397202,0.494338627,NS
ENSG00000213261,EEF1B2P6,-0.014805275,NA,NS
ENSG00000213279,NA,0.023312286,NA,NS
ENSG00000213281,NRAS,0.032675032,0.434742773,NS
ENSG00000213297,ZNF625-ZNF20,-0.000143596,NA,NS
ENSG00000213300,HNRNPA3P6,-0.073219867,NA,NS
ENSG00000213316,LTC4S,0.008711041,NA,NS
ENSG00000213326,RPS7P11,-0.014487279,NA,NS
ENSG00000213337,ANKRD39,-0.032490333,0.512542881,NS
ENSG00000213339,QTRT1,-0.047512629,0.306805839,NS
ENSG00000213341,CHUK,0.036696732,0.44400698,NS
ENSG00000213347,MXD3,-0.156942899,0.005017327,NS
ENSG00000213380,COG8,-0.026661771,0.575473052,NS
ENSG00000213385,RPL7AP39,-0.012829308,NA,NS
ENSG00000213390,ARHGAP19,0.002654132,0.96618688,NS
ENSG00000213397,HAUS7,-0.053029076,0.255975427,NS
ENSG00000213399,RPS2P17,0.012030326,NA,NS
ENSG00000213401,MAGEA12,-0.020260684,0.684237667,NS
ENSG00000213402,PTPRCAP,-0.009005039,NA,NS
ENSG00000213412,HNRNPA1P33,-0.005434228,NA,NS
ENSG00000213420,GPC2,-0.029103554,NA,NS
ENSG00000213430,HSPD1P1,-0.000619605,NA,NS
ENSG00000213442,RPL18AP3,-0.097569153,0.039773196,NS
ENSG00000213443,NPM1P7,0.004844909,NA,NS
ENSG00000213445,SIPA1,-0.006006313,0.926634451,NS
ENSG00000213462,ERV3-1,0.038901578,NA,NS
ENSG00000213463,SYNJ2BP,0.055682907,0.142547233,NS
ENSG00000213465,ARL2,-0.059073813,0.16517091,NS
ENSG00000213468,FIRRE,0.018253841,NA,NS
ENSG00000213513,IMPDH1P5,-0.002018536,NA,NS
ENSG00000213516,RBMXL1,0.051647427,0.243877495,NS
ENSG00000213523,SRA1,-0.070664339,0.110875469,NS
ENSG00000213533,STIMATE,0.040468939,0.393396666,NS
ENSG00000213542,RPL7AP43,-0.016065076,NA,NS
ENSG00000213551,DNAJC9,-0.056029807,0.132361711,NS
ENSG00000213553,RPLP0P6,-0.019325197,0.716644828,NS
ENSG00000213563,C8orf82,-0.023788561,0.622623289,NS
ENSG00000213569,GTF3C6P2,0.002115645,NA,NS
ENSG00000213585,VDAC1,0.01323867,0.7461199,NS
ENSG00000213588,ZBTB9,-0.00123655,0.986032435,NS
ENSG00000213593,TMX2,-0.009889711,0.833116316,NS
ENSG00000213599,SLX1A-SULT1A3,-0.046976268,NA,NS
ENSG00000213609,RPL7AP50,-0.003787412,NA,NS
ENSG00000213614,HEXA,0.003817075,0.951903791,NS
ENSG00000213619,NDUFS3,-0.037355939,0.416483292,NS
ENSG00000213621,RPSAP54,-0.007055505,NA,NS
ENSG00000213625,LEPROT,0.024107204,0.641598307,NS
ENSG00000213638,ADAT3,-0.036891422,0.452672321,NS
ENSG00000213639,PPP1CB,-0.004968925,0.930341126,NS
ENSG00000213658,LAT,0.000714169,NA,NS
ENSG00000213672,NCKIPSD,-0.017342155,0.738541013,NS
ENSG00000213676,ATF6B,-0.010627107,0.862398134,NS
ENSG00000213683,SNRPA1P2,-0.006287009,NA,NS
ENSG00000213689,TREX1,0.01260509,0.823717255,NS
ENSG00000213693,SEC14L1P1,0.002122068,NA,NS
ENSG00000213694,S1PR3,0.075919419,0.073511767,NS
ENSG00000213699,SLC35F6,0.116596007,0.00556305,NS
ENSG00000213719,CLIC1,-0.047059506,0.226149341,NS
ENSG00000213722,DDAH2,0.02149225,0.692709231,NS
ENSG00000213740,SERBP1P1,0.011875744,NA,NS
ENSG00000213741,RPS29,-0.035503299,0.393395212,NS
ENSG00000213742,ZNF337-AS1,-0.00529637,0.937681362,NS
ENSG00000213753,CENPBD2P,-0.004366372,NA,NS
ENSG00000213754,KPNA4P1,0.009550224,NA,NS
ENSG00000213759,UGT2B11,-0.12990392,0.003804705,NS
ENSG00000213760,ATP6V1G2,-0.003347443,NA,NS
ENSG00000213762,ZNF134,-0.013904241,0.815116996,NS
ENSG00000213780,GTF2H4,-0.068660838,0.129152087,NS
ENSG00000213782,DDX47,0.020791934,0.655170925,NS
ENSG00000213790,OLA1P1,-0.00144988,NA,NS
ENSG00000213793,ZNF888,-0.024788491,0.640455735,NS
ENSG00000213799,ZNF845,0.006800124,0.9161691,NS
ENSG00000213801,ZNF321P,-0.009112488,NA,NS
ENSG00000213830,CFL1P5,-0.004740904,NA,NS
ENSG00000213853,EMP2,-0.042652197,0.348857199,NS
ENSG00000213859,KCTD11,0.012717564,0.83103225,NS
ENSG00000213860,RPL21P75,0.010385127,NA,NS
ENSG00000213862,RPL7AP62,-0.006384311,NA,NS
ENSG00000213866,YBX1P10,-0.016134486,NA,NS
ENSG00000213881,NPM1P6,-0.000685893,NA,NS
ENSG00000213885,RPL13AP7,-0.006531008,NA,NS
ENSG00000213888,LINC01521,0.002924553,0.962941656,NS
ENSG00000213903,LTB4R,0.014020869,NA,NS
ENSG00000213904,LIPE-AS1,-0.049268524,NA,NS
ENSG00000213906,LTB4R2,0.00290619,NA,NS
ENSG00000213918,DNASE1,-0.0097541,0.869425485,NS
ENSG00000213920,MDP1,-0.023264321,0.651120634,NS
ENSG00000213923,CSNK1E,-0.007210169,0.903940431,NS
ENSG00000213928,IRF9,-0.011060573,NA,NS
ENSG00000213930,GALT,-0.045004752,0.338766631,NS
ENSG00000213937,CLDN9,0.007267094,NA,NS
ENSG00000213949,ITGA1,0.001400065,NA,NS
ENSG00000213963,NA,-0.008034079,NA,NS
ENSG00000213965,NUDT19,0.035532118,0.384882021,NS
ENSG00000213967,ZNF726,-0.068869776,0.108374318,NS
ENSG00000213977,TAX1BP3,-0.108235346,0.010634876,NS
ENSG00000213983,AP1G2,-0.022442163,0.667418286,NS
ENSG00000213995,NAXD,-0.007121954,0.911172193,NS
ENSG00000213999,MEF2B,0.012032772,NA,NS
ENSG00000214013,GANC,0.023409406,0.657013622,NS
ENSG00000214021,TTLL3,0.005428543,NA,NS
ENSG00000214022,REPIN1,0.03736087,0.297364678,NS
ENSG00000214026,MRPL23,-0.036698543,0.446572674,NS
ENSG00000214029,ZNF891,0.048925251,0.274086264,NS
ENSG00000214046,SMIM7,-0.012910598,0.819299099,NS
ENSG00000214050,FBXO16,-0.041856547,0.368944384,NS
ENSG00000214063,TSPAN4,0.004091738,NA,NS
ENSG00000214076,CPSF1P1,-0.003449403,NA,NS
ENSG00000214078,CPNE1,-0.051199539,0.160635091,NS
ENSG00000214087,ARL16,-0.069819894,0.121493134,NS
ENSG00000214106,PAXIP1-AS2,0.010694532,0.860194324,NS
ENSG00000214110,LDHAP4,0.003371249,NA,NS
ENSG00000214113,LYRM4,-0.017143797,0.761823564,NS
ENSG00000214114,MYCBP,-0.119745167,0.000543946,NS
ENSG00000214145,LINC00887,-0.007319726,NA,NS
ENSG00000214160,ALG3,-0.030601632,0.487267143,NS
ENSG00000214184,GCC2-AS1,-0.017718841,NA,NS
ENSG00000214185,XPOTP1,-0.005683284,NA,NS
ENSG00000214188,ST7-OT4,0.024023794,NA,NS
ENSG00000214189,ZNF788P,-0.01478007,NA,NS
ENSG00000214192,UBE2V1P2,-0.013312212,NA,NS
ENSG00000214193,SH3D21,0.002200294,NA,NS
ENSG00000214194,SMIM30,0.067760629,0.057877083,NS
ENSG00000214226,C17orf67,-0.016337387,NA,NS
ENSG00000214248,NA,-0.006923286,NA,NS
ENSG00000214253,FIS1,-0.087393945,0.028539326,NS
ENSG00000214274,ANG,0.005452578,NA,NS
ENSG00000214279,SCART1,-0.001669684,NA,NS
ENSG00000214290,POU2AF3,0.010737468,NA,NS
ENSG00000214293,APTR,0.021779252,0.662076797,NS
ENSG00000214309,MBLAC1,-0.016951003,0.745246486,NS
ENSG00000214357,NEURL1B,-0.012238075,0.838838268,NS
ENSG00000214367,HAUS3,0.021502579,0.688220062,NS
ENSG00000214389,RPS3AP26,-0.002452669,0.935955115,NS
ENSG00000214391,TUBAP2,-0.002414198,NA,NS
ENSG00000214401,KANSL1-AS1,-0.016939205,NA,NS
ENSG00000214413,BBIP1,-0.007612208,0.905471902,NS
ENSG00000214425,LRRC37A4P,0.010477495,NA,NS
ENSG00000214432,VPS33B-DT,-0.00926438,NA,NS
ENSG00000214439,FAM185BP,-0.00699264,NA,NS
ENSG00000214455,RCN1P2,-0.007042497,NA,NS
ENSG00000214485,RPL7P1,-0.023375769,0.631805947,NS
ENSG00000214517,PPME1,0.023141185,0.61464899,NS
ENSG00000214530,STARD10,-0.032370044,0.503506268,NS
ENSG00000214546,NA,0.000285248,NA,NS
ENSG00000214558,ZC3H11C,0.009002647,NA,NS
ENSG00000214562,NUTM2D,-0.016843044,NA,NS
ENSG00000214595,EML6,0.038187149,NA,NS
ENSG00000214652,ZNF727,0.008589895,NA,NS
ENSG00000214654,B3GALT9,-0.0514848,0.252744304,NS
ENSG00000214655,ZSWIM8,0.048205571,0.27888141,NS
ENSG00000214706,IFRD2,-0.054607744,0.108499935,NS
ENSG00000214708,NA,-0.001323382,NA,NS
ENSG00000214711,CAPN14,-0.009096112,NA,NS
ENSG00000214717,ZBED1,0.031651036,0.479300091,NS
ENSG00000214719,NA,-0.041748229,0.377946539,NS
ENSG00000214736,TOMM6,-0.05106014,0.196244443,NS
ENSG00000214753,HNRNPUL2,-0.040952635,0.281114941,NS
ENSG00000214756,CSKMT,-0.012790985,0.83103225,NS
ENSG00000214770,NA,-0.003782129,NA,NS
ENSG00000214772,GUCY2C-AS1,-0.005466663,NA,NS
ENSG00000214776,NA,-0.00081624,NA,NS
ENSG00000214784,RPS3AP21,-0.009344216,NA,NS
ENSG00000214796,TUBA5P,-0.000902234,NA,NS
ENSG00000214814,FER1L6,-0.00521171,NA,NS
ENSG00000214827,MTCP1,-0.024840791,NA,NS
ENSG00000214870,LINC02981,-0.03448655,NA,NS
ENSG00000214894,LINC00243,0.002753741,NA,NS
ENSG00000214900,LINC01588,0.007917654,NA,NS
ENSG00000214922,HLA-F-AS1,-0.005519658,NA,NS
ENSG00000214940,NPIPA8,-0.004465123,NA,NS
ENSG00000214941,ZSWIM7,-0.034112015,0.481559171,NS
ENSG00000214944,ARHGEF28,0.016311295,NA,NS
ENSG00000214967,NPIPA7,0.009809298,NA,NS
ENSG00000214976,VDAC2P1,-0.013087764,NA,NS
ENSG00000214999,NA,0.001122153,NA,NS
ENSG00000215012,RTL10,0.001119105,0.986610508,NS
ENSG00000215014,SSU72-AS1,-0.027282414,NA,NS
ENSG00000215021,PHB2,-0.057067903,0.12718499,NS
ENSG00000215030,RPL13P12,-0.028869031,NA,NS
ENSG00000215039,CD27-AS1,-0.018141246,0.749409136,NS
ENSG00000215041,NEURL4,-0.008671353,0.884984872,NS
ENSG00000215045,GRID2IP,0.006960858,NA,NS
ENSG00000215068,ANXA2R-AS1,0.00169023,NA,NS
ENSG00000215086,NPM1P24,-0.010903423,NA,NS
ENSG00000215105,TTC3P1,0.041187185,0.376430482,NS
ENSG00000215110,UGT2B25P,-0.002596868,NA,NS
ENSG00000215114,UBXN2B,0.031380344,0.524767818,NS
ENSG00000215126,ZNG1F,-0.015765919,0.765908854,NS
ENSG00000215182,MUC5AC,0.034647177,NA,NS
ENSG00000215187,CIMIP2B,-0.003877858,NA,NS
ENSG00000215193,PEX26,-0.018122178,0.723670158,NS
ENSG00000215246,LINC02982,0.001351048,NA,NS
ENSG00000215251,FASTKD5,0.060764183,0.128941334,NS
ENSG00000215252,GOLGA8B,0.012066898,NA,NS
ENSG00000215256,DHRS4-AS1,0.023468379,0.650868895,NS
ENSG00000215262,KCNU1,0.002328277,NA,NS
ENSG00000215301,DDX3X,0.075135003,0.0441883,NS
ENSG00000215302,WHAMMP4,0.012770078,NA,NS
ENSG00000215305,VPS16,-0.064365143,0.125491205,NS
ENSG00000215374,FAM66B,0.015561547,NA,NS
ENSG00000215375,MYL5,-0.046470656,0.310700841,NS
ENSG00000215386,MIR99AHG,0.014272684,0.808736675,NS
ENSG00000215414,PSMA6P1,6.33E-05,NA,NS
ENSG00000215417,MIR17HG,0.049626393,NA,NS
ENSG00000215421,ZNF407,0.050186481,0.288772486,NS
ENSG00000215424,MCM3AP-AS1,0.115263889,0.015610124,NS
ENSG00000215440,NPEPL1,0.030881094,0.527314177,NS
ENSG00000215472,RPL17-C18orf32,-0.032515323,0.498230663,NS
ENSG00000215481,BCRP3,-0.001632215,NA,NS
ENSG00000215492,HNRNPA1P7,-0.024955176,0.621281654,NS
ENSG00000215695,RSC1A1,-0.000347694,NA,NS
ENSG00000215712,TMEM242,-0.037846015,0.440069557,NS
ENSG00000215717,TMEM167B,0.060155794,0.132361711,NS
ENSG00000215769,ARHGAP27P1-BPTFP1-KPNA2P3,-0.028145753,NA,NS
ENSG00000215784,FAM72D,-0.044947992,0.346401238,NS
ENSG00000215788,TNFRSF25,0.006117088,NA,NS
ENSG00000215790,SLC35E2A,0.032930654,NA,NS
ENSG00000215808,LINC01139,0.03384227,NA,NS
ENSG00000215817,ZC3H11B,-0.000138816,NA,NS
ENSG00000215835,NA,-0.001420696,NA,NS
ENSG00000215845,TSTD1,-0.040837593,0.391026339,NS
ENSG00000215883,CYB5RL,0.080044375,0.069769864,NS
ENSG00000215912,TTC34,0.00590492,NA,NS
ENSG00000216285,NA,0.006997854,NA,NS
ENSG00000216331,H1-12P,0.001309296,NA,NS
ENSG00000216829,FGF7P4,-0.004886522,NA,NS
ENSG00000216866,RPS2P55,-0.000699451,NA,NS
ENSG00000216895,RBM33-DT,-0.038510529,NA,NS
ENSG00000216906,NA,0.006865482,NA,NS
ENSG00000216937,CCDC7,0.001028209,NA,NS
ENSG00000217094,PPIAP31,-0.012831562,NA,NS
ENSG00000217128,FNIP1,0.182554031,0.000618953,NS
ENSG00000217236,SP9,-0.023921776,NA,NS
ENSG00000217241,CBX3P9,-0.006198138,NA,NS
ENSG00000217275,NA,0.0050174,NA,NS
ENSG00000217416,ISCA1P1,0.001913124,NA,NS
ENSG00000217442,SYCE3,-0.024500506,NA,NS
ENSG00000217555,CKLF,-0.074756947,0.084686727,NS
ENSG00000217624,YWHAZP10,-0.00091899,NA,NS
ENSG00000217648,PARLP2,0.01044228,NA,NS
ENSG00000217930,PAM16,-0.127236597,0.00518496,NS
ENSG00000217950,NOC2LP2,-0.005910386,NA,NS
ENSG00000218175,NA,0.003484636,NA,NS
ENSG00000218227,NA,-0.024091254,NA,NS
ENSG00000218283,MORF4L1P1,2.93E-05,0.999885158,NS
ENSG00000218416,GPC1-AS1,-0.0008304,NA,NS
ENSG00000218426,NA,-0.004707201,0.940870327,NS
ENSG00000218510,LINC00339,-0.005125955,0.935930806,NS
ENSG00000218537,MIF-AS1,-0.005926693,NA,NS
ENSG00000218739,CEBPZOS,0.016413387,0.771835491,NS
ENSG00000218891,ZNF579,-0.017717983,0.755688941,NS
ENSG00000219027,RPS3AP2,-0.002653434,NA,NS
ENSG00000219102,HNRNPA3P12,-0.002902292,NA,NS
ENSG00000219159,NA,0.007287126,NA,NS
ENSG00000219200,RNASEK,-0.0329273,0.491246018,NS
ENSG00000219201,NA,0.109370273,NA,NS
ENSG00000219329,NA,0.002468446,NA,NS
ENSG00000219481,NBPF1,0.018585385,0.73445076,NS
ENSG00000219507,FTH1P8,-0.001280288,NA,NS
ENSG00000219529,NA,0.001403393,NA,NS
ENSG00000219545,UMAD1,0.054687028,0.226554836,NS
ENSG00000219626,FAM228B,0.032654597,NA,NS
ENSG00000219665,ZNF433-AS1,-0.040420699,NA,NS
ENSG00000220008,LINGO3,-0.009910594,NA,NS
ENSG00000220161,LINC02076,-0.012992924,NA,NS
ENSG00000220201,ZGLP1,0.016319405,NA,NS
ENSG00000220205,VAMP2,-0.00870961,0.887094404,NS
ENSG00000220323,H2BC19P,-0.00451824,NA,NS
ENSG00000220793,RPL21P119,-0.006197685,NA,NS
ENSG00000220842,RPL21P16,-0.019130184,0.723546327,NS
ENSG00000220848,RPS18P9,-0.001212796,NA,NS
ENSG00000220891,LL22NC03-63E9.3,-0.001400316,NA,NS
ENSG00000221571,RNU6ATAC35P,-0.014369869,NA,NS
ENSG00000221817,PPP3CB-AS1,-0.025678359,NA,NS
ENSG00000221818,EBF2,-0.018430773,NA,NS
ENSG00000221821,C6orf226,-0.076358539,0.097838437,NS
ENSG00000221823,PPP3R1,0.010540304,0.852834118,NS
ENSG00000221829,FANCG,-0.072130078,0.067092451,NS
ENSG00000221838,AP4M1,-0.017457949,0.759084846,NS
ENSG00000221867,MAGEA3,-0.006965805,0.896596161,NS
ENSG00000221869,CEBPD,-0.065753102,0.146741549,NS
ENSG00000221883,ARIH2OS,-0.017770054,NA,NS
ENSG00000221886,FAM200C,-0.016309673,0.777809288,NS
ENSG00000221890,NPTXR,0.035621968,0.432180703,NS
ENSG00000221909,FAM200A,-0.049489514,0.284831939,NS
ENSG00000221914,PPP2R2A,0.067343091,0.034523214,NS
ENSG00000221916,C19orf73,0.003459676,NA,NS
ENSG00000221923,ZNF880,0.015495903,0.79140725,NS
ENSG00000221926,TRIM16,0.004765409,0.940370971,NS
ENSG00000221930,DENND10P1,0.007593108,NA,NS
ENSG00000221944,TIGD1,0.032283402,0.516945289,NS
ENSG00000221947,XKR9,0.004266232,NA,NS
ENSG00000221949,LINC01465,-0.044752315,NA,NS
ENSG00000221955,SLC12A8,0.054808235,0.21766997,NS
ENSG00000221963,APOL6,4.69E-05,NA,NS
ENSG00000221968,FADS3,-0.012209513,0.840022644,NS
ENSG00000221978,CCNL2,0.046767728,0.316326375,NS
ENSG00000221983,UBA52,-0.087712368,0.028539326,NS
ENSG00000221988,PPT2,0.003736254,NA,NS
ENSG00000221990,EXOC3-AS1,-0.01694849,0.767265355,NS
ENSG00000222009,BTBD19,0.014949633,NA,NS
ENSG00000222011,FAM185A,-0.008365944,0.894961549,NS
ENSG00000222014,RAB6C,0.024944645,0.623590582,NS
ENSG00000222020,HDAC4-AS1,-0.023600327,NA,NS
ENSG00000222033,LINC01124,-0.006509141,NA,NS
ENSG00000222036,POTEM,0.016039038,NA,NS
ENSG00000222038,POTEJ,-0.000479072,NA,NS
ENSG00000222041,CYTOR,-0.018812371,0.711343958,NS
ENSG00000222043,NA,-0.006342833,NA,NS
ENSG00000223343,NA,-0.050708145,NA,NS
ENSG00000223361,FTH1P10,-0.001003072,NA,NS
ENSG00000223382,LINC01778,-0.010718881,NA,NS
ENSG00000223393,NA,-0.007401375,NA,NS
ENSG00000223396,RPS10P7,-0.000244171,NA,NS
ENSG00000223417,TRIM49D1,-0.179493639,0.004665462,NS
ENSG00000223459,TCAF1P1,0.075854962,0.094926844,NS
ENSG00000223461,NA,-0.009559837,NA,NS
ENSG00000223478,ZDHHC12-DT,-0.017848546,0.754193121,NS
ENSG00000223482,NUTM2A-AS1,0.006329512,0.923392851,NS
ENSG00000223496,EXOSC6,-0.087347251,0.022090643,NS
ENSG00000223501,VPS52,-0.025735933,0.577426213,NS
ENSG00000223546,LINC00630,0.022789448,0.658160847,NS
ENSG00000223547,ZNF844,0.042495202,0.367309177,NS
ENSG00000223559,NA,0.006480326,NA,NS
ENSG00000223561,LINC03007,-0.02369083,NA,NS
ENSG00000223572,CKMT1A,-0.020401182,0.697724885,NS
ENSG00000223599,NA,0.002089222,NA,NS
ENSG00000223635,NUP133-DT,0.00425713,NA,NS
ENSG00000223653,BCL10-AS1,-0.000251238,NA,NS
ENSG00000223685,LINC00571,0.008766227,NA,NS
ENSG00000223695,MYH9-DT,0.003846454,NA,NS
ENSG00000223701,RAET1E-AS1,-0.003375764,NA,NS
ENSG00000223705,NSUN5P1,0.000739781,NA,NS
ENSG00000223711,NA,-0.006511203,NA,NS
ENSG00000223715,LINC01208,-0.000721895,NA,NS
ENSG00000223725,MYOSLID-AS1,0.009550548,NA,NS
ENSG00000223745,CCDC18-AS1,0.021501072,NA,NS
ENSG00000223749,MIR503HG,0.000593094,NA,NS
ENSG00000223751,NA,0.018203366,NA,NS
ENSG00000223764,LINC02593,-0.005608407,0.931493664,NS
ENSG00000223768,LINC00205,0.005982904,0.925803871,NS
ENSG00000223776,LGALS8-AS1,-0.030735672,NA,NS
ENSG00000223799,IL10RB-DT,-0.011060236,NA,NS
ENSG00000223802,CERS1,0.121783186,0.007247047,NS
ENSG00000223813,PRR15-DT,-0.013226846,NA,NS
ENSG00000223855,PDGFA-DT,0.001899424,NA,NS
ENSG00000223865,HLA-DPB1,-0.001017915,NA,NS
ENSG00000223891,OSER1-DT,-0.01802125,NA,NS
ENSG00000223930,NA,-0.010501221,NA,NS
ENSG00000223956,LINC01767,-0.000124845,NA,NS
ENSG00000223969,NA,-0.007926955,0.900410334,NS
ENSG00000224023,EDRF1-DT,0.005448048,NA,NS
ENSG00000224032,EPB41L4A-AS1,0.040875097,0.395593836,NS
ENSG00000224043,CCNT2-AS1,0.015544468,NA,NS
ENSG00000224046,DMTF1-AS1,-0.027519333,NA,NS
ENSG00000224048,LINC02612,0.000923267,NA,NS
ENSG00000224051,CPTP,-0.038354718,0.384882021,NS
ENSG00000224063,CALCRL-AS1,-0.004415321,NA,NS
ENSG00000224078,SNHG14,0.035706369,0.448830185,NS
ENSG00000224080,UBE2FP1,0.00067233,NA,NS
ENSG00000224086,PPM1F-AS1,0.007377718,NA,NS
ENSG00000224087,POTEF-AS1,-0.009630435,NA,NS
ENSG00000224094,RPS24P8,0.000308946,NA,NS
ENSG00000224109,CENPVL3,0.002158266,NA,NS
ENSG00000224114,NA,-0.009256815,NA,NS
ENSG00000224126,UBE2SP2,-0.005708592,NA,NS
ENSG00000224141,MIR548XHG,-0.001187666,NA,NS
ENSG00000224152,BAZ2B-AS1,-0.004486266,NA,NS
ENSG00000224165,DNAJC27-AS1,-0.024006112,NA,NS
ENSG00000224174,NA,0.008198268,NA,NS
ENSG00000224186,PITX1-AS1,0.080772575,0.07968455,NS
ENSG00000224189,HAGLR,0.010872268,NA,NS
ENSG00000224216,NA,0.0012164,NA,NS
ENSG00000224259,LINC01133,-0.092763849,0.049735369,NS
ENSG00000224271,EPIC1,0.000511468,NA,NS
ENSG00000224281,SLC25A5-AS1,0.024200435,0.62086037,NS
ENSG00000224292,PORCN-DT,-0.001565933,NA,NS
ENSG00000224349,FAM135A-AS1,0.002720272,NA,NS
ENSG00000224358,TMCO1-AS1,-0.051818566,NA,NS
ENSG00000224363,NA,-0.003904339,NA,NS
ENSG00000224383,PRR29,-0.001429339,NA,NS
ENSG00000224389,C4B,0.001594349,NA,NS
ENSG00000224411,HSP90AA2P,-0.032626506,NA,NS
ENSG00000224418,STK24-AS1,0.000981718,NA,NS
ENSG00000224420,ADM5,0.000590311,NA,NS
ENSG00000224424,PRKAR2A-AS1,0.045427615,0.303018086,NS
ENSG00000224470,ATXN1L,0.031683068,0.518656439,NS
ENSG00000224505,HEXIM2-AS1,0.028559059,NA,NS
ENSG00000224531,SMIM13,-0.032030014,0.480718557,NS
ENSG00000224533,TMLHE-AS1,-0.001198079,NA,NS
ENSG00000224536,CSRP1-AS1,-0.020241171,0.706600213,NS
ENSG00000224546,EIF4BP3,-0.012629976,NA,NS
ENSG00000224578,HNRNPA1L3,-0.041329008,0.390825705,NS
ENSG00000224596,ZMIZ1-AS1,-0.006975957,NA,NS
ENSG00000224609,FGGY-DT,0.010504568,NA,NS
ENSG00000224614,TNK2-AS1,-0.004041975,NA,NS
ENSG00000224616,RTCA-AS1,-0.031517131,0.529081928,NS
ENSG00000224635,NA,-0.00101688,NA,NS
ENSG00000224652,LINC00885,0.016785129,NA,NS
ENSG00000224660,SH3BP5-AS1,0.072174022,NA,NS
ENSG00000224687,RASAL2-AS1,0.018723279,NA,NS
ENSG00000224699,LAMTOR5-AS1,0.021209482,NA,NS
ENSG00000224712,NPIPA3,-0.000731516,NA,NS
ENSG00000224728,IMPDH1P8,-0.005093346,NA,NS
ENSG00000224738,NA,-0.01258988,NA,NS
ENSG00000224746,NA,0.010459054,NA,NS
ENSG00000224769,MUC20P1,0.004908928,NA,NS
ENSG00000224790,HLCS-AS1,-0.002055484,NA,NS
ENSG00000224805,LINC00853,-0.014451894,NA,NS
ENSG00000224810,NA,0.075691224,NA,NS
ENSG00000224812,TMEM72-AS1,-0.009920696,NA,NS
ENSG00000224831,TMEM183BP,0.027268296,NA,NS
ENSG00000224837,GCSHP5,0.013202759,NA,NS
ENSG00000224843,LINC00240,-0.011945406,NA,NS
ENSG00000224858,RPL29P11,-0.015126816,NA,NS
ENSG00000224861,YBX1P1,-0.00067219,NA,NS
ENSG00000224864,NA,-0.004191519,NA,NS
ENSG00000224870,MRPL20-AS1,-0.020893052,0.689070484,NS
ENSG00000224877,NDUFAF8,-0.062307821,0.163832069,NS
ENSG00000224886,NA,0.004763868,NA,NS
ENSG00000224888,HSALR1,-0.005038926,NA,NS
ENSG00000224897,POT1-AS1,-0.000256356,NA,NS
ENSG00000224903,RNF32-AS1,-0.011093591,NA,NS
ENSG00000224905,NA,0.004689083,NA,NS
ENSG00000224910,LINC01766,-0.005173374,NA,NS
ENSG00000224914,LINC00863,-0.021186369,0.67723464,NS
ENSG00000224934,GOT1-DT,-0.008070203,NA,NS
ENSG00000224940,PRRT4,0.007051976,NA,NS
ENSG00000224961,LINC01752,-0.007404914,NA,NS
ENSG00000224975,INE1,0.005325048,NA,NS
ENSG00000224984,NA,-0.003038893,NA,NS
ENSG00000224985,NA,-0.002878407,NA,NS
ENSG00000225031,EIF4BP7,0.009593659,NA,NS
ENSG00000225032,NA,-0.001854525,NA,NS
ENSG00000225039,LINC01058,-0.002385448,NA,NS
ENSG00000225077,ICMT-DT,-0.003770849,NA,NS
ENSG00000225087,NA,0.001781071,NA,NS
ENSG00000225096,NA,-0.008562804,NA,NS
ENSG00000225108,ZBTB45P1,-0.000481887,NA,NS
ENSG00000225112,NA,-0.004649792,NA,NS
ENSG00000225131,PSME2P2,-0.005443945,NA,NS
ENSG00000225137,DYNC1I2P1,-0.003857102,NA,NS
ENSG00000225138,SLC9A3-AS1,0.010345363,NA,NS
ENSG00000225146,NA,-0.000634169,NA,NS
ENSG00000225159,NPM1P39,-0.001895899,NA,NS
ENSG00000225173,NA,-0.002244003,NA,NS
ENSG00000225177,NHSL1-AS1,-0.001175072,NA,NS
ENSG00000225190,PLEKHM1,-0.024286128,0.6488727,NS
ENSG00000225200,NA,-0.006199072,NA,NS
ENSG00000225235,INTS6L-AS1,-0.01516088,NA,NS
ENSG00000225255,PSLNR,-0.072027002,0.096344444,NS
ENSG00000225258,NA,-0.010542015,NA,NS
ENSG00000225259,ST13P6,0.007908092,NA,NS
ENSG00000225265,TAF1A-AS1,-0.040181859,0.385335796,NS
ENSG00000225285,LINC01770,-0.017629642,NA,NS
ENSG00000225335,NA,0.010177405,NA,NS
ENSG00000225339,NA,0.014862708,NA,NS
ENSG00000225345,SNX18P3,0.002113748,NA,NS
ENSG00000225361,PPP1R26-AS1,0.073860887,0.103871588,NS
ENSG00000225377,NRSN2-AS1,0.019086369,0.733417595,NS
ENSG00000225411,NA,-0.007929441,NA,NS
ENSG00000225431,LINC01671,0.014296818,NA,NS
ENSG00000225439,BOLA3-DT,0.031021437,NA,NS
ENSG00000225465,RFPL1S,0.010357221,NA,NS
ENSG00000225470,JPX,-0.010005939,0.87194892,NS
ENSG00000225484,NUTM2B-AS1,0.005020224,0.940314665,NS
ENSG00000225506,CYP4A22-AS1,-0.018742958,NA,NS
ENSG00000225518,LINC01703,-0.002201254,NA,NS
ENSG00000225521,SNED1-AS1,-0.003903122,NA,NS
ENSG00000225526,MKRN2OS,-0.025470526,NA,NS
ENSG00000225532,NA,0.003621057,NA,NS
ENSG00000225555,NA,-0.012818921,NA,NS
ENSG00000225556,C2CD4D,0.004842837,NA,NS
ENSG00000225573,RPL35P5,-0.013614759,NA,NS
ENSG00000225580,PA2G4P5,-0.007045341,NA,NS
ENSG00000225581,TRIM53AP,-0.012916698,NA,NS
ENSG00000225630,MTND2P28,0.03997686,NA,NS
ENSG00000225648,SBDSP1,0.001383934,NA,NS
ENSG00000225663,MCRIP1,-0.052318101,0.262326191,NS
ENSG00000225675,LRP8-DT,0.017680962,NA,NS
ENSG00000225684,FAM225B,0.002260333,NA,NS
ENSG00000225693,LAGE3P1,-0.009939368,NA,NS
ENSG00000225697,SLC26A6,-0.002017028,0.974472196,NS
ENSG00000225733,FGD5-AS1,0.014050797,0.79159469,NS
ENSG00000225778,PROSER2-AS1,0.002576858,NA,NS
ENSG00000225791,TRAM2-AS1,-0.0433334,0.345633438,NS
ENSG00000225793,TMEM30A-DT,-0.012317917,NA,NS
ENSG00000225806,NA,-0.010171594,NA,NS
ENSG00000225822,UBXN7-AS1,-0.004386311,NA,NS
ENSG00000225828,FAM229A,-0.001868095,NA,NS
ENSG00000225830,ERCC6,0.101762889,0.011210708,NS
ENSG00000225833,ACE2-DT,0.005577515,NA,NS
ENSG00000225850,NA,-0.001281722,NA,NS
ENSG00000225855,RUSC1-AS1,0.002930809,NA,NS
ENSG00000225880,LINC00115,0.031889096,0.487927031,NS
ENSG00000225891,DHDDS-AS1,-0.006209794,NA,NS
ENSG00000225921,NOL7,-0.001871038,0.973169013,NS
ENSG00000225937,PCA3,0.008632984,NA,NS
ENSG00000225945,ZFAND3-DT,0.001276867,NA,NS
ENSG00000225950,NTF4,-0.009074781,NA,NS
ENSG00000225953,SATB2-AS1,-0.015324679,NA,NS
ENSG00000225968,ELFN1,0.006791074,NA,NS
ENSG00000225972,MTND1P23,0.014920539,NA,NS
ENSG00000225973,PIGBOS1,0.01573075,0.778996393,NS
ENSG00000225975,ZNF567-DT,-0.012262935,NA,NS
ENSG00000226007,FAM88F,-0.02309374,NA,NS
ENSG00000226009,KCNIP2-AS1,-0.019163483,NA,NS
ENSG00000226015,CCT8P1,-0.007798945,NA,NS
ENSG00000226026,RWDD3-DT,-0.00322781,NA,NS
ENSG00000226049,TLK2P1,-0.006878736,NA,NS
ENSG00000226054,MEMO1P1,-0.002533235,NA,NS
ENSG00000226065,ZBTB45P2,-0.000547632,NA,NS
ENSG00000226067,LINC00623,0.07779724,NA,NS
ENSG00000226084,RPL17P6,-0.008637115,NA,NS
ENSG00000226085,UQCRFS1P1,-0.015903765,0.764161839,NS
ENSG00000226087,NA,0.006379397,NA,NS
ENSG00000226121,AHCTF1P1,-0.008128769,NA,NS
ENSG00000226124,FTCDNL1,0.023910976,0.640275666,NS
ENSG00000226137,BAIAP2-DT,-0.0334138,0.491330244,NS
ENSG00000226174,TEX22,0.002141468,NA,NS
ENSG00000226180,NA,-0.038554109,NA,NS
ENSG00000226200,SGMS1-AS1,-0.003384171,NA,NS
ENSG00000226221,RPL26P19,-0.014073016,NA,NS
ENSG00000226237,GAS1RR,-0.00179954,NA,NS
ENSG00000226251,LINC02608,0.021643943,NA,NS
ENSG00000226259,GTF2H2B,-0.037317824,0.447010495,NS
ENSG00000226266,NA,-0.015549315,NA,NS
ENSG00000226268,NA,-0.047737848,NA,NS
ENSG00000226310,NA,-0.003204984,NA,NS
ENSG00000226328,NUP50-DT,0.075290605,0.102777099,NS
ENSG00000226349,NA,-0.014651949,NA,NS
ENSG00000226360,RPL10AP6,0.009067656,NA,NS
ENSG00000226363,HAGLROS,0.003314697,NA,NS
ENSG00000226383,LINC01876,0.039316427,0.377067831,NS
ENSG00000226386,PARD3-DT,-0.006026634,NA,NS
ENSG00000226415,TPI1P1,-0.036961474,NA,NS
ENSG00000226419,SLC16A1-AS1,-0.007931112,NA,NS
ENSG00000226432,AKTIPP2,0.00127384,NA,NS
ENSG00000226445,THBS2-AS1,-0.02507589,NA,NS
ENSG00000226453,LINC02542,0.021300246,NA,NS
ENSG00000226465,NA,0.004178994,NA,NS
ENSG00000226471,NA,-0.025323959,NA,NS
ENSG00000226476,LINC01748,0.033843002,NA,NS
ENSG00000226479,TMEM185B,0.057755801,0.141063676,NS
ENSG00000226519,LINC00390,-0.016864323,NA,NS
ENSG00000226525,RPS7P10,0.008808411,NA,NS
ENSG00000226564,FTH1P20,0.002170185,NA,NS
ENSG00000226608,FTLP3,-0.005393674,NA,NS
ENSG00000226609,SNX30-DT,-0.015509198,NA,NS
ENSG00000226644,LINC03086,-0.01183872,NA,NS
ENSG00000226648,PLCG1-AS1,0.003114707,NA,NS
ENSG00000226686,LINC01535,0.010319247,NA,NS
ENSG00000226688,ENTPD1-AS1,0.038372978,0.409025913,NS
ENSG00000226696,LENG8-AS1,0.015343208,NA,NS
ENSG00000226711,FAM66C,0.0025352,NA,NS
ENSG00000226723,NA,0.002505373,NA,NS
ENSG00000226742,HSBP1L1,0.193624896,0.000114945,NS
ENSG00000226754,MAGOH-DT,-0.022413667,NA,NS
ENSG00000226756,NA,0.006037466,NA,NS
ENSG00000226763,SRRM5,0.012093272,NA,NS
ENSG00000226784,PGAM4,-0.002331455,NA,NS
ENSG00000226800,CACTIN-AS1,0.000571855,NA,NS
ENSG00000226803,ZNF451-AS1,-0.010494422,NA,NS
ENSG00000226824,NA,0.008170271,NA,NS
ENSG00000226833,PPP1CB-DT,-0.002483841,NA,NS
ENSG00000226853,GPR155-DT,0.006251212,NA,NS
ENSG00000226856,THORLNC,-0.03479152,NA,NS
ENSG00000226885,E2F6P3,-0.009100594,NA,NS
ENSG00000226887,ERVMER34-1,0.068344411,NA,NS
ENSG00000226889,ATF6-DT,0.018585555,0.736910118,NS
ENSG00000226913,BSN-DT,-0.026770468,NA,NS
ENSG00000226935,LINC00161,0.062863444,0.170234647,NS
ENSG00000226944,RNF207-AS1,0.002423822,NA,NS
ENSG00000226950,DANCR,-0.013490927,0.804947351,NS
ENSG00000226954,NA,-0.00114918,NA,NS
ENSG00000226964,RHEBP2,0.000143624,NA,NS
ENSG00000226965,NA,-0.019602361,NA,NS
ENSG00000226969,PRKCZ-DT,-0.005428304,NA,NS
ENSG00000226976,COX6A1P2,-0.011936282,NA,NS
ENSG00000227008,RPS24P19,-0.011747224,NA,NS
ENSG00000227013,OR7E96P,0.00438625,NA,NS
ENSG00000227036,LINC00511,0.0550727,NA,NS
ENSG00000227043,LINC01682,0.005298668,NA,NS
ENSG00000227051,C14orf132,0.070216098,0.110577938,NS
ENSG00000227057,WDR46,-0.04857153,0.256886386,NS
ENSG00000227063,RPL41P1,-0.014424302,NA,NS
ENSG00000227070,EPS15-AS1,-0.000447418,NA,NS
ENSG00000227071,FOCAD-AS1,0.004957321,NA,NS
ENSG00000227081,RPS27P3,-0.018100563,NA,NS
ENSG00000227097,RPS28P7,-0.040068673,NA,NS
ENSG00000227121,LINC02672,0.015571998,NA,NS
ENSG00000227124,ZNF717,0.002371327,0.968278814,NS
ENSG00000227141,NA,0.000468566,NA,NS
ENSG00000227145,IL21-AS1,0.005058294,NA,NS
ENSG00000227165,WDR11-DT,-0.003338783,NA,NS
ENSG00000227172,YAE1-DT,0.004634118,NA,NS
ENSG00000227189,NA,0.005719317,NA,NS
ENSG00000227191,TRGC2,-0.000614283,NA,NS
ENSG00000227193,NA,0.000423682,NA,NS
ENSG00000227199,ST7-AS1,-0.008286967,NA,NS
ENSG00000227210,WDR35-DT,-0.000664548,NA,NS
ENSG00000227214,HCG15,-0.01838426,NA,NS
ENSG00000227252,COPS8-DT,0.061370597,NA,NS
ENSG00000227256,MIS18A-AS1,-0.00592363,NA,NS
ENSG00000227258,SMIM2-AS1,-0.01992106,NA,NS
ENSG00000227268,KLLN,0.002024021,NA,NS
ENSG00000227292,NA,-0.012280329,NA,NS
ENSG00000227344,HAUS6P1,-0.011218222,NA,NS
ENSG00000227345,PARG,0.026149957,0.574562425,NS
ENSG00000227354,RBM26-AS1,0.015679256,NA,NS
ENSG00000227355,NA,0.002458154,NA,NS
ENSG00000227373,RABGAP1L-DT,-0.007387374,NA,NS
ENSG00000227375,DLG1-AS1,-0.002413167,NA,NS
ENSG00000227398,KIF9-AS1,-0.003132063,NA,NS
ENSG00000227477,STK4-DT,-0.011139472,NA,NS
ENSG00000227486,NA,-0.001389216,NA,NS
ENSG00000227492,CHUK-DT,-0.00436735,NA,NS
ENSG00000227496,NA,-0.000247492,NA,NS
ENSG00000227500,SCAMP4,-0.002652715,0.959494366,NS
ENSG00000227533,SLC2A1-DT,-0.00388467,NA,NS
ENSG00000227543,SPAG5-AS1,-0.000847098,NA,NS
ENSG00000227582,ADGRF5P1,-0.00397199,NA,NS
ENSG00000227589,TP73-AS3,-0.002671281,NA,NS
ENSG00000227615,NA,-0.016739406,NA,NS
ENSG00000227617,CERS6-AS1,-0.006179021,NA,NS
ENSG00000227627,NA,0.016250766,NA,NS
ENSG00000227630,LINC01132,-0.000385016,NA,NS
ENSG00000227646,STEAP2-AS1,0.005525022,NA,NS
ENSG00000227694,RPL23AP74,-0.004896509,NA,NS
ENSG00000227704,NA,0.011401911,NA,NS
ENSG00000227712,NA,-0.002801783,NA,NS
ENSG00000227733,NA,-0.009710303,NA,NS
ENSG00000227741,NA,-0.019951533,NA,NS
ENSG00000227766,NA,0.007710931,NA,NS
ENSG00000227848,SUCLA2-AS1,-0.007880416,NA,NS
ENSG00000227857,NA,-0.016950433,NA,NS
ENSG00000227885,NA,0.003525808,NA,NS
ENSG00000227888,FAM66A,-0.008580783,NA,NS
ENSG00000227896,WAPL-DT,0.008059594,NA,NS
ENSG00000227908,IL6ST-DT,0.011103571,NA,NS
ENSG00000227939,RPL3P2,0.002004471,NA,NS
ENSG00000227946,INO80D-AS1,-0.021207573,NA,NS
ENSG00000227953,LINC01341,-0.048701088,0.284676696,NS
ENSG00000227959,EPHA2-AS1,0.006231648,NA,NS
ENSG00000227963,RBM15-AS1,-0.026645623,0.583092927,NS
ENSG00000228013,IL6R-AS1,-0.003116934,NA,NS
ENSG00000228033,NA,-0.004801752,NA,NS
ENSG00000228043,SPOPL-DT,-0.010149329,NA,NS
ENSG00000228049,POLR2J2,0.011522469,NA,NS
ENSG00000228057,SEC63P1,0.007303106,NA,NS
ENSG00000228063,LYPLAL1-DT,-0.006967665,NA,NS
ENSG00000228072,NA,-0.018006713,NA,NS
ENSG00000228084,NA,-0.042047368,NA,NS
ENSG00000228109,MELTF-AS1,-0.022201967,NA,NS
ENSG00000228126,FALEC,-0.01974769,NA,NS
ENSG00000228140,EFHD2-AS1,-0.007807651,NA,NS
ENSG00000228144,NA,-0.002847019,NA,NS
ENSG00000228150,NA,-0.005863928,NA,NS
ENSG00000228158,TLE1P1,0.006331783,NA,NS
ENSG00000228172,NA,-0.002963315,NA,NS
ENSG00000228175,GEMIN8P4,0.001572313,NA,NS
ENSG00000228192,ZNF691-DT,-0.007207305,NA,NS
ENSG00000228201,NA,-0.003560075,NA,NS
ENSG00000228205,RPS3P3,-0.007397088,NA,NS
ENSG00000228232,GAPDHP1,-0.001859919,NA,NS
ENSG00000228253,MT-ATP8,0.022920977,0.533404791,NS
ENSG00000228274,TOMM22-DT,0.022462565,NA,NS
ENSG00000228288,PCAT6,-0.021518656,0.667418286,NS
ENSG00000228300,FAM174C,-0.033195799,0.486935853,NS
ENSG00000228305,PRELID1P6,-0.002981976,NA,NS
ENSG00000228315,GUSBP11,0.080032971,NA,NS
ENSG00000228323,MYADM-AS1,-0.015075938,NA,NS
ENSG00000228340,MIR646HG,0.076804723,NA,NS
ENSG00000228350,LINC02585,-0.006862758,NA,NS
ENSG00000228395,NA,0.00435205,NA,NS
ENSG00000228397,LINC01635,0.002401357,NA,NS
ENSG00000228412,LNC-LBCS,-0.006585854,NA,NS
ENSG00000228426,ZNF32-AS3,-0.006195223,NA,NS
ENSG00000228436,RRAGC-DT,0.033247808,NA,NS
ENSG00000228451,SDAD1P1,0.000842278,NA,NS
ENSG00000228474,OST4,-0.083321554,0.043865572,NS
ENSG00000228486,C2orf92,0.011161014,NA,NS
ENSG00000228502,EEF1A1P11,0.003050593,NA,NS
ENSG00000228506,PNISR-AS1,0.013758629,NA,NS
ENSG00000228509,NA,-0.014154738,NA,NS
ENSG00000228519,RANBP1P1,-0.003887844,NA,NS
ENSG00000228526,MIR34AHG,0.076410841,NA,NS
ENSG00000228528,NA,0.001615497,NA,NS
ENSG00000228532,SUMO2P21,-0.012263817,NA,NS
ENSG00000228544,CCDC183-AS1,-0.019063592,NA,NS
ENSG00000228549,LINC03126,0.001854222,NA,NS
ENSG00000228559,NA,0.006457231,NA,NS
ENSG00000228566,NA,-0.000458857,NA,NS
ENSG00000228570,NUTM2E,-0.005721231,NA,NS
ENSG00000228589,SPCS2P4,0.004798038,NA,NS
ENSG00000228594,FNDC10,-0.006252891,0.911904394,NS
ENSG00000228606,DCAF8-DT,-0.0091679,NA,NS
ENSG00000228623,ZNF883,0.040308837,0.394594243,NS
ENSG00000228624,HDAC2-AS2,-0.00469215,NA,NS
ENSG00000228638,FCF1P2,-0.008852547,NA,NS
ENSG00000228649,SNHG26,0.011251127,NA,NS
ENSG00000228661,STIM1-AS1,-0.002189506,NA,NS
ENSG00000228672,PROB1,0.000830821,NA,NS
ENSG00000228696,ARL17B,-0.117039183,NA,NS
ENSG00000228701,TNKS2-DT,-0.016180946,NA,NS
ENSG00000228705,LINC00659,0.002567502,NA,NS
ENSG00000228709,LINC02575,0.007249015,NA,NS
ENSG00000228716,DHFR,-0.047334608,0.13258644,NS
ENSG00000228727,SAPCD1,-0.001407494,NA,NS
ENSG00000228737,NA,-0.013526922,NA,NS
ENSG00000228775,WEE2-AS1,-0.016738332,NA,NS
ENSG00000228782,MRPL45P2,-0.005742208,NA,NS
ENSG00000228791,THRB-AS1,-0.035949504,NA,NS
ENSG00000228793,NA,-0.00038144,NA,NS
ENSG00000228794,LINC01128,0.049725158,0.266437518,NS
ENSG00000228801,PCMTD1-DT,0.016748617,0.770724468,NS
ENSG00000228812,LAMA5-AS1,-0.059998049,0.188414244,NS
ENSG00000228830,NA,0.002709551,NA,NS
ENSG00000228839,PIK3IP1-DT,-0.00270362,NA,NS
ENSG00000228857,ACTR3-AS1,0.014218137,NA,NS
ENSG00000228873,NA,-0.004438063,NA,NS
ENSG00000228877,NA,0.001525583,NA,NS
ENSG00000228878,SEPTIN7-DT,0.003464234,NA,NS
ENSG00000228889,UBAC2-AS1,-0.067578926,NA,NS
ENSG00000228915,OR7E128P,0.005077393,NA,NS
ENSG00000228927,TSPY3,-0.000454302,NA,NS
ENSG00000228929,RPS13P2,-0.009592561,NA,NS
ENSG00000228933,NA,-0.012542102,NA,NS
ENSG00000228981,NA,-0.00711113,NA,NS
ENSG00000228998,PERPP2,-0.008631112,NA,NS
ENSG00000229017,LINC01277,0.001663994,NA,NS
ENSG00000229043,ZFAND2A-DT,-0.066308336,0.146741549,NS
ENSG00000229056,HECW2-AS1,0.024368651,NA,NS
ENSG00000229109,FRMD3-AS1,-0.007717697,NA,NS
ENSG00000229117,RPL41,-0.05955826,0.196740887,NS
ENSG00000229119,RPLP0P9,-0.010777215,NA,NS
ENSG00000229124,VIM-AS1,0.033626059,NA,NS
ENSG00000229127,KANSL1L-AS1,0.00974576,NA,NS
ENSG00000229132,EIF4A1P10,-0.011550202,0.829635911,NS
ENSG00000229152,ANKRD10-IT1,-0.006500539,NA,NS
ENSG00000229178,NA,-0.004363548,NA,NS
ENSG00000229214,LINC00242,0.013672774,NA,NS
ENSG00000229257,NA,-0.002943621,NA,NS
ENSG00000229267,SNHG31,0.020303921,NA,NS
ENSG00000229273,NA,-0.037060488,NA,NS
ENSG00000229278,NA,-0.017452723,NA,NS
ENSG00000229320,KRT8P12,-0.001798048,NA,NS
ENSG00000229321,NA,0.002426851,NA,NS
ENSG00000229332,PGBD4P8,0.00051025,NA,NS
ENSG00000229335,DANT1,-0.001828574,NA,NS
ENSG00000229337,NA,-0.010495358,NA,NS
ENSG00000229388,TAF12-DT,-0.014576223,NA,NS
ENSG00000229419,RALGAPA1P1,0.003644123,NA,NS
ENSG00000229422,NA,-4.49E-05,NA,NS
ENSG00000229431,MED8-AS1,0.002641749,NA,NS
ENSG00000229536,LINC02572,-0.006686568,NA,NS
ENSG00000229539,PANK2-AS1,0.0226358,NA,NS
ENSG00000229544,NKX1-2,-0.006158778,NA,NS
ENSG00000229589,ACVR2B-AS1,0.011348469,NA,NS
ENSG00000229619,MBNL1-AS1,0.029841935,NA,NS
ENSG00000229637,PRAC2,-0.09808213,0.025689466,NS
ENSG00000229638,RPL4P4,0.003879609,NA,NS
ENSG00000229644,NAMPTP1,-0.007846394,NA,NS
ENSG00000229656,ITGB1-DT,-0.002469275,NA,NS
ENSG00000229666,MAST4-AS1,0.011375578,NA,NS
ENSG00000229676,ZNF492,-0.000929056,NA,NS
ENSG00000229689,ANKRD33BP1,-0.014192582,NA,NS
ENSG00000229692,SOS1-IT1,0.015947638,NA,NS
ENSG00000229809,ZNF688,-0.044837316,NA,NS
ENSG00000229833,PET100,-0.119204764,0.011058645,NS
ENSG00000229839,NA,0.001252341,NA,NS
ENSG00000229848,NA,0.010047034,NA,NS
ENSG00000229869,LARP4B-DT,-0.006273249,NA,NS
ENSG00000229891,LINC01315,-0.001625439,NA,NS
ENSG00000229896,NA,0.045165006,NA,NS
ENSG00000229927,RHEBP1,0.027368156,NA,NS
ENSG00000229931,ATXN1-AS1,-0.000631527,NA,NS
ENSG00000229932,YWHAZP3,0.002383473,NA,NS
ENSG00000229944,EIF4EP2,-0.033312415,NA,NS
ENSG00000229950,TFAP2A-AS1,-0.004683039,NA,NS
ENSG00000229953,BCAN-AS2,-0.015052323,NA,NS
ENSG00000229956,ZRANB2-DT,-0.004330174,NA,NS
ENSG00000229980,TOB1-AS1,-0.057127323,NA,NS
ENSG00000230002,ALMS1-IT1,0.002622591,NA,NS
ENSG00000230061,TRPM2-AS,-0.009450766,0.865911276,NS
ENSG00000230071,RPL4P6,0.003925393,NA,NS
ENSG00000230074,NA,0.003643829,0.954796676,NS
ENSG00000230082,PRRT3-AS1,-0.0305012,NA,NS
ENSG00000230091,TMEM254-AS1,-0.038498596,0.425758971,NS
ENSG00000230124,ACBD6,-0.005140921,0.935891952,NS
ENSG00000230154,AIDAP1,-0.001182758,NA,NS
ENSG00000230185,HSDL2-AS1,0.007520578,NA,NS
ENSG00000230197,NA,-0.011588611,NA,NS
ENSG00000230202,RPL29P4,-0.030971637,NA,NS
ENSG00000230207,RPL4P5,-0.000535937,NA,NS
ENSG00000230234,NA,0.151377508,0.000798147,NS
ENSG00000230267,HERC2P4,-0.007879824,NA,NS
ENSG00000230316,FEZF1-AS1,-0.013312368,NA,NS
ENSG00000230319,TTLL1-AS1,0.001397631,NA,NS
ENSG00000230330,HMGN2P3,-0.001735244,NA,NS
ENSG00000230333,NA,0.005821637,NA,NS
ENSG00000230337,EXOSC10-AS1,0.003849065,NA,NS
ENSG00000230359,TPI1P2,0.002044047,NA,NS
ENSG00000230373,GOLGA6L5P,-0.000642036,NA,NS
ENSG00000230383,RPL6P19,-0.014442113,NA,NS
ENSG00000230392,LINC03098,-0.00033743,NA,NS
ENSG00000230393,NA,-0.032174218,NA,NS
ENSG00000230409,TCEA1P2,0.005321435,NA,NS
ENSG00000230417,LINC00595,0.008802848,NA,NS
ENSG00000230423,NA,0.003627485,NA,NS
ENSG00000230424,EMC1-AS1,0.001352217,NA,NS
ENSG00000230454,NA,-0.015432595,NA,NS
ENSG00000230457,PA2G4P4,-0.008901988,NA,NS
ENSG00000230471,NA,-0.018096581,NA,NS
ENSG00000230479,LNCTSI,0.002020272,NA,NS
ENSG00000230487,PSMG3-AS1,0.002946691,NA,NS
ENSG00000230490,NA,-0.002141836,NA,NS
ENSG00000230492,NA,-0.005327234,NA,NS
ENSG00000230513,THAP7-AS1,-0.022275139,0.666812042,NS
ENSG00000230530,LIMD1-AS1,0.009223997,NA,NS
ENSG00000230551,NA,-0.006193925,0.918622435,NS
ENSG00000230555,LINC02916,-0.012561242,NA,NS
ENSG00000230562,FAM133DP,-0.002741443,NA,NS
ENSG00000230590,FTX,0.040914784,0.372375481,NS
ENSG00000230606,APPAT,0.0184908,NA,NS
ENSG00000230613,HM13-AS1,-0.001255937,NA,NS
ENSG00000230615,NA,-0.029034627,NA,NS
ENSG00000230626,NA,-0.003097557,NA,NS
ENSG00000230629,RPS23P8,-0.001216391,NA,NS
ENSG00000230648,NA,-0.041505926,NA,NS
ENSG00000230650,NA,0.024203648,NA,NS
ENSG00000230658,KLHL7-DT,0.006691655,NA,NS
ENSG00000230679,ENO1-AS1,-0.007220711,NA,NS
ENSG00000230695,FN1-DT,0.002178244,NA,NS
ENSG00000230701,FBXW4P1,-0.008634436,NA,NS
ENSG00000230724,LINC01001,0.016228781,NA,NS
ENSG00000230725,NA,0.008196426,NA,NS
ENSG00000230732,NA,-0.003666226,NA,NS
ENSG00000230773,NA,0.011253596,NA,NS
ENSG00000230797,YY2,0.004344273,0.943155099,NS
ENSG00000230798,FOXD3-AS1,-0.005321587,NA,NS
ENSG00000230832,SSBL4P,0.001363604,NA,NS
ENSG00000230844,ZNF674-AS1,0.013428787,0.818076648,NS
ENSG00000230847,OCLNP1,0.02721604,NA,NS
ENSG00000230869,AGAP10P,-0.004076905,NA,NS
ENSG00000230870,FBXW11P1,0.004781716,NA,NS
ENSG00000230882,NA,-0.048612343,NA,NS
ENSG00000230896,NA,0.00228833,NA,NS
ENSG00000230955,INPP5B-AS1,0.000113247,NA,NS
ENSG00000230979,NA,-0.022903052,NA,NS
ENSG00000230989,HSBP1,-0.038099772,0.392752654,NS
ENSG00000231007,CDC20P1,-0.02470004,NA,NS
ENSG00000231010,NA,-0.007956176,NA,NS
ENSG00000231028,AHI1-DT,0.017547235,NA,NS
ENSG00000231043,NA,0.002381934,NA,NS
ENSG00000231050,GNB1-DT,0.016503107,NA,NS
ENSG00000231056,LINC02522,-0.004496085,NA,NS
ENSG00000231064,THBS3-AS1,-0.000379019,NA,NS
ENSG00000231066,NPM1P9,0.000591149,NA,NS
ENSG00000231074,HCG18,0.025777012,0.616679485,NS
ENSG00000231113,LINC02976,-0.003547075,NA,NS
ENSG00000231150,DNAH8-AS1,-0.004953195,NA,NS
ENSG00000231154,MORF4L2-AS1,0.007592686,NA,NS
ENSG00000231160,KLF3-AS1,0.000257659,NA,NS
ENSG00000231167,YBX1P2,-0.003258622,NA,NS
ENSG00000231177,LINC00852,-0.012691052,NA,NS
ENSG00000231187,SYT15-AS1,0.003649375,NA,NS
ENSG00000231233,CFAP58-DT,0.021634793,NA,NS
ENSG00000231245,C1DP1,-0.014522261,NA,NS
ENSG00000231249,ITPR1-DT,-0.004333021,NA,NS
ENSG00000231312,MAP4K3-DT,-0.004038571,NA,NS
ENSG00000231327,LINC01816,-0.00201722,NA,NS
ENSG00000231365,WARS2-AS1,0.011695403,0.846428376,NS
ENSG00000231367,LINC02613,-0.004366296,NA,NS
ENSG00000231389,HLA-DPA1,0.01241848,NA,NS
ENSG00000231439,WASIR2,0.002476821,NA,NS
ENSG00000231460,NA,0.001743233,NA,NS
ENSG00000231473,RB1-DT,0.001832011,NA,NS
ENSG00000231500,RPS18,-0.080329154,0.038393887,NS
ENSG00000231527,FAM27C,-0.014089179,NA,NS
ENSG00000231528,FAM225A,-0.004758653,NA,NS
ENSG00000231535,LINC00278,0.006489138,NA,NS
ENSG00000231536,NA,0.004993321,NA,NS
ENSG00000231563,NA,0.001291906,NA,NS
ENSG00000231607,DLEU2,-0.035674156,0.456204348,NS
ENSG00000231651,DLG3-AS1,-0.0017439,NA,NS
ENSG00000231663,COA6-AS1,-0.056019128,0.221450355,NS
ENSG00000231689,LINC01090,-0.022626504,NA,NS
ENSG00000231690,LINC00574,0.055261774,NA,NS
ENSG00000231711,LINC00899,-0.00845031,NA,NS
ENSG00000231721,LINC-PINT,-0.024595368,NA,NS
ENSG00000231742,LINC01273,0.027594025,NA,NS
ENSG00000231760,NA,-0.006558877,NA,NS
ENSG00000231767,RPS27AP5,0.00949731,NA,NS
ENSG00000231768,LINC01354,0.088808335,NA,NS
ENSG00000231769,NA,0.016844652,NA,NS
ENSG00000231770,TMEM44-AS1,-0.028867057,0.572619817,NS
ENSG00000231776,LINC01611,-0.002341379,NA,NS
ENSG00000231789,PIK3CD-AS2,-0.019243574,NA,NS
ENSG00000231806,PCAT7,0.031790232,NA,NS
ENSG00000231840,TMEM139-AS1,-0.004019293,NA,NS
ENSG00000231856,NA,-0.02972171,NA,NS
ENSG00000231864,NA,0.002142636,NA,NS
ENSG00000231871,IPO9-AS1,-0.000263681,NA,NS
ENSG00000231887,PRH1,-0.009370498,NA,NS
ENSG00000231889,TRAF3IP2-AS1,-0.014616382,NA,NS
ENSG00000231890,DARS1-AS1,-0.026277256,NA,NS
ENSG00000231908,IDH1-AS1,-0.044765231,NA,NS
ENSG00000231920,NEBL-AS1,-0.003748571,NA,NS
ENSG00000231925,TAPBP,0.05742618,0.190011293,NS
ENSG00000231937,NA,0.003018918,NA,NS
ENSG00000231966,LINC02818,0.005415353,NA,NS
ENSG00000231993,EP300-AS1,-0.048048298,0.310842644,NS
ENSG00000231999,LRRC8C-DT,0.005944471,NA,NS
ENSG00000232004,CAP1P2,-0.003484324,NA,NS
ENSG00000232021,LEF1-AS1,0.002132278,NA,NS
ENSG00000232024,LSM12P1,0.016623499,NA,NS
ENSG00000232028,PRKD3-DT,-0.002656476,NA,NS
ENSG00000232040,SCAND3,0.002035053,NA,NS
ENSG00000232044,SILC1,-0.007624226,NA,NS
ENSG00000232065,LINC01063,-0.019554888,NA,NS
ENSG00000232070,TMEM253,0.01270216,NA,NS
ENSG00000232079,LINC01697,0.000654589,NA,NS
ENSG00000232093,DCST1-AS1,-0.1890164,0.003162259,NS
ENSG00000232098,ZNF584-DT,0.016072699,0.780140069,NS
ENSG00000232104,RFX3-DT,0.013392803,NA,NS
ENSG00000232112,TMA7,-0.052642048,0.259836688,NS
ENSG00000232119,MCTS1,-0.061333636,0.141806864,NS
ENSG00000232150,ST13P4,0.001033799,NA,NS
ENSG00000232160,RAP2C-AS1,0.005596995,NA,NS
ENSG00000232176,NA,-0.009371453,NA,NS
ENSG00000232187,FTH1P7,0.003530425,NA,NS
ENSG00000232197,NA,-0.010218945,NA,NS
ENSG00000232233,LINC02043,-0.005833211,NA,NS
ENSG00000232237,ASCL5,-0.005876947,NA,NS
ENSG00000232284,GNG12-AS1,-0.000610507,NA,NS
ENSG00000232300,FAM215B,0.002632527,NA,NS
ENSG00000232303,DFFBP1,-0.011400315,NA,NS
ENSG00000232316,LINC02518,0.000560435,NA,NS
ENSG00000232346,RPS17P16,-0.001953857,NA,NS
ENSG00000232347,NA,0.005219593,NA,NS
ENSG00000232352,SEMA3B-AS1,-0.007682964,NA,NS
ENSG00000232388,SMIM26,-0.029588937,0.552160999,NS
ENSG00000232412,STAG2-AS1,-0.011789517,NA,NS
ENSG00000232434,AJM1,0.03098689,0.531573695,NS
ENSG00000232442,MHENCR,-0.023188407,0.665757621,NS
ENSG00000232445,EMSLR,0.058071139,0.174975611,NS
ENSG00000232453,LINC02777,-0.009289462,NA,NS
ENSG00000232472,EEF1B2P3,-0.010646408,NA,NS
ENSG00000232479,KRT8P52,-0.016806624,NA,NS
ENSG00000232485,RPL37A-DT,-0.016255271,NA,NS
ENSG00000232499,NA,-0.003301044,NA,NS
ENSG00000232527,LINC02802,0.037143599,0.421676398,NS
ENSG00000232531,KMT5AP2,0.000264964,NA,NS
ENSG00000232533,FAM131B-AS2,0.019306458,NA,NS
ENSG00000232536,NA,0.009365454,NA,NS
ENSG00000232573,RPL3P4,-0.004064079,NA,NS
ENSG00000232586,KIAA1614-AS1,0.024887289,NA,NS
ENSG00000232593,KANTR,0.0178751,NA,NS
ENSG00000232599,NA,-0.005025765,NA,NS
ENSG00000232611,NA,-0.009750584,NA,NS
ENSG00000232618,HIVEP2-DT,-0.005962106,NA,NS
ENSG00000232645,LINC01431,-0.009879627,NA,NS
ENSG00000232648,ING2-DT,-0.006065606,NA,NS
ENSG00000232653,GOLGA8N,-0.010040609,NA,NS
ENSG00000232656,IDI2-AS1,0.008235609,NA,NS
ENSG00000232671,ZNF687-AS1,-0.011355779,NA,NS
ENSG00000232677,LINC00665,0.012253879,0.78470499,NS
ENSG00000232721,NA,-0.004204415,NA,NS
ENSG00000232727,YWHAEP1,-0.032975293,NA,NS
ENSG00000232732,NA,-0.005901877,NA,NS
ENSG00000232788,ITGA6-AS1,0.001671418,NA,NS
ENSG00000232827,LINC01189,0.033582661,0.464697354,NS
ENSG00000232828,NA,0.003860486,NA,NS
ENSG00000232838,PET117,0.024794842,0.641598307,NS
ENSG00000232855,NA,0.03981061,NA,NS
ENSG00000232859,LYRM9,-0.046689928,NA,NS
ENSG00000232860,SMG7-AS1,-0.00696171,NA,NS
ENSG00000232874,LINC02924,-1.62E-05,NA,NS
ENSG00000232882,PHKA1P1,0.007041988,NA,NS
ENSG00000232888,RPS11P5,-0.005220889,NA,NS
ENSG00000232903,LINC01166,0.001994781,NA,NS
ENSG00000232920,LINC01400,-0.002439235,NA,NS
ENSG00000232931,LINC00342,0.01114324,NA,NS
ENSG00000232936,PANK1-AS1,0.003339898,NA,NS
ENSG00000232940,HCG25,0.006062731,NA,NS
ENSG00000232956,SNHG15,0.034172234,0.47779596,NS
ENSG00000232969,NA,-0.008489261,NA,NS
ENSG00000232995,NA,-0.007483599,NA,NS
ENSG00000233006,MIR3936HG,-0.023282896,NA,NS
ENSG00000233016,SNHG7,-0.021195677,0.669464711,NS
ENSG00000233024,NPIPA9,0.013375973,NA,NS
ENSG00000233030,NA,-0.036320734,NA,NS
ENSG00000233056,ERVH48-1,0.006490198,NA,NS
ENSG00000233058,ATP13A3-DT,0.009568871,NA,NS
ENSG00000233081,NA,0.002782836,NA,NS
ENSG00000233087,RAB6D,0.015856485,NA,NS
ENSG00000233098,CCDC144NL-AS1,-0.003971927,NA,NS
ENSG00000233111,RAB1C,-0.00806714,NA,NS
ENSG00000233154,LINC01762,-0.009686708,NA,NS
ENSG00000233155,HMGA1P8,0.000762814,NA,NS
ENSG00000233175,FMNL1-AS1,0.017004983,NA,NS
ENSG00000233176,OR7E157P,0.01493923,NA,NS
ENSG00000233184,DPH5-DT,0.01237853,NA,NS
ENSG00000233198,RNF224,-0.044411131,NA,NS
ENSG00000233203,DHCR24-DT,-0.225108532,NA,NS
ENSG00000233220,PRDM10-DT,-0.019223943,NA,NS
ENSG00000233221,ARHGEF4-AS1,0.020915054,NA,NS
ENSG00000233223,MPDU1-AS1,-0.047083509,0.315604156,NS
ENSG00000233225,SSBP3P1,-0.017660617,NA,NS
ENSG00000233230,NA,-0.031659987,NA,NS
ENSG00000233232,NPIPB7,0.00276861,NA,NS
ENSG00000233237,LINC00472,2.71E-05,NA,NS
ENSG00000233242,NA,-0.011301006,NA,NS
ENSG00000233246,PHC2-AS1,0.002181756,NA,NS
ENSG00000233251,NA,0.001007602,NA,NS
ENSG00000233270,SNRPEP4,-0.025741117,NA,NS
ENSG00000233276,GPX1,-0.101596791,0.00556305,NS
ENSG00000233288,NA,-0.006143751,NA,NS
ENSG00000233369,GTF2IP4,0.020260491,0.551657416,NS
ENSG00000233381,AK4P3,-0.005987184,NA,NS
ENSG00000233384,CNIH3-AS2,-0.0032779,NA,NS
ENSG00000233396,LINC01719,0.014063714,0.798119276,NS
ENSG00000233397,NA,0.018072928,NA,NS
ENSG00000233426,EIF3FP3,-0.032918536,NA,NS
ENSG00000233429,HOTAIRM1,-0.007088419,NA,NS
ENSG00000233452,STXBP5-AS1,-0.000378551,NA,NS
ENSG00000233461,NA,-0.008783512,0.886903268,NS
ENSG00000233476,EEF1A1P6,0.042697452,0.344004561,NS
ENSG00000233493,TMEM238,-0.114251234,0.007227215,NS
ENSG00000233515,LINC01518,-0.012338397,NA,NS
ENSG00000233527,ZNF529-AS1,0.040626622,NA,NS
ENSG00000233554,B4GALT1-AS1,0.017666922,NA,NS
ENSG00000233586,NA,0.004673993,NA,NS
ENSG00000233588,CYP51A1P2,0.008383696,NA,NS
ENSG00000233593,LINC02609,0.009427789,NA,NS
ENSG00000233611,GBX2-AS1,-0.008521752,NA,NS
ENSG00000233621,LITATS1,0.022928652,0.650868895,NS
ENSG00000233639,PANTR1,-0.029820787,NA,NS
ENSG00000233642,GPR158-AS1,0.000768951,NA,NS
ENSG00000233654,NEMP2-DT,0.006594609,NA,NS
ENSG00000233672,RNASEH2B-AS1,0.009872012,NA,NS
ENSG00000233673,ANAPC1P1,0.013172107,NA,NS
ENSG00000233695,GAS6-AS1,0.009156632,0.875123515,NS
ENSG00000233705,SLC26A4-AS1,0.015910182,NA,NS
ENSG00000233757,ZNF892,0.011908905,0.843074552,NS
ENSG00000233762,RPS15P4,-0.019204316,NA,NS
ENSG00000233785,SAT1-DT,0.008825629,NA,NS
ENSG00000233791,BTG2-DT,-0.007502094,NA,NS
ENSG00000233797,UFL1-AS1,-0.005815796,NA,NS
ENSG00000233802,TRIM49D2,-0.002826958,0.966483505,NS
ENSG00000233803,TSPY4,-0.000610105,NA,NS
ENSG00000233806,LINC01237,0.009920946,NA,NS
ENSG00000233822,H2BC15,-0.029683786,NA,NS
ENSG00000233830,EIF4HP1,-0.003379859,NA,NS
ENSG00000233849,NA,0.005085809,NA,NS
ENSG00000233871,DLG5-AS1,-0.015265921,NA,NS
ENSG00000233901,LINC01503,-0.003478601,NA,NS
ENSG00000233912,NA,0.007483859,NA,NS
ENSG00000233913,RPL10P9,-0.025716178,NA,NS
ENSG00000233922,LINC01694,0.019004105,NA,NS
ENSG00000233927,RPS28,-0.139156071,0.000434324,NS
ENSG00000233954,UQCRHL,-0.068353333,0.136713995,NS
ENSG00000233966,UBE2SP1,0.001266644,NA,NS
ENSG00000233984,RPSAP14,-0.002116127,NA,NS
ENSG00000234006,DDX39B-AS1,0.000328125,NA,NS
ENSG00000234009,RPL5P34,-0.017264542,NA,NS
ENSG00000234028,EIF2AK3-DT,0.019469731,NA,NS
ENSG00000234072,GTF3C2-AS2,-0.043886213,NA,NS
ENSG00000234127,TRIM26,-0.027248135,0.542023674,NS
ENSG00000234129,HCCS-DT,-0.030499229,NA,NS
ENSG00000234160,NA,0.012615158,NA,NS
ENSG00000234171,RNASEH1-DT,-0.02882975,0.573198196,NS
ENSG00000234183,H2AZ2-DT,-0.015904839,NA,NS
ENSG00000234241,SYNCRIPP1,-0.001044423,NA,NS
ENSG00000234264,DEPDC1-AS1,0.001087401,NA,NS
ENSG00000234284,ZNF879,0.013513953,NA,NS
ENSG00000234286,NA,0.010844309,NA,NS
ENSG00000234287,RPS27P4,-0.007526215,NA,NS
ENSG00000234311,LINC03068,-0.020661384,NA,NS
ENSG00000234327,ZNF232-AS1,-0.003684145,0.953398052,NS
ENSG00000234337,NA,0.000263324,NA,NS
ENSG00000234350,ERICH2-DT,0.00688508,NA,NS
ENSG00000234390,USP27X-DT,-0.038054987,NA,NS
ENSG00000234432,LINC02983,-0.018343128,0.734042761,NS
ENSG00000234444,ZNF736,0.008404098,0.894961549,NS
ENSG00000234478,ACBD3-AS1,-0.024692077,NA,NS
ENSG00000234492,RPL34-DT,-0.011843374,NA,NS
ENSG00000234494,SP2-AS1,-0.010578521,0.862927824,NS
ENSG00000234518,PTGES3P1,-0.005502273,NA,NS
ENSG00000234545,FAM133B,-0.055109108,0.211874975,NS
ENSG00000234546,LNCTAM34A,0.020651078,NA,NS
ENSG00000234571,H2BP2,-0.001468793,NA,NS
ENSG00000234602,MCIDAS,-0.014405289,NA,NS
ENSG00000234608,MAPKAPK5-AS1,-0.021042439,0.691071283,NS
ENSG00000234614,C2CD4D-AS1,0.022093937,NA,NS
ENSG00000234616,JRK,0.019540397,0.717524624,NS
ENSG00000234617,SNRK-AS1,0.002427599,NA,NS
ENSG00000234636,MED14OS,-0.003200023,NA,NS
ENSG00000234664,HMGN2P5,-0.155064634,0.006777072,NS
ENSG00000234665,LERFS,-0.056593015,NA,NS
ENSG00000234678,ELF3-AS1,0.082064218,0.073897906,NS
ENSG00000234684,SDCBP2-AS1,-0.029461333,0.533981169,NS
ENSG00000234694,CDC20-DT,-0.011752661,NA,NS
ENSG00000234707,SEC61G-DT,-0.002525339,NA,NS
ENSG00000234719,NPIPB2,0.002579197,NA,NS
ENSG00000234741,GAS5,0.012755361,0.815736324,NS
ENSG00000234745,HLA-B,-0.059969267,0.174394644,NS
ENSG00000234753,FOXP4-AS1,-0.003990015,NA,NS
ENSG00000234764,E2F6P1,0.003895651,NA,NS
ENSG00000234769,WASH4P,-0.00039434,NA,NS
ENSG00000234771,SLC25A25-AS1,0.007239962,NA,NS
ENSG00000234772,LINC00412,0.000114182,NA,NS
ENSG00000234776,FREY1,0.001701958,NA,NS
ENSG00000234779,BNC2-AS1,-0.001583524,NA,NS
ENSG00000234782,TPT1P9,-0.002470666,NA,NS
ENSG00000234797,RPS3AP6,-0.002627621,0.967847156,NS
ENSG00000234807,JUN-DT,-0.015260654,NA,NS
ENSG00000234817,ECI2-DT,0.002750595,NA,NS
ENSG00000234825,XRCC6P2,0.008171623,NA,NS
ENSG00000234840,LINC01239,-0.005104092,NA,NS
ENSG00000234851,RPL23AP42,-0.015213012,0.785203653,NS
ENSG00000234857,HNRNPUL2-BSCL2,-0.050626163,0.197220294,NS
ENSG00000234869,LINC02925,0.006221473,NA,NS
ENSG00000234912,SNHG20,0.009987048,0.872388181,NS
ENSG00000234928,LINC01659,-0.000965665,NA,NS
ENSG00000234929,NA,0.005986866,NA,NS
ENSG00000234949,RAB17-DT,-0.061327689,0.183522799,NS
ENSG00000234965,SHISA8,-0.000150694,NA,NS
ENSG00000234975,FTH1P2,0.00013326,NA,NS
ENSG00000234996,ACTG1P25,-0.02277078,NA,NS
ENSG00000235001,EIF4A1P2,-0.011430953,NA,NS
ENSG00000235023,NA,-0.016127621,NA,NS
ENSG00000235034,C19orf81,-0.011236146,NA,NS
ENSG00000235043,TECRP1,-0.008561283,NA,NS
ENSG00000235044,PPIAP3,0.004793318,NA,NS
ENSG00000235049,LINC00940,-0.006517896,NA,NS
ENSG00000235052,NA,0.006349482,NA,NS
ENSG00000235065,RPL24P2,-0.011013396,NA,NS
ENSG00000235072,ARNILA,0.011955585,NA,NS
ENSG00000235078,NA,0.006278972,NA,NS
ENSG00000235082,SUMO1P3,0.00934037,NA,NS
ENSG00000235084,CHCHD2P6,-0.004321243,NA,NS
ENSG00000235091,NA,0.000379363,NA,NS
ENSG00000235092,ID2-AS1,0.01414454,NA,NS
ENSG00000235100,NA,-0.007822395,NA,NS
ENSG00000235105,NA,0.006937238,NA,NS
ENSG00000235106,BRD3OS,0.000748161,0.991085965,NS
ENSG00000235109,ZSCAN31,0.014497326,NA,NS
ENSG00000235121,NA,0.0001157,NA,NS
ENSG00000235123,DSCAM-AS1,-0.014656917,NA,NS
ENSG00000235151,NA,0.006682165,NA,NS
ENSG00000235159,LINC02939,-0.00818285,NA,NS
ENSG00000235162,C12orf75,-0.018475994,0.738569231,NS
ENSG00000235169,SMIM1,0.006931718,NA,NS
ENSG00000235173,HGH1,-0.025146562,0.581136718,NS
ENSG00000235174,RPL39P3,-0.047852505,0.152463682,NS
ENSG00000235192,NA,0.008534597,NA,NS
ENSG00000235194,PPP1R3E,0.043348836,0.362543059,NS
ENSG00000235214,FAM83C-AS1,-0.021063926,NA,NS
ENSG00000235236,NA,-0.000473651,NA,NS
ENSG00000235238,SUMO2P1,-0.009512412,NA,NS
ENSG00000235244,DANT2,0.011782726,NA,NS
ENSG00000235257,ITGA9-AS1,2.57E-05,NA,NS
ENSG00000235272,RAMACL,-0.019704188,NA,NS
ENSG00000235280,MCF2L-AS1,-0.019663383,NA,NS
ENSG00000235295,LINC01634,0.007567472,NA,NS
ENSG00000235297,FAUP1,-0.00259098,NA,NS
ENSG00000235314,LINC00957,0.008834124,NA,NS
ENSG00000235316,DUSP8P5,-0.005839573,NA,NS
ENSG00000235319,TGFBRAP1-AS1,0.009043382,NA,NS
ENSG00000235363,SNRPGP10,-0.030562461,NA,NS
ENSG00000235381,NA,0.012006367,NA,NS
ENSG00000235437,LINC01278,0.072718092,0.07787426,NS
ENSG00000235453,SMIM27,-0.052681219,0.230012308,NS
ENSG00000235454,HAUS6P3,0.002603006,NA,NS
ENSG00000235489,DBF4P1,-0.005358823,NA,NS
ENSG00000235493,LINC01967,-0.013265754,NA,NS
ENSG00000235508,RPS2P7,-0.013164831,NA,NS
ENSG00000235527,HIPK1-AS1,0.015041448,NA,NS
ENSG00000235529,AGAP1-IT1,-0.001129246,NA,NS
ENSG00000235530,TMEM11-DT,-0.003716672,NA,NS
ENSG00000235545,DOCK7-DT,-0.008668883,NA,NS
ENSG00000235552,RPL6P27,-0.007264355,0.906904922,NS
ENSG00000235554,SRSF6P2,-0.003377329,NA,NS
ENSG00000235560,ZNF747-DT,-0.002245318,0.970858545,NS
ENSG00000235605,NA,0.000120624,NA,NS
ENSG00000235616,ST13P2,-0.000231076,NA,NS
ENSG00000235631,RNF148,-0.006731485,NA,NS
ENSG00000235636,NUS1P1,-0.001843668,NA,NS
ENSG00000235651,G3BP1P1,0.003414804,NA,NS
ENSG00000235652,EPM2A-DT,-0.005254637,NA,NS
ENSG00000235655,H3P6,-0.018060154,0.749119746,NS
ENSG00000235661,MIR670HG,-0.009752953,NA,NS
ENSG00000235688,SNTG2-AS1,-0.013407344,NA,NS
ENSG00000235703,EOLA2-DT,-0.000914534,NA,NS
ENSG00000235706,DICER1-AS1,0.006984167,0.904487849,NS
ENSG00000235720,GABPAP,0.00355928,NA,NS
ENSG00000235721,NA,-0.005691989,NA,NS
ENSG00000235750,KIAA0040,-0.025597925,0.620614844,NS
ENSG00000235776,RPL7AP70,0.007411439,NA,NS
ENSG00000235790,PEF1-AS1,-0.00432947,NA,NS
ENSG00000235823,OLMALINC,0.023134637,0.642782239,NS
ENSG00000235830,SRGAP3-AS4,-0.006542856,NA,NS
ENSG00000235831,BHLHE40-AS1,-0.010084309,NA,NS
ENSG00000235859,NA,-0.010408284,NA,NS
ENSG00000235863,B3GALT4,-0.012799944,NA,NS
ENSG00000235890,TSPEAR-AS1,0.032372389,0.491373134,NS
ENSG00000235897,TM4SF19-AS1,-0.002057182,NA,NS
ENSG00000235903,CPB2-AS1,0.002799535,NA,NS
ENSG00000235912,NA,0.001379897,NA,NS
ENSG00000235919,ASH1L-AS1,0.005080299,NA,NS
ENSG00000235944,ZNF815P,0.012539035,NA,NS
ENSG00000235954,TTC28-AS1,0.008029483,0.899846669,NS
ENSG00000235957,COX7CP1,-0.006065145,NA,NS
ENSG00000235961,PNMA6A,0.027486105,NA,NS
ENSG00000235984,GPC5-AS1,0.00444441,NA,NS
ENSG00000236017,ASMTL-AS1,-0.003594006,NA,NS
ENSG00000236021,COP1-DT,-0.007991377,NA,NS
ENSG00000236081,ELFN1-AS1,-0.037270374,0.433116817,NS
ENSG00000236088,COX10-DT,-0.010081263,0.868408226,NS
ENSG00000236104,ZBTB22,0.007643887,0.904738203,NS
ENSG00000236137,CD101-AS1,-0.024038831,NA,NS
ENSG00000236140,NA,0.001585562,NA,NS
ENSG00000236144,TMEM147-AS1,0.008950357,NA,NS
ENSG00000236184,TCEA1P4,-0.001111536,NA,NS
ENSG00000236200,KDM4A-AS1,-0.007829555,NA,NS
ENSG00000236204,LINC01376,-0.024267556,NA,NS
ENSG00000236209,NA,0.009365651,NA,NS
ENSG00000236255,NA,0.013670673,NA,NS
ENSG00000236283,NA,0.020640929,NA,NS
ENSG00000236287,ZBED5,0.039135584,0.372132491,NS
ENSG00000236303,LINC02646,-0.001222135,NA,NS
ENSG00000236305,SLC12A9-AS1,0.012195883,NA,NS
ENSG00000236349,SUCLG2P2,0.000313695,NA,NS
ENSG00000236362,GAGE12F,0.000194652,NA,NS
ENSG00000236366,NA,-0.003721687,NA,NS
ENSG00000236377,MYO1D-DT,4.79E-05,NA,NS
ENSG00000236404,VLDLR-AS1,-0.042533643,NA,NS
ENSG00000236423,LINC01134,-0.008811006,NA,NS
ENSG00000236427,CCDST,0.05321573,NA,NS
ENSG00000236432,MFF-DT,-0.017737073,NA,NS
ENSG00000236439,RPS27P8,-0.005829923,NA,NS
ENSG00000236499,LINC00896,-0.00300207,NA,NS
ENSG00000236514,ZNF248-AS1,-0.008590029,NA,NS
ENSG00000236519,LINC01424,-0.006056291,NA,NS
ENSG00000236528,NA,-0.002173365,NA,NS
ENSG00000236529,NA,0.003555455,NA,NS
ENSG00000236532,LINC01695,0.023458058,NA,NS
ENSG00000236536,NA,-0.082180872,NA,NS
ENSG00000236552,RPL13AP5,-0.026720155,0.606692757,NS
ENSG00000236569,HNRNPA1P73,0.017474876,NA,NS
ENSG00000236603,RANP1,7.56E-05,NA,NS
ENSG00000236617,CHFR-DT,-0.008750456,NA,NS
ENSG00000236618,PITPNA-AS1,-0.032081432,0.518037496,NS
ENSG00000236643,NA,0.003131328,NA,NS
ENSG00000236666,POTEH-AS1,-0.08397232,0.068712741,NS
ENSG00000236670,KRT18P5,-0.006171303,NA,NS
ENSG00000236682,MAP3K2-DT,-0.020180727,0.688455935,NS
ENSG00000236723,NA,-0.000427206,NA,NS
ENSG00000236737,GAGE12B,-0.01709215,NA,NS
ENSG00000236753,MKLN1-AS,0.00051079,0.994317201,NS
ENSG00000236756,DNAJC9-AS1,-0.052792545,NA,NS
ENSG00000236778,INTS6-AS1,0.002177808,NA,NS
ENSG00000236790,LINC00299,-0.006862758,NA,NS
ENSG00000236801,RPL24P8,0.00246266,NA,NS
ENSG00000236810,ELOA-AS1,0.014893087,NA,NS
ENSG00000236814,NA,-0.004105685,NA,NS
ENSG00000236824,BCYRN1,-0.14844702,0.011210708,NS
ENSG00000236827,LINC00529,0.002669677,NA,NS
ENSG00000236830,CBR3-AS1,0.024768502,0.6410916,NS
ENSG00000236846,NA,-0.000779489,NA,NS
ENSG00000236859,NIFK-AS1,-0.033287111,0.478480848,NS
ENSG00000236869,ZKSCAN7-AS1,-0.001430046,NA,NS
ENSG00000236882,LINC01554,-0.003728592,NA,NS
ENSG00000236901,MIR600HG,0.014577177,0.786230201,NS
ENSG00000236915,CLCA4-AS1,0.008328379,NA,NS
ENSG00000236924,LINC02851,0.012027108,NA,NS
ENSG00000236975,LINC02814,-0.005549513,NA,NS
ENSG00000237017,PRPF31-AS1,0.000149592,NA,NS
ENSG00000237036,ZEB1-AS1,-0.013307217,0.810388308,NS
ENSG00000237037,NDUFA6-DT,0.013364434,NA,NS
ENSG00000237080,EHMT2-AS1,0.010734083,NA,NS
ENSG00000237115,NA,0.00144219,NA,NS
ENSG00000237149,ZNF503-AS2,-0.078914358,NA,NS
ENSG00000237161,NA,0.014719708,NA,NS
ENSG00000237172,B3GNT9,-0.005514058,NA,NS
ENSG00000237187,NR2F1-AS1,0.002134431,NA,NS
ENSG00000237188,NA,-0.011804077,NA,NS
ENSG00000237190,CDKN2AIPNL,-0.121308551,0.001081951,NS
ENSG00000237214,RPS9P2,0.000552743,NA,NS
ENSG00000237222,LINC01968,-0.008003602,NA,NS
ENSG00000237232,ZNF295-AS1,-0.008302434,NA,NS
ENSG00000237264,FTH1P11,-0.00364147,NA,NS
ENSG00000237289,CKMT1B,-0.033529025,0.458224867,NS
ENSG00000237296,SMG1P1,-0.001087077,NA,NS
ENSG00000237298,TTN-AS1,0.02775985,NA,NS
ENSG00000237310,LINC03011,-0.034549652,0.464940799,NS
ENSG00000237330,RNF223,0.010971179,NA,NS
ENSG00000237343,NA,0.000186204,NA,NS
ENSG00000237350,CDC42P6,0.001450845,NA,NS
ENSG00000237357,FAM88E,-0.031473915,NA,NS
ENSG00000237372,LINC03062,-0.005881881,NA,NS
ENSG00000237399,PITRM1-AS1,-0.008554064,NA,NS
ENSG00000237413,MGC27382,0.006451448,NA,NS
ENSG00000237424,FOXD2-AS1,-0.01988905,NA,NS
ENSG00000237436,CAMTA1-DT,-0.011366151,NA,NS
ENSG00000237440,ZNF737,0.049672035,0.294424947,NS
ENSG00000237441,RGL2,0.062204446,0.142050672,NS
ENSG00000237457,BRINP3-DT,0.236227289,1.20E-05,NS
ENSG00000237489,C10orf143,-0.023744898,NA,NS
ENSG00000237491,LINC01409,0.034054478,NA,NS
ENSG00000237493,NA,-0.004971758,NA,NS
ENSG00000237499,WAKMAR2,-0.006621707,NA,NS
ENSG00000237505,PKN2-AS1,-0.006348376,NA,NS
ENSG00000237506,RPSAP15,-0.00646813,NA,NS
ENSG00000237550,NA,-0.04452033,0.320242646,NS
ENSG00000237574,LINC01856,0.001799703,NA,NS
ENSG00000237595,LINC01275,-0.00955535,NA,NS
ENSG00000237605,DYRK3-AS1,-0.01313898,NA,NS
ENSG00000237624,OXCT2P1,0.000514601,NA,NS
ENSG00000237638,LINC02245,0.011631927,NA,NS
ENSG00000237640,NA,0.001202241,NA,NS
ENSG00000237643,LINC01610,-0.004999851,NA,NS
ENSG00000237649,KIFC1,-0.092059303,0.013527954,NS
ENSG00000237651,C2orf74,-0.013968437,NA,NS
ENSG00000237753,SLC20A1-DT,0.02562265,NA,NS
ENSG00000237765,FAM200B,0.009141292,0.882572192,NS
ENSG00000237766,GGTA2P,0.012268313,NA,NS
ENSG00000237767,LINC01370,0.003394626,NA,NS
ENSG00000237773,NA,-0.004141174,NA,NS
ENSG00000237807,LINC02984,0.107206998,0.017760386,NS
ENSG00000237821,ST13P7,0.0154032,NA,NS
ENSG00000237863,IRS4-AS1,0.005370853,NA,NS
ENSG00000237877,LINC01473,0.020004247,NA,NS
ENSG00000237886,NALT1,0.015654901,NA,NS
ENSG00000237945,LINC00649,0.000713509,0.992219614,NS
ENSG00000237949,LINC00844,-0.024514622,NA,NS
ENSG00000237950,LINC02918,-0.003910579,NA,NS
ENSG00000237973,MTCO1P12,0.242297098,0.002213303,NS
ENSG00000237976,RFX5-AS1,0.001696267,NA,NS
ENSG00000238000,PSME2P1,0.002671924,NA,NS
ENSG00000238005,LNCATV,-0.043044472,NA,NS
ENSG00000238035,NA,-0.007171219,NA,NS
ENSG00000238045,MVP-DT,-0.002827068,NA,NS
ENSG00000238058,CAMSAP1-DT,-0.009035785,NA,NS
ENSG00000238062,SPATA3-AS1,0.013448504,NA,NS
ENSG00000238072,CDC26P1,0.001357428,NA,NS
ENSG00000238074,TSPY9,-0.010147605,NA,NS
ENSG00000238083,LRRC37A2,0.001837417,0.975102137,NS
ENSG00000238084,NA,-0.010994477,NA,NS
ENSG00000238103,RPL9P7,0.005733423,NA,NS
ENSG00000238107,LINC02806,-0.002655933,NA,NS
ENSG00000238113,LINC01410,-0.003579427,NA,NS
ENSG00000238117,NA,-0.002823802,NA,NS
ENSG00000238123,MID1IP1-AS1,-0.056415618,NA,NS
ENSG00000238141,BRWD1-AS1,-0.017758866,NA,NS
ENSG00000238164,TNFRSF14-AS1,-0.022438345,NA,NS
ENSG00000238184,CD81-AS1,-0.002758453,NA,NS
ENSG00000238197,PAXBP1-AS1,-0.008361429,NA,NS
ENSG00000238207,NA,0.055353176,NA,NS
ENSG00000238227,TMEM250,-0.03832874,0.341715185,NS
ENSG00000238260,NA,0.007841189,NA,NS
ENSG00000238287,EXO5-DT,-0.012007121,NA,NS
ENSG00000239213,NCK1-DT,0.023133808,0.653036293,NS
ENSG00000239219,FHL1P1,-0.000337409,NA,NS
ENSG00000239264,TXNDC5,-0.008224003,0.854950772,NS
ENSG00000239282,CASTOR1,-0.048643044,0.29891316,NS
ENSG00000239305,RNF103,0.069076726,0.106743121,NS
ENSG00000239306,RBM14,-0.028956494,0.465423824,NS
ENSG00000239335,LLPH-DT,-0.00120573,NA,NS
ENSG00000239382,ALKBH6,-0.081495061,0.077662816,NS
ENSG00000239474,KLHL41,-0.011425508,NA,NS
ENSG00000239523,MYLK-AS1,0.009099377,NA,NS
ENSG00000239569,KMT2E-AS1,-0.030987109,0.535904824,NS
ENSG00000239653,PSMD6-AS2,0.004901016,NA,NS
ENSG00000239672,NME1,-0.074515697,0.077033685,NS
ENSG00000239677,PDZRN3-AS1,-0.000171007,NA,NS
ENSG00000239704,CDRT4,0.014336222,NA,NS
ENSG00000239774,TTC14-DT,-0.009862823,NA,NS
ENSG00000239775,NA,0.000278033,NA,NS
ENSG00000239779,WBP1,-0.049012657,0.297285568,NS
ENSG00000239789,MRPS17,0.002441938,0.968159844,NS
ENSG00000239791,NA,-0.008840416,NA,NS
ENSG00000239857,GET4,-0.013900489,0.808091278,NS
ENSG00000239883,PARGP1,0.003008843,NA,NS
ENSG00000239887,C1orf226,0.000648377,0.993139644,NS
ENSG00000239900,ADSL,-0.024495128,0.599437735,NS
ENSG00000239911,PRKAG2-AS1,-0.005051285,NA,NS
ENSG00000239945,NA,0.001168151,NA,NS
ENSG00000240005,STIM2-AS1,0.012013996,NA,NS
ENSG00000240023,RPLP0P3,-0.00137115,NA,NS
ENSG00000240038,AMY2B,0.002775648,NA,NS
ENSG00000240053,LY6G5B,0.005580255,NA,NS
ENSG00000240057,NEPRO-AS1,0.004037076,NA,NS
ENSG00000240063,ATP11B-DT,-0.003483713,NA,NS
ENSG00000240065,PSMB9,-0.016468703,NA,NS
ENSG00000240087,RPSAP12,0.008153173,NA,NS
ENSG00000240137,ERICH6-AS1,-0.003609829,NA,NS
ENSG00000240184,PCDHGC3,0.045992739,0.318260922,NS
ENSG00000240204,SMKR1,0.014972767,0.799212346,NS
ENSG00000240207,NA,-0.004069997,NA,NS
ENSG00000240211,PPP1R35-AS1,-0.019779389,NA,NS
ENSG00000240225,ZNF542P,-0.046226171,NA,NS
ENSG00000240230,COX19,-0.05046554,0.28347198,NS
ENSG00000240288,GHRLOS,0.004101556,NA,NS
ENSG00000240291,NA,0.012904927,NA,NS
ENSG00000240303,ACAD11,0.024231327,NA,NS
ENSG00000240342,RPS2P5,-0.065790108,0.121744127,NS
ENSG00000240344,PPIL3,0.012408363,0.834935815,NS
ENSG00000240370,RPL13P5,0.012192266,NA,NS
ENSG00000240376,NA,-0.006218094,NA,NS
ENSG00000240429,LRRFIP1P1,0.011916281,NA,NS
ENSG00000240445,FOXO3B,0.055701538,0.216069492,NS
ENSG00000240449,REPIN1-AS1,-0.000919117,NA,NS
ENSG00000240489,SETP14,-0.000935766,NA,NS
ENSG00000240497,NA,-0.000806464,NA,NS
ENSG00000240498,CDKN2B-AS1,0.011678121,NA,NS
ENSG00000240541,TM4SF1-AS1,-0.014457049,NA,NS
ENSG00000240583,AQP1,0.008960811,NA,NS
ENSG00000240682,ISY1,-0.046556481,0.311497623,NS
ENSG00000240694,PNMA2,0.006441867,NA,NS
ENSG00000240758,HILPDA-AS1,0.007479021,NA,NS
ENSG00000240771,ARHGEF25,0.024822682,NA,NS
ENSG00000240790,SND1-DT,-0.019733359,NA,NS
ENSG00000240821,RPL9P25,0.000786723,NA,NS
ENSG00000240849,PEDS1,-0.022888969,0.654464044,NS
ENSG00000240857,RDH14,0.003679016,0.955193674,NS
ENSG00000240859,LINC03014,-0.004250265,NA,NS
ENSG00000240889,NDUFB2-AS1,-0.020550708,NA,NS
ENSG00000240891,PLCXD2,0.006063233,NA,NS
ENSG00000240972,MIF,-0.078042414,0.056834562,NS
ENSG00000240990,HOXA11-AS,0.011247343,NA,NS
ENSG00000241015,TPM3P9,-0.00115269,NA,NS
ENSG00000241058,NSUN6,-0.003772386,0.954605748,NS
ENSG00000241061,RPL5P1,-0.00825909,NA,NS
ENSG00000241127,YAE1,0.000961409,0.989203754,NS
ENSG00000241135,LINC00881,-0.030414742,NA,NS
ENSG00000241258,CRCP,-0.011788884,0.82769674,NS
ENSG00000241288,LINC02614,0.002766147,NA,NS
ENSG00000241316,SUCLG2-DT,0.000352649,NA,NS
ENSG00000241322,FBXW10B,0.009660109,NA,NS
ENSG00000241343,RPL36A,-0.052818792,0.200426043,NS
ENSG00000241360,PDXP,-0.031750409,0.502299229,NS
ENSG00000241370,RPP21,-0.060487344,0.18698825,NS
ENSG00000241399,CD302,0.010366745,0.858188344,NS
ENSG00000241404,EGFL8,-0.006374913,NA,NS
ENSG00000241468,ATP5MF,-0.113699638,0.007687203,NS
ENSG00000241476,SSX2,-0.010877218,NA,NS
ENSG00000241484,ARHGAP8,0.031341271,0.531790302,NS
ENSG00000241489,NA,0.010584891,NA,NS
ENSG00000241506,PSMC1P1,-0.010397476,NA,NS
ENSG00000241547,ACTG1P20,0.004027745,NA,NS
ENSG00000241553,ARPC4,-0.087056503,0.012281438,NS
ENSG00000241556,RPL29P26,-0.012813381,NA,NS
ENSG00000241563,CORT,0.001351894,NA,NS
ENSG00000241627,UBQLN4P1,0.002447508,NA,NS
ENSG00000241635,UGT1A1,-0.013274895,NA,NS
ENSG00000241685,ARPC1A,-0.023640304,0.547254301,NS
ENSG00000241741,RPL7AP30,-0.002497029,NA,NS
ENSG00000241743,XACT,0.001722779,NA,NS
ENSG00000241754,NA,0.00744684,NA,NS
ENSG00000241764,CBLL1-AS1,-0.033341187,NA,NS
ENSG00000241769,EOLA1-DT,0.003969787,NA,NS
ENSG00000241837,ATP5PO,-0.025461776,0.556544437,NS
ENSG00000241839,PLEKHO2,-0.005855822,NA,NS
ENSG00000241852,C8orf58,0.010080224,NA,NS
ENSG00000241860,NA,-0.017536606,NA,NS
ENSG00000241878,PISD,0.022643332,0.673758855,NS
ENSG00000241889,CTDNEP1P1,-0.001165625,NA,NS
ENSG00000241933,DENND6A-DT,0.01323731,NA,NS
ENSG00000241935,HOGA1,0.036057578,0.459404095,NS
ENSG00000241945,PWP2,-0.054580317,0.216163593,NS
ENSG00000241956,LINC03000,0.006567099,NA,NS
ENSG00000241962,NA,-0.002052386,NA,NS
ENSG00000241973,PI4KA,0.041886958,0.277506138,NS
ENSG00000242028,HYPK,-0.09413832,0.029510557,NS
ENSG00000242071,RPL7AP6,-0.04037554,0.382670731,NS
ENSG00000242073,NA,0.004355494,NA,NS
ENSG00000242082,SLC5A4-AS1,0.049812553,0.292694221,NS
ENSG00000242086,MUC20-OT1,-0.013458576,0.80531838,NS
ENSG00000242094,FOXP1-IT1,-0.00248621,NA,NS
ENSG00000242110,AMACR,0.003876682,0.950609935,NS
ENSG00000242114,MTFP1,-0.067977363,0.130820622,NS
ENSG00000242125,SNHG3,0.014781076,0.789214828,NS
ENSG00000242173,ARHGDIG,-0.005831577,NA,NS
ENSG00000242242,NECTIN3-AS1,0.008012194,NA,NS
ENSG00000242247,ARFGAP3,0.020381004,0.668779592,NS
ENSG00000242252,BGLAP,-0.001348429,NA,NS
ENSG00000242259,C22orf39,-0.009617403,0.878312149,NS
ENSG00000242265,PEG10,0.060655036,0.18096637,NS
ENSG00000242288,BMS1P4-AGAP5,0.004697697,NA,NS
ENSG00000242299,RPS18P5,-0.033019652,NA,NS
ENSG00000242372,EIF6,-0.071288284,0.067203229,NS
ENSG00000242407,NA,0.006394502,NA,NS
ENSG00000242474,LINC03015,0.00563799,0.925680025,NS
ENSG00000242485,MRPL20,-0.105137272,0.004948069,NS
ENSG00000242498,ARPIN,0.080295069,0.076651238,NS
ENSG00000242516,LINC00960,-0.004981293,0.939659463,NS
ENSG00000242539,NA,0.002451556,NA,NS
ENSG00000242553,NA,-0.00749204,NA,NS
ENSG00000242574,HLA-DMB,0.019959909,NA,NS
ENSG00000242588,NA,-0.004212242,0.934271504,NS
ENSG00000242612,DECR2,-0.008290602,0.894617284,NS
ENSG00000242615,RPL17P47,-0.036154649,NA,NS
ENSG00000242616,GNG10,0.023478322,0.61425376,NS
ENSG00000242622,GSK3B-DT,0.000579138,NA,NS
ENSG00000242689,CNTF,-0.001067583,NA,NS
ENSG00000242697,RPL5P12,-0.005437868,NA,NS
ENSG00000242732,RTL5,0.039460064,NA,NS
ENSG00000242759,LINC00882,-0.033261538,NA,NS
ENSG00000242781,LINC02050,-0.003612589,NA,NS
ENSG00000242798,NA,-0.002398825,NA,NS
ENSG00000242802,AP5Z1,0.029514253,0.546029308,NS
ENSG00000242808,SOX2-OT,-0.004072631,NA,NS
ENSG00000242828,NA,-0.005408407,0.934159718,NS
ENSG00000242852,ZNF709,-0.000982468,NA,NS
ENSG00000242880,NA,0.011024622,NA,NS
ENSG00000243056,EIF4EBP3,0.04582272,0.332926339,NS
ENSG00000243069,ARHGEF26-AS1,0.045991893,0.333530628,NS
ENSG00000243083,LINC00870,0.000144341,NA,NS
ENSG00000243147,MRPL33,-0.050267141,0.277998145,NS
ENSG00000243155,NA,-0.004674466,NA,NS
ENSG00000243156,MICAL3,0.072582328,0.063247434,NS
ENSG00000243199,RPL6P10,-0.002940116,NA,NS
ENSG00000243207,PPAN-P2RY11,-0.03324998,0.462270771,NS
ENSG00000243224,TWF2-DT,-0.010832151,NA,NS
ENSG00000243232,PCDHAC2,0.015767083,NA,NS
ENSG00000243244,STON1,0.316120904,3.01E-05,NS
ENSG00000243279,PRAF2,-0.034088165,0.491246018,NS
ENSG00000243302,NA,-0.000720242,NA,NS
ENSG00000243317,STMP1,-0.030854402,0.468807219,NS
ENSG00000243335,KCTD7,0.058853116,0.197506287,NS
ENSG00000243364,EFNA4,0.002642856,0.968159844,NS
ENSG00000243422,RPL23AP49,0.011553828,NA,NS
ENSG00000243449,NICOL1,-0.092139722,0.047633446,NS
ENSG00000243477,NAA80,0.023196661,0.640275666,NS
ENSG00000243479,MNX1-AS1,-0.006093008,0.925803871,NS
ENSG00000243547,HNRNPKP4,-0.008878809,NA,NS
ENSG00000243550,LINC01214,-0.003362348,NA,NS
ENSG00000243566,UPK3B,0.002393444,NA,NS
ENSG00000243593,LINC02049,-0.003875978,NA,NS
ENSG00000243646,IL10RB,0.036433169,0.457925272,NS
ENSG00000243660,ZNF487,-0.006303814,NA,NS
ENSG00000243667,DNAAF10,-0.018775697,0.7288794,NS
ENSG00000243678,NME2,-0.051257407,0.235033755,NS
ENSG00000243679,NA,-0.002290572,NA,NS
ENSG00000243696,NA,-0.009677338,NA,NS
ENSG00000243701,DUBR,-0.086231195,0.062454881,NS
ENSG00000243708,PLA2G4B,0.009093569,NA,NS
ENSG00000243710,CFAP57,0.005599369,NA,NS
ENSG00000243716,NPIPB5,0.013200242,0.747059476,NS
ENSG00000243725,TTC4,-0.049168511,0.253653877,NS
ENSG00000243742,RPLP0P2,0.002531909,NA,NS
ENSG00000243749,TMEM35B,-0.010120936,0.866772662,NS
ENSG00000243789,JMJD7,-0.029599917,NA,NS
ENSG00000243819,RN7SL832P,-0.009876345,NA,NS
ENSG00000243896,OR2A7,-0.013135525,NA,NS
ENSG00000243926,TIPARP-AS1,0.01142069,NA,NS
ENSG00000243927,MRPS6,-0.014993785,0.793331957,NS
ENSG00000243943,ZNF512,0.024588487,0.644411759,NS
ENSG00000243955,GSTA1,-0.037536965,0.442266257,NS
ENSG00000243989,ACY1,-0.004928716,0.937171001,NS
ENSG00000244005,NFS1,-0.0176955,0.740850139,NS
ENSG00000244038,DDOST,-0.035289073,0.345830953,NS
ENSG00000244041,LINC01011,0.002729478,NA,NS
ENSG00000244045,TMEM199,-0.041794342,0.336058054,NS
ENSG00000244055,NA,0.008902058,NA,NS
ENSG00000244067,GSTA2,0.009306843,NA,NS
ENSG00000244115,DNAJC25-GNG10,0.002751803,0.964712136,NS
ENSG00000244128,LINC01322,-0.001397523,NA,NS
ENSG00000244151,NA,0.009891506,NA,NS
ENSG00000244161,FLNB-AS1,0.006570159,NA,NS
ENSG00000244165,P2RY11,0.000188965,0.998368771,NS
ENSG00000244184,PELP1-DT,-0.01076378,NA,NS
ENSG00000244187,TMEM141,-0.04193047,0.371876059,NS
ENSG00000244198,ARHGEF35-AS1,-0.006431787,0.921876886,NS
ENSG00000244239,ICA1-AS1,-0.045018891,0.29870903,NS
ENSG00000244257,PKD1P1,0.000743723,NA,NS
ENSG00000244265,SIAH2-AS1,-0.003786361,NA,NS
ENSG00000244270,RPL32P29,-0.024142013,NA,NS
ENSG00000244274,DBNDD2,-0.005853536,NA,NS
ENSG00000244300,GATA2-AS1,-0.031481303,0.453280751,NS
ENSG00000244306,DUXAP10,0.016427457,0.556691672,NS
ENSG00000244313,NA,-0.033607894,0.444584068,NS
ENSG00000244363,RPL7P23,-0.024877448,NA,NS
ENSG00000244380,NA,-0.013060699,NA,NS
ENSG00000244398,RPL36AP37,-0.091794371,0.048269837,NS
ENSG00000244405,ETV5,-0.013416076,NA,NS
ENSG00000244462,RBM12,0.04715383,0.177876104,NS
ENSG00000244468,TM4SF18-AS1,-0.026021913,NA,NS
ENSG00000244479,OR2A1-AS1,-0.018894552,0.733248858,NS
ENSG00000244486,SCARF2,0.000704314,NA,NS
ENSG00000244502,HDAC11-AS1,-0.003886316,NA,NS
ENSG00000244513,EOGT-DT,-0.000118114,NA,NS
ENSG00000244541,LINC01213,0.000404566,0.995588092,NS
ENSG00000244558,KCNK15-AS1,0.002770301,NA,NS
ENSG00000244560,NA,-0.005955183,NA,NS
ENSG00000244563,RPS26P19,0.009130674,NA,NS
ENSG00000244586,WNT5A-AS1,-0.005398122,NA,NS
ENSG00000244607,CCDC13,0.005244392,NA,NS
ENSG00000244617,ASPRV1,0.00322224,NA,NS
ENSG00000244625,MIATNB,-0.003916802,NA,NS
ENSG00000244649,LINC02086,-0.004480866,NA,NS
ENSG00000244687,UBE2V1,-0.032932531,0.412912124,NS
ENSG00000244701,NA,0.009995862,NA,NS
ENSG00000244716,RPL17P7,-0.040463801,0.371943322,NS
ENSG00000244731,C4A,0.000954825,NA,NS
ENSG00000244754,N4BP2L2,0.003228487,0.960840828,NS
ENSG00000244879,GABPB1-AS1,-0.023398236,0.662076797,NS
ENSG00000244968,LIFR-AS1,-0.009158976,NA,NS
ENSG00000244998,ASTILCS,0.000929829,NA,NS
ENSG00000245017,LINC02453,-0.005454853,NA,NS
ENSG00000245025,NA,0.027559113,NA,NS
ENSG00000245060,LINC00847,0.041181362,0.392034978,NS
ENSG00000245105,A2M-AS1,0.016443196,NA,NS
ENSG00000245146,MALINC1,0.005158301,NA,NS
ENSG00000245149,RNF139-DT,0.009855671,NA,NS
ENSG00000245213,GALNT7-DT,-0.000252299,NA,NS
ENSG00000245248,USP2-AS1,0.006571004,NA,NS
ENSG00000245261,NA,-0.003864656,NA,NS
ENSG00000245275,SAP30L-AS1,0.028241051,NA,NS
ENSG00000245281,ASAH1-AS1,-0.004537118,NA,NS
ENSG00000245293,CYP2U1-AS1,-0.017399039,NA,NS
ENSG00000245317,MRNIP-DT,0.006079708,NA,NS
ENSG00000245322,H2AZ1-DT,-0.018713994,NA,NS
ENSG00000245330,DEPTOR-AS1,-0.005122063,NA,NS
ENSG00000245468,LINC02447,-0.01394468,NA,NS
ENSG00000245498,MSANTD2-AS1,0.026386192,0.590449998,NS
ENSG00000245532,NEAT1,0.049884754,0.164549293,NS
ENSG00000245552,LNCRNA-IUR,0.017432083,NA,NS
ENSG00000245556,SCAMP1-AS1,-0.018715549,0.733166842,NS
ENSG00000245571,FAM111A-DT,0.028557984,NA,NS
ENSG00000245573,BDNF-AS,-0.014487079,NA,NS
ENSG00000245614,DDX11-AS1,-0.013247734,NA,NS
ENSG00000245662,LINC02211,0.004866734,NA,NS
ENSG00000245680,ZNF585B,-0.035023496,0.466426317,NS
ENSG00000245685,FRG1-DT,0.000327234,NA,NS
ENSG00000245688,NA,0.000460597,NA,NS
ENSG00000245694,CRNDE,-0.034549083,0.484759941,NS
ENSG00000245729,LINC02226,0.005641625,NA,NS
ENSG00000245748,NA,-0.003592862,NA,NS
ENSG00000245750,DRAIC,-0.030505915,NA,NS
ENSG00000245768,NA,0.001430171,NA,NS
ENSG00000245848,CEBPA,0.059459472,0.148034838,NS
ENSG00000245849,RAD51-AS1,0.012116745,NA,NS
ENSG00000245888,NSMCE1-DT,0.006799363,NA,NS
ENSG00000245904,BTG1-DT,-0.007560338,NA,NS
ENSG00000245910,SNHG6,-0.02721453,0.586171159,NS
ENSG00000245937,SLC12A2-DT,-0.004504906,0.947688534,NS
ENSG00000245975,MINDY2-DT,-0.007468664,NA,NS
ENSG00000246067,RAB30-DT,-0.048385606,0.306938727,NS
ENSG00000246089,MCPH1-DT,-0.044540054,0.351328475,NS
ENSG00000246090,NA,0.002570822,NA,NS
ENSG00000246130,TNFRSF10B-AS1,0.002064543,NA,NS
ENSG00000246145,RRS1-DT,-0.011331947,NA,NS
ENSG00000246174,KCTD21-AS1,-0.032881497,NA,NS
ENSG00000246214,RETREG1-AS1,-0.010358605,NA,NS
ENSG00000246225,NA,-0.002258883,NA,NS
ENSG00000246228,CASC8,0.007593324,NA,NS
ENSG00000246263,UBR5-DT,0.014120769,NA,NS
ENSG00000246283,TTBK2-AS1,0.002108257,NA,NS
ENSG00000246308,NA,0.000576673,NA,NS
ENSG00000246334,PRR7-AS1,0.020389665,NA,NS
ENSG00000246339,EXTL3-AS1,0.010758598,NA,NS
ENSG00000246350,ZBED9-AS1,-0.004802694,NA,NS
ENSG00000246375,PPM1K-DT,-0.003054317,NA,NS
ENSG00000246465,NA,-0.001216531,0.9860919,NS
ENSG00000246523,FZD4-DT,-0.026439091,NA,NS
ENSG00000246526,LINC02481,0.006047178,NA,NS
ENSG00000246528,SLCO5A1-AS1,0.02290253,NA,NS
ENSG00000246548,LINC02288,-0.009821277,NA,NS
ENSG00000246560,UBE2D3-AS1,-0.013428717,NA,NS
ENSG00000246582,TNFRSF10A-DT,-0.016354338,0.77685599,NS
ENSG00000246596,SIMC1P1,0.008949194,NA,NS
ENSG00000246695,RASSF8-AS1,0.003401629,NA,NS
ENSG00000246705,H2AJ,-0.097728394,0.014190703,NS
ENSG00000246731,MGC16275,0.033368673,NA,NS
ENSG00000246763,RGMB-AS1,-0.036476109,NA,NS
ENSG00000246777,DYNC1LI2-DT,-0.00722656,NA,NS
ENSG00000246863,GPR176-DT,0.009691343,NA,NS
ENSG00000246876,LINC02466,0.005998394,NA,NS
ENSG00000246889,CTTN-DT,0.009352081,NA,NS
ENSG00000246898,LINC00920,-0.003903713,NA,NS
ENSG00000246922,UBAP1L,0.005499876,NA,NS
ENSG00000246985,SOCS2-AS1,-0.021953158,NA,NS
ENSG00000247011,NA,-0.011465352,NA,NS
ENSG00000247033,NA,-0.002413954,NA,NS
ENSG00000247077,PGAM5,-0.012177653,0.805492395,NS
ENSG00000247081,BAALC-AS1,0.000927568,NA,NS
ENSG00000247092,SNHG10,-0.037359152,0.436129583,NS
ENSG00000247095,MIR210HG,0.004409031,NA,NS
ENSG00000247121,NA,-0.006298247,NA,NS
ENSG00000247134,NA,0.013003337,NA,NS
ENSG00000247137,ANKRD42-DT,-0.026324035,NA,NS
ENSG00000247151,CSTF3-DT,0.010396594,NA,NS
ENSG00000247199,FBXO38-DT,0.00736157,NA,NS
ENSG00000247240,UBL7-DT,-0.02696962,0.587881674,NS
ENSG00000247271,ZBED5-AS1,-0.009232138,0.880756893,NS
ENSG00000247287,PRKCH-AS1,0.064696009,NA,NS
ENSG00000247315,ZCCHC3,-0.021966632,0.668779592,NS
ENSG00000247317,LY6E-DT,-0.012232518,NA,NS
ENSG00000247363,NUP107-DT,0.001079126,NA,NS
ENSG00000247373,TMED2-DT,-0.007011889,NA,NS
ENSG00000247400,DNAJC3-DT,-0.012380334,0.825734474,NS
ENSG00000247516,MIR4458HG,-0.011611478,0.848497976,NS
ENSG00000247556,OIP5-AS1,0.045929732,0.22782576,NS
ENSG00000247572,CKMT2-AS1,-0.019799475,0.703807025,NS
ENSG00000247595,MISFA,0.004304966,NA,NS
ENSG00000247596,TWF2,-0.023487786,0.657717607,NS
ENSG00000247626,MARS2,0.047216954,0.291017933,NS
ENSG00000247675,LRP4-AS1,-0.012479056,NA,NS
ENSG00000247679,NA,-0.008025559,NA,NS
ENSG00000247708,STX18-AS1,-0.000356996,0.996047709,NS
ENSG00000247728,ARHGAP11B-DT,0.014088242,NA,NS
ENSG00000247735,KCTD13-DT,-0.002947563,NA,NS
ENSG00000247746,USP51,-0.016777571,NA,NS
ENSG00000247765,NA,0.035350903,NA,NS
ENSG00000247796,MOCS2-DT,-0.026331104,0.609935329,NS
ENSG00000247828,TMEM161B-DT,0.034519097,0.48522194,NS
ENSG00000247853,NA,-0.003407893,NA,NS
ENSG00000247877,FAM174A-DT,0.002620619,NA,NS
ENSG00000247934,NA,0.001122875,NA,NS
ENSG00000247950,SEC24B-AS1,-0.014205263,NA,NS
ENSG00000248008,NRAV,-0.009466707,0.88005255,NS
ENSG00000248015,NA,-0.006120459,NA,NS
ENSG00000248019,FAM13A-AS1,-0.010336987,NA,NS
ENSG00000248027,ARHGAP42-AS1,0.014855119,NA,NS
ENSG00000248049,UBA6-DT,0.017124425,0.764457353,NS
ENSG00000248098,BCKDHA,-0.032742417,0.504732571,NS
ENSG00000248101,NA,0.000555442,NA,NS
ENSG00000248131,LINC01194,-0.011650854,NA,NS
ENSG00000248144,ADH1C,-0.013577123,NA,NS
ENSG00000248161,NA,0.005844485,NA,NS
ENSG00000248167,TRIM39-RPP21,0.000769002,NA,NS
ENSG00000248206,NA,0.010788906,NA,NS
ENSG00000248235,NA,0.010635929,NA,NS
ENSG00000248275,TRIM52-AS1,-0.031083651,0.535166557,NS
ENSG00000248323,LUCAT1,-0.002686996,NA,NS
ENSG00000248333,CDK11B,-0.097568992,0.005609295,NS
ENSG00000248367,NA,-0.015851957,NA,NS
ENSG00000248370,LINC02434,0.015194791,NA,NS
ENSG00000248405,PRR5-ARHGAP8,-0.002725706,NA,NS
ENSG00000248429,GASK1B-AS1,0.066292034,0.141013773,NS
ENSG00000248468,NA,2.47E-05,NA,NS
ENSG00000248487,ABHD14A,-0.027775824,0.587898456,NS
ENSG00000248489,CHD1-DT,-0.029708888,NA,NS
ENSG00000248508,SRP14-DT,-0.024849866,NA,NS
ENSG00000248527,MTATP6P1,0.047196809,0.210447103,NS
ENSG00000248554,C5orf34-AS1,-0.004762705,NA,NS
ENSG00000248592,STIMATE-MUSTN1,-0.018652674,NA,NS
ENSG00000248593,DSTNP2,0.001528656,NA,NS
ENSG00000248643,RBM14-RBM4,0.019880817,NA,NS
ENSG00000248663,LINC00992,-0.023270094,NA,NS
ENSG00000248664,NA,-0.01090951,NA,NS
ENSG00000248668,OXCT1-AS1,0.009570592,NA,NS
ENSG00000248685,LINC02484,0.032546206,NA,NS
ENSG00000248710,TRIM59-IFT80,0.031404445,NA,NS
ENSG00000248712,DRC12,-0.011921847,NA,NS
ENSG00000248740,LINC02428,-0.004076017,NA,NS
ENSG00000248751,NA,-0.005860526,NA,NS
ENSG00000248771,SMIM31,0.005510508,NA,NS
ENSG00000248774,NA,0.007450804,NA,NS
ENSG00000248783,NA,0.009264477,NA,NS
ENSG00000248837,NA,-0.005409171,NA,NS
ENSG00000248866,USP46-DT,0.074683994,NA,NS
ENSG00000248898,PELO-AS1,-0.001815687,NA,NS
ENSG00000248905,FMN1,-0.017020698,NA,NS
ENSG00000248919,ATP5MF-PTCD1,-0.076010392,0.099542592,NS
ENSG00000248925,PDCD6-DT,0.005344091,NA,NS
ENSG00000248927,NA,-0.007420951,NA,NS
ENSG00000248932,COPB2-DT,-0.026876609,0.58637799,NS
ENSG00000248971,KRT8P46,0.011541952,NA,NS
ENSG00000248973,NA,0.009254158,NA,NS
ENSG00000248975,NA,0.006585743,NA,NS
ENSG00000248980,SPCS3-AS1,-0.002844205,NA,NS
ENSG00000248994,NA,0.015295509,NA,NS
ENSG00000249007,NA,0.049058322,NA,NS
ENSG00000249014,HMGN2P4,-0.005324596,NA,NS
ENSG00000249042,FAM151B-DT,-0.014621718,0.795272591,NS
ENSG00000249085,TNPO1-DT,-0.011149048,NA,NS
ENSG00000249087,ZNF436-AS1,-0.011850967,NA,NS
ENSG00000249115,HAUS5,-0.080453876,0.060715173,NS
ENSG00000249116,IRX4-AS1,-0.034487816,NA,NS
ENSG00000249129,SUDS3P1,0.014706859,NA,NS
ENSG00000249141,NA,-0.006927502,NA,NS
ENSG00000249207,NA,0.011092797,NA,NS
ENSG00000249209,NA,-0.0022458,NA,NS
ENSG00000249240,NA,0.009155056,NA,NS
ENSG00000249264,EEF1A1P9,-0.004384236,NA,NS
ENSG00000249306,LINC01411,-0.004035848,NA,NS
ENSG00000249319,NA,-0.029748317,NA,NS
ENSG00000249345,LINC02405,0.003823739,NA,NS
ENSG00000249348,UGDH-AS1,-0.013020238,0.81474255,NS
ENSG00000249352,LINC02198,0.012741582,0.821434422,NS
ENSG00000249353,NPM1P27,-0.033822286,0.480112427,NS
ENSG00000249362,LINC02488,-0.006326841,NA,NS
ENSG00000249375,CASC11,-0.003394947,NA,NS
ENSG00000249378,LINC01060,0.009045271,NA,NS
ENSG00000249379,GCLC-AS1,-0.00528352,NA,NS
ENSG00000249392,NA,-0.004167243,NA,NS
ENSG00000249395,CASC9,-0.005322348,NA,NS
ENSG00000249413,NA,0.001937887,NA,NS
ENSG00000249437,NAIP,0.077284582,0.089486931,NS
ENSG00000249456,NA,0.006629933,NA,NS
ENSG00000249464,LINC01091,0.007404293,NA,NS
ENSG00000249471,ZNF324B,-0.020719473,0.699467881,NS
ENSG00000249485,RBBP4P1,0.004251999,NA,NS
ENSG00000249494,DMXL1-DT,0.007676448,NA,NS
ENSG00000249550,LINC01234,0.002411011,NA,NS
ENSG00000249565,SERBP1P5,0.007801412,NA,NS
ENSG00000249572,TARS1-DT,0.036874849,0.444159199,NS
ENSG00000249592,PCGF3-AS1,-0.003786933,0.954631733,NS
ENSG00000249599,BMPR1B-DT,-0.008042228,NA,NS
ENSG00000249624,IFNAR2-IL10RB,-0.017918615,NA,NS
ENSG00000249637,ANKHD1-DT,-0.012879764,0.827220064,NS
ENSG00000249641,HOXC13-AS,-0.01662345,0.769842303,NS
ENSG00000249650,CEP72-DT,0.0002147,NA,NS
ENSG00000249661,TNRC18P1,0.009016487,NA,NS
ENSG00000249673,NOP14-AS1,0.003584312,0.956817508,NS
ENSG00000249679,NA,-0.016844583,NA,NS
ENSG00000249709,ZNF564,-0.016965466,0.739302099,NS
ENSG00000249773,NA,0.019870521,NA,NS
ENSG00000249803,CTB-1I21.1,0.011197186,NA,NS
ENSG00000249825,THBS4-AS1,0.001964459,NA,NS
ENSG00000249839,NA,0.021045419,NA,NS
ENSG00000249849,NA,-0.000510176,NA,NS
ENSG00000249850,KRT18P31,0.004773062,NA,NS
ENSG00000249855,EEF1A1P19,0.000602722,NA,NS
ENSG00000249859,PVT1,0.02473874,0.638687336,NS
ENSG00000249863,NA,0.014967963,NA,NS
ENSG00000249898,MCPH1-AS1,0.046565407,NA,NS
ENSG00000249915,PDCD6,-0.007824912,0.890948178,NS
ENSG00000249923,LINC02891,0.001982197,NA,NS
ENSG00000249934,NCOA4P2,0.003370832,NA,NS
ENSG00000249936,RAC1P2,0.010913572,NA,NS
ENSG00000249948,GBA3,0.018079986,NA,NS
ENSG00000249956,UGT2B24P,-0.035626864,NA,NS
ENSG00000249959,NA,-0.007357915,NA,NS
ENSG00000249992,TMEM158,0.011342476,0.838350877,NS
ENSG00000250021,ARPIN-AP3S2,-0.048693,0.305943074,NS
ENSG00000250067,YJEFN3,0.022755851,NA,NS
ENSG00000250072,SH3TC2-DT,-0.009813429,NA,NS
ENSG00000250091,DNAH10OS,-0.001775315,NA,NS
ENSG00000250120,PCDHA10,-0.006683841,NA,NS
ENSG00000250130,GAPDHP43,-0.00724558,NA,NS
ENSG00000250131,AGA-DT,0.000703689,NA,NS
ENSG00000250132,NA,-0.01343759,NA,NS
ENSG00000250135,NA,-0.005183308,NA,NS
ENSG00000250151,ARPC4-TTLL3,0.023158354,NA,NS
ENSG00000250159,PKD2L2-DT,0.009064512,NA,NS
ENSG00000250167,NA,-0.005114671,NA,NS
ENSG00000250182,EEF1A1P13,-0.03596096,NA,NS
ENSG00000250186,NA,0.001640342,NA,NS
ENSG00000250218,ALDH1L1-AS1,0.017585412,0.73687822,NS
ENSG00000250220,ANKRD17-DT,-0.023359384,NA,NS
ENSG00000250222,TRIM7-AS2,-0.01497322,NA,NS
ENSG00000250251,PKD1P6,0.009546664,NA,NS
ENSG00000250264,NA,-0.002890111,NA,NS
ENSG00000250266,LINC01612,-0.006347639,NA,NS
ENSG00000250273,PSMC1P5,0.00358822,NA,NS
ENSG00000250299,MRPS31P4,-0.005016957,NA,NS
ENSG00000250302,LINC01618,0.008174801,NA,NS
ENSG00000250305,TRMT9B,-0.002027356,NA,NS
ENSG00000250312,ZNF718,0.014100774,0.80039143,NS
ENSG00000250317,SMIM20,-0.009137301,0.881684241,NS
ENSG00000250326,USP38-DT,0.008067405,NA,NS
ENSG00000250327,RPSAP70,-0.01405729,NA,NS
ENSG00000250337,PURPL,0.006938813,NA,NS
ENSG00000250349,NA,-0.002171591,NA,NS
ENSG00000250358,LINC02200,-0.000498515,NA,NS
ENSG00000250365,HEATR5A-DT,0.011022146,NA,NS
ENSG00000250387,LINC02197,-0.041007013,0.325725526,NS
ENSG00000250397,NA,0.006309748,NA,NS
ENSG00000250403,RPL7L1P14,0.011566128,NA,NS
ENSG00000250413,SLC2A9-AS1,-0.002124932,NA,NS
ENSG00000250432,FAM242C,0.009025195,NA,NS
ENSG00000250451,HOXC-AS1,-0.000287732,NA,NS
ENSG00000250474,WBP1LP2,-0.019074031,NA,NS
ENSG00000250479,CHCHD10,-0.078519002,0.088903246,NS
ENSG00000250486,FAM218A,0.017374029,0.750104766,NS
ENSG00000250506,CDK3,-0.057407215,NA,NS
ENSG00000250519,NA,-0.002332254,NA,NS
ENSG00000250539,KRT8P33,-0.00015712,NA,NS
ENSG00000250565,ATP6V1E2,0.02667972,0.609207808,NS
ENSG00000250571,GLI4,-0.079379637,0.086279544,NS
ENSG00000250575,NA,-0.01342343,NA,NS
ENSG00000250600,ROPN1L-AS1,-0.004237512,NA,NS
ENSG00000250608,NUDT16-DT,-0.006771058,NA,NS
ENSG00000250616,YPEL3-DT,0.014894503,NA,NS
ENSG00000250643,NA,-0.003569748,NA,NS
ENSG00000250644,NA,0.001627214,NA,NS
ENSG00000250722,SELENOP,0.004214648,0.940370971,NS
ENSG00000250731,TPM3P6,-0.004935828,NA,NS
ENSG00000250790,NA,-0.045557008,NA,NS
ENSG00000250802,ZBED3-AS1,-0.021203632,0.667472273,NS
ENSG00000250846,EPHA5-AS1,-0.007218302,NA,NS
ENSG00000250853,RNF138P1,-0.005734672,NA,NS
ENSG00000250874,NA,-0.020890472,NA,NS
ENSG00000250896,RNPS1P1,-0.007236656,NA,NS
ENSG00000250899,NA,0.006916463,0.908998711,NS
ENSG00000250903,GMDS-DT,0.007994105,NA,NS
ENSG00000250938,MAD2L1-DT,0.003793927,NA,NS
ENSG00000250988,SNHG21,-0.00710937,0.908283861,NS
ENSG00000250999,NA,-0.010618542,NA,NS
ENSG00000251003,ZFPM2-AS1,0.033891934,0.459905892,NS
ENSG00000251013,GAPDHP62,0.006301109,NA,NS
ENSG00000251015,SLC25A30-AS1,0.005939597,NA,NS
ENSG00000251022,THAP9-AS1,0.020541838,0.688621149,NS
ENSG00000251026,NIHCOLE,-0.012288713,NA,NS
ENSG00000251095,NA,0.022176441,NA,NS
ENSG00000251136,PARAIL,-0.000520106,NA,NS
ENSG00000251141,MRPS30-DT,0.01945653,NA,NS
ENSG00000251143,NA,-0.000752562,NA,NS
ENSG00000251151,HOXC-AS3,0.009944036,NA,NS
ENSG00000251161,NA,0.016970383,NA,NS
ENSG00000251191,LINC00589,-0.002868892,NA,NS
ENSG00000251192,ZNF674,-0.010346968,NA,NS
ENSG00000251201,TMED7-TICAM2,0.01569096,0.75662803,NS
ENSG00000251244,NA,0.005544595,NA,NS
ENSG00000251246,EFNA4-EFNA3,0.003391641,NA,NS
ENSG00000251247,ZNF345,0.002868291,NA,NS
ENSG00000251279,SMIM15-AS1,0.00439082,NA,NS
ENSG00000251298,TMEM184C-DT,0.002502202,NA,NS
ENSG00000251322,SHANK3,0.065436909,0.144869034,NS
ENSG00000251323,LINC02728,0.008367237,NA,NS
ENSG00000251349,MSANTD3-TMEFF1,0.009034765,NA,NS
ENSG00000251363,LINC02315,-0.013487909,NA,NS
ENSG00000251364,SYT9-AS1,0.017994438,NA,NS
ENSG00000251365,LINC02236,-0.008830805,NA,NS
ENSG00000251369,ZNF550,0.028764456,0.572375838,NS
ENSG00000251393,NA,-0.00818922,NA,NS
ENSG00000251396,LINC01301,-0.003789856,NA,NS
ENSG00000251410,NA,0.010894666,NA,NS
ENSG00000251417,NA,-0.001125997,NA,NS
ENSG00000251429,AIDAP2,-0.001053077,NA,NS
ENSG00000251432,LINC02615,-0.016284948,NA,NS
ENSG00000251442,LINC01094,-0.0067573,NA,NS
ENSG00000251459,NA,0.011909892,NA,NS
ENSG00000251468,NA,-0.005814158,NA,NS
ENSG00000251485,NRBF2P6,-0.010166389,NA,NS
ENSG00000251493,FOXD1,-0.021717638,0.689070484,NS
ENSG00000251503,CENPS-CORT,-0.010119,NA,NS
ENSG00000251537,NA,-0.005719173,NA,NS
ENSG00000251562,MALAT1,0.014471881,0.719279235,NS
ENSG00000251569,NA,0.016361259,NA,NS
ENSG00000251574,NA,0.001871231,NA,NS
ENSG00000251580,LINC02482,-0.006325949,NA,NS
ENSG00000251584,NA,-0.008296182,NA,NS
ENSG00000251595,ABCA11P,0.004656474,NA,NS
ENSG00000251602,MTA1-DT,-0.005706179,0.925042241,NS
ENSG00000251611,FHIP1A-DT,-0.016836293,NA,NS
ENSG00000251615,NA,0.006314662,NA,NS
ENSG00000251634,NAIPP4,0.07187998,NA,NS
ENSG00000251661,NA,0.004697816,NA,NS
ENSG00000251692,PTX4,-0.012650677,NA,NS
ENSG00000251867,NA,-0.01152901,NA,NS
ENSG00000253102,NA,0.030701418,NA,NS
ENSG00000253106,NA,0.000314941,NA,NS
ENSG00000253133,GPAT4-AS1,0.00467365,NA,NS
ENSG00000253159,PCDHGA12,0.028089977,NA,NS
ENSG00000253161,LINC01605,-0.005438285,NA,NS
ENSG00000253194,NA,0.00439754,NA,NS
ENSG00000253200,NA,0.017105889,NA,NS
ENSG00000253210,DENND3-AS1,0.009693052,NA,NS
ENSG00000253251,SHLD3,-0.00375101,0.953398052,NS
ENSG00000253276,CCDC71L,-0.058662178,0.208011056,NS
ENSG00000253293,HOXA10,-0.011648802,0.840964088,NS
ENSG00000253305,PCDHGB6,-0.024913022,NA,NS
ENSG00000253313,C1orf210,-0.030529022,0.545331986,NS
ENSG00000253320,MAILR,-0.034663319,NA,NS
ENSG00000253327,RAD21-AS1,-0.021644559,NA,NS
ENSG00000253341,PCBP2P2,-0.00808888,NA,NS
ENSG00000253352,TUG1,0.115320752,0.002514018,NS
ENSG00000253368,TRNP1,0.03201403,0.518362447,NS
ENSG00000253374,NA,0.000914316,NA,NS
ENSG00000253395,LINC03044,-0.023463612,NA,NS
ENSG00000253404,CTNNA1-AS1,-0.015845961,NA,NS
ENSG00000253433,NA,0.000261006,NA,NS
ENSG00000253438,PCAT1,0.02287218,0.659996321,NS
ENSG00000253485,PCDHGA5,0.03554401,NA,NS
ENSG00000253535,ADAM7-AS1,0.00255926,NA,NS
ENSG00000253537,PCDHGA7,-0.003415014,NA,NS
ENSG00000253541,SEPTIN10P1,-0.00311753,NA,NS
ENSG00000253552,HOXA-AS2,0.002367675,NA,NS
ENSG00000253559,OSGEPL1-AS1,0.00408273,NA,NS
ENSG00000253570,RNF5P1,0.004306692,NA,NS
ENSG00000253582,OXR1-AS1,0.001499144,NA,NS
ENSG00000253593,NA,-0.023262963,NA,NS
ENSG00000253598,SLC10A5,-0.007632279,NA,NS
ENSG00000253626,EIF5AL1,-0.024128456,NA,NS
ENSG00000253636,NA,-0.008307443,NA,NS
ENSG00000253642,NA,-0.019101357,NA,NS
ENSG00000253669,GASAL1,-0.03984589,NA,NS
ENSG00000253683,NA,-0.004396479,NA,NS
ENSG00000253695,PINX1-DT,-0.004101263,NA,NS
ENSG00000253696,KBTBD11-OT1,-0.006020216,NA,NS
ENSG00000253704,VIRMA-DT,-0.003063309,NA,NS
ENSG00000253710,ALG11,-0.00290715,0.965213261,NS
ENSG00000253716,MINCR,0.006250155,NA,NS
ENSG00000253719,ATXN7L3B,0.004917399,0.923461541,NS
ENSG00000253729,PRKDC,0.055158658,0.211414657,NS
ENSG00000253731,PCDHGA6,-0.026791429,NA,NS
ENSG00000253738,OTUD6B-AS1,0.012904367,0.819894565,NS
ENSG00000253741,LNCOC1,-0.017383078,NA,NS
ENSG00000253764,KBTBD11-AS1,-0.000529742,NA,NS
ENSG00000253767,PCDHGA8,0.011092786,NA,NS
ENSG00000253773,CFAP418-AS1,-0.009912673,NA,NS
ENSG00000253785,NA,-0.01160693,NA,NS
ENSG00000253797,UTP14C,0.022021185,0.445403504,NS
ENSG00000253846,PCDHGA10,0.010300863,NA,NS
ENSG00000253865,NA,0.005788222,NA,NS
ENSG00000253873,PCDHGA11,0.001567387,NA,NS
ENSG00000253893,FAM85B,-0.005117314,NA,NS
ENSG00000253910,PCDHGB2,0.011728355,NA,NS
ENSG00000253944,MTUS1-DT,0.02363605,NA,NS
ENSG00000253948,VPS13B-DT,-0.009633552,NA,NS
ENSG00000253953,PCDHGB4,0.003020173,NA,NS
ENSG00000253954,HMGN1P38,-0.01432155,NA,NS
ENSG00000253958,CLDN23,-0.051922616,0.259352074,NS
ENSG00000253978,TENM2-AS1,0.001608852,NA,NS
ENSG00000253982,CLN8-AS1,-0.030116901,0.551889529,NS
ENSG00000254004,ZNF260,0.007339583,0.906740864,NS
ENSG00000254024,GRHL2-DT,-0.057259148,0.190603838,NS
ENSG00000254087,LYN,0.124068718,0.005421257,NS
ENSG00000254089,NA,-0.04404251,NA,NS
ENSG00000254093,PINX1,-0.043320694,0.360237138,NS
ENSG00000254101,LINC02055,-0.00566882,NA,NS
ENSG00000254109,RBPMS-AS1,0.009304051,NA,NS
ENSG00000254122,PCDHGB7,0.002591738,NA,NS
ENSG00000254165,NA,0.00925939,NA,NS
ENSG00000254186,NA,-0.000351143,NA,NS
ENSG00000254206,NPIPB11,0.009741865,NA,NS
ENSG00000254221,PCDHGB1,-0.014385676,NA,NS
ENSG00000254224,UQCRB-AS1,0.00416315,NA,NS
ENSG00000254231,WWP1-AS1,-0.008786115,NA,NS
ENSG00000254233,LINC02365,0.077456293,NA,NS
ENSG00000254244,PAICSP4,0.000109677,NA,NS
ENSG00000254245,PCDHGA3,-0.008750374,NA,NS
ENSG00000254271,ANK3-DT,-0.008212669,NA,NS
ENSG00000254285,KRT8P3,-0.002123774,NA,NS
ENSG00000254302,NA,0.002602967,NA,NS
ENSG00000254389,RHPN1-AS1,0.01217695,0.827546323,NS
ENSG00000254402,LRRC24,0.000887883,NA,NS
ENSG00000254413,CHKB-CPT1B,0.014313261,NA,NS
ENSG00000254445,HSPB2-C11orf52,0.003609967,NA,NS
ENSG00000254454,RCC2P6,-0.005003327,NA,NS
ENSG00000254469,XNDC1N,0.005627994,NA,NS
ENSG00000254470,AP5B1,0.068844805,0.086940822,NS
ENSG00000254473,UBQLN1-AS1,-0.0322039,0.493370979,NS
ENSG00000254477,NA,0.00757261,NA,NS
ENSG00000254480,LINC02749,-0.006931473,NA,NS
ENSG00000254485,NA,-0.009318665,NA,NS
ENSG00000254491,NA,-0.007935606,NA,NS
ENSG00000254505,CHMP4A,-0.080755833,0.057833161,NS
ENSG00000254531,NA,-0.09613063,0.024825738,NS
ENSG00000254536,NA,-0.00461087,NA,NS
ENSG00000254539,NA,-0.002575706,NA,NS
ENSG00000254547,ANKRD33BP6,-0.031454051,NA,NS
ENSG00000254598,CSNK2A3,-0.017354331,NA,NS
ENSG00000254612,DNAJB6P1,-0.000795245,NA,NS
ENSG00000254614,CAPN1-AS1,0.019859485,NA,NS
ENSG00000254634,SMG1P6,-0.004940818,NA,NS
ENSG00000254635,WAC-AS1,-0.028062398,0.568773051,NS
ENSG00000254662,NA,-0.016514236,NA,NS
ENSG00000254665,NA,0.006064227,NA,NS
ENSG00000254681,PKD1P5,0.003255051,NA,NS
ENSG00000254682,DHCR7-DT,-0.000773716,NA,NS
ENSG00000254685,FPGT,0.00704096,0.910231478,NS
ENSG00000254692,NA,0.000352204,NA,NS
ENSG00000254706,NA,0.023746741,NA,NS
ENSG00000254718,NA,-0.018700285,NA,NS
ENSG00000254726,MEX3A,-0.00142719,0.98223536,NS
ENSG00000254732,NA,-0.000330566,NA,NS
ENSG00000254772,EEF1G,-0.039932373,0.313078771,NS
ENSG00000254783,NA,0.003138645,NA,NS
ENSG00000254788,CKLF-CMTM1,-0.001007043,NA,NS
ENSG00000254806,SYS1-DBNDD2,-0.008846413,NA,NS
ENSG00000254837,LIPT2-AS1,-0.009509467,0.877207097,NS
ENSG00000254852,NPIPA2,-0.023653877,NA,NS
ENSG00000254854,NECTIN1-DT,-0.03837836,NA,NS
ENSG00000254858,MPV17L2,-0.054591369,0.23279763,NS
ENSG00000254860,TMEM9B-AS1,0.005156579,NA,NS
ENSG00000254870,ATP6V1G2-DDX39B,-0.005464736,NA,NS
ENSG00000254873,NA,-0.001160431,NA,NS
ENSG00000254876,SUGT1P4-STRA6LP,0.008091359,NA,NS
ENSG00000254877,NA,0.009692343,NA,NS
ENSG00000254901,BORCS8,-0.064607916,0.145680489,NS
ENSG00000254911,SCARNA9,-0.00193044,NA,NS
ENSG00000254929,NA,0.006262324,NA,NS
ENSG00000254973,NA,-0.00212833,NA,NS
ENSG00000254986,DPP3,-0.017371381,0.719307959,NS
ENSG00000254996,ANKHD1-EIF4EBP3,0.007735944,0.861869475,NS
ENSG00000254999,BRK1,-0.045888787,0.270731805,NS
ENSG00000255007,LINC02489,-0.002208433,NA,NS
ENSG00000255020,TDH-AS1,-0.019411021,NA,NS
ENSG00000255031,NA,0.002106242,NA,NS
ENSG00000255036,SUGT1P4-STRA6LP-CCDC180,0.003755197,NA,NS
ENSG00000255046,NA,0.003495642,NA,NS
ENSG00000255052,FAM66D,0.016185244,NA,NS
ENSG00000255062,TIRAP-AS1,0.018151582,NA,NS
ENSG00000255072,PIGY,-0.012001234,0.820525027,NS
ENSG00000255073,ZFP91-CNTF,0.000470327,NA,NS
ENSG00000255100,TSKU-AS1,-0.034904265,NA,NS
ENSG00000255104,ZNF286A-TBC1D26,-0.000666536,NA,NS
ENSG00000255108,NA,-0.016536098,NA,NS
ENSG00000255112,CHMP1B,0.014418063,0.784902189,NS
ENSG00000255121,CENATAC-DT,-0.007315469,NA,NS
ENSG00000255129,TTC12-DT,0.009967589,NA,NS
ENSG00000255135,EMSY-DT,-0.079444859,0.084292994,NS
ENSG00000255139,NA,0.002559154,NA,NS
ENSG00000255150,EID3,0.001442241,NA,NS
ENSG00000255152,MSH5-SAPCD1,-0.002576241,NA,NS
ENSG00000255153,TOLLIP-DT,-0.028270227,NA,NS
ENSG00000255154,HTD2,-0.031041909,0.527201931,NS
ENSG00000255158,NA,0.004030604,NA,NS
ENSG00000255182,NA,0.00807502,NA,NS
ENSG00000255193,LINC02726,0.004575974,NA,NS
ENSG00000255198,SNHG9,-0.219202175,0.000597811,NS
ENSG00000255224,NA,0.002886516,0.962107072,NS
ENSG00000255240,NA,0.107216553,0.024468345,NS
ENSG00000255284,GATD1-DT,-0.006070906,0.925803871,NS
ENSG00000255298,OR8G5,0.019305304,NA,NS
ENSG00000255302,EID1,-0.024234293,0.555602472,NS
ENSG00000255310,NA,0.003036907,NA,NS
ENSG00000255320,NA,0.00817185,NA,NS
ENSG00000255337,TMEM123-DT,-0.003833108,NA,NS
ENSG00000255339,NA,-0.005478455,NA,NS
ENSG00000255346,NOX5,0.031103897,NA,NS
ENSG00000255353,ASS1P13,-0.046405046,0.328784481,NS
ENSG00000255367,NA,0.022858891,NA,NS
ENSG00000255418,LINC02718,0.047049011,0.287836387,NS
ENSG00000255423,EBLN2,-0.016571804,NA,NS
ENSG00000255425,OR8G3P,0.02532682,NA,NS
ENSG00000255435,TTC36-AS1,-0.003591445,NA,NS
ENSG00000255439,NA,-0.050278968,NA,NS
ENSG00000255455,NA,-0.000976383,NA,NS
ENSG00000255458,SMIM14-DT,-0.024380744,NA,NS
ENSG00000255462,NA,0.004917415,NA,NS
ENSG00000255468,B4GAT1-DT,0.003504049,NA,NS
ENSG00000255471,PRSS23-AS1,0.005332613,NA,NS
ENSG00000255508,NA,-0.005847969,NA,NS
ENSG00000255510,OR8A2P,0.008842621,NA,NS
ENSG00000255517,DPP3-DT,-0.054930164,0.235970542,NS
ENSG00000255526,NEDD8-MDP1,-0.023487204,NA,NS
ENSG00000255529,POLR2M,0.022200056,0.654266806,NS
ENSG00000255545,B3GAT1-DT,0.004809056,NA,NS
ENSG00000255559,ZNF252P-AS1,0.00666785,NA,NS
ENSG00000255561,FDXACB1,-0.037215276,0.445025143,NS
ENSG00000255571,MIR9-3HG,0.019541951,NA,NS
ENSG00000255639,NA,-0.026947655,0.599437735,NS
ENSG00000255647,NA,-0.00252472,NA,NS
ENSG00000255650,FAM222A-AS1,0.013360074,NA,NS
ENSG00000255663,NA,-0.003050002,NA,NS
ENSG00000255693,LINC02389,-0.000182175,NA,NS
ENSG00000255717,SNHG1,0.051011561,0.216095435,NS
ENSG00000255737,AGAP2-AS1,-0.025868964,NA,NS
ENSG00000255760,LINC02422,-0.017714476,NA,NS
ENSG00000255837,TAS2R20,-0.002078535,NA,NS
ENSG00000255856,NA,-0.010474849,NA,NS
ENSG00000255857,PXN-AS1,-0.028906033,0.55787953,NS
ENSG00000255959,NA,-0.009019255,NA,NS
ENSG00000255966,GAPDH-DT,0.017032828,NA,NS
ENSG00000255992,PUS1-AS1,0.00094079,NA,NS
ENSG00000256028,NA,-0.008288034,NA,NS
ENSG00000256034,NA,0.000205932,NA,NS
ENSG00000256043,CTSO,-0.06092283,0.186812191,NS
ENSG00000256053,COA8,-0.054958516,0.225777407,NS
ENSG00000256060,TRAPPC2B,-0.05346667,0.252860699,NS
ENSG00000256061,DNAAF4,-0.032517037,NA,NS
ENSG00000256073,URB1-AS1,-0.041976563,0.382349305,NS
ENSG00000256087,ZNF432,0.003670607,0.952277963,NS
ENSG00000256092,SBNO1-AS1,-0.00687085,NA,NS
ENSG00000256116,NA,-0.005019318,NA,NS
ENSG00000256151,ADGRD1-AS1,0.002130641,NA,NS
ENSG00000256196,NA,0.012448411,NA,NS
ENSG00000256206,NA,0.001456862,NA,NS
ENSG00000256210,TMEM167AP2,-0.00948842,NA,NS
ENSG00000256223,ZNF10,0.005534887,0.927518122,NS
ENSG00000256229,ZNF486,-0.011131306,NA,NS
ENSG00000256238,SUPT16HP1,-0.001418009,NA,NS
ENSG00000256269,HMBS,-0.065294861,0.103511795,NS
ENSG00000256294,ZNF225,0.001997704,NA,NS
ENSG00000256312,NA,0.009386506,NA,NS
ENSG00000256338,RPL41P2,-0.053314279,NA,NS
ENSG00000256349,NA,0.000463165,NA,NS
ENSG00000256417,NA,0.006183813,NA,NS
ENSG00000256433,NA,0.008366363,NA,NS
ENSG00000256442,NA,0.005408178,NA,NS
ENSG00000256443,NA,0.016671659,NA,NS
ENSG00000256453,DND1,-0.044021146,NA,NS
ENSG00000256500,NA,-0.00242315,NA,NS
ENSG00000256514,NA,0.022904506,0.609207808,NS
ENSG00000256525,POLG2,0.030739504,0.513315431,NS
ENSG00000256537,SMIM10L1,0.020433831,0.683055937,NS
ENSG00000256546,LINC02985,0.001135738,NA,NS
ENSG00000256576,LINC02361,0.021475593,NA,NS
ENSG00000256591,NA,0.036943177,NA,NS
ENSG00000256628,ZBTB11-AS1,-0.052010415,0.26939978,NS
ENSG00000256646,NA,0.027071061,0.600956335,NS
ENSG00000256663,NA,-0.032053986,NA,NS
ENSG00000256664,NA,-0.04377177,NA,NS
ENSG00000256671,LIMS4,-0.006786016,NA,NS
ENSG00000256683,ZNF350,-0.045674737,0.335396542,NS
ENSG00000256742,KDM2B-DT,0.001224168,NA,NS
ENSG00000256745,ARPC3P3,0.004365943,NA,NS
ENSG00000256747,NA,-0.002488312,NA,NS
ENSG00000256771,ZNF253,0.017918599,0.749889991,NS
ENSG00000256806,C17orf100,0.009095398,NA,NS
ENSG00000256940,PPP1R14B-AS1,-0.012183421,NA,NS
ENSG00000256966,NA,0.028572789,NA,NS
ENSG00000256967,NA,-0.006641139,NA,NS
ENSG00000257002,NA,-0.002009802,NA,NS
ENSG00000257027,NA,0.004229906,NA,NS
ENSG00000257052,PRPF19-DT,0.008518175,NA,NS
ENSG00000257084,MIR200CHG,-0.024863652,NA,NS
ENSG00000257086,NA,-0.012328428,NA,NS
ENSG00000257093,DENND11,0.161951882,9.27E-05,NS
ENSG00000257103,LSM14A,0.029052835,0.459919773,NS
ENSG00000257108,NHLRC4,-0.000559348,NA,NS
ENSG00000257135,ODC1-DT,-0.000944633,NA,NS
ENSG00000257167,TMPO-AS1,-0.074235974,0.10462475,NS
ENSG00000257175,NA,-0.004975228,NA,NS
ENSG00000257176,NA,0.002645201,NA,NS
ENSG00000257218,GATC,0.019307996,0.695483524,NS
ENSG00000257242,LINC01619,0.005217203,NA,NS
ENSG00000257252,NA,0.010871589,NA,NS
ENSG00000257261,SLC38A4-AS1,-0.011415243,NA,NS
ENSG00000257285,PRMT5-DT,-0.007623558,NA,NS
ENSG00000257303,CNPY2-AS1,-0.006075124,NA,NS
ENSG00000257315,ZBED6,0.041865011,0.240761655,NS
ENSG00000257337,TNS2-AS1,0.035874939,0.463230396,NS
ENSG00000257341,NA,-0.042930433,NA,NS
ENSG00000257354,MIRLET7IHG,0.020375199,NA,NS
ENSG00000257365,FNTB,-0.027566618,0.59217326,NS
ENSG00000257379,NA,-0.015814639,NA,NS
ENSG00000257390,NA,0.004479379,NA,NS
ENSG00000257395,NA,0.004912931,NA,NS
ENSG00000257398,NA,-0.001136582,NA,NS
ENSG00000257433,RPAP3-DT,-0.038683319,NA,NS
ENSG00000257443,LRIG3-DT,-0.005434905,NA,NS
ENSG00000257446,ZNF878,0.045544259,NA,NS
ENSG00000257497,GLIPR1-AS1,-0.015609124,NA,NS
ENSG00000257511,NA,0.003804071,NA,NS
ENSG00000257523,LINC02326,-0.013132242,NA,NS
ENSG00000257524,NA,0.017947417,NA,NS
ENSG00000257526,NA,-0.001867437,NA,NS
ENSG00000257527,NA,0.000298205,NA,NS
ENSG00000257529,RPL36A-HNRNPH2,-0.038805011,0.126181051,NS
ENSG00000257557,PPP1R12A-AS1,0.007108468,NA,NS
ENSG00000257576,HSPD1P4,-0.003495095,NA,NS
ENSG00000257591,ZNF625,-0.031024676,NA,NS
ENSG00000257594,GALNT4,-0.009795269,0.867926606,NS
ENSG00000257599,OVCH1-AS1,-0.004634632,NA,NS
ENSG00000257605,MYG1-AS1,-0.017437365,NA,NS
ENSG00000257607,NA,-0.005001455,NA,NS
ENSG00000257621,PSMA3-AS1,-0.006386527,0.920203824,NS
ENSG00000257635,NA,0.002692944,NA,NS
ENSG00000257660,ADCY6-DT,-0.011921193,NA,NS
ENSG00000257698,GIHCG,-0.043355286,0.348814766,NS
ENSG00000257704,INAFM1,-0.021247397,NA,NS
ENSG00000257727,CNPY2,-0.026135549,0.605145365,NS
ENSG00000257767,NA,-0.00276329,NA,NS
ENSG00000257781,NA,-0.009531377,NA,NS
ENSG00000257800,FNBP1P1,-0.011628424,NA,NS
ENSG00000257815,PRANCR,0.032541911,0.503045069,NS
ENSG00000257839,PHLDA1-DT,-0.003800133,NA,NS
ENSG00000257869,NA,-0.000608401,NA,NS
ENSG00000257884,NA,0.03933044,NA,NS
ENSG00000257913,DDN-AS1,-0.004820147,NA,NS
ENSG00000257921,NA,-0.052215592,NA,NS
ENSG00000257923,CUX1,0.08554662,0.042468247,NS
ENSG00000257949,TEN1,-0.047346616,0.317790005,NS
ENSG00000257950,P2RX5-TAX1BP3,0.012710512,NA,NS
ENSG00000257951,NA,-0.003731362,NA,NS
ENSG00000257954,NA,0.000623402,NA,NS
ENSG00000258001,R3HDM2-DT,-0.00513268,NA,NS
ENSG00000258017,TUBA1B-AS1,-0.003207415,NA,NS
ENSG00000258038,LINC02327,0.006354138,NA,NS
ENSG00000258056,CD63-AS1,0.065455069,0.152648974,NS
ENSG00000258057,BCDIN3D-AS1,0.020251178,NA,NS
ENSG00000258072,NA,-0.00482551,NA,NS
ENSG00000258099,ATXN2-AS,-0.030004485,NA,NS
ENSG00000258101,NA,-0.003993912,NA,NS
ENSG00000258102,MAP1LC3B2,0.004736503,NA,NS
ENSG00000258128,MKRN9P,-0.021764198,NA,NS
ENSG00000258162,NA,0.04476955,NA,NS
ENSG00000258171,LINC02412,-0.001360398,NA,NS
ENSG00000258232,NA,-0.014526388,NA,NS
ENSG00000258289,CHURC1,0.034706621,0.401503633,NS
ENSG00000258303,NA,-0.010932929,NA,NS
ENSG00000258311,NA,-0.010108304,NA,NS
ENSG00000258314,NA,-0.022335579,NA,NS
ENSG00000258315,C17orf49,-0.035711488,0.460937103,NS
ENSG00000258325,ITFG2-AS1,-0.049610991,NA,NS
ENSG00000258354,NA,0.007228105,NA,NS
ENSG00000258359,PCNPP1,6.69E-05,NA,NS
ENSG00000258366,RTEL1,-0.017875832,0.754193121,NS
ENSG00000258377,NA,-0.003883946,NA,NS
ENSG00000258384,RCCD1-AS1,-0.007221681,NA,NS
ENSG00000258388,PPT2-EGFL8,-0.012239207,NA,NS
ENSG00000258405,ZNF578,-0.01467663,NA,NS
ENSG00000258427,RMB8AP1,-0.007681269,NA,NS
ENSG00000258429,PDF,-0.029426762,0.553317754,NS
ENSG00000258441,LINC00641,0.114838873,0.021055106,NS
ENSG00000258446,NA,0.000300509,NA,NS
ENSG00000258457,AJUBA-DT,-0.028012006,NA,NS
ENSG00000258458,OXA1L-DT,-0.004585088,NA,NS
ENSG00000258465,NA,-0.007650591,NA,NS
ENSG00000258526,NA,-0.002722947,NA,NS
ENSG00000258529,NA,-0.005232994,NA,NS
ENSG00000258534,NA,-0.005361034,NA,NS
ENSG00000258537,FRMD6-AS2,0.028939954,NA,NS
ENSG00000258539,NA,0.003078934,NA,NS
ENSG00000258555,SPECC1L-ADORA2A,0.014991834,NA,NS
ENSG00000258561,NA,-0.018537054,NA,NS
ENSG00000258568,RHOQP1,0.000655499,NA,NS
ENSG00000258633,RRAGAP1-AS1,-0.01050696,NA,NS
ENSG00000258634,NA,0.015371147,0.773878867,NS
ENSG00000258643,BCL2L2-PABPN1,-0.014883311,NA,NS
ENSG00000258644,SYNJ2BP-COX16,0.004542835,NA,NS
ENSG00000258645,HSPE1P2,-0.010522371,NA,NS
ENSG00000258647,LINC00930,0.002178389,NA,NS
ENSG00000258651,SEC23A-AS1,0.007526376,NA,NS
ENSG00000258653,NA,0.013292355,NA,NS
ENSG00000258655,ARHGAP5-AS1,0.011384179,NA,NS
ENSG00000258659,TRIM34,-0.003328669,NA,NS
ENSG00000258667,HIF1A-AS3,-0.005107487,NA,NS
ENSG00000258674,NA,0.002283005,NA,NS
ENSG00000258677,NA,-0.018083012,NA,NS
ENSG00000258701,VESTAR,-0.007091983,NA,NS
ENSG00000258707,NA,0.005131738,NA,NS
ENSG00000258708,SLC25A21-AS1,-0.01656733,0.757825511,NS
ENSG00000258710,LINC01193,0.000758657,NA,NS
ENSG00000258725,PRC1-AS1,0.005294871,NA,NS
ENSG00000258727,AP1G2-AS1,0.005496452,NA,NS
ENSG00000258728,NA,-0.000397594,NA,NS
ENSG00000258731,DDHD1-DT,-0.008483133,NA,NS
ENSG00000258738,BAZ1A-AS1,-0.035709524,NA,NS
ENSG00000258744,NA,0.007232465,0.908998711,NS
ENSG00000258754,LINC01579,-0.000978731,NA,NS
ENSG00000258766,DIO2-AS1,0.007981923,NA,NS
ENSG00000258768,NA,-0.012519456,NA,NS
ENSG00000258790,NA,-0.008838397,0.88470963,NS
ENSG00000258798,CCDC88C-DT,0.009456794,NA,NS
ENSG00000258813,RBM25-AS1,-0.011671295,NA,NS
ENSG00000258815,LINC02820,0.021925236,NA,NS
ENSG00000258818,RNASE4,0.014450116,NA,NS
ENSG00000258819,LINC02289,-0.003079842,NA,NS
ENSG00000258824,NA,-0.014603839,NA,NS
ENSG00000258830,NA,0.037474367,NA,NS
ENSG00000258839,MC1R,0.011060883,NA,NS
ENSG00000258884,LINC02321,-0.009306457,NA,NS
ENSG00000258890,CEP95,0.014238858,0.806360736,NS
ENSG00000258900,HNRNPCP1,-0.015747535,NA,NS
ENSG00000258920,FOXN3-AS1,-0.029946645,0.547774063,NS
ENSG00000258924,NA,5.16E-05,NA,NS
ENSG00000258938,NA,0.005469304,NA,NS
ENSG00000258940,MIA2-AS1,-0.012302011,0.831346067,NS
ENSG00000258947,TUBB3,-0.063085824,0.17160726,NS
ENSG00000258957,GALNT16-AS1,-0.0015971,NA,NS
ENSG00000258982,YY1-DT,-0.000103758,NA,NS
ENSG00000258984,UBE2F-SCLY,0.002606481,NA,NS
ENSG00000258986,TMEM179,-0.030640309,NA,NS
ENSG00000259001,NA,-0.218505554,NA,NS
ENSG00000259024,TVP23C-CDRT4,-0.033641185,NA,NS
ENSG00000259065,MIDEAS-AS1,0.002263761,NA,NS
ENSG00000259069,NA,-0.004817479,NA,NS
ENSG00000259075,POC1B-GALNT4,0.011794595,NA,NS
ENSG00000259083,PNN-AS1,0.00205123,NA,NS
ENSG00000259087,NA,-0.004047802,NA,NS
ENSG00000259088,NA,-0.005100503,NA,NS
ENSG00000259112,NDUFC2-KCTD14,-0.051954623,NA,NS
ENSG00000259129,LINC00648,0.044253682,0.343141928,NS
ENSG00000259130,NA,-0.010061209,NA,NS
ENSG00000259132,NA,-0.030308385,NA,NS
ENSG00000259135,NA,-0.00089119,NA,NS
ENSG00000259138,NA,-0.012273758,NA,NS
ENSG00000259146,SIPA1L1-AS1,-0.009950508,NA,NS
ENSG00000259153,MAP3K9-DT,-0.039947307,0.359749078,NS
ENSG00000259171,NA,-0.007918752,NA,NS
ENSG00000259172,SNRPA1-DT,-0.01146225,NA,NS
ENSG00000259182,NA,-0.006341656,NA,NS
ENSG00000259205,PRKXP1,-0.002902057,NA,NS
ENSG00000259207,ITGB3,0.012733139,NA,NS
ENSG00000259248,USP3-AS1,-0.017954823,0.745095402,NS
ENSG00000259251,VPS13C-DT,0.01154348,NA,NS
ENSG00000259291,ZNF710-AS1,0.051462694,NA,NS
ENSG00000259305,ZHX1-C8orf76,-0.038121542,NA,NS
ENSG00000259316,NA,-0.266135539,0.000240413,NS
ENSG00000259319,JDP2-AS1,-0.019286777,NA,NS
ENSG00000259330,INAFM2,-0.008875557,0.881684241,NS
ENSG00000259332,ST20-MTHFS,-0.010722488,NA,NS
ENSG00000259343,TMC3-AS1,6.09E-05,NA,NS
ENSG00000259345,NA,-0.015727172,NA,NS
ENSG00000259349,APPBP2-DT,-0.001043566,NA,NS
ENSG00000259354,SLC30A4-AS1,0.00257137,NA,NS
ENSG00000259366,NA,0.00562326,NA,NS
ENSG00000259383,NA,-0.008401811,NA,NS
ENSG00000259399,TGIF2-RAB5IF,-0.009201175,NA,NS
ENSG00000259416,LINC02883,-0.011542885,NA,NS
ENSG00000259424,IRAIN,-0.010416626,NA,NS
ENSG00000259426,KIF23-AS1,-0.003425897,NA,NS
ENSG00000259431,THTPA,-0.011758321,0.839863108,NS
ENSG00000259438,MAPK6-DT,-0.017447808,NA,NS
ENSG00000259456,ADNP-AS1,-0.019184059,NA,NS
ENSG00000259479,SORD2P,-0.021918464,NA,NS
ENSG00000259488,DUT-AS1,0.000938832,NA,NS
ENSG00000259494,MRPL46,0.003762,0.954738765,NS
ENSG00000259495,ARNT2-DT,-0.00430404,NA,NS
ENSG00000259498,TPM1-AS,-0.03808231,NA,NS
ENSG00000259520,SLC28A2-AS1,-0.004289696,NA,NS
ENSG00000259522,NA,0.009400796,NA,NS
ENSG00000259523,NA,-0.015588872,NA,NS
ENSG00000259529,NA,0.002606375,0.923622492,NS
ENSG00000259551,NA,0.002738773,0.964048372,NS
ENSG00000259553,NA,-0.006808516,NA,NS
ENSG00000259581,TYRO3P,0.009685694,NA,NS
ENSG00000259605,NA,-0.014675215,NA,NS
ENSG00000259623,NA,-0.068454595,0.135087444,NS
ENSG00000259630,FABP5P9,0.00102276,NA,NS
ENSG00000259642,ST20-AS1,-0.017219716,0.750275942,NS
ENSG00000259663,ISL1-DT,0.003886194,NA,NS
ENSG00000259673,IQCH-AS1,0.029932461,0.514186085,NS
ENSG00000259687,LINC01220,0.003867791,NA,NS
ENSG00000259706,HSP90B2P,0.005339347,NA,NS
ENSG00000259736,CRTC3-AS1,-0.000808534,NA,NS
ENSG00000259768,ZFHX3-AS1,0.001198351,0.986134837,NS
ENSG00000259775,EIF5-DT,0.009396593,NA,NS
ENSG00000259780,NA,0.004198051,NA,NS
ENSG00000259781,HMGB1P6,-0.03744122,0.445414183,NS
ENSG00000259788,UAP1-DT,-0.012671964,NA,NS
ENSG00000259802,MARCHF6-DT,-0.033959147,0.491925936,NS
ENSG00000259803,SLC22A31,-0.015532036,NA,NS
ENSG00000259804,CTCF-DT,0.002807932,NA,NS
ENSG00000259818,CZIB-DT,-0.002698916,NA,NS
ENSG00000259823,LYPD8,-0.000765741,NA,NS
ENSG00000259826,CDK13-DT,-0.007760959,NA,NS
ENSG00000259856,RAB43P1,-0.005691356,NA,NS
ENSG00000259863,SH3RF3-AS1,0.00189189,NA,NS
ENSG00000259865,NA,-0.022158046,NA,NS
ENSG00000259867,DYNLRB2-AS1,-0.0013321,NA,NS
ENSG00000259877,ZNF778-DT,0.002415952,NA,NS
ENSG00000259891,NA,0.00972753,NA,NS
ENSG00000259917,HNRNPLP2,0.001944655,NA,NS
ENSG00000259940,NA,0.006840533,NA,NS
ENSG00000259943,ZMPSTE24-DT,-0.012139716,0.840290075,NS
ENSG00000259952,NA,0.004994583,NA,NS
ENSG00000259956,RBM15B,0.013340485,0.795125697,NS
ENSG00000259959,NA,0.024291639,NA,NS
ENSG00000259976,NA,0.004434638,NA,NS
ENSG00000259985,NA,0.000623591,NA,NS
ENSG00000259994,NA,-0.007931726,NA,NS
ENSG00000260000,NA,-0.020302721,0.692234258,NS
ENSG00000260001,TGFBR3L,-0.039651274,0.380658153,NS
ENSG00000260007,NA,0.004702861,NA,NS
ENSG00000260018,MBTPS1-DT,-0.054910971,0.233203004,NS
ENSG00000260032,NORAD,0.062581839,0.142182384,NS
ENSG00000260063,NA,-0.01310524,NA,NS
ENSG00000260075,NSFP1,0.006765555,NA,NS
ENSG00000260077,NA,-0.007121686,NA,NS
ENSG00000260083,MIR762HG,-0.049613605,0.281609491,NS
ENSG00000260086,NA,0.008779424,NA,NS
ENSG00000260088,DDX59-AS1,-0.008250858,NA,NS
ENSG00000260101,AFTPH-DT,-0.009748694,NA,NS
ENSG00000260118,NA,-0.013858372,NA,NS
ENSG00000260121,NA,0.004387003,NA,NS
ENSG00000260132,NA,-0.000484024,NA,NS
ENSG00000260136,NA,-0.04263395,NA,NS
ENSG00000260156,NA,-0.000675896,NA,NS
ENSG00000260160,NA,0.000887905,NA,NS
ENSG00000260167,NA,-0.002715131,NA,NS
ENSG00000260190,NA,-0.009629865,NA,NS
ENSG00000260193,LINC02846,0.009237174,NA,NS
ENSG00000260196,NA,0.02359793,NA,NS
ENSG00000260197,NA,-0.005454541,NA,NS
ENSG00000260209,NA,-0.03321475,NA,NS
ENSG00000260219,CD2BP2-DT,0.013061849,NA,NS
ENSG00000260228,CDH13-AS2,-0.029648584,NA,NS
ENSG00000260231,KDM7A-DT,-0.010701029,0.854927062,NS
ENSG00000260233,ZNRD2-DT,-0.01329474,NA,NS
ENSG00000260236,PTPN23-DT,-0.0149463,NA,NS
ENSG00000260238,PMF1-BGLAP,0.007253308,0.904628397,NS
ENSG00000260244,NA,0.084318584,0.06801572,NS
ENSG00000260249,NA,0.014589331,NA,NS
ENSG00000260257,NA,-0.033165978,NA,NS
ENSG00000260259,LINC02166,-0.005873546,NA,NS
ENSG00000260260,SNHG19,-0.039133603,0.390279307,NS
ENSG00000260267,NA,-0.035711651,0.464940799,NS
ENSG00000260269,NA,-0.007387816,NA,NS
ENSG00000260272,NA,0.014486473,NA,NS
ENSG00000260273,NA,-0.00369113,NA,NS
ENSG00000260274,NA,-0.048768442,0.29884709,NS
ENSG00000260280,SLX1B-SULT1A4,-0.006990505,NA,NS
ENSG00000260281,ITFG1-AS1,0.009442511,NA,NS
ENSG00000260285,TRMT61A-DT,0.031656514,NA,NS
ENSG00000260288,NA,-0.010236774,NA,NS
ENSG00000260290,NA,0.005817439,NA,NS
ENSG00000260293,NA,0.001081169,NA,NS
ENSG00000260316,NA,0.002751591,NA,NS
ENSG00000260317,LINC02986,-0.024627826,NA,NS
ENSG00000260329,TMEM263-DT,0.006440194,NA,NS
ENSG00000260337,NA,-0.002945115,NA,NS
ENSG00000260339,HEXA-AS1,-0.002055483,NA,NS
ENSG00000260342,NA,0.058034243,NA,NS
ENSG00000260352,SMG1-DT,-0.005944631,NA,NS
ENSG00000260360,NA,-0.011824639,NA,NS
ENSG00000260367,NA,-0.017007182,NA,NS
ENSG00000260369,NA,0.004558459,NA,NS
ENSG00000260372,AQP4-AS1,0.000731622,NA,NS
ENSG00000260400,NA,0.007618639,NA,NS
ENSG00000260417,NA,0.003611499,NA,NS
ENSG00000260423,LINC02367,0.012351474,NA,NS
ENSG00000260428,SCX,0.004976424,NA,NS
ENSG00000260442,ATP2A1-AS1,-0.038685382,NA,NS
ENSG00000260456,C16orf95,0.02345708,0.618526415,NS
ENSG00000260459,FTLP14,0.001523951,NA,NS
ENSG00000260464,NA,0.021596792,NA,NS
ENSG00000260475,SLC25A28-DT,-0.017956362,NA,NS
ENSG00000260484,NA,0.002922876,NA,NS
ENSG00000260493,E2F5-DT,0.008220279,NA,NS
ENSG00000260498,NA,-0.002356576,NA,NS
ENSG00000260500,NA,-0.004639718,NA,NS
ENSG00000260526,AP1AR-DT,0.018309151,NA,NS
ENSG00000260528,FAM157C,0.016940965,NA,NS
ENSG00000260537,NA,0.001803608,NA,NS
ENSG00000260552,COSMOC,0.005223789,0.928137693,NS
ENSG00000260563,NA,0.019678786,NA,NS
ENSG00000260565,ERVK13-1,0.003286858,NA,NS
ENSG00000260566,NA,-0.026057664,NA,NS
ENSG00000260572,PPM1L-DT,0.002008586,NA,NS
ENSG00000260573,NA,-0.002256726,NA,NS
ENSG00000260578,NA,0.013941247,NA,NS
ENSG00000260588,NA,-0.004523053,NA,NS
ENSG00000260589,STAM-DT,-0.003545122,NA,NS
ENSG00000260597,NA,0.009867888,NA,NS
ENSG00000260608,NA,0.009539868,NA,NS
ENSG00000260625,RUSF1-DT,-0.000779273,NA,NS
ENSG00000260630,SNAI3-AS1,0.008608672,NA,NS
ENSG00000260643,NA,-0.034161823,0.480718557,NS
ENSG00000260644,HERC2P5,-0.007424675,NA,NS
ENSG00000260669,NA,-0.012868253,NA,NS
ENSG00000260691,ANKRD20A1,0.004473966,NA,NS
ENSG00000260698,NA,0.006882675,NA,NS
ENSG00000260708,TBC1D22A-DT,-0.071262388,0.114175333,NS
ENSG00000260711,NA,-0.008562249,NA,NS
ENSG00000260719,NA,-0.003827256,NA,NS
ENSG00000260742,ITPRID2-DT,-0.012618202,NA,NS
ENSG00000260743,NA,-0.00460347,NA,NS
ENSG00000260747,NA,-0.006614705,NA,NS
ENSG00000260751,NA,-0.000652513,NA,NS
ENSG00000260772,NA,0.005012437,0.940060088,NS
ENSG00000260774,NA,0.018396868,NA,NS
ENSG00000260777,NA,0.000542702,NA,NS
ENSG00000260778,MIR3677HG,-0.00449641,NA,NS
ENSG00000260788,CEDORA,0.013071742,NA,NS
ENSG00000260803,NA,0.007458164,NA,NS
ENSG00000260804,LINC01963,0.014830683,NA,NS
ENSG00000260805,NA,0.006162981,0.923286949,NS
ENSG00000260806,PAPOLA-DT,-0.048980769,0.25912722,NS
ENSG00000260807,CEROX1,0.013698196,NA,NS
ENSG00000260830,NA,-0.016851311,NA,NS
ENSG00000260852,FBXL19-AS1,0.015549945,0.764161839,NS
ENSG00000260855,NA,0.013512923,NA,NS
ENSG00000260874,NA,-0.038161435,NA,NS
ENSG00000260879,NA,-0.013095528,NA,NS
ENSG00000260896,ARLNC1,-0.01185585,NA,NS
ENSG00000260898,ADPGK-AS1,-0.004477123,NA,NS
ENSG00000260899,NA,0.003171356,NA,NS
ENSG00000260910,SWINGN,-0.00349099,NA,NS
ENSG00000260912,NA,0.028357569,0.555602472,NS
ENSG00000260914,NA,0.035007311,0.45378204,NS
ENSG00000260916,CCPG1,0.009031554,0.883924864,NS
ENSG00000260917,NA,0.003441059,NA,NS
ENSG00000260920,NA,0.014027135,0.802129123,NS
ENSG00000260924,LINC01311,-0.033279786,NA,NS
ENSG00000260926,NA,0.001750147,NA,NS
ENSG00000260927,NA,0.00574169,NA,NS
ENSG00000260930,LINC01416,-0.001120484,NA,NS
ENSG00000260941,LINC00622,0.010257323,NA,NS
ENSG00000260942,CAPN10-DT,-0.013008244,NA,NS
ENSG00000260948,NA,-0.016264215,NA,NS
ENSG00000260949,NA,0.007159301,NA,NS
ENSG00000260953,NA,-0.01291522,NA,NS
ENSG00000260978,NA,-0.001446737,NA,NS
ENSG00000260992,DOCK9-DT,-0.009690243,NA,NS
ENSG00000261008,LINC01572,-0.034068014,NA,NS
ENSG00000261011,AGAP11,-0.013974869,NA,NS
ENSG00000261029,MPHOSPH6-DT,-0.000340017,NA,NS
ENSG00000261033,SPECC1-DT,-0.000141905,NA,NS
ENSG00000261052,SULT1A3,0.012456628,NA,NS
ENSG00000261061,NA,-0.087362503,0.062478182,NS
ENSG00000261064,LINC02256,0.006791977,NA,NS
ENSG00000261067,NA,0.012322753,NA,NS
ENSG00000261069,NA,0.101105202,NA,NS
ENSG00000261071,NA,-0.037376111,0.443709007,NS
ENSG00000261079,NA,-0.013568024,NA,NS
ENSG00000261093,NA,-0.005076863,NA,NS
ENSG00000261094,NA,0.02219857,0.660255741,NS
ENSG00000261098,NA,-0.025186816,NA,NS
ENSG00000261104,NA,-0.008004092,NA,NS
ENSG00000261114,NA,0.00304957,NA,NS
ENSG00000261115,TMEM178B,-0.005010371,NA,NS
ENSG00000261118,NA,-0.011967563,NA,NS
ENSG00000261126,RBFADN,-0.004334505,NA,NS
ENSG00000261130,NA,-0.001976029,NA,NS
ENSG00000261136,NA,-0.00185048,NA,NS
ENSG00000261140,NA,-0.013813603,NA,NS
ENSG00000261150,EPPK1,0.081069288,0.081127143,NS
ENSG00000261167,NA,-0.007464564,NA,NS
ENSG00000261173,DNAJA2-DT,-0.007913593,NA,NS
ENSG00000261183,SPINT1-AS1,-0.129233598,0.013971996,NS
ENSG00000261186,LINC03100,0.035617553,NA,NS
ENSG00000261188,TFIP11-DT,0.023567789,0.647848805,NS
ENSG00000261189,DSP-AS1,0.02231579,NA,NS
ENSG00000261202,TNRC6B-DT,-0.00680351,NA,NS
ENSG00000261211,NA,0.00167753,0.979558472,NS
ENSG00000261215,NA,0.001992694,NA,NS
ENSG00000261220,ST3GAL1-DT,0.014255294,0.809521731,NS
ENSG00000261221,ZNF865,-0.052417525,0.26609845,NS
ENSG00000261236,BOP1,-0.051312249,0.140944713,NS
ENSG00000261242,NA,-0.00781262,NA,NS
ENSG00000261251,EFCAB6-DT,-0.011719576,NA,NS
ENSG00000261270,NA,0.001966891,NA,NS
ENSG00000261286,ATP2C2-AS1,-0.014465199,NA,NS
ENSG00000261302,NUP93-DT,0.013362172,NA,NS
ENSG00000261320,NA,-0.001908135,NA,NS
ENSG00000261324,NA,0.005748233,NA,NS
ENSG00000261326,LINC01355,0.01022183,NA,NS
ENSG00000261335,NA,-0.029158294,NA,NS
ENSG00000261338,NA,-0.014149026,NA,NS
ENSG00000261342,NA,-0.007079396,NA,NS
ENSG00000261351,NA,-0.046462292,NA,NS
ENSG00000261360,OTULIN-DT,-0.009822103,NA,NS
ENSG00000261366,MANEA-DT,0.023350836,NA,NS
ENSG00000261373,VPS9D1-AS1,-0.032763649,0.506625746,NS
ENSG00000261390,MAFTRR,0.004545648,NA,NS
ENSG00000261407,NA,0.001063162,NA,NS
ENSG00000261408,TEN1-CDK3,-0.004341504,NA,NS
ENSG00000261420,MPC1-DT,-0.025987245,NA,NS
ENSG00000261423,TMEM202-AS1,0.007785708,NA,NS
ENSG00000261431,DHX35-DT,-0.010498396,NA,NS
ENSG00000261437,LINC02894,0.01823508,0.741279542,NS
ENSG00000261441,POLG-DT,-0.00388202,NA,NS
ENSG00000261455,LINC01003,0.04413238,0.35550344,NS
ENSG00000261459,NA,-0.000256949,NA,NS
ENSG00000261461,UBE2MP1,-0.016879666,NA,NS
ENSG00000261465,COQ7-DT,-0.000552725,NA,NS
ENSG00000261485,PAN3-AS1,0.007331108,NA,NS
ENSG00000261487,NA,0.005925564,NA,NS
ENSG00000261509,TP53TG3B,-0.000761548,NA,NS
ENSG00000261512,NA,-0.051521458,0.25032393,NS
ENSG00000261514,LINC01976,-0.027806435,NA,NS
ENSG00000261519,NA,-0.000820706,NA,NS
ENSG00000261526,NA,0.037282108,0.446570407,NS
ENSG00000261542,NA,-0.00478849,NA,NS
ENSG00000261553,NA,0.019795162,NA,NS
ENSG00000261560,NA,0.004143231,NA,NS
ENSG00000261578,NA,0.013938782,NA,NS
ENSG00000261584,NA,-4.27E-05,NA,NS
ENSG00000261587,TMEM249,0.002655938,NA,NS
ENSG00000261594,TPBGL,0.011502838,NA,NS
ENSG00000261600,NA,-0.002480808,NA,NS
ENSG00000261609,GAN,0.006870253,0.91468175,NS
ENSG00000261611,NA,0.005736584,NA,NS
ENSG00000261613,NA,-0.007875567,NA,NS
ENSG00000261652,PIERCE2,-0.011591847,NA,NS
ENSG00000261654,NA,0.003066238,NA,NS
ENSG00000261659,NA,-0.001632831,NA,NS
ENSG00000261664,TTC39A-AS1,0.006661159,NA,NS
ENSG00000261693,NA,-0.014590344,NA,NS
ENSG00000261701,HPR,-0.020586046,0.708013544,NS
ENSG00000261713,SSTR5-AS1,0.035439439,NA,NS
ENSG00000261716,H2BC20P,0.003460315,NA,NS
ENSG00000261717,NA,0.007235994,NA,NS
ENSG00000261732,NA,0.007990525,NA,NS
ENSG00000261740,BOLA2-SMG1P6,0.01405564,0.808091278,NS
ENSG00000261754,NA,-0.009707673,NA,NS
ENSG00000261758,STAG1-DT,0.006318173,NA,NS
ENSG00000261770,NA,0.022011604,NA,NS
ENSG00000261771,DNAAF4-CCPG1,-0.000749869,NA,NS
ENSG00000261777,DDX19A-DT,-0.027356375,NA,NS
ENSG00000261793,NA,-0.002572401,NA,NS
ENSG00000261795,NA,0.010254403,NA,NS
ENSG00000261796,ISY1-RAB43,0.005599996,0.933015362,NS
ENSG00000261799,NA,-0.024886428,NA,NS
ENSG00000261801,LOXL1-AS1,0.000539059,0.994317201,NS
ENSG00000261804,NA,0.048826714,0.301695926,NS
ENSG00000261824,LINC00662,0.004480733,0.944678543,NS
ENSG00000261832,NA,-0.000488823,NA,NS
ENSG00000261839,NA,-0.012573611,NA,NS
ENSG00000261840,NA,-0.025672598,NA,NS
ENSG00000261884,NA,0.028642465,NA,NS
ENSG00000261886,GOSR2-DT,-0.008209654,NA,NS
ENSG00000261889,NA,-0.004333348,NA,NS
ENSG00000261915,NA,-0.014145035,NA,NS
ENSG00000261934,PCDHGA9,-0.015350733,NA,NS
ENSG00000261971,MMP25-AS1,-0.01367954,NA,NS
ENSG00000262001,DLGAP1-AS2,0.005341826,NA,NS
ENSG00000262049,NA,-0.053862,0.252336407,NS
ENSG00000262050,NA,0.007949809,NA,NS
ENSG00000262074,SNORD3B-2,-0.001062623,NA,NS
ENSG00000262075,DKFZP434A062,0.010058645,NA,NS
ENSG00000262136,NQO1-DT,0.000367636,NA,NS
ENSG00000262160,NA,0.020664373,0.693372588,NS
ENSG00000262165,C17orf114,-0.036124207,NA,NS
ENSG00000262172,NA,-0.005276729,NA,NS
ENSG00000262185,LINC02861,0.002944674,NA,NS
ENSG00000262188,LINC01978,-0.007469664,NA,NS
ENSG00000262202,NA,0.008029377,NA,NS
ENSG00000262209,PCDHGB3,0.001852647,NA,NS
ENSG00000262246,CORO7,0.023566648,0.647848805,NS
ENSG00000262333,HNRNPA1P16,-0.014523108,NA,NS
ENSG00000262412,NA,-0.002712552,NA,NS
ENSG00000262413,NA,-0.006975831,NA,NS
ENSG00000262420,TXNDC11-AS1,-0.011446098,NA,NS
ENSG00000262454,MIR193BHG,0.00106233,NA,NS
ENSG00000262468,LINC01569,0.010020452,0.868408226,NS
ENSG00000262481,TMEM256-PLSCR3,-0.003138384,NA,NS
ENSG00000262526,NA,0.052550064,NA,NS
ENSG00000262543,SMIM28,0.005958009,NA,NS
ENSG00000262560,NA,-0.00116094,NA,NS
ENSG00000262576,PCDHGA4,0.006696216,NA,NS
ENSG00000262580,NA,-0.016044788,NA,NS
ENSG00000262585,LINC01979,-0.011032277,NA,NS
ENSG00000262624,NA,-0.000182611,NA,NS
ENSG00000262633,NA,-0.017362327,NA,NS
ENSG00000262660,NA,-0.000710764,NA,NS
ENSG00000262664,OVCA2,-0.05572449,0.220603293,NS
ENSG00000262678,CAMTA2-AS1,0.021427224,0.680473569,NS
ENSG00000262691,NA,0.006976784,NA,NS
ENSG00000262712,NA,-0.028042225,NA,NS
ENSG00000262714,NA,0.03527272,0.438728252,NS
ENSG00000262728,ARHGAP11A-DT,0.024966059,NA,NS
ENSG00000262772,LINC01977,-0.007810107,NA,NS
ENSG00000262814,MRPL12,-0.073329425,0.082934751,NS
ENSG00000262831,NA,-0.005989154,NA,NS
ENSG00000262877,NA,-0.002401578,NA,NS
ENSG00000262879,NA,0.033098281,0.492562048,NS
ENSG00000262884,NA,-0.010145783,0.860627834,NS
ENSG00000262904,TMPOP2,-0.009290961,NA,NS
ENSG00000262919,CCNQ,-0.02258129,0.671716653,NS
ENSG00000263001,GTF2I,0.104779639,0.007960621,NS
ENSG00000263002,ZNF234,0.014435066,0.788976876,NS
ENSG00000263004,AKAP1-DT,-0.036719102,NA,NS
ENSG00000263011,NA,-0.01107232,NA,NS
ENSG00000263020,NA,-0.010782155,NA,NS
ENSG00000263063,NA,0.014333191,NA,NS
ENSG00000263069,RNF213-AS1,0.012766923,NA,NS
ENSG00000263072,ZNF213-AS1,-0.043327343,0.355370713,NS
ENSG00000263080,NA,-0.000867996,NA,NS
ENSG00000263105,NA,-0.029314348,NA,NS
ENSG00000263126,NA,-5.24E-05,NA,NS
ENSG00000263155,MYZAP,0.066283974,NA,NS
ENSG00000263235,NA,0.004113932,NA,NS
ENSG00000263244,NA,0.0009652,NA,NS
ENSG00000263257,LINC03107,-0.016458635,NA,NS
ENSG00000263266,RPS7P1,-0.020204152,NA,NS
ENSG00000263272,NA,-0.017628289,NA,NS
ENSG00000263280,NA,-0.012040241,NA,NS
ENSG00000263293,EFCAB13-DT,0.026183152,NA,NS
ENSG00000263327,TAPT1-AS1,-0.013105573,NA,NS
ENSG00000263412,NFE2L1-DT,0.004450993,NA,NS
ENSG00000263427,NA,-0.009479308,NA,NS
ENSG00000263465,SRSF8,0.018440439,0.666251377,NS
ENSG00000263503,MAPK8IP1P2,6.68E-05,NA,NS
ENSG00000263513,FAM72C,-0.093873234,0.045785798,NS
ENSG00000263528,IKBKE,0.024981735,NA,NS
ENSG00000263535,AK4P1,-0.007418698,NA,NS
ENSG00000263563,UBBP4,0.003810685,NA,NS
ENSG00000263585,PYCR1-AS1,-0.001951309,NA,NS
ENSG00000263620,NA,0.005171427,NA,NS
ENSG00000263627,PPP4R1-AS1,0.000516922,NA,NS
ENSG00000263639,MSMB,-0.009902153,NA,NS
ENSG00000263711,LINC02864,0.003779018,NA,NS
ENSG00000263731,NA,-0.034849218,NA,NS
ENSG00000263740,RN7SL4P,-0.015672097,NA,NS
ENSG00000263753,LINC00667,0.022015418,0.654381379,NS
ENSG00000263766,KPNB1-DT,0.021759934,NA,NS
ENSG00000263786,NA,-0.001504854,NA,NS
ENSG00000263809,NA,-0.001074578,NA,NS
ENSG00000263823,NA,0.003660914,NA,NS
ENSG00000263826,NA,-0.010116011,NA,NS
ENSG00000263843,MIF4GD-DT,-0.025376163,0.610186217,NS
ENSG00000263884,THOC1-DT,-0.000742865,NA,NS
ENSG00000263934,SNORD3A,-0.007944617,NA,NS
ENSG00000263956,NBPF11,0.009021794,0.868408226,NS
ENSG00000263958,NETO1-DT,-0.019343198,0.721705224,NS
ENSG00000264015,NA,0.005054194,NA,NS
ENSG00000264058,NA,0.005889938,NA,NS
ENSG00000264070,DND1P1,-0.003562321,NA,NS
ENSG00000264112,NA,0.042505517,NA,NS
ENSG00000264187,NA,0.001115865,NA,NS
ENSG00000264207,NA,-0.087021999,0.061516787,NS
ENSG00000264235,MYL12-AS1,-0.002708972,NA,NS
ENSG00000264247,ZNF407-AS1,-0.026500763,0.612808855,NS
ENSG00000264278,ZNF236-DT,-0.009096484,NA,NS
ENSG00000264343,NOTCH2NLA,-0.096128021,0.035517373,NS
ENSG00000264364,DYNLL2,0.009238508,0.816828855,NS
ENSG00000264456,NA,0.002791989,NA,NS
ENSG00000264522,OTUD7B,-0.059913424,0.143673475,NS
ENSG00000264548,NA,0.005985238,NA,NS
ENSG00000264569,DCXR-DT,-0.000963737,NA,NS
ENSG00000264575,LINC00526,-0.019524189,NA,NS
ENSG00000264666,NA,-0.009172241,NA,NS
ENSG00000264668,NA,0.011882609,NA,NS
ENSG00000264672,SEPTIN4-AS1,0.002088813,NA,NS
ENSG00000264772,NA,0.03145928,0.443870582,NS
ENSG00000264808,NA,-0.009842757,NA,NS
ENSG00000264956,NA,0.006357499,NA,NS
ENSG00000264964,TWSG1-DT,-0.000657534,NA,NS
ENSG00000265008,NA,-0.009918203,NA,NS
ENSG00000265055,NA,-0.003167627,NA,NS
ENSG00000265100,NA,0.002251796,NA,NS
ENSG00000265148,TSPOAP1-AS1,-0.005646862,NA,NS
ENSG00000265185,SNORD3B-1,0.003924848,NA,NS
ENSG00000265218,NA,-0.010325165,NA,NS
ENSG00000265241,RBM8A,-0.045325663,0.239522474,NS
ENSG00000265246,NA,-0.004296854,NA,NS
ENSG00000265254,NA,-0.00700574,NA,NS
ENSG00000265282,NA,-0.002063806,NA,NS
ENSG00000265303,NA,-0.012976825,NA,NS
ENSG00000265342,NA,0.005648496,NA,NS
ENSG00000265354,TIMM23,-0.033774095,0.420428549,NS
ENSG00000265393,NA,-0.005163006,NA,NS
ENSG00000265401,NA,-0.003451255,NA,NS
ENSG00000265458,NARF-AS2,-0.01130584,0.847799297,NS
ENSG00000265479,DTX2P1-UPK3BP1-PMS2P11,-0.067168146,NA,NS
ENSG00000265491,RNF115,-0.005289453,0.935930806,NS
ENSG00000265590,CFAP298-TCP10L,-0.048046135,0.298455249,NS
ENSG00000265666,RARA-AS1,-0.038216819,NA,NS
ENSG00000265681,RPL17,-0.023470388,0.614315598,NS
ENSG00000265683,SYPL1P2,0.004535305,NA,NS
ENSG00000265688,MILIP,-0.031725747,0.514311771,NS
ENSG00000265690,NA,0.014491498,NA,NS
ENSG00000265692,LINC01970,0.00788368,NA,NS
ENSG00000265763,ZNF488,0.001979119,NA,NS
ENSG00000265778,ZNF516-AS1,-0.018762828,NA,NS
ENSG00000265808,SEC22B,0.011110655,0.820525027,NS
ENSG00000265817,FSBP,0.015392843,0.79159469,NS
ENSG00000265843,LINC01029,-0.007185765,NA,NS
ENSG00000265888,DSCAS,-0.001877126,NA,NS
ENSG00000265933,LINC00668,0.000217798,NA,NS
ENSG00000265972,TXNIP,-0.083326528,0.045054927,NS
ENSG00000266010,GATA6-AS1,0.007867737,NA,NS
ENSG00000266014,NA,0.008832469,NA,NS
ENSG00000266028,SRGAP2,0.044181064,0.312818557,NS
ENSG00000266053,NDUFV2-AS1,0.011034161,NA,NS
ENSG00000266066,POLRMTP1,-0.017911675,NA,NS
ENSG00000266074,BAHCC1,0.001341579,0.984638771,NS
ENSG00000266079,SNORA59B,-0.005218907,NA,NS
ENSG00000266086,NA,-0.002502702,NA,NS
ENSG00000266094,RASSF5,0.107684412,0.029152429,NS
ENSG00000266173,STRADA,-0.004741904,0.944059804,NS
ENSG00000266208,GJD3-AS1,0.057823605,0.211795083,NS
ENSG00000266306,NA,0.006111668,NA,NS
ENSG00000266313,NA,0.003438302,NA,NS
ENSG00000266338,NBPF15,0.047797512,0.313078771,NS
ENSG00000266402,SNHG25,-0.046012444,0.299413298,NS
ENSG00000266405,CBX3P2,0.006502801,NA,NS
ENSG00000266412,NCOA4,0.053018877,0.152463682,NS
ENSG00000266441,ARHGAP28-AS1,-0.012065224,NA,NS
ENSG00000266469,NA,0.015371773,NA,NS
ENSG00000266472,MRPS21,-0.063190817,0.125006862,NS
ENSG00000266473,HELZ-AS1,0.008804907,NA,NS
ENSG00000266495,NA,-0.006956566,NA,NS
ENSG00000266560,NA,0.00939726,NA,NS
ENSG00000266602,NA,-0.00181349,NA,NS
ENSG00000266677,NA,-0.001744893,NA,NS
ENSG00000266680,NA,-0.031064935,NA,NS
ENSG00000266709,NA,-0.003480232,NA,NS
ENSG00000266714,MYO15B,0.042922962,NA,NS
ENSG00000266729,DSG1-AS1,0.005810477,NA,NS
ENSG00000266743,NA,0.045131233,NA,NS
ENSG00000266783,NA,-0.010997614,NA,NS
ENSG00000266820,KPNA2P3,0.001189369,NA,NS
ENSG00000266826,IGBP1C,-0.005329239,NA,NS
ENSG00000266835,GAPLINC,0.008625202,NA,NS
ENSG00000266850,NA,-0.010625768,NA,NS
ENSG00000266869,NA,0.004426062,NA,NS
ENSG00000266896,NA,-0.00794205,NA,NS
ENSG00000266903,CEACAM16-AS1,0.024313816,NA,NS
ENSG00000266904,LINC00663,0.007925047,NA,NS
ENSG00000266910,NA,-0.011841903,NA,NS
ENSG00000266916,ZNF793-AS1,-0.003478055,NA,NS
ENSG00000266918,NA,-0.001383303,NA,NS
ENSG00000266921,ZNF230-DT,-0.008146501,NA,NS
ENSG00000266933,MADCAM1-AS1,-0.01527728,NA,NS
ENSG00000266947,NA,0.039815921,0.385770534,NS
ENSG00000266962,HSD17B1-AS1,0.01407013,0.796492616,NS
ENSG00000266967,AARSD1,-0.068677438,0.098707021,NS
ENSG00000266983,RANBP3-DT,0.007960546,NA,NS
ENSG00000266992,DHX40P1,0.002093626,NA,NS
ENSG00000267001,NA,-0.020905391,NA,NS
ENSG00000267002,NA,0.024196256,0.61464899,NS
ENSG00000267009,NA,-0.001913898,NA,NS
ENSG00000267024,NA,0.004661744,NA,NS
ENSG00000267030,NA,0.006168873,NA,NS
ENSG00000267040,ATP8B1-AS1,-0.007941312,NA,NS
ENSG00000267041,ZNF850,0.020157267,0.716092064,NS
ENSG00000267053,NA,0.004631396,NA,NS
ENSG00000267056,NA,-0.007939856,NA,NS
ENSG00000267057,LINC01905,0.00888951,NA,NS
ENSG00000267058,NA,-0.001049924,NA,NS
ENSG00000267059,NA,-0.185840364,0.005807805,NS
ENSG00000267060,PTGES3L,-0.008971908,NA,NS
ENSG00000267064,UXT-AS1,0.012964143,NA,NS
ENSG00000267080,ASB16-AS1,-0.019618966,NA,NS
ENSG00000267082,DOCK6-AS1,-0.008648378,NA,NS
ENSG00000267100,ILF3-DT,-0.068388426,0.089793981,NS
ENSG00000267106,ZNF561-AS1,-0.024106691,0.646468381,NS
ENSG00000267107,PCAT19,-0.014707814,NA,NS
ENSG00000267120,NA,0.002646297,NA,NS
ENSG00000267127,NA,0.010829889,NA,NS
ENSG00000267152,NA,-0.007919496,NA,NS
ENSG00000267160,NA,0.015610624,NA,NS
ENSG00000267169,ADGRL1-AS1,-0.007723219,NA,NS
ENSG00000267191,ZNF45-AS1,-0.009537527,NA,NS
ENSG00000267199,NA,0.003088848,NA,NS
ENSG00000267213,DPY19L3-DT,-0.009234958,NA,NS
ENSG00000267215,NA,0.000357294,NA,NS
ENSG00000267216,ZNF8-ERVK3-1,-0.001077084,NA,NS
ENSG00000267219,NA,0.000697408,NA,NS
ENSG00000267221,C17orf113,0.031694199,NA,NS
ENSG00000267226,MALT1-AS1,-0.035582364,NA,NS
ENSG00000267248,NA,-0.019319552,NA,NS
ENSG00000267249,NA,-0.001905961,NA,NS
ENSG00000267251,NA,0.010446388,NA,NS
ENSG00000267254,ZNF790-AS1,-0.001513766,NA,NS
ENSG00000267259,ERVE-1,-0.005666301,NA,NS
ENSG00000267260,NA,-0.004799093,NA,NS
ENSG00000267265,GP6-AS1,-0.012543158,NA,NS
ENSG00000267270,PARD6G-AS1,0.016401389,0.754105566,NS
ENSG00000267272,LINC01140,-0.007739582,NA,NS
ENSG00000267277,NA,-0.007151084,NA,NS
ENSG00000267278,MAP3K14-AS1,-0.022170351,0.671899144,NS
ENSG00000267280,TBX2-AS1,-0.006986734,NA,NS
ENSG00000267281,ATF7-NPFF,0.01771102,NA,NS
ENSG00000267283,NA,0.003380062,NA,NS
ENSG00000267284,NA,-0.005860806,NA,NS
ENSG00000267296,CEBPA-DT,-0.003183811,0.961618958,NS
ENSG00000267302,RNFT1-DT,0.01129492,NA,NS
ENSG00000267303,NA,-0.036552864,0.453280751,NS
ENSG00000267308,UCA1-AS1,-0.006953395,NA,NS
ENSG00000267309,ZNF566-AS1,-0.02020676,NA,NS
ENSG00000267317,NA,-0.024889646,NA,NS
ENSG00000267321,SNHG30,-0.01226707,0.83734637,NS
ENSG00000267322,SNHG22,-0.00128582,NA,NS
ENSG00000267348,GEMIN7-AS1,-0.005448918,NA,NS
ENSG00000267365,KCNJ2-AS1,-0.020000167,NA,NS
ENSG00000267368,UPK3BL1,-0.026917955,NA,NS
ENSG00000267374,MIR924HG,-0.008344738,NA,NS
ENSG00000267383,NA,0.006658517,NA,NS
ENSG00000267390,KDSR-DT,0.004147912,NA,NS
ENSG00000267394,ATXN7L3-AS1,-0.010735281,NA,NS
ENSG00000267395,DM1-AS,0.004310867,NA,NS
ENSG00000267414,SETBP1-DT,-0.011956827,NA,NS
ENSG00000267416,HEATR6-DT,0.001925493,NA,NS
ENSG00000267417,NA,-0.006118775,NA,NS
ENSG00000267421,ZFP28-DT,-0.013591158,NA,NS
ENSG00000267426,NA,0.019131075,NA,NS
ENSG00000267429,NA,-0.013183572,NA,NS
ENSG00000267454,ZNF582-DT,0.004676747,NA,NS
ENSG00000267470,ZNF571-AS1,-0.008569939,NA,NS
ENSG00000267475,NUDT19-DT,-0.004361318,NA,NS
ENSG00000267481,NA,-0.00756505,NA,NS
ENSG00000267493,CIRBP-AS1,-0.003838334,0.951091685,NS
ENSG00000267498,UQCRFS1-DT,0.008954193,NA,NS
ENSG00000267500,ZNF887P,-0.002344525,NA,NS
ENSG00000267508,ZNF285,0.006474349,0.911172193,NS
ENSG00000267519,MIR23AHG,0.012602405,NA,NS
ENSG00000267520,NA,-0.00889153,NA,NS
ENSG00000267532,MIR497HG,-0.004618905,0.943676564,NS
ENSG00000267534,S1PR2,0.017339326,NA,NS
ENSG00000267546,NA,0.000339531,NA,NS
ENSG00000267549,ZSCAN5A-AS1,-0.003305365,NA,NS
ENSG00000267571,NA,0.003468343,NA,NS
ENSG00000267575,LINC02987,0.029972049,0.551882966,NS
ENSG00000267598,NA,0.00537117,NA,NS
ENSG00000267605,NA,-0.010145497,NA,NS
ENSG00000267607,ICAM4-AS1,-0.009120339,NA,NS
ENSG00000267618,NA,0.002015889,NA,NS
ENSG00000267632,NA,0.007242218,NA,NS
ENSG00000267645,POLR2J2-UPK3BL1,-0.018530404,NA,NS
ENSG00000267649,NA,0.006377494,NA,NS
ENSG00000267655,NA,-0.009915296,NA,NS
ENSG00000267658,RAB5C-AS1,-0.007536212,NA,NS
ENSG00000267659,LINC01482,0.003874275,NA,NS
ENSG00000267666,NA,0.004827096,NA,NS
ENSG00000267673,FDX2,-0.0665177,0.140622511,NS
ENSG00000267677,NA,-0.008286243,NA,NS
ENSG00000267680,ZNF224,0.004331131,NA,NS
ENSG00000267698,NA,-0.00864032,NA,NS
ENSG00000267727,NA,-0.005948977,NA,NS
ENSG00000267740,NA,0.021489054,NA,NS
ENSG00000267748,NA,-0.025986119,NA,NS
ENSG00000267750,RUNDC3A-AS1,-0.000268741,NA,NS
ENSG00000267751,BSG-AS1,-0.03505247,0.473707152,NS
ENSG00000267767,LINC01801,-0.004232824,NA,NS
ENSG00000267783,NA,0.007544536,NA,NS
ENSG00000267796,LIN37,0.015125638,0.780173176,NS
ENSG00000267809,NDUFV2P1,-0.066837526,0.14250211,NS
ENSG00000267811,NA,0.008102027,NA,NS
ENSG00000267855,NDUFA7,-0.055532456,0.221182031,NS
ENSG00000267858,MZF1-AS1,-0.023456001,0.626010669,NS
ENSG00000267868,NA,0.020591501,NA,NS
ENSG00000267871,ZNF460-AS1,0.001971974,NA,NS
ENSG00000267886,NA,0.018041684,NA,NS
ENSG00000267904,NA,0.001495536,NA,NS
ENSG00000267909,CCDC177,0.004528348,NA,NS
ENSG00000267939,NA,-0.011521911,NA,NS
ENSG00000267980,NA,-0.0092092,NA,NS
ENSG00000268001,CARD8-AS1,-0.006489996,NA,NS
ENSG00000268006,PTOV1-AS1,-0.026275945,0.589370706,NS
ENSG00000268009,SSX4,0.000686623,NA,NS
ENSG00000268034,TPM3P5,0.003902206,NA,NS
ENSG00000268043,NBPF12,0.035472633,0.456394148,NS
ENSG00000268049,NA,-0.009485199,NA,NS
ENSG00000268061,NAPA-AS1,0.00161327,NA,NS
ENSG00000268066,FMR1-AS1,0.007199937,NA,NS
ENSG00000268069,NA,0.018427408,NA,NS
ENSG00000268081,NA,0.007492263,NA,NS
ENSG00000268083,NA,-0.001136653,NA,NS
ENSG00000268107,NA,-0.000282033,NA,NS
ENSG00000268119,NA,0.00012497,0.999057467,NS
ENSG00000268129,NA,-0.003047961,NA,NS
ENSG00000268173,NA,0.011033312,0.764161839,NS
ENSG00000268189,NA,-0.006656651,NA,NS
ENSG00000268205,NA,-0.188340773,0.00347524,NS
ENSG00000268218,NA,-0.012219238,NA,NS
ENSG00000268230,NA,0.004272944,NA,NS
ENSG00000268307,LINC02560,-0.001563542,NA,NS
ENSG00000268350,FAM156A,-0.015550249,0.665757621,NS
ENSG00000268357,VN1R81P,0.00857534,NA,NS
ENSG00000268362,NA,0.023934624,0.626178951,NS
ENSG00000268379,NA,-0.020582137,NA,NS
ENSG00000268400,NA,0.000745728,NA,NS
ENSG00000268403,NA,0.030586051,NA,NS
ENSG00000268416,NA,-0.000377615,NA,NS
ENSG00000268447,SSX2B,0.003633803,NA,NS
ENSG00000268471,MIR4453HG,0.026922966,0.605416156,NS
ENSG00000268516,ZNF8-DT,-0.036621231,0.425758971,NS
ENSG00000268531,NA,0.001129399,NA,NS
ENSG00000268536,NA,-0.007040288,NA,NS
ENSG00000268573,NA,0.019522993,NA,NS
ENSG00000268575,NA,-0.005632599,NA,NS
ENSG00000268584,NA,-0.019472696,NA,NS
ENSG00000268592,RAET1E-AS1,-0.006441065,NA,NS
ENSG00000268603,NA,-0.000820912,NA,NS
ENSG00000268606,MAGEA2,-0.041720181,0.319403663,NS
ENSG00000268628,NA,-0.001987844,NA,NS
ENSG00000268650,NA,0.002767019,NA,NS
ENSG00000268654,MIMT1,0.007932364,NA,NS
ENSG00000268660,LETM1P2,-0.001327871,NA,NS
ENSG00000268678,NA,-0.01082541,NA,NS
ENSG00000268686,NA,-0.00610224,NA,NS
ENSG00000268713,NA,-0.030800236,NA,NS
ENSG00000268750,NA,-0.019068348,NA,NS
ENSG00000268790,NA,0.001268308,NA,NS
ENSG00000268798,NA,-0.003467078,NA,NS
ENSG00000268812,LIF-AS2,-0.003347482,NA,NS
ENSG00000268858,NA,-0.035699722,0.464940799,NS
ENSG00000268869,ESPNP,-0.006031231,NA,NS
ENSG00000268870,NA,-0.028967907,NA,NS
ENSG00000268883,PNMA6B,-0.023154861,NA,NS
ENSG00000268889,LIM2-AS1,0.012500853,NA,NS
ENSG00000268895,A1BG-AS1,-0.030291111,0.518894357,NS
ENSG00000268902,CSAG2,-0.059165305,0.198055404,NS
ENSG00000268912,NA,-0.012262985,NA,NS
ENSG00000268916,CSAG3,-0.018454235,0.742348557,NS
ENSG00000268942,CKS1BP3,-0.00997293,NA,NS
ENSG00000268996,MAN1B1-DT,-0.120982237,0.008244723,NS
ENSG00000269001,ZNF818P,0.023357307,NA,NS
ENSG00000269038,SF1-DT,-0.016974852,NA,NS
ENSG00000269044,NA,0.013268011,NA,NS
ENSG00000269054,ZNF497-AS1,-0.004555934,NA,NS
ENSG00000269058,CALR3,0.002017749,NA,NS
ENSG00000269067,ZNF728,0.034785943,0.463808952,NS
ENSG00000269069,NA,-0.01324534,NA,NS
ENSG00000269106,NA,0.00632531,NA,NS
ENSG00000269113,TRABD2B,0.020090179,NA,NS
ENSG00000269139,NA,-0.006888015,NA,NS
ENSG00000269176,NA,-0.026422325,0.566795612,NS
ENSG00000269226,TMSB15C,-0.004418818,NA,NS
ENSG00000269242,NA,-0.133798506,0.015789499,NS
ENSG00000269243,NA,0.006271846,NA,NS
ENSG00000269246,NA,-0.013740122,NA,NS
ENSG00000269275,NA,0.003100571,NA,NS
ENSG00000269289,NA,0.00076837,NA,NS
ENSG00000269293,ZSCAN16-AS1,-0.025412911,0.61387806,NS
ENSG00000269296,NA,-0.002368304,NA,NS
ENSG00000269307,NA,0.000959839,NA,NS
ENSG00000269313,MAGIX,-0.030511999,NA,NS
ENSG00000269318,NA,-0.005299903,NA,NS
ENSG00000269335,IKBKG,-0.025639357,0.628229817,NS
ENSG00000269343,ZNF587B,-0.045871255,0.331587026,NS
ENSG00000269352,PTOV1-AS2,0.008784969,NA,NS
ENSG00000269374,NA,0.006055835,NA,NS
ENSG00000269378,ITGB1P1,0.000778615,0.982281454,NS
ENSG00000269386,RAB11B-AS1,0.014218197,NA,NS
ENSG00000269397,NA,-0.016778166,NA,NS
ENSG00000269399,NA,0.012210745,NA,NS
ENSG00000269405,NXF2,-0.009298211,NA,NS
ENSG00000269416,LINC01224,-0.001694421,NA,NS
ENSG00000269437,NXF2B,0.854536043,NA,NS
ENSG00000269439,PGLS-DT,-0.010708506,NA,NS
ENSG00000269473,ZNF132-DT,-0.010606614,NA,NS
ENSG00000269556,TMEM185A,-0.006867808,0.914755041,NS
ENSG00000269559,NA,-0.002534319,NA,NS
ENSG00000269586,CT45A10,0.002199344,NA,NS
ENSG00000269604,NA,-0.005651552,NA,NS
ENSG00000269609,C10orf95-AS1,0.004239991,0.950240135,NS
ENSG00000269646,ZNF888-AS1,0.00888358,NA,NS
ENSG00000269696,ZNF470-DT,0.006362233,NA,NS
ENSG00000269699,ZIM2,-0.001846764,NA,NS
ENSG00000269713,NBPF9,0.041768165,0.38008046,NS
ENSG00000269743,SLC25A53,-0.012179645,NA,NS
ENSG00000269821,KCNQ1OT1,0.028678216,NA,NS
ENSG00000269825,NA,0.034615148,0.457829194,NS
ENSG00000269834,ZNF528-AS1,-0.055145577,0.201161961,NS
ENSG00000269837,IPO5P1,0.001669754,NA,NS
ENSG00000269846,NA,-0.018485247,NA,NS
ENSG00000269855,RNF225,0.004709896,NA,NS
ENSG00000269858,EGLN2,0.015498809,0.788148576,NS
ENSG00000269887,NA,-0.011308771,NA,NS
ENSG00000269889,NA,-0.005271397,NA,NS
ENSG00000269893,SNHG8,-0.083311317,0.058343188,NS
ENSG00000269906,NA,0.026951219,NA,NS
ENSG00000269910,NA,-0.00454444,NA,NS
ENSG00000269911,FAM226B,0.020779925,NA,NS
ENSG00000269918,NA,-0.00995731,NA,NS
ENSG00000269921,NA,0.007321818,NA,NS
ENSG00000269929,MIRLET7A1HG,0.026850541,NA,NS
ENSG00000269937,NA,0.003084137,NA,NS
ENSG00000269938,NA,-0.002381536,NA,NS
ENSG00000269939,PCF11-AS1,-0.00567938,NA,NS
ENSG00000269940,NA,0.013655974,NA,NS
ENSG00000269947,NA,0.001434113,NA,NS
ENSG00000269951,NA,-0.007474883,NA,NS
ENSG00000269955,FMC1-LUC7L2,-0.017757452,0.733417595,NS
ENSG00000269958,NA,-0.018038333,NA,NS
ENSG00000269961,ERBIN-DT,-0.004696692,NA,NS
ENSG00000269968,NA,-0.028948657,NA,NS
ENSG00000269973,NA,-0.008472222,NA,NS
ENSG00000269982,NA,0.008687097,NA,NS
ENSG00000269983,NA,0.046906034,0.283519268,NS
ENSG00000269985,FARS2-AS1,-0.005518438,NA,NS
ENSG00000269997,NA,0.003497309,NA,NS
ENSG00000270006,C16orf95-DT,-0.026187829,NA,NS
ENSG00000270011,ZNF559-ZNF177,0.001673088,NA,NS
ENSG00000270012,NA,0.03572403,NA,NS
ENSG00000270021,NA,0.019039035,NA,NS
ENSG00000270022,NA,0.001648804,NA,NS
ENSG00000270039,NA,-0.006000273,NA,NS
ENSG00000270049,ATP6V0D1-DT,-0.058258734,NA,NS
ENSG00000270062,NA,-0.006352951,NA,NS
ENSG00000270066,NA,0.005404464,NA,NS
ENSG00000270069,MIR222HG,-0.007151381,NA,NS
ENSG00000270071,NA,0.03076269,0.52287849,NS
ENSG00000270074,NA,-0.016042893,NA,NS
ENSG00000270091,NA,0.000775228,NA,NS
ENSG00000270096,NA,0.000117571,NA,NS
ENSG00000270106,TSNAX-DISC1,-0.003459157,NA,NS
ENSG00000270127,NA,0.00146089,NA,NS
ENSG00000270136,MICOS10-NBL1,-0.014129496,0.587964461,NS
ENSG00000270141,TERC,0.020678922,NA,NS
ENSG00000270149,NA,-0.003285246,NA,NS
ENSG00000270164,LINC01480,-0.005958143,NA,NS
ENSG00000270170,NCBP2AS2,-0.060228408,0.163832069,NS
ENSG00000270175,NA,0.002569783,0.967847156,NS
ENSG00000270177,PPP2CA-DT,-0.004129731,NA,NS
ENSG00000270179,NA,-0.008584238,NA,NS
ENSG00000270181,BIVM-ERCC5,-0.000274226,NA,NS
ENSG00000270194,GOLGA4-AS1,0.022901293,0.665613365,NS
ENSG00000270231,NBPF8,0.083512449,0.067092451,NS
ENSG00000270276,H4C15,0.000969229,0.968520252,NS
ENSG00000270277,NA,-0.010203185,NA,NS
ENSG00000270332,SMC2-DT,-0.005204344,NA,NS
ENSG00000270344,POC1B-AS1,-0.002256034,NA,NS
ENSG00000270361,NA,-0.007574249,NA,NS
ENSG00000270362,HMGN3-AS1,0.0010804,NA,NS
ENSG00000270367,ADAD1P1,-0.003111862,NA,NS
ENSG00000270372,NA,-0.0452324,NA,NS
ENSG00000270419,CAHM,0.012691123,NA,NS
ENSG00000270460,NA,-0.003464908,NA,NS
ENSG00000270482,NA,0.003167002,NA,NS
ENSG00000270558,NA,-0.00058447,NA,NS
ENSG00000270571,NA,0.004921492,NA,NS
ENSG00000270574,NA,0.011854733,NA,NS
ENSG00000270605,NA,-0.013131087,NA,NS
ENSG00000270629,NBPF14,0.017959636,0.74948402,NS
ENSG00000270638,NA,0.002920512,NA,NS
ENSG00000270647,TAF15,-0.064649538,0.084948242,NS
ENSG00000270659,NA,0.014453237,NA,NS
ENSG00000270673,YTHDF3-DT,-0.066230872,0.145438291,NS
ENSG00000270689,BUD13P1,0.000571242,NA,NS
ENSG00000270696,NA,0.001775905,NA,NS
ENSG00000270757,HSPE1-MOB4,-0.018156262,NA,NS
ENSG00000270761,CD2AP-DT,-0.004416716,NA,NS
ENSG00000270800,RPS10-NUDT3,-0.023540026,0.648511279,NS
ENSG00000270820,USP34-DT,0.013556439,NA,NS
ENSG00000270872,SRGAP2D,0.009986066,NA,NS
ENSG00000270876,ZNF30-AS1,0.005000262,NA,NS
ENSG00000270882,H4C14,-0.003271384,0.88516258,NS
ENSG00000270933,NA,0.009017991,NA,NS
ENSG00000270956,NA,0.003209711,NA,NS
ENSG00000270959,LPP-AS2,-0.022228699,0.676544943,NS
ENSG00000270964,MAP2K5-DT,0.004174261,NA,NS
ENSG00000270977,NA,0.000242686,NA,NS
ENSG00000270996,NA,0.002282272,NA,NS
ENSG00000271009,NA,0.003170213,NA,NS
ENSG00000271013,LRRC37A9P,-0.001089776,NA,NS
ENSG00000271079,CTAGE15,0.017009092,NA,NS
ENSG00000271086,NAMA,0.013201745,NA,NS
ENSG00000271092,TLCD4-RWDD3,0.011156591,NA,NS
ENSG00000271121,NUDT4P2,0.013305127,NA,NS
ENSG00000271122,HERPUD2-AS1,0.02402453,0.636643673,NS
ENSG00000271127,NA,0.010426875,NA,NS
ENSG00000271147,NA,0.023990097,NA,NS
ENSG00000271151,NA,-0.002274912,NA,NS
ENSG00000271155,NA,-0.005171312,NA,NS
ENSG00000271254,NA,0.006316326,0.923461541,NS
ENSG00000271270,TMCC1-DT,-0.003408903,NA,NS
ENSG00000271303,SRXN1,0.0183357,0.645828332,NS
ENSG00000271314,NA,-0.008705777,NA,NS
ENSG00000271335,CCNY-AS1,-0.011496153,NA,NS
ENSG00000271367,NA,-0.023028731,NA,NS
ENSG00000271380,PYGO2-AS1,-0.043134497,NA,NS
ENSG00000271383,NBPF19,0.044952938,0.316745952,NS
ENSG00000271384,NA,0.000216733,NA,NS
ENSG00000271387,C1orf21-DT,-0.03295672,NA,NS
ENSG00000271425,NBPF10,0.007079739,NA,NS
ENSG00000271427,NA,-0.003574728,NA,NS
ENSG00000271533,NA,-0.005198844,NA,NS
ENSG00000271551,NA,-0.011606599,NA,NS
ENSG00000271576,PRKACB-DT,-0.005036525,NA,NS
ENSG00000271601,LIX1L,0.021173945,0.69499054,NS
ENSG00000271614,ATP2B1-AS1,0.025766239,NA,NS
ENSG00000271643,PDCD6IP-DT,-0.008912817,0.883540452,NS
ENSG00000271646,IRF2-DT,-0.003575538,0.955195089,NS
ENSG00000271659,NA,0.013097977,NA,NS
ENSG00000271714,FAM169A-AS1,0.003636828,NA,NS
ENSG00000271732,NA,-0.001031083,NA,NS
ENSG00000271737,NA,-0.046962593,0.299271926,NS
ENSG00000271741,NA,0.034322077,NA,NS
ENSG00000271746,NA,-0.013262383,NA,NS
ENSG00000271754,NA,0.003642861,NA,NS
ENSG00000271755,NA,-7.28E-05,NA,NS
ENSG00000271780,NA,-0.011162049,0.846428376,NS
ENSG00000271781,NA,-0.015653515,NA,NS
ENSG00000271784,TP53RK-DT,-0.000491552,NA,NS
ENSG00000271793,NA,0.003342575,NA,NS
ENSG00000271797,NA,0.029300468,NA,NS
ENSG00000271816,BMS1P4,-0.003410647,NA,NS
ENSG00000271833,NA,0.001887714,NA,NS
ENSG00000271848,SYNPO2L-AS1,-0.001065716,NA,NS
ENSG00000271850,LINC02343,-0.011619478,NA,NS
ENSG00000271851,NA,0.011389885,NA,NS
ENSG00000271855,NA,-0.017901298,NA,NS
ENSG00000271858,NA,-0.013737385,NA,NS
ENSG00000271862,NA,0.009916569,NA,NS
ENSG00000271869,DCTN6-DT,-0.03025711,NA,NS
ENSG00000271888,JARID2-DT,0.026041046,NA,NS
ENSG00000271889,C2orf74-AS1,-0.047123671,0.320362379,NS
ENSG00000271913,TAGAP-AS1,-0.00411131,NA,NS
ENSG00000271918,NA,-0.03001929,NA,NS
ENSG00000271926,NA,-3.55E-08,NA,NS
ENSG00000271936,NA,-0.025077378,NA,NS
ENSG00000271937,NA,0.002615289,NA,NS
ENSG00000271938,NA,-0.006501753,NA,NS
ENSG00000271966,ARFGEF1-DT,-0.000308579,NA,NS
ENSG00000271971,NA,-0.007877553,NA,NS
ENSG00000271976,NA,0.027347408,NA,NS
ENSG00000271980,NA,-0.01373773,NA,NS
ENSG00000271989,NA,-0.00082122,NA,NS
ENSG00000271991,TTC32-DT,-0.009227415,NA,NS
ENSG00000271992,NA,-0.007553732,NA,NS
ENSG00000272004,NA,0.001067042,NA,NS
ENSG00000272008,NA,0.003371138,NA,NS
ENSG00000272010,NA,0.007335928,NA,NS
ENSG00000272023,AFF4-DT,0.00243065,NA,NS
ENSG00000272031,ANKRD34A,-0.030263498,NA,NS
ENSG00000272047,GTF2H5,-0.014468066,0.802460216,NS
ENSG00000272054,NA,-0.000184905,NA,NS
ENSG00000272068,BCAN-AS1,0.009506879,NA,NS
ENSG00000272077,NA,0.002185125,NA,NS
ENSG00000272078,NA,0.007755133,NA,NS
ENSG00000272079,NA,-0.03270524,NA,NS
ENSG00000272081,FCHO2-DT,-0.00797131,NA,NS
ENSG00000272084,NA,0.004031567,NA,NS
ENSG00000272086,GOLPH3-DT,-0.026559003,NA,NS
ENSG00000272092,NA,-0.017751754,NA,NS
ENSG00000272097,TMEM14B-DT,-0.001092199,NA,NS
ENSG00000272106,NA,-0.010822164,0.858739895,NS
ENSG00000272129,NA,0.005712841,NA,NS
ENSG00000272138,LINC01607,0.006865892,NA,NS
ENSG00000272140,NA,-0.000545229,NA,NS
ENSG00000272141,NA,0.00264496,NA,NS
ENSG00000272142,LYRM4-AS1,0.008715843,NA,NS
ENSG00000272145,NFYC-AS1,0.020259032,NA,NS
ENSG00000272157,NA,-0.009985629,NA,NS
ENSG00000272170,KLC4-AS1,3.95E-05,NA,NS
ENSG00000272172,NA,-0.003078302,NA,NS
ENSG00000272173,NA,-0.021390223,0.692560332,NS
ENSG00000272186,VPS11-DT,0.015005442,NA,NS
ENSG00000272189,MAP7-AS1,-0.041601931,0.377067831,NS
ENSG00000272195,NA,0.004306529,NA,NS
ENSG00000272205,POU2F1-DT,-0.027759617,NA,NS
ENSG00000272217,NA,0.006759643,NA,NS
ENSG00000272221,MICA-AS1,-0.008212918,NA,NS
ENSG00000272247,NA,-0.000955731,NA,NS
ENSG00000272256,NA,-0.008312182,NA,NS
ENSG00000272264,NA,0.002140669,NA,NS
ENSG00000272269,NUP153-AS1,-0.012578276,NA,NS
ENSG00000272273,IER3-AS1,0.001939285,NA,NS
ENSG00000272274,ARGLU1-DT,-0.010618204,NA,NS
ENSG00000272277,NA,-0.003814063,NA,NS
ENSG00000272279,NA,-0.004173468,NA,NS
ENSG00000272288,ILRUN-AS1,0.019136405,0.698587681,NS
ENSG00000272293,NA,0.007233966,NA,NS
ENSG00000272323,TTC23L-AS1,-0.000327428,NA,NS
ENSG00000272325,NUDT3,-0.00560132,0.92634506,NS
ENSG00000272333,KMT2B,-0.006694144,0.917725601,NS
ENSG00000272335,NA,0.015678523,NA,NS
ENSG00000272338,NA,0.001082609,NA,NS
ENSG00000272345,NA,-0.001148245,NA,NS
ENSG00000272347,NA,0.01107382,NA,NS
ENSG00000272356,NA,-0.006594312,NA,NS
ENSG00000272360,NA,0.000882688,NA,NS
ENSG00000272368,NA,0.006691368,NA,NS
ENSG00000272374,SCUBE3-AS1,-0.001782617,NA,NS
ENSG00000272384,NA,-0.008295903,NA,NS
ENSG00000272391,POM121C,0.010383764,0.833886735,NS
ENSG00000272398,CD24,0.11553723,0.011840376,NS
ENSG00000272405,NA,-0.039489307,NA,NS
ENSG00000272410,NA,0.068737473,0.127682304,NS
ENSG00000272414,FAM47E-STBD1,0.017622908,NA,NS
ENSG00000272426,NA,0.000459678,NA,NS
ENSG00000272431,ZNF454-DT,0.00250475,NA,NS
ENSG00000272432,NA,0.000414257,NA,NS
ENSG00000272434,NA,0.010335564,NA,NS
ENSG00000272438,NA,0.004522818,0.944291002,NS
ENSG00000272447,NA,-0.035807398,NA,NS
ENSG00000272449,NA,0.016965892,0.764413676,NS
ENSG00000272455,MRPL20-DT,-0.003269581,NA,NS
ENSG00000272456,NA,-0.004400033,NA,NS
ENSG00000272459,FAM193B-DT,0.006458688,NA,NS
ENSG00000272462,LINC02980,-0.021763547,NA,NS
ENSG00000272476,NA,-0.016181109,NA,NS
ENSG00000272501,NA,-0.021323651,NA,NS
ENSG00000272512,NA,0.01955436,NA,NS
ENSG00000272514,CFAP206,-0.000570436,NA,NS
ENSG00000272518,NA,-0.030122139,NA,NS
ENSG00000272525,BTF3-DT,-0.014196275,NA,NS
ENSG00000272540,NA,-0.016116542,NA,NS
ENSG00000272562,H3-3A-DT,-0.006273839,NA,NS
ENSG00000272566,NA,-0.010754685,NA,NS
ENSG00000272572,NA,-0.00691091,NA,NS
ENSG00000272589,ZSWIM8-AS1,-0.011966331,NA,NS
ENSG00000272599,NA,-0.003471731,NA,NS
ENSG00000272602,ZNF595,0.015028605,0.796193351,NS
ENSG00000272604,EFCAB10-AS1,0.004161458,NA,NS
ENSG00000272606,PPP4R3B-DT,-0.002693689,NA,NS
ENSG00000272617,NA,-0.042848481,NA,NS
ENSG00000272631,NA,-0.003849692,NA,NS
ENSG00000272636,DOC2B,-0.005277558,NA,NS
ENSG00000272654,JTB-DT,0.027032491,NA,NS
ENSG00000272655,POLR2J4,-0.013113497,NA,NS
ENSG00000272662,TIMMDC1-DT,0.004492381,NA,NS
ENSG00000272663,PPP1R21-DT,-0.017527615,NA,NS
ENSG00000272667,NA,-0.024314999,NA,NS
ENSG00000272674,PCDHB16,-0.003893433,NA,NS
ENSG00000272677,HNRNPD-DT,0.00490622,NA,NS
ENSG00000272686,WASL-DT,-0.012074406,0.840469403,NS
ENSG00000272688,NA,-0.005078854,NA,NS
ENSG00000272690,LINC02018,0.001103804,NA,NS
ENSG00000272692,NA,-0.00185194,NA,NS
ENSG00000272695,GAS6-DT,0.01161642,NA,NS
ENSG00000272696,NA,0.000907986,NA,NS
ENSG00000272702,NA,-0.027935743,NA,NS
ENSG00000272711,HK2-DT,-0.016797994,NA,NS
ENSG00000272715,NA,0.012566394,NA,NS
ENSG00000272716,SLC30A6-DT,-0.018908835,NA,NS
ENSG00000272717,NA,-0.002032216,NA,NS
ENSG00000272720,NA,-0.002322055,NA,NS
ENSG00000272721,EIF2B5-DT,-0.00221328,NA,NS
ENSG00000272735,NA,-0.014685835,NA,NS
ENSG00000272750,NA,0.02687043,NA,NS
ENSG00000272752,STAG3L5P-PVRIG2P-PILRB,-0.004782494,NA,NS
ENSG00000272758,WDR5B-DT,-0.042883157,0.338213175,NS
ENSG00000272760,NA,-0.012805385,NA,NS
ENSG00000272768,NA,0.012541101,NA,NS
ENSG00000272772,NA,0.017799622,0.7461199,NS
ENSG00000272779,BMS1P20,0.000238746,NA,NS
ENSG00000272787,NA,-0.003125001,NA,NS
ENSG00000272791,NA,-0.000844648,NA,NS
ENSG00000272795,GAR1-DT,-0.001099302,NA,NS
ENSG00000272812,NA,-0.014938322,NA,NS
ENSG00000272822,NA,-0.005955536,NA,NS
ENSG00000272829,NA,-0.010482304,0.858266736,NS
ENSG00000272831,NA,-0.021395073,0.693432868,NS
ENSG00000272841,MAP3K4-AS1,-0.002919354,0.963411206,NS
ENSG00000272842,NA,0.00143958,NA,NS
ENSG00000272843,NA,-0.013400812,NA,NS
ENSG00000272844,NA,0.000650552,NA,NS
ENSG00000272848,NA,-0.01100897,NA,NS
ENSG00000272851,NA,-0.005783117,NA,NS
ENSG00000272853,SUV39H2-DT,-0.041690857,NA,NS
ENSG00000272858,NA,-0.016928535,NA,NS
ENSG00000272865,NA,-0.00602406,NA,NS
ENSG00000272870,SAP30-DT,0.014010945,NA,NS
ENSG00000272884,NA,0.011080541,NA,NS
ENSG00000272886,DCP1A,0.04276471,0.340875048,NS
ENSG00000272888,CHASERR,0.000253161,0.997821668,NS
ENSG00000272892,NA,-0.00691922,NA,NS
ENSG00000272894,MIOS-DT,0.002803547,NA,NS
ENSG00000272896,NA,0.000499508,NA,NS
ENSG00000272899,SPMIP1,-0.004955497,NA,NS
ENSG00000272902,TBC1D8-AS1,-0.002623099,NA,NS
ENSG00000272906,NA,-0.013791342,NA,NS
ENSG00000272909,NA,-0.001071398,NA,NS
ENSG00000272913,LINC03052,9.38E-05,0.999342264,NS
ENSG00000272916,NA,0.016803269,NA,NS
ENSG00000272931,LRRC8D-DT,-0.017395917,NA,NS
ENSG00000272933,TRIM8-DT,-0.013516384,NA,NS
ENSG00000272941,NA,0.018612749,NA,NS
ENSG00000272942,NA,0.014289095,NA,NS
ENSG00000272970,NA,0.003807916,NA,NS
ENSG00000272973,NA,-0.005653332,NA,NS
ENSG00000272977,NA,0.016691093,NA,NS
ENSG00000272980,NA,-0.031275819,NA,NS
ENSG00000272983,NA,0.007829542,NA,NS
ENSG00000272986,NA,0.002582534,NA,NS
ENSG00000272989,LINC02012,0.008906042,NA,NS
ENSG00000272994,C2orf49-DT,0.045739499,0.310947305,NS
ENSG00000273003,ARL2-SNX15,-0.000287391,NA,NS
ENSG00000273004,NA,-0.011087349,NA,NS
ENSG00000273008,CSGALNACT2-DT,-0.017138629,NA,NS
ENSG00000273010,NA,-0.013321367,NA,NS
ENSG00000273014,NA,0.01627413,NA,NS
ENSG00000273015,LINC00938,0.006053139,0.925610562,NS
ENSG00000273018,FAM106A,0.02308485,NA,NS
ENSG00000273026,NA,-0.002558724,NA,NS
ENSG00000273027,NA,-0.007148799,NA,NS
ENSG00000273032,DGCR5,0.005917742,NA,NS
ENSG00000273033,LINC02035,-0.004799692,NA,NS
ENSG00000273045,C2orf15,0.017065072,NA,NS
ENSG00000273046,NA,-0.012309742,NA,NS
ENSG00000273058,NA,0.005339277,NA,NS
ENSG00000273061,CDC37L1-DT,-0.042245095,NA,NS
ENSG00000273062,RALGPS2-AS1,-0.006981405,NA,NS
ENSG00000273063,NA,-0.002915985,NA,NS
ENSG00000273066,NA,0.007819541,NA,NS
ENSG00000273080,NA,-0.052265401,0.245369871,NS
ENSG00000273084,LINC03073,-0.015097351,0.793569018,NS
ENSG00000273091,NA,0.009543291,NA,NS
ENSG00000273117,INSIG1-DT,0.04576928,0.299271926,NS
ENSG00000273136,NBPF26,0.019635239,0.705305491,NS
ENSG00000273139,NA,-0.013101649,NA,NS
ENSG00000273141,NA,-0.02387078,NA,NS
ENSG00000273142,LINC02604,-0.023277649,NA,NS
ENSG00000273145,NA,-0.059331742,NA,NS
ENSG00000273148,LCDR,0.013781138,NA,NS
ENSG00000273149,NA,-0.032348337,NA,NS
ENSG00000273151,NA,0.004069456,NA,NS
ENSG00000273154,NA,0.004183001,NA,NS
ENSG00000273155,NA,-0.001673321,NA,NS
ENSG00000273156,NA,-0.002606205,NA,NS
ENSG00000273162,NA,-0.006008518,NA,NS
ENSG00000273173,SNURF,-0.015662252,NA,NS
ENSG00000273174,NA,0.003973423,NA,NS
ENSG00000273175,NA,-0.022366311,NA,NS
ENSG00000273179,NA,-0.013342461,NA,NS
ENSG00000273184,NA,-0.000590746,NA,NS
ENSG00000273199,NA,-0.006805103,NA,NS
ENSG00000273204,NA,-0.056018936,NA,NS
ENSG00000273210,NA,-0.005013666,NA,NS
ENSG00000273212,NA,-0.005092188,NA,NS
ENSG00000273213,H3-7,0.026249648,0.61034982,NS
ENSG00000273230,NA,0.024523429,NA,NS
ENSG00000273247,RAB33B-AS1,-0.015227684,0.789488513,NS
ENSG00000273248,NA,-0.00057065,NA,NS
ENSG00000273249,WDR5-DT,0.002295102,NA,NS
ENSG00000273253,TRABD-AS1,0.02892897,0.542023674,NS
ENSG00000273254,NA,-0.010367134,NA,NS
ENSG00000273257,LINC02928,-0.007292291,NA,NS
ENSG00000273265,CNNM3-DT,-0.004714884,0.942849873,NS
ENSG00000273270,LINC03072,-0.029347822,0.561487582,NS
ENSG00000273274,ZBTB8B,-0.00154871,NA,NS
ENSG00000273284,NA,0.001128706,NA,NS
ENSG00000273294,C1QTNF3-AMACR,0.001664157,NA,NS
ENSG00000273295,NA,0.004178615,NA,NS
ENSG00000273297,LINC03060,-0.004188533,NA,NS
ENSG00000273300,NA,0.010218473,NA,NS
ENSG00000273305,NA,0.00176631,NA,NS
ENSG00000273306,NA,0.00916811,NA,NS
ENSG00000273308,NA,0.003504528,NA,NS
ENSG00000273311,DGCR11,-0.017900137,NA,NS
ENSG00000273314,NA,0.031266304,0.509960292,NS
ENSG00000273320,NAMPT-AS1,0.00254812,NA,NS
ENSG00000273321,NA,-0.002480191,NA,NS
ENSG00000273329,NA,-0.014614171,0.801344297,NS
ENSG00000273338,NA,-0.005747398,NA,NS
ENSG00000273344,PAXIP1-DT,0.027823721,0.58287642,NS
ENSG00000273345,NA,0.007468793,NA,NS
ENSG00000273355,NA,0.001858767,NA,NS
ENSG00000273361,NA,0.000303317,NA,NS
ENSG00000273382,TMEM167B-DT,0.024672799,0.620614844,NS
ENSG00000273391,NA,-0.046423472,0.306417907,NS
ENSG00000273394,NA,-0.032061004,NA,NS
ENSG00000273398,NA,-0.011093042,NA,NS
ENSG00000273406,NA,-0.010605902,NA,NS
ENSG00000273416,NA,0.005788486,NA,NS
ENSG00000273419,NA,0.000438706,NA,NS
ENSG00000273420,NA,-0.032237596,NA,NS
ENSG00000273448,NA,0.003836556,NA,NS
ENSG00000273449,NA,-0.000457571,NA,NS
ENSG00000273456,NA,-0.042059691,0.353682012,NS
ENSG00000273472,NA,0.06289655,NA,NS
ENSG00000273473,NA,-0.015191856,NA,NS
ENSG00000273485,NA,-0.002223567,NA,NS
ENSG00000273514,FOXD4L6,0.007570115,NA,NS
ENSG00000273541,NA,-0.005285884,NA,NS
ENSG00000273542,H4C12,0.000337813,NA,NS
ENSG00000273559,CWC25,-0.027600341,0.58637799,NS
ENSG00000273565,NA,-0.009940024,NA,NS
ENSG00000273568,NA,-0.00567517,NA,NS
ENSG00000273590,NA,0.002230201,NA,NS
ENSG00000273604,EPOP,-0.017917135,0.731557746,NS
ENSG00000273611,ZNHIT3,-0.021325987,0.686388355,NS
ENSG00000273619,RPS21-DT,-0.008755335,NA,NS
ENSG00000273669,NA,-0.005156829,NA,NS
ENSG00000273679,NA,0.003130795,NA,NS
ENSG00000273693,CDRT15P10,-0.001956742,NA,NS
ENSG00000273702,NA,-0.053979466,0.240861528,NS
ENSG00000273711,NA,0.002275215,NA,NS
ENSG00000273723,SUGT1-DT,-0.001545448,NA,NS
ENSG00000273730,5_8S_rRNA,-0.017500922,0.310700841,NS
ENSG00000273734,NA,-0.002081217,NA,NS
ENSG00000273748,NA,-0.01484744,NA,NS
ENSG00000273749,CYFIP1,0.021480293,0.645061223,NS
ENSG00000273759,NA,0.000667439,NA,NS
ENSG00000273783,GTF2A1-AS1,-0.00186274,NA,NS
ENSG00000273784,NA,-0.011472017,NA,NS
ENSG00000273802,H2BC8,0.007002228,NA,NS
ENSG00000273812,LINC02970,0.010791237,NA,NS
ENSG00000273820,USP27X,-0.018713103,NA,NS
ENSG00000273821,NA,-0.019355453,NA,NS
ENSG00000273828,NA,-0.005108339,NA,NS
ENSG00000273841,TAF9,0.033587638,0.401217093,NS
ENSG00000273893,NA,-0.008595038,NA,NS
ENSG00000273899,NOL12,-0.080730498,0.067092451,NS
ENSG00000273901,NA,0.008189497,NA,NS
ENSG00000273906,NA,-0.02819622,0.564349624,NS
ENSG00000273980,NA,0.010064407,NA,NS
ENSG00000273987,NA,0.001309188,NA,NS
ENSG00000273998,NA,0.023716052,NA,NS
ENSG00000274012,RN7SL2,-0.068857361,0.072349578,NS
ENSG00000274015,NA,-0.019928797,NA,NS
ENSG00000274020,LINC01138,0.03479541,0.471744098,NS
ENSG00000274026,FAM27E3,-0.082972844,0.074373138,NS
ENSG00000274049,INO80B-WBP1,0.06048251,NA,NS
ENSG00000274070,CASTOR2,-0.037528244,0.444584068,NS
ENSG00000274104,NA,-0.012711594,NA,NS
ENSG00000274173,LINC02967,0.055934892,0.190918954,NS
ENSG00000274175,NA,-0.001374357,NA,NS
ENSG00000274180,NATD1,0.082615079,NA,NS
ENSG00000274209,ANTXRL,-0.003471168,NA,NS
ENSG00000274211,SOCS7,0.026203768,0.583780403,NS
ENSG00000274213,NA,-0.023328887,NA,NS
ENSG00000274220,NA,0.004647147,NA,NS
ENSG00000274225,HEPFAL,-0.000617882,NA,NS
ENSG00000274259,SYNGAP1-AS1,0.000501531,NA,NS
ENSG00000274265,NA,-0.012443743,NA,NS
ENSG00000274266,SNORA73A,-0.011712034,NA,NS
ENSG00000274270,NA,-0.012600703,NA,NS
ENSG00000274272,NA,0.016180572,NA,NS
ENSG00000274274,GAGE13,-0.164331605,0.00892987,NS
ENSG00000274276,NA,-7.30E-05,NA,NS
ENSG00000274286,ADRA2B,-0.010597839,NA,NS
ENSG00000274290,H2BC6,-0.00162065,NA,NS
ENSG00000274292,NA,-0.01935201,NA,NS
ENSG00000274333,LINC03104,0.083429847,NA,NS
ENSG00000274349,ZNF658,0.044090739,0.345633438,NS
ENSG00000274363,NA,-0.005397651,NA,NS
ENSG00000274372,NA,0.003753285,NA,NS
ENSG00000274383,NA,0.012937558,NA,NS
ENSG00000274386,TMEM269,0.006608571,NA,NS
ENSG00000274422,NA,-0.006814564,NA,NS
ENSG00000274425,NA,-0.022814434,0.667418286,NS
ENSG00000274460,NA,0.001781207,NA,NS
ENSG00000274512,TBC1D3L,0.028029174,NA,NS
ENSG00000274515,NA,9.58E-05,NA,NS
ENSG00000274523,RCC1L,-0.014702506,0.758612883,NS
ENSG00000274528,NA,0.000569138,NA,NS
ENSG00000274560,NA,-0.001535835,NA,NS
ENSG00000274561,NA,-0.00493669,NA,NS
ENSG00000274588,DGKK,0.00107763,NA,NS
ENSG00000274600,RIMBP3B,-0.020483787,NA,NS
ENSG00000274605,PCCA-DT,-0.084987159,0.064006301,NS
ENSG00000274641,H2BC17,-0.017496331,NA,NS
ENSG00000274653,NA,0.000741968,NA,NS
ENSG00000274667,NA,-0.000129192,NA,NS
ENSG00000274677,NA,-0.008833682,NA,NS
ENSG00000274695,NA,0.004844707,NA,NS
ENSG00000274698,NA,-0.011133944,NA,NS
ENSG00000274750,H3C6,0.021085948,NA,NS
ENSG00000274767,NA,-0.007336595,NA,NS
ENSG00000274798,NA,0.004422475,NA,NS
ENSG00000274810,NPHP3-ACAD11,-0.005734403,NA,NS
ENSG00000274818,NA,-0.00847358,NA,NS
ENSG00000274827,LINC01297,-0.031677562,0.484620194,NS
ENSG00000274840,BALR6,-0.008004107,NA,NS
ENSG00000274847,MAFIP,-0.004936882,NA,NS
ENSG00000274849,NA,-0.005307307,NA,NS
ENSG00000274859,NA,-0.006838036,NA,NS
ENSG00000274904,NA,0.002480982,NA,NS
ENSG00000274917,RNA5-8SN5,-0.017500922,0.310700841,NS
ENSG00000274922,NA,-0.002905045,NA,NS
ENSG00000274925,ZKSCAN2-DT,-0.032031955,NA,NS
ENSG00000274964,NA,-0.003193733,NA,NS
ENSG00000275004,ZNF280B,0.000132892,NA,NS
ENSG00000275023,MLLT6,0.039045612,0.367938762,NS
ENSG00000275052,PPP4R3B,0.052536033,0.204984973,NS
ENSG00000275055,NA,-0.006316941,NA,NS
ENSG00000275066,SYNRG,0.060873581,0.132361711,NS
ENSG00000275074,NUDT18,0.009651874,0.87620165,NS
ENSG00000275091,NA,-0.017405311,NA,NS
ENSG00000275097,NA,-0.025104899,NA,NS
ENSG00000275111,ZNF2,-0.031792522,NA,NS
ENSG00000275113,GAGE2E,-0.169655764,NA,NS
ENSG00000275120,ZSCAN2-AS1,0.005122811,NA,NS
ENSG00000275131,PDE4DIPP2,-0.013027671,NA,NS
ENSG00000275160,RPL7AP45,-0.041712989,NA,NS
ENSG00000275180,NA,0.004535837,NA,NS
ENSG00000275183,LENG9,0.01020333,0.864648794,NS
ENSG00000275185,NA,-0.005279531,NA,NS
ENSG00000275198,LINC02960,-0.002539398,NA,NS
ENSG00000275202,NA,-0.002497975,NA,NS
ENSG00000275215,RNA5-8SN3,-0.017500922,0.310700841,NS
ENSG00000275221,H2AC15,0.019056647,NA,NS
ENSG00000275223,NA,0.013886642,NA,NS
ENSG00000275234,NA,0.029297104,0.542033726,NS
ENSG00000275263,NA,-0.013005027,NA,NS
ENSG00000275297,NA,-0.001382286,NA,NS
ENSG00000275318,NA,0.005381277,NA,NS
ENSG00000275322,NA,-0.013228222,NA,NS
ENSG00000275325,PDCD6IPP1,0.006994928,NA,NS
ENSG00000275329,NA,-0.011950287,NA,NS
ENSG00000275342,PRAG1,-0.137997622,0.004636477,NS
ENSG00000275379,H3C11,-0.004730199,NA,NS
ENSG00000275395,FCGBP,-0.009907746,0.868408226,NS
ENSG00000275400,NA,-0.005339062,NA,NS
ENSG00000275410,HNF1B,0.003048728,NA,NS
ENSG00000275437,NA,0.038689422,NA,NS
ENSG00000275441,NA,-0.107265193,NA,NS
ENSG00000275445,NA,-0.027939383,NA,NS
ENSG00000275454,NA,-0.01570629,NA,NS
ENSG00000275457,NA,-0.057586524,NA,NS
ENSG00000275464,NA,0.004535566,0.946775628,NS
ENSG00000275468,NA,0.007537425,NA,NS
ENSG00000275479,NA,0.018053539,NA,NS
ENSG00000275481,NA,0.004900855,NA,NS
ENSG00000275493,NA,-0.007879159,NA,NS
ENSG00000275494,NA,-0.045304616,NA,NS
ENSG00000275496,NA,-0.002170748,NA,NS
ENSG00000275532,NA,0.002035975,NA,NS
ENSG00000275549,STPG3-AS1,-0.000111102,NA,NS
ENSG00000275552,NA,0.018772504,NA,NS
ENSG00000275563,NA,-0.042308296,0.366938484,NS
ENSG00000275591,XKR5,-0.004215483,NA,NS
ENSG00000275601,NA,-0.005158965,NA,NS
ENSG00000275632,NA,0.006028702,NA,NS
ENSG00000275645,NA,-0.004638962,NA,NS
ENSG00000275665,NA,-0.002871402,NA,NS
ENSG00000275700,AATF,-0.016754216,0.721867871,NS
ENSG00000275709,NA,-0.005836033,NA,NS
ENSG00000275714,H3C1,-0.003045498,NA,NS
ENSG00000275719,NA,-0.003230999,NA,NS
ENSG00000275734,NA,-0.000286517,NA,NS
ENSG00000275740,NA,0.093750239,NA,NS
ENSG00000275757,5_8S_rRNA,-0.017500922,0.310700841,NS
ENSG00000275764,NA,-0.025564148,NA,NS
ENSG00000275765,NA,-0.044028597,0.310700841,NS
ENSG00000275778,NA,-0.011129328,NA,NS
ENSG00000275793,RIMBP3,-0.012477567,NA,NS
ENSG00000275807,NA,0.004986755,NA,NS
ENSG00000275832,ARHGAP23,-0.015317875,NA,NS
ENSG00000275835,TUBGCP5,-0.024519082,0.641092501,NS
ENSG00000275857,NA,0.006736898,NA,NS
ENSG00000275869,NA,-0.003606338,NA,NS
ENSG00000275880,NAXD-AS1,0.007406102,NA,NS
ENSG00000275882,IKBKGP1,-0.015501413,NA,NS
ENSG00000275895,NA,-0.001674801,NA,NS
ENSG00000275902,NA,-0.002950898,NA,NS
ENSG00000275964,NA,-0.020507373,NA,NS
ENSG00000275993,NA,0.033573351,0.498153949,NS
ENSG00000276007,NA,-0.004916907,NA,NS
ENSG00000276023,DUSP14,0.023596126,0.645459876,NS
ENSG00000276043,UHRF1,-0.030543947,0.510056791,NS
ENSG00000276045,ORAI1,-0.03644075,0.437997991,NS
ENSG00000276077,LINC03105,-0.010772478,0.687138073,NS
ENSG00000276089,NA,-0.010248085,NA,NS
ENSG00000276101,NA,-0.001950045,NA,NS
ENSG00000276110,NA,0.015784394,NA,NS
ENSG00000276115,NA,0.00076476,NA,NS
ENSG00000276116,FUT8-AS1,-0.01793062,NA,NS
ENSG00000276131,NA,-0.01529901,0.771194085,NS
ENSG00000276141,WHAMMP3,-0.001721418,NA,NS
ENSG00000276168,RN7SL1,-0.091723852,0.036269545,NS
ENSG00000276180,H4C9,-0.002672318,NA,NS
ENSG00000276216,NA,-0.018580164,NA,NS
ENSG00000276234,TADA2A,-0.057278413,0.208428803,NS
ENSG00000276248,NA,0.007823178,NA,NS
ENSG00000276255,LINC02809,0.009503791,NA,NS
ENSG00000276256,NA,-0.032934346,0.480718557,NS
ENSG00000276272,NA,0.008041211,NA,NS
ENSG00000276293,PIP4K2B,0.03110053,0.475699361,NS
ENSG00000276317,NA,-0.002099749,NA,NS
ENSG00000276334,NA,0.001411571,NA,NS
ENSG00000276345,NA,0.003494472,NA,NS
ENSG00000276368,H2AC14,-0.008034454,NA,NS
ENSG00000276384,NA,-0.009747546,NA,NS
ENSG00000276390,NA,-0.000133848,NA,NS
ENSG00000276399,FLJ36000,0.000537394,NA,NS
ENSG00000276408,NA,-0.014734001,NA,NS
ENSG00000276418,NA,0.02892222,NA,NS
ENSG00000276449,NA,0.003814114,NA,NS
ENSG00000276509,NA,0.002935416,NA,NS
ENSG00000276517,NA,0.005750001,NA,NS
ENSG00000276524,LINC03065,0.00016002,NA,NS
ENSG00000276529,NA,0.00432586,NA,NS
ENSG00000276547,PCDHGB5,0.092738639,0.048690762,NS
ENSG00000276550,HERC2P2,0.000678537,NA,NS
ENSG00000276564,NA,0.007787841,NA,NS
ENSG00000276570,NA,6.46E-05,NA,NS
ENSG00000276644,DACH1,0.002755574,NA,NS
ENSG00000276672,NA,-0.000674553,NA,NS
ENSG00000276698,NA,-0.014295879,NA,NS
ENSG00000276700,RNA5-8SN4,-0.017500922,0.310700841,NS
ENSG00000276727,NA,-0.081511978,NA,NS
ENSG00000276728,NA,-0.020445072,NA,NS
ENSG00000276744,NA,-0.00871209,NA,NS
ENSG00000276791,NA,-0.012246626,NA,NS
ENSG00000276846,NA,-0.00914601,NA,NS
ENSG00000276850,NA,0.004432149,NA,NS
ENSG00000276853,NA,8.08E-05,NA,NS
ENSG00000276855,NA,-0.00636856,NA,NS
ENSG00000276888,NA,-0.055543323,0.234764018,NS
ENSG00000276900,NA,-0.013186961,NA,NS
ENSG00000276903,H2AC16,-0.007706574,NA,NS
ENSG00000276931,NA,-0.004493152,NA,NS
ENSG00000276952,NA,-0.005759232,NA,NS
ENSG00000276957,NA,0.003884878,NA,NS
ENSG00000276966,H4C5,-0.017883942,NA,NS
ENSG00000277007,NA,-0.011511364,NA,NS
ENSG00000277013,SUNO1,0.000512132,0.994317201,NS
ENSG00000277027,RMRP,-1.116800951,NA,NS
ENSG00000277053,GTF2IP1,-0.008650245,0.723436536,NS
ENSG00000277067,NA,0.011695936,NA,NS
ENSG00000277075,H2AC8,-0.014904042,NA,NS
ENSG00000277117,NA,0.000986034,0.988517285,NS
ENSG00000277125,PMS2P14,-0.021638274,NA,NS
ENSG00000277142,LINC00235,-0.038386451,NA,NS
ENSG00000277149,TYW1B,0.025947707,NA,NS
ENSG00000277150,F8A3,0.039272221,0.386760717,NS
ENSG00000277159,NA,-0.005593888,NA,NS
ENSG00000277161,PIGW,0.027929679,0.503976248,NS
ENSG00000277170,NA,-0.007279992,NA,NS
ENSG00000277182,NA,0.012906995,NA,NS
ENSG00000277186,NA,-0.007638715,NA,NS
ENSG00000277196,NA,-0.008619545,NA,NS
ENSG00000277199,LINC01632,0.001297539,NA,NS
ENSG00000277209,RPPH1,-0.042880506,NA,NS
ENSG00000277215,SPANXA2-OT1,-0.0121929,NA,NS
ENSG00000277224,H2BC7,-0.019140011,NA,NS
ENSG00000277232,GTSE1-DT,-0.014074908,NA,NS
ENSG00000277258,PCGF2,0.021772786,0.678848159,NS
ENSG00000277283,RAB35-AS1,-0.012376646,0.832238168,NS
ENSG00000277287,NA,-0.008766568,NA,NS
ENSG00000277324,NA,-0.006030284,NA,NS
ENSG00000277342,NA,0.000309744,NA,NS
ENSG00000277363,SRCIN1,0.026170889,NA,NS
ENSG00000277367,NEK2P1,-0.001908467,NA,NS
ENSG00000277368,NA,0.011332202,NA,NS
ENSG00000277369,NA,-0.013516553,NA,NS
ENSG00000277383,BICRA-AS2,0.000230165,NA,NS
ENSG00000277399,GPR179,0.006168523,NA,NS
ENSG00000277443,MARCKS,-0.099096308,0.012901429,NS
ENSG00000277449,CEBPB-AS1,-0.008564956,NA,NS
ENSG00000277453,NA,0.00792234,NA,NS
ENSG00000277459,NA,-0.012136477,NA,NS
ENSG00000277462,ZNF670,0.013460185,0.819894565,NS
ENSG00000277476,NA,-0.003622866,NA,NS
ENSG00000277496,SLCO4A1-AS2,-0.023238883,NA,NS
ENSG00000277511,NA,-0.001519546,NA,NS
ENSG00000277534,NA,0.001993405,0.974153924,NS
ENSG00000277581,NA,-0.007452986,NA,NS
ENSG00000277586,NEFL,0.034255118,0.478704915,NS
ENSG00000277597,NA,-0.021024141,NA,NS
ENSG00000277602,NA,-0.000860973,NA,NS
ENSG00000277619,NA,-0.01520416,NA,NS
ENSG00000277639,CHD9NB,0.012469664,NA,NS
ENSG00000277693,NA,0.058063225,0.172855485,NS
ENSG00000277701,NA,0.000867716,NA,NS
ENSG00000277715,NA,0.000133262,NA,NS
ENSG00000277718,LINC02255,-0.004898117,NA,NS
ENSG00000277738,NA,-0.004840548,NA,NS
ENSG00000277739,5_8S_rRNA,-0.017500922,0.310700841,NS
ENSG00000277782,NA,0.000736397,NA,NS
ENSG00000277791,PSMB3,-0.099677323,0.007637977,NS
ENSG00000277806,NA,0.006648766,NA,NS
ENSG00000277855,NA,-0.000793889,NA,NS
ENSG00000277879,NA,-0.011854118,NA,NS
ENSG00000277895,NA,-0.005064012,NA,NS
ENSG00000277930,NA,0.01465549,NA,NS
ENSG00000277938,NA,0.019674924,NA,NS
ENSG00000277957,SENP3-EIF4A1,0.049373026,NA,NS
ENSG00000277969,NA,-0.039286083,0.390150605,NS
ENSG00000277972,CISD3,-0.025861204,0.589940148,NS
ENSG00000277978,NA,-0.003870876,NA,NS
ENSG00000277991,NA,0.008611609,NA,NS
ENSG00000277998,NA,0.006589971,NA,NS
ENSG00000278000,NA,0.002300414,NA,NS
ENSG00000278002,NA,0.003784609,NA,NS
ENSG00000278017,NA,-0.000592149,NA,NS
ENSG00000278023,RDM1,-0.042758427,0.359031257,NS
ENSG00000278041,NA,0.016271569,NA,NS
ENSG00000278053,DDX52,-0.007724918,0.8913071,NS
ENSG00000278058,NA,0.006906113,NA,NS
ENSG00000278129,ZNF8,-0.024211999,0.634721151,NS
ENSG00000278133,NA,0.0031085,NA,NS
ENSG00000278175,GLIDR,-0.015015033,0.761857094,NS
ENSG00000278177,NA,-0.017779135,NA,NS
ENSG00000278189,RNA5-8SN1,-0.017500922,0.310700841,NS
ENSG00000278233,RNA5-8SN2,-0.017500922,0.310700841,NS
ENSG00000278238,CKAP2-DT,0.013716916,NA,NS
ENSG00000278249,SCARNA2,-0.02181692,NA,NS
ENSG00000278259,MYO19,0.026739394,0.556691672,NS
ENSG00000278291,NA,0.002081532,0.973169013,NS
ENSG00000278311,GGNBP2,-0.009161047,0.863865153,NS
ENSG00000278318,ZNF229,0.048076294,0.310842644,NS
ENSG00000278338,VWA8-AS1,0.002234596,NA,NS
ENSG00000278341,NA,-0.001519712,NA,NS
ENSG00000278356,NA,-0.001880862,NA,NS
ENSG00000278376,NA,-0.043736626,0.344004561,NS
ENSG00000278383,NA,0.000485192,NA,NS
ENSG00000278384,NA,-0.005663638,NA,NS
ENSG00000278385,NA,-0.029122633,NA,NS
ENSG00000278390,KBTBD6-DT,-0.006502889,NA,NS
ENSG00000278396,NA,-0.006996383,NA,NS
ENSG00000278535,DHRS11,0.011913684,0.843074552,NS
ENSG00000278540,ACACA,0.242022293,9.12E-09,NS
ENSG00000278558,TMEM191B,-0.005375261,NA,NS
ENSG00000278576,NA,-0.017456818,NA,NS
ENSG00000278600,NA,0.020489604,NA,NS
ENSG00000278607,NA,0.012938034,NA,NS
ENSG00000278611,ZNF426-DT,-0.027160942,NA,NS
ENSG00000278615,C11orf98,-0.026265744,0.599437735,NS
ENSG00000278619,MRM1,-0.030004166,0.551701508,NS
ENSG00000278621,THBS1-AS1,0.010511091,NA,NS
ENSG00000278637,H4C1,-0.008730964,NA,NS
ENSG00000278662,GOLGA6L10,-0.012996028,NA,NS
ENSG00000278677,H2AC17,-0.035410326,NA,NS
ENSG00000278704,NA,-0.01505819,NA,NS
ENSG00000278705,H4C2,-0.001848987,NA,NS
ENSG00000278709,NKILA,0.018558022,0.742546457,NS
ENSG00000278713,NA,0.002396824,NA,NS
ENSG00000278730,NA,0.054513058,0.179412678,NS
ENSG00000278743,NA,0.002284866,NA,NS
ENSG00000278768,BACE1-AS,0.045315931,NA,NS
ENSG00000278784,NA,-0.001241137,NA,NS
ENSG00000278817,NA,-0.084105444,0.070877754,NS
ENSG00000278828,H3C10,-0.019189866,0.72783001,NS
ENSG00000278834,NA,-0.049729818,0.29165103,NS
ENSG00000278840,NA,0.000814514,NA,NS
ENSG00000278845,MRPL45,-0.016885931,0.717387623,NS
ENSG00000278848,TP53TG3F,0.004363062,NA,NS
ENSG00000278864,NA,0.026875598,NA,NS
ENSG00000278876,NA,-0.001130225,NA,NS
ENSG00000278899,NA,-0.024900153,NA,NS
ENSG00000278903,NA,-0.018033384,NA,NS
ENSG00000278916,CEP83-DT,0.002721893,NA,NS
ENSG00000278922,NA,0.004691837,NA,NS
ENSG00000278932,NA,-0.024413804,NA,NS
ENSG00000278934,NA,0.001318017,NA,NS
ENSG00000278948,NA,-0.005742455,NA,NS
ENSG00000278950,NA,0.000582338,NA,NS
ENSG00000278952,NA,0.004483295,NA,NS
ENSG00000278963,NA,0.012753453,NA,NS
ENSG00000278965,NA,-0.033199541,NA,NS
ENSG00000278970,HEIH,0.056778444,0.208897873,NS
ENSG00000278985,NA,-0.007749037,NA,NS
ENSG00000278986,NA,0.003644306,NA,NS
ENSG00000278987,NA,0.006006523,NA,NS
ENSG00000278993,NA,-0.030931128,NA,NS
ENSG00000278997,NA,0.041971035,NA,NS
ENSG00000279026,NA,0.009760854,NA,NS
ENSG00000279035,NA,0.01367426,NA,NS
ENSG00000279041,NA,-0.00101345,NA,NS
ENSG00000279044,NA,0.002594179,NA,NS
ENSG00000279058,AGAP14P,0.011152027,NA,NS
ENSG00000279059,NA,0.002392146,NA,NS
ENSG00000279064,NA,-0.000544142,NA,NS
ENSG00000279069,NA,-0.040977206,0.314369897,NS
ENSG00000279070,NA,-0.018908201,NA,NS
ENSG00000279086,NA,-0.003716079,NA,NS
ENSG00000279088,NA,-0.002831416,0.963411206,NS
ENSG00000279089,NA,0.009516381,NA,NS
ENSG00000279092,NA,-0.002527525,NA,NS
ENSG00000279094,LINC01670,-0.002861472,NA,NS
ENSG00000279095,NA,-0.000946628,NA,NS
ENSG00000279108,NA,0.001972969,NA,NS
ENSG00000279117,NA,0.104682441,0.03102298,NS
ENSG00000279133,NA,-0.01375734,NA,NS
ENSG00000279140,NA,-0.060629163,NA,NS
ENSG00000279148,NA,0.002627474,NA,NS
ENSG00000279170,TSTD3,-0.006748698,0.914716693,NS
ENSG00000279186,NA,0.00353888,NA,NS
ENSG00000279192,PWAR5,-0.026423346,NA,NS
ENSG00000279198,NA,0.006455901,NA,NS
ENSG00000279199,NA,-0.007963911,NA,NS
ENSG00000279207,NA,0.03923821,0.412454963,NS
ENSG00000279227,NA,0.000683614,NA,NS
ENSG00000279233,NA,0.009896116,NA,NS
ENSG00000279246,NA,-0.0060695,NA,NS
ENSG00000279253,NA,-0.027164261,NA,NS
ENSG00000279255,NA,0.004910863,NA,NS
ENSG00000279259,NA,-0.001931793,NA,NS
ENSG00000279265,NA,0.008472461,NA,NS
ENSG00000279267,NA,0.004996038,NA,NS
ENSG00000279283,NA,0.00316297,NA,NS
ENSG00000279303,NA,0.00353888,NA,NS
ENSG00000279306,NA,-0.010947612,NA,NS
ENSG00000279307,NDUFAF2P1,-0.007801624,NA,NS
ENSG00000279317,NA,-0.002037527,NA,NS
ENSG00000279329,NA,0.007529901,NA,NS
ENSG00000279337,NA,-0.012045452,NA,NS
ENSG00000279342,NA,-0.002851264,NA,NS
ENSG00000279347,NA,0.003296372,NA,NS
ENSG00000279348,NA,0.053126432,NA,NS
ENSG00000279377,NA,0.008238478,NA,NS
ENSG00000279384,NA,-0.01505183,NA,NS
ENSG00000279392,NA,0.003291803,NA,NS
ENSG00000279406,NA,0.002666537,NA,NS
ENSG00000279407,NA,0.01069212,0.842290626,NS
ENSG00000279423,NA,-0.001556965,NA,NS
ENSG00000279425,NA,0.002008804,NA,NS
ENSG00000279432,NA,-0.019064193,NA,NS
ENSG00000279443,NA,0.011280565,NA,NS
ENSG00000279453,NA,0.000945449,NA,NS
ENSG00000279483,NA,0.000978336,NA,NS
ENSG00000279495,NA,0.000526802,NA,NS
ENSG00000279504,NA,-0.046640353,NA,NS
ENSG00000279511,NA,-0.008876532,NA,NS
ENSG00000279516,FAM230C,0.005113647,NA,NS
ENSG00000279520,NA,0.017778956,NA,NS
ENSG00000279529,NA,-0.001348541,NA,NS
ENSG00000279539,NA,-0.025405702,NA,NS
ENSG00000279549,NA,0.003538813,NA,NS
ENSG00000279558,NA,0.005551121,NA,NS
ENSG00000279561,NA,0.021558784,NA,NS
ENSG00000279569,NA,0.008926509,NA,NS
ENSG00000279571,NA,-0.010767728,NA,NS
ENSG00000279579,LINC01666,-0.028957083,NA,NS
ENSG00000279583,NA,0.003424608,0.957232635,NS
ENSG00000279602,NA,-0.057193708,NA,NS
ENSG00000279605,NA,-0.013655273,NA,NS
ENSG00000279608,NA,0.009042708,NA,NS
ENSG00000279611,NA,0.002662916,NA,NS
ENSG00000279641,NA,0.002232709,NA,NS
ENSG00000279653,NA,-0.006345197,NA,NS
ENSG00000279656,NA,-0.001115694,NA,NS
ENSG00000279689,NA,-0.007953222,NA,NS
ENSG00000279692,NA,-0.039665837,0.406549702,NS
ENSG00000279696,NA,0.006340995,NA,NS
ENSG00000279718,SNX18P12,0.006479737,NA,NS
ENSG00000279720,SOWAHCP2,0.005776051,NA,NS
ENSG00000279722,NA,-0.004991309,NA,NS
ENSG00000279730,KMT5AP1,-0.002781287,NA,NS
ENSG00000279738,NA,0.001104679,NA,NS
ENSG00000279741,NA,0.0162917,NA,NS
ENSG00000279744,NA,0.003012165,NA,NS
ENSG00000279748,NA,-0.017285861,NA,NS
ENSG00000279759,NA,0.010845452,NA,NS
ENSG00000279766,NA,-0.004824224,NA,NS
ENSG00000279789,NA,0.001971711,NA,NS
ENSG00000279792,NA,-0.008959248,NA,NS
ENSG00000279800,BCLAF1P2,0.012480239,NA,NS
ENSG00000279821,NA,-0.004520357,NA,NS
ENSG00000279827,NA,-0.008907773,NA,NS
ENSG00000279852,NA,0.001504498,NA,NS
ENSG00000279853,NA,0.005998558,NA,NS
ENSG00000279861,NA,-0.001213641,NA,NS
ENSG00000279865,NA,0.020365051,NA,NS
ENSG00000279873,LINC01126,-0.003090813,NA,NS
ENSG00000279879,NA,-0.013420044,NA,NS
ENSG00000279901,NA,0.007187347,NA,NS
ENSG00000279908,NA,-0.004750851,NA,NS
ENSG00000279930,NA,-0.048407907,NA,NS
ENSG00000279943,FLJ38576,-0.008136701,NA,NS
ENSG00000279953,NA,0.005096569,NA,NS
ENSG00000279967,NA,0.00353888,NA,NS
ENSG00000279968,CCDC28A-AS1,-0.00508966,NA,NS
ENSG00000279970,NA,-0.009670449,NA,NS
ENSG00000279973,NA,-0.002207008,NA,NS
ENSG00000280002,NA,0.000222978,NA,NS
ENSG00000280007,NA,0.016834132,NA,NS
ENSG00000280010,NA,0.001115772,NA,NS
ENSG00000280018,NA,0.12109967,NA,NS
ENSG00000280027,NA,0.022709372,NA,NS
ENSG00000280032,NA,0.004503781,NA,NS
ENSG00000280033,NA,-0.001753422,NA,NS
ENSG00000280046,NA,0.033508115,0.446182642,NS
ENSG00000280047,NA,0.003369085,NA,NS
ENSG00000280057,NA,0.00495011,NA,NS
ENSG00000280063,NA,0.002268646,NA,NS
ENSG00000280071,NA,-0.013332242,0.80531838,NS
ENSG00000280079,NA,-0.001308921,NA,NS
ENSG00000280088,NA,0.018302275,NA,NS
ENSG00000280099,NA,-0.013875196,NA,NS
ENSG00000280106,NA,-1.65E-05,NA,NS
ENSG00000280119,NA,0.005756576,NA,NS
ENSG00000280120,NA,-0.006675552,NA,NS
ENSG00000280128,NA,0.03625986,NA,NS
ENSG00000280129,NA,-0.009555544,NA,NS
ENSG00000280136,NA,0.00537199,NA,NS
ENSG00000280138,NA,0.025661011,NA,NS
ENSG00000280145,NA,-0.053141625,0.257820984,NS
ENSG00000280149,NA,-0.003435331,NA,NS
ENSG00000280152,NA,-0.001560671,NA,NS
ENSG00000280161,NA,-0.058653855,NA,NS
ENSG00000280165,PCDH20,-0.02019372,0.711942807,NS
ENSG00000280173,NA,0.010567783,NA,NS
ENSG00000280187,NA,-0.02959297,0.558264456,NS
ENSG00000280194,NA,0.002909098,NA,NS
ENSG00000280195,NA,-0.01155999,NA,NS
ENSG00000280206,NA,-0.016655323,NA,NS
ENSG00000280211,NA,0.000103693,NA,NS
ENSG00000280213,UCKL1-AS1,0.01517672,NA,NS
ENSG00000280239,NA,0.000353533,NA,NS
ENSG00000280247,NA,0.00033357,NA,NS
ENSG00000280269,NA,0.006315211,NA,NS
ENSG00000280278,FLJ30679,0.005137566,NA,NS
ENSG00000280287,NA,0.021076799,NA,NS
ENSG00000280303,ERICD,0.000216943,NA,NS
ENSG00000280327,NA,0.002721106,NA,NS
ENSG00000280332,NA,-0.003380171,NA,NS
ENSG00000280347,NA,0.021866738,NA,NS
ENSG00000280351,NA,-0.002806602,NA,NS
ENSG00000280355,NA,0.010175456,NA,NS
ENSG00000280367,NA,0.007594841,NA,NS
ENSG00000280383,NA,-0.000838131,NA,NS
ENSG00000280388,NA,-0.002919511,NA,NS
ENSG00000280401,NA,-0.006228698,NA,NS
ENSG00000280414,NA,-0.026410872,NA,NS
ENSG00000280417,NA,-0.000622601,NA,NS
ENSG00000280426,NA,0.009298817,NA,NS
ENSG00000280432,NA,-0.014748384,NA,NS
ENSG00000280433,NA,-0.029386515,0.541295131,NS
ENSG00000280434,NA,0.0007307,NA,NS
ENSG00000280441,NA,-0.036141506,NA,NS
ENSG00000280537,NA,0.011820247,NA,NS
ENSG00000280571,NA,0.00253938,0.968159844,NS
ENSG00000280594,BTG3-AS1,-0.063156181,NA,NS
ENSG00000280614,NA,-0.136058733,NA,NS
ENSG00000280620,SCAANT1,0.001789519,NA,NS
ENSG00000280649,NA,-0.010571277,NA,NS
ENSG00000280670,CCDC163,-0.032600706,NA,NS
ENSG00000280734,LINC01232,-0.025830061,NA,NS
ENSG00000280739,EIF1B-AS1,-0.025417077,0.58637799,NS
ENSG00000280789,PAGR1,-0.077421008,0.02620608,NS
ENSG00000280798,LINC00294,0.007095362,NA,NS
ENSG00000280800,NA,-0.136058733,NA,NS
ENSG00000280809,LINC00836,0.005016645,NA,NS
ENSG00000280832,GSEC,0.040357405,0.359031257,NS
ENSG00000280881,NA,-0.007822931,NA,NS
ENSG00000280927,CTBP1-AS,9.54E-05,NA,NS
ENSG00000280987,MATR3,0.032229455,0.504030337,NS
ENSG00000280989,LINC00581,-0.004168677,NA,NS
ENSG00000281005,LINC00921,0.019807742,NA,NS
ENSG00000281026,N4BP2L2-IT2,0.011797304,NA,NS
ENSG00000281091,LL0XNC01-250H12.3,0.007673226,NA,NS
ENSG00000281103,TRG-AS1,-0.007531064,NA,NS
ENSG00000281131,SCHLAP1,0.046410615,0.322222257,NS
ENSG00000281181,NA,-0.136058733,NA,NS
ENSG00000281189,GHET1,-0.010196392,NA,NS
ENSG00000281207,SLFNL1-AS1,0.00775249,NA,NS
ENSG00000281344,HELLPAR,0.027579531,NA,NS
ENSG00000281348,NA,-0.007917044,NA,NS
ENSG00000281357,ARRDC3-AS1,0.025913348,NA,NS
ENSG00000281358,RASSF1-AS1,-0.024439726,NA,NS
ENSG00000281376,ABALON,0.000704418,NA,NS
ENSG00000281398,SNHG4,0.053303344,0.237381652,NS
ENSG00000281468,NA,-0.015780004,NA,NS
ENSG00000281501,SEPSECS-AS1,-0.026041362,NA,NS
ENSG00000281566,LINC03077,0.023918798,NA,NS
ENSG00000281571,NA,-0.050749312,NA,NS
ENSG00000281649,EBLN3P,0.037650267,0.424688438,NS
ENSG00000281706,LINC01012,-0.006374593,NA,NS
ENSG00000281731,METTL14-DT,0.000808287,NA,NS
ENSG00000281849,NA,-0.005089386,NA,NS
ENSG00000281903,ASMER1,-0.009894259,NA,NS
ENSG00000281912,LINC01144,-0.008048171,NA,NS
ENSG00000281991,TMEM265,-0.001125531,NA,NS
ENSG00000282033,NA,-0.010293215,NA,NS
ENSG00000282034,NA,-0.014521211,0.80530538,NS
ENSG00000282221,NA,0.006161011,0.923398021,NS
ENSG00000282339,NA,0.00777123,NA,NS
ENSG00000282386,NA,-0.000484589,NA,NS
ENSG00000282393,NA,0.016052637,NA,NS
ENSG00000282416,NA,0.000993365,NA,NS
ENSG00000282508,LINC01002,-0.004980198,NA,NS
ENSG00000282740,NA,-0.000330401,NA,NS
ENSG00000282772,NA,-0.012796989,NA,NS
ENSG00000282787,NA,0.004063153,NA,NS
ENSG00000282807,NA,0.000552552,NA,NS
ENSG00000282826,FRG1CP,-0.001470672,NA,NS
ENSG00000282836,NA,-0.003389643,NA,NS
ENSG00000282876,NA,0.012485269,NA,NS
ENSG00000282885,NA,-0.014194301,NA,NS
ENSG00000282907,NA,0.005181758,NA,NS
ENSG00000282936,NA,0.010800843,NA,NS
ENSG00000282944,CYP4F30P,0.003786869,NA,NS
ENSG00000282961,PRNCR1,-0.004807732,NA,NS
ENSG00000282978,BTF3P16,-0.00356376,NA,NS
ENSG00000282988,NA,0.001611053,NA,NS
ENSG00000283000,LINC02635,-0.004904213,NA,NS
ENSG00000283041,NA,0.011882718,0.843426536,NS
ENSG00000283047,FRG1FP,-0.01769437,NA,NS
ENSG00000283078,NA,0.002668982,NA,NS
ENSG00000283103,NA,-0.031668716,0.518894357,NS
ENSG00000283108,NA,0.006301901,NA,NS
ENSG00000283128,NA,-0.007752083,NA,NS
ENSG00000283149,NA,-0.031020472,0.51288936,NS
ENSG00000283189,NA,0.000145179,NA,NS
ENSG00000283199,C13orf46,0.05533496,NA,NS
ENSG00000283228,NA,-0.001041919,0.976342162,NS
ENSG00000283236,NA,-0.002080158,NA,NS
ENSG00000283239,KBTBD11-OT1,-0.005924784,NA,NS
ENSG00000283293,RN7SK,-0.429114948,8.69E-06,NS
ENSG00000283312,NA,0.002809779,NA,NS
ENSG00000283341,NA,0.002464921,NA,NS
ENSG00000283378,CNTNAP3C,-0.010691927,NA,NS
ENSG00000283390,PET100P1,-0.005000179,NA,NS
ENSG00000283413,NA,-0.011256166,NA,NS
ENSG00000283415,NA,5.93E-05,NA,NS
ENSG00000283443,ZNF285DP,-0.001690051,NA,NS
ENSG00000283515,NA,-0.037551007,NA,NS
ENSG00000283526,PRRT1B,-0.017749041,0.75603595,NS
ENSG00000283549,NA,0.003004543,NA,NS
ENSG00000283667,NA,0.003694537,NA,NS
ENSG00000283674,NA,0.019291654,NA,NS
ENSG00000283757,NA,0.008467776,NA,NS
ENSG00000283761,NA,0.007370274,NA,NS
ENSG00000283765,NA,-0.011218702,NA,NS
ENSG00000283782,NA,-0.000836198,NA,NS
ENSG00000283828,NA,0.032775511,NA,NS
ENSG00000283900,TPTEP2-CSNK1E,-0.009199417,NA,NS
ENSG00000283959,NA,-0.009793481,NA,NS
ENSG00000283982,NA,-0.011856834,NA,NS
ENSG00000284024,MSANTD7,0.067424911,0.097019986,NS
ENSG00000284048,NA,-0.006786468,NA,NS
ENSG00000284057,NA,0.00877436,NA,NS
ENSG00000284116,NA,0.028887916,NA,NS
ENSG00000284194,SCO2,-0.036200746,0.461116842,NS
ENSG00000284237,LINC02767,0.017737867,NA,NS
ENSG00000284292,NA,-0.043985878,NA,NS
ENSG00000284308,C2orf81,-0.046924727,NA,NS
ENSG00000284391,NA,0.002650577,NA,NS
ENSG00000284395,PERCC1,-0.043158713,NA,NS
ENSG00000284428,NA,0.019455725,NA,NS
ENSG00000284431,NA,0.001274052,NA,NS
ENSG00000284461,NA,0.011214174,NA,NS
ENSG00000284479,SMIM39,0.003333189,NA,NS
ENSG00000284491,THSD8,-0.003264882,NA,NS
ENSG00000284505,LYNX1-SLURP2,-0.014775425,NA,NS
ENSG00000284512,NA,0.000145483,NA,NS
ENSG00000284523,NA,-0.005956419,NA,NS
ENSG00000284526,NA,0.006124899,NA,NS
ENSG00000284606,NA,-0.011306106,NA,NS
ENSG00000284624,NA,-0.011188719,NA,NS
ENSG00000284626,NA,0.015130747,NA,NS
ENSG00000284633,NA,0.006482458,NA,NS
ENSG00000284634,NA,0.002857214,0.960710959,NS
ENSG00000284642,NA,0.003022073,NA,NS
ENSG00000284657,NA,-0.009286935,NA,NS
ENSG00000284661,NA,-0.003811425,NA,NS
ENSG00000284668,LINC02780,0.004450865,NA,NS
ENSG00000284677,NA,0.002951576,NA,NS
ENSG00000284686,NA,-0.003501,NA,NS
ENSG00000284691,NA,0.03483983,NA,NS
ENSG00000284693,LINC02606,-0.018791357,NA,NS
ENSG00000284707,NA,0.007238847,0.896336673,NS
ENSG00000284738,NA,-0.005016384,NA,NS
ENSG00000284747,NA,-0.005125536,NA,NS
ENSG00000284753,EEF1AKMT4,-0.037595522,0.439634361,NS
ENSG00000284770,TBCE,0.018451929,0.718807032,NS
ENSG00000284773,NA,0.009200622,NA,NS
ENSG00000284776,NA,-0.001214048,0.984787329,NS
ENSG00000284820,NA,-0.019343289,0.656922068,NS
ENSG00000284830,NA,-0.007254466,NA,NS
ENSG00000284874,NA,0.006383705,0.904487849,NS
ENSG00000284879,NCAL1,0.001211139,NA,NS
ENSG00000284882,NA,-0.004640287,NA,NS
ENSG00000284906,NA,-0.00642229,NA,NS
ENSG00000284922,LRTOMT,-0.009683662,NA,NS
ENSG00000284934,NA,0.000339676,NA,NS
ENSG00000284946,NA,-0.01003609,NA,NS
ENSG00000284948,NA,0.013969447,0.792376851,NS
ENSG00000284954,NA,-0.028847648,NA,NS
ENSG00000284959,NA,-0.001609086,NA,NS
ENSG00000284966,NA,-0.009334401,NA,NS
ENSG00000284968,NA,-0.008651819,NA,NS
ENSG00000284969,NA,0.001380214,NA,NS
ENSG00000284976,NA,-0.024904532,0.602580176,NS
ENSG00000285000,NA,0.001889616,NA,NS
ENSG00000285018,NA,-0.012762361,NA,NS
ENSG00000285043,NA,0.16301999,0.002722883,NS
ENSG00000285053,NA,-0.045793293,0.334782186,NS
ENSG00000285077,ARHGAP11B,0.042228653,NA,NS
ENSG00000285085,NA,-0.009450896,NA,NS
ENSG00000285091,NA,-0.003083265,NA,NS
ENSG00000285130,NA,-0.000494393,NA,NS
ENSG00000285184,NA,-0.044984842,0.338766631,NS
ENSG00000285190,NA,-0.008391167,NA,NS
ENSG00000285205,NA,-0.004099368,NA,NS
ENSG00000285219,HULC,0.014812137,NA,NS
ENSG00000285230,RALY-AS1,-0.001247436,0.98523071,NS
ENSG00000285238,NA,-0.006778145,0.83112891,NS
ENSG00000285253,NA,0.017147102,NA,NS
ENSG00000285278,TFAP2A-AS2,-0.01972181,0.698241441,NS
ENSG00000285292,ABCF2-H2BK1,-0.059137321,0.195608968,NS
ENSG00000285294,LINC00842,0.016967456,NA,NS
ENSG00000285304,NA,-0.001261081,NA,NS
ENSG00000285331,TCF12-DT,-0.039207022,NA,NS
ENSG00000285382,NA,-0.017759754,NA,NS
ENSG00000285402,NA,0.008679103,NA,NS
ENSG00000285410,GABPB1-IT1,0.025536308,0.622965573,NS
ENSG00000285413,NA,-0.01512592,NA,NS
ENSG00000285427,SOD2-OT1,0.020633778,NA,NS
ENSG00000285437,POLR2J3,-0.008491075,0.883601821,NS
ENSG00000285454,NA,-0.009598221,NA,NS
ENSG00000285458,C4orf36,0.016032806,NA,NS
ENSG00000285508,NA,-0.03958285,0.414656117,NS
ENSG00000285509,TBCEL-TECTA,-0.002808103,NA,NS
ENSG00000285517,LINC00941,0.040245891,NA,NS
ENSG00000285528,NA,0.004764752,NA,NS
ENSG00000285531,NA,-0.015087645,NA,NS
ENSG00000285533,RELA-DT,-0.000683484,NA,NS
ENSG00000285542,NA,-0.004025625,NA,NS
ENSG00000285585,NA,0.007748928,NA,NS
ENSG00000285589,NA,0.00448924,0.943502173,NS
ENSG00000285600,NA,0.002518748,NA,NS
ENSG00000285602,NA,0.008946933,NA,NS
ENSG00000285625,NA,-0.026679309,NA,NS
ENSG00000285628,NA,-0.007826537,NA,NS
ENSG00000285641,NA,-0.016677868,0.753434499,NS
ENSG00000285644,NA,-0.009045491,NA,NS
ENSG00000285646,NA,-0.030420682,NA,NS
ENSG00000285649,NA,0.007187242,NA,NS
ENSG00000285650,NA,-0.011272118,NA,NS
ENSG00000285667,NA,0.000508129,NA,NS
ENSG00000285668,NA,-0.01179104,NA,NS
ENSG00000285669,NA,0.013795765,NA,NS
ENSG00000285679,NA,-0.002551911,NA,NS
ENSG00000285693,NA,0.032247459,NA,NS
ENSG00000285702,NA,0.000816283,NA,NS
ENSG00000285711,LINC02835,-0.050635549,NA,NS
ENSG00000285723,NA,-0.03958285,0.414656117,NS
ENSG00000285725,NA,-0.020232053,0.713509654,NS
ENSG00000285728,NA,-0.054119527,NA,NS
ENSG00000285730,NA,0.002820975,NA,NS
ENSG00000285751,NA,-0.010939929,NA,NS
ENSG00000285756,NA,0.016981183,0.755328494,NS
ENSG00000285761,NA,0.001300099,NA,NS
ENSG00000285763,NA,-0.025103808,NA,NS
ENSG00000285771,NA,-0.003655577,NA,NS
ENSG00000285779,NA,-0.003326651,NA,NS
ENSG00000285793,ANAPC1P2,0.014138133,NA,NS
ENSG00000285796,NA,-0.032768793,NA,NS
ENSG00000285802,NA,-0.015180989,NA,NS
ENSG00000285805,NA,0.01122492,NA,NS
ENSG00000285816,NA,-0.012645571,NA,NS
ENSG00000285825,CCDC15-DT,-0.013793242,NA,NS
ENSG00000285827,NA,-0.02049131,NA,NS
ENSG00000285844,KCNQ5-DT,-5.62E-05,NA,NS
ENSG00000285847,NA,-0.01192767,NA,NS
ENSG00000285851,NA,0.000243197,NA,NS
ENSG00000285852,NA,-0.000598906,NA,NS
ENSG00000285854,NA,-0.001800059,NA,NS
ENSG00000285856,NA,-0.005820519,NA,NS
ENSG00000285870,NA,0.001078155,NA,NS
ENSG00000285872,NA,0.007344984,NA,NS
ENSG00000285873,NA,0.004228587,NA,NS
ENSG00000285884,NA,-0.025344131,NA,NS
ENSG00000285886,NA,0.009699459,NA,NS
ENSG00000285897,NA,0.013613952,NA,NS
ENSG00000285907,NA,0.01515885,NA,NS
ENSG00000285908,NA,-0.003468473,NA,NS
ENSG00000285920,NA,-0.005622882,NA,NS
ENSG00000285923,NA,0.013999413,NA,NS
ENSG00000285932,NA,-3.05E-05,NA,NS
ENSG00000285943,NA,0.039453955,NA,NS
ENSG00000285957,NA,0.004262603,NA,NS
ENSG00000285967,NIPBL-DT,0.02135403,0.691563098,NS
ENSG00000285973,NA,0.010597813,NA,NS
ENSG00000285976,NA,0.038473946,0.367666212,NS
ENSG00000285996,NA,0.00532164,NA,NS
ENSG00000285999,NA,0.008377556,NA,NS
ENSG00000286001,NA,0.004048732,NA,NS
ENSG00000286009,NA,-0.005865692,NA,NS
ENSG00000286011,NA,0.005175376,NA,NS
ENSG00000286015,NA,-0.018607504,NA,NS
ENSG00000286019,NOTCH2NLB,0.144676565,NA,NS
ENSG00000286027,PCSEAT,-0.012115848,NA,NS
ENSG00000286033,NA,0.010352443,NA,NS
ENSG00000286037,NA,0.001195121,NA,NS
ENSG00000286042,LCAL1,0.014896654,NA,NS
ENSG00000286045,NA,-0.000664031,NA,NS
ENSG00000286051,MAGEA6-DT,-0.0204677,NA,NS
ENSG00000286053,ASDURF,0.0049608,NA,NS
ENSG00000286058,NA,-0.002361006,NA,NS
ENSG00000286060,NA,0.009964532,NA,NS
ENSG00000286061,NCMAP-DT,-0.009823803,NA,NS
ENSG00000286070,NA,0.017404066,0.757271833,NS
ENSG00000286075,SMIM10L3,-0.006904598,0.912161205,NS
ENSG00000286081,NA,-0.025095018,NA,NS
ENSG00000286086,NA,-0.013349538,NA,NS
ENSG00000286088,NA,-0.001954575,NA,NS
ENSG00000286098,NA,0.000353493,NA,NS
ENSG00000286106,NOTCH2NLR,-0.028410084,NA,NS
ENSG00000286110,NA,-0.001991156,NA,NS
ENSG00000286112,KYAT1,-0.064410976,NA,NS
ENSG00000286116,NA,-0.004608642,NA,NS
ENSG00000286118,NA,0.00817279,NA,NS
ENSG00000286123,NA,-0.0014581,NA,NS
ENSG00000286125,NA,-0.01862446,NA,NS
ENSG00000286129,NA,-0.009008218,0.88040653,NS
ENSG00000286132,NA,0.034989451,NA,NS
ENSG00000286138,NA,-0.008771271,NA,NS
ENSG00000286140,DERPC,0.002316031,0.969994805,NS
ENSG00000286145,NA,-0.002566744,NA,NS
ENSG00000286150,NA,6.44E-05,NA,NS
ENSG00000286162,NA,-0.01724898,NA,NS
ENSG00000286165,NA,-0.008103468,NA,NS
ENSG00000286177,NA,-0.007552691,NA,NS
ENSG00000286180,NA,-0.000623644,NA,NS
ENSG00000286181,FLICR,-0.026073431,NA,NS
ENSG00000286185,NA,0.003200427,NA,NS
ENSG00000286192,NA,-0.027236588,NA,NS
ENSG00000286207,NA,0.005305452,NA,NS
ENSG00000286219,NOTCH2NLC,0.036905638,NA,NS
ENSG00000286221,NA,0.007959752,NA,NS
ENSG00000286230,NA,-0.000363398,NA,NS
ENSG00000286231,NA,-0.01430492,NA,NS
ENSG00000286235,NA,0.000360283,NA,NS
ENSG00000286237,ARMCX5-GPRASP2,-0.002451534,NA,NS
ENSG00000286264,NA,-0.02733996,0.566349586,NS
ENSG00000286268,NA,-0.005344908,NA,NS
ENSG00000286299,NA,0.008008156,NA,NS
ENSG00000286311,NA,0.006844797,NA,NS
ENSG00000286321,NA,-0.000534781,NA,NS
ENSG00000286332,NA,0.006781001,NA,NS
ENSG00000286340,NA,-0.005222916,NA,NS
ENSG00000286360,NA,0.004901715,NA,NS
ENSG00000286366,NA,-0.003078978,NA,NS
ENSG00000286369,NA,-0.014387739,NA,NS
ENSG00000286373,NA,0.013998256,NA,NS
ENSG00000286379,NA,0.006952815,NA,NS
ENSG00000286388,NA,-0.029134968,0.565641171,NS
ENSG00000286389,NA,0.009927949,NA,NS
ENSG00000286399,NA,0.000161399,NA,NS
ENSG00000286408,NA,-0.017185922,0.745456051,NS
ENSG00000286409,NA,-0.001574378,NA,NS
ENSG00000286416,NA,-0.010330224,NA,NS
ENSG00000286424,NA,-0.009915184,NA,NS
ENSG00000286431,NA,0.004812121,NA,NS
ENSG00000286443,NA,-0.005695191,NA,NS
ENSG00000286445,NA,-0.008879465,NA,NS
ENSG00000286447,NA,0.003443999,NA,NS
ENSG00000286449,NA,-0.024828968,NA,NS
ENSG00000286451,NA,0.059636593,0.15650048,NS
ENSG00000286482,NA,0.003636272,NA,NS
ENSG00000286502,NA,0.002038229,NA,NS
ENSG00000286503,NA,0.030250552,NA,NS
ENSG00000286522,H3C2,-0.008749801,NA,NS
ENSG00000286527,NA,-0.007489493,NA,NS
ENSG00000286529,NA,-0.039027204,NA,NS
ENSG00000286532,PARTICL,-0.035299284,0.437650932,NS
ENSG00000286535,NA,0.001332106,NA,NS
ENSG00000286536,NA,-0.00150979,NA,NS
ENSG00000286538,NA,0.004941431,NA,NS
ENSG00000286549,NA,-0.010386547,NA,NS
ENSG00000286563,NA,-0.005733594,NA,NS
ENSG00000286585,NA,-0.019039118,NA,NS
ENSG00000286598,NA,-0.006818427,NA,NS
ENSG00000286600,NA,0.004500273,NA,NS
ENSG00000286613,NA,-0.011104406,NA,NS
ENSG00000286614,NA,0.022634772,NA,NS
ENSG00000286619,PM20D1-AS1,-0.008629722,NA,NS
ENSG00000286626,NA,0.000439869,NA,NS
ENSG00000286638,NA,-0.024735165,NA,NS
ENSG00000286650,NA,-0.005176425,NA,NS
ENSG00000286659,NA,-0.020698864,NA,NS
ENSG00000286669,NA,-0.024326109,NA,NS
ENSG00000286681,NA,-0.005713339,NA,NS
ENSG00000286689,NA,0.011547766,NA,NS
ENSG00000286692,NA,-0.012053311,NA,NS
ENSG00000286703,NA,-0.00283501,NA,NS
ENSG00000286705,NA,0.006301083,NA,NS
ENSG00000286718,NA,-0.022028176,NA,NS
ENSG00000286724,NA,-0.009449767,NA,NS
ENSG00000286725,NA,0.004697579,NA,NS
ENSG00000286729,NA,-0.01685272,NA,NS
ENSG00000286732,NA,8.60E-05,NA,NS
ENSG00000286747,NA,-0.000408199,NA,NS
ENSG00000286753,NA,-0.001925098,NA,NS
ENSG00000286760,NA,0.018124486,NA,NS
ENSG00000286786,NA,4.52E-05,NA,NS
ENSG00000286787,NA,-0.012958086,NA,NS
ENSG00000286791,NA,0.007595923,0.904041722,NS
ENSG00000286797,NA,0.002265807,NA,NS
ENSG00000286813,NA,0.017384603,NA,NS
ENSG00000286828,NA,-0.009433418,NA,NS
ENSG00000286830,NA,4.38E-05,NA,NS
ENSG00000286833,NA,-0.01269825,NA,NS
ENSG00000286834,NA,0.004553444,NA,NS
ENSG00000286835,NA,0.015336094,NA,NS
ENSG00000286837,NA,-0.005651759,NA,NS
ENSG00000286873,NA,-0.017805062,NA,NS
ENSG00000286874,NA,-0.033625025,NA,NS
ENSG00000286878,NA,0.003978456,NA,NS
ENSG00000286883,NA,-0.014784069,NA,NS
ENSG00000286885,NA,-0.027044014,NA,NS
ENSG00000286892,NA,-0.009981047,NA,NS
ENSG00000286905,NA,-0.037182201,NA,NS
ENSG00000286909,NA,0.020660862,0.671716653,NS
ENSG00000286912,NA,0.000415506,NA,NS
ENSG00000286964,NA,0.020050089,NA,NS
ENSG00000286976,NA,0.016156582,NA,NS
ENSG00000286988,NA,-0.011148705,NA,NS
ENSG00000286989,NA,0.010741132,NA,NS
ENSG00000287001,NA,-0.013185584,NA,NS
ENSG00000287005,NA,0.005108416,NA,NS
ENSG00000287009,NA,-0.005353085,NA,NS
ENSG00000287014,NA,0.000669127,NA,NS
ENSG00000287016,NA,-0.009226561,NA,NS
ENSG00000287042,NA,0.008246254,NA,NS
ENSG00000287059,NA,0.003342852,NA,NS
ENSG00000287064,NA,0.012429804,0.824824959,NS
ENSG00000287078,NA,-0.002267404,NA,NS
ENSG00000287088,NA,-0.004631888,NA,NS
ENSG00000287091,NA,-0.003176429,NA,NS
ENSG00000287097,NA,0.00336449,NA,NS
ENSG00000287104,NA,0.021247002,NA,NS
ENSG00000287110,ACAD9-DT,0.011943672,NA,NS
ENSG00000287126,NA,0.009850647,NA,NS
ENSG00000287133,NA,-0.000907021,NA,NS
ENSG00000287136,NA,-0.027868059,NA,NS
ENSG00000287142,NA,0.006069593,NA,NS
ENSG00000287151,LINC03124,-0.003046719,0.962191734,NS
ENSG00000287158,NA,-0.009833324,NA,NS
ENSG00000287160,NA,0.017387757,NA,NS
ENSG00000287165,NA,0.008029609,NA,NS
ENSG00000287166,NA,-0.00685149,NA,NS
ENSG00000287193,NA,0.002718857,NA,NS
ENSG00000287200,NA,0.005474841,NA,NS
ENSG00000287207,NA,0.00233456,NA,NS
ENSG00000287221,NA,-0.002145145,NA,NS
ENSG00000287222,NA,-0.005734719,0.93076427,NS
ENSG00000287231,NA,0.015176758,NA,NS
ENSG00000287234,NA,-0.010415407,NA,NS
ENSG00000287250,NA,0.003066448,NA,NS
ENSG00000287262,NA,-0.006718087,NA,NS
ENSG00000287265,NA,0.011053241,NA,NS
ENSG00000287275,NA,0.000330354,NA,NS
ENSG00000287278,NA,-0.002872811,NA,NS
ENSG00000287288,FRG1BP,-0.006808514,0.9161691,NS
ENSG00000287301,NA,0.012445676,NA,NS
ENSG00000287306,NA,0.004759597,NA,NS
ENSG00000287310,NA,-0.002586877,NA,NS
ENSG00000287320,NA,0.008328805,NA,NS
ENSG00000287329,NA,-0.003043346,NA,NS
ENSG00000287337,NA,0.006881385,NA,NS
ENSG00000287342,NA,-0.020120856,NA,NS
ENSG00000287352,NA,-0.011804433,NA,NS
ENSG00000287390,NA,-0.008667975,NA,NS
ENSG00000287394,MAGEA3-DT,-0.014199558,NA,NS
ENSG00000287401,NA,0.011618066,NA,NS
ENSG00000287402,NA,0.002496969,NA,NS
ENSG00000287407,NA,0.034476994,0.475304477,NS
ENSG00000287426,NA,0.015162656,NA,NS
ENSG00000287431,RENO1,0.000602717,NA,NS
ENSG00000287434,NA,-0.0032667,NA,NS
ENSG00000287445,NA,0.007196384,NA,NS
ENSG00000287497,NA,0.000811528,NA,NS
ENSG00000287499,NA,0.001783465,NA,NS
ENSG00000287513,NA,-0.000401032,NA,NS
ENSG00000287515,NA,-0.011788118,NA,NS
ENSG00000287519,NA,0.005655258,NA,NS
ENSG00000287527,NA,-0.006006824,NA,NS
ENSG00000287530,NA,-0.008259889,NA,NS
ENSG00000287539,NA,-0.002119318,NA,NS
ENSG00000287542,HERC3,-0.018134753,0.659329243,NS
ENSG00000287547,NA,-0.007775605,NA,NS
ENSG00000287548,NA,-0.001734705,NA,NS
ENSG00000287550,NA,-0.005109926,NA,NS
ENSG00000287553,NA,-0.00214555,NA,NS
ENSG00000287561,NA,-0.001903782,NA,NS
ENSG00000287562,NA,-0.000285651,NA,NS
ENSG00000287566,NA,0.000720254,NA,NS
ENSG00000287574,NA,-0.003782411,NA,NS
ENSG00000287576,NA,0.001873867,NA,NS
ENSG00000287601,NA,-0.000465445,NA,NS
ENSG00000287619,NA,-0.008708943,NA,NS
ENSG00000287620,NA,-0.002887321,NA,NS
ENSG00000287630,NA,-0.013405299,NA,NS
ENSG00000287642,NA,-0.000910324,NA,NS
ENSG00000287646,NA,-0.002784735,NA,NS
ENSG00000287655,NA,-0.004472941,NA,NS
ENSG00000287656,NA,0.059015906,0.181033619,NS
ENSG00000287670,NA,-0.009645171,NA,NS
ENSG00000287672,NA,0.014511415,NA,NS
ENSG00000287692,NA,0.064382523,NA,NS
ENSG00000287697,NA,0.011650942,NA,NS
ENSG00000287707,NA,-0.015124101,NA,NS
ENSG00000287710,NA,-0.015369494,0.783526117,NS
ENSG00000287725,NA,0.011774942,NA,NS
ENSG00000287730,NA,0.098909984,NA,NS
ENSG00000287733,NA,-0.004083413,NA,NS
ENSG00000287734,NA,-0.000826412,NA,NS
ENSG00000287737,NA,0.014108731,NA,NS
ENSG00000287742,NA,-0.010739656,NA,NS
ENSG00000287760,NA,-0.018201041,NA,NS
ENSG00000287763,NA,-0.039154761,NA,NS
ENSG00000287765,NA,-0.005839352,NA,NS
ENSG00000287769,NA,0.014638639,NA,NS
ENSG00000287778,NA,0.004210101,NA,NS
ENSG00000287780,NA,-0.027918526,NA,NS
ENSG00000287804,NA,0.002045429,NA,NS
ENSG00000287808,DHX9-AS1,0.010290336,NA,NS
ENSG00000287817,NA,-0.025571123,NA,NS
ENSG00000287825,NA,-0.073568627,NA,NS
ENSG00000287839,NA,0.006813951,NA,NS
ENSG00000287851,NA,-0.000613314,NA,NS
ENSG00000287856,NA,0.007845256,NA,NS
ENSG00000287860,NA,0.002253236,NA,NS
ENSG00000287861,NA,-0.019386375,NA,NS
ENSG00000287885,NA,0.01337523,NA,NS
ENSG00000287886,NA,-0.005991044,NA,NS
ENSG00000287887,NA,-0.005048302,NA,NS
ENSG00000287894,NA,-0.011238182,NA,NS
ENSG00000287910,NA,0.012063467,NA,NS
ENSG00000287915,NA,0.013614465,NA,NS
ENSG00000287918,NA,-0.006567638,NA,NS
ENSG00000287935,NA,-0.009632166,NA,NS
ENSG00000287961,NA,0.005127414,NA,NS
ENSG00000287966,LARRPM,0.000841836,NA,NS
ENSG00000287975,NA,-0.064261935,NA,NS
ENSG00000287978,NA,0.028680556,NA,NS
ENSG00000287979,NA,-0.002311526,NA,NS
ENSG00000287985,NA,0.008050019,NA,NS
ENSG00000288007,NA,0.003182568,NA,NS
ENSG00000288012,NA,-0.000446916,NA,NS
ENSG00000288022,NA,0.000843455,NA,NS
ENSG00000288031,NA,0.005468586,NA,NS
ENSG00000288044,NA,0.003260018,NA,NS
ENSG00000288049,NA,-0.008452599,NA,NS
ENSG00000288060,NA,-0.012340763,NA,NS
ENSG00000288061,NA,-0.011273892,NA,NS
ENSG00000288076,NA,0.00826822,NA,NS
ENSG00000288082,NA,0.005376787,NA,NS
ENSG00000288093,NA,-0.003803065,NA,NS
ENSG00000288095,NA,-0.007018979,NA,NS
ENSG00000288104,NA,0.008705672,NA,NS
ENSG00000288106,NA,0.010876858,NA,NS
ENSG00000288109,NA,0.002322331,NA,NS
ENSG00000288187,NA,-0.008839082,0.880631766,NS
ENSG00000288253,NA,0.018268658,NA,NS
ENSG00000288258,NA,0.00466056,NA,NS
ENSG00000288398,NA,-0.094595369,0.047223318,NS
ENSG00000288473,NA,0.017866246,NA,NS
ENSG00000288520,NA,0.005203751,NA,NS
ENSG00000288534,NA,0.003345055,NA,NS
ENSG00000288538,NA,0.006092993,NA,NS
ENSG00000288550,NA,-0.039176936,NA,NS
ENSG00000288558,DUS4L-BCAP29,0.016420213,0.765439816,NS
ENSG00000288559,NA,0.013874712,NA,NS
ENSG00000288568,ZCCHC14-DT,-0.014444495,NA,NS
ENSG00000288585,NA,0.008681633,NA,NS
ENSG00000288586,NA,-0.017667129,NA,NS
ENSG00000288591,NA,-0.001644754,NA,NS
ENSG00000288596,C8orf44,-0.015096233,NA,NS
ENSG00000288604,NA,0.011584977,NA,NS
ENSG00000288612,NA,0.014040909,NA,NS
ENSG00000288620,NA,0.000729396,NA,NS
ENSG00000288622,PDCD6-AHRR,-0.002197223,NA,NS
ENSG00000288635,NA,0.00315605,NA,NS
ENSG00000288640,NA,0.009063383,NA,NS
ENSG00000288649,ACTL10,-0.040827969,0.394598725,NS
ENSG00000288663,NA,0.009633962,NA,NS
ENSG00000288670,NA,0.035197585,0.452014161,NS
ENSG00000288674,NA,0.021515294,NA,NS
ENSG00000288675,PANO1,-0.018774912,NA,NS
ENSG00000288683,NA,0.007720071,NA,NS
ENSG00000288684,NA,0.00954433,NA,NS
ENSG00000288695,NA,-0.002162245,NA,NS
ENSG00000288698,NA,-8.47E-05,NA,NS
ENSG00000288701,PRRC2B,0.030284538,0.475007272,NS
ENSG00000288702,UGT1A3,-0.012569785,NA,NS
ENSG00000288707,NA,-0.004538374,NA,NS
ENSG00000288710,NA,-0.003060919,NA,NS
ENSG00000288717,NA,-0.013286029,NA,NS
ENSG00000288721,NA,-0.013632539,NA,NS
ENSG00000288722,F8A1,-0.020105395,0.699927573,NS
ENSG00000288728,NA,-0.014113083,NA,NS
ENSG00000288739,NA,0.003730921,NA,NS
ENSG00000288741,NA,0.025703977,NA,NS
ENSG00000288743,NA,-0.014194707,NA,NS
ENSG00000288746,NA,-0.01588833,NA,NS
ENSG00000288748,NA,0.026501814,NA,NS
ENSG00000288750,NA,-0.013581525,NA,NS
ENSG00000288752,NA,0.006058261,0.925803871,NS
ENSG00000288756,NA,-0.002417122,NA,NS
ENSG00000288759,NA,-0.006063817,NA,NS
ENSG00000288761,NA,-0.001250607,NA,NS
ENSG00000288764,NA,-0.005392495,NA,NS
ENSG00000288766,NA,-0.009309076,NA,NS
ENSG00000288770,NA,0.002655455,NA,NS
ENSG00000288784,CTAGE4,-0.003108904,0.961618958,NS
ENSG00000288795,NA,-0.013977647,NA,NS
ENSG00000288799,NA,-0.006243905,NA,NS
ENSG00000288809,NA,-0.008884615,NA,NS
ENSG00000288813,NA,-0.010077803,NA,NS
ENSG00000288814,NA,-0.02081028,NA,NS
ENSG00000288817,NA,0.004476062,NA,NS
ENSG00000288818,NA,0.00698204,NA,NS
ENSG00000288820,NA,0.014628862,NA,NS
ENSG00000288823,NA,-0.000942491,NA,NS
ENSG00000288825,H2AC18,-0.098349119,0.02901827,NS
ENSG00000288826,NA,-0.003239199,NA,NS
ENSG00000288827,NA,0.009642063,NA,NS
ENSG00000288829,NA,-0.011149273,NA,NS
ENSG00000288831,NA,-0.011800611,NA,NS
ENSG00000288833,NA,0.020619662,NA,NS
ENSG00000288839,NA,0.00803231,NA,NS
ENSG00000288841,NA,-0.000305527,NA,NS
ENSG00000288844,NA,-0.036841718,NA,NS
ENSG00000288846,NA,-0.012039136,NA,NS
ENSG00000288848,NA,0.00940335,NA,NS
ENSG00000288849,NA,-0.001710285,0.97721495,NS
ENSG00000288851,NA,-0.01931098,NA,NS
ENSG00000288852,NA,-0.039357902,0.411859919,NS
ENSG00000288858,NA,0.004777635,NA,NS
ENSG00000288859,H2AC19,-1.63E-05,NA,NS
ENSG00000288864,ARHGAP11A-SCG5,-0.033325736,NA,NS
ENSG00000288868,NA,0.018601281,NA,NS
ENSG00000288871,NA,-0.008445211,NA,NS
ENSG00000288873,NA,-0.031382035,NA,NS
ENSG00000288877,NA,0.00255819,NA,NS
ENSG00000288880,NA,-0.010933064,NA,NS
ENSG00000288885,NA,-0.014710346,NA,NS
ENSG00000288887,NA,-0.005831536,NA,NS
ENSG00000288891,NA,-0.022501557,NA,NS
ENSG00000288899,NA,-0.057870597,NA,NS
ENSG00000288905,LSP1P5,0.003276423,0.952394445,NS
ENSG00000288906,NA,0.013406651,NA,NS
ENSG00000288907,NA,-0.000916172,NA,NS
ENSG00000288908,NA,-0.014060332,NA,NS
ENSG00000288909,NA,0.005725607,NA,NS
ENSG00000288911,NA,-0.021287026,NA,NS
ENSG00000288913,NA,0.009492086,NA,NS
ENSG00000288917,NA,-0.008645337,NA,NS
ENSG00000288919,NA,0.002453953,NA,NS
ENSG00000288920,RPSA2,-0.070635883,0.038697864,NS
ENSG00000288922,NA,0.00448172,NA,NS
ENSG00000288924,NA,-0.00752342,NA,NS
ENSG00000288926,NA,-0.01832317,NA,NS
ENSG00000288930,NA,0.002214371,NA,NS
ENSG00000288931,NA,-0.032178789,NA,NS
ENSG00000288934,NA,-0.098408073,NA,NS
ENSG00000288935,NA,0.018739172,NA,NS
ENSG00000288937,NA,-0.004798094,NA,NS
ENSG00000288942,NA,-0.011762644,NA,NS
ENSG00000288949,NA,-0.007710438,NA,NS
ENSG00000288953,NA,-0.043448044,NA,NS
ENSG00000288955,NA,-0.011234,NA,NS
ENSG00000288956,NA,-0.01654574,NA,NS
ENSG00000288961,NA,-0.002673977,NA,NS
ENSG00000288966,NA,-0.000966456,NA,NS
ENSG00000288973,NA,-0.036416614,0.44400698,NS
ENSG00000288983,NA,-0.018109897,0.744562798,NS
ENSG00000288985,NA,-0.010417917,NA,NS
ENSG00000288988,NA,0.00280784,NA,NS
ENSG00000288989,NA,0.012284096,NA,NS
ENSG00000288996,NA,-0.015590093,NA,NS
ENSG00000288998,NA,0.00623657,NA,NS
ENSG00000288999,NA,-0.044177577,0.353107575,NS
ENSG00000289000,NA,0.006945048,NA,NS
ENSG00000289001,NA,-0.02142975,NA,NS
ENSG00000289004,NA,0.013668667,NA,NS
ENSG00000289006,NA,-0.006320927,NA,NS
ENSG00000289009,NA,0.0224283,NA,NS
ENSG00000289015,NA,-0.071187021,NA,NS
ENSG00000289018,NA,-0.023353376,NA,NS
ENSG00000289019,NA,-0.007520631,NA,NS
ENSG00000289021,NA,-0.073606205,NA,NS
ENSG00000289027,NA,0.028772933,NA,NS
ENSG00000289028,NA,-0.037229758,NA,NS
ENSG00000289029,NA,0.023803101,NA,NS
ENSG00000289030,NA,-0.000616321,NA,NS
ENSG00000289032,NA,-0.008801353,NA,NS
ENSG00000289037,LINC01530,0.027089646,NA,NS
ENSG00000289038,NA,-0.00257557,NA,NS
ENSG00000289041,NA,-0.021239741,NA,NS
ENSG00000289042,NA,-0.00955315,NA,NS
ENSG00000289043,NA,-0.002740611,NA,NS
ENSG00000289044,NA,0.007280437,NA,NS
ENSG00000289045,NA,-0.010123639,NA,NS
ENSG00000289046,NA,-0.014460031,NA,NS
ENSG00000289047,NA,0.005940921,0.915896523,NS
ENSG00000289050,NA,0.004667782,NA,NS
ENSG00000289055,NA,-0.006135817,NA,NS
ENSG00000289056,NA,-0.007290999,NA,NS
ENSG00000289063,NA,-0.002775703,NA,NS
ENSG00000289065,NA,0.008992058,NA,NS
ENSG00000289067,NA,0.005984417,NA,NS
ENSG00000289073,NA,0.007717066,NA,NS
ENSG00000289074,NA,0.017180825,NA,NS
ENSG00000289075,NA,-0.006114863,NA,NS
ENSG00000289088,NA,-0.012425138,NA,NS
ENSG00000289090,NA,-0.009683872,NA,NS
ENSG00000289092,NA,0.008286324,NA,NS
ENSG00000289094,NA,0.003921913,NA,NS
ENSG00000289100,NA,-0.037483974,NA,NS
ENSG00000289102,NA,-0.010567557,NA,NS
ENSG00000289103,NA,0.014171137,NA,NS
ENSG00000289106,NA,0.0361408,NA,NS
ENSG00000289110,NA,-0.006219865,NA,NS
ENSG00000289112,NA,-0.010803277,NA,NS
ENSG00000289114,NA,-0.009289276,NA,NS
ENSG00000289119,NA,0.018861671,NA,NS
ENSG00000289121,NA,0.021625509,NA,NS
ENSG00000289124,NA,-0.024208103,NA,NS
ENSG00000289126,NA,-0.002197506,NA,NS
ENSG00000289130,THRB-AS2,-0.018215417,NA,NS
ENSG00000289132,NA,-0.006352203,NA,NS
ENSG00000289138,NA,0.034826563,NA,NS
ENSG00000289141,NA,-0.02576873,NA,NS
ENSG00000289143,NA,-0.002790445,NA,NS
ENSG00000289145,NA,-0.008007237,NA,NS
ENSG00000289149,NA,0.008745043,NA,NS
ENSG00000289151,NA,0.007443586,NA,NS
ENSG00000289152,NA,0.00206832,NA,NS
ENSG00000289154,NA,-0.010330882,NA,NS
ENSG00000289155,NA,0.007130145,NA,NS
ENSG00000289159,NA,-0.02626887,NA,NS
ENSG00000289164,NA,-0.014774318,NA,NS
ENSG00000289165,NA,0.003565931,NA,NS
ENSG00000289166,NA,-0.00811107,NA,NS
ENSG00000289168,NA,-0.004807599,NA,NS
ENSG00000289177,NA,0.007848981,NA,NS
ENSG00000289183,NA,0.01614968,NA,NS
ENSG00000289190,NA,-0.003029008,NA,NS
ENSG00000289207,NA,-0.009988507,NA,NS
ENSG00000289212,NA,0.003215216,NA,NS
ENSG00000289213,NA,0.001752932,NA,NS
ENSG00000289222,NA,-0.011905353,NA,NS
ENSG00000289223,NA,-0.004760244,NA,NS
ENSG00000289225,NA,0.005991648,NA,NS
ENSG00000289226,NA,-0.067420176,NA,NS
ENSG00000289228,HECTD2-AS1,-0.007622175,NA,NS
ENSG00000289234,ZNF496-DT,0.028677432,0.557551039,NS
ENSG00000289236,NA,0.002035582,NA,NS
ENSG00000289238,NA,-0.02584272,NA,NS
ENSG00000289244,NA,-0.0017244,NA,NS
ENSG00000289245,NA,0.005524686,NA,NS
ENSG00000289250,NA,0.000587788,NA,NS
ENSG00000289253,NA,-0.012304738,NA,NS
ENSG00000289257,NA,0.000104886,NA,NS
ENSG00000289261,NA,-0.008743665,NA,NS
ENSG00000289268,NA,0.052394233,NA,NS
ENSG00000289277,NA,0.016394762,NA,NS
ENSG00000289281,NA,-0.009551594,NA,NS
ENSG00000289285,NA,0.020413247,NA,NS
ENSG00000289291,NA,-0.023197835,NA,NS
ENSG00000289293,NA,0.01761336,NA,NS
ENSG00000289294,NA,-0.074813579,0.104542487,NS
ENSG00000289295,NA,-0.001817562,NA,NS
ENSG00000289296,NA,-0.002341356,NA,NS
ENSG00000289297,NA,-0.051631137,NA,NS
ENSG00000289298,NA,0.011542667,NA,NS
ENSG00000289304,NA,-0.016236869,NA,NS
ENSG00000289305,NA,-0.009663472,NA,NS
ENSG00000289311,NA,-0.010951101,NA,NS
ENSG00000289312,NA,-0.000111436,NA,NS
ENSG00000289313,LINC01512,-0.005894458,NA,NS
ENSG00000289316,NA,-0.421225874,2.60E-08,NS
ENSG00000289317,NA,0.004754863,NA,NS
ENSG00000289318,NA,0.000241884,NA,NS
ENSG00000289319,NA,-0.001164127,NA,NS
ENSG00000289322,NA,0.005024286,NA,NS
ENSG00000289324,NA,-0.01250998,NA,NS
ENSG00000289332,NA,-0.00529049,NA,NS
ENSG00000289334,NA,-0.004352874,NA,NS
ENSG00000289339,NA,0.003560088,NA,NS
ENSG00000289340,NA,-0.011829636,NA,NS
ENSG00000289343,NA,-0.002121684,NA,NS
ENSG00000289346,NA,0.003661932,NA,NS
ENSG00000289347,NA,0.00154869,NA,NS
ENSG00000289353,NA,0.025374181,NA,NS
ENSG00000289357,NA,-0.024564698,NA,NS
ENSG00000289361,NA,-0.006971818,NA,NS
ENSG00000289370,NA,0.002249197,NA,NS
ENSG00000289372,NA,0.000270097,NA,NS
ENSG00000289375,NA,-0.004370202,NA,NS
ENSG00000289378,NA,0.003906408,NA,NS
ENSG00000289390,NA,-0.02009615,NA,NS
ENSG00000289393,NA,-0.040487795,0.367938762,NS
ENSG00000289405,NA,0.043823259,NA,NS
ENSG00000289407,NA,-0.009513015,NA,NS
ENSG00000289409,NA,-0.003667796,NA,NS
ENSG00000289410,NA,-0.000163672,NA,NS
ENSG00000289412,ZEBTR,-0.009568414,NA,NS
ENSG00000289419,NA,0.012412709,NA,NS
ENSG00000289421,NA,0.016436731,NA,NS
ENSG00000289428,NA,0.010518677,NA,NS
ENSG00000289429,NA,-0.003000381,NA,NS
ENSG00000289439,NA,-0.006689231,NA,NS
ENSG00000289440,NA,0.019295529,NA,NS
ENSG00000289444,NA,0.00043392,NA,NS
ENSG00000289446,NA,0.002185714,NA,NS
ENSG00000289447,NA,0.005033251,NA,NS
ENSG00000289453,NA,0.011750739,NA,NS
ENSG00000289463,NA,0.005286938,NA,NS
ENSG00000289469,NA,-0.009364815,NA,NS
ENSG00000289480,NA,0.000933357,NA,NS
ENSG00000289481,NA,-0.003150131,NA,NS
ENSG00000289482,NA,-0.006905444,NA,NS
ENSG00000289492,NA,-0.008408997,NA,NS
ENSG00000289494,NA,0.011240031,NA,NS
ENSG00000289496,NA,-0.002839725,NA,NS
ENSG00000289499,NA,-0.002780566,NA,NS
ENSG00000289504,NA,0.010794031,NA,NS
ENSG00000289506,DDIT4-AS1,0.006158351,NA,NS
ENSG00000289507,NA,-0.012038415,NA,NS
ENSG00000289515,NA,-0.006781581,NA,NS
ENSG00000289517,NA,-0.011190107,NA,NS
ENSG00000289519,NA,-0.000629075,NA,NS
ENSG00000289520,NA,0.010609251,NA,NS
ENSG00000289523,NA,-0.012407159,NA,NS
ENSG00000289532,NA,-0.055504331,NA,NS
ENSG00000289537,NA,-0.043472026,NA,NS
ENSG00000289539,NA,0.012222955,NA,NS
ENSG00000289543,NA,-0.006920637,NA,NS
ENSG00000289546,NA,-0.004345678,NA,NS
ENSG00000289551,NA,0.001364259,NA,NS
ENSG00000289552,NA,0.008332166,NA,NS
ENSG00000289554,NA,0.00812194,NA,NS
ENSG00000289555,NA,0.000697407,NA,NS
ENSG00000289558,NA,-0.000501443,NA,NS
ENSG00000289559,NA,0.003092053,NA,NS
ENSG00000289562,NA,-0.014275003,NA,NS
ENSG00000289565,NA,0.029342153,NA,NS
ENSG00000289575,NA,0.004125255,NA,NS
ENSG00000289584,NA,-0.007424282,NA,NS
ENSG00000289585,NA,-0.046824024,NA,NS
ENSG00000289586,NA,0.007870058,NA,NS
ENSG00000289589,NA,-0.001213514,NA,NS
ENSG00000289592,NA,0.001046134,NA,NS
ENSG00000289594,NA,0.004148552,NA,NS
ENSG00000289602,NA,-0.006661437,NA,NS
ENSG00000289604,CTAGE8,0.052369578,0.223769746,NS
ENSG00000289606,NA,0.015744826,NA,NS
ENSG00000289607,NA,0.000922209,NA,NS
ENSG00000289609,NA,-0.02050217,NA,NS
ENSG00000289613,NA,-0.008045572,NA,NS
ENSG00000289623,NA,-0.001786182,NA,NS
ENSG00000289626,NA,0.02279446,NA,NS
ENSG00000289631,NA,0.028019554,NA,NS
ENSG00000289637,NA,0.003010131,NA,NS
ENSG00000289639,NA,-0.009822594,NA,NS
ENSG00000289687,NA,0.000432242,NA,NS
ENSG00000289694,NA,-0.017199733,0.755688941,NS
ENSG00000289700,NA,-0.014434692,NA,NS
ENSG00000289701,NA,-0.017861714,NA,NS
ENSG00000289716,XNDC1N-ZNF705EP-ALG1L9P,0.005756979,NA,NS
ENSG00000289720,NA,0.027280257,NA,NS
ENSG00000289740,TALAM1,0.005298604,NA,NS
ENSG00000289744,NA,-0.052514358,NA,NS
ENSG00000289745,NA,0.001179456,NA,NS
ENSG00000289746,TARP,-0.031027643,0.458570093,NS
ENSG00000289747,NA,-0.004747629,NA,NS
ENSG00000289748,NA,-0.002831597,NA,NS
ENSG00000289750,NA,0.043154197,NA,NS
ENSG00000289754,NA,-0.031511351,0.526247097,NS
ENSG00000289755,NA,-0.032976759,NA,NS
ENSG00000289758,NA,-0.000368334,NA,NS
ENSG00000289763,NA,-0.007650214,NA,NS
ENSG00000289791,NA,-0.024615854,NA,NS
ENSG00000289810,NA,0.02224441,0.646684814,NS
ENSG00000289827,NA,0.008466097,NA,NS
ENSG00000289838,NA,0.016408546,NA,NS
ENSG00000289841,NA,-0.002768493,NA,NS
ENSG00000289843,BMS1P14,0.00565643,NA,NS
ENSG00000289855,NA,-0.006062153,NA,NS
ENSG00000289857,NA,0.002218117,NA,NS
ENSG00000289858,NA,0.011846729,0.839863108,NS
ENSG00000289866,NA,-0.00592362,NA,NS
ENSG00000289868,NA,0.00321731,NA,NS
ENSG00000289872,NA,-0.017222912,NA,NS
ENSG00000289878,NA,0.002021751,NA,NS
ENSG00000289881,NA,-0.015487041,NA,NS
ENSG00000289883,ENEMAL,-0.002330056,NA,NS
ENSG00000289887,NA,-0.000310484,NA,NS
ENSG00000289890,NA,0.003288014,NA,NS
ENSG00000289891,NA,-0.018472858,NA,NS
ENSG00000289901,NA,-0.006332117,NA,NS
ENSG00000289903,NA,-0.002437082,NA,NS
ENSG00000289906,LINC03024,-0.010834514,NA,NS
ENSG00000289909,NA,-0.039990666,NA,NS
ENSG00000289915,NA,-0.005659959,NA,NS
ENSG00000289929,NA,0.045954042,NA,NS
ENSG00000289931,NA,0.004321261,NA,NS
ENSG00000289935,NA,0.001252703,NA,NS
ENSG00000289943,NA,0.008498849,NA,NS
ENSG00000289949,NA,0.01119362,NA,NS
ENSG00000289956,NA,-0.009100423,NA,NS
ENSG00000289960,NA,-0.017268356,NA,NS
ENSG00000289970,NA,0.001571441,NA,NS
ENSG00000289971,NA,-0.014125282,NA,NS
ENSG00000289979,NA,-0.010487747,NA,NS
ENSG00000289981,NA,0.001521351,NA,NS
ENSG00000289983,NA,0.042753538,0.337370312,NS
ENSG00000289984,NA,-0.010917816,NA,NS
ENSG00000289985,NA,-0.038396687,0.420782737,NS
ENSG00000289997,NA,0.005924175,NA,NS
ENSG00000290001,NA,0.010393808,NA,NS
ENSG00000290002,NA,0.014342993,NA,NS
ENSG00000290008,NA,-0.0020608,NA,NS
ENSG00000290015,NA,-0.009733414,NA,NS
ENSG00000290018,NA,-0.023395773,0.578683888,NS
ENSG00000290033,NA,-0.029730716,NA,NS
ENSG00000290045,NA,-0.000914399,NA,NS
ENSG00000290047,NA,0.010413365,NA,NS
ENSG00000290049,NA,-0.004114382,NA,NS
ENSG00000290051,NA,0.009490218,NA,NS
ENSG00000290057,NA,-0.00170918,NA,NS
ENSG00000290058,NA,0.017335029,NA,NS
ENSG00000290069,NA,-0.013329859,NA,NS
ENSG00000290072,NA,-0.007378081,NA,NS
ENSG00000290075,NA,0.003103108,NA,NS
ENSG00000290082,NA,0.001463628,NA,NS
ENSG00000290083,NA,0.008369786,NA,NS
ENSG00000290085,NA,-0.016323167,NA,NS
ENSG00000290086,NA,0.00353968,NA,NS
ENSG00000290089,NA,-0.010425316,NA,NS
ENSG00000290098,NA,0.003048807,NA,NS
ENSG00000290102,NA,-0.009460856,NA,NS
ENSG00000290107,NA,0.008247364,NA,NS
ENSG00000290110,NA,-0.01079065,NA,NS
ENSG00000290112,NA,-0.012894952,NA,NS
ENSG00000290114,NA,-0.033893576,NA,NS
ENSG00000290117,NA,-0.019594174,NA,NS
ENSG00000290121,NA,-0.004410241,NA,NS
ENSG00000290123,NA,-0.017393778,NA,NS
ENSG00000290126,NA,-0.00386451,NA,NS
ENSG00000290127,NA,0.001528634,NA,NS
ENSG00000290146,NA,-0.15647187,0.001788349,NS
ENSG00000290183,NA,0.089873823,NA,NS
ENSG00000290199,NA,-0.003505106,NA,NS
ENSG00000290230,NA,0.006908666,NA,NS
ENSG00000290263,NA,0.071881573,NA,NS
ENSG00000290292,HOMEZ,0.009431569,0.880099206,NS
ENSG00000290315,NA,-0.002323944,0.950609935,NS
ENSG00000290318,NA,0.015426606,0.787911105,NS
ENSG00000290319,NA,0.028240194,NA,NS
ENSG00000290326,NA,0.002301636,0.969841309,NS
ENSG00000290336,RBMY2FP,-0.00141063,NA,NS
ENSG00000290344,NA,0.004717864,NA,NS
ENSG00000290374,FAM86EP,-0.020753184,0.702128835,NS
ENSG00000290376,HERC2P3,0.010424126,NA,NS
ENSG00000290382,ZNF876P,0.004557302,NA,NS
ENSG00000290383,NA,-0.013029055,NA,NS
ENSG00000290385,NA,0.007857519,NA,NS
ENSG00000290386,NA,0.029272994,NA,NS
ENSG00000290387,SORD2P,-0.124044853,0.00548724,NS
ENSG00000290394,PKD1P6-NPIPP1,-0.015560654,0.728352787,NS
ENSG00000290397,NA,-0.004224165,NA,NS
ENSG00000290398,ASNSP1,-0.001427795,NA,NS
ENSG00000290399,NA,0.007105611,NA,NS
ENSG00000290425,PI4KAP1,-0.000746837,NA,NS
ENSG00000290439,HSD17B7P2,0.007687669,NA,NS
ENSG00000290445,CCNYL2,0.013353465,NA,NS
ENSG00000290450,NA,0.028893982,0.572541623,NS
ENSG00000290453,NA,0.007101867,NA,NS
ENSG00000290460,NA,-0.002087256,NA,NS
ENSG00000290469,NA,0.010554482,NA,NS
ENSG00000290474,NA,0.007753603,NA,NS
ENSG00000290476,SUGT1P3,-0.0256638,NA,NS
ENSG00000290503,FOLH1B,-0.012634492,NA,NS
ENSG00000290523,NA,0.006492901,NA,NS
ENSG00000290535,NA,0.017790939,NA,NS
ENSG00000290537,NA,0.008464692,NA,NS
ENSG00000290548,NA,0.034145739,0.468535286,NS
ENSG00000290549,NA,-0.012811198,NA,NS
ENSG00000290555,LINC00680,0.023607093,0.620505712,NS
ENSG00000290556,NA,0.010122475,NA,NS
ENSG00000290560,GUSBP3,-0.02988913,0.555335181,NS
ENSG00000290569,NA,-0.001407954,NA,NS
ENSG00000290576,NA,0.001997635,NA,NS
ENSG00000290578,NA,0.000266745,NA,NS
ENSG00000290585,NA,0.014015996,NA,NS
ENSG00000290588,NA,-0.023418184,0.646011741,NS
ENSG00000290596,FAR2P2,0.000417259,NA,NS
ENSG00000290600,NA,0.034522331,NA,NS
ENSG00000290613,LPAL2,0.00198118,NA,NS
ENSG00000290615,RAB6C-AS1,-0.032176377,0.505626436,NS
ENSG00000290683,NA,0.017482279,0.743943563,NS
ENSG00000290687,ZNF286B,0.003677694,NA,NS
ENSG00000290689,NA,-0.014486381,0.807285928,NS
ENSG00000290700,NA,-0.002261435,NA,NS
ENSG00000290711,NA,-0.013427638,NA,NS
ENSG00000290712,DSTNP2,-0.001095085,NA,NS
ENSG00000290717,ZNF658B,0.002092022,0.973029895,NS
ENSG00000290718,FAM95B1,0.002885123,NA,NS
ENSG00000290720,ZNF542P,0.033233391,0.446182642,NS
ENSG00000290727,ALMS1P1,0.015318952,NA,NS
ENSG00000290728,NA,-0.001282529,NA,NS
ENSG00000290729,NA,-0.02688404,NA,NS
ENSG00000290735,NA,-0.003267121,NA,NS
ENSG00000290737,NA,0.007949788,NA,NS
ENSG00000290739,NA,-0.001093617,NA,NS
ENSG00000290746,CA5BP1,0.039605924,0.412912124,NS
ENSG00000290758,POLR2J4,0.033819603,0.49150322,NS
ENSG00000290762,NA,-0.004699704,NA,NS
ENSG00000290763,SDHAP1,6.73E-07,0.999979399,NS
ENSG00000290770,MFSD14CP,0.004182738,0.950609935,NS
ENSG00000290775,NA,0.023610338,NA,NS
ENSG00000290782,CFL1P1,0.002293823,NA,NS
ENSG00000290791,NA,-0.020503361,0.702089321,NS
ENSG00000290792,NA,0.076229565,0.07154465,NS
ENSG00000290793,NA,-0.004799515,0.937681362,NS
ENSG00000290796,NA,0.003217391,NA,NS
ENSG00000290803,NA,0.015607321,NA,NS
ENSG00000290823,NA,-0.003211383,0.958325225,NS
ENSG00000290829,NA,0.000105428,NA,NS
ENSG00000290830,NA,-0.000653765,NA,NS
ENSG00000290831,NSUN5P2,0.001860893,0.975846596,NS
ENSG00000290832,NA,0.012369886,0.830389811,NS
ENSG00000290833,NA,0.023006924,0.623004558,NS
ENSG00000290835,NA,0.050103168,0.288647003,NS
ENSG00000290836,PMCHL2,0.010355888,NA,NS
ENSG00000290837,LRRC37A5P,-0.015893436,NA,NS
ENSG00000290840,XGY2,-0.008446549,NA,NS
ENSG00000290842,CROCCP3,0.012468525,NA,NS
ENSG00000290845,NA,0.020649207,NA,NS
ENSG00000290846,NA,0.014311063,0.807672463,NS
ENSG00000290848,NA,0.000730987,NA,NS
ENSG00000290849,NA,-0.03463299,0.461116842,NS
ENSG00000290854,NA,0.010224016,NA,NS
ENSG00000290858,NA,-0.006437668,NA,NS
ENSG00000290860,CCT6P3,0.039095015,NA,NS
ENSG00000290865,RRN3P3,0.014511123,NA,NS
ENSG00000290867,LINC01145,0.04451999,0.348614081,NS
ENSG00000290868,CSAG4,0.011925723,NA,NS
ENSG00000290871,GTF2IP1,0.00383106,0.953100205,NS
ENSG00000290873,LINC03009,-0.038580303,NA,NS
ENSG00000290875,NA,-0.036641962,NA,NS
ENSG00000290876,WHAMMP4,0.004682554,NA,NS
ENSG00000290877,ROCK1P1,-0.011018969,NA,NS
ENSG00000290878,HLA-DRB6,0.03120219,NA,NS
ENSG00000290879,NA,-0.006564679,NA,NS
ENSG00000290880,NA,-0.001980666,NA,NS
ENSG00000290885,NA,-0.044235468,NA,NS
ENSG00000290890,PDPR2P,0.003577257,NA,NS
ENSG00000290894,PCDHB18P,0.005428107,NA,NS
ENSG00000290901,NA,-0.022247452,NA,NS
ENSG00000290902,NA,0.004298373,NA,NS
ENSG00000290907,NA,-0.01899179,NA,NS
ENSG00000290908,NA,-0.014689815,NA,NS
ENSG00000290911,NA,0.00122973,NA,NS
ENSG00000290912,NA,-0.004219248,NA,NS
ENSG00000290913,NA,0.008724435,NA,NS
ENSG00000290915,KLKP1,0.023401792,NA,NS
ENSG00000290916,NA,-0.006662091,NA,NS
ENSG00000290917,RAET1K,-0.013172059,NA,NS
ENSG00000290920,NA,-0.007447358,NA,NS
ENSG00000290921,NA,0.001809355,NA,NS
ENSG00000290923,PGM5P2,0.006951739,NA,NS
ENSG00000290924,NA,-0.007057652,NA,NS
ENSG00000290926,LINC03006,0.03600418,0.455359969,NS
ENSG00000290927,NA,0.01911872,NA,NS
ENSG00000290928,NA,0.012595026,0.819299099,NS
ENSG00000290930,OR7E91P,-0.009566133,NA,NS
ENSG00000290931,NA,0.033732405,0.450812167,NS
ENSG00000290937,NA,0.01688041,NA,NS
ENSG00000290940,FAM86FP,-0.011281504,NA,NS
ENSG00000290943,ABCC6P2,0.010089633,NA,NS
ENSG00000290945,NA,-0.004771212,NA,NS
ENSG00000290948,NA,-0.02270053,0.673532307,NS
ENSG00000290951,NA,-0.005021085,NA,NS
ENSG00000290956,FAM21EP,0.006054496,NA,NS
ENSG00000290957,NA,-0.028599582,NA,NS
ENSG00000290965,OR7E47P,0.007547487,NA,NS
ENSG00000290983,NA,-0.001039167,NA,NS
ENSG00000290984,NA,0.001978739,NA,NS
ENSG00000290986,NA,0.002482715,NA,NS
ENSG00000290988,ZNF781,0.038298252,NA,NS
ENSG00000290989,SEPTIN7P13,0.038306299,NA,NS
ENSG00000290993,NA,0.044745325,NA,NS
ENSG00000290994,NA,-0.000769676,0.991623777,NS
ENSG00000290995,NA,-0.008161284,NA,NS
ENSG00000290999,NA,0.013079996,NA,NS
ENSG00000291003,NA,-0.000473106,NA,NS
ENSG00000291005,NBPF25P,-0.029736421,NA,NS
ENSG00000291006,NA,-0.005890353,0.927518122,NS
ENSG00000291008,NA,0.010874357,NA,NS
ENSG00000291010,MRPS31P5,-0.003393524,NA,NS
ENSG00000291012,FLJ43315,0.01761355,NA,NS
ENSG00000291015,NA,0.006421603,NA,NS
ENSG00000291018,NA,-0.020434562,NA,NS
ENSG00000291019,AACSP1,0.001310773,NA,NS
ENSG00000291027,UBE2Q2P1,-0.007478279,NA,NS
ENSG00000291028,LINC00933,0.002737859,NA,NS
ENSG00000291029,NA,0.014695053,NA,NS
ENSG00000291031,BCORP1,0.009487874,NA,NS
ENSG00000291032,NA,0.056276503,0.221916732,NS
ENSG00000291033,TXLNGY,0.02778375,0.572643189,NS
ENSG00000291034,NA,-0.012159202,NA,NS
ENSG00000291035,RRP7BP,-0.064679337,NA,NS
ENSG00000291039,DHRS4L1,0.003418963,NA,NS
ENSG00000291040,CD99P1,-0.005758415,NA,NS
ENSG00000291042,NA,0.000474611,NA,NS
ENSG00000291043,NA,-0.030890625,NA,NS
ENSG00000291044,NA,0.011952332,0.825473872,NS
ENSG00000291046,NA,0.017120869,NA,NS
ENSG00000291047,NA,0.017312112,NA,NS
ENSG00000291049,FAM86B3P,0.002160406,NA,NS
ENSG00000291050,TEKT4P2,0.071885463,NA,NS
ENSG00000291051,NA,0.004391063,NA,NS
ENSG00000291053,CATSPER2P1,-0.00522939,NA,NS
ENSG00000291054,NA,-0.011085479,NA,NS
ENSG00000291056,SEPTIN7P9,-0.012523238,NA,NS
ENSG00000291057,ABCC6P1,-0.011218683,NA,NS
ENSG00000291060,NA,0.038303373,0.342131704,NS
ENSG00000291061,NA,-0.005248766,NA,NS
ENSG00000291063,NA,-0.003796432,NA,NS
ENSG00000291064,NA,-0.019772152,0.721867871,NS
ENSG00000291065,NA,0.070053699,0.125006862,NS
ENSG00000291067,NA,0.004295792,NA,NS
ENSG00000291068,NA,-0.006747557,NA,NS
ENSG00000291069,BMS1P1,0.007644368,NA,NS
ENSG00000291071,FAM86JP,-0.031005766,0.529518236,NS
ENSG00000291072,NA,0.012746007,NA,NS
ENSG00000291073,NA,0.028353595,0.541295131,NS
ENSG00000291075,FRG1HP,-0.012767779,0.826393179,NS
ENSG00000291077,NA,0.00795502,NA,NS
ENSG00000291078,NA,-0.0088194,0.874306619,NS
ENSG00000291079,SDHAP3,-0.019100844,0.733419585,NS
ENSG00000291080,ZNF252P,0.043722583,0.319647065,NS
ENSG00000291081,NA,-0.014355723,NA,NS
ENSG00000291082,HERC2P9,-0.002343992,NA,NS
ENSG00000291085,TMEM191A,-0.042676044,0.344399433,NS
ENSG00000291087,CRYBB2P1,-0.026872596,0.58637799,NS
ENSG00000291088,NPEPPSP1,-0.038414921,NA,NS
ENSG00000291091,NA,-0.008611794,0.890328486,NS
ENSG00000291092,PMS2P3,0.018368339,NA,NS
ENSG00000291093,SVIL-AS1,-0.005866118,0.927424634,NS
ENSG00000291094,NA,0.039087664,0.41986946,NS
ENSG00000291095,NA,-0.004152457,NA,NS
ENSG00000291096,NA,0.018102688,NA,NS
ENSG00000291097,HLA-L,-0.000939516,NA,NS
ENSG00000291099,NA,-0.002286374,NA,NS
ENSG00000291100,NA,-0.01516368,0.796492616,NS
ENSG00000291101,NA,0.011005369,NA,NS
ENSG00000291102,GUSBP1,0.11907932,0.01284649,NS
ENSG00000291103,NA,-0.006161379,NA,NS
ENSG00000291104,BTN2A3P,-0.003489722,NA,NS
ENSG00000291106,SNHG33,-0.005821426,NA,NS
ENSG00000291108,SEPTIN7P11,-0.014534981,NA,NS
ENSG00000291110,TRIM16L,-0.016042146,0.783422701,NS
ENSG00000291112,NA,0.01144485,NA,NS
ENSG00000291113,NA,-0.035803905,0.459919773,NS
ENSG00000291115,NA,-0.010755327,NA,NS
ENSG00000291117,NA,-3.25E-05,NA,NS
ENSG00000291118,ZNF767P,0.017775449,NA,NS
ENSG00000291121,NA,-0.006539032,NA,NS
ENSG00000291122,CASTOR3P,0.008449779,0.884959174,NS
ENSG00000291123,H2BP1,0.047730165,NA,NS
ENSG00000291124,NA,0.022929265,NA,NS
ENSG00000291126,NA,0.010857909,0.859506184,NS
ENSG00000291127,ANKRD36BP2,0.000798957,NA,NS
ENSG00000291129,PPIEL,0.00066361,NA,NS
ENSG00000291131,NA,-0.003827926,NA,NS
ENSG00000291133,NA,0.005836292,NA,NS
ENSG00000291136,RABGEF1P1,-0.015662096,0.788976876,NS
ENSG00000291137,GBA1LP,0.008218275,0.896596161,NS
ENSG00000291140,AMZ2P1,-0.027151953,0.580556639,NS
ENSG00000291141,EMBP1,-0.016598983,NA,NS
ENSG00000291142,NA,0.061808413,0.18027095,NS
ENSG00000291143,NA,0.001840816,NA,NS
ENSG00000291145,NA,-0.007524595,NA,NS
ENSG00000291147,NA,0.033147895,NA,NS
ENSG00000291148,AZGP1P1,0.003858516,NA,NS
ENSG00000291149,NA,-0.018913169,NA,NS
ENSG00000291150,LSP1P5,0.020999118,0.662076797,NS
ENSG00000291151,NSUN5P1,0.004283796,0.948675007,NS
ENSG00000291152,SBDSP1,-0.097441975,0.026906583,NS
ENSG00000291153,STAG3L4,-0.034865362,0.480718557,NS
ENSG00000291154,NA,0.011936953,0.840964088,NS
ENSG00000291156,NA,0.018454681,NA,NS
ENSG00000291158,LINC00869,-0.002301974,NA,NS
ENSG00000291159,NA,-0.024110524,NA,NS
ENSG00000291170,NA,-0.017814098,NA,NS
ENSG00000291171,NA,0.029343612,0.531790302,NS
ENSG00000291174,FAUP4,0.034514264,NA,NS
ENSG00000291175,NA,0.072714294,0.111397315,NS
ENSG00000291176,NA,-0.010938832,NA,NS
ENSG00000291177,ZNF56P,0.011759349,NA,NS
ENSG00000291178,NA,-0.032753264,0.498153949,NS
ENSG00000291179,NA,0.024336301,NA,NS
ENSG00000291181,FGF7P3,-0.003987294,0.952394445,NS
ENSG00000291184,NA,-0.014443325,NA,NS
ENSG00000291186,NA,-0.009947984,0.872461212,NS
ENSG00000291189,NA,0.010117009,NA,NS
ENSG00000291194,NA,0.011283508,NA,NS
ENSG00000291201,NA,0.023047483,NA,NS
ENSG00000291202,NA,-0.002553301,NA,NS
ENSG00000291203,NA,0.038574752,NA,NS
ENSG00000291206,GTF2IRD1P1,-0.030644892,NA,NS
ENSG00000291207,NA,0.069732571,NA,NS
ENSG00000291208,NA,-0.011322715,NA,NS
ENSG00000291209,NA,0.029111079,NA,NS
ENSG00000291210,NA,-0.009317991,0.879065323,NS
ENSG00000291213,DPY19L2P3,-0.023516289,NA,NS
ENSG00000291214,NA,0.05050871,0.284995156,NS
ENSG00000291217,LINC01347,-0.008021428,NA,NS
ENSG00000291219,NA,-0.001686025,NA,NS
ENSG00000291220,NA,-0.046568466,0.299230325,NS
ENSG00000291221,NA,-0.013018547,NA,NS
ENSG00000291223,FAM86DP,-0.0173517,0.757632703,NS
ENSG00000291224,NA,-0.023143537,0.662076797,NS
ENSG00000291228,NA,0.010570534,NA,NS
ENSG00000291231,NA,-0.044295154,NA,NS
ENSG00000291233,NA,-0.014137421,NA,NS
ENSG00000291234,NA,-0.083164366,0.064989589,NS
ENSG00000291237,SOD2,0.005532202,0.920026128,NS
ENSG00000291262,NA,0.002541462,NA,NS
ENSG00000291263,SMG1P7,0.004286857,NA,NS
ENSG00000291264,NA,-0.015270512,NA,NS
ENSG00000291266,SMG1P5,-0.048807226,0.296371065,NS
ENSG00000291268,NA,-0.03124288,NA,NS
ENSG00000291269,NA,0.003588097,NA,NS
ENSG00000291275,NA,-0.000486184,NA,NS
ENSG00000291276,NA,0.00895339,NA,NS
ENSG00000291283,NA,0.005137287,NA,NS
ENSG00000291313,NA,-0.000913678,NA,NS
ENSG00000291315,NA,-0.005966824,NA,NS
ENSG00000291316,TMEM276-ZFTRAF1,0.0094841,NA,NS
ENSG00000291317,TMEM276,-0.029810213,0.543802305,NS
ENSG00000291338,NA,-0.002923638,NA,NS
ENSG00000292327,PPP2R3B,-0.044244011,0.334868,NS
ENSG00000292331,ASMTL-AS1,-0.003594006,NA,NS
ENSG00000292334,SLC25A6,-0.037700827,0.360221118,NS
ENSG00000292338,DHRSX,-0.003164613,NA,NS
ENSG00000292339,ASMTL,-0.023463453,0.660311701,NS
ENSG00000292343,AKAP17A,0.015195667,0.794286393,NS
ENSG00000292344,PLCXD1,0.004010537,0.952024718,NS
ENSG00000292345,ZBED1,0.031651036,0.479300091,NS
ENSG00000292348,CD99,-0.057158462,0.167841953,NS
ENSG00000292349,NA,-0.005089386,NA,NS
ENSG00000292358,GTPBP6,-0.03528817,0.44400698,NS
ENSG00000292362,CD99P1,-0.005758415,NA,NS
ENSG00000292366,VAMP7,0.046859915,0.253217857,NS
ENSG00000292370,WASIR1,0.006097268,NA,NS
ENSG00000292372,WASH6P,-0.011880794,NA,NS
ENSG00000292373,IL9R,0.00139818,NA,NS
ENSG00000292433,NA,-0.001316909,NA,NS
ENSG00000292979,NA,0.084895389,0.069005865,NS
ENSG00000292982,WASH5P,0.014713304,0.614579311,NS
ENSG00000292986,DUXAP10,0.055082793,0.151948459,NS
ENSG00000292993,NA,-0.006196632,NA,NS
ENSG00000292994,NA,0.006654414,NA,NS
ENSG00000293004,NA,-0.004825625,NA,NS
ENSG00000293016,NA,0.011185621,0.58467583,NS
ENSG00000293025,NA,-0.026969214,0.601546549,NS
ENSG00000293035,LINC01667,0.01053839,0.863644197,NS
ENSG00000293050,NA,0.005310548,NA,NS
ENSG00000293057,NA,-0.070996513,NA,NS
ENSG00000293060,NA,0.01286926,NA,NS
ENSG00000293076,NA,-0.008839103,NA,NS
ENSG00000293086,NA,-0.000323183,NA,NS
ENSG00000293087,RPL23AP87,-0.032085058,NA,NS
ENSG00000293096,NA,-0.002579178,NA,NS
ENSG00000293098,NA,0.019792413,NA,NS
ENSG00000293106,RPL23AP7,-0.014706955,0.789651815,NS
ENSG00000293107,NA,-0.006647849,NA,NS
ENSG00000293137,MSL3B,0.021016411,0.691071283,NS
ENSG00000293141,NA,-0.006446382,NA,NS
ENSG00000293143,NA,-0.017814794,NA,NS
ENSG00000293144,NA,0.006916239,NA,NS
ENSG00000293154,NA,0.059350368,NA,NS
ENSG00000293160,NA,-0.006347611,NA,NS
ENSG00000293161,NA,-0.003248215,NA,NS
ENSG00000293162,NA,-0.000805746,NA,NS
ENSG00000293164,NA,0.013399266,NA,NS
ENSG00000293167,NA,0.004620157,NA,NS
ENSG00000293171,NA,-0.001069629,NA,NS
ENSG00000293175,NA,-0.04820971,NA,NS
ENSG00000293178,NA,-0.012719761,NA,NS
ENSG00000293183,NA,-0.000356318,NA,NS
ENSG00000293185,TPM3P9,-0.013176772,0.815220064,NS
ENSG00000293186,NA,-0.003374917,NA,NS
ENSG00000293188,NA,-0.003954398,NA,NS
ENSG00000293192,NA,0.013602161,0.796492616,NS
ENSG00000293194,RDM1P5,0.010323376,NA,NS
ENSG00000293200,SLED1,-0.005238563,NA,NS
ENSG00000293205,TPI1P2,-0.018781134,NA,NS
ENSG00000293210,SSR4P1,0.03895009,NA,NS
ENSG00000293219,NA,-0.00850783,NA,NS
ENSG00000293222,ACTG1P17,-0.012019119,NA,NS
ENSG00000293232,NA,0.005506259,NA,NS
ENSG00000293234,NA,-0.001599813,NA,NS
ENSG00000293235,NA,0.003837059,NA,NS
ENSG00000293237,HTR7P1,-0.040962316,0.394598725,NS
ENSG00000293240,NA,0.026674968,NA,NS
ENSG00000293241,GTF2IP4,0.024503642,0.58669484,NS
ENSG00000293246,ZNF321P,0.070852487,NA,NS
ENSG00000293256,NA,0.034357808,NA,NS
ENSG00000293258,NA,-0.003791584,NA,NS
ENSG00000293264,ACTG1P25,0.008942709,NA,NS
ENSG00000293268,NA,0.001417352,NA,NS
ENSG00000293269,NA,-0.017833894,NA,NS
ENSG00000293271,SLC44A3-AS1,0.001343647,NA,NS
ENSG00000293276,NA,-0.002752863,NA,NS
ENSG00000293279,NA,-0.025923975,NA,NS
ENSG00000293293,NA,-0.005626526,NA,NS
ENSG00000293297,NA,-0.002141819,NA,NS
ENSG00000293300,NA,-0.003336643,NA,NS
ENSG00000293303,NA,0.007036148,NA,NS
ENSG00000293309,PAFAH1B2P2,0.005055425,NA,NS
ENSG00000293310,NA,-0.006060567,0.921734052,NS
ENSG00000293311,SMPD4BP,0.004914911,0.929049093,NS
ENSG00000293313,ZNF37BP,0.034547132,0.472307236,NS
ENSG00000293314,SDAD1P1,0.002697917,NA,NS
ENSG00000293315,NA,-0.009877099,NA,NS
ENSG00000293316,PLEKHA8P1,0.030824625,NA,NS
ENSG00000293317,ZNF702P,0.010386298,0.862927824,NS
ENSG00000293320,NA,0.017913985,0.73687822,NS
ENSG00000293324,NA,0.001325607,NA,NS
ENSG00000293325,KRT18P55,0.004482541,NA,NS
ENSG00000293328,NKAPP1,-0.000791237,NA,NS
ENSG00000293329,DUXAP9,0.032601515,0.411859919,NS
ENSG00000293332,NA,0.001897999,NA,NS
ENSG00000293338,NA,-0.013524168,NA,NS
ENSG00000293339,NA,-0.178422779,0.000150243,NS
ENSG00000293341,NA,-0.008109529,NA,NS
ENSG00000293352,RPLP0P2,0.010438792,NA,NS
ENSG00000293360,ABCA11P,0.032791123,NA,NS
ENSG00000293372,NA,0.005526131,NA,NS
ENSG00000293386,LRRC78P,0.003608548,NA,NS
ENSG00000293399,NA,0.001002546,NA,NS
ENSG00000293401,NA,0.003956833,NA,NS
ENSG00000293404,NA,-0.002359545,NA,NS
ENSG00000293411,NA,0.009698151,NA,NS
ENSG00000293413,NA,0.005450644,NA,NS
ENSG00000293414,TMEM277P,-0.001563623,NA,NS
ENSG00000293422,PRORSD1P,0.002243425,NA,NS
ENSG00000293423,ABCA17P,-0.021407682,NA,NS
ENSG00000293427,NA,-0.023285736,NA,NS
ENSG00000293428,C22orf46P,0.03356147,0.498214423,NS
ENSG00000293434,AHSA2P,0.01559005,NA,NS
ENSG00000293440,DBIL5P,0.004502047,NA,NS
ENSG00000293442,PRKY,0.006458498,NA,NS
ENSG00000293446,NA,0.000944593,NA,NS
ENSG00000293451,TDH,-0.00296467,NA,NS
ENSG00000293460,LINC02210,0.024811241,0.633742581,NS
ENSG00000293461,NA,-0.00131399,NA,NS
ENSG00000293465,NA,0.009659324,NA,NS
ENSG00000293468,NA,0.012990074,NA,NS
ENSG00000293469,CHMP1B2P,0.008650445,NA,NS
ENSG00000293471,NA,-0.009952093,NA,NS
ENSG00000293473,CENPBD1P,0.001109033,0.987274035,NS
ENSG00000293476,NA,0.028545927,0.577269017,NS
ENSG00000293478,GFOD3P,-0.016499367,0.776757538,NS
ENSG00000293482,NA,0.001780135,NA,NS
ENSG00000293486,NA,-0.001396879,NA,NS
ENSG00000293487,CDIPTOSP,-0.001821057,NA,NS
ENSG00000293489,CMAHP,-0.001982035,NA,NS
ENSG00000293491,TMEM198B,-0.01575975,0.787745281,NS
ENSG00000293492,NUDT16L2P,0.075976712,0.076237001,NS
ENSG00000293495,C19orf48P,-0.118857203,0.000305126,NS
ENSG00000293496,NA,0.006567394,NA,NS
ENSG00000293497,NA,0.005588388,NA,NS
ENSG00000293499,NA,-0.013956953,NA,NS
ENSG00000293503,NA,-0.006876543,NA,NS
ENSG00000293505,GNRHR2,-0.012555129,NA,NS
ENSG00000293506,NA,-0.013516779,NA,NS
ENSG00000293507,FBXL9P,0.004305285,NA,NS
ENSG00000293508,POLR1HASP,-0.026930725,NA,NS
ENSG00000293510,AFG3L1P,0.025761207,NA,NS
ENSG00000293514,CUTALP,-0.035272472,0.458602961,NS
ENSG00000293516,ZNF271P,-0.018420486,0.716644828,NS
ENSG00000293539,NA,-0.020417735,NA,NS
ENSG00000293546,ALG1L9P,-0.000399398,NA,NS
ENSG00000293550,NA,-0.006909918,NA,NS
ENSG00000293557,NA,0.002585233,NA,NS
ENSG00000293570,NA,0.01057476,NA,NS
ENSG00000293594,NA,0.000978336,NA,NS
ENSG00000293600,NA,0.034861082,0.411413842,NS
ENSG00000293606,NA,0.050324871,NA,NS
ENSG00000293615,NA,0.006297708,NA,NS
ENSG00000293616,PCBP1-AS1,-0.016289038,0.769001688,NS
ENSG00000293619,NA,-0.021397129,NA,NS
ENSG00000293621,UVRAG-DT,0.003459918,NA,NS
ENSG00000293623,NA,-0.019156898,NA,NS
ENSG00000293629,NA,-0.000636129,NA,NS
ENSG00000293642,NA,0.018855182,NA,NS
ENSG00000293664,NA,0.001294902,NA,NS
ENSG00000293669,NA,0.012870986,NA,NS
ENSG00000293678,NA,0.002105777,NA,NS
ENSG00000293686,NA,-0.004107416,NA,NS
ENSG00000293688,NA,0.007191475,NA,NS
ENSG00000293691,NA,-0.006572662,NA,NS
ENSG00000293697,ANKRD20A5P,0.010890715,NA,NS
ENSG00000293707,NA,0.004603739,NA,NS
ENSG00000293749,NA,-0.006998783,NA,NS
ENSG00000293751,NA,-0.029019106,NA,NS
ENSG00000293754,NA,0.007170865,NA,NS
ENSG00000293759,NA,-0.018348496,NA,NS
ENSG00000293771,NA,-0.016799177,NA,NS
ENSG00000293848,NA,0.005333207,NA,NS
ENSG00000293855,NA,-0.034162993,NA,NS
ENSG00000293869,NA,-0.019955809,NA,NS
ENSG00000293879,NA,0.005792504,NA,NS
ENSG00000293884,NA,-0.003085412,NA,NS
ENSG00000293888,NA,-0.005176828,NA,NS
ENSG00000293902,NA,0.010634143,NA,NS
ENSG00000293919,NA,0.038912477,0.416834703,NS
ENSG00000293924,NA,-0.002223486,NA,NS
ENSG00000293930,NA,-0.021272029,NA,NS
ENSG00000293945,NA,0.005164903,NA,NS
ENSG00000293955,NA,-0.00552775,NA,NS
ENSG00000293957,NA,0.003148949,NA,NS
ENSG00000293970,NA,0.008586247,NA,NS
ENSG00000293989,NA,-0.018379939,NA,NS
ENSG00000293992,NA,-0.013649516,NA,NS
ENSG00000294008,NA,0.009307086,NA,NS
ENSG00000294020,NA,0.010992504,NA,NS
ENSG00000294024,NA,0.003459857,NA,NS
ENSG00000294075,NA,0.006107015,NA,NS
ENSG00000294104,NA,0.003410213,NA,NS
ENSG00000294107,NA,0.020063071,NA,NS
ENSG00000294118,NA,-0.003577252,NA,NS
ENSG00000294131,NA,0.015279001,NA,NS
ENSG00000294133,NA,0.089628098,0.05672827,NS
ENSG00000294141,NA,-0.011858553,NA,NS
ENSG00000294153,NA,-0.015367737,0.787745281,NS
ENSG00000294171,NA,-0.013676724,NA,NS
ENSG00000294172,NA,0.008919142,NA,NS
ENSG00000294203,NA,0.00581774,NA,NS
ENSG00000294213,NA,0.009842401,NA,NS
ENSG00000294218,NA,-0.003163853,NA,NS
ENSG00000294232,NA,-0.014507664,NA,NS
ENSG00000294246,NA,-0.012506555,NA,NS
ENSG00000294276,NA,-0.010248159,NA,NS
ENSG00000294279,NA,0.007356455,0.908998711,NS
ENSG00000294304,NA,-0.004212861,NA,NS
ENSG00000294305,NA,-0.000905553,NA,NS
ENSG00000294313,NA,0.001272542,NA,NS
ENSG00000294331,NA,-0.002595716,NA,NS
ENSG00000294368,NA,0.014778068,NA,NS
ENSG00000294399,NA,0.004959574,NA,NS
ENSG00000294418,NA,-0.012625361,NA,NS
ENSG00000294423,NA,-0.005121773,NA,NS
ENSG00000294437,NA,0.002225401,NA,NS
ENSG00000294462,NA,-0.000401662,NA,NS
ENSG00000294465,NA,0.001120795,NA,NS
ENSG00000294467,NA,-0.016995423,NA,NS
ENSG00000294498,NA,0.004723628,NA,NS
ENSG00000294501,NA,-0.04893379,NA,NS
ENSG00000294512,NA,-0.058654715,0.171993808,NS
ENSG00000294531,NA,0.019541988,0.72660558,NS
ENSG00000294550,NA,-0.016786654,NA,NS
ENSG00000294582,NA,-0.005840569,NA,NS
ENSG00000294588,NA,-0.010544842,NA,NS
ENSG00000294595,NA,-0.008540779,NA,NS
ENSG00000294598,NA,-0.070176114,0.11902829,NS
ENSG00000294607,NA,-0.001379324,NA,NS
ENSG00000294641,NA,-0.017970506,NA,NS
ENSG00000294647,NA,-0.002952783,NA,NS
ENSG00000294695,NA,0.002783417,NA,NS
ENSG00000294710,NA,0.055350187,0.083576918,NS
ENSG00000294732,NA,0.006295898,NA,NS
ENSG00000294778,NA,-0.003482076,NA,NS
ENSG00000294786,NA,0.022213384,0.662579933,NS
ENSG00000294808,NA,0.007700734,NA,NS
ENSG00000294822,NA,-0.01493374,NA,NS
ENSG00000294885,NA,-0.000592024,NA,NS
ENSG00000294909,NA,0.063562075,NA,NS
ENSG00000294916,NA,0.011133392,NA,NS
ENSG00000294922,NA,0.022715245,NA,NS
ENSG00000294950,NA,0.001104642,NA,NS
ENSG00000294958,NA,-0.001712437,NA,NS
ENSG00000294961,NA,0.006301897,NA,NS
ENSG00000294996,NA,-0.012022547,NA,NS
ENSG00000295019,NA,-0.008295656,NA,NS
ENSG00000295026,NA,0.004032546,NA,NS
ENSG00000295048,NA,0.011946992,NA,NS
ENSG00000295049,NA,-0.005930901,NA,NS
ENSG00000295063,NA,-0.034551158,0.483074341,NS
ENSG00000295072,NA,0.004358987,NA,NS
ENSG00000295078,NA,-0.009046446,NA,NS
ENSG00000295087,NA,0.009102303,NA,NS
ENSG00000295095,NA,-0.041103525,NA,NS
ENSG00000295096,NA,-0.011076985,NA,NS
ENSG00000295111,NA,-0.00611065,NA,NS
ENSG00000295130,NA,0.010830042,NA,NS
ENSG00000295131,NA,-0.006065551,NA,NS
ENSG00000295160,NA,-0.008428732,NA,NS
ENSG00000295161,NA,-0.016663323,NA,NS
ENSG00000295200,NA,-0.011558191,NA,NS
ENSG00000295208,NA,0.007826687,NA,NS
ENSG00000295213,NA,-0.013866964,NA,NS
ENSG00000295221,NA,0.012256903,NA,NS
ENSG00000295233,NA,0.003123186,NA,NS
ENSG00000295245,NA,0.003142086,NA,NS
ENSG00000295307,NA,-0.005515507,NA,NS
ENSG00000295318,NA,-0.005472746,NA,NS
ENSG00000295329,NA,-0.022253925,NA,NS
ENSG00000295355,NA,-0.007171998,NA,NS
ENSG00000295359,NA,-0.002339254,NA,NS
ENSG00000295422,NA,0.037985535,NA,NS
ENSG00000295436,NA,0.009532101,NA,NS
ENSG00000295438,NA,0.002598849,NA,NS
ENSG00000295471,NA,-0.231259884,0.00143629,NS
ENSG00000295516,NA,-0.000926637,NA,NS
ENSG00000295559,NA,-0.011799381,NA,NS
ENSG00000295570,NA,-0.00559408,NA,NS
ENSG00000295583,NA,-0.02884281,NA,NS
ENSG00000295591,NA,0.00304793,NA,NS
ENSG00000295602,NA,0.1594138,NA,NS
ENSG00000295654,NA,-0.010790795,NA,NS
ENSG00000295667,NA,0.005339782,NA,NS
ENSG00000295671,NA,-0.017252002,0.733417595,NS
ENSG00000295685,NA,0.005859147,NA,NS
ENSG00000295726,NA,-0.004122937,NA,NS
ENSG00000295728,NA,0.009848017,NA,NS
ENSG00000295745,NA,0.025884256,NA,NS
ENSG00000295746,NA,0.027886617,NA,NS
ENSG00000295750,NA,0.005752502,NA,NS
ENSG00000295769,NA,-0.001803715,NA,NS
ENSG00000295807,NA,-0.000942584,NA,NS
ENSG00000295813,NA,-0.008946748,NA,NS
ENSG00000295818,NA,0.002200728,NA,NS
ENSG00000295827,NA,-0.006468301,NA,NS
ENSG00000295828,NA,-0.024851719,NA,NS
ENSG00000295842,NA,-0.009349843,NA,NS
ENSG00000295871,NA,-0.004088644,NA,NS
ENSG00000295873,NA,0.016542367,NA,NS
ENSG00000295896,NA,0.009425158,NA,NS
ENSG00000295906,NA,-0.003759819,NA,NS
ENSG00000295911,NA,-0.034388237,NA,NS
ENSG00000295914,NA,-0.017761787,NA,NS
ENSG00000295934,NA,-0.002493801,NA,NS
ENSG00000295937,NA,0.007547403,NA,NS
ENSG00000295970,NA,0.001455309,NA,NS
ENSG00000295975,NA,-0.003129455,NA,NS
ENSG00000295994,NA,-0.004589621,NA,NS
ENSG00000296011,NA,-0.001796358,NA,NS
ENSG00000296024,NA,-0.009610809,NA,NS
ENSG00000296108,NA,0.000485322,NA,NS
ENSG00000296162,NA,-0.007619144,NA,NS
ENSG00000296173,NA,-0.010229576,NA,NS
ENSG00000296184,NA,0.018673915,NA,NS
ENSG00000296190,NA,0.005088249,NA,NS
ENSG00000296205,NA,-0.000127661,NA,NS
ENSG00000296265,NA,0.005497199,NA,NS
ENSG00000296268,NA,-0.007468852,NA,NS
ENSG00000296269,NA,-0.005013646,NA,NS
ENSG00000296294,NA,0.005320067,NA,NS
ENSG00000296299,NA,-0.009299427,NA,NS
ENSG00000296308,NA,0.005229494,NA,NS
ENSG00000296318,NA,-0.00948974,NA,NS
ENSG00000296325,NA,0.005472342,NA,NS
ENSG00000296329,NA,0.065945968,0.146102641,NS
ENSG00000296339,NA,0.003609035,NA,NS
ENSG00000296343,NA,-0.013645416,NA,NS
ENSG00000296380,NA,-0.025974604,NA,NS
ENSG00000296382,NA,0.003794709,NA,NS
ENSG00000296385,NA,-0.004130221,NA,NS
ENSG00000296398,NA,-0.006027933,NA,NS
ENSG00000296426,NA,-0.004704849,NA,NS
ENSG00000296453,NA,0.004477844,NA,NS
ENSG00000296488,NA,0.004837009,NA,NS
ENSG00000296506,NA,0.002739562,NA,NS
ENSG00000296507,NA,-0.003414263,NA,NS
ENSG00000296527,NA,-0.001947443,NA,NS
ENSG00000296528,NA,0.004616243,NA,NS
ENSG00000296546,NA,-0.008216601,NA,NS
ENSG00000296549,NA,-0.001940361,NA,NS
ENSG00000296557,NA,-0.005191186,NA,NS
ENSG00000296560,NA,-0.01351851,NA,NS
ENSG00000296575,NA,-0.014996024,NA,NS
ENSG00000296581,NA,0.000230912,NA,NS
ENSG00000296598,NA,-0.000519421,NA,NS
ENSG00000296618,NA,-0.001113887,NA,NS
ENSG00000296642,NA,-0.001011312,NA,NS
ENSG00000296655,NA,0.01867503,NA,NS
ENSG00000296657,NA,-0.009560726,NA,NS
ENSG00000296669,NA,0.009615933,NA,NS
ENSG00000296732,NA,0.028516632,NA,NS
ENSG00000296743,NA,-0.01600438,NA,NS
ENSG00000296775,NA,-0.018816652,NA,NS
ENSG00000296790,NA,0.005543389,NA,NS
ENSG00000296802,NA,0.050027996,NA,NS
ENSG00000296811,NA,-0.002778911,NA,NS
ENSG00000296818,NA,-0.003570261,NA,NS
ENSG00000296830,NA,-0.003614967,NA,NS
ENSG00000296902,NA,-0.009415811,NA,NS
ENSG00000296911,NA,0.01777071,NA,NS
ENSG00000296925,NA,2.04E-05,NA,NS
ENSG00000296938,NA,-0.009900665,NA,NS
ENSG00000296951,NA,0.013267374,NA,NS
ENSG00000296994,NA,0.005239344,NA,NS
ENSG00000297027,NA,0.007934536,NA,NS
ENSG00000297047,NA,-0.001778639,NA,NS
ENSG00000297072,NA,0.009066589,NA,NS
ENSG00000297076,NA,0.038248035,NA,NS
ENSG00000297093,NA,-0.00370138,0.90224423,NS
ENSG00000297106,NA,-0.00710917,NA,NS
ENSG00000297134,NA,0.001651942,NA,NS
ENSG00000297142,NA,0.001335473,NA,NS
ENSG00000297156,NA,0.006443997,NA,NS
ENSG00000297209,NA,-0.003166379,NA,NS
ENSG00000297244,NA,0.010452819,NA,NS
ENSG00000297268,NA,-0.00580259,NA,NS
ENSG00000297327,NA,-0.016980005,NA,NS
ENSG00000297328,NA,-0.018264658,NA,NS
ENSG00000297335,NA,0.01899397,NA,NS
ENSG00000297359,NA,-0.009601708,NA,NS
ENSG00000297388,NA,-0.008882974,NA,NS
ENSG00000297406,NA,0.003416691,NA,NS
ENSG00000297423,NA,0.003437375,NA,NS
ENSG00000297451,NA,-0.029162905,NA,NS
ENSG00000297500,NA,0.008554309,NA,NS
ENSG00000297544,NA,-0.012740733,NA,NS
ENSG00000297567,NA,-0.004185857,NA,NS
ENSG00000297619,NA,0.001134801,NA,NS
ENSG00000297629,NA,-0.004724667,NA,NS
ENSG00000297649,NA,-0.049468197,0.253193433,NS
ENSG00000297670,NA,-0.040705804,NA,NS
ENSG00000297688,NA,0.002946821,NA,NS
ENSG00000297713,NA,0.016589985,NA,NS
ENSG00000297719,NA,-0.001869061,NA,NS
ENSG00000297726,NA,0.005855573,NA,NS
ENSG00000297778,NA,-0.0088388,NA,NS
ENSG00000297805,NA,-0.00251036,0.968278814,NS
ENSG00000297808,NA,-0.007799271,NA,NS
ENSG00000297814,NA,-0.009205174,NA,NS
ENSG00000297832,NA,-0.000879831,NA,NS
ENSG00000297839,NA,0.004587227,NA,NS
ENSG00000297842,NA,-5.87E-05,NA,NS
ENSG00000297847,NA,-0.000552715,NA,NS
ENSG00000297852,NA,-0.024313876,0.636643673,NS
ENSG00000297885,NA,0.028487328,NA,NS
ENSG00000297935,NA,0.001920145,NA,NS
ENSG00000297944,NA,0.000271662,NA,NS
ENSG00000297972,NA,-0.006930977,NA,NS
ENSG00000297995,NA,0.009193729,NA,NS
ENSG00000298000,NA,-0.005206934,NA,NS
ENSG00000298015,NA,-0.003206235,NA,NS
ENSG00000298027,NA,-0.012656908,NA,NS
ENSG00000298035,NA,0.003422066,NA,NS
ENSG00000298052,NA,0.011069334,NA,NS
ENSG00000298058,NA,-0.023311293,NA,NS
ENSG00000298094,NA,0.001014115,NA,NS
ENSG00000298098,NA,-0.002065682,NA,NS
ENSG00000298107,NA,-0.014765904,NA,NS
ENSG00000298130,NA,-0.008766884,NA,NS
ENSG00000298139,NA,-0.013587967,NA,NS
ENSG00000298227,NA,0.000608414,NA,NS
ENSG00000298273,NA,0.008176688,NA,NS
ENSG00000298290,NA,-0.00982406,NA,NS
ENSG00000298291,NA,-0.061857796,NA,NS
ENSG00000298297,NA,-0.006706308,NA,NS
ENSG00000298300,NA,0.018746538,NA,NS
ENSG00000298311,NA,-0.016251999,NA,NS
ENSG00000298316,NA,0.02014257,NA,NS
ENSG00000298334,NA,0.000876892,NA,NS
ENSG00000298336,NA,-0.000574602,NA,NS
ENSG00000298373,NA,-0.002788825,NA,NS
ENSG00000298376,NA,0.006510808,NA,NS
ENSG00000298381,NA,-0.004378008,NA,NS
ENSG00000298387,NA,-0.000738834,NA,NS
ENSG00000298413,NA,-0.022135976,NA,NS
ENSG00000298430,NA,-0.005889262,NA,NS
ENSG00000298469,NA,-0.001851275,NA,NS
ENSG00000298539,NA,-0.009776608,NA,NS
ENSG00000298553,NA,0.012725635,NA,NS
ENSG00000298609,NA,-0.000300928,NA,NS
ENSG00000298639,NA,4.17E-05,NA,NS
ENSG00000298665,NA,-0.021639908,NA,NS
ENSG00000298681,NA,0.003231936,NA,NS
ENSG00000298719,NA,0.002359304,NA,NS
ENSG00000298751,NA,0.002966757,0.96457638,NS
ENSG00000298760,NA,-0.014961917,NA,NS
ENSG00000298775,NA,-0.002733929,NA,NS
ENSG00000298788,NA,-0.002403195,NA,NS
ENSG00000298793,NA,-0.030115293,NA,NS
ENSG00000298813,NA,0.003439225,NA,NS
ENSG00000298818,NA,0.013611802,NA,NS
ENSG00000298823,NA,-0.00322035,NA,NS
ENSG00000298831,NA,0.006425255,NA,NS
ENSG00000298832,NA,0.015984039,NA,NS
ENSG00000298861,NA,-0.00332164,NA,NS
ENSG00000298881,NA,0.009509029,NA,NS
ENSG00000298890,NA,-0.003077153,NA,NS
ENSG00000298899,NA,-0.001983339,NA,NS
ENSG00000298907,NA,-0.001685795,NA,NS
ENSG00000298958,NA,-0.000264197,NA,NS
ENSG00000299001,NA,-0.010607306,NA,NS
ENSG00000299004,NA,0.000564819,NA,NS
ENSG00000299015,NA,-0.000623314,NA,NS
ENSG00000299019,NA,-0.019964233,NA,NS
ENSG00000299021,NA,-0.01095477,NA,NS
ENSG00000299022,NA,-0.000229148,NA,NS
ENSG00000299028,NA,0.007732273,NA,NS
ENSG00000299092,NA,-0.021034518,NA,NS
ENSG00000299172,NA,-0.002553502,NA,NS
ENSG00000299200,NA,0.001009425,NA,NS
ENSG00000299210,NA,0.000115553,NA,NS
ENSG00000299214,NA,-0.005139116,NA,NS
ENSG00000299228,NA,-0.007103396,NA,NS
ENSG00000299237,NA,0.016486599,NA,NS
ENSG00000299249,NA,-0.00036168,NA,NS
ENSG00000299274,NA,0.005132407,NA,NS
ENSG00000299297,NA,0.002620469,NA,NS
ENSG00000299299,NA,-0.009592491,NA,NS
ENSG00000299307,NA,-0.027157241,NA,NS
ENSG00000299322,NA,0.004462562,NA,NS
ENSG00000299328,NA,0.000167677,NA,NS
ENSG00000299332,NA,-0.008461724,NA,NS
ENSG00000299339,NA,-0.029162942,NA,NS
ENSG00000299344,NA,0.006655892,NA,NS
ENSG00000299346,NA,-0.002773766,NA,NS
ENSG00000299352,NA,0.007051605,NA,NS
ENSG00000299366,NA,-0.001352713,NA,NS
ENSG00000299398,NA,-0.004478419,NA,NS
ENSG00000299409,NA,-0.018521302,NA,NS
ENSG00000299466,NA,-0.005329064,NA,NS
ENSG00000299475,NA,0.002077226,NA,NS
ENSG00000299493,NA,-0.000256336,NA,NS
ENSG00000299521,NA,0.006478055,NA,NS
ENSG00000299537,NA,-0.001669595,NA,NS
ENSG00000299540,NA,-0.004554738,NA,NS
ENSG00000299541,NA,-0.01306958,NA,NS
ENSG00000299583,NA,0.006401121,NA,NS
ENSG00000299589,NA,-0.030119185,NA,NS
ENSG00000299590,NA,-0.021916393,NA,NS
ENSG00000299591,ITPR3-AS1,-0.086662784,0.064768081,NS
ENSG00000299595,NA,-0.010904888,NA,NS
ENSG00000299597,NA,-0.009771006,NA,NS
ENSG00000299625,NA,0.003812081,NA,NS
ENSG00000299645,NA,-0.00108106,NA,NS
ENSG00000299654,NA,-0.058670143,0.207586502,NS
ENSG00000299656,NA,-0.000740666,NA,NS
ENSG00000299676,NA,0.010381958,NA,NS
ENSG00000299722,NA,-0.004106156,NA,NS
ENSG00000299760,NA,-0.017768913,NA,NS
ENSG00000299773,NA,-0.019501901,NA,NS
ENSG00000299814,NA,0.018428959,NA,NS
ENSG00000299845,NA,-0.004779658,NA,NS
ENSG00000299848,NA,-0.017287501,NA,NS
ENSG00000299851,NA,0.147269105,0.002772899,NS
ENSG00000299860,NA,-0.00201215,0.971590509,NS
ENSG00000299864,NA,0.014194021,NA,NS
ENSG00000299869,NA,-0.000909958,NA,NS
ENSG00000299921,NA,-0.014726465,NA,NS
ENSG00000299927,NA,-0.006947241,NA,NS
ENSG00000299955,NA,-0.006515847,NA,NS
ENSG00000299971,NA,-0.007849979,NA,NS
ENSG00000299990,NA,-0.006208097,NA,NS
ENSG00000299996,NA,-0.005503019,NA,NS
ENSG00000300005,NA,0.001920553,NA,NS
ENSG00000300014,NA,-0.005034622,NA,NS
ENSG00000300022,NA,0.049036546,NA,NS
ENSG00000300026,NA,0.00062508,NA,NS
ENSG00000300035,NA,-0.008197495,NA,NS
ENSG00000300051,NA,0.052165648,0.22591847,NS
ENSG00000300062,NA,-0.002445698,NA,NS
ENSG00000300074,NA,-0.014150928,NA,NS
ENSG00000300077,NA,-0.000322222,NA,NS
ENSG00000300109,NA,0.000120206,0.999057467,NS
ENSG00000300114,NA,0.002559165,NA,NS
ENSG00000300133,NA,0.018291528,NA,NS
ENSG00000300184,NA,0.019098162,NA,NS
ENSG00000300186,NA,0.000474916,NA,NS
ENSG00000300191,NA,-0.013826142,NA,NS
ENSG00000300211,NA,-0.008000472,NA,NS
ENSG00000300283,NA,-0.00057513,NA,NS
ENSG00000300314,NA,0.004155564,NA,NS
ENSG00000300349,NA,-0.009959404,NA,NS
ENSG00000300365,NA,3.03E-05,NA,NS
ENSG00000300370,NA,0.009891431,NA,NS
ENSG00000300379,NA,0.014541603,NA,NS
ENSG00000300394,NA,-0.001346337,NA,NS
ENSG00000300424,NA,-0.001021887,NA,NS
ENSG00000300428,NA,-0.0300038,NA,NS
ENSG00000300430,NA,-0.000232293,NA,NS
ENSG00000300465,NA,-0.008303302,NA,NS
ENSG00000300481,NA,0.016771066,NA,NS
ENSG00000300484,NA,-0.000314728,NA,NS
ENSG00000300491,NA,0.006443959,NA,NS
ENSG00000300506,NA,-0.00092492,NA,NS
ENSG00000300507,NA,0.004082599,NA,NS
ENSG00000300510,NA,0.004836915,NA,NS
ENSG00000300515,NA,0.038705214,NA,NS
ENSG00000300524,NA,-0.00884964,NA,NS
ENSG00000300533,NA,-0.005890106,NA,NS
ENSG00000300536,NA,0.013534382,NA,NS
ENSG00000300558,NA,0.003584109,NA,NS
ENSG00000300585,NA,-0.012888483,NA,NS
ENSG00000300621,NA,0.001291907,NA,NS
ENSG00000300693,NA,0.01174889,NA,NS
ENSG00000300698,NA,-0.011608548,NA,NS
ENSG00000300700,NA,0.0161397,NA,NS
ENSG00000300739,NA,0.027744154,NA,NS
ENSG00000300753,NA,0.004579741,NA,NS
ENSG00000300756,NA,-0.001813602,NA,NS
ENSG00000300802,NA,-0.000940974,NA,NS
ENSG00000300803,NA,-0.008575806,NA,NS
ENSG00000300826,NA,0.015590676,NA,NS
ENSG00000300864,NA,0.00037106,NA,NS
ENSG00000300881,NA,-0.006010321,NA,NS
ENSG00000300884,NA,-0.000358441,NA,NS
ENSG00000300960,NA,-0.00209216,NA,NS
ENSG00000300973,NA,-0.001113307,NA,NS
ENSG00000301033,NA,-0.002997841,NA,NS
ENSG00000301079,NA,-0.053418047,NA,NS
ENSG00000301099,NA,-0.005090101,NA,NS
ENSG00000301100,NA,0.006775886,NA,NS
ENSG00000301105,NA,0.004956748,NA,NS
ENSG00000301123,NA,-0.002804544,NA,NS
ENSG00000301212,NA,0.004050568,NA,NS
ENSG00000301230,NA,0.006753338,NA,NS
ENSG00000301267,NA,-0.004321956,NA,NS
ENSG00000301360,NA,0.008463412,NA,NS
ENSG00000301373,NA,-0.000616727,NA,NS
ENSG00000301439,NA,-8.41E-05,NA,NS
ENSG00000301450,NA,-0.009026962,NA,NS
ENSG00000301472,NA,-0.005194307,NA,NS
ENSG00000301476,NA,-0.005613551,NA,NS
ENSG00000301478,NA,-0.008507217,NA,NS
ENSG00000301496,NA,0.005639708,NA,NS
ENSG00000301499,NA,0.006290362,NA,NS
ENSG00000301512,NA,0.010822393,NA,NS
ENSG00000301513,NA,-0.001304319,NA,NS
ENSG00000301541,NA,-0.002514184,NA,NS
ENSG00000301565,NA,-0.008309515,NA,NS
ENSG00000301585,NA,-0.005197654,NA,NS
ENSG00000301605,NA,0.005772746,NA,NS
ENSG00000301612,NA,-0.005176167,NA,NS
ENSG00000301639,NA,0.026114659,NA,NS
ENSG00000301669,NA,-0.036105376,NA,NS
ENSG00000301709,NA,0.00581881,NA,NS
ENSG00000301717,NA,0.003352117,NA,NS
ENSG00000301730,NA,-0.005794334,NA,NS
ENSG00000301745,NA,-0.002605435,NA,NS
ENSG00000301754,NA,0.001182406,NA,NS
ENSG00000301761,NA,0.019072708,0.708013544,NS
ENSG00000301807,NA,-0.02069338,NA,NS
ENSG00000301812,NA,-0.0194242,NA,NS
ENSG00000301844,NA,-0.002638787,NA,NS
ENSG00000301866,NA,0.005262943,NA,NS
ENSG00000301878,NA,0.004400237,NA,NS
ENSG00000301880,NA,-0.003484242,NA,NS
ENSG00000301903,NA,0.011422355,NA,NS
ENSG00000301905,NA,0.014300909,NA,NS
ENSG00000301917,NA,0.044402189,NA,NS
ENSG00000301948,NA,-0.010985684,NA,NS
ENSG00000301982,NA,0.002811386,NA,NS
ENSG00000302004,NA,-0.062868202,NA,NS
ENSG00000302034,NA,0.011790661,NA,NS
ENSG00000302035,NA,-0.01343109,NA,NS
ENSG00000302039,NA,-0.000957716,NA,NS
ENSG00000302054,NA,-0.022638231,NA,NS
ENSG00000302058,NA,-0.0339473,NA,NS
ENSG00000302082,NA,0.012999177,NA,NS
ENSG00000302186,NA,0.005597124,NA,NS
ENSG00000302195,NA,-0.007396535,NA,NS
ENSG00000302206,NA,-0.033809569,0.400684379,NS
ENSG00000302261,NA,-0.017334018,NA,NS
ENSG00000302291,NA,0.008505065,NA,NS
ENSG00000302317,NA,0.010048796,NA,NS
ENSG00000302324,NA,-0.000907168,NA,NS
ENSG00000302344,NA,0.001961477,NA,NS
ENSG00000302377,NA,0.013228534,NA,NS
ENSG00000302453,NA,-0.009556636,NA,NS
ENSG00000302512,NA,0.002275513,NA,NS
ENSG00000302531,NA,-0.011547254,NA,NS
ENSG00000302536,NA,-0.008951222,NA,NS
ENSG00000302548,NA,-0.003854569,NA,NS
ENSG00000302550,NA,-0.007907721,NA,NS
ENSG00000302562,NA,0.010513405,NA,NS
ENSG00000302574,NA,0.006893128,NA,NS
ENSG00000302601,NA,-0.013099613,NA,NS
ENSG00000302611,NA,0.002652408,NA,NS
ENSG00000302646,NA,-0.004295452,NA,NS
ENSG00000302691,NA,-0.005902921,NA,NS
ENSG00000302701,NA,-0.003413858,NA,NS
ENSG00000302736,NA,-0.006276138,NA,NS
ENSG00000302786,NA,0.00689527,NA,NS
ENSG00000302808,NA,-0.004506627,NA,NS
ENSG00000302837,NA,-0.011656367,NA,NS
ENSG00000302873,NA,-0.01229825,NA,NS
ENSG00000302893,NA,-0.001305315,NA,NS
ENSG00000302898,NA,-0.00045789,NA,NS
ENSG00000302932,NA,-0.00075066,NA,NS
ENSG00000302960,NA,-0.038512332,NA,NS
ENSG00000302961,NA,0.009979457,NA,NS
ENSG00000302966,NA,-0.007679996,NA,NS
ENSG00000302968,NA,-0.016408884,NA,NS
ENSG00000303006,NA,-0.006636133,NA,NS
ENSG00000303016,NA,-0.008212469,NA,NS
ENSG00000303040,NA,-0.006050036,NA,NS
ENSG00000303104,NA,0.007658798,NA,NS
ENSG00000303154,NA,-0.026025851,0.620265798,NS
ENSG00000303159,NA,-0.003372998,NA,NS
ENSG00000303165,NA,0.00077461,NA,NS
ENSG00000303173,NA,0.141136899,NA,NS
ENSG00000303182,NA,0.007158,NA,NS
ENSG00000303189,NA,-0.01130338,NA,NS
ENSG00000303205,NA,-0.01709071,NA,NS
ENSG00000303221,NA,-0.004093885,NA,NS
ENSG00000303230,NA,-0.030307473,NA,NS
ENSG00000303233,NA,0.001278882,NA,NS
ENSG00000303238,NA,-0.001561429,NA,NS
ENSG00000303242,NA,0.006740081,NA,NS
ENSG00000303292,NA,0.006957819,NA,NS
ENSG00000303311,NA,-0.004592308,NA,NS
ENSG00000303329,NA,-0.013139262,NA,NS
ENSG00000303361,NA,-0.013442286,NA,NS
ENSG00000303375,NA,0.046194966,NA,NS
ENSG00000303430,NA,-0.013701089,NA,NS
ENSG00000303515,NA,-0.015208568,NA,NS
ENSG00000303522,NA,-0.009524146,NA,NS
ENSG00000303532,NA,-0.009640776,NA,NS
ENSG00000303540,NA,-0.011026127,NA,NS
ENSG00000303544,NA,-0.006901805,NA,NS
ENSG00000303567,NA,0.000809817,NA,NS
ENSG00000303568,NA,0.00232645,NA,NS
ENSG00000303579,NA,0.007090671,NA,NS
ENSG00000303584,NA,-0.010200525,NA,NS
ENSG00000303605,NA,-0.014461223,0.790831553,NS
ENSG00000303623,NA,-0.001060198,NA,NS
ENSG00000303631,NA,-0.006659165,NA,NS
ENSG00000303639,NA,-0.000249444,NA,NS
ENSG00000303643,NA,-0.004109859,NA,NS
ENSG00000303669,NA,-0.02533549,NA,NS
ENSG00000303695,NA,0.023890237,NA,NS
ENSG00000303699,NA,0.001564244,NA,NS
ENSG00000303734,NA,-0.001232246,NA,NS
ENSG00000303745,NA,0.00300243,NA,NS
ENSG00000303764,NA,-0.004023894,NA,NS
ENSG00000303765,NA,-0.035426704,NA,NS
ENSG00000303801,NA,0.002220445,NA,NS
ENSG00000303853,NA,0.010295773,NA,NS
ENSG00000303854,NA,0.009402377,NA,NS
ENSG00000303858,NA,-0.004055082,NA,NS
ENSG00000303867,NA,-0.076298228,0.089995205,NS
ENSG00000303877,NA,-0.005250676,NA,NS
ENSG00000303892,NA,0.036239903,NA,NS
ENSG00000303898,NA,-0.005422627,NA,NS
ENSG00000303901,NA,-0.000743235,NA,NS
ENSG00000303902,NA,0.013675559,0.787161276,NS
ENSG00000303913,NA,-0.010140825,NA,NS
ENSG00000303936,NA,-0.035592682,NA,NS
ENSG00000303943,NA,-0.005832196,NA,NS
ENSG00000303946,NA,0.023661588,NA,NS
ENSG00000303969,NA,0.000327264,NA,NS
ENSG00000303982,NA,-0.031068205,NA,NS
ENSG00000303991,SHLD2P3,0.004666262,NA,NS
ENSG00000303992,NA,0.012011145,NA,NS
ENSG00000304013,NA,-0.019432285,0.547254301,NS
ENSG00000304014,NA,0.007276751,NA,NS
ENSG00000304023,NA,-0.002989122,NA,NS
ENSG00000304056,NA,0.002045966,NA,NS
ENSG00000304119,NA,-0.017331474,NA,NS
ENSG00000304127,NA,-0.018356448,NA,NS
ENSG00000304140,NA,-0.034856035,0.456296378,NS
ENSG00000304176,NA,0.011386871,0.851558869,NS
ENSG00000304197,NA,0.047348521,NA,NS
ENSG00000304201,NA,-0.00985818,NA,NS
ENSG00000304228,NA,-0.013752888,NA,NS
ENSG00000304234,NA,0.018289912,NA,NS
ENSG00000304244,NA,-0.024040671,NA,NS
ENSG00000304281,NA,0.006204503,NA,NS
ENSG00000304289,NA,-0.014272247,NA,NS
ENSG00000304293,NA,-0.001812039,NA,NS
ENSG00000304309,NA,0.023085433,0.6670199,NS
ENSG00000304316,NA,0.002670623,NA,NS
ENSG00000304332,NA,0.003426343,NA,NS
ENSG00000304351,NA,-0.016357589,NA,NS
ENSG00000304412,NA,-0.003865631,NA,NS
ENSG00000304454,NA,0.004227444,NA,NS
ENSG00000304458,NA,-0.005901939,NA,NS
ENSG00000304501,NA,0.009161369,NA,NS
ENSG00000304531,NA,0.001716484,NA,NS
ENSG00000304539,NA,0.009255831,NA,NS
ENSG00000304609,NA,-0.006043861,NA,NS
ENSG00000304616,NA,-0.001044147,NA,NS
ENSG00000304651,NA,-0.001307112,NA,NS
ENSG00000304654,NA,-0.011954124,NA,NS
ENSG00000304688,NA,-0.004654954,NA,NS
ENSG00000304717,NA,0.000814259,NA,NS
ENSG00000304729,NA,0.010484243,NA,NS
ENSG00000304733,NA,0.002900613,NA,NS
ENSG00000304745,NA,0.00398793,NA,NS
ENSG00000304774,NA,0.006273838,NA,NS
ENSG00000304781,NA,-0.008475114,NA,NS
ENSG00000304794,NA,-0.010793685,NA,NS
ENSG00000304816,NA,0.004287464,NA,NS
ENSG00000304841,NA,0.004619603,NA,NS
ENSG00000304845,NA,0.026084786,NA,NS
ENSG00000304876,NA,-0.012638901,NA,NS
ENSG00000304882,NA,0.011631673,NA,NS
ENSG00000304919,NA,-0.043377332,NA,NS
ENSG00000304955,NA,-0.001893943,NA,NS
ENSG00000304961,NA,0.007241699,NA,NS
ENSG00000304977,NA,-0.002381315,NA,NS
ENSG00000304984,NA,0.005769756,NA,NS
ENSG00000304996,NA,0.012228797,NA,NS
ENSG00000305025,NA,-0.013825172,NA,NS
ENSG00000305047,NA,0.00954525,NA,NS
ENSG00000305059,NA,-0.017780654,NA,NS
ENSG00000305069,NA,-0.000103073,NA,NS
ENSG00000305074,NA,-0.002686775,NA,NS
ENSG00000305087,NA,0.00297429,NA,NS
ENSG00000305103,NA,0.008184792,NA,NS
ENSG00000305105,NA,0.32615087,0.000185742,NS
ENSG00000305109,NA,-0.016724907,NA,NS
ENSG00000305156,NA,0.035897065,NA,NS
ENSG00000305195,NA,-0.002181226,NA,NS
ENSG00000305200,NA,0.014005785,NA,NS
ENSG00000305205,FAM88D,0.000767872,NA,NS
ENSG00000305207,NA,-0.007858633,NA,NS
ENSG00000305208,NA,-0.007159217,NA,NS
ENSG00000305226,NA,-0.008395822,NA,NS
ENSG00000305269,NA,0.007309666,NA,NS
ENSG00000305313,NA,0.003235455,NA,NS
ENSG00000305359,NA,-0.004686707,NA,NS
ENSG00000305371,NA,-0.00159796,NA,NS
ENSG00000305449,NA,-0.012529644,NA,NS
ENSG00000305471,NA,0.000576653,NA,NS
ENSG00000305477,NA,0.004221884,NA,NS
ENSG00000305489,NA,-0.005137089,NA,NS
ENSG00000305493,NA,0.013931479,NA,NS
ENSG00000305503,NA,0.002884974,NA,NS
ENSG00000305511,NA,-0.008638655,NA,NS
ENSG00000305512,NA,-0.066350881,NA,NS
ENSG00000305513,NA,-0.006631525,NA,NS
ENSG00000305528,NA,0.000219635,NA,NS
ENSG00000305577,NA,-0.012461532,NA,NS
ENSG00000305589,NA,-0.000956803,NA,NS
ENSG00000305602,NA,-0.007089032,NA,NS
ENSG00000305608,NA,-0.003844744,NA,NS
ENSG00000305611,NA,0.000555789,NA,NS
ENSG00000305635,NA,-0.005119489,NA,NS
ENSG00000305656,NA,-0.003285341,NA,NS
ENSG00000305658,NA,-6.41E-05,NA,NS
ENSG00000305672,NA,0.003225055,NA,NS
ENSG00000305675,NA,0.002844967,NA,NS
ENSG00000305683,NA,0.001694588,NA,NS
ENSG00000305727,NA,-0.008236919,NA,NS
ENSG00000305730,NA,0.001386587,NA,NS
ENSG00000305731,NA,0.010152079,NA,NS
ENSG00000305737,NA,0.000586251,NA,NS
ENSG00000305756,NA,0.005722982,NA,NS
ENSG00000305757,NA,-0.006035493,NA,NS
ENSG00000305789,NA,0.014634004,NA,NS
ENSG00000305791,NA,-0.023556044,NA,NS
ENSG00000305796,NA,0.009028559,NA,NS
ENSG00000305812,NA,0.008785981,NA,NS
ENSG00000305816,NA,0.122577045,NA,NS
ENSG00000305830,NA,-0.010227489,NA,NS
ENSG00000305914,NA,-0.004904515,NA,NS
ENSG00000305917,NA,-0.01453328,NA,NS
ENSG00000305936,NA,0.007434193,NA,NS
ENSG00000305950,NA,-0.004148866,NA,NS
ENSG00000305954,NA,0.009783998,NA,NS
ENSG00000305959,NA,0.02275865,NA,NS
ENSG00000305963,NA,0.020583306,NA,NS
ENSG00000305969,NA,-0.012825765,NA,NS
ENSG00000305970,NA,-0.020139361,NA,NS
ENSG00000305992,NA,-0.008136477,NA,NS
ENSG00000305995,NA,-0.004776074,NA,NS
ENSG00000306064,NA,0.003732375,NA,NS
ENSG00000306073,NA,0.014553595,NA,NS
ENSG00000306078,NA,0.005704389,NA,NS
ENSG00000306083,NA,-0.006358492,NA,NS
ENSG00000306097,NA,-0.005200528,NA,NS
ENSG00000306100,NA,0.012768057,NA,NS
ENSG00000306108,NA,-0.004683033,NA,NS
ENSG00000306162,NA,-0.006844608,NA,NS
ENSG00000306197,NA,-0.005553141,NA,NS
ENSG00000306224,NA,-0.007852986,NA,NS
ENSG00000306232,NA,0.000682686,NA,NS
ENSG00000306247,NA,-0.003851876,NA,NS
ENSG00000306314,NA,0.018595292,NA,NS
ENSG00000306316,NA,0.000423781,NA,NS
ENSG00000306320,NA,-0.017808716,NA,NS
ENSG00000306366,NA,0.011673259,NA,NS
ENSG00000306369,NA,0.011649852,NA,NS
ENSG00000306384,NA,0.0018097,NA,NS
ENSG00000306402,NA,0.029914939,0.541295131,NS
ENSG00000306426,NA,-0.004658709,NA,NS
ENSG00000306436,NA,0.001062675,NA,NS
ENSG00000306455,NA,-0.004791291,NA,NS
ENSG00000306458,NA,-0.004251251,NA,NS
ENSG00000306468,NA,0.015635919,NA,NS
ENSG00000306474,NA,0.01065023,0.829635911,NS
ENSG00000306533,NA,0.005514725,NA,NS
ENSG00000306557,NA,0.005542598,NA,NS
ENSG00000306583,NA,0.008084227,NA,NS
ENSG00000306644,NA,-0.004342483,NA,NS
ENSG00000306672,NA,-0.002926048,NA,NS
ENSG00000306674,NA,0.001257389,NA,NS
ENSG00000306685,NA,-0.003509613,NA,NS
ENSG00000306686,NA,0.002227942,NA,NS
ENSG00000306718,NA,0.00700282,NA,NS
ENSG00000306721,NA,0.019602348,0.725356627,NS
ENSG00000306723,NA,-0.025058288,NA,NS
ENSG00000306752,NA,-0.011876684,NA,NS
ENSG00000306764,NA,-0.013255719,NA,NS
ENSG00000306767,NA,0.015855409,NA,NS
ENSG00000306799,NA,-0.024469475,NA,NS
ENSG00000306812,NA,-0.022057731,NA,NS
ENSG00000306829,NA,-0.007515982,NA,NS
ENSG00000306835,NA,-0.008358384,NA,NS
ENSG00000306836,NA,0.009881168,NA,NS
ENSG00000306841,NA,0.002434088,NA,NS
ENSG00000306852,NA,-0.009582441,NA,NS
ENSG00000306923,NA,-0.007553745,NA,NS
ENSG00000306926,NA,-0.002470143,NA,NS
ENSG00000306945,NA,0.020219455,NA,NS
ENSG00000306949,NA,0.008073261,NA,NS
ENSG00000306969,NA,0.012969959,NA,NS
ENSG00000306985,NA,-0.005969141,NA,NS
ENSG00000307004,NA,-0.001580046,NA,NS
ENSG00000307045,NA,-0.020333147,NA,NS
ENSG00000307060,NA,-0.003454647,NA,NS
ENSG00000307061,NA,-0.009370605,NA,NS
ENSG00000307069,NA,-0.0018169,NA,NS
ENSG00000307071,NA,0.009094771,NA,NS
ENSG00000307077,NA,0.026087533,NA,NS
ENSG00000307079,NA,0.00102176,NA,NS
ENSG00000307087,NA,-0.001254213,NA,NS
ENSG00000307088,NA,-0.004663034,0.944678543,NS
ENSG00000307098,NA,0.001332869,NA,NS
ENSG00000307106,NA,-0.002111142,NA,NS
ENSG00000307172,NA,-0.009472417,NA,NS
ENSG00000307175,NA,0.000403051,NA,NS
ENSG00000307181,NA,0.007820877,NA,NS
ENSG00000307194,NA,0.002424521,NA,NS
ENSG00000307198,NA,0.000121056,NA,NS
ENSG00000307203,NA,-0.010745498,NA,NS
ENSG00000307206,NA,-0.01738578,NA,NS
ENSG00000307209,NA,0.002538545,NA,NS
ENSG00000307232,NA,0.004586265,NA,NS
ENSG00000307248,NA,-0.00351954,NA,NS
ENSG00000307275,NA,-0.015481507,NA,NS
ENSG00000307316,NA,-9.08E-06,NA,NS
ENSG00000307319,NA,0.005167786,NA,NS
ENSG00000307322,NA,0.032685175,NA,NS
ENSG00000307341,NA,-0.02328012,NA,NS
ENSG00000307365,NA,0.014895825,NA,NS
ENSG00000307376,NA,-0.001833955,NA,NS
ENSG00000307390,NA,-0.005741824,NA,NS
ENSG00000307397,NA,-0.015369372,NA,NS
ENSG00000307433,NA,-0.022887679,NA,NS
ENSG00000307444,NA,-0.000124871,NA,NS
ENSG00000307470,NA,-0.008761899,0.888383345,NS
ENSG00000307488,NA,0.001147711,NA,NS
ENSG00000307584,NA,0.001188723,NA,NS
ENSG00000307608,NA,0.003824846,NA,NS
ENSG00000307633,NA,-0.001937597,NA,NS
ENSG00000307644,NA,-0.00758668,NA,NS
ENSG00000307669,NA,-0.019431847,NA,NS
ENSG00000307673,NA,-0.008160751,NA,NS
ENSG00000307684,NA,0.005173852,NA,NS
ENSG00000307703,NA,0.010303378,NA,NS
ENSG00000307728,NA,-0.010284194,NA,NS
ENSG00000307734,NA,0.016560224,NA,NS
ENSG00000307777,NA,0.005092516,NA,NS
ENSG00000307798,NA,0.009233174,NA,NS
ENSG00000307812,NA,0.006061624,NA,NS
ENSG00000307823,NA,-0.018099983,NA,NS
ENSG00000307830,NA,-0.000623396,NA,NS
ENSG00000307855,NA,-0.021134455,NA,NS
ENSG00000307856,NA,0.023227624,NA,NS
ENSG00000307873,NA,-0.002031322,NA,NS
ENSG00000307882,NA,-0.02316563,NA,NS
ENSG00000307884,NA,0.000563842,NA,NS
ENSG00000307891,NA,0.001373784,NA,NS
ENSG00000307901,NA,-0.001928169,NA,NS
ENSG00000307927,NA,-0.002702888,NA,NS
ENSG00000307934,NA,-0.004117666,NA,NS
ENSG00000307942,FRG1JP,0.005040345,NA,NS
ENSG00000307979,NA,-0.00709221,NA,NS
ENSG00000307990,NA,-0.023833435,NA,NS
ENSG00000307995,NA,0.021066025,NA,NS
ENSG00000308002,NA,-0.003544973,NA,NS
ENSG00000308035,NA,0.005942802,NA,NS
ENSG00000308072,NA,-0.024712683,NA,NS
ENSG00000308086,NA,-0.002511293,NA,NS
ENSG00000308111,NA,-0.01043739,NA,NS
ENSG00000308151,NA,-0.005403663,NA,NS
ENSG00000308185,NA,-0.022287377,0.680377168,NS
ENSG00000308203,NA,-0.012020667,NA,NS
ENSG00000308204,NA,0.008075108,NA,NS
ENSG00000308206,NA,-0.006476889,NA,NS
ENSG00000308217,NA,-0.009991192,NA,NS
ENSG00000308224,NA,0.001692065,NA,NS
ENSG00000308228,NA,-0.006219504,NA,NS
ENSG00000308230,NA,-0.001299803,NA,NS
ENSG00000308270,NA,-0.005959216,NA,NS
ENSG00000308289,NA,0.009747421,NA,NS
ENSG00000308290,NA,-0.005395241,NA,NS
ENSG00000308292,NA,0.002389286,NA,NS
ENSG00000308298,NA,0.004434666,NA,NS
ENSG00000308327,NA,-0.061862283,NA,NS
ENSG00000308330,NA,0.009058726,NA,NS
ENSG00000308413,NA,-0.002712312,NA,NS
ENSG00000308423,NA,-0.005376398,NA,NS
ENSG00000308442,NA,-0.002321879,NA,NS
ENSG00000308452,NA,-0.03457505,NA,NS
ENSG00000308503,NA,-0.011387118,NA,NS
ENSG00000308533,NA,-0.007474941,NA,NS
ENSG00000308554,NA,-0.017592809,NA,NS
ENSG00000308561,NA,-0.000980615,NA,NS
ENSG00000308572,NA,-0.005527469,NA,NS
ENSG00000308583,NA,0.006646518,NA,NS
ENSG00000308589,NA,-0.003925797,NA,NS
ENSG00000308602,NA,-0.015073397,NA,NS
ENSG00000308605,NA,-0.008097154,NA,NS
ENSG00000308628,NA,-0.009958208,NA,NS
ENSG00000308631,NA,-0.003779503,NA,NS
ENSG00000308641,NA,0.014927896,NA,NS
ENSG00000308648,NA,0.009010877,NA,NS
ENSG00000308656,NA,0.004798096,NA,NS
ENSG00000308663,NA,-0.008477941,NA,NS
ENSG00000308674,NA,0.008624479,NA,NS
ENSG00000308697,NA,0.008276573,NA,NS
ENSG00000308729,NA,0.006351167,NA,NS
ENSG00000308740,NA,-0.024264309,NA,NS
ENSG00000308747,NA,0.003851568,NA,NS
ENSG00000308762,NA,0.002326607,NA,NS
ENSG00000308775,NA,-0.0085459,NA,NS
ENSG00000308793,NA,-0.010918561,NA,NS
ENSG00000308813,NA,-0.001190462,NA,NS
ENSG00000308905,NA,-0.008883716,NA,NS
ENSG00000308909,NA,-0.001181832,NA,NS
ENSG00000308966,NA,0.036222519,NA,NS
ENSG00000308967,NA,-0.000810561,NA,NS
ENSG00000308991,NA,-0.012670752,NA,NS
ENSG00000308992,NA,-0.002864704,NA,NS
ENSG00000309059,NA,-0.032703871,NA,NS
ENSG00000309071,NA,-0.010739906,NA,NS
ENSG00000309074,NA,0.001771257,NA,NS
ENSG00000309093,NA,-0.015205848,NA,NS
ENSG00000309101,NA,0.00034232,NA,NS
ENSG00000309108,NA,-0.000999339,NA,NS
ENSG00000309123,NA,0.012447394,NA,NS
ENSG00000309144,NA,0.011691957,NA,NS
ENSG00000309157,NA,0.003898392,NA,NS
ENSG00000309174,NA,-0.011460423,0.842761036,NS
ENSG00000309183,NA,0.006351393,NA,NS
ENSG00000309281,NA,0.005687784,NA,NS
ENSG00000309318,NA,0.006756384,NA,NS
ENSG00000309329,NA,-0.001600333,NA,NS
ENSG00000309343,NA,-0.004779251,NA,NS
ENSG00000309392,NA,-0.005608549,NA,NS
ENSG00000309423,NA,0.002386095,NA,NS
ENSG00000309428,NA,-0.013494347,NA,NS
ENSG00000309434,NA,-0.012100503,NA,NS
ENSG00000309455,NA,-0.012606588,NA,NS
ENSG00000309530,NA,-0.004244095,NA,NS
ENSG00000309535,NA,0.010967355,NA,NS
ENSG00000309655,NA,-0.012659259,NA,NS
ENSG00000309658,NA,0.004334742,NA,NS
ENSG00000309726,NA,-0.005168306,NA,NS
ENSG00000309731,NA,0.005925601,NA,NS
ENSG00000309737,NA,0.001633834,NA,NS
ENSG00000309757,NA,0.006982084,NA,NS
ENSG00000309777,NA,-0.10113494,NA,NS
ENSG00000309800,NA,-0.004633722,NA,NS
ENSG00000309812,NA,-0.007645173,NA,NS
ENSG00000309833,NA,-0.026063185,NA,NS
ENSG00000309870,NA,0.011958388,NA,NS
ENSG00000309878,NA,-0.002763517,0.963411206,NS
ENSG00000309880,NA,0.034692334,NA,NS
ENSG00000309885,NA,-0.00299081,NA,NS
ENSG00000309894,NA,0.008078439,NA,NS
ENSG00000309895,NA,0.001576632,NA,NS
ENSG00000309922,NA,-0.000662777,NA,NS
ENSG00000309953,NA,0.002347818,NA,NS
ENSG00000309954,NA,-0.002432646,NA,NS
ENSG00000310002,NA,-0.006953386,NA,NS
ENSG00000310019,NA,0.018190202,NA,NS
ENSG00000310059,NA,-0.011217001,NA,NS
ENSG00000310061,NA,-0.000170771,NA,NS
ENSG00000310065,NA,-0.006198013,NA,NS
ENSG00000310104,NA,-0.003829422,NA,NS
ENSG00000310116,NA,0.012053122,NA,NS
ENSG00000310134,NA,-0.061410281,0.095070759,NS
ENSG00000310160,NA,-0.000568499,NA,NS
ENSG00000310190,NA,0.000442655,NA,NS
ENSG00000310236,NA,0.025235368,0.614011679,NS
ENSG00000310238,NA,0.019428354,NA,NS
ENSG00000310253,NA,-0.043681996,NA,NS
ENSG00000310260,NA,-0.07487883,NA,NS
ENSG00000310289,NA,-0.011521312,NA,NS
ENSG00000310349,NA,-0.005069944,NA,NS
ENSG00000310376,NA,-0.297221322,0.000522818,NS
ENSG00000310379,NA,-0.005688298,NA,NS
ENSG00000310415,NA,-0.059794077,NA,NS
ENSG00000310416,NA,0.042853837,NA,NS
ENSG00000310446,NA,0.005963377,NA,NS
ENSG00000310485,NA,-0.003498649,NA,NS
ENSG00000310517,CAST,0.042295277,0.26157897,NS
ENSG00000310519,NA,0.033283831,0.376041149,NS
ENSG00000310521,NA,-0.025649776,NA,NS
ENSG00000310523,NA,-0.029420007,NA,NS
ENSG00000310526,WASH7P,0.004410749,0.947706612,NS
ENSG00000310527,WASH9P,0.010590367,0.858266736,NS
ENSG00000310533,NA,0.016307203,NA,NS
ENSG00000310534,NA,0.015861805,NA,NS
ENSG00000310535,NA,-0.002783984,NA,NS
ENSG00000310536,NA,-0.007628503,NA,NS
ENSG00000310537,NA,0.002437136,NA,NS
ENSG00000310539,DDX11L2,-0.0127079,NA,NS