index_waters,Electrophile,Electrophile SMILES,Nucleophile,Nucleophile SMILES,Product SMILES,nu/100000,prod/100000,prod/(nu+prod)*100,inhibition %,inhibition % in 5-fold dilution,E,molarMass,molarity,chemtype,sublocation,density,atp,acid type,Structure of smiles [idcode],smiles,order,factor,cas,formSlurry,N,Nn,circos_index
B8,"E12_ISOVALERIC ACID, 99%",CC(C)CC(=O)O,N1_(+)-Dehydroabietylamine,CC(C)c1ccc2c(c1)CC[C@H]1[C@](C)(CN)CCC[C@]21C,CC(C)CCNC[C@]1(C)CCC[C@]2(C)c3ccc(C(C)C)cc3CC[C@@H]12,14.2,9.3,39.4,0.0,-1.0,12,102.13,0.2,Electrophile,acid-A13,1,2,1,gNp`@dfvZj@@,CC(C)CC(=O)O,1,1,503-74-2,0,N1,1,0
B20,"E12_ISOVALERIC ACID, 99%",CC(C)CC(=O)O,N2_hydroxydehydroabietylamine,CC(C)C(C(O)=C1)=CC2=C1[C@]3(C)C(CC2)[C@](C)(CN)CCC3,CC(C)CCNC[C@]1(C)CCC[C@]2(C)c3cc(O)c(C(C)C)cc3CCC12,0.4,1.3,78.3,0.0,-1.0,12,102.13,0.2,Electrophile,acid-A13,1,2,1,gNp`@dfvZj@@,CC(C)CC(=O)O,1,1,503-74-2,0,N2,2,0
B32,"E12_ISOVALERIC ACID, 99%",CC(C)CC(=O)O,N3_Scaffold 7,CC(C)C1=CC2=CCC3[C@](C)(CN)CCC[C@]3(C)C2CC1,CC(C)CCNC[C@]1(C)CCC[C@]2(C)C3CCC(C(C)C)=CC3=CCC12,1.6,4.4,73.3,0.0,-1.0,12,102.13,0.2,Electrophile,acid-A13,1,2,1,gNp`@dfvZj@@,CC(C)CC(=O)O,1,1,503-74-2,0,N3,3,0
B44,"E12_ISOVALERIC ACID, 99%",CC(C)CC(=O)O,N4_Scaffold 6,CCNC[C@@]1(C)C2[C@](C)(CCC1)c3c(CC2)cc(C(C)C)c(c3)N,CCNC[C@]1(C)CCC[C@]2(C)c3cc(NCCC(C)C)c(C(C)C)cc3CCC12,1.0,1.4,58.5,0.0,-1.0,12,102.13,0.2,Electrophile,acid-A13,1,2,1,gNp`@dfvZj@@,CC(C)CC(=O)O,1,1,503-74-2,0,N4,4,0
D8,"E15_4-METHYLVALERIC ACID, 99%",CC(C)CCC(=O)O,N1_(+)-Dehydroabietylamine,CC(C)c1ccc2c(c1)CC[C@H]1[C@](C)(CN)CCC[C@]21C,CC(C)CCCNC[C@]1(C)CCC[C@]2(C)c3ccc(C(C)C)cc3CC[C@@H]12,5.0,9.4,65.0,0.0,-1.0,15,116.16,0.2,Electrophile,acid01-B1,1,2,1,daxD@@QImYjj@@,CC(C)CCC(=O)O,1,1,646-07-1,0,N1,1,1
D20,"E15_4-METHYLVALERIC ACID, 99%",CC(C)CCC(=O)O,N2_hydroxydehydroabietylamine,CC(C)C(C(O)=C1)=CC2=C1[C@]3(C)C(CC2)[C@](C)(CN)CCC3,CC(C)CCCNC[C@]1(C)CCC[C@]2(C)c3cc(O)c(C(C)C)cc3CCC12,0.0,1.0,100.0,25.1,-1.0,15,116.16,0.2,Electrophile,acid01-B1,1,2,1,daxD@@QImYjj@@,CC(C)CCC(=O)O,1,1,646-07-1,0,N2,2,1
D32,"E15_4-METHYLVALERIC ACID, 99%",CC(C)CCC(=O)O,N3_Scaffold 7,CC(C)C1=CC2=CCC3[C@](C)(CN)CCC[C@]3(C)C2CC1,CC(C)CCCNC[C@]1(C)CCC[C@]2(C)C3CCC(C(C)C)=CC3=CCC12,1.2,2.1,64.1,0.0,-1.0,15,116.16,0.2,Electrophile,acid01-B1,1,2,1,daxD@@QImYjj@@,CC(C)CCC(=O)O,1,1,646-07-1,0,N3,3,1
D44,"E15_4-METHYLVALERIC ACID, 99%",CC(C)CCC(=O)O,N4_Scaffold 6,CCNC[C@@]1(C)C2[C@](C)(CCC1)c3c(CC2)cc(C(C)C)c(c3)N,CCNC[C@]1(C)CCC[C@]2(C)c3cc(NCCCC(C)C)c(C(C)C)cc3CCC12,2.0,5.5,73.3,0.0,-1.0,15,116.16,0.2,Electrophile,acid01-B1,1,2,1,daxD@@QImYjj@@,CC(C)CCC(=O)O,1,1,646-07-1,0,N4,4,1
E8,"E18_2-HYDROXYISOBUTYRIC ACID, 99%",CC(C)(C(=O)O)O,N1_(+)-Dehydroabietylamine,CC(C)c1ccc2c(c1)CC[C@H]1[C@](C)(CN)CCC[C@]21C,CC(C)c1ccc2c(c1)CC[C@H]1[C@](C)(CNCC(C)(C)O)CCC[C@]21C,21.37,8.8,29.1,0.0,-1.0,18,104.1,0.2,Electrophile,acid-B5,1,2,1,gNq`@bdwSUP@,CC(C)(C(=O)O)O,1,1,594-61-6,0,N1,1,2
E20,"E18_2-HYDROXYISOBUTYRIC ACID, 99%",CC(C)(C(=O)O)O,N2_hydroxydehydroabietylamine,CC(C)C(C(O)=C1)=CC2=C1[C@]3(C)C(CC2)[C@](C)(CN)CCC3,CC(C)c1cc2c(cc1O)[C@@]1(C)CCC[C@@](C)(CNCC(C)(C)O)C1CC2,0.0,0.0,0.0,0.0,-1.0,18,104.1,0.2,Electrophile,acid-B5,1,2,1,gNq`@bdwSUP@,CC(C)(C(=O)O)O,1,1,594-61-6,0,N2,2,2
E32,"E18_2-HYDROXYISOBUTYRIC ACID, 99%",CC(C)(C(=O)O)O,N3_Scaffold 7,CC(C)C1=CC2=CCC3[C@](C)(CN)CCC[C@]3(C)C2CC1,CC(C)C1=CC2=CCC3[C@](C)(CNCC(C)(C)O)CCC[C@]3(C)C2CC1,12.7,3.6,22.0,0.0,-1.0,18,104.1,0.2,Electrophile,acid-B5,1,2,1,gNq`@bdwSUP@,CC(C)(C(=O)O)O,1,1,594-61-6,0,N3,3,2
E44,"E18_2-HYDROXYISOBUTYRIC ACID, 99%",CC(C)(C(=O)O)O,N4_Scaffold 6,CCNC[C@@]1(C)C2[C@](C)(CCC1)c3c(CC2)cc(C(C)C)c(c3)N,CCNC[C@]1(C)CCC[C@]2(C)c3cc(NCC(C)(C)O)c(C(C)C)cc3CCC12,14.1,1.0,6.4,0.0,-1.0,18,104.1,0.2,Electrophile,acid-B5,1,2,1,gNq`@bdwSUP@,CC(C)(C(=O)O)O,1,1,594-61-6,0,N4,4,2
I8,"E23_5-HEXENOIC ACID, 98%",C=CCCCC(=O)O,N1_(+)-Dehydroabietylamine,CC(C)c1ccc2c(c1)CC[C@H]1[C@](C)(CN)CCC[C@]21C,C=CCCCCNC[C@]1(C)CCC[C@]2(C)c3ccc(C(C)C)cc3CC[C@@H]12,0.0,2.3,100.0,0.0,-1.0,23,114.14,0.2,Electrophile,acid-B10,1,2,1,daxD@@QImUji@@,C=CCCCC(=O)O,1,1,1577-22-6,0,N1,1,3
I20,"E23_5-HEXENOIC ACID, 98%",C=CCCCC(=O)O,N2_hydroxydehydroabietylamine,CC(C)C(C(O)=C1)=CC2=C1[C@]3(C)C(CC2)[C@](C)(CN)CCC3,C=CCCCCNC[C@]1(C)CCC[C@]2(C)c3cc(O)c(C(C)C)cc3CCC12,0.0,0.0,0.0,0.0,-1.0,23,114.14,0.2,Electrophile,acid-B10,1,2,1,daxD@@QImUji@@,C=CCCCC(=O)O,1,1,1577-22-6,0,N2,2,3
I32,"E23_5-HEXENOIC ACID, 98%",C=CCCCC(=O)O,N3_Scaffold 7,CC(C)C1=CC2=CCC3[C@](C)(CN)CCC[C@]3(C)C2CC1,C=CCCCCNC[C@]1(C)CCC[C@]2(C)C3CCC(C(C)C)=CC3=CCC12,0.6,0.5,44.8,0.0,-1.0,23,114.14,0.2,Electrophile,acid-B10,1,2,1,daxD@@QImUji@@,C=CCCCC(=O)O,1,1,1577-22-6,0,N3,3,3
I44,"E23_5-HEXENOIC ACID, 98%",C=CCCCC(=O)O,N4_Scaffold 6,CCNC[C@@]1(C)C2[C@](C)(CCC1)c3c(CC2)cc(C(C)C)c(c3)N,C=CCCCCNc1cc2c(cc1C(C)C)CCC1[C@](C)(CNCC)CCC[C@]21C,0.9,0.0,0.0,1.6,-1.0,23,114.14,0.2,Electrophile,acid-B10,1,2,1,daxD@@QImUji@@,C=CCCCC(=O)O,1,1,1577-22-6,0,N4,4,3
J8,"E26_16-HYDROXYHEXADECANOIC ACID, 98%",C(CCCCCCCC(=O)O)CCCCCCCO,N1_(+)-Dehydroabietylamine,CC(C)c1ccc2c(c1)CC[C@H]1[C@](C)(CN)CCC[C@]21C,CC(C)c1ccc2c(c1)CC[C@H]1[C@](C)(CNCCCCCCCCCCCCCCCCO)CCC[C@]21C,17.4,2.5,12.4,9.4,-1.0,26,272.42,0.2,Electrophile,acid-B13,1,2,1,fliA`@@HRdvjjjjkUUUUUP@@,C(CCCCCCCC(=O)O)CCCCCCCO,1,1,506-13-8,0,N1,1,4
J20,"E26_16-HYDROXYHEXADECANOIC ACID, 98%",C(CCCCCCCC(=O)O)CCCCCCCO,N2_hydroxydehydroabietylamine,CC(C)C(C(O)=C1)=CC2=C1[C@]3(C)C(CC2)[C@](C)(CN)CCC3,CC(C)c1cc2c(cc1O)[C@@]1(C)CCC[C@@](C)(CNCCCCCCCCCCCCCCCCO)C1CC2,1.6,0.3,14.9,0.0,-1.0,26,272.42,0.2,Electrophile,acid-B13,1,2,1,fliA`@@HRdvjjjjkUUUUUP@@,C(CCCCCCCC(=O)O)CCCCCCCO,1,1,506-13-8,0,N2,2,4
J32,"E26_16-HYDROXYHEXADECANOIC ACID, 98%",C(CCCCCCCC(=O)O)CCCCCCCO,N3_Scaffold 7,CC(C)C1=CC2=CCC3[C@](C)(CN)CCC[C@]3(C)C2CC1,CC(C)C1=CC2=CCC3[C@](C)(CNCCCCCCCCCCCCCCCCO)CCC[C@]3(C)C2CC1,10.4,0.0,0.0,0.0,-1.0,26,272.42,0.2,Electrophile,acid-B13,1,2,1,fliA`@@HRdvjjjjkUUUUUP@@,C(CCCCCCCC(=O)O)CCCCCCCO,1,1,506-13-8,0,N3,3,4
J44,"E26_16-HYDROXYHEXADECANOIC ACID, 98%",C(CCCCCCCC(=O)O)CCCCCCCO,N4_Scaffold 6,CCNC[C@@]1(C)C2[C@](C)(CCC1)c3c(CC2)cc(C(C)C)c(c3)N,CCNC[C@]1(C)CCC[C@]2(C)c3cc(NCCCCCCCCCCCCCCCCO)c(C(C)C)cc3CCC12,4.7,0.0,0.0,6.4,-1.0,26,272.42,0.2,Electrophile,acid-B13,1,2,1,fliA`@@HRdvjjjjkUUUUUP@@,C(CCCCCCCC(=O)O)CCCCCCCO,1,1,506-13-8,0,N4,4,4
R1,"E29_(1R)-(-)-10-CAMPHORSULFONIC ACID, 98%",CC1(C2CCC1(C(=O)C2)CS(=O)(=O)O)C,N1_(+)-Dehydroabietylamine,CC(C)c1ccc2c(c1)CC[C@H]1[C@](C)(CN)CCC[C@]21C,CC(C)c1ccc2c(c1)CC[C@H]1[C@](C)(CNCC(C)(C)O)CCC[C@]21C,54.6,0.0,0.0,100.0,0.0,29,232.3,0.2,Electrophile,acid-C1,1,2,1,foA@R@HHqH@QddeTbbdRmZ\mUSUU@@@,CC1(C2CCC1(C(=O)C2)CS(=O)(=O)O)C,1,1,35963-20-3,0,N1,1,5
R13,"E29_(1R)-(-)-10-CAMPHORSULFONIC ACID, 98%",CC1(C2CCC1(C(=O)C2)CS(=O)(=O)O)C,N2_hydroxydehydroabietylamine,CC(C)C(C(O)=C1)=CC2=C1[C@]3(C)C(CC2)[C@](C)(CN)CCC3,CC(C)c1cc2c(cc1O)[C@@]1(C)CCC[C@@](C)(CNCC(C)(C)O)C1CC2,21.7,0.0,0.0,0.0,-1.0,29,232.3,0.2,Electrophile,acid-C1,1,2,1,foA@R@HHqH@QddeTbbdRmZ\mUSUU@@@,CC1(C2CCC1(C(=O)C2)CS(=O)(=O)O)C,1,1,35963-20-3,0,N2,2,5
R25,"E29_(1R)-(-)-10-CAMPHORSULFONIC ACID, 98%",CC1(C2CCC1(C(=O)C2)CS(=O)(=O)O)C,N3_Scaffold 7,CC(C)C1=CC2=CCC3[C@](C)(CN)CCC[C@]3(C)C2CC1,CC(C)C1=CC2=CCC3[C@](C)(CNCC(C)(C)O)CCC[C@]3(C)C2CC1,46.2,0.0,0.0,78.9,0.0,29,232.3,0.2,Electrophile,acid-C1,1,2,1,foA@R@HHqH@QddeTbbdRmZ\mUSUU@@@,CC1(C2CCC1(C(=O)C2)CS(=O)(=O)O)C,1,1,35963-20-3,0,N3,3,5
R37,"E29_(1R)-(-)-10-CAMPHORSULFONIC ACID, 98%",CC1(C2CCC1(C(=O)C2)CS(=O)(=O)O)C,N4_Scaffold 6,CCNC[C@@]1(C)C2[C@](C)(CCC1)c3c(CC2)cc(C(C)C)c(c3)N,CCNC[C@]1(C)CCC[C@]2(C)c3cc(NCC(C)(C)O)c(C(C)C)cc3CCC12,25.1,6.5,20.6,0.0,-1.0,29,232.3,0.2,Electrophile,acid-C1,1,2,1,foA@R@HHqH@QddeTbbdRmZ\mUSUU@@@,CC1(C2CCC1(C(=O)C2)CS(=O)(=O)O)C,1,1,35963-20-3,0,N4,4,5
L8,"E31_LEVULINIC ACID, 98+%",CC(=O)CCC(=O)O,N1_(+)-Dehydroabietylamine,CC(C)c1ccc2c(c1)CC[C@H]1[C@](C)(CN)CCC[C@]21C,CC(=O)CCCNC[C@]1(C)CCC[C@]2(C)c3ccc(C(C)C)cc3CC[C@@H]12,0.7,2.7,78.5,12.6,-1.0,31,116.11,0.2,Electrophile,acid-C4,1,2,1,daxL@@QdfufjX@@,CC(=O)CCC(=O)O,1,1,123-76-2,0,N1,1,6
L20,"E31_LEVULINIC ACID, 98+%",CC(=O)CCC(=O)O,N2_hydroxydehydroabietylamine,CC(C)C(C(O)=C1)=CC2=C1[C@]3(C)C(CC2)[C@](C)(CN)CCC3,CC(=O)CCCNC[C@]1(C)CCC[C@]2(C)c3cc(O)c(C(C)C)cc3CCC12,0.0,0.0,0.0,28.4,-1.0,31,116.11,0.2,Electrophile,acid-C4,1,2,1,daxL@@QdfufjX@@,CC(=O)CCC(=O)O,1,1,123-76-2,0,N2,2,6
L32,"E31_LEVULINIC ACID, 98+%",CC(=O)CCC(=O)O,N3_Scaffold 7,CC(C)C1=CC2=CCC3[C@](C)(CN)CCC[C@]3(C)C2CC1,CC(=O)CCCNC[C@]1(C)CCC[C@]2(C)C3CCC(C(C)C)=CC3=CCC12,0.0,0.6,100.0,0.0,-1.0,31,116.11,0.2,Electrophile,acid-C4,1,2,1,daxL@@QdfufjX@@,CC(=O)CCC(=O)O,1,1,123-76-2,0,N3,3,6
L44,"E31_LEVULINIC ACID, 98+%",CC(=O)CCC(=O)O,N4_Scaffold 6,CCNC[C@@]1(C)C2[C@](C)(CCC1)c3c(CC2)cc(C(C)C)c(c3)N,CCNC[C@]1(C)CCC[C@]2(C)c3cc(NCCCC(C)=O)c(C(C)C)cc3CCC12,1.0,0.0,0.0,0.0,-1.0,31,116.11,0.2,Electrophile,acid-C4,1,2,1,daxL@@QdfufjX@@,CC(=O)CCC(=O)O,1,1,123-76-2,0,N4,4,6
T1,E32_(2R)-3-HYDROXY-2-(PHENYLMETHOXYCARBONYLAMINO)PROPANOIC ACID - [H68524],C1=CC=C(C=C1)COC(=O)NC(CO)C(=O)O,N1_(+)-Dehydroabietylamine,CC(C)c1ccc2c(c1)CC[C@H]1[C@](C)(CN)CCC[C@]21C,CC(C)c1ccc2c(c1)CC[C@H]1[C@](C)(CNCC(CO)NC(=O)OCc3ccccc3)CCC[C@]21C,34.6,19.6,36.2,100.0,0.52,32,239.22,0.2,Electrophile,acid01-C6,1,2,1,fhqaP@L@QhulbbRTTTRU|Ejj`Z@HTh@@,C1=CC=C(C=C1)COC(=O)NC(CO)C(=O)O,1,1,6081-61-4,0,N1,1,7
T13,E32_(2R)-3-HYDROXY-2-(PHENYLMETHOXYCARBONYLAMINO)PROPANOIC ACID - [H68524],C1=CC=C(C=C1)COC(=O)NC(CO)C(=O)O,N2_hydroxydehydroabietylamine,CC(C)C(C(O)=C1)=CC2=C1[C@]3(C)C(CC2)[C@](C)(CN)CCC3,CC(C)c1cc2c(cc1O)[C@@]1(C)CCC[C@@](C)(CNCC(CO)NC(=O)OCc3ccccc3)C1CC2,0.0,4.0,100.0,0.0,-1.0,32,239.22,0.2,Electrophile,acid01-C6,1,2,1,fhqaP@L@QhulbbRTTTRU|Ejj`Z@HTh@@,C1=CC=C(C=C1)COC(=O)NC(CO)C(=O)O,1,1,6081-61-4,0,N2,2,7
T25,E32_(2R)-3-HYDROXY-2-(PHENYLMETHOXYCARBONYLAMINO)PROPANOIC ACID - [H68524],C1=CC=C(C=C1)COC(=O)NC(CO)C(=O)O,N3_Scaffold 7,CC(C)C1=CC2=CCC3[C@](C)(CN)CCC[C@]3(C)C2CC1,CC(C)C1=CC2=CCC3[C@](C)(CNCC(CO)NC(=O)OCc4ccccc4)CCC[C@]3(C)C2CC1,18.2,19.8,52.1,48.5,-1.0,32,239.22,0.2,Electrophile,acid01-C6,1,2,1,fhqaP@L@QhulbbRTTTRU|Ejj`Z@HTh@@,C1=CC=C(C=C1)COC(=O)NC(CO)C(=O)O,1,1,6081-61-4,0,N3,3,7
T37,E32_(2R)-3-HYDROXY-2-(PHENYLMETHOXYCARBONYLAMINO)PROPANOIC ACID - [H68524],C1=CC=C(C=C1)COC(=O)NC(CO)C(=O)O,N4_Scaffold 6,CCNC[C@@]1(C)C2[C@](C)(CCC1)c3c(CC2)cc(C(C)C)c(c3)N,CCNC[C@]1(C)CCC[C@]2(C)c3cc(NCC(CO)NC(=O)OCc4ccccc4)c(C(C)C)cc3CCC12,16.3,4.5,21.5,29.5,-1.0,32,239.22,0.2,Electrophile,acid01-C6,1,2,1,fhqaP@L@QhulbbRTTTRU|Ejj`Z@HTh@@,C1=CC=C(C=C1)COC(=O)NC(CO)C(=O)O,1,1,6081-61-4,0,N4,4,7
N8,E36_MERCAPTOACETIC ACID 98%,C(C(=O)O)S,N1_(+)-Dehydroabietylamine,CC(C)c1ccc2c(c1)CC[C@H]1[C@](C)(CN)CCC[C@]21C,CC(C)c1ccc2c(c1)CC[C@H]1[C@](C)(CNCCS)CCC[C@]21C,24.8,0.0,0.0,14.3,-1.0,36,92.12,0.2,Electrophile,acid01-C13,1,2,1,gJPhLPDIKTp@,C(C(=O)O)S,1,1,68-11-1,0,N1,1,8
N20,E36_MERCAPTOACETIC ACID 98%,C(C(=O)O)S,N2_hydroxydehydroabietylamine,CC(C)C(C(O)=C1)=CC2=C1[C@]3(C)C(CC2)[C@](C)(CN)CCC3,CC(C)c1cc2c(cc1O)[C@@]1(C)CCC[C@@](C)(CNCCS)C1CC2,0.0,0.0,0.0,3.2,-1.0,36,92.12,0.2,Electrophile,acid01-C13,1,2,1,gJPhLPDIKTp@,C(C(=O)O)S,1,1,68-11-1,0,N2,2,8
N32,E36_MERCAPTOACETIC ACID 98%,C(C(=O)O)S,N3_Scaffold 7,CC(C)C1=CC2=CCC3[C@](C)(CN)CCC[C@]3(C)C2CC1,CC(C)C1=CC2=CCC3[C@](C)(CNCCS)CCC[C@]3(C)C2CC1,5.8,0.0,0.0,0.0,-1.0,36,92.12,0.2,Electrophile,acid01-C13,1,2,1,gJPhLPDIKTp@,C(C(=O)O)S,1,1,68-11-1,0,N3,3,8
N44,E36_MERCAPTOACETIC ACID 98%,C(C(=O)O)S,N4_Scaffold 6,CCNC[C@@]1(C)C2[C@](C)(CCC1)c3c(CC2)cc(C(C)C)c(c3)N,CCNC[C@]1(C)CCC[C@]2(C)c3cc(NCCS)c(C(C)C)cc3CCC12,0.0,0.8,100.0,22.5,-1.0,36,92.12,0.2,Electrophile,acid01-C13,1,2,1,gJPhLPDIKTp@,C(C(=O)O)S,1,1,68-11-1,0,N4,4,8
R8,E45_4-PHENYLBUTYRIC ACID 99%,C1=CC=C(C=C1)CCCC(=O)O,N1_(+)-Dehydroabietylamine,CC(C)c1ccc2c(c1)CC[C@H]1[C@](C)(CN)CCC[C@]21C,CC(C)c1ccc2c(c1)CC[C@H]1[C@](C)(CNCCCCc3ccccc3)CCC[C@]21C,4.0,29.7,88.2,25.8,-1.0,45,164.2,0.2,Electrophile,acid01-D10,1,2,1,dcLD@@QImVUWVj`@@@,C1=CC=C(C=C1)CCCC(=O)O,1,1,1821-12-1,0,N1,1,9
R20,E45_4-PHENYLBUTYRIC ACID 99%,C1=CC=C(C=C1)CCCC(=O)O,N2_hydroxydehydroabietylamine,CC(C)C(C(O)=C1)=CC2=C1[C@]3(C)C(CC2)[C@](C)(CN)CCC3,CC(C)c1cc2c(cc1O)[C@@]1(C)CCC[C@@](C)(CNCCCCc3ccccc3)C1CC2,0.0,0.8,100.0,1.0,-1.0,45,164.2,0.2,Electrophile,acid01-D10,1,2,1,dcLD@@QImVUWVj`@@@,C1=CC=C(C=C1)CCCC(=O)O,1,1,1821-12-1,0,N2,2,9
R32,E45_4-PHENYLBUTYRIC ACID 99%,C1=CC=C(C=C1)CCCC(=O)O,N3_Scaffold 7,CC(C)C1=CC2=CCC3[C@](C)(CN)CCC[C@]3(C)C2CC1,CC(C)C1=CC2=CCC3[C@](C)(CNCCCCc4ccccc4)CCC[C@]3(C)C2CC1,1.6,4.5,73.8,0.0,-1.0,45,164.2,0.2,Electrophile,acid01-D10,1,2,1,dcLD@@QImVUWVj`@@@,C1=CC=C(C=C1)CCCC(=O)O,1,1,1821-12-1,0,N3,3,9
R44,E45_4-PHENYLBUTYRIC ACID 99%,C1=CC=C(C=C1)CCCC(=O)O,N4_Scaffold 6,CCNC[C@@]1(C)C2[C@](C)(CCC1)c3c(CC2)cc(C(C)C)c(c3)N,CCNC[C@]1(C)CCC[C@]2(C)c3cc(NCCCCc4ccccc4)c(C(C)C)cc3CCC12,11.3,22.0,66.1,0.0,-1.0,45,164.2,0.2,Electrophile,acid01-D10,1,2,1,dcLD@@QImVUWVj`@@@,C1=CC=C(C=C1)CCCC(=O)O,1,1,1821-12-1,0,N4,4,9
S8,"E46_5-PHENYLVALERIC ACID, 99.0+%",C1=CC=C(C=C1)CCCCC(=O)O,N1_(+)-Dehydroabietylamine,CC(C)c1ccc2c(c1)CC[C@H]1[C@](C)(CN)CCC[C@]21C,CC(C)c1ccc2c(c1)CC[C@H]1[C@](C)(CNCCCCCc3ccccc3)CCC[C@]21C,3.87,32.5,89.4,27.7,-1.0,46,178.23,0.2,Electrophile,acid01-D11,1,2,1,dklD@@QImUe]Mjj@@@@,C1=CC=C(C=C1)CCCCC(=O)O,1,1,2270-20-4,0,N1,1,10
S20,"E46_5-PHENYLVALERIC ACID, 99.0+%",C1=CC=C(C=C1)CCCCC(=O)O,N2_hydroxydehydroabietylamine,CC(C)C(C(O)=C1)=CC2=C1[C@]3(C)C(CC2)[C@](C)(CN)CCC3,CC(C)c1cc2c(cc1O)[C@@]1(C)CCC[C@@](C)(CNCCCCCc3ccccc3)C1CC2,0.0,2.9,100.0,34.2,-1.0,46,178.23,0.2,Electrophile,acid01-D11,1,2,1,dklD@@QImUe]Mjj@@@@,C1=CC=C(C=C1)CCCCC(=O)O,1,1,2270-20-4,0,N2,2,10
S32,"E46_5-PHENYLVALERIC ACID, 99.0+%",C1=CC=C(C=C1)CCCCC(=O)O,N3_Scaffold 7,CC(C)C1=CC2=CCC3[C@](C)(CN)CCC[C@]3(C)C2CC1,CC(C)C1=CC2=CCC3[C@](C)(CNCCCCCc4ccccc4)CCC[C@]3(C)C2CC1,1.4,7.8,84.8,15.9,-1.0,46,178.23,0.2,Electrophile,acid01-D11,1,2,1,dklD@@QImUe]Mjj@@@@,C1=CC=C(C=C1)CCCCC(=O)O,1,1,2270-20-4,0,N3,3,10
S44,"E46_5-PHENYLVALERIC ACID, 99.0+%",C1=CC=C(C=C1)CCCCC(=O)O,N4_Scaffold 6,CCNC[C@@]1(C)C2[C@](C)(CCC1)c3c(CC2)cc(C(C)C)c(c3)N,CCNC[C@]1(C)CCC[C@]2(C)c3cc(NCCCCCc4ccccc4)c(C(C)C)cc3CCC12,8.1,23.3,74.2,19.3,-1.0,46,178.23,0.2,Electrophile,acid01-D11,1,2,1,dklD@@QImUe]Mjj@@@@,C1=CC=C(C=C1)CCCCC(=O)O,1,1,2270-20-4,0,N4,4,10
U8,"E58_CYCLOPROPYLACETIC ACID, 98%",C1CC1CC(=O)O,N1_(+)-Dehydroabietylamine,CC(C)c1ccc2c(c1)CC[C@H]1[C@](C)(CN)CCC[C@]21C,CC(C)c1ccc2c(c1)CC[C@H]1[C@](C)(CNCCC3CC3)CCC[C@]21C,1.19,18.5,93.9,0.0,-1.0,58,100.12,0.2,Electrophile,acid01-E15,1,2,1,gOp`@dfvkZj`@,C1CC1CC(=O)O,1,1,5239-82-7,0,N1,1,11
U20,"E58_CYCLOPROPYLACETIC ACID, 98%",C1CC1CC(=O)O,N2_hydroxydehydroabietylamine,CC(C)C(C(O)=C1)=CC2=C1[C@]3(C)C(CC2)[C@](C)(CN)CCC3,CC(C)c1cc2c(cc1O)[C@@]1(C)CCC[C@@](C)(CNCCC3CC3)C1CC2,0.0,0.4,100.0,0.0,-1.0,58,100.12,0.2,Electrophile,acid01-E15,1,2,1,gOp`@dfvkZj`@,C1CC1CC(=O)O,1,1,5239-82-7,0,N2,2,11
U32,"E58_CYCLOPROPYLACETIC ACID, 98%",C1CC1CC(=O)O,N3_Scaffold 7,CC(C)C1=CC2=CCC3[C@](C)(CN)CCC[C@]3(C)C2CC1,CC(C)C1=CC2=CCC3[C@](C)(CNCCC4CC4)CCC[C@]3(C)C2CC1,0.9,3.6,79.9,0.0,-1.0,58,100.12,0.2,Electrophile,acid01-E15,1,2,1,gOp`@dfvkZj`@,C1CC1CC(=O)O,1,1,5239-82-7,0,N3,3,11
U44,"E58_CYCLOPROPYLACETIC ACID, 98%",C1CC1CC(=O)O,N4_Scaffold 6,CCNC[C@@]1(C)C2[C@](C)(CCC1)c3c(CC2)cc(C(C)C)c(c3)N,CCNC[C@]1(C)CCC[C@]2(C)c3cc(NCCC4CC4)c(C(C)C)cc3CCC12,4.0,9.0,69.1,0.0,-1.0,58,100.12,0.2,Electrophile,acid01-E15,1,2,1,gOp`@dfvkZj`@,C1CC1CC(=O)O,1,1,5239-82-7,0,N4,4,11
W8,"E61_3-ETHOXYACRYLIC ACID, 95+%",CCOC=CC(=O)O,N1_(+)-Dehydroabietylamine,CC(C)c1ccc2c(c1)CC[C@H]1[C@](C)(CN)CCC[C@]21C,CCOC=CCNC[C@]1(C)CCC[C@]2(C)c3ccc(C(C)C)cc3CC[C@@H]12,11.58,0.0,0.0,16.0,-1.0,61,116.11,0.2,Electrophile,acid01-F3,1,2,1,daxL@@RdfuVfh@@,CCOC=CC(=O)O,1,1,33607,0,N1,1,12
W20,"E61_3-ETHOXYACRYLIC ACID, 95+%",CCOC=CC(=O)O,N2_hydroxydehydroabietylamine,CC(C)C(C(O)=C1)=CC2=C1[C@]3(C)C(CC2)[C@](C)(CN)CCC3,CCOC=CCNC[C@]1(C)CCC[C@]2(C)c3cc(O)c(C(C)C)cc3CCC12,0.0,0.0,0.0,20.0,-1.0,61,116.11,0.2,Electrophile,acid01-F3,1,2,1,daxL@@RdfuVfh@@,CCOC=CC(=O)O,1,1,33607,0,N2,2,12
W32,"E61_3-ETHOXYACRYLIC ACID, 95+%",CCOC=CC(=O)O,N3_Scaffold 7,CC(C)C1=CC2=CCC3[C@](C)(CN)CCC[C@]3(C)C2CC1,CCOC=CCNC[C@]1(C)CCC[C@]2(C)C3CCC(C(C)C)=CC3=CCC12,3.1,0.4,12.5,0.0,-1.0,61,116.11,0.2,Electrophile,acid01-F3,1,2,1,daxL@@RdfuVfh@@,CCOC=CC(=O)O,1,1,33607,0,N3,3,12
W44,"E61_3-ETHOXYACRYLIC ACID, 95+%",CCOC=CC(=O)O,N4_Scaffold 6,CCNC[C@@]1(C)C2[C@](C)(CCC1)c3c(CC2)cc(C(C)C)c(c3)N,CCNC[C@]1(C)CCC[C@]2(C)c3cc(NCC=COCC)c(C(C)C)cc3CCC12,4.2,0.0,0.0,19.5,-1.0,61,116.11,0.2,Electrophile,acid01-F3,1,2,1,daxL@@RdfuVfh@@,CCOC=CC(=O)O,1,1,33607,0,N4,4,12
Y8,"E66_METHACRYLIC ACID, 99%",CC(=C)C(=O)O,N1_(+)-Dehydroabietylamine,CC(C)c1ccc2c(c1)CC[C@H]1[C@](C)(CN)CCC[C@]21C,C=C(C)CNC[C@]1(C)CCC[C@]2(C)c3ccc(C(C)C)cc3CC[C@@H]12,10.07,8.4,45.4,0.0,-1.0,66,86.09,0.2,Electrophile,acid01-F8,1,2,1,gGP`@dfyi`@,CC(=C)C(=O)O,1,1,79-41-4,0,N1,1,13
Y20,"E66_METHACRYLIC ACID, 99%",CC(=C)C(=O)O,N2_hydroxydehydroabietylamine,CC(C)C(C(O)=C1)=CC2=C1[C@]3(C)C(CC2)[C@](C)(CN)CCC3,C=C(C)CNC[C@]1(C)CCC[C@]2(C)c3cc(O)c(C(C)C)cc3CCC12,0.0,0.0,0.0,0.0,-1.0,66,86.09,0.2,Electrophile,acid01-F8,1,2,1,gGP`@dfyi`@,CC(=C)C(=O)O,1,1,79-41-4,0,N2,2,13
Y32,"E66_METHACRYLIC ACID, 99%",CC(=C)C(=O)O,N3_Scaffold 7,CC(C)C1=CC2=CCC3[C@](C)(CN)CCC[C@]3(C)C2CC1,C=C(C)CNC[C@]1(C)CCC[C@]2(C)C3CCC(C(C)C)=CC3=CCC12,1.0,1.4,59.0,0.0,-1.0,66,86.09,0.2,Electrophile,acid01-F8,1,2,1,gGP`@dfyi`@,CC(=C)C(=O)O,1,1,79-41-4,0,N3,3,13
Y44,"E66_METHACRYLIC ACID, 99%",CC(=C)C(=O)O,N4_Scaffold 6,CCNC[C@@]1(C)C2[C@](C)(CCC1)c3c(CC2)cc(C(C)C)c(c3)N,C=C(C)CNc1cc2c(cc1C(C)C)CCC1[C@](C)(CNCC)CCC[C@]21C,3.3,0.0,0.0,0.0,-1.0,66,86.09,0.2,Electrophile,acid01-F8,1,2,1,gGP`@dfyi`@,CC(=C)C(=O)O,1,1,79-41-4,0,N4,4,13
Z8,"E72_2-FLUORO-2-METHYLPROPANOIC ACID, 97%",CC(C)(C(=O)O)F,N1_(+)-Dehydroabietylamine,CC(C)c1ccc2c(c1)CC[C@H]1[C@](C)(CN)CCC[C@]21C,CC(C)c1ccc2c(c1)CC[C@H]1[C@](C)(CNCC(C)(C)F)CCC[C@]21C,20.6,17.1,45.4,0.0,-1.0,72,106.1,0.2,Electrophile,acid02-A1,1,2,1,gNphJqHIMMUL@@,CC(C)(C(=O)O)F,1,1,63812-15-7,0,N1,1,14
Z20,"E72_2-FLUORO-2-METHYLPROPANOIC ACID, 97%",CC(C)(C(=O)O)F,N2_hydroxydehydroabietylamine,CC(C)C(C(O)=C1)=CC2=C1[C@]3(C)C(CC2)[C@](C)(CN)CCC3,CC(C)c1cc2c(cc1O)[C@@]1(C)CCC[C@@](C)(CNCC(C)(C)F)C1CC2,0.0,3.4,100.0,0.0,-1.0,72,106.1,0.2,Electrophile,acid02-A1,1,2,1,gNphJqHIMMUL@@,CC(C)(C(=O)O)F,1,1,63812-15-7,0,N2,2,14
Z32,"E72_2-FLUORO-2-METHYLPROPANOIC ACID, 97%",CC(C)(C(=O)O)F,N3_Scaffold 7,CC(C)C1=CC2=CCC3[C@](C)(CN)CCC[C@]3(C)C2CC1,CC(C)C1=CC2=CCC3[C@](C)(CNCC(C)(C)F)CCC[C@]3(C)C2CC1,8.2,12.1,59.5,2.8,-1.0,72,106.1,0.2,Electrophile,acid02-A1,1,2,1,gNphJqHIMMUL@@,CC(C)(C(=O)O)F,1,1,63812-15-7,0,N3,3,14
Z44,"E72_2-FLUORO-2-METHYLPROPANOIC ACID, 97%",CC(C)(C(=O)O)F,N4_Scaffold 6,CCNC[C@@]1(C)C2[C@](C)(CCC1)c3c(CC2)cc(C(C)C)c(c3)N,CCNC[C@]1(C)CCC[C@]2(C)c3cc(NCC(C)(C)F)c(C(C)C)cc3CCC12,28.1,0.0,0.0,0.0,-1.0,72,106.1,0.2,Electrophile,acid02-A1,1,2,1,gNphJqHIMMUL@@,CC(C)(C(=O)O)F,1,1,63812-15-7,0,N4,4,14
R2,E76_2-(FLUOROSULFONYL)DIFLUOROACETIC ACID,C(=O)(C(F)(F)S(=O)(=O)F)O,N1_(+)-Dehydroabietylamine,CC(C)c1ccc2c(c1)CC[C@H]1[C@](C)(CN)CCC[C@]21C,CC(C)c1ccc2c(c1)CC[C@H]1[C@](C)(CNCC(F)(F)S(=O)(=O)F)CCC[C@]21C,68.8,68.8,50.0,100.0,4.2,76,178.09,0.2,Electrophile,acid02-A5,1,2,1,dedBHDpY@HbPjPZPrRRrFRuS@@,C(=O)(C(F)(F)S(=O)(=O)F)O,1,1,1717-59-5,0,N1,1,15
R14,E76_2-(FLUOROSULFONYL)DIFLUOROACETIC ACID,C(=O)(C(F)(F)S(=O)(=O)F)O,N2_hydroxydehydroabietylamine,CC(C)C(C(O)=C1)=CC2=C1[C@]3(C)C(CC2)[C@](C)(CN)CCC3,CC(C)c1cc2c(cc1O)[C@@]1(C)CCC[C@@](C)(CNCC(F)(F)S(=O)(=O)F)C1CC2,13.2,0.0,0.0,3.3,-1.0,76,178.09,0.2,Electrophile,acid02-A5,1,2,1,dedBHDpY@HbPjPZPrRRrFRuS@@,C(=O)(C(F)(F)S(=O)(=O)F)O,1,1,1717-59-5,0,N2,2,15
R26,E76_2-(FLUOROSULFONYL)DIFLUOROACETIC ACID,C(=O)(C(F)(F)S(=O)(=O)F)O,N3_Scaffold 7,CC(C)C1=CC2=CCC3[C@](C)(CN)CCC[C@]3(C)C2CC1,CC(C)C1=CC2=CCC3[C@](C)(CNCC(F)(F)S(=O)(=O)F)CCC[C@]3(C)C2CC1,23.0,13.7,37.4,44.0,-1.0,76,178.09,0.2,Electrophile,acid02-A5,1,2,1,dedBHDpY@HbPjPZPrRRrFRuS@@,C(=O)(C(F)(F)S(=O)(=O)F)O,1,1,1717-59-5,0,N3,3,15
R38,E76_2-(FLUOROSULFONYL)DIFLUOROACETIC ACID,C(=O)(C(F)(F)S(=O)(=O)F)O,N4_Scaffold 6,CCNC[C@@]1(C)C2[C@](C)(CCC1)c3c(CC2)cc(C(C)C)c(c3)N,CCNC[C@]1(C)CCC[C@]2(C)c3cc(NCC(F)(F)S(=O)(=O)F)c(C(C)C)cc3CCC12,20.7,0.0,0.0,0.0,-1.0,76,178.09,0.2,Electrophile,acid02-A5,1,2,1,dedBHDpY@HbPjPZPrRRrFRuS@@,C(=O)(C(F)(F)S(=O)(=O)F)O,1,1,1717-59-5,0,N4,4,15
AC8,"E85_3-METHYL-4-PENTENOIC ACID, 97%",CC(CC(=O)O)C=C,N1_(+)-Dehydroabietylamine,CC(C)c1ccc2c(c1)CC[C@H]1[C@](C)(CN)CCC[C@]21C,C=CC(C)CCNC[C@]1(C)CCC[C@]2(C)c3ccc(C(C)C)cc3CC[C@@H]12,9.83,9.3,48.6,0.0,-1.0,85,114.14,0.2,Electrophile,acid02-A15,1,2,1,daxD@@QImeji`b@@,CC(CC(=O)O)C=C,1,1,1879-03-4,0,N1,1,16
AC20,"E85_3-METHYL-4-PENTENOIC ACID, 97%",CC(CC(=O)O)C=C,N2_hydroxydehydroabietylamine,CC(C)C(C(O)=C1)=CC2=C1[C@]3(C)C(CC2)[C@](C)(CN)CCC3,C=CC(C)CCNC[C@]1(C)CCC[C@]2(C)c3cc(O)c(C(C)C)cc3CCC12,0.0,0.0,0.0,0.0,-1.0,85,114.14,0.2,Electrophile,acid02-A15,1,2,1,daxD@@QImeji`b@@,CC(CC(=O)O)C=C,1,1,1879-03-4,0,N2,2,16
AC32,"E85_3-METHYL-4-PENTENOIC ACID, 97%",CC(CC(=O)O)C=C,N3_Scaffold 7,CC(C)C1=CC2=CCC3[C@](C)(CN)CCC[C@]3(C)C2CC1,C=CC(C)CCNC[C@]1(C)CCC[C@]2(C)C3CCC(C(C)C)=CC3=CCC12,0.7,1.3,65.1,0.0,-1.0,85,114.14,0.2,Electrophile,acid02-A15,1,2,1,daxD@@QImeji`b@@,CC(CC(=O)O)C=C,1,1,1879-03-4,0,N3,3,16
AC44,"E85_3-METHYL-4-PENTENOIC ACID, 97%",CC(CC(=O)O)C=C,N4_Scaffold 6,CCNC[C@@]1(C)C2[C@](C)(CCC1)c3c(CC2)cc(C(C)C)c(c3)N,C=CC(C)CCNc1cc2c(cc1C(C)C)CCC1[C@](C)(CNCC)CCC[C@]21C,1.2,1.7,58.0,0.0,-1.0,85,114.14,0.2,Electrophile,acid02-A15,1,2,1,daxD@@QImeji`b@@,CC(CC(=O)O)C=C,1,1,1879-03-4,0,N4,4,16
AE8,"E87_2-MERCAPTOPROPIONIC ACID, 95%",CC(C(=O)O)S,N1_(+)-Dehydroabietylamine,CC(C)c1ccc2c(c1)CC[C@H]1[C@](C)(CN)CCC[C@]21C,CC(S)CNC[C@]1(C)CCC[C@]2(C)c3ccc(C(C)C)cc3CC[C@@H]12,53.54,0.0,0.0,80.4,7.08,87,106.15,0.2,Electrophile,acid02-B3,1,2,1,gGPhCPDILuSRT@,CC(C(=O)O)S,1,1,79-42-5,0,N1,1,17
AE20,"E87_2-MERCAPTOPROPIONIC ACID, 95%",CC(C(=O)O)S,N2_hydroxydehydroabietylamine,CC(C)C(C(O)=C1)=CC2=C1[C@]3(C)C(CC2)[C@](C)(CN)CCC3,CC(S)CNC[C@]1(C)CCC[C@]2(C)c3cc(O)c(C(C)C)cc3CCC12,0.0,0.0,0.0,0.0,-1.0,87,106.15,0.2,Electrophile,acid02-B3,1,2,1,gGPhCPDILuSRT@,CC(C(=O)O)S,1,1,79-42-5,0,N2,2,17
AE32,"E87_2-MERCAPTOPROPIONIC ACID, 95%",CC(C(=O)O)S,N3_Scaffold 7,CC(C)C1=CC2=CCC3[C@](C)(CN)CCC[C@]3(C)C2CC1,CC(S)CNC[C@]1(C)CCC[C@]2(C)C3CCC(C(C)C)=CC3=CCC12,15.4,0.0,0.0,0.0,-1.0,87,106.15,0.2,Electrophile,acid02-B3,1,2,1,gGPhCPDILuSRT@,CC(C(=O)O)S,1,1,79-42-5,0,N3,3,17
AE44,"E87_2-MERCAPTOPROPIONIC ACID, 95%",CC(C(=O)O)S,N4_Scaffold 6,CCNC[C@@]1(C)C2[C@](C)(CCC1)c3c(CC2)cc(C(C)C)c(c3)N,CCNC[C@]1(C)CCC[C@]2(C)c3cc(NCC(C)S)c(C(C)C)cc3CCC12,0.0,0.0,0.0,0.0,-1.0,87,106.15,0.2,Electrophile,acid02-B3,1,2,1,gGPhCPDILuSRT@,CC(C(=O)O)S,1,1,79-42-5,0,N4,4,17
AA2,"E90_3-BENZOYLPROPIONIC ACID, 98%",C1=CC=C(C=C1)C(=O)CCC(=O)O,N1_(+)-Dehydroabietylamine,CC(C)c1ccc2c(c1)CC[C@H]1[C@](C)(CN)CCC[C@]21C,CC(C)c1ccc2c(c1)CC[C@H]1[C@](C)(CNCCCC(=O)c3ccccc3)CCC[C@]21C,4.95,7.6,60.6,0.0,-1.0,90,178.18,0.2,Electrophile,acid02-B7,1,2,1,dklL@@QdfunUtvjX@@@@,C1=CC=C(C=C1)C(=O)CCC(=O)O,1,1,2051-95-8,0,N1,1,18
AA14,"E90_3-BENZOYLPROPIONIC ACID, 98%",C1=CC=C(C=C1)C(=O)CCC(=O)O,N2_hydroxydehydroabietylamine,CC(C)C(C(O)=C1)=CC2=C1[C@]3(C)C(CC2)[C@](C)(CN)CCC3,CC(C)c1cc2c(cc1O)[C@@]1(C)CCC[C@@](C)(CNCCCC(=O)c3ccccc3)C1CC2,0.0,0.0,0.0,0.0,-1.0,90,178.18,0.2,Electrophile,acid02-B7,1,2,1,dklL@@QdfunUtvjX@@@@,C1=CC=C(C=C1)C(=O)CCC(=O)O,1,1,2051-95-8,0,N2,2,18
AA26,"E90_3-BENZOYLPROPIONIC ACID, 98%",C1=CC=C(C=C1)C(=O)CCC(=O)O,N3_Scaffold 7,CC(C)C1=CC2=CCC3[C@](C)(CN)CCC[C@]3(C)C2CC1,CC(C)C1=CC2=CCC3[C@](C)(CNCCCC(=O)c4ccccc4)CCC[C@]3(C)C2CC1,1.1,0.0,0.0,0.0,-1.0,90,178.18,0.2,Electrophile,acid02-B7,1,2,1,dklL@@QdfunUtvjX@@@@,C1=CC=C(C=C1)C(=O)CCC(=O)O,1,1,2051-95-8,0,N3,3,18
AA38,"E90_3-BENZOYLPROPIONIC ACID, 98%",C1=CC=C(C=C1)C(=O)CCC(=O)O,N4_Scaffold 6,CCNC[C@@]1(C)C2[C@](C)(CCC1)c3c(CC2)cc(C(C)C)c(c3)N,CCNC[C@]1(C)CCC[C@]2(C)c3cc(NCCCC(=O)c4ccccc4)c(C(C)C)cc3CCC12,0.0,0.0,0.0,0.0,-1.0,90,178.18,0.2,Electrophile,acid02-B7,1,2,1,dklL@@QdfunUtvjX@@@@,C1=CC=C(C=C1)C(=O)CCC(=O)O,1,1,2051-95-8,0,N4,4,18
AB2,"E91_(BENZHYDRYLTHIO)ACETIC ACID, 98.0+%",C1=CC=C(C=C1)C(C2=CC=CC=C2)SCC(=O)O,N1_(+)-Dehydroabietylamine,CC(C)c1ccc2c(c1)CC[C@H]1[C@](C)(CN)CCC[C@]21C,CC(C)c1ccc2c(c1)CC[C@H]1[C@](C)(CNCCSC(c3ccccc3)c3ccccc3)CCC[C@]21C,24.5,59.7,70.9,0.0,-1.0,91,258.3,0.2,Electrophile,acid02-B8,1,2,1,fdy@b@EZ@DYHheEEDdckA}Fj`A`@@@@,C1=CC=C(C=C1)C(C2=CC=CC=C2)SCC(=O)O,1,1,63547-22-8,0,N1,1,19
AB14,"E91_(BENZHYDRYLTHIO)ACETIC ACID, 98.0+%",C1=CC=C(C=C1)C(C2=CC=CC=C2)SCC(=O)O,N2_hydroxydehydroabietylamine,CC(C)C(C(O)=C1)=CC2=C1[C@]3(C)C(CC2)[C@](C)(CN)CCC3,CC(C)c1cc2c(cc1O)[C@@]1(C)CCC[C@@](C)(CNCCSC(c3ccccc3)c3ccccc3)C1CC2,0.0,1.7,100.0,0.0,-1.0,91,258.3,0.2,Electrophile,acid02-B8,1,2,1,fdy@b@EZ@DYHheEEDdckA}Fj`A`@@@@,C1=CC=C(C=C1)C(C2=CC=CC=C2)SCC(=O)O,1,1,63547-22-8,0,N2,2,19
AB26,"E91_(BENZHYDRYLTHIO)ACETIC ACID, 98.0+%",C1=CC=C(C=C1)C(C2=CC=CC=C2)SCC(=O)O,N3_Scaffold 7,CC(C)C1=CC2=CCC3[C@](C)(CN)CCC[C@]3(C)C2CC1,CC(C)C1=CC2=CCC3[C@](C)(CNCCSC(c4ccccc4)c4ccccc4)CCC[C@]3(C)C2CC1,8.8,29.1,76.8,16.4,-1.0,91,258.3,0.2,Electrophile,acid02-B8,1,2,1,fdy@b@EZ@DYHheEEDdckA}Fj`A`@@@@,C1=CC=C(C=C1)C(C2=CC=CC=C2)SCC(=O)O,1,1,63547-22-8,0,N3,3,19
AB38,"E91_(BENZHYDRYLTHIO)ACETIC ACID, 98.0+%",C1=CC=C(C=C1)C(C2=CC=CC=C2)SCC(=O)O,N4_Scaffold 6,CCNC[C@@]1(C)C2[C@](C)(CCC1)c3c(CC2)cc(C(C)C)c(c3)N,CCNC[C@]1(C)CCC[C@]2(C)c3cc(NCCSC(c4ccccc4)c4ccccc4)c(C(C)C)cc3CCC12,5.3,5.5,51.0,15.3,-1.0,91,258.3,0.2,Electrophile,acid02-B8,1,2,1,fdy@b@EZ@DYHheEEDdckA}Fj`A`@@@@,C1=CC=C(C=C1)C(C2=CC=CC=C2)SCC(=O)O,1,1,63547-22-8,0,N4,4,19
C3,"E98_3-BROMOPROPIONIC ACID, 97%",C(CBr)C(=O)O,N1_(+)-Dehydroabietylamine,CC(C)c1ccc2c(c1)CC[C@H]1[C@](C)(CN)CCC[C@]21C,CC(C)c1ccc2c(c1)CC[C@H]1[C@](C)(CNCCCBr)CCC[C@]21C,15.5,0.0,0.0,0.0,-1.0,98,152.97,0.2,Electrophile,acid02-B15,1,2,1,gGPhCQbIJuS@@,C(CBr)C(=O)O,1,1,590-92-1,0,N1,1,20
C15,"E98_3-BROMOPROPIONIC ACID, 97%",C(CBr)C(=O)O,N2_hydroxydehydroabietylamine,CC(C)C(C(O)=C1)=CC2=C1[C@]3(C)C(CC2)[C@](C)(CN)CCC3,CC(C)c1cc2c(cc1O)[C@@]1(C)CCC[C@@](C)(CNCCCBr)C1CC2,6.59,0.0,0.0,0.0,-1.0,98,152.97,0.2,Electrophile,acid02-B15,1,2,1,gGPhCQbIJuS@@,C(CBr)C(=O)O,1,1,590-92-1,0,N2,2,20
C27,"E98_3-BROMOPROPIONIC ACID, 97%",C(CBr)C(=O)O,N3_Scaffold 7,CC(C)C1=CC2=CCC3[C@](C)(CN)CCC[C@]3(C)C2CC1,CC(C)C1=CC2=CCC3[C@](C)(CNCCCBr)CCC[C@]3(C)C2CC1,6.1,1.9,23.9,5.2,-1.0,98,152.97,0.2,Electrophile,acid02-B15,1,2,1,gGPhCQbIJuS@@,C(CBr)C(=O)O,1,1,590-92-1,0,N3,3,20
C39,"E98_3-BROMOPROPIONIC ACID, 97%",C(CBr)C(=O)O,N4_Scaffold 6,CCNC[C@@]1(C)C2[C@](C)(CCC1)c3c(CC2)cc(C(C)C)c(c3)N,CCNC[C@]1(C)CCC[C@]2(C)c3cc(NCCCBr)c(C(C)C)cc3CCC12,9.6,0.0,0.0,0.0,-1.0,98,152.97,0.2,Electrophile,acid02-B15,1,2,1,gGPhCQbIJuS@@,C(CBr)C(=O)O,1,1,590-92-1,0,N4,4,20
AF8,"E100_N-BUTYRIC ACID, 99+%",CCCC(=O)O,N1_(+)-Dehydroabietylamine,CC(C)c1ccc2c(c1)CC[C@H]1[C@](C)(CN)CCC[C@]21C,CCCCNC[C@]1(C)CCC[C@]2(C)c3ccc(C(C)C)cc3CC[C@@H]12,4.7,28.4,85.8,0.0,-1.0,100,88.11,0.2,Electrophile,acid02-C2,1,2,1,gGP`@dfuj`@,CCCC(=O)O,1,1,107-92-6,0,N1,1,21
AF20,"E100_N-BUTYRIC ACID, 99+%",CCCC(=O)O,N2_hydroxydehydroabietylamine,CC(C)C(C(O)=C1)=CC2=C1[C@]3(C)C(CC2)[C@](C)(CN)CCC3,CCCCNC[C@]1(C)CCC[C@]2(C)c3cc(O)c(C(C)C)cc3CCC12,0.0,0.0,0.0,11.4,-1.0,100,88.11,0.2,Electrophile,acid02-C2,1,2,1,gGP`@dfuj`@,CCCC(=O)O,1,1,107-92-6,0,N2,2,21
AF32,"E100_N-BUTYRIC ACID, 99+%",CCCC(=O)O,N3_Scaffold 7,CC(C)C1=CC2=CCC3[C@](C)(CN)CCC[C@]3(C)C2CC1,CCCCNC[C@]1(C)CCC[C@]2(C)C3CCC(C(C)C)=CC3=CCC12,1.6,8.8,84.6,0.0,-1.0,100,88.11,0.2,Electrophile,acid02-C2,1,2,1,gGP`@dfuj`@,CCCC(=O)O,1,1,107-92-6,0,N3,3,21
AF44,"E100_N-BUTYRIC ACID, 99+%",CCCC(=O)O,N4_Scaffold 6,CCNC[C@@]1(C)C2[C@](C)(CCC1)c3c(CC2)cc(C(C)C)c(c3)N,CCCCNc1cc2c(cc1C(C)C)CCC1[C@](C)(CNCC)CCC[C@]21C,8.5,14.1,62.5,0.0,-1.0,100,88.11,0.2,Electrophile,acid02-C2,1,2,1,gGP`@dfuj`@,CCCC(=O)O,1,1,107-92-6,0,N4,4,21
A9,"E102_3-CHLORO-2,2-DIMETHYLPROPIONIC ACID, 97%",CC(C)(CCl)C(=O)O,N1_(+)-Dehydroabietylamine,CC(C)c1ccc2c(c1)CC[C@H]1[C@](C)(CN)CCC[C@]21C,CC(C)c1ccc2c(c1)CC[C@H]1[C@](C)(CNCC(C)(C)CCl)CCC[C@]21C,17.83,0.0,0.0,0.0,-1.0,102,136.58,0.2,Electrophile,acid02-C4,1,2,1,daxD`FxHaIZZjf@@,CC(C)(CCl)C(=O)O,1,1,13511-38-1,0,N1,1,22
A21,"E102_3-CHLORO-2,2-DIMETHYLPROPIONIC ACID, 97%",CC(C)(CCl)C(=O)O,N2_hydroxydehydroabietylamine,CC(C)C(C(O)=C1)=CC2=C1[C@]3(C)C(CC2)[C@](C)(CN)CCC3,CC(C)c1cc2c(cc1O)[C@@]1(C)CCC[C@@](C)(CNCC(C)(C)CCl)C1CC2,19.95,4.3,17.8,0.0,-1.0,102,136.58,0.2,Electrophile,acid02-C4,1,2,1,daxD`FxHaIZZjf@@,CC(C)(CCl)C(=O)O,1,1,13511-38-1,0,N2,2,22
A33,"E102_3-CHLORO-2,2-DIMETHYLPROPIONIC ACID, 97%",CC(C)(CCl)C(=O)O,N3_Scaffold 7,CC(C)C1=CC2=CCC3[C@](C)(CN)CCC[C@]3(C)C2CC1,CC(C)C1=CC2=CCC3[C@](C)(CNCC(C)(C)CCl)CCC[C@]3(C)C2CC1,3.6,1.7,32.4,0.0,-1.0,102,136.58,0.2,Electrophile,acid02-C4,1,2,1,daxD`FxHaIZZjf@@,CC(C)(CCl)C(=O)O,1,1,13511-38-1,0,N3,3,22
A45,"E102_3-CHLORO-2,2-DIMETHYLPROPIONIC ACID, 97%",CC(C)(CCl)C(=O)O,N4_Scaffold 6,CCNC[C@@]1(C)C2[C@](C)(CCC1)c3c(CC2)cc(C(C)C)c(c3)N,CCNC[C@]1(C)CCC[C@]2(C)c3cc(NCC(C)(C)CCl)c(C(C)C)cc3CCC12,15.7,0.0,0.0,0.0,-1.0,102,136.58,0.2,Electrophile,acid02-C4,1,2,1,daxD`FxHaIZZjf@@,CC(C)(CCl)C(=O)O,1,1,13511-38-1,0,N4,4,22
C9,"E108_CROTONIC ACID, 98%",CC=CC(=O)O,N1_(+)-Dehydroabietylamine,CC(C)c1ccc2c(c1)CC[C@H]1[C@](C)(CN)CCC[C@]21C,CC=CCNC[C@]1(C)CCC[C@]2(C)c3ccc(C(C)C)cc3CC[C@@H]12,1.68,0.0,0.0,0.0,-1.0,108,86.09,0.2,Electrophile,acid02-C10,1,2,1,gGP`@dfui`@,CC=CC(=O)O,1,1,107-93-7,0,N1,1,23
C21,"E108_CROTONIC ACID, 98%",CC=CC(=O)O,N2_hydroxydehydroabietylamine,CC(C)C(C(O)=C1)=CC2=C1[C@]3(C)C(CC2)[C@](C)(CN)CCC3,CC=CCNC[C@]1(C)CCC[C@]2(C)c3cc(O)c(C(C)C)cc3CCC12,0.0,0.0,0.0,2.3,-1.0,108,86.09,0.2,Electrophile,acid02-C10,1,2,1,gGP`@dfui`@,CC=CC(=O)O,1,1,107-93-7,0,N2,2,23
C33,"E108_CROTONIC ACID, 98%",CC=CC(=O)O,N3_Scaffold 7,CC(C)C1=CC2=CCC3[C@](C)(CN)CCC[C@]3(C)C2CC1,CC=CCNC[C@]1(C)CCC[C@]2(C)C3CCC(C(C)C)=CC3=CCC12,0.0,0.0,0.0,16.4,-1.0,108,86.09,0.2,Electrophile,acid02-C10,1,2,1,gGP`@dfui`@,CC=CC(=O)O,1,1,107-93-7,0,N3,3,23
C45,"E108_CROTONIC ACID, 98%",CC=CC(=O)O,N4_Scaffold 6,CCNC[C@@]1(C)C2[C@](C)(CCC1)c3c(CC2)cc(C(C)C)c(c3)N,CC=CCNc1cc2c(cc1C(C)C)CCC1[C@](C)(CNCC)CCC[C@]21C,2.5,0.0,0.0,2.3,-1.0,108,86.09,0.2,Electrophile,acid02-C10,1,2,1,gGP`@dfui`@,CC=CC(=O)O,1,1,107-93-7,0,N4,4,23
E9,E112_DIFLUOROACETIC ACID,C(C(=O)O)(F)F,N1_(+)-Dehydroabietylamine,CC(C)c1ccc2c(c1)CC[C@H]1[C@](C)(CN)CCC[C@]21C,CC(C)c1ccc2c(c1)CC[C@H]1[C@](C)(CNCC(F)F)CCC[C@]21C,5.85,17.1,74.6,0.0,-1.0,112,96.03,0.2,Electrophile,acid02-C14,1,2,1,gGPdCQHJPR[jf@@,C(C(=O)O)(F)F,1,1,381-73-7,0,N1,1,24
E21,E112_DIFLUOROACETIC ACID,C(C(=O)O)(F)F,N2_hydroxydehydroabietylamine,CC(C)C(C(O)=C1)=CC2=C1[C@]3(C)C(CC2)[C@](C)(CN)CCC3,CC(C)c1cc2c(cc1O)[C@@]1(C)CCC[C@@](C)(CNCC(F)F)C1CC2,2.78,10.1,78.3,0.0,-1.0,112,96.03,0.2,Electrophile,acid02-C14,1,2,1,gGPdCQHJPR[jf@@,C(C(=O)O)(F)F,1,1,381-73-7,0,N2,2,24
E33,E112_DIFLUOROACETIC ACID,C(C(=O)O)(F)F,N3_Scaffold 7,CC(C)C1=CC2=CCC3[C@](C)(CN)CCC[C@]3(C)C2CC1,CC(C)C1=CC2=CCC3[C@](C)(CNCC(F)F)CCC[C@]3(C)C2CC1,4.7,20.4,81.3,0.0,-1.0,112,96.03,0.2,Electrophile,acid02-C14,1,2,1,gGPdCQHJPR[jf@@,C(C(=O)O)(F)F,1,1,381-73-7,0,N3,3,24
E45,E112_DIFLUOROACETIC ACID,C(C(=O)O)(F)F,N4_Scaffold 6,CCNC[C@@]1(C)C2[C@](C)(CCC1)c3c(CC2)cc(C(C)C)c(c3)N,CCNC[C@]1(C)CCC[C@]2(C)c3cc(NCC(F)F)c(C(C)C)cc3CCC12,5.9,6.4,52.1,0.0,-1.0,112,96.03,0.2,Electrophile,acid02-C14,1,2,1,gGPdCQHJPR[jf@@,C(C(=O)O)(F)F,1,1,381-73-7,0,N4,4,24
F9,"E113_2,2-DIFLUOROPENT-4-ENOIC ACID, 95%",C=CCC(C(=O)O)(F)F,N1_(+)-Dehydroabietylamine,CC(C)c1ccc2c(c1)CC[C@H]1[C@](C)(CN)CCC[C@]21C,C=CCC(F)(F)CNC[C@]1(C)CCC[C@]2(C)c3ccc(C(C)C)cc3CC[C@@H]12,24.1,11.2,31.6,0.0,-1.0,113,136.1,0.2,Electrophile,acid02-C15,1,2,1,diDDPJXIAICHiMDZii@@,C=CCC(C(=O)O)(F)F,1,1,55039-89-9,0,N1,1,25
F21,"E113_2,2-DIFLUOROPENT-4-ENOIC ACID, 95%",C=CCC(C(=O)O)(F)F,N2_hydroxydehydroabietylamine,CC(C)C(C(O)=C1)=CC2=C1[C@]3(C)C(CC2)[C@](C)(CN)CCC3,C=CCC(F)(F)CNC[C@]1(C)CCC[C@]2(C)c3cc(O)c(C(C)C)cc3CCC12,0.3,0.0,0.0,0.0,-1.0,113,136.1,0.2,Electrophile,acid02-C15,1,2,1,diDDPJXIAICHiMDZii@@,C=CCC(C(=O)O)(F)F,1,1,55039-89-9,0,N2,2,25
F33,"E113_2,2-DIFLUOROPENT-4-ENOIC ACID, 95%",C=CCC(C(=O)O)(F)F,N3_Scaffold 7,CC(C)C1=CC2=CCC3[C@](C)(CN)CCC[C@]3(C)C2CC1,C=CCC(F)(F)CNC[C@]1(C)CCC[C@]2(C)C3CCC(C(C)C)=CC3=CCC12,28.4,0.0,0.0,71.7,7.49,113,136.1,0.2,Electrophile,acid02-C15,1,2,1,diDDPJXIAICHiMDZii@@,C=CCC(C(=O)O)(F)F,1,1,55039-89-9,0,N3,3,25
F45,"E113_2,2-DIFLUOROPENT-4-ENOIC ACID, 95%",C=CCC(C(=O)O)(F)F,N4_Scaffold 6,CCNC[C@@]1(C)C2[C@](C)(CCC1)c3c(CC2)cc(C(C)C)c(c3)N,C=CCC(F)(F)CNc1cc2c(cc1C(C)C)CCC1[C@](C)(CNCC)CCC[C@]21C,3.0,0.0,0.0,11.8,-1.0,113,136.1,0.2,Electrophile,acid02-C15,1,2,1,diDDPJXIAICHiMDZii@@,C=CCC(C(=O)O)(F)F,1,1,55039-89-9,0,N4,4,25
G9,"E114_3,3-DIMETHYLBUTYRIC ACID, 98%",CC(C)(C)CC(=O)O,N1_(+)-Dehydroabietylamine,CC(C)c1ccc2c(c1)CC[C@H]1[C@](C)(CN)CCC[C@]21C,CC(C)c1ccc2c(c1)CC[C@H]1[C@](C)(CNCCC(C)(C)C)CCC[C@]21C,3.24,5.7,63.8,0.0,-1.0,114,116.16,0.2,Electrophile,acid02-D1,1,2,1,daxD@@QImijj@@,CC(C)(C)CC(=O)O,1,1,1070-83-3,0,N1,1,26
G21,"E114_3,3-DIMETHYLBUTYRIC ACID, 98%",CC(C)(C)CC(=O)O,N2_hydroxydehydroabietylamine,CC(C)C(C(O)=C1)=CC2=C1[C@]3(C)C(CC2)[C@](C)(CN)CCC3,CC(C)c1cc2c(cc1O)[C@@]1(C)CCC[C@@](C)(CNCCC(C)(C)C)C1CC2,0.0,1.0,100.0,28.0,-1.0,114,116.16,0.2,Electrophile,acid02-D1,1,2,1,daxD@@QImijj@@,CC(C)(C)CC(=O)O,1,1,1070-83-3,0,N2,2,26
G33,"E114_3,3-DIMETHYLBUTYRIC ACID, 98%",CC(C)(C)CC(=O)O,N3_Scaffold 7,CC(C)C1=CC2=CCC3[C@](C)(CN)CCC[C@]3(C)C2CC1,CC(C)C1=CC2=CCC3[C@](C)(CNCCC(C)(C)C)CCC[C@]3(C)C2CC1,1.7,4.8,73.8,0.0,-1.0,114,116.16,0.2,Electrophile,acid02-D1,1,2,1,daxD@@QImijj@@,CC(C)(C)CC(=O)O,1,1,1070-83-3,0,N3,3,26
G45,"E114_3,3-DIMETHYLBUTYRIC ACID, 98%",CC(C)(C)CC(=O)O,N4_Scaffold 6,CCNC[C@@]1(C)C2[C@](C)(CCC1)c3c(CC2)cc(C(C)C)c(c3)N,CCNC[C@]1(C)CCC[C@]2(C)c3cc(NCCC(C)(C)C)c(C(C)C)cc3CCC12,2.3,6.9,75.0,12.5,-1.0,114,116.16,0.2,Electrophile,acid02-D1,1,2,1,daxD@@QImijj@@,CC(C)(C)CC(=O)O,1,1,1070-83-3,0,N4,4,26
H9,"E115_2,2-DIMETHYL-4-PENTENOIC ACID, 95%",CC(C)(CC=C)C(=O)O,N1_(+)-Dehydroabietylamine,CC(C)c1ccc2c(c1)CC[C@H]1[C@](C)(CN)CCC[C@]21C,C=CCC(C)(C)CNC[C@]1(C)CCC[C@]2(C)c3ccc(C(C)C)cc3CC[C@@H]12,6.2,0.0,0.0,10.0,-1.0,115,128.17,0.2,Electrophile,acid02-D2,1,2,1,diDD@@SHiiDVji@@,CC(C)(CC=C)C(=O)O,1,1,16386-93-9,0,N1,1,27
H21,"E115_2,2-DIMETHYL-4-PENTENOIC ACID, 95%",CC(C)(CC=C)C(=O)O,N2_hydroxydehydroabietylamine,CC(C)C(C(O)=C1)=CC2=C1[C@]3(C)C(CC2)[C@](C)(CN)CCC3,C=CCC(C)(C)CNC[C@]1(C)CCC[C@]2(C)c3cc(O)c(C(C)C)cc3CCC12,0.0,0.0,0.0,33.5,-1.0,115,128.17,0.2,Electrophile,acid02-D2,1,2,1,diDD@@SHiiDVji@@,CC(C)(CC=C)C(=O)O,1,1,16386-93-9,0,N2,2,27
H33,"E115_2,2-DIMETHYL-4-PENTENOIC ACID, 95%",CC(C)(CC=C)C(=O)O,N3_Scaffold 7,CC(C)C1=CC2=CCC3[C@](C)(CN)CCC[C@]3(C)C2CC1,C=CCC(C)(C)CNC[C@]1(C)CCC[C@]2(C)C3CCC(C(C)C)=CC3=CCC12,4.4,0.0,0.0,12.0,-1.0,115,128.17,0.2,Electrophile,acid02-D2,1,2,1,diDD@@SHiiDVji@@,CC(C)(CC=C)C(=O)O,1,1,16386-93-9,0,N3,3,27
H45,"E115_2,2-DIMETHYL-4-PENTENOIC ACID, 95%",CC(C)(CC=C)C(=O)O,N4_Scaffold 6,CCNC[C@@]1(C)C2[C@](C)(CCC1)c3c(CC2)cc(C(C)C)c(c3)N,C=CCC(C)(C)CNc1cc2c(cc1C(C)C)CCC1[C@](C)(CNCC)CCC[C@]21C,14.4,0.0,0.0,20.3,-1.0,115,128.17,0.2,Electrophile,acid02-D2,1,2,1,diDD@@SHiiDVji@@,CC(C)(CC=C)C(=O)O,1,1,16386-93-9,0,N4,4,27
I9,E125_2-acetamidoprop-2-enoic acid,CC(=O)NC(=C)C(=O)O,N1_(+)-Dehydroabietylamine,CC(C)c1ccc2c(c1)CC[C@H]1[C@](C)(CN)CCC[C@]21C,C=C(CNC[C@]1(C)CCC[C@]2(C)c3ccc(C(C)C)cc3CC[C@@H]12)NC(C)=O,20.28,0.0,0.0,0.0,-1.0,125,129.11,0.2,Electrophile,acid02-D13,1,2,1,diFL@BANR[gfif@@,CC(=O)NC(=C)C(=O)O,1,1,5429-56-1,0,N1,1,28
I21,E125_2-acetamidoprop-2-enoic acid,CC(=O)NC(=C)C(=O)O,N2_hydroxydehydroabietylamine,CC(C)C(C(O)=C1)=CC2=C1[C@]3(C)C(CC2)[C@](C)(CN)CCC3,C=C(CNC[C@]1(C)CCC[C@]2(C)c3cc(O)c(C(C)C)cc3CCC12)NC(C)=O,1.15,0.0,0.0,0.0,-1.0,125,129.11,0.2,Electrophile,acid02-D13,1,2,1,diFL@BANR[gfif@@,CC(=O)NC(=C)C(=O)O,1,1,5429-56-1,0,N2,2,28
I33,E125_2-acetamidoprop-2-enoic acid,CC(=O)NC(=C)C(=O)O,N3_Scaffold 7,CC(C)C1=CC2=CCC3[C@](C)(CN)CCC[C@]3(C)C2CC1,C=C(CNC[C@]1(C)CCC[C@]2(C)C3CCC(C(C)C)=CC3=CCC12)NC(C)=O,10.0,0.4,4.1,15.3,-1.0,125,129.11,0.2,Electrophile,acid02-D13,1,2,1,diFL@BANR[gfif@@,CC(=O)NC(=C)C(=O)O,1,1,5429-56-1,0,N3,3,28
I45,E125_2-acetamidoprop-2-enoic acid,CC(=O)NC(=C)C(=O)O,N4_Scaffold 6,CCNC[C@@]1(C)C2[C@](C)(CCC1)c3c(CC2)cc(C(C)C)c(c3)N,C=C(CNc1cc2c(cc1C(C)C)CCC1[C@](C)(CNCC)CCC[C@]21C)NC(C)=O,5.9,0.0,0.0,0.0,-1.0,125,129.11,0.2,Electrophile,acid02-D13,1,2,1,diFL@BANR[gfif@@,CC(=O)NC(=C)C(=O)O,1,1,5429-56-1,0,N4,4,28
L9,E138_but-2-ynoic acid,CC#CC(=O)O,N1_(+)-Dehydroabietylamine,CC(C)c1ccc2c(c1)CC[C@H]1[C@](C)(CN)CCC[C@]21C,CC#CCNC[C@]1(C)CCC[C@]2(C)c3ccc(C(C)C)cc3CC[C@@H]12,4.1,3.3,44.4,29.3,-1.0,138,84.07,0.2,Electrophile,acid02-E12,1,2,1,gGP`@dfuk`@,CC#CC(=O)O,1,1,590-93-2,0,N1,1,29
L21,E138_but-2-ynoic acid,CC#CC(=O)O,N2_hydroxydehydroabietylamine,CC(C)C(C(O)=C1)=CC2=C1[C@]3(C)C(CC2)[C@](C)(CN)CCC3,CC#CCNC[C@]1(C)CCC[C@]2(C)c3cc(O)c(C(C)C)cc3CCC12,0.0,0.0,0.0,42.4,-1.0,138,84.07,0.2,Electrophile,acid02-E12,1,2,1,gGP`@dfuk`@,CC#CC(=O)O,1,1,590-93-2,0,N2,2,29
L33,E138_but-2-ynoic acid,CC#CC(=O)O,N3_Scaffold 7,CC(C)C1=CC2=CCC3[C@](C)(CN)CCC[C@]3(C)C2CC1,CC#CCNC[C@]1(C)CCC[C@]2(C)C3CCC(C(C)C)=CC3=CCC12,7.5,0.0,0.0,3.3,-1.0,138,84.07,0.2,Electrophile,acid02-E12,1,2,1,gGP`@dfuk`@,CC#CC(=O)O,1,1,590-93-2,0,N3,3,29
L45,E138_but-2-ynoic acid,CC#CC(=O)O,N4_Scaffold 6,CCNC[C@@]1(C)C2[C@](C)(CCC1)c3c(CC2)cc(C(C)C)c(c3)N,CC#CCNc1cc2c(cc1C(C)C)CCC1[C@](C)(CNCC)CCC[C@]21C,3.1,0.0,0.0,30.0,-1.0,138,84.07,0.2,Electrophile,acid02-E12,1,2,1,gGP`@dfuk`@,CC#CC(=O)O,1,1,590-93-2,0,N4,4,29
V9,"E186_(2E,4E)-hexa-2,4-dienoic acid",CC=CC=CC(=O)O,N1_(+)-Dehydroabietylamine,CC(C)c1ccc2c(c1)CC[C@H]1[C@](C)(CN)CCC[C@]21C,CC=CC=CCNC[C@]1(C)CCC[C@]2(C)c3ccc(C(C)C)cc3CC[C@@H]12,27.4,0.0,0.0,0.0,-1.0,186,112.13,0.2,Electrophile,acid03-C6,1,2,1,daxD@@QImUif@@,CC=CC=CC(=O)O,1,1,110-44-1,0,N1,1,30
V21,"E186_(2E,4E)-hexa-2,4-dienoic acid",CC=CC=CC(=O)O,N2_hydroxydehydroabietylamine,CC(C)C(C(O)=C1)=CC2=C1[C@]3(C)C(CC2)[C@](C)(CN)CCC3,CC=CC=CCNC[C@]1(C)CCC[C@]2(C)c3cc(O)c(C(C)C)cc3CCC12,0.2,0.2,51.6,0.0,-1.0,186,112.13,0.2,Electrophile,acid03-C6,1,2,1,daxD@@QImUif@@,CC=CC=CC(=O)O,1,1,110-44-1,0,N2,2,30
V33,"E186_(2E,4E)-hexa-2,4-dienoic acid",CC=CC=CC(=O)O,N3_Scaffold 7,CC(C)C1=CC2=CCC3[C@](C)(CN)CCC[C@]3(C)C2CC1,CC=CC=CCNC[C@]1(C)CCC[C@]2(C)C3CCC(C(C)C)=CC3=CCC12,8.2,1.6,16.2,7.9,-1.0,186,112.13,0.2,Electrophile,acid03-C6,1,2,1,daxD@@QImUif@@,CC=CC=CC(=O)O,1,1,110-44-1,0,N3,3,30
V45,"E186_(2E,4E)-hexa-2,4-dienoic acid",CC=CC=CC(=O)O,N4_Scaffold 6,CCNC[C@@]1(C)C2[C@](C)(CCC1)c3c(CC2)cc(C(C)C)c(c3)N,CC=CC=CCNc1cc2c(cc1C(C)C)CCC1[C@](C)(CNCC)CCC[C@]21C,5.9,0.0,0.0,0.0,-1.0,186,112.13,0.2,Electrophile,acid03-C6,1,2,1,daxD@@QImUif@@,CC=CC=CC(=O)O,1,1,110-44-1,0,N4,4,30
E5,E187_2-benzamidoacetic acid,C1=CC=C(C=C1)C(=O)NCC(=O)O,N1_(+)-Dehydroabietylamine,CC(C)c1ccc2c(c1)CC[C@H]1[C@](C)(CN)CCC[C@]21C,CC(C)c1ccc2c(c1)CC[C@H]1[C@](C)(CNCCNC(=O)c3ccccc3)CCC[C@]21C,11.23,15.3,57.6,0.7,-1.0,187,179.17,0.2,Electrophile,acid03-C7,1,2,1,dknL@DA]RYYUfSZ``X@@,C1=CC=C(C=C1)C(=O)NCC(=O)O,1,1,495-69-2,0,N1,1,31
E17,E187_2-benzamidoacetic acid,C1=CC=C(C=C1)C(=O)NCC(=O)O,N2_hydroxydehydroabietylamine,CC(C)C(C(O)=C1)=CC2=C1[C@]3(C)C(CC2)[C@](C)(CN)CCC3,CC(C)c1cc2c(cc1O)[C@@]1(C)CCC[C@@](C)(CNCCNC(=O)c3ccccc3)C1CC2,0.0,4.1,100.0,0.0,-1.0,187,179.17,0.2,Electrophile,acid03-C7,1,2,1,dknL@DA]RYYUfSZ``X@@,C1=CC=C(C=C1)C(=O)NCC(=O)O,1,1,495-69-2,0,N2,2,31
E29,E187_2-benzamidoacetic acid,C1=CC=C(C=C1)C(=O)NCC(=O)O,N3_Scaffold 7,CC(C)C1=CC2=CCC3[C@](C)(CN)CCC[C@]3(C)C2CC1,CC(C)C1=CC2=CCC3[C@](C)(CNCCNC(=O)c4ccccc4)CCC[C@]3(C)C2CC1,5.5,23.1,80.8,22.3,-1.0,187,179.17,0.2,Electrophile,acid03-C7,1,2,1,dknL@DA]RYYUfSZ``X@@,C1=CC=C(C=C1)C(=O)NCC(=O)O,1,1,495-69-2,0,N3,3,31
E41,E187_2-benzamidoacetic acid,C1=CC=C(C=C1)C(=O)NCC(=O)O,N4_Scaffold 6,CCNC[C@@]1(C)C2[C@](C)(CCC1)c3c(CC2)cc(C(C)C)c(c3)N,CCNC[C@]1(C)CCC[C@]2(C)c3cc(NCCNC(=O)c4ccccc4)c(C(C)C)cc3CCC12,11.7,16.2,58.0,0.0,-1.0,187,179.17,0.2,Electrophile,acid03-C7,1,2,1,dknL@DA]RYYUfSZ``X@@,C1=CC=C(C=C1)C(=O)NCC(=O)O,1,1,495-69-2,0,N4,4,31
Y9,E199_2-methylpropanoic acid,CC(C)C(=O)O,N1_(+)-Dehydroabietylamine,CC(C)c1ccc2c(c1)CC[C@H]1[C@](C)(CN)CCC[C@]21C,CC(C)CNC[C@]1(C)CCC[C@]2(C)c3ccc(C(C)C)cc3CC[C@@H]12,11.21,9.5,46.0,0.0,-1.0,199,88.11,0.2,Electrophile,acid03-D5,1,2,1,gGP`@dfyj`@,CC(C)C(=O)O,1,1,79-31-2,0,N1,1,32
Y21,E199_2-methylpropanoic acid,CC(C)C(=O)O,N2_hydroxydehydroabietylamine,CC(C)C(C(O)=C1)=CC2=C1[C@]3(C)C(CC2)[C@](C)(CN)CCC3,CC(C)CNC[C@]1(C)CCC[C@]2(C)c3cc(O)c(C(C)C)cc3CCC12,0.0,0.8,100.0,0.0,-1.0,199,88.11,0.2,Electrophile,acid03-D5,1,2,1,gGP`@dfyj`@,CC(C)C(=O)O,1,1,79-31-2,0,N2,2,32
Y33,E199_2-methylpropanoic acid,CC(C)C(=O)O,N3_Scaffold 7,CC(C)C1=CC2=CCC3[C@](C)(CN)CCC[C@]3(C)C2CC1,CC(C)CNC[C@]1(C)CCC[C@]2(C)C3CCC(C(C)C)=CC3=CCC12,1.5,4.0,72.6,0.0,-1.0,199,88.11,0.2,Electrophile,acid03-D5,1,2,1,gGP`@dfyj`@,CC(C)C(=O)O,1,1,79-31-2,0,N3,3,32
Y45,E199_2-methylpropanoic acid,CC(C)C(=O)O,N4_Scaffold 6,CCNC[C@@]1(C)C2[C@](C)(CCC1)c3c(CC2)cc(C(C)C)c(c3)N,CCNC[C@]1(C)CCC[C@]2(C)c3cc(NCC(C)C)c(C(C)C)cc3CCC12,6.6,4.7,41.5,0.0,-1.0,199,88.11,0.2,Electrophile,acid03-D5,1,2,1,gGP`@dfyj`@,CC(C)C(=O)O,1,1,79-31-2,0,N4,4,32
Q5,"E202_(9Z,12Z)-octadeca-9,12-dienoic acid",CCCCCC=CCC=CCCCCCCCC(=O)O,N1_(+)-Dehydroabietylamine,CC(C)c1ccc2c(c1)CC[C@H]1[C@](C)(CN)CCC[C@]21C,CCCCCC=CCC=CCCCCCCCCNC[C@]1(C)CCC[C@]2(C)c3ccc(C(C)C)cc3CC[C@@H]12,4.61,0.0,0.0,4.9,-1.0,202,280.4,0.2,Electrophile,acid03-D8,1,2,1,fby@`@@HR[UUUUUZjjffj`@@,CCCCCC=CCC=CCCCCCCCC(=O)O,1,1,60-33-3,0,N1,1,33
Q17,"E202_(9Z,12Z)-octadeca-9,12-dienoic acid",CCCCCC=CCC=CCCCCCCCC(=O)O,N2_hydroxydehydroabietylamine,CC(C)C(C(O)=C1)=CC2=C1[C@]3(C)C(CC2)[C@](C)(CN)CCC3,CCCCCC=CCC=CCCCCCCCCNC[C@]1(C)CCC[C@]2(C)c3cc(O)c(C(C)C)cc3CCC12,0.0,0.0,0.0,0.0,-1.0,202,280.4,0.2,Electrophile,acid03-D8,1,2,1,fby@`@@HR[UUUUUZjjffj`@@,CCCCCC=CCC=CCCCCCCCC(=O)O,1,1,60-33-3,0,N2,2,33
Q29,"E202_(9Z,12Z)-octadeca-9,12-dienoic acid",CCCCCC=CCC=CCCCCCCCC(=O)O,N3_Scaffold 7,CC(C)C1=CC2=CCC3[C@](C)(CN)CCC[C@]3(C)C2CC1,CCCCCC=CCC=CCCCCCCCCNC[C@]1(C)CCC[C@]2(C)C3CCC(C(C)C)=CC3=CCC12,1.8,0.0,0.0,17.0,-1.0,202,280.4,0.2,Electrophile,acid03-D8,1,2,1,fby@`@@HR[UUUUUZjjffj`@@,CCCCCC=CCC=CCCCCCCCC(=O)O,1,1,60-33-3,0,N3,3,33
Q41,"E202_(9Z,12Z)-octadeca-9,12-dienoic acid",CCCCCC=CCC=CCCCCCCCC(=O)O,N4_Scaffold 6,CCNC[C@@]1(C)C2[C@](C)(CCC1)c3c(CC2)cc(C(C)C)c(c3)N,CCCCCC=CCC=CCCCCCCCCNc1cc2c(cc1C(C)C)CCC1[C@](C)(CNCC)CCC[C@]21C,0.0,0.0,0.0,0.0,-1.0,202,280.4,0.2,Electrophile,acid03-D8,1,2,1,fby@`@@HR[UUUUUZjjffj`@@,CCCCCC=CCC=CCCCCCCCC(=O)O,1,1,60-33-3,0,N4,4,33
R5,"E203_(4R)-4-[(3R,5R,8R,9S,10S,13R,14S,17R)-3-hydroxy-10,13-dimethyl-2,3,4,5,6,7,8,9,11,12,14,15,16,17-tetradecahydro-1H-cyclopenta[a]phenanthren-17-yl]pentanoic acid",CC(CCC(=O)O)C1CCC2C1(CCC3C2CCC4C3(CCC(C4)O)C)C,N1_(+)-Dehydroabietylamine,CC(C)c1ccc2c(c1)CC[C@H]1[C@](C)(CN)CCC[C@]21C,CC(C)c1ccc2c(c1)CC[C@H]1[C@](C)(CNCCCC(C)C3CCC4C5CCC6CC(O)CCC6(C)C5CCC34C)CCC[C@]21C,4.7,0.0,0.0,18.7,-1.0,203,376.6,0.2,Electrophile,acid03-D9,1,2,1,fmoA`@@HWdTrTTtbRLrTfVrk^CdhymUUUUUUUUU@@@,CC(CCC(=O)O)C1CCC2C1(CCC3C2CCC4C3(CCC(C4)O)C)C,1,1,434-13-9,0,N1,1,34
R17,"E203_(4R)-4-[(3R,5R,8R,9S,10S,13R,14S,17R)-3-hydroxy-10,13-dimethyl-2,3,4,5,6,7,8,9,11,12,14,15,16,17-tetradecahydro-1H-cyclopenta[a]phenanthren-17-yl]pentanoic acid",CC(CCC(=O)O)C1CCC2C1(CCC3C2CCC4C3(CCC(C4)O)C)C,N2_hydroxydehydroabietylamine,CC(C)C(C(O)=C1)=CC2=C1[C@]3(C)C(CC2)[C@](C)(CN)CCC3,CC(C)c1cc2c(cc1O)[C@@]1(C)CCC[C@@](C)(CNCCCC(C)C3CCC4C5CCC6CC(O)CCC6(C)C5CCC34C)C1CC2,0.0,0.0,0.0,19.8,-1.0,203,376.6,0.2,Electrophile,acid03-D9,1,2,1,fmoA`@@HWdTrTTtbRLrTfVrk^CdhymUUUUUUUUU@@@,CC(CCC(=O)O)C1CCC2C1(CCC3C2CCC4C3(CCC(C4)O)C)C,1,1,434-13-9,0,N2,2,34
R29,"E203_(4R)-4-[(3R,5R,8R,9S,10S,13R,14S,17R)-3-hydroxy-10,13-dimethyl-2,3,4,5,6,7,8,9,11,12,14,15,16,17-tetradecahydro-1H-cyclopenta[a]phenanthren-17-yl]pentanoic acid",CC(CCC(=O)O)C1CCC2C1(CCC3C2CCC4C3(CCC(C4)O)C)C,N3_Scaffold 7,CC(C)C1=CC2=CCC3[C@](C)(CN)CCC[C@]3(C)C2CC1,CC(C)C1=CC2=CCC3[C@](C)(CNCCCC(C)C4CCC5C6CCC7CC(O)CCC7(C)C6CCC45C)CCC[C@]3(C)C2CC1,0.7,0.9,56.2,16.7,-1.0,203,376.6,0.2,Electrophile,acid03-D9,1,2,1,fmoA`@@HWdTrTTtbRLrTfVrk^CdhymUUUUUUUUU@@@,CC(CCC(=O)O)C1CCC2C1(CCC3C2CCC4C3(CCC(C4)O)C)C,1,1,434-13-9,0,N3,3,34
R41,"E203_(4R)-4-[(3R,5R,8R,9S,10S,13R,14S,17R)-3-hydroxy-10,13-dimethyl-2,3,4,5,6,7,8,9,11,12,14,15,16,17-tetradecahydro-1H-cyclopenta[a]phenanthren-17-yl]pentanoic acid",CC(CCC(=O)O)C1CCC2C1(CCC3C2CCC4C3(CCC(C4)O)C)C,N4_Scaffold 6,CCNC[C@@]1(C)C2[C@](C)(CCC1)c3c(CC2)cc(C(C)C)c(c3)N,CCNC[C@]1(C)CCC[C@]2(C)c3cc(NCCCC(C)C4CCC5C6CCC7CC(O)CCC7(C)C6CCC45C)c(C(C)C)cc3CCC12,0.6,0.0,0.0,0.0,-1.0,203,376.6,0.2,Electrophile,acid03-D9,1,2,1,fmoA`@@HWdTrTTtbRLrTfVrk^CdhymUUUUUUUUU@@@,CC(CCC(=O)O)C1CCC2C1(CCC3C2CCC4C3(CCC(C4)O)C)C,1,1,434-13-9,0,N4,4,34
A10,E227_3-methylbut-2-enoic acid,CC(=CC(=O)O)C,N1_(+)-Dehydroabietylamine,CC(C)c1ccc2c(c1)CC[C@H]1[C@](C)(CN)CCC[C@]21C,CC(C)=CCNC[C@]1(C)CCC[C@]2(C)c3ccc(C(C)C)cc3CC[C@@H]12,13.84,6.7,32.6,0.0,-1.0,227,100.12,0.2,Electrophile,acid03-F7,1,2,1,gNp`@dfvZZ@@,CC(=CC(=O)O)C,1,1,541-47-9,0,N1,1,35
A22,E227_3-methylbut-2-enoic acid,CC(=CC(=O)O)C,N2_hydroxydehydroabietylamine,CC(C)C(C(O)=C1)=CC2=C1[C@]3(C)C(CC2)[C@](C)(CN)CCC3,CC(C)=CCNC[C@]1(C)CCC[C@]2(C)c3cc(O)c(C(C)C)cc3CCC12,1.54,3.2,67.8,0.0,-1.0,227,100.12,0.2,Electrophile,acid03-F7,1,2,1,gNp`@dfvZZ@@,CC(=CC(=O)O)C,1,1,541-47-9,0,N2,2,35
A34,E227_3-methylbut-2-enoic acid,CC(=CC(=O)O)C,N3_Scaffold 7,CC(C)C1=CC2=CCC3[C@](C)(CN)CCC[C@]3(C)C2CC1,CC(C)=CCNC[C@]1(C)CCC[C@]2(C)C3CCC(C(C)C)=CC3=CCC12,1.0,1.8,64.5,0.0,-1.0,227,100.12,0.2,Electrophile,acid03-F7,1,2,1,gNp`@dfvZZ@@,CC(=CC(=O)O)C,1,1,541-47-9,0,N3,3,35
A46,E227_3-methylbut-2-enoic acid,CC(=CC(=O)O)C,N4_Scaffold 6,CCNC[C@@]1(C)C2[C@](C)(CCC1)c3c(CC2)cc(C(C)C)c(c3)N,CCNC[C@]1(C)CCC[C@]2(C)c3cc(NCC=C(C)C)c(C(C)C)cc3CCC12,1.6,0.0,0.0,0.0,-1.0,227,100.12,0.2,Electrophile,acid03-F7,1,2,1,gNp`@dfvZZ@@,CC(=CC(=O)O)C,1,1,541-47-9,0,N4,4,35
N6,E242_(Z)-octadec-9-enoic acid,CCCCCCCCC=CCCCCCCCC(=O)O,N1_(+)-Dehydroabietylamine,CC(C)c1ccc2c(c1)CC[C@H]1[C@](C)(CN)CCC[C@]21C,CCCCCCCCC=CCCCCCCCCNC[C@]1(C)CCC[C@]2(C)c3ccc(C(C)C)cc3CC[C@@H]12,17.0,0.0,0.0,25.0,-1.0,242,282.5,0.2,Electrophile,acid04-A8,1,2,1,fby@`@@HR[UUUUUZjjfjj`@@,CCCCCCCCC=CCCCCCCCC(=O)O,1,1,112-80-1,0,N1,1,36
N18,E242_(Z)-octadec-9-enoic acid,CCCCCCCCC=CCCCCCCCC(=O)O,N2_hydroxydehydroabietylamine,CC(C)C(C(O)=C1)=CC2=C1[C@]3(C)C(CC2)[C@](C)(CN)CCC3,CCCCCCCCC=CCCCCCCCCNC[C@]1(C)CCC[C@]2(C)c3cc(O)c(C(C)C)cc3CCC12,0.7,0.0,0.0,3.9,-1.0,242,282.5,0.2,Electrophile,acid04-A8,1,2,1,fby@`@@HR[UUUUUZjjfjj`@@,CCCCCCCCC=CCCCCCCCC(=O)O,1,1,112-80-1,0,N2,2,36
N30,E242_(Z)-octadec-9-enoic acid,CCCCCCCCC=CCCCCCCCC(=O)O,N3_Scaffold 7,CC(C)C1=CC2=CCC3[C@](C)(CN)CCC[C@]3(C)C2CC1,CCCCCCCCC=CCCCCCCCCNC[C@]1(C)CCC[C@]2(C)C3CCC(C(C)C)=CC3=CCC12,8.9,0.0,0.0,17.3,-1.0,242,282.5,0.2,Electrophile,acid04-A8,1,2,1,fby@`@@HR[UUUUUZjjfjj`@@,CCCCCCCCC=CCCCCCCCC(=O)O,1,1,112-80-1,0,N3,3,36
N42,E242_(Z)-octadec-9-enoic acid,CCCCCCCCC=CCCCCCCCC(=O)O,N4_Scaffold 6,CCNC[C@@]1(C)C2[C@](C)(CCC1)c3c(CC2)cc(C(C)C)c(c3)N,CCCCCCCCC=CCCCCCCCCNc1cc2c(cc1C(C)C)CCC1[C@](C)(CNCC)CCC[C@]21C,8.1,0.2,2.9,4.5,-1.0,242,282.5,0.2,Electrophile,acid04-A8,1,2,1,fby@`@@HR[UUUUUZjjfjj`@@,CCCCCCCCC=CCCCCCCCC(=O)O,1,1,112-80-1,0,N4,4,36
P6,"E247_1-PYRENEBUTYRIC ACID, 97%",C1=CC2=C3C(=C1)C=CC4=C(C=CC(=C43)C=C2)CCCC(=O)O,N1_(+)-Dehydroabietylamine,CC(C)c1ccc2c(c1)CC[C@H]1[C@](C)(CN)CCC[C@]21C,CC(C)c1ccc2c(c1)CC[C@H]1[C@](C)(CNCCCCc3ccc4ccc5cccc6ccc3c4c56)CCC[C@]21C,6.8,49.1,87.9,11.6,-1.0,247,288.3,0.2,Electrophile,acid04-A15,1,2,1,ffs@`@@HR[UfV^]oUg^cdmVj`@@@@@@@@,C1=CC2=C3C(=C1)C=CC4=C(C=CC(=C43)C=C2)CCCC(=O)O,1,1,3443-45-6,0,N1,1,37
P18,"E247_1-PYRENEBUTYRIC ACID, 97%",C1=CC2=C3C(=C1)C=CC4=C(C=CC(=C43)C=C2)CCCC(=O)O,N2_hydroxydehydroabietylamine,CC(C)C(C(O)=C1)=CC2=C1[C@]3(C)C(CC2)[C@](C)(CN)CCC3,CC(C)c1cc2c(cc1O)[C@@]1(C)CCC[C@@](C)(CNCCCCc3ccc4ccc5cccc6ccc3c4c56)C1CC2,0.0,0.0,0.0,40.0,-1.0,247,288.3,0.2,Electrophile,acid04-A15,1,2,1,ffs@`@@HR[UfV^]oUg^cdmVj`@@@@@@@@,C1=CC2=C3C(=C1)C=CC4=C(C=CC(=C43)C=C2)CCCC(=O)O,1,1,3443-45-6,0,N2,2,37
P30,"E247_1-PYRENEBUTYRIC ACID, 97%",C1=CC2=C3C(=C1)C=CC4=C(C=CC(=C43)C=C2)CCCC(=O)O,N3_Scaffold 7,CC(C)C1=CC2=CCC3[C@](C)(CN)CCC[C@]3(C)C2CC1,CC(C)C1=CC2=CCC3[C@](C)(CNCCCCc4ccc5ccc6cccc7ccc4c5c67)CCC[C@]3(C)C2CC1,3.7,12.3,76.8,28.5,-1.0,247,288.3,0.2,Electrophile,acid04-A15,1,2,1,ffs@`@@HR[UfV^]oUg^cdmVj`@@@@@@@@,C1=CC2=C3C(=C1)C=CC4=C(C=CC(=C43)C=C2)CCCC(=O)O,1,1,3443-45-6,0,N3,3,37
P42,"E247_1-PYRENEBUTYRIC ACID, 97%",C1=CC2=C3C(=C1)C=CC4=C(C=CC(=C43)C=C2)CCCC(=O)O,N4_Scaffold 6,CCNC[C@@]1(C)C2[C@](C)(CCC1)c3c(CC2)cc(C(C)C)c(c3)N,CCNC[C@]1(C)CCC[C@]2(C)c3cc(NCCCCc4ccc5ccc6cccc7ccc4c5c67)c(C(C)C)cc3CCC12,4.0,24.5,86.0,28.6,-1.0,247,288.3,0.2,Electrophile,acid04-A15,1,2,1,ffs@`@@HR[UfV^]oUg^cdmVj`@@@@@@@@,C1=CC2=C3C(=C1)C=CC4=C(C=CC(=C43)C=C2)CCCC(=O)O,1,1,3443-45-6,0,N4,4,37
M10,"E255_TRIMETHYLACETIC ACID, 99%",CC(C)(C)C(=O)O,N1_(+)-Dehydroabietylamine,CC(C)c1ccc2c(c1)CC[C@H]1[C@](C)(CN)CCC[C@]21C,CC(C)c1ccc2c(c1)CC[C@H]1[C@](C)(CNCC(C)(C)C)CCC[C@]21C,15.14,5.0,24.9,0.9,-1.0,255,102.13,0.2,Electrophile,acid04-B12,1,2,1,gNp`@dfzZj@@,CC(C)(C)C(=O)O,1,1,75-98-9,0,N1,1,38
M22,"E255_TRIMETHYLACETIC ACID, 99%",CC(C)(C)C(=O)O,N2_hydroxydehydroabietylamine,CC(C)C(C(O)=C1)=CC2=C1[C@]3(C)C(CC2)[C@](C)(CN)CCC3,CC(C)c1cc2c(cc1O)[C@@]1(C)CCC[C@@](C)(CNCC(C)(C)C)C1CC2,0.0,0.6,100.0,24.2,-1.0,255,102.13,0.2,Electrophile,acid04-B12,1,2,1,gNp`@dfzZj@@,CC(C)(C)C(=O)O,1,1,75-98-9,0,N2,2,38
M34,"E255_TRIMETHYLACETIC ACID, 99%",CC(C)(C)C(=O)O,N3_Scaffold 7,CC(C)C1=CC2=CCC3[C@](C)(CN)CCC[C@]3(C)C2CC1,CC(C)C1=CC2=CCC3[C@](C)(CNCC(C)(C)C)CCC[C@]3(C)C2CC1,2.8,1.2,30.1,0.9,-1.0,255,102.13,0.2,Electrophile,acid04-B12,1,2,1,gNp`@dfzZj@@,CC(C)(C)C(=O)O,1,1,75-98-9,0,N3,3,38
M46,"E255_TRIMETHYLACETIC ACID, 99%",CC(C)(C)C(=O)O,N4_Scaffold 6,CCNC[C@@]1(C)C2[C@](C)(CCC1)c3c(CC2)cc(C(C)C)c(c3)N,CCNC[C@]1(C)CCC[C@]2(C)c3cc(NCC(C)(C)C)c(C(C)C)cc3CCC12,19.8,0.0,0.0,10.5,-1.0,255,102.13,0.2,Electrophile,acid04-B12,1,2,1,gNp`@dfzZj@@,CC(C)(C)C(=O)O,1,1,75-98-9,0,N4,4,38
V6,E260_Retinoic acid,CC1=C(C(CCC1)(C)C)C=CC(=CC=CC(=CC(=O)O)C)C,N1_(+)-Dehydroabietylamine,CC(C)c1ccc2c(c1)CC[C@H]1[C@](C)(CN)CCC[C@]21C,CC(C=CC1=C(C)CCCC1(C)C)=CC=CC(C)=CCNC[C@]1(C)CCC[C@]2(C)c3ccc(C(C)C)cc3CC[C@@H]12,8.4,1.1,11.6,0.0,-1.0,260,300.4,0.2,Electrophile,acid04-C5,1,2,1,ffm@`@@HR[YugYfeMVffZYjjh@@,CC1=C(C(CCC1)(C)C)C=CC(=CC=CC(=CC(=O)O)C)C,1,1,302-79-4,0,N1,1,39
V18,E260_Retinoic acid,CC1=C(C(CCC1)(C)C)C=CC(=CC=CC(=CC(=O)O)C)C,N2_hydroxydehydroabietylamine,CC(C)C(C(O)=C1)=CC2=C1[C@]3(C)C(CC2)[C@](C)(CN)CCC3,CC(C=CC1=C(C)CCCC1(C)C)=CC=CC(C)=CCNC[C@]1(C)CCC[C@]2(C)c3cc(O)c(C(C)C)cc3CCC12,0.0,0.0,0.0,0.0,-1.0,260,300.4,0.2,Electrophile,acid04-C5,1,2,1,ffm@`@@HR[YugYfeMVffZYjjh@@,CC1=C(C(CCC1)(C)C)C=CC(=CC=CC(=CC(=O)O)C)C,1,1,302-79-4,0,N2,2,39
V30,E260_Retinoic acid,CC1=C(C(CCC1)(C)C)C=CC(=CC=CC(=CC(=O)O)C)C,N3_Scaffold 7,CC(C)C1=CC2=CCC3[C@](C)(CN)CCC[C@]3(C)C2CC1,CC(C=CC1=C(C)CCCC1(C)C)=CC=CC(C)=CCNC[C@]1(C)CCC[C@]2(C)C3CCC(C(C)C)=CC3=CCC12,2.2,0.0,0.0,0.0,-1.0,260,300.4,0.2,Electrophile,acid04-C5,1,2,1,ffm@`@@HR[YugYfeMVffZYjjh@@,CC1=C(C(CCC1)(C)C)C=CC(=CC=CC(=CC(=O)O)C)C,1,1,302-79-4,0,N3,3,39
V42,E260_Retinoic acid,CC1=C(C(CCC1)(C)C)C=CC(=CC=CC(=CC(=O)O)C)C,N4_Scaffold 6,CCNC[C@@]1(C)C2[C@](C)(CCC1)c3c(CC2)cc(C(C)C)c(c3)N,CCNC[C@]1(C)CCC[C@]2(C)c3cc(NCC=C(C)C=CC=C(C)C=CC4=C(C)CCCC4(C)C)c(C(C)C)cc3CCC12,0.6,0.0,0.0,0.0,-1.0,260,300.4,0.2,Electrophile,acid04-C5,1,2,1,ffm@`@@HR[YugYfeMVffZYjjh@@,CC1=C(C(CCC1)(C)C)C=CC(=CC=CC(=CC(=O)O)C)C,1,1,302-79-4,0,N4,4,39
A7,E279_10-Undecenoic Acid,C=CCCCCCCCCC(=O)O,N1_(+)-Dehydroabietylamine,CC(C)c1ccc2c(c1)CC[C@H]1[C@](C)(CN)CCC[C@]21C,C=CCCCCCCCCCNC[C@]1(C)CCC[C@]2(C)c3ccc(C(C)C)cc3CC[C@@H]12,16.1,0.0,0.0,0.0,-1.0,279,184.27,0.2,Electrophile,acid04-E1,1,2,1,dkLD@@QImUUVjjjP@,C=CCCCCCCCCC(=O)O,1,1,112-38-9,0,N1,1,40
A19,E279_10-Undecenoic Acid,C=CCCCCCCCCC(=O)O,N2_hydroxydehydroabietylamine,CC(C)C(C(O)=C1)=CC2=C1[C@]3(C)C(CC2)[C@](C)(CN)CCC3,C=CCCCCCCCCCNC[C@]1(C)CCC[C@]2(C)c3cc(O)c(C(C)C)cc3CCC12,7.58,0.0,0.0,0.0,-1.0,279,184.27,0.2,Electrophile,acid04-E1,1,2,1,dkLD@@QImUUVjjjP@,C=CCCCCCCCCC(=O)O,1,1,112-38-9,0,N2,2,40
A31,E279_10-Undecenoic Acid,C=CCCCCCCCCC(=O)O,N3_Scaffold 7,CC(C)C1=CC2=CCC3[C@](C)(CN)CCC[C@]3(C)C2CC1,C=CCCCCCCCCCNC[C@]1(C)CCC[C@]2(C)C3CCC(C(C)C)=CC3=CCC12,8.8,0.0,0.0,0.0,-1.0,279,184.27,0.2,Electrophile,acid04-E1,1,2,1,dkLD@@QImUUVjjjP@,C=CCCCCCCCCC(=O)O,1,1,112-38-9,0,N3,3,40
A43,E279_10-Undecenoic Acid,C=CCCCCCCCCC(=O)O,N4_Scaffold 6,CCNC[C@@]1(C)C2[C@](C)(CCC1)c3c(CC2)cc(C(C)C)c(c3)N,C=CCCCCCCCCCNc1cc2c(cc1C(C)C)CCC1[C@](C)(CNCC)CCC[C@]21C,3.3,0.0,0.0,0.0,-1.0,279,184.27,0.2,Electrophile,acid04-E1,1,2,1,dkLD@@QImUUVjjjP@,C=CCCCCCCCCC(=O)O,1,1,112-38-9,0,N4,4,40
C7,E283_2-Bromopropionic Acid,CC(C(=O)O)Br,N1_(+)-Dehydroabietylamine,CC(C)c1ccc2c(c1)CC[C@H]1[C@](C)(CN)CCC[C@]21C,CC(Br)CNC[C@]1(C)CCC[C@]2(C)c3ccc(C(C)C)cc3CC[C@@H]12,15.68,0.0,0.0,0.0,-1.0,283,152.97,0.2,Electrophile,acid04-E6,1,2,1,gGPhCQbILuSRT@,CC(C(=O)O)Br,1,1,598-72-1,0,N1,1,41
C19,E283_2-Bromopropionic Acid,CC(C(=O)O)Br,N2_hydroxydehydroabietylamine,CC(C)C(C(O)=C1)=CC2=C1[C@]3(C)C(CC2)[C@](C)(CN)CCC3,CC(Br)CNC[C@]1(C)CCC[C@]2(C)c3cc(O)c(C(C)C)cc3CCC12,5.58,0.0,0.0,3.7,-1.0,283,152.97,0.2,Electrophile,acid04-E6,1,2,1,gGPhCQbILuSRT@,CC(C(=O)O)Br,1,1,598-72-1,0,N2,2,41
C31,E283_2-Bromopropionic Acid,CC(C(=O)O)Br,N3_Scaffold 7,CC(C)C1=CC2=CCC3[C@](C)(CN)CCC[C@]3(C)C2CC1,CC(Br)CNC[C@]1(C)CCC[C@]2(C)C3CCC(C(C)C)=CC3=CCC12,6.9,1.6,18.8,9.8,-1.0,283,152.97,0.2,Electrophile,acid04-E6,1,2,1,gGPhCQbILuSRT@,CC(C(=O)O)Br,1,1,598-72-1,0,N3,3,41
C43,E283_2-Bromopropionic Acid,CC(C(=O)O)Br,N4_Scaffold 6,CCNC[C@@]1(C)C2[C@](C)(CCC1)c3c(CC2)cc(C(C)C)c(c3)N,CCNC[C@]1(C)CCC[C@]2(C)c3cc(NCC(C)Br)c(C(C)C)cc3CCC12,5.7,0.0,0.0,0.0,-1.0,283,152.97,0.2,Electrophile,acid04-E6,1,2,1,gGPhCQbILuSRT@,CC(C(=O)O)Br,1,1,598-72-1,0,N4,4,41
G7,E288_(E)-4-Oxo-4-phenylbut-2-enoic acid,C1=CC=C(C=C1)C(=O)C=CC(=O)O,N1_(+)-Dehydroabietylamine,CC(C)c1ccc2c(c1)CC[C@H]1[C@](C)(CN)CCC[C@]21C,CC(C)c1ccc2c(c1)CC[C@H]1[C@](C)(CNCC=CC(=O)c3ccccc3)CCC[C@]21C,20.65,0.0,0.0,0.0,-1.0,288,176.17,0.2,Electrophile,acid04-E11,1,2,1,dklL@@QdfunUtvfX@@@@,C1=CC=C(C=C1)C(=O)C=CC(=O)O,1,1,17812-07-6,0,N1,1,42
G19,E288_(E)-4-Oxo-4-phenylbut-2-enoic acid,C1=CC=C(C=C1)C(=O)C=CC(=O)O,N2_hydroxydehydroabietylamine,CC(C)C(C(O)=C1)=CC2=C1[C@]3(C)C(CC2)[C@](C)(CN)CCC3,CC(C)c1cc2c(cc1O)[C@@]1(C)CCC[C@@](C)(CNCC=CC(=O)c3ccccc3)C1CC2,0.0,6.1,100.0,24.1,-1.0,288,176.17,0.2,Electrophile,acid04-E11,1,2,1,dklL@@QdfunUtvfX@@@@,C1=CC=C(C=C1)C(=O)C=CC(=O)O,1,1,17812-07-6,0,N2,2,42
G31,E288_(E)-4-Oxo-4-phenylbut-2-enoic acid,C1=CC=C(C=C1)C(=O)C=CC(=O)O,N3_Scaffold 7,CC(C)C1=CC2=CCC3[C@](C)(CN)CCC[C@]3(C)C2CC1,CC(C)C1=CC2=CCC3[C@](C)(CNCC=CC(=O)c4ccccc4)CCC[C@]3(C)C2CC1,3.6,0.0,0.0,8.7,-1.0,288,176.17,0.2,Electrophile,acid04-E11,1,2,1,dklL@@QdfunUtvfX@@@@,C1=CC=C(C=C1)C(=O)C=CC(=O)O,1,1,17812-07-6,0,N3,3,42
G43,E288_(E)-4-Oxo-4-phenylbut-2-enoic acid,C1=CC=C(C=C1)C(=O)C=CC(=O)O,N4_Scaffold 6,CCNC[C@@]1(C)C2[C@](C)(CCC1)c3c(CC2)cc(C(C)C)c(c3)N,CCNC[C@]1(C)CCC[C@]2(C)c3cc(NCC=CC(=O)c4ccccc4)c(C(C)C)cc3CCC12,2.9,5.9,67.1,10.2,-1.0,288,176.17,0.2,Electrophile,acid04-E11,1,2,1,dklL@@QdfunUtvfX@@@@,C1=CC=C(C=C1)C(=O)C=CC(=O)O,1,1,17812-07-6,0,N4,4,42
K7,E295_6-phenoxyhexanoic acid,C1=CC=C(C=C1)OCCCCCC(=O)O,N1_(+)-Dehydroabietylamine,CC(C)c1ccc2c(c1)CC[C@H]1[C@](C)(CN)CCC[C@]21C,CC(C)c1ccc2c(c1)CC[C@H]1[C@](C)(CNCCCCCCOc3ccccc3)CCC[C@]21C,3.04,29.4,90.6,2.6,-1.0,295,208.25,0.2,Electrophile,acid04-F3,1,2,1,do|L@@PTfuUYVwZjj@@@@,C1=CC=C(C=C1)OCCCCCC(=O)O,1,1,7170-41-4,0,N1,1,43
K19,E295_6-phenoxyhexanoic acid,C1=CC=C(C=C1)OCCCCCC(=O)O,N2_hydroxydehydroabietylamine,CC(C)C(C(O)=C1)=CC2=C1[C@]3(C)C(CC2)[C@](C)(CN)CCC3,CC(C)c1cc2c(cc1O)[C@@]1(C)CCC[C@@](C)(CNCCCCCCOc3ccccc3)C1CC2,0.0,0.0,0.0,27.8,-1.0,295,208.25,0.2,Electrophile,acid04-F3,1,2,1,do|L@@PTfuUYVwZjj@@@@,C1=CC=C(C=C1)OCCCCCC(=O)O,1,1,7170-41-4,0,N2,2,43
K31,E295_6-phenoxyhexanoic acid,C1=CC=C(C=C1)OCCCCCC(=O)O,N3_Scaffold 7,CC(C)C1=CC2=CCC3[C@](C)(CN)CCC[C@]3(C)C2CC1,CC(C)C1=CC2=CCC3[C@](C)(CNCCCCCCOc4ccccc4)CCC[C@]3(C)C2CC1,2.6,3.5,57.1,8.3,-1.0,295,208.25,0.2,Electrophile,acid04-F3,1,2,1,do|L@@PTfuUYVwZjj@@@@,C1=CC=C(C=C1)OCCCCCC(=O)O,1,1,7170-41-4,0,N3,3,43
K43,E295_6-phenoxyhexanoic acid,C1=CC=C(C=C1)OCCCCCC(=O)O,N4_Scaffold 6,CCNC[C@@]1(C)C2[C@](C)(CCC1)c3c(CC2)cc(C(C)C)c(c3)N,CCNC[C@]1(C)CCC[C@]2(C)c3cc(NCCCCCCOc4ccccc4)c(C(C)C)cc3CCC12,4.0,20.9,84.0,8.1,-1.0,295,208.25,0.2,Electrophile,acid04-F3,1,2,1,do|L@@PTfuUYVwZjj@@@@,C1=CC=C(C=C1)OCCCCCC(=O)O,1,1,7170-41-4,0,N4,4,43
AD10,E305_2-(2-(2-Methoxyethoxy)ethoxy)acetic acid,COCCOCCOCC(=O)O,N1_(+)-Dehydroabietylamine,CC(C)c1ccc2c(c1)CC[C@H]1[C@](C)(CN)CCC[C@]21C,COCCOCCOCCNC[C@]1(C)CCC[C@]2(C)c3ccc(C(C)C)cc3CC[C@@H]12,4.4,26.5,85.7,0.0,-1.0,305,178.18,0.2,Electrophile,acid04-F14,1,2,1,dctJ@@PnUImUUZjjh@@,COCCOCCOCC(=O)O,1,1,16024-58-1,0,N1,1,44
AD22,E305_2-(2-(2-Methoxyethoxy)ethoxy)acetic acid,COCCOCCOCC(=O)O,N2_hydroxydehydroabietylamine,CC(C)C(C(O)=C1)=CC2=C1[C@]3(C)C(CC2)[C@](C)(CN)CCC3,COCCOCCOCCNC[C@]1(C)CCC[C@]2(C)c3cc(O)c(C(C)C)cc3CCC12,0.0,3.9,100.0,0.0,-1.0,305,178.18,0.2,Electrophile,acid04-F14,1,2,1,dctJ@@PnUImUUZjjh@@,COCCOCCOCC(=O)O,1,1,16024-58-1,0,N2,2,44
AD34,E305_2-(2-(2-Methoxyethoxy)ethoxy)acetic acid,COCCOCCOCC(=O)O,N3_Scaffold 7,CC(C)C1=CC2=CCC3[C@](C)(CN)CCC[C@]3(C)C2CC1,COCCOCCOCCNC[C@]1(C)CCC[C@]2(C)C3CCC(C(C)C)=CC3=CCC12,4.0,18.9,82.6,0.0,-1.0,305,178.18,0.2,Electrophile,acid04-F14,1,2,1,dctJ@@PnUImUUZjjh@@,COCCOCCOCC(=O)O,1,1,16024-58-1,0,N3,3,44
AD46,E305_2-(2-(2-Methoxyethoxy)ethoxy)acetic acid,COCCOCCOCC(=O)O,N4_Scaffold 6,CCNC[C@@]1(C)C2[C@](C)(CCC1)c3c(CC2)cc(C(C)C)c(c3)N,CCNC[C@]1(C)CCC[C@]2(C)c3cc(NCCOCCOCCOC)c(C(C)C)cc3CCC12,1.5,16.2,91.5,0.0,-1.0,305,178.18,0.2,Electrophile,acid04-F14,1,2,1,dctJ@@PnUImUUZjjh@@,COCCOCCOCC(=O)O,1,1,16024-58-1,0,N4,4,44
T7,E306_4-(p-Tolyl)butanoic acid,CC1=CC=C(C=C1)CCCC(=O)O,N1_(+)-Dehydroabietylamine,CC(C)c1ccc2c(c1)CC[C@H]1[C@](C)(CN)CCC[C@]21C,Cc1ccc(CCCCNC[C@]2(C)CCC[C@]3(C)c4ccc(C(C)C)cc4CC[C@@H]23)cc1,0.0,1.2,100.0,23.6,-1.0,306,178.23,0.2,Electrophile,acid04-F15,1,2,1,dklD@@QImVUuujh@H@@,CC1=CC=C(C=C1)CCCC(=O)O,1,1,4521-22-6,0,N1,1,45
T19,E306_4-(p-Tolyl)butanoic acid,CC1=CC=C(C=C1)CCCC(=O)O,N2_hydroxydehydroabietylamine,CC(C)C(C(O)=C1)=CC2=C1[C@]3(C)C(CC2)[C@](C)(CN)CCC3,Cc1ccc(CCCCNC[C@]2(C)CCC[C@]3(C)c4cc(O)c(C(C)C)cc4CCC23)cc1,1.3,1.1,46.0,20.6,-1.0,306,178.23,0.2,Electrophile,acid04-F15,1,2,1,dklD@@QImVUuujh@H@@,CC1=CC=C(C=C1)CCCC(=O)O,1,1,4521-22-6,0,N2,2,45
T31,E306_4-(p-Tolyl)butanoic acid,CC1=CC=C(C=C1)CCCC(=O)O,N3_Scaffold 7,CC(C)C1=CC2=CCC3[C@](C)(CN)CCC[C@]3(C)C2CC1,Cc1ccc(CCCCNC[C@]2(C)CCC[C@]3(C)C4CCC(C(C)C)=CC4=CCC23)cc1,12.9,3.4,20.8,22.0,-1.0,306,178.23,0.2,Electrophile,acid04-F15,1,2,1,dklD@@QImVUuujh@H@@,CC1=CC=C(C=C1)CCCC(=O)O,1,1,4521-22-6,0,N3,3,45
T43,E306_4-(p-Tolyl)butanoic acid,CC1=CC=C(C=C1)CCCC(=O)O,N4_Scaffold 6,CCNC[C@@]1(C)C2[C@](C)(CCC1)c3c(CC2)cc(C(C)C)c(c3)N,CCNC[C@]1(C)CCC[C@]2(C)c3cc(NCCCCc4ccc(C)cc4)c(C(C)C)cc3CCC12,11.8,1.0,7.8,9.5,-1.0,306,178.23,0.2,Electrophile,acid04-F15,1,2,1,dklD@@QImVUuujh@H@@,CC1=CC=C(C=C1)CCCC(=O)O,1,1,4521-22-6,0,N4,4,45
Y7,E312_Fenbufen,O=C(O)CCC(=O)c1ccc(-c2ccccc2)cc1,N1_(+)-Dehydroabietylamine,CC(C)c1ccc2c(c1)CC[C@H]1[C@](C)(CN)CCC[C@]21C,CC(C)c1ccc2c(c1)CC[C@H]1[C@](C)(CNCCCC(=O)c3ccc(-c4ccccc4)cc3)CCC[C@]21C,12.64,11.3,47.2,0.0,-1.0,312,254.28,0.05,Electrophile,acid05-A6,1,2,1,fleA`@@HXdvmrnrncQRuS@A@@@@@,O=C(O)CCC(=O)c1ccc(-c2ccccc2)cc1,1,1,36330-85-5,0,N1,1,46
Y19,E312_Fenbufen,O=C(O)CCC(=O)c1ccc(-c2ccccc2)cc1,N2_hydroxydehydroabietylamine,CC(C)C(C(O)=C1)=CC2=C1[C@]3(C)C(CC2)[C@](C)(CN)CCC3,CC(C)c1cc2c(cc1O)[C@@]1(C)CCC[C@@](C)(CNCCCC(=O)c3ccc(-c4ccccc4)cc3)C1CC2,0.0,0.0,0.0,0.0,-1.0,312,254.28,0.05,Electrophile,acid05-A6,1,2,1,fleA`@@HXdvmrnrncQRuS@A@@@@@,O=C(O)CCC(=O)c1ccc(-c2ccccc2)cc1,1,1,36330-85-5,0,N2,2,46
Y31,E312_Fenbufen,O=C(O)CCC(=O)c1ccc(-c2ccccc2)cc1,N3_Scaffold 7,CC(C)C1=CC2=CCC3[C@](C)(CN)CCC[C@]3(C)C2CC1,CC(C)C1=CC2=CCC3[C@](C)(CNCCCC(=O)c4ccc(-c5ccccc5)cc4)CCC[C@]3(C)C2CC1,2.1,0.0,0.0,0.0,-1.0,312,254.28,0.05,Electrophile,acid05-A6,1,2,1,fleA`@@HXdvmrnrncQRuS@A@@@@@,O=C(O)CCC(=O)c1ccc(-c2ccccc2)cc1,1,1,36330-85-5,0,N3,3,46
Y43,E312_Fenbufen,O=C(O)CCC(=O)c1ccc(-c2ccccc2)cc1,N4_Scaffold 6,CCNC[C@@]1(C)C2[C@](C)(CCC1)c3c(CC2)cc(C(C)C)c(c3)N,CCNC[C@]1(C)CCC[C@]2(C)c3cc(NCCCC(=O)c4ccc(-c5ccccc5)cc4)c(C(C)C)cc3CCC12,4.0,14.8,78.7,0.0,-1.0,312,254.28,0.05,Electrophile,acid05-A6,1,2,1,fleA`@@HXdvmrnrncQRuS@A@@@@@,O=C(O)CCC(=O)c1ccc(-c2ccccc2)cc1,1,1,36330-85-5,0,N4,4,46
Z7,E313_Biotin,O=C(O)CCCC[C@@H]1SC[C@@H]2NC(=O)N[C@@H]21,N1_(+)-Dehydroabietylamine,CC(C)c1ccc2c(c1)CC[C@H]1[C@](C)(CN)CCC[C@]21C,CC(C)c1ccc2c(c1)CC[C@H]1[C@](C)(CNCCCCC[C@@H]3SC[C@@H]4NC(=O)N[C@@H]43)CCC[C@]21C,30.5,13.6,30.9,13.0,-1.0,313,244.31,0.05,Electrophile,acid05-A7,1,2,1,f`qQb@FBt{p@aJYUW]lTEJjjjZZlPVER@@,O=C(O)CCCC[C@@H]1SC[C@@H]2NC(=O)N[C@@H]21,1,1,58-85-5,0,N1,1,47
Z19,E313_Biotin,O=C(O)CCCC[C@@H]1SC[C@@H]2NC(=O)N[C@@H]21,N2_hydroxydehydroabietylamine,CC(C)C(C(O)=C1)=CC2=C1[C@]3(C)C(CC2)[C@](C)(CN)CCC3,CC(C)c1cc2c(cc1O)[C@@]1(C)CCC[C@@](C)(CNCCCCC[C@@H]3SC[C@@H]4NC(=O)N[C@@H]43)C1CC2,2.1,0.0,0.0,0.0,-1.0,313,244.31,0.05,Electrophile,acid05-A7,1,2,1,f`qQb@FBt{p@aJYUW]lTEJjjjZZlPVER@@,O=C(O)CCCC[C@@H]1SC[C@@H]2NC(=O)N[C@@H]21,1,1,58-85-5,0,N2,2,47
Z31,E313_Biotin,O=C(O)CCCC[C@@H]1SC[C@@H]2NC(=O)N[C@@H]21,N3_Scaffold 7,CC(C)C1=CC2=CCC3[C@](C)(CN)CCC[C@]3(C)C2CC1,CC(C)C1=CC2=CCC3[C@](C)(CNCCCCC[C@@H]4SC[C@@H]5NC(=O)N[C@@H]54)CCC[C@]3(C)C2CC1,11.7,0.0,0.0,0.0,-1.0,313,244.31,0.05,Electrophile,acid05-A7,1,2,1,f`qQb@FBt{p@aJYUW]lTEJjjjZZlPVER@@,O=C(O)CCCC[C@@H]1SC[C@@H]2NC(=O)N[C@@H]21,1,1,58-85-5,0,N3,3,47
Z43,E313_Biotin,O=C(O)CCCC[C@@H]1SC[C@@H]2NC(=O)N[C@@H]21,N4_Scaffold 6,CCNC[C@@]1(C)C2[C@](C)(CCC1)c3c(CC2)cc(C(C)C)c(c3)N,CCNC[C@]1(C)CCC[C@]2(C)c3cc(NCCCCC[C@@H]4SC[C@@H]5NC(=O)N[C@@H]54)c(C(C)C)cc3CCC12,12.8,0.7,5.4,0.0,-1.0,313,244.31,0.05,Electrophile,acid05-A7,1,2,1,f`qQb@FBt{p@aJYUW]lTEJjjjZZlPVER@@,O=C(O)CCCC[C@@H]1SC[C@@H]2NC(=O)N[C@@H]21,1,1,58-85-5,0,N4,4,47
AB7,E315_Deoxycholic Acid,C[C@H](CCC(=O)O)[C@H]1CC[C@H]2[C@@H]3C(=O)CC4CC(=O)CC[C@]4(C)[C@H]3CC(=O)[C@]12C,N1_(+)-Dehydroabietylamine,CC(C)c1ccc2c(c1)CC[C@H]1[C@](C)(CN)CCC[C@]21C,CC(C)c1ccc2c(c1)CC[C@H]1[C@](C)(CNCCC[C@@H](C)[C@H]3CC[C@H]4[C@@H]5C(=O)CC6CC(=O)CC[C@]6(C)[C@H]5CC(=O)[C@]34C)CCC[C@]21C,0.0,0.0,0.0,0.0,-1.0,315,392.6,0.05,Electrophile,acid05-A9,1,2,1,ek`PJ@@@LemclbbdRbfVfdTVUVbxDdtBJzfZjjjjjZjfZkaBDJb\PRJPq@@,C[C@H](CCC(=O)O)[C@H]1CC[C@H]2[C@@H]3C(=O)CC4CC(=O)CC[C@]4(C)[C@H]3CC(=O)[C@]12C,1,1,83-44-3,0,N1,1,48
AB19,E315_Deoxycholic Acid,C[C@H](CCC(=O)O)[C@H]1CC[C@H]2[C@@H]3C(=O)CC4CC(=O)CC[C@]4(C)[C@H]3CC(=O)[C@]12C,N2_hydroxydehydroabietylamine,CC(C)C(C(O)=C1)=CC2=C1[C@]3(C)C(CC2)[C@](C)(CN)CCC3,CC(C)c1cc2c(cc1O)[C@@]1(C)CCC[C@@](C)(CNCCC[C@@H](C)[C@H]3CC[C@H]4[C@@H]5C(=O)CC6CC(=O)CC[C@]6(C)[C@H]5CC(=O)[C@]34C)C1CC2,0.0,0.0,0.0,22.1,-1.0,315,392.6,0.05,Electrophile,acid05-A9,1,2,1,ek`PJ@@@LemclbbdRbfVfdTVUVbxDdtBJzfZjjjjjZjfZkaBDJb\PRJPq@@,C[C@H](CCC(=O)O)[C@H]1CC[C@H]2[C@@H]3C(=O)CC4CC(=O)CC[C@]4(C)[C@H]3CC(=O)[C@]12C,1,1,83-44-3,0,N2,2,48
AB31,E315_Deoxycholic Acid,C[C@H](CCC(=O)O)[C@H]1CC[C@H]2[C@@H]3C(=O)CC4CC(=O)CC[C@]4(C)[C@H]3CC(=O)[C@]12C,N3_Scaffold 7,CC(C)C1=CC2=CCC3[C@](C)(CN)CCC[C@]3(C)C2CC1,CC(C)C1=CC2=CCC3[C@](C)(CNCCC[C@@H](C)[C@H]4CC[C@H]5[C@@H]6C(=O)CC7CC(=O)CC[C@]7(C)[C@H]6CC(=O)[C@]45C)CCC[C@]3(C)C2CC1,4.2,0.0,0.0,10.8,-1.0,315,392.6,0.05,Electrophile,acid05-A9,1,2,1,ek`PJ@@@LemclbbdRbfVfdTVUVbxDdtBJzfZjjjjjZjfZkaBDJb\PRJPq@@,C[C@H](CCC(=O)O)[C@H]1CC[C@H]2[C@@H]3C(=O)CC4CC(=O)CC[C@]4(C)[C@H]3CC(=O)[C@]12C,1,1,83-44-3,0,N3,3,48
AB43,E315_Deoxycholic Acid,C[C@H](CCC(=O)O)[C@H]1CC[C@H]2[C@@H]3C(=O)CC4CC(=O)CC[C@]4(C)[C@H]3CC(=O)[C@]12C,N4_Scaffold 6,CCNC[C@@]1(C)C2[C@](C)(CCC1)c3c(CC2)cc(C(C)C)c(c3)N,CCNC[C@]1(C)CCC[C@]2(C)c3cc(NCCC[C@@H](C)[C@H]4CC[C@H]5[C@@H]6C(=O)CC7CC(=O)CC[C@]7(C)[C@H]6CC(=O)[C@]45C)c(C(C)C)cc3CCC12,12.2,0.0,0.0,15.5,-1.0,315,392.6,0.05,Electrophile,acid05-A9,1,2,1,ek`PJ@@@LemclbbdRbfVfdTVUVbxDdtBJzfZjjjjjZjfZkaBDJb\PRJPq@@,C[C@H](CCC(=O)O)[C@H]1CC[C@H]2[C@@H]3C(=O)CC4CC(=O)CC[C@]4(C)[C@H]3CC(=O)[C@]12C,1,1,83-44-3,0,N4,4,48
AD7,E317_Indole-3-butyric acid,O=C(O)CCCc1c[nH]c2ccccc12,N1_(+)-Dehydroabietylamine,CC(C)c1ccc2c(c1)CC[C@H]1[C@](C)(CN)CCC[C@]21C,CC(C)c1ccc2c(c1)CC[C@H]1[C@](C)(CNCCCCc3c[nH]c4ccccc34)CCC[C@]21C,13.4,47.4,77.9,100.0,0.0,317,203.24,0.05,Electrophile,acid05-A11,1,2,1,foA``@M@PdvkLkruYsUTa@P@@,O=C(O)CCCc1c[nH]c2ccccc12,1,1,133-32-4,0,N1,1,49
AD19,E317_Indole-3-butyric acid,O=C(O)CCCc1c[nH]c2ccccc12,N2_hydroxydehydroabietylamine,CC(C)C(C(O)=C1)=CC2=C1[C@]3(C)C(CC2)[C@](C)(CN)CCC3,CC(C)c1cc2c(cc1O)[C@@]1(C)CCC[C@@](C)(CNCCCCc3c[nH]c4ccccc34)C1CC2,0.0,0.0,0.0,0.0,-1.0,317,203.24,0.05,Electrophile,acid05-A11,1,2,1,foA``@M@PdvkLkruYsUTa@P@@,O=C(O)CCCc1c[nH]c2ccccc12,1,1,133-32-4,0,N2,2,49
AD31,E317_Indole-3-butyric acid,O=C(O)CCCc1c[nH]c2ccccc12,N3_Scaffold 7,CC(C)C1=CC2=CCC3[C@](C)(CN)CCC[C@]3(C)C2CC1,CC(C)C1=CC2=CCC3[C@](C)(CNCCCCc4c[nH]c5ccccc45)CCC[C@]3(C)C2CC1,4.7,22.0,82.4,0.0,-1.0,317,203.24,0.05,Electrophile,acid05-A11,1,2,1,foA``@M@PdvkLkruYsUTa@P@@,O=C(O)CCCc1c[nH]c2ccccc12,1,1,133-32-4,0,N3,3,49
AD43,E317_Indole-3-butyric acid,O=C(O)CCCc1c[nH]c2ccccc12,N4_Scaffold 6,CCNC[C@@]1(C)C2[C@](C)(CCC1)c3c(CC2)cc(C(C)C)c(c3)N,CCNC[C@]1(C)CCC[C@]2(C)c3cc(NCCCCc4c[nH]c5ccccc45)c(C(C)C)cc3CCC12,4.5,37.1,89.2,0.0,-1.0,317,203.24,0.05,Electrophile,acid05-A11,1,2,1,foA``@M@PdvkLkruYsUTa@P@@,O=C(O)CCCc1c[nH]c2ccccc12,1,1,133-32-4,0,N4,4,49
AF7,E319_Menbutone,COc1ccc(C(=O)CCC(=O)O)c2ccccc12,N1_(+)-Dehydroabietylamine,CC(C)c1ccc2c(c1)CC[C@H]1[C@](C)(CN)CCC[C@]21C,COc1ccc(C(=O)CCCNC[C@]2(C)CCC[C@]3(C)c4ccc(C(C)C)cc4CC[C@@H]23)c2ccccc12,16.0,5.7,26.3,0.0,-1.0,319,258.269,0.05,Electrophile,acid05-A13,1,2,1,fle@P@@HXEIm[fV]sV}Ejf@@BH@@@,COc1ccc(C(=O)CCC(=O)O)c2ccccc12,1,1,3562-99-0,0,N1,1,50
AF19,E319_Menbutone,COc1ccc(C(=O)CCC(=O)O)c2ccccc12,N2_hydroxydehydroabietylamine,CC(C)C(C(O)=C1)=CC2=C1[C@]3(C)C(CC2)[C@](C)(CN)CCC3,COc1ccc(C(=O)CCCNC[C@]2(C)CCC[C@]3(C)c4cc(O)c(C(C)C)cc4CCC23)c2ccccc12,0.0,0.0,0.0,0.0,-1.0,319,258.269,0.05,Electrophile,acid05-A13,1,2,1,fle@P@@HXEIm[fV]sV}Ejf@@BH@@@,COc1ccc(C(=O)CCC(=O)O)c2ccccc12,1,1,3562-99-0,0,N2,2,50
AF31,E319_Menbutone,COc1ccc(C(=O)CCC(=O)O)c2ccccc12,N3_Scaffold 7,CC(C)C1=CC2=CCC3[C@](C)(CN)CCC[C@]3(C)C2CC1,COc1ccc(C(=O)CCCNC[C@]2(C)CCC[C@]3(C)C4CCC(C(C)C)=CC4=CCC23)c2ccccc12,2.8,0.0,0.0,0.0,-1.0,319,258.269,0.05,Electrophile,acid05-A13,1,2,1,fle@P@@HXEIm[fV]sV}Ejf@@BH@@@,COc1ccc(C(=O)CCC(=O)O)c2ccccc12,1,1,3562-99-0,0,N3,3,50
AF43,E319_Menbutone,COc1ccc(C(=O)CCC(=O)O)c2ccccc12,N4_Scaffold 6,CCNC[C@@]1(C)C2[C@](C)(CCC1)c3c(CC2)cc(C(C)C)c(c3)N,CCNC[C@]1(C)CCC[C@]2(C)c3cc(NCCCC(=O)c4ccc(OC)c5ccccc45)c(C(C)C)cc3CCC12,4.9,24.9,83.6,0.0,-1.0,319,258.269,0.05,Electrophile,acid05-A13,1,2,1,fle@P@@HXEIm[fV]sV}Ejf@@BH@@@,COc1ccc(C(=O)CCC(=O)O)c2ccccc12,1,1,3562-99-0,0,N4,4,50
F8,"E19_DL-PIPECOLINIC ACID, 98%",C1CCNC(C1)C(=O)O,N1_(+)-Dehydroabietylamine,CC(C)c1ccc2c(c1)CC[C@H]1[C@](C)(CN)CCC[C@]21C,CC(C)c1ccc2c(c1)CC[C@H]1[C@](C)(CNCC3CCCCN3)CCC[C@]21C,21.9,0.0,0.0,0.0,-1.0,19,129.16,0.2,Electrophile,acid-B6,1,2,2,difD@BADfyWaZjjcB@@,C1CCNC(C1)C(=O)O,1,1,4043-87-2,0,N1,1,51
F20,"E19_DL-PIPECOLINIC ACID, 98%",C1CCNC(C1)C(=O)O,N2_hydroxydehydroabietylamine,CC(C)C(C(O)=C1)=CC2=C1[C@]3(C)C(CC2)[C@](C)(CN)CCC3,CC(C)c1cc2c(cc1O)[C@@]1(C)CCC[C@@](C)(CNCC3CCCCN3)C1CC2,5.2,0.0,0.0,0.0,-1.0,19,129.16,0.2,Electrophile,acid-B6,1,2,2,difD@BADfyWaZjjcB@@,C1CCNC(C1)C(=O)O,1,1,4043-87-2,0,N2,2,51
F32,"E19_DL-PIPECOLINIC ACID, 98%",C1CCNC(C1)C(=O)O,N3_Scaffold 7,CC(C)C1=CC2=CCC3[C@](C)(CN)CCC[C@]3(C)C2CC1,CC(C)C1=CC2=CCC3[C@](C)(CNCC4CCCCN4)CCC[C@]3(C)C2CC1,8.9,0.0,0.0,0.0,-1.0,19,129.16,0.2,Electrophile,acid-B6,1,2,2,difD@BADfyWaZjjcB@@,C1CCNC(C1)C(=O)O,1,1,4043-87-2,0,N3,3,51
F44,"E19_DL-PIPECOLINIC ACID, 98%",C1CCNC(C1)C(=O)O,N4_Scaffold 6,CCNC[C@@]1(C)C2[C@](C)(CCC1)c3c(CC2)cc(C(C)C)c(c3)N,CCNC[C@]1(C)CCC[C@]2(C)c3cc(NCC4CCCCN4)c(C(C)C)cc3CCC12,7.1,0.0,0.0,0.0,-1.0,19,129.16,0.2,Electrophile,acid-B6,1,2,2,difD@BADfyWaZjjcB@@,C1CCNC(C1)C(=O)O,1,1,4043-87-2,0,N4,4,51
H8,"E22_3-CYCLOPENTENE-1-CARBOXYLIC ACID, 98%",C1C=CCC1C(=O)O,N1_(+)-Dehydroabietylamine,CC(C)c1ccc2c(c1)CC[C@H]1[C@](C)(CN)CCC[C@]21C,CC(C)c1ccc2c(c1)CC[C@H]1[C@](C)(CNCC3CC=CC3)CCC[C@]21C,2.6,5.8,69.0,0.0,-1.0,22,112.13,0.2,Electrophile,acid-B9,1,2,2,daDD@@QInUnZjd@@,C1C=CCC1C(=O)O,1,1,7686-77-3,0,N1,1,52
H20,"E22_3-CYCLOPENTENE-1-CARBOXYLIC ACID, 98%",C1C=CCC1C(=O)O,N2_hydroxydehydroabietylamine,CC(C)C(C(O)=C1)=CC2=C1[C@]3(C)C(CC2)[C@](C)(CN)CCC3,CC(C)c1cc2c(cc1O)[C@@]1(C)CCC[C@@](C)(CNCC3CC=CC3)C1CC2,0.0,0.0,0.0,26.7,-1.0,22,112.13,0.2,Electrophile,acid-B9,1,2,2,daDD@@QInUnZjd@@,C1C=CCC1C(=O)O,1,1,7686-77-3,0,N2,2,52
H32,"E22_3-CYCLOPENTENE-1-CARBOXYLIC ACID, 98%",C1C=CCC1C(=O)O,N3_Scaffold 7,CC(C)C1=CC2=CCC3[C@](C)(CN)CCC[C@]3(C)C2CC1,CC(C)C1=CC2=CCC3[C@](C)(CNCC4CC=CC4)CCC[C@]3(C)C2CC1,0.6,1.4,69.8,0.0,-1.0,22,112.13,0.2,Electrophile,acid-B9,1,2,2,daDD@@QInUnZjd@@,C1C=CCC1C(=O)O,1,1,7686-77-3,0,N3,3,52
H44,"E22_3-CYCLOPENTENE-1-CARBOXYLIC ACID, 98%",C1C=CCC1C(=O)O,N4_Scaffold 6,CCNC[C@@]1(C)C2[C@](C)(CCC1)c3c(CC2)cc(C(C)C)c(c3)N,CCNC[C@]1(C)CCC[C@]2(C)c3cc(NCC4CC=CC4)c(C(C)C)cc3CCC12,1.4,0.0,0.0,4.5,-1.0,22,112.13,0.2,Electrophile,acid-B9,1,2,2,daDD@@QInUnZjd@@,C1C=CCC1C(=O)O,1,1,7686-77-3,0,N4,4,52
U1,"E33_2-(2,3-DIHYDRO-1H-INDEN-2-YL)ACETIC ACID, 98%",C1C(CC2=CC=CC=C21)CC(=O)O,N1_(+)-Dehydroabietylamine,CC(C)c1ccc2c(c1)CC[C@H]1[C@](C)(CN)CCC[C@]21C,CC(C)c1ccc2c(c1)CC[C@H]1[C@](C)(CNCCC3Cc4ccccc4C3)CCC[C@]21C,41.57,8.6,17.2,84.7,0.0,33,176.21,0.2,Electrophile,acid01-C9,1,2,2,dk\D@@QImeU^GSZjh@@@@,C1C(CC2=CC=CC=C21)CC(=O)O,1,1,37868-26-1,0,N1,1,53
U13,"E33_2-(2,3-DIHYDRO-1H-INDEN-2-YL)ACETIC ACID, 98%",C1C(CC2=CC=CC=C21)CC(=O)O,N2_hydroxydehydroabietylamine,CC(C)C(C(O)=C1)=CC2=C1[C@]3(C)C(CC2)[C@](C)(CN)CCC3,CC(C)c1cc2c(cc1O)[C@@]1(C)CCC[C@@](C)(CNCCC3Cc4ccccc4C3)C1CC2,0.0,2.3,100.0,0.0,-1.0,33,176.21,0.2,Electrophile,acid01-C9,1,2,2,dk\D@@QImeU^GSZjh@@@@,C1C(CC2=CC=CC=C21)CC(=O)O,1,1,37868-26-1,0,N2,2,53
U25,"E33_2-(2,3-DIHYDRO-1H-INDEN-2-YL)ACETIC ACID, 98%",C1C(CC2=CC=CC=C21)CC(=O)O,N3_Scaffold 7,CC(C)C1=CC2=CCC3[C@](C)(CN)CCC[C@]3(C)C2CC1,CC(C)C1=CC2=CCC3[C@](C)(CNCCC4Cc5ccccc5C4)CCC[C@]3(C)C2CC1,3.7,4.7,55.7,0.0,-1.0,33,176.21,0.2,Electrophile,acid01-C9,1,2,2,dk\D@@QImeU^GSZjh@@@@,C1C(CC2=CC=CC=C21)CC(=O)O,1,1,37868-26-1,0,N3,3,53
U37,"E33_2-(2,3-DIHYDRO-1H-INDEN-2-YL)ACETIC ACID, 98%",C1C(CC2=CC=CC=C21)CC(=O)O,N4_Scaffold 6,CCNC[C@@]1(C)C2[C@](C)(CCC1)c3c(CC2)cc(C(C)C)c(c3)N,CCNC[C@]1(C)CCC[C@]2(C)c3cc(NCCC4Cc5ccccc5C4)c(C(C)C)cc3CCC12,10.1,14.7,59.3,0.0,-1.0,33,176.21,0.2,Electrophile,acid01-C9,1,2,2,dk\D@@QImeU^GSZjh@@@@,C1C(CC2=CC=CC=C21)CC(=O)O,1,1,37868-26-1,0,N4,4,53
T8,"E47_1-TRIFLUOROMETHYLCYCLOPROPANE-1-CARBOXYLIC ACID, 98%",C1CC1(C(=O)O)C(F)(F)F,N1_(+)-Dehydroabietylamine,CC(C)c1ccc2c(c1)CC[C@H]1[C@](C)(CN)CCC[C@]21C,CC(C)c1ccc2c(c1)CC[C@H]1[C@](C)(CNCC3(C(F)(F)F)CC3)CCC[C@]21C,34.1,20.8,38.0,64.4,-1.0,47,154.09,0.2,Electrophile,acid01-D14,1,2,2,deTDpAdIAICICHiCHhwUUSP@@,C1CC1(C(=O)O)C(F)(F)F,1,1,277756-46-4,0,N1,1,54
T20,"E47_1-TRIFLUOROMETHYLCYCLOPROPANE-1-CARBOXYLIC ACID, 98%",C1CC1(C(=O)O)C(F)(F)F,N2_hydroxydehydroabietylamine,CC(C)C(C(O)=C1)=CC2=C1[C@]3(C)C(CC2)[C@](C)(CN)CCC3,CC(C)c1cc2c(cc1O)[C@@]1(C)CCC[C@@](C)(CNCC3(C(F)(F)F)CC3)C1CC2,1.3,0.0,0.0,22.9,-1.0,47,154.09,0.2,Electrophile,acid01-D14,1,2,2,deTDpAdIAICICHiCHhwUUSP@@,C1CC1(C(=O)O)C(F)(F)F,1,1,277756-46-4,0,N2,2,54
T32,"E47_1-TRIFLUOROMETHYLCYCLOPROPANE-1-CARBOXYLIC ACID, 98%",C1CC1(C(=O)O)C(F)(F)F,N3_Scaffold 7,CC(C)C1=CC2=CCC3[C@](C)(CN)CCC[C@]3(C)C2CC1,CC(C)C1=CC2=CCC3[C@](C)(CNCC4(C(F)(F)F)CC4)CCC[C@]3(C)C2CC1,16.7,7.6,31.2,29.6,-1.0,47,154.09,0.2,Electrophile,acid01-D14,1,2,2,deTDpAdIAICICHiCHhwUUSP@@,C1CC1(C(=O)O)C(F)(F)F,1,1,277756-46-4,0,N3,3,54
T44,"E47_1-TRIFLUOROMETHYLCYCLOPROPANE-1-CARBOXYLIC ACID, 98%",C1CC1(C(=O)O)C(F)(F)F,N4_Scaffold 6,CCNC[C@@]1(C)C2[C@](C)(CCC1)c3c(CC2)cc(C(C)C)c(c3)N,CCNC[C@]1(C)CCC[C@]2(C)c3cc(NCC4(C(F)(F)F)CC4)c(C(C)C)cc3CCC12,18.3,0.0,0.0,12.8,-1.0,47,154.09,0.2,Electrophile,acid01-D14,1,2,2,deTDpAdIAICICHiCHhwUUSP@@,C1CC1(C(=O)O)C(F)(F)F,1,1,277756-46-4,0,N4,4,54
AC1,"E49_1,2,3,4-TETRAHYDRO-2-NAPHTHOIC ACID, 98%",C1CC2=CC=CC=C2CC1C(=O)O,N1_(+)-Dehydroabietylamine,CC(C)c1ccc2c(c1)CC[C@H]1[C@](C)(CN)CCC[C@]21C,CC(C)c1ccc2c(c1)CC[C@H]1[C@](C)(CNCC3CCc4ccccc4C3)CCC[C@]21C,29.0,24.9,46.2,5.4,-1.0,49,176.21,0.2,Electrophile,acid01-E1,1,2,2,dk\D@@QInUm^GSZj`@bLh@,C1CC2=CC=CC=C2CC1C(=O)O,1,1,53440-12-3,0,N1,1,55
AC13,"E49_1,2,3,4-TETRAHYDRO-2-NAPHTHOIC ACID, 98%",C1CC2=CC=CC=C2CC1C(=O)O,N2_hydroxydehydroabietylamine,CC(C)C(C(O)=C1)=CC2=C1[C@]3(C)C(CC2)[C@](C)(CN)CCC3,CC(C)c1cc2c(cc1O)[C@@]1(C)CCC[C@@](C)(CNCC3CCc4ccccc4C3)C1CC2,0.0,4.7,100.0,0.0,-1.0,49,176.21,0.2,Electrophile,acid01-E1,1,2,2,dk\D@@QInUm^GSZj`@bLh@,C1CC2=CC=CC=C2CC1C(=O)O,1,1,53440-12-3,0,N2,2,55
AC25,"E49_1,2,3,4-TETRAHYDRO-2-NAPHTHOIC ACID, 98%",C1CC2=CC=CC=C2CC1C(=O)O,N3_Scaffold 7,CC(C)C1=CC2=CCC3[C@](C)(CN)CCC[C@]3(C)C2CC1,CC(C)C1=CC2=CCC3[C@](C)(CNCC4CCc5ccccc5C4)CCC[C@]3(C)C2CC1,3.9,4.5,53.7,0.0,-1.0,49,176.21,0.2,Electrophile,acid01-E1,1,2,2,dk\D@@QInUm^GSZj`@bLh@,C1CC2=CC=CC=C2CC1C(=O)O,1,1,53440-12-3,0,N3,3,55
AC37,"E49_1,2,3,4-TETRAHYDRO-2-NAPHTHOIC ACID, 98%",C1CC2=CC=CC=C2CC1C(=O)O,N4_Scaffold 6,CCNC[C@@]1(C)C2[C@](C)(CCC1)c3c(CC2)cc(C(C)C)c(c3)N,CCNC[C@]1(C)CCC[C@]2(C)c3cc(NCC4CCc5ccccc5C4)c(C(C)C)cc3CCC12,10.1,3.7,26.8,0.0,-1.0,49,176.21,0.2,Electrophile,acid01-E1,1,2,2,dk\D@@QInUm^GSZj`@bLh@,C1CC2=CC=CC=C2CC1C(=O)O,1,1,53440-12-3,0,N4,4,55
AB1,"E48_(S)-1-(TERT-BUTOXYCARBONYL)PIPERIDINE-3-CARBOXYLIC ACID, 97%",CC(C)(C)OC(=O)N1CCCC(C1)C(=O)O,N1_(+)-Dehydroabietylamine,CC(C)c1ccc2c(c1)CC[C@H]1[C@](C)(CN)CCC[C@]21C,CC(C)c1ccc2c(c1)CC[C@H]1[C@](C)(CNCC3CCCN(C(=O)OC(C)(C)C)C3)CCC[C@]21C,34.8,45.8,56.8,69.7,-1.0,52,229.27,0.2,Electrophile,acid01-E8,1,2,2,f`a`P@L@P{vQQJJQJsSUfjjjijBb@@,CC(C)(C)OC(=O)N1CCCC(C1)C(=O)O,1,1,163438-09-3,0,N1,1,56
AF1,"E52_(R)-1-BOC-NIPECOTIC ACID, 97%",CC(C)(C)OC(=O)N1CCCC(C1)C(=O)O,N1_(+)-Dehydroabietylamine,CC(C)c1ccc2c(c1)CC[C@H]1[C@](C)(CN)CCC[C@]21C,CC(C)c1ccc2c(c1)CC[C@H]1[C@](C)(CNCC3CCCN(C(=O)OC(C)(C)C)C3)CCC[C@]21C,34.0,38.5,53.1,31.8,-1.0,52,229.27,0.2,Electrophile,acid01-E8,1,2,2,f`a`P@L@P{vQQJJQJsSUfjjjijBb@@,CC(C)(C)OC(=O)N1CCCC(C1)C(=O)O,1,1,163438-09-3,0,N1,1,56
AB13,"E48_(S)-1-(TERT-BUTOXYCARBONYL)PIPERIDINE-3-CARBOXYLIC ACID, 97%",CC(C)(C)OC(=O)N1CCCC(C1)C(=O)O,N2_hydroxydehydroabietylamine,CC(C)C(C(O)=C1)=CC2=C1[C@]3(C)C(CC2)[C@](C)(CN)CCC3,CC(C)c1cc2c(cc1O)[C@@]1(C)CCC[C@@](C)(CNCC3CCCN(C(=O)OC(C)(C)C)C3)C1CC2,0.0,17.0,100.0,0.0,-1.0,52,229.27,0.2,Electrophile,acid01-E8,1,2,2,f`a`P@L@P{vQQJJQJsSUfjjjijBb@@,CC(C)(C)OC(=O)N1CCCC(C1)C(=O)O,1,1,163438-09-3,0,N2,2,56
AF13,"E52_(R)-1-BOC-NIPECOTIC ACID, 97%",CC(C)(C)OC(=O)N1CCCC(C1)C(=O)O,N2_hydroxydehydroabietylamine,CC(C)C(C(O)=C1)=CC2=C1[C@]3(C)C(CC2)[C@](C)(CN)CCC3,CC(C)c1cc2c(cc1O)[C@@]1(C)CCC[C@@](C)(CNCC3CCCN(C(=O)OC(C)(C)C)C3)C1CC2,0.0,4.4,100.0,0.0,-1.0,52,229.27,0.2,Electrophile,acid01-E8,1,2,2,f`a`P@L@P{vQQJJQJsSUfjjjijBb@@,CC(C)(C)OC(=O)N1CCCC(C1)C(=O)O,1,1,163438-09-3,0,N2,2,56
AB25,"E48_(S)-1-(TERT-BUTOXYCARBONYL)PIPERIDINE-3-CARBOXYLIC ACID, 97%",CC(C)(C)OC(=O)N1CCCC(C1)C(=O)O,N3_Scaffold 7,CC(C)C1=CC2=CCC3[C@](C)(CN)CCC[C@]3(C)C2CC1,CC(C)C1=CC2=CCC3[C@](C)(CNCC4CCCN(C(=O)OC(C)(C)C)C4)CCC[C@]3(C)C2CC1,4.8,24.2,83.4,0.0,-1.0,52,229.27,0.2,Electrophile,acid01-E8,1,2,2,f`a`P@L@P{vQQJJQJsSUfjjjijBb@@,CC(C)(C)OC(=O)N1CCCC(C1)C(=O)O,1,1,163438-09-3,0,N3,3,57
AF25,"E52_(R)-1-BOC-NIPECOTIC ACID, 97%",CC(C)(C)OC(=O)N1CCCC(C1)C(=O)O,N3_Scaffold 7,CC(C)C1=CC2=CCC3[C@](C)(CN)CCC[C@]3(C)C2CC1,CC(C)C1=CC2=CCC3[C@](C)(CNCC4CCCN(C(=O)OC(C)(C)C)C4)CCC[C@]3(C)C2CC1,5.6,24.0,81.1,0.0,-1.0,52,229.27,0.2,Electrophile,acid01-E8,1,2,2,f`a`P@L@P{vQQJJQJsSUfjjjijBb@@,CC(C)(C)OC(=O)N1CCCC(C1)C(=O)O,1,1,163438-09-3,0,N3,3,57
AB37,"E48_(S)-1-(TERT-BUTOXYCARBONYL)PIPERIDINE-3-CARBOXYLIC ACID, 97%",CC(C)(C)OC(=O)N1CCCC(C1)C(=O)O,N4_Scaffold 6,CCNC[C@@]1(C)C2[C@](C)(CCC1)c3c(CC2)cc(C(C)C)c(c3)N,CCNC[C@]1(C)CCC[C@]2(C)c3cc(NCC4CCCN(C(=O)OC(C)(C)C)C4)c(C(C)C)cc3CCC12,16.5,15.3,48.1,10.7,-1.0,52,229.27,0.2,Electrophile,acid01-E8,1,2,2,f`a`P@L@P{vQQJJQJsSUfjjjijBb@@,CC(C)(C)OC(=O)N1CCCC(C1)C(=O)O,1,1,163438-09-3,0,N4,4,57
AF37,"E52_(R)-1-BOC-NIPECOTIC ACID, 97%",CC(C)(C)OC(=O)N1CCCC(C1)C(=O)O,N4_Scaffold 6,CCNC[C@@]1(C)C2[C@](C)(CCC1)c3c(CC2)cc(C(C)C)c(c3)N,CCNC[C@]1(C)CCC[C@]2(C)c3cc(NCC4CCCN(C(=O)OC(C)(C)C)C4)c(C(C)C)cc3CCC12,15.5,14.7,48.7,0.0,-1.0,52,229.27,0.2,Electrophile,acid01-E8,1,2,2,f`a`P@L@P{vQQJJQJsSUfjjjijBb@@,CC(C)(C)OC(=O)N1CCCC(C1)C(=O)O,1,1,163438-09-3,0,N4,4,57
A2,"E53_N-4-BOC-N-1-CBZ-2-PIPERAZINE CARBOXYLIC ACID, 97%",CC(C)(C)OC(=O)N1CCN(C(C1)C(=O)O)C(=O)OCC2=CC=CC=C2,N1_(+)-Dehydroabietylamine,CC(C)c1ccc2c(c1)CC[C@H]1[C@](C)(CN)CCC[C@]21C,CC(C)c1ccc2c(c1)CC[C@H]1[C@](C)(CNCC3CN(C(=O)OC(C)(C)C)CCN3C(=O)OCc3ccccc3)CCC[C@]21C,38.67,14.0,26.6,54.8,-1.0,53,364.4,0.2,Electrophile,acid01-E9,1,2,2,fe{Pp@L^@bsburJIQJIQQYEZERJ}GKUUTCPPuUDJT@@,CC(C)(C)OC(=O)N1CCN(C(C1)C(=O)O)C(=O)OCC2=CC=CC=C2,1,1,126937-41-5,0,N1,1,58
A14,"E53_N-4-BOC-N-1-CBZ-2-PIPERAZINE CARBOXYLIC ACID, 97%",CC(C)(C)OC(=O)N1CCN(C(C1)C(=O)O)C(=O)OCC2=CC=CC=C2,N2_hydroxydehydroabietylamine,CC(C)C(C(O)=C1)=CC2=C1[C@]3(C)C(CC2)[C@](C)(CN)CCC3,CC(C)c1cc2c(cc1O)[C@@]1(C)CCC[C@@](C)(CNCC3CN(C(=O)OC(C)(C)C)CCN3C(=O)OCc3ccccc3)C1CC2,65.37,10.3,13.6,90.0,3.38,53,364.4,0.2,Electrophile,acid01-E9,1,2,2,fe{Pp@L^@bsburJIQJIQQYEZERJ}GKUUTCPPuUDJT@@,CC(C)(C)OC(=O)N1CCN(C(C1)C(=O)O)C(=O)OCC2=CC=CC=C2,1,1,126937-41-5,0,N2,2,58
A26,"E53_N-4-BOC-N-1-CBZ-2-PIPERAZINE CARBOXYLIC ACID, 97%",CC(C)(C)OC(=O)N1CCN(C(C1)C(=O)O)C(=O)OCC2=CC=CC=C2,N3_Scaffold 7,CC(C)C1=CC2=CCC3[C@](C)(CN)CCC[C@]3(C)C2CC1,CC(C)C1=CC2=CCC3[C@](C)(CNCC4CN(C(=O)OC(C)(C)C)CCN4C(=O)OCc4ccccc4)CCC[C@]3(C)C2CC1,28.1,14.5,34.1,16.6,-1.0,53,364.4,0.2,Electrophile,acid01-E9,1,2,2,fe{Pp@L^@bsburJIQJIQQYEZERJ}GKUUTCPPuUDJT@@,CC(C)(C)OC(=O)N1CCN(C(C1)C(=O)O)C(=O)OCC2=CC=CC=C2,1,1,126937-41-5,0,N3,3,58
A38,"E53_N-4-BOC-N-1-CBZ-2-PIPERAZINE CARBOXYLIC ACID, 97%",CC(C)(C)OC(=O)N1CCN(C(C1)C(=O)O)C(=O)OCC2=CC=CC=C2,N4_Scaffold 6,CCNC[C@@]1(C)C2[C@](C)(CCC1)c3c(CC2)cc(C(C)C)c(c3)N,CCNC[C@]1(C)CCC[C@]2(C)c3cc(NCC4CN(C(=O)OC(C)(C)C)CCN4C(=O)OCc4ccccc4)c(C(C)C)cc3CCC12,1.3,0.0,0.0,0.0,-1.0,53,364.4,0.2,Electrophile,acid01-E9,1,2,2,fe{Pp@L^@bsburJIQJIQQYEZERJ}GKUUTCPPuUDJT@@,CC(C)(C)OC(=O)N1CCN(C(C1)C(=O)O)C(=O)OCC2=CC=CC=C2,1,1,126937-41-5,0,N4,4,58
C2,"E55_1-BOC-AZETIDINE-3-CARBOXYLIC ACID, 97%",CC(C)(C)OC(=O)N1CC(C1)C(=O)O,N1_(+)-Dehydroabietylamine,CC(C)c1ccc2c(c1)CC[C@H]1[C@](C)(CN)CCC[C@]21C,CC(C)c1ccc2c(c1)CC[C@H]1[C@](C)(CNCC3CN(C(=O)OC(C)(C)C)C3)CCC[C@]21C,6.52,31.7,82.9,0.0,-1.0,55,201.22,0.2,Electrophile,acid01-E11,1,2,2,dg^B@LACoHheEHfhrmUUTt@@,CC(C)(C)OC(=O)N1CC(C1)C(=O)O,1,1,142253-55-2,0,N1,1,59
C14,"E55_1-BOC-AZETIDINE-3-CARBOXYLIC ACID, 97%",CC(C)(C)OC(=O)N1CC(C1)C(=O)O,N2_hydroxydehydroabietylamine,CC(C)C(C(O)=C1)=CC2=C1[C@]3(C)C(CC2)[C@](C)(CN)CCC3,CC(C)c1cc2c(cc1O)[C@@]1(C)CCC[C@@](C)(CNCC3CN(C(=O)OC(C)(C)C)C3)C1CC2,0.0,2.3,100.0,0.0,-1.0,55,201.22,0.2,Electrophile,acid01-E11,1,2,2,dg^B@LACoHheEHfhrmUUTt@@,CC(C)(C)OC(=O)N1CC(C1)C(=O)O,1,1,142253-55-2,0,N2,2,59
C26,"E55_1-BOC-AZETIDINE-3-CARBOXYLIC ACID, 97%",CC(C)(C)OC(=O)N1CC(C1)C(=O)O,N3_Scaffold 7,CC(C)C1=CC2=CCC3[C@](C)(CN)CCC[C@]3(C)C2CC1,CC(C)C1=CC2=CCC3[C@](C)(CNCC4CN(C(=O)OC(C)(C)C)C4)CCC[C@]3(C)C2CC1,4.4,13.2,75.0,0.0,-1.0,55,201.22,0.2,Electrophile,acid01-E11,1,2,2,dg^B@LACoHheEHfhrmUUTt@@,CC(C)(C)OC(=O)N1CC(C1)C(=O)O,1,1,142253-55-2,0,N3,3,59
C38,"E55_1-BOC-AZETIDINE-3-CARBOXYLIC ACID, 97%",CC(C)(C)OC(=O)N1CC(C1)C(=O)O,N4_Scaffold 6,CCNC[C@@]1(C)C2[C@](C)(CCC1)c3c(CC2)cc(C(C)C)c(c3)N,CCNC[C@]1(C)CCC[C@]2(C)c3cc(NCC4CN(C(=O)OC(C)(C)C)C4)c(C(C)C)cc3CCC12,7.9,8.6,52.0,0.0,-1.0,55,201.22,0.2,Electrophile,acid01-E11,1,2,2,dg^B@LACoHheEHfhrmUUTt@@,CC(C)(C)OC(=O)N1CC(C1)C(=O)O,1,1,142253-55-2,0,N4,4,59
D2,"E56_CIS-3-CARBOMETHOXYCYCLOHEXANE-1-CARBOXYLIC ACID, 97%",COC(=O)C1CCCC(C1)C(=O)O,N1_(+)-Dehydroabietylamine,CC(C)c1ccc2c(c1)CC[C@H]1[C@](C)(CN)CCC[C@]21C,COC(=O)C1CC(CCC1)CNC[C@@]2(C)[C@H]3[C@](C)(CCC2)c4c(CC3)cc(C(C)C)cc4,12.8,16.6,56.5,0.0,-1.0,56,186.2,0.2,Electrophile,acid01-E12,1,2,2,dklB@@SSRY[VxUZjjf`@,COC(=O)C1CCCC(C1)C(=O)O,1,1,733742-58-0,0,N1,1,60
X1,"E38_3-(METHOXYCARBONYL)CYCLOHEXANECARBOXYLIC ACID, 95+%",COC(=O)C1CCCC(C1)C(=O)O,N1_(+)-Dehydroabietylamine,CC(C)c1ccc2c(c1)CC[C@H]1[C@](C)(CN)CCC[C@]21C,COC(=O)C1CC(CCC1)CNC[C@@]2(C)[C@H]3[C@](C)(CCC2)c4c(CC3)cc(C(C)C)cc4,23.6,16.3,40.8,26.2,-1.0,56,186.2,0.2,Electrophile,acid01-E12,1,2,2,dklB@@SSRY[VxUZjjf`@,COC(=O)C1CCCC(C1)C(=O)O,1,1,733742-58-0,0,N1,1,60
D14,"E56_CIS-3-CARBOMETHOXYCYCLOHEXANE-1-CARBOXYLIC ACID, 97%",COC(=O)C1CCCC(C1)C(=O)O,N2_hydroxydehydroabietylamine,CC(C)C(C(O)=C1)=CC2=C1[C@]3(C)C(CC2)[C@](C)(CN)CCC3,COC(=O)C1CCCC(CNC[C@]2(C)CCC[C@]3(C)c4cc(O)c(C(C)C)cc4CCC23)C1,0.0,0.7,100.0,4.9,-1.0,56,186.2,0.2,Electrophile,acid01-E12,1,2,2,dklB@@SSRY[VxUZjjf`@,COC(=O)C1CCCC(C1)C(=O)O,1,1,733742-58-0,0,N2,2,60
X13,"E38_3-(METHOXYCARBONYL)CYCLOHEXANECARBOXYLIC ACID, 95+%",COC(=O)C1CCCC(C1)C(=O)O,N2_hydroxydehydroabietylamine,CC(C)C(C(O)=C1)=CC2=C1[C@]3(C)C(CC2)[C@](C)(CN)CCC3,COC(=O)C1CCCC(CNC[C@]2(C)CCC[C@]3(C)c4cc(O)c(C(C)C)cc4CCC23)C1,0.0,1.0,100.0,5.8,-1.0,56,186.2,0.2,Electrophile,acid01-E12,1,2,2,dklB@@SSRY[VxUZjjf`@,COC(=O)C1CCCC(C1)C(=O)O,1,1,733742-58-0,0,N2,2,60
D26,"E56_CIS-3-CARBOMETHOXYCYCLOHEXANE-1-CARBOXYLIC ACID, 97%",COC(=O)C1CCCC(C1)C(=O)O,N3_Scaffold 7,CC(C)C1=CC2=CCC3[C@](C)(CN)CCC[C@]3(C)C2CC1,COC(=O)C1CC(CCC1)CNC[C@@]2(C)C3[C@](C)(CCC2)C4C(=CC3)C=C(C(C)C)CC4,3.1,11.4,78.6,3.3,-1.0,56,186.2,0.2,Electrophile,acid01-E12,1,2,2,dklB@@SSRY[VxUZjjf`@,COC(=O)C1CCCC(C1)C(=O)O,1,1,733742-58-0,0,N3,3,61
X25,"E38_3-(METHOXYCARBONYL)CYCLOHEXANECARBOXYLIC ACID, 95+%",COC(=O)C1CCCC(C1)C(=O)O,N3_Scaffold 7,CC(C)C1=CC2=CCC3[C@](C)(CN)CCC[C@]3(C)C2CC1,COC(=O)C1CC(CCC1)CNC[C@@]2(C)C3[C@](C)(CCC2)C4C(=CC3)C=C(C(C)C)CC4,2.7,3.2,54.0,8.1,-1.0,56,186.2,0.2,Electrophile,acid01-E12,1,2,2,dklB@@SSRY[VxUZjjf`@,COC(=O)C1CCCC(C1)C(=O)O,1,1,733742-58-0,0,N3,3,61
D38,"E56_CIS-3-CARBOMETHOXYCYCLOHEXANE-1-CARBOXYLIC ACID, 97%",COC(=O)C1CCCC(C1)C(=O)O,N4_Scaffold 6,CCNC[C@@]1(C)C2[C@](C)(CCC1)c3c(CC2)cc(C(C)C)c(c3)N,CCNC[C@]1(C)CCC[C@]2(C)c3cc(NCC4CCCC(C(=O)OC)C4)c(C(C)C)cc3CCC12,11.7,3.8,24.3,0.0,-1.0,56,186.2,0.2,Electrophile,acid01-E12,1,2,2,dklB@@SSRY[VxUZjjf`@,COC(=O)C1CCCC(C1)C(=O)O,1,1,733742-58-0,0,N4,4,61
X37,"E38_3-(METHOXYCARBONYL)CYCLOHEXANECARBOXYLIC ACID, 95+%",COC(=O)C1CCCC(C1)C(=O)O,N4_Scaffold 6,CCNC[C@@]1(C)C2[C@](C)(CCC1)c3c(CC2)cc(C(C)C)c(c3)N,CCNC[C@]1(C)CCC[C@]2(C)c3cc(NCC4CCCC(C(=O)OC)C4)c(C(C)C)cc3CCC12,6.0,0.0,0.0,10.2,-1.0,56,186.2,0.2,Electrophile,acid01-E12,1,2,2,dklB@@SSRY[VxUZjjf`@,COC(=O)C1CCCC(C1)C(=O)O,1,1,733742-58-0,0,N4,4,61
AA8,"E78_1-(4-FLUOROPHENYL)CYCLOPROPANECARBOXYLIC ACID, 97+%",C1CC1(C2=CC=C(C=C2)F)C(=O)O,N1_(+)-Dehydroabietylamine,CC(C)c1ccc2c(c1)CC[C@H]1[C@](C)(CN)CCC[C@]21C,CC(C)c1ccc2c(c1)CC[C@H]1[C@](C)(CNCC3(c4ccc(F)cc4)CC3)CCC[C@]21C,32.54,0.0,0.0,12.2,-1.0,78,180.17,0.2,Electrophile,acid02-A7,1,2,2,dk\D`MLIAIe]ijZU`@jfH@@,C1CC1(C2=CC=C(C=C2)F)C(=O)O,1,1,773100-29-1,0,N1,1,62
AA20,"E78_1-(4-FLUOROPHENYL)CYCLOPROPANECARBOXYLIC ACID, 97+%",C1CC1(C2=CC=C(C=C2)F)C(=O)O,N2_hydroxydehydroabietylamine,CC(C)C(C(O)=C1)=CC2=C1[C@]3(C)C(CC2)[C@](C)(CN)CCC3,CC(C)c1cc2c(cc1O)[C@@]1(C)CCC[C@@](C)(CNCC3(c4ccc(F)cc4)CC3)C1CC2,2.55,0.0,0.0,29.1,-1.0,78,180.17,0.2,Electrophile,acid02-A7,1,2,2,dk\D`MLIAIe]ijZU`@jfH@@,C1CC1(C2=CC=C(C=C2)F)C(=O)O,1,1,773100-29-1,0,N2,2,62
AA32,"E78_1-(4-FLUOROPHENYL)CYCLOPROPANECARBOXYLIC ACID, 97+%",C1CC1(C2=CC=C(C=C2)F)C(=O)O,N3_Scaffold 7,CC(C)C1=CC2=CCC3[C@](C)(CN)CCC[C@]3(C)C2CC1,CC(C)C1=CC2=CCC3[C@](C)(CNCC4(c5ccc(F)cc5)CC4)CCC[C@]3(C)C2CC1,9.9,0.0,0.0,2.0,-1.0,78,180.17,0.2,Electrophile,acid02-A7,1,2,2,dk\D`MLIAIe]ijZU`@jfH@@,C1CC1(C2=CC=C(C=C2)F)C(=O)O,1,1,773100-29-1,0,N3,3,62
AA44,"E78_1-(4-FLUOROPHENYL)CYCLOPROPANECARBOXYLIC ACID, 97+%",C1CC1(C2=CC=C(C=C2)F)C(=O)O,N4_Scaffold 6,CCNC[C@@]1(C)C2[C@](C)(CCC1)c3c(CC2)cc(C(C)C)c(c3)N,CCNC[C@]1(C)CCC[C@]2(C)c3cc(NCC4(c5ccc(F)cc5)CC4)c(C(C)C)cc3CCC12,5.8,0.0,0.0,0.0,-1.0,78,180.17,0.2,Electrophile,acid02-A7,1,2,2,dk\D`MLIAIe]ijZU`@jfH@@,C1CC1(C2=CC=C(C=C2)F)C(=O)O,1,1,773100-29-1,0,N4,4,62
W2,E83_4-(METHOXYCARBONYL)CYCLOHEXANECARBOXYLIC ACID,COC(=O)C1CCC(CC1)C(=O)O,N1_(+)-Dehydroabietylamine,CC(C)c1ccc2c(c1)CC[C@H]1[C@](C)(CN)CCC[C@]21C,COC(=O)C1CCC(CC1)CNC[C@@]2(C)[C@H]3[C@](C)(CCC2)c4c(CC3)cc(C(C)C)cc4,9.13,29.6,76.4,0.0,-1.0,83,186.2,0.2,Electrophile,acid02-A13,1,2,2,dklB@@SSRY[WXYZjjf`@,COC(=O)C1CCC(CC1)C(=O)O,1,1,32529-79-6,0,N1,1,63
W14,E83_4-(METHOXYCARBONYL)CYCLOHEXANECARBOXYLIC ACID,COC(=O)C1CCC(CC1)C(=O)O,N2_hydroxydehydroabietylamine,CC(C)C(C(O)=C1)=CC2=C1[C@]3(C)C(CC2)[C@](C)(CN)CCC3,COC(=O)C1CCC(CC1)CNC[C@@]2(C)C3[C@](C)(CCC2)c4c(CC3)cc(C(C)C)c(c4)O,0.0,1.5,100.0,15.3,-1.0,83,186.2,0.2,Electrophile,acid02-A13,1,2,2,dklB@@SSRY[WXYZjjf`@,COC(=O)C1CCC(CC1)C(=O)O,1,1,32529-79-6,0,N2,2,63
W26,E83_4-(METHOXYCARBONYL)CYCLOHEXANECARBOXYLIC ACID,COC(=O)C1CCC(CC1)C(=O)O,N3_Scaffold 7,CC(C)C1=CC2=CCC3[C@](C)(CN)CCC[C@]3(C)C2CC1,COC(=O)C1CCC(CC1)CNC[C@@]2(C)C3[C@](C)(CCC2)C4C(=CC3)C=C(C(C)C)CC4,2.4,6.5,72.9,2.5,-1.0,83,186.2,0.2,Electrophile,acid02-A13,1,2,2,dklB@@SSRY[WXYZjjf`@,COC(=O)C1CCC(CC1)C(=O)O,1,1,32529-79-6,0,N3,3,63
W38,E83_4-(METHOXYCARBONYL)CYCLOHEXANECARBOXYLIC ACID,COC(=O)C1CCC(CC1)C(=O)O,N4_Scaffold 6,CCNC[C@@]1(C)C2[C@](C)(CCC1)c3c(CC2)cc(C(C)C)c(c3)N,CCNC[C@]1(C)CCC[C@]2(C)c3cc(NCC4CCC(C(=O)OC)CC4)c(C(C)C)cc3CCC12,7.4,8.3,53.0,0.0,-1.0,83,186.2,0.2,Electrophile,acid02-A13,1,2,2,dklB@@SSRY[WXYZjjf`@,COC(=O)C1CCC(CC1)C(=O)O,1,1,32529-79-6,0,N4,4,63
Z2,"E89_ANTI-3-OXOTRICYCLO[2.2.1.02,6]HEPTANE-7-CARBOXYLIC ACID",C1C2C3C2C(=O)C1C3C(=O)O,N1_(+)-Dehydroabietylamine,CC(C)c1ccc2c(c1)CC[C@H]1[C@](C)(CN)CCC[C@]21C,CC(C)c1ccc2c(c1)CC[C@H]1[C@](C)(CNCC3C4CC5C(C4=O)C35)CCC[C@]21C,2.4,30.2,92.5,0.0,-1.0,89,152.15,0.2,Electrophile,acid02-B5,1,2,2,dmlL@@e\bbbblIjynZjij`@,C1C2C3C2C(=O)C1C3C(=O)O,1,1,50703-32-7,0,N1,1,64
Z14,"E89_ANTI-3-OXOTRICYCLO[2.2.1.02,6]HEPTANE-7-CARBOXYLIC ACID",C1C2C3C2C(=O)C1C3C(=O)O,N2_hydroxydehydroabietylamine,CC(C)C(C(O)=C1)=CC2=C1[C@]3(C)C(CC2)[C@](C)(CN)CCC3,CC(C)c1cc2c(cc1O)[C@@]1(C)CCC[C@@](C)(CNCC3C4CC5C(C4=O)C35)C1CC2,0.0,0.5,100.0,0.0,-1.0,89,152.15,0.2,Electrophile,acid02-B5,1,2,2,dmlL@@e\bbbblIjynZjij`@,C1C2C3C2C(=O)C1C3C(=O)O,1,1,50703-32-7,0,N2,2,64
Z26,"E89_ANTI-3-OXOTRICYCLO[2.2.1.02,6]HEPTANE-7-CARBOXYLIC ACID",C1C2C3C2C(=O)C1C3C(=O)O,N3_Scaffold 7,CC(C)C1=CC2=CCC3[C@](C)(CN)CCC[C@]3(C)C2CC1,CC(C)C1=CC2=CCC3[C@](C)(CNCC4C5CC6C(C5=O)C46)CCC[C@]3(C)C2CC1,2.2,4.1,65.0,13.2,-1.0,89,152.15,0.2,Electrophile,acid02-B5,1,2,2,dmlL@@e\bbbblIjynZjij`@,C1C2C3C2C(=O)C1C3C(=O)O,1,1,50703-32-7,0,N3,3,64
Z38,"E89_ANTI-3-OXOTRICYCLO[2.2.1.02,6]HEPTANE-7-CARBOXYLIC ACID",C1C2C3C2C(=O)C1C3C(=O)O,N4_Scaffold 6,CCNC[C@@]1(C)C2[C@](C)(CCC1)c3c(CC2)cc(C(C)C)c(c3)N,CCNC[C@]1(C)CCC[C@]2(C)c3cc(NCC4C5CC6C(C5=O)C46)c(C(C)C)cc3CCC12,0.6,4.1,87.2,0.0,-1.0,89,152.15,0.2,Electrophile,acid02-B5,1,2,2,dmlL@@e\bbbblIjynZjij`@,C1C2C3C2C(=O)C1C3C(=O)O,1,1,50703-32-7,0,N4,4,64
B3,"E97_TRANS-4-TERT-BUTYLCYCLOHEXANECARBOXYLIC ACID, 97%",CC(C)(C)C1CCC(CC1)C(=O)O,N1_(+)-Dehydroabietylamine,CC(C)c1ccc2c(c1)CC[C@H]1[C@](C)(CN)CCC[C@]21C,CC(C)c1ccc2c(c1)CC[C@H]1[C@](C)(CNCC3CCC(C(C)(C)C)CC3)CCC[C@]21C,19.9,2.8,12.2,0.0,-1.0,97,184.27,0.2,Electrophile,acid02-B14,1,2,2,dklD@@QInUvnEjjjj@@,CC(C)(C)C1CCC(CC1)C(=O)O,1,1,943-29-3,0,N1,1,65
B15,"E97_TRANS-4-TERT-BUTYLCYCLOHEXANECARBOXYLIC ACID, 97%",CC(C)(C)C1CCC(CC1)C(=O)O,N2_hydroxydehydroabietylamine,CC(C)C(C(O)=C1)=CC2=C1[C@]3(C)C(CC2)[C@](C)(CN)CCC3,CC(C)c1cc2c(cc1O)[C@@]1(C)CCC[C@@](C)(CNCC3CCC(C(C)(C)C)CC3)C1CC2,29.1,0.7,2.3,0.0,-1.0,97,184.27,0.2,Electrophile,acid02-B14,1,2,2,dklD@@QInUvnEjjjj@@,CC(C)(C)C1CCC(CC1)C(=O)O,1,1,943-29-3,0,N2,2,65
B27,"E97_TRANS-4-TERT-BUTYLCYCLOHEXANECARBOXYLIC ACID, 97%",CC(C)(C)C1CCC(CC1)C(=O)O,N3_Scaffold 7,CC(C)C1=CC2=CCC3[C@](C)(CN)CCC[C@]3(C)C2CC1,CC(C)C1=CC2=CCC3[C@](C)(CNCC4CCC(C(C)(C)C)CC4)CCC[C@]3(C)C2CC1,7.8,3.5,30.9,0.0,-1.0,97,184.27,0.2,Electrophile,acid02-B14,1,2,2,dklD@@QInUvnEjjjj@@,CC(C)(C)C1CCC(CC1)C(=O)O,1,1,943-29-3,0,N3,3,65
B39,"E97_TRANS-4-TERT-BUTYLCYCLOHEXANECARBOXYLIC ACID, 97%",CC(C)(C)C1CCC(CC1)C(=O)O,N4_Scaffold 6,CCNC[C@@]1(C)C2[C@](C)(CCC1)c3c(CC2)cc(C(C)C)c(c3)N,CCNC[C@]1(C)CCC[C@]2(C)c3cc(NCC4CCC(C(C)(C)C)CC4)c(C(C)C)cc3CCC12,10.4,2.5,19.1,0.0,-1.0,97,184.27,0.2,Electrophile,acid02-B14,1,2,2,dklD@@QInUvnEjjjj@@,CC(C)(C)C1CCC(CC1)C(=O)O,1,1,943-29-3,0,N4,4,65
E3,"E101_(-)-CAMPHANIC ACID, 98.0+%",CC1(C2(CCC1(OC2=O)C(=O)O)C)C,N1_(+)-Dehydroabietylamine,CC(C)c1ccc2c(c1)CC[C@H]1[C@](C)(CN)CCC[C@]21C,CC(C)c1ccc2c(c1)CC[C@H]1[C@](C)(CNCC3(C)CCC(C(=O)O)C3(C)C)CCC[C@]21C,29.65,7.7,20.6,51.4,-1.0,101,198.22,0.2,Electrophile,acid02-C3,1,2,2,dg|B@@P{rJIRJJFESRuUUST@@,CC1(C2(CCC1(OC2=O)C(=O)O)C)C,1,1,13429-83-9,0,N1,1,66
E15,"E101_(-)-CAMPHANIC ACID, 98.0+%",CC1(C2(CCC1(OC2=O)C(=O)O)C)C,N2_hydroxydehydroabietylamine,CC(C)C(C(O)=C1)=CC2=C1[C@]3(C)C(CC2)[C@](C)(CN)CCC3,CC(C)c1cc2c(cc1O)[C@@]1(C)CCC[C@@](C)(CNCC34CCC(C)(C(=O)O3)C4(C)C)C1CC2,0.0,20.0,100.0,0.0,-1.0,101,198.22,0.2,Electrophile,acid02-C3,1,2,2,dg|B@@P{rJIRJJFESRuUUST@@,CC1(C2(CCC1(OC2=O)C(=O)O)C)C,1,1,13429-83-9,0,N2,2,66
E27,"E101_(-)-CAMPHANIC ACID, 98.0+%",CC1(C2(CCC1(OC2=O)C(=O)O)C)C,N3_Scaffold 7,CC(C)C1=CC2=CCC3[C@](C)(CN)CCC[C@]3(C)C2CC1,CC(C)C1=CC2=CCC3[C@](C)(CNCC45CCC(C)(C(=O)O4)C5(C)C)CCC[C@]3(C)C2CC1,16.1,21.5,57.2,6.7,-1.0,101,198.22,0.2,Electrophile,acid02-C3,1,2,2,dg|B@@P{rJIRJJFESRuUUST@@,CC1(C2(CCC1(OC2=O)C(=O)O)C)C,1,1,13429-83-9,0,N3,3,66
E39,"E101_(-)-CAMPHANIC ACID, 98.0+%",CC1(C2(CCC1(OC2=O)C(=O)O)C)C,N4_Scaffold 6,CCNC[C@@]1(C)C2[C@](C)(CCC1)c3c(CC2)cc(C(C)C)c(c3)N,CCNC[C@]1(C)CCC[C@]2(C)c3cc(NCC4(C)CCC(C(=O)O)C4(C)C)c(C(C)C)cc3CCC12,17.9,5.7,24.3,0.0,-1.0,101,198.22,0.2,Electrophile,acid02-C3,1,2,2,dg|B@@P{rJIRJJFESRuUUST@@,CC1(C2(CCC1(OC2=O)C(=O)O)C)C,1,1,13429-83-9,0,N4,4,66
B9,"E107_1-CYCLOHEXENE-1-CARBOXYLIC ACID, 97%",C1CCC(=CC1)C(=O)O,N1_(+)-Dehydroabietylamine,CC(C)c1ccc2c(c1)CC[C@H]1[C@](C)(CN)CCC[C@]21C,CC(C)c1ccc2c(c1)CC[C@H]1[C@](C)(CNCC3=CCCCC3)CCC[C@]21C,11.0,2.7,20.0,0.0,-1.0,107,126.15,0.2,Electrophile,acid02-C9,1,2,2,didD@@QInUxVfj`@,C1CCC(=CC1)C(=O)O,1,1,636-82-8,0,N1,1,67
B21,"E107_1-CYCLOHEXENE-1-CARBOXYLIC ACID, 97%",C1CCC(=CC1)C(=O)O,N2_hydroxydehydroabietylamine,CC(C)C(C(O)=C1)=CC2=C1[C@]3(C)C(CC2)[C@](C)(CN)CCC3,CC(C)c1cc2c(cc1O)[C@@]1(C)CCC[C@@](C)(CNCC3=CCCCC3)C1CC2,3.0,3.2,50.9,0.0,-1.0,107,126.15,0.2,Electrophile,acid02-C9,1,2,2,didD@@QInUxVfj`@,C1CCC(=CC1)C(=O)O,1,1,636-82-8,0,N2,2,67
B33,"E107_1-CYCLOHEXENE-1-CARBOXYLIC ACID, 97%",C1CCC(=CC1)C(=O)O,N3_Scaffold 7,CC(C)C1=CC2=CCC3[C@](C)(CN)CCC[C@]3(C)C2CC1,CC(C)C1=CC2=CCC3[C@](C)(CNCC4=CCCCC4)CCC[C@]3(C)C2CC1,2.4,0.7,21.9,0.0,-1.0,107,126.15,0.2,Electrophile,acid02-C9,1,2,2,didD@@QInUxVfj`@,C1CCC(=CC1)C(=O)O,1,1,636-82-8,0,N3,3,67
B45,"E107_1-CYCLOHEXENE-1-CARBOXYLIC ACID, 97%",C1CCC(=CC1)C(=O)O,N4_Scaffold 6,CCNC[C@@]1(C)C2[C@](C)(CCC1)c3c(CC2)cc(C(C)C)c(c3)N,CCNC[C@]1(C)CCC[C@]2(C)c3cc(NCC4=CCCCC4)c(C(C)C)cc3CCC12,1.1,0.2,18.0,0.0,-1.0,107,126.15,0.2,Electrophile,acid02-C9,1,2,2,didD@@QInUxVfj`@,C1CCC(=CC1)C(=O)O,1,1,636-82-8,0,N4,4,67
D9,E109_(1S)-cyclohex-3-ene-1-carboxylic acid,C1CC(CC=C1)C(=O)O,N1_(+)-Dehydroabietylamine,CC(C)c1ccc2c(c1)CC[C@H]1[C@](C)(CN)CCC[C@]21C,CC(C)c1ccc2c(c1)CC[C@H]1[C@](C)(CNCC3CC=CCC3)CCC[C@]21C,4.1,6.2,60.1,0.0,-1.0,109,126.15,0.2,Electrophile,acid02-C11,1,2,2,didD@@QInUxVjihr`@,C1CC(CC=C1)C(=O)O,1,1,5708-19-0,0,N1,1,68
V8,"E59_3-CYCLOHEXENE-1-CARBOXYLIC ACID, 98%",C1CC(CC=C1)C(=O)O,N1_(+)-Dehydroabietylamine,CC(C)c1ccc2c(c1)CC[C@H]1[C@](C)(CN)CCC[C@]21C,CC(C)c1ccc2c(c1)CC[C@H]1[C@](C)(CNCC3CC=CCC3)CCC[C@]21C,7.4,10.1,57.7,0.0,-1.0,109,126.15,0.2,Electrophile,acid02-C11,1,2,2,didD@@QInUxVjihr`@,C1CC(CC=C1)C(=O)O,1,1,5708-19-0,0,N1,1,68
D21,E109_(1S)-cyclohex-3-ene-1-carboxylic acid,C1CC(CC=C1)C(=O)O,N2_hydroxydehydroabietylamine,CC(C)C(C(O)=C1)=CC2=C1[C@]3(C)C(CC2)[C@](C)(CN)CCC3,CC(C)c1cc2c(cc1O)[C@@]1(C)CCC[C@@](C)(CNCC3CC=CCC3)C1CC2,0.0,0.0,0.0,11.8,-1.0,109,126.15,0.2,Electrophile,acid02-C11,1,2,2,didD@@QInUxVjihr`@,C1CC(CC=C1)C(=O)O,1,1,5708-19-0,0,N2,2,68
V20,"E59_3-CYCLOHEXENE-1-CARBOXYLIC ACID, 98%",C1CC(CC=C1)C(=O)O,N2_hydroxydehydroabietylamine,CC(C)C(C(O)=C1)=CC2=C1[C@]3(C)C(CC2)[C@](C)(CN)CCC3,CC(C)c1cc2c(cc1O)[C@@]1(C)CCC[C@@](C)(CNCC3CC=CCC3)C1CC2,0.0,0.0,0.0,0.0,-1.0,109,126.15,0.2,Electrophile,acid02-C11,1,2,2,didD@@QInUxVjihr`@,C1CC(CC=C1)C(=O)O,1,1,5708-19-0,0,N2,2,68
D33,E109_(1S)-cyclohex-3-ene-1-carboxylic acid,C1CC(CC=C1)C(=O)O,N3_Scaffold 7,CC(C)C1=CC2=CCC3[C@](C)(CN)CCC[C@]3(C)C2CC1,CC(C)C1=CC2=CCC3[C@](C)(CNCC4CC=CCC4)CCC[C@]3(C)C2CC1,2.7,1.2,30.7,22.0,-1.0,109,126.15,0.2,Electrophile,acid02-C11,1,2,2,didD@@QInUxVjihr`@,C1CC(CC=C1)C(=O)O,1,1,5708-19-0,0,N3,3,69
V32,"E59_3-CYCLOHEXENE-1-CARBOXYLIC ACID, 98%",C1CC(CC=C1)C(=O)O,N3_Scaffold 7,CC(C)C1=CC2=CCC3[C@](C)(CN)CCC[C@]3(C)C2CC1,CC(C)C1=CC2=CCC3[C@](C)(CNCC4CC=CCC4)CCC[C@]3(C)C2CC1,1.1,2.0,64.7,0.0,-1.0,109,126.15,0.2,Electrophile,acid02-C11,1,2,2,didD@@QInUxVjihr`@,C1CC(CC=C1)C(=O)O,1,1,5708-19-0,0,N3,3,69
D45,E109_(1S)-cyclohex-3-ene-1-carboxylic acid,C1CC(CC=C1)C(=O)O,N4_Scaffold 6,CCNC[C@@]1(C)C2[C@](C)(CCC1)c3c(CC2)cc(C(C)C)c(c3)N,CCNC[C@]1(C)CCC[C@]2(C)c3cc(NCC4CC=CCC4)c(C(C)C)cc3CCC12,1.8,3.2,64.0,0.0,-1.0,109,126.15,0.2,Electrophile,acid02-C11,1,2,2,didD@@QInUxVjihr`@,C1CC(CC=C1)C(=O)O,1,1,5708-19-0,0,N4,4,69
V44,"E59_3-CYCLOHEXENE-1-CARBOXYLIC ACID, 98%",C1CC(CC=C1)C(=O)O,N4_Scaffold 6,CCNC[C@@]1(C)C2[C@](C)(CCC1)c3c(CC2)cc(C(C)C)c(c3)N,CCNC[C@]1(C)CCC[C@]2(C)c3cc(NCC4CC=CCC4)c(C(C)C)cc3CCC12,6.1,3.1,33.4,0.0,-1.0,109,126.15,0.2,Electrophile,acid02-C11,1,2,2,didD@@QInUxVjihr`@,C1CC(CC=C1)C(=O)O,1,1,5708-19-0,0,N4,4,69
X3,E131_adamantane-1-carboxylic acid,C1C2CC3CC1CC(C2)(C3)C(=O)O,N1_(+)-Dehydroabietylamine,CC(C)c1ccc2c(c1)CC[C@H]1[C@](C)(CN)CCC[C@]21C,CC(C)c1ccc2c(c1)CC[C@H]1[C@](C)(CNCC34CC5CC(CC(C5)C3)C4)CCC[C@]21C,16.2,0.8,4.8,14.2,-1.0,131,180.24,0.2,Electrophile,acid02-E4,1,2,2,dk|D@@QIneVQV]dvjjjj`@,C1C2CC3CC1CC(C2)(C3)C(=O)O,1,1,828-51-3,0,N1,1,70
X15,E131_adamantane-1-carboxylic acid,C1C2CC3CC1CC(C2)(C3)C(=O)O,N2_hydroxydehydroabietylamine,CC(C)C(C(O)=C1)=CC2=C1[C@]3(C)C(CC2)[C@](C)(CN)CCC3,CC(C)c1cc2c(cc1O)[C@@]1(C)CCC[C@@](C)(CNCC34CC5CC(CC(C5)C3)C4)C1CC2,1.4,0.8,35.8,8.1,-1.0,131,180.24,0.2,Electrophile,acid02-E4,1,2,2,dk|D@@QIneVQV]dvjjjj`@,C1C2CC3CC1CC(C2)(C3)C(=O)O,1,1,828-51-3,0,N2,2,70
X27,E131_adamantane-1-carboxylic acid,C1C2CC3CC1CC(C2)(C3)C(=O)O,N3_Scaffold 7,CC(C)C1=CC2=CCC3[C@](C)(CN)CCC[C@]3(C)C2CC1,CC(C)C1=CC2=CCC3[C@](C)(CNCC45CC6CC(CC(C6)C4)C5)CCC[C@]3(C)C2CC1,4.7,2.8,37.2,25.9,-1.0,131,180.24,0.2,Electrophile,acid02-E4,1,2,2,dk|D@@QIneVQV]dvjjjj`@,C1C2CC3CC1CC(C2)(C3)C(=O)O,1,1,828-51-3,0,N3,3,70
X39,E131_adamantane-1-carboxylic acid,C1C2CC3CC1CC(C2)(C3)C(=O)O,N4_Scaffold 6,CCNC[C@@]1(C)C2[C@](C)(CCC1)c3c(CC2)cc(C(C)C)c(c3)N,CCNC[C@]1(C)CCC[C@]2(C)c3cc(NCC45CC6CC(CC(C6)C4)C5)c(C(C)C)cc3CCC12,8.3,0.0,0.0,14.7,-1.0,131,180.24,0.2,Electrophile,acid02-E4,1,2,2,dk|D@@QIneVQV]dvjjjj`@,C1C2CC3CC1CC(C2)(C3)C(=O)O,1,1,828-51-3,0,N4,4,70
AE3,"E139_(1S,2R)-2-benzamidocyclohexane-1-carboxylic acid",C1CCC(C(C1)C(=O)O)NC(=O)C2=CC=CC=C2,N1_(+)-Dehydroabietylamine,CC(C)c1ccc2c(c1)CC[C@H]1[C@](C)(CN)CCC[C@]21C,CC(C)c1ccc2c(c1)CC[C@H]1[C@](C)(CNCC3CCCCC3NC(=O)c3ccccc3)CCC[C@]21C,47.91,13.6,22.1,75.0,1.23,139,247.29,0.2,Electrophile,acid02-E13,1,2,2,fdya`@D@|EIefUeyTztVhJBhZH@@,C1CCC(C(C1)C(=O)O)NC(=O)C2=CC=CC=C2,1,1,26685-82-5,0,N1,1,71
AE15,"E139_(1S,2R)-2-benzamidocyclohexane-1-carboxylic acid",C1CCC(C(C1)C(=O)O)NC(=O)C2=CC=CC=C2,N2_hydroxydehydroabietylamine,CC(C)C(C(O)=C1)=CC2=C1[C@]3(C)C(CC2)[C@](C)(CN)CCC3,CC(C)c1cc2c(cc1O)[C@@]1(C)CCC[C@@](C)(CNCC3CCCCC3NC(=O)c3ccccc3)C1CC2,22.34,9.7,30.3,0.0,-1.0,139,247.29,0.2,Electrophile,acid02-E13,1,2,2,fdya`@D@|EIefUeyTztVhJBhZH@@,C1CCC(C(C1)C(=O)O)NC(=O)C2=CC=CC=C2,1,1,26685-82-5,0,N2,2,71
AE27,"E139_(1S,2R)-2-benzamidocyclohexane-1-carboxylic acid",C1CCC(C(C1)C(=O)O)NC(=O)C2=CC=CC=C2,N3_Scaffold 7,CC(C)C1=CC2=CCC3[C@](C)(CN)CCC[C@]3(C)C2CC1,CC(C)C1=CC2=CCC3[C@](C)(CNCC4CCCCC4NC(=O)c4ccccc4)CCC[C@]3(C)C2CC1,14.0,21.0,60.0,0.0,-1.0,139,247.29,0.2,Electrophile,acid02-E13,1,2,2,fdya`@D@|EIefUeyTztVhJBhZH@@,C1CCC(C(C1)C(=O)O)NC(=O)C2=CC=CC=C2,1,1,26685-82-5,0,N3,3,71
AE39,"E139_(1S,2R)-2-benzamidocyclohexane-1-carboxylic acid",C1CCC(C(C1)C(=O)O)NC(=O)C2=CC=CC=C2,N4_Scaffold 6,CCNC[C@@]1(C)C2[C@](C)(CCC1)c3c(CC2)cc(C(C)C)c(c3)N,CCNC[C@]1(C)CCC[C@]2(C)c3cc(NCC4CCCCC4NC(=O)c4ccccc4)c(C(C)C)cc3CCC12,22.6,4.1,15.3,0.0,-1.0,139,247.29,0.2,Electrophile,acid02-E13,1,2,2,fdya`@D@|EIefUeyTztVhJBhZH@@,C1CCC(C(C1)C(=O)O)NC(=O)C2=CC=CC=C2,1,1,26685-82-5,0,N4,4,71
M9,E141_cyclopentanecarboxylic acid,C1CCC(C1)C(=O)O,N1_(+)-Dehydroabietylamine,CC(C)c1ccc2c(c1)CC[C@H]1[C@](C)(CN)CCC[C@]21C,CC(C)c1ccc2c(c1)CC[C@H]1[C@](C)(CNCC3CCCC3)CCC[C@]21C,4.7,13.0,73.4,0.0,-1.0,141,114.14,0.2,Electrophile,acid02-E15,1,2,2,daDD@@QInUnZjh@@,C1CCC(C1)C(=O)O,1,1,3400-45-1,0,N1,1,72
M21,E141_cyclopentanecarboxylic acid,C1CCC(C1)C(=O)O,N2_hydroxydehydroabietylamine,CC(C)C(C(O)=C1)=CC2=C1[C@]3(C)C(CC2)[C@](C)(CN)CCC3,CC(C)c1cc2c(cc1O)[C@@]1(C)CCC[C@@](C)(CNCC3CCCC3)C1CC2,0.0,0.8,100.0,15.2,-1.0,141,114.14,0.2,Electrophile,acid02-E15,1,2,2,daDD@@QInUnZjh@@,C1CCC(C1)C(=O)O,1,1,3400-45-1,0,N2,2,72
M33,E141_cyclopentanecarboxylic acid,C1CCC(C1)C(=O)O,N3_Scaffold 7,CC(C)C1=CC2=CCC3[C@](C)(CN)CCC[C@]3(C)C2CC1,CC(C)C1=CC2=CCC3[C@](C)(CNCC4CCCC4)CCC[C@]3(C)C2CC1,1.6,5.2,76.5,17.6,-1.0,141,114.14,0.2,Electrophile,acid02-E15,1,2,2,daDD@@QInUnZjh@@,C1CCC(C1)C(=O)O,1,1,3400-45-1,0,N3,3,72
M45,E141_cyclopentanecarboxylic acid,C1CCC(C1)C(=O)O,N4_Scaffold 6,CCNC[C@@]1(C)C2[C@](C)(CCC1)c3c(CC2)cc(C(C)C)c(c3)N,CCNC[C@]1(C)CCC[C@]2(C)c3cc(NCC4CCCC4)c(C(C)C)cc3CCC12,10.2,9.3,47.8,11.9,-1.0,141,114.14,0.2,Electrophile,acid02-E15,1,2,2,daDD@@QInUnZjh@@,C1CCC(C1)C(=O)O,1,1,3400-45-1,0,N4,4,72
M4,"E156_2,3-dihydro-1H-indene-2-carboxylic acid",C1C(CC2=CC=CC=C21)C(=O)O,N1_(+)-Dehydroabietylamine,CC(C)c1ccc2c(c1)CC[C@H]1[C@](C)(CN)CCC[C@]21C,CC(C)c1ccc2c(c1)CC[C@H]1[C@](C)(CNCC3Cc4ccccc4C3)CCC[C@]21C,4.32,16.4,79.1,5.8,-1.0,156,162.18,0.2,Electrophile,acid03-A3,1,2,2,dclD@@QInUU[eujj@@@@,C1C(CC2=CC=CC=C21)C(=O)O,1,1,25177-85-9,0,N1,1,73
M16,"E156_2,3-dihydro-1H-indene-2-carboxylic acid",C1C(CC2=CC=CC=C21)C(=O)O,N2_hydroxydehydroabietylamine,CC(C)C(C(O)=C1)=CC2=C1[C@]3(C)C(CC2)[C@](C)(CN)CCC3,CC(C)c1cc2c(cc1O)[C@@]1(C)CCC[C@@](C)(CNCC3Cc4ccccc4C3)C1CC2,0.0,0.6,100.0,1.4,-1.0,156,162.18,0.2,Electrophile,acid03-A3,1,2,2,dclD@@QInUU[eujj@@@@,C1C(CC2=CC=CC=C21)C(=O)O,1,1,25177-85-9,0,N2,2,73
M28,"E156_2,3-dihydro-1H-indene-2-carboxylic acid",C1C(CC2=CC=CC=C21)C(=O)O,N3_Scaffold 7,CC(C)C1=CC2=CCC3[C@](C)(CN)CCC[C@]3(C)C2CC1,CC(C)C1=CC2=CCC3[C@](C)(CNCC4Cc5ccccc5C4)CCC[C@]3(C)C2CC1,3.3,8.9,72.9,22.1,-1.0,156,162.18,0.2,Electrophile,acid03-A3,1,2,2,dclD@@QInUU[eujj@@@@,C1C(CC2=CC=CC=C21)C(=O)O,1,1,25177-85-9,0,N3,3,73
M40,"E156_2,3-dihydro-1H-indene-2-carboxylic acid",C1C(CC2=CC=CC=C21)C(=O)O,N4_Scaffold 6,CCNC[C@@]1(C)C2[C@](C)(CCC1)c3c(CC2)cc(C(C)C)c(c3)N,CCNC[C@]1(C)CCC[C@]2(C)c3cc(NCC4Cc5ccccc5C4)c(C(C)C)cc3CCC12,14.2,7.6,34.9,12.6,-1.0,156,162.18,0.2,Electrophile,acid03-A3,1,2,2,dclD@@QInUU[eujj@@@@,C1C(CC2=CC=CC=C21)C(=O)O,1,1,25177-85-9,0,N4,4,73
A5,E181_9H-fluorene-9-carboxylic acid,C1=CC=C2C(=C1)C(C3=CC=CC=C32)C(=O)O,N1_(+)-Dehydroabietylamine,CC(C)c1ccc2c(c1)CC[C@H]1[C@](C)(CN)CCC[C@]21C,CC(C)c1ccc2c(c1)CC[C@H]1[C@](C)(CNCC3c4ccccc4-c4ccccc43)CCC[C@]21C,14.19,1.3,8.5,0.0,-1.0,181,210.23,0.2,Electrophile,acid03-B15,1,2,2,f`i@`@@HR[fYU]`mNmyj`@@B@@@,C1=CC=C2C(=C1)C(C3=CC=CC=C32)C(=O)O,1,1,1989-33-9,0,N1,1,74
A17,E181_9H-fluorene-9-carboxylic acid,C1=CC=C2C(=C1)C(C3=CC=CC=C32)C(=O)O,N2_hydroxydehydroabietylamine,CC(C)C(C(O)=C1)=CC2=C1[C@]3(C)C(CC2)[C@](C)(CN)CCC3,CC(C)c1cc2c(cc1O)[C@@]1(C)CCC[C@@](C)(CNCC3c4ccccc4-c4ccccc43)C1CC2,17.16,1.6,8.4,0.0,-1.0,181,210.23,0.2,Electrophile,acid03-B15,1,2,2,f`i@`@@HR[fYU]`mNmyj`@@B@@@,C1=CC=C2C(=C1)C(C3=CC=CC=C32)C(=O)O,1,1,1989-33-9,0,N2,2,74
A29,E181_9H-fluorene-9-carboxylic acid,C1=CC=C2C(=C1)C(C3=CC=CC=C32)C(=O)O,N3_Scaffold 7,CC(C)C1=CC2=CCC3[C@](C)(CN)CCC[C@]3(C)C2CC1,CC(C)C1=CC2=CCC3[C@](C)(CNCC4c5ccccc5-c5ccccc54)CCC[C@]3(C)C2CC1,9.2,1.9,17.3,0.0,-1.0,181,210.23,0.2,Electrophile,acid03-B15,1,2,2,f`i@`@@HR[fYU]`mNmyj`@@B@@@,C1=CC=C2C(=C1)C(C3=CC=CC=C32)C(=O)O,1,1,1989-33-9,0,N3,3,74
A41,E181_9H-fluorene-9-carboxylic acid,C1=CC=C2C(=C1)C(C3=CC=CC=C32)C(=O)O,N4_Scaffold 6,CCNC[C@@]1(C)C2[C@](C)(CCC1)c3c(CC2)cc(C(C)C)c(c3)N,CCNC[C@]1(C)CCC[C@]2(C)c3cc(NCC4c5ccccc5-c5ccccc54)c(C(C)C)cc3CCC12,14.3,13.9,49.3,0.0,-1.0,181,210.23,0.2,Electrophile,acid03-B15,1,2,2,f`i@`@@HR[fYU]`mNmyj`@@B@@@,C1=CC=C2C(=C1)C(C3=CC=CC=C32)C(=O)O,1,1,1989-33-9,0,N4,4,74
S6,E256_1-Phenyl-1-cyclopropanecarboxylic acid,C1CC1(C2=CC=CC=C2)C(=O)O,N1_(+)-Dehydroabietylamine,CC(C)c1ccc2c(c1)CC[C@H]1[C@](C)(CN)CCC[C@]21C,CC(C)c1ccc2c(c1)CC[C@H]1[C@](C)(CNCC3(c4ccccc4)CC3)CCC[C@]21C,21.04,0.0,0.0,25.2,-1.0,256,162.18,0.2,Electrophile,acid04-B13,1,2,2,dclD@@SHiiEBeSKkUP@P@@,C1CC1(C2=CC=CC=C2)C(=O)O,1,1,6120-95-2,0,N1,1,75
S18,E256_1-Phenyl-1-cyclopropanecarboxylic acid,C1CC1(C2=CC=CC=C2)C(=O)O,N2_hydroxydehydroabietylamine,CC(C)C(C(O)=C1)=CC2=C1[C@]3(C)C(CC2)[C@](C)(CN)CCC3,CC(C)c1cc2c(cc1O)[C@@]1(C)CCC[C@@](C)(CNCC3(c4ccccc4)CC3)C1CC2,1.21,0.7,35.3,35.7,-1.0,256,162.18,0.2,Electrophile,acid04-B13,1,2,2,dclD@@SHiiEBeSKkUP@P@@,C1CC1(C2=CC=CC=C2)C(=O)O,1,1,6120-95-2,0,N2,2,75
S30,E256_1-Phenyl-1-cyclopropanecarboxylic acid,C1CC1(C2=CC=CC=C2)C(=O)O,N3_Scaffold 7,CC(C)C1=CC2=CCC3[C@](C)(CN)CCC[C@]3(C)C2CC1,CC(C)C1=CC2=CCC3[C@](C)(CNCC4(c5ccccc5)CC4)CCC[C@]3(C)C2CC1,12.5,0.0,0.0,9.9,-1.0,256,162.18,0.2,Electrophile,acid04-B13,1,2,2,dclD@@SHiiEBeSKkUP@P@@,C1CC1(C2=CC=CC=C2)C(=O)O,1,1,6120-95-2,0,N3,3,75
S42,E256_1-Phenyl-1-cyclopropanecarboxylic acid,C1CC1(C2=CC=CC=C2)C(=O)O,N4_Scaffold 6,CCNC[C@@]1(C)C2[C@](C)(CCC1)c3c(CC2)cc(C(C)C)c(c3)N,CCNC[C@]1(C)CCC[C@]2(C)c3cc(NCC4(c5ccccc5)CC4)c(C(C)C)cc3CCC12,7.0,0.0,0.0,23.5,-1.0,256,162.18,0.2,Electrophile,acid04-B13,1,2,2,dclD@@SHiiEBeSKkUP@P@@,C1CC1(C2=CC=CC=C2)C(=O)O,1,1,6120-95-2,0,N4,4,75
Y10,E286_1-Cyclopentene-1-carboxylic acid,C1CC=C(C1)C(=O)O,N1_(+)-Dehydroabietylamine,CC(C)c1ccc2c(c1)CC[C@H]1[C@](C)(CN)CCC[C@]21C,CC(C)c1ccc2c(c1)CC[C@H]1[C@](C)(CNCC3=CCCC3)CCC[C@]21C,2.99,7.6,71.7,0.0,-1.0,286,112.13,0.2,Electrophile,acid04-E9,1,2,2,daDD@@QInUnZZh@@,C1CC=C(C1)C(=O)O,1,1,1560-11-8,0,N1,1,76
Y22,E286_1-Cyclopentene-1-carboxylic acid,C1CC=C(C1)C(=O)O,N2_hydroxydehydroabietylamine,CC(C)C(C(O)=C1)=CC2=C1[C@]3(C)C(CC2)[C@](C)(CN)CCC3,CC(C)c1cc2c(cc1O)[C@@]1(C)CCC[C@@](C)(CNCC3=CCCC3)C1CC2,0.0,0.4,100.0,0.0,-1.0,286,112.13,0.2,Electrophile,acid04-E9,1,2,2,daDD@@QInUnZZh@@,C1CC=C(C1)C(=O)O,1,1,1560-11-8,0,N2,2,76
Y34,E286_1-Cyclopentene-1-carboxylic acid,C1CC=C(C1)C(=O)O,N3_Scaffold 7,CC(C)C1=CC2=CCC3[C@](C)(CN)CCC[C@]3(C)C2CC1,CC(C)C1=CC2=CCC3[C@](C)(CNCC4=CCCC4)CCC[C@]3(C)C2CC1,0.6,1.0,63.5,0.0,-1.0,286,112.13,0.2,Electrophile,acid04-E9,1,2,2,daDD@@QInUnZZh@@,C1CC=C(C1)C(=O)O,1,1,1560-11-8,0,N3,3,76
Y46,E286_1-Cyclopentene-1-carboxylic acid,C1CC=C(C1)C(=O)O,N4_Scaffold 6,CCNC[C@@]1(C)C2[C@](C)(CCC1)c3c(CC2)cc(C(C)C)c(c3)N,CCNC[C@]1(C)CCC[C@]2(C)c3cc(NCC4=CCCC4)c(C(C)C)cc3CCC12,2.1,1.7,45.0,0.0,-1.0,286,112.13,0.2,Electrophile,acid04-E9,1,2,2,daDD@@QInUnZZh@@,C1CC=C(C1)C(=O)O,1,1,1560-11-8,0,N4,4,76
Z10,"E290_CYCLOPROPANECARBOXYLIC ACID, 95%",C1CC1C(=O)O,N1_(+)-Dehydroabietylamine,CC(C)c1ccc2c(c1)CC[C@H]1[C@](C)(CN)CCC[C@]21C,CC(C)c1ccc2c(c1)CC[C@H]1[C@](C)(CNCC3CC3)CCC[C@]21C,3.6,21.1,85.3,0.0,-1.0,290,86.09,0.2,Electrophile,acid04-E13,1,2,2,gFp`@dfxujh@,C1CC1C(=O)O,1,1,1759-53-1,0,N1,1,77
Z22,"E290_CYCLOPROPANECARBOXYLIC ACID, 95%",C1CC1C(=O)O,N2_hydroxydehydroabietylamine,CC(C)C(C(O)=C1)=CC2=C1[C@]3(C)C(CC2)[C@](C)(CN)CCC3,CC(C)c1cc2c(cc1O)[C@@]1(C)CCC[C@@](C)(CNCC3CC3)C1CC2,0.0,2.5,100.0,0.0,-1.0,290,86.09,0.2,Electrophile,acid04-E13,1,2,2,gFp`@dfxujh@,C1CC1C(=O)O,1,1,1759-53-1,0,N2,2,77
Z34,"E290_CYCLOPROPANECARBOXYLIC ACID, 95%",C1CC1C(=O)O,N3_Scaffold 7,CC(C)C1=CC2=CCC3[C@](C)(CN)CCC[C@]3(C)C2CC1,CC(C)C1=CC2=CCC3[C@](C)(CNCC4CC4)CCC[C@]3(C)C2CC1,1.9,11.3,85.7,4.9,-1.0,290,86.09,0.2,Electrophile,acid04-E13,1,2,2,gFp`@dfxujh@,C1CC1C(=O)O,1,1,1759-53-1,0,N3,3,77
Z46,"E290_CYCLOPROPANECARBOXYLIC ACID, 95%",C1CC1C(=O)O,N4_Scaffold 6,CCNC[C@@]1(C)C2[C@](C)(CCC1)c3c(CC2)cc(C(C)C)c(c3)N,CCNC[C@]1(C)CCC[C@]2(C)c3cc(NCC4CC4)c(C(C)C)cc3CCC12,8.2,22.9,73.6,0.0,-1.0,290,86.09,0.2,Electrophile,acid04-E13,1,2,2,gFp`@dfxujh@,C1CC1C(=O)O,1,1,1759-53-1,0,N4,4,77
AE10,E308_1-Methyl-1-cyclohexanecarboxylic acid,CC1(CCCCC1)C(=O)O,N1_(+)-Dehydroabietylamine,CC(C)c1ccc2c(c1)CC[C@H]1[C@](C)(CN)CCC[C@]21C,CC(C)c1ccc2c(c1)CC[C@H]1[C@](C)(CNCC3(C)CCCCC3)CCC[C@]21C,19.04,1.0,5.1,0.0,-1.0,308,142.2,0.2,Electrophile,acid05-A2,1,2,2,deTD@@QIneqejjj@@,CC1(CCCCC1)C(=O)O,1,1,1123-25-7,0,N1,1,78
AE22,E308_1-Methyl-1-cyclohexanecarboxylic acid,CC1(CCCCC1)C(=O)O,N2_hydroxydehydroabietylamine,CC(C)C(C(O)=C1)=CC2=C1[C@]3(C)C(CC2)[C@](C)(CN)CCC3,CC(C)c1cc2c(cc1O)[C@@]1(C)CCC[C@@](C)(CNCC3(C)CCCCC3)C1CC2,0.0,1.1,100.0,0.0,-1.0,308,142.2,0.2,Electrophile,acid05-A2,1,2,2,deTD@@QIneqejjj@@,CC1(CCCCC1)C(=O)O,1,1,1123-25-7,0,N2,2,78
AE34,E308_1-Methyl-1-cyclohexanecarboxylic acid,CC1(CCCCC1)C(=O)O,N3_Scaffold 7,CC(C)C1=CC2=CCC3[C@](C)(CN)CCC[C@]3(C)C2CC1,CC(C)C1=CC2=CCC3[C@](C)(CNCC4(C)CCCCC4)CCC[C@]3(C)C2CC1,0.9,0.0,0.0,0.0,-1.0,308,142.2,0.2,Electrophile,acid05-A2,1,2,2,deTD@@QIneqejjj@@,CC1(CCCCC1)C(=O)O,1,1,1123-25-7,0,N3,3,78
AE46,E308_1-Methyl-1-cyclohexanecarboxylic acid,CC1(CCCCC1)C(=O)O,N4_Scaffold 6,CCNC[C@@]1(C)C2[C@](C)(CCC1)c3c(CC2)cc(C(C)C)c(c3)N,CCNC[C@]1(C)CCC[C@]2(C)c3cc(NCC4(C)CCCCC4)c(C(C)C)cc3CCC12,11.3,0.0,0.0,0.0,-1.0,308,142.2,0.2,Electrophile,acid05-A2,1,2,2,deTD@@QIneqejjj@@,CC1(CCCCC1)C(=O)O,1,1,1123-25-7,0,N4,4,78
AF10,E320_1-Methyl-3-oxocyclobutanecarboxylic acid,CC1(C(=O)O)CC(=O)C1,N1_(+)-Dehydroabietylamine,CC(C)c1ccc2c(c1)CC[C@H]1[C@](C)(CN)CCC[C@]21C,CC(C)c1ccc2c(c1)CC[C@H]1[C@](C)(CNCC3(C)CC(=O)C3)CCC[C@]21C,4.7,5.6,54.3,0.0,-1.0,320,128.13,0.05,Electrophile,acid05-A14,1,2,2,didL@@xTf^[BZjZ@@,CC1(C(=O)O)CC(=O)C1,1,1,286442-89-5,0,N1,1,79
AF22,E320_1-Methyl-3-oxocyclobutanecarboxylic acid,CC1(C(=O)O)CC(=O)C1,N2_hydroxydehydroabietylamine,CC(C)C(C(O)=C1)=CC2=C1[C@]3(C)C(CC2)[C@](C)(CN)CCC3,CC(C)c1cc2c(cc1O)[C@@]1(C)CCC[C@@](C)(CNCC3(C)CC(=O)C3)C1CC2,0.0,0.3,100.0,0.0,-1.0,320,128.13,0.05,Electrophile,acid05-A14,1,2,2,didL@@xTf^[BZjZ@@,CC1(C(=O)O)CC(=O)C1,1,1,286442-89-5,0,N2,2,79
AF34,E320_1-Methyl-3-oxocyclobutanecarboxylic acid,CC1(C(=O)O)CC(=O)C1,N3_Scaffold 7,CC(C)C1=CC2=CCC3[C@](C)(CN)CCC[C@]3(C)C2CC1,CC(C)C1=CC2=CCC3[C@](C)(CNCC4(C)CC(=O)C4)CCC[C@]3(C)C2CC1,4.0,0.0,0.0,0.0,-1.0,320,128.13,0.05,Electrophile,acid05-A14,1,2,2,didL@@xTf^[BZjZ@@,CC1(C(=O)O)CC(=O)C1,1,1,286442-89-5,0,N3,3,79
AF46,E320_1-Methyl-3-oxocyclobutanecarboxylic acid,CC1(C(=O)O)CC(=O)C1,N4_Scaffold 6,CCNC[C@@]1(C)C2[C@](C)(CCC1)c3c(CC2)cc(C(C)C)c(c3)N,CCNC[C@]1(C)CCC[C@]2(C)c3cc(NCC4(C)CC(=O)C4)c(C(C)C)cc3CCC12,1.1,0.0,0.0,0.0,-1.0,320,128.13,0.05,Electrophile,acid05-A14,1,2,2,didL@@xTf^[BZjZ@@,CC1(C(=O)O)CC(=O)C1,1,1,286442-89-5,0,N4,4,79
N9,E143_3-cyclohexylpropanoic acid,C1CCC(CC1)CCC(=O)O,N1_(+)-Dehydroabietylamine,CC(C)c1ccc2c(c1)CC[C@H]1[C@](C)(CN)CCC[C@]21C,CC(C)c1ccc2c(c1)CC[C@H]1[C@](C)(CNCCCC3CCCCC3)CCC[C@]21C,5.8,13.4,69.9,16.9,-1.0,143,156.22,0.2,Electrophile,acid02-F2,1,2,3,dmtD@@QImYVUZjjh@@,C1CCC(CC1)CCC(=O)O,1,1,701-97-3,0,N1,1,80
N21,E143_3-cyclohexylpropanoic acid,C1CCC(CC1)CCC(=O)O,N2_hydroxydehydroabietylamine,CC(C)C(C(O)=C1)=CC2=C1[C@]3(C)C(CC2)[C@](C)(CN)CCC3,CC(C)c1cc2c(cc1O)[C@@]1(C)CCC[C@@](C)(CNCCCC3CCCCC3)C1CC2,0.0,1.4,100.0,19.8,-1.0,143,156.22,0.2,Electrophile,acid02-F2,1,2,3,dmtD@@QImYVUZjjh@@,C1CCC(CC1)CCC(=O)O,1,1,701-97-3,0,N2,2,80
N33,E143_3-cyclohexylpropanoic acid,C1CCC(CC1)CCC(=O)O,N3_Scaffold 7,CC(C)C1=CC2=CCC3[C@](C)(CN)CCC[C@]3(C)C2CC1,CC(C)C1=CC2=CCC3[C@](C)(CNCCCC4CCCCC4)CCC[C@]3(C)C2CC1,6.8,3.5,34.0,12.7,-1.0,143,156.22,0.2,Electrophile,acid02-F2,1,2,3,dmtD@@QImYVUZjjh@@,C1CCC(CC1)CCC(=O)O,1,1,701-97-3,0,N3,3,80
N45,E143_3-cyclohexylpropanoic acid,C1CCC(CC1)CCC(=O)O,N4_Scaffold 6,CCNC[C@@]1(C)C2[C@](C)(CCC1)c3c(CC2)cc(C(C)C)c(c3)N,CCNC[C@]1(C)CCC[C@]2(C)c3cc(NCCCC4CCCCC4)c(C(C)C)cc3CCC12,10.3,9.8,48.7,2.1,-1.0,143,156.22,0.2,Electrophile,acid02-F2,1,2,3,dmtD@@QImYVUZjjh@@,C1CCC(CC1)CCC(=O)O,1,1,701-97-3,0,N4,4,80
O9,E152_3-cyclopentylpropanoic acid,C1CCC(C1)CCC(=O)O,N1_(+)-Dehydroabietylamine,CC(C)c1ccc2c(c1)CC[C@H]1[C@](C)(CN)CCC[C@]21C,CC(C)c1ccc2c(c1)CC[C@H]1[C@](C)(CNCCCC3CCCC3)CCC[C@]21C,1.56,17.5,91.8,24.5,-1.0,152,142.2,0.2,Electrophile,acid02-F12,1,2,3,deTD@@QImYQejjj@@,C1CCC(C1)CCC(=O)O,1,1,140-77-2,0,N1,1,81
O21,E152_3-cyclopentylpropanoic acid,C1CCC(C1)CCC(=O)O,N2_hydroxydehydroabietylamine,CC(C)C(C(O)=C1)=CC2=C1[C@]3(C)C(CC2)[C@](C)(CN)CCC3,CC(C)c1cc2c(cc1O)[C@@]1(C)CCC[C@@](C)(CNCCCC3CCCC3)C1CC2,0.0,0.8,100.0,33.2,-1.0,152,142.2,0.2,Electrophile,acid02-F12,1,2,3,deTD@@QImYQejjj@@,C1CCC(C1)CCC(=O)O,1,1,140-77-2,0,N2,2,81
O33,E152_3-cyclopentylpropanoic acid,C1CCC(C1)CCC(=O)O,N3_Scaffold 7,CC(C)C1=CC2=CCC3[C@](C)(CN)CCC[C@]3(C)C2CC1,CC(C)C1=CC2=CCC3[C@](C)(CNCCCC4CCCC4)CCC[C@]3(C)C2CC1,0.8,4.2,83.9,19.9,-1.0,152,142.2,0.2,Electrophile,acid02-F12,1,2,3,deTD@@QImYQejjj@@,C1CCC(C1)CCC(=O)O,1,1,140-77-2,0,N3,3,81
O45,E152_3-cyclopentylpropanoic acid,C1CCC(C1)CCC(=O)O,N4_Scaffold 6,CCNC[C@@]1(C)C2[C@](C)(CCC1)c3c(CC2)cc(C(C)C)c(c3)N,CCNC[C@]1(C)CCC[C@]2(C)c3cc(NCCCC4CCCC4)c(C(C)C)cc3CCC12,3.3,7.9,70.5,32.6,-1.0,152,142.2,0.2,Electrophile,acid02-F12,1,2,3,deTD@@QImYQejjj@@,C1CCC(C1)CCC(=O)O,1,1,140-77-2,0,N4,4,81
L4,"E155_3-(4,5-diphenyl-1,3-oxazol-2-yl)propanoic acid",C1=CC=C(C=C1)C2=C(OC(=N2)CCC(=O)O)C3=CC=CC=C3,N1_(+)-Dehydroabietylamine,CC(C)c1ccc2c(c1)CC[C@H]1[C@](C)(CN)CCC[C@]21C,CC(C)c1ccc2c(c1)CC[C@H]1[C@](C)(CNCCCc3nc(-c4ccccc4)c(-c4ccccc4)o3)CCC[C@]21C,3.6,41.4,92.0,7.2,-1.0,155,293.3,0.2,Electrophile,acid03-A2,1,2,3,ffca`@N@PqImYUYeUqRbWMVjfj@@@D@@@,C1=CC=C(C=C1)C2=C(OC(=N2)CCC(=O)O)C3=CC=CC=C3,1,1,21256-18-8,0,N1,1,82
L16,"E155_3-(4,5-diphenyl-1,3-oxazol-2-yl)propanoic acid",C1=CC=C(C=C1)C2=C(OC(=N2)CCC(=O)O)C3=CC=CC=C3,N2_hydroxydehydroabietylamine,CC(C)C(C(O)=C1)=CC2=C1[C@]3(C)C(CC2)[C@](C)(CN)CCC3,CC(C)c1cc2c(cc1O)[C@@]1(C)CCC[C@@](C)(CNCCCc3nc(-c4ccccc4)c(-c4ccccc4)o3)C1CC2,0.0,0.0,0.0,31.5,-1.0,155,293.3,0.2,Electrophile,acid03-A2,1,2,3,ffca`@N@PqImYUYeUqRbWMVjfj@@@D@@@,C1=CC=C(C=C1)C2=C(OC(=N2)CCC(=O)O)C3=CC=CC=C3,1,1,21256-18-8,0,N2,2,82
L28,"E155_3-(4,5-diphenyl-1,3-oxazol-2-yl)propanoic acid",C1=CC=C(C=C1)C2=C(OC(=N2)CCC(=O)O)C3=CC=CC=C3,N3_Scaffold 7,CC(C)C1=CC2=CCC3[C@](C)(CN)CCC[C@]3(C)C2CC1,CC(C)C1=CC2=CCC3[C@](C)(CNCCCc4nc(-c5ccccc5)c(-c5ccccc5)o4)CCC[C@]3(C)C2CC1,2.6,11.9,82.1,14.9,-1.0,155,293.3,0.2,Electrophile,acid03-A2,1,2,3,ffca`@N@PqImYUYeUqRbWMVjfj@@@D@@@,C1=CC=C(C=C1)C2=C(OC(=N2)CCC(=O)O)C3=CC=CC=C3,1,1,21256-18-8,0,N3,3,82
L40,"E155_3-(4,5-diphenyl-1,3-oxazol-2-yl)propanoic acid",C1=CC=C(C=C1)C2=C(OC(=N2)CCC(=O)O)C3=CC=CC=C3,N4_Scaffold 6,CCNC[C@@]1(C)C2[C@](C)(CCC1)c3c(CC2)cc(C(C)C)c(c3)N,CCNC[C@]1(C)CCC[C@]2(C)c3cc(NCCCc4nc(-c5ccccc5)c(-c5ccccc5)o4)c(C(C)C)cc3CCC12,3.3,49.8,93.8,18.3,-1.0,155,293.3,0.2,Electrophile,acid03-A2,1,2,3,ffca`@N@PqImYUYeUqRbWMVjfj@@@D@@@,C1=CC=C(C=C1)C2=C(OC(=N2)CCC(=O)O)C3=CC=CC=C3,1,1,21256-18-8,0,N4,4,82
O6,E245_3-(Pyridin-4-yl)propanoic acid,C1=CN=CC=C1CCC(=O)O,N1_(+)-Dehydroabietylamine,CC(C)c1ccc2c(c1)CC[C@H]1[C@](C)(CN)CCC[C@]21C,CC(C)c1ccc2c(c1)CC[C@H]1[C@](C)(CNCCCc3ccncc3)CCC[C@]21C,23.88,0.0,0.0,39.5,-1.0,245,151.16,0.2,Electrophile,acid04-A13,1,2,3,dmvD@EADfueYUj`@@@,C1=CN=CC=C1CCC(=O)O,1,1,6318-43-0,0,N1,1,83
O18,E245_3-(Pyridin-4-yl)propanoic acid,C1=CN=CC=C1CCC(=O)O,N2_hydroxydehydroabietylamine,CC(C)C(C(O)=C1)=CC2=C1[C@]3(C)C(CC2)[C@](C)(CN)CCC3,CC(C)c1cc2c(cc1O)[C@@]1(C)CCC[C@@](C)(CNCCCc3ccncc3)C1CC2,1.42,0.0,0.0,34.8,-1.0,245,151.16,0.2,Electrophile,acid04-A13,1,2,3,dmvD@EADfueYUj`@@@,C1=CN=CC=C1CCC(=O)O,1,1,6318-43-0,0,N2,2,83
O30,E245_3-(Pyridin-4-yl)propanoic acid,C1=CN=CC=C1CCC(=O)O,N3_Scaffold 7,CC(C)C1=CC2=CCC3[C@](C)(CN)CCC[C@]3(C)C2CC1,CC(C)C1=CC2=CCC3[C@](C)(CNCCCc4ccncc4)CCC[C@]3(C)C2CC1,9.2,2.7,22.6,15.7,-1.0,245,151.16,0.2,Electrophile,acid04-A13,1,2,3,dmvD@EADfueYUj`@@@,C1=CN=CC=C1CCC(=O)O,1,1,6318-43-0,0,N3,3,83
O42,E245_3-(Pyridin-4-yl)propanoic acid,C1=CN=CC=C1CCC(=O)O,N4_Scaffold 6,CCNC[C@@]1(C)C2[C@](C)(CCC1)c3c(CC2)cc(C(C)C)c(c3)N,CCNC[C@]1(C)CCC[C@]2(C)c3cc(NCCCc4ccncc4)c(C(C)C)cc3CCC12,18.1,0.0,0.0,37.5,-1.0,245,151.16,0.2,Electrophile,acid04-A13,1,2,3,dmvD@EADfueYUj`@@@,C1=CN=CC=C1CCC(=O)O,1,1,6318-43-0,0,N4,4,83
Q6,E248_3-(3-Pyridyl)propionic acid,C1=CC(=CN=C1)CCC(=O)O,N1_(+)-Dehydroabietylamine,CC(C)c1ccc2c(c1)CC[C@H]1[C@](C)(CN)CCC[C@]21C,CC(C)c1ccc2c(c1)CC[C@H]1[C@](C)(CNCCCc3cccnc3)CCC[C@]21C,16.07,12.2,43.2,70.9,0.0,248,151.16,0.2,Electrophile,acid04-B1,1,2,3,dmvD@AADfueYUj`@@@,C1=CC(=CN=C1)CCC(=O)O,1,1,3724-19-4,0,N1,1,84
Q18,E248_3-(3-Pyridyl)propionic acid,C1=CC(=CN=C1)CCC(=O)O,N2_hydroxydehydroabietylamine,CC(C)C(C(O)=C1)=CC2=C1[C@]3(C)C(CC2)[C@](C)(CN)CCC3,CC(C)c1cc2c(cc1O)[C@@]1(C)CCC[C@@](C)(CNCCCc3cccnc3)C1CC2,0.34,0.3,49.6,8.2,-1.0,248,151.16,0.2,Electrophile,acid04-B1,1,2,3,dmvD@AADfueYUj`@@@,C1=CC(=CN=C1)CCC(=O)O,1,1,3724-19-4,0,N2,2,84
Q30,E248_3-(3-Pyridyl)propionic acid,C1=CC(=CN=C1)CCC(=O)O,N3_Scaffold 7,CC(C)C1=CC2=CCC3[C@](C)(CN)CCC[C@]3(C)C2CC1,CC(C)C1=CC2=CCC3[C@](C)(CNCCCc4cccnc4)CCC[C@]3(C)C2CC1,5.2,0.0,0.0,18.3,-1.0,248,151.16,0.2,Electrophile,acid04-B1,1,2,3,dmvD@AADfueYUj`@@@,C1=CC(=CN=C1)CCC(=O)O,1,1,3724-19-4,0,N3,3,84
Q42,E248_3-(3-Pyridyl)propionic acid,C1=CC(=CN=C1)CCC(=O)O,N4_Scaffold 6,CCNC[C@@]1(C)C2[C@](C)(CCC1)c3c(CC2)cc(C(C)C)c(c3)N,CCNC[C@]1(C)CCC[C@]2(C)c3cc(NCCCc4cccnc4)c(C(C)C)cc3CCC12,6.2,3.3,34.4,0.5,-1.0,248,151.16,0.2,Electrophile,acid04-B1,1,2,3,dmvD@AADfueYUj`@@@,C1=CC(=CN=C1)CCC(=O)O,1,1,3724-19-4,0,N4,4,84
AD6,E274_trans-Indole-3-acrylic acid,C1=CC=C2C(=C1)C(=CN2)C=CC(=O)O,N1_(+)-Dehydroabietylamine,CC(C)c1ccc2c(c1)CC[C@H]1[C@](C)(CN)CCC[C@]21C,CC(C)c1ccc2c(c1)CC[C@H]1[C@](C)(CNCC=Cc3c[nH]c4ccccc34)CCC[C@]21C,42.7,13.9,24.6,97.6,17.4,274,187.19,0.2,Electrophile,acid04-D11,1,2,3,dg~D@EADfufUqT{ZZP`H@@,C1=CC=C2C(=C1)C(=CN2)C=CC(=O)O,1,1,29953-71-7,0,N1,1,85
AD18,E274_trans-Indole-3-acrylic acid,C1=CC=C2C(=C1)C(=CN2)C=CC(=O)O,N2_hydroxydehydroabietylamine,CC(C)C(C(O)=C1)=CC2=C1[C@]3(C)C(CC2)[C@](C)(CN)CCC3,CC(C)c1cc2c(cc1O)[C@@]1(C)CCC[C@@](C)(CNCC=Cc3c[nH]c4ccccc34)C1CC2,0.7,5.5,88.1,68.0,-1.0,274,187.19,0.2,Electrophile,acid04-D11,1,2,3,dg~D@EADfufUqT{ZZP`H@@,C1=CC=C2C(=C1)C(=CN2)C=CC(=O)O,1,1,29953-71-7,0,N2,2,85
AD30,E274_trans-Indole-3-acrylic acid,C1=CC=C2C(=C1)C(=CN2)C=CC(=O)O,N3_Scaffold 7,CC(C)C1=CC2=CCC3[C@](C)(CN)CCC[C@]3(C)C2CC1,CC(C)C1=CC2=CCC3[C@](C)(CNCC=Cc4c[nH]c5ccccc45)CCC[C@]3(C)C2CC1,19.0,17.8,48.4,81.8,20.3,274,187.19,0.2,Electrophile,acid04-D11,1,2,3,dg~D@EADfufUqT{ZZP`H@@,C1=CC=C2C(=C1)C(=CN2)C=CC(=O)O,1,1,29953-71-7,0,N3,3,85
AD42,E274_trans-Indole-3-acrylic acid,C1=CC=C2C(=C1)C(=CN2)C=CC(=O)O,N4_Scaffold 6,CCNC[C@@]1(C)C2[C@](C)(CCC1)c3c(CC2)cc(C(C)C)c(c3)N,CCNC[C@]1(C)CCC[C@]2(C)c3cc(NCC=Cc4c[nH]c5ccccc45)c(C(C)C)cc3CCC12,20.8,5.8,21.9,75.7,0.35,274,187.19,0.2,Electrophile,acid04-D11,1,2,3,dg~D@EADfufUqT{ZZP`H@@,C1=CC=C2C(=C1)C(=CN2)C=CC(=O)O,1,1,29953-71-7,0,N4,4,85
AC10,E301_Urocanic acid,C1=C(NC=N1)C=CC(=O)O,N1_(+)-Dehydroabietylamine,CC(C)c1ccc2c(c1)CC[C@H]1[C@](C)(CN)CCC[C@]21C,CC(C)c1ccc2c(c1)CC[C@H]1[C@](C)(CNCC=Cc3cnc[nH]3)CCC[C@]21C,29.48,0.0,0.0,0.0,-1.0,301,138.12,0.2,Electrophile,acid04-F10,1,2,3,deUD@FdDR[VTYZZZP@,C1=C(NC=N1)C=CC(=O)O,1,1,104-98-3,0,N1,1,86
AC22,E301_Urocanic acid,C1=C(NC=N1)C=CC(=O)O,N2_hydroxydehydroabietylamine,CC(C)C(C(O)=C1)=CC2=C1[C@]3(C)C(CC2)[C@](C)(CN)CCC3,CC(C)c1cc2c(cc1O)[C@@]1(C)CCC[C@@](C)(CNCC=Cc3cnc[nH]3)C1CC2,0.84,0.0,0.0,0.0,-1.0,301,138.12,0.2,Electrophile,acid04-F10,1,2,3,deUD@FdDR[VTYZZZP@,C1=C(NC=N1)C=CC(=O)O,1,1,104-98-3,0,N2,2,86
AC34,E301_Urocanic acid,C1=C(NC=N1)C=CC(=O)O,N3_Scaffold 7,CC(C)C1=CC2=CCC3[C@](C)(CN)CCC[C@]3(C)C2CC1,CC(C)C1=CC2=CCC3[C@](C)(CNCC=Cc4cnc[nH]4)CCC[C@]3(C)C2CC1,10.0,3.7,27.2,0.0,-1.0,301,138.12,0.2,Electrophile,acid04-F10,1,2,3,deUD@FdDR[VTYZZZP@,C1=C(NC=N1)C=CC(=O)O,1,1,104-98-3,0,N3,3,86
AC46,E301_Urocanic acid,C1=C(NC=N1)C=CC(=O)O,N4_Scaffold 6,CCNC[C@@]1(C)C2[C@](C)(CCC1)c3c(CC2)cc(C(C)C)c(c3)N,CCNC[C@]1(C)CCC[C@]2(C)c3cc(NCC=Cc4cnc[nH]4)c(C(C)C)cc3CCC12,5.8,0.0,0.0,0.0,-1.0,301,138.12,0.2,Electrophile,acid04-F10,1,2,3,deUD@FdDR[VTYZZZP@,C1=C(NC=N1)C=CC(=O)O,1,1,104-98-3,0,N4,4,86
D1,"E5_3-(4-METHOXYPHENYL)PROPIONIC ACID, 98%",COC1=CC=C(C=C1)CCC(=O)O,N1_(+)-Dehydroabietylamine,CC(C)c1ccc2c(c1)CC[C@H]1[C@](C)(CN)CCC[C@]21C,COc1ccc(CCCNC[C@]2(C)CCC[C@]3(C)c4ccc(C(C)C)cc4CC[C@@H]23)cc1,5.4,39.9,88.1,100.0,13.29,5,180.2,0.2,Electrophile,acid01-A5,1,2,4,dklL@@STfue]eVj@B`@@,COC1=CC=C(C=C1)CCC(=O)O,1,1,1929-29-9,0,N1,1,87
D13,"E5_3-(4-METHOXYPHENYL)PROPIONIC ACID, 98%",COC1=CC=C(C=C1)CCC(=O)O,N2_hydroxydehydroabietylamine,CC(C)C(C(O)=C1)=CC2=C1[C@]3(C)C(CC2)[C@](C)(CN)CCC3,COc1ccc(CCCNC[C@]2(C)CCC[C@]3(C)c4cc(O)c(C(C)C)cc4CCC23)cc1,0.0,3.7,100.0,0.0,-1.0,5,180.2,0.2,Electrophile,acid01-A5,1,2,4,dklL@@STfue]eVj@B`@@,COC1=CC=C(C=C1)CCC(=O)O,1,1,1929-29-9,0,N2,2,87
D25,"E5_3-(4-METHOXYPHENYL)PROPIONIC ACID, 98%",COC1=CC=C(C=C1)CCC(=O)O,N3_Scaffold 7,CC(C)C1=CC2=CCC3[C@](C)(CN)CCC[C@]3(C)C2CC1,COc1ccc(CCCNC[C@]2(C)CCC[C@]3(C)C4CCC(C(C)C)=CC4=CCC23)cc1,2.1,4.4,67.6,0.0,-1.0,5,180.2,0.2,Electrophile,acid01-A5,1,2,4,dklL@@STfue]eVj@B`@@,COC1=CC=C(C=C1)CCC(=O)O,1,1,1929-29-9,0,N3,3,87
D37,"E5_3-(4-METHOXYPHENYL)PROPIONIC ACID, 98%",COC1=CC=C(C=C1)CCC(=O)O,N4_Scaffold 6,CCNC[C@@]1(C)C2[C@](C)(CCC1)c3c(CC2)cc(C(C)C)c(c3)N,CCNC[C@]1(C)CCC[C@]2(C)c3cc(NCCCc4ccc(OC)cc4)c(C(C)C)cc3CCC12,7.4,27.1,78.5,0.0,-1.0,5,180.2,0.2,Electrophile,acid01-A5,1,2,4,dklL@@STfue]eVj@B`@@,COC1=CC=C(C=C1)CCC(=O)O,1,1,1929-29-9,0,N4,4,87
N1,"E20_PARA-METHOXYCINNAMIC ACID, 99%, PREDOMINANTLY TRANS",COC1=CC=C(C=C1)C=CC(=O)O,N1_(+)-Dehydroabietylamine,CC(C)c1ccc2c(c1)CC[C@H]1[C@](C)(CN)CCC[C@]21C,COc1ccc(C=CCNC[C@]2(C)CCC[C@]3(C)c4ccc(C(C)C)cc4CC[C@@H]23)cc1,15.3,24.4,61.5,68.7,-1.0,20,178.18,0.2,Electrophile,acid-B7,1,2,4,dklL@@STfue]eVf@B`@@,COC1=CC=C(C=C1)C=CC(=O)O,1,1,830-09-1,0,N1,1,88
N13,"E20_PARA-METHOXYCINNAMIC ACID, 99%, PREDOMINANTLY TRANS",COC1=CC=C(C=C1)C=CC(=O)O,N2_hydroxydehydroabietylamine,CC(C)C(C(O)=C1)=CC2=C1[C@]3(C)C(CC2)[C@](C)(CN)CCC3,COc1ccc(C=CCNC[C@]2(C)CCC[C@]3(C)c4cc(O)c(C(C)C)cc4CCC23)cc1,1.8,12.0,86.8,0.0,-1.0,20,178.18,0.2,Electrophile,acid-B7,1,2,4,dklL@@STfue]eVf@B`@@,COC1=CC=C(C=C1)C=CC(=O)O,1,1,830-09-1,0,N2,2,88
N25,"E20_PARA-METHOXYCINNAMIC ACID, 99%, PREDOMINANTLY TRANS",COC1=CC=C(C=C1)C=CC(=O)O,N3_Scaffold 7,CC(C)C1=CC2=CCC3[C@](C)(CN)CCC[C@]3(C)C2CC1,COc1ccc(C=CCNC[C@]2(C)CCC[C@]3(C)C4CCC(C(C)C)=CC4=CCC23)cc1,5.0,17.0,77.3,51.4,-1.0,20,178.18,0.2,Electrophile,acid-B7,1,2,4,dklL@@STfue]eVf@B`@@,COC1=CC=C(C=C1)C=CC(=O)O,1,1,830-09-1,0,N3,3,88
N37,"E20_PARA-METHOXYCINNAMIC ACID, 99%, PREDOMINANTLY TRANS",COC1=CC=C(C=C1)C=CC(=O)O,N4_Scaffold 6,CCNC[C@@]1(C)C2[C@](C)(CCC1)c3c(CC2)cc(C(C)C)c(c3)N,CCNC[C@]1(C)CCC[C@]2(C)c3cc(NCC=Cc4ccc(OC)cc4)c(C(C)C)cc3CCC12,9.3,13.4,59.1,0.0,-1.0,20,178.18,0.2,Electrophile,acid-B7,1,2,4,dklL@@STfue]eVf@B`@@,COC1=CC=C(C=C1)C=CC(=O)O,1,1,830-09-1,0,N4,4,88
O8,"E39_3-(2-METHOXYPHENYL)PROPIONIC ACID, 98%",COC1=CC=CC=C1CCC(=O)O,N1_(+)-Dehydroabietylamine,CC(C)c1ccc2c(c1)CC[C@H]1[C@](C)(CN)CCC[C@]21C,COc1ccccc1CCCNC[C@]1(C)CCC[C@]2(C)c3ccc(C(C)C)cc3CC[C@@H]12,4.7,37.1,88.8,44.2,-1.0,39,180.2,0.2,Electrophile,acid01-D1,1,2,4,dklL@@PTfufUTvjBB@@@,COC1=CC=CC=C1CCC(=O)O,1,1,6342-77-4,0,N1,1,89
O20,"E39_3-(2-METHOXYPHENYL)PROPIONIC ACID, 98%",COC1=CC=CC=C1CCC(=O)O,N2_hydroxydehydroabietylamine,CC(C)C(C(O)=C1)=CC2=C1[C@]3(C)C(CC2)[C@](C)(CN)CCC3,COc1ccccc1CCCNC[C@]1(C)CCC[C@]2(C)c3cc(O)c(C(C)C)cc3CCC12,0.0,0.0,0.0,38.3,-1.0,39,180.2,0.2,Electrophile,acid01-D1,1,2,4,dklL@@PTfufUTvjBB@@@,COC1=CC=CC=C1CCC(=O)O,1,1,6342-77-4,0,N2,2,89
O32,"E39_3-(2-METHOXYPHENYL)PROPIONIC ACID, 98%",COC1=CC=CC=C1CCC(=O)O,N3_Scaffold 7,CC(C)C1=CC2=CCC3[C@](C)(CN)CCC[C@]3(C)C2CC1,COc1ccccc1CCCNC[C@]1(C)CCC[C@]2(C)C3CCC(C(C)C)=CC3=CCC12,2.4,10.6,81.5,16.3,-1.0,39,180.2,0.2,Electrophile,acid01-D1,1,2,4,dklL@@PTfufUTvjBB@@@,COC1=CC=CC=C1CCC(=O)O,1,1,6342-77-4,0,N3,3,89
O44,"E39_3-(2-METHOXYPHENYL)PROPIONIC ACID, 98%",COC1=CC=CC=C1CCC(=O)O,N4_Scaffold 6,CCNC[C@@]1(C)C2[C@](C)(CCC1)c3c(CC2)cc(C(C)C)c(c3)N,CCNC[C@]1(C)CCC[C@]2(C)c3cc(NCCCc4ccccc4OC)c(C(C)C)cc3CCC12,13.1,13.6,50.9,32.8,-1.0,39,180.2,0.2,Electrophile,acid01-D1,1,2,4,dklL@@PTfufUTvjBB@@@,COC1=CC=CC=C1CCC(=O)O,1,1,6342-77-4,0,N4,4,89
P8,"E42_(¬±)-ALPHA-METHYLHYDROCINNAMIC ACID, 98%",CC(CC1=CC=CC=C1)C(=O)O,N1_(+)-Dehydroabietylamine,CC(C)c1ccc2c(c1)CC[C@H]1[C@](C)(CN)CCC[C@]21C,CC(CNC[C@]1(C)CCC[C@]2(C)c3ccc(C(C)C)cc3CC[C@@H]12)Cc1ccccc1,7.5,18.0,70.6,10.0,-1.0,42,164.2,0.2,Electrophile,acid01-D4,1,2,4,dcLD@@QIn^UWVj`@Hr`@,CC(CC1=CC=CC=C1)C(=O)O,1,1,1009-67-2,0,N1,1,90
P20,"E42_(¬±)-ALPHA-METHYLHYDROCINNAMIC ACID, 98%",CC(CC1=CC=CC=C1)C(=O)O,N2_hydroxydehydroabietylamine,CC(C)C(C(O)=C1)=CC2=C1[C@]3(C)C(CC2)[C@](C)(CN)CCC3,CC(CNC[C@]1(C)CCC[C@]2(C)c3cc(O)c(C(C)C)cc3CCC12)Cc1ccccc1,0.0,3.1,100.0,41.7,-1.0,42,164.2,0.2,Electrophile,acid01-D4,1,2,4,dcLD@@QIn^UWVj`@Hr`@,CC(CC1=CC=CC=C1)C(=O)O,1,1,1009-67-2,0,N2,2,90
P32,"E42_(¬±)-ALPHA-METHYLHYDROCINNAMIC ACID, 98%",CC(CC1=CC=CC=C1)C(=O)O,N3_Scaffold 7,CC(C)C1=CC2=CCC3[C@](C)(CN)CCC[C@]3(C)C2CC1,CC(CNC[C@]1(C)CCC[C@]2(C)C3CCC(C(C)C)=CC3=CCC12)Cc1ccccc1,2.1,9.3,81.6,19.0,-1.0,42,164.2,0.2,Electrophile,acid01-D4,1,2,4,dcLD@@QIn^UWVj`@Hr`@,CC(CC1=CC=CC=C1)C(=O)O,1,1,1009-67-2,0,N3,3,90
P44,"E42_(¬±)-ALPHA-METHYLHYDROCINNAMIC ACID, 98%",CC(CC1=CC=CC=C1)C(=O)O,N4_Scaffold 6,CCNC[C@@]1(C)C2[C@](C)(CCC1)c3c(CC2)cc(C(C)C)c(c3)N,CCNC[C@]1(C)CCC[C@]2(C)c3cc(NCC(C)Cc4ccccc4)c(C(C)C)cc3CCC12,13.5,5.0,27.0,23.5,-1.0,42,164.2,0.2,Electrophile,acid01-D4,1,2,4,dcLD@@QIn^UWVj`@Hr`@,CC(CC1=CC=CC=C1)C(=O)O,1,1,1009-67-2,0,N4,4,90
Y3,E132_3-(4-bromophenyl)propanoic acid,C1=CC(=CC=C1CCC(=O)O)Br,N1_(+)-Dehydroabietylamine,CC(C)c1ccc2c(c1)CC[C@H]1[C@](C)(CN)CCC[C@]21C,CC(C)c1ccc2c(c1)CC[C@H]1[C@](C)(CNCCCc3ccc(Br)cc3)CCC[C@]21C,5.23,39.1,88.2,64.1,-1.0,132,229.07,0.2,Electrophile,acid02-E5,1,2,4,dcLD`EtLQIe]Vih@Jf@@,C1=CC(=CC=C1CCC(=O)O)Br,1,1,1643-30-7,0,N1,1,91
Y15,E132_3-(4-bromophenyl)propanoic acid,C1=CC(=CC=C1CCC(=O)O)Br,N2_hydroxydehydroabietylamine,CC(C)C(C(O)=C1)=CC2=C1[C@]3(C)C(CC2)[C@](C)(CN)CCC3,CC(C)c1cc2c(cc1O)[C@@]1(C)CCC[C@@](C)(CNCCCc3ccc(Br)cc3)C1CC2,0.0,0.2,100.0,0.0,-1.0,132,229.07,0.2,Electrophile,acid02-E5,1,2,4,dcLD`EtLQIe]Vih@Jf@@,C1=CC(=CC=C1CCC(=O)O)Br,1,1,1643-30-7,0,N2,2,91
Y27,E132_3-(4-bromophenyl)propanoic acid,C1=CC(=CC=C1CCC(=O)O)Br,N3_Scaffold 7,CC(C)C1=CC2=CCC3[C@](C)(CN)CCC[C@]3(C)C2CC1,CC(C)C1=CC2=CCC3[C@](C)(CNCCCc4ccc(Br)cc4)CCC[C@]3(C)C2CC1,1.8,2.5,58.3,0.0,-1.0,132,229.07,0.2,Electrophile,acid02-E5,1,2,4,dcLD`EtLQIe]Vih@Jf@@,C1=CC(=CC=C1CCC(=O)O)Br,1,1,1643-30-7,0,N3,3,91
Y39,E132_3-(4-bromophenyl)propanoic acid,C1=CC(=CC=C1CCC(=O)O)Br,N4_Scaffold 6,CCNC[C@@]1(C)C2[C@](C)(CCC1)c3c(CC2)cc(C(C)C)c(c3)N,CCNC[C@]1(C)CCC[C@]2(C)c3cc(NCCCc4ccc(Br)cc4)c(C(C)C)cc3CCC12,3.2,13.9,81.3,0.0,-1.0,132,229.07,0.2,Electrophile,acid02-E5,1,2,4,dcLD`EtLQIe]Vih@Jf@@,C1=CC(=CC=C1CCC(=O)O)Br,1,1,1643-30-7,0,N4,4,91
R4,"E161_2-(2,6-dimethoxyanilino)-2-oxoacetic acid",COC1=C(C(=CC=C1)OC)NC(=O)C(=O)O,N1_(+)-Dehydroabietylamine,CC(C)c1ccc2c(c1)CC[C@H]1[C@](C)(CN)CCC[C@]21C,COc1cccc(OC)c1NC(=O)CNC[C@]1(C)CCC[C@]2(C)c3ccc(C(C)C)cc3CC[C@@H]12,36.1,5.7,13.6,81.5,0.0,161,225.2,0.2,Electrophile,acid03-A8,1,2,4,f`aaP@J@PRVdf{YfULyihHbH@@,COC1=C(C(=CC=C1)OC)NC(=O)C(=O)O,1,1,2097273-59-9,0,N1,1,92
R16,"E161_2-(2,6-dimethoxyanilino)-2-oxoacetic acid",COC1=C(C(=CC=C1)OC)NC(=O)C(=O)O,N2_hydroxydehydroabietylamine,CC(C)C(C(O)=C1)=CC2=C1[C@]3(C)C(CC2)[C@](C)(CN)CCC3,COc1cccc(OC)c1NC(=O)CNC[C@]1(C)CCC[C@]2(C)c3cc(O)c(C(C)C)cc3CCC12,5.2,6.5,55.6,0.0,-1.0,161,225.2,0.2,Electrophile,acid03-A8,1,2,4,f`aaP@J@PRVdf{YfULyihHbH@@,COC1=C(C(=CC=C1)OC)NC(=O)C(=O)O,1,1,2097273-59-9,0,N2,2,92
R28,"E161_2-(2,6-dimethoxyanilino)-2-oxoacetic acid",COC1=C(C(=CC=C1)OC)NC(=O)C(=O)O,N3_Scaffold 7,CC(C)C1=CC2=CCC3[C@](C)(CN)CCC[C@]3(C)C2CC1,COc1c(c(ccc1)OC)NC(=O)CNC[C@@]2(C)C3[C@](C)(CCC2)C4C(=CC3)C=C(C(C)C)CC4,31.8,15.0,32.1,49.4,-1.0,161,225.2,0.2,Electrophile,acid03-A8,1,2,4,f`aaP@J@PRVdf{YfULyihHbH@@,COC1=C(C(=CC=C1)OC)NC(=O)C(=O)O,1,1,2097273-59-9,0,N3,3,92
R40,"E161_2-(2,6-dimethoxyanilino)-2-oxoacetic acid",COC1=C(C(=CC=C1)OC)NC(=O)C(=O)O,N4_Scaffold 6,CCNC[C@@]1(C)C2[C@](C)(CCC1)c3c(CC2)cc(C(C)C)c(c3)N,CCNC[C@]1(C)CCC[C@]2(C)c3cc(NCC(=O)Nc4c(OC)cccc4OC)c(C(C)C)cc3CCC12,8.5,4.8,36.0,17.6,-1.0,161,225.2,0.2,Electrophile,acid03-A8,1,2,4,f`aaP@J@PRVdf{YfULyihHbH@@,COC1=C(C(=CC=C1)OC)NC(=O)C(=O)O,1,1,2097273-59-9,0,N4,4,92
Z4,"E169_2-[2,3-dichloro-4-(2-methylidenebutanoyl)phenoxy]acetic acid",CCC(=C)C(=O)C1=C(C(=C(C=C1)OCC(=O)O)Cl)Cl,N1_(+)-Dehydroabietylamine,CC(C)c1ccc2c(c1)CC[C@H]1[C@](C)(CN)CCC[C@]21C,C=C(CC)C(=O)c1ccc(OCCNC[C@]2(C)CCC[C@]3(C)c4ccc(C(C)C)cc4CC[C@@H]23)c(Cl)c1Cl,8.3,15.7,65.4,0.0,-1.0,169,303.13,0.2,Electrophile,acid03-B1,1,2,4,fly@Q@FZCDDPRHRYfy{yodhHbIif`@@,CCC(=C)C(=O)C1=C(C(=C(C=C1)OCC(=O)O)Cl)Cl,1,1,58-54-8,0,N1,1,93
Z16,"E169_2-[2,3-dichloro-4-(2-methylidenebutanoyl)phenoxy]acetic acid",CCC(=C)C(=O)C1=C(C(=C(C=C1)OCC(=O)O)Cl)Cl,N2_hydroxydehydroabietylamine,CC(C)C(C(O)=C1)=CC2=C1[C@]3(C)C(CC2)[C@](C)(CN)CCC3,C=C(CC)C(=O)c1ccc(OCCNC[C@]2(C)CCC[C@]3(C)c4cc(O)c(C(C)C)cc4CCC23)c(Cl)c1Cl,0.0,0.0,0.0,0.0,-1.0,169,303.13,0.2,Electrophile,acid03-B1,1,2,4,fly@Q@FZCDDPRHRYfy{yodhHbIif`@@,CCC(=C)C(=O)C1=C(C(=C(C=C1)OCC(=O)O)Cl)Cl,1,1,58-54-8,0,N2,2,93
Z28,"E169_2-[2,3-dichloro-4-(2-methylidenebutanoyl)phenoxy]acetic acid",CCC(=C)C(=O)C1=C(C(=C(C=C1)OCC(=O)O)Cl)Cl,N3_Scaffold 7,CC(C)C1=CC2=CCC3[C@](C)(CN)CCC[C@]3(C)C2CC1,C=C(CC)C(=O)c1ccc(OCCNC[C@]2(C)CCC[C@]3(C)C4CCC(C(C)C)=CC4=CCC23)c(Cl)c1Cl,9.0,5.6,38.5,11.1,-1.0,169,303.13,0.2,Electrophile,acid03-B1,1,2,4,fly@Q@FZCDDPRHRYfy{yodhHbIif`@@,CCC(=C)C(=O)C1=C(C(=C(C=C1)OCC(=O)O)Cl)Cl,1,1,58-54-8,0,N3,3,93
Z40,"E169_2-[2,3-dichloro-4-(2-methylidenebutanoyl)phenoxy]acetic acid",CCC(=C)C(=O)C1=C(C(=C(C=C1)OCC(=O)O)Cl)Cl,N4_Scaffold 6,CCNC[C@@]1(C)C2[C@](C)(CCC1)c3c(CC2)cc(C(C)C)c(c3)N,C=C(CC)C(=O)c1ccc(OCCNc2cc3c(cc2C(C)C)CCC2[C@](C)(CNCC)CCC[C@]32C)c(Cl)c1Cl,1.3,8.7,87.0,0.0,-1.0,169,303.13,0.2,Electrophile,acid03-B1,1,2,4,fly@Q@FZCDDPRHRYfy{yodhHbIif`@@,CCC(=C)C(=O)C1=C(C(=C(C=C1)OCC(=O)O)Cl)Cl,1,1,58-54-8,0,N4,4,93
AE4,E177_3-(3-fluorophenyl)propanoic acid,C1=CC(=CC(=C1)F)CCC(=O)O,N1_(+)-Dehydroabietylamine,CC(C)c1ccc2c(c1)CC[C@H]1[C@](C)(CN)CCC[C@]21C,CC(C)c1ccc2c(c1)CC[C@H]1[C@](C)(CNCCCc3cccc(F)c3)CCC[C@]21C,18.6,0.0,0.0,0.0,-1.0,177,168.16,0.2,Electrophile,acid03-B9,1,2,4,dcLD`EtICHhdhTiSP@UL@@,C1=CC(=CC(=C1)F)CCC(=O)O,1,1,458-45-7,0,N1,1,94
AE16,E177_3-(3-fluorophenyl)propanoic acid,C1=CC(=CC(=C1)F)CCC(=O)O,N2_hydroxydehydroabietylamine,CC(C)C(C(O)=C1)=CC2=C1[C@]3(C)C(CC2)[C@](C)(CN)CCC3,CC(C)c1cc2c(cc1O)[C@@]1(C)CCC[C@@](C)(CNCCCc3cccc(F)c3)C1CC2,0.53,0.0,0.0,0.0,-1.0,177,168.16,0.2,Electrophile,acid03-B9,1,2,4,dcLD`EtICHhdhTiSP@UL@@,C1=CC(=CC(=C1)F)CCC(=O)O,1,1,458-45-7,0,N2,2,94
AE28,E177_3-(3-fluorophenyl)propanoic acid,C1=CC(=CC(=C1)F)CCC(=O)O,N3_Scaffold 7,CC(C)C1=CC2=CCC3[C@](C)(CN)CCC[C@]3(C)C2CC1,CC(C)C1=CC2=CCC3[C@](C)(CNCCCc4cccc(F)c4)CCC[C@]3(C)C2CC1,5.6,0.3,5.7,0.0,-1.0,177,168.16,0.2,Electrophile,acid03-B9,1,2,4,dcLD`EtICHhdhTiSP@UL@@,C1=CC(=CC(=C1)F)CCC(=O)O,1,1,458-45-7,0,N3,3,94
AE40,E177_3-(3-fluorophenyl)propanoic acid,C1=CC(=CC(=C1)F)CCC(=O)O,N4_Scaffold 6,CCNC[C@@]1(C)C2[C@](C)(CCC1)c3c(CC2)cc(C(C)C)c(c3)N,CCNC[C@]1(C)CCC[C@]2(C)c3cc(NCCCc4cccc(F)c4)c(C(C)C)cc3CCC12,4.3,0.0,0.0,0.0,-1.0,177,168.16,0.2,Electrophile,acid03-B9,1,2,4,dcLD`EtICHhdhTiSP@UL@@,C1=CC(=CC(=C1)F)CCC(=O)O,1,1,458-45-7,0,N4,4,94
AF4,E179_3-(4-fluorophenyl)propanoic acid,C1=CC(=CC=C1CCC(=O)O)F,N1_(+)-Dehydroabietylamine,CC(C)c1ccc2c(c1)CC[C@H]1[C@](C)(CN)CCC[C@]21C,CC(C)c1ccc2c(c1)CC[C@H]1[C@](C)(CNCCCc3ccc(F)cc3)CCC[C@]21C,18.7,0.0,0.0,0.0,-1.0,179,168.16,0.2,Electrophile,acid03-B12,1,2,4,dcLD`EtIAIe]Vih@Jf@@,C1=CC(=CC=C1CCC(=O)O)F,1,1,459-31-4,0,N1,1,95
AF16,E179_3-(4-fluorophenyl)propanoic acid,C1=CC(=CC=C1CCC(=O)O)F,N2_hydroxydehydroabietylamine,CC(C)C(C(O)=C1)=CC2=C1[C@]3(C)C(CC2)[C@](C)(CN)CCC3,CC(C)c1cc2c(cc1O)[C@@]1(C)CCC[C@@](C)(CNCCCc3ccc(F)cc3)C1CC2,0.6,0.0,0.0,4.9,-1.0,179,168.16,0.2,Electrophile,acid03-B12,1,2,4,dcLD`EtIAIe]Vih@Jf@@,C1=CC(=CC=C1CCC(=O)O)F,1,1,459-31-4,0,N2,2,95
AF28,E179_3-(4-fluorophenyl)propanoic acid,C1=CC(=CC=C1CCC(=O)O)F,N3_Scaffold 7,CC(C)C1=CC2=CCC3[C@](C)(CN)CCC[C@]3(C)C2CC1,CC(C)C1=CC2=CCC3[C@](C)(CNCCCc4ccc(F)cc4)CCC[C@]3(C)C2CC1,3.8,0.0,0.0,0.0,-1.0,179,168.16,0.2,Electrophile,acid03-B12,1,2,4,dcLD`EtIAIe]Vih@Jf@@,C1=CC(=CC=C1CCC(=O)O)F,1,1,459-31-4,0,N3,3,95
AF40,E179_3-(4-fluorophenyl)propanoic acid,C1=CC(=CC=C1CCC(=O)O)F,N4_Scaffold 6,CCNC[C@@]1(C)C2[C@](C)(CCC1)c3c(CC2)cc(C(C)C)c(c3)N,CCNC[C@]1(C)CCC[C@]2(C)c3cc(NCCCc4ccc(F)cc4)c(C(C)C)cc3CCC12,5.6,0.0,0.0,0.0,-1.0,179,168.16,0.2,Electrophile,acid03-B12,1,2,4,dcLD`EtIAIe]Vih@Jf@@,C1=CC(=CC=C1CCC(=O)O)F,1,1,459-31-4,0,N4,4,95
C5,E184_3-(2-fluorophenyl)propanoic acid,C1=CC=C(C(=C1)CCC(=O)O)F,N1_(+)-Dehydroabietylamine,CC(C)c1ccc2c(c1)CC[C@H]1[C@](C)(CN)CCC[C@]21C,CC(C)c1ccc2c(c1)CC[C@H]1[C@](C)(CNCCCc3ccccc3F)CCC[C@]21C,11.27,0.0,0.0,0.0,-1.0,184,168.16,0.2,Electrophile,acid03-C3,1,2,4,dcLD`EtICHhhdbhwPDEL@@,C1=CC=C(C(=C1)CCC(=O)O)F,1,1,1643-26-1,0,N1,1,96
C17,E184_3-(2-fluorophenyl)propanoic acid,C1=CC=C(C(=C1)CCC(=O)O)F,N2_hydroxydehydroabietylamine,CC(C)C(C(O)=C1)=CC2=C1[C@]3(C)C(CC2)[C@](C)(CN)CCC3,CC(C)c1cc2c(cc1O)[C@@]1(C)CCC[C@@](C)(CNCCCc3ccccc3F)C1CC2,3.1,0.0,0.0,0.0,-1.0,184,168.16,0.2,Electrophile,acid03-C3,1,2,4,dcLD`EtICHhhdbhwPDEL@@,C1=CC=C(C(=C1)CCC(=O)O)F,1,1,1643-26-1,0,N2,2,96
C29,E184_3-(2-fluorophenyl)propanoic acid,C1=CC=C(C(=C1)CCC(=O)O)F,N3_Scaffold 7,CC(C)C1=CC2=CCC3[C@](C)(CN)CCC[C@]3(C)C2CC1,CC(C)C1=CC2=CCC3[C@](C)(CNCCCc4ccccc4F)CCC[C@]3(C)C2CC1,7.2,0.0,0.0,6.3,-1.0,184,168.16,0.2,Electrophile,acid03-C3,1,2,4,dcLD`EtICHhhdbhwPDEL@@,C1=CC=C(C(=C1)CCC(=O)O)F,1,1,1643-26-1,0,N3,3,96
C41,E184_3-(2-fluorophenyl)propanoic acid,C1=CC=C(C(=C1)CCC(=O)O)F,N4_Scaffold 6,CCNC[C@@]1(C)C2[C@](C)(CCC1)c3c(CC2)cc(C(C)C)c(c3)N,CCNC[C@]1(C)CCC[C@]2(C)c3cc(NCCCc4ccccc4F)c(C(C)C)cc3CCC12,5.3,0.0,0.0,0.0,-1.0,184,168.16,0.2,Electrophile,acid03-C3,1,2,4,dcLD`EtICHhhdbhwPDEL@@,C1=CC=C(C(=C1)CCC(=O)O)F,1,1,1643-26-1,0,N4,4,96
F5,E188_3-phenylpropanoic acid,C1=CC=C(C=C1)CCC(=O)O,N1_(+)-Dehydroabietylamine,CC(C)c1ccc2c(c1)CC[C@H]1[C@](C)(CN)CCC[C@]21C,CC(C)c1ccc2c(c1)CC[C@H]1[C@](C)(CNCCCc3ccccc3)CCC[C@]21C,17.9,0.9,4.7,14.0,-1.0,188,150.17,0.2,Electrophile,acid03-C9,1,2,4,dmtD@@QImYVUZh@@@@,C1=CC=C(C=C1)CCC(=O)O,1,1,501-52-0,0,N1,1,97
F17,E188_3-phenylpropanoic acid,C1=CC=C(C=C1)CCC(=O)O,N2_hydroxydehydroabietylamine,CC(C)C(C(O)=C1)=CC2=C1[C@]3(C)C(CC2)[C@](C)(CN)CCC3,CC(C)c1cc2c(cc1O)[C@@]1(C)CCC[C@@](C)(CNCCCc3ccccc3)C1CC2,6.3,0.0,0.0,0.0,-1.0,188,150.17,0.2,Electrophile,acid03-C9,1,2,4,dmtD@@QImYVUZh@@@@,C1=CC=C(C=C1)CCC(=O)O,1,1,501-52-0,0,N2,2,97
F29,E188_3-phenylpropanoic acid,C1=CC=C(C=C1)CCC(=O)O,N3_Scaffold 7,CC(C)C1=CC2=CCC3[C@](C)(CN)CCC[C@]3(C)C2CC1,CC(C)C1=CC2=CCC3[C@](C)(CNCCCc4ccccc4)CCC[C@]3(C)C2CC1,8.7,0.3,3.0,15.4,-1.0,188,150.17,0.2,Electrophile,acid03-C9,1,2,4,dmtD@@QImYVUZh@@@@,C1=CC=C(C=C1)CCC(=O)O,1,1,501-52-0,0,N3,3,97
F41,E188_3-phenylpropanoic acid,C1=CC=C(C=C1)CCC(=O)O,N4_Scaffold 6,CCNC[C@@]1(C)C2[C@](C)(CCC1)c3c(CC2)cc(C(C)C)c(c3)N,CCNC[C@]1(C)CCC[C@]2(C)c3cc(NCCCc4ccccc4)c(C(C)C)cc3CCC12,8.5,0.0,0.0,0.0,-1.0,188,150.17,0.2,Electrophile,acid03-C9,1,2,4,dmtD@@QImYVUZh@@@@,C1=CC=C(C=C1)CCC(=O)O,1,1,501-52-0,0,N4,4,97
Z5,E215_3-(2-methylphenyl)propanoic acid,CC1=CC=CC=C1CCC(=O)O,N1_(+)-Dehydroabietylamine,CC(C)c1ccc2c(c1)CC[C@H]1[C@](C)(CN)CCC[C@]21C,Cc1ccccc1CCCNC[C@]1(C)CCC[C@]2(C)c3ccc(C(C)C)cc3CC[C@@H]12,3.2,14.3,81.6,0.0,-1.0,215,164.2,0.2,Electrophile,acid03-E7,1,2,4,dcLD@@QImYeWVj@`@@,CC1=CC=CC=C1CCC(=O)O,1,1,22084-89-5,0,N1,1,98
Z17,E215_3-(2-methylphenyl)propanoic acid,CC1=CC=CC=C1CCC(=O)O,N2_hydroxydehydroabietylamine,CC(C)C(C(O)=C1)=CC2=C1[C@]3(C)C(CC2)[C@](C)(CN)CCC3,Cc1ccccc1CCCNC[C@]1(C)CCC[C@]2(C)c3cc(O)c(C(C)C)cc3CCC12,0.0,1.7,100.0,0.0,-1.0,215,164.2,0.2,Electrophile,acid03-E7,1,2,4,dcLD@@QImYeWVj@`@@,CC1=CC=CC=C1CCC(=O)O,1,1,22084-89-5,0,N2,2,98
Z29,E215_3-(2-methylphenyl)propanoic acid,CC1=CC=CC=C1CCC(=O)O,N3_Scaffold 7,CC(C)C1=CC2=CCC3[C@](C)(CN)CCC[C@]3(C)C2CC1,Cc1ccccc1CCCNC[C@]1(C)CCC[C@]2(C)C3CCC(C(C)C)=CC3=CCC12,1.5,6.2,80.5,7.8,-1.0,215,164.2,0.2,Electrophile,acid03-E7,1,2,4,dcLD@@QImYeWVj@`@@,CC1=CC=CC=C1CCC(=O)O,1,1,22084-89-5,0,N3,3,98
Z41,E215_3-(2-methylphenyl)propanoic acid,CC1=CC=CC=C1CCC(=O)O,N4_Scaffold 6,CCNC[C@@]1(C)C2[C@](C)(CCC1)c3c(CC2)cc(C(C)C)c(c3)N,CCNC[C@]1(C)CCC[C@]2(C)c3cc(NCCCc4ccccc4C)c(C(C)C)cc3CCC12,10.2,13.7,57.4,0.0,-1.0,215,164.2,0.2,Electrophile,acid03-E7,1,2,4,dcLD@@QImYeWVj@`@@,CC1=CC=CC=C1CCC(=O)O,1,1,22084-89-5,0,N4,4,98
G6,E233_3-(3-methylphenyl)propanoic acid,CC1=CC(=CC=C1)CCC(=O)O,N1_(+)-Dehydroabietylamine,CC(C)c1ccc2c(c1)CC[C@H]1[C@](C)(CN)CCC[C@]21C,Cc1cccc(CCCNC[C@]2(C)CCC[C@]3(C)c4ccc(C(C)C)cc4CC[C@@H]23)c1,17.72,0.0,0.0,4.1,-1.0,233,164.2,0.2,Electrophile,acid03-F14,1,2,4,dcLD@@QImYVeVj@B@@,CC1=CC(=CC=C1)CCC(=O)O,1,1,3751-48-2,0,N1,1,99
G18,E233_3-(3-methylphenyl)propanoic acid,CC1=CC(=CC=C1)CCC(=O)O,N2_hydroxydehydroabietylamine,CC(C)C(C(O)=C1)=CC2=C1[C@]3(C)C(CC2)[C@](C)(CN)CCC3,Cc1cccc(CCCNC[C@]2(C)CCC[C@]3(C)c4cc(O)c(C(C)C)cc4CCC23)c1,3.82,0.0,0.0,16.6,-1.0,233,164.2,0.2,Electrophile,acid03-F14,1,2,4,dcLD@@QImYVeVj@B@@,CC1=CC(=CC=C1)CCC(=O)O,1,1,3751-48-2,0,N2,2,99
G30,E233_3-(3-methylphenyl)propanoic acid,CC1=CC(=CC=C1)CCC(=O)O,N3_Scaffold 7,CC(C)C1=CC2=CCC3[C@](C)(CN)CCC[C@]3(C)C2CC1,Cc1cccc(CCCNC[C@]2(C)CCC[C@]3(C)C4CCC(C(C)C)=CC4=CCC23)c1,9.8,0.0,0.0,12.7,-1.0,233,164.2,0.2,Electrophile,acid03-F14,1,2,4,dcLD@@QImYVeVj@B@@,CC1=CC(=CC=C1)CCC(=O)O,1,1,3751-48-2,0,N3,3,99
G42,E233_3-(3-methylphenyl)propanoic acid,CC1=CC(=CC=C1)CCC(=O)O,N4_Scaffold 6,CCNC[C@@]1(C)C2[C@](C)(CCC1)c3c(CC2)cc(C(C)C)c(c3)N,CCNC[C@]1(C)CCC[C@]2(C)c3cc(NCCCc4cccc(C)c4)c(C(C)C)cc3CCC12,5.5,0.0,0.0,0.0,-1.0,233,164.2,0.2,Electrophile,acid03-F14,1,2,4,dcLD@@QImYVeVj@B@@,CC1=CC(=CC=C1)CCC(=O)O,1,1,3751-48-2,0,N4,4,99
I10,E251_PHENYLPROPIOLIC ACID 97%,C1=CC=C(C=C1)C#CC(=O)O,N1_(+)-Dehydroabietylamine,CC(C)c1ccc2c(c1)CC[C@H]1[C@](C)(CN)CCC[C@]21C,CC(C)c1ccc2c(c1)CC[C@H]1[C@](C)(CNCC#Cc3ccccc3)CCC[C@]21C,11.46,0.0,0.0,0.0,-1.0,251,146.14,0.2,Electrophile,acid04-B8,1,2,4,dmtD@@QImYVUZx@@@@,C1=CC=C(C=C1)C#CC(=O)O,1,1,637-44-5,0,N1,1,100
I22,E251_PHENYLPROPIOLIC ACID 97%,C1=CC=C(C=C1)C#CC(=O)O,N2_hydroxydehydroabietylamine,CC(C)C(C(O)=C1)=CC2=C1[C@]3(C)C(CC2)[C@](C)(CN)CCC3,CC(C)c1cc2c(cc1O)[C@@]1(C)CCC[C@@](C)(CNCC#Cc3ccccc3)C1CC2,0.0,0.0,0.0,0.0,-1.0,251,146.14,0.2,Electrophile,acid04-B8,1,2,4,dmtD@@QImYVUZx@@@@,C1=CC=C(C=C1)C#CC(=O)O,1,1,637-44-5,0,N2,2,100
I34,E251_PHENYLPROPIOLIC ACID 97%,C1=CC=C(C=C1)C#CC(=O)O,N3_Scaffold 7,CC(C)C1=CC2=CCC3[C@](C)(CN)CCC[C@]3(C)C2CC1,CC(C)C1=CC2=CCC3[C@](C)(CNCC#Cc4ccccc4)CCC[C@]3(C)C2CC1,1.8,2.2,54.8,5.4,-1.0,251,146.14,0.2,Electrophile,acid04-B8,1,2,4,dmtD@@QImYVUZx@@@@,C1=CC=C(C=C1)C#CC(=O)O,1,1,637-44-5,0,N3,3,100
I46,E251_PHENYLPROPIOLIC ACID 97%,C1=CC=C(C=C1)C#CC(=O)O,N4_Scaffold 6,CCNC[C@@]1(C)C2[C@](C)(CCC1)c3c(CC2)cc(C(C)C)c(c3)N,CCNC[C@]1(C)CCC[C@]2(C)c3cc(NCC#Cc4ccccc4)c(C(C)C)cc3CCC12,9.4,0.0,0.0,0.0,-1.0,251,146.14,0.2,Electrophile,acid04-B8,1,2,4,dmtD@@QImYVUZx@@@@,C1=CC=C(C=C1)C#CC(=O)O,1,1,637-44-5,0,N4,4,100
F7,"E287_(E)-3,4-Dimethoxycinnamic acid",COC1=C(C=C(C=C1)C=CC(=O)O)OC,N1_(+)-Dehydroabietylamine,CC(C)c1ccc2c(c1)CC[C@H]1[C@](C)(CN)CCC[C@]21C,COc1ccc(C=CCNC[C@]2(C)CCC[C@]3(C)c4ccc(C(C)C)cc4CC[C@@H]23)cc1OC,16.5,37.6,69.6,100.0,40.62,287,208.21,0.2,Electrophile,acid04-E10,1,2,4,do|B@@Q[R[VUmyui`BJ`@@,COC1=C(C=C(C=C1)C=CC(=O)O)OC,1,1,14737-89-4,0,N1,1,101
F19,"E287_(E)-3,4-Dimethoxycinnamic acid",COC1=C(C=C(C=C1)C=CC(=O)O)OC,N2_hydroxydehydroabietylamine,CC(C)C(C(O)=C1)=CC2=C1[C@]3(C)C(CC2)[C@](C)(CN)CCC3,COc1ccc(C=CCNC[C@]2(C)CCC[C@]3(C)c4cc(O)c(C(C)C)cc4CCC23)cc1OC,0.0,11.4,100.0,0.0,-1.0,287,208.21,0.2,Electrophile,acid04-E10,1,2,4,do|B@@Q[R[VUmyui`BJ`@@,COC1=C(C=C(C=C1)C=CC(=O)O)OC,1,1,14737-89-4,0,N2,2,101
F31,"E287_(E)-3,4-Dimethoxycinnamic acid",COC1=C(C=C(C=C1)C=CC(=O)O)OC,N3_Scaffold 7,CC(C)C1=CC2=CCC3[C@](C)(CN)CCC[C@]3(C)C2CC1,COc1ccc(C=CCNC[C@]2(C)CCC[C@]3(C)C4CCC(C(C)C)=CC4=CCC23)cc1OC,4.3,18.0,80.7,4.4,-1.0,287,208.21,0.2,Electrophile,acid04-E10,1,2,4,do|B@@Q[R[VUmyui`BJ`@@,COC1=C(C=C(C=C1)C=CC(=O)O)OC,1,1,14737-89-4,0,N3,3,101
F43,"E287_(E)-3,4-Dimethoxycinnamic acid",COC1=C(C=C(C=C1)C=CC(=O)O)OC,N4_Scaffold 6,CCNC[C@@]1(C)C2[C@](C)(CCC1)c3c(CC2)cc(C(C)C)c(c3)N,CCNC[C@]1(C)CCC[C@]2(C)c3cc(NCC=Cc4ccc(OC)c(OC)c4)c(C(C)C)cc3CCC12,15.1,14.5,49.1,14.0,-1.0,287,208.21,0.2,Electrophile,acid04-E10,1,2,4,do|B@@Q[R[VUmyui`BJ`@@,COC1=C(C=C(C=C1)C=CC(=O)O)OC,1,1,14737-89-4,0,N4,4,101
H7,E289_3-(4-Bromophenyl)acrylic acid,C1=CC(=CC=C1C=CC(=O)O)Br,N1_(+)-Dehydroabietylamine,CC(C)c1ccc2c(c1)CC[C@H]1[C@](C)(CN)CCC[C@]21C,CC(C)c1ccc2c(c1)CC[C@H]1[C@](C)(CNCC=Cc3ccc(Br)cc3)CCC[C@]21C,11.1,21.3,65.8,6.0,-1.0,289,227.05,0.2,Electrophile,acid04-E12,1,2,4,dcLD`EtLQIe]Vih@If@@,C1=CC(=CC=C1C=CC(=O)O)Br,1,1,1200-07-3,0,N1,1,102
H19,E289_3-(4-Bromophenyl)acrylic acid,C1=CC(=CC=C1C=CC(=O)O)Br,N2_hydroxydehydroabietylamine,CC(C)C(C(O)=C1)=CC2=C1[C@]3(C)C(CC2)[C@](C)(CN)CCC3,CC(C)c1cc2c(cc1O)[C@@]1(C)CCC[C@@](C)(CNCC=Cc3ccc(Br)cc3)C1CC2,0.0,2.2,100.0,18.5,-1.0,289,227.05,0.2,Electrophile,acid04-E12,1,2,4,dcLD`EtLQIe]Vih@If@@,C1=CC(=CC=C1C=CC(=O)O)Br,1,1,1200-07-3,0,N2,2,102
H31,E289_3-(4-Bromophenyl)acrylic acid,C1=CC(=CC=C1C=CC(=O)O)Br,N3_Scaffold 7,CC(C)C1=CC2=CCC3[C@](C)(CN)CCC[C@]3(C)C2CC1,CC(C)C1=CC2=CCC3[C@](C)(CNCC=Cc4ccc(Br)cc4)CCC[C@]3(C)C2CC1,2.7,7.5,73.4,11.8,-1.0,289,227.05,0.2,Electrophile,acid04-E12,1,2,4,dcLD`EtLQIe]Vih@If@@,C1=CC(=CC=C1C=CC(=O)O)Br,1,1,1200-07-3,0,N3,3,102
H43,E289_3-(4-Bromophenyl)acrylic acid,C1=CC(=CC=C1C=CC(=O)O)Br,N4_Scaffold 6,CCNC[C@@]1(C)C2[C@](C)(CCC1)c3c(CC2)cc(C(C)C)c(c3)N,CCNC[C@]1(C)CCC[C@]2(C)c3cc(NCC=Cc4ccc(Br)cc4)c(C(C)C)cc3CCC12,16.8,15.4,47.8,3.1,-1.0,289,227.05,0.2,Electrophile,acid04-E12,1,2,4,dcLD`EtLQIe]Vih@If@@,C1=CC(=CC=C1C=CC(=O)O)Br,1,1,1200-07-3,0,N4,4,102
O7,E299_Methoxyphenyl)propiolic acid,COC1=CC=C(C=C1)C#CC(=O)O,N1_(+)-Dehydroabietylamine,CC(C)c1ccc2c(c1)CC[C@H]1[C@](C)(CN)CCC[C@]21C,COc1ccc(C#CCNC[C@]2(C)CCC[C@]3(C)c4ccc(C(C)C)cc4CC[C@@H]23)cc1,21.52,12.0,35.8,43.4,-1.0,299,176.17,0.2,Electrophile,acid04-F7,1,2,4,dklL@@STfue]eVn@B`@@,COC1=CC=C(C=C1)C#CC(=O)O,1,1,2227-57-8,0,N1,1,103
O19,E299_Methoxyphenyl)propiolic acid,COC1=CC=C(C=C1)C#CC(=O)O,N2_hydroxydehydroabietylamine,CC(C)C(C(O)=C1)=CC2=C1[C@]3(C)C(CC2)[C@](C)(CN)CCC3,COc1ccc(C#CCNC[C@]2(C)CCC[C@]3(C)c4cc(O)c(C(C)C)cc4CCC23)cc1,0.0,0.0,0.0,38.3,-1.0,299,176.17,0.2,Electrophile,acid04-F7,1,2,4,dklL@@STfue]eVn@B`@@,COC1=CC=C(C=C1)C#CC(=O)O,1,1,2227-57-8,0,N2,2,103
O31,E299_Methoxyphenyl)propiolic acid,COC1=CC=C(C=C1)C#CC(=O)O,N3_Scaffold 7,CC(C)C1=CC2=CCC3[C@](C)(CN)CCC[C@]3(C)C2CC1,COc1ccc(C#CCNC[C@]2(C)CCC[C@]3(C)C4CCC(C(C)C)=CC4=CCC23)cc1,3.3,5.9,64.2,17.6,-1.0,299,176.17,0.2,Electrophile,acid04-F7,1,2,4,dklL@@STfue]eVn@B`@@,COC1=CC=C(C=C1)C#CC(=O)O,1,1,2227-57-8,0,N3,3,103
O43,E299_Methoxyphenyl)propiolic acid,COC1=CC=C(C=C1)C#CC(=O)O,N4_Scaffold 6,CCNC[C@@]1(C)C2[C@](C)(CCC1)c3c(CC2)cc(C(C)C)c(c3)N,CCNC[C@]1(C)CCC[C@]2(C)c3cc(NCC#Cc4ccc(OC)cc4)c(C(C)C)cc3CCC12,2.1,17.3,89.2,34.9,-1.0,299,176.17,0.2,Electrophile,acid04-F7,1,2,4,dklL@@STfue]eVn@B`@@,COC1=CC=C(C=C1)C#CC(=O)O,1,1,2227-57-8,0,N4,4,103
Q7,E302_3-(2-Naphthyl)propanoic Acid,C1=CC=C2C=C(C=CC2=C1)CCC(=O)O,N1_(+)-Dehydroabietylamine,CC(C)c1ccc2c(c1)CC[C@H]1[C@](C)(CN)CCC[C@]21C,CC(C)c1ccc2c(c1)CC[C@H]1[C@](C)(CNCCCc3ccc4ccccc4c3)CCC[C@]21C,4.0,32.1,88.9,44.2,-1.0,302,200.23,0.2,Electrophile,acid04-F11,1,2,4,foA@`@@HR[VUmYJlyj`@@@@@,C1=CC=C2C=C(C=CC2=C1)CCC(=O)O,1,1,21658-35-5,0,N1,1,104
Q19,E302_3-(2-Naphthyl)propanoic Acid,C1=CC=C2C=C(C=CC2=C1)CCC(=O)O,N2_hydroxydehydroabietylamine,CC(C)C(C(O)=C1)=CC2=C1[C@]3(C)C(CC2)[C@](C)(CN)CCC3,CC(C)c1cc2c(cc1O)[C@@]1(C)CCC[C@@](C)(CNCCCc3ccc4ccccc4c3)C1CC2,0.0,2.8,100.0,3.6,-1.0,302,200.23,0.2,Electrophile,acid04-F11,1,2,4,foA@`@@HR[VUmYJlyj`@@@@@,C1=CC=C2C=C(C=CC2=C1)CCC(=O)O,1,1,21658-35-5,0,N2,2,104
Q31,E302_3-(2-Naphthyl)propanoic Acid,C1=CC=C2C=C(C=CC2=C1)CCC(=O)O,N3_Scaffold 7,CC(C)C1=CC2=CCC3[C@](C)(CN)CCC[C@]3(C)C2CC1,CC(C)C1=CC2=CCC3[C@](C)(CNCCCc4ccc5ccccc5c4)CCC[C@]3(C)C2CC1,2.4,4.1,62.9,22.3,-1.0,302,200.23,0.2,Electrophile,acid04-F11,1,2,4,foA@`@@HR[VUmYJlyj`@@@@@,C1=CC=C2C=C(C=CC2=C1)CCC(=O)O,1,1,21658-35-5,0,N3,3,104
Q43,E302_3-(2-Naphthyl)propanoic Acid,C1=CC=C2C=C(C=CC2=C1)CCC(=O)O,N4_Scaffold 6,CCNC[C@@]1(C)C2[C@](C)(CCC1)c3c(CC2)cc(C(C)C)c(c3)N,CCNC[C@]1(C)CCC[C@]2(C)c3cc(NCCCc4ccc5ccccc5c4)c(C(C)C)cc3CCC12,2.3,18.8,89.1,0.0,-1.0,302,200.23,0.2,Electrophile,acid04-F11,1,2,4,foA@`@@HR[VUmYJlyj`@@@@@,C1=CC=C2C=C(C=CC2=C1)CCC(=O)O,1,1,21658-35-5,0,N4,4,104
R7,E303_3-(Naphthalen-2-yl)acrylic acid,C1=CC=C2C=C(C=CC2=C1)C=CC(=O)O,N1_(+)-Dehydroabietylamine,CC(C)c1ccc2c(c1)CC[C@H]1[C@](C)(CN)CCC[C@]21C,CC(C)c1ccc2c(c1)CC[C@H]1[C@](C)(CNCC=Cc3ccc4ccccc4c3)CCC[C@]21C,16.7,21.3,56.0,47.8,-1.0,303,198.22,0.2,Electrophile,acid04-F12,1,2,4,foA@`@@HR[VUmYJlyi`@@@@@,C1=CC=C2C=C(C=CC2=C1)C=CC(=O)O,1,1,51557-26-7,0,N1,1,105
R19,E303_3-(Naphthalen-2-yl)acrylic acid,C1=CC=C2C=C(C=CC2=C1)C=CC(=O)O,N2_hydroxydehydroabietylamine,CC(C)C(C(O)=C1)=CC2=C1[C@]3(C)C(CC2)[C@](C)(CN)CCC3,CC(C)c1cc2c(cc1O)[C@@]1(C)CCC[C@@](C)(CNCC=Cc3ccc4ccccc4c3)C1CC2,0.0,0.5,100.0,0.0,-1.0,303,198.22,0.2,Electrophile,acid04-F12,1,2,4,foA@`@@HR[VUmYJlyi`@@@@@,C1=CC=C2C=C(C=CC2=C1)C=CC(=O)O,1,1,51557-26-7,0,N2,2,105
R31,E303_3-(Naphthalen-2-yl)acrylic acid,C1=CC=C2C=C(C=CC2=C1)C=CC(=O)O,N3_Scaffold 7,CC(C)C1=CC2=CCC3[C@](C)(CN)CCC[C@]3(C)C2CC1,CC(C)C1=CC2=CCC3[C@](C)(CNCC=Cc4ccc5ccccc5c4)CCC[C@]3(C)C2CC1,4.4,9.7,68.8,7.5,-1.0,303,198.22,0.2,Electrophile,acid04-F12,1,2,4,foA@`@@HR[VUmYJlyi`@@@@@,C1=CC=C2C=C(C=CC2=C1)C=CC(=O)O,1,1,51557-26-7,0,N3,3,105
R43,E303_3-(Naphthalen-2-yl)acrylic acid,C1=CC=C2C=C(C=CC2=C1)C=CC(=O)O,N4_Scaffold 6,CCNC[C@@]1(C)C2[C@](C)(CCC1)c3c(CC2)cc(C(C)C)c(c3)N,CCNC[C@]1(C)CCC[C@]2(C)c3cc(NCC=Cc4ccc5ccccc5c4)c(C(C)C)cc3CCC12,14.9,18.5,55.4,14.4,-1.0,303,198.22,0.2,Electrophile,acid04-F12,1,2,4,foA@`@@HR[VUmYJlyi`@@@@@,C1=CC=C2C=C(C=CC2=C1)C=CC(=O)O,1,1,51557-26-7,0,N4,4,105
S7,E304_3-(Naphthalen-1-yl)acrylic acid,C1=CC=C2C(=C1)C=CC=C2C=CC(=O)O,N1_(+)-Dehydroabietylamine,CC(C)c1ccc2c(c1)CC[C@H]1[C@](C)(CN)CCC[C@]21C,CC(C)c1ccc2c(c1)CC[C@H]1[C@](C)(CNCC=Cc3cccc4ccccc34)CCC[C@]21C,17.11,23.3,57.7,45.2,-1.0,304,198.22,0.2,Electrophile,acid04-F13,1,2,4,foA@`@@HrJYJJIQEVkNZX@@@@@@,C1=CC=C2C(=C1)C=CC=C2C=CC(=O)O,1,1,13026-12-5,0,N1,1,106
S19,E304_3-(Naphthalen-1-yl)acrylic acid,C1=CC=C2C(=C1)C=CC=C2C=CC(=O)O,N2_hydroxydehydroabietylamine,CC(C)C(C(O)=C1)=CC2=C1[C@]3(C)C(CC2)[C@](C)(CN)CCC3,CC(C)c1cc2c(cc1O)[C@@]1(C)CCC[C@@](C)(CNCC=Cc3cccc4ccccc34)C1CC2,0.0,0.0,0.0,30.7,-1.0,304,198.22,0.2,Electrophile,acid04-F13,1,2,4,foA@`@@HrJYJJIQEVkNZX@@@@@@,C1=CC=C2C(=C1)C=CC=C2C=CC(=O)O,1,1,13026-12-5,0,N2,2,106
S31,E304_3-(Naphthalen-1-yl)acrylic acid,C1=CC=C2C(=C1)C=CC=C2C=CC(=O)O,N3_Scaffold 7,CC(C)C1=CC2=CCC3[C@](C)(CN)CCC[C@]3(C)C2CC1,CC(C)C1=CC2=CCC3[C@](C)(CNCC=Cc4cccc5ccccc45)CCC[C@]3(C)C2CC1,2.4,8.5,77.9,7.6,-1.0,304,198.22,0.2,Electrophile,acid04-F13,1,2,4,foA@`@@HrJYJJIQEVkNZX@@@@@@,C1=CC=C2C(=C1)C=CC=C2C=CC(=O)O,1,1,13026-12-5,0,N3,3,106
S43,E304_3-(Naphthalen-1-yl)acrylic acid,C1=CC=C2C(=C1)C=CC=C2C=CC(=O)O,N4_Scaffold 6,CCNC[C@@]1(C)C2[C@](C)(CCC1)c3c(CC2)cc(C(C)C)c(c3)N,CCNC[C@]1(C)CCC[C@]2(C)c3cc(NCC=Cc4cccc5ccccc45)c(C(C)C)cc3CCC12,12.9,14.6,53.2,20.7,-1.0,304,198.22,0.2,Electrophile,acid04-F13,1,2,4,foA@`@@HrJYJJIQEVkNZX@@@@@@,C1=CC=C2C(=C1)C=CC=C2C=CC(=O)O,1,1,13026-12-5,0,N4,4,106
X7,E311_ciprofibrate,CC(C)(Oc1ccc(C2CC2(Cl)Cl)cc1)C(=O)O,N1_(+)-Dehydroabietylamine,CC(C)c1ccc2c(c1)CC[C@H]1[C@](C)(CN)CCC[C@]21C,CC(C)c1ccc2c(c1)CC[C@H]1[C@](C)(CNCC(C)(C)Oc3ccc(C4CC4(Cl)Cl)cc3)CCC[C@]21C,32.4,37.2,53.5,47.5,-1.0,311,289.15,0.05,Electrophile,acid05-A5,1,2,4,fdyAa@MAbBHQDIM_JztvBRUUP@UTtPqP@,CC(C)(Oc1ccc(C2CC2(Cl)Cl)cc1)C(=O)O,1,1,52214-84-3,0,N1,1,107
X19,E311_ciprofibrate,CC(C)(Oc1ccc(C2CC2(Cl)Cl)cc1)C(=O)O,N2_hydroxydehydroabietylamine,CC(C)C(C(O)=C1)=CC2=C1[C@]3(C)C(CC2)[C@](C)(CN)CCC3,CC(C)c1cc2c(cc1O)[C@@]1(C)CCC[C@@](C)(CNCC(C)(C)Oc3ccc(C4CC4(Cl)Cl)cc3)C1CC2,1.1,24.5,95.8,5.2,-1.0,311,289.15,0.05,Electrophile,acid05-A5,1,2,4,fdyAa@MAbBHQDIM_JztvBRUUP@UTtPqP@,CC(C)(Oc1ccc(C2CC2(Cl)Cl)cc1)C(=O)O,1,1,52214-84-3,0,N2,2,107
X31,E311_ciprofibrate,CC(C)(Oc1ccc(C2CC2(Cl)Cl)cc1)C(=O)O,N3_Scaffold 7,CC(C)C1=CC2=CCC3[C@](C)(CN)CCC[C@]3(C)C2CC1,CC(C)C1=CC2=CCC3[C@](C)(CNCC(C)(C)Oc4ccc(C5CC5(Cl)Cl)cc4)CCC[C@]3(C)C2CC1,8.4,22.5,72.8,0.9,-1.0,311,289.15,0.05,Electrophile,acid05-A5,1,2,4,fdyAa@MAbBHQDIM_JztvBRUUP@UTtPqP@,CC(C)(Oc1ccc(C2CC2(Cl)Cl)cc1)C(=O)O,1,1,52214-84-3,0,N3,3,107
X43,E311_ciprofibrate,CC(C)(Oc1ccc(C2CC2(Cl)Cl)cc1)C(=O)O,N4_Scaffold 6,CCNC[C@@]1(C)C2[C@](C)(CCC1)c3c(CC2)cc(C(C)C)c(c3)N,CCNC[C@]1(C)CCC[C@]2(C)c3cc(NCC(C)(C)Oc4ccc(C5CC5(Cl)Cl)cc4)c(C(C)C)cc3CCC12,16.8,0.0,0.0,30.3,-1.0,311,289.15,0.05,Electrophile,acid05-A5,1,2,4,fdyAa@MAbBHQDIM_JztvBRUUP@UTtPqP@,CC(C)(Oc1ccc(C2CC2(Cl)Cl)cc1)C(=O)O,1,1,52214-84-3,0,N4,4,107
T4,E163_2-(11-oxo-6H-benzo[c][1]benzoxepin-2-yl)acetic acid,C1C2=CC=CC=C2C(=O)C3=C(O1)C=CC(=C3)CC(=O)O,N1_(+)-Dehydroabietylamine,CC(C)c1ccc2c(c1)CC[C@H]1[C@](C)(CN)CCC[C@]21C,CC(C)c1ccc2c(c1)CC[C@H]1[C@](C)(CNCCc3ccc4c(c3)C(=O)c3ccccc3CO4)CCC[C@]21C,5.6,36.9,86.9,7.7,-1.0,163,268.26,0.2,Electrophile,acid03-A10,1,2,5,fbm@P@@BSgHhhhheEdkhHrgVBt@PDDSP@@@,C1C2=CC=CC=C2C(=O)C3=C(O1)C=CC(=C3)CC(=O)O,1,1,55453-87-7,0,N1,1,108
T16,E163_2-(11-oxo-6H-benzo[c][1]benzoxepin-2-yl)acetic acid,C1C2=CC=CC=C2C(=O)C3=C(O1)C=CC(=C3)CC(=O)O,N2_hydroxydehydroabietylamine,CC(C)C(C(O)=C1)=CC2=C1[C@]3(C)C(CC2)[C@](C)(CN)CCC3,CC(C)c1cc2c(cc1O)[C@@]1(C)CCC[C@@](C)(CNCCc3ccc4c(c3)C(=O)c3ccccc3CO4)C1CC2,0.0,0.0,0.0,16.5,-1.0,163,268.26,0.2,Electrophile,acid03-A10,1,2,5,fbm@P@@BSgHhhhheEdkhHrgVBt@PDDSP@@@,C1C2=CC=CC=C2C(=O)C3=C(O1)C=CC(=C3)CC(=O)O,1,1,55453-87-7,0,N2,2,108
T28,E163_2-(11-oxo-6H-benzo[c][1]benzoxepin-2-yl)acetic acid,C1C2=CC=CC=C2C(=O)C3=C(O1)C=CC(=C3)CC(=O)O,N3_Scaffold 7,CC(C)C1=CC2=CCC3[C@](C)(CN)CCC[C@]3(C)C2CC1,CC(C)C1=CC2=CCC3[C@](C)(CNCCc4ccc5c(c4)C(=O)c4ccccc4CO5)CCC[C@]3(C)C2CC1,5.4,20.4,79.1,30.4,-1.0,163,268.26,0.2,Electrophile,acid03-A10,1,2,5,fbm@P@@BSgHhhhheEdkhHrgVBt@PDDSP@@@,C1C2=CC=CC=C2C(=O)C3=C(O1)C=CC(=C3)CC(=O)O,1,1,55453-87-7,0,N3,3,108
T40,E163_2-(11-oxo-6H-benzo[c][1]benzoxepin-2-yl)acetic acid,C1C2=CC=CC=C2C(=O)C3=C(O1)C=CC(=C3)CC(=O)O,N4_Scaffold 6,CCNC[C@@]1(C)C2[C@](C)(CCC1)c3c(CC2)cc(C(C)C)c(c3)N,CCNC[C@]1(C)CCC[C@]2(C)c3cc(NCCc4ccc5c(c4)C(=O)c4ccccc4CO5)c(C(C)C)cc3CCC12,6.5,10.1,60.9,31.7,-1.0,163,268.26,0.2,Electrophile,acid03-A10,1,2,5,fbm@P@@BSgHhhhheEdkhHrgVBt@PDDSP@@@,C1C2=CC=CC=C2C(=O)C3=C(O1)C=CC(=C3)CC(=O)O,1,1,55453-87-7,0,N4,4,108
AB4,E172_2-(5-fluoropyridin-2-yl)acetic acid,C1=CC(=NC=C1F)CC(=O)O,N1_(+)-Dehydroabietylamine,CC(C)c1ccc2c(c1)CC[C@H]1[C@](C)(CN)CCC[C@]21C,CC(C)c1ccc2c(c1)CC[C@H]1[C@](C)(CNCCc3ccc(F)cn3)CCC[C@]21C,24.3,8.9,26.8,6.0,-1.0,172,155.13,0.2,Electrophile,acid03-B4,1,2,5,dmvD`BePdDfUujZ@Bf@@,C1=CC(=NC=C1F)CC(=O)O,1,1,1000515-83-2,0,N1,1,109
AB16,E172_2-(5-fluoropyridin-2-yl)acetic acid,C1=CC(=NC=C1F)CC(=O)O,N2_hydroxydehydroabietylamine,CC(C)C(C(O)=C1)=CC2=C1[C@]3(C)C(CC2)[C@](C)(CN)CCC3,CC(C)c1cc2c(cc1O)[C@@]1(C)CCC[C@@](C)(CNCCc3ccc(F)cn3)C1CC2,6.9,0.0,0.0,0.0,-1.0,172,155.13,0.2,Electrophile,acid03-B4,1,2,5,dmvD`BePdDfUujZ@Bf@@,C1=CC(=NC=C1F)CC(=O)O,1,1,1000515-83-2,0,N2,2,109
AB28,E172_2-(5-fluoropyridin-2-yl)acetic acid,C1=CC(=NC=C1F)CC(=O)O,N3_Scaffold 7,CC(C)C1=CC2=CCC3[C@](C)(CN)CCC[C@]3(C)C2CC1,CC(C)C1=CC2=CCC3[C@](C)(CNCCc4ccc(F)cn4)CCC[C@]3(C)C2CC1,40.5,7.4,15.5,43.0,-1.0,172,155.13,0.2,Electrophile,acid03-B4,1,2,5,dmvD`BePdDfUujZ@Bf@@,C1=CC(=NC=C1F)CC(=O)O,1,1,1000515-83-2,0,N3,3,109
AB40,E172_2-(5-fluoropyridin-2-yl)acetic acid,C1=CC(=NC=C1F)CC(=O)O,N4_Scaffold 6,CCNC[C@@]1(C)C2[C@](C)(CCC1)c3c(CC2)cc(C(C)C)c(c3)N,CCNC[C@]1(C)CCC[C@]2(C)c3cc(NCCc4ccc(F)cn4)c(C(C)C)cc3CCC12,13.0,0.0,0.0,0.0,-1.0,172,155.13,0.2,Electrophile,acid03-B4,1,2,5,dmvD`BePdDfUujZ@Bf@@,C1=CC(=NC=C1F)CC(=O)O,1,1,1000515-83-2,0,N4,4,109
U9,E182_2-(furan-2-yl)acetic acid,C1=COC(=C1)CC(=O)O,N1_(+)-Dehydroabietylamine,CC(C)c1ccc2c(c1)CC[C@H]1[C@](C)(CN)CCC[C@]21C,CC(C)c1ccc2c(c1)CC[C@H]1[C@](C)(CNCCc3ccco3)CCC[C@]21C,9.63,21.1,68.7,0.0,-1.0,182,126.11,0.2,Electrophile,acid03-C1,1,2,5,didL@@RdfvWaZii@@,C1=COC(=C1)CC(=O)O,1,1,2745-26-8,0,N1,1,110
U21,E182_2-(furan-2-yl)acetic acid,C1=COC(=C1)CC(=O)O,N2_hydroxydehydroabietylamine,CC(C)C(C(O)=C1)=CC2=C1[C@]3(C)C(CC2)[C@](C)(CN)CCC3,CC(C)c1cc2c(cc1O)[C@@]1(C)CCC[C@@](C)(CNCCc3ccco3)C1CC2,0.0,1.4,100.0,0.0,-1.0,182,126.11,0.2,Electrophile,acid03-C1,1,2,5,didL@@RdfvWaZii@@,C1=COC(=C1)CC(=O)O,1,1,2745-26-8,0,N2,2,110
U33,E182_2-(furan-2-yl)acetic acid,C1=COC(=C1)CC(=O)O,N3_Scaffold 7,CC(C)C1=CC2=CCC3[C@](C)(CN)CCC[C@]3(C)C2CC1,CC(C)C1=CC2=CCC3[C@](C)(CNCCc4ccco4)CCC[C@]3(C)C2CC1,1.8,10.3,85.1,0.0,-1.0,182,126.11,0.2,Electrophile,acid03-C1,1,2,5,didL@@RdfvWaZii@@,C1=COC(=C1)CC(=O)O,1,1,2745-26-8,0,N3,3,110
U45,E182_2-(furan-2-yl)acetic acid,C1=COC(=C1)CC(=O)O,N4_Scaffold 6,CCNC[C@@]1(C)C2[C@](C)(CCC1)c3c(CC2)cc(C(C)C)c(c3)N,CCNC[C@]1(C)CCC[C@]2(C)c3cc(NCCc4ccco4)c(C(C)C)cc3CCC12,11.7,8.7,42.7,0.0,-1.0,182,126.11,0.2,Electrophile,acid03-C1,1,2,5,didL@@RdfvWaZii@@,C1=COC(=C1)CC(=O)O,1,1,2745-26-8,0,N4,4,110
I5,E191_2-(1H-indol-3-yl)acetic acid,C1=CC=C2C(=C1)C(=CN2)CC(=O)O,N1_(+)-Dehydroabietylamine,CC(C)c1ccc2c(c1)CC[C@H]1[C@](C)(CN)CCC[C@]21C,CC(C)c1ccc2c(c1)CC[C@H]1[C@](C)(CNCCc3c[nH]c4ccccc34)CCC[C@]21C,10.98,24.2,68.8,58.5,-1.0,191,175.18,0.2,Electrophile,acid03-C12,1,2,5,dk^D@IADfvYWz]MjdHB@@,C1=CC=C2C(=C1)C(=CN2)CC(=O)O,1,1,87-51-4,0,N1,1,111
I17,E191_2-(1H-indol-3-yl)acetic acid,C1=CC=C2C(=C1)C(=CN2)CC(=O)O,N2_hydroxydehydroabietylamine,CC(C)C(C(O)=C1)=CC2=C1[C@]3(C)C(CC2)[C@](C)(CN)CCC3,CC(C)c1cc2c(cc1O)[C@@]1(C)CCC[C@@](C)(CNCCc3c[nH]c4ccccc34)C1CC2,0.0,1.0,100.0,0.0,-1.0,191,175.18,0.2,Electrophile,acid03-C12,1,2,5,dk^D@IADfvYWz]MjdHB@@,C1=CC=C2C(=C1)C(=CN2)CC(=O)O,1,1,87-51-4,0,N2,2,111
I29,E191_2-(1H-indol-3-yl)acetic acid,C1=CC=C2C(=C1)C(=CN2)CC(=O)O,N3_Scaffold 7,CC(C)C1=CC2=CCC3[C@](C)(CN)CCC[C@]3(C)C2CC1,CC(C)C1=CC2=CCC3[C@](C)(CNCCc4c[nH]c5ccccc45)CCC[C@]3(C)C2CC1,3.7,25.6,87.4,33.0,-1.0,191,175.18,0.2,Electrophile,acid03-C12,1,2,5,dk^D@IADfvYWz]MjdHB@@,C1=CC=C2C(=C1)C(=CN2)CC(=O)O,1,1,87-51-4,0,N3,3,111
I41,E191_2-(1H-indol-3-yl)acetic acid,C1=CC=C2C(=C1)C(=CN2)CC(=O)O,N4_Scaffold 6,CCNC[C@@]1(C)C2[C@](C)(CCC1)c3c(CC2)cc(C(C)C)c(c3)N,CCNC[C@]1(C)CCC[C@]2(C)c3cc(NCCc4c[nH]c5ccccc45)c(C(C)C)cc3CCC12,7.9,6.9,46.7,0.0,-1.0,191,175.18,0.2,Electrophile,acid03-C12,1,2,5,dk^D@IADfvYWz]MjdHB@@,C1=CC=C2C(=C1)C(=CN2)CC(=O)O,1,1,87-51-4,0,N4,4,111
AD5,E220_2-(6-methylpyridin-3-yl)acetic acid,CC1=NC=C(C=C1)CC(=O)O,N1_(+)-Dehydroabietylamine,CC(C)c1ccc2c(c1)CC[C@H]1[C@](C)(CN)CCC[C@]21C,Cc1ccc(CCNC[C@]2(C)CCC[C@]3(C)c4ccc(C(C)C)cc4CC[C@@H]23)cn1,14.4,22.7,61.2,0.0,-1.0,220,151.16,0.2,Electrophile,acid03-E13,1,2,5,dmvD@NADfvUqej@B@@,CC1=NC=C(C=C1)CC(=O)O,1,1,19733-96-1,0,N1,1,112
AD17,E220_2-(6-methylpyridin-3-yl)acetic acid,CC1=NC=C(C=C1)CC(=O)O,N2_hydroxydehydroabietylamine,CC(C)C(C(O)=C1)=CC2=C1[C@]3(C)C(CC2)[C@](C)(CN)CCC3,Cc1ccc(CCNC[C@]2(C)CCC[C@]3(C)c4cc(O)c(C(C)C)cc4CCC23)cn1,0.0,0.8,100.0,0.0,-1.0,220,151.16,0.2,Electrophile,acid03-E13,1,2,5,dmvD@NADfvUqej@B@@,CC1=NC=C(C=C1)CC(=O)O,1,1,19733-96-1,0,N2,2,112
AD29,E220_2-(6-methylpyridin-3-yl)acetic acid,CC1=NC=C(C=C1)CC(=O)O,N3_Scaffold 7,CC(C)C1=CC2=CCC3[C@](C)(CN)CCC[C@]3(C)C2CC1,Cc1ccc(CCNC[C@]2(C)CCC[C@]3(C)C4CCC(C(C)C)=CC4=CCC23)cn1,5.6,3.7,39.8,0.0,-1.0,220,151.16,0.2,Electrophile,acid03-E13,1,2,5,dmvD@NADfvUqej@B@@,CC1=NC=C(C=C1)CC(=O)O,1,1,19733-96-1,0,N3,3,112
AD41,E220_2-(6-methylpyridin-3-yl)acetic acid,CC1=NC=C(C=C1)CC(=O)O,N4_Scaffold 6,CCNC[C@@]1(C)C2[C@](C)(CCC1)c3c(CC2)cc(C(C)C)c(c3)N,CCNC[C@]1(C)CCC[C@]2(C)c3cc(NCCc4ccc(C)nc4)c(C(C)C)cc3CCC12,15.1,0.0,0.0,0.0,-1.0,220,151.16,0.2,Electrophile,acid03-E13,1,2,5,dmvD@NADfvUqej@B@@,CC1=NC=C(C=C1)CC(=O)O,1,1,19733-96-1,0,N4,4,112
AE5,"E221_2-(1,3-benzodioxol-5-yl)acetic acid",C1OC2=C(O1)C=C(C=C2)CC(=O)O,N1_(+)-Dehydroabietylamine,CC(C)c1ccc2c(c1)CC[C@H]1[C@](C)(CN)CCC[C@]21C,CC(C)c1ccc2c(c1)CC[C@H]1[C@](C)(CNCCc3ccc4c(c3)OCO4)CCC[C@]21C,3.52,36.0,91.1,0.0,-1.0,221,180.16,0.2,Electrophile,acid03-E14,1,2,5,dk\B@@RSR[YVtUtvh@bb@@,C1OC2=C(O1)C=C(C=C2)CC(=O)O,1,1,2861-28-1,0,N1,1,113
AE17,"E221_2-(1,3-benzodioxol-5-yl)acetic acid",C1OC2=C(O1)C=C(C=C2)CC(=O)O,N2_hydroxydehydroabietylamine,CC(C)C(C(O)=C1)=CC2=C1[C@]3(C)C(CC2)[C@](C)(CN)CCC3,CC(C)c1cc2c(cc1O)[C@@]1(C)CCC[C@@](C)(CNCCc3ccc4c(c3)OCO4)C1CC2,0.0,1.9,100.0,0.0,-1.0,221,180.16,0.2,Electrophile,acid03-E14,1,2,5,dk\B@@RSR[YVtUtvh@bb@@,C1OC2=C(O1)C=C(C=C2)CC(=O)O,1,1,2861-28-1,0,N2,2,113
AE29,"E221_2-(1,3-benzodioxol-5-yl)acetic acid",C1OC2=C(O1)C=C(C=C2)CC(=O)O,N3_Scaffold 7,CC(C)C1=CC2=CCC3[C@](C)(CN)CCC[C@]3(C)C2CC1,CC(C)C1=CC2=CCC3[C@](C)(CNCCc4ccc5c(c4)OCO5)CCC[C@]3(C)C2CC1,0.0,18.6,100.0,0.0,-1.0,221,180.16,0.2,Electrophile,acid03-E14,1,2,5,dk\B@@RSR[YVtUtvh@bb@@,C1OC2=C(O1)C=C(C=C2)CC(=O)O,1,1,2861-28-1,0,N3,3,113
AE41,"E221_2-(1,3-benzodioxol-5-yl)acetic acid",C1OC2=C(O1)C=C(C=C2)CC(=O)O,N4_Scaffold 6,CCNC[C@@]1(C)C2[C@](C)(CCC1)c3c(CC2)cc(C(C)C)c(c3)N,CCNC[C@]1(C)CCC[C@]2(C)c3cc(NCCc4ccc5c(c4)OCO5)c(C(C)C)cc3CCC12,8.8,6.5,42.3,0.0,-1.0,221,180.16,0.2,Electrophile,acid03-E14,1,2,5,dk\B@@RSR[YVtUtvh@bb@@,C1OC2=C(O1)C=C(C=C2)CC(=O)O,1,1,2861-28-1,0,N4,4,113
AF5,E222_2-(6-methoxypyridin-3-yl)acetic acid,COC1=NC=C(C=C1)CC(=O)O,N1_(+)-Dehydroabietylamine,CC(C)c1ccc2c(c1)CC[C@H]1[C@](C)(CN)CCC[C@]21C,COc1ccc(CCNC[C@]2(C)CCC[C@]3(C)c4ccc(C(C)C)cc4CC[C@@H]23)cn1,15.8,21.8,58.0,0.0,-1.0,222,167.16,0.2,Electrophile,acid03-F2,1,2,5,dcNL@NAER[YWQej@B`@@,COC1=NC=C(C=C1)CC(=O)O,1,1,902130-87-4,0,N1,1,114
AF17,E222_2-(6-methoxypyridin-3-yl)acetic acid,COC1=NC=C(C=C1)CC(=O)O,N2_hydroxydehydroabietylamine,CC(C)C(C(O)=C1)=CC2=C1[C@]3(C)C(CC2)[C@](C)(CN)CCC3,COc1ccc(CCNC[C@]2(C)CCC[C@]3(C)c4cc(O)c(C(C)C)cc4CCC23)cn1,0.0,3.3,100.0,0.0,-1.0,222,167.16,0.2,Electrophile,acid03-F2,1,2,5,dcNL@NAER[YWQej@B`@@,COC1=NC=C(C=C1)CC(=O)O,1,1,902130-87-4,0,N2,2,114
AF29,E222_2-(6-methoxypyridin-3-yl)acetic acid,COC1=NC=C(C=C1)CC(=O)O,N3_Scaffold 7,CC(C)C1=CC2=CCC3[C@](C)(CN)CCC[C@]3(C)C2CC1,COc1ccc(CCNC[C@]2(C)CCC[C@]3(C)C4CCC(C(C)C)=CC4=CCC23)cn1,6.7,24.7,78.6,0.0,-1.0,222,167.16,0.2,Electrophile,acid03-F2,1,2,5,dcNL@NAER[YWQej@B`@@,COC1=NC=C(C=C1)CC(=O)O,1,1,902130-87-4,0,N3,3,114
AF41,E222_2-(6-methoxypyridin-3-yl)acetic acid,COC1=NC=C(C=C1)CC(=O)O,N4_Scaffold 6,CCNC[C@@]1(C)C2[C@](C)(CCC1)c3c(CC2)cc(C(C)C)c(c3)N,CCNC[C@]1(C)CCC[C@]2(C)c3cc(NCCc4ccc(OC)nc4)c(C(C)C)cc3CCC12,12.6,9.9,43.9,0.0,-1.0,222,167.16,0.2,Electrophile,acid03-F2,1,2,5,dcNL@NAER[YWQej@B`@@,COC1=NC=C(C=C1)CC(=O)O,1,1,902130-87-4,0,N4,4,114
C6,"E229_2-(3-methyl-1,2-oxazol-5-yl)acetic acid",CC1=NOC(=C1)CC(=O)O,N1_(+)-Dehydroabietylamine,CC(C)c1ccc2c(c1)CC[C@H]1[C@](C)(CN)CCC[C@]21C,Cc1cc(CCNC[C@]2(C)CCC[C@]3(C)c4ccc(C(C)C)cc4CC[C@@H]23)on1,5.76,26.8,82.3,0.0,-1.0,229,141.12,0.2,Electrophile,acid03-F9,1,2,5,deVL@NAJR[Y_aZijP@,CC1=NOC(=C1)CC(=O)O,1,1,19668-85-0,0,N1,1,115
C18,"E229_2-(3-methyl-1,2-oxazol-5-yl)acetic acid",CC1=NOC(=C1)CC(=O)O,N2_hydroxydehydroabietylamine,CC(C)C(C(O)=C1)=CC2=C1[C@]3(C)C(CC2)[C@](C)(CN)CCC3,Cc1cc(CCNC[C@]2(C)CCC[C@]3(C)c4cc(O)c(C(C)C)cc4CCC23)on1,0.0,8.3,100.0,0.0,-1.0,229,141.12,0.2,Electrophile,acid03-F9,1,2,5,deVL@NAJR[Y_aZijP@,CC1=NOC(=C1)CC(=O)O,1,1,19668-85-0,0,N2,2,115
C30,"E229_2-(3-methyl-1,2-oxazol-5-yl)acetic acid",CC1=NOC(=C1)CC(=O)O,N3_Scaffold 7,CC(C)C1=CC2=CCC3[C@](C)(CN)CCC[C@]3(C)C2CC1,Cc1cc(CCNC[C@]2(C)CCC[C@]3(C)C4CCC(C(C)C)=CC4=CCC23)on1,7.0,0.0,0.0,20.5,-1.0,229,141.12,0.2,Electrophile,acid03-F9,1,2,5,deVL@NAJR[Y_aZijP@,CC1=NOC(=C1)CC(=O)O,1,1,19668-85-0,0,N3,3,115
C42,"E229_2-(3-methyl-1,2-oxazol-5-yl)acetic acid",CC1=NOC(=C1)CC(=O)O,N4_Scaffold 6,CCNC[C@@]1(C)C2[C@](C)(CCC1)c3c(CC2)cc(C(C)C)c(c3)N,CCNC[C@]1(C)CCC[C@]2(C)c3cc(NCCc4cc(C)no4)c(C(C)C)cc3CCC12,9.6,1.1,10.2,5.6,-1.0,229,141.12,0.2,Electrophile,acid03-F9,1,2,5,deVL@NAJR[Y_aZijP@,CC1=NOC(=C1)CC(=O)O,1,1,19668-85-0,0,N4,4,115
E6,E231_2-(1-methylpyrazol-4-yl)acetic acid,CN1C=C(C=N1)CC(=O)O,N1_(+)-Dehydroabietylamine,CC(C)c1ccc2c(c1)CC[C@H]1[C@](C)(CN)CCC[C@]21C,CC(C)c1ccc2c(c1)CC[C@H]1[C@](C)(CNCCc3cnn(C)c3)CCC[C@]21C,10.04,22.1,68.8,28.2,-1.0,231,140.14,0.2,Electrophile,acid03-F11,1,2,5,deUD@NDDR[Y_aZiZ`@,CN1C=C(C=N1)CC(=O)O,1,1,1152582-56-3,0,N1,1,116
E18,E231_2-(1-methylpyrazol-4-yl)acetic acid,CN1C=C(C=N1)CC(=O)O,N2_hydroxydehydroabietylamine,CC(C)C(C(O)=C1)=CC2=C1[C@]3(C)C(CC2)[C@](C)(CN)CCC3,CC(C)c1cc2c(cc1O)[C@@]1(C)CCC[C@@](C)(CNCCc3cnn(C)c3)C1CC2,0.0,1.4,100.0,0.0,-1.0,231,140.14,0.2,Electrophile,acid03-F11,1,2,5,deUD@NDDR[Y_aZiZ`@,CN1C=C(C=N1)CC(=O)O,1,1,1152582-56-3,0,N2,2,116
E30,E231_2-(1-methylpyrazol-4-yl)acetic acid,CN1C=C(C=N1)CC(=O)O,N3_Scaffold 7,CC(C)C1=CC2=CCC3[C@](C)(CN)CCC[C@]3(C)C2CC1,CC(C)C1=CC2=CCC3[C@](C)(CNCCc4cnn(C)c4)CCC[C@]3(C)C2CC1,5.2,9.4,64.5,10.6,-1.0,231,140.14,0.2,Electrophile,acid03-F11,1,2,5,deUD@NDDR[Y_aZiZ`@,CN1C=C(C=N1)CC(=O)O,1,1,1152582-56-3,0,N3,3,116
E42,E231_2-(1-methylpyrazol-4-yl)acetic acid,CN1C=C(C=N1)CC(=O)O,N4_Scaffold 6,CCNC[C@@]1(C)C2[C@](C)(CCC1)c3c(CC2)cc(C(C)C)c(c3)N,CCNC[C@]1(C)CCC[C@]2(C)c3cc(NCCc4cnn(C)c4)c(C(C)C)cc3CCC12,7.5,24.5,76.5,0.0,-1.0,231,140.14,0.2,Electrophile,acid03-F11,1,2,5,deUD@NDDR[Y_aZiZ`@,CN1C=C(C=N1)CC(=O)O,1,1,1152582-56-3,0,N4,4,116
AF6,E277_2-(6-(Trifluoromethyl)pyridin-3-yl)acetic Acid,C1=CC(=NC=C1CC(=O)O)C(F)(F)F,N1_(+)-Dehydroabietylamine,CC(C)c1ccc2c(c1)CC[C@H]1[C@](C)(CN)CCC[C@]21C,CC(C)c1ccc2c(c1)CC[C@H]1[C@](C)(CNCCc3ccc(C(F)(F)F)nc3)CCC[C@]21C,18.4,25.9,58.5,0.0,-1.0,277,205.13,0.2,Electrophile,acid04-D14,1,2,5,dg^DpJNpdDdLdLbdLRVR`sU@AS@@@,C1=CC(=NC=C1CC(=O)O)C(F)(F)F,1,1,913839-73-3,0,N1,1,117
AF18,E277_2-(6-(Trifluoromethyl)pyridin-3-yl)acetic Acid,C1=CC(=NC=C1CC(=O)O)C(F)(F)F,N2_hydroxydehydroabietylamine,CC(C)C(C(O)=C1)=CC2=C1[C@]3(C)C(CC2)[C@](C)(CN)CCC3,CC(C)c1cc2c(cc1O)[C@@]1(C)CCC[C@@](C)(CNCCc3ccc(C(F)(F)F)nc3)C1CC2,0.0,6.5,100.0,0.0,-1.0,277,205.13,0.2,Electrophile,acid04-D14,1,2,5,dg^DpJNpdDdLdLbdLRVR`sU@AS@@@,C1=CC(=NC=C1CC(=O)O)C(F)(F)F,1,1,913839-73-3,0,N2,2,117
AF30,E277_2-(6-(Trifluoromethyl)pyridin-3-yl)acetic Acid,C1=CC(=NC=C1CC(=O)O)C(F)(F)F,N3_Scaffold 7,CC(C)C1=CC2=CCC3[C@](C)(CN)CCC[C@]3(C)C2CC1,CC(C)C1=CC2=CCC3[C@](C)(CNCCc4ccc(C(F)(F)F)nc4)CCC[C@]3(C)C2CC1,3.6,28.6,88.8,0.0,-1.0,277,205.13,0.2,Electrophile,acid04-D14,1,2,5,dg^DpJNpdDdLdLbdLRVR`sU@AS@@@,C1=CC(=NC=C1CC(=O)O)C(F)(F)F,1,1,913839-73-3,0,N3,3,117
AF42,E277_2-(6-(Trifluoromethyl)pyridin-3-yl)acetic Acid,C1=CC(=NC=C1CC(=O)O)C(F)(F)F,N4_Scaffold 6,CCNC[C@@]1(C)C2[C@](C)(CCC1)c3c(CC2)cc(C(C)C)c(c3)N,CCNC[C@]1(C)CCC[C@]2(C)c3cc(NCCc4ccc(C(F)(F)F)nc4)c(C(C)C)cc3CCC12,11.1,5.6,33.4,0.0,-1.0,277,205.13,0.2,Electrophile,acid04-D14,1,2,5,dg^DpJNpdDdLdLbdLRVR`sU@AS@@@,C1=CC(=NC=C1CC(=O)O)C(F)(F)F,1,1,913839-73-3,0,N4,4,117
V10,"E278_1H-TETRAZOLYL-1-ACETIC ACID, 98%",C1=NN=NN1CC(=O)O,N1_(+)-Dehydroabietylamine,CC(C)c1ccc2c(c1)CC[C@H]1[C@](C)(CN)CCC[C@]21C,CC(C)c1ccc2c(c1)CC[C@H]1[C@](C)(CNCCn3cnnn3)CCC[C@]21C,26.1,0.0,0.0,0.0,-1.0,278,128.09,0.2,Electrophile,acid04-D15,1,2,5,didd@BkaADfvWaZjV@@,C1=NN=NN1CC(=O)O,1,1,21732-17-2,0,N1,1,118
V22,"E278_1H-TETRAZOLYL-1-ACETIC ACID, 98%",C1=NN=NN1CC(=O)O,N2_hydroxydehydroabietylamine,CC(C)C(C(O)=C1)=CC2=C1[C@]3(C)C(CC2)[C@](C)(CN)CCC3,CC(C)c1cc2c(cc1O)[C@@]1(C)CCC[C@@](C)(CNCCn3cnnn3)C1CC2,0.4,0.0,0.0,5.8,-1.0,278,128.09,0.2,Electrophile,acid04-D15,1,2,5,didd@BkaADfvWaZjV@@,C1=NN=NN1CC(=O)O,1,1,21732-17-2,0,N2,2,118
V34,"E278_1H-TETRAZOLYL-1-ACETIC ACID, 98%",C1=NN=NN1CC(=O)O,N3_Scaffold 7,CC(C)C1=CC2=CCC3[C@](C)(CN)CCC[C@]3(C)C2CC1,CC(C)C1=CC2=CCC3[C@](C)(CNCCn4cnnn4)CCC[C@]3(C)C2CC1,15.5,0.3,1.8,1.4,-1.0,278,128.09,0.2,Electrophile,acid04-D15,1,2,5,didd@BkaADfvWaZjV@@,C1=NN=NN1CC(=O)O,1,1,21732-17-2,0,N3,3,118
V46,"E278_1H-TETRAZOLYL-1-ACETIC ACID, 98%",C1=NN=NN1CC(=O)O,N4_Scaffold 6,CCNC[C@@]1(C)C2[C@](C)(CCC1)c3c(CC2)cc(C(C)C)c(c3)N,CCNC[C@]1(C)CCC[C@]2(C)c3cc(NCCn4cnnn4)c(C(C)C)cc3CCC12,8.2,0.0,0.0,0.0,-1.0,278,128.09,0.2,Electrophile,acid04-D15,1,2,5,didd@BkaADfvWaZjV@@,C1=NN=NN1CC(=O)O,1,1,21732-17-2,0,N4,4,118
W7,E310_Indomethacin,COc1ccc2c(c1)c(CC(=O)O)c(C)n2C(=O)c1ccc(Cl)cc1,N1_(+)-Dehydroabietylamine,CC(C)c1ccc2c(c1)CC[C@H]1[C@](C)(CN)CCC[C@]21C,COc1ccc2c(c1)c(CCNC[C@]1(C)CCC[C@]3(C)c4ccc(C(C)C)cc4CC[C@@H]13)c(C)n2C(=O)c1ccc(Cl)cc1,22.44,31.7,58.6,1.4,-1.0,310,357.8,0.05,Electrophile,acid05-A4,1,2,5,fi{`R@IBjwhHaIe]nYe_VZLLzNX@IjA`bfb@@@,COc1ccc2c(c1)c(CC(=O)O)c(C)n2C(=O)c1ccc(Cl)cc1,1,1,53-86-1,0,N1,1,119
W19,E310_Indomethacin,COc1ccc2c(c1)c(CC(=O)O)c(C)n2C(=O)c1ccc(Cl)cc1,N2_hydroxydehydroabietylamine,CC(C)C(C(O)=C1)=CC2=C1[C@]3(C)C(CC2)[C@](C)(CN)CCC3,COc1ccc2c(c1)c(CCNC[C@]1(C)CCC[C@]3(C)c4cc(O)c(C(C)C)cc4CCC13)c(C)n2C(=O)c1ccc(Cl)cc1,0.0,0.0,0.0,15.7,-1.0,310,357.8,0.05,Electrophile,acid05-A4,1,2,5,fi{`R@IBjwhHaIe]nYe_VZLLzNX@IjA`bfb@@@,COc1ccc2c(c1)c(CC(=O)O)c(C)n2C(=O)c1ccc(Cl)cc1,1,1,53-86-1,0,N2,2,119
W31,E310_Indomethacin,COc1ccc2c(c1)c(CC(=O)O)c(C)n2C(=O)c1ccc(Cl)cc1,N3_Scaffold 7,CC(C)C1=CC2=CCC3[C@](C)(CN)CCC[C@]3(C)C2CC1,COc1ccc2c(c1)c(CCNC[C@]1(C)CCC[C@]3(C)C4CCC(C(C)C)=CC4=CCC13)c(C)n2C(=O)c1ccc(Cl)cc1,5.1,26.9,84.1,3.8,-1.0,310,357.8,0.05,Electrophile,acid05-A4,1,2,5,fi{`R@IBjwhHaIe]nYe_VZLLzNX@IjA`bfb@@@,COc1ccc2c(c1)c(CC(=O)O)c(C)n2C(=O)c1ccc(Cl)cc1,1,1,53-86-1,0,N3,3,119
W43,E310_Indomethacin,COc1ccc2c(c1)c(CC(=O)O)c(C)n2C(=O)c1ccc(Cl)cc1,N4_Scaffold 6,CCNC[C@@]1(C)C2[C@](C)(CCC1)c3c(CC2)cc(C(C)C)c(c3)N,CCNC[C@]1(C)CCC[C@]2(C)c3cc(NCCc4c(C)n(C(=O)c5ccc(Cl)cc5)c5ccc(OC)cc45)c(C(C)C)cc3CCC12,10.1,6.4,38.7,21.6,-1.0,310,357.8,0.05,Electrophile,acid05-A4,1,2,5,fi{`R@IBjwhHaIe]nYe_VZLLzNX@IjA`bfb@@@,COc1ccc2c(c1)c(CC(=O)O)c(C)n2C(=O)c1ccc(Cl)cc1,1,1,53-86-1,0,N4,4,119
AE7,"E318_6-Methyl-2-(4-methylphenyl)imidazol[1,2-a]pyridine-3-acetic acid",Cc1ccc(-c2nc3ccc(C)cn3c2CC(=O)O)cc1,N1_(+)-Dehydroabietylamine,CC(C)c1ccc2c(c1)CC[C@H]1[C@](C)(CN)CCC[C@]21C,Cc1ccc(-c2nc3ccc(C)cn3c2CCNC[C@]2(C)CCC[C@]3(C)c4ccc(C(C)C)cc4CC[C@@H]23)cc1,40.87,8.6,17.4,80.8,0.0,318,280.32,0.05,Electrophile,acid05-A12,1,2,5,fj}P`@JR@cHieEEDmDdcnRMyNVjZjPXBX@@,Cc1ccc(-c2nc3ccc(C)cn3c2CC(=O)O)cc1,1,1,189005-44-5,0,N1,1,120
AE19,"E318_6-Methyl-2-(4-methylphenyl)imidazol[1,2-a]pyridine-3-acetic acid",Cc1ccc(-c2nc3ccc(C)cn3c2CC(=O)O)cc1,N2_hydroxydehydroabietylamine,CC(C)C(C(O)=C1)=CC2=C1[C@]3(C)C(CC2)[C@](C)(CN)CCC3,Cc1ccc(-c2nc3ccc(C)cn3c2CCNC[C@]2(C)CCC[C@]3(C)c4cc(O)c(C(C)C)cc4CCC23)cc1,1.02,2.9,74.0,2.5,-1.0,318,280.32,0.05,Electrophile,acid05-A12,1,2,5,fj}P`@JR@cHieEEDmDdcnRMyNVjZjPXBX@@,Cc1ccc(-c2nc3ccc(C)cn3c2CC(=O)O)cc1,1,1,189005-44-5,0,N2,2,120
AE31,"E318_6-Methyl-2-(4-methylphenyl)imidazol[1,2-a]pyridine-3-acetic acid",Cc1ccc(-c2nc3ccc(C)cn3c2CC(=O)O)cc1,N3_Scaffold 7,CC(C)C1=CC2=CCC3[C@](C)(CN)CCC[C@]3(C)C2CC1,Cc1ccc(-c2nc3ccc(C)cn3c2CCNC[C@]2(C)CCC[C@]3(C)C4CCC(C(C)C)=CC4=CCC23)cc1,13.9,10.1,42.0,0.0,-1.0,318,280.32,0.05,Electrophile,acid05-A12,1,2,5,fj}P`@JR@cHieEEDmDdcnRMyNVjZjPXBX@@,Cc1ccc(-c2nc3ccc(C)cn3c2CC(=O)O)cc1,1,1,189005-44-5,0,N3,3,120
AE43,"E318_6-Methyl-2-(4-methylphenyl)imidazol[1,2-a]pyridine-3-acetic acid",Cc1ccc(-c2nc3ccc(C)cn3c2CC(=O)O)cc1,N4_Scaffold 6,CCNC[C@@]1(C)C2[C@](C)(CCC1)c3c(CC2)cc(C(C)C)c(c3)N,CCNC[C@]1(C)CCC[C@]2(C)c3cc(NCCc4c(-c5ccc(C)cc5)nc5ccc(C)cn45)c(C(C)C)cc3CCC12,18.4,3.0,14.0,0.0,-1.0,318,280.32,0.05,Electrophile,acid05-A12,1,2,5,fj}P`@JR@cHieEEDmDdcnRMyNVjZjPXBX@@,Cc1ccc(-c2nc3ccc(C)cn3c2CC(=O)O)cc1,1,1,189005-44-5,0,N4,4,120
J1,"E11_4-(DIMETHYLAMINO)PHENYLACETIC ACID, 97%",CN(C)C1=CC=C(C=C1)CC(=O)O,N1_(+)-Dehydroabietylamine,CC(C)c1ccc2c(c1)CC[C@H]1[C@](C)(CN)CCC[C@]21C,CC(C)c1ccc2c(c1)CC[C@H]1[C@](C)(CNCCc3ccc(N(C)C)cc3)CCC[C@]21C,1.9,35.6,95.0,0.0,-1.0,11,179.22,0.2,Electrophile,acid-A12,1,2,6,dknD@EADfvUvFVh@J`@@,CN(C)C1=CC=C(C=C1)CC(=O)O,1,1,17078-28-3,0,N1,1,121
J13,"E11_4-(DIMETHYLAMINO)PHENYLACETIC ACID, 97%",CN(C)C1=CC=C(C=C1)CC(=O)O,N2_hydroxydehydroabietylamine,CC(C)C(C(O)=C1)=CC2=C1[C@]3(C)C(CC2)[C@](C)(CN)CCC3,CC(C)c1cc2c(cc1O)[C@@]1(C)CCC[C@@](C)(CNCCc3ccc(N(C)C)cc3)C1CC2,0.0,1.5,100.0,0.0,-1.0,11,179.22,0.2,Electrophile,acid-A12,1,2,6,dknD@EADfvUvFVh@J`@@,CN(C)C1=CC=C(C=C1)CC(=O)O,1,1,17078-28-3,0,N2,2,121
J25,"E11_4-(DIMETHYLAMINO)PHENYLACETIC ACID, 97%",CN(C)C1=CC=C(C=C1)CC(=O)O,N3_Scaffold 7,CC(C)C1=CC2=CCC3[C@](C)(CN)CCC[C@]3(C)C2CC1,CC(C)C1=CC2=CCC3[C@](C)(CNCCc4ccc(N(C)C)cc4)CCC[C@]3(C)C2CC1,3.4,17.1,83.4,5.4,-1.0,11,179.22,0.2,Electrophile,acid-A12,1,2,6,dknD@EADfvUvFVh@J`@@,CN(C)C1=CC=C(C=C1)CC(=O)O,1,1,17078-28-3,0,N3,3,121
J37,"E11_4-(DIMETHYLAMINO)PHENYLACETIC ACID, 97%",CN(C)C1=CC=C(C=C1)CC(=O)O,N4_Scaffold 6,CCNC[C@@]1(C)C2[C@](C)(CCC1)c3c(CC2)cc(C(C)C)c(c3)N,CCNC[C@]1(C)CCC[C@]2(C)c3cc(NCCc4ccc(N(C)C)cc4)c(C(C)C)cc3CCC12,7.1,0.0,0.0,31.9,-1.0,11,179.22,0.2,Electrophile,acid-A12,1,2,6,dknD@EADfvUvFVh@J`@@,CN(C)C1=CC=C(C=C1)CC(=O)O,1,1,17078-28-3,0,N4,4,121
S1,E30_4-Bromophenylacetic acid,C1=CC(=CC=C1CC(=O)O)Br,N1_(+)-Dehydroabietylamine,CC(C)c1ccc2c(c1)CC[C@H]1[C@](C)(CN)CCC[C@]21C,CC(C)c1ccc2c(c1)CC[C@H]1[C@](C)(CNCCc3ccc(Br)cc3)CCC[C@]21C,36.93,19.3,34.3,85.4,0.0,30,215.04,0.2,Electrophile,acid-C3,1,2,6,dmtD`ITLQIe]Zf`@i`@@,C1=CC(=CC=C1CC(=O)O)Br,1,1,1878-68-8,0,N1,1,122
S13,E30_4-Bromophenylacetic acid,C1=CC(=CC=C1CC(=O)O)Br,N2_hydroxydehydroabietylamine,CC(C)C(C(O)=C1)=CC2=C1[C@]3(C)C(CC2)[C@](C)(CN)CCC3,CC(C)c1cc2c(cc1O)[C@@]1(C)CCC[C@@](C)(CNCCc3ccc(Br)cc3)C1CC2,0.0,0.0,0.0,17.3,-1.0,30,215.04,0.2,Electrophile,acid-C3,1,2,6,dmtD`ITLQIe]Zf`@i`@@,C1=CC(=CC=C1CC(=O)O)Br,1,1,1878-68-8,0,N2,2,122
S25,E30_4-Bromophenylacetic acid,C1=CC(=CC=C1CC(=O)O)Br,N3_Scaffold 7,CC(C)C1=CC2=CCC3[C@](C)(CN)CCC[C@]3(C)C2CC1,CC(C)C1=CC2=CCC3[C@](C)(CNCCc4ccc(Br)cc4)CCC[C@]3(C)C2CC1,3.4,12.8,79.0,0.0,-1.0,30,215.04,0.2,Electrophile,acid-C3,1,2,6,dmtD`ITLQIe]Zf`@i`@@,C1=CC(=CC=C1CC(=O)O)Br,1,1,1878-68-8,0,N3,3,122
S37,E30_4-Bromophenylacetic acid,C1=CC(=CC=C1CC(=O)O)Br,N4_Scaffold 6,CCNC[C@@]1(C)C2[C@](C)(CCC1)c3c(CC2)cc(C(C)C)c(c3)N,CCNC[C@]1(C)CCC[C@]2(C)c3cc(NCCc4ccc(Br)cc4)c(C(C)C)cc3CCC12,9.5,19.7,67.5,6.7,-1.0,30,215.04,0.2,Electrophile,acid-C3,1,2,6,dmtD`ITLQIe]Zf`@i`@@,C1=CC(=CC=C1CC(=O)O)Br,1,1,1878-68-8,0,N4,4,122
G8,"E21_2-PHENYLPROPIONIC ACID, 97%",CC(C1=CC=CC=C1)C(=O)O,N1_(+)-Dehydroabietylamine,CC(C)c1ccc2c(c1)CC[C@H]1[C@](C)(CN)CCC[C@]21C,CC(C)c1ccc2c(c1)CC[C@H]1[C@](C)(CNCC(C)c3ccccc3)CCC[C@]21C,5.16,4.0,43.9,0.0,-1.0,65,150.17,0.2,Electrophile,acid01-F7,1,2,6,dmtD@@QIn[VUZh@BLH@,CC(C1=CC=CC=C1)C(=O)O,1,1,7782-24-3,0,N1,1,123
I2,"E65_(S)-(+)-2-PHENYLPROPIONIC ACID, 97%",CC(C1=CC=CC=C1)C(=O)O,N1_(+)-Dehydroabietylamine,CC(C)c1ccc2c(c1)CC[C@H]1[C@](C)(CN)CCC[C@]21C,CC(C)c1ccc2c(c1)CC[C@H]1[C@](C)(CNCC(C)c3ccccc3)CCC[C@]21C,20.97,0.0,0.0,0.0,-1.0,65,150.17,0.2,Electrophile,acid01-F7,1,2,6,dmtD@@QIn[VUZh@BLH@,CC(C1=CC=CC=C1)C(=O)O,1,1,7782-24-3,0,N1,1,123
G20,"E21_2-PHENYLPROPIONIC ACID, 97%",CC(C1=CC=CC=C1)C(=O)O,N2_hydroxydehydroabietylamine,CC(C)C(C(O)=C1)=CC2=C1[C@]3(C)C(CC2)[C@](C)(CN)CCC3,CC(C)c1cc2c(cc1O)[C@@]1(C)CCC[C@@](C)(CNCC(C)c3ccccc3)C1CC2,0.0,2.0,100.0,23.2,-1.0,65,150.17,0.2,Electrophile,acid01-F7,1,2,6,dmtD@@QIn[VUZh@BLH@,CC(C1=CC=CC=C1)C(=O)O,1,1,7782-24-3,0,N2,2,123
I14,"E65_(S)-(+)-2-PHENYLPROPIONIC ACID, 97%",CC(C1=CC=CC=C1)C(=O)O,N2_hydroxydehydroabietylamine,CC(C)C(C(O)=C1)=CC2=C1[C@]3(C)C(CC2)[C@](C)(CN)CCC3,CC(C)c1cc2c(cc1O)[C@@]1(C)CCC[C@@](C)(CNCC(C)c3ccccc3)C1CC2,4.55,1.4,23.0,0.0,-1.0,65,150.17,0.2,Electrophile,acid01-F7,1,2,6,dmtD@@QIn[VUZh@BLH@,CC(C1=CC=CC=C1)C(=O)O,1,1,7782-24-3,0,N2,2,123
G32,"E21_2-PHENYLPROPIONIC ACID, 97%",CC(C1=CC=CC=C1)C(=O)O,N3_Scaffold 7,CC(C)C1=CC2=CCC3[C@](C)(CN)CCC[C@]3(C)C2CC1,CC(C)C1=CC2=CCC3[C@](C)(CNCC(C)c4ccccc4)CCC[C@]3(C)C2CC1,1.9,7.3,79.4,3.2,-1.0,65,150.17,0.2,Electrophile,acid01-F7,1,2,6,dmtD@@QIn[VUZh@BLH@,CC(C1=CC=CC=C1)C(=O)O,1,1,7782-24-3,0,N3,3,124
I26,"E65_(S)-(+)-2-PHENYLPROPIONIC ACID, 97%",CC(C1=CC=CC=C1)C(=O)O,N3_Scaffold 7,CC(C)C1=CC2=CCC3[C@](C)(CN)CCC[C@]3(C)C2CC1,CC(C)C1=CC2=CCC3[C@](C)(CNCC(C)c4ccccc4)CCC[C@]3(C)C2CC1,14.6,0.5,3.5,6.4,-1.0,65,150.17,0.2,Electrophile,acid01-F7,1,2,6,dmtD@@QIn[VUZh@BLH@,CC(C1=CC=CC=C1)C(=O)O,1,1,7782-24-3,0,N3,3,124
G44,"E21_2-PHENYLPROPIONIC ACID, 97%",CC(C1=CC=CC=C1)C(=O)O,N4_Scaffold 6,CCNC[C@@]1(C)C2[C@](C)(CCC1)c3c(CC2)cc(C(C)C)c(c3)N,CCNC[C@]1(C)CCC[C@]2(C)c3cc(NCC(C)c4ccccc4)c(C(C)C)cc3CCC12,14.4,6.5,31.3,18.2,-1.0,65,150.17,0.2,Electrophile,acid01-F7,1,2,6,dmtD@@QIn[VUZh@BLH@,CC(C1=CC=CC=C1)C(=O)O,1,1,7782-24-3,0,N4,4,124
I38,"E65_(S)-(+)-2-PHENYLPROPIONIC ACID, 97%",CC(C1=CC=CC=C1)C(=O)O,N4_Scaffold 6,CCNC[C@@]1(C)C2[C@](C)(CCC1)c3c(CC2)cc(C(C)C)c(c3)N,CCNC[C@]1(C)CCC[C@]2(C)c3cc(NCC(C)c4ccccc4)c(C(C)C)cc3CCC12,7.2,0.0,0.0,0.0,-1.0,65,150.17,0.2,Electrophile,acid01-F7,1,2,6,dmtD@@QIn[VUZh@BLH@,CC(C1=CC=CC=C1)C(=O)O,1,1,7782-24-3,0,N4,4,124
U2,"E81_2-METHOXY-2-(NAPHTHALEN-1-YL)PROPANOIC ACID, 97%",CC(C1=CC=CC2=CC=CC=C21)(C(=O)O)OC,N1_(+)-Dehydroabietylamine,CC(C)c1ccc2c(c1)CC[C@H]1[C@](C)(CN)CCC[C@]21C,COC(C)(CNC[C@]1(C)CCC[C@]2(C)c3ccc(C(C)C)cc3CC[C@@H]12)c1cccc2ccccc12,34.36,19.2,35.9,56.1,-1.0,81,230.26,0.2,Electrophile,acid02-A10,1,2,6,fhiA`@@HIdTtbTLRbIk^BuU@@@ACE@@,CC(C1=CC=CC2=CC=CC=C21)(C(=O)O)OC,1,1,63628-25-1,0,N1,1,125
U14,"E81_2-METHOXY-2-(NAPHTHALEN-1-YL)PROPANOIC ACID, 97%",CC(C1=CC=CC2=CC=CC=C21)(C(=O)O)OC,N2_hydroxydehydroabietylamine,CC(C)C(C(O)=C1)=CC2=C1[C@]3(C)C(CC2)[C@](C)(CN)CCC3,COC(C)(CNC[C@]1(C)CCC[C@]2(C)c3cc(O)c(C(C)C)cc3CCC12)c1cccc2ccccc12,0.0,26.0,100.0,0.0,-1.0,81,230.26,0.2,Electrophile,acid02-A10,1,2,6,fhiA`@@HIdTtbTLRbIk^BuU@@@ACE@@,CC(C1=CC=CC2=CC=CC=C21)(C(=O)O)OC,1,1,63628-25-1,0,N2,2,125
U26,"E81_2-METHOXY-2-(NAPHTHALEN-1-YL)PROPANOIC ACID, 97%",CC(C1=CC=CC2=CC=CC=C21)(C(=O)O)OC,N3_Scaffold 7,CC(C)C1=CC2=CCC3[C@](C)(CN)CCC[C@]3(C)C2CC1,COC(C)(CNC[C@]1(C)CCC[C@]2(C)C3CCC(C(C)C)=CC3=CCC12)c1cccc2ccccc12,17.1,19.4,53.1,0.0,-1.0,81,230.26,0.2,Electrophile,acid02-A10,1,2,6,fhiA`@@HIdTtbTLRbIk^BuU@@@ACE@@,CC(C1=CC=CC2=CC=CC=C21)(C(=O)O)OC,1,1,63628-25-1,0,N3,3,125
U38,"E81_2-METHOXY-2-(NAPHTHALEN-1-YL)PROPANOIC ACID, 97%",CC(C1=CC=CC2=CC=CC=C21)(C(=O)O)OC,N4_Scaffold 6,CCNC[C@@]1(C)C2[C@](C)(CCC1)c3c(CC2)cc(C(C)C)c(c3)N,CCNC[C@]1(C)CCC[C@]2(C)c3cc(NCC(C)(OC)c4cccc5ccccc45)c(C(C)C)cc3CCC12,19.0,1.6,7.7,0.0,-1.0,81,230.26,0.2,Electrophile,acid02-A10,1,2,6,fhiA`@@HIdTtbTLRbIk^BuU@@@ACE@@,CC(C1=CC=CC2=CC=CC=C21)(C(=O)O)OC,1,1,63628-25-1,0,N4,4,125
H3,"E105_2-(4-CYANOPHENYL)-2,2-DIFLUOROACETIC ACID, 95%",C1=CC(=CC=C1C#N)C(C(=O)O)(F)F,N1_(+)-Dehydroabietylamine,CC(C)c1ccc2c(c1)CC[C@H]1[C@](C)(CN)CCC[C@]21C,CC(C)c1ccc2c(c1)CC[C@H]1[C@](C)(CNCC(F)(F)c3ccc(C#N)cc3)CCC[C@]21C,36.4,6.2,14.5,74.4,0.0,105,197.14,0.2,Electrophile,acid02-C7,1,2,6,dg^DPKxPdDdLbdtTRNR{U@pE`@@,C1=CC(=CC=C1C#N)C(C(=O)O)(F)F,1,1,1261358-84-2,0,N1,1,126
H15,"E105_2-(4-CYANOPHENYL)-2,2-DIFLUOROACETIC ACID, 95%",C1=CC(=CC=C1C#N)C(C(=O)O)(F)F,N2_hydroxydehydroabietylamine,CC(C)C(C(O)=C1)=CC2=C1[C@]3(C)C(CC2)[C@](C)(CN)CCC3,CC(C)c1cc2c(cc1O)[C@@]1(C)CCC[C@@](C)(CNCC(F)(F)c3ccc(C#N)cc3)C1CC2,2.2,10.7,82.8,24.0,-1.0,105,197.14,0.2,Electrophile,acid02-C7,1,2,6,dg^DPKxPdDdLbdtTRNR{U@pE`@@,C1=CC(=CC=C1C#N)C(C(=O)O)(F)F,1,1,1261358-84-2,0,N2,2,126
H27,"E105_2-(4-CYANOPHENYL)-2,2-DIFLUOROACETIC ACID, 95%",C1=CC(=CC=C1C#N)C(C(=O)O)(F)F,N3_Scaffold 7,CC(C)C1=CC2=CCC3[C@](C)(CN)CCC[C@]3(C)C2CC1,CC(C)C1=CC2=CCC3[C@](C)(CNCC(F)(F)c4ccc(C#N)cc4)CCC[C@]3(C)C2CC1,16.6,0.0,0.0,45.1,-1.0,105,197.14,0.2,Electrophile,acid02-C7,1,2,6,dg^DPKxPdDdLbdtTRNR{U@pE`@@,C1=CC(=CC=C1C#N)C(C(=O)O)(F)F,1,1,1261358-84-2,0,N3,3,126
H39,"E105_2-(4-CYANOPHENYL)-2,2-DIFLUOROACETIC ACID, 95%",C1=CC(=CC=C1C#N)C(C(=O)O)(F)F,N4_Scaffold 6,CCNC[C@@]1(C)C2[C@](C)(CCC1)c3c(CC2)cc(C(C)C)c(c3)N,CCNC[C@]1(C)CCC[C@]2(C)c3cc(NCC(F)(F)c4ccc(C#N)cc4)c(C(C)C)cc3CCC12,11.6,4.5,27.9,0.0,-1.0,105,197.14,0.2,Electrophile,acid02-C7,1,2,6,dg^DPKxPdDdLbdtTRNR{U@pE`@@,C1=CC(=CC=C1C#N)C(C(=O)O)(F)F,1,1,1261358-84-2,0,N4,4,126
K3,"E111_2,2-DIFLUORO-2-PHENYLACETIC ACID, 95%",C1=CC=C(C=C1)C(C(=O)O)(F)F,N1_(+)-Dehydroabietylamine,CC(C)c1ccc2c(c1)CC[C@H]1[C@](C)(CN)CCC[C@]21C,CC(C)c1ccc2c(c1)CC[C@H]1[C@](C)(CNCC(F)(F)c3ccccc3)CCC[C@]21C,25.91,0.7,2.5,16.2,-1.0,111,172.13,0.2,Electrophile,acid02-C13,1,2,6,dcLDPNDIAICHiMEDbnuPL@@@,C1=CC=C(C=C1)C(C(=O)O)(F)F,1,1,360-03-2,0,N1,1,127
K15,"E111_2,2-DIFLUORO-2-PHENYLACETIC ACID, 95%",C1=CC=C(C=C1)C(C(=O)O)(F)F,N2_hydroxydehydroabietylamine,CC(C)C(C(O)=C1)=CC2=C1[C@]3(C)C(CC2)[C@](C)(CN)CCC3,CC(C)c1cc2c(cc1O)[C@@]1(C)CCC[C@@](C)(CNCC(F)(F)c3ccccc3)C1CC2,3.61,1.6,30.7,12.7,-1.0,111,172.13,0.2,Electrophile,acid02-C13,1,2,6,dcLDPNDIAICHiMEDbnuPL@@@,C1=CC=C(C=C1)C(C(=O)O)(F)F,1,1,360-03-2,0,N2,2,127
K27,"E111_2,2-DIFLUORO-2-PHENYLACETIC ACID, 95%",C1=CC=C(C=C1)C(C(=O)O)(F)F,N3_Scaffold 7,CC(C)C1=CC2=CCC3[C@](C)(CN)CCC[C@]3(C)C2CC1,CC(C)C1=CC2=CCC3[C@](C)(CNCC(F)(F)c4ccccc4)CCC[C@]3(C)C2CC1,11.4,0.3,2.9,4.8,-1.0,111,172.13,0.2,Electrophile,acid02-C13,1,2,6,dcLDPNDIAICHiMEDbnuPL@@@,C1=CC=C(C=C1)C(C(=O)O)(F)F,1,1,360-03-2,0,N3,3,127
K39,"E111_2,2-DIFLUORO-2-PHENYLACETIC ACID, 95%",C1=CC=C(C=C1)C(C(=O)O)(F)F,N4_Scaffold 6,CCNC[C@@]1(C)C2[C@](C)(CCC1)c3c(CC2)cc(C(C)C)c(c3)N,CCNC[C@]1(C)CCC[C@]2(C)c3cc(NCC(F)(F)c4ccccc4)c(C(C)C)cc3CCC12,18.3,0.0,0.0,13.7,-1.0,111,172.13,0.2,Electrophile,acid02-C13,1,2,6,dcLDPNDIAICHiMEDbnuPL@@@,C1=CC=C(C=C1)C(C(=O)O)(F)F,1,1,360-03-2,0,N4,4,127
B4,E144_2-(4-chlorophenyl)acetic acid,C1=CC(=CC=C1CC(=O)O)Cl,N1_(+)-Dehydroabietylamine,CC(C)c1ccc2c(c1)CC[C@H]1[C@](C)(CN)CCC[C@]21C,CC(C)c1ccc2c(c1)CC[C@H]1[C@](C)(CNCCc3ccc(Cl)cc3)CCC[C@]21C,5.1,3.5,40.7,0.0,-1.0,144,170.59,0.2,Electrophile,acid02-F3,1,2,6,dmtD`ITHaIe]Zf`@i`@@,C1=CC(=CC=C1CC(=O)O)Cl,1,1,1878-66-6,0,N1,1,128
B16,E144_2-(4-chlorophenyl)acetic acid,C1=CC(=CC=C1CC(=O)O)Cl,N2_hydroxydehydroabietylamine,CC(C)C(C(O)=C1)=CC2=C1[C@]3(C)C(CC2)[C@](C)(CN)CCC3,CC(C)c1cc2c(cc1O)[C@@]1(C)CCC[C@@](C)(CNCCc3ccc(Cl)cc3)C1CC2,7.3,7.2,49.8,0.0,-1.0,144,170.59,0.2,Electrophile,acid02-F3,1,2,6,dmtD`ITHaIe]Zf`@i`@@,C1=CC(=CC=C1CC(=O)O)Cl,1,1,1878-66-6,0,N2,2,128
B28,E144_2-(4-chlorophenyl)acetic acid,C1=CC(=CC=C1CC(=O)O)Cl,N3_Scaffold 7,CC(C)C1=CC2=CCC3[C@](C)(CN)CCC[C@]3(C)C2CC1,CC(C)C1=CC2=CCC3[C@](C)(CNCCc4ccc(Cl)cc4)CCC[C@]3(C)C2CC1,4.4,1.6,27.0,0.0,-1.0,144,170.59,0.2,Electrophile,acid02-F3,1,2,6,dmtD`ITHaIe]Zf`@i`@@,C1=CC(=CC=C1CC(=O)O)Cl,1,1,1878-66-6,0,N3,3,128
B40,E144_2-(4-chlorophenyl)acetic acid,C1=CC(=CC=C1CC(=O)O)Cl,N4_Scaffold 6,CCNC[C@@]1(C)C2[C@](C)(CCC1)c3c(CC2)cc(C(C)C)c(c3)N,CCNC[C@]1(C)CCC[C@]2(C)c3cc(NCCc4ccc(Cl)cc4)c(C(C)C)cc3CCC12,6.1,5.5,47.6,0.0,-1.0,144,170.59,0.2,Electrophile,acid02-F3,1,2,6,dmtD`ITHaIe]Zf`@i`@@,C1=CC(=CC=C1CC(=O)O)Cl,1,1,1878-66-6,0,N4,4,128
C4,E145_2-(2-chlorophenyl)acetic acid,C1=CC=C(C(=C1)CC(=O)O)Cl,N1_(+)-Dehydroabietylamine,CC(C)c1ccc2c(c1)CC[C@H]1[C@](C)(CN)CCC[C@]21C,CC(C)c1ccc2c(c1)CC[C@H]1[C@](C)(CNCCc3ccccc3Cl)CCC[C@]21C,12.13,0.7,5.1,0.0,-1.0,145,170.59,0.2,Electrophile,acid02-F4,1,2,6,dmtD`ITHcHhhdcFz@`f@@,C1=CC=C(C(=C1)CC(=O)O)Cl,1,1,2444-36-2,0,N1,1,129
C16,E145_2-(2-chlorophenyl)acetic acid,C1=CC=C(C(=C1)CC(=O)O)Cl,N2_hydroxydehydroabietylamine,CC(C)C(C(O)=C1)=CC2=C1[C@]3(C)C(CC2)[C@](C)(CN)CCC3,CC(C)c1cc2c(cc1O)[C@@]1(C)CCC[C@@](C)(CNCCc3ccccc3Cl)C1CC2,7.25,1.1,13.4,0.0,-1.0,145,170.59,0.2,Electrophile,acid02-F4,1,2,6,dmtD`ITHcHhhdcFz@`f@@,C1=CC=C(C(=C1)CC(=O)O)Cl,1,1,2444-36-2,0,N2,2,129
C28,E145_2-(2-chlorophenyl)acetic acid,C1=CC=C(C(=C1)CC(=O)O)Cl,N3_Scaffold 7,CC(C)C1=CC2=CCC3[C@](C)(CN)CCC[C@]3(C)C2CC1,CC(C)C1=CC2=CCC3[C@](C)(CNCCc4ccccc4Cl)CCC[C@]3(C)C2CC1,7.2,0.2,3.3,0.0,-1.0,145,170.59,0.2,Electrophile,acid02-F4,1,2,6,dmtD`ITHcHhhdcFz@`f@@,C1=CC=C(C(=C1)CC(=O)O)Cl,1,1,2444-36-2,0,N3,3,129
C40,E145_2-(2-chlorophenyl)acetic acid,C1=CC=C(C(=C1)CC(=O)O)Cl,N4_Scaffold 6,CCNC[C@@]1(C)C2[C@](C)(CCC1)c3c(CC2)cc(C(C)C)c(c3)N,CCNC[C@]1(C)CCC[C@]2(C)c3cc(NCCc4ccccc4Cl)c(C(C)C)cc3CCC12,3.8,2.4,38.3,0.0,-1.0,145,170.59,0.2,Electrophile,acid02-F4,1,2,6,dmtD`ITHcHhhdcFz@`f@@,C1=CC=C(C(=C1)CC(=O)O)Cl,1,1,2444-36-2,0,N4,4,129
D4,E146_2-(4-chlorophenyl)propanoic acid,CC(C1=CC=C(C=C1)Cl)C(=O)O,N1_(+)-Dehydroabietylamine,CC(C)c1ccc2c(c1)CC[C@H]1[C@](C)(CN)CCC[C@]21C,CC(C)c1ccc2c(c1)CC[C@H]1[C@](C)(CNCC(C)c3ccc(Cl)cc3)CCC[C@]21C,13.4,2.5,15.9,0.0,-1.0,146,184.62,0.2,Electrophile,acid02-F5,1,2,6,dcLD`EtHaIe]fih@JfHz`@,CC(C1=CC=C(C=C1)Cl)C(=O)O,1,1,938-95-4,0,N1,1,130
D16,E146_2-(4-chlorophenyl)propanoic acid,CC(C1=CC=C(C=C1)Cl)C(=O)O,N2_hydroxydehydroabietylamine,CC(C)C(C(O)=C1)=CC2=C1[C@]3(C)C(CC2)[C@](C)(CN)CCC3,CC(C)c1cc2c(cc1O)[C@@]1(C)CCC[C@@](C)(CNCC(C)c3ccc(Cl)cc3)C1CC2,3.8,0.0,0.0,0.0,-1.0,146,184.62,0.2,Electrophile,acid02-F5,1,2,6,dcLD`EtHaIe]fih@JfHz`@,CC(C1=CC=C(C=C1)Cl)C(=O)O,1,1,938-95-4,0,N2,2,130
D28,E146_2-(4-chlorophenyl)propanoic acid,CC(C1=CC=C(C=C1)Cl)C(=O)O,N3_Scaffold 7,CC(C)C1=CC2=CCC3[C@](C)(CN)CCC[C@]3(C)C2CC1,CC(C)C1=CC2=CCC3[C@](C)(CNCC(C)c4ccc(Cl)cc4)CCC[C@]3(C)C2CC1,8.1,0.0,0.0,0.0,-1.0,146,184.62,0.2,Electrophile,acid02-F5,1,2,6,dcLD`EtHaIe]fih@JfHz`@,CC(C1=CC=C(C=C1)Cl)C(=O)O,1,1,938-95-4,0,N3,3,130
D40,E146_2-(4-chlorophenyl)propanoic acid,CC(C1=CC=C(C=C1)Cl)C(=O)O,N4_Scaffold 6,CCNC[C@@]1(C)C2[C@](C)(CCC1)c3c(CC2)cc(C(C)C)c(c3)N,CCNC[C@]1(C)CCC[C@]2(C)c3cc(NCC(C)c4ccc(Cl)cc4)c(C(C)C)cc3CCC12,10.8,0.0,0.0,0.0,-1.0,146,184.62,0.2,Electrophile,acid02-F5,1,2,6,dcLD`EtHaIe]fih@JfHz`@,CC(C1=CC=C(C=C1)Cl)C(=O)O,1,1,938-95-4,0,N4,4,130
E4,E147_2-(2-cyanophenyl)acetic acid,C1=CC=C(C(=C1)CC(=O)O)C#N,N1_(+)-Dehydroabietylamine,CC(C)c1ccc2c(c1)CC[C@H]1[C@](C)(CN)CCC[C@]21C,CC(C)c1ccc2c(c1)CC[C@H]1[C@](C)(CNCCc3ccccc3C#N)CCC[C@]21C,10.39,17.5,62.8,33.3,-1.0,147,161.16,0.2,Electrophile,acid02-F6,1,2,6,dcND@EADfvYV]Z``p@@,C1=CC=C(C(=C1)CC(=O)O)C#N,1,1,18698-99-2,0,N1,1,131
E16,E147_2-(2-cyanophenyl)acetic acid,C1=CC=C(C(=C1)CC(=O)O)C#N,N2_hydroxydehydroabietylamine,CC(C)C(C(O)=C1)=CC2=C1[C@]3(C)C(CC2)[C@](C)(CN)CCC3,CC(C)c1cc2c(cc1O)[C@@]1(C)CCC[C@@](C)(CNCCc3ccccc3C#N)C1CC2,0.0,8.5,100.0,0.0,-1.0,147,161.16,0.2,Electrophile,acid02-F6,1,2,6,dcND@EADfvYV]Z``p@@,C1=CC=C(C(=C1)CC(=O)O)C#N,1,1,18698-99-2,0,N2,2,131
E28,E147_2-(2-cyanophenyl)acetic acid,C1=CC=C(C(=C1)CC(=O)O)C#N,N3_Scaffold 7,CC(C)C1=CC2=CCC3[C@](C)(CN)CCC[C@]3(C)C2CC1,CC(C)C1=CC2=CCC3[C@](C)(CNCCc4ccccc4C#N)CCC[C@]3(C)C2CC1,7.8,13.7,63.8,0.3,-1.0,147,161.16,0.2,Electrophile,acid02-F6,1,2,6,dcND@EADfvYV]Z``p@@,C1=CC=C(C(=C1)CC(=O)O)C#N,1,1,18698-99-2,0,N3,3,131
E40,E147_2-(2-cyanophenyl)acetic acid,C1=CC=C(C(=C1)CC(=O)O)C#N,N4_Scaffold 6,CCNC[C@@]1(C)C2[C@](C)(CCC1)c3c(CC2)cc(C(C)C)c(c3)N,CCNC[C@]1(C)CCC[C@]2(C)c3cc(NCCc4ccccc4C#N)c(C(C)C)cc3CCC12,14.2,0.0,0.0,0.0,-1.0,147,161.16,0.2,Electrophile,acid02-F6,1,2,6,dcND@EADfvYV]Z``p@@,C1=CC=C(C(=C1)CC(=O)O)C#N,1,1,18698-99-2,0,N4,4,131
H4,E150_2-(3-chlorophenyl)acetic acid,C1=CC(=CC(=C1)Cl)CC(=O)O,N1_(+)-Dehydroabietylamine,CC(C)c1ccc2c(c1)CC[C@H]1[C@](C)(CN)CCC[C@]21C,CC(C)c1ccc2c(c1)CC[C@H]1[C@](C)(CNCCc3cccc(Cl)c3)CCC[C@]21C,12.2,0.0,0.0,8.2,-1.0,150,170.59,0.2,Electrophile,acid02-F10,1,2,6,dmtD`ITHcHhdhUJZ@Bf@@,C1=CC(=CC(=C1)Cl)CC(=O)O,1,1,1878-65-5,0,N1,1,132
H16,E150_2-(3-chlorophenyl)acetic acid,C1=CC(=CC(=C1)Cl)CC(=O)O,N2_hydroxydehydroabietylamine,CC(C)C(C(O)=C1)=CC2=C1[C@]3(C)C(CC2)[C@](C)(CN)CCC3,CC(C)c1cc2c(cc1O)[C@@]1(C)CCC[C@@](C)(CNCCc3cccc(Cl)c3)C1CC2,3.3,0.3,9.1,8.1,-1.0,150,170.59,0.2,Electrophile,acid02-F10,1,2,6,dmtD`ITHcHhdhUJZ@Bf@@,C1=CC(=CC(=C1)Cl)CC(=O)O,1,1,1878-65-5,0,N2,2,132
H28,E150_2-(3-chlorophenyl)acetic acid,C1=CC(=CC(=C1)Cl)CC(=O)O,N3_Scaffold 7,CC(C)C1=CC2=CCC3[C@](C)(CN)CCC[C@]3(C)C2CC1,CC(C)C1=CC2=CCC3[C@](C)(CNCCc4cccc(Cl)c4)CCC[C@]3(C)C2CC1,14.7,0.0,0.0,31.3,-1.0,150,170.59,0.2,Electrophile,acid02-F10,1,2,6,dmtD`ITHcHhdhUJZ@Bf@@,C1=CC(=CC(=C1)Cl)CC(=O)O,1,1,1878-65-5,0,N3,3,132
H40,E150_2-(3-chlorophenyl)acetic acid,C1=CC(=CC(=C1)Cl)CC(=O)O,N4_Scaffold 6,CCNC[C@@]1(C)C2[C@](C)(CCC1)c3c(CC2)cc(C(C)C)c(c3)N,CCNC[C@]1(C)CCC[C@]2(C)c3cc(NCCc4cccc(Cl)c4)c(C(C)C)cc3CCC12,8.8,0.8,8.1,0.0,-1.0,150,170.59,0.2,Electrophile,acid02-F10,1,2,6,dmtD`ITHcHhdhUJZ@Bf@@,C1=CC(=CC(=C1)Cl)CC(=O)O,1,1,1878-65-5,0,N4,4,132
N4,"E157_2,2-diphenylacetic acid",C1=CC=C(C=C1)C(C2=CC=CC=C2)C(=O)O,N1_(+)-Dehydroabietylamine,CC(C)c1ccc2c(c1)CC[C@H]1[C@](C)(CN)CCC[C@]21C,CC(C)c1ccc2c(c1)CC[C@H]1[C@](C)(CNCC(c3ccccc3)c3ccccc3)CCC[C@]21C,10.3,13.9,57.5,23.5,-1.0,157,212.24,0.2,Electrophile,acid03-A4,1,2,6,f`q@`@@HR[fYU_Sk^Zh@@@@@@,C1=CC=C(C=C1)C(C2=CC=CC=C2)C(=O)O,1,1,117-34-0,0,N1,1,133
N16,"E157_2,2-diphenylacetic acid",C1=CC=C(C=C1)C(C2=CC=CC=C2)C(=O)O,N2_hydroxydehydroabietylamine,CC(C)C(C(O)=C1)=CC2=C1[C@]3(C)C(CC2)[C@](C)(CN)CCC3,CC(C)c1cc2c(cc1O)[C@@]1(C)CCC[C@@](C)(CNCC(c3ccccc3)c3ccccc3)C1CC2,0.0,6.0,100.0,0.0,-1.0,157,212.24,0.2,Electrophile,acid03-A4,1,2,6,f`q@`@@HR[fYU_Sk^Zh@@@@@@,C1=CC=C(C=C1)C(C2=CC=CC=C2)C(=O)O,1,1,117-34-0,0,N2,2,133
N28,"E157_2,2-diphenylacetic acid",C1=CC=C(C=C1)C(C2=CC=CC=C2)C(=O)O,N3_Scaffold 7,CC(C)C1=CC2=CCC3[C@](C)(CN)CCC[C@]3(C)C2CC1,CC(C)C1=CC2=CCC3[C@](C)(CNCC(c4ccccc4)c4ccccc4)CCC[C@]3(C)C2CC1,16.7,8.8,34.5,16.8,-1.0,157,212.24,0.2,Electrophile,acid03-A4,1,2,6,f`q@`@@HR[fYU_Sk^Zh@@@@@@,C1=CC=C(C=C1)C(C2=CC=CC=C2)C(=O)O,1,1,117-34-0,0,N3,3,133
N40,"E157_2,2-diphenylacetic acid",C1=CC=C(C=C1)C(C2=CC=CC=C2)C(=O)O,N4_Scaffold 6,CCNC[C@@]1(C)C2[C@](C)(CCC1)c3c(CC2)cc(C(C)C)c(c3)N,CCNC[C@]1(C)CCC[C@]2(C)c3cc(NCC(c4ccccc4)c4ccccc4)c(C(C)C)cc3CCC12,11.1,19.4,63.6,0.0,-1.0,157,212.24,0.2,Electrophile,acid03-A4,1,2,6,f`q@`@@HR[fYU_Sk^Zh@@@@@@,C1=CC=C(C=C1)C(C2=CC=CC=C2)C(=O)O,1,1,117-34-0,0,N4,4,133
U4,"E164_2-(3,4-dimethoxyphenyl)acetic acid",COC1=C(C=C(C=C1)CC(=O)O)OC,N1_(+)-Dehydroabietylamine,CC(C)c1ccc2c(c1)CC[C@H]1[C@](C)(CN)CCC[C@]21C,COc1ccc(CCNC[C@]2(C)CCC[C@]3(C)c4ccc(C(C)C)cc4CC[C@@H]23)cc1OC,3.36,23.1,87.3,0.0,-1.0,164,196.2,0.2,Electrophile,acid03-A11,1,2,6,dg\B@@RSR[YVwEVh@bh@@,COC1=C(C=C(C=C1)CC(=O)O)OC,1,1,93-40-3,0,N1,1,134
U16,"E164_2-(3,4-dimethoxyphenyl)acetic acid",COC1=C(C=C(C=C1)CC(=O)O)OC,N2_hydroxydehydroabietylamine,CC(C)C(C(O)=C1)=CC2=C1[C@]3(C)C(CC2)[C@](C)(CN)CCC3,COc1ccc(CCNC[C@]2(C)CCC[C@]3(C)c4cc(O)c(C(C)C)cc4CCC23)cc1OC,0.0,0.0,0.0,0.0,-1.0,164,196.2,0.2,Electrophile,acid03-A11,1,2,6,dg\B@@RSR[YVwEVh@bh@@,COC1=C(C=C(C=C1)CC(=O)O)OC,1,1,93-40-3,0,N2,2,134
U28,"E164_2-(3,4-dimethoxyphenyl)acetic acid",COC1=C(C=C(C=C1)CC(=O)O)OC,N3_Scaffold 7,CC(C)C1=CC2=CCC3[C@](C)(CN)CCC[C@]3(C)C2CC1,COc1ccc(CCNC[C@]2(C)CCC[C@]3(C)C4CCC(C(C)C)=CC4=CCC23)cc1OC,3.8,20.5,84.3,0.0,-1.0,164,196.2,0.2,Electrophile,acid03-A11,1,2,6,dg\B@@RSR[YVwEVh@bh@@,COC1=C(C=C(C=C1)CC(=O)O)OC,1,1,93-40-3,0,N3,3,134
U40,"E164_2-(3,4-dimethoxyphenyl)acetic acid",COC1=C(C=C(C=C1)CC(=O)O)OC,N4_Scaffold 6,CCNC[C@@]1(C)C2[C@](C)(CCC1)c3c(CC2)cc(C(C)C)c(c3)N,CCNC[C@]1(C)CCC[C@]2(C)c3cc(NCCc4ccc(OC)c(OC)c4)c(C(C)C)cc3CCC12,9.2,10.4,53.0,0.0,-1.0,164,196.2,0.2,Electrophile,acid03-A11,1,2,6,dg\B@@RSR[YVwEVh@bh@@,COC1=C(C=C(C=C1)CC(=O)O)OC,1,1,93-40-3,0,N4,4,134
Y4,"E168_2-(3,5-difluorophenyl)acetic acid",C1=C(C=C(C=C1F)F)CC(=O)O,N1_(+)-Dehydroabietylamine,CC(C)c1ccc2c(c1)CC[C@H]1[C@](C)(CN)CCC[C@]21C,CC(C)c1ccc2c(c1)CC[C@H]1[C@](C)(CNCCc3cc(F)cc(F)c3)CCC[C@]21C,18.66,0.0,0.0,0.0,-1.0,168,172.13,0.2,Electrophile,acid03-A15,1,2,6,dcLDPEtIAiCHhdhbiWPAEL@@,C1=C(C=C(C=C1F)F)CC(=O)O,1,1,105184-38-1,0,N1,1,135
Y16,"E168_2-(3,5-difluorophenyl)acetic acid",C1=C(C=C(C=C1F)F)CC(=O)O,N2_hydroxydehydroabietylamine,CC(C)C(C(O)=C1)=CC2=C1[C@]3(C)C(CC2)[C@](C)(CN)CCC3,CC(C)c1cc2c(cc1O)[C@@]1(C)CCC[C@@](C)(CNCCc3cc(F)cc(F)c3)C1CC2,1.51,0.0,0.0,0.0,-1.0,168,172.13,0.2,Electrophile,acid03-A15,1,2,6,dcLDPEtIAiCHhdhbiWPAEL@@,C1=C(C=C(C=C1F)F)CC(=O)O,1,1,105184-38-1,0,N2,2,135
Y28,"E168_2-(3,5-difluorophenyl)acetic acid",C1=C(C=C(C=C1F)F)CC(=O)O,N3_Scaffold 7,CC(C)C1=CC2=CCC3[C@](C)(CN)CCC[C@]3(C)C2CC1,CC(C)C1=CC2=CCC3[C@](C)(CNCCc4cc(F)cc(F)c4)CCC[C@]3(C)C2CC1,9.3,0.0,0.0,3.2,-1.0,168,172.13,0.2,Electrophile,acid03-A15,1,2,6,dcLDPEtIAiCHhdhbiWPAEL@@,C1=C(C=C(C=C1F)F)CC(=O)O,1,1,105184-38-1,0,N3,3,135
Y40,"E168_2-(3,5-difluorophenyl)acetic acid",C1=C(C=C(C=C1F)F)CC(=O)O,N4_Scaffold 6,CCNC[C@@]1(C)C2[C@](C)(CCC1)c3c(CC2)cc(C(C)C)c(c3)N,CCNC[C@]1(C)CCC[C@]2(C)c3cc(NCCc4cc(F)cc(F)c4)c(C(C)C)cc3CCC12,8.9,0.0,0.0,0.0,-1.0,168,172.13,0.2,Electrophile,acid03-A15,1,2,6,dcLDPEtIAiCHhdhbiWPAEL@@,C1=C(C=C(C=C1F)F)CC(=O)O,1,1,105184-38-1,0,N4,4,135
AA4,E170_2-(2-ethylsulfonylphenyl)acetic acid,CCS(=O)(=O)C1=CC=CC=C1CC(=O)O,N1_(+)-Dehydroabietylamine,CC(C)c1ccc2c(c1)CC[C@H]1[C@](C)(CN)CCC[C@]21C,CCS(=O)(=O)c1ccccc1CCNC[C@]1(C)CCC[C@]2(C)c3ccc(C(C)C)cc3CC[C@@H]12,22.51,30.5,57.5,45.7,-1.0,170,228.27,0.2,Electrophile,acid03-B2,1,2,6,do|B`HRw@HrRPqJKHq]V`bBX@@,CCS(=O)(=O)C1=CC=CC=C1CC(=O)O,1,1,1363179-47-8,0,N1,1,136
AA16,E170_2-(2-ethylsulfonylphenyl)acetic acid,CCS(=O)(=O)C1=CC=CC=C1CC(=O)O,N2_hydroxydehydroabietylamine,CC(C)C(C(O)=C1)=CC2=C1[C@]3(C)C(CC2)[C@](C)(CN)CCC3,CCS(=O)(=O)c1ccccc1CCNC[C@]1(C)CCC[C@]2(C)c3cc(O)c(C(C)C)cc3CCC12,0.0,12.8,100.0,5.2,-1.0,170,228.27,0.2,Electrophile,acid03-B2,1,2,6,do|B`HRw@HrRPqJKHq]V`bBX@@,CCS(=O)(=O)C1=CC=CC=C1CC(=O)O,1,1,1363179-47-8,0,N2,2,136
AA28,E170_2-(2-ethylsulfonylphenyl)acetic acid,CCS(=O)(=O)C1=CC=CC=C1CC(=O)O,N3_Scaffold 7,CC(C)C1=CC2=CCC3[C@](C)(CN)CCC[C@]3(C)C2CC1,CCS(=O)(=O)c1ccccc1CCNC[C@]1(C)CCC[C@]2(C)C3CCC(C(C)C)=CC3=CCC12,4.3,31.6,88.0,0.0,-1.0,170,228.27,0.2,Electrophile,acid03-B2,1,2,6,do|B`HRw@HrRPqJKHq]V`bBX@@,CCS(=O)(=O)C1=CC=CC=C1CC(=O)O,1,1,1363179-47-8,0,N3,3,136
AA40,E170_2-(2-ethylsulfonylphenyl)acetic acid,CCS(=O)(=O)C1=CC=CC=C1CC(=O)O,N4_Scaffold 6,CCNC[C@@]1(C)C2[C@](C)(CCC1)c3c(CC2)cc(C(C)C)c(c3)N,CCNC[C@]1(C)CCC[C@]2(C)c3cc(NCCc4ccccc4S(=O)(=O)CC)c(C(C)C)cc3CCC12,12.9,13.2,50.5,0.0,-1.0,170,228.27,0.2,Electrophile,acid03-B2,1,2,6,do|B`HRw@HrRPqJKHq]V`bBX@@,CCS(=O)(=O)C1=CC=CC=C1CC(=O)O,1,1,1363179-47-8,0,N4,4,136
AC4,E173_2-fluoro-2-phenylacetic acid,C1=CC=C(C=C1)C(C(=O)O)F,N1_(+)-Dehydroabietylamine,CC(C)c1ccc2c(c1)CC[C@H]1[C@](C)(CN)CCC[C@]21C,CC(C)c1ccc2c(c1)CC[C@H]1[C@](C)(CNCC(F)c3ccccc3)CCC[C@]21C,24.83,8.1,24.6,0.0,-1.0,173,154.14,0.2,Electrophile,acid03-B5,1,2,6,dmtD`FxICHhhhdYVhF@Hb`@,C1=CC=C(C=C1)C(C(=O)O)F,1,1,1578-63-8,0,N1,1,137
AC16,E173_2-fluoro-2-phenylacetic acid,C1=CC=C(C=C1)C(C(=O)O)F,N2_hydroxydehydroabietylamine,CC(C)C(C(O)=C1)=CC2=C1[C@]3(C)C(CC2)[C@](C)(CN)CCC3,CC(C)c1cc2c(cc1O)[C@@]1(C)CCC[C@@](C)(CNCC(F)c3ccccc3)C1CC2,2.75,2.0,41.6,0.0,-1.0,173,154.14,0.2,Electrophile,acid03-B5,1,2,6,dmtD`FxICHhhhdYVhF@Hb`@,C1=CC=C(C=C1)C(C(=O)O)F,1,1,1578-63-8,0,N2,2,137
AC28,E173_2-fluoro-2-phenylacetic acid,C1=CC=C(C=C1)C(C(=O)O)F,N3_Scaffold 7,CC(C)C1=CC2=CCC3[C@](C)(CN)CCC[C@]3(C)C2CC1,CC(C)C1=CC2=CCC3[C@](C)(CNCC(F)c4ccccc4)CCC[C@]3(C)C2CC1,9.3,2.7,22.5,0.0,-1.0,173,154.14,0.2,Electrophile,acid03-B5,1,2,6,dmtD`FxICHhhhdYVhF@Hb`@,C1=CC=C(C=C1)C(C(=O)O)F,1,1,1578-63-8,0,N3,3,137
AC40,E173_2-fluoro-2-phenylacetic acid,C1=CC=C(C=C1)C(C(=O)O)F,N4_Scaffold 6,CCNC[C@@]1(C)C2[C@](C)(CCC1)c3c(CC2)cc(C(C)C)c(c3)N,CCNC[C@]1(C)CCC[C@]2(C)c3cc(NCC(F)c4ccccc4)c(C(C)C)cc3CCC12,8.8,0.0,0.0,0.0,-1.0,173,154.14,0.2,Electrophile,acid03-B5,1,2,6,dmtD`FxICHhhhdYVhF@Hb`@,C1=CC=C(C=C1)C(C(=O)O)F,1,1,1578-63-8,0,N4,4,137
Q9,E174_2-(4-fluorophenyl)acetic acid,C1=CC(=CC=C1CC(=O)O)F,N1_(+)-Dehydroabietylamine,CC(C)c1ccc2c(c1)CC[C@H]1[C@](C)(CN)CCC[C@]21C,CC(C)c1ccc2c(c1)CC[C@H]1[C@](C)(CNCCc3ccc(F)cc3)CCC[C@]21C,1.55,27.9,94.7,9.5,-1.0,174,154.14,0.2,Electrophile,acid03-B6,1,2,6,dmtD`ITIAIe]Zf`@i`@@,C1=CC(=CC=C1CC(=O)O)F,1,1,405-50-5,0,N1,1,138
Q21,E174_2-(4-fluorophenyl)acetic acid,C1=CC(=CC=C1CC(=O)O)F,N2_hydroxydehydroabietylamine,CC(C)C(C(O)=C1)=CC2=C1[C@]3(C)C(CC2)[C@](C)(CN)CCC3,CC(C)c1cc2c(cc1O)[C@@]1(C)CCC[C@@](C)(CNCCc3ccc(F)cc3)C1CC2,0.0,2.1,100.0,0.0,-1.0,174,154.14,0.2,Electrophile,acid03-B6,1,2,6,dmtD`ITIAIe]Zf`@i`@@,C1=CC(=CC=C1CC(=O)O)F,1,1,405-50-5,0,N2,2,138
Q33,E174_2-(4-fluorophenyl)acetic acid,C1=CC(=CC=C1CC(=O)O)F,N3_Scaffold 7,CC(C)C1=CC2=CCC3[C@](C)(CN)CCC[C@]3(C)C2CC1,CC(C)C1=CC2=CCC3[C@](C)(CNCCc4ccc(F)cc4)CCC[C@]3(C)C2CC1,1.9,11.8,86.1,0.0,-1.0,174,154.14,0.2,Electrophile,acid03-B6,1,2,6,dmtD`ITIAIe]Zf`@i`@@,C1=CC(=CC=C1CC(=O)O)F,1,1,405-50-5,0,N3,3,138
Q45,E174_2-(4-fluorophenyl)acetic acid,C1=CC(=CC=C1CC(=O)O)F,N4_Scaffold 6,CCNC[C@@]1(C)C2[C@](C)(CCC1)c3c(CC2)cc(C(C)C)c(c3)N,CCNC[C@]1(C)CCC[C@]2(C)c3cc(NCCc4ccc(F)cc4)c(C(C)C)cc3CCC12,16.3,23.7,59.2,0.0,-1.0,174,154.14,0.2,Electrophile,acid03-B6,1,2,6,dmtD`ITIAIe]Zf`@i`@@,C1=CC(=CC=C1CC(=O)O)F,1,1,405-50-5,0,N4,4,138
AD4,E176_2-(2-fluorophenyl)acetic acid,C1=CC=C(C(=C1)CC(=O)O)F,N1_(+)-Dehydroabietylamine,CC(C)c1ccc2c(c1)CC[C@H]1[C@](C)(CN)CCC[C@]21C,CC(C)c1ccc2c(c1)CC[C@H]1[C@](C)(CNCCc3ccccc3F)CCC[C@]21C,21.0,0.0,0.0,0.0,-1.0,176,154.14,0.2,Electrophile,acid03-B8,1,2,6,dmtD`ITICHhhdcFz@`f@@,C1=CC=C(C(=C1)CC(=O)O)F,1,1,451-82-1,0,N1,1,139
AD16,E176_2-(2-fluorophenyl)acetic acid,C1=CC=C(C(=C1)CC(=O)O)F,N2_hydroxydehydroabietylamine,CC(C)C(C(O)=C1)=CC2=C1[C@]3(C)C(CC2)[C@](C)(CN)CCC3,CC(C)c1cc2c(cc1O)[C@@]1(C)CCC[C@@](C)(CNCCc3ccccc3F)C1CC2,1.7,0.3,15.2,0.0,-1.0,176,154.14,0.2,Electrophile,acid03-B8,1,2,6,dmtD`ITICHhhdcFz@`f@@,C1=CC=C(C(=C1)CC(=O)O)F,1,1,451-82-1,0,N2,2,139
AD28,E176_2-(2-fluorophenyl)acetic acid,C1=CC=C(C(=C1)CC(=O)O)F,N3_Scaffold 7,CC(C)C1=CC2=CCC3[C@](C)(CN)CCC[C@]3(C)C2CC1,CC(C)C1=CC2=CCC3[C@](C)(CNCCc4ccccc4F)CCC[C@]3(C)C2CC1,11.9,3.3,21.7,8.9,-1.0,176,154.14,0.2,Electrophile,acid03-B8,1,2,6,dmtD`ITICHhhdcFz@`f@@,C1=CC=C(C(=C1)CC(=O)O)F,1,1,451-82-1,0,N3,3,139
AD40,E176_2-(2-fluorophenyl)acetic acid,C1=CC=C(C(=C1)CC(=O)O)F,N4_Scaffold 6,CCNC[C@@]1(C)C2[C@](C)(CCC1)c3c(CC2)cc(C(C)C)c(c3)N,CCNC[C@]1(C)CCC[C@]2(C)c3cc(NCCc4ccccc4F)c(C(C)C)cc3CCC12,10.1,0.0,0.0,0.0,-1.0,176,154.14,0.2,Electrophile,acid03-B8,1,2,6,dmtD`ITICHhhdcFz@`f@@,C1=CC=C(C(=C1)CC(=O)O)F,1,1,451-82-1,0,N4,4,139
G5,E189_2-(4-hydroxy-3-methoxyphenyl)acetic acid,COC1=C(C=CC(=C1)CC(=O)O)O,N1_(+)-Dehydroabietylamine,CC(C)c1ccc2c(c1)CC[C@H]1[C@](C)(CN)CCC[C@]21C,COc1cc(CCNC[C@]2(C)CCC[C@]3(C)c4ccc(C(C)C)cc4CC[C@@H]23)ccc1O,11.96,42.1,77.9,45.6,-1.0,189,182.17,0.2,Electrophile,acid03-C10,1,2,6,dklB@@RSR[YVtUZ`BJ@@,COC1=C(C=CC(=C1)CC(=O)O)O,1,1,306-08-1,0,N1,1,140
G17,E189_2-(4-hydroxy-3-methoxyphenyl)acetic acid,COC1=C(C=CC(=C1)CC(=O)O)O,N2_hydroxydehydroabietylamine,CC(C)C(C(O)=C1)=CC2=C1[C@]3(C)C(CC2)[C@](C)(CN)CCC3,COc1cc(CCNC[C@]2(C)CCC[C@]3(C)c4cc(O)c(C(C)C)cc4CCC23)ccc1O,0.0,1.3,100.0,11.6,-1.0,189,182.17,0.2,Electrophile,acid03-C10,1,2,6,dklB@@RSR[YVtUZ`BJ@@,COC1=C(C=CC(=C1)CC(=O)O)O,1,1,306-08-1,0,N2,2,140
G29,E189_2-(4-hydroxy-3-methoxyphenyl)acetic acid,COC1=C(C=CC(=C1)CC(=O)O)O,N3_Scaffold 7,CC(C)C1=CC2=CCC3[C@](C)(CN)CCC[C@]3(C)C2CC1,COc1cc(CCNC[C@]2(C)CCC[C@]3(C)C4CCC(C(C)C)=CC4=CCC23)ccc1O,8.5,41.6,83.0,53.7,-1.0,189,182.17,0.2,Electrophile,acid03-C10,1,2,6,dklB@@RSR[YVtUZ`BJ@@,COC1=C(C=CC(=C1)CC(=O)O)O,1,1,306-08-1,0,N3,3,140
G41,E189_2-(4-hydroxy-3-methoxyphenyl)acetic acid,COC1=C(C=CC(=C1)CC(=O)O)O,N4_Scaffold 6,CCNC[C@@]1(C)C2[C@](C)(CCC1)c3c(CC2)cc(C(C)C)c(c3)N,CCNC[C@]1(C)CCC[C@]2(C)c3cc(NCCc4ccc(O)c(OC)c4)c(C(C)C)cc3CCC12,10.1,13.6,57.5,0.0,-1.0,189,182.17,0.2,Electrophile,acid03-C10,1,2,6,dklB@@RSR[YVtUZ`BJ@@,COC1=C(C=CC(=C1)CC(=O)O)O,1,1,306-08-1,0,N4,4,140
H5,E190_2-(3-hydroxy-4-methoxyphenyl)acetic acid,COC1=C(C=C(C=C1)CC(=O)O)O,N1_(+)-Dehydroabietylamine,CC(C)c1ccc2c(c1)CC[C@H]1[C@](C)(CN)CCC[C@]21C,COc1ccc(CCNC[C@]2(C)CCC[C@]3(C)c4ccc(C(C)C)cc4CC[C@@H]23)cc1O,20.9,31.3,59.9,88.6,3.52,190,182.17,0.2,Electrophile,acid03-C11,1,2,6,dklB@@R]rJYQIPhUZ`BJ@@,COC1=C(C=C(C=C1)CC(=O)O)O,1,1,1131-94-8,0,N1,1,141
H17,E190_2-(3-hydroxy-4-methoxyphenyl)acetic acid,COC1=C(C=C(C=C1)CC(=O)O)O,N2_hydroxydehydroabietylamine,CC(C)C(C(O)=C1)=CC2=C1[C@]3(C)C(CC2)[C@](C)(CN)CCC3,COc1ccc(CCNC[C@]2(C)CCC[C@]3(C)c4cc(O)c(C(C)C)cc4CCC23)cc1O,0.0,0.0,0.0,12.6,-1.0,190,182.17,0.2,Electrophile,acid03-C11,1,2,6,dklB@@R]rJYQIPhUZ`BJ@@,COC1=C(C=C(C=C1)CC(=O)O)O,1,1,1131-94-8,0,N2,2,141
H29,E190_2-(3-hydroxy-4-methoxyphenyl)acetic acid,COC1=C(C=C(C=C1)CC(=O)O)O,N3_Scaffold 7,CC(C)C1=CC2=CCC3[C@](C)(CN)CCC[C@]3(C)C2CC1,COc1ccc(CCNC[C@]2(C)CCC[C@]3(C)C4CCC(C(C)C)=CC4=CCC23)cc1O,9.1,61.3,87.1,66.5,-1.0,190,182.17,0.2,Electrophile,acid03-C11,1,2,6,dklB@@R]rJYQIPhUZ`BJ@@,COC1=C(C=C(C=C1)CC(=O)O)O,1,1,1131-94-8,0,N3,3,141
H41,E190_2-(3-hydroxy-4-methoxyphenyl)acetic acid,COC1=C(C=C(C=C1)CC(=O)O)O,N4_Scaffold 6,CCNC[C@@]1(C)C2[C@](C)(CCC1)c3c(CC2)cc(C(C)C)c(c3)N,CCNC[C@]1(C)CCC[C@]2(C)c3cc(NCCc4ccc(OC)c(O)c4)c(C(C)C)cc3CCC12,8.6,16.9,66.3,13.2,-1.0,190,182.17,0.2,Electrophile,acid03-C11,1,2,6,dklB@@R]rJYQIPhUZ`BJ@@,COC1=C(C=C(C=C1)CC(=O)O)O,1,1,1131-94-8,0,N4,4,141
P5,E201_2-[4-(2-methylpropyl)phenyl]propanoic acid,CC(C)CC1=CC=C(C=C1)C(C)C(=O)O,N1_(+)-Dehydroabietylamine,CC(C)c1ccc2c(c1)CC[C@H]1[C@](C)(CN)CCC[C@]21C,CC(C)Cc1ccc(C(C)CNC[C@]2(C)CCC[C@]3(C)c4ccc(C(C)C)cc4CC[C@@H]23)cc1,8.7,4.6,34.4,26.2,-1.0,201,206.28,0.2,Electrophile,acid03-D7,1,2,6,do|D@@QIn[WVeVj@BjHp`@,CC(C)CC1=CC=C(C=C1)C(C)C(=O)O,1,1,15687-27-1,0,N1,1,142
P17,E201_2-[4-(2-methylpropyl)phenyl]propanoic acid,CC(C)CC1=CC=C(C=C1)C(C)C(=O)O,N2_hydroxydehydroabietylamine,CC(C)C(C(O)=C1)=CC2=C1[C@]3(C)C(CC2)[C@](C)(CN)CCC3,CC(C)Cc1ccc(C(C)CNC[C@]2(C)CCC[C@]3(C)c4cc(O)c(C(C)C)cc4CCC23)cc1,0.0,0.0,0.0,23.7,-1.0,201,206.28,0.2,Electrophile,acid03-D7,1,2,6,do|D@@QIn[WVeVj@BjHp`@,CC(C)CC1=CC=C(C=C1)C(C)C(=O)O,1,1,15687-27-1,0,N2,2,142
P29,E201_2-[4-(2-methylpropyl)phenyl]propanoic acid,CC(C)CC1=CC=C(C=C1)C(C)C(=O)O,N3_Scaffold 7,CC(C)C1=CC2=CCC3[C@](C)(CN)CCC[C@]3(C)C2CC1,CC(C)Cc1ccc(C(C)CNC[C@]2(C)CCC[C@]3(C)C4CCC(C(C)C)=CC4=CCC23)cc1,12.4,2.5,16.7,22.4,-1.0,201,206.28,0.2,Electrophile,acid03-D7,1,2,6,do|D@@QIn[WVeVj@BjHp`@,CC(C)CC1=CC=C(C=C1)C(C)C(=O)O,1,1,15687-27-1,0,N3,3,142
P41,E201_2-[4-(2-methylpropyl)phenyl]propanoic acid,CC(C)CC1=CC=C(C=C1)C(C)C(=O)O,N4_Scaffold 6,CCNC[C@@]1(C)C2[C@](C)(CCC1)c3c(CC2)cc(C(C)C)c(c3)N,CCNC[C@]1(C)CCC[C@]2(C)c3cc(NCC(C)c4ccc(CC(C)C)cc4)c(C(C)C)cc3CCC12,9.3,4.7,33.5,24.8,-1.0,201,206.28,0.2,Electrophile,acid03-D7,1,2,6,do|D@@QIn[WVeVj@BjHp`@,CC(C)CC1=CC=C(C=C1)C(C)C(=O)O,1,1,15687-27-1,0,N4,4,142
S5,E205_2-(3-methoxyphenyl)acetic acid,COC1=CC=CC(=C1)CC(=O)O,N1_(+)-Dehydroabietylamine,CC(C)c1ccc2c(c1)CC[C@H]1[C@](C)(CN)CCC[C@]21C,COc1cccc(CCNC[C@]2(C)CCC[C@]3(C)c4ccc(C(C)C)cc4CC[C@@H]23)c1,16.22,9.1,35.9,21.3,-1.0,205,166.17,0.2,Electrophile,acid03-D11,1,2,6,dcLL@@RTfvUlUZ`BH@@,COC1=CC=CC(=C1)CC(=O)O,1,1,1798-09-0,0,N1,1,143
S17,E205_2-(3-methoxyphenyl)acetic acid,COC1=CC=CC(=C1)CC(=O)O,N2_hydroxydehydroabietylamine,CC(C)C(C(O)=C1)=CC2=C1[C@]3(C)C(CC2)[C@](C)(CN)CCC3,COc1cccc(CCNC[C@]2(C)CCC[C@]3(C)c4cc(O)c(C(C)C)cc4CCC23)c1,0.0,0.0,0.0,21.4,-1.0,205,166.17,0.2,Electrophile,acid03-D11,1,2,6,dcLL@@RTfvUlUZ`BH@@,COC1=CC=CC(=C1)CC(=O)O,1,1,1798-09-0,0,N2,2,143
S29,E205_2-(3-methoxyphenyl)acetic acid,COC1=CC=CC(=C1)CC(=O)O,N3_Scaffold 7,CC(C)C1=CC2=CCC3[C@](C)(CN)CCC[C@]3(C)C2CC1,COc1cccc(CCNC[C@]2(C)CCC[C@]3(C)C4CCC(C(C)C)=CC4=CCC23)c1,9.9,2.2,17.9,22.4,-1.0,205,166.17,0.2,Electrophile,acid03-D11,1,2,6,dcLL@@RTfvUlUZ`BH@@,COC1=CC=CC(=C1)CC(=O)O,1,1,1798-09-0,0,N3,3,143
S41,E205_2-(3-methoxyphenyl)acetic acid,COC1=CC=CC(=C1)CC(=O)O,N4_Scaffold 6,CCNC[C@@]1(C)C2[C@](C)(CCC1)c3c(CC2)cc(C(C)C)c(c3)N,CCNC[C@]1(C)CCC[C@]2(C)c3cc(NCCc4cccc(OC)c4)c(C(C)C)cc3CCC12,12.0,5.3,30.5,9.8,-1.0,205,166.17,0.2,Electrophile,acid03-D11,1,2,6,dcLL@@RTfvUlUZ`BH@@,COC1=CC=CC(=C1)CC(=O)O,1,1,1798-09-0,0,N4,4,143
T5,E206_2-(4-methylphenyl)propanoic acid,CC1=CC=C(C=C1)C(C)C(=O)O,N1_(+)-Dehydroabietylamine,CC(C)c1ccc2c(c1)CC[C@H]1[C@](C)(CN)CCC[C@]21C,Cc1ccc(C(C)CNC[C@]2(C)CCC[C@]3(C)c4ccc(C(C)C)cc4CC[C@@H]23)cc1,20.2,0.8,3.7,22.2,-1.0,206,164.2,0.2,Electrophile,acid03-D12,1,2,6,dcLD@@QIn[WeVj@BHp`@,CC1=CC=C(C=C1)C(C)C(=O)O,1,1,938-94-3,0,N1,1,144
T17,E206_2-(4-methylphenyl)propanoic acid,CC1=CC=C(C=C1)C(C)C(=O)O,N2_hydroxydehydroabietylamine,CC(C)C(C(O)=C1)=CC2=C1[C@]3(C)C(CC2)[C@](C)(CN)CCC3,Cc1ccc(C(C)CNC[C@]2(C)CCC[C@]3(C)c4cc(O)c(C(C)C)cc4CCC23)cc1,1.6,0.2,12.7,22.7,-1.0,206,164.2,0.2,Electrophile,acid03-D12,1,2,6,dcLD@@QIn[WeVj@BHp`@,CC1=CC=C(C=C1)C(C)C(=O)O,1,1,938-94-3,0,N2,2,144
T29,E206_2-(4-methylphenyl)propanoic acid,CC1=CC=C(C=C1)C(C)C(=O)O,N3_Scaffold 7,CC(C)C1=CC2=CCC3[C@](C)(CN)CCC[C@]3(C)C2CC1,Cc1ccc(C(C)CNC[C@]2(C)CCC[C@]3(C)C4CCC(C(C)C)=CC4=CCC23)cc1,13.4,0.4,3.1,20.1,-1.0,206,164.2,0.2,Electrophile,acid03-D12,1,2,6,dcLD@@QIn[WeVj@BHp`@,CC1=CC=C(C=C1)C(C)C(=O)O,1,1,938-94-3,0,N3,3,144
T41,E206_2-(4-methylphenyl)propanoic acid,CC1=CC=C(C=C1)C(C)C(=O)O,N4_Scaffold 6,CCNC[C@@]1(C)C2[C@](C)(CCC1)c3c(CC2)cc(C(C)C)c(c3)N,CCNC[C@]1(C)CCC[C@]2(C)c3cc(NCC(C)c4ccc(C)cc4)c(C(C)C)cc3CCC12,10.4,0.0,0.0,25.8,-1.0,206,164.2,0.2,Electrophile,acid03-D12,1,2,6,dcLD@@QIn[WeVj@BHp`@,CC1=CC=C(C=C1)C(C)C(=O)O,1,1,938-94-3,0,N4,4,144
X5,E212_2-(4-methoxyphenyl)acetic acid,COC1=CC=C(C=C1)CC(=O)O,N1_(+)-Dehydroabietylamine,CC(C)c1ccc2c(c1)CC[C@H]1[C@](C)(CN)CCC[C@]21C,COc1ccc(CCNC[C@]2(C)CCC[C@]3(C)c4ccc(C(C)C)cc4CC[C@@H]23)cc1,16.6,26.5,61.6,0.0,-1.0,212,166.17,0.2,Electrophile,acid03-E3,1,2,6,dcLL@@QTfvUtYZ`@h@@,COC1=CC=C(C=C1)CC(=O)O,1,1,104-01-8,0,N1,1,145
X17,E212_2-(4-methoxyphenyl)acetic acid,COC1=CC=C(C=C1)CC(=O)O,N2_hydroxydehydroabietylamine,CC(C)C(C(O)=C1)=CC2=C1[C@]3(C)C(CC2)[C@](C)(CN)CCC3,COc1ccc(CCNC[C@]2(C)CCC[C@]3(C)c4cc(O)c(C(C)C)cc4CCC23)cc1,0.0,5.4,100.0,35.4,-1.0,212,166.17,0.2,Electrophile,acid03-E3,1,2,6,dcLL@@QTfvUtYZ`@h@@,COC1=CC=C(C=C1)CC(=O)O,1,1,104-01-8,0,N2,2,145
X29,E212_2-(4-methoxyphenyl)acetic acid,COC1=CC=C(C=C1)CC(=O)O,N3_Scaffold 7,CC(C)C1=CC2=CCC3[C@](C)(CN)CCC[C@]3(C)C2CC1,COc1ccc(CCNC[C@]2(C)CCC[C@]3(C)C4CCC(C(C)C)=CC4=CCC23)cc1,4.0,9.6,70.7,16.4,-1.0,212,166.17,0.2,Electrophile,acid03-E3,1,2,6,dcLL@@QTfvUtYZ`@h@@,COC1=CC=C(C=C1)CC(=O)O,1,1,104-01-8,0,N3,3,145
X41,E212_2-(4-methoxyphenyl)acetic acid,COC1=CC=C(C=C1)CC(=O)O,N4_Scaffold 6,CCNC[C@@]1(C)C2[C@](C)(CCC1)c3c(CC2)cc(C(C)C)c(c3)N,CCNC[C@]1(C)CCC[C@]2(C)c3cc(NCCc4ccc(OC)cc4)c(C(C)C)cc3CCC12,18.1,2.9,13.7,9.0,-1.0,212,166.17,0.2,Electrophile,acid03-E3,1,2,6,dcLL@@QTfvUtYZ`@h@@,COC1=CC=C(C=C1)CC(=O)O,1,1,104-01-8,0,N4,4,145
A6,E223_(2S)-2-(6-methoxynaphthalen-2-yl)propanoic acid,CC(C1=CC2=C(C=C1)C=C(C=C2)OC)C(=O)O,N1_(+)-Dehydroabietylamine,CC(C)c1ccc2c(c1)CC[C@H]1[C@](C)(CN)CCC[C@]21C,COc1ccc2cc(C(C)CNC[C@]3(C)CCC[C@]4(C)c5ccc(C(C)C)cc5CC[C@@H]34)ccc2c1,18.11,58.9,76.5,0.0,-1.0,223,230.26,0.2,Electrophile,acid03-F3,1,2,6,fhiA`@@H|dwMkZ{IUgMT@@APPpP@,CC(C1=CC2=C(C=C1)C=C(C=C2)OC)C(=O)O,1,1,22204-53-1,0,N1,1,146
A18,E223_(2S)-2-(6-methoxynaphthalen-2-yl)propanoic acid,CC(C1=CC2=C(C=C1)C=C(C=C2)OC)C(=O)O,N2_hydroxydehydroabietylamine,CC(C)C(C(O)=C1)=CC2=C1[C@]3(C)C(CC2)[C@](C)(CN)CCC3,COc1ccc2cc(C(C)CNC[C@]3(C)CCC[C@]4(C)c5cc(O)c(C(C)C)cc5CCC34)ccc2c1,6.37,48.3,88.4,0.0,-1.0,223,230.26,0.2,Electrophile,acid03-F3,1,2,6,fhiA`@@H|dwMkZ{IUgMT@@APPpP@,CC(C1=CC2=C(C=C1)C=C(C=C2)OC)C(=O)O,1,1,22204-53-1,0,N2,2,146
A30,E223_(2S)-2-(6-methoxynaphthalen-2-yl)propanoic acid,CC(C1=CC2=C(C=C1)C=C(C=C2)OC)C(=O)O,N3_Scaffold 7,CC(C)C1=CC2=CCC3[C@](C)(CN)CCC[C@]3(C)C2CC1,COc1ccc2cc(C(C)CNC[C@]3(C)CCC[C@]4(C)C5CCC(C(C)C)=CC5=CCC34)ccc2c1,2.4,28.3,92.2,0.0,-1.0,223,230.26,0.2,Electrophile,acid03-F3,1,2,6,fhiA`@@H|dwMkZ{IUgMT@@APPpP@,CC(C1=CC2=C(C=C1)C=C(C=C2)OC)C(=O)O,1,1,22204-53-1,0,N3,3,146
A42,E223_(2S)-2-(6-methoxynaphthalen-2-yl)propanoic acid,CC(C1=CC2=C(C=C1)C=C(C=C2)OC)C(=O)O,N4_Scaffold 6,CCNC[C@@]1(C)C2[C@](C)(CCC1)c3c(CC2)cc(C(C)C)c(c3)N,CCNC[C@]1(C)CCC[C@]2(C)c3cc(NCC(C)c4ccc5cc(OC)ccc5c4)c(C(C)C)cc3CCC12,6.2,23.7,79.2,0.0,-1.0,223,230.26,0.2,Electrophile,acid03-F3,1,2,6,fhiA`@@H|dwMkZ{IUgMT@@APPpP@,CC(C1=CC2=C(C=C1)C=C(C=C2)OC)C(=O)O,1,1,22204-53-1,0,N4,4,146
B6,E226_2-(2-methoxyphenyl)acetic acid,COC1=CC=CC=C1CC(=O)O,N1_(+)-Dehydroabietylamine,CC(C)c1ccc2c(c1)CC[C@H]1[C@](C)(CN)CCC[C@]21C,COc1ccccc1CCNC[C@]1(C)CCC[C@]2(C)c3ccc(C(C)C)cc3CC[C@@H]12,16.7,1.6,8.6,0.0,-1.0,226,166.17,0.2,Electrophile,acid03-F6,1,2,6,dcLL@@SdfvYV]Z```@@,COC1=CC=CC=C1CC(=O)O,1,1,93-25-4,0,N1,1,147
B18,E226_2-(2-methoxyphenyl)acetic acid,COC1=CC=CC=C1CC(=O)O,N2_hydroxydehydroabietylamine,CC(C)C(C(O)=C1)=CC2=C1[C@]3(C)C(CC2)[C@](C)(CN)CCC3,COc1ccccc1CCNC[C@]1(C)CCC[C@]2(C)c3cc(O)c(C(C)C)cc3CCC12,1.2,24.4,95.2,0.0,-1.0,226,166.17,0.2,Electrophile,acid03-F6,1,2,6,dcLL@@SdfvYV]Z```@@,COC1=CC=CC=C1CC(=O)O,1,1,93-25-4,0,N2,2,147
B30,E226_2-(2-methoxyphenyl)acetic acid,COC1=CC=CC=C1CC(=O)O,N3_Scaffold 7,CC(C)C1=CC2=CCC3[C@](C)(CN)CCC[C@]3(C)C2CC1,COc1ccccc1CCNC[C@]1(C)CCC[C@]2(C)C3CCC(C(C)C)=CC3=CCC12,3.6,0.5,13.2,0.0,-1.0,226,166.17,0.2,Electrophile,acid03-F6,1,2,6,dcLL@@SdfvYV]Z```@@,COC1=CC=CC=C1CC(=O)O,1,1,93-25-4,0,N3,3,147
B42,E226_2-(2-methoxyphenyl)acetic acid,COC1=CC=CC=C1CC(=O)O,N4_Scaffold 6,CCNC[C@@]1(C)C2[C@](C)(CCC1)c3c(CC2)cc(C(C)C)c(c3)N,CCNC[C@]1(C)CCC[C@]2(C)c3cc(NCCc4ccccc4OC)c(C(C)C)cc3CCC12,5.3,0.8,12.8,0.0,-1.0,226,166.17,0.2,Electrophile,acid03-F6,1,2,6,dcLL@@SdfvYV]Z```@@,COC1=CC=CC=C1CC(=O)O,1,1,93-25-4,0,N4,4,147
L6,E238_2-(2-nitrophenyl)acetic acid,C1=CC=C(C(=C1)CC(=O)O)[N+](=O)[O-],N1_(+)-Dehydroabietylamine,CC(C)c1ccc2c(c1)CC[C@H]1[C@](C)(CN)CCC[C@]21C,CC(C)c1ccc2c(c1)CC[C@H]1[C@](C)(CNCCc3ccccc3[N+](=O)[O-])CCC[C@]21C,18.2,40.0,68.7,45.2,-1.0,238,181.15,0.2,Electrophile,acid04-A4,1,2,6,dknBAHAMNISlbfbbRLFV`HI`@@,C1=CC=C(C(=C1)CC(=O)O)[N+](=O)[O-],1,1,3740-52-1,0,N1,1,148
L18,E238_2-(2-nitrophenyl)acetic acid,C1=CC=C(C(=C1)CC(=O)O)[N+](=O)[O-],N2_hydroxydehydroabietylamine,CC(C)C(C(O)=C1)=CC2=C1[C@]3(C)C(CC2)[C@](C)(CN)CCC3,CC(C)c1cc2c(cc1O)[C@@]1(C)CCC[C@@](C)(CNCCc3ccccc3[N+](=O)[O-])C1CC2,0.0,10.6,100.0,44.9,-1.0,238,181.15,0.2,Electrophile,acid04-A4,1,2,6,dknBAHAMNISlbfbbRLFV`HI`@@,C1=CC=C(C(=C1)CC(=O)O)[N+](=O)[O-],1,1,3740-52-1,0,N2,2,148
L30,E238_2-(2-nitrophenyl)acetic acid,C1=CC=C(C(=C1)CC(=O)O)[N+](=O)[O-],N3_Scaffold 7,CC(C)C1=CC2=CCC3[C@](C)(CN)CCC[C@]3(C)C2CC1,CC(C)C1=CC2=CCC3[C@](C)(CNCCc4ccccc4[N+](=O)[O-])CCC[C@]3(C)C2CC1,6.8,5.8,45.9,19.8,-1.0,238,181.15,0.2,Electrophile,acid04-A4,1,2,6,dknBAHAMNISlbfbbRLFV`HI`@@,C1=CC=C(C(=C1)CC(=O)O)[N+](=O)[O-],1,1,3740-52-1,0,N3,3,148
L42,E238_2-(2-nitrophenyl)acetic acid,C1=CC=C(C(=C1)CC(=O)O)[N+](=O)[O-],N4_Scaffold 6,CCNC[C@@]1(C)C2[C@](C)(CCC1)c3c(CC2)cc(C(C)C)c(c3)N,CCNC[C@]1(C)CCC[C@]2(C)c3cc(NCCc4ccccc4[N+](=O)[O-])c(C(C)C)cc3CCC12,11.9,8.5,41.7,24.0,-1.0,238,181.15,0.2,Electrophile,acid04-A4,1,2,6,dknBAHAMNISlbfbbRLFV`HI`@@,C1=CC=C(C(=C1)CC(=O)O)[N+](=O)[O-],1,1,3740-52-1,0,N4,4,148
N10,E257_Phenylacetic acid,C1=CC=C(C=C1)CC(=O)O,N1_(+)-Dehydroabietylamine,CC(C)c1ccc2c(c1)CC[C@H]1[C@](C)(CN)CCC[C@]21C,CC(C)c1ccc2c(c1)CC[C@H]1[C@](C)(CNCCc3ccccc3)CCC[C@]21C,2.0,17.2,89.5,0.0,-1.0,257,136.15,0.2,Electrophile,acid04-B15,1,2,6,deTD@@QImeQej@@@@,C1=CC=C(C=C1)CC(=O)O,1,1,103-82-2,0,N1,1,149
N22,E257_Phenylacetic acid,C1=CC=C(C=C1)CC(=O)O,N2_hydroxydehydroabietylamine,CC(C)C(C(O)=C1)=CC2=C1[C@]3(C)C(CC2)[C@](C)(CN)CCC3,CC(C)c1cc2c(cc1O)[C@@]1(C)CCC[C@@](C)(CNCCc3ccccc3)C1CC2,0.0,2.4,100.0,17.2,-1.0,257,136.15,0.2,Electrophile,acid04-B15,1,2,6,deTD@@QImeQej@@@@,C1=CC=C(C=C1)CC(=O)O,1,1,103-82-2,0,N2,2,149
N34,E257_Phenylacetic acid,C1=CC=C(C=C1)CC(=O)O,N3_Scaffold 7,CC(C)C1=CC2=CCC3[C@](C)(CN)CCC[C@]3(C)C2CC1,CC(C)C1=CC2=CCC3[C@](C)(CNCCc4ccccc4)CCC[C@]3(C)C2CC1,3.0,17.4,85.3,4.3,-1.0,257,136.15,0.2,Electrophile,acid04-B15,1,2,6,deTD@@QImeQej@@@@,C1=CC=C(C=C1)CC(=O)O,1,1,103-82-2,0,N3,3,149
N46,E257_Phenylacetic acid,C1=CC=C(C=C1)CC(=O)O,N4_Scaffold 6,CCNC[C@@]1(C)C2[C@](C)(CCC1)c3c(CC2)cc(C(C)C)c(c3)N,CCNC[C@]1(C)CCC[C@]2(C)c3cc(NCCc4ccccc4)c(C(C)C)cc3CCC12,18.2,18.5,50.5,9.9,-1.0,257,136.15,0.2,Electrophile,acid04-B15,1,2,6,deTD@@QImeQej@@@@,C1=CC=C(C=C1)CC(=O)O,1,1,103-82-2,0,N4,4,149
W6,E261_2-(4-Sulfamoylphenyl)acetic acid,C1=CC(=CC=C1CC(=O)O)S(=O)(=O)N,N1_(+)-Dehydroabietylamine,CC(C)c1ccc2c(c1)CC[C@H]1[C@](C)(CN)CCC[C@]21C,CC(C)c1ccc2c(c1)CC[C@H]1[C@](C)(CNCCc3ccc(S(N)(=O)=O)cc3)CCC[C@]21C,35.55,31.6,47.1,98.0,0.0,261,215.23,0.2,Electrophile,acid04-C8,1,2,6,dg^B`LaCl@cIIKDedhLkP@Tp@@,C1=CC(=CC=C1CC(=O)O)S(=O)(=O)N,1,1,22958-64-1,0,N1,1,150
W18,E261_2-(4-Sulfamoylphenyl)acetic acid,C1=CC(=CC=C1CC(=O)O)S(=O)(=O)N,N2_hydroxydehydroabietylamine,CC(C)C(C(O)=C1)=CC2=C1[C@]3(C)C(CC2)[C@](C)(CN)CCC3,CC(C)c1cc2c(cc1O)[C@@]1(C)CCC[C@@](C)(CNCCc3ccc(S(N)(=O)=O)cc3)C1CC2,0.32,12.7,97.5,19.1,-1.0,261,215.23,0.2,Electrophile,acid04-C8,1,2,6,dg^B`LaCl@cIIKDedhLkP@Tp@@,C1=CC(=CC=C1CC(=O)O)S(=O)(=O)N,1,1,22958-64-1,0,N2,2,150
W30,E261_2-(4-Sulfamoylphenyl)acetic acid,C1=CC(=CC=C1CC(=O)O)S(=O)(=O)N,N3_Scaffold 7,CC(C)C1=CC2=CCC3[C@](C)(CN)CCC[C@]3(C)C2CC1,CC(C)C1=CC2=CCC3[C@](C)(CNCCc4ccc(S(N)(=O)=O)cc4)CCC[C@]3(C)C2CC1,17.4,19.4,52.8,72.6,0.0,261,215.23,0.2,Electrophile,acid04-C8,1,2,6,dg^B`LaCl@cIIKDedhLkP@Tp@@,C1=CC(=CC=C1CC(=O)O)S(=O)(=O)N,1,1,22958-64-1,0,N3,3,150
W42,E261_2-(4-Sulfamoylphenyl)acetic acid,C1=CC(=CC=C1CC(=O)O)S(=O)(=O)N,N4_Scaffold 6,CCNC[C@@]1(C)C2[C@](C)(CCC1)c3c(CC2)cc(C(C)C)c(c3)N,CCNC[C@]1(C)CCC[C@]2(C)c3cc(NCCc4ccc(S(N)(=O)=O)cc4)c(C(C)C)cc3CCC12,22.4,4.1,15.6,10.2,-1.0,261,215.23,0.2,Electrophile,acid04-C8,1,2,6,dg^B`LaCl@cIIKDedhLkP@Tp@@,C1=CC(=CC=C1CC(=O)O)S(=O)(=O)N,1,1,22958-64-1,0,N4,4,150
P10,E265_p-Tolylacetic acid,CC1=CC=C(C=C1)CC(=O)O,N1_(+)-Dehydroabietylamine,CC(C)c1ccc2c(c1)CC[C@H]1[C@](C)(CN)CCC[C@]21C,Cc1ccc(CCNC[C@]2(C)CCC[C@]3(C)c4ccc(C(C)C)cc4CC[C@@H]23)cc1,2.6,16.3,86.3,15.3,-1.0,265,150.17,0.2,Electrophile,acid04-C12,1,2,6,dmtD@@QIme\YZ`@`@@,CC1=CC=C(C=C1)CC(=O)O,1,1,622-47-9,0,N1,1,151
P22,E265_p-Tolylacetic acid,CC1=CC=C(C=C1)CC(=O)O,N2_hydroxydehydroabietylamine,CC(C)C(C(O)=C1)=CC2=C1[C@]3(C)C(CC2)[C@](C)(CN)CCC3,Cc1ccc(CCNC[C@]2(C)CCC[C@]3(C)c4cc(O)c(C(C)C)cc4CCC23)cc1,0.0,0.9,100.0,42.7,-1.0,265,150.17,0.2,Electrophile,acid04-C12,1,2,6,dmtD@@QIme\YZ`@`@@,CC1=CC=C(C=C1)CC(=O)O,1,1,622-47-9,0,N2,2,151
P34,E265_p-Tolylacetic acid,CC1=CC=C(C=C1)CC(=O)O,N3_Scaffold 7,CC(C)C1=CC2=CCC3[C@](C)(CN)CCC[C@]3(C)C2CC1,Cc1ccc(CCNC[C@]2(C)CCC[C@]3(C)C4CCC(C(C)C)=CC4=CCC23)cc1,1.6,5.6,77.7,2.3,-1.0,265,150.17,0.2,Electrophile,acid04-C12,1,2,6,dmtD@@QIme\YZ`@`@@,CC1=CC=C(C=C1)CC(=O)O,1,1,622-47-9,0,N3,3,151
P46,E265_p-Tolylacetic acid,CC1=CC=C(C=C1)CC(=O)O,N4_Scaffold 6,CCNC[C@@]1(C)C2[C@](C)(CCC1)c3c(CC2)cc(C(C)C)c(c3)N,CCNC[C@]1(C)CCC[C@]2(C)c3cc(NCCc4ccc(C)cc4)c(C(C)C)cc3CCC12,7.9,17.9,69.3,15.5,-1.0,265,150.17,0.2,Electrophile,acid04-C12,1,2,6,dmtD@@QIme\YZ`@`@@,CC1=CC=C(C=C1)CC(=O)O,1,1,622-47-9,0,N4,4,151
R10,E269_o-Tolylacetic acid,CC1=CC=CC=C1CC(=O)O,N1_(+)-Dehydroabietylamine,CC(C)c1ccc2c(c1)CC[C@H]1[C@](C)(CN)CCC[C@]21C,Cc1ccccc1CCNC[C@]1(C)CCC[C@]2(C)c3ccc(C(C)C)cc3CC[C@@H]12,5.3,30.4,85.1,7.3,-1.0,269,150.17,0.2,Electrophile,acid04-D5,1,2,6,dmtD@@QImfVUZ`H@@@,CC1=CC=CC=C1CC(=O)O,1,1,644-36-0,0,N1,1,152
R22,E269_o-Tolylacetic acid,CC1=CC=CC=C1CC(=O)O,N2_hydroxydehydroabietylamine,CC(C)C(C(O)=C1)=CC2=C1[C@]3(C)C(CC2)[C@](C)(CN)CCC3,Cc1ccccc1CCNC[C@]1(C)CCC[C@]2(C)c3cc(O)c(C(C)C)cc3CCC12,0.0,0.5,100.0,18.9,-1.0,269,150.17,0.2,Electrophile,acid04-D5,1,2,6,dmtD@@QImfVUZ`H@@@,CC1=CC=CC=C1CC(=O)O,1,1,644-36-0,0,N2,2,152
R34,E269_o-Tolylacetic acid,CC1=CC=CC=C1CC(=O)O,N3_Scaffold 7,CC(C)C1=CC2=CCC3[C@](C)(CN)CCC[C@]3(C)C2CC1,Cc1ccccc1CCNC[C@]1(C)CCC[C@]2(C)C3CCC(C(C)C)=CC3=CCC12,2.5,11.6,82.2,4.4,-1.0,269,150.17,0.2,Electrophile,acid04-D5,1,2,6,dmtD@@QImfVUZ`H@@@,CC1=CC=CC=C1CC(=O)O,1,1,644-36-0,0,N3,3,152
R46,E269_o-Tolylacetic acid,CC1=CC=CC=C1CC(=O)O,N4_Scaffold 6,CCNC[C@@]1(C)C2[C@](C)(CCC1)c3c(CC2)cc(C(C)C)c(c3)N,CCNC[C@]1(C)CCC[C@]2(C)c3cc(NCCc4ccccc4C)c(C(C)C)cc3CCC12,13.9,24.0,63.3,5.6,-1.0,269,150.17,0.2,Electrophile,acid04-D5,1,2,6,dmtD@@QImfVUZ`H@@@,CC1=CC=CC=C1CC(=O)O,1,1,644-36-0,0,N4,4,152
T10,E272_m-Tolylacetic acid,CC1=CC(=CC=C1)CC(=O)O,N1_(+)-Dehydroabietylamine,CC(C)c1ccc2c(c1)CC[C@H]1[C@](C)(CN)CCC[C@]21C,Cc1cccc(CCNC[C@]2(C)CCC[C@]3(C)c4ccc(C(C)C)cc4CC[C@@H]23)c1,2.5,30.4,92.3,8.7,-1.0,272,150.17,0.2,Electrophile,acid04-D8,1,2,6,dmtD@@QImeXYZ`@`@@,CC1=CC(=CC=C1)CC(=O)O,1,1,621-36-3,0,N1,1,153
T22,E272_m-Tolylacetic acid,CC1=CC(=CC=C1)CC(=O)O,N2_hydroxydehydroabietylamine,CC(C)C(C(O)=C1)=CC2=C1[C@]3(C)C(CC2)[C@](C)(CN)CCC3,Cc1cccc(CCNC[C@]2(C)CCC[C@]3(C)c4cc(O)c(C(C)C)cc4CCC23)c1,0.0,0.6,100.0,40.5,-1.0,272,150.17,0.2,Electrophile,acid04-D8,1,2,6,dmtD@@QImeXYZ`@`@@,CC1=CC(=CC=C1)CC(=O)O,1,1,621-36-3,0,N2,2,153
T34,E272_m-Tolylacetic acid,CC1=CC(=CC=C1)CC(=O)O,N3_Scaffold 7,CC(C)C1=CC2=CCC3[C@](C)(CN)CCC[C@]3(C)C2CC1,Cc1cccc(CCNC[C@]2(C)CCC[C@]3(C)C4CCC(C(C)C)=CC4=CCC23)c1,2.6,8.9,77.3,16.3,-1.0,272,150.17,0.2,Electrophile,acid04-D8,1,2,6,dmtD@@QImeXYZ`@`@@,CC1=CC(=CC=C1)CC(=O)O,1,1,621-36-3,0,N3,3,153
T46,E272_m-Tolylacetic acid,CC1=CC(=CC=C1)CC(=O)O,N4_Scaffold 6,CCNC[C@@]1(C)C2[C@](C)(CCC1)c3c(CC2)cc(C(C)C)c(c3)N,CCNC[C@]1(C)CCC[C@]2(C)c3cc(NCCc4cccc(C)c4)c(C(C)C)cc3CCC12,12.4,19.7,61.3,21.9,-1.0,272,150.17,0.2,Electrophile,acid04-D8,1,2,6,dmtD@@QImeXYZ`@`@@,CC1=CC(=CC=C1)CC(=O)O,1,1,621-36-3,0,N4,4,153
D7,E284_2-Hydroxy-2-(4-methylphenyl)acetic acid,Cc1ccc(C(O)C(=O)O)cc1,N1_(+)-Dehydroabietylamine,CC(C)c1ccc2c(c1)CC[C@H]1[C@](C)(CN)CCC[C@]21C,Cc1ccc(C(O)CNC[C@]2(C)CCC[C@]3(C)c4ccc(C(C)C)cc4CC[C@@H]23)cc1,47.0,8.1,14.7,100.0,24.49,284,166.17,0.2,Electrophile,acid04-E7,1,2,6,dcLL@@Pdf{e^UZh@HcJ@@,Cc1ccc(C(O)C(=O)O)cc1,1,1,18584-20-8,0,N1,1,154
D19,E284_2-Hydroxy-2-(4-methylphenyl)acetic acid,Cc1ccc(C(O)C(=O)O)cc1,N2_hydroxydehydroabietylamine,CC(C)C(C(O)=C1)=CC2=C1[C@]3(C)C(CC2)[C@](C)(CN)CCC3,Cc1ccc(C(O)CNC[C@]2(C)CCC[C@]3(C)c4cc(O)c(C(C)C)cc4CCC23)cc1,24.7,8.8,26.3,20.3,-1.0,284,166.17,0.2,Electrophile,acid04-E7,1,2,6,dcLL@@Pdf{e^UZh@HcJ@@,Cc1ccc(C(O)C(=O)O)cc1,1,1,18584-20-8,0,N2,2,154
D31,E284_2-Hydroxy-2-(4-methylphenyl)acetic acid,Cc1ccc(C(O)C(=O)O)cc1,N3_Scaffold 7,CC(C)C1=CC2=CCC3[C@](C)(CN)CCC[C@]3(C)C2CC1,Cc1ccc(C(O)CNC[C@]2(C)CCC[C@]3(C)C4CCC(C(C)C)=CC4=CCC23)cc1,39.4,20.6,34.4,78.6,0.0,284,166.17,0.2,Electrophile,acid04-E7,1,2,6,dcLL@@Pdf{e^UZh@HcJ@@,Cc1ccc(C(O)C(=O)O)cc1,1,1,18584-20-8,0,N3,3,154
D43,E284_2-Hydroxy-2-(4-methylphenyl)acetic acid,Cc1ccc(C(O)C(=O)O)cc1,N4_Scaffold 6,CCNC[C@@]1(C)C2[C@](C)(CCC1)c3c(CC2)cc(C(C)C)c(c3)N,CCNC[C@]1(C)CCC[C@]2(C)c3cc(NCC(O)c4ccc(C)cc4)c(C(C)C)cc3CCC12,24.6,11.7,32.2,0.0,-1.0,284,166.17,0.2,Electrophile,acid04-E7,1,2,6,dcLL@@Pdf{e^UZh@HcJ@@,Cc1ccc(C(O)C(=O)O)cc1,1,1,18584-20-8,0,N4,4,154
P7,E300_Trifluoromethyl)phenylacetic acid,C1=CC(=CC(=C1)C(F)(F)F)CC(=O)O,N1_(+)-Dehydroabietylamine,CC(C)c1ccc2c(c1)CC[C@H]1[C@](C)(CN)CCC[C@]21C,CC(C)c1ccc2c(c1)CC[C@H]1[C@](C)(CNCCc3cccc(C(F)(F)F)c3)CCC[C@]21C,15.7,3.0,16.0,15.5,-1.0,300,204.15,0.2,Electrophile,acid04-F9,1,2,6,dg\DpClIAICICHiCDeBhLuP@Tp@@,C1=CC(=CC(=C1)C(F)(F)F)CC(=O)O,1,1,351-35-9,0,N1,1,155
P19,E300_Trifluoromethyl)phenylacetic acid,C1=CC(=CC(=C1)C(F)(F)F)CC(=O)O,N2_hydroxydehydroabietylamine,CC(C)C(C(O)=C1)=CC2=C1[C@]3(C)C(CC2)[C@](C)(CN)CCC3,CC(C)c1cc2c(cc1O)[C@@]1(C)CCC[C@@](C)(CNCCc3cccc(C(F)(F)F)c3)C1CC2,6.7,0.6,8.1,32.0,-1.0,300,204.15,0.2,Electrophile,acid04-F9,1,2,6,dg\DpClIAICICHiCDeBhLuP@Tp@@,C1=CC(=CC(=C1)C(F)(F)F)CC(=O)O,1,1,351-35-9,0,N2,2,155
P31,E300_Trifluoromethyl)phenylacetic acid,C1=CC(=CC(=C1)C(F)(F)F)CC(=O)O,N3_Scaffold 7,CC(C)C1=CC2=CCC3[C@](C)(CN)CCC[C@]3(C)C2CC1,CC(C)C1=CC2=CCC3[C@](C)(CNCCc4cccc(C(F)(F)F)c4)CCC[C@]3(C)C2CC1,12.2,0.4,2.9,17.2,-1.0,300,204.15,0.2,Electrophile,acid04-F9,1,2,6,dg\DpClIAICICHiCDeBhLuP@Tp@@,C1=CC(=CC(=C1)C(F)(F)F)CC(=O)O,1,1,351-35-9,0,N3,3,155
P43,E300_Trifluoromethyl)phenylacetic acid,C1=CC(=CC(=C1)C(F)(F)F)CC(=O)O,N4_Scaffold 6,CCNC[C@@]1(C)C2[C@](C)(CCC1)c3c(CC2)cc(C(C)C)c(c3)N,CCNC[C@]1(C)CCC[C@]2(C)c3cc(NCCc4cccc(C(F)(F)F)c4)c(C(C)C)cc3CCC12,16.7,0.0,0.0,9.4,-1.0,300,204.15,0.2,Electrophile,acid04-F9,1,2,6,dg\DpClIAICICHiCDeBhLuP@Tp@@,C1=CC(=CC(=C1)C(F)(F)F)CC(=O)O,1,1,351-35-9,0,N4,4,155
AA7,E314_Ibufenac,CC(C)Cc1ccc(CC(=O)O)cc1,N1_(+)-Dehydroabietylamine,CC(C)c1ccc2c(c1)CC[C@H]1[C@](C)(CN)CCC[C@]21C,CC(C)Cc1ccc(CCNC[C@]2(C)CCC[C@]3(C)c4ccc(C(C)C)cc4CC[C@@H]23)cc1,3.24,25.3,88.7,11.6,-1.0,314,192.25,0.05,Electrophile,acid05-A8,1,2,6,dg\D@@QIme]XYZ`@j`@@,CC(C)Cc1ccc(CC(=O)O)cc1,1,1,1553-60-2,0,N1,1,156
AA19,E314_Ibufenac,CC(C)Cc1ccc(CC(=O)O)cc1,N2_hydroxydehydroabietylamine,CC(C)C(C(O)=C1)=CC2=C1[C@]3(C)C(CC2)[C@](C)(CN)CCC3,CC(C)Cc1ccc(CCNC[C@]2(C)CCC[C@]3(C)c4cc(O)c(C(C)C)cc4CCC23)cc1,0.0,0.9,100.0,33.3,-1.0,314,192.25,0.05,Electrophile,acid05-A8,1,2,6,dg\D@@QIme]XYZ`@j`@@,CC(C)Cc1ccc(CC(=O)O)cc1,1,1,1553-60-2,0,N2,2,156
AA31,E314_Ibufenac,CC(C)Cc1ccc(CC(=O)O)cc1,N3_Scaffold 7,CC(C)C1=CC2=CCC3[C@](C)(CN)CCC[C@]3(C)C2CC1,CC(C)Cc1ccc(CCNC[C@]2(C)CCC[C@]3(C)C4CCC(C(C)C)=CC4=CCC23)cc1,7.2,0.0,0.0,0.0,-1.0,314,192.25,0.05,Electrophile,acid05-A8,1,2,6,dg\D@@QIme]XYZ`@j`@@,CC(C)Cc1ccc(CC(=O)O)cc1,1,1,1553-60-2,0,N3,3,156
AA43,E314_Ibufenac,CC(C)Cc1ccc(CC(=O)O)cc1,N4_Scaffold 6,CCNC[C@@]1(C)C2[C@](C)(CCC1)c3c(CC2)cc(C(C)C)c(c3)N,CCNC[C@]1(C)CCC[C@]2(C)c3cc(NCCc4ccc(CC(C)C)cc4)c(C(C)C)cc3CCC12,3.8,15.8,80.6,0.0,-1.0,314,192.25,0.05,Electrophile,acid05-A8,1,2,6,dg\D@@QIme]XYZ`@j`@@,CC(C)Cc1ccc(CC(=O)O)cc1,1,1,1553-60-2,0,N4,4,156
AC7,E316_Bezafibrate,CC(C)(Oc1ccc(CCNC(=O)c2ccc(Cl)cc2)cc1)C(=O)O,N1_(+)-Dehydroabietylamine,CC(C)c1ccc2c(c1)CC[C@H]1[C@](C)(CN)CCC[C@]21C,CC(C)c1ccc2c(c1)CC[C@H]1[C@](C)(CNCC(C)(C)Oc3ccc(CCNC(=O)c4ccc(Cl)cc4)cc3)CCC[C@]21C,68.97,7.2,9.4,95.6,9.38,316,361.8,0.05,Electrophile,acid05-A10,1,2,6,fik`R@IBStXHaIe]mVUuijLCF@BZh@JjX@@@,CC(C)(Oc1ccc(CCNC(=O)c2ccc(Cl)cc2)cc1)C(=O)O,1,1,41859-67-0,0,N1,1,157
AC19,E316_Bezafibrate,CC(C)(Oc1ccc(CCNC(=O)c2ccc(Cl)cc2)cc1)C(=O)O,N2_hydroxydehydroabietylamine,CC(C)C(C(O)=C1)=CC2=C1[C@]3(C)C(CC2)[C@](C)(CN)CCC3,CC(C)c1cc2c(cc1O)[C@@]1(C)CCC[C@@](C)(CNCC(C)(C)Oc3ccc(CCNC(=O)c4ccc(Cl)cc4)cc3)C1CC2,5.48,1.1,16.4,0.0,-1.0,316,361.8,0.05,Electrophile,acid05-A10,1,2,6,fik`R@IBStXHaIe]mVUuijLCF@BZh@JjX@@@,CC(C)(Oc1ccc(CCNC(=O)c2ccc(Cl)cc2)cc1)C(=O)O,1,1,41859-67-0,0,N2,2,157
AC31,E316_Bezafibrate,CC(C)(Oc1ccc(CCNC(=O)c2ccc(Cl)cc2)cc1)C(=O)O,N3_Scaffold 7,CC(C)C1=CC2=CCC3[C@](C)(CN)CCC[C@]3(C)C2CC1,CC(C)C1=CC2=CCC3[C@](C)(CNCC(C)(C)Oc4ccc(CCNC(=O)c5ccc(Cl)cc5)cc4)CCC[C@]3(C)C2CC1,36.0,6.0,14.2,24.9,-1.0,316,361.8,0.05,Electrophile,acid05-A10,1,2,6,fik`R@IBStXHaIe]mVUuijLCF@BZh@JjX@@@,CC(C)(Oc1ccc(CCNC(=O)c2ccc(Cl)cc2)cc1)C(=O)O,1,1,41859-67-0,0,N3,3,157
AC43,E316_Bezafibrate,CC(C)(Oc1ccc(CCNC(=O)c2ccc(Cl)cc2)cc1)C(=O)O,N4_Scaffold 6,CCNC[C@@]1(C)C2[C@](C)(CCC1)c3c(CC2)cc(C(C)C)c(c3)N,CCNC[C@]1(C)CCC[C@]2(C)c3cc(NCC(C)(C)Oc4ccc(CCNC(=O)c5ccc(Cl)cc5)cc4)c(C(C)C)cc3CCC12,23.8,0.0,0.0,0.0,-1.0,316,361.8,0.05,Electrophile,acid05-A10,1,2,6,fik`R@IBStXHaIe]mVUuijLCF@BZh@JjX@@@,CC(C)(Oc1ccc(CCNC(=O)c2ccc(Cl)cc2)cc1)C(=O)O,1,1,41859-67-0,0,N4,4,157
B1,"E2_2-CHLORO-5-(TRIFLUOROMETHYL)ISONICOTINIC ACID, 97%",C1=C(C(=CN=C1Cl)C(F)(F)F)C(=O)O,N1_(+)-Dehydroabietylamine,CC(C)c1ccc2c(c1)CC[C@H]1[C@](C)(CN)CCC[C@]21C,CC(C)c1ccc2c(c1)CC[C@H]1[C@](C)(CNCc3cc(Cl)ncc3C(F)(F)F)CCC[C@]21C,44.4,12.1,21.4,72.5,29.63,2,225.55,0.2,Electrophile,acid01-A2,1,2,7,dg^DHDePbMdCdKdDfUUfjZ@Bfj@@,C1=C(C(=CN=C1Cl)C(F)(F)F)C(=O)O,1,1,505084-58-2,0,N1,1,158
B13,"E2_2-CHLORO-5-(TRIFLUOROMETHYL)ISONICOTINIC ACID, 97%",C1=C(C(=CN=C1Cl)C(F)(F)F)C(=O)O,N2_hydroxydehydroabietylamine,CC(C)C(C(O)=C1)=CC2=C1[C@]3(C)C(CC2)[C@](C)(CN)CCC3,CC(C)c1cc2c(cc1O)[C@@]1(C)CCC[C@@](C)(CNCc3cc(Cl)ncc3C(F)(F)F)C1CC2,71.2,10.7,13.0,97.0,3.91,2,225.55,0.2,Electrophile,acid01-A2,1,2,7,dg^DHDePbMdCdKdDfUUfjZ@Bfj@@,C1=C(C(=CN=C1Cl)C(F)(F)F)C(=O)O,1,1,505084-58-2,0,N2,2,158
B25,"E2_2-CHLORO-5-(TRIFLUOROMETHYL)ISONICOTINIC ACID, 97%",C1=C(C(=CN=C1Cl)C(F)(F)F)C(=O)O,N3_Scaffold 7,CC(C)C1=CC2=CCC3[C@](C)(CN)CCC[C@]3(C)C2CC1,CC(C)C1=CC2=CCC3[C@](C)(CNCc4cc(Cl)ncc4C(F)(F)F)CCC[C@]3(C)C2CC1,22.5,10.8,32.5,0.0,-1.0,2,225.55,0.2,Electrophile,acid01-A2,1,2,7,dg^DHDePbMdCdKdDfUUfjZ@Bfj@@,C1=C(C(=CN=C1Cl)C(F)(F)F)C(=O)O,1,1,505084-58-2,0,N3,3,158
B37,"E2_2-CHLORO-5-(TRIFLUOROMETHYL)ISONICOTINIC ACID, 97%",C1=C(C(=CN=C1Cl)C(F)(F)F)C(=O)O,N4_Scaffold 6,CCNC[C@@]1(C)C2[C@](C)(CCC1)c3c(CC2)cc(C(C)C)c(c3)N,CCNC[C@]1(C)CCC[C@]2(C)c3cc(NCc4cc(Cl)ncc4C(F)(F)F)c(C(C)C)cc3CCC12,15.8,23.4,59.7,0.0,-1.0,2,225.55,0.2,Electrophile,acid01-A2,1,2,7,dg^DHDePbMdCdKdDfUUfjZ@Bfj@@,C1=C(C(=CN=C1Cl)C(F)(F)F)C(=O)O,1,1,505084-58-2,0,N4,4,158
F1,"E7_1-METHYLINDOLE-3-CARBOXYLIC ACID, 97%",CN1C=C(C2=CC=CC=C21)C(=O)O,N1_(+)-Dehydroabietylamine,CC(C)c1ccc2c(c1)CC[C@H]1[C@](C)(CN)CCC[C@]21C,CC(C)c1ccc2c(c1)CC[C@H]1[C@](C)(CNCc3cn(C)c4ccccc34)CCC[C@]21C,30.1,2.8,8.5,81.4,33.15,7,175.18,0.2,Electrophile,acid-A7,1,2,7,dk^D@AADfyeUXUMjP`b@@,CN1C=C(C2=CC=CC=C21)C(=O)O,1,1,32387-21-6,0,N1,1,159
F13,"E7_1-METHYLINDOLE-3-CARBOXYLIC ACID, 97%",CN1C=C(C2=CC=CC=C21)C(=O)O,N2_hydroxydehydroabietylamine,CC(C)C(C(O)=C1)=CC2=C1[C@]3(C)C(CC2)[C@](C)(CN)CCC3,CC(C)c1cc2c(cc1O)[C@@]1(C)CCC[C@@](C)(CNCc3cn(C)c4ccccc34)C1CC2,12.1,5.5,31.1,93.4,0.0,7,175.18,0.2,Electrophile,acid-A7,1,2,7,dk^D@AADfyeUXUMjP`b@@,CN1C=C(C2=CC=CC=C21)C(=O)O,1,1,32387-21-6,0,N2,2,159
F25,"E7_1-METHYLINDOLE-3-CARBOXYLIC ACID, 97%",CN1C=C(C2=CC=CC=C21)C(=O)O,N3_Scaffold 7,CC(C)C1=CC2=CCC3[C@](C)(CN)CCC[C@]3(C)C2CC1,CC(C)C1=CC2=CCC3[C@](C)(CNCc4cn(C)c5ccccc45)CCC[C@]3(C)C2CC1,11.2,8.2,42.2,42.3,-1.0,7,175.18,0.2,Electrophile,acid-A7,1,2,7,dk^D@AADfyeUXUMjP`b@@,CN1C=C(C2=CC=CC=C21)C(=O)O,1,1,32387-21-6,0,N3,3,159
F37,"E7_1-METHYLINDOLE-3-CARBOXYLIC ACID, 97%",CN1C=C(C2=CC=CC=C21)C(=O)O,N4_Scaffold 6,CCNC[C@@]1(C)C2[C@](C)(CCC1)c3c(CC2)cc(C(C)C)c(c3)N,CCNC[C@]1(C)CCC[C@]2(C)c3cc(NCc4cn(C)c5ccccc45)c(C(C)C)cc3CCC12,15.1,0.0,0.0,2.5,-1.0,7,175.18,0.2,Electrophile,acid-A7,1,2,7,dk^D@AADfyeUXUMjP`b@@,CN1C=C(C2=CC=CC=C21)C(=O)O,1,1,32387-21-6,0,N4,4,159
M8,"E34_1H-IMIDAZOLE-4-CARBOXYLIC ACID, 95%",C1=C(NC=N1)C(=O)O,N1_(+)-Dehydroabietylamine,CC(C)c1ccc2c(c1)CC[C@H]1[C@](C)(CN)CCC[C@]21C,CC(C)c1ccc2c(c1)CC[C@H]1[C@](C)(CNCc3cnc[nH]3)CCC[C@]21C,22.17,0.0,0.0,11.1,-1.0,34,112.09,0.2,Electrophile,acid01-C10,1,2,7,daED@BxDR[e[fii@@,C1=C(NC=N1)C(=O)O,1,1,1072-84-0,0,N1,1,160
M20,"E34_1H-IMIDAZOLE-4-CARBOXYLIC ACID, 95%",C1=C(NC=N1)C(=O)O,N2_hydroxydehydroabietylamine,CC(C)C(C(O)=C1)=CC2=C1[C@]3(C)C(CC2)[C@](C)(CN)CCC3,CC(C)c1cc2c(cc1O)[C@@]1(C)CCC[C@@](C)(CNCc3cnc[nH]3)C1CC2,2.04,0.0,0.0,0.0,-1.0,34,112.09,0.2,Electrophile,acid01-C10,1,2,7,daED@BxDR[e[fii@@,C1=C(NC=N1)C(=O)O,1,1,1072-84-0,0,N2,2,160
M32,"E34_1H-IMIDAZOLE-4-CARBOXYLIC ACID, 95%",C1=C(NC=N1)C(=O)O,N3_Scaffold 7,CC(C)C1=CC2=CCC3[C@](C)(CN)CCC[C@]3(C)C2CC1,CC(C)C1=CC2=CCC3[C@](C)(CNCc4cnc[nH]4)CCC[C@]3(C)C2CC1,14.6,0.0,0.0,13.2,-1.0,34,112.09,0.2,Electrophile,acid01-C10,1,2,7,daED@BxDR[e[fii@@,C1=C(NC=N1)C(=O)O,1,1,1072-84-0,0,N3,3,160
M44,"E34_1H-IMIDAZOLE-4-CARBOXYLIC ACID, 95%",C1=C(NC=N1)C(=O)O,N4_Scaffold 6,CCNC[C@@]1(C)C2[C@](C)(CCC1)c3c(CC2)cc(C(C)C)c(c3)N,CCNC[C@]1(C)CCC[C@]2(C)c3cc(NCc4cnc[nH]4)c(C(C)C)cc3CCC12,15.8,0.7,4.5,10.4,-1.0,34,112.09,0.2,Electrophile,acid01-C10,1,2,7,daED@BxDR[e[fii@@,C1=C(NC=N1)C(=O)O,1,1,1072-84-0,0,N4,4,160
Y1,"E40_6-METHOXYINDOLE-2-CARBOXYLIC ACID, 95%",COC1=CC2=C(C=C1)C=C(N2)C(=O)O,N1_(+)-Dehydroabietylamine,CC(C)c1ccc2c(c1)CC[C@H]1[C@](C)(CN)CCC[C@]21C,COc1ccc2cc(CNC[C@]3(C)CCC[C@]4(C)c5ccc(C(C)C)cc5CC[C@@H]34)[nH]c2c1,66.2,0.0,0.0,100.0,4.3,40,191.18,0.2,Electrophile,acid01-D2,1,2,7,dg~L@BACR[eUW[eujZ@J@@@,COC1=CC2=C(C=C1)C=C(N2)C(=O)O,1,1,16732-73-3,0,N1,1,161
Y13,"E40_6-METHOXYINDOLE-2-CARBOXYLIC ACID, 95%",COC1=CC2=C(C=C1)C=C(N2)C(=O)O,N2_hydroxydehydroabietylamine,CC(C)C(C(O)=C1)=CC2=C1[C@]3(C)C(CC2)[C@](C)(CN)CCC3,COc1ccc2cc(CNC[C@]3(C)CCC[C@]4(C)c5cc(O)c(C(C)C)cc5CCC34)[nH]c2c1,0.0,2.0,100.0,0.0,-1.0,40,191.18,0.2,Electrophile,acid01-D2,1,2,7,dg~L@BACR[eUW[eujZ@J@@@,COC1=CC2=C(C=C1)C=C(N2)C(=O)O,1,1,16732-73-3,0,N2,2,161
Y25,"E40_6-METHOXYINDOLE-2-CARBOXYLIC ACID, 95%",COC1=CC2=C(C=C1)C=C(N2)C(=O)O,N3_Scaffold 7,CC(C)C1=CC2=CCC3[C@](C)(CN)CCC[C@]3(C)C2CC1,COc1ccc2cc(CNC[C@]3(C)CCC[C@]4(C)C5CCC(C(C)C)=CC5=CCC34)[nH]c2c1,6.4,35.7,84.8,66.2,-1.0,40,191.18,0.2,Electrophile,acid01-D2,1,2,7,dg~L@BACR[eUW[eujZ@J@@@,COC1=CC2=C(C=C1)C=C(N2)C(=O)O,1,1,16732-73-3,0,N3,3,161
Y37,"E40_6-METHOXYINDOLE-2-CARBOXYLIC ACID, 95%",COC1=CC2=C(C=C1)C=C(N2)C(=O)O,N4_Scaffold 6,CCNC[C@@]1(C)C2[C@](C)(CCC1)c3c(CC2)cc(C(C)C)c(c3)N,CCNC[C@]1(C)CCC[C@]2(C)c3cc(NCc4cc5ccc(OC)cc5[nH]4)c(C(C)C)cc3CCC12,17.6,16.9,49.0,0.0,-1.0,40,191.18,0.2,Electrophile,acid01-D2,1,2,7,dg~L@BACR[eUW[eujZ@J@@@,COC1=CC2=C(C=C1)C=C(N2)C(=O)O,1,1,16732-73-3,0,N4,4,161
AA1,"E43_3-(TERT-BUTYL)-1-METHYL-1H-PYRAZOLE-CARBOXYLIC ACID, 95%",CC(C)(C)C1=NN(C(=C1)C(=O)O)C,N1_(+)-Dehydroabietylamine,CC(C)c1ccc2c(c1)CC[C@H]1[C@](C)(CN)CCC[C@]21C,CC(C)c1ccc2c(c1)CC[C@H]1[C@](C)(CNCc3cc(C(C)(C)C)nn3C)CCC[C@]21C,59.81,11.3,15.9,91.7,0.0,43,182.22,0.2,Electrophile,acid01-D5,1,2,7,dkmD@BXDrJZJHjQaZfjjP@,CC(C)(C)C1=NN(C(=C1)C(=O)O)C,1,1,175277-11-9,0,N1,1,162
AA13,"E43_3-(TERT-BUTYL)-1-METHYL-1H-PYRAZOLE-CARBOXYLIC ACID, 95%",CC(C)(C)C1=NN(C(=C1)C(=O)O)C,N2_hydroxydehydroabietylamine,CC(C)C(C(O)=C1)=CC2=C1[C@]3(C)C(CC2)[C@](C)(CN)CCC3,CC(C)c1cc2c(cc1O)[C@@]1(C)CCC[C@@](C)(CNCc3cc(C(C)(C)C)nn3C)C1CC2,1.08,11.1,91.1,7.1,-1.0,43,182.22,0.2,Electrophile,acid01-D5,1,2,7,dkmD@BXDrJZJHjQaZfjjP@,CC(C)(C)C1=NN(C(=C1)C(=O)O)C,1,1,175277-11-9,0,N2,2,162
AA25,"E43_3-(TERT-BUTYL)-1-METHYL-1H-PYRAZOLE-CARBOXYLIC ACID, 95%",CC(C)(C)C1=NN(C(=C1)C(=O)O)C,N3_Scaffold 7,CC(C)C1=CC2=CCC3[C@](C)(CN)CCC[C@]3(C)C2CC1,CC(C)C1=CC2=CCC3[C@](C)(CNCc4cc(C(C)(C)C)nn4C)CCC[C@]3(C)C2CC1,6.3,9.6,60.3,0.0,-1.0,43,182.22,0.2,Electrophile,acid01-D5,1,2,7,dkmD@BXDrJZJHjQaZfjjP@,CC(C)(C)C1=NN(C(=C1)C(=O)O)C,1,1,175277-11-9,0,N3,3,162
AA37,"E43_3-(TERT-BUTYL)-1-METHYL-1H-PYRAZOLE-CARBOXYLIC ACID, 95%",CC(C)(C)C1=NN(C(=C1)C(=O)O)C,N4_Scaffold 6,CCNC[C@@]1(C)C2[C@](C)(CCC1)c3c(CC2)cc(C(C)C)c(c3)N,CCNC[C@]1(C)CCC[C@]2(C)c3cc(NCc4cc(C(C)(C)C)nn4C)c(C(C)C)cc3CCC12,14.2,0.0,0.0,0.0,-1.0,43,182.22,0.2,Electrophile,acid01-D5,1,2,7,dkmD@BXDrJZJHjQaZfjjP@,CC(C)(C)C1=NN(C(=C1)C(=O)O)C,1,1,175277-11-9,0,N4,4,162
Q8,"E44_4-PYRAZOLECARBOXYLIC ACID, 97+%",C1=C(C=NN1)C(=O)O,N1_(+)-Dehydroabietylamine,CC(C)c1ccc2c(c1)CC[C@H]1[C@](C)(CN)CCC[C@]21C,CC(C)c1ccc2c(c1)CC[C@H]1[C@](C)(CNCc3cn[nH]c3)CCC[C@]21C,19.15,19.2,50.0,22.1,-1.0,44,112.09,0.2,Electrophile,acid01-D8,1,2,7,daED@FxDR[e[fiZ@@,C1=C(C=NN1)C(=O)O,1,1,37718-11-9,0,N1,1,163
Q20,"E44_4-PYRAZOLECARBOXYLIC ACID, 97+%",C1=C(C=NN1)C(=O)O,N2_hydroxydehydroabietylamine,CC(C)C(C(O)=C1)=CC2=C1[C@]3(C)C(CC2)[C@](C)(CN)CCC3,CC(C)c1cc2c(cc1O)[C@@]1(C)CCC[C@@](C)(CNCc3cn[nH]c3)C1CC2,1.97,2.0,49.9,8.0,-1.0,44,112.09,0.2,Electrophile,acid01-D8,1,2,7,daED@FxDR[e[fiZ@@,C1=C(C=NN1)C(=O)O,1,1,37718-11-9,0,N2,2,163
Q32,"E44_4-PYRAZOLECARBOXYLIC ACID, 97+%",C1=C(C=NN1)C(=O)O,N3_Scaffold 7,CC(C)C1=CC2=CCC3[C@](C)(CN)CCC[C@]3(C)C2CC1,CC(C)C1=CC2=CCC3[C@](C)(CNCc4cn[nH]c4)CCC[C@]3(C)C2CC1,13.5,0.0,0.0,3.1,-1.0,44,112.09,0.2,Electrophile,acid01-D8,1,2,7,daED@FxDR[e[fiZ@@,C1=C(C=NN1)C(=O)O,1,1,37718-11-9,0,N3,3,163
Q44,"E44_4-PYRAZOLECARBOXYLIC ACID, 97+%",C1=C(C=NN1)C(=O)O,N4_Scaffold 6,CCNC[C@@]1(C)C2[C@](C)(CCC1)c3c(CC2)cc(C(C)C)c(c3)N,CCNC[C@]1(C)CCC[C@]2(C)c3cc(NCc4cn[nH]c4)c(C(C)C)cc3CCC12,15.4,2.3,13.1,0.0,-1.0,44,112.09,0.2,Electrophile,acid01-D8,1,2,7,daED@FxDR[e[fiZ@@,C1=C(C=NN1)C(=O)O,1,1,37718-11-9,0,N4,4,163
X8,"E62_5-FORMYL-2,4-DIMETHYLPYRROLE-3-CARBOXYLIC ACID, 96%",CC1=C(NC(=C1C(=O)O)C)C=O,N1_(+)-Dehydroabietylamine,CC(C)c1ccc2c(c1)CC[C@H]1[C@](C)(CN)CCC[C@]21C,Cc1[nH]c(C=O)c(C)c1CNC[C@]1(C)CCC[C@]2(C)c3ccc(C(C)C)cc3CC[C@@H]12,41.5,0.0,0.0,0.0,-1.0,62,167.16,0.2,Electrophile,acid01-F4,1,2,7,dcNL@FAMrJZJJGLKSTtp@@,CC1=C(NC(=C1C(=O)O)C)C=O,1,1,253870-02-9,0,N1,1,164
X20,"E62_5-FORMYL-2,4-DIMETHYLPYRROLE-3-CARBOXYLIC ACID, 96%",CC1=C(NC(=C1C(=O)O)C)C=O,N2_hydroxydehydroabietylamine,CC(C)C(C(O)=C1)=CC2=C1[C@]3(C)C(CC2)[C@](C)(CN)CCC3,Cc1[nH]c(C=O)c(C)c1CNC[C@]1(C)CCC[C@]2(C)c3cc(O)c(C(C)C)cc3CCC12,2.2,0.0,0.0,2.3,-1.0,62,167.16,0.2,Electrophile,acid01-F4,1,2,7,dcNL@FAMrJZJJGLKSTtp@@,CC1=C(NC(=C1C(=O)O)C)C=O,1,1,253870-02-9,0,N2,2,164
X32,"E62_5-FORMYL-2,4-DIMETHYLPYRROLE-3-CARBOXYLIC ACID, 96%",CC1=C(NC(=C1C(=O)O)C)C=O,N3_Scaffold 7,CC(C)C1=CC2=CCC3[C@](C)(CN)CCC[C@]3(C)C2CC1,Cc1[nH]c(C=O)c(C)c1CNC[C@]1(C)CCC[C@]2(C)C3CCC(C(C)C)=CC3=CCC12,14.4,0.0,0.0,7.0,-1.0,62,167.16,0.2,Electrophile,acid01-F4,1,2,7,dcNL@FAMrJZJJGLKSTtp@@,CC1=C(NC(=C1C(=O)O)C)C=O,1,1,253870-02-9,0,N3,3,164
X44,"E62_5-FORMYL-2,4-DIMETHYLPYRROLE-3-CARBOXYLIC ACID, 96%",CC1=C(NC(=C1C(=O)O)C)C=O,N4_Scaffold 6,CCNC[C@@]1(C)C2[C@](C)(CCC1)c3c(CC2)cc(C(C)C)c(c3)N,CCNC[C@]1(C)CCC[C@]2(C)c3cc(NCc4c(C)[nH]c(C=O)c4C)c(C(C)C)cc3CCC12,8.7,0.0,0.0,0.0,-1.0,62,167.16,0.2,Electrophile,acid01-F4,1,2,7,dcNL@FAMrJZJJGLKSTtp@@,CC1=C(NC(=C1C(=O)O)C)C=O,1,1,253870-02-9,0,N4,4,164
G2,"E63_5-(FURAN-2-YL)-1,2-OXAZOLE-3-CARBOXYLIC ACID",C1=COC(=C1)C2=CC(=NO2)C(=O)O,N1_(+)-Dehydroabietylamine,CC(C)c1ccc2c(c1)CC[C@H]1[C@](C)(CN)CCC[C@]21C,CC(C)c1ccc2c(c1)CC[C@H]1[C@](C)(CNCc3cc(-c4ccco4)on3)CCC[C@]21C,22.03,20.1,47.7,0.0,-1.0,63,179.13,0.2,Electrophile,acid01-F5,1,2,7,dk^B@BAFeInWYV{SZZZZd@@,C1=COC(=C1)C2=CC(=NO2)C(=O)O,1,1,98434-06-1,0,N1,1,165
G14,"E63_5-(FURAN-2-YL)-1,2-OXAZOLE-3-CARBOXYLIC ACID",C1=COC(=C1)C2=CC(=NO2)C(=O)O,N2_hydroxydehydroabietylamine,CC(C)C(C(O)=C1)=CC2=C1[C@]3(C)C(CC2)[C@](C)(CN)CCC3,CC(C)c1cc2c(cc1O)[C@@]1(C)CCC[C@@](C)(CNCc3cc(-c4ccco4)on3)C1CC2,2.02,12.7,86.2,5.3,-1.0,63,179.13,0.2,Electrophile,acid01-F5,1,2,7,dk^B@BAFeInWYV{SZZZZd@@,C1=COC(=C1)C2=CC(=NO2)C(=O)O,1,1,98434-06-1,0,N2,2,165
G26,"E63_5-(FURAN-2-YL)-1,2-OXAZOLE-3-CARBOXYLIC ACID",C1=COC(=C1)C2=CC(=NO2)C(=O)O,N3_Scaffold 7,CC(C)C1=CC2=CCC3[C@](C)(CN)CCC[C@]3(C)C2CC1,CC(C)C1=CC2=CCC3[C@](C)(CNCc4cc(-c5ccco5)on4)CCC[C@]3(C)C2CC1,8.7,21.9,71.6,0.0,-1.0,63,179.13,0.2,Electrophile,acid01-F5,1,2,7,dk^B@BAFeInWYV{SZZZZd@@,C1=COC(=C1)C2=CC(=NO2)C(=O)O,1,1,98434-06-1,0,N3,3,165
G38,"E63_5-(FURAN-2-YL)-1,2-OXAZOLE-3-CARBOXYLIC ACID",C1=COC(=C1)C2=CC(=NO2)C(=O)O,N4_Scaffold 6,CCNC[C@@]1(C)C2[C@](C)(CCC1)c3c(CC2)cc(C(C)C)c(c3)N,CCNC[C@]1(C)CCC[C@]2(C)c3cc(NCc4cc(-c5ccco5)on4)c(C(C)C)cc3CCC12,5.7,8.8,60.6,0.0,-1.0,63,179.13,0.2,Electrophile,acid01-F5,1,2,7,dk^B@BAFeInWYV{SZZZZd@@,C1=COC(=C1)C2=CC(=NO2)C(=O)O,1,1,98434-06-1,0,N4,4,165
H2,"E64_2-(FURAN-2-YL)-1,3-THIAZOLE-4-CARBOXYLIC ACID",C1=COC(=C1)C2=NC(=CS2)C(=O)O,N1_(+)-Dehydroabietylamine,CC(C)c1ccc2c(c1)CC[C@H]1[C@](C)(CN)CCC[C@]21C,CC(C)c1ccc2c(c1)CC[C@H]1[C@](C)(CNCc3csc(-c4ccco4)n3)CCC[C@]21C,35.5,59.4,62.6,92.4,2.04,64,195.2,0.2,Electrophile,acid01-F6,1,2,7,dk^L`L[S@HRf^U[JeZYfii@@,C1=COC(=C1)C2=NC(=CS2)C(=O)O,1,1,115299-13-3,0,N1,1,166
H14,"E64_2-(FURAN-2-YL)-1,3-THIAZOLE-4-CARBOXYLIC ACID",C1=COC(=C1)C2=NC(=CS2)C(=O)O,N2_hydroxydehydroabietylamine,CC(C)C(C(O)=C1)=CC2=C1[C@]3(C)C(CC2)[C@](C)(CN)CCC3,CC(C)c1cc2c(cc1O)[C@@]1(C)CCC[C@@](C)(CNCc3csc(-c4ccco4)n3)C1CC2,0.0,4.1,100.0,6.6,-1.0,64,195.2,0.2,Electrophile,acid01-F6,1,2,7,dk^L`L[S@HRf^U[JeZYfii@@,C1=COC(=C1)C2=NC(=CS2)C(=O)O,1,1,115299-13-3,0,N2,2,166
H26,"E64_2-(FURAN-2-YL)-1,3-THIAZOLE-4-CARBOXYLIC ACID",C1=COC(=C1)C2=NC(=CS2)C(=O)O,N3_Scaffold 7,CC(C)C1=CC2=CCC3[C@](C)(CN)CCC[C@]3(C)C2CC1,CC(C)C1=CC2=CCC3[C@](C)(CNCc4csc(-c5ccco5)n4)CCC[C@]3(C)C2CC1,7.8,40.5,83.9,21.0,-1.0,64,195.2,0.2,Electrophile,acid01-F6,1,2,7,dk^L`L[S@HRf^U[JeZYfii@@,C1=COC(=C1)C2=NC(=CS2)C(=O)O,1,1,115299-13-3,0,N3,3,166
H38,"E64_2-(FURAN-2-YL)-1,3-THIAZOLE-4-CARBOXYLIC ACID",C1=COC(=C1)C2=NC(=CS2)C(=O)O,N4_Scaffold 6,CCNC[C@@]1(C)C2[C@](C)(CCC1)c3c(CC2)cc(C(C)C)c(c3)N,CCNC[C@]1(C)CCC[C@]2(C)c3cc(NCc4csc(-c5ccco5)n4)c(C(C)C)cc3CCC12,0.0,34.8,100.0,4.1,-1.0,64,195.2,0.2,Electrophile,acid01-F6,1,2,7,dk^L`L[S@HRf^U[JeZYfii@@,C1=COC(=C1)C2=NC(=CS2)C(=O)O,1,1,115299-13-3,0,N4,4,166
L2,"E69_3-FLUOROISONICOTINIC ACID, 98%",C1=CN=CC(=C1C(=O)O)F,N1_(+)-Dehydroabietylamine,CC(C)c1ccc2c(c1)CC[C@H]1[C@](C)(CN)CCC[C@]21C,CC(C)c1ccc2c(c1)CC[C@H]1[C@](C)(CNCc3ccncc3F)CCC[C@]21C,39.2,18.8,32.4,98.3,0.0,69,141.1,0.2,Electrophile,acid01-F13,1,2,7,deVD`FxPdDfYYZXHF@@@,C1=CN=CC(=C1C(=O)O)F,1,1,393-53-3,0,N1,1,167
L14,"E69_3-FLUOROISONICOTINIC ACID, 98%",C1=CN=CC(=C1C(=O)O)F,N2_hydroxydehydroabietylamine,CC(C)C(C(O)=C1)=CC2=C1[C@]3(C)C(CC2)[C@](C)(CN)CCC3,CC(C)c1cc2c(cc1O)[C@@]1(C)CCC[C@@](C)(CNCc3ccncc3F)C1CC2,2.9,2.1,41.8,20.8,-1.0,69,141.1,0.2,Electrophile,acid01-F13,1,2,7,deVD`FxPdDfYYZXHF@@@,C1=CN=CC(=C1C(=O)O)F,1,1,393-53-3,0,N2,2,167
L26,"E69_3-FLUOROISONICOTINIC ACID, 98%",C1=CN=CC(=C1C(=O)O)F,N3_Scaffold 7,CC(C)C1=CC2=CCC3[C@](C)(CN)CCC[C@]3(C)C2CC1,CC(C)C1=CC2=CCC3[C@](C)(CNCc4ccncc4F)CCC[C@]3(C)C2CC1,24.3,6.8,21.8,25.7,-1.0,69,141.1,0.2,Electrophile,acid01-F13,1,2,7,deVD`FxPdDfYYZXHF@@@,C1=CN=CC(=C1C(=O)O)F,1,1,393-53-3,0,N3,3,167
L38,"E69_3-FLUOROISONICOTINIC ACID, 98%",C1=CN=CC(=C1C(=O)O)F,N4_Scaffold 6,CCNC[C@@]1(C)C2[C@](C)(CCC1)c3c(CC2)cc(C(C)C)c(c3)N,CCNC[C@]1(C)CCC[C@]2(C)c3cc(NCc4ccncc4F)c(C(C)C)cc3CCC12,15.1,1.1,6.7,8.7,-1.0,69,141.1,0.2,Electrophile,acid01-F13,1,2,7,deVD`FxPdDfYYZXHF@@@,C1=CN=CC(=C1C(=O)O)F,1,1,393-53-3,0,N4,4,167
T2,E79_8-FLUOROQUINOLINE-2-CARBOXYLIC ACID,C1=CC2=C(C(=C1)F)N=C(C=C2)C(=O)O,N1_(+)-Dehydroabietylamine,CC(C)c1ccc2c(c1)CC[C@H]1[C@](C)(CN)CCC[C@]21C,CC(C)c1ccc2c(c1)CC[C@H]1[C@](C)(CNCc3ccc4cccc(F)c4n3)CCC[C@]21C,33.1,30.4,47.9,100.0,8.35,79,191.16,0.2,Electrophile,acid02-A8,1,2,7,dg~D`BNpdLbbbRfacRNp@@Pp@@,C1=CC2=C(C(=C1)F)N=C(C=C2)C(=O)O,1,1,914208-13-2,0,N1,1,168
T14,E79_8-FLUOROQUINOLINE-2-CARBOXYLIC ACID,C1=CC2=C(C(=C1)F)N=C(C=C2)C(=O)O,N2_hydroxydehydroabietylamine,CC(C)C(C(O)=C1)=CC2=C1[C@]3(C)C(CC2)[C@](C)(CN)CCC3,CC(C)c1cc2c(cc1O)[C@@]1(C)CCC[C@@](C)(CNCc3ccc4cccc(F)c4n3)C1CC2,1.5,24.9,94.4,7.2,-1.0,79,191.16,0.2,Electrophile,acid02-A8,1,2,7,dg~D`BNpdLbbbRfacRNp@@Pp@@,C1=CC2=C(C(=C1)F)N=C(C=C2)C(=O)O,1,1,914208-13-2,0,N2,2,168
T26,E79_8-FLUOROQUINOLINE-2-CARBOXYLIC ACID,C1=CC2=C(C(=C1)F)N=C(C=C2)C(=O)O,N3_Scaffold 7,CC(C)C1=CC2=CCC3[C@](C)(CN)CCC[C@]3(C)C2CC1,CC(C)C1=CC2=CCC3[C@](C)(CNCc4ccc5cccc(F)c5n4)CCC[C@]3(C)C2CC1,12.0,40.2,77.0,60.7,-1.0,79,191.16,0.2,Electrophile,acid02-A8,1,2,7,dg~D`BNpdLbbbRfacRNp@@Pp@@,C1=CC2=C(C(=C1)F)N=C(C=C2)C(=O)O,1,1,914208-13-2,0,N3,3,168
T38,E79_8-FLUOROQUINOLINE-2-CARBOXYLIC ACID,C1=CC2=C(C(=C1)F)N=C(C=C2)C(=O)O,N4_Scaffold 6,CCNC[C@@]1(C)C2[C@](C)(CCC1)c3c(CC2)cc(C(C)C)c(c3)N,CCNC[C@]1(C)CCC[C@]2(C)c3cc(NCc4ccc5cccc(F)c5n4)c(C(C)C)cc3CCC12,9.8,33.1,77.1,45.4,-1.0,79,191.16,0.2,Electrophile,acid02-A8,1,2,7,dg~D`BNpdLbbbRfacRNp@@Pp@@,C1=CC2=C(C(=C1)F)N=C(C=C2)C(=O)O,1,1,914208-13-2,0,N4,4,168
X2,"E84_6-METHYLPYRIDINE-2-CARBOXYLIC ACID, 98.0+%",CC1=NC(=CC=C1)C(=O)O,N1_(+)-Dehydroabietylamine,CC(C)c1ccc2c(c1)CC[C@H]1[C@](C)(CN)CCC[C@]21C,Cc1cccc(CNC[C@]2(C)CCC[C@]3(C)c4ccc(C(C)C)cc4CC[C@@H]23)n1,36.2,38.7,51.7,83.4,0.0,84,137.14,0.2,Electrophile,acid02-A14,1,2,7,deVD@BADfyVxV`@`@@,CC1=NC(=CC=C1)C(=O)O,1,1,934-60-1,0,N1,1,169
X14,"E84_6-METHYLPYRIDINE-2-CARBOXYLIC ACID, 98.0+%",CC1=NC(=CC=C1)C(=O)O,N2_hydroxydehydroabietylamine,CC(C)C(C(O)=C1)=CC2=C1[C@]3(C)C(CC2)[C@](C)(CN)CCC3,Cc1cccc(CNC[C@]2(C)CCC[C@]3(C)c4cc(O)c(C(C)C)cc4CCC23)n1,0.0,3.1,100.0,0.0,-1.0,84,137.14,0.2,Electrophile,acid02-A14,1,2,7,deVD@BADfyVxV`@`@@,CC1=NC(=CC=C1)C(=O)O,1,1,934-60-1,0,N2,2,169
X26,"E84_6-METHYLPYRIDINE-2-CARBOXYLIC ACID, 98.0+%",CC1=NC(=CC=C1)C(=O)O,N3_Scaffold 7,CC(C)C1=CC2=CCC3[C@](C)(CN)CCC[C@]3(C)C2CC1,Cc1cccc(CNC[C@]2(C)CCC[C@]3(C)C4CCC(C(C)C)=CC4=CCC23)n1,8.3,8.3,50.1,6.5,-1.0,84,137.14,0.2,Electrophile,acid02-A14,1,2,7,deVD@BADfyVxV`@`@@,CC1=NC(=CC=C1)C(=O)O,1,1,934-60-1,0,N3,3,169
X38,"E84_6-METHYLPYRIDINE-2-CARBOXYLIC ACID, 98.0+%",CC1=NC(=CC=C1)C(=O)O,N4_Scaffold 6,CCNC[C@@]1(C)C2[C@](C)(CCC1)c3c(CC2)cc(C(C)C)c(c3)N,CCNC[C@]1(C)CCC[C@]2(C)c3cc(NCc4cccc(C)n4)c(C(C)C)cc3CCC12,16.7,14.6,46.7,0.0,-1.0,84,137.14,0.2,Electrophile,acid02-A14,1,2,7,deVD@BADfyVxV`@`@@,CC1=NC(=CC=C1)C(=O)O,1,1,934-60-1,0,N4,4,169
AC2,E92_1-benzylpiperidine-3-carboxylic acid,C1CC(CN(C1)CC2=CC=CC=C2)C(=O)O,N1_(+)-Dehydroabietylamine,CC(C)c1ccc2c(c1)CC[C@H]1[C@](C)(CN)CCC[C@]21C,CC(C)c1ccc2c(c1)CC[C@H]1[C@](C)(CNCC3CCCN(Cc4ccccc4)C3)CCC[C@]21C,48.4,16.3,25.2,64.6,-1.0,92,219.28,0.2,Electrophile,acid02-B9,1,2,7,f`q``@F@QdTtRTJbRxIwfjjh@Hab`@,C1CC(CN(C1)CC2=CC=CC=C2)C(=O)O,1,1,141943-04-6,0,N1,1,170
AC14,E92_1-benzylpiperidine-3-carboxylic acid,C1CC(CN(C1)CC2=CC=CC=C2)C(=O)O,N2_hydroxydehydroabietylamine,CC(C)C(C(O)=C1)=CC2=C1[C@]3(C)C(CC2)[C@](C)(CN)CCC3,CC(C)c1cc2c(cc1O)[C@@]1(C)CCC[C@@](C)(CNCC3CCCN(Cc4ccccc4)C3)C1CC2,0.0,0.0,0.0,0.0,-1.0,92,219.28,0.2,Electrophile,acid02-B9,1,2,7,f`q``@F@QdTtRTJbRxIwfjjh@Hab`@,C1CC(CN(C1)CC2=CC=CC=C2)C(=O)O,1,1,141943-04-6,0,N2,2,170
AC26,E92_1-benzylpiperidine-3-carboxylic acid,C1CC(CN(C1)CC2=CC=CC=C2)C(=O)O,N3_Scaffold 7,CC(C)C1=CC2=CCC3[C@](C)(CN)CCC[C@]3(C)C2CC1,CC(C)C1=CC2=CCC3[C@](C)(CNCC4CCCN(Cc5ccccc5)C4)CCC[C@]3(C)C2CC1,2.8,0.0,0.0,0.0,-1.0,92,219.28,0.2,Electrophile,acid02-B9,1,2,7,f`q``@F@QdTtRTJbRxIwfjjh@Hab`@,C1CC(CN(C1)CC2=CC=CC=C2)C(=O)O,1,1,141943-04-6,0,N3,3,170
AC38,E92_1-benzylpiperidine-3-carboxylic acid,C1CC(CN(C1)CC2=CC=CC=C2)C(=O)O,N4_Scaffold 6,CCNC[C@@]1(C)C2[C@](C)(CCC1)c3c(CC2)cc(C(C)C)c(c3)N,CCNC[C@]1(C)CCC[C@]2(C)c3cc(NCC4CCCN(Cc5ccccc5)C4)c(C(C)C)cc3CCC12,10.3,22.3,68.4,0.0,-1.0,92,219.28,0.2,Electrophile,acid02-B9,1,2,7,f`q``@F@QdTtRTJbRxIwfjjh@Hab`@,C1CC(CN(C1)CC2=CC=CC=C2)C(=O)O,1,1,141943-04-6,0,N4,4,170
AE2,"E94_2-BROMOISONICOTINIC ACID, 98%",C1=CN=C(C=C1C(=O)O)Br,N1_(+)-Dehydroabietylamine,CC(C)c1ccc2c(c1)CC[C@H]1[C@](C)(CN)CCC[C@]21C,CC(C)c1ccc2c(c1)CC[C@H]1[C@](C)(CNCc3ccnc(Br)c3)CCC[C@]21C,42.65,30.4,41.6,84.2,0.0,94,202.01,0.2,Electrophile,acid02-B11,1,2,7,deVD`DFPqDfU^ih@I`@@,C1=CN=C(C=C1C(=O)O)Br,1,1,66572-56-3,0,N1,1,171
AE14,"E94_2-BROMOISONICOTINIC ACID, 98%",C1=CN=C(C=C1C(=O)O)Br,N2_hydroxydehydroabietylamine,CC(C)C(C(O)=C1)=CC2=C1[C@]3(C)C(CC2)[C@](C)(CN)CCC3,CC(C)c1cc2c(cc1O)[C@@]1(C)CCC[C@@](C)(CNCc3ccnc(Br)c3)C1CC2,2.17,4.2,66.1,0.0,-1.0,94,202.01,0.2,Electrophile,acid02-B11,1,2,7,deVD`DFPqDfU^ih@I`@@,C1=CN=C(C=C1C(=O)O)Br,1,1,66572-56-3,0,N2,2,171
AE26,"E94_2-BROMOISONICOTINIC ACID, 98%",C1=CN=C(C=C1C(=O)O)Br,N3_Scaffold 7,CC(C)C1=CC2=CCC3[C@](C)(CN)CCC[C@]3(C)C2CC1,CC(C)C1=CC2=CCC3[C@](C)(CNCc4ccnc(Br)c4)CCC[C@]3(C)C2CC1,15.9,22.6,58.7,4.7,-1.0,94,202.01,0.2,Electrophile,acid02-B11,1,2,7,deVD`DFPqDfU^ih@I`@@,C1=CN=C(C=C1C(=O)O)Br,1,1,66572-56-3,0,N3,3,171
AE38,"E94_2-BROMOISONICOTINIC ACID, 98%",C1=CN=C(C=C1C(=O)O)Br,N4_Scaffold 6,CCNC[C@@]1(C)C2[C@](C)(CCC1)c3c(CC2)cc(C(C)C)c(c3)N,CCNC[C@]1(C)CCC[C@]2(C)c3cc(NCc4ccnc(Br)c4)c(C(C)C)cc3CCC12,19.5,2.0,9.4,0.0,-1.0,94,202.01,0.2,Electrophile,acid02-B11,1,2,7,deVD`DFPqDfU^ih@I`@@,C1=CN=C(C=C1C(=O)O)Br,1,1,66572-56-3,0,N4,4,171
D3,"E99_5-CHLOROBENZOFURAN-2-CARBOXYLIC ACID, 97%",C1=CC2=C(C=C1Cl)C=C(O2)C(=O)O,N1_(+)-Dehydroabietylamine,CC(C)c1ccc2c(c1)CC[C@H]1[C@](C)(CN)CCC[C@]21C,CC(C)c1ccc2c(c1)CC[C@H]1[C@](C)(CNCc3cc4cc(Cl)ccc4o3)CCC[C@]21C,26.4,25.7,49.3,0.0,-1.0,99,196.58,0.2,Electrophile,acid02-C1,1,2,7,dk\L`AtpbDfUmviaf@BfX`@,C1=CC2=C(C=C1Cl)C=C(O2)C(=O)O,1,1,10242-10-1,0,N1,1,172
D15,"E99_5-CHLOROBENZOFURAN-2-CARBOXYLIC ACID, 97%",C1=CC2=C(C=C1Cl)C=C(O2)C(=O)O,N2_hydroxydehydroabietylamine,CC(C)C(C(O)=C1)=CC2=C1[C@]3(C)C(CC2)[C@](C)(CN)CCC3,CC(C)c1cc2c(cc1O)[C@@]1(C)CCC[C@@](C)(CNCc3cc4cc(Cl)ccc4o3)C1CC2,0.3,2.2,87.7,0.0,-1.0,99,196.58,0.2,Electrophile,acid02-C1,1,2,7,dk\L`AtpbDfUmviaf@BfX`@,C1=CC2=C(C=C1Cl)C=C(O2)C(=O)O,1,1,10242-10-1,0,N2,2,172
D27,"E99_5-CHLOROBENZOFURAN-2-CARBOXYLIC ACID, 97%",C1=CC2=C(C=C1Cl)C=C(O2)C(=O)O,N3_Scaffold 7,CC(C)C1=CC2=CCC3[C@](C)(CN)CCC[C@]3(C)C2CC1,CC(C)C1=CC2=CCC3[C@](C)(CNCc4cc5cc(Cl)ccc5o4)CCC[C@]3(C)C2CC1,10.0,16.3,61.9,22.9,-1.0,99,196.58,0.2,Electrophile,acid02-C1,1,2,7,dk\L`AtpbDfUmviaf@BfX`@,C1=CC2=C(C=C1Cl)C=C(O2)C(=O)O,1,1,10242-10-1,0,N3,3,172
D39,"E99_5-CHLOROBENZOFURAN-2-CARBOXYLIC ACID, 97%",C1=CC2=C(C=C1Cl)C=C(O2)C(=O)O,N4_Scaffold 6,CCNC[C@@]1(C)C2[C@](C)(CCC1)c3c(CC2)cc(C(C)C)c(c3)N,CCNC[C@]1(C)CCC[C@]2(C)c3cc(NCc4cc5cc(Cl)ccc5o4)c(C(C)C)cc3CCC12,19.4,8.4,30.3,3.2,-1.0,99,196.58,0.2,Electrophile,acid02-C1,1,2,7,dk\L`AtpbDfUmviaf@BfX`@,C1=CC2=C(C=C1Cl)C=C(O2)C(=O)O,1,1,10242-10-1,0,N4,4,172
F3,"E103_5-CHLORO-2-PYRIDINECARBOXYLIC ACID, 97%",C1=CC(=NC=C1Cl)C(=O)O,N1_(+)-Dehydroabietylamine,CC(C)c1ccc2c(c1)CC[C@H]1[C@](C)(CN)CCC[C@]21C,CC(C)c1ccc2c(c1)CC[C@H]1[C@](C)(CNCc3ccc(Cl)cn3)CCC[C@]21C,25.4,4.3,14.4,0.0,-1.0,103,157.55,0.2,Electrophile,acid02-C5,1,2,7,deVD`BFPbDfUvih@I`@@,C1=CC(=NC=C1Cl)C(=O)O,1,1,86873-60-1,0,N1,1,173
F15,"E103_5-CHLORO-2-PYRIDINECARBOXYLIC ACID, 97%",C1=CC(=NC=C1Cl)C(=O)O,N2_hydroxydehydroabietylamine,CC(C)C(C(O)=C1)=CC2=C1[C@]3(C)C(CC2)[C@](C)(CN)CCC3,CC(C)c1cc2c(cc1O)[C@@]1(C)CCC[C@@](C)(CNCc3ccc(Cl)cn3)C1CC2,0.3,2.4,87.6,0.0,-1.0,103,157.55,0.2,Electrophile,acid02-C5,1,2,7,deVD`BFPbDfUvih@I`@@,C1=CC(=NC=C1Cl)C(=O)O,1,1,86873-60-1,0,N2,2,173
F27,"E103_5-CHLORO-2-PYRIDINECARBOXYLIC ACID, 97%",C1=CC(=NC=C1Cl)C(=O)O,N3_Scaffold 7,CC(C)C1=CC2=CCC3[C@](C)(CN)CCC[C@]3(C)C2CC1,CC(C)C1=CC2=CCC3[C@](C)(CNCc4ccc(Cl)cn4)CCC[C@]3(C)C2CC1,7.1,5.6,44.1,9.6,-1.0,103,157.55,0.2,Electrophile,acid02-C5,1,2,7,deVD`BFPbDfUvih@I`@@,C1=CC(=NC=C1Cl)C(=O)O,1,1,86873-60-1,0,N3,3,173
F39,"E103_5-CHLORO-2-PYRIDINECARBOXYLIC ACID, 97%",C1=CC(=NC=C1Cl)C(=O)O,N4_Scaffold 6,CCNC[C@@]1(C)C2[C@](C)(CCC1)c3c(CC2)cc(C(C)C)c(c3)N,CCNC[C@]1(C)CCC[C@]2(C)c3cc(NCc4ccc(Cl)cn4)c(C(C)C)cc3CCC12,19.2,3.3,14.8,9.1,-1.0,103,157.55,0.2,Electrophile,acid02-C5,1,2,7,deVD`BFPbDfUvih@I`@@,C1=CC(=NC=C1Cl)C(=O)O,1,1,86873-60-1,0,N4,4,173
G3,"E104_CITRAZINIC ACID, 97%",C1=C(C=C(NC1=O)O)C(=O)O,N1_(+)-Dehydroabietylamine,CC(C)c1ccc2c(c1)CC[C@H]1[C@](C)(CN)CCC[C@]21C,CC(C)c1ccc2c(c1)CC[C@H]1[C@](C)(CNCc3cc(O)[nH]c(=O)c3)CCC[C@]21C,18.99,0.0,0.0,0.0,-1.0,104,155.11,0.2,Electrophile,acid02-C6,1,2,7,dmvB@DAiWHhdhcJyjYf`@,C1=C(C=C(NC1=O)O)C(=O)O,1,1,99-11-6,0,N1,1,174
G15,"E104_CITRAZINIC ACID, 97%",C1=C(C=C(NC1=O)O)C(=O)O,N2_hydroxydehydroabietylamine,CC(C)C(C(O)=C1)=CC2=C1[C@]3(C)C(CC2)[C@](C)(CN)CCC3,CC(C)c1cc2c(cc1O)[C@@]1(C)CCC[C@@](C)(CNCc3cc(O)[nH]c(=O)c3)C1CC2,10.96,0.0,0.0,4.3,-1.0,104,155.11,0.2,Electrophile,acid02-C6,1,2,7,dmvB@DAiWHhdhcJyjYf`@,C1=C(C=C(NC1=O)O)C(=O)O,1,1,99-11-6,0,N2,2,174
G27,"E104_CITRAZINIC ACID, 97%",C1=C(C=C(NC1=O)O)C(=O)O,N3_Scaffold 7,CC(C)C1=CC2=CCC3[C@](C)(CN)CCC[C@]3(C)C2CC1,CC(C)C1=CC2=CCC3[C@](C)(CNCc4cc(O)[nH]c(=O)c4)CCC[C@]3(C)C2CC1,12.8,2.9,18.3,0.0,-1.0,104,155.11,0.2,Electrophile,acid02-C6,1,2,7,dmvB@DAiWHhdhcJyjYf`@,C1=C(C=C(NC1=O)O)C(=O)O,1,1,99-11-6,0,N3,3,174
G39,"E104_CITRAZINIC ACID, 97%",C1=C(C=C(NC1=O)O)C(=O)O,N4_Scaffold 6,CCNC[C@@]1(C)C2[C@](C)(CCC1)c3c(CC2)cc(C(C)C)c(c3)N,CCNC[C@]1(C)CCC[C@]2(C)c3cc(NCc4cc(O)[nH]c(=O)c4)c(C(C)C)cc3CCC12,9.6,0.0,0.0,0.0,-1.0,104,155.11,0.2,Electrophile,acid02-C6,1,2,7,dmvB@DAiWHhdhcJyjYf`@,C1=C(C=C(NC1=O)O)C(=O)O,1,1,99-11-6,0,N4,4,174
J9,E128_azetidine-3-carboxylic acid,C1C(CN1)C(=O)O,N1_(+)-Dehydroabietylamine,CC(C)c1ccc2c(c1)CC[C@H]1[C@](C)(CN)CCC[C@]21C,CC(C)c1ccc2c(c1)CC[C@H]1[C@](C)(CNCC3CNC3)CCC[C@]21C,19.7,0.0,0.0,0.0,-1.0,128,101.1,0.2,Electrophile,acid02-E1,1,2,7,gOx`FDdwM[UT@@,C1C(CN1)C(=O)O,1,1,36476-78-5,0,N1,1,175
J21,E128_azetidine-3-carboxylic acid,C1C(CN1)C(=O)O,N2_hydroxydehydroabietylamine,CC(C)C(C(O)=C1)=CC2=C1[C@]3(C)C(CC2)[C@](C)(CN)CCC3,CC(C)c1cc2c(cc1O)[C@@]1(C)CCC[C@@](C)(CNCC3CNC3)C1CC2,2.6,0.0,0.0,0.0,-1.0,128,101.1,0.2,Electrophile,acid02-E1,1,2,7,gOx`FDdwM[UT@@,C1C(CN1)C(=O)O,1,1,36476-78-5,0,N2,2,175
J33,E128_azetidine-3-carboxylic acid,C1C(CN1)C(=O)O,N3_Scaffold 7,CC(C)C1=CC2=CCC3[C@](C)(CN)CCC[C@]3(C)C2CC1,CC(C)C1=CC2=CCC3[C@](C)(CNCC4CNC4)CCC[C@]3(C)C2CC1,9.9,0.0,0.0,0.0,-1.0,128,101.1,0.2,Electrophile,acid02-E1,1,2,7,gOx`FDdwM[UT@@,C1C(CN1)C(=O)O,1,1,36476-78-5,0,N3,3,175
J45,E128_azetidine-3-carboxylic acid,C1C(CN1)C(=O)O,N4_Scaffold 6,CCNC[C@@]1(C)C2[C@](C)(CCC1)c3c(CC2)cc(C(C)C)c(c3)N,CCNC[C@]1(C)CCC[C@]2(C)c3cc(NCC4CNC4)c(C(C)C)cc3CCC12,9.0,0.0,0.0,0.7,-1.0,128,101.1,0.2,Electrophile,acid02-E1,1,2,7,gOx`FDdwM[UT@@,C1C(CN1)C(=O)O,1,1,36476-78-5,0,N4,4,175
K9,E130_azetidine-2-carboxylic acid,O=C(O)C1CCN1,N1_(+)-Dehydroabietylamine,CC(C)c1ccc2c(c1)CC[C@H]1[C@](C)(CN)CCC[C@]21C,CC(C)c1ccc2c(c1)CC[C@H]1[C@](C)(CNCC3CCN3)CCC[C@]21C,18.93,0.0,0.0,6.0,-1.0,130,101.1,0.2,Electrophile,acid02-E3,1,2,7,gOx`BDdwM[UULP@,O=C(O)C1CCN1,1,1,4/6/27,0,N1,1,176
K21,E130_azetidine-2-carboxylic acid,O=C(O)C1CCN1,N2_hydroxydehydroabietylamine,CC(C)C(C(O)=C1)=CC2=C1[C@]3(C)C(CC2)[C@](C)(CN)CCC3,CC(C)c1cc2c(cc1O)[C@@]1(C)CCC[C@@](C)(CNCC3CCN3)C1CC2,2.15,0.0,0.0,25.7,-1.0,130,101.1,0.2,Electrophile,acid02-E3,1,2,7,gOx`BDdwM[UULP@,O=C(O)C1CCN1,1,1,4/6/27,0,N2,2,176
K33,E130_azetidine-2-carboxylic acid,O=C(O)C1CCN1,N3_Scaffold 7,CC(C)C1=CC2=CCC3[C@](C)(CN)CCC[C@]3(C)C2CC1,CC(C)C1=CC2=CCC3[C@](C)(CNCC4CCN4)CCC[C@]3(C)C2CC1,10.2,3.9,27.9,7.0,-1.0,130,101.1,0.2,Electrophile,acid02-E3,1,2,7,gOx`BDdwM[UULP@,O=C(O)C1CCN1,1,1,4/6/27,0,N3,3,176
K45,E130_azetidine-2-carboxylic acid,O=C(O)C1CCN1,N4_Scaffold 6,CCNC[C@@]1(C)C2[C@](C)(CCC1)c3c(CC2)cc(C(C)C)c(c3)N,CCNC[C@]1(C)CCC[C@]2(C)c3cc(NCC4CCN4)c(C(C)C)cc3CCC12,6.1,0.0,0.0,8.6,-1.0,130,101.1,0.2,Electrophile,acid02-E3,1,2,7,gOx`BDdwM[UULP@,O=C(O)C1CCN1,1,1,4/6/27,0,N4,4,176
Z3,E133_1-benzylpiperidine-4-carboxylic acid,C1CN(CCC1C(=O)O)CC2=CC=CC=C2,N1_(+)-Dehydroabietylamine,CC(C)c1ccc2c(c1)CC[C@H]1[C@](C)(CN)CCC[C@]21C,CC(C)c1ccc2c(c1)CC[C@H]1[C@](C)(CNCC3CCN(Cc4ccccc4)CC3)CCC[C@]21C,35.2,0.0,0.0,40.2,-1.0,133,219.28,0.2,Electrophile,acid02-E6,1,2,7,f`q``@A@PdwJzroAN|uUU@A@@@,C1CN(CCC1C(=O)O)CC2=CC=CC=C2,1,1,10315-07-8,0,N1,1,177
Z15,E133_1-benzylpiperidine-4-carboxylic acid,C1CN(CCC1C(=O)O)CC2=CC=CC=C2,N2_hydroxydehydroabietylamine,CC(C)C(C(O)=C1)=CC2=C1[C@]3(C)C(CC2)[C@](C)(CN)CCC3,CC(C)c1cc2c(cc1O)[C@@]1(C)CCC[C@@](C)(CNCC3CCN(Cc4ccccc4)CC3)C1CC2,0.0,4.8,100.0,0.0,-1.0,133,219.28,0.2,Electrophile,acid02-E6,1,2,7,f`q``@A@PdwJzroAN|uUU@A@@@,C1CN(CCC1C(=O)O)CC2=CC=CC=C2,1,1,10315-07-8,0,N2,2,177
Z27,E133_1-benzylpiperidine-4-carboxylic acid,C1CN(CCC1C(=O)O)CC2=CC=CC=C2,N3_Scaffold 7,CC(C)C1=CC2=CCC3[C@](C)(CN)CCC[C@]3(C)C2CC1,CC(C)C1=CC2=CCC3[C@](C)(CNCC4CCN(Cc5ccccc5)CC4)CCC[C@]3(C)C2CC1,3.4,0.0,0.0,15.4,-1.0,133,219.28,0.2,Electrophile,acid02-E6,1,2,7,f`q``@A@PdwJzroAN|uUU@A@@@,C1CN(CCC1C(=O)O)CC2=CC=CC=C2,1,1,10315-07-8,0,N3,3,177
Z39,E133_1-benzylpiperidine-4-carboxylic acid,C1CN(CCC1C(=O)O)CC2=CC=CC=C2,N4_Scaffold 6,CCNC[C@@]1(C)C2[C@](C)(CCC1)c3c(CC2)cc(C(C)C)c(c3)N,CCNC[C@]1(C)CCC[C@]2(C)c3cc(NCC4CCN(Cc5ccccc5)CC4)c(C(C)C)cc3CCC12,14.4,0.0,0.0,0.0,-1.0,133,219.28,0.2,Electrophile,acid02-E6,1,2,7,f`q``@A@PdwJzroAN|uUU@A@@@,C1CN(CCC1C(=O)O)CC2=CC=CC=C2,1,1,10315-07-8,0,N4,4,177
AA3,"E134_1,3-benzothiazole-6-carboxylic acid",C1=CC2=C(C=C1C(=O)O)SC=N2,N1_(+)-Dehydroabietylamine,CC(C)c1ccc2c(c1)CC[C@H]1[C@](C)(CN)CCC[C@]21C,CC(C)c1ccc2c(c1)CC[C@H]1[C@](C)(CNCc3ccc4ncsc4c3)CCC[C@]21C,57.78,11.7,16.8,90.5,1.45,134,179.2,0.2,Electrophile,acid02-E8,1,2,7,dcnD`JWPBDie]{JxZA@f`@@,C1=CC2=C(C=C1C(=O)O)SC=N2,1,1,3622-35-3,0,N1,1,178
AA15,"E134_1,3-benzothiazole-6-carboxylic acid",C1=CC2=C(C=C1C(=O)O)SC=N2,N2_hydroxydehydroabietylamine,CC(C)C(C(O)=C1)=CC2=C1[C@]3(C)C(CC2)[C@](C)(CN)CCC3,CC(C)c1cc2c(cc1O)[C@@]1(C)CCC[C@@](C)(CNCc3ccc4ncsc4c3)C1CC2,2.94,7.7,72.3,0.0,-1.0,134,179.2,0.2,Electrophile,acid02-E8,1,2,7,dcnD`JWPBDie]{JxZA@f`@@,C1=CC2=C(C=C1C(=O)O)SC=N2,1,1,3622-35-3,0,N2,2,178
AA27,"E134_1,3-benzothiazole-6-carboxylic acid",C1=CC2=C(C=C1C(=O)O)SC=N2,N3_Scaffold 7,CC(C)C1=CC2=CCC3[C@](C)(CN)CCC[C@]3(C)C2CC1,CC(C)C1=CC2=CCC3[C@](C)(CNCc4ccc5ncsc5c4)CCC[C@]3(C)C2CC1,20.5,36.1,63.8,0.0,-1.0,134,179.2,0.2,Electrophile,acid02-E8,1,2,7,dcnD`JWPBDie]{JxZA@f`@@,C1=CC2=C(C=C1C(=O)O)SC=N2,1,1,3622-35-3,0,N3,3,178
AA39,"E134_1,3-benzothiazole-6-carboxylic acid",C1=CC2=C(C=C1C(=O)O)SC=N2,N4_Scaffold 6,CCNC[C@@]1(C)C2[C@](C)(CCC1)c3c(CC2)cc(C(C)C)c(c3)N,CCNC[C@]1(C)CCC[C@]2(C)c3cc(NCc4ccc5ncsc5c4)c(C(C)C)cc3CCC12,21.6,0.0,0.0,0.0,-1.0,134,179.2,0.2,Electrophile,acid02-E8,1,2,7,dcnD`JWPBDie]{JxZA@f`@@,C1=CC2=C(C=C1C(=O)O)SC=N2,1,1,3622-35-3,0,N4,4,178
AC3,"E136_2-bromo-1,3-thiazole-4-carboxylic acid",C1=C(N=C(S1)Br)C(=O)O,N1_(+)-Dehydroabietylamine,CC(C)c1ccc2c(c1)CC[C@H]1[C@](C)(CN)CCC[C@]21C,CC(C)c1ccc2c(c1)CC[C@H]1[C@](C)(CNCc3csc(Br)n3)CCC[C@]21C,50.47,53.9,51.6,97.3,13.37,136,208.04,0.2,Electrophile,acid02-E10,1,2,7,difDPLxPqDBDfWXjijY@@,C1=C(N=C(S1)Br)C(=O)O,1,1,5198-88-9,0,N1,1,179
AC15,"E136_2-bromo-1,3-thiazole-4-carboxylic acid",C1=C(N=C(S1)Br)C(=O)O,N2_hydroxydehydroabietylamine,CC(C)C(C(O)=C1)=CC2=C1[C@]3(C)C(CC2)[C@](C)(CN)CCC3,CC(C)c1cc2c(cc1O)[C@@]1(C)CCC[C@@](C)(CNCc3csc(Br)n3)C1CC2,0.0,9.0,100.0,0.0,-1.0,136,208.04,0.2,Electrophile,acid02-E10,1,2,7,difDPLxPqDBDfWXjijY@@,C1=C(N=C(S1)Br)C(=O)O,1,1,5198-88-9,0,N2,2,179
AC27,"E136_2-bromo-1,3-thiazole-4-carboxylic acid",C1=C(N=C(S1)Br)C(=O)O,N3_Scaffold 7,CC(C)C1=CC2=CCC3[C@](C)(CN)CCC[C@]3(C)C2CC1,CC(C)C1=CC2=CCC3[C@](C)(CNCc4csc(Br)n4)CCC[C@]3(C)C2CC1,14.5,37.1,71.9,0.0,-1.0,136,208.04,0.2,Electrophile,acid02-E10,1,2,7,difDPLxPqDBDfWXjijY@@,C1=C(N=C(S1)Br)C(=O)O,1,1,5198-88-9,0,N3,3,179
AC39,"E136_2-bromo-1,3-thiazole-4-carboxylic acid",C1=C(N=C(S1)Br)C(=O)O,N4_Scaffold 6,CCNC[C@@]1(C)C2[C@](C)(CCC1)c3c(CC2)cc(C(C)C)c(c3)N,CCNC[C@]1(C)CCC[C@]2(C)c3cc(NCc4csc(Br)n4)c(C(C)C)cc3CCC12,11.2,22.1,66.3,0.0,-1.0,136,208.04,0.2,Electrophile,acid02-E10,1,2,7,difDPLxPqDBDfWXjijY@@,C1=C(N=C(S1)Br)C(=O)O,1,1,5198-88-9,0,N4,4,179
AD3,E137_5-bromofuran-2-carboxylic acid,C1=C(OC(=C1)Br)C(=O)O,N1_(+)-Dehydroabietylamine,CC(C)c1ccc2c(c1)CC[C@H]1[C@](C)(CN)CCC[C@]21C,CC(C)c1ccc2c(c1)CC[C@H]1[C@](C)(CNCc3ccc(Br)o3)CCC[C@]21C,36.3,50.7,58.3,59.2,-1.0,137,190.98,0.2,Electrophile,acid02-E11,1,2,7,didL`DxPqDfUxjijY@@,C1=C(OC(=C1)Br)C(=O)O,1,1,585-70-6,0,N1,1,180
AD15,E137_5-bromofuran-2-carboxylic acid,C1=C(OC(=C1)Br)C(=O)O,N2_hydroxydehydroabietylamine,CC(C)C(C(O)=C1)=CC2=C1[C@]3(C)C(CC2)[C@](C)(CN)CCC3,CC(C)c1cc2c(cc1O)[C@@]1(C)CCC[C@@](C)(CNCc3ccc(Br)o3)C1CC2,0.0,9.5,100.0,0.0,-1.0,137,190.98,0.2,Electrophile,acid02-E11,1,2,7,didL`DxPqDfUxjijY@@,C1=C(OC(=C1)Br)C(=O)O,1,1,585-70-6,0,N2,2,180
AD27,E137_5-bromofuran-2-carboxylic acid,C1=C(OC(=C1)Br)C(=O)O,N3_Scaffold 7,CC(C)C1=CC2=CCC3[C@](C)(CN)CCC[C@]3(C)C2CC1,CC(C)C1=CC2=CCC3[C@](C)(CNCc4ccc(Br)o4)CCC[C@]3(C)C2CC1,10.2,36.5,78.1,6.1,-1.0,137,190.98,0.2,Electrophile,acid02-E11,1,2,7,didL`DxPqDfUxjijY@@,C1=C(OC(=C1)Br)C(=O)O,1,1,585-70-6,0,N3,3,180
AD39,E137_5-bromofuran-2-carboxylic acid,C1=C(OC(=C1)Br)C(=O)O,N4_Scaffold 6,CCNC[C@@]1(C)C2[C@](C)(CCC1)c3c(CC2)cc(C(C)C)c(c3)N,CCNC[C@]1(C)CCC[C@]2(C)c3cc(NCc4ccc(Br)o4)c(C(C)C)cc3CCC12,19.1,12.2,38.9,0.0,-1.0,137,190.98,0.2,Electrophile,acid02-E11,1,2,7,didL`DxPqDfUxjijY@@,C1=C(OC(=C1)Br)C(=O)O,1,1,585-70-6,0,N4,4,180
F4,E148_1-phenylmethoxycarbonylpiperidine-4-carboxylic acid,C1CN(CCC1C(=O)O)C(=O)OCC2=CC=CC=C2,N1_(+)-Dehydroabietylamine,CC(C)c1ccc2c(c1)CC[C@H]1[C@](C)(CN)CCC[C@]21C,CC(C)c1ccc2c(c1)CC[C@H]1[C@](C)(CNCC3CCN(C(=O)OCc4ccccc4)CC3)CCC[C@]21C,3.4,37.6,91.7,0.0,-1.0,148,263.29,0.2,Electrophile,acid02-F7,1,2,7,fle`P@L@QEJSKJlzoRLxKUUPPPt@@@,C1CN(CCC1C(=O)O)C(=O)OCC2=CC=CC=C2,1,1,10314-98-4,0,N1,1,181
F16,E148_1-phenylmethoxycarbonylpiperidine-4-carboxylic acid,C1CN(CCC1C(=O)O)C(=O)OCC2=CC=CC=C2,N2_hydroxydehydroabietylamine,CC(C)C(C(O)=C1)=CC2=C1[C@]3(C)C(CC2)[C@](C)(CN)CCC3,CC(C)c1cc2c(cc1O)[C@@]1(C)CCC[C@@](C)(CNCC3CCN(C(=O)OCc4ccccc4)CC3)C1CC2,0.0,4.8,100.0,0.0,-1.0,148,263.29,0.2,Electrophile,acid02-F7,1,2,7,fle`P@L@QEJSKJlzoRLxKUUPPPt@@@,C1CN(CCC1C(=O)O)C(=O)OCC2=CC=CC=C2,1,1,10314-98-4,0,N2,2,181
F28,E148_1-phenylmethoxycarbonylpiperidine-4-carboxylic acid,C1CN(CCC1C(=O)O)C(=O)OCC2=CC=CC=C2,N3_Scaffold 7,CC(C)C1=CC2=CCC3[C@](C)(CN)CCC[C@]3(C)C2CC1,CC(C)C1=CC2=CCC3[C@](C)(CNCC4CCN(C(=O)OCc5ccccc5)CC4)CCC[C@]3(C)C2CC1,3.3,11.8,78.1,12.1,-1.0,148,263.29,0.2,Electrophile,acid02-F7,1,2,7,fle`P@L@QEJSKJlzoRLxKUUPPPt@@@,C1CN(CCC1C(=O)O)C(=O)OCC2=CC=CC=C2,1,1,10314-98-4,0,N3,3,181
F40,E148_1-phenylmethoxycarbonylpiperidine-4-carboxylic acid,C1CN(CCC1C(=O)O)C(=O)OCC2=CC=CC=C2,N4_Scaffold 6,CCNC[C@@]1(C)C2[C@](C)(CCC1)c3c(CC2)cc(C(C)C)c(c3)N,CCNC[C@]1(C)CCC[C@]2(C)c3cc(NCC4CCN(C(=O)OCc5ccccc5)CC4)c(C(C)C)cc3CCC12,4.8,7.9,62.3,0.0,-1.0,148,263.29,0.2,Electrophile,acid02-F7,1,2,7,fle`P@L@QEJSKJlzoRLxKUUPPPt@@@,C1CN(CCC1C(=O)O)C(=O)OCC2=CC=CC=C2,1,1,10314-98-4,0,N4,4,181
G4,E149_5-(4-chlorophenyl)furan-2-carboxylic acid,C1=CC(=CC=C1C2=CC=C(O2)C(=O)O)Cl,N1_(+)-Dehydroabietylamine,CC(C)c1ccc2c(c1)CC[C@H]1[C@](C)(CN)CCC[C@]21C,CC(C)c1ccc2c(c1)CC[C@H]1[C@](C)(CNCc3ccc(-c4ccc(Cl)cc4)o3)CCC[C@]21C,17.39,19.3,52.6,7.8,-1.0,149,222.62,0.2,Electrophile,acid02-F8,1,2,7,foAAb@AV\BHRYWYWjLUj@Bfia@@,C1=CC(=CC=C1C2=CC=C(O2)C(=O)O)Cl,1,1,41019-45-8,0,N1,1,182
G16,E149_5-(4-chlorophenyl)furan-2-carboxylic acid,C1=CC(=CC=C1C2=CC=C(O2)C(=O)O)Cl,N2_hydroxydehydroabietylamine,CC(C)C(C(O)=C1)=CC2=C1[C@]3(C)C(CC2)[C@](C)(CN)CCC3,CC(C)c1cc2c(cc1O)[C@@]1(C)CCC[C@@](C)(CNCc3ccc(-c4ccc(Cl)cc4)o3)C1CC2,0.25,2.0,88.9,15.5,-1.0,149,222.62,0.2,Electrophile,acid02-F8,1,2,7,foAAb@AV\BHRYWYWjLUj@Bfia@@,C1=CC(=CC=C1C2=CC=C(O2)C(=O)O)Cl,1,1,41019-45-8,0,N2,2,182
G28,E149_5-(4-chlorophenyl)furan-2-carboxylic acid,C1=CC(=CC=C1C2=CC=C(O2)C(=O)O)Cl,N3_Scaffold 7,CC(C)C1=CC2=CCC3[C@](C)(CN)CCC[C@]3(C)C2CC1,CC(C)C1=CC2=CCC3[C@](C)(CNCc4ccc(-c5ccc(Cl)cc5)o4)CCC[C@]3(C)C2CC1,7.0,12.3,63.7,0.0,-1.0,149,222.62,0.2,Electrophile,acid02-F8,1,2,7,foAAb@AV\BHRYWYWjLUj@Bfia@@,C1=CC(=CC=C1C2=CC=C(O2)C(=O)O)Cl,1,1,41019-45-8,0,N3,3,182
G40,E149_5-(4-chlorophenyl)furan-2-carboxylic acid,C1=CC(=CC=C1C2=CC=C(O2)C(=O)O)Cl,N4_Scaffold 6,CCNC[C@@]1(C)C2[C@](C)(CCC1)c3c(CC2)cc(C(C)C)c(c3)N,CCNC[C@]1(C)CCC[C@]2(C)c3cc(NCc4ccc(-c5ccc(Cl)cc5)o4)c(C(C)C)cc3CCC12,12.3,12.9,51.2,3.3,-1.0,149,222.62,0.2,Electrophile,acid02-F8,1,2,7,foAAb@AV\BHRYWYWjLUj@Bfia@@,C1=CC(=CC=C1C2=CC=C(O2)C(=O)O)Cl,1,1,41019-45-8,0,N4,4,182
J4,E153_2-phenylquinoline-4-carboxylic acid,C1=CC=C(C=C1)C2=NC3=CC=CC=C3C(=C2)C(=O)O,N1_(+)-Dehydroabietylamine,CC(C)c1ccc2c(c1)CC[C@H]1[C@](C)(CN)CCC[C@]21C,CC(C)c1ccc2c(c1)CC[C@H]1[C@](C)(CNCc3cc(-c4ccccc4)nc4ccccc34)CCC[C@]21C,29.2,26.6,47.7,29.0,-1.0,153,249.26,0.2,Electrophile,acid02-F15,1,2,7,flu``@I@PdwLlovhiZmEKP@@P@@@@@,C1=CC=C(C=C1)C2=NC3=CC=CC=C3C(=C2)C(=O)O,1,1,132-60-5,0,N1,1,183
J16,E153_2-phenylquinoline-4-carboxylic acid,C1=CC=C(C=C1)C2=NC3=CC=CC=C3C(=C2)C(=O)O,N2_hydroxydehydroabietylamine,CC(C)C(C(O)=C1)=CC2=C1[C@]3(C)C(CC2)[C@](C)(CN)CCC3,CC(C)c1cc2c(cc1O)[C@@]1(C)CCC[C@@](C)(CNCc3cc(-c4ccccc4)nc4ccccc34)C1CC2,1.2,4.8,79.8,0.0,-1.0,153,249.26,0.2,Electrophile,acid02-F15,1,2,7,flu``@I@PdwLlovhiZmEKP@@P@@@@@,C1=CC=C(C=C1)C2=NC3=CC=CC=C3C(=C2)C(=O)O,1,1,132-60-5,0,N2,2,183
J28,E153_2-phenylquinoline-4-carboxylic acid,C1=CC=C(C=C1)C2=NC3=CC=CC=C3C(=C2)C(=O)O,N3_Scaffold 7,CC(C)C1=CC2=CCC3[C@](C)(CN)CCC[C@]3(C)C2CC1,CC(C)C1=CC2=CCC3[C@](C)(CNCc4cc(-c5ccccc5)nc5ccccc45)CCC[C@]3(C)C2CC1,18.8,19.6,51.0,62.6,-1.0,153,249.26,0.2,Electrophile,acid02-F15,1,2,7,flu``@I@PdwLlovhiZmEKP@@P@@@@@,C1=CC=C(C=C1)C2=NC3=CC=CC=C3C(=C2)C(=O)O,1,1,132-60-5,0,N3,3,183
J40,E153_2-phenylquinoline-4-carboxylic acid,C1=CC=C(C=C1)C2=NC3=CC=CC=C3C(=C2)C(=O)O,N4_Scaffold 6,CCNC[C@@]1(C)C2[C@](C)(CCC1)c3c(CC2)cc(C(C)C)c(c3)N,CCNC[C@]1(C)CCC[C@]2(C)c3cc(NCc4cc(-c5ccccc5)nc5ccccc45)c(C(C)C)cc3CCC12,13.7,16.3,54.4,63.2,-1.0,153,249.26,0.2,Electrophile,acid02-F15,1,2,7,flu``@I@PdwLlovhiZmEKP@@P@@@@@,C1=CC=C(C=C1)C2=NC3=CC=CC=C3C(=C2)C(=O)O,1,1,132-60-5,0,N4,4,183
O4,"E158_2,6-dimethylpyridine-3-carboxylic acid",CC1=NC(=C(C=C1)C(=O)O)C,N1_(+)-Dehydroabietylamine,CC(C)c1ccc2c(c1)CC[C@H]1[C@](C)(CN)CCC[C@]21C,Cc1ccc(CNC[C@]2(C)CCC[C@]3(C)c4ccc(C(C)C)cc4CC[C@@H]23)c(C)n1,32.71,0.0,0.0,32.0,-1.0,158,151.16,0.2,Electrophile,acid03-A5,1,2,7,dmvD@FALbfbbQFV`HH@@,CC1=NC(=C(C=C1)C(=O)O)C,1,1,5860-71-9,0,N1,1,184
O16,"E158_2,6-dimethylpyridine-3-carboxylic acid",CC1=NC(=C(C=C1)C(=O)O)C,N2_hydroxydehydroabietylamine,CC(C)C(C(O)=C1)=CC2=C1[C@]3(C)C(CC2)[C@](C)(CN)CCC3,Cc1ccc(CNC[C@]2(C)CCC[C@]3(C)c4cc(O)c(C(C)C)cc4CCC23)c(C)n1,6.95,0.0,0.0,37.6,-1.0,158,151.16,0.2,Electrophile,acid03-A5,1,2,7,dmvD@FALbfbbQFV`HH@@,CC1=NC(=C(C=C1)C(=O)O)C,1,1,5860-71-9,0,N2,2,184
O28,"E158_2,6-dimethylpyridine-3-carboxylic acid",CC1=NC(=C(C=C1)C(=O)O)C,N3_Scaffold 7,CC(C)C1=CC2=CCC3[C@](C)(CN)CCC[C@]3(C)C2CC1,Cc1ccc(CNC[C@]2(C)CCC[C@]3(C)C4CCC(C(C)C)=CC4=CCC23)c(C)n1,19.2,0.0,0.0,25.6,-1.0,158,151.16,0.2,Electrophile,acid03-A5,1,2,7,dmvD@FALbfbbQFV`HH@@,CC1=NC(=C(C=C1)C(=O)O)C,1,1,5860-71-9,0,N3,3,184
O40,"E158_2,6-dimethylpyridine-3-carboxylic acid",CC1=NC(=C(C=C1)C(=O)O)C,N4_Scaffold 6,CCNC[C@@]1(C)C2[C@](C)(CCC1)c3c(CC2)cc(C(C)C)c(c3)N,CCNC[C@]1(C)CCC[C@]2(C)c3cc(NCc4ccc(C)nc4C)c(C(C)C)cc3CCC12,13.6,2.8,17.2,27.0,-1.0,158,151.16,0.2,Electrophile,acid03-A5,1,2,7,dmvD@FALbfbbQFV`HH@@,CC1=NC(=C(C=C1)C(=O)O)C,1,1,5860-71-9,0,N4,4,184
S4,"E162_3,5-dichloropyridine-2-carboxylic acid",C1=C(C=NC(=C1Cl)C(=O)O)Cl,N1_(+)-Dehydroabietylamine,CC(C)c1ccc2c(c1)CC[C@H]1[C@](C)(CN)CCC[C@]21C,CC(C)c1ccc2c(c1)CC[C@H]1[C@](C)(CNCc3ncc(Cl)cc3Cl)CCC[C@]21C,36.78,27.1,42.4,71.1,0.0,162,192.0,0.2,Electrophile,acid03-A9,1,2,7,dmvDPBFPbEbDfYVVz@`Z@@,C1=C(C=NC(=C1Cl)C(=O)O)Cl,1,1,81719-53-1,0,N1,1,185
S16,"E162_3,5-dichloropyridine-2-carboxylic acid",C1=C(C=NC(=C1Cl)C(=O)O)Cl,N2_hydroxydehydroabietylamine,CC(C)C(C(O)=C1)=CC2=C1[C@]3(C)C(CC2)[C@](C)(CN)CCC3,CC(C)c1cc2c(cc1O)[C@@]1(C)CCC[C@@](C)(CNCc3ncc(Cl)cc3Cl)C1CC2,0.0,20.8,100.0,33.0,-1.0,162,192.0,0.2,Electrophile,acid03-A9,1,2,7,dmvDPBFPbEbDfYVVz@`Z@@,C1=C(C=NC(=C1Cl)C(=O)O)Cl,1,1,81719-53-1,0,N2,2,185
S28,"E162_3,5-dichloropyridine-2-carboxylic acid",C1=C(C=NC(=C1Cl)C(=O)O)Cl,N3_Scaffold 7,CC(C)C1=CC2=CCC3[C@](C)(CN)CCC[C@]3(C)C2CC1,CC(C)C1=CC2=CCC3[C@](C)(CNCc4ncc(Cl)cc4Cl)CCC[C@]3(C)C2CC1,22.3,29.7,57.1,7.6,-1.0,162,192.0,0.2,Electrophile,acid03-A9,1,2,7,dmvDPBFPbEbDfYVVz@`Z@@,C1=C(C=NC(=C1Cl)C(=O)O)Cl,1,1,81719-53-1,0,N3,3,185
S40,"E162_3,5-dichloropyridine-2-carboxylic acid",C1=C(C=NC(=C1Cl)C(=O)O)Cl,N4_Scaffold 6,CCNC[C@@]1(C)C2[C@](C)(CCC1)c3c(CC2)cc(C(C)C)c(c3)N,CCNC[C@]1(C)CCC[C@]2(C)c3cc(NCc4ncc(Cl)cc4Cl)c(C(C)C)cc3CCC12,9.9,17.9,64.4,13.3,-1.0,162,192.0,0.2,Electrophile,acid03-A9,1,2,7,dmvDPBFPbEbDfYVVz@`Z@@,C1=C(C=NC(=C1Cl)C(=O)O)Cl,1,1,81719-53-1,0,N4,4,185
X4,"E167_1,5-dimethylpyrazole-3-carboxylic acid",CC1=CC(=NN1C)C(=O)O,N1_(+)-Dehydroabietylamine,CC(C)c1ccc2c(c1)CC[C@H]1[C@](C)(CN)CCC[C@]21C,Cc1cc(CNC[C@]2(C)CCC[C@]3(C)c4ccc(C(C)C)cc4CC[C@@H]23)nn1C,28.7,24.5,46.1,45.6,-1.0,167,140.14,0.2,Electrophile,acid03-A14,1,2,7,deUD@BXDR[eUnZZZ`@,CC1=CC(=NN1C)C(=O)O,1,1,5744-59-2,0,N1,1,186
X16,"E167_1,5-dimethylpyrazole-3-carboxylic acid",CC1=CC(=NN1C)C(=O)O,N2_hydroxydehydroabietylamine,CC(C)C(C(O)=C1)=CC2=C1[C@]3(C)C(CC2)[C@](C)(CN)CCC3,Cc1cc(CNC[C@]2(C)CCC[C@]3(C)c4cc(O)c(C(C)C)cc4CCC23)nn1C,0.0,30.9,100.0,4.2,-1.0,167,140.14,0.2,Electrophile,acid03-A14,1,2,7,deUD@BXDR[eUnZZZ`@,CC1=CC(=NN1C)C(=O)O,1,1,5744-59-2,0,N2,2,186
X28,"E167_1,5-dimethylpyrazole-3-carboxylic acid",CC1=CC(=NN1C)C(=O)O,N3_Scaffold 7,CC(C)C1=CC2=CCC3[C@](C)(CN)CCC[C@]3(C)C2CC1,Cc1cc(CNC[C@]2(C)CCC[C@]3(C)C4CCC(C(C)C)=CC4=CCC23)nn1C,13.0,39.8,75.4,16.9,-1.0,167,140.14,0.2,Electrophile,acid03-A14,1,2,7,deUD@BXDR[eUnZZZ`@,CC1=CC(=NN1C)C(=O)O,1,1,5744-59-2,0,N3,3,186
X40,"E167_1,5-dimethylpyrazole-3-carboxylic acid",CC1=CC(=NN1C)C(=O)O,N4_Scaffold 6,CCNC[C@@]1(C)C2[C@](C)(CCC1)c3c(CC2)cc(C(C)C)c(c3)N,CCNC[C@]1(C)CCC[C@]2(C)c3cc(NCc4cc(C)n(C)n4)c(C(C)C)cc3CCC12,25.5,22.0,46.3,0.0,-1.0,167,140.14,0.2,Electrophile,acid03-A14,1,2,7,deUD@BXDR[eUnZZZ`@,CC1=CC(=NN1C)C(=O)O,1,1,5744-59-2,0,N4,4,186
P9,E171_2-ethyl-5-methylpyrazole-3-carboxylic acid,CCN1C(=CC(=N1)C)C(=O)O,N1_(+)-Dehydroabietylamine,CC(C)c1ccc2c(c1)CC[C@H]1[C@](C)(CN)CCC[C@]21C,CCn1nc(C)cc1CNC[C@]1(C)CCC[C@]2(C)c3ccc(C(C)C)cc3CC[C@@H]12,20.8,0.0,0.0,30.9,-1.0,171,154.17,0.2,Electrophile,acid03-B3,1,2,7,dmuD@BXDR[f]XViji@@,CCN1C(=CC(=N1)C)C(=O)O,1,1,50920-65-5,0,N1,1,187
P21,E171_2-ethyl-5-methylpyrazole-3-carboxylic acid,CCN1C(=CC(=N1)C)C(=O)O,N2_hydroxydehydroabietylamine,CC(C)C(C(O)=C1)=CC2=C1[C@]3(C)C(CC2)[C@](C)(CN)CCC3,CCn1nc(C)cc1CNC[C@]1(C)CCC[C@]2(C)c3cc(O)c(C(C)C)cc3CCC12,1.7,0.7,29.6,36.1,-1.0,171,154.17,0.2,Electrophile,acid03-B3,1,2,7,dmuD@BXDR[f]XViji@@,CCN1C(=CC(=N1)C)C(=O)O,1,1,50920-65-5,0,N2,2,187
P33,E171_2-ethyl-5-methylpyrazole-3-carboxylic acid,CCN1C(=CC(=N1)C)C(=O)O,N3_Scaffold 7,CC(C)C1=CC2=CCC3[C@](C)(CN)CCC[C@]3(C)C2CC1,CCn1nc(C)cc1CNC[C@]1(C)CCC[C@]2(C)C3CCC(C(C)C)=CC3=CCC12,10.0,1.8,15.5,15.1,-1.0,171,154.17,0.2,Electrophile,acid03-B3,1,2,7,dmuD@BXDR[f]XViji@@,CCN1C(=CC(=N1)C)C(=O)O,1,1,50920-65-5,0,N3,3,187
P45,E171_2-ethyl-5-methylpyrazole-3-carboxylic acid,CCN1C(=CC(=N1)C)C(=O)O,N4_Scaffold 6,CCNC[C@@]1(C)C2[C@](C)(CCC1)c3c(CC2)cc(C(C)C)c(c3)N,CCNC[C@]1(C)CCC[C@]2(C)c3cc(NCc4cc(C)nn4CC)c(C(C)C)cc3CCC12,11.7,0.0,0.0,15.1,-1.0,171,154.17,0.2,Electrophile,acid03-B3,1,2,7,dmuD@BXDR[f]XViji@@,CCN1C(=CC(=N1)C)C(=O)O,1,1,50920-65-5,0,N4,4,187
S9,E178_furan-3-carboxylic acid,C1=COC=C1C(=O)O,N1_(+)-Dehydroabietylamine,CC(C)c1ccc2c(c1)CC[C@H]1[C@](C)(CN)CCC[C@]21C,CC(C)c1ccc2c(c1)CC[C@H]1[C@](C)(CNCc3ccoc3)CCC[C@]21C,19.92,6.4,24.3,19.7,-1.0,178,112.08,0.2,Electrophile,acid03-B11,1,2,7,daDL@@QdfyVyii`@,C1=COC=C1C(=O)O,1,1,488-93-7,0,N1,1,188
S21,E178_furan-3-carboxylic acid,C1=COC=C1C(=O)O,N2_hydroxydehydroabietylamine,CC(C)C(C(O)=C1)=CC2=C1[C@]3(C)C(CC2)[C@](C)(CN)CCC3,CC(C)c1cc2c(cc1O)[C@@]1(C)CCC[C@@](C)(CNCc3ccoc3)C1CC2,0.6,2.8,82.1,40.5,-1.0,178,112.08,0.2,Electrophile,acid03-B11,1,2,7,daDL@@QdfyVyii`@,C1=COC=C1C(=O)O,1,1,488-93-7,0,N2,2,188
S33,E178_furan-3-carboxylic acid,C1=COC=C1C(=O)O,N3_Scaffold 7,CC(C)C1=CC2=CCC3[C@](C)(CN)CCC[C@]3(C)C2CC1,CC(C)C1=CC2=CCC3[C@](C)(CNCc4ccoc4)CCC[C@]3(C)C2CC1,6.8,13.3,66.1,27.9,-1.0,178,112.08,0.2,Electrophile,acid03-B11,1,2,7,daDL@@QdfyVyii`@,C1=COC=C1C(=O)O,1,1,488-93-7,0,N3,3,188
S45,E178_furan-3-carboxylic acid,C1=COC=C1C(=O)O,N4_Scaffold 6,CCNC[C@@]1(C)C2[C@](C)(CCC1)c3c(CC2)cc(C(C)C)c(c3)N,CCNC[C@]1(C)CCC[C@]2(C)c3cc(NCc4ccoc4)c(C(C)C)cc3CCC12,12.8,2.0,13.2,15.8,-1.0,178,112.08,0.2,Electrophile,acid03-B11,1,2,7,daDL@@QdfyVyii`@,C1=COC=C1C(=O)O,1,1,488-93-7,0,N4,4,188
T9,E180_furan-2-carboxylic acid,C1=COC(=C1)C(=O)O,N1_(+)-Dehydroabietylamine,CC(C)c1ccc2c(c1)CC[C@H]1[C@](C)(CN)CCC[C@]21C,CC(C)c1ccc2c(c1)CC[C@H]1[C@](C)(CNCc3ccco3)CCC[C@]21C,23.1,5.4,19.1,14.0,-1.0,180,112.08,0.2,Electrophile,acid03-B13,1,2,7,daDL@@PdfyVyjZP@,C1=COC(=C1)C(=O)O,1,1,88-14-2,0,N1,1,189
T21,E180_furan-2-carboxylic acid,C1=COC(=C1)C(=O)O,N2_hydroxydehydroabietylamine,CC(C)C(C(O)=C1)=CC2=C1[C@]3(C)C(CC2)[C@](C)(CN)CCC3,CC(C)c1cc2c(cc1O)[C@@]1(C)CCC[C@@](C)(CNCc3ccco3)C1CC2,0.2,0.0,0.0,34.3,-1.0,180,112.08,0.2,Electrophile,acid03-B13,1,2,7,daDL@@PdfyVyjZP@,C1=COC(=C1)C(=O)O,1,1,88-14-2,0,N2,2,189
T33,E180_furan-2-carboxylic acid,C1=COC(=C1)C(=O)O,N3_Scaffold 7,CC(C)C1=CC2=CCC3[C@](C)(CN)CCC[C@]3(C)C2CC1,CC(C)C1=CC2=CCC3[C@](C)(CNCc4ccco4)CCC[C@]3(C)C2CC1,3.2,8.3,72.1,12.3,-1.0,180,112.08,0.2,Electrophile,acid03-B13,1,2,7,daDL@@PdfyVyjZP@,C1=COC(=C1)C(=O)O,1,1,88-14-2,0,N3,3,189
T45,E180_furan-2-carboxylic acid,C1=COC(=C1)C(=O)O,N4_Scaffold 6,CCNC[C@@]1(C)C2[C@](C)(CCC1)c3c(CC2)cc(C(C)C)c(c3)N,CCNC[C@]1(C)CCC[C@]2(C)c3cc(NCc4ccco4)c(C(C)C)cc3CCC12,11.7,6.2,34.8,10.1,-1.0,180,112.08,0.2,Electrophile,acid03-B13,1,2,7,daDL@@PdfyVyjZP@,C1=COC(=C1)C(=O)O,1,1,88-14-2,0,N4,4,189
W9,E192_piperidine-4-carboxylic acid,C1CNCCC1C(=O)O,N1_(+)-Dehydroabietylamine,CC(C)c1ccc2c(c1)CC[C@H]1[C@](C)(CN)CCC[C@]21C,CC(C)c1ccc2c(c1)CC[C@H]1[C@](C)(CNCC3CCNCC3)CCC[C@]21C,28.86,0.0,0.0,11.2,-1.0,192,129.16,0.2,Electrophile,acid03-C13,1,2,7,difD@AADfyWaZjj@@,C1CNCCC1C(=O)O,1,1,498-94-2,0,N1,1,190
W21,E192_piperidine-4-carboxylic acid,C1CNCCC1C(=O)O,N2_hydroxydehydroabietylamine,CC(C)C(C(O)=C1)=CC2=C1[C@]3(C)C(CC2)[C@](C)(CN)CCC3,CC(C)c1cc2c(cc1O)[C@@]1(C)CCC[C@@](C)(CNCC3CCNCC3)C1CC2,0.68,0.0,0.0,21.6,-1.0,192,129.16,0.2,Electrophile,acid03-C13,1,2,7,difD@AADfyWaZjj@@,C1CNCCC1C(=O)O,1,1,498-94-2,0,N2,2,190
W33,E192_piperidine-4-carboxylic acid,C1CNCCC1C(=O)O,N3_Scaffold 7,CC(C)C1=CC2=CCC3[C@](C)(CN)CCC[C@]3(C)C2CC1,CC(C)C1=CC2=CCC3[C@](C)(CNCC4CCNCC4)CCC[C@]3(C)C2CC1,10.2,0.0,0.0,0.4,-1.0,192,129.16,0.2,Electrophile,acid03-C13,1,2,7,difD@AADfyWaZjj@@,C1CNCCC1C(=O)O,1,1,498-94-2,0,N3,3,190
W45,E192_piperidine-4-carboxylic acid,C1CNCCC1C(=O)O,N4_Scaffold 6,CCNC[C@@]1(C)C2[C@](C)(CCC1)c3c(CC2)cc(C(C)C)c(c3)N,CCNC[C@]1(C)CCC[C@]2(C)c3cc(NCC4CCNCC4)c(C(C)C)cc3CCC12,5.7,0.0,0.0,21.1,-1.0,192,129.16,0.2,Electrophile,acid03-C13,1,2,7,difD@AADfyWaZjj@@,C1CNCCC1C(=O)O,1,1,498-94-2,0,N4,4,190
K5,E194_1H-indole-3-carboxylic acid,C1=CC=C2C(=C1)C(=CN2)C(=O)O,N1_(+)-Dehydroabietylamine,CC(C)c1ccc2c(c1)CC[C@H]1[C@](C)(CN)CCC[C@]21C,CC(C)c1ccc2c(c1)CC[C@H]1[C@](C)(CNCc3c[nH]c4ccccc34)CCC[C@]21C,20.15,17.6,46.6,70.4,26.45,194,161.16,0.2,Electrophile,acid03-C15,1,2,7,dcnD@AADfye]aWViB@`@@,C1=CC=C2C(=C1)C(=CN2)C(=O)O,1,1,771-50-6,0,N1,1,191
K17,E194_1H-indole-3-carboxylic acid,C1=CC=C2C(=C1)C(=CN2)C(=O)O,N2_hydroxydehydroabietylamine,CC(C)C(C(O)=C1)=CC2=C1[C@]3(C)C(CC2)[C@](C)(CN)CCC3,CC(C)c1cc2c(cc1O)[C@@]1(C)CCC[C@@](C)(CNCc3c[nH]c4ccccc34)C1CC2,4.38,4.3,49.8,23.5,-1.0,194,161.16,0.2,Electrophile,acid03-C15,1,2,7,dcnD@AADfye]aWViB@`@@,C1=CC=C2C(=C1)C(=CN2)C(=O)O,1,1,771-50-6,0,N2,2,191
K29,E194_1H-indole-3-carboxylic acid,C1=CC=C2C(=C1)C(=CN2)C(=O)O,N3_Scaffold 7,CC(C)C1=CC2=CCC3[C@](C)(CN)CCC[C@]3(C)C2CC1,CC(C)C1=CC2=CCC3[C@](C)(CNCc4c[nH]c5ccccc45)CCC[C@]3(C)C2CC1,12.9,25.0,65.9,72.2,2.34,194,161.16,0.2,Electrophile,acid03-C15,1,2,7,dcnD@AADfye]aWViB@`@@,C1=CC=C2C(=C1)C(=CN2)C(=O)O,1,1,771-50-6,0,N3,3,191
K41,E194_1H-indole-3-carboxylic acid,C1=CC=C2C(=C1)C(=CN2)C(=O)O,N4_Scaffold 6,CCNC[C@@]1(C)C2[C@](C)(CCC1)c3c(CC2)cc(C(C)C)c(c3)N,CCNC[C@]1(C)CCC[C@]2(C)c3cc(NCc4c[nH]c5ccccc45)c(C(C)C)cc3CCC12,26.9,20.5,43.2,20.7,-1.0,194,161.16,0.2,Electrophile,acid03-C15,1,2,7,dcnD@AADfye]aWViB@`@@,C1=CC=C2C(=C1)C(=CN2)C(=O)O,1,1,771-50-6,0,N4,4,191
X9,E195_pyridine-4-carboxylic acid,C1=CN=CC=C1C(=O)O,N1_(+)-Dehydroabietylamine,CC(C)c1ccc2c(c1)CC[C@H]1[C@](C)(CN)CCC[C@]21C,CC(C)c1ccc2c(c1)CC[C@H]1[C@](C)(CNCc3ccncc3)CCC[C@]21C,27.4,27.4,50.0,14.2,-1.0,195,123.11,0.2,Electrophile,acid03-D1,1,2,7,difD@AADfyWaZ@@@@,C1=CN=CC=C1C(=O)O,1,1,55-22-1,0,N1,1,192
X21,E195_pyridine-4-carboxylic acid,C1=CN=CC=C1C(=O)O,N2_hydroxydehydroabietylamine,CC(C)C(C(O)=C1)=CC2=C1[C@]3(C)C(CC2)[C@](C)(CN)CCC3,CC(C)c1cc2c(cc1O)[C@@]1(C)CCC[C@@](C)(CNCc3ccncc3)C1CC2,1.0,0.0,0.0,14.9,-1.0,195,123.11,0.2,Electrophile,acid03-D1,1,2,7,difD@AADfyWaZ@@@@,C1=CN=CC=C1C(=O)O,1,1,55-22-1,0,N2,2,192
X33,E195_pyridine-4-carboxylic acid,C1=CN=CC=C1C(=O)O,N3_Scaffold 7,CC(C)C1=CC2=CCC3[C@](C)(CN)CCC[C@]3(C)C2CC1,CC(C)C1=CC2=CCC3[C@](C)(CNCc4ccncc4)CCC[C@]3(C)C2CC1,7.8,7.3,48.5,22.9,-1.0,195,123.11,0.2,Electrophile,acid03-D1,1,2,7,difD@AADfyWaZ@@@@,C1=CN=CC=C1C(=O)O,1,1,55-22-1,0,N3,3,192
X45,E195_pyridine-4-carboxylic acid,C1=CN=CC=C1C(=O)O,N4_Scaffold 6,CCNC[C@@]1(C)C2[C@](C)(CCC1)c3c(CC2)cc(C(C)C)c(c3)N,CCNC[C@]1(C)CCC[C@]2(C)c3cc(NCc4ccncc4)c(C(C)C)cc3CCC12,9.1,0.0,0.0,11.8,-1.0,195,123.11,0.2,Electrophile,acid03-D1,1,2,7,difD@AADfyWaZ@@@@,C1=CN=CC=C1C(=O)O,1,1,55-22-1,0,N4,4,192
J5,"E193_(2S)-2,3-dihydro-1H-indole-2-carboxylic acid",C1C(NC2=CC=CC=C21)C(=O)O,N1_(+)-Dehydroabietylamine,CC(C)c1ccc2c(c1)CC[C@H]1[C@](C)(CN)CCC[C@]21C,CC(C)c1ccc2c(c1)CC[C@H]1[C@](C)(CNCC3Cc4ccccc4N3)CCC[C@]21C,23.3,3.2,12.2,27.2,-1.0,196,163.17,0.2,Electrophile,acid03-D2,1,2,7,dcnD@BADfyUUnWVjh@BLH@,C1C(NC2=CC=CC=C21)C(=O)O,1,1,78348-24-0,0,N1,1,193
L5,"E196_2,3-dihydro-1H-indole-2-carboxylic acid",C1C(NC2=CC=CC=C21)C(=O)O,N1_(+)-Dehydroabietylamine,CC(C)c1ccc2c(c1)CC[C@H]1[C@](C)(CN)CCC[C@]21C,CC(C)c1ccc2c(c1)CC[C@H]1[C@](C)(CNCC3Cc4ccccc4N3)CCC[C@]21C,37.1,1.8,4.7,97.6,0.0,196,163.17,0.2,Electrophile,acid03-D2,1,2,7,dcnD@BADfyUUnWVjh@BLH@,C1C(NC2=CC=CC=C21)C(=O)O,1,1,78348-24-0,0,N1,1,193
J17,"E193_(2S)-2,3-dihydro-1H-indole-2-carboxylic acid",C1C(NC2=CC=CC=C21)C(=O)O,N2_hydroxydehydroabietylamine,CC(C)C(C(O)=C1)=CC2=C1[C@]3(C)C(CC2)[C@](C)(CN)CCC3,CC(C)c1cc2c(cc1O)[C@@]1(C)CCC[C@@](C)(CNCC3Cc4ccccc4N3)C1CC2,4.1,0.0,0.0,0.0,-1.0,196,163.17,0.2,Electrophile,acid03-D2,1,2,7,dcnD@BADfyUUnWVjh@BLH@,C1C(NC2=CC=CC=C21)C(=O)O,1,1,78348-24-0,0,N2,2,193
L17,"E196_2,3-dihydro-1H-indole-2-carboxylic acid",C1C(NC2=CC=CC=C21)C(=O)O,N2_hydroxydehydroabietylamine,CC(C)C(C(O)=C1)=CC2=C1[C@]3(C)C(CC2)[C@](C)(CN)CCC3,CC(C)c1cc2c(cc1O)[C@@]1(C)CCC[C@@](C)(CNCC3Cc4ccccc4N3)C1CC2,2.0,0.0,0.0,26.7,-1.0,196,163.17,0.2,Electrophile,acid03-D2,1,2,7,dcnD@BADfyUUnWVjh@BLH@,C1C(NC2=CC=CC=C21)C(=O)O,1,1,78348-24-0,0,N2,2,193
J29,"E193_(2S)-2,3-dihydro-1H-indole-2-carboxylic acid",C1C(NC2=CC=CC=C21)C(=O)O,N3_Scaffold 7,CC(C)C1=CC2=CCC3[C@](C)(CN)CCC[C@]3(C)C2CC1,CC(C)C1=CC2=CCC3[C@](C)(CNCC4Cc5ccccc5N4)CCC[C@]3(C)C2CC1,12.4,1.4,9.9,40.7,-1.0,196,163.17,0.2,Electrophile,acid03-D2,1,2,7,dcnD@BADfyUUnWVjh@BLH@,C1C(NC2=CC=CC=C21)C(=O)O,1,1,78348-24-0,0,N3,3,194
L29,"E196_2,3-dihydro-1H-indole-2-carboxylic acid",C1C(NC2=CC=CC=C21)C(=O)O,N3_Scaffold 7,CC(C)C1=CC2=CCC3[C@](C)(CN)CCC[C@]3(C)C2CC1,CC(C)C1=CC2=CCC3[C@](C)(CNCC4Cc5ccccc5N4)CCC[C@]3(C)C2CC1,15.7,7.4,32.0,12.4,-1.0,196,163.17,0.2,Electrophile,acid03-D2,1,2,7,dcnD@BADfyUUnWVjh@BLH@,C1C(NC2=CC=CC=C21)C(=O)O,1,1,78348-24-0,0,N3,3,194
J41,"E193_(2S)-2,3-dihydro-1H-indole-2-carboxylic acid",C1C(NC2=CC=CC=C21)C(=O)O,N4_Scaffold 6,CCNC[C@@]1(C)C2[C@](C)(CCC1)c3c(CC2)cc(C(C)C)c(c3)N,CCNC[C@]1(C)CCC[C@]2(C)c3cc(NCC4Cc5ccccc5N4)c(C(C)C)cc3CCC12,17.6,0.0,0.0,0.0,-1.0,196,163.17,0.2,Electrophile,acid03-D2,1,2,7,dcnD@BADfyUUnWVjh@BLH@,C1C(NC2=CC=CC=C21)C(=O)O,1,1,78348-24-0,0,N4,4,194
L41,"E196_2,3-dihydro-1H-indole-2-carboxylic acid",C1C(NC2=CC=CC=C21)C(=O)O,N4_Scaffold 6,CCNC[C@@]1(C)C2[C@](C)(CCC1)c3c(CC2)cc(C(C)C)c(c3)N,CCNC[C@]1(C)CCC[C@]2(C)c3cc(NCC4Cc5ccccc5N4)c(C(C)C)cc3CCC12,25.3,3.6,12.5,24.1,-1.0,196,163.17,0.2,Electrophile,acid03-D2,1,2,7,dcnD@BADfyUUnWVjh@BLH@,C1C(NC2=CC=CC=C21)C(=O)O,1,1,78348-24-0,0,N4,4,194
M5,E197_1H-indazole-3-carboxylic acid,C1=CC=C2C(=C1)C(=NN2)C(=O)O,N1_(+)-Dehydroabietylamine,CC(C)c1ccc2c(c1)CC[C@H]1[C@](C)(CN)CCC[C@]21C,CC(C)c1ccc2c(c1)CC[C@H]1[C@](C)(CNCc3n[nH]c4ccccc34)CCC[C@]21C,40.28,5.2,11.4,73.8,0.0,197,162.15,0.2,Electrophile,acid03-D3,1,2,7,dcmD@BXDR[emVy]ZZ@B@@,C1=CC=C2C(=C1)C(=NN2)C(=O)O,1,1,4498-67-3,0,N1,1,195
M17,E197_1H-indazole-3-carboxylic acid,C1=CC=C2C(=C1)C(=NN2)C(=O)O,N2_hydroxydehydroabietylamine,CC(C)C(C(O)=C1)=CC2=C1[C@]3(C)C(CC2)[C@](C)(CN)CCC3,CC(C)c1cc2c(cc1O)[C@@]1(C)CCC[C@@](C)(CNCc3n[nH]c4ccccc34)C1CC2,11.1,3.3,22.7,0.0,-1.0,197,162.15,0.2,Electrophile,acid03-D3,1,2,7,dcmD@BXDR[emVy]ZZ@B@@,C1=CC=C2C(=C1)C(=NN2)C(=O)O,1,1,4498-67-3,0,N2,2,195
M29,E197_1H-indazole-3-carboxylic acid,C1=CC=C2C(=C1)C(=NN2)C(=O)O,N3_Scaffold 7,CC(C)C1=CC2=CCC3[C@](C)(CN)CCC[C@]3(C)C2CC1,CC(C)C1=CC2=CCC3[C@](C)(CNCc4n[nH]c5ccccc45)CCC[C@]3(C)C2CC1,45.8,12.1,20.9,92.6,0.0,197,162.15,0.2,Electrophile,acid03-D3,1,2,7,dcmD@BXDR[emVy]ZZ@B@@,C1=CC=C2C(=C1)C(=NN2)C(=O)O,1,1,4498-67-3,0,N3,3,195
M41,E197_1H-indazole-3-carboxylic acid,C1=CC=C2C(=C1)C(=NN2)C(=O)O,N4_Scaffold 6,CCNC[C@@]1(C)C2[C@](C)(CCC1)c3c(CC2)cc(C(C)C)c(c3)N,CCNC[C@]1(C)CCC[C@]2(C)c3cc(NCc4n[nH]c5ccccc45)c(C(C)C)cc3CCC12,22.9,0.0,0.0,20.2,-1.0,197,162.15,0.2,Electrophile,acid03-D3,1,2,7,dcmD@BXDR[emVy]ZZ@B@@,C1=CC=C2C(=C1)C(=NN2)C(=O)O,1,1,4498-67-3,0,N4,4,195
N5,E198_1H-indole-2-carboxylic acid,C1=CC=C2C(=C1)C=C(N2)C(=O)O,N1_(+)-Dehydroabietylamine,CC(C)c1ccc2c(c1)CC[C@H]1[C@](C)(CN)CCC[C@]21C,CC(C)c1ccc2c(c1)CC[C@H]1[C@](C)(CNCc3cc4ccccc4[nH]3)CCC[C@]21C,22.1,30.0,57.5,100.0,0.0,198,161.16,0.2,Electrophile,acid03-D4,1,2,7,dcnD@BADfyUUnWVih@@@@,C1=CC=C2C(=C1)C=C(N2)C(=O)O,1,1,1477-50-5,0,N1,1,196
N17,E198_1H-indole-2-carboxylic acid,C1=CC=C2C(=C1)C=C(N2)C(=O)O,N2_hydroxydehydroabietylamine,CC(C)C(C(O)=C1)=CC2=C1[C@]3(C)C(CC2)[C@](C)(CN)CCC3,CC(C)c1cc2c(cc1O)[C@@]1(C)CCC[C@@](C)(CNCc3cc4ccccc4[nH]3)C1CC2,0.0,5.8,100.0,0.0,-1.0,198,161.16,0.2,Electrophile,acid03-D4,1,2,7,dcnD@BADfyUUnWVih@@@@,C1=CC=C2C(=C1)C=C(N2)C(=O)O,1,1,1477-50-5,0,N2,2,196
N29,E198_1H-indole-2-carboxylic acid,C1=CC=C2C(=C1)C=C(N2)C(=O)O,N3_Scaffold 7,CC(C)C1=CC2=CCC3[C@](C)(CN)CCC[C@]3(C)C2CC1,CC(C)C1=CC2=CCC3[C@](C)(CNCc4cc5ccccc5[nH]4)CCC[C@]3(C)C2CC1,6.8,24.3,78.1,64.6,-1.0,198,161.16,0.2,Electrophile,acid03-D4,1,2,7,dcnD@BADfyUUnWVih@@@@,C1=CC=C2C(=C1)C=C(N2)C(=O)O,1,1,1477-50-5,0,N3,3,196
N41,E198_1H-indole-2-carboxylic acid,C1=CC=C2C(=C1)C=C(N2)C(=O)O,N4_Scaffold 6,CCNC[C@@]1(C)C2[C@](C)(CCC1)c3c(CC2)cc(C(C)C)c(c3)N,CCNC[C@]1(C)CCC[C@]2(C)c3cc(NCc4cc5ccccc5[nH]4)c(C(C)C)cc3CCC12,16.3,15.9,49.3,10.1,-1.0,198,161.16,0.2,Electrophile,acid03-D4,1,2,7,dcnD@BADfyUUnWVih@@@@,C1=CC=C2C(=C1)C=C(N2)C(=O)O,1,1,1477-50-5,0,N4,4,196
Z9,E204_1-methylpyrazole-4-carboxylic acid,CN1C=C(C=N1)C(=O)O,N1_(+)-Dehydroabietylamine,CC(C)c1ccc2c(c1)CC[C@H]1[C@](C)(CN)CCC[C@]21C,CC(C)c1ccc2c(c1)CC[C@H]1[C@](C)(CNCc3cnn(C)c3)CCC[C@]21C,36.2,0.0,0.0,0.0,-1.0,204,126.11,0.2,Electrophile,acid03-D10,1,2,7,dieD@FxDR[evyjVh@@,CN1C=C(C=N1)C(=O)O,1,1,5952-92-1,0,N1,1,197
Z21,E204_1-methylpyrazole-4-carboxylic acid,CN1C=C(C=N1)C(=O)O,N2_hydroxydehydroabietylamine,CC(C)C(C(O)=C1)=CC2=C1[C@]3(C)C(CC2)[C@](C)(CN)CCC3,CC(C)c1cc2c(cc1O)[C@@]1(C)CCC[C@@](C)(CNCc3cnn(C)c3)C1CC2,4.0,0.0,0.0,0.0,-1.0,204,126.11,0.2,Electrophile,acid03-D10,1,2,7,dieD@FxDR[evyjVh@@,CN1C=C(C=N1)C(=O)O,1,1,5952-92-1,0,N2,2,197
Z33,E204_1-methylpyrazole-4-carboxylic acid,CN1C=C(C=N1)C(=O)O,N3_Scaffold 7,CC(C)C1=CC2=CCC3[C@](C)(CN)CCC[C@]3(C)C2CC1,CC(C)C1=CC2=CCC3[C@](C)(CNCc4cnn(C)c4)CCC[C@]3(C)C2CC1,10.2,0.0,0.0,3.9,-1.0,204,126.11,0.2,Electrophile,acid03-D10,1,2,7,dieD@FxDR[evyjVh@@,CN1C=C(C=N1)C(=O)O,1,1,5952-92-1,0,N3,3,197
Z45,E204_1-methylpyrazole-4-carboxylic acid,CN1C=C(C=N1)C(=O)O,N4_Scaffold 6,CCNC[C@@]1(C)C2[C@](C)(CCC1)c3c(CC2)cc(C(C)C)c(c3)N,CCNC[C@]1(C)CCC[C@]2(C)c3cc(NCc4cnn(C)c4)c(C(C)C)cc3CCC12,13.4,0.0,0.0,0.0,-1.0,204,126.11,0.2,Electrophile,acid03-D10,1,2,7,dieD@FxDR[evyjVh@@,CN1C=C(C=N1)C(=O)O,1,1,5952-92-1,0,N4,4,197
U5,E207_1-methyl-5-thiophen-2-ylpyrazole-3-carboxylic acid,CN1C(=CC(=N1)C(=O)O)C2=CC=CS2,N1_(+)-Dehydroabietylamine,CC(C)c1ccc2c(c1)CC[C@H]1[C@](C)(CN)CCC[C@]21C,CC(C)c1ccc2c(c1)CC[C@H]1[C@](C)(CNCc3cc(-c4cccs4)n(C)n3)CCC[C@]21C,29.93,41.1,57.9,0.0,-1.0,207,208.24,0.2,Electrophile,acid03-D13,1,2,7,dg}D`FD{@HrQQJFHjEPkTluSR@@,CN1C(=CC(=N1)C(=O)O)C2=CC=CS2,1,1,869901-15-5,0,N1,1,198
U17,E207_1-methyl-5-thiophen-2-ylpyrazole-3-carboxylic acid,CN1C(=CC(=N1)C(=O)O)C2=CC=CS2,N2_hydroxydehydroabietylamine,CC(C)C(C(O)=C1)=CC2=C1[C@]3(C)C(CC2)[C@](C)(CN)CCC3,CC(C)c1cc2c(cc1O)[C@@]1(C)CCC[C@@](C)(CNCc3cc(-c4cccs4)n(C)n3)C1CC2,0.0,4.2,100.0,0.0,-1.0,207,208.24,0.2,Electrophile,acid03-D13,1,2,7,dg}D`FD{@HrQQJFHjEPkTluSR@@,CN1C(=CC(=N1)C(=O)O)C2=CC=CS2,1,1,869901-15-5,0,N2,2,198
U29,E207_1-methyl-5-thiophen-2-ylpyrazole-3-carboxylic acid,CN1C(=CC(=N1)C(=O)O)C2=CC=CS2,N3_Scaffold 7,CC(C)C1=CC2=CCC3[C@](C)(CN)CCC[C@]3(C)C2CC1,CC(C)C1=CC2=CCC3[C@](C)(CNCc4cc(-c5cccs5)n(C)n4)CCC[C@]3(C)C2CC1,16.7,42.3,71.7,6.1,-1.0,207,208.24,0.2,Electrophile,acid03-D13,1,2,7,dg}D`FD{@HrQQJFHjEPkTluSR@@,CN1C(=CC(=N1)C(=O)O)C2=CC=CS2,1,1,869901-15-5,0,N3,3,198
U41,E207_1-methyl-5-thiophen-2-ylpyrazole-3-carboxylic acid,CN1C(=CC(=N1)C(=O)O)C2=CC=CS2,N4_Scaffold 6,CCNC[C@@]1(C)C2[C@](C)(CCC1)c3c(CC2)cc(C(C)C)c(c3)N,CCNC[C@]1(C)CCC[C@]2(C)c3cc(NCc4cc(-c5cccs5)n(C)n4)c(C(C)C)cc3CCC12,14.3,11.9,45.5,0.0,-1.0,207,208.24,0.2,Electrophile,acid03-D13,1,2,7,dg}D`FD{@HrQQJFHjEPkTluSR@@,CN1C(=CC(=N1)C(=O)O)C2=CC=CS2,1,1,869901-15-5,0,N4,4,198
AA9,E208_2-methylpyrazole-3-carboxylic acid,CN1C(=CC=N1)C(=O)O,N1_(+)-Dehydroabietylamine,CC(C)c1ccc2c(c1)CC[C@H]1[C@](C)(CN)CCC[C@]21C,CC(C)c1ccc2c(c1)CC[C@H]1[C@](C)(CNCc3ccnn3C)CCC[C@]21C,30.03,0.0,0.0,8.3,-1.0,208,126.11,0.2,Electrophile,acid03-D14,1,2,7,dieD@BXDR[fVEjZd@@,CN1C(=CC=N1)C(=O)O,1,1,16034-46-1,0,N1,1,199
AA21,E208_2-methylpyrazole-3-carboxylic acid,CN1C(=CC=N1)C(=O)O,N2_hydroxydehydroabietylamine,CC(C)C(C(O)=C1)=CC2=C1[C@]3(C)C(CC2)[C@](C)(CN)CCC3,CC(C)c1cc2c(cc1O)[C@@]1(C)CCC[C@@](C)(CNCc3ccnn3C)C1CC2,1.46,0.0,0.0,25.3,-1.0,208,126.11,0.2,Electrophile,acid03-D14,1,2,7,dieD@BXDR[fVEjZd@@,CN1C(=CC=N1)C(=O)O,1,1,16034-46-1,0,N2,2,199
AA33,E208_2-methylpyrazole-3-carboxylic acid,CN1C(=CC=N1)C(=O)O,N3_Scaffold 7,CC(C)C1=CC2=CCC3[C@](C)(CN)CCC[C@]3(C)C2CC1,CC(C)C1=CC2=CCC3[C@](C)(CNCc4ccnn4C)CCC[C@]3(C)C2CC1,8.7,0.0,0.0,0.0,-1.0,208,126.11,0.2,Electrophile,acid03-D14,1,2,7,dieD@BXDR[fVEjZd@@,CN1C(=CC=N1)C(=O)O,1,1,16034-46-1,0,N3,3,199
AA45,E208_2-methylpyrazole-3-carboxylic acid,CN1C(=CC=N1)C(=O)O,N4_Scaffold 6,CCNC[C@@]1(C)C2[C@](C)(CCC1)c3c(CC2)cc(C(C)C)c(c3)N,CCNC[C@]1(C)CCC[C@]2(C)c3cc(NCc4ccnn4C)c(C(C)C)cc3CCC12,10.1,0.0,0.0,4.0,-1.0,208,126.11,0.2,Electrophile,acid03-D14,1,2,7,dieD@BXDR[fVEjZd@@,CN1C(=CC=N1)C(=O)O,1,1,16034-46-1,0,N4,4,199
AB9,E209_1-methylpyrazole-3-carboxylic acid,CN1C=CC(=N1)C(=O)O,N1_(+)-Dehydroabietylamine,CC(C)c1ccc2c(c1)CC[C@H]1[C@](C)(CN)CCC[C@]21C,CC(C)c1ccc2c(c1)CC[C@H]1[C@](C)(CNCc3ccn(C)n3)CCC[C@]21C,36.4,0.0,0.0,0.0,-1.0,209,126.11,0.2,Electrophile,acid03-D15,1,2,7,dieD@BXDR[eVyiih@@,CN1C=CC(=N1)C(=O)O,1,1,25016-20-0,0,N1,1,200
AB21,E209_1-methylpyrazole-3-carboxylic acid,CN1C=CC(=N1)C(=O)O,N2_hydroxydehydroabietylamine,CC(C)C(C(O)=C1)=CC2=C1[C@]3(C)C(CC2)[C@](C)(CN)CCC3,CC(C)c1cc2c(cc1O)[C@@]1(C)CCC[C@@](C)(CNCc3ccn(C)n3)C1CC2,3.2,0.0,0.0,0.0,-1.0,209,126.11,0.2,Electrophile,acid03-D15,1,2,7,dieD@BXDR[eVyiih@@,CN1C=CC(=N1)C(=O)O,1,1,25016-20-0,0,N2,2,200
AB33,E209_1-methylpyrazole-3-carboxylic acid,CN1C=CC(=N1)C(=O)O,N3_Scaffold 7,CC(C)C1=CC2=CCC3[C@](C)(CN)CCC[C@]3(C)C2CC1,CC(C)C1=CC2=CCC3[C@](C)(CNCc4ccn(C)n4)CCC[C@]3(C)C2CC1,8.5,14.6,63.2,7.6,-1.0,209,126.11,0.2,Electrophile,acid03-D15,1,2,7,dieD@BXDR[eVyiih@@,CN1C=CC(=N1)C(=O)O,1,1,25016-20-0,0,N3,3,200
AB45,E209_1-methylpyrazole-3-carboxylic acid,CN1C=CC(=N1)C(=O)O,N4_Scaffold 6,CCNC[C@@]1(C)C2[C@](C)(CCC1)c3c(CC2)cc(C(C)C)c(c3)N,CCNC[C@]1(C)CCC[C@]2(C)c3cc(NCc4ccn(C)n4)c(C(C)C)cc3CCC12,8.8,0.5,5.7,0.0,-1.0,209,126.11,0.2,Electrophile,acid03-D15,1,2,7,dieD@BXDR[eVyiih@@,CN1C=CC(=N1)C(=O)O,1,1,25016-20-0,0,N4,4,200
V5,E210_5-methoxy-1H-indole-3-carboxylic acid,COC1=CC2=C(C=C1)NC=C2C(=O)O,N1_(+)-Dehydroabietylamine,CC(C)c1ccc2c(c1)CC[C@H]1[C@](C)(CN)CCC[C@]21C,COc1ccc2[nH]cc(CNC[C@]3(C)CCC[C@]4(C)c5ccc(C(C)C)cc5CC[C@@H]34)c2c1,40.3,23.0,36.3,100.0,0.0,210,191.18,0.2,Electrophile,acid03-E1,1,2,7,dg~L@AACR[fUwXUujP`J`@@,COC1=CC2=C(C=C1)NC=C2C(=O)O,1,1,10242-01-0,0,N1,1,201
V17,E210_5-methoxy-1H-indole-3-carboxylic acid,COC1=CC2=C(C=C1)NC=C2C(=O)O,N2_hydroxydehydroabietylamine,CC(C)C(C(O)=C1)=CC2=C1[C@]3(C)C(CC2)[C@](C)(CN)CCC3,COc1ccc2[nH]cc(CNC[C@]3(C)CCC[C@]4(C)c5cc(O)c(C(C)C)cc5CCC34)c2c1,3.1,1.1,26.8,0.0,-1.0,210,191.18,0.2,Electrophile,acid03-E1,1,2,7,dg~L@AACR[fUwXUujP`J`@@,COC1=CC2=C(C=C1)NC=C2C(=O)O,1,1,10242-01-0,0,N2,2,201
V29,E210_5-methoxy-1H-indole-3-carboxylic acid,COC1=CC2=C(C=C1)NC=C2C(=O)O,N3_Scaffold 7,CC(C)C1=CC2=CCC3[C@](C)(CN)CCC[C@]3(C)C2CC1,COc1ccc2[nH]cc(CNC[C@]3(C)CCC[C@]4(C)C5CCC(C(C)C)=CC5=CCC34)c2c1,25.3,17.5,40.8,51.8,-1.0,210,191.18,0.2,Electrophile,acid03-E1,1,2,7,dg~L@AACR[fUwXUujP`J`@@,COC1=CC2=C(C=C1)NC=C2C(=O)O,1,1,10242-01-0,0,N3,3,201
V41,E210_5-methoxy-1H-indole-3-carboxylic acid,COC1=CC2=C(C=C1)NC=C2C(=O)O,N4_Scaffold 6,CCNC[C@@]1(C)C2[C@](C)(CCC1)c3c(CC2)cc(C(C)C)c(c3)N,CCNC[C@]1(C)CCC[C@]2(C)c3cc(NCc4c[nH]c5ccc(OC)cc45)c(C(C)C)cc3CCC12,18.7,0.0,0.0,0.0,-1.0,210,191.18,0.2,Electrophile,acid03-E1,1,2,7,dg~L@AACR[fUwXUujP`J`@@,COC1=CC2=C(C=C1)NC=C2C(=O)O,1,1,10242-01-0,0,N4,4,201
AC9,E214_1-methylpiperidine-3-carboxylic acid,CN1CCCC(C1)C(=O)O,N1_(+)-Dehydroabietylamine,CC(C)c1ccc2c(c1)CC[C@H]1[C@](C)(CN)CCC[C@]21C,CC(C)c1ccc2c(c1)CC[C@H]1[C@](C)(CNCC3CCCN(C)C3)CCC[C@]21C,31.92,31.9,50.0,0.0,-1.0,214,143.18,0.2,Electrophile,acid03-E5,1,2,7,deVD@FADfyVxVjjjLh@,CN1CCCC(C1)C(=O)O,1,1,5657-70-5,0,N1,1,202
AC21,E214_1-methylpiperidine-3-carboxylic acid,CN1CCCC(C1)C(=O)O,N2_hydroxydehydroabietylamine,CC(C)C(C(O)=C1)=CC2=C1[C@]3(C)C(CC2)[C@](C)(CN)CCC3,CC(C)c1cc2c(cc1O)[C@@]1(C)CCC[C@@](C)(CNCC3CCCN(C)C3)C1CC2,0.78,0.8,49.9,0.0,-1.0,214,143.18,0.2,Electrophile,acid03-E5,1,2,7,deVD@FADfyVxVjjjLh@,CN1CCCC(C1)C(=O)O,1,1,5657-70-5,0,N2,2,202
AC33,E214_1-methylpiperidine-3-carboxylic acid,CN1CCCC(C1)C(=O)O,N3_Scaffold 7,CC(C)C1=CC2=CCC3[C@](C)(CN)CCC[C@]3(C)C2CC1,CC(C)C1=CC2=CCC3[C@](C)(CNCC4CCCN(C)C4)CCC[C@]3(C)C2CC1,7.4,3.0,29.0,0.0,-1.0,214,143.18,0.2,Electrophile,acid03-E5,1,2,7,deVD@FADfyVxVjjjLh@,CN1CCCC(C1)C(=O)O,1,1,5657-70-5,0,N3,3,202
AC45,E214_1-methylpiperidine-3-carboxylic acid,CN1CCCC(C1)C(=O)O,N4_Scaffold 6,CCNC[C@@]1(C)C2[C@](C)(CCC1)c3c(CC2)cc(C(C)C)c(c3)N,CCNC[C@]1(C)CCC[C@]2(C)c3cc(NCC4CCCN(C)C4)c(C(C)C)cc3CCC12,7.7,2.8,26.5,0.0,-1.0,214,143.18,0.2,Electrophile,acid03-E5,1,2,7,deVD@FADfyVxVjjjLh@,CN1CCCC(C1)C(=O)O,1,1,5657-70-5,0,N4,4,202
AA5,E216_7-methyl-2-propyl-3H-benzimidazole-5-carboxylic acid,CCCC1=NC2=C(N1)C=C(C=C2C)C(=O)O,N1_(+)-Dehydroabietylamine,CC(C)c1ccc2c(c1)CC[C@H]1[C@](C)(CN)CCC[C@]21C,CCCc1nc2c(C)cc(CNC[C@]3(C)CCC[C@]4(C)c5ccc(C(C)C)cc5CC[C@@H]34)cc2[nH]1,42.7,42.7,50.0,0.0,-1.0,216,218.25,0.2,Electrophile,acid03-E9,1,2,7,f`qP`@EZ@aInUe}^BtYh@JjhP@@,CCCC1=NC2=C(N1)C=C(C=C2C)C(=O)O,1,1,152628-03-0,0,N1,1,203
AA17,E216_7-methyl-2-propyl-3H-benzimidazole-5-carboxylic acid,CCCC1=NC2=C(N1)C=C(C=C2C)C(=O)O,N2_hydroxydehydroabietylamine,CC(C)C(C(O)=C1)=CC2=C1[C@]3(C)C(CC2)[C@](C)(CN)CCC3,CCCc1nc2c(C)cc(CNC[C@]3(C)CCC[C@]4(C)c5cc(O)c(C(C)C)cc5CCC34)cc2[nH]1,9.67,9.7,50.0,22.3,-1.0,216,218.25,0.2,Electrophile,acid03-E9,1,2,7,f`qP`@EZ@aInUe}^BtYh@JjhP@@,CCCC1=NC2=C(N1)C=C(C=C2C)C(=O)O,1,1,152628-03-0,0,N2,2,203
AA29,E216_7-methyl-2-propyl-3H-benzimidazole-5-carboxylic acid,CCCC1=NC2=C(N1)C=C(C=C2C)C(=O)O,N3_Scaffold 7,CC(C)C1=CC2=CCC3[C@](C)(CN)CCC[C@]3(C)C2CC1,CCCc1nc2c(C)cc(CNC[C@]3(C)CCC[C@]4(C)C5CCC(C(C)C)=CC5=CCC34)cc2[nH]1,22.5,22.5,50.0,0.0,-1.0,216,218.25,0.2,Electrophile,acid03-E9,1,2,7,f`qP`@EZ@aInUe}^BtYh@JjhP@@,CCCC1=NC2=C(N1)C=C(C=C2C)C(=O)O,1,1,152628-03-0,0,N3,3,203
AA41,E216_7-methyl-2-propyl-3H-benzimidazole-5-carboxylic acid,CCCC1=NC2=C(N1)C=C(C=C2C)C(=O)O,N4_Scaffold 6,CCNC[C@@]1(C)C2[C@](C)(CCC1)c3c(CC2)cc(C(C)C)c(c3)N,CCCc1nc2c(C)cc(CNc3cc4c(cc3C(C)C)CCC3[C@](C)(CNCC)CCC[C@]43C)cc2[nH]1,20.1,3.2,13.6,0.0,-1.0,216,218.25,0.2,Electrophile,acid03-E9,1,2,7,f`qP`@EZ@aInUe}^BtYh@JjhP@@,CCCC1=NC2=C(N1)C=C(C=C2C)C(=O)O,1,1,152628-03-0,0,N4,4,203
AB5,E217_6-methoxypyridine-3-carboxylic acid,COC1=NC=C(C=C1)C(=O)O,N1_(+)-Dehydroabietylamine,CC(C)c1ccc2c(c1)CC[C@H]1[C@](C)(CN)CCC[C@]21C,COc1ccc(CNC[C@]2(C)CCC[C@]3(C)c4ccc(C(C)C)cc4CC[C@@H]23)cn1,30.6,18.3,37.4,45.1,-1.0,217,153.14,0.2,Electrophile,acid03-E10,1,2,7,dmvL@FAIR[e]xV`@h@@,COC1=NC=C(C=C1)C(=O)O,1,1,66572-55-2,0,N1,1,204
AB17,E217_6-methoxypyridine-3-carboxylic acid,COC1=NC=C(C=C1)C(=O)O,N2_hydroxydehydroabietylamine,CC(C)C(C(O)=C1)=CC2=C1[C@]3(C)C(CC2)[C@](C)(CN)CCC3,COc1ccc(CNC[C@]2(C)CCC[C@]3(C)c4cc(O)c(C(C)C)cc4CCC23)cn1,0.0,6.4,100.0,0.0,-1.0,217,153.14,0.2,Electrophile,acid03-E10,1,2,7,dmvL@FAIR[e]xV`@h@@,COC1=NC=C(C=C1)C(=O)O,1,1,66572-55-2,0,N2,2,204
AB29,E217_6-methoxypyridine-3-carboxylic acid,COC1=NC=C(C=C1)C(=O)O,N3_Scaffold 7,CC(C)C1=CC2=CCC3[C@](C)(CN)CCC[C@]3(C)C2CC1,COc1ccc(CNC[C@]2(C)CCC[C@]3(C)C4CCC(C(C)C)=CC4=CCC23)cn1,6.4,15.5,70.8,0.0,-1.0,217,153.14,0.2,Electrophile,acid03-E10,1,2,7,dmvL@FAIR[e]xV`@h@@,COC1=NC=C(C=C1)C(=O)O,1,1,66572-55-2,0,N3,3,204
AB41,E217_6-methoxypyridine-3-carboxylic acid,COC1=NC=C(C=C1)C(=O)O,N4_Scaffold 6,CCNC[C@@]1(C)C2[C@](C)(CCC1)c3c(CC2)cc(C(C)C)c(c3)N,CCNC[C@]1(C)CCC[C@]2(C)c3cc(NCc4ccc(OC)nc4)c(C(C)C)cc3CCC12,30.9,2.3,7.0,15.3,-1.0,217,153.14,0.2,Electrophile,acid03-E10,1,2,7,dmvL@FAIR[e]xV`@h@@,COC1=NC=C(C=C1)C(=O)O,1,1,66572-55-2,0,N4,4,204
AD9,E218_6-methylpyridine-3-carboxylic acid,CC1=NC=C(C=C1)C(=O)O,N1_(+)-Dehydroabietylamine,CC(C)c1ccc2c(c1)CC[C@H]1[C@](C)(CN)CCC[C@]21C,Cc1ccc(CNC[C@]2(C)CCC[C@]3(C)c4ccc(C(C)C)cc4CC[C@@H]23)cn1,29.0,0.0,0.0,0.0,-1.0,218,137.14,0.2,Electrophile,acid03-E11,1,2,7,deVD@FADfyWxV`@`@@,CC1=NC=C(C=C1)C(=O)O,1,1,3222-47-7,0,N1,1,205
AD21,E218_6-methylpyridine-3-carboxylic acid,CC1=NC=C(C=C1)C(=O)O,N2_hydroxydehydroabietylamine,CC(C)C(C(O)=C1)=CC2=C1[C@]3(C)C(CC2)[C@](C)(CN)CCC3,Cc1ccc(CNC[C@]2(C)CCC[C@]3(C)c4cc(O)c(C(C)C)cc4CCC23)cn1,2.0,0.0,0.0,0.0,-1.0,218,137.14,0.2,Electrophile,acid03-E11,1,2,7,deVD@FADfyWxV`@`@@,CC1=NC=C(C=C1)C(=O)O,1,1,3222-47-7,0,N2,2,205
AD33,E218_6-methylpyridine-3-carboxylic acid,CC1=NC=C(C=C1)C(=O)O,N3_Scaffold 7,CC(C)C1=CC2=CCC3[C@](C)(CN)CCC[C@]3(C)C2CC1,Cc1ccc(CNC[C@]2(C)CCC[C@]3(C)C4CCC(C(C)C)=CC4=CCC23)cn1,8.5,0.0,0.0,3.2,-1.0,218,137.14,0.2,Electrophile,acid03-E11,1,2,7,deVD@FADfyWxV`@`@@,CC1=NC=C(C=C1)C(=O)O,1,1,3222-47-7,0,N3,3,205
AD45,E218_6-methylpyridine-3-carboxylic acid,CC1=NC=C(C=C1)C(=O)O,N4_Scaffold 6,CCNC[C@@]1(C)C2[C@](C)(CCC1)c3c(CC2)cc(C(C)C)c(c3)N,CCNC[C@]1(C)CCC[C@]2(C)c3cc(NCc4ccc(C)nc4)c(C(C)C)cc3CCC12,14.6,1.1,7.0,0.0,-1.0,218,137.14,0.2,Electrophile,acid03-E11,1,2,7,deVD@FADfyWxV`@`@@,CC1=NC=C(C=C1)C(=O)O,1,1,3222-47-7,0,N4,4,205
AC5,E219_5-methyl-2-phenyltriazole-4-carboxylic acid,CC1=NN(N=C1C(=O)O)C2=CC=CC=C2,N1_(+)-Dehydroabietylamine,CC(C)c1ccc2c(c1)CC[C@H]1[C@](C)(CN)CCC[C@]21C,Cc1nn(-c2ccccc2)nc1CNC[C@]1(C)CCC[C@]2(C)c3ccc(C(C)C)cc3CC[C@@H]12,31.27,30.3,49.2,0.0,-1.0,219,203.2,0.2,Electrophile,acid03-E12,1,2,7,foAp`@BLxAFQSQJHqILyYsSSP@P@@,CC1=NN(N=C1C(=O)O)C2=CC=CC=C2,1,1,22300-56-7,0,N1,1,206
AC17,E219_5-methyl-2-phenyltriazole-4-carboxylic acid,CC1=NN(N=C1C(=O)O)C2=CC=CC=C2,N2_hydroxydehydroabietylamine,CC(C)C(C(O)=C1)=CC2=C1[C@]3(C)C(CC2)[C@](C)(CN)CCC3,Cc1nn(-c2ccccc2)nc1CNC[C@]1(C)CCC[C@]2(C)c3cc(O)c(C(C)C)cc3CCC12,0.0,1.4,100.0,0.0,-1.0,219,203.2,0.2,Electrophile,acid03-E12,1,2,7,foAp`@BLxAFQSQJHqILyYsSSP@P@@,CC1=NN(N=C1C(=O)O)C2=CC=CC=C2,1,1,22300-56-7,0,N2,2,206
AC29,E219_5-methyl-2-phenyltriazole-4-carboxylic acid,CC1=NN(N=C1C(=O)O)C2=CC=CC=C2,N3_Scaffold 7,CC(C)C1=CC2=CCC3[C@](C)(CN)CCC[C@]3(C)C2CC1,Cc1nn(-c2ccccc2)nc1CNC[C@]1(C)CCC[C@]2(C)C3CCC(C(C)C)=CC3=CCC12,10.9,34.2,75.8,0.0,-1.0,219,203.2,0.2,Electrophile,acid03-E12,1,2,7,foAp`@BLxAFQSQJHqILyYsSSP@P@@,CC1=NN(N=C1C(=O)O)C2=CC=CC=C2,1,1,22300-56-7,0,N3,3,206
AC41,E219_5-methyl-2-phenyltriazole-4-carboxylic acid,CC1=NN(N=C1C(=O)O)C2=CC=CC=C2,N4_Scaffold 6,CCNC[C@@]1(C)C2[C@](C)(CCC1)c3c(CC2)cc(C(C)C)c(c3)N,CCNC[C@]1(C)CCC[C@]2(C)c3cc(NCc4nn(-c5ccccc5)nc4C)c(C(C)C)cc3CCC12,21.1,8.8,29.5,0.0,-1.0,219,203.2,0.2,Electrophile,acid03-E12,1,2,7,foAp`@BLxAFQSQJHqILyYsSSP@P@@,CC1=NN(N=C1C(=O)O)C2=CC=CC=C2,1,1,22300-56-7,0,N4,4,206
AE9,E224_1-methylpyrrole-2-carboxylic acid,CN1C=CC=C1C(=O)O,N1_(+)-Dehydroabietylamine,CC(C)c1ccc2c(c1)CC[C@H]1[C@](C)(CN)CCC[C@]21C,CC(C)c1ccc2c(c1)CC[C@H]1[C@](C)(CNCc3cccn3C)CCC[C@]21C,27.0,1.9,6.6,14.5,-1.0,224,125.13,0.2,Electrophile,acid03-F4,1,2,7,difD@BADfyeaZfi@@,CN1C=CC=C1C(=O)O,1,1,6973-60-0,0,N1,1,207
AE21,E224_1-methylpyrrole-2-carboxylic acid,CN1C=CC=C1C(=O)O,N2_hydroxydehydroabietylamine,CC(C)C(C(O)=C1)=CC2=C1[C@]3(C)C(CC2)[C@](C)(CN)CCC3,CC(C)c1cc2c(cc1O)[C@@]1(C)CCC[C@@](C)(CNCc3cccn3C)C1CC2,0.0,0.0,0.0,0.0,-1.0,224,125.13,0.2,Electrophile,acid03-F4,1,2,7,difD@BADfyeaZfi@@,CN1C=CC=C1C(=O)O,1,1,6973-60-0,0,N2,2,207
AE33,E224_1-methylpyrrole-2-carboxylic acid,CN1C=CC=C1C(=O)O,N3_Scaffold 7,CC(C)C1=CC2=CCC3[C@](C)(CN)CCC[C@]3(C)C2CC1,CC(C)C1=CC2=CCC3[C@](C)(CNCc4cccn4C)CCC[C@]3(C)C2CC1,9.8,1.2,10.6,0.0,-1.0,224,125.13,0.2,Electrophile,acid03-F4,1,2,7,difD@BADfyeaZfi@@,CN1C=CC=C1C(=O)O,1,1,6973-60-0,0,N3,3,207
AE45,E224_1-methylpyrrole-2-carboxylic acid,CN1C=CC=C1C(=O)O,N4_Scaffold 6,CCNC[C@@]1(C)C2[C@](C)(CCC1)c3c(CC2)cc(C(C)C)c(c3)N,CCNC[C@]1(C)CCC[C@]2(C)c3cc(NCc4cccn4C)c(C(C)C)cc3CCC12,12.3,0.0,0.0,0.0,-1.0,224,125.13,0.2,Electrophile,acid03-F4,1,2,7,difD@BADfyeaZfi@@,CN1C=CC=C1C(=O)O,1,1,6973-60-0,0,N4,4,207
AF9,"E225_4-methyl-1,3-thiazole-5-carboxylic acid",CC1=C(SC=N1)C(=O)O,N1_(+)-Dehydroabietylamine,CC(C)c1ccc2c(c1)CC[C@H]1[C@](C)(CN)CCC[C@]21C,Cc1ncsc1CNC[C@]1(C)CCC[C@]2(C)c3ccc(C(C)C)cc3CC[C@@H]12,37.5,0.0,0.0,0.0,-1.0,225,143.17,0.2,Electrophile,acid03-F5,1,2,7,difD`JxPBDie[JifZ@@,CC1=C(SC=N1)C(=O)O,1,1,20485-41-0,0,N1,1,208
AF21,"E225_4-methyl-1,3-thiazole-5-carboxylic acid",CC1=C(SC=N1)C(=O)O,N2_hydroxydehydroabietylamine,CC(C)C(C(O)=C1)=CC2=C1[C@]3(C)C(CC2)[C@](C)(CN)CCC3,Cc1ncsc1CNC[C@]1(C)CCC[C@]2(C)c3cc(O)c(C(C)C)cc3CCC12,0.5,0.0,0.0,11.3,-1.0,225,143.17,0.2,Electrophile,acid03-F5,1,2,7,difD`JxPBDie[JifZ@@,CC1=C(SC=N1)C(=O)O,1,1,20485-41-0,0,N2,2,208
AF33,"E225_4-methyl-1,3-thiazole-5-carboxylic acid",CC1=C(SC=N1)C(=O)O,N3_Scaffold 7,CC(C)C1=CC2=CCC3[C@](C)(CN)CCC[C@]3(C)C2CC1,Cc1ncsc1CNC[C@]1(C)CCC[C@]2(C)C3CCC(C(C)C)=CC3=CCC12,7.3,11.0,60.2,0.0,-1.0,225,143.17,0.2,Electrophile,acid03-F5,1,2,7,difD`JxPBDie[JifZ@@,CC1=C(SC=N1)C(=O)O,1,1,20485-41-0,0,N3,3,208
AF45,"E225_4-methyl-1,3-thiazole-5-carboxylic acid",CC1=C(SC=N1)C(=O)O,N4_Scaffold 6,CCNC[C@@]1(C)C2[C@](C)(CCC1)c3c(CC2)cc(C(C)C)c(c3)N,CCNC[C@]1(C)CCC[C@]2(C)c3cc(NCc4scnc4C)c(C(C)C)cc3CCC12,10.2,0.0,0.0,0.0,-1.0,225,143.17,0.2,Electrophile,acid03-F5,1,2,7,difD`JxPBDie[JifZ@@,CC1=C(SC=N1)C(=O)O,1,1,20485-41-0,0,N4,4,208
B10,E228_1-methylpiperidine-4-carboxylic acid,CN1CCC(CC1)C(=O)O,N1_(+)-Dehydroabietylamine,CC(C)c1ccc2c(c1)CC[C@H]1[C@](C)(CN)CCC[C@]21C,CC(C)c1ccc2c(c1)CC[C@H]1[C@](C)(CNCC3CCN(C)CC3)CCC[C@]21C,29.7,0.0,0.0,0.0,-1.0,228,143.18,0.2,Electrophile,acid03-F8,1,2,7,deVD@AADfyWxVjjh@@,CN1CCC(CC1)C(=O)O,1,1,68947-43-3,0,N1,1,209
B22,E228_1-methylpiperidine-4-carboxylic acid,CN1CCC(CC1)C(=O)O,N2_hydroxydehydroabietylamine,CC(C)C(C(O)=C1)=CC2=C1[C@]3(C)C(CC2)[C@](C)(CN)CCC3,CC(C)c1cc2c(cc1O)[C@@]1(C)CCC[C@@](C)(CNCC3CCN(C)CC3)C1CC2,13.3,0.0,0.0,0.0,-1.0,228,143.18,0.2,Electrophile,acid03-F8,1,2,7,deVD@AADfyWxVjjh@@,CN1CCC(CC1)C(=O)O,1,1,68947-43-3,0,N2,2,209
B34,E228_1-methylpiperidine-4-carboxylic acid,CN1CCC(CC1)C(=O)O,N3_Scaffold 7,CC(C)C1=CC2=CCC3[C@](C)(CN)CCC[C@]3(C)C2CC1,CC(C)C1=CC2=CCC3[C@](C)(CNCC4CCN(C)CC4)CCC[C@]3(C)C2CC1,10.2,0.0,0.0,0.0,-1.0,228,143.18,0.2,Electrophile,acid03-F8,1,2,7,deVD@AADfyWxVjjh@@,CN1CCC(CC1)C(=O)O,1,1,68947-43-3,0,N3,3,209
B46,E228_1-methylpiperidine-4-carboxylic acid,CN1CCC(CC1)C(=O)O,N4_Scaffold 6,CCNC[C@@]1(C)C2[C@](C)(CCC1)c3c(CC2)cc(C(C)C)c(c3)N,CCNC[C@]1(C)CCC[C@]2(C)c3cc(NCC4CCN(C)CC4)c(C(C)C)cc3CCC12,4.1,3.2,44.0,0.0,-1.0,228,143.18,0.2,Electrophile,acid03-F8,1,2,7,deVD@AADfyWxVjjh@@,CN1CCC(CC1)C(=O)O,1,1,68947-43-3,0,N4,4,209
F6,E232_2-methoxypyridine-4-carboxylic acid,COC1=NC=CC(=C1)C(=O)O,N1_(+)-Dehydroabietylamine,CC(C)c1ccc2c(c1)CC[C@H]1[C@](C)(CN)CCC[C@]21C,COc1cc(CNC[C@]2(C)CCC[C@]3(C)c4ccc(C(C)C)cc4CC[C@@H]23)ccn1,27.9,13.3,32.3,11.3,-1.0,232,153.14,0.2,Electrophile,acid03-F13,1,2,7,dmvL@IAAR[e[zV`BH@@,COC1=NC=CC(=C1)C(=O)O,1,1,105596-63-2,0,N1,1,210
F18,E232_2-methoxypyridine-4-carboxylic acid,COC1=NC=CC(=C1)C(=O)O,N2_hydroxydehydroabietylamine,CC(C)C(C(O)=C1)=CC2=C1[C@]3(C)C(CC2)[C@](C)(CN)CCC3,COc1cc(CNC[C@]2(C)CCC[C@]3(C)c4cc(O)c(C(C)C)cc4CCC23)ccn1,0.8,4.9,86.2,0.0,-1.0,232,153.14,0.2,Electrophile,acid03-F13,1,2,7,dmvL@IAAR[e[zV`BH@@,COC1=NC=CC(=C1)C(=O)O,1,1,105596-63-2,0,N2,2,210
F30,E232_2-methoxypyridine-4-carboxylic acid,COC1=NC=CC(=C1)C(=O)O,N3_Scaffold 7,CC(C)C1=CC2=CCC3[C@](C)(CN)CCC[C@]3(C)C2CC1,COc1cc(CNC[C@]2(C)CCC[C@]3(C)C4CCC(C(C)C)=CC4=CCC23)ccn1,14.4,38.2,72.6,19.7,-1.0,232,153.14,0.2,Electrophile,acid03-F13,1,2,7,dmvL@IAAR[e[zV`BH@@,COC1=NC=CC(=C1)C(=O)O,1,1,105596-63-2,0,N3,3,210
F42,E232_2-methoxypyridine-4-carboxylic acid,COC1=NC=CC(=C1)C(=O)O,N4_Scaffold 6,CCNC[C@@]1(C)C2[C@](C)(CCC1)c3c(CC2)cc(C(C)C)c(c3)N,CCNC[C@]1(C)CCC[C@]2(C)c3cc(NCc4ccnc(OC)c4)c(C(C)C)cc3CCC12,18.2,11.3,38.3,4.8,-1.0,232,153.14,0.2,Electrophile,acid03-F13,1,2,7,dmvL@IAAR[e[zV`BH@@,COC1=NC=CC(=C1)C(=O)O,1,1,105596-63-2,0,N4,4,210
I6,E235_1-methyl-5-phenylpyrazole-3-carboxylic acid,CN1C(=CC(=N1)C(=O)O)C2=CC=CC=C2,N1_(+)-Dehydroabietylamine,CC(C)c1ccc2c(c1)CC[C@H]1[C@](C)(CN)CCC[C@]21C,CC(C)c1ccc2c(c1)CC[C@H]1[C@](C)(CNCc3cc(-c4ccccc4)n(C)n3)CCC[C@]21C,25.01,36.5,59.3,66.3,-1.0,235,202.21,0.2,Electrophile,acid04-A1,1,2,7,foAP`@BL@aInU^UYrsfff`@`@@,CN1C(=CC(=N1)C(=O)O)C2=CC=CC=C2,1,1,10199-53-8,0,N1,1,211
I18,E235_1-methyl-5-phenylpyrazole-3-carboxylic acid,CN1C(=CC(=N1)C(=O)O)C2=CC=CC=C2,N2_hydroxydehydroabietylamine,CC(C)C(C(O)=C1)=CC2=C1[C@]3(C)C(CC2)[C@](C)(CN)CCC3,CC(C)c1cc2c(cc1O)[C@@]1(C)CCC[C@@](C)(CNCc3cc(-c4ccccc4)n(C)n3)C1CC2,0.0,0.0,0.0,0.0,-1.0,235,202.21,0.2,Electrophile,acid04-A1,1,2,7,foAP`@BL@aInU^UYrsfff`@`@@,CN1C(=CC(=N1)C(=O)O)C2=CC=CC=C2,1,1,10199-53-8,0,N2,2,211
I30,E235_1-methyl-5-phenylpyrazole-3-carboxylic acid,CN1C(=CC(=N1)C(=O)O)C2=CC=CC=C2,N3_Scaffold 7,CC(C)C1=CC2=CCC3[C@](C)(CN)CCC[C@]3(C)C2CC1,CC(C)C1=CC2=CCC3[C@](C)(CNCc4cc(-c5ccccc5)n(C)n4)CCC[C@]3(C)C2CC1,12.8,36.9,74.2,7.6,-1.0,235,202.21,0.2,Electrophile,acid04-A1,1,2,7,foAP`@BL@aInU^UYrsfff`@`@@,CN1C(=CC(=N1)C(=O)O)C2=CC=CC=C2,1,1,10199-53-8,0,N3,3,211
I42,E235_1-methyl-5-phenylpyrazole-3-carboxylic acid,CN1C(=CC(=N1)C(=O)O)C2=CC=CC=C2,N4_Scaffold 6,CCNC[C@@]1(C)C2[C@](C)(CCC1)c3c(CC2)cc(C(C)C)c(c3)N,CCNC[C@]1(C)CCC[C@]2(C)c3cc(NCc4cc(-c5ccccc5)n(C)n4)c(C(C)C)cc3CCC12,22.2,9.5,30.0,0.0,-1.0,235,202.21,0.2,Electrophile,acid04-A1,1,2,7,foAP`@BL@aInU^UYrsfff`@`@@,CN1C(=CC(=N1)C(=O)O)C2=CC=CC=C2,1,1,10199-53-8,0,N4,4,211
C10,E240_pyridine-3-carboxylic acid,C1=CC(=CN=C1)C(=O)O,N1_(+)-Dehydroabietylamine,CC(C)c1ccc2c(c1)CC[C@H]1[C@](C)(CN)CCC[C@]21C,CC(C)c1ccc2c(c1)CC[C@H]1[C@](C)(CNCc3cccnc3)CCC[C@]21C,18.69,0.0,0.0,0.0,-1.0,240,123.11,0.2,Electrophile,acid04-A6,1,2,7,difD@FADfyWaZ@@@@,C1=CC(=CN=C1)C(=O)O,1,1,59-67-6,0,N1,1,212
C22,E240_pyridine-3-carboxylic acid,C1=CC(=CN=C1)C(=O)O,N2_hydroxydehydroabietylamine,CC(C)C(C(O)=C1)=CC2=C1[C@]3(C)C(CC2)[C@](C)(CN)CCC3,CC(C)c1cc2c(cc1O)[C@@]1(C)CCC[C@@](C)(CNCc3cccnc3)C1CC2,9.19,0.0,0.0,10.5,-1.0,240,123.11,0.2,Electrophile,acid04-A6,1,2,7,difD@FADfyWaZ@@@@,C1=CC(=CN=C1)C(=O)O,1,1,59-67-6,0,N2,2,212
C34,E240_pyridine-3-carboxylic acid,C1=CC(=CN=C1)C(=O)O,N3_Scaffold 7,CC(C)C1=CC2=CCC3[C@](C)(CN)CCC[C@]3(C)C2CC1,CC(C)C1=CC2=CCC3[C@](C)(CNCc4cccnc4)CCC[C@]3(C)C2CC1,6.9,0.0,0.0,0.6,-1.0,240,123.11,0.2,Electrophile,acid04-A6,1,2,7,difD@FADfyWaZ@@@@,C1=CC(=CN=C1)C(=O)O,1,1,59-67-6,0,N3,3,212
C46,E240_pyridine-3-carboxylic acid,C1=CC(=CN=C1)C(=O)O,N4_Scaffold 6,CCNC[C@@]1(C)C2[C@](C)(CCC1)c3c(CC2)cc(C(C)C)c(c3)N,CCNC[C@]1(C)CCC[C@]2(C)c3cc(NCc4cccnc4)c(C(C)C)cc3CCC12,5.5,0.0,0.0,0.0,-1.0,240,123.11,0.2,Electrophile,acid04-A6,1,2,7,difD@FADfyWaZ@@@@,C1=CC(=CN=C1)C(=O)O,1,1,59-67-6,0,N4,4,212
D10,"E241_2,4-dioxo-1H-pyrimidine-6-carboxylic acid",C1=C(NC(=O)NC1=O)C(=O)O,N1_(+)-Dehydroabietylamine,CC(C)c1ccc2c(c1)CC[C@H]1[C@](C)(CN)CCC[C@]21C,CC(C)c1ccc2c(c1)CC[C@H]1[C@](C)(CNCc3cc(=O)[nH]c(=O)[nH]3)CCC[C@]21C,24.9,0.0,0.0,11.4,-1.0,241,156.1,0.2,Electrophile,acid04-A7,1,2,7,dmuB@DpAeTfUejyjiV`@,C1=C(NC(=O)NC1=O)C(=O)O,1,1,65-86-1,0,N1,1,213
D22,"E241_2,4-dioxo-1H-pyrimidine-6-carboxylic acid",C1=C(NC(=O)NC1=O)C(=O)O,N2_hydroxydehydroabietylamine,CC(C)C(C(O)=C1)=CC2=C1[C@]3(C)C(CC2)[C@](C)(CN)CCC3,CC(C)c1cc2c(cc1O)[C@@]1(C)CCC[C@@](C)(CNCc3cc(=O)[nH]c(=O)[nH]3)C1CC2,10.1,0.0,0.0,15.6,-1.0,241,156.1,0.2,Electrophile,acid04-A7,1,2,7,dmuB@DpAeTfUejyjiV`@,C1=C(NC(=O)NC1=O)C(=O)O,1,1,65-86-1,0,N2,2,213
D34,"E241_2,4-dioxo-1H-pyrimidine-6-carboxylic acid",C1=C(NC(=O)NC1=O)C(=O)O,N3_Scaffold 7,CC(C)C1=CC2=CCC3[C@](C)(CN)CCC[C@]3(C)C2CC1,CC(C)C1=CC2=CCC3[C@](C)(CNCc4cc(=O)[nH]c(=O)[nH]4)CCC[C@]3(C)C2CC1,10.9,0.0,0.0,1.8,-1.0,241,156.1,0.2,Electrophile,acid04-A7,1,2,7,dmuB@DpAeTfUejyjiV`@,C1=C(NC(=O)NC1=O)C(=O)O,1,1,65-86-1,0,N3,3,213
D46,"E241_2,4-dioxo-1H-pyrimidine-6-carboxylic acid",C1=C(NC(=O)NC1=O)C(=O)O,N4_Scaffold 6,CCNC[C@@]1(C)C2[C@](C)(CCC1)c3c(CC2)cc(C(C)C)c(c3)N,CCNC[C@]1(C)CCC[C@]2(C)c3cc(NCc4cc(=O)[nH]c(=O)[nH]4)c(C(C)C)cc3CCC12,8.5,0.0,0.0,0.0,-1.0,241,156.1,0.2,Electrophile,acid04-A7,1,2,7,dmuB@DpAeTfUejyjiV`@,C1=C(NC(=O)NC1=O)C(=O)O,1,1,65-86-1,0,N4,4,213
F10,E244_Pyridazine-4-carboxylic acid,C1=CN=NC=C1C(=O)O,N1_(+)-Dehydroabietylamine,CC(C)c1ccc2c(c1)CC[C@H]1[C@](C)(CN)CCC[C@]21C,CC(C)c1ccc2c(c1)CC[C@H]1[C@](C)(CNCc3ccnnc3)CCC[C@]21C,25.6,0.0,0.0,0.0,-1.0,244,124.1,0.2,Electrophile,acid04-A12,1,2,7,dieD@FDDR[e^Eh@@@@,C1=CN=NC=C1C(=O)O,1,1,50681-25-9,0,N1,1,214
F22,E244_Pyridazine-4-carboxylic acid,C1=CN=NC=C1C(=O)O,N2_hydroxydehydroabietylamine,CC(C)C(C(O)=C1)=CC2=C1[C@]3(C)C(CC2)[C@](C)(CN)CCC3,CC(C)c1cc2c(cc1O)[C@@]1(C)CCC[C@@](C)(CNCc3ccnnc3)C1CC2,8.5,0.0,0.0,0.0,-1.0,244,124.1,0.2,Electrophile,acid04-A12,1,2,7,dieD@FDDR[e^Eh@@@@,C1=CN=NC=C1C(=O)O,1,1,50681-25-9,0,N2,2,214
F34,E244_Pyridazine-4-carboxylic acid,C1=CN=NC=C1C(=O)O,N3_Scaffold 7,CC(C)C1=CC2=CCC3[C@](C)(CN)CCC[C@]3(C)C2CC1,CC(C)C1=CC2=CCC3[C@](C)(CNCc4ccnnc4)CCC[C@]3(C)C2CC1,9.4,0.0,0.0,0.0,-1.0,244,124.1,0.2,Electrophile,acid04-A12,1,2,7,dieD@FDDR[e^Eh@@@@,C1=CN=NC=C1C(=O)O,1,1,50681-25-9,0,N3,3,214
F46,E244_Pyridazine-4-carboxylic acid,C1=CN=NC=C1C(=O)O,N4_Scaffold 6,CCNC[C@@]1(C)C2[C@](C)(CCC1)c3c(CC2)cc(C(C)C)c(c3)N,CCNC[C@]1(C)CCC[C@]2(C)c3cc(NCc4ccnnc4)c(C(C)C)cc3CCC12,8.3,0.3,3.7,0.0,-1.0,244,124.1,0.2,Electrophile,acid04-A12,1,2,7,dieD@FDDR[e^Eh@@@@,C1=CN=NC=C1C(=O)O,1,1,50681-25-9,0,N4,4,214
G10,E246_Pyrazinecarboxylic acid,C1=CN=C(C=N1)C(=O)O,N1_(+)-Dehydroabietylamine,CC(C)c1ccc2c(c1)CC[C@H]1[C@](C)(CN)CCC[C@]21C,CC(C)c1ccc2c(c1)CC[C@H]1[C@](C)(CNCc3cnccn3)CCC[C@]21C,23.05,0.0,0.0,8.3,-1.0,246,124.1,0.2,Electrophile,acid04-A14,1,2,7,dieD@BxDR[e^Eh@@@@,C1=CN=C(C=N1)C(=O)O,1,1,98-97-5,0,N1,1,215
G22,E246_Pyrazinecarboxylic acid,C1=CN=C(C=N1)C(=O)O,N2_hydroxydehydroabietylamine,CC(C)C(C(O)=C1)=CC2=C1[C@]3(C)C(CC2)[C@](C)(CN)CCC3,CC(C)c1cc2c(cc1O)[C@@]1(C)CCC[C@@](C)(CNCc3cnccn3)C1CC2,6.72,0.0,0.0,27.8,-1.0,246,124.1,0.2,Electrophile,acid04-A14,1,2,7,dieD@BxDR[e^Eh@@@@,C1=CN=C(C=N1)C(=O)O,1,1,98-97-5,0,N2,2,215
G34,E246_Pyrazinecarboxylic acid,C1=CN=C(C=N1)C(=O)O,N3_Scaffold 7,CC(C)C1=CC2=CCC3[C@](C)(CN)CCC[C@]3(C)C2CC1,CC(C)C1=CC2=CCC3[C@](C)(CNCc4cnccn4)CCC[C@]3(C)C2CC1,9.3,0.0,0.0,8.6,-1.0,246,124.1,0.2,Electrophile,acid04-A14,1,2,7,dieD@BxDR[e^Eh@@@@,C1=CN=C(C=N1)C(=O)O,1,1,98-97-5,0,N3,3,215
G46,E246_Pyrazinecarboxylic acid,C1=CN=C(C=N1)C(=O)O,N4_Scaffold 6,CCNC[C@@]1(C)C2[C@](C)(CCC1)c3c(CC2)cc(C(C)C)c(c3)N,CCNC[C@]1(C)CCC[C@]2(C)c3cc(NCc4cnccn4)c(C(C)C)cc3CCC12,7.1,0.0,0.0,10.2,-1.0,246,124.1,0.2,Electrophile,acid04-A14,1,2,7,dieD@BxDR[e^Eh@@@@,C1=CN=C(C=N1)C(=O)O,1,1,98-97-5,0,N4,4,215
H10,E250_Pyrrole-2-carboxylic acid,C1=CNC(=C1)C(=O)O,N1_(+)-Dehydroabietylamine,CC(C)c1ccc2c(c1)CC[C@H]1[C@](C)(CN)CCC[C@]21C,CC(C)c1ccc2c(c1)CC[C@H]1[C@](C)(CNCc3ccc[nH]3)CCC[C@]21C,20.4,0.0,0.0,13.2,-1.0,250,111.1,0.2,Electrophile,acid04-B6,1,2,7,daFD@BADfyVyjZP@,C1=CNC(=C1)C(=O)O,1,1,634-97-9,0,N1,1,216
H22,E250_Pyrrole-2-carboxylic acid,C1=CNC(=C1)C(=O)O,N2_hydroxydehydroabietylamine,CC(C)C(C(O)=C1)=CC2=C1[C@]3(C)C(CC2)[C@](C)(CN)CCC3,CC(C)c1cc2c(cc1O)[C@@]1(C)CCC[C@@](C)(CNCc3ccc[nH]3)C1CC2,6.6,0.0,0.0,39.0,-1.0,250,111.1,0.2,Electrophile,acid04-B6,1,2,7,daFD@BADfyVyjZP@,C1=CNC(=C1)C(=O)O,1,1,634-97-9,0,N2,2,216
H34,E250_Pyrrole-2-carboxylic acid,C1=CNC(=C1)C(=O)O,N3_Scaffold 7,CC(C)C1=CC2=CCC3[C@](C)(CN)CCC[C@]3(C)C2CC1,CC(C)C1=CC2=CCC3[C@](C)(CNCc4ccc[nH]4)CCC[C@]3(C)C2CC1,11.7,0.0,0.0,0.0,-1.0,250,111.1,0.2,Electrophile,acid04-B6,1,2,7,daFD@BADfyVyjZP@,C1=CNC(=C1)C(=O)O,1,1,634-97-9,0,N3,3,216
H46,E250_Pyrrole-2-carboxylic acid,C1=CNC(=C1)C(=O)O,N4_Scaffold 6,CCNC[C@@]1(C)C2[C@](C)(CCC1)c3c(CC2)cc(C(C)C)c(c3)N,CCNC[C@]1(C)CCC[C@]2(C)c3cc(NCc4ccc[nH]4)c(C(C)C)cc3CCC12,7.3,0.0,0.0,12.8,-1.0,250,111.1,0.2,Electrophile,acid04-B6,1,2,7,daFD@BADfyVyjZP@,C1=CNC(=C1)C(=O)O,1,1,634-97-9,0,N4,4,216
J10,E252_Pyrimidine-2-carboxylic acid,C1=CN=C(N=C1)C(=O)O,N1_(+)-Dehydroabietylamine,CC(C)c1ccc2c(c1)CC[C@H]1[C@](C)(CN)CCC[C@]21C,CC(C)c1ccc2c(c1)CC[C@H]1[C@](C)(CNCc3ncccn3)CCC[C@]21C,23.1,0.0,0.0,0.0,-1.0,252,124.1,0.2,Electrophile,acid04-B9,1,2,7,dieD@BhDR[e^Eh@@@@,C1=CN=C(N=C1)C(=O)O,1,1,31519-62-7,0,N1,1,217
J22,E252_Pyrimidine-2-carboxylic acid,C1=CN=C(N=C1)C(=O)O,N2_hydroxydehydroabietylamine,CC(C)C(C(O)=C1)=CC2=C1[C@]3(C)C(CC2)[C@](C)(CN)CCC3,CC(C)c1cc2c(cc1O)[C@@]1(C)CCC[C@@](C)(CNCc3ncccn3)C1CC2,4.7,0.0,0.0,0.0,-1.0,252,124.1,0.2,Electrophile,acid04-B9,1,2,7,dieD@BhDR[e^Eh@@@@,C1=CN=C(N=C1)C(=O)O,1,1,31519-62-7,0,N2,2,217
J34,E252_Pyrimidine-2-carboxylic acid,C1=CN=C(N=C1)C(=O)O,N3_Scaffold 7,CC(C)C1=CC2=CCC3[C@](C)(CN)CCC[C@]3(C)C2CC1,CC(C)C1=CC2=CCC3[C@](C)(CNCc4ncccn4)CCC[C@]3(C)C2CC1,11.9,0.0,0.0,1.1,-1.0,252,124.1,0.2,Electrophile,acid04-B9,1,2,7,dieD@BhDR[e^Eh@@@@,C1=CN=C(N=C1)C(=O)O,1,1,31519-62-7,0,N3,3,217
J46,E252_Pyrimidine-2-carboxylic acid,C1=CN=C(N=C1)C(=O)O,N4_Scaffold 6,CCNC[C@@]1(C)C2[C@](C)(CCC1)c3c(CC2)cc(C(C)C)c(c3)N,CCNC[C@]1(C)CCC[C@]2(C)c3cc(NCc4ncccn4)c(C(C)C)cc3CCC12,7.1,0.0,0.0,16.0,-1.0,252,124.1,0.2,Electrophile,acid04-B9,1,2,7,dieD@BhDR[e^Eh@@@@,C1=CN=C(N=C1)C(=O)O,1,1,31519-62-7,0,N4,4,217
K10,E253_1H-Pyrazole-3-carboxylic acid,C1=C(NN=C1)C(=O)O,N1_(+)-Dehydroabietylamine,CC(C)c1ccc2c(c1)CC[C@H]1[C@](C)(CN)CCC[C@]21C,CC(C)c1ccc2c(c1)CC[C@H]1[C@](C)(CNCc3ccn[nH]3)CCC[C@]21C,22.89,22.9,50.0,18.4,-1.0,253,112.09,0.2,Electrophile,acid04-B10,1,2,7,daED@BXDR[e[fii@@,C1=C(NN=C1)C(=O)O,1,1,1621-91-6,0,N1,1,218
K22,E253_1H-Pyrazole-3-carboxylic acid,C1=C(NN=C1)C(=O)O,N2_hydroxydehydroabietylamine,CC(C)C(C(O)=C1)=CC2=C1[C@]3(C)C(CC2)[C@](C)(CN)CCC3,CC(C)c1cc2c(cc1O)[C@@]1(C)CCC[C@@](C)(CNCc3ccn[nH]3)C1CC2,3.09,0.0,0.0,32.8,-1.0,253,112.09,0.2,Electrophile,acid04-B10,1,2,7,daED@BXDR[e[fii@@,C1=C(NN=C1)C(=O)O,1,1,1621-91-6,0,N2,2,218
K34,E253_1H-Pyrazole-3-carboxylic acid,C1=C(NN=C1)C(=O)O,N3_Scaffold 7,CC(C)C1=CC2=CCC3[C@](C)(CN)CCC[C@]3(C)C2CC1,CC(C)C1=CC2=CCC3[C@](C)(CNCc4ccn[nH]4)CCC[C@]3(C)C2CC1,10.7,0.0,0.0,14.0,-1.0,253,112.09,0.2,Electrophile,acid04-B10,1,2,7,daED@BXDR[e[fii@@,C1=C(NN=C1)C(=O)O,1,1,1621-91-6,0,N3,3,218
K46,E253_1H-Pyrazole-3-carboxylic acid,C1=C(NN=C1)C(=O)O,N4_Scaffold 6,CCNC[C@@]1(C)C2[C@](C)(CCC1)c3c(CC2)cc(C(C)C)c(c3)N,CCNC[C@]1(C)CCC[C@]2(C)c3cc(NCc4ccn[nH]4)c(C(C)C)cc3CCC12,6.5,0.3,4.9,11.4,-1.0,253,112.09,0.2,Electrophile,acid04-B10,1,2,7,daED@BXDR[e[fii@@,C1=C(NN=C1)C(=O)O,1,1,1621-91-6,0,N4,4,218
L10,E254_2-Picolinic acid,C1=CC=NC(=C1)C(=O)O,N1_(+)-Dehydroabietylamine,CC(C)c1ccc2c(c1)CC[C@H]1[C@](C)(CN)CCC[C@]21C,CC(C)c1ccc2c(c1)CC[C@H]1[C@](C)(CNCc3ccccn3)CCC[C@]21C,22.0,2.0,8.2,34.0,-1.0,254,123.11,0.2,Electrophile,acid04-B11,1,2,7,difD@BADfyWaZ@@@@,C1=CC=NC(=C1)C(=O)O,1,1,98-98-6,0,N1,1,219
L22,E254_2-Picolinic acid,C1=CC=NC(=C1)C(=O)O,N2_hydroxydehydroabietylamine,CC(C)C(C(O)=C1)=CC2=C1[C@]3(C)C(CC2)[C@](C)(CN)CCC3,CC(C)c1cc2c(cc1O)[C@@]1(C)CCC[C@@](C)(CNCc3ccccn3)C1CC2,2.4,0.0,0.0,40.8,-1.0,254,123.11,0.2,Electrophile,acid04-B11,1,2,7,difD@BADfyWaZ@@@@,C1=CC=NC(=C1)C(=O)O,1,1,98-98-6,0,N2,2,219
L34,E254_2-Picolinic acid,C1=CC=NC(=C1)C(=O)O,N3_Scaffold 7,CC(C)C1=CC2=CCC3[C@](C)(CN)CCC[C@]3(C)C2CC1,CC(C)C1=CC2=CCC3[C@](C)(CNCc4ccccn4)CCC[C@]3(C)C2CC1,10.5,2.0,15.8,0.0,-1.0,254,123.11,0.2,Electrophile,acid04-B11,1,2,7,difD@BADfyWaZ@@@@,C1=CC=NC(=C1)C(=O)O,1,1,98-98-6,0,N3,3,219
L46,E254_2-Picolinic acid,C1=CC=NC(=C1)C(=O)O,N4_Scaffold 6,CCNC[C@@]1(C)C2[C@](C)(CCC1)c3c(CC2)cc(C(C)C)c(c3)N,CCNC[C@]1(C)CCC[C@]2(C)c3cc(NCc4ccccn4)c(C(C)C)cc3CCC12,16.7,0.0,0.0,24.9,-1.0,254,123.11,0.2,Electrophile,acid04-B11,1,2,7,difD@BADfyWaZ@@@@,C1=CC=NC(=C1)C(=O)O,1,1,98-98-6,0,N4,4,219
T6,E258_Quinoline-8-carboxylic acid,C1=CC2=C(C(=C1)C(=O)O)N=CC=C2,N1_(+)-Dehydroabietylamine,CC(C)c1ccc2c(c1)CC[C@H]1[C@](C)(CN)CCC[C@]21C,CC(C)c1ccc2c(c1)CC[C@H]1[C@](C)(CNCc3cccc4cccnc34)CCC[C@]21C,24.7,17.1,40.9,29.5,-1.0,258,173.17,0.2,Electrophile,acid04-C3,1,2,7,dk^D@FADfye[GUMh@@@@@,C1=CC2=C(C(=C1)C(=O)O)N=CC=C2,1,1,86-59-9,0,N1,1,220
T18,E258_Quinoline-8-carboxylic acid,C1=CC2=C(C(=C1)C(=O)O)N=CC=C2,N2_hydroxydehydroabietylamine,CC(C)C(C(O)=C1)=CC2=C1[C@]3(C)C(CC2)[C@](C)(CN)CCC3,CC(C)c1cc2c(cc1O)[C@@]1(C)CCC[C@@](C)(CNCc3cccc4cccnc34)C1CC2,0.0,3.5,100.0,37.2,-1.0,258,173.17,0.2,Electrophile,acid04-C3,1,2,7,dk^D@FADfye[GUMh@@@@@,C1=CC2=C(C(=C1)C(=O)O)N=CC=C2,1,1,86-59-9,0,N2,2,220
T30,E258_Quinoline-8-carboxylic acid,C1=CC2=C(C(=C1)C(=O)O)N=CC=C2,N3_Scaffold 7,CC(C)C1=CC2=CCC3[C@](C)(CN)CCC[C@]3(C)C2CC1,CC(C)C1=CC2=CCC3[C@](C)(CNCc4cccc5cccnc45)CCC[C@]3(C)C2CC1,3.4,14.9,81.4,15.3,-1.0,258,173.17,0.2,Electrophile,acid04-C3,1,2,7,dk^D@FADfye[GUMh@@@@@,C1=CC2=C(C(=C1)C(=O)O)N=CC=C2,1,1,86-59-9,0,N3,3,220
T42,E258_Quinoline-8-carboxylic acid,C1=CC2=C(C(=C1)C(=O)O)N=CC=C2,N4_Scaffold 6,CCNC[C@@]1(C)C2[C@](C)(CCC1)c3c(CC2)cc(C(C)C)c(c3)N,CCNC[C@]1(C)CCC[C@]2(C)c3cc(NCc4cccc5cccnc45)c(C(C)C)cc3CCC12,16.7,24.5,59.5,33.4,-1.0,258,173.17,0.2,Electrophile,acid04-C3,1,2,7,dk^D@FADfye[GUMh@@@@@,C1=CC2=C(C(=C1)C(=O)O)N=CC=C2,1,1,86-59-9,0,N4,4,220
U6,"E259_QUINALDIC ACID, 98.0+%",C1=CC=C2C(=C1)C=CC(=N2)C(=O)O,N1_(+)-Dehydroabietylamine,CC(C)c1ccc2c(c1)CC[C@H]1[C@](C)(CN)CCC[C@]21C,CC(C)c1ccc2c(c1)CC[C@H]1[C@](C)(CNCc3ccc4ccccc4n3)CCC[C@]21C,35.33,27.0,43.3,78.7,12.68,259,173.17,0.2,Electrophile,acid04-C4,1,2,7,dk^D@BADfyVux]Mh@@@@@,C1=CC=C2C(=C1)C=CC(=N2)C(=O)O,1,1,93-10-7,0,N1,1,221
U18,"E259_QUINALDIC ACID, 98.0+%",C1=CC=C2C(=C1)C=CC(=N2)C(=O)O,N2_hydroxydehydroabietylamine,CC(C)C(C(O)=C1)=CC2=C1[C@]3(C)C(CC2)[C@](C)(CN)CCC3,CC(C)c1cc2c(cc1O)[C@@]1(C)CCC[C@@](C)(CNCc3ccc4ccccc4n3)C1CC2,0.0,5.0,100.0,0.0,-1.0,259,173.17,0.2,Electrophile,acid04-C4,1,2,7,dk^D@BADfyVux]Mh@@@@@,C1=CC=C2C(=C1)C=CC(=N2)C(=O)O,1,1,93-10-7,0,N2,2,221
U30,"E259_QUINALDIC ACID, 98.0+%",C1=CC=C2C(=C1)C=CC(=N2)C(=O)O,N3_Scaffold 7,CC(C)C1=CC2=CCC3[C@](C)(CN)CCC[C@]3(C)C2CC1,CC(C)C1=CC2=CCC3[C@](C)(CNCc4ccc5ccccc5n4)CCC[C@]3(C)C2CC1,7.9,17.4,68.8,35.5,-1.0,259,173.17,0.2,Electrophile,acid04-C4,1,2,7,dk^D@BADfyVux]Mh@@@@@,C1=CC=C2C(=C1)C=CC(=N2)C(=O)O,1,1,93-10-7,0,N3,3,221
U42,"E259_QUINALDIC ACID, 98.0+%",C1=CC=C2C(=C1)C=CC(=N2)C(=O)O,N4_Scaffold 6,CCNC[C@@]1(C)C2[C@](C)(CCC1)c3c(CC2)cc(C(C)C)c(c3)N,CCNC[C@]1(C)CCC[C@]2(C)c3cc(NCc4ccc5ccccc5n4)c(C(C)C)cc3CCC12,4.6,22.6,83.1,0.0,-1.0,259,173.17,0.2,Electrophile,acid04-C4,1,2,7,dk^D@BADfyVux]Mh@@@@@,C1=CC=C2C(=C1)C=CC(=N2)C(=O)O,1,1,93-10-7,0,N4,4,221
O10,E263_2-Thiophenecarboxylic acid,C1=CSC(=C1)C(=O)O,N1_(+)-Dehydroabietylamine,CC(C)c1ccc2c(c1)CC[C@H]1[C@](C)(CN)CCC[C@]21C,CC(C)c1ccc2c(c1)CC[C@H]1[C@](C)(CNCc3cccs3)CCC[C@]21C,26.08,7.1,21.4,33.2,-1.0,263,128.15,0.2,Electrophile,acid04-C10,1,2,7,daDD`Fx@aJYXjjUh@@,C1=CSC(=C1)C(=O)O,1,1,527-72-0,0,N1,1,222
O22,E263_2-Thiophenecarboxylic acid,C1=CSC(=C1)C(=O)O,N2_hydroxydehydroabietylamine,CC(C)C(C(O)=C1)=CC2=C1[C@]3(C)C(CC2)[C@](C)(CN)CCC3,CC(C)c1cc2c(cc1O)[C@@]1(C)CCC[C@@](C)(CNCc3cccs3)C1CC2,1.04,6.3,85.8,47.2,-1.0,263,128.15,0.2,Electrophile,acid04-C10,1,2,7,daDD`Fx@aJYXjjUh@@,C1=CSC(=C1)C(=O)O,1,1,527-72-0,0,N2,2,222
O34,E263_2-Thiophenecarboxylic acid,C1=CSC(=C1)C(=O)O,N3_Scaffold 7,CC(C)C1=CC2=CCC3[C@](C)(CN)CCC[C@]3(C)C2CC1,CC(C)C1=CC2=CCC3[C@](C)(CNCc4cccs4)CCC[C@]3(C)C2CC1,3.9,4.2,51.9,17.5,-1.0,263,128.15,0.2,Electrophile,acid04-C10,1,2,7,daDD`Fx@aJYXjjUh@@,C1=CSC(=C1)C(=O)O,1,1,527-72-0,0,N3,3,222
O46,E263_2-Thiophenecarboxylic acid,C1=CSC(=C1)C(=O)O,N4_Scaffold 6,CCNC[C@@]1(C)C2[C@](C)(CCC1)c3c(CC2)cc(C(C)C)c(c3)N,CCNC[C@]1(C)CCC[C@]2(C)c3cc(NCc4cccs4)c(C(C)C)cc3CCC12,16.3,5.3,24.7,41.2,-1.0,263,128.15,0.2,Electrophile,acid04-C10,1,2,7,daDD`Fx@aJYXjjUh@@,C1=CSC(=C1)C(=O)O,1,1,527-72-0,0,N4,4,222
AA6,E267_5-thiophen-2-yl-1H-pyrazole-3-carboxylic acid,C1=CSC(=C1)C2=CC(=NN2)C(=O)O,N1_(+)-Dehydroabietylamine,CC(C)c1ccc2c(c1)CC[C@H]1[C@](C)(CN)CCC[C@]21C,CC(C)c1ccc2c(c1)CC[C@H]1[C@](C)(CNCc3cc(-c4cccs4)[nH]n3)CCC[C@]21C,63.28,37.7,37.4,95.9,1.69,267,194.21,0.2,Electrophile,acid04-D2,1,2,7,dk]D`FGS@HrQQJEYPjFZefii@@,C1=CSC(=C1)C2=CC(=NN2)C(=O)O,1,1,182415-24-3,0,N1,1,223
AA18,E267_5-thiophen-2-yl-1H-pyrazole-3-carboxylic acid,C1=CSC(=C1)C2=CC(=NN2)C(=O)O,N2_hydroxydehydroabietylamine,CC(C)C(C(O)=C1)=CC2=C1[C@]3(C)C(CC2)[C@](C)(CN)CCC3,CC(C)c1cc2c(cc1O)[C@@]1(C)CCC[C@@](C)(CNCc3cc(-c4cccs4)[nH]n3)C1CC2,3.72,7.1,65.8,10.9,-1.0,267,194.21,0.2,Electrophile,acid04-D2,1,2,7,dk]D`FGS@HrQQJEYPjFZefii@@,C1=CSC(=C1)C2=CC(=NN2)C(=O)O,1,1,182415-24-3,0,N2,2,223
AA30,E267_5-thiophen-2-yl-1H-pyrazole-3-carboxylic acid,C1=CSC(=C1)C2=CC(=NN2)C(=O)O,N3_Scaffold 7,CC(C)C1=CC2=CCC3[C@](C)(CN)CCC[C@]3(C)C2CC1,CC(C)C1=CC2=CCC3[C@](C)(CNCc4cc(-c5cccs5)[nH]n4)CCC[C@]3(C)C2CC1,40.7,52.1,56.2,82.7,6.84,267,194.21,0.2,Electrophile,acid04-D2,1,2,7,dk]D`FGS@HrQQJEYPjFZefii@@,C1=CSC(=C1)C2=CC(=NN2)C(=O)O,1,1,182415-24-3,0,N3,3,223
AA42,E267_5-thiophen-2-yl-1H-pyrazole-3-carboxylic acid,C1=CSC(=C1)C2=CC(=NN2)C(=O)O,N4_Scaffold 6,CCNC[C@@]1(C)C2[C@](C)(CCC1)c3c(CC2)cc(C(C)C)c(c3)N,CCNC[C@]1(C)CCC[C@]2(C)c3cc(NCc4cc(-c5cccs5)[nH]n4)c(C(C)C)cc3CCC12,19.1,7.5,28.3,0.0,-1.0,267,194.21,0.2,Electrophile,acid04-D2,1,2,7,dk]D`FGS@HrQQJEYPjFZefii@@,C1=CSC(=C1)C2=CC(=NN2)C(=O)O,1,1,182415-24-3,0,N4,4,223
Q10,E268_Tetrahydrofuran-3-carboxylic acid,C1COCC1C(=O)O,N1_(+)-Dehydroabietylamine,CC(C)c1ccc2c(c1)CC[C@H]1[C@](C)(CN)CCC[C@]21C,CC(C)c1ccc2c(c1)CC[C@H]1[C@](C)(CNCC3CCOC3)CCC[C@]21C,2.38,29.3,92.5,11.9,-1.0,268,116.11,0.2,Electrophile,acid04-D4,1,2,7,daDL@@QdfyVyjjhr`@,C1COCC1C(=O)O,1,1,89364-31-8,0,N1,1,224
Q22,E268_Tetrahydrofuran-3-carboxylic acid,C1COCC1C(=O)O,N2_hydroxydehydroabietylamine,CC(C)C(C(O)=C1)=CC2=C1[C@]3(C)C(CC2)[C@](C)(CN)CCC3,CC(C)c1cc2c(cc1O)[C@@]1(C)CCC[C@@](C)(CNCC3CCOC3)C1CC2,0.0,1.4,100.0,14.4,-1.0,268,116.11,0.2,Electrophile,acid04-D4,1,2,7,daDL@@QdfyVyjjhr`@,C1COCC1C(=O)O,1,1,89364-31-8,0,N2,2,224
Q34,E268_Tetrahydrofuran-3-carboxylic acid,C1COCC1C(=O)O,N3_Scaffold 7,CC(C)C1=CC2=CCC3[C@](C)(CN)CCC[C@]3(C)C2CC1,CC(C)C1=CC2=CCC3[C@](C)(CNCC4CCOC4)CCC[C@]3(C)C2CC1,1.3,4.2,76.5,1.9,-1.0,268,116.11,0.2,Electrophile,acid04-D4,1,2,7,daDL@@QdfyVyjjhr`@,C1COCC1C(=O)O,1,1,89364-31-8,0,N3,3,224
Q46,E268_Tetrahydrofuran-3-carboxylic acid,C1COCC1C(=O)O,N4_Scaffold 6,CCNC[C@@]1(C)C2[C@](C)(CCC1)c3c(CC2)cc(C(C)C)c(c3)N,CCNC[C@]1(C)CCC[C@]2(C)c3cc(NCC4CCOC4)c(C(C)C)cc3CCC12,8.6,8.7,50.2,0.0,-1.0,268,116.11,0.2,Electrophile,acid04-D4,1,2,7,daDL@@QdfyVyjjhr`@,C1COCC1C(=O)O,1,1,89364-31-8,0,N4,4,224
S10,E271_Tetrahydro-2H-pyran-2-carboxylic acid,C1CCOC(C1)C(=O)O,N1_(+)-Dehydroabietylamine,CC(C)c1ccc2c(c1)CC[C@H]1[C@](C)(CN)CCC[C@]21C,CC(C)c1ccc2c(c1)CC[C@H]1[C@](C)(CNCC3CCCCO3)CCC[C@]21C,6.24,24.1,79.4,23.1,-1.0,271,130.14,0.2,Electrophile,acid04-D7,1,2,7,didL@@PdfyWaZjjcB@@,C1CCOC(C1)C(=O)O,1,1,51673-83-7,0,N1,1,225
S22,E271_Tetrahydro-2H-pyran-2-carboxylic acid,C1CCOC(C1)C(=O)O,N2_hydroxydehydroabietylamine,CC(C)C(C(O)=C1)=CC2=C1[C@]3(C)C(CC2)[C@](C)(CN)CCC3,CC(C)c1cc2c(cc1O)[C@@]1(C)CCC[C@@](C)(CNCC3CCCCO3)C1CC2,0.0,0.8,100.0,31.2,-1.0,271,130.14,0.2,Electrophile,acid04-D7,1,2,7,didL@@PdfyWaZjjcB@@,C1CCOC(C1)C(=O)O,1,1,51673-83-7,0,N2,2,225
S34,E271_Tetrahydro-2H-pyran-2-carboxylic acid,C1CCOC(C1)C(=O)O,N3_Scaffold 7,CC(C)C1=CC2=CCC3[C@](C)(CN)CCC[C@]3(C)C2CC1,CC(C)C1=CC2=CCC3[C@](C)(CNCC4CCCCO4)CCC[C@]3(C)C2CC1,2.6,9.1,77.8,15.1,-1.0,271,130.14,0.2,Electrophile,acid04-D7,1,2,7,didL@@PdfyWaZjjcB@@,C1CCOC(C1)C(=O)O,1,1,51673-83-7,0,N3,3,225
S46,E271_Tetrahydro-2H-pyran-2-carboxylic acid,C1CCOC(C1)C(=O)O,N4_Scaffold 6,CCNC[C@@]1(C)C2[C@](C)(CCC1)c3c(CC2)cc(C(C)C)c(c3)N,CCNC[C@]1(C)CCC[C@]2(C)c3cc(NCC4CCCCO4)c(C(C)C)cc3CCC12,6.5,2.8,30.0,27.5,-1.0,271,130.14,0.2,Electrophile,acid04-D7,1,2,7,didL@@PdfyWaZjjcB@@,C1CCOC(C1)C(=O)O,1,1,51673-83-7,0,N4,4,225
U10,E276_2-Tetrahydrofuroic Acid,C1CC(OC1)C(=O)O,N1_(+)-Dehydroabietylamine,CC(C)c1ccc2c(c1)CC[C@H]1[C@](C)(CN)CCC[C@]21C,CC(C)c1ccc2c(c1)CC[C@H]1[C@](C)(CNCC3CCCO3)CCC[C@]21C,1.56,25.4,94.2,0.0,-1.0,276,116.11,0.2,Electrophile,acid04-D13,1,2,7,daDL@@PdfyVyjjhp`@,C1CC(OC1)C(=O)O,1,1,16874-33-2,0,N1,1,226
U22,E276_2-Tetrahydrofuroic Acid,C1CC(OC1)C(=O)O,N2_hydroxydehydroabietylamine,CC(C)C(C(O)=C1)=CC2=C1[C@]3(C)C(CC2)[C@](C)(CN)CCC3,CC(C)c1cc2c(cc1O)[C@@]1(C)CCC[C@@](C)(CNCC3CCCO3)C1CC2,0.0,0.0,0.0,0.0,-1.0,276,116.11,0.2,Electrophile,acid04-D13,1,2,7,daDL@@PdfyVyjjhp`@,C1CC(OC1)C(=O)O,1,1,16874-33-2,0,N2,2,226
U34,E276_2-Tetrahydrofuroic Acid,C1CC(OC1)C(=O)O,N3_Scaffold 7,CC(C)C1=CC2=CCC3[C@](C)(CN)CCC[C@]3(C)C2CC1,CC(C)C1=CC2=CCC3[C@](C)(CNCC4CCCO4)CCC[C@]3(C)C2CC1,2.6,2.6,50.4,0.0,-1.0,276,116.11,0.2,Electrophile,acid04-D13,1,2,7,daDL@@PdfyVyjjhp`@,C1CC(OC1)C(=O)O,1,1,16874-33-2,0,N3,3,226
U46,E276_2-Tetrahydrofuroic Acid,C1CC(OC1)C(=O)O,N4_Scaffold 6,CCNC[C@@]1(C)C2[C@](C)(CCC1)c3c(CC2)cc(C(C)C)c(c3)N,CCNC[C@]1(C)CCC[C@]2(C)c3cc(NCC4CCCO4)c(C(C)C)cc3CCC12,0.9,4.6,83.5,0.0,-1.0,276,116.11,0.2,Electrophile,acid04-D13,1,2,7,daDL@@PdfyVyjjhp`@,C1CC(OC1)C(=O)O,1,1,16874-33-2,0,N4,4,226
W10,E280_Tetrahydropyran-4-carboxylic acid,O=C(O)C1CCOCC1,N1_(+)-Dehydroabietylamine,CC(C)c1ccc2c(c1)CC[C@H]1[C@](C)(CN)CCC[C@]21C,CC(C)c1ccc2c(c1)CC[C@H]1[C@](C)(CNCC3CCOCC3)CCC[C@]21C,4.89,23.1,82.5,0.0,-1.0,280,130.139,0.2,Electrophile,acid04-E2,1,2,7,didL@@PTfyWaZjj@@,O=C(O)C1CCOCC1,1,1,3/1/37,0,N1,1,227
W22,E280_Tetrahydropyran-4-carboxylic acid,O=C(O)C1CCOCC1,N2_hydroxydehydroabietylamine,CC(C)C(C(O)=C1)=CC2=C1[C@]3(C)C(CC2)[C@](C)(CN)CCC3,CC(C)c1cc2c(cc1O)[C@@]1(C)CCC[C@@](C)(CNCC3CCOCC3)C1CC2,0.0,4.4,100.0,17.8,-1.0,280,130.139,0.2,Electrophile,acid04-E2,1,2,7,didL@@PTfyWaZjj@@,O=C(O)C1CCOCC1,1,1,3/1/37,0,N2,2,227
W34,E280_Tetrahydropyran-4-carboxylic acid,O=C(O)C1CCOCC1,N3_Scaffold 7,CC(C)C1=CC2=CCC3[C@](C)(CN)CCC[C@]3(C)C2CC1,CC(C)C1=CC2=CCC3[C@](C)(CNCC4CCOCC4)CCC[C@]3(C)C2CC1,2.3,5.7,71.4,6.7,-1.0,280,130.139,0.2,Electrophile,acid04-E2,1,2,7,didL@@PTfyWaZjj@@,O=C(O)C1CCOCC1,1,1,3/1/37,0,N3,3,227
W46,E280_Tetrahydropyran-4-carboxylic acid,O=C(O)C1CCOCC1,N4_Scaffold 6,CCNC[C@@]1(C)C2[C@](C)(CCC1)c3c(CC2)cc(C(C)C)c(c3)N,CCNC[C@]1(C)CCC[C@]2(C)c3cc(NCC4CCOCC4)c(C(C)C)cc3CCC12,14.6,5.9,28.9,18.4,-1.0,280,130.139,0.2,Electrophile,acid04-E2,1,2,7,didL@@PTfyWaZjj@@,O=C(O)C1CCOCC1,1,1,3/1/37,0,N4,4,227
I7,E292_3-quinolinecarboxylic acid,C1=CC=C2C(=C1)C=C(C=N2)C(=O)O,N1_(+)-Dehydroabietylamine,CC(C)c1ccc2c(c1)CC[C@H]1[C@](C)(CN)CCC[C@]21C,CC(C)c1ccc2c(c1)CC[C@H]1[C@](C)(CNCc3cnc4ccccc4c3)CCC[C@]21C,30.4,3.7,10.7,35.4,-1.0,292,173.17,0.2,Electrophile,acid04-E15,1,2,7,dk^D@FADfyUUx]Mh@@@@@,C1=CC=C2C(=C1)C=C(C=N2)C(=O)O,1,1,6480-68-8,0,N1,1,228
I19,E292_3-quinolinecarboxylic acid,C1=CC=C2C(=C1)C=C(C=N2)C(=O)O,N2_hydroxydehydroabietylamine,CC(C)C(C(O)=C1)=CC2=C1[C@]3(C)C(CC2)[C@](C)(CN)CCC3,CC(C)c1cc2c(cc1O)[C@@]1(C)CCC[C@@](C)(CNCc3cnc4ccccc4c3)C1CC2,2.05,2.4,53.9,0.0,-1.0,292,173.17,0.2,Electrophile,acid04-E15,1,2,7,dk^D@FADfyUUx]Mh@@@@@,C1=CC=C2C(=C1)C=C(C=N2)C(=O)O,1,1,6480-68-8,0,N2,2,228
I31,E292_3-quinolinecarboxylic acid,C1=CC=C2C(=C1)C=C(C=N2)C(=O)O,N3_Scaffold 7,CC(C)C1=CC2=CCC3[C@](C)(CN)CCC[C@]3(C)C2CC1,CC(C)C1=CC2=CCC3[C@](C)(CNCc4cnc5ccccc5c4)CCC[C@]3(C)C2CC1,19.0,30.1,61.3,10.9,-1.0,292,173.17,0.2,Electrophile,acid04-E15,1,2,7,dk^D@FADfyUUx]Mh@@@@@,C1=CC=C2C(=C1)C=C(C=N2)C(=O)O,1,1,6480-68-8,0,N3,3,228
I43,E292_3-quinolinecarboxylic acid,C1=CC=C2C(=C1)C=C(C=N2)C(=O)O,N4_Scaffold 6,CCNC[C@@]1(C)C2[C@](C)(CCC1)c3c(CC2)cc(C(C)C)c(c3)N,CCNC[C@]1(C)CCC[C@]2(C)c3cc(NCc4cnc5ccccc5c4)c(C(C)C)cc3CCC12,14.9,3.0,16.6,0.0,-1.0,292,173.17,0.2,Electrophile,acid04-E15,1,2,7,dk^D@FADfyUUx]Mh@@@@@,C1=CC=C2C(=C1)C=C(C=N2)C(=O)O,1,1,6480-68-8,0,N4,4,228
J7,E294_6-Quinolinecarboxylic Acid,C1=CC2=C(C=CC(=C2)C(=O)O)N=C1,N1_(+)-Dehydroabietylamine,CC(C)c1ccc2c(c1)CC[C@H]1[C@](C)(CN)CCC[C@]21C,CC(C)c1ccc2c(c1)CC[C@H]1[C@](C)(CNCc3ccc4ncccc4c3)CCC[C@]21C,36.0,19.7,35.4,72.4,0.82,294,173.17,0.2,Electrophile,acid04-F2,1,2,7,dk^D@EADfyVux]Mh@@@@@,C1=CC2=C(C=CC(=C2)C(=O)O)N=C1,1,1,10349-57-2,0,N1,1,229
J19,E294_6-Quinolinecarboxylic Acid,C1=CC2=C(C=CC(=C2)C(=O)O)N=C1,N2_hydroxydehydroabietylamine,CC(C)C(C(O)=C1)=CC2=C1[C@]3(C)C(CC2)[C@](C)(CN)CCC3,CC(C)c1cc2c(cc1O)[C@@]1(C)CCC[C@@](C)(CNCc3ccc4ncccc4c3)C1CC2,2.9,5.5,65.1,0.0,-1.0,294,173.17,0.2,Electrophile,acid04-F2,1,2,7,dk^D@EADfyVux]Mh@@@@@,C1=CC2=C(C=CC(=C2)C(=O)O)N=C1,1,1,10349-57-2,0,N2,2,229
J31,E294_6-Quinolinecarboxylic Acid,C1=CC2=C(C=CC(=C2)C(=O)O)N=C1,N3_Scaffold 7,CC(C)C1=CC2=CCC3[C@](C)(CN)CCC[C@]3(C)C2CC1,CC(C)C1=CC2=CCC3[C@](C)(CNCc4ccc5ncccc5c4)CCC[C@]3(C)C2CC1,12.8,8.0,38.4,0.0,-1.0,294,173.17,0.2,Electrophile,acid04-F2,1,2,7,dk^D@EADfyVux]Mh@@@@@,C1=CC2=C(C=CC(=C2)C(=O)O)N=C1,1,1,10349-57-2,0,N3,3,229
J43,E294_6-Quinolinecarboxylic Acid,C1=CC2=C(C=CC(=C2)C(=O)O)N=C1,N4_Scaffold 6,CCNC[C@@]1(C)C2[C@](C)(CCC1)c3c(CC2)cc(C(C)C)c(c3)N,CCNC[C@]1(C)CCC[C@]2(C)c3cc(NCc4ccc5ncccc5c4)c(C(C)C)cc3CCC12,21.9,1.6,6.7,2.5,-1.0,294,173.17,0.2,Electrophile,acid04-F2,1,2,7,dk^D@EADfyVux]Mh@@@@@,C1=CC2=C(C=CC(=C2)C(=O)O)N=C1,1,1,10349-57-2,0,N4,4,229
M7,E297_Flumequine,CC1CCC2=C3N1C=C(C(=O)C3=CC(=C2)F)C(=O)O,N1_(+)-Dehydroabietylamine,CC(C)c1ccc2c(c1)CC[C@H]1[C@](C)(CN)CCC[C@]21C,CC(C)c1ccc2c(c1)CC[C@H]1[C@](C)(CNCc3cn4c5c(cc(F)cc5c3=O)CCC4C)CCC[C@]21C,17.67,9.8,35.6,33.0,-1.0,297,261.25,0.2,Electrophile,acid04-F5,1,2,7,fluab@MRCDD`drlloO]NZ\[t@QMTsQTOT@@,CC1CCC2=C3N1C=C(C(=O)C3=CC(=C2)F)C(=O)O,1,1,42835-25-6,0,N1,1,230
M19,E297_Flumequine,CC1CCC2=C3N1C=C(C(=O)C3=CC(=C2)F)C(=O)O,N2_hydroxydehydroabietylamine,CC(C)C(C(O)=C1)=CC2=C1[C@]3(C)C(CC2)[C@](C)(CN)CCC3,CC(C)c1cc2c(cc1O)[C@@]1(C)CCC[C@@](C)(CNCc3cn4c5c(cc(F)cc5c3=O)CCC4C)C1CC2,1.82,7.5,80.5,13.5,-1.0,297,261.25,0.2,Electrophile,acid04-F5,1,2,7,fluab@MRCDD`drlloO]NZ\[t@QMTsQTOT@@,CC1CCC2=C3N1C=C(C(=O)C3=CC(=C2)F)C(=O)O,1,1,42835-25-6,0,N2,2,230
M31,E297_Flumequine,CC1CCC2=C3N1C=C(C(=O)C3=CC(=C2)F)C(=O)O,N3_Scaffold 7,CC(C)C1=CC2=CCC3[C@](C)(CN)CCC[C@]3(C)C2CC1,CC(C)C1=CC2=CCC3[C@](C)(CNCc4cn5c6c(cc(F)cc6c4=O)CCC5C)CCC[C@]3(C)C2CC1,9.5,10.8,53.2,35.8,-1.0,297,261.25,0.2,Electrophile,acid04-F5,1,2,7,fluab@MRCDD`drlloO]NZ\[t@QMTsQTOT@@,CC1CCC2=C3N1C=C(C(=O)C3=CC(=C2)F)C(=O)O,1,1,42835-25-6,0,N3,3,230
M43,E297_Flumequine,CC1CCC2=C3N1C=C(C(=O)C3=CC(=C2)F)C(=O)O,N4_Scaffold 6,CCNC[C@@]1(C)C2[C@](C)(CCC1)c3c(CC2)cc(C(C)C)c(c3)N,CCNC[C@]1(C)CCC[C@]2(C)c3cc(NCc4cn5c6c(cc(F)cc6c4=O)CCC5C)c(C(C)C)cc3CCC12,18.0,10.4,36.6,15.1,-1.0,297,261.25,0.2,Electrophile,acid04-F5,1,2,7,fluab@MRCDD`drlloO]NZ\[t@QMTsQTOT@@,CC1CCC2=C3N1C=C(C(=O)C3=CC(=C2)F)C(=O)O,1,1,42835-25-6,0,N4,4,230
N7,E298_Methoxy-1-methyl-1H-pyrazole-5-carboxylic acid,CN1C(=CC(=N1)OC)C(=O)O,N1_(+)-Dehydroabietylamine,CC(C)c1ccc2c(c1)CC[C@H]1[C@](C)(CN)CCC[C@]21C,COc1cc(CNC[C@]2(C)CCC[C@]3(C)c4ccc(C(C)C)cc4CC[C@@H]23)n(C)n1,37.2,24.4,39.6,79.0,0.0,298,156.14,0.2,Electrophile,acid04-F6,1,2,7,dmuL@BXDgHihhbfEjZjP@,CN1C(=CC(=N1)OC)C(=O)O,1,1,126674-95-1,0,N1,1,231
N19,E298_Methoxy-1-methyl-1H-pyrazole-5-carboxylic acid,CN1C(=CC(=N1)OC)C(=O)O,N2_hydroxydehydroabietylamine,CC(C)C(C(O)=C1)=CC2=C1[C@]3(C)C(CC2)[C@](C)(CN)CCC3,COc1cc(CNC[C@]2(C)CCC[C@]3(C)c4cc(O)c(C(C)C)cc4CCC23)n(C)n1,0.4,4.1,90.4,0.0,-1.0,298,156.14,0.2,Electrophile,acid04-F6,1,2,7,dmuL@BXDgHihhbfEjZjP@,CN1C(=CC(=N1)OC)C(=O)O,1,1,126674-95-1,0,N2,2,231
N31,E298_Methoxy-1-methyl-1H-pyrazole-5-carboxylic acid,CN1C(=CC(=N1)OC)C(=O)O,N3_Scaffold 7,CC(C)C1=CC2=CCC3[C@](C)(CN)CCC[C@]3(C)C2CC1,COc1cc(CNC[C@]2(C)CCC[C@]3(C)C4CCC(C(C)C)=CC4=CCC23)n(C)n1,22.0,41.9,65.6,24.8,-1.0,298,156.14,0.2,Electrophile,acid04-F6,1,2,7,dmuL@BXDgHihhbfEjZjP@,CN1C(=CC(=N1)OC)C(=O)O,1,1,126674-95-1,0,N3,3,231
N43,E298_Methoxy-1-methyl-1H-pyrazole-5-carboxylic acid,CN1C(=CC(=N1)OC)C(=O)O,N4_Scaffold 6,CCNC[C@@]1(C)C2[C@](C)(CCC1)c3c(CC2)cc(C(C)C)c(c3)N,CCNC[C@]1(C)CCC[C@]2(C)c3cc(NCc4cc(OC)nn4C)c(C(C)C)cc3CCC12,28.9,0.0,0.0,1.4,-1.0,298,156.14,0.2,Electrophile,acid04-F6,1,2,7,dmuL@BXDgHihhbfEjZjP@,CN1C(=CC(=N1)OC)C(=O)O,1,1,126674-95-1,0,N4,4,231
U7,E307_1-Boc-4-Methylpiperidine-4-carboxylic acid,CC1(CCN(CC1)C(=O)OC(C)(C)C)C(=O)O,N1_(+)-Dehydroabietylamine,CC(C)c1ccc2c(c1)CC[C@H]1[C@](C)(CN)CCC[C@]21C,CC(C)c1ccc2c(c1)CC[C@H]1[C@](C)(CNCC3(C)CCN(C(=O)OC(C)(C)C)CC3)CCC[C@]21C,14.56,10.8,42.5,0.0,-1.0,307,243.3,0.2,Electrophile,acid05-A1,1,2,7,fhq`P@L@QxNQQJJQJzJZLuUUUSP@@,CC1(CCN(CC1)C(=O)OC(C)(C)C)C(=O)O,1,1,189321-63-9,0,N1,1,232
U19,E307_1-Boc-4-Methylpiperidine-4-carboxylic acid,CC1(CCN(CC1)C(=O)OC(C)(C)C)C(=O)O,N2_hydroxydehydroabietylamine,CC(C)C(C(O)=C1)=CC2=C1[C@]3(C)C(CC2)[C@](C)(CN)CCC3,CC(C)c1cc2c(cc1O)[C@@]1(C)CCC[C@@](C)(CNCC3(C)CCN(C(=O)OC(C)(C)C)CC3)C1CC2,2.18,19.2,89.8,0.0,-1.0,307,243.3,0.2,Electrophile,acid05-A1,1,2,7,fhq`P@L@QxNQQJJQJzJZLuUUUSP@@,CC1(CCN(CC1)C(=O)OC(C)(C)C)C(=O)O,1,1,189321-63-9,0,N2,2,232
U31,E307_1-Boc-4-Methylpiperidine-4-carboxylic acid,CC1(CCN(CC1)C(=O)OC(C)(C)C)C(=O)O,N3_Scaffold 7,CC(C)C1=CC2=CCC3[C@](C)(CN)CCC[C@]3(C)C2CC1,CC(C)C1=CC2=CCC3[C@](C)(CNCC4(C)CCN(C(=O)OC(C)(C)C)CC4)CCC[C@]3(C)C2CC1,13.8,16.7,54.7,0.0,-1.0,307,243.3,0.2,Electrophile,acid05-A1,1,2,7,fhq`P@L@QxNQQJJQJzJZLuUUUSP@@,CC1(CCN(CC1)C(=O)OC(C)(C)C)C(=O)O,1,1,189321-63-9,0,N3,3,232
U43,E307_1-Boc-4-Methylpiperidine-4-carboxylic acid,CC1(CCN(CC1)C(=O)OC(C)(C)C)C(=O)O,N4_Scaffold 6,CCNC[C@@]1(C)C2[C@](C)(CCC1)c3c(CC2)cc(C(C)C)c(c3)N,CCNC[C@]1(C)CCC[C@]2(C)c3cc(NCC4(C)CCN(C(=O)OC(C)(C)C)CC4)c(C(C)C)cc3CCC12,16.2,0.0,0.0,0.0,-1.0,307,243.3,0.2,Electrophile,acid05-A1,1,2,7,fhq`P@L@QxNQQJJQJzJZLuUUUSP@@,CC1(CCN(CC1)C(=O)OC(C)(C)C)C(=O)O,1,1,189321-63-9,0,N4,4,232
V7,E309_1-Cbz-4-methylpiperidine-4-carboxylic acid,CC1(CCN(CC1)C(=O)OCC2=CC=CC=C2)C(=O)O,N1_(+)-Dehydroabietylamine,CC(C)c1ccc2c(c1)CC[C@H]1[C@](C)(CN)CCC[C@]21C,CC(C)c1ccc2c(c1)CC[C@H]1[C@](C)(CNCC3(C)CCN(C(=O)OCc4ccccc4)CC3)CCC[C@]21C,43.1,11.1,20.4,52.2,-1.0,309,277.31,0.2,Electrophile,acid05-A3,1,2,7,fbu`P@L@PgJSKJlzstcNbuUTDECP@@,CC1(CCN(CC1)C(=O)OCC2=CC=CC=C2)C(=O)O,1,1,203522-12-7,0,N1,1,233
V19,E309_1-Cbz-4-methylpiperidine-4-carboxylic acid,CC1(CCN(CC1)C(=O)OCC2=CC=CC=C2)C(=O)O,N2_hydroxydehydroabietylamine,CC(C)C(C(O)=C1)=CC2=C1[C@]3(C)C(CC2)[C@](C)(CN)CCC3,CC(C)c1cc2c(cc1O)[C@@]1(C)CCC[C@@](C)(CNCC3(C)CCN(C(=O)OCc4ccccc4)CC3)C1CC2,0.9,12.5,93.1,0.0,-1.0,309,277.31,0.2,Electrophile,acid05-A3,1,2,7,fbu`P@L@PgJSKJlzstcNbuUTDECP@@,CC1(CCN(CC1)C(=O)OCC2=CC=CC=C2)C(=O)O,1,1,203522-12-7,0,N2,2,233
V31,E309_1-Cbz-4-methylpiperidine-4-carboxylic acid,CC1(CCN(CC1)C(=O)OCC2=CC=CC=C2)C(=O)O,N3_Scaffold 7,CC(C)C1=CC2=CCC3[C@](C)(CN)CCC[C@]3(C)C2CC1,CC(C)C1=CC2=CCC3[C@](C)(CNCC4(C)CCN(C(=O)OCc5ccccc5)CC4)CCC[C@]3(C)C2CC1,17.5,20.4,53.8,3.3,-1.0,309,277.31,0.2,Electrophile,acid05-A3,1,2,7,fbu`P@L@PgJSKJlzstcNbuUTDECP@@,CC1(CCN(CC1)C(=O)OCC2=CC=CC=C2)C(=O)O,1,1,203522-12-7,0,N3,3,233
V43,E309_1-Cbz-4-methylpiperidine-4-carboxylic acid,CC1(CCN(CC1)C(=O)OCC2=CC=CC=C2)C(=O)O,N4_Scaffold 6,CCNC[C@@]1(C)C2[C@](C)(CCC1)c3c(CC2)cc(C(C)C)c(c3)N,CCNC[C@]1(C)CCC[C@]2(C)c3cc(NCC4(C)CCN(C(=O)OCc5ccccc5)CC4)c(C(C)C)cc3CCC12,13.4,1.1,7.7,0.0,-1.0,309,277.31,0.2,Electrophile,acid05-A3,1,2,7,fbu`P@L@PgJSKJlzstcNbuUTDECP@@,CC1(CCN(CC1)C(=O)OCC2=CC=CC=C2)C(=O)O,1,1,203522-12-7,0,N4,4,233
A1,"E1_2-BIBENZYLCARBOXYLIC ACID, 97%",C1=CC=C(C=C1)CCC2=CC=CC=C2C(=O)O,N1_(+)-Dehydroabietylamine,CC(C)c1ccc2c(c1)CC[C@H]1[C@](C)(CN)CCC[C@]21C,CC(C)c1ccc2c(c1)CC[C@H]1[C@](C)(CNCc3ccccc3CCc3ccccc3)CCC[C@]21C,59.24,5.7,8.8,0.0,-1.0,1,226.27,0.2,Electrophile,acid-A1,1,2,8,fhi@`@@HrJZJIHjIHToAZ@`h@@@@,C1=CC=C(C=C1)CCC2=CC=CC=C2C(=O)O,1,1,4890-85-1,0,N1,1,234
A13,"E1_2-BIBENZYLCARBOXYLIC ACID, 97%",C1=CC=C(C=C1)CCC2=CC=CC=C2C(=O)O,N2_hydroxydehydroabietylamine,CC(C)C(C(O)=C1)=CC2=C1[C@]3(C)C(CC2)[C@](C)(CN)CCC3,CC(C)c1cc2c(cc1O)[C@@]1(C)CCC[C@@](C)(CNCc3ccccc3CCc3ccccc3)C1CC2,62.45,29.3,31.9,80.2,0.0,1,226.27,0.2,Electrophile,acid-A1,1,2,8,fhi@`@@HrJZJIHjIHToAZ@`h@@@@,C1=CC=C(C=C1)CCC2=CC=CC=C2C(=O)O,1,1,4890-85-1,0,N2,2,234
A25,"E1_2-BIBENZYLCARBOXYLIC ACID, 97%",C1=CC=C(C=C1)CCC2=CC=CC=C2C(=O)O,N3_Scaffold 7,CC(C)C1=CC2=CCC3[C@](C)(CN)CCC[C@]3(C)C2CC1,CC(C)C1=CC2=CCC3[C@](C)(CNCc4ccccc4CCc4ccccc4)CCC[C@]3(C)C2CC1,7.9,21.0,72.6,0.0,-1.0,1,226.27,0.2,Electrophile,acid-A1,1,2,8,fhi@`@@HrJZJIHjIHToAZ@`h@@@@,C1=CC=C(C=C1)CCC2=CC=CC=C2C(=O)O,1,1,4890-85-1,0,N3,3,234
A37,"E1_2-BIBENZYLCARBOXYLIC ACID, 97%",C1=CC=C(C=C1)CCC2=CC=CC=C2C(=O)O,N4_Scaffold 6,CCNC[C@@]1(C)C2[C@](C)(CCC1)c3c(CC2)cc(C(C)C)c(c3)N,CCNC[C@]1(C)CCC[C@]2(C)c3cc(NCc4ccccc4CCc4ccccc4)c(C(C)C)cc3CCC12,16.7,6.9,29.3,0.0,-1.0,1,226.27,0.2,Electrophile,acid-A1,1,2,8,fhi@`@@HrJZJIHjIHToAZ@`h@@@@,C1=CC=C(C=C1)CCC2=CC=CC=C2C(=O)O,1,1,4890-85-1,0,N4,4,234
A8,"E3_4-HYDROXYBENZOIC ACID, 99%",C1=CC(=CC=C1C(=O)O)O,N1_(+)-Dehydroabietylamine,CC(C)c1ccc2c(c1)CC[C@H]1[C@](C)(CN)CCC[C@]21C,CC(C)c1ccc2c(c1)CC[C@H]1[C@](C)(CNCc3ccc(O)cc3)CCC[C@]21C,20.04,0.0,0.0,0.0,-1.0,3,138.12,0.2,Electrophile,acid01-A3,1,2,8,deTL@@RTfyWxV`@`@@,C1=CC(=CC=C1C(=O)O)O,1,1,99-96-7,0,N1,1,235
A20,"E3_4-HYDROXYBENZOIC ACID, 99%",C1=CC(=CC=C1C(=O)O)O,N2_hydroxydehydroabietylamine,CC(C)C(C(O)=C1)=CC2=C1[C@]3(C)C(CC2)[C@](C)(CN)CCC3,CC(C)c1cc2c(cc1O)[C@@]1(C)CCC[C@@](C)(CNCc3ccc(O)cc3)C1CC2,14.38,0.0,0.0,0.0,-1.0,3,138.12,0.2,Electrophile,acid01-A3,1,2,8,deTL@@RTfyWxV`@`@@,C1=CC(=CC=C1C(=O)O)O,1,1,99-96-7,0,N2,2,235
A32,"E3_4-HYDROXYBENZOIC ACID, 99%",C1=CC(=CC=C1C(=O)O)O,N3_Scaffold 7,CC(C)C1=CC2=CCC3[C@](C)(CN)CCC[C@]3(C)C2CC1,CC(C)C1=CC2=CCC3[C@](C)(CNCc4ccc(O)cc4)CCC[C@]3(C)C2CC1,11.4,0.0,0.0,0.0,-1.0,3,138.12,0.2,Electrophile,acid01-A3,1,2,8,deTL@@RTfyWxV`@`@@,C1=CC(=CC=C1C(=O)O)O,1,1,99-96-7,0,N3,3,235
A44,"E3_4-HYDROXYBENZOIC ACID, 99%",C1=CC(=CC=C1C(=O)O)O,N4_Scaffold 6,CCNC[C@@]1(C)C2[C@](C)(CCC1)c3c(CC2)cc(C(C)C)c(c3)N,CCNC[C@]1(C)CCC[C@]2(C)c3cc(NCc4ccc(O)cc4)c(C(C)C)cc3CCC12,1.9,0.0,0.0,0.0,-1.0,3,138.12,0.2,Electrophile,acid01-A3,1,2,8,deTL@@RTfyWxV`@`@@,C1=CC(=CC=C1C(=O)O)O,1,1,99-96-7,0,N4,4,235
C1,"E4_4-METHOXYBENZOIC ACID, 97%",COC1=CC=C(C=C1)C(=O)O,N1_(+)-Dehydroabietylamine,CC(C)c1ccc2c(c1)CC[C@H]1[C@](C)(CN)CCC[C@]21C,COc1ccc(CNC[C@]2(C)CCC[C@]3(C)c4ccc(C(C)C)cc4CC[C@@H]23)cc1,0.0,25.4,100.0,100.0,37.54,4,152.15,0.2,Electrophile,acid-A4,1,2,8,dmtL@@RTfyW^Eh@J@@,COC1=CC=C(C=C1)C(=O)O,1,1,100-09-4,0,N1,1,236
C13,"E4_4-METHOXYBENZOIC ACID, 97%",COC1=CC=C(C=C1)C(=O)O,N2_hydroxydehydroabietylamine,CC(C)C(C(O)=C1)=CC2=C1[C@]3(C)C(CC2)[C@](C)(CN)CCC3,COc1ccc(CNC[C@]2(C)CCC[C@]3(C)c4cc(O)c(C(C)C)cc4CCC23)cc1,51.38,22.1,30.1,92.7,0.0,4,152.15,0.2,Electrophile,acid-A4,1,2,8,dmtL@@RTfyW^Eh@J@@,COC1=CC=C(C=C1)C(=O)O,1,1,100-09-4,0,N2,2,236
C25,"E4_4-METHOXYBENZOIC ACID, 97%",COC1=CC=C(C=C1)C(=O)O,N3_Scaffold 7,CC(C)C1=CC2=CCC3[C@](C)(CN)CCC[C@]3(C)C2CC1,COc1ccc(CNC[C@]2(C)CCC[C@]3(C)C4CCC(C(C)C)=CC4=CCC23)cc1,4.4,23.7,84.3,0.0,-1.0,4,152.15,0.2,Electrophile,acid-A4,1,2,8,dmtL@@RTfyW^Eh@J@@,COC1=CC=C(C=C1)C(=O)O,1,1,100-09-4,0,N3,3,236
C37,"E4_4-METHOXYBENZOIC ACID, 97%",COC1=CC=C(C=C1)C(=O)O,N4_Scaffold 6,CCNC[C@@]1(C)C2[C@](C)(CCC1)c3c(CC2)cc(C(C)C)c(c3)N,CCNC[C@]1(C)CCC[C@]2(C)c3cc(NCc4ccc(OC)cc4)c(C(C)C)cc3CCC12,26.8,0.0,0.0,0.0,-1.0,4,152.15,0.2,Electrophile,acid-A4,1,2,8,dmtL@@RTfyW^Eh@J@@,COC1=CC=C(C=C1)C(=O)O,1,1,100-09-4,0,N4,4,236
E1,"E6_3-(METHOXYCARBONYL)BENZOIC ACID, 98%",COC(=O)C1=CC=CC(=C1)C(=O)O,N1_(+)-Dehydroabietylamine,CC(C)c1ccc2c(c1)CC[C@H]1[C@](C)(CN)CCC[C@]21C,COC(=O)c1cccc(CNC[C@]2(C)CCC[C@]3(C)c4ccc(C(C)C)cc4CC[C@@H]23)c1,52.59,24.0,31.4,99.1,0.0,6,180.16,0.2,Electrophile,acid01-A6,1,2,8,dklB@@SSRY[VxUZ`BF@@,COC(=O)C1=CC=CC(=C1)C(=O)O,1,1,1877-71-0,0,N1,1,237
E13,"E6_3-(METHOXYCARBONYL)BENZOIC ACID, 98%",COC(=O)C1=CC=CC(=C1)C(=O)O,N2_hydroxydehydroabietylamine,CC(C)C(C(O)=C1)=CC2=C1[C@]3(C)C(CC2)[C@](C)(CN)CCC3,COC(=O)c1cc(ccc1)CNC[C@@]2(C)C3[C@](C)(CCC2)c4c(CC3)cc(C(C)C)c(c4)O,21.85,22.7,50.9,26.0,-1.0,6,180.16,0.2,Electrophile,acid01-A6,1,2,8,dklB@@SSRY[VxUZ`BF@@,COC(=O)C1=CC=CC(=C1)C(=O)O,1,1,1877-71-0,0,N2,2,237
E25,"E6_3-(METHOXYCARBONYL)BENZOIC ACID, 98%",COC(=O)C1=CC=CC(=C1)C(=O)O,N3_Scaffold 7,CC(C)C1=CC2=CCC3[C@](C)(CN)CCC[C@]3(C)C2CC1,COC(=O)c1cc(ccc1)CNC[C@@]2(C)C3[C@](C)(CCC2)C4C(=CC3)C=C(C(C)C)CC4,5.2,20.8,80.0,0.0,-1.0,6,180.16,0.2,Electrophile,acid01-A6,1,2,8,dklB@@SSRY[VxUZ`BF@@,COC(=O)C1=CC=CC(=C1)C(=O)O,1,1,1877-71-0,0,N3,3,237
E37,"E6_3-(METHOXYCARBONYL)BENZOIC ACID, 98%",COC(=O)C1=CC=CC(=C1)C(=O)O,N4_Scaffold 6,CCNC[C@@]1(C)C2[C@](C)(CCC1)c3c(CC2)cc(C(C)C)c(c3)N,COC(=O)c1cc(ccc1)CNc2cc3[C@]4(C)C([C@](CNCC)(CCC4)C)CCc3cc2C(C)C,18.7,5.6,23.1,0.0,-1.0,6,180.16,0.2,Electrophile,acid01-A6,1,2,8,dklB@@SSRY[VxUZ`BF@@,COC(=O)C1=CC=CC(=C1)C(=O)O,1,1,1877-71-0,0,N4,4,237
G1,"E8_4-FLUOROBENZOIC ACID, 98%",C1=CC(=CC=C1C(=O)O)F,N1_(+)-Dehydroabietylamine,CC(C)c1ccc2c(c1)CC[C@H]1[C@](C)(CN)CCC[C@]21C,CC(C)c1ccc2c(c1)CC[C@H]1[C@](C)(CNCc3ccc(F)cc3)CCC[C@]21C,38.91,10.3,20.9,87.2,0.0,8,140.11,0.2,Electrophile,acid-A8,1,2,8,deTD`AdIAIe]jZ@BX@@,C1=CC(=CC=C1C(=O)O)F,1,1,456-22-4,0,N1,1,238
G13,"E8_4-FLUOROBENZOIC ACID, 98%",C1=CC(=CC=C1C(=O)O)F,N2_hydroxydehydroabietylamine,CC(C)C(C(O)=C1)=CC2=C1[C@]3(C)C(CC2)[C@](C)(CN)CCC3,CC(C)c1cc2c(cc1O)[C@@]1(C)CCC[C@@](C)(CNCc3ccc(F)cc3)C1CC2,17.88,5.2,22.5,9.4,-1.0,8,140.11,0.2,Electrophile,acid-A8,1,2,8,deTD`AdIAIe]jZ@BX@@,C1=CC(=CC=C1C(=O)O)F,1,1,456-22-4,0,N2,2,238
G25,"E8_4-FLUOROBENZOIC ACID, 98%",C1=CC(=CC=C1C(=O)O)F,N3_Scaffold 7,CC(C)C1=CC2=CCC3[C@](C)(CN)CCC[C@]3(C)C2CC1,CC(C)C1=CC2=CCC3[C@](C)(CNCc4ccc(F)cc4)CCC[C@]3(C)C2CC1,9.2,0.3,3.0,0.0,-1.0,8,140.11,0.2,Electrophile,acid-A8,1,2,8,deTD`AdIAIe]jZ@BX@@,C1=CC(=CC=C1C(=O)O)F,1,1,456-22-4,0,N3,3,238
G37,"E8_4-FLUOROBENZOIC ACID, 98%",C1=CC(=CC=C1C(=O)O)F,N4_Scaffold 6,CCNC[C@@]1(C)C2[C@](C)(CCC1)c3c(CC2)cc(C(C)C)c(c3)N,CCNC[C@]1(C)CCC[C@]2(C)c3cc(NCc4ccc(F)cc4)c(C(C)C)cc3CCC12,9.3,0.7,7.1,0.0,-1.0,8,140.11,0.2,Electrophile,acid-A8,1,2,8,deTD`AdIAIe]jZ@BX@@,C1=CC(=CC=C1C(=O)O)F,1,1,456-22-4,0,N4,4,238
H1,"E9_4-PHENOXYBENZOIC ACID, 97%",C1=CC=C(C=C1)OC2=CC=C(C=C2)C(=O)O,N1_(+)-Dehydroabietylamine,CC(C)c1ccc2c(c1)CC[C@H]1[C@](C)(CN)CCC[C@]21C,CC(C)c1ccc2c(c1)CC[C@H]1[C@](C)(CNCc3ccc(Oc4ccccc4)cc3)CCC[C@]21C,29.5,39.1,57.0,39.3,-1.0,9,214.22,0.2,Electrophile,acid01-A9,1,2,8,f`qA`@@HddwJzroAN|t@E@@@@@,C1=CC=C(C=C1)OC2=CC=C(C=C2)C(=O)O,1,1,2215-77-2,0,N1,1,239
H13,"E9_4-PHENOXYBENZOIC ACID, 97%",C1=CC=C(C=C1)OC2=CC=C(C=C2)C(=O)O,N2_hydroxydehydroabietylamine,CC(C)C(C(O)=C1)=CC2=C1[C@]3(C)C(CC2)[C@](C)(CN)CCC3,CC(C)c1cc2c(cc1O)[C@@]1(C)CCC[C@@](C)(CNCc3ccc(Oc4ccccc4)cc3)C1CC2,0.0,18.0,100.0,4.5,-1.0,9,214.22,0.2,Electrophile,acid01-A9,1,2,8,f`qA`@@HddwJzroAN|t@E@@@@@,C1=CC=C(C=C1)OC2=CC=C(C=C2)C(=O)O,1,1,2215-77-2,0,N2,2,239
H25,"E9_4-PHENOXYBENZOIC ACID, 97%",C1=CC=C(C=C1)OC2=CC=C(C=C2)C(=O)O,N3_Scaffold 7,CC(C)C1=CC2=CCC3[C@](C)(CN)CCC[C@]3(C)C2CC1,CC(C)C1=CC2=CCC3[C@](C)(CNCc4ccc(Oc5ccccc5)cc4)CCC[C@]3(C)C2CC1,5.5,21.4,79.6,12.8,-1.0,9,214.22,0.2,Electrophile,acid01-A9,1,2,8,f`qA`@@HddwJzroAN|t@E@@@@@,C1=CC=C(C=C1)OC2=CC=C(C=C2)C(=O)O,1,1,2215-77-2,0,N3,3,239
H37,"E9_4-PHENOXYBENZOIC ACID, 97%",C1=CC=C(C=C1)OC2=CC=C(C=C2)C(=O)O,N4_Scaffold 6,CCNC[C@@]1(C)C2[C@](C)(CCC1)c3c(CC2)cc(C(C)C)c(c3)N,CCNC[C@]1(C)CCC[C@]2(C)c3cc(NCc4ccc(Oc5ccccc5)cc4)c(C(C)C)cc3CCC12,23.2,6.5,21.8,0.0,-1.0,9,214.22,0.2,Electrophile,acid01-A9,1,2,8,f`qA`@@HddwJzroAN|t@E@@@@@,C1=CC=C(C=C1)OC2=CC=C(C=C2)C(=O)O,1,1,2215-77-2,0,N4,4,239
I1,"E10_5-METHYL-2-NITROBENZOIC ACID, 98%",CC1=CC(=C(C=C1)[N+](=O)[O-])C(=O)O,N1_(+)-Dehydroabietylamine,CC(C)c1ccc2c(c1)CC[C@H]1[C@](C)(CN)CCC[C@]21C,Cc1ccc([N+](=O)[O-])c(CNC[C@]2(C)CCC[C@]3(C)c4ccc(C(C)C)cc4CC[C@@H]23)c1,79.32,13.3,14.4,100.0,63.16,10,181.15,0.2,Electrophile,acid-A11,1,2,8,dknBAHAIVISlbfbbTUGV``X`@@,CC1=CC(=C(C=C1)[N+](=O)[O-])C(=O)O,1,1,3113-72-2,0,N1,1,240
I13,"E10_5-METHYL-2-NITROBENZOIC ACID, 98%",CC1=CC(=C(C=C1)[N+](=O)[O-])C(=O)O,N2_hydroxydehydroabietylamine,CC(C)C(C(O)=C1)=CC2=C1[C@]3(C)C(CC2)[C@](C)(CN)CCC3,Cc1ccc([N+](=O)[O-])c(CNC[C@]2(C)CCC[C@]3(C)c4cc(O)c(C(C)C)cc4CCC23)c1,0.55,15.0,96.5,0.0,-1.0,10,181.15,0.2,Electrophile,acid-A11,1,2,8,dknBAHAIVISlbfbbTUGV``X`@@,CC1=CC(=C(C=C1)[N+](=O)[O-])C(=O)O,1,1,3113-72-2,0,N2,2,240
I25,"E10_5-METHYL-2-NITROBENZOIC ACID, 98%",CC1=CC(=C(C=C1)[N+](=O)[O-])C(=O)O,N3_Scaffold 7,CC(C)C1=CC2=CCC3[C@](C)(CN)CCC[C@]3(C)C2CC1,Cc1ccc([N+](=O)[O-])c(CNC[C@]2(C)CCC[C@]3(C)C4CCC(C(C)C)=CC4=CCC23)c1,15.3,38.8,71.7,22.0,-1.0,10,181.15,0.2,Electrophile,acid-A11,1,2,8,dknBAHAIVISlbfbbTUGV``X`@@,CC1=CC(=C(C=C1)[N+](=O)[O-])C(=O)O,1,1,3113-72-2,0,N3,3,240
I37,"E10_5-METHYL-2-NITROBENZOIC ACID, 98%",CC1=CC(=C(C=C1)[N+](=O)[O-])C(=O)O,N4_Scaffold 6,CCNC[C@@]1(C)C2[C@](C)(CCC1)c3c(CC2)cc(C(C)C)c(c3)N,CCNC[C@]1(C)CCC[C@]2(C)c3cc(NCc4cc(C)ccc4[N+](=O)[O-])c(C(C)C)cc3CCC12,23.0,11.2,32.7,0.0,-1.0,10,181.15,0.2,Electrophile,acid-A11,1,2,8,dknBAHAIVISlbfbbTUGV``X`@@,CC1=CC(=C(C=C1)[N+](=O)[O-])C(=O)O,1,1,3113-72-2,0,N4,4,240
C8,"E13_2-(BROMOMETHYL)BENZOIC ACID, 97%",C1=CC=C(C(=C1)CBr)C(=O)O,N1_(+)-Dehydroabietylamine,CC(C)c1ccc2c(c1)CC[C@H]1[C@](C)(CN)CCC[C@]21C,CC(C)c1ccc2c(c1)CC[C@H]1[C@](C)(CNCc3ccccc3CBr)CCC[C@]21C,25.26,0.0,0.0,0.0,-1.0,13,215.04,0.2,Electrophile,acid-A14,1,2,8,dmtD`AdLQIYegehHF@@@,C1=CC=C(C(=C1)CBr)C(=O)O,1,1,7115-89-1,0,N1,1,241
C20,"E13_2-(BROMOMETHYL)BENZOIC ACID, 97%",C1=CC=C(C(=C1)CBr)C(=O)O,N2_hydroxydehydroabietylamine,CC(C)C(C(O)=C1)=CC2=C1[C@]3(C)C(CC2)[C@](C)(CN)CCC3,CC(C)c1cc2c(cc1O)[C@@]1(C)CCC[C@@](C)(CNCc3ccccc3CBr)C1CC2,7.71,0.0,0.0,0.0,-1.0,13,215.04,0.2,Electrophile,acid-A14,1,2,8,dmtD`AdLQIYegehHF@@@,C1=CC=C(C(=C1)CBr)C(=O)O,1,1,7115-89-1,0,N2,2,241
C32,"E13_2-(BROMOMETHYL)BENZOIC ACID, 97%",C1=CC=C(C(=C1)CBr)C(=O)O,N3_Scaffold 7,CC(C)C1=CC2=CCC3[C@](C)(CN)CCC[C@]3(C)C2CC1,CC(C)C1=CC2=CCC3[C@](C)(CNCc4ccccc4CBr)CCC[C@]3(C)C2CC1,8.0,0.0,0.0,11.5,-1.0,13,215.04,0.2,Electrophile,acid-A14,1,2,8,dmtD`AdLQIYegehHF@@@,C1=CC=C(C(=C1)CBr)C(=O)O,1,1,7115-89-1,0,N3,3,241
C44,"E13_2-(BROMOMETHYL)BENZOIC ACID, 97%",C1=CC=C(C(=C1)CBr)C(=O)O,N4_Scaffold 6,CCNC[C@@]1(C)C2[C@](C)(CCC1)c3c(CC2)cc(C(C)C)c(c3)N,CCNC[C@]1(C)CCC[C@]2(C)c3cc(NCc4ccccc4CBr)c(C(C)C)cc3CCC12,7.6,0.0,0.0,0.0,-1.0,13,215.04,0.2,Electrophile,acid-A14,1,2,8,dmtD`AdLQIYegehHF@@@,C1=CC=C(C(=C1)CBr)C(=O)O,1,1,7115-89-1,0,N4,4,241
K1,"E14_4-CARBOXYBENZALDEHYDE, 97%",C1=CC(=CC=C1C=O)C(=O)O,N1_(+)-Dehydroabietylamine,CC(C)c1ccc2c(c1)CC[C@H]1[C@](C)(CN)CCC[C@]21C,CC(C)c1ccc2c(c1)CC[C@H]1[C@](C)(CNCc3ccc(C=O)cc3)CCC[C@]21C,9.7,0.0,0.0,0.0,-1.0,14,150.13,0.2,Electrophile,acid01-A15,1,2,8,dmtL@@QTfyW^Eh@I@@,C1=CC(=CC=C1C=O)C(=O)O,1,1,619-66-9,0,N1,1,242
K13,"E14_4-CARBOXYBENZALDEHYDE, 97%",C1=CC(=CC=C1C=O)C(=O)O,N2_hydroxydehydroabietylamine,CC(C)C(C(O)=C1)=CC2=C1[C@]3(C)C(CC2)[C@](C)(CN)CCC3,CC(C)c1cc2c(cc1O)[C@@]1(C)CCC[C@@](C)(CNCc3ccc(C=O)cc3)C1CC2,0.39,0.0,0.0,0.2,-1.0,14,150.13,0.2,Electrophile,acid01-A15,1,2,8,dmtL@@QTfyW^Eh@I@@,C1=CC(=CC=C1C=O)C(=O)O,1,1,619-66-9,0,N2,2,242
K25,"E14_4-CARBOXYBENZALDEHYDE, 97%",C1=CC(=CC=C1C=O)C(=O)O,N3_Scaffold 7,CC(C)C1=CC2=CCC3[C@](C)(CN)CCC[C@]3(C)C2CC1,CC(C)C1=CC2=CCC3[C@](C)(CNCc4ccc(C=O)cc4)CCC[C@]3(C)C2CC1,6.6,0.0,0.0,6.1,-1.0,14,150.13,0.2,Electrophile,acid01-A15,1,2,8,dmtL@@QTfyW^Eh@I@@,C1=CC(=CC=C1C=O)C(=O)O,1,1,619-66-9,0,N3,3,242
K37,"E14_4-CARBOXYBENZALDEHYDE, 97%",C1=CC(=CC=C1C=O)C(=O)O,N4_Scaffold 6,CCNC[C@@]1(C)C2[C@](C)(CCC1)c3c(CC2)cc(C(C)C)c(c3)N,CCNC[C@]1(C)CCC[C@]2(C)c3cc(NCc4ccc(C=O)cc4)c(C(C)C)cc3CCC12,0.6,12.5,95.4,0.0,-1.0,14,150.13,0.2,Electrophile,acid01-A15,1,2,8,dmtL@@QTfyW^Eh@I@@,C1=CC(=CC=C1C=O)C(=O)O,1,1,619-66-9,0,N4,4,242
L1,"E16_3-(DIMETHYLAMINO)BENZOIC ACID, 97%",CN(C)C1=CC=CC(=C1)C(=O)O,N1_(+)-Dehydroabietylamine,CC(C)c1ccc2c(c1)CC[C@H]1[C@](C)(CN)CCC[C@]21C,CC(C)c1ccc2c(c1)CC[C@H]1[C@](C)(CNCc3cccc(N(C)C)c3)CCC[C@]21C,31.2,26.9,46.2,96.1,5.06,16,165.19,0.2,Electrophile,acid-B2,1,2,8,dcND@AADfyV{iZ@Hh@@,CN(C)C1=CC=CC(=C1)C(=O)O,1,1,99-64-9,0,N1,1,243
L13,"E16_3-(DIMETHYLAMINO)BENZOIC ACID, 97%",CN(C)C1=CC=CC(=C1)C(=O)O,N2_hydroxydehydroabietylamine,CC(C)C(C(O)=C1)=CC2=C1[C@]3(C)C(CC2)[C@](C)(CN)CCC3,CC(C)c1cc2c(cc1O)[C@@]1(C)CCC[C@@](C)(CNCc3cccc(N(C)C)c3)C1CC2,0.8,12.2,93.8,32.2,-1.0,16,165.19,0.2,Electrophile,acid-B2,1,2,8,dcND@AADfyV{iZ@Hh@@,CN(C)C1=CC=CC(=C1)C(=O)O,1,1,99-64-9,0,N2,2,243
L25,"E16_3-(DIMETHYLAMINO)BENZOIC ACID, 97%",CN(C)C1=CC=CC(=C1)C(=O)O,N3_Scaffold 7,CC(C)C1=CC2=CCC3[C@](C)(CN)CCC[C@]3(C)C2CC1,CC(C)C1=CC2=CCC3[C@](C)(CNCc4cccc(N(C)C)c4)CCC[C@]3(C)C2CC1,4.0,16.1,80.1,15.7,-1.0,16,165.19,0.2,Electrophile,acid-B2,1,2,8,dcND@AADfyV{iZ@Hh@@,CN(C)C1=CC=CC(=C1)C(=O)O,1,1,99-64-9,0,N3,3,243
L37,"E16_3-(DIMETHYLAMINO)BENZOIC ACID, 97%",CN(C)C1=CC=CC(=C1)C(=O)O,N4_Scaffold 6,CCNC[C@@]1(C)C2[C@](C)(CCC1)c3c(CC2)cc(C(C)C)c(c3)N,CCNC[C@]1(C)CCC[C@]2(C)c3cc(NCc4cccc(N(C)C)c4)c(C(C)C)cc3CCC12,21.4,0.0,0.0,0.0,-1.0,16,165.19,0.2,Electrophile,acid-B2,1,2,8,dcND@AADfyV{iZ@Hh@@,CN(C)C1=CC=CC(=C1)C(=O)O,1,1,99-64-9,0,N4,4,243
M1,"E17_4-CYANO-3-NITROBENZOIC ACID, 98%",C1=CC(=C(C=C1C(=O)O)[N+](=O)[O-])C#N,N1_(+)-Dehydroabietylamine,CC(C)c1ccc2c(c1)CC[C@H]1[C@](C)(CN)CCC[C@]21C,CC(C)c1ccc2c(c1)CC[C@H]1[C@](C)(CNCc3ccc(C#N)c([N+](=O)[O-])c3)CCC[C@]21C,39.95,34.5,46.3,89.3,0.0,17,192.13,0.2,Electrophile,acid-B3,1,2,8,dg]BAHdDNxeNrJZJIIFBkPPYL@@,C1=CC(=C(C=C1C(=O)O)[N+](=O)[O-])C#N,1,1,153775-42-9,0,N1,1,244
M13,"E17_4-CYANO-3-NITROBENZOIC ACID, 98%",C1=CC(=C(C=C1C(=O)O)[N+](=O)[O-])C#N,N2_hydroxydehydroabietylamine,CC(C)C(C(O)=C1)=CC2=C1[C@]3(C)C(CC2)[C@](C)(CN)CCC3,CC(C)c1cc2c(cc1O)[C@@]1(C)CCC[C@@](C)(CNCc3ccc(C#N)c([N+](=O)[O-])c3)C1CC2,0.0,3.4,100.0,0.0,-1.0,17,192.13,0.2,Electrophile,acid-B3,1,2,8,dg]BAHdDNxeNrJZJIIFBkPPYL@@,C1=CC(=C(C=C1C(=O)O)[N+](=O)[O-])C#N,1,1,153775-42-9,0,N2,2,244
M25,"E17_4-CYANO-3-NITROBENZOIC ACID, 98%",C1=CC(=C(C=C1C(=O)O)[N+](=O)[O-])C#N,N3_Scaffold 7,CC(C)C1=CC2=CCC3[C@](C)(CN)CCC[C@]3(C)C2CC1,CC(C)C1=CC2=CCC3[C@](C)(CNCc4ccc(C#N)c([N+](=O)[O-])c4)CCC[C@]3(C)C2CC1,21.8,19.8,47.6,44.4,-1.0,17,192.13,0.2,Electrophile,acid-B3,1,2,8,dg]BAHdDNxeNrJZJIIFBkPPYL@@,C1=CC(=C(C=C1C(=O)O)[N+](=O)[O-])C#N,1,1,153775-42-9,0,N3,3,244
M37,"E17_4-CYANO-3-NITROBENZOIC ACID, 98%",C1=CC(=C(C=C1C(=O)O)[N+](=O)[O-])C#N,N4_Scaffold 6,CCNC[C@@]1(C)C2[C@](C)(CCC1)c3c(CC2)cc(C(C)C)c(c3)N,CCNC[C@]1(C)CCC[C@]2(C)c3cc(NCc4ccc(C#N)c([N+](=O)[O-])c4)c(C(C)C)cc3CCC12,21.5,4.7,18.0,0.0,-1.0,17,192.13,0.2,Electrophile,acid-B3,1,2,8,dg]BAHdDNxeNrJZJIIFBkPPYL@@,C1=CC(=C(C=C1C(=O)O)[N+](=O)[O-])C#N,1,1,153775-42-9,0,N4,4,244
O1,E24_4-nitro-3-(trifluoromethyl)benzoic acid,C1=CC(=C(C=C1C(=O)O)C(F)(F)F)[N+](=O)[O-],N1_(+)-Dehydroabietylamine,CC(C)c1ccc2c(c1)CC[C@H]1[C@](C)(CN)CCC[C@]21C,CC(C)c1ccc2c(c1)CC[C@H]1[C@](C)(CNCc3ccc([N+](=O)[O-])c(C(F)(F)F)c3)CCC[C@]21C,88.51,19.6,18.1,98.6,2.43,24,235.12,0.2,Electrophile,acid-B11,1,2,8,f`a`SBNJt{pIADabPyNnrJPqQJIVRMUA@qL@@@,C1=CC(=C(C=C1C(=O)O)C(F)(F)F)[N+](=O)[O-],1,1,320-38-7,0,N1,1,245
O13,E24_4-nitro-3-(trifluoromethyl)benzoic acid,C1=CC(=C(C=C1C(=O)O)C(F)(F)F)[N+](=O)[O-],N2_hydroxydehydroabietylamine,CC(C)C(C(O)=C1)=CC2=C1[C@]3(C)C(CC2)[C@](C)(CN)CCC3,CC(C)c1cc2c(cc1O)[C@@]1(C)CCC[C@@](C)(CNCc3ccc([N+](=O)[O-])c(C(F)(F)F)c3)C1CC2,4.54,9.6,68.0,21.4,-1.0,24,235.12,0.2,Electrophile,acid-B11,1,2,8,f`a`SBNJt{pIADabPyNnrJPqQJIVRMUA@qL@@@,C1=CC(=C(C=C1C(=O)O)C(F)(F)F)[N+](=O)[O-],1,1,320-38-7,0,N2,2,245
O25,E24_4-nitro-3-(trifluoromethyl)benzoic acid,C1=CC(=C(C=C1C(=O)O)C(F)(F)F)[N+](=O)[O-],N3_Scaffold 7,CC(C)C1=CC2=CCC3[C@](C)(CN)CCC[C@]3(C)C2CC1,CC(C)C1=CC2=CCC3[C@](C)(CNCc4ccc([N+](=O)[O-])c(C(F)(F)F)c4)CCC[C@]3(C)C2CC1,21.1,14.8,41.2,26.3,-1.0,24,235.12,0.2,Electrophile,acid-B11,1,2,8,f`a`SBNJt{pIADabPyNnrJPqQJIVRMUA@qL@@@,C1=CC(=C(C=C1C(=O)O)C(F)(F)F)[N+](=O)[O-],1,1,320-38-7,0,N3,3,245
O37,E24_4-nitro-3-(trifluoromethyl)benzoic acid,C1=CC(=C(C=C1C(=O)O)C(F)(F)F)[N+](=O)[O-],N4_Scaffold 6,CCNC[C@@]1(C)C2[C@](C)(CCC1)c3c(CC2)cc(C(C)C)c(c3)N,CCNC[C@]1(C)CCC[C@]2(C)c3cc(NCc4ccc([N+](=O)[O-])c(C(F)(F)F)c4)c(C(C)C)cc3CCC12,9.3,1.3,12.0,6.5,-1.0,24,235.12,0.2,Electrophile,acid-B11,1,2,8,f`a`SBNJt{pIADabPyNnrJPqQJIVRMUA@qL@@@,C1=CC(=C(C=C1C(=O)O)C(F)(F)F)[N+](=O)[O-],1,1,320-38-7,0,N4,4,245
P1,"E25_2-BROMOBENZOIC ACID, 97%",C1=CC=C(C(=C1)C(=O)O)Br,N1_(+)-Dehydroabietylamine,CC(C)c1ccc2c(c1)CC[C@H]1[C@](C)(CN)CCC[C@]21C,CC(C)c1ccc2c(c1)CC[C@H]1[C@](C)(CNCc3ccccc3Br)CCC[C@]21C,16.6,30.6,64.9,42.1,-1.0,25,201.02,0.2,Electrophile,acid-B12,1,2,8,deTD`NDLQIfVVfBA`@@,C1=CC=C(C(=C1)C(=O)O)Br,1,1,88-65-3,0,N1,1,246
P13,"E25_2-BROMOBENZOIC ACID, 97%",C1=CC=C(C(=C1)C(=O)O)Br,N2_hydroxydehydroabietylamine,CC(C)C(C(O)=C1)=CC2=C1[C@]3(C)C(CC2)[C@](C)(CN)CCC3,CC(C)c1cc2c(cc1O)[C@@]1(C)CCC[C@@](C)(CNCc3ccccc3Br)C1CC2,0.4,4.5,91.8,38.0,-1.0,25,201.02,0.2,Electrophile,acid-B12,1,2,8,deTD`NDLQIfVVfBA`@@,C1=CC=C(C(=C1)C(=O)O)Br,1,1,88-65-3,0,N2,2,246
P25,"E25_2-BROMOBENZOIC ACID, 97%",C1=CC=C(C(=C1)C(=O)O)Br,N3_Scaffold 7,CC(C)C1=CC2=CCC3[C@](C)(CN)CCC[C@]3(C)C2CC1,CC(C)C1=CC2=CCC3[C@](C)(CNCc4ccccc4Br)CCC[C@]3(C)C2CC1,10.9,10.4,48.7,27.1,-1.0,25,201.02,0.2,Electrophile,acid-B12,1,2,8,deTD`NDLQIfVVfBA`@@,C1=CC=C(C(=C1)C(=O)O)Br,1,1,88-65-3,0,N3,3,246
P37,"E25_2-BROMOBENZOIC ACID, 97%",C1=CC=C(C(=C1)C(=O)O)Br,N4_Scaffold 6,CCNC[C@@]1(C)C2[C@](C)(CCC1)c3c(CC2)cc(C(C)C)c(c3)N,CCNC[C@]1(C)CCC[C@]2(C)c3cc(NCc4ccccc4Br)c(C(C)C)cc3CCC12,19.8,0.0,0.0,0.0,-1.0,25,201.02,0.2,Electrophile,acid-B12,1,2,8,deTD`NDLQIfVVfBA`@@,C1=CC=C(C(=C1)C(=O)O)Br,1,1,88-65-3,0,N4,4,246
K8,E27_4'-HYDROXYAZOBENZENE-2-CARBOXYLIC ACID,C1=CC=C(C(=C1)C(=O)O)N=NC2=CC=C(C=C2)O,N1_(+)-Dehydroabietylamine,CC(C)c1ccc2c(c1)CC[C@H]1[C@](C)(CN)CCC[C@]21C,CC(C)c1ccc2c(c1)CC[C@H]1[C@](C)(CNCc3ccccc3N=Nc3ccc(O)cc3)CCC[C@]21C,20.26,0.0,0.0,5.3,-1.0,27,242.23,0.2,Electrophile,acid-B14,1,2,8,fdyQ`@FR@bJS\rornIW`mA@d@D@@@,C1=CC=C(C(=C1)C(=O)O)N=NC2=CC=C(C=C2)O,1,1,1634-82-8,0,N1,1,247
K20,E27_4'-HYDROXYAZOBENZENE-2-CARBOXYLIC ACID,C1=CC=C(C(=C1)C(=O)O)N=NC2=CC=C(C=C2)O,N2_hydroxydehydroabietylamine,CC(C)C(C(O)=C1)=CC2=C1[C@]3(C)C(CC2)[C@](C)(CN)CCC3,CC(C)c1cc2c(cc1O)[C@@]1(C)CCC[C@@](C)(CNCc3ccccc3N=Nc3ccc(O)cc3)C1CC2,5.44,0.2,4.2,25.7,-1.0,27,242.23,0.2,Electrophile,acid-B14,1,2,8,fdyQ`@FR@bJS\rornIW`mA@d@D@@@,C1=CC=C(C(=C1)C(=O)O)N=NC2=CC=C(C=C2)O,1,1,1634-82-8,0,N2,2,247
K32,E27_4'-HYDROXYAZOBENZENE-2-CARBOXYLIC ACID,C1=CC=C(C(=C1)C(=O)O)N=NC2=CC=C(C=C2)O,N3_Scaffold 7,CC(C)C1=CC2=CCC3[C@](C)(CN)CCC[C@]3(C)C2CC1,CC(C)C1=CC2=CCC3[C@](C)(CNCc4ccccc4N=Nc4ccc(O)cc4)CCC[C@]3(C)C2CC1,15.1,0.0,0.0,0.0,-1.0,27,242.23,0.2,Electrophile,acid-B14,1,2,8,fdyQ`@FR@bJS\rornIW`mA@d@D@@@,C1=CC=C(C(=C1)C(=O)O)N=NC2=CC=C(C=C2)O,1,1,1634-82-8,0,N3,3,247
K44,E27_4'-HYDROXYAZOBENZENE-2-CARBOXYLIC ACID,C1=CC=C(C(=C1)C(=O)O)N=NC2=CC=C(C=C2)O,N4_Scaffold 6,CCNC[C@@]1(C)C2[C@](C)(CCC1)c3c(CC2)cc(C(C)C)c(c3)N,CCNC[C@]1(C)CCC[C@]2(C)c3cc(NCc4ccccc4N=Nc4ccc(O)cc4)c(C(C)C)cc3CCC12,8.2,0.0,0.0,18.9,-1.0,27,242.23,0.2,Electrophile,acid-B14,1,2,8,fdyQ`@FR@bJS\rornIW`mA@d@D@@@,C1=CC=C(C(=C1)C(=O)O)N=NC2=CC=C(C=C2)O,1,1,1634-82-8,0,N4,4,247
Q1,"E28_4-IODOBENZOIC ACID, 98%",C1=CC(=CC=C1C(=O)O)I,N1_(+)-Dehydroabietylamine,CC(C)c1ccc2c(c1)CC[C@H]1[C@](C)(CN)CCC[C@]21C,CC(C)c1ccc2c(c1)CC[C@H]1[C@](C)(CNCc3ccc(I)cc3)CCC[C@]21C,55.53,0.0,0.0,97.3,7.98,28,248.02,0.2,Electrophile,acid-B15,1,2,8,deTD`AdJqIe]jZ@BX@@,C1=CC(=CC=C1C(=O)O)I,1,1,619-58-9,0,N1,1,248
Q13,"E28_4-IODOBENZOIC ACID, 98%",C1=CC(=CC=C1C(=O)O)I,N2_hydroxydehydroabietylamine,CC(C)C(C(O)=C1)=CC2=C1[C@]3(C)C(CC2)[C@](C)(CN)CCC3,CC(C)c1cc2c(cc1O)[C@@]1(C)CCC[C@@](C)(CNCc3ccc(I)cc3)C1CC2,9.86,1.8,15.7,0.0,-1.0,28,248.02,0.2,Electrophile,acid-B15,1,2,8,deTD`AdJqIe]jZ@BX@@,C1=CC(=CC=C1C(=O)O)I,1,1,619-58-9,0,N2,2,248
Q25,"E28_4-IODOBENZOIC ACID, 98%",C1=CC(=CC=C1C(=O)O)I,N3_Scaffold 7,CC(C)C1=CC2=CCC3[C@](C)(CN)CCC[C@]3(C)C2CC1,CC(C)C1=CC2=CCC3[C@](C)(CNCc4ccc(I)cc4)CCC[C@]3(C)C2CC1,17.1,0.0,0.0,35.7,-1.0,28,248.02,0.2,Electrophile,acid-B15,1,2,8,deTD`AdJqIe]jZ@BX@@,C1=CC(=CC=C1C(=O)O)I,1,1,619-58-9,0,N3,3,248
Q37,"E28_4-IODOBENZOIC ACID, 98%",C1=CC(=CC=C1C(=O)O)I,N4_Scaffold 6,CCNC[C@@]1(C)C2[C@](C)(CCC1)c3c(CC2)cc(C(C)C)c(c3)N,CCNC[C@]1(C)CCC[C@]2(C)c3cc(NCc4ccc(I)cc4)c(C(C)C)cc3CCC12,15.7,0.0,0.0,0.0,-1.0,28,248.02,0.2,Electrophile,acid-B15,1,2,8,deTD`AdJqIe]jZ@BX@@,C1=CC(=CC=C1C(=O)O)I,1,1,619-58-9,0,N4,4,248
V1,"E35_3-IODOBENZOIC ACID, 98%",C1=CC(=CC(=C1)I)C(=O)O,N1_(+)-Dehydroabietylamine,CC(C)c1ccc2c(c1)CC[C@H]1[C@](C)(CN)CCC[C@]21C,CC(C)c1ccc2c(c1)CC[C@H]1[C@](C)(CNCc3cccc(I)c3)CCC[C@]21C,27.5,43.4,61.2,0.0,-1.0,35,248.02,0.2,Electrophile,acid01-C11,1,2,8,deTD`AdJqIe[jz@HX@@,C1=CC(=CC(=C1)I)C(=O)O,1,1,618-51-9,0,N1,1,249
V13,"E35_3-IODOBENZOIC ACID, 98%",C1=CC(=CC(=C1)I)C(=O)O,N2_hydroxydehydroabietylamine,CC(C)C(C(O)=C1)=CC2=C1[C@]3(C)C(CC2)[C@](C)(CN)CCC3,CC(C)c1cc2c(cc1O)[C@@]1(C)CCC[C@@](C)(CNCc3cccc(I)c3)C1CC2,0.0,6.1,100.0,0.0,-1.0,35,248.02,0.2,Electrophile,acid01-C11,1,2,8,deTD`AdJqIe[jz@HX@@,C1=CC(=CC(=C1)I)C(=O)O,1,1,618-51-9,0,N2,2,249
V25,"E35_3-IODOBENZOIC ACID, 98%",C1=CC(=CC(=C1)I)C(=O)O,N3_Scaffold 7,CC(C)C1=CC2=CCC3[C@](C)(CN)CCC[C@]3(C)C2CC1,CC(C)C1=CC2=CCC3[C@](C)(CNCc4cccc(I)c4)CCC[C@]3(C)C2CC1,7.9,28.8,78.5,0.0,-1.0,35,248.02,0.2,Electrophile,acid01-C11,1,2,8,deTD`AdJqIe[jz@HX@@,C1=CC(=CC(=C1)I)C(=O)O,1,1,618-51-9,0,N3,3,249
V37,"E35_3-IODOBENZOIC ACID, 98%",C1=CC(=CC(=C1)I)C(=O)O,N4_Scaffold 6,CCNC[C@@]1(C)C2[C@](C)(CCC1)c3c(CC2)cc(C(C)C)c(c3)N,CCNC[C@]1(C)CCC[C@]2(C)c3cc(NCc4cccc(I)c4)c(C(C)C)cc3CCC12,18.1,8.9,32.9,0.0,-1.0,35,248.02,0.2,Electrophile,acid01-C11,1,2,8,deTD`AdJqIe[jz@HX@@,C1=CC(=CC(=C1)I)C(=O)O,1,1,618-51-9,0,N4,4,249
W1,"E37_3-METHOXY-4-METHYLBENZOIC ACID, 98%",CC1=C(C=C(C=C1)C(=O)O)OC,N1_(+)-Dehydroabietylamine,CC(C)c1ccc2c(c1)CC[C@H]1[C@](C)(CN)CCC[C@]21C,COc1cc(CNC[C@]2(C)CCC[C@]3(C)c4ccc(C(C)C)cc4CC[C@@H]23)ccc1C,33.1,14.1,29.8,79.3,0.0,37,166.17,0.2,Electrophile,acid01-C14,1,2,8,dcLL@@PTfyVwiZ@Hh@@,CC1=C(C=C(C=C1)C(=O)O)OC,1,1,7151-68-0,0,N1,1,250
W13,"E37_3-METHOXY-4-METHYLBENZOIC ACID, 98%",CC1=C(C=C(C=C1)C(=O)O)OC,N2_hydroxydehydroabietylamine,CC(C)C(C(O)=C1)=CC2=C1[C@]3(C)C(CC2)[C@](C)(CN)CCC3,COc1cc(CNC[C@]2(C)CCC[C@]3(C)c4cc(O)c(C(C)C)cc4CCC23)ccc1C,0.0,9.5,100.0,20.1,-1.0,37,166.17,0.2,Electrophile,acid01-C14,1,2,8,dcLL@@PTfyVwiZ@Hh@@,CC1=C(C=C(C=C1)C(=O)O)OC,1,1,7151-68-0,0,N2,2,250
W25,"E37_3-METHOXY-4-METHYLBENZOIC ACID, 98%",CC1=C(C=C(C=C1)C(=O)O)OC,N3_Scaffold 7,CC(C)C1=CC2=CCC3[C@](C)(CN)CCC[C@]3(C)C2CC1,COc1cc(CNC[C@]2(C)CCC[C@]3(C)C4CCC(C(C)C)=CC4=CCC23)ccc1C,4.6,19.7,81.1,0.0,-1.0,37,166.17,0.2,Electrophile,acid01-C14,1,2,8,dcLL@@PTfyVwiZ@Hh@@,CC1=C(C=C(C=C1)C(=O)O)OC,1,1,7151-68-0,0,N3,3,250
W37,"E37_3-METHOXY-4-METHYLBENZOIC ACID, 98%",CC1=C(C=C(C=C1)C(=O)O)OC,N4_Scaffold 6,CCNC[C@@]1(C)C2[C@](C)(CCC1)c3c(CC2)cc(C(C)C)c(c3)N,CCNC[C@]1(C)CCC[C@]2(C)c3cc(NCc4ccc(C)c(OC)c4)c(C(C)C)cc3CCC12,26.9,2.8,9.6,0.0,-1.0,37,166.17,0.2,Electrophile,acid01-C14,1,2,8,dcLL@@PTfyVwiZ@Hh@@,CC1=C(C=C(C=C1)C(=O)O)OC,1,1,7151-68-0,0,N4,4,250
Z1,"E41_2-METHOXY-4-METHYLBENZOIC ACID, 97%",CC1=CC(=C(C=C1)C(=O)O)OC,N1_(+)-Dehydroabietylamine,CC(C)c1ccc2c(c1)CC[C@H]1[C@](C)(CN)CCC[C@]21C,COc1cc(C)ccc1CNC[C@]1(C)CCC[C@]2(C)c3ccc(C(C)C)cc3CC[C@@H]12,18.2,29.7,62.0,0.0,-1.0,41,166.17,0.2,Electrophile,acid01-D3,1,2,8,dcLL@@QlbfbbRHjtDDP@@,CC1=CC(=C(C=C1)C(=O)O)OC,1,1,704-45-0,0,N1,1,251
Z13,"E41_2-METHOXY-4-METHYLBENZOIC ACID, 97%",CC1=CC(=C(C=C1)C(=O)O)OC,N2_hydroxydehydroabietylamine,CC(C)C(C(O)=C1)=CC2=C1[C@]3(C)C(CC2)[C@](C)(CN)CCC3,COc1cc(C)ccc1CNC[C@]1(C)CCC[C@]2(C)c3cc(O)c(C(C)C)cc3CCC12,0.0,12.6,100.0,0.0,-1.0,41,166.17,0.2,Electrophile,acid01-D3,1,2,8,dcLL@@QlbfbbRHjtDDP@@,CC1=CC(=C(C=C1)C(=O)O)OC,1,1,704-45-0,0,N2,2,251
Z25,"E41_2-METHOXY-4-METHYLBENZOIC ACID, 97%",CC1=CC(=C(C=C1)C(=O)O)OC,N3_Scaffold 7,CC(C)C1=CC2=CCC3[C@](C)(CN)CCC[C@]3(C)C2CC1,COc1cc(C)ccc1CNC[C@]1(C)CCC[C@]2(C)C3CCC(C(C)C)=CC3=CCC12,2.3,10.5,82.0,12.6,-1.0,41,166.17,0.2,Electrophile,acid01-D3,1,2,8,dcLL@@QlbfbbRHjtDDP@@,CC1=CC(=C(C=C1)C(=O)O)OC,1,1,704-45-0,0,N3,3,251
Z37,"E41_2-METHOXY-4-METHYLBENZOIC ACID, 97%",CC1=CC(=C(C=C1)C(=O)O)OC,N4_Scaffold 6,CCNC[C@@]1(C)C2[C@](C)(CCC1)c3c(CC2)cc(C(C)C)c(c3)N,CCNC[C@]1(C)CCC[C@]2(C)c3cc(NCc4ccc(C)cc4OC)c(C(C)C)cc3CCC12,12.2,5.5,31.2,0.0,-1.0,41,166.17,0.2,Electrophile,acid01-D3,1,2,8,dcLL@@QlbfbbRHjtDDP@@,CC1=CC(=C(C=C1)C(=O)O)OC,1,1,704-45-0,0,N4,4,251
AD1,"E50_3-ACETYLBENZOIC ACID, 98%",CC(=O)C1=CC(=CC=C1)C(=O)O,N1_(+)-Dehydroabietylamine,CC(C)c1ccc2c(c1)CC[C@H]1[C@](C)(CN)CCC[C@]21C,CC(=O)c1cccc(CNC[C@]2(C)CCC[C@]3(C)c4ccc(C(C)C)cc4CC[C@@H]23)c1,24.1,28.8,54.5,0.0,-1.0,50,164.16,0.2,Electrophile,acid01-E2,1,2,8,dcLL@@QTfyV{iZ@HX@@,CC(=O)C1=CC(=CC=C1)C(=O)O,1,1,586-42-5,0,N1,1,252
AD13,"E50_3-ACETYLBENZOIC ACID, 98%",CC(=O)C1=CC(=CC=C1)C(=O)O,N2_hydroxydehydroabietylamine,CC(C)C(C(O)=C1)=CC2=C1[C@]3(C)C(CC2)[C@](C)(CN)CCC3,CC(=O)c1cccc(CNC[C@]2(C)CCC[C@]3(C)c4cc(O)c(C(C)C)cc4CCC23)c1,0.0,0.0,0.0,0.0,-1.0,50,164.16,0.2,Electrophile,acid01-E2,1,2,8,dcLL@@QTfyV{iZ@HX@@,CC(=O)C1=CC(=CC=C1)C(=O)O,1,1,586-42-5,0,N2,2,252
AD25,"E50_3-ACETYLBENZOIC ACID, 98%",CC(=O)C1=CC(=CC=C1)C(=O)O,N3_Scaffold 7,CC(C)C1=CC2=CCC3[C@](C)(CN)CCC[C@]3(C)C2CC1,CC(=O)c1cccc(CNC[C@]2(C)CCC[C@]3(C)C4CCC(C(C)C)=CC4=CCC23)c1,9.2,35.3,79.3,0.0,-1.0,50,164.16,0.2,Electrophile,acid01-E2,1,2,8,dcLL@@QTfyV{iZ@HX@@,CC(=O)C1=CC(=CC=C1)C(=O)O,1,1,586-42-5,0,N3,3,252
AD37,"E50_3-ACETYLBENZOIC ACID, 98%",CC(=O)C1=CC(=CC=C1)C(=O)O,N4_Scaffold 6,CCNC[C@@]1(C)C2[C@](C)(CCC1)c3c(CC2)cc(C(C)C)c(c3)N,CCNC[C@]1(C)CCC[C@]2(C)c3cc(NCc4cccc(C(C)=O)c4)c(C(C)C)cc3CCC12,12.6,0.0,0.0,0.0,-1.0,50,164.16,0.2,Electrophile,acid01-E2,1,2,8,dcLL@@QTfyV{iZ@HX@@,CC(=O)C1=CC(=CC=C1)C(=O)O,1,1,586-42-5,0,N4,4,252
AE1,"E51_1,4-BENZODIOXANE-6-CARBOXYLIC ACID, 95%",C1COC2=C(O1)C=CC(=C2)C(=O)O,N1_(+)-Dehydroabietylamine,CC(C)c1ccc2c(c1)CC[C@H]1[C@](C)(CN)CCC[C@]21C,CC(C)c1ccc2c(c1)CC[C@H]1[C@](C)(CNCc3ccc4c(c3)OCCO4)CCC[C@]21C,75.85,40.0,34.6,96.4,6.13,51,180.16,0.2,Electrophile,acid01-E7,1,2,8,dk\B@@P]R[e[Witv`BJb@@,C1COC2=C(O1)C=CC(=C2)C(=O)O,1,1,4442-54-0,0,N1,1,253
AE13,"E51_1,4-BENZODIOXANE-6-CARBOXYLIC ACID, 95%",C1COC2=C(O1)C=CC(=C2)C(=O)O,N2_hydroxydehydroabietylamine,CC(C)C(C(O)=C1)=CC2=C1[C@]3(C)C(CC2)[C@](C)(CN)CCC3,CC(C)c1cc2c(cc1O)[C@@]1(C)CCC[C@@](C)(CNCc3ccc4c(c3)OCCO4)C1CC2,0.0,17.4,100.0,0.0,-1.0,51,180.16,0.2,Electrophile,acid01-E7,1,2,8,dk\B@@P]R[e[Witv`BJb@@,C1COC2=C(O1)C=CC(=C2)C(=O)O,1,1,4442-54-0,0,N2,2,253
AE25,"E51_1,4-BENZODIOXANE-6-CARBOXYLIC ACID, 95%",C1COC2=C(O1)C=CC(=C2)C(=O)O,N3_Scaffold 7,CC(C)C1=CC2=CCC3[C@](C)(CN)CCC[C@]3(C)C2CC1,CC(C)C1=CC2=CCC3[C@](C)(CNCc4ccc5c(c4)OCCO5)CCC[C@]3(C)C2CC1,4.8,21.9,82.0,0.0,-1.0,51,180.16,0.2,Electrophile,acid01-E7,1,2,8,dk\B@@P]R[e[Witv`BJb@@,C1COC2=C(O1)C=CC(=C2)C(=O)O,1,1,4442-54-0,0,N3,3,253
AE37,"E51_1,4-BENZODIOXANE-6-CARBOXYLIC ACID, 95%",C1COC2=C(O1)C=CC(=C2)C(=O)O,N4_Scaffold 6,CCNC[C@@]1(C)C2[C@](C)(CCC1)c3c(CC2)cc(C(C)C)c(c3)N,CCNC[C@]1(C)CCC[C@]2(C)c3cc(NCc4ccc5c(c4)OCCO5)c(C(C)C)cc3CCC12,23.4,3.7,13.6,0.0,-1.0,51,180.16,0.2,Electrophile,acid01-E7,1,2,8,dk\B@@P]R[e[Witv`BJb@@,C1COC2=C(O1)C=CC(=C2)C(=O)O,1,1,4442-54-0,0,N4,4,253
B2,"E54_3-BENZOYLBENZOIC ACID, 98%",C1=CC=C(C=C1)C(=O)C2=CC(=CC=C2)C(=O)O,N1_(+)-Dehydroabietylamine,CC(C)c1ccc2c(c1)CC[C@H]1[C@](C)(CN)CCC[C@]21C,CC(C)c1ccc2c(c1)CC[C@H]1[C@](C)(CNCc3cccc(C(=O)c4ccccc4)c3)CCC[C@]21C,25.2,32.9,56.6,0.0,-1.0,54,226.23,0.2,Electrophile,acid01-E10,1,2,8,fhiA`@@HUdTtRTtLRWI^Bt@Pp@@@@,C1=CC=C(C=C1)C(=O)C2=CC(=CC=C2)C(=O)O,1,1,579-18-0,0,N1,1,254
B14,"E54_3-BENZOYLBENZOIC ACID, 98%",C1=CC=C(C=C1)C(=O)C2=CC(=CC=C2)C(=O)O,N2_hydroxydehydroabietylamine,CC(C)C(C(O)=C1)=CC2=C1[C@]3(C)C(CC2)[C@](C)(CN)CCC3,CC(C)c1cc2c(cc1O)[C@@]1(C)CCC[C@@](C)(CNCc3cccc(C(=O)c4ccccc4)c3)C1CC2,42.3,17.6,29.3,0.6,-1.0,54,226.23,0.2,Electrophile,acid01-E10,1,2,8,fhiA`@@HUdTtRTtLRWI^Bt@Pp@@@@,C1=CC=C(C=C1)C(=O)C2=CC(=CC=C2)C(=O)O,1,1,579-18-0,0,N2,2,254
B26,"E54_3-BENZOYLBENZOIC ACID, 98%",C1=CC=C(C=C1)C(=O)C2=CC(=CC=C2)C(=O)O,N3_Scaffold 7,CC(C)C1=CC2=CCC3[C@](C)(CN)CCC[C@]3(C)C2CC1,CC(C)C1=CC2=CCC3[C@](C)(CNCc4cccc(C(=O)c5ccccc5)c4)CCC[C@]3(C)C2CC1,8.7,22.0,71.7,0.0,-1.0,54,226.23,0.2,Electrophile,acid01-E10,1,2,8,fhiA`@@HUdTtRTtLRWI^Bt@Pp@@@@,C1=CC=C(C=C1)C(=O)C2=CC(=CC=C2)C(=O)O,1,1,579-18-0,0,N3,3,254
B38,"E54_3-BENZOYLBENZOIC ACID, 98%",C1=CC=C(C=C1)C(=O)C2=CC(=CC=C2)C(=O)O,N4_Scaffold 6,CCNC[C@@]1(C)C2[C@](C)(CCC1)c3c(CC2)cc(C(C)C)c(c3)N,CCNC[C@]1(C)CCC[C@]2(C)c3cc(NCc4cccc(C(=O)c5ccccc5)c4)c(C(C)C)cc3CCC12,20.1,6.6,24.8,0.0,-1.0,54,226.23,0.2,Electrophile,acid01-E10,1,2,8,fhiA`@@HUdTtRTtLRWI^Bt@Pp@@@@,C1=CC=C(C=C1)C(=O)C2=CC(=CC=C2)C(=O)O,1,1,579-18-0,0,N4,4,254
E2,"E57_4-CHLOROBENZOIC ACID, 99%",C1=CC(=CC=C1C(=O)O)Cl,N1_(+)-Dehydroabietylamine,CC(C)c1ccc2c(c1)CC[C@H]1[C@](C)(CN)CCC[C@]21C,CC(C)c1ccc2c(c1)CC[C@H]1[C@](C)(CNCc3ccc(Cl)cc3)CCC[C@]21C,22.12,20.4,48.0,7.7,-1.0,57,156.56,0.2,Electrophile,acid01-E13,1,2,8,deTD`AdHaIe]jZ@BX@@,C1=CC(=CC=C1C(=O)O)Cl,1,1,74-11-3,0,N1,1,255
E14,"E57_4-CHLOROBENZOIC ACID, 99%",C1=CC(=CC=C1C(=O)O)Cl,N2_hydroxydehydroabietylamine,CC(C)C(C(O)=C1)=CC2=C1[C@]3(C)C(CC2)[C@](C)(CN)CCC3,CC(C)c1cc2c(cc1O)[C@@]1(C)CCC[C@@](C)(CNCc3ccc(Cl)cc3)C1CC2,0.88,12.1,93.2,0.0,-1.0,57,156.56,0.2,Electrophile,acid01-E13,1,2,8,deTD`AdHaIe]jZ@BX@@,C1=CC(=CC=C1C(=O)O)Cl,1,1,74-11-3,0,N2,2,255
E26,"E57_4-CHLOROBENZOIC ACID, 99%",C1=CC(=CC=C1C(=O)O)Cl,N3_Scaffold 7,CC(C)C1=CC2=CCC3[C@](C)(CN)CCC[C@]3(C)C2CC1,CC(C)C1=CC2=CCC3[C@](C)(CNCc4ccc(Cl)cc4)CCC[C@]3(C)C2CC1,4.3,8.7,66.9,0.0,-1.0,57,156.56,0.2,Electrophile,acid01-E13,1,2,8,deTD`AdHaIe]jZ@BX@@,C1=CC(=CC=C1C(=O)O)Cl,1,1,74-11-3,0,N3,3,255
E38,"E57_4-CHLOROBENZOIC ACID, 99%",C1=CC(=CC=C1C(=O)O)Cl,N4_Scaffold 6,CCNC[C@@]1(C)C2[C@](C)(CCC1)c3c(CC2)cc(C(C)C)c(c3)N,CCNC[C@]1(C)CCC[C@]2(C)c3cc(NCc4ccc(Cl)cc4)c(C(C)C)cc3CCC12,22.9,4.3,15.9,0.0,-1.0,57,156.56,0.2,Electrophile,acid01-E13,1,2,8,deTD`AdHaIe]jZ@BX@@,C1=CC(=CC=C1C(=O)O)Cl,1,1,74-11-3,0,N4,4,255
F2,"E60_3,4-DICHLOROBENZOIC ACID, 95%",C1=CC(=C(C=C1C(=O)O)Cl)Cl,N1_(+)-Dehydroabietylamine,CC(C)c1ccc2c(c1)CC[C@H]1[C@](C)(CN)CCC[C@]21C,CC(C)c1ccc2c(c1)CC[C@H]1[C@](C)(CNCc3ccc(Cl)c(Cl)c3)CCC[C@]21C,16.9,20.8,55.1,0.0,-1.0,60,191.01,0.2,Electrophile,acid01-F2,1,2,8,dmtDPITH`haIf]yn``I`@@,C1=CC(=C(C=C1C(=O)O)Cl)Cl,1,1,51-44-5,0,N1,1,256
F14,"E60_3,4-DICHLOROBENZOIC ACID, 95%",C1=CC(=C(C=C1C(=O)O)Cl)Cl,N2_hydroxydehydroabietylamine,CC(C)C(C(O)=C1)=CC2=C1[C@]3(C)C(CC2)[C@](C)(CN)CCC3,CC(C)c1cc2c(cc1O)[C@@]1(C)CCC[C@@](C)(CNCc3ccc(Cl)c(Cl)c3)C1CC2,0.1,5.4,98.7,0.0,-1.0,60,191.01,0.2,Electrophile,acid01-F2,1,2,8,dmtDPITH`haIf]yn``I`@@,C1=CC(=C(C=C1C(=O)O)Cl)Cl,1,1,51-44-5,0,N2,2,256
F26,"E60_3,4-DICHLOROBENZOIC ACID, 95%",C1=CC(=C(C=C1C(=O)O)Cl)Cl,N3_Scaffold 7,CC(C)C1=CC2=CCC3[C@](C)(CN)CCC[C@]3(C)C2CC1,CC(C)C1=CC2=CCC3[C@](C)(CNCc4ccc(Cl)c(Cl)c4)CCC[C@]3(C)C2CC1,7.5,12.5,62.4,10.5,-1.0,60,191.01,0.2,Electrophile,acid01-F2,1,2,8,dmtDPITH`haIf]yn``I`@@,C1=CC(=C(C=C1C(=O)O)Cl)Cl,1,1,51-44-5,0,N3,3,256
F38,"E60_3,4-DICHLOROBENZOIC ACID, 95%",C1=CC(=C(C=C1C(=O)O)Cl)Cl,N4_Scaffold 6,CCNC[C@@]1(C)C2[C@](C)(CCC1)c3c(CC2)cc(C(C)C)c(c3)N,CCNC[C@]1(C)CCC[C@]2(C)c3cc(NCc4ccc(Cl)c(Cl)c4)c(C(C)C)cc3CCC12,14.6,7.6,34.3,2.3,-1.0,60,191.01,0.2,Electrophile,acid01-F2,1,2,8,dmtDPITH`haIf]yn``I`@@,C1=CC(=C(C=C1C(=O)O)Cl)Cl,1,1,51-44-5,0,N4,4,256
J2,"E67_4-FLUORO-3-HYDROXYBENZOIC ACID, 97%",C1=CC(=C(C=C1C(=O)O)O)F,N1_(+)-Dehydroabietylamine,CC(C)c1ccc2c(c1)CC[C@H]1[C@](C)(CN)CCC[C@]21C,CC(C)c1ccc2c(c1)CC[C@H]1[C@](C)(CNCc3ccc(F)c(O)c3)CCC[C@]21C,40.1,29.6,42.4,100.0,13.46,67,156.11,0.2,Electrophile,acid01-F10,1,2,8,dmtL`BePdDfY}fzB@f@@,C1=CC(=C(C=C1C(=O)O)O)F,1,1,51446-31-2,0,N1,1,257
J14,"E67_4-FLUORO-3-HYDROXYBENZOIC ACID, 97%",C1=CC(=C(C=C1C(=O)O)O)F,N2_hydroxydehydroabietylamine,CC(C)C(C(O)=C1)=CC2=C1[C@]3(C)C(CC2)[C@](C)(CN)CCC3,CC(C)c1cc2c(cc1O)[C@@]1(C)CCC[C@@](C)(CNCc3ccc(F)c(O)c3)C1CC2,2.1,18.2,89.7,0.0,-1.0,67,156.11,0.2,Electrophile,acid01-F10,1,2,8,dmtL`BePdDfY}fzB@f@@,C1=CC(=C(C=C1C(=O)O)O)F,1,1,51446-31-2,0,N2,2,257
J26,"E67_4-FLUORO-3-HYDROXYBENZOIC ACID, 97%",C1=CC(=C(C=C1C(=O)O)O)F,N3_Scaffold 7,CC(C)C1=CC2=CCC3[C@](C)(CN)CCC[C@]3(C)C2CC1,CC(C)C1=CC2=CCC3[C@](C)(CNCc4ccc(F)c(O)c4)CCC[C@]3(C)C2CC1,25.5,56.1,68.8,83.1,5.71,67,156.11,0.2,Electrophile,acid01-F10,1,2,8,dmtL`BePdDfY}fzB@f@@,C1=CC(=C(C=C1C(=O)O)O)F,1,1,51446-31-2,0,N3,3,257
J38,"E67_4-FLUORO-3-HYDROXYBENZOIC ACID, 97%",C1=CC(=C(C=C1C(=O)O)O)F,N4_Scaffold 6,CCNC[C@@]1(C)C2[C@](C)(CCC1)c3c(CC2)cc(C(C)C)c(c3)N,CCNC[C@]1(C)CCC[C@]2(C)c3cc(NCc4ccc(F)c(O)c4)c(C(C)C)cc3CCC12,20.5,1.5,7.0,3.1,-1.0,67,156.11,0.2,Electrophile,acid01-F10,1,2,8,dmtL`BePdDfY}fzB@f@@,C1=CC(=C(C=C1C(=O)O)O)F,1,1,51446-31-2,0,N4,4,257
K2,"E68_2-FLUORO-6-IODOBENZOIC ACID, 97%",C1=CC(=C(C(=C1)I)C(=O)O)F,N1_(+)-Dehydroabietylamine,CC(C)c1ccc2c(c1)CC[C@H]1[C@](C)(CN)CCC[C@]21C,c1cc(F)c(cc1)CNC[C@@]2(C)[C@H]3[C@](C)(CCC2)c4c(CC3)cc(C(C)C)cc4,37.97,6.0,5.37,90.6,19.56,68,266.01,0.2,Electrophile,acid01-F11,1,2,8,dmtDPITJsiAIfVYa`Ha`@@,C1=CC(=C(C(=C1)I)C(=O)O)F,1,1,111771-08-5,0,N1,1,258
K14,"E68_2-FLUORO-6-IODOBENZOIC ACID, 97%",C1=CC(=C(C(=C1)I)C(=O)O)F,N2_hydroxydehydroabietylamine,CC(C)C(C(O)=C1)=CC2=C1[C@]3(C)C(CC2)[C@](C)(CN)CCC3,CC(C)c1cc2c(cc1O)[C@@]1(C)CCC[C@@](C)(CNCc3c(F)cccc3I)C1CC2,3.2,2.6,47.37293519,13.5,-1.0,68,266.01,0.2,Electrophile,acid01-F11,1,2,8,dmtDPITJsiAIfVYa`Ha`@@,C1=CC(=C(C(=C1)I)C(=O)O)F,1,1,111771-08-5,0,N2,2,258
K26,"E68_2-FLUORO-6-IODOBENZOIC ACID, 97%",C1=CC(=C(C(=C1)I)C(=O)O)F,N3_Scaffold 7,CC(C)C1=CC2=CCC3[C@](C)(CN)CCC[C@]3(C)C2CC1,c1cc(F)c(cc1)CNC[C@@]2(C)C3[C@](C)(CCC2)C4C(=CC3)C=C(C(C)C)CC4,15.3,4.63352,23.24,6.4,-1.0,68,266.01,0.2,Electrophile,acid01-F11,1,2,8,dmtDPITJsiAIfVYa`Ha`@@,C1=CC(=C(C(=C1)I)C(=O)O)F,1,1,111771-08-5,0,N3,3,258
K38,"E68_2-FLUORO-6-IODOBENZOIC ACID, 97%",C1=CC(=C(C(=C1)I)C(=O)O)F,N4_Scaffold 6,CCNC[C@@]1(C)C2[C@](C)(CCC1)c3c(CC2)cc(C(C)C)c(c3)N,c1cc(F)c(cc1)CNc2cc3[C@]4(C)C([C@](CNCC)(CCC4)C)CCc3cc2C(C)C,22.6,2.6,10.4,0.0,-1.0,68,266.01,0.2,Electrophile,acid01-F11,1,2,8,dmtDPITJsiAIfVYa`Ha`@@,C1=CC(=C(C(=C1)I)C(=O)O)F,1,1,111771-08-5,0,N4,4,258
M2,"E70_3-FLUORO-2-IODOBENZOIC ACID, 98%",C1=CC(=C(C(=C1)F)I)C(=O)O,N1_(+)-Dehydroabietylamine,CC(C)c1ccc2c(c1)CC[C@H]1[C@](C)(CN)CCC[C@]21C,CC(C)c1ccc2c(c1)CC[C@H]1[C@](C)(CNCc3cccc(F)c3I)CCC[C@]21C,26.93,51.3,65.6,28.6,-1.0,70,266.01,0.2,Electrophile,acid01-F14,1,2,8,dmtDPITJpiAIf[[a`bA`@@,C1=CC(=C(C(=C1)F)I)C(=O)O,1,1,387-48-4,0,N1,1,259
M14,"E70_3-FLUORO-2-IODOBENZOIC ACID, 98%",C1=CC(=C(C(=C1)F)I)C(=O)O,N2_hydroxydehydroabietylamine,CC(C)C(C(O)=C1)=CC2=C1[C@]3(C)C(CC2)[C@](C)(CN)CCC3,CC(C)c1cc2c(cc1O)[C@@]1(C)CCC[C@@](C)(CNCc3cccc(F)c3I)C1CC2,0.0,9.9,100.0,2.7,-1.0,70,266.01,0.2,Electrophile,acid01-F14,1,2,8,dmtDPITJpiAIf[[a`bA`@@,C1=CC(=C(C(=C1)F)I)C(=O)O,1,1,387-48-4,0,N2,2,259
M26,"E70_3-FLUORO-2-IODOBENZOIC ACID, 98%",C1=CC(=C(C(=C1)F)I)C(=O)O,N3_Scaffold 7,CC(C)C1=CC2=CCC3[C@](C)(CN)CCC[C@]3(C)C2CC1,CC(C)C1=CC2=CCC3[C@](C)(CNCc4cccc(F)c4I)CCC[C@]3(C)C2CC1,14.0,34.6,71.2,38.7,-1.0,70,266.01,0.2,Electrophile,acid01-F14,1,2,8,dmtDPITJpiAIf[[a`bA`@@,C1=CC(=C(C(=C1)F)I)C(=O)O,1,1,387-48-4,0,N3,3,259
M38,"E70_3-FLUORO-2-IODOBENZOIC ACID, 98%",C1=CC(=C(C(=C1)F)I)C(=O)O,N4_Scaffold 6,CCNC[C@@]1(C)C2[C@](C)(CCC1)c3c(CC2)cc(C(C)C)c(c3)N,CCNC[C@]1(C)CCC[C@]2(C)c3cc(NCc4cccc(F)c4I)c(C(C)C)cc3CCC12,20.9,6.2,22.9,7.0,-1.0,70,266.01,0.2,Electrophile,acid01-F14,1,2,8,dmtDPITJpiAIf[[a`bA`@@,C1=CC(=C(C(=C1)F)I)C(=O)O,1,1,387-48-4,0,N4,4,259
N2,"E71_2-FLUORO-4-(METHYLSULFONYL)BENZOIC ACID, 97+%",CS(=O)(=O)C1=CC(=C(C=C1)C(=O)O)F,N1_(+)-Dehydroabietylamine,CC(C)c1ccc2c(c1)CC[C@H]1[C@](C)(CN)CCC[C@]21C,CC(C)c1ccc2c(c1)CC[C@H]1[C@](C)(CNCc3ccc(S(C)(=O)=O)cc3F)CCC[C@]21C,43.3,37.6,46.4,100.0,0.0,71,218.2,0.2,Electrophile,acid01-F15,1,2,8,dg\BPHP{@HfPrRPsIPjBjt@QL@@,CS(=O)(=O)C1=CC(=C(C=C1)C(=O)O)F,1,1,142994-04-5,0,N1,1,260
N14,"E71_2-FLUORO-4-(METHYLSULFONYL)BENZOIC ACID, 97+%",CS(=O)(=O)C1=CC(=C(C=C1)C(=O)O)F,N2_hydroxydehydroabietylamine,CC(C)C(C(O)=C1)=CC2=C1[C@]3(C)C(CC2)[C@](C)(CN)CCC3,CC(C)c1cc2c(cc1O)[C@@]1(C)CCC[C@@](C)(CNCc3ccc(S(C)(=O)=O)cc3F)C1CC2,1.1,12.7,92.2,0.0,-1.0,71,218.2,0.2,Electrophile,acid01-F15,1,2,8,dg\BPHP{@HfPrRPsIPjBjt@QL@@,CS(=O)(=O)C1=CC(=C(C=C1)C(=O)O)F,1,1,142994-04-5,0,N2,2,260
N26,"E71_2-FLUORO-4-(METHYLSULFONYL)BENZOIC ACID, 97+%",CS(=O)(=O)C1=CC(=C(C=C1)C(=O)O)F,N3_Scaffold 7,CC(C)C1=CC2=CCC3[C@](C)(CN)CCC[C@]3(C)C2CC1,CC(C)C1=CC2=CCC3[C@](C)(CNCc4ccc(S(C)(=O)=O)cc4F)CCC[C@]3(C)C2CC1,19.0,44.7,70.2,57.4,-1.0,71,218.2,0.2,Electrophile,acid01-F15,1,2,8,dg\BPHP{@HfPrRPsIPjBjt@QL@@,CS(=O)(=O)C1=CC(=C(C=C1)C(=O)O)F,1,1,142994-04-5,0,N3,3,260
N38,"E71_2-FLUORO-4-(METHYLSULFONYL)BENZOIC ACID, 97+%",CS(=O)(=O)C1=CC(=C(C=C1)C(=O)O)F,N4_Scaffold 6,CCNC[C@@]1(C)C2[C@](C)(CCC1)c3c(CC2)cc(C(C)C)c(c3)N,CCNC[C@]1(C)CCC[C@]2(C)c3cc(NCc4ccc(S(C)(=O)=O)cc4F)c(C(C)C)cc3CCC12,15.6,4.9,23.7,0.0,-1.0,71,218.2,0.2,Electrophile,acid01-F15,1,2,8,dg\BPHP{@HfPrRPsIPjBjt@QL@@,CS(=O)(=O)C1=CC(=C(C=C1)C(=O)O)F,1,1,142994-04-5,0,N4,4,260
O2,"E73_4-(FMOC-AMINOMETHYL)BENZOIC ACID, 95%",C1=CC=C2C(=C1)C(C3=CC=CC=C32)COC(=O)NCC4=CC=C(C=C4)C(=O)O,N1_(+)-Dehydroabietylamine,CC(C)c1ccc2c(c1)CC[C@H]1[C@](C)(CN)CCC[C@]21C,CC(C)c1ccc2c(c1)CC[C@H]1[C@](C)(CNCc3ccc(CNC(=O)OCC4c5ccccc5-c5ccccc54)cc3)CCC[C@]21C,39.82,9.9,19.9,99.5,5.79,73,373.4,0.2,Electrophile,acid02-A2,1,2,8,fc`P@L@Po^QQIIQQQQIII[Xpshmsvhvjj`@@@@Ih@@@,C1=CC=C2C(=C1)C(C3=CC=CC=C32)COC(=O)NCC4=CC=C(C=C4)C(=O)O,1,1,164470-64-8,0,N1,1,261
O14,"E73_4-(FMOC-AMINOMETHYL)BENZOIC ACID, 95%",C1=CC=C2C(=C1)C(C3=CC=CC=C32)COC(=O)NCC4=CC=C(C=C4)C(=O)O,N2_hydroxydehydroabietylamine,CC(C)C(C(O)=C1)=CC2=C1[C@]3(C)C(CC2)[C@](C)(CN)CCC3,CC(C)c1cc2c(cc1O)[C@@]1(C)CCC[C@@](C)(CNCc3ccc(CNC(=O)OCC4c5ccccc5-c5ccccc54)cc3)C1CC2,2.94,5.9,66.6,24.8,-1.0,73,373.4,0.2,Electrophile,acid02-A2,1,2,8,fc`P@L@Po^QQIIQQQQIII[Xpshmsvhvjj`@@@@Ih@@@,C1=CC=C2C(=C1)C(C3=CC=CC=C32)COC(=O)NCC4=CC=C(C=C4)C(=O)O,1,1,164470-64-8,0,N2,2,261
O26,"E73_4-(FMOC-AMINOMETHYL)BENZOIC ACID, 95%",C1=CC=C2C(=C1)C(C3=CC=CC=C32)COC(=O)NCC4=CC=C(C=C4)C(=O)O,N3_Scaffold 7,CC(C)C1=CC2=CCC3[C@](C)(CN)CCC[C@]3(C)C2CC1,CC(C)C1=CC2=CCC3[C@](C)(CNCc4ccc(CNC(=O)OCC5c6ccccc6-c6ccccc65)cc4)CCC[C@]3(C)C2CC1,14.3,9.9,41.0,28.8,-1.0,73,373.4,0.2,Electrophile,acid02-A2,1,2,8,fc`P@L@Po^QQIIQQQQIII[Xpshmsvhvjj`@@@@Ih@@@,C1=CC=C2C(=C1)C(C3=CC=CC=C32)COC(=O)NCC4=CC=C(C=C4)C(=O)O,1,1,164470-64-8,0,N3,3,261
O38,"E73_4-(FMOC-AMINOMETHYL)BENZOIC ACID, 95%",C1=CC=C2C(=C1)C(C3=CC=CC=C32)COC(=O)NCC4=CC=C(C=C4)C(=O)O,N4_Scaffold 6,CCNC[C@@]1(C)C2[C@](C)(CCC1)c3c(CC2)cc(C(C)C)c(c3)N,CCNC[C@]1(C)CCC[C@]2(C)c3cc(NCc4ccc(CNC(=O)OCC5c6ccccc6-c6ccccc65)cc4)c(C(C)C)cc3CCC12,19.6,0.0,0.0,15.8,-1.0,73,373.4,0.2,Electrophile,acid02-A2,1,2,8,fc`P@L@Po^QQIIQQQQIII[Xpshmsvhvjj`@@@@Ih@@@,C1=CC=C2C(=C1)C(C3=CC=CC=C32)COC(=O)NCC4=CC=C(C=C4)C(=O)O,1,1,164470-64-8,0,N4,4,261
P2,"E74_3-(5-(2-FLUOROPHENYL)-1,2,4-OXADIAZOL-3-YL)BENZOIC ACID, 98%",C1=CC=C(C(=C1)C2=NC(=NO2)C3=CC(=CC=C3)C(=O)O)F,N1_(+)-Dehydroabietylamine,CC(C)c1ccc2c(c1)CC[C@H]1[C@](C)(CN)CCC[C@]21C,CC(C)c1ccc2c(c1)CC[C@H]1[C@](C)(CNCc3cccc(-c4noc(-c5ccccc5F)n4)c3)CCC[C@]21C,36.0,20.8,36.7,83.7,4.46,74,284.24,0.2,Electrophile,acid02-A3,1,2,8,fj}Qb@AJydhICHhheEdUDeMFRUhJXHIJ`BFD@@,C1=CC=C(C(=C1)C2=NC(=NO2)C3=CC(=CC=C3)C(=O)O)F,1,1,775304-57-9,0,N1,1,262
P14,"E74_3-(5-(2-FLUOROPHENYL)-1,2,4-OXADIAZOL-3-YL)BENZOIC ACID, 98%",C1=CC=C(C(=C1)C2=NC(=NO2)C3=CC(=CC=C3)C(=O)O)F,N2_hydroxydehydroabietylamine,CC(C)C(C(O)=C1)=CC2=C1[C@]3(C)C(CC2)[C@](C)(CN)CCC3,CC(C)c1cc2c(cc1O)[C@@]1(C)CCC[C@@](C)(CNCc3cccc(-c4noc(-c5ccccc5F)n4)c3)C1CC2,0.9,23.2,96.4,18.9,-1.0,74,284.24,0.2,Electrophile,acid02-A3,1,2,8,fj}Qb@AJydhICHhheEdUDeMFRUhJXHIJ`BFD@@,C1=CC=C(C(=C1)C2=NC(=NO2)C3=CC(=CC=C3)C(=O)O)F,1,1,775304-57-9,0,N2,2,262
P26,"E74_3-(5-(2-FLUOROPHENYL)-1,2,4-OXADIAZOL-3-YL)BENZOIC ACID, 98%",C1=CC=C(C(=C1)C2=NC(=NO2)C3=CC(=CC=C3)C(=O)O)F,N3_Scaffold 7,CC(C)C1=CC2=CCC3[C@](C)(CN)CCC[C@]3(C)C2CC1,CC(C)C1=CC2=CCC3[C@](C)(CNCc4cccc(-c5noc(-c6ccccc6F)n5)c4)CCC[C@]3(C)C2CC1,18.0,26.7,59.7,30.0,-1.0,74,284.24,0.2,Electrophile,acid02-A3,1,2,8,fj}Qb@AJydhICHhheEdUDeMFRUhJXHIJ`BFD@@,C1=CC=C(C(=C1)C2=NC(=NO2)C3=CC(=CC=C3)C(=O)O)F,1,1,775304-57-9,0,N3,3,262
P38,"E74_3-(5-(2-FLUOROPHENYL)-1,2,4-OXADIAZOL-3-YL)BENZOIC ACID, 98%",C1=CC=C(C(=C1)C2=NC(=NO2)C3=CC(=CC=C3)C(=O)O)F,N4_Scaffold 6,CCNC[C@@]1(C)C2[C@](C)(CCC1)c3c(CC2)cc(C(C)C)c(c3)N,CCNC[C@]1(C)CCC[C@]2(C)c3cc(NCc4cccc(-c5noc(-c6ccccc6F)n5)c4)c(C(C)C)cc3CCC12,17.4,0.9,5.0,10.1,-1.0,74,284.24,0.2,Electrophile,acid02-A3,1,2,8,fj}Qb@AJydhICHhheEdUDeMFRUhJXHIJ`BFD@@,C1=CC=C(C(=C1)C2=NC(=NO2)C3=CC(=CC=C3)C(=O)O)F,1,1,775304-57-9,0,N4,4,262
Q2,"E75_4-FLUORO-1-NAPHTHOIC ACID, 97%",C1=CC=C2C(=C1)C(=CC=C2F)C(=O)O,N1_(+)-Dehydroabietylamine,CC(C)c1ccc2c(c1)CC[C@H]1[C@](C)(CN)CCC[C@]21C,CC(C)c1ccc2c(c1)CC[C@H]1[C@](C)(CNCc3ccc(F)c4ccccc34)CCC[C@]21C,32.81,18.9,36.5,87.4,0.0,75,190.17,0.2,Electrophile,acid02-A4,1,2,8,dg|D`ClIAIfV]yngX@@HX@@,C1=CC=C2C(=C1)C(=CC=C2F)C(=O)O,1,1,573-03-5,0,N1,1,263
Q14,"E75_4-FLUORO-1-NAPHTHOIC ACID, 97%",C1=CC=C2C(=C1)C(=CC=C2F)C(=O)O,N2_hydroxydehydroabietylamine,CC(C)C(C(O)=C1)=CC2=C1[C@]3(C)C(CC2)[C@](C)(CN)CCC3,CC(C)c1cc2c(cc1O)[C@@]1(C)CCC[C@@](C)(CNCc3ccc(F)c4ccccc34)C1CC2,0.89,14.4,94.2,8.7,-1.0,75,190.17,0.2,Electrophile,acid02-A4,1,2,8,dg|D`ClIAIfV]yngX@@HX@@,C1=CC=C2C(=C1)C(=CC=C2F)C(=O)O,1,1,573-03-5,0,N2,2,263
Q26,"E75_4-FLUORO-1-NAPHTHOIC ACID, 97%",C1=CC=C2C(=C1)C(=CC=C2F)C(=O)O,N3_Scaffold 7,CC(C)C1=CC2=CCC3[C@](C)(CN)CCC[C@]3(C)C2CC1,CC(C)C1=CC2=CCC3[C@](C)(CNCc4ccc(F)c5ccccc45)CCC[C@]3(C)C2CC1,8.8,23.3,72.6,13.8,-1.0,75,190.17,0.2,Electrophile,acid02-A4,1,2,8,dg|D`ClIAIfV]yngX@@HX@@,C1=CC=C2C(=C1)C(=CC=C2F)C(=O)O,1,1,573-03-5,0,N3,3,263
Q38,"E75_4-FLUORO-1-NAPHTHOIC ACID, 97%",C1=CC=C2C(=C1)C(=CC=C2F)C(=O)O,N4_Scaffold 6,CCNC[C@@]1(C)C2[C@](C)(CCC1)c3c(CC2)cc(C(C)C)c(c3)N,CCNC[C@]1(C)CCC[C@]2(C)c3cc(NCc4ccc(F)c5ccccc45)c(C(C)C)cc3CCC12,17.6,2.0,10.4,0.0,-1.0,75,190.17,0.2,Electrophile,acid02-A4,1,2,8,dg|D`ClIAIfV]yngX@@HX@@,C1=CC=C2C(=C1)C(=CC=C2F)C(=O)O,1,1,573-03-5,0,N4,4,263
S2,"E77_2-FLUORO-4-NITROBENZOIC ACID, 98%",C1=CC(=C(C=C1[N+](=O)[O-])F)C(=O)O,N1_(+)-Dehydroabietylamine,CC(C)c1ccc2c(c1)CC[C@H]1[C@](C)(CN)CCC[C@]21C,CC(C)c1ccc2c(c1)CC[C@H]1[C@](C)(CNCc3ccc([N+](=O)[O-])cc3F)CCC[C@]21C,25.31,37.1,59.4,37.1,-1.0,77,185.11,0.2,Electrophile,acid02-A6,1,2,8,dknBaEx]LIAYOlbbbTRlZXHFI`@@,C1=CC(=C(C=C1[N+](=O)[O-])F)C(=O)O,1,1,403-24-7,0,N1,1,264
S14,"E77_2-FLUORO-4-NITROBENZOIC ACID, 98%",C1=CC(=C(C=C1[N+](=O)[O-])F)C(=O)O,N2_hydroxydehydroabietylamine,CC(C)C(C(O)=C1)=CC2=C1[C@]3(C)C(CC2)[C@](C)(CN)CCC3,CC(C)c1cc2c(cc1O)[C@@]1(C)CCC[C@@](C)(CNCc3ccc([N+](=O)[O-])cc3F)C1CC2,0.47,3.8,88.9,14.3,-1.0,77,185.11,0.2,Electrophile,acid02-A6,1,2,8,dknBaEx]LIAYOlbbbTRlZXHFI`@@,C1=CC(=C(C=C1[N+](=O)[O-])F)C(=O)O,1,1,403-24-7,0,N2,2,264
S26,"E77_2-FLUORO-4-NITROBENZOIC ACID, 98%",C1=CC(=C(C=C1[N+](=O)[O-])F)C(=O)O,N3_Scaffold 7,CC(C)C1=CC2=CCC3[C@](C)(CN)CCC[C@]3(C)C2CC1,CC(C)C1=CC2=CCC3[C@](C)(CNCc4ccc([N+](=O)[O-])cc4F)CCC[C@]3(C)C2CC1,19.1,21.4,52.9,45.6,-1.0,77,185.11,0.2,Electrophile,acid02-A6,1,2,8,dknBaEx]LIAYOlbbbTRlZXHFI`@@,C1=CC(=C(C=C1[N+](=O)[O-])F)C(=O)O,1,1,403-24-7,0,N3,3,264
S38,"E77_2-FLUORO-4-NITROBENZOIC ACID, 98%",C1=CC(=C(C=C1[N+](=O)[O-])F)C(=O)O,N4_Scaffold 6,CCNC[C@@]1(C)C2[C@](C)(CCC1)c3c(CC2)cc(C(C)C)c(c3)N,CCNC[C@]1(C)CCC[C@]2(C)c3cc(NCc4ccc([N+](=O)[O-])cc4F)c(C(C)C)cc3CCC12,11.8,3.6,23.2,37.7,-1.0,77,185.11,0.2,Electrophile,acid02-A6,1,2,8,dknBaEx]LIAYOlbbbTRlZXHFI`@@,C1=CC(=C(C=C1[N+](=O)[O-])F)C(=O)O,1,1,403-24-7,0,N4,4,264
AB8,"E80_2-FLUORO-6-(TRIFLUOROMETHYL)BENZOIC ACID, 98%",C1=CC(=C(C(=C1)F)C(=O)O)C(F)(F)F,N1_(+)-Dehydroabietylamine,CC(C)c1ccc2c(c1)CC[C@H]1[C@](C)(CN)CCC[C@]21C,CC(C)c1ccc2c(c1)CC[C@H]1[C@](C)(CNCc3c(F)cccc3C(F)(F)F)CCC[C@]21C,42.4,11.6,21.5,92.1,0.0,80,208.11,0.2,Electrophile,acid02-A9,1,2,8,dg\DHITICY@yByCHhheECHwPDDuP@@,C1=CC(=C(C(=C1)F)C(=O)O)C(F)(F)F,1,1,32890-94-1,0,N1,1,265
AB20,"E80_2-FLUORO-6-(TRIFLUOROMETHYL)BENZOIC ACID, 98%",C1=CC(=C(C(=C1)F)C(=O)O)C(F)(F)F,N2_hydroxydehydroabietylamine,CC(C)C(C(O)=C1)=CC2=C1[C@]3(C)C(CC2)[C@](C)(CN)CCC3,CC(C)c1cc2c(cc1O)[C@@]1(C)CCC[C@@](C)(CNCc3c(F)cccc3C(F)(F)F)C1CC2,0.0,5.8,100.0,8.4,-1.0,80,208.11,0.2,Electrophile,acid02-A9,1,2,8,dg\DHITICY@yByCHhheECHwPDDuP@@,C1=CC(=C(C(=C1)F)C(=O)O)C(F)(F)F,1,1,32890-94-1,0,N2,2,265
AB32,"E80_2-FLUORO-6-(TRIFLUOROMETHYL)BENZOIC ACID, 98%",C1=CC(=C(C(=C1)F)C(=O)O)C(F)(F)F,N3_Scaffold 7,CC(C)C1=CC2=CCC3[C@](C)(CN)CCC[C@]3(C)C2CC1,CC(C)C1=CC2=CCC3[C@](C)(CNCc4c(F)cccc4C(F)(F)F)CCC[C@]3(C)C2CC1,26.2,14.4,35.5,9.8,-1.0,80,208.11,0.2,Electrophile,acid02-A9,1,2,8,dg\DHITICY@yByCHhheECHwPDDuP@@,C1=CC(=C(C(=C1)F)C(=O)O)C(F)(F)F,1,1,32890-94-1,0,N3,3,265
AB44,"E80_2-FLUORO-6-(TRIFLUOROMETHYL)BENZOIC ACID, 98%",C1=CC(=C(C(=C1)F)C(=O)O)C(F)(F)F,N4_Scaffold 6,CCNC[C@@]1(C)C2[C@](C)(CCC1)c3c(CC2)cc(C(C)C)c(c3)N,CCNC[C@]1(C)CCC[C@]2(C)c3cc(NCc4c(F)cccc4C(F)(F)F)c(C(C)C)cc3CCC12,24.6,4.3,14.9,4.0,-1.0,80,208.11,0.2,Electrophile,acid02-A9,1,2,8,dg\DHITICY@yByCHhheECHwPDDuP@@,C1=CC(=C(C(=C1)F)C(=O)O)C(F)(F)F,1,1,32890-94-1,0,N4,4,265
V2,"E82_2-METHYL-4-NITROBENZOIC ACID, 98%",CC1=C(C=CC(=C1)[N+](=O)[O-])C(=O)O,N1_(+)-Dehydroabietylamine,CC(C)c1ccc2c(c1)CC[C@H]1[C@](C)(CN)CCC[C@]21C,Cc1cc([N+](=O)[O-])ccc1CNC[C@]1(C)CCC[C@]2(C)c3ccc(C(C)C)cc3CC[C@@H]12,29.8,26.9,47.4,58.9,-1.0,82,181.15,0.2,Electrophile,acid02-A11,1,2,8,dknBAHAMNISdfyV~xV`@i`@@,CC1=C(C=CC(=C1)[N+](=O)[O-])C(=O)O,1,1,1975-51-5,0,N1,1,266
V14,"E82_2-METHYL-4-NITROBENZOIC ACID, 98%",CC1=C(C=CC(=C1)[N+](=O)[O-])C(=O)O,N2_hydroxydehydroabietylamine,CC(C)C(C(O)=C1)=CC2=C1[C@]3(C)C(CC2)[C@](C)(CN)CCC3,Cc1cc([N+](=O)[O-])ccc1CNC[C@]1(C)CCC[C@]2(C)c3cc(O)c(C(C)C)cc3CCC12,2.3,0.0,0.0,0.0,-1.0,82,181.15,0.2,Electrophile,acid02-A11,1,2,8,dknBAHAMNISdfyV~xV`@i`@@,CC1=C(C=CC(=C1)[N+](=O)[O-])C(=O)O,1,1,1975-51-5,0,N2,2,266
V26,"E82_2-METHYL-4-NITROBENZOIC ACID, 98%",CC1=C(C=CC(=C1)[N+](=O)[O-])C(=O)O,N3_Scaffold 7,CC(C)C1=CC2=CCC3[C@](C)(CN)CCC[C@]3(C)C2CC1,Cc1cc([N+](=O)[O-])ccc1CNC[C@]1(C)CCC[C@]2(C)C3CCC(C(C)C)=CC3=CCC12,21.3,15.2,41.7,24.3,-1.0,82,181.15,0.2,Electrophile,acid02-A11,1,2,8,dknBAHAMNISdfyV~xV`@i`@@,CC1=C(C=CC(=C1)[N+](=O)[O-])C(=O)O,1,1,1975-51-5,0,N3,3,266
V38,"E82_2-METHYL-4-NITROBENZOIC ACID, 98%",CC1=C(C=CC(=C1)[N+](=O)[O-])C(=O)O,N4_Scaffold 6,CCNC[C@@]1(C)C2[C@](C)(CCC1)c3c(CC2)cc(C(C)C)c(c3)N,CCNC[C@]1(C)CCC[C@]2(C)c3cc(NCc4ccc([N+](=O)[O-])cc4C)c(C(C)C)cc3CCC12,24.3,0.0,0.0,3.6,-1.0,82,181.15,0.2,Electrophile,acid02-A11,1,2,8,dknBAHAMNISdfyV~xV`@i`@@,CC1=C(C=CC(=C1)[N+](=O)[O-])C(=O)O,1,1,1975-51-5,0,N4,4,266
AD8,"E86_4-MERCAPTOBENZOIC ACID, 90%",C1=CC(=CC=C1C(=O)O)S,N1_(+)-Dehydroabietylamine,CC(C)c1ccc2c(c1)CC[C@H]1[C@](C)(CN)CCC[C@]21C,CC(C)c1ccc2c(c1)CC[C@H]1[C@](C)(CNCc3ccc(S)cc3)CCC[C@]21C,41.5,0.0,0.0,32.2,-1.0,86,154.19,0.2,Electrophile,acid02-B1,1,2,8,deTD`Ad@aIe]jZ@BX@@,C1=CC(=CC=C1C(=O)O)S,1,1,1074-36-8,0,N1,1,267
AD20,"E86_4-MERCAPTOBENZOIC ACID, 90%",C1=CC(=CC=C1C(=O)O)S,N2_hydroxydehydroabietylamine,CC(C)C(C(O)=C1)=CC2=C1[C@]3(C)C(CC2)[C@](C)(CN)CCC3,CC(C)c1cc2c(cc1O)[C@@]1(C)CCC[C@@](C)(CNCc3ccc(S)cc3)C1CC2,6.2,0.0,0.0,0.0,-1.0,86,154.19,0.2,Electrophile,acid02-B1,1,2,8,deTD`Ad@aIe]jZ@BX@@,C1=CC(=CC=C1C(=O)O)S,1,1,1074-36-8,0,N2,2,267
AD32,"E86_4-MERCAPTOBENZOIC ACID, 90%",C1=CC(=CC=C1C(=O)O)S,N3_Scaffold 7,CC(C)C1=CC2=CCC3[C@](C)(CN)CCC[C@]3(C)C2CC1,CC(C)C1=CC2=CCC3[C@](C)(CNCc4ccc(S)cc4)CCC[C@]3(C)C2CC1,14.6,3.1,17.7,4.3,-1.0,86,154.19,0.2,Electrophile,acid02-B1,1,2,8,deTD`Ad@aIe]jZ@BX@@,C1=CC(=CC=C1C(=O)O)S,1,1,1074-36-8,0,N3,3,267
AD44,"E86_4-MERCAPTOBENZOIC ACID, 90%",C1=CC(=CC=C1C(=O)O)S,N4_Scaffold 6,CCNC[C@@]1(C)C2[C@](C)(CCC1)c3c(CC2)cc(C(C)C)c(c3)N,CCNC[C@]1(C)CCC[C@]2(C)c3cc(NCc4ccc(S)cc4)c(C(C)C)cc3CCC12,11.4,0.0,0.0,0.0,-1.0,86,154.19,0.2,Electrophile,acid02-B1,1,2,8,deTD`Ad@aIe]jZ@BX@@,C1=CC(=CC=C1C(=O)O)S,1,1,1074-36-8,0,N4,4,267
Y2,E88_MEFENAMIC ACID,CC1=C(C(=CC=C1)NC2=CC=CC=C2C(=O)O)C,N1_(+)-Dehydroabietylamine,CC(C)c1ccc2c(c1)CC[C@H]1[C@](C)(CN)CCC[C@]21C,Cc1cccc(Nc2ccccc2CNC[C@]2(C)CCC[C@]3(C)c4ccc(C(C)C)cc4CC[C@@H]23)c1C,0.35,0.0,0.0,0.0,-1.0,88,241.28,0.2,Electrophile,acid02-B4,1,2,8,fdy``@F@PdwLkwKBUxKPPPAA@@@,CC1=C(C(=CC=C1)NC2=CC=CC=C2C(=O)O)C,1,1,61-68-7,0,N1,1,268
Y14,E88_MEFENAMIC ACID,CC1=C(C(=CC=C1)NC2=CC=CC=C2C(=O)O)C,N2_hydroxydehydroabietylamine,CC(C)C(C(O)=C1)=CC2=C1[C@]3(C)C(CC2)[C@](C)(CN)CCC3,Cc1cccc(Nc2ccccc2CNC[C@]2(C)CCC[C@]3(C)c4cc(O)c(C(C)C)cc4CCC23)c1C,0.92,2.4,72.3,0.0,-1.0,88,241.28,0.2,Electrophile,acid02-B4,1,2,8,fdy``@F@PdwLkwKBUxKPPPAA@@@,CC1=C(C(=CC=C1)NC2=CC=CC=C2C(=O)O)C,1,1,61-68-7,0,N2,2,268
Y26,E88_MEFENAMIC ACID,CC1=C(C(=CC=C1)NC2=CC=CC=C2C(=O)O)C,N3_Scaffold 7,CC(C)C1=CC2=CCC3[C@](C)(CN)CCC[C@]3(C)C2CC1,Cc1cccc(Nc2ccccc2CNC[C@]2(C)CCC[C@]3(C)C4CCC(C(C)C)=CC4=CCC23)c1C,11.5,5.9,34.0,0.0,-1.0,88,241.28,0.2,Electrophile,acid02-B4,1,2,8,fdy``@F@PdwLkwKBUxKPPPAA@@@,CC1=C(C(=CC=C1)NC2=CC=CC=C2C(=O)O)C,1,1,61-68-7,0,N3,3,268
Y38,E88_MEFENAMIC ACID,CC1=C(C(=CC=C1)NC2=CC=CC=C2C(=O)O)C,N4_Scaffold 6,CCNC[C@@]1(C)C2[C@](C)(CCC1)c3c(CC2)cc(C(C)C)c(c3)N,CCNC[C@]1(C)CCC[C@]2(C)c3cc(NCc4ccccc4Nc4cccc(C)c4C)c(C(C)C)cc3CCC12,13.9,17.2,55.2,0.0,-1.0,88,241.28,0.2,Electrophile,acid02-B4,1,2,8,fdy``@F@PdwLkwKBUxKPPPAA@@@,CC1=C(C(=CC=C1)NC2=CC=CC=C2C(=O)O)C,1,1,61-68-7,0,N4,4,268
AD2,"E93_4-BIPHENYLCARBOXYLIC ACID, 99%",C1=CC=C(C=C1)C2=CC=C(C=C2)C(=O)O,N1_(+)-Dehydroabietylamine,CC(C)c1ccc2c(c1)CC[C@H]1[C@](C)(CN)CCC[C@]21C,CC(C)c1ccc2c(c1)CC[C@H]1[C@](C)(CNCc3ccc(-c4ccccc4)cc3)CCC[C@]21C,31.8,25.8,44.8,14.0,-1.0,93,198.22,0.2,Electrophile,acid02-B10,1,2,8,foA@`@@HR[e]e^Blyh@H@@@@,C1=CC=C(C=C1)C2=CC=C(C=C2)C(=O)O,1,1,92-92-2,0,N1,1,269
AD14,"E93_4-BIPHENYLCARBOXYLIC ACID, 99%",C1=CC=C(C=C1)C2=CC=C(C=C2)C(=O)O,N2_hydroxydehydroabietylamine,CC(C)C(C(O)=C1)=CC2=C1[C@]3(C)C(CC2)[C@](C)(CN)CCC3,CC(C)c1cc2c(cc1O)[C@@]1(C)CCC[C@@](C)(CNCc3ccc(-c4ccccc4)cc3)C1CC2,0.0,8.0,100.0,0.0,-1.0,93,198.22,0.2,Electrophile,acid02-B10,1,2,8,foA@`@@HR[e]e^Blyh@H@@@@,C1=CC=C(C=C1)C2=CC=C(C=C2)C(=O)O,1,1,92-92-2,0,N2,2,269
AD26,"E93_4-BIPHENYLCARBOXYLIC ACID, 99%",C1=CC=C(C=C1)C2=CC=C(C=C2)C(=O)O,N3_Scaffold 7,CC(C)C1=CC2=CCC3[C@](C)(CN)CCC[C@]3(C)C2CC1,CC(C)C1=CC2=CCC3[C@](C)(CNCc4ccc(-c5ccccc5)cc4)CCC[C@]3(C)C2CC1,6.5,19.2,74.7,22.9,-1.0,93,198.22,0.2,Electrophile,acid02-B10,1,2,8,foA@`@@HR[e]e^Blyh@H@@@@,C1=CC=C(C=C1)C2=CC=C(C=C2)C(=O)O,1,1,92-92-2,0,N3,3,269
AD38,"E93_4-BIPHENYLCARBOXYLIC ACID, 99%",C1=CC=C(C=C1)C2=CC=C(C=C2)C(=O)O,N4_Scaffold 6,CCNC[C@@]1(C)C2[C@](C)(CCC1)c3c(CC2)cc(C(C)C)c(c3)N,CCNC[C@]1(C)CCC[C@]2(C)c3cc(NCc4ccc(-c5ccccc5)cc4)c(C(C)C)cc3CCC12,20.0,4.8,19.5,1.4,-1.0,93,198.22,0.2,Electrophile,acid02-B10,1,2,8,foA@`@@HR[e]e^Blyh@H@@@@,C1=CC=C(C=C1)C2=CC=C(C=C2)C(=O)O,1,1,92-92-2,0,N4,4,269
AF2,"E95_5-BROMO-2-IODOBENZOIC ACID, 98.0+%",C1=CC(=C(C=C1Br)C(=O)O)I,N1_(+)-Dehydroabietylamine,CC(C)c1ccc2c(c1)CC[C@H]1[C@](C)(CN)CCC[C@]21C,CC(C)c1ccc2c(c1)CC[C@H]1[C@](C)(CNCc3cc(Br)ccc3I)CCC[C@]21C,25.7,42.6,62.3,0.0,-1.0,95,326.91,0.2,Electrophile,acid02-B12,1,2,8,dmtDPNDJq\SHhheEVfBAb@@,C1=CC(=C(C=C1Br)C(=O)O)I,1,1,21740-00-1,0,N1,1,270
AF14,"E95_5-BROMO-2-IODOBENZOIC ACID, 98.0+%",C1=CC(=C(C=C1Br)C(=O)O)I,N2_hydroxydehydroabietylamine,CC(C)C(C(O)=C1)=CC2=C1[C@]3(C)C(CC2)[C@](C)(CN)CCC3,CC(C)c1cc2c(cc1O)[C@@]1(C)CCC[C@@](C)(CNCc3cc(Br)ccc3I)C1CC2,0.0,12.7,100.0,0.0,-1.0,95,326.91,0.2,Electrophile,acid02-B12,1,2,8,dmtDPNDJq\SHhheEVfBAb@@,C1=CC(=C(C=C1Br)C(=O)O)I,1,1,21740-00-1,0,N2,2,270
AF26,"E95_5-BROMO-2-IODOBENZOIC ACID, 98.0+%",C1=CC(=C(C=C1Br)C(=O)O)I,N3_Scaffold 7,CC(C)C1=CC2=CCC3[C@](C)(CN)CCC[C@]3(C)C2CC1,CC(C)C1=CC2=CCC3[C@](C)(CNCc4cc(Br)ccc4I)CCC[C@]3(C)C2CC1,11.2,32.3,74.2,10.6,-1.0,95,326.91,0.2,Electrophile,acid02-B12,1,2,8,dmtDPNDJq\SHhheEVfBAb@@,C1=CC(=C(C=C1Br)C(=O)O)I,1,1,21740-00-1,0,N3,3,270
AF38,"E95_5-BROMO-2-IODOBENZOIC ACID, 98.0+%",C1=CC(=C(C=C1Br)C(=O)O)I,N4_Scaffold 6,CCNC[C@@]1(C)C2[C@](C)(CCC1)c3c(CC2)cc(C(C)C)c(c3)N,CCNC[C@]1(C)CCC[C@]2(C)c3cc(NCc4cc(Br)ccc4I)c(C(C)C)cc3CCC12,21.5,5.2,19.5,0.0,-1.0,95,326.91,0.2,Electrophile,acid02-B12,1,2,8,dmtDPNDJq\SHhheEVfBAb@@,C1=CC(=C(C=C1Br)C(=O)O)I,1,1,21740-00-1,0,N4,4,270
A3,"E96_4-BUTYLBENZOIC ACID, 97%",CCCCC1=CC=C(C=C1)C(=O)O,N1_(+)-Dehydroabietylamine,CC(C)c1ccc2c(c1)CC[C@H]1[C@](C)(CN)CCC[C@]21C,CCCCc1ccc(CNC[C@]2(C)CCC[C@]3(C)c4ccc(C(C)C)cc4CC[C@@H]23)cc1,23.21,46.3,66.6,0.0,-1.0,96,178.23,0.2,Electrophile,acid02-B13,1,2,8,dklD@@QInUu^Eh@Jh@@,CCCCC1=CC=C(C=C1)C(=O)O,1,1,20651-71-2,0,N1,1,271
A15,"E96_4-BUTYLBENZOIC ACID, 97%",CCCCC1=CC=C(C=C1)C(=O)O,N2_hydroxydehydroabietylamine,CC(C)C(C(O)=C1)=CC2=C1[C@]3(C)C(CC2)[C@](C)(CN)CCC3,CCCCc1ccc(CNC[C@]2(C)CCC[C@]3(C)c4cc(O)c(C(C)C)cc4CCC23)cc1,46.96,15.8,25.2,64.3,-1.0,96,178.23,0.2,Electrophile,acid02-B13,1,2,8,dklD@@QInUu^Eh@Jh@@,CCCCC1=CC=C(C=C1)C(=O)O,1,1,20651-71-2,0,N2,2,271
A27,"E96_4-BUTYLBENZOIC ACID, 97%",CCCCC1=CC=C(C=C1)C(=O)O,N3_Scaffold 7,CC(C)C1=CC2=CCC3[C@](C)(CN)CCC[C@]3(C)C2CC1,CCCCc1ccc(CNC[C@]2(C)CCC[C@]3(C)C4CCC(C(C)C)=CC4=CCC23)cc1,6.5,27.2,80.7,0.9,-1.0,96,178.23,0.2,Electrophile,acid02-B13,1,2,8,dklD@@QInUu^Eh@Jh@@,CCCCC1=CC=C(C=C1)C(=O)O,1,1,20651-71-2,0,N3,3,271
A39,"E96_4-BUTYLBENZOIC ACID, 97%",CCCCC1=CC=C(C=C1)C(=O)O,N4_Scaffold 6,CCNC[C@@]1(C)C2[C@](C)(CCC1)c3c(CC2)cc(C(C)C)c(c3)N,CCCCc1ccc(CNc2cc3c(cc2C(C)C)CCC2[C@](C)(CNCC)CCC[C@]32C)cc1,18.4,9.1,33.1,0.0,-1.0,96,178.23,0.2,Electrophile,acid02-B13,1,2,8,dklD@@QInUu^Eh@Jh@@,CCCCC1=CC=C(C=C1)C(=O)O,1,1,20651-71-2,0,N4,4,271
I3,"E106_4-CYANOBENZOIC ACID, 98%",C1=CC(=CC=C1C#N)C(=O)O,N1_(+)-Dehydroabietylamine,CC(C)c1ccc2c(c1)CC[C@H]1[C@](C)(CN)CCC[C@]21C,CC(C)c1ccc2c(c1)CC[C@H]1[C@](C)(CNCc3ccc(C#N)cc3)CCC[C@]21C,27.48,34.2,55.4,49.7,-1.0,106,147.13,0.2,Electrophile,acid02-C8,1,2,8,dmvD@EADfyW^Eh@K@@,C1=CC(=CC=C1C#N)C(=O)O,1,1,619-65-8,0,N1,1,272
I15,"E106_4-CYANOBENZOIC ACID, 98%",C1=CC(=CC=C1C#N)C(=O)O,N2_hydroxydehydroabietylamine,CC(C)C(C(O)=C1)=CC2=C1[C@]3(C)C(CC2)[C@](C)(CN)CCC3,CC(C)c1cc2c(cc1O)[C@@]1(C)CCC[C@@](C)(CNCc3ccc(C#N)cc3)C1CC2,1.94,1.7,47.3,0.0,-1.0,106,147.13,0.2,Electrophile,acid02-C8,1,2,8,dmvD@EADfyW^Eh@K@@,C1=CC(=CC=C1C#N)C(=O)O,1,1,619-65-8,0,N2,2,272
I27,"E106_4-CYANOBENZOIC ACID, 98%",C1=CC(=CC=C1C#N)C(=O)O,N3_Scaffold 7,CC(C)C1=CC2=CCC3[C@](C)(CN)CCC[C@]3(C)C2CC1,CC(C)C1=CC2=CCC3[C@](C)(CNCc4ccc(C#N)cc4)CCC[C@]3(C)C2CC1,15.3,29.6,65.9,15.4,-1.0,106,147.13,0.2,Electrophile,acid02-C8,1,2,8,dmvD@EADfyW^Eh@K@@,C1=CC(=CC=C1C#N)C(=O)O,1,1,619-65-8,0,N3,3,272
I39,"E106_4-CYANOBENZOIC ACID, 98%",C1=CC(=CC=C1C#N)C(=O)O,N4_Scaffold 6,CCNC[C@@]1(C)C2[C@](C)(CCC1)c3c(CC2)cc(C(C)C)c(c3)N,CCNC[C@]1(C)CCC[C@]2(C)c3cc(NCc4ccc(C#N)cc4)c(C(C)C)cc3CCC12,15.9,4.4,21.7,0.0,-1.0,106,147.13,0.2,Electrophile,acid02-C8,1,2,8,dmvD@EADfyW^Eh@K@@,C1=CC(=CC=C1C#N)C(=O)O,1,1,619-65-8,0,N4,4,272
J3,"E110_2-(DIFLUOROMETHYL)BENZOIC ACID,",C1=CC=C(C(=C1)C(F)F)C(=O)O,N1_(+)-Dehydroabietylamine,CC(C)c1ccc2c(c1)CC[C@H]1[C@](C)(CN)CCC[C@]21C,CC(C)c1ccc2c(c1)CC[C@H]1[C@](C)(CNCc3ccccc3C(F)F)CCC[C@]21C,25.7,6.8,21.1,33.8,-1.0,110,172.13,0.2,Electrophile,acid02-C12,1,2,8,dcLDPITIAIAInYYGZ``X@@,C1=CC=C(C(=C1)C(F)F)C(=O)O,1,1,799814-32-7,0,N1,1,273
J15,"E110_2-(DIFLUOROMETHYL)BENZOIC ACID,",C1=CC=C(C(=C1)C(F)F)C(=O)O,N2_hydroxydehydroabietylamine,CC(C)C(C(O)=C1)=CC2=C1[C@]3(C)C(CC2)[C@](C)(CN)CCC3,CC(C)c1cc2c(cc1O)[C@@]1(C)CCC[C@@](C)(CNCc3ccccc3C(F)F)C1CC2,4.5,9.1,67.1,0.7,-1.0,110,172.13,0.2,Electrophile,acid02-C12,1,2,8,dcLDPITIAIAInYYGZ``X@@,C1=CC=C(C(=C1)C(F)F)C(=O)O,1,1,799814-32-7,0,N2,2,273
J27,"E110_2-(DIFLUOROMETHYL)BENZOIC ACID,",C1=CC=C(C(=C1)C(F)F)C(=O)O,N3_Scaffold 7,CC(C)C1=CC2=CCC3[C@](C)(CN)CCC[C@]3(C)C2CC1,CC(C)C1=CC2=CCC3[C@](C)(CNCc4ccccc4C(F)F)CCC[C@]3(C)C2CC1,15.5,5.4,25.8,27.4,-1.0,110,172.13,0.2,Electrophile,acid02-C12,1,2,8,dcLDPITIAIAInYYGZ``X@@,C1=CC=C(C(=C1)C(F)F)C(=O)O,1,1,799814-32-7,0,N3,3,273
J39,"E110_2-(DIFLUOROMETHYL)BENZOIC ACID,",C1=CC=C(C(=C1)C(F)F)C(=O)O,N4_Scaffold 6,CCNC[C@@]1(C)C2[C@](C)(CCC1)c3c(CC2)cc(C(C)C)c(c3)N,CCNC[C@]1(C)CCC[C@]2(C)c3cc(NCc4ccccc4C(F)F)c(C(C)C)cc3CCC12,23.1,0.0,0.0,0.0,-1.0,110,172.13,0.2,Electrophile,acid02-C12,1,2,8,dcLDPITIAIAInYYGZ``X@@,C1=CC=C(C(=C1)C(F)F)C(=O)O,1,1,799814-32-7,0,N4,4,273
L3,"E116_2,6-DIMETHOXYBENZOIC ACID, 99%",COC1=C(C(=CC=C1)OC)C(=O)O,N1_(+)-Dehydroabietylamine,CC(C)c1ccc2c(c1)CC[C@H]1[C@](C)(CN)CCC[C@]21C,COc1cccc(OC)c1CNC[C@]1(C)CCC[C@]2(C)c3ccc(C(C)C)cc3CC[C@@H]12,27.1,30.1,52.6,54.4,-1.0,116,182.17,0.2,Electrophile,acid02-D4,1,2,8,dklB@@QaR[fYV]ZBHb@@,COC1=C(C(=CC=C1)OC)C(=O)O,1,1,1466-76-8,0,N1,1,274
L15,"E116_2,6-DIMETHOXYBENZOIC ACID, 99%",COC1=C(C(=CC=C1)OC)C(=O)O,N2_hydroxydehydroabietylamine,CC(C)C(C(O)=C1)=CC2=C1[C@]3(C)C(CC2)[C@](C)(CN)CCC3,COc1cccc(OC)c1CNC[C@]1(C)CCC[C@]2(C)c3cc(O)c(C(C)C)cc3CCC12,0.0,20.4,100.0,33.3,-1.0,116,182.17,0.2,Electrophile,acid02-D4,1,2,8,dklB@@QaR[fYV]ZBHb@@,COC1=C(C(=CC=C1)OC)C(=O)O,1,1,1466-76-8,0,N2,2,274
L27,"E116_2,6-DIMETHOXYBENZOIC ACID, 99%",COC1=C(C(=CC=C1)OC)C(=O)O,N3_Scaffold 7,CC(C)C1=CC2=CCC3[C@](C)(CN)CCC[C@]3(C)C2CC1,COc1cccc(OC)c1CNC[C@]1(C)CCC[C@]2(C)C3CCC(C(C)C)=CC3=CCC12,5.7,27.1,82.6,55.8,-1.0,116,182.17,0.2,Electrophile,acid02-D4,1,2,8,dklB@@QaR[fYV]ZBHb@@,COC1=C(C(=CC=C1)OC)C(=O)O,1,1,1466-76-8,0,N3,3,274
L39,"E116_2,6-DIMETHOXYBENZOIC ACID, 99%",COC1=C(C(=CC=C1)OC)C(=O)O,N4_Scaffold 6,CCNC[C@@]1(C)C2[C@](C)(CCC1)c3c(CC2)cc(C(C)C)c(c3)N,CCNC[C@]1(C)CCC[C@]2(C)c3cc(NCc4c(OC)cccc4OC)c(C(C)C)cc3CCC12,24.4,34.4,58.5,17.8,-1.0,116,182.17,0.2,Electrophile,acid02-D4,1,2,8,dklB@@QaR[fYV]ZBHb@@,COC1=C(C(=CC=C1)OC)C(=O)O,1,1,1466-76-8,0,N4,4,274
M3,"E117_3,5-DIMETHOXYBENZOIC ACID 99%",COC1=CC(=CC(=C1)C(=O)O)OC,N1_(+)-Dehydroabietylamine,CC(C)c1ccc2c(c1)CC[C@H]1[C@](C)(CN)CCC[C@]21C,COc1cc(CNC[C@]2(C)CCC[C@]3(C)c4ccc(C(C)C)cc4CC[C@@H]23)cc(OC)c1,30.87,12.1,28.1,81.1,13.6,117,182.17,0.2,Electrophile,acid02-D5,1,2,8,dklB@@PUR[eY_iZ@Hj@@,COC1=CC(=CC(=C1)C(=O)O)OC,1,1,1132-21-4,0,N1,1,275
M15,"E117_3,5-DIMETHOXYBENZOIC ACID 99%",COC1=CC(=CC(=C1)C(=O)O)OC,N2_hydroxydehydroabietylamine,CC(C)C(C(O)=C1)=CC2=C1[C@]3(C)C(CC2)[C@](C)(CN)CCC3,COc1cc(CNC[C@]2(C)CCC[C@]3(C)c4cc(O)c(C(C)C)cc4CCC23)cc(OC)c1,0.0,14.0,100.0,3.4,-1.0,117,182.17,0.2,Electrophile,acid02-D5,1,2,8,dklB@@PUR[eY_iZ@Hj@@,COC1=CC(=CC(=C1)C(=O)O)OC,1,1,1132-21-4,0,N2,2,275
M27,"E117_3,5-DIMETHOXYBENZOIC ACID 99%",COC1=CC(=CC(=C1)C(=O)O)OC,N3_Scaffold 7,CC(C)C1=CC2=CCC3[C@](C)(CN)CCC[C@]3(C)C2CC1,COc1cc(CNC[C@]2(C)CCC[C@]3(C)C4CCC(C(C)C)=CC4=CCC23)cc(OC)c1,6.4,36.5,85.1,14.4,-1.0,117,182.17,0.2,Electrophile,acid02-D5,1,2,8,dklB@@PUR[eY_iZ@Hj@@,COC1=CC(=CC(=C1)C(=O)O)OC,1,1,1132-21-4,0,N3,3,275
M39,"E117_3,5-DIMETHOXYBENZOIC ACID 99%",COC1=CC(=CC(=C1)C(=O)O)OC,N4_Scaffold 6,CCNC[C@@]1(C)C2[C@](C)(CCC1)c3c(CC2)cc(C(C)C)c(c3)N,CCNC[C@]1(C)CCC[C@]2(C)c3cc(NCc4cc(OC)cc(OC)c4)c(C(C)C)cc3CCC12,18.0,1.8,9.1,11.9,-1.0,117,182.17,0.2,Electrophile,acid02-D5,1,2,8,dklB@@PUR[eY_iZ@Hj@@,COC1=CC(=CC(=C1)C(=O)O)OC,1,1,1132-21-4,0,N4,4,275
N3,"E118_4,5-DIMETHOXY-2-IODOBENZOIC ACID, 98%",COC1=C(C=C(C(=C1)C(=O)O)I)OC,N1_(+)-Dehydroabietylamine,CC(C)c1ccc2c(c1)CC[C@H]1[C@](C)(CN)CCC[C@]21C,COc1cc(I)c(CNC[C@]2(C)CCC[C@]3(C)c4ccc(C(C)C)cc4CC[C@@H]23)cc1OC,33.9,40.4,54.4,89.4,0.0,118,308.07,0.2,Electrophile,acid02-D6,1,2,8,dg\B`NE]BlrJJIQHiMLDCET@@,COC1=C(C=C(C(=C1)C(=O)O)I)OC,1,1,61203-48-3,0,N1,1,276
N15,"E118_4,5-DIMETHOXY-2-IODOBENZOIC ACID, 98%",COC1=C(C=C(C(=C1)C(=O)O)I)OC,N2_hydroxydehydroabietylamine,CC(C)C(C(O)=C1)=CC2=C1[C@]3(C)C(CC2)[C@](C)(CN)CCC3,COc1cc(I)c(CNC[C@]2(C)CCC[C@]3(C)c4cc(O)c(C(C)C)cc4CCC23)cc1OC,0.0,14.3,100.0,0.0,-1.0,118,308.07,0.2,Electrophile,acid02-D6,1,2,8,dg\B`NE]BlrJJIQHiMLDCET@@,COC1=C(C=C(C(=C1)C(=O)O)I)OC,1,1,61203-48-3,0,N2,2,276
N27,"E118_4,5-DIMETHOXY-2-IODOBENZOIC ACID, 98%",COC1=C(C=C(C(=C1)C(=O)O)I)OC,N3_Scaffold 7,CC(C)C1=CC2=CCC3[C@](C)(CN)CCC[C@]3(C)C2CC1,COc1cc(I)c(CNC[C@]2(C)CCC[C@]3(C)C4CCC(C(C)C)=CC4=CCC23)cc1OC,10.3,51.5,83.3,40.8,-1.0,118,308.07,0.2,Electrophile,acid02-D6,1,2,8,dg\B`NE]BlrJJIQHiMLDCET@@,COC1=C(C=C(C(=C1)C(=O)O)I)OC,1,1,61203-48-3,0,N3,3,276
N39,"E118_4,5-DIMETHOXY-2-IODOBENZOIC ACID, 98%",COC1=C(C=C(C(=C1)C(=O)O)I)OC,N4_Scaffold 6,CCNC[C@@]1(C)C2[C@](C)(CCC1)c3c(CC2)cc(C(C)C)c(c3)N,CCNC[C@]1(C)CCC[C@]2(C)c3cc(NCc4cc(OC)c(OC)cc4I)c(C(C)C)cc3CCC12,21.2,9.0,29.7,32.0,-1.0,118,308.07,0.2,Electrophile,acid02-D6,1,2,8,dg\B`NE]BlrJJIQHiMLDCET@@,COC1=C(C=C(C(=C1)C(=O)O)I)OC,1,1,61203-48-3,0,N4,4,276
O3,"E119_3,4-DIMETHOXYBENZOIC ACID, 99+%",COC1=C(C=C(C=C1)C(=O)O)OC,N1_(+)-Dehydroabietylamine,CC(C)c1ccc2c(c1)CC[C@H]1[C@](C)(CN)CCC[C@]21C,COc1ccc(CNC[C@]2(C)CCC[C@]3(C)c4ccc(C(C)C)cc4CC[C@@H]23)cc1OC,27.12,28.7,51.4,88.6,11.8,119,182.17,0.2,Electrophile,acid02-D7,1,2,8,dklB@@P]R[e[_iZ@Hj@@,COC1=C(C=C(C=C1)C(=O)O)OC,1,1,93-07-2,0,N1,1,277
O15,"E119_3,4-DIMETHOXYBENZOIC ACID, 99+%",COC1=C(C=C(C=C1)C(=O)O)OC,N2_hydroxydehydroabietylamine,CC(C)C(C(O)=C1)=CC2=C1[C@]3(C)C(CC2)[C@](C)(CN)CCC3,COc1ccc(CNC[C@]2(C)CCC[C@]3(C)c4cc(O)c(C(C)C)cc4CCC23)cc1OC,0.0,14.9,100.0,25.0,-1.0,119,182.17,0.2,Electrophile,acid02-D7,1,2,8,dklB@@P]R[e[_iZ@Hj@@,COC1=C(C=C(C=C1)C(=O)O)OC,1,1,93-07-2,0,N2,2,277
O27,"E119_3,4-DIMETHOXYBENZOIC ACID, 99+%",COC1=C(C=C(C=C1)C(=O)O)OC,N3_Scaffold 7,CC(C)C1=CC2=CCC3[C@](C)(CN)CCC[C@]3(C)C2CC1,COc1ccc(CNC[C@]2(C)CCC[C@]3(C)C4CCC(C(C)C)=CC4=CCC23)cc1OC,6.1,44.0,87.8,14.3,-1.0,119,182.17,0.2,Electrophile,acid02-D7,1,2,8,dklB@@P]R[e[_iZ@Hj@@,COC1=C(C=C(C=C1)C(=O)O)OC,1,1,93-07-2,0,N3,3,277
O39,"E119_3,4-DIMETHOXYBENZOIC ACID, 99+%",COC1=C(C=C(C=C1)C(=O)O)OC,N4_Scaffold 6,CCNC[C@@]1(C)C2[C@](C)(CCC1)c3c(CC2)cc(C(C)C)c(c3)N,CCNC[C@]1(C)CCC[C@]2(C)c3cc(NCc4ccc(OC)c(OC)c4)c(C(C)C)cc3CCC12,24.2,24.2,50.0,13.3,-1.0,119,182.17,0.2,Electrophile,acid02-D7,1,2,8,dklB@@P]R[e[_iZ@Hj@@,COC1=C(C=C(C=C1)C(=O)O)OC,1,1,93-07-2,0,N4,4,277
P3,"E120_2-(DIPHENYLPHOSPHINO)BENZOIC ACID, 97%",C1=CC=C(C=C1)P(C2=CC=CC=C2)C3=CC=CC=C3C(=O)O,N1_(+)-Dehydroabietylamine,CC(C)c1ccc2c(c1)CC[C@H]1[C@](C)(CN)CCC[C@]21C,CC(C)c1ccc2c(c1)CC[C@H]1[C@](C)(CNCc3ccccc3P(c3ccccc3)c3ccccc3)CCC[C@]21C,50.0,6.2,11.1,100.0,1.6,120,306.3,0.2,Electrophile,acid02-D8,1,2,8,ffc@b@HiAxITsLrjl~[KbakT@A@@L@@@@,C1=CC=C(C=C1)P(C2=CC=CC=C2)C3=CC=CC=C3C(=O)O,1,1,17261-28-8,0,N1,1,278
P15,"E120_2-(DIPHENYLPHOSPHINO)BENZOIC ACID, 97%",C1=CC=C(C=C1)P(C2=CC=CC=C2)C3=CC=CC=C3C(=O)O,N2_hydroxydehydroabietylamine,CC(C)C(C(O)=C1)=CC2=C1[C@]3(C)C(CC2)[C@](C)(CN)CCC3,CC(C)c1cc2c(cc1O)[C@@]1(C)CCC[C@@](C)(CNCc3ccccc3P(c3ccccc3)c3ccccc3)C1CC2,2.4,28.0,92.0,29.3,-1.0,120,306.3,0.2,Electrophile,acid02-D8,1,2,8,ffc@b@HiAxITsLrjl~[KbakT@A@@L@@@@,C1=CC=C(C=C1)P(C2=CC=CC=C2)C3=CC=CC=C3C(=O)O,1,1,17261-28-8,0,N2,2,278
P27,"E120_2-(DIPHENYLPHOSPHINO)BENZOIC ACID, 97%",C1=CC=C(C=C1)P(C2=CC=CC=C2)C3=CC=CC=C3C(=O)O,N3_Scaffold 7,CC(C)C1=CC2=CCC3[C@](C)(CN)CCC[C@]3(C)C2CC1,CC(C)C1=CC2=CCC3[C@](C)(CNCc4ccccc4P(c4ccccc4)c4ccccc4)CCC[C@]3(C)C2CC1,17.6,7.6,30.2,62.6,-1.0,120,306.3,0.2,Electrophile,acid02-D8,1,2,8,ffc@b@HiAxITsLrjl~[KbakT@A@@L@@@@,C1=CC=C(C=C1)P(C2=CC=CC=C2)C3=CC=CC=C3C(=O)O,1,1,17261-28-8,0,N3,3,278
P39,"E120_2-(DIPHENYLPHOSPHINO)BENZOIC ACID, 97%",C1=CC=C(C=C1)P(C2=CC=CC=C2)C3=CC=CC=C3C(=O)O,N4_Scaffold 6,CCNC[C@@]1(C)C2[C@](C)(CCC1)c3c(CC2)cc(C(C)C)c(c3)N,CCNC[C@]1(C)CCC[C@]2(C)c3cc(NCc4ccccc4P(c4ccccc4)c4ccccc4)c(C(C)C)cc3CCC12,5.0,0.0,0.0,18.8,-1.0,120,306.3,0.2,Electrophile,acid02-D8,1,2,8,ffc@b@HiAxITsLrjl~[KbakT@A@@L@@@@,C1=CC=C(C=C1)P(C2=CC=CC=C2)C3=CC=CC=C3C(=O)O,1,1,17261-28-8,0,N4,4,278
Q3,"E121_3,5-DI-TERT-BUTYL-4-HYDROXYBENZOIC ACID, 97%",CC(C)(C)C1=CC(=CC(=C1O)C(C)(C)C)C(=O)O,N1_(+)-Dehydroabietylamine,CC(C)c1ccc2c(c1)CC[C@H]1[C@](C)(CN)CCC[C@]21C,CC(C)c1ccc2c(c1)CC[C@H]1[C@](C)(CNCc3cc(C(C)(C)C)c(O)c(C(C)(C)C)c3)CCC[C@]21C,34.47,34.5,50.0,92.2,0.0,121,250.33,0.2,Electrophile,acid02-D9,1,2,8,fdiA`@@HtdwJrmM\Dt@EUUP@@,CC(C)(C)C1=CC(=CC(=C1O)C(C)(C)C)C(=O)O,1,1,1421-49-4,0,N1,1,279
Q15,"E121_3,5-DI-TERT-BUTYL-4-HYDROXYBENZOIC ACID, 97%",CC(C)(C)C1=CC(=CC(=C1O)C(C)(C)C)C(=O)O,N2_hydroxydehydroabietylamine,CC(C)C(C(O)=C1)=CC2=C1[C@]3(C)C(CC2)[C@](C)(CN)CCC3,CC(C)c1cc2c(cc1O)[C@@]1(C)CCC[C@@](C)(CNCc3cc(C(C)(C)C)c(O)c(C(C)(C)C)c3)C1CC2,1.89,11.4,85.8,0.0,-1.0,121,250.33,0.2,Electrophile,acid02-D9,1,2,8,fdiA`@@HtdwJrmM\Dt@EUUP@@,CC(C)(C)C1=CC(=CC(=C1O)C(C)(C)C)C(=O)O,1,1,1421-49-4,0,N2,2,279
Q27,"E121_3,5-DI-TERT-BUTYL-4-HYDROXYBENZOIC ACID, 97%",CC(C)(C)C1=CC(=CC(=C1O)C(C)(C)C)C(=O)O,N3_Scaffold 7,CC(C)C1=CC2=CCC3[C@](C)(CN)CCC[C@]3(C)C2CC1,CC(C)C1=CC2=CCC3[C@](C)(CNCc4cc(C(C)(C)C)c(O)c(C(C)(C)C)c4)CCC[C@]3(C)C2CC1,23.7,30.1,55.9,47.7,-1.0,121,250.33,0.2,Electrophile,acid02-D9,1,2,8,fdiA`@@HtdwJrmM\Dt@EUUP@@,CC(C)(C)C1=CC(=CC(=C1O)C(C)(C)C)C(=O)O,1,1,1421-49-4,0,N3,3,279
Q39,"E121_3,5-DI-TERT-BUTYL-4-HYDROXYBENZOIC ACID, 97%",CC(C)(C)C1=CC(=CC(=C1O)C(C)(C)C)C(=O)O,N4_Scaffold 6,CCNC[C@@]1(C)C2[C@](C)(CCC1)c3c(CC2)cc(C(C)C)c(c3)N,CCNC[C@]1(C)CCC[C@]2(C)c3cc(NCc4cc(C(C)(C)C)c(O)c(C(C)(C)C)c4)c(C(C)C)cc3CCC12,13.4,22.0,62.2,0.0,-1.0,121,250.33,0.2,Electrophile,acid02-D9,1,2,8,fdiA`@@HtdwJrmM\Dt@EUUP@@,CC(C)(C)C1=CC(=CC(=C1O)C(C)(C)C)C(=O)O,1,1,1421-49-4,0,N4,4,279
R3,E122_2-acetyloxybenzoic acid,CC(=O)OC1=CC=CC=C1C(=O)O,N1_(+)-Dehydroabietylamine,CC(C)c1ccc2c(c1)CC[C@H]1[C@](C)(CN)CCC[C@]21C,CC(=O)Oc1c(cccc1)CNC[C@@]2(C)[C@H]3[C@](C)(CCC2)c4c(CC3)cc(C(C)C)cc4,1.9,4.8,71.6,38.8,-1.0,122,180.16,0.2,Electrophile,acid02-D10,1,2,8,dklB@@QmR[fUxUZBBF@@,CC(=O)OC1=CC=CC=C1C(=O)O,1,1,50-78-2,0,N1,1,280
R15,E122_2-acetyloxybenzoic acid,CC(=O)OC1=CC=CC=C1C(=O)O,N2_hydroxydehydroabietylamine,CC(C)C(C(O)=C1)=CC2=C1[C@]3(C)C(CC2)[C@](C)(CN)CCC3,CC(=O)Oc1c(cccc1)CNC[C@@]2(C)C3[C@](C)(CCC2)c4c(CC3)cc(C(C)C)c(c4)O,0.0,2.0,100.0,0.0,-1.0,122,180.16,0.2,Electrophile,acid02-D10,1,2,8,dklB@@QmR[fUxUZBBF@@,CC(=O)OC1=CC=CC=C1C(=O)O,1,1,50-78-2,0,N2,2,280
R27,E122_2-acetyloxybenzoic acid,CC(=O)OC1=CC=CC=C1C(=O)O,N3_Scaffold 7,CC(C)C1=CC2=CCC3[C@](C)(CN)CCC[C@]3(C)C2CC1,CC(=O)Oc1ccccc1CNC[C@]1(C)CCC[C@]2(C)C3CCC(C(C)C)=CC3=CCC12,4.4,2.8,39.1,25.3,-1.0,122,180.16,0.2,Electrophile,acid02-D10,1,2,8,dklB@@QmR[fUxUZBBF@@,CC(=O)OC1=CC=CC=C1C(=O)O,1,1,50-78-2,0,N3,3,280
R39,E122_2-acetyloxybenzoic acid,CC(=O)OC1=CC=CC=C1C(=O)O,N4_Scaffold 6,CCNC[C@@]1(C)C2[C@](C)(CCC1)c3c(CC2)cc(C(C)C)c(c3)N,CCNC[C@]1(C)CCC[C@]2(C)c3cc(NCc4ccccc4OC(C)=O)c(C(C)C)cc3CCC12,1.6,6.2,79.5,19.8,-1.0,122,180.16,0.2,Electrophile,acid02-D10,1,2,8,dklB@@QmR[fUxUZBBF@@,CC(=O)OC1=CC=CC=C1C(=O)O,1,1,50-78-2,0,N4,4,280
S3,E123_3-methoxybenzoic acid,COC1=CC=CC(=C1)C(=O)O,N1_(+)-Dehydroabietylamine,CC(C)c1ccc2c(c1)CC[C@H]1[C@](C)(CN)CCC[C@]21C,COc1cccc(CNC[C@]2(C)CCC[C@]3(C)c4ccc(C(C)C)cc4CC[C@@H]23)c1,26.49,19.5,42.5,60.2,-1.0,123,152.15,0.2,Electrophile,acid02-D11,1,2,8,dmtL@@PTfyV~eh@b@@,COC1=CC=CC(=C1)C(=O)O,1,1,586-38-9,0,N1,1,281
S15,E123_3-methoxybenzoic acid,COC1=CC=CC(=C1)C(=O)O,N2_hydroxydehydroabietylamine,CC(C)C(C(O)=C1)=CC2=C1[C@]3(C)C(CC2)[C@](C)(CN)CCC3,COc1cccc(CNC[C@]2(C)CCC[C@]3(C)c4cc(O)c(C(C)C)cc4CCC23)c1,2.25,9.7,81.1,34.6,-1.0,123,152.15,0.2,Electrophile,acid02-D11,1,2,8,dmtL@@PTfyV~eh@b@@,COC1=CC=CC(=C1)C(=O)O,1,1,586-38-9,0,N2,2,281
S27,E123_3-methoxybenzoic acid,COC1=CC=CC(=C1)C(=O)O,N3_Scaffold 7,CC(C)C1=CC2=CCC3[C@](C)(CN)CCC[C@]3(C)C2CC1,COc1cccc(CNC[C@]2(C)CCC[C@]3(C)C4CCC(C(C)C)=CC4=CCC23)c1,10.2,5.2,34.0,10.3,-1.0,123,152.15,0.2,Electrophile,acid02-D11,1,2,8,dmtL@@PTfyV~eh@b@@,COC1=CC=CC(=C1)C(=O)O,1,1,586-38-9,0,N3,3,281
S39,E123_3-methoxybenzoic acid,COC1=CC=CC(=C1)C(=O)O,N4_Scaffold 6,CCNC[C@@]1(C)C2[C@](C)(CCC1)c3c(CC2)cc(C(C)C)c(c3)N,CCNC[C@]1(C)CCC[C@]2(C)c3cc(NCc4cccc(OC)c4)c(C(C)C)cc3CCC12,18.4,0.8,4.0,0.0,-1.0,123,152.15,0.2,Electrophile,acid02-D11,1,2,8,dmtL@@PTfyV~eh@b@@,COC1=CC=CC(=C1)C(=O)O,1,1,586-38-9,0,N4,4,281
T3,"E124_9,10-dioxoanthracene-2-carboxylic acid",C1=CC=C2C(=C1)C(=O)C3=C(C2=O)C=C(C=C3)C(=O)O,N1_(+)-Dehydroabietylamine,CC(C)c1ccc2c(c1)CC[C@H]1[C@](C)(CN)CCC[C@]21C,CC(C)c1ccc2c(c1)CC[C@H]1[C@](C)(CNCc3ccc4c(c3)C(=O)c3ccccc3C4=O)CCC[C@]21C,36.5,17.7,32.6,93.7,10.43,124,252.22,0.2,Electrophile,acid02-D12,1,2,8,flu@P@@VbgHhhhhdddkFBTxpV`B@Dah@@@,C1=CC=C2C(=C1)C(=O)C3=C(C2=O)C=C(C=C3)C(=O)O,1,1,117-78-2,0,N1,1,282
T15,"E124_9,10-dioxoanthracene-2-carboxylic acid",C1=CC=C2C(=C1)C(=O)C3=C(C2=O)C=C(C=C3)C(=O)O,N2_hydroxydehydroabietylamine,CC(C)C(C(O)=C1)=CC2=C1[C@]3(C)C(CC2)[C@](C)(CN)CCC3,CC(C)c1cc2c(cc1O)[C@@]1(C)CCC[C@@](C)(CNCc3ccc4c(c3)C(=O)c3ccccc3C4=O)C1CC2,5.6,0.4,6.1,17.9,-1.0,124,252.22,0.2,Electrophile,acid02-D12,1,2,8,flu@P@@VbgHhhhhdddkFBTxpV`B@Dah@@@,C1=CC=C2C(=C1)C(=O)C3=C(C2=O)C=C(C=C3)C(=O)O,1,1,117-78-2,0,N2,2,282
T27,"E124_9,10-dioxoanthracene-2-carboxylic acid",C1=CC=C2C(=C1)C(=O)C3=C(C2=O)C=C(C=C3)C(=O)O,N3_Scaffold 7,CC(C)C1=CC2=CCC3[C@](C)(CN)CCC[C@]3(C)C2CC1,CC(C)C1=CC2=CCC3[C@](C)(CNCc4ccc5c(c4)C(=O)c4ccccc4C5=O)CCC[C@]3(C)C2CC1,18.8,12.3,39.6,35.4,-1.0,124,252.22,0.2,Electrophile,acid02-D12,1,2,8,flu@P@@VbgHhhhhdddkFBTxpV`B@Dah@@@,C1=CC=C2C(=C1)C(=O)C3=C(C2=O)C=C(C=C3)C(=O)O,1,1,117-78-2,0,N3,3,282
T39,"E124_9,10-dioxoanthracene-2-carboxylic acid",C1=CC=C2C(=C1)C(=O)C3=C(C2=O)C=C(C=C3)C(=O)O,N4_Scaffold 6,CCNC[C@@]1(C)C2[C@](C)(CCC1)c3c(CC2)cc(C(C)C)c(c3)N,CCNC[C@]1(C)CCC[C@]2(C)c3cc(NCc4ccc5c(c4)C(=O)c4ccccc4C5=O)c(C(C)C)cc3CCC12,17.3,4.5,20.5,22.3,-1.0,124,252.22,0.2,Electrophile,acid02-D12,1,2,8,flu@P@@VbgHhhhhdddkFBTxpV`B@Dah@@@,C1=CC=C2C(=C1)C(=O)C3=C(C2=O)C=C(C=C3)C(=O)O,1,1,117-78-2,0,N4,4,282
U3,E126_2-acetylbenzoic acid,CC(=O)C1=CC=CC=C1C(=O)O,N1_(+)-Dehydroabietylamine,CC(C)c1ccc2c(c1)CC[C@H]1[C@](C)(CN)CCC[C@]21C,CC(=O)c1ccccc1CNC[C@]1(C)CCC[C@]2(C)c3ccc(C(C)C)cc3CC[C@@H]12,8.95,6.3,41.3,0.0,-1.0,126,164.16,0.2,Electrophile,acid02-D14,1,2,8,dcLL@@RTfyed]ZBA`@@,CC(=O)C1=CC=CC=C1C(=O)O,1,1,577-56-0,0,N1,1,283
U15,E126_2-acetylbenzoic acid,CC(=O)C1=CC=CC=C1C(=O)O,N2_hydroxydehydroabietylamine,CC(C)C(C(O)=C1)=CC2=C1[C@]3(C)C(CC2)[C@](C)(CN)CCC3,CC(=O)c1ccccc1CNC[C@]1(C)CCC[C@]2(C)c3cc(O)c(C(C)C)cc3CCC12,0.0,0.0,0.0,0.0,-1.0,126,164.16,0.2,Electrophile,acid02-D14,1,2,8,dcLL@@RTfyed]ZBA`@@,CC(=O)C1=CC=CC=C1C(=O)O,1,1,577-56-0,0,N2,2,283
U27,E126_2-acetylbenzoic acid,CC(=O)C1=CC=CC=C1C(=O)O,N3_Scaffold 7,CC(C)C1=CC2=CCC3[C@](C)(CN)CCC[C@]3(C)C2CC1,CC(=O)c1ccccc1CNC[C@]1(C)CCC[C@]2(C)C3CCC(C(C)C)=CC3=CCC12,2.9,2.7,48.4,5.4,-1.0,126,164.16,0.2,Electrophile,acid02-D14,1,2,8,dcLL@@RTfyed]ZBA`@@,CC(=O)C1=CC=CC=C1C(=O)O,1,1,577-56-0,0,N3,3,283
U39,E126_2-acetylbenzoic acid,CC(=O)C1=CC=CC=C1C(=O)O,N4_Scaffold 6,CCNC[C@@]1(C)C2[C@](C)(CCC1)c3c(CC2)cc(C(C)C)c(c3)N,CCNC[C@]1(C)CCC[C@]2(C)c3cc(NCc4ccccc4C(C)=O)c(C(C)C)cc3CCC12,9.4,21.4,69.5,0.0,-1.0,126,164.16,0.2,Electrophile,acid02-D14,1,2,8,dcLL@@RTfyed]ZBA`@@,CC(=O)C1=CC=CC=C1C(=O)O,1,1,577-56-0,0,N4,4,283
V3,E127_4-acetamidobenzoic acid,CC(=O)NC1=CC=C(C=C1)C(=O)O,N1_(+)-Dehydroabietylamine,CC(C)c1ccc2c(c1)CC[C@H]1[C@](C)(CN)CCC[C@]21C,CC(=O)Nc1ccc(CNC[C@]2(C)CCC[C@]3(C)c4ccc(C(C)C)cc4CC[C@@H]23)cc1,26.2,30.8,54.0,67.7,-1.0,127,179.17,0.2,Electrophile,acid02-D15,1,2,8,dknL@IAMR[e][aZ@Bf@@,CC(=O)NC1=CC=C(C=C1)C(=O)O,1,1,556-08-1,0,N1,1,284
V15,E127_4-acetamidobenzoic acid,CC(=O)NC1=CC=C(C=C1)C(=O)O,N2_hydroxydehydroabietylamine,CC(C)C(C(O)=C1)=CC2=C1[C@]3(C)C(CC2)[C@](C)(CN)CCC3,CC(=O)Nc1ccc(CNC[C@]2(C)CCC[C@]3(C)c4cc(O)c(C(C)C)cc4CCC23)cc1,0.8,0.0,0.0,0.0,-1.0,127,179.17,0.2,Electrophile,acid02-D15,1,2,8,dknL@IAMR[e][aZ@Bf@@,CC(=O)NC1=CC=C(C=C1)C(=O)O,1,1,556-08-1,0,N2,2,284
V27,E127_4-acetamidobenzoic acid,CC(=O)NC1=CC=C(C=C1)C(=O)O,N3_Scaffold 7,CC(C)C1=CC2=CCC3[C@](C)(CN)CCC[C@]3(C)C2CC1,CC(=O)Nc1ccc(CNC[C@]2(C)CCC[C@]3(C)C4CCC(C(C)C)=CC4=CCC23)cc1,18.2,41.0,69.3,20.5,-1.0,127,179.17,0.2,Electrophile,acid02-D15,1,2,8,dknL@IAMR[e][aZ@Bf@@,CC(=O)NC1=CC=C(C=C1)C(=O)O,1,1,556-08-1,0,N3,3,284
V39,E127_4-acetamidobenzoic acid,CC(=O)NC1=CC=C(C=C1)C(=O)O,N4_Scaffold 6,CCNC[C@@]1(C)C2[C@](C)(CCC1)c3c(CC2)cc(C(C)C)c(c3)N,CCNC[C@]1(C)CCC[C@]2(C)c3cc(NCc4ccc(NC(C)=O)cc4)c(C(C)C)cc3CCC12,16.8,0.0,0.0,0.0,-1.0,127,179.17,0.2,Electrophile,acid02-D15,1,2,8,dknL@IAMR[e][aZ@Bf@@,CC(=O)NC1=CC=C(C=C1)C(=O)O,1,1,556-08-1,0,N4,4,284
W3,E129_4-acetylbenzoic acid,CC(=O)C1=CC=C(C=C1)C(=O)O,N1_(+)-Dehydroabietylamine,CC(C)c1ccc2c(c1)CC[C@H]1[C@](C)(CN)CCC[C@]21C,CC(=O)c1ccc(CNC[C@]2(C)CCC[C@]3(C)c4ccc(C(C)C)cc4CC[C@@H]23)cc1,30.52,8.5,21.7,36.2,-1.0,129,164.16,0.2,Electrophile,acid02-E2,1,2,8,dcLL@@QTfyW[aZ@BX@@,CC(=O)C1=CC=C(C=C1)C(=O)O,1,1,586-89-0,0,N1,1,285
W15,E129_4-acetylbenzoic acid,CC(=O)C1=CC=C(C=C1)C(=O)O,N2_hydroxydehydroabietylamine,CC(C)C(C(O)=C1)=CC2=C1[C@]3(C)C(CC2)[C@](C)(CN)CCC3,CC(=O)c1ccc(CNC[C@]2(C)CCC[C@]3(C)c4cc(O)c(C(C)C)cc4CCC23)cc1,0.0,1.4,100.0,0.0,-1.0,129,164.16,0.2,Electrophile,acid02-E2,1,2,8,dcLL@@QTfyW[aZ@BX@@,CC(=O)C1=CC=C(C=C1)C(=O)O,1,1,586-89-0,0,N2,2,285
W27,E129_4-acetylbenzoic acid,CC(=O)C1=CC=C(C=C1)C(=O)O,N3_Scaffold 7,CC(C)C1=CC2=CCC3[C@](C)(CN)CCC[C@]3(C)C2CC1,CC(=O)c1ccc(CNC[C@]2(C)CCC[C@]3(C)C4CCC(C(C)C)=CC4=CCC23)cc1,14.1,13.8,49.5,2.9,-1.0,129,164.16,0.2,Electrophile,acid02-E2,1,2,8,dcLL@@QTfyW[aZ@BX@@,CC(=O)C1=CC=C(C=C1)C(=O)O,1,1,586-89-0,0,N3,3,285
W39,E129_4-acetylbenzoic acid,CC(=O)C1=CC=C(C=C1)C(=O)O,N4_Scaffold 6,CCNC[C@@]1(C)C2[C@](C)(CCC1)c3c(CC2)cc(C(C)C)c(c3)N,CCNC[C@]1(C)CCC[C@]2(C)c3cc(NCc4ccc(C(C)=O)cc4)c(C(C)C)cc3CCC12,12.6,0.0,0.0,0.0,-1.0,129,164.16,0.2,Electrophile,acid02-E2,1,2,8,dcLL@@QTfyW[aZ@BX@@,CC(=O)C1=CC=C(C=C1)C(=O)O,1,1,586-89-0,0,N4,4,285
AB3,"E135_4-bromo-3,5-dihydroxybenzoic acid",C1=C(C=C(C(=C1O)Br)O)C(=O)O,N1_(+)-Dehydroabietylamine,CC(C)c1ccc2c(c1)CC[C@H]1[C@](C)(CN)CCC[C@]21C,CC(C)c1ccc2c(c1)CC[C@H]1[C@](C)(CNCc3cc(O)c(Br)c(O)c3)CCC[C@]21C,40.9,45.7,52.8,98.3,0.0,135,233.02,0.2,Electrophile,acid02-E9,1,2,8,dcLB`BY]CDrJJJXj\LDPS@@@,C1=C(C=C(C(=C1O)Br)O)C(=O)O,1,1,16534-12-6,0,N1,1,286
AB15,"E135_4-bromo-3,5-dihydroxybenzoic acid",C1=C(C=C(C(=C1O)Br)O)C(=O)O,N2_hydroxydehydroabietylamine,CC(C)C(C(O)=C1)=CC2=C1[C@]3(C)C(CC2)[C@](C)(CN)CCC3,CC(C)c1cc2c(cc1O)[C@@]1(C)CCC[C@@](C)(CNCc3cc(O)c(Br)c(O)c3)C1CC2,0.0,16.0,100.0,0.0,-1.0,135,233.02,0.2,Electrophile,acid02-E9,1,2,8,dcLB`BY]CDrJJJXj\LDPS@@@,C1=C(C=C(C(=C1O)Br)O)C(=O)O,1,1,16534-12-6,0,N2,2,286
AB27,"E135_4-bromo-3,5-dihydroxybenzoic acid",C1=C(C=C(C(=C1O)Br)O)C(=O)O,N3_Scaffold 7,CC(C)C1=CC2=CCC3[C@](C)(CN)CCC[C@]3(C)C2CC1,CC(C)C1=CC2=CCC3[C@](C)(CNCc4cc(O)c(Br)c(O)c4)CCC[C@]3(C)C2CC1,24.3,30.7,55.8,86.2,0.22,135,233.02,0.2,Electrophile,acid02-E9,1,2,8,dcLB`BY]CDrJJJXj\LDPS@@@,C1=C(C=C(C(=C1O)Br)O)C(=O)O,1,1,16534-12-6,0,N3,3,286
AB39,"E135_4-bromo-3,5-dihydroxybenzoic acid",C1=C(C=C(C(=C1O)Br)O)C(=O)O,N4_Scaffold 6,CCNC[C@@]1(C)C2[C@](C)(CCC1)c3c(CC2)cc(C(C)C)c(c3)N,CCNC[C@]1(C)CCC[C@]2(C)c3cc(NCc4cc(O)c(Br)c(O)c4)c(C(C)C)cc3CCC12,45.9,0.0,0.0,0.0,-1.0,135,233.02,0.2,Electrophile,acid02-E9,1,2,8,dcLB`BY]CDrJJJXj\LDPS@@@,C1=C(C=C(C(=C1O)Br)O)C(=O)O,1,1,16534-12-6,0,N4,4,286
AF3,E140_benzoic acid,C1=CC=C(C=C1)C(=O)O,N1_(+)-Dehydroabietylamine,CC(C)c1ccc2c(c1)CC[C@H]1[C@](C)(CN)CCC[C@]21C,CC(C)c1ccc2c(c1)CC[C@H]1[C@](C)(CNCc3ccccc3)CCC[C@]21C,25.6,6.5,20.2,0.0,-1.0,140,122.12,0.2,Electrophile,acid02-E14,1,2,8,didD@@QInUxV`@@@,C1=CC=C(C=C1)C(=O)O,1,1,65-85-0,0,N1,1,287
AF15,E140_benzoic acid,C1=CC=C(C=C1)C(=O)O,N2_hydroxydehydroabietylamine,CC(C)C(C(O)=C1)=CC2=C1[C@]3(C)C(CC2)[C@](C)(CN)CCC3,CC(C)c1cc2c(cc1O)[C@@]1(C)CCC[C@@](C)(CNCc3ccccc3)C1CC2,0.8,0.5,40.9,0.0,-1.0,140,122.12,0.2,Electrophile,acid02-E14,1,2,8,didD@@QInUxV`@@@,C1=CC=C(C=C1)C(=O)O,1,1,65-85-0,0,N2,2,287
AF27,E140_benzoic acid,C1=CC=C(C=C1)C(=O)O,N3_Scaffold 7,CC(C)C1=CC2=CCC3[C@](C)(CN)CCC[C@]3(C)C2CC1,CC(C)C1=CC2=CCC3[C@](C)(CNCc4ccccc4)CCC[C@]3(C)C2CC1,6.7,0.0,0.0,0.0,-1.0,140,122.12,0.2,Electrophile,acid02-E14,1,2,8,didD@@QInUxV`@@@,C1=CC=C(C=C1)C(=O)O,1,1,65-85-0,0,N3,3,287
AF39,E140_benzoic acid,C1=CC=C(C=C1)C(=O)O,N4_Scaffold 6,CCNC[C@@]1(C)C2[C@](C)(CCC1)c3c(CC2)cc(C(C)C)c(c3)N,CCNC[C@]1(C)CCC[C@]2(C)c3cc(NCc4ccccc4)c(C(C)C)cc3CCC12,12.1,0.0,0.0,0.0,-1.0,140,122.12,0.2,Electrophile,acid02-E14,1,2,8,didD@@QInUxV`@@@,C1=CC=C(C=C1)C(=O)O,1,1,65-85-0,0,N4,4,287
A4,E142_4-cyclohexylbenzoic acid,C1CCC(CC1)C2=CC=C(C=C2)C(=O)O,N1_(+)-Dehydroabietylamine,CC(C)c1ccc2c(c1)CC[C@H]1[C@](C)(CN)CCC[C@]21C,CC(C)c1ccc2c(c1)CC[C@H]1[C@](C)(CNCc3ccc(C4CCCCC4)cc3)CCC[C@]21C,5.54,8.8,61.4,0.0,-1.0,142,204.26,0.2,Electrophile,acid02-F1,1,2,8,foA@`@@HR[e]e^Blyh@Jjb@@,C1CCC(CC1)C2=CC=C(C=C2)C(=O)O,1,1,20029-52-1,0,N1,1,288
A16,E142_4-cyclohexylbenzoic acid,C1CCC(CC1)C2=CC=C(C=C2)C(=O)O,N2_hydroxydehydroabietylamine,CC(C)C(C(O)=C1)=CC2=C1[C@]3(C)C(CC2)[C@](C)(CN)CCC3,CC(C)c1cc2c(cc1O)[C@@]1(C)CCC[C@@](C)(CNCc3ccc(C4CCCCC4)cc3)C1CC2,1.67,7.6,82.0,0.0,-1.0,142,204.26,0.2,Electrophile,acid02-F1,1,2,8,foA@`@@HR[e]e^Blyh@Jjb@@,C1CCC(CC1)C2=CC=C(C=C2)C(=O)O,1,1,20029-52-1,0,N2,2,288
A28,E142_4-cyclohexylbenzoic acid,C1CCC(CC1)C2=CC=C(C=C2)C(=O)O,N3_Scaffold 7,CC(C)C1=CC2=CCC3[C@](C)(CN)CCC[C@]3(C)C2CC1,CC(C)C1=CC2=CCC3[C@](C)(CNCc4ccc(C5CCCCC5)cc4)CCC[C@]3(C)C2CC1,1.7,4.0,70.1,0.0,-1.0,142,204.26,0.2,Electrophile,acid02-F1,1,2,8,foA@`@@HR[e]e^Blyh@Jjb@@,C1CCC(CC1)C2=CC=C(C=C2)C(=O)O,1,1,20029-52-1,0,N3,3,288
A40,E142_4-cyclohexylbenzoic acid,C1CCC(CC1)C2=CC=C(C=C2)C(=O)O,N4_Scaffold 6,CCNC[C@@]1(C)C2[C@](C)(CCC1)c3c(CC2)cc(C(C)C)c(c3)N,CCNC[C@]1(C)CCC[C@]2(C)c3cc(NCc4ccc(C5CCCCC5)cc4)c(C(C)C)cc3CCC12,10.4,0.8,7.3,0.0,-1.0,142,204.26,0.2,Electrophile,acid02-F1,1,2,8,foA@`@@HR[e]e^Blyh@Jjb@@,C1CCC(CC1)C2=CC=C(C=C2)C(=O)O,1,1,20029-52-1,0,N4,4,288
I4,E151_3-cyanobenzoic acid,C1=CC(=CC(=C1)C(=O)O)C#N,N1_(+)-Dehydroabietylamine,CC(C)c1ccc2c(c1)CC[C@H]1[C@](C)(CN)CCC[C@]21C,CC(C)c1ccc2c(c1)CC[C@H]1[C@](C)(CNCc3cccc(C#N)c3)CCC[C@]21C,26.84,24.5,47.7,43.0,-1.0,151,147.13,0.2,Electrophile,acid02-F11,1,2,8,dmvD@EADfyV~eh@c@@,C1=CC(=CC(=C1)C(=O)O)C#N,1,1,1877-72-1,0,N1,1,289
I16,E151_3-cyanobenzoic acid,C1=CC(=CC(=C1)C(=O)O)C#N,N2_hydroxydehydroabietylamine,CC(C)C(C(O)=C1)=CC2=C1[C@]3(C)C(CC2)[C@](C)(CN)CCC3,CC(C)c1cc2c(cc1O)[C@@]1(C)CCC[C@@](C)(CNCc3cccc(C#N)c3)C1CC2,2.67,0.0,0.0,0.0,-1.0,151,147.13,0.2,Electrophile,acid02-F11,1,2,8,dmvD@EADfyV~eh@c@@,C1=CC(=CC(=C1)C(=O)O)C#N,1,1,1877-72-1,0,N2,2,289
I28,E151_3-cyanobenzoic acid,C1=CC(=CC(=C1)C(=O)O)C#N,N3_Scaffold 7,CC(C)C1=CC2=CCC3[C@](C)(CN)CCC[C@]3(C)C2CC1,CC(C)C1=CC2=CCC3[C@](C)(CNCc4cccc(C#N)c4)CCC[C@]3(C)C2CC1,14.6,38.1,72.3,5.7,-1.0,151,147.13,0.2,Electrophile,acid02-F11,1,2,8,dmvD@EADfyV~eh@c@@,C1=CC(=CC(=C1)C(=O)O)C#N,1,1,1877-72-1,0,N3,3,289
I40,E151_3-cyanobenzoic acid,C1=CC(=CC(=C1)C(=O)O)C#N,N4_Scaffold 6,CCNC[C@@]1(C)C2[C@](C)(CCC1)c3c(CC2)cc(C(C)C)c(c3)N,CCNC[C@]1(C)CCC[C@]2(C)c3cc(NCc4cccc(C#N)c4)c(C(C)C)cc3CCC12,13.9,5.5,28.4,0.0,-1.0,151,147.13,0.2,Electrophile,acid02-F11,1,2,8,dmvD@EADfyV~eh@c@@,C1=CC(=CC(=C1)C(=O)O)C#N,1,1,1877-72-1,0,N4,4,289
K4,"E154_3,4-difluorobenzoic acid",C1=CC(=C(C=C1C(=O)O)F)F,N1_(+)-Dehydroabietylamine,CC(C)c1ccc2c(c1)CC[C@H]1[C@](C)(CN)CCC[C@]21C,CC(C)c1ccc2c(c1)CC[C@H]1[C@](C)(CNCc3ccc(F)c(F)c3)CCC[C@]21C,13.54,13.5,50.0,16.3,-1.0,154,158.1,0.2,Electrophile,acid03-A1,1,2,8,dmtDPITI@iAIf]yn``I`@@,C1=CC(=C(C=C1C(=O)O)F)F,1,1,455-86-7,0,N1,1,290
K16,"E154_3,4-difluorobenzoic acid",C1=CC(=C(C=C1C(=O)O)F)F,N2_hydroxydehydroabietylamine,CC(C)C(C(O)=C1)=CC2=C1[C@]3(C)C(CC2)[C@](C)(CN)CCC3,CC(C)c1cc2c(cc1O)[C@@]1(C)CCC[C@@](C)(CNCc3ccc(F)c(F)c3)C1CC2,2.76,0.0,0.0,27.1,-1.0,154,158.1,0.2,Electrophile,acid03-A1,1,2,8,dmtDPITI@iAIf]yn``I`@@,C1=CC(=C(C=C1C(=O)O)F)F,1,1,455-86-7,0,N2,2,290
K28,"E154_3,4-difluorobenzoic acid",C1=CC(=C(C=C1C(=O)O)F)F,N3_Scaffold 7,CC(C)C1=CC2=CCC3[C@](C)(CN)CCC[C@]3(C)C2CC1,CC(C)C1=CC2=CCC3[C@](C)(CNCc4ccc(F)c(F)c4)CCC[C@]3(C)C2CC1,7.9,0.0,0.0,15.1,-1.0,154,158.1,0.2,Electrophile,acid03-A1,1,2,8,dmtDPITI@iAIf]yn``I`@@,C1=CC(=C(C=C1C(=O)O)F)F,1,1,455-86-7,0,N3,3,290
K40,"E154_3,4-difluorobenzoic acid",C1=CC(=C(C=C1C(=O)O)F)F,N4_Scaffold 6,CCNC[C@@]1(C)C2[C@](C)(CCC1)c3c(CC2)cc(C(C)C)c(c3)N,CCNC[C@]1(C)CCC[C@]2(C)c3cc(NCc4ccc(F)c(F)c4)c(C(C)C)cc3CCC12,9.2,0.0,0.0,18.4,-1.0,154,158.1,0.2,Electrophile,acid03-A1,1,2,8,dmtDPITI@iAIf]yn``I`@@,C1=CC(=C(C=C1C(=O)O)F)F,1,1,455-86-7,0,N4,4,290
P4,"E159_3,5-difluorobenzoic acid",C1=C(C=C(C=C1F)F)C(=O)O,N1_(+)-Dehydroabietylamine,CC(C)c1ccc2c(c1)CC[C@H]1[C@](C)(CN)CCC[C@]21C,CC(C)c1ccc2c(c1)CC[C@H]1[C@](C)(CNCc3cc(F)cc(F)c3)CCC[C@]21C,25.7,24.4,48.7,30.5,-1.0,159,158.1,0.2,Electrophile,acid03-A6,1,2,8,dmtDPITIAiCHhdhcJz@Hf@@,C1=C(C=C(C=C1F)F)C(=O)O,1,1,455-40-3,0,N1,1,291
P16,"E159_3,5-difluorobenzoic acid",C1=C(C=C(C=C1F)F)C(=O)O,N2_hydroxydehydroabietylamine,CC(C)C(C(O)=C1)=CC2=C1[C@]3(C)C(CC2)[C@](C)(CN)CCC3,CC(C)c1cc2c(cc1O)[C@@]1(C)CCC[C@@](C)(CNCc3cc(F)cc(F)c3)C1CC2,2.6,1.2,32.5,34.8,-1.0,159,158.1,0.2,Electrophile,acid03-A6,1,2,8,dmtDPITIAiCHhdhcJz@Hf@@,C1=C(C=C(C=C1F)F)C(=O)O,1,1,455-40-3,0,N2,2,291
P28,"E159_3,5-difluorobenzoic acid",C1=C(C=C(C=C1F)F)C(=O)O,N3_Scaffold 7,CC(C)C1=CC2=CCC3[C@](C)(CN)CCC[C@]3(C)C2CC1,CC(C)C1=CC2=CCC3[C@](C)(CNCc4cc(F)cc(F)c4)CCC[C@]3(C)C2CC1,17.6,2.9,14.1,18.2,-1.0,159,158.1,0.2,Electrophile,acid03-A6,1,2,8,dmtDPITIAiCHhdhcJz@Hf@@,C1=C(C=C(C=C1F)F)C(=O)O,1,1,455-40-3,0,N3,3,291
P40,"E159_3,5-difluorobenzoic acid",C1=C(C=C(C=C1F)F)C(=O)O,N4_Scaffold 6,CCNC[C@@]1(C)C2[C@](C)(CCC1)c3c(CC2)cc(C(C)C)c(c3)N,CCNC[C@]1(C)CCC[C@]2(C)c3cc(NCc4cc(F)cc(F)c4)c(C(C)C)cc3CCC12,11.8,0.0,0.0,28.0,-1.0,159,158.1,0.2,Electrophile,acid03-A6,1,2,8,dmtDPITIAiCHhdhcJz@Hf@@,C1=C(C=C(C=C1F)F)C(=O)O,1,1,455-40-3,0,N4,4,291
Q4,"E160_2,6-difluorobenzoic acid",C1=CC(=C(C(=C1)F)C(=O)O)F,N1_(+)-Dehydroabietylamine,CC(C)c1ccc2c(c1)CC[C@H]1[C@](C)(CN)CCC[C@]21C,CC(C)c1ccc2c(c1)CC[C@H]1[C@](C)(CNCc3c(F)cccc3F)CCC[C@]21C,20.3,6.7,24.9,15.6,-1.0,160,158.1,0.2,Electrophile,acid03-A7,1,2,8,dmtDPITICiAIfVYa`Ha`@@,C1=CC(=C(C(=C1)F)C(=O)O)F,1,1,385-00-2,0,N1,1,292
Q16,"E160_2,6-difluorobenzoic acid",C1=CC(=C(C(=C1)F)C(=O)O)F,N2_hydroxydehydroabietylamine,CC(C)C(C(O)=C1)=CC2=C1[C@]3(C)C(CC2)[C@](C)(CN)CCC3,CC(C)c1cc2c(cc1O)[C@@]1(C)CCC[C@@](C)(CNCc3c(F)cccc3F)C1CC2,1.43,0.9,37.6,12.7,-1.0,160,158.1,0.2,Electrophile,acid03-A7,1,2,8,dmtDPITICiAIfVYa`Ha`@@,C1=CC(=C(C(=C1)F)C(=O)O)F,1,1,385-00-2,0,N2,2,292
Q28,"E160_2,6-difluorobenzoic acid",C1=CC(=C(C(=C1)F)C(=O)O)F,N3_Scaffold 7,CC(C)C1=CC2=CCC3[C@](C)(CN)CCC[C@]3(C)C2CC1,CC(C)C1=CC2=CCC3[C@](C)(CNCc4c(F)cccc4F)CCC[C@]3(C)C2CC1,12.0,0.0,0.0,13.7,-1.0,160,158.1,0.2,Electrophile,acid03-A7,1,2,8,dmtDPITICiAIfVYa`Ha`@@,C1=CC(=C(C(=C1)F)C(=O)O)F,1,1,385-00-2,0,N3,3,292
Q40,"E160_2,6-difluorobenzoic acid",C1=CC(=C(C(=C1)F)C(=O)O)F,N4_Scaffold 6,CCNC[C@@]1(C)C2[C@](C)(CCC1)c3c(CC2)cc(C(C)C)c(c3)N,CCNC[C@]1(C)CCC[C@]2(C)c3cc(NCc4c(F)cccc4F)c(C(C)C)cc3CCC12,8.0,0.0,0.0,0.0,-1.0,160,158.1,0.2,Electrophile,acid03-A7,1,2,8,dmtDPITICiAIfVYa`Ha`@@,C1=CC(=C(C(=C1)F)C(=O)O)F,1,1,385-00-2,0,N4,4,292
V4,"E165_2,3-difluorobenzoic acid",C1=CC(=C(C(=C1)F)F)C(=O)O,N1_(+)-Dehydroabietylamine,CC(C)c1ccc2c(c1)CC[C@H]1[C@](C)(CN)CCC[C@]21C,CC(C)c1ccc2c(c1)CC[C@H]1[C@](C)(CNCc3cccc(F)c3F)CCC[C@]21C,14.1,14.1,50.0,0.0,-1.0,165,158.1,0.2,Electrophile,acid03-A12,1,2,8,dmtDPITI@iAIf[[a`bA`@@,C1=CC(=C(C(=C1)F)F)C(=O)O,1,1,4519-39-5,0,N1,1,293
V16,"E165_2,3-difluorobenzoic acid",C1=CC(=C(C(=C1)F)F)C(=O)O,N2_hydroxydehydroabietylamine,CC(C)C(C(O)=C1)=CC2=C1[C@]3(C)C(CC2)[C@](C)(CN)CCC3,CC(C)c1cc2c(cc1O)[C@@]1(C)CCC[C@@](C)(CNCc3cccc(F)c3F)C1CC2,1.2,0.0,0.0,0.0,-1.0,165,158.1,0.2,Electrophile,acid03-A12,1,2,8,dmtDPITI@iAIf[[a`bA`@@,C1=CC(=C(C(=C1)F)F)C(=O)O,1,1,4519-39-5,0,N2,2,293
V28,"E165_2,3-difluorobenzoic acid",C1=CC(=C(C(=C1)F)F)C(=O)O,N3_Scaffold 7,CC(C)C1=CC2=CCC3[C@](C)(CN)CCC[C@]3(C)C2CC1,CC(C)C1=CC2=CCC3[C@](C)(CNCc4cccc(F)c4F)CCC[C@]3(C)C2CC1,13.5,0.0,0.0,15.6,-1.0,165,158.1,0.2,Electrophile,acid03-A12,1,2,8,dmtDPITI@iAIf[[a`bA`@@,C1=CC(=C(C(=C1)F)F)C(=O)O,1,1,4519-39-5,0,N3,3,293
V40,"E165_2,3-difluorobenzoic acid",C1=CC(=C(C(=C1)F)F)C(=O)O,N4_Scaffold 6,CCNC[C@@]1(C)C2[C@](C)(CCC1)c3c(CC2)cc(C(C)C)c(c3)N,CCNC[C@]1(C)CCC[C@]2(C)c3cc(NCc4cccc(F)c4F)c(C(C)C)cc3CCC12,11.0,0.0,0.0,0.0,-1.0,165,158.1,0.2,Electrophile,acid03-A12,1,2,8,dmtDPITI@iAIf[[a`bA`@@,C1=CC(=C(C(=C1)F)F)C(=O)O,1,1,4519-39-5,0,N4,4,293
W4,"E166_2,4-difluorobenzoic acid",C1=CC(=C(C=C1F)F)C(=O)O,N1_(+)-Dehydroabietylamine,CC(C)c1ccc2c(c1)CC[C@H]1[C@](C)(CN)CCC[C@]21C,CC(C)c1ccc2c(c1)CC[C@H]1[C@](C)(CNCc3ccc(F)cc3F)CCC[C@]21C,24.23,14.5,37.4,9.7,-1.0,166,158.1,0.2,Electrophile,acid03-A13,1,2,8,dmtDPNDIAYAIfVUi``X`@@,C1=CC(=C(C=C1F)F)C(=O)O,1,1,1583-58-0,0,N1,1,294
W16,"E166_2,4-difluorobenzoic acid",C1=CC(=C(C=C1F)F)C(=O)O,N2_hydroxydehydroabietylamine,CC(C)C(C(O)=C1)=CC2=C1[C@]3(C)C(CC2)[C@](C)(CN)CCC3,CC(C)c1cc2c(cc1O)[C@@]1(C)CCC[C@@](C)(CNCc3ccc(F)cc3F)C1CC2,0.95,1.0,51.5,9.8,-1.0,166,158.1,0.2,Electrophile,acid03-A13,1,2,8,dmtDPNDIAYAIfVUi``X`@@,C1=CC(=C(C=C1F)F)C(=O)O,1,1,1583-58-0,0,N2,2,294
W28,"E166_2,4-difluorobenzoic acid",C1=CC(=C(C=C1F)F)C(=O)O,N3_Scaffold 7,CC(C)C1=CC2=CCC3[C@](C)(CN)CCC[C@]3(C)C2CC1,CC(C)C1=CC2=CCC3[C@](C)(CNCc4ccc(F)cc4F)CCC[C@]3(C)C2CC1,11.2,1.1,8.9,7.1,-1.0,166,158.1,0.2,Electrophile,acid03-A13,1,2,8,dmtDPNDIAYAIfVUi``X`@@,C1=CC(=C(C=C1F)F)C(=O)O,1,1,1583-58-0,0,N3,3,294
W40,"E166_2,4-difluorobenzoic acid",C1=CC(=C(C=C1F)F)C(=O)O,N4_Scaffold 6,CCNC[C@@]1(C)C2[C@](C)(CCC1)c3c(CC2)cc(C(C)C)c(c3)N,CCNC[C@]1(C)CCC[C@]2(C)c3cc(NCc4ccc(F)cc4F)c(C(C)C)cc3CCC12,5.4,0.0,0.0,0.0,-1.0,166,158.1,0.2,Electrophile,acid03-A13,1,2,8,dmtDPNDIAYAIfVUi``X`@@,C1=CC(=C(C=C1F)F)C(=O)O,1,1,1583-58-0,0,N4,4,294
R9,E175_2-fluorobenzoic acid,C1=CC=C(C(=C1)C(=O)O)F,N1_(+)-Dehydroabietylamine,CC(C)c1ccc2c(c1)CC[C@H]1[C@](C)(CN)CCC[C@]21C,CC(C)c1ccc2c(c1)CC[C@H]1[C@](C)(CNCc3ccccc3F)CCC[C@]21C,25.6,18.6,42.1,15.0,-1.0,175,140.11,0.2,Electrophile,acid03-B7,1,2,8,deTD`NDIAIfVVfBA`@@,C1=CC=C(C(=C1)C(=O)O)F,1,1,445-29-4,0,N1,1,295
R21,E175_2-fluorobenzoic acid,C1=CC=C(C(=C1)C(=O)O)F,N2_hydroxydehydroabietylamine,CC(C)C(C(O)=C1)=CC2=C1[C@]3(C)C(CC2)[C@](C)(CN)CCC3,CC(C)c1cc2c(cc1O)[C@@]1(C)CCC[C@@](C)(CNCc3ccccc3F)C1CC2,0.0,2.1,100.0,0.0,-1.0,175,140.11,0.2,Electrophile,acid03-B7,1,2,8,deTD`NDIAIfVVfBA`@@,C1=CC=C(C(=C1)C(=O)O)F,1,1,445-29-4,0,N2,2,295
R33,E175_2-fluorobenzoic acid,C1=CC=C(C(=C1)C(=O)O)F,N3_Scaffold 7,CC(C)C1=CC2=CCC3[C@](C)(CN)CCC[C@]3(C)C2CC1,CC(C)C1=CC2=CCC3[C@](C)(CNCc4ccccc4F)CCC[C@]3(C)C2CC1,8.7,13.1,60.1,15.8,-1.0,175,140.11,0.2,Electrophile,acid03-B7,1,2,8,deTD`NDIAIfVVfBA`@@,C1=CC=C(C(=C1)C(=O)O)F,1,1,445-29-4,0,N3,3,295
R45,E175_2-fluorobenzoic acid,C1=CC=C(C(=C1)C(=O)O)F,N4_Scaffold 6,CCNC[C@@]1(C)C2[C@](C)(CCC1)c3c(CC2)cc(C(C)C)c(c3)N,CCNC[C@]1(C)CCC[C@]2(C)c3cc(NCc4ccccc4F)c(C(C)C)cc3CCC12,18.6,0.6,2.9,0.0,-1.0,175,140.11,0.2,Electrophile,acid03-B7,1,2,8,deTD`NDIAIfVVfBA`@@,C1=CC=C(C(=C1)C(=O)O)F,1,1,445-29-4,0,N4,4,295
B5,E183_3-fluorobenzoic acid,C1=CC(=CC(=C1)F)C(=O)O,N1_(+)-Dehydroabietylamine,CC(C)c1ccc2c(c1)CC[C@H]1[C@](C)(CN)CCC[C@]21C,CC(C)c1ccc2c(c1)CC[C@H]1[C@](C)(CNCc3cccc(F)c3)CCC[C@]21C,13.3,0.0,0.0,0.0,-1.0,183,140.11,0.2,Electrophile,acid03-C2,1,2,8,deTD`AdIAIe[jz@HX@@,C1=CC(=CC(=C1)F)C(=O)O,1,1,455-38-9,0,N1,1,296
B17,E183_3-fluorobenzoic acid,C1=CC(=CC(=C1)F)C(=O)O,N2_hydroxydehydroabietylamine,CC(C)C(C(O)=C1)=CC2=C1[C@]3(C)C(CC2)[C@](C)(CN)CCC3,CC(C)c1cc2c(cc1O)[C@@]1(C)CCC[C@@](C)(CNCc3cccc(F)c3)C1CC2,18.0,1.0,5.1,0.0,-1.0,183,140.11,0.2,Electrophile,acid03-C2,1,2,8,deTD`AdIAIe[jz@HX@@,C1=CC(=CC(=C1)F)C(=O)O,1,1,455-38-9,0,N2,2,296
B29,E183_3-fluorobenzoic acid,C1=CC(=CC(=C1)F)C(=O)O,N3_Scaffold 7,CC(C)C1=CC2=CCC3[C@](C)(CN)CCC[C@]3(C)C2CC1,CC(C)C1=CC2=CCC3[C@](C)(CNCc4cccc(F)c4)CCC[C@]3(C)C2CC1,4.1,0.0,0.0,0.0,-1.0,183,140.11,0.2,Electrophile,acid03-C2,1,2,8,deTD`AdIAIe[jz@HX@@,C1=CC(=CC(=C1)F)C(=O)O,1,1,455-38-9,0,N3,3,296
B41,E183_3-fluorobenzoic acid,C1=CC(=CC(=C1)F)C(=O)O,N4_Scaffold 6,CCNC[C@@]1(C)C2[C@](C)(CCC1)c3c(CC2)cc(C(C)C)c(c3)N,CCNC[C@]1(C)CCC[C@]2(C)c3cc(NCc4cccc(F)c4)c(C(C)C)cc3CCC12,6.1,0.0,0.0,0.0,-1.0,183,140.11,0.2,Electrophile,acid03-C2,1,2,8,deTD`AdIAIe[jz@HX@@,C1=CC(=CC(=C1)F)C(=O)O,1,1,455-38-9,0,N4,4,296
D5,E185_3-hydroxy-4-methylbenzoic acid,CC1=C(C=C(C=C1)C(=O)O)O,N1_(+)-Dehydroabietylamine,CC(C)c1ccc2c(c1)CC[C@H]1[C@](C)(CN)CCC[C@]21C,Cc1ccc(CNC[C@]2(C)CCC[C@]3(C)c4ccc(C(C)C)cc4CC[C@@H]23)cc1O,39.5,35.4,47.3,100.0,0.0,185,152.15,0.2,Electrophile,acid03-C5,1,2,8,dmtL@@P\bfbRazV`BH@@,CC1=C(C=C(C=C1)C(=O)O)O,1,1,586-30-1,0,N1,1,297
D17,E185_3-hydroxy-4-methylbenzoic acid,CC1=C(C=C(C=C1)C(=O)O)O,N2_hydroxydehydroabietylamine,CC(C)C(C(O)=C1)=CC2=C1[C@]3(C)C(CC2)[C@](C)(CN)CCC3,Cc1ccc(CNC[C@]2(C)CCC[C@]3(C)c4cc(O)c(C(C)C)cc4CCC23)cc1O,2.3,14.4,86.3,17.0,-1.0,185,152.15,0.2,Electrophile,acid03-C5,1,2,8,dmtL@@P\bfbRazV`BH@@,CC1=C(C=C(C=C1)C(=O)O)O,1,1,586-30-1,0,N2,2,297
D29,E185_3-hydroxy-4-methylbenzoic acid,CC1=C(C=C(C=C1)C(=O)O)O,N3_Scaffold 7,CC(C)C1=CC2=CCC3[C@](C)(CN)CCC[C@]3(C)C2CC1,Cc1ccc(CNC[C@]2(C)CCC[C@]3(C)C4CCC(C(C)C)=CC4=CCC23)cc1O,28.6,41.3,59.1,97.7,0.0,185,152.15,0.2,Electrophile,acid03-C5,1,2,8,dmtL@@P\bfbRazV`BH@@,CC1=C(C=C(C=C1)C(=O)O)O,1,1,586-30-1,0,N3,3,297
D41,E185_3-hydroxy-4-methylbenzoic acid,CC1=C(C=C(C=C1)C(=O)O)O,N4_Scaffold 6,CCNC[C@@]1(C)C2[C@](C)(CCC1)c3c(CC2)cc(C(C)C)c(c3)N,CCNC[C@]1(C)CCC[C@]2(C)c3cc(NCc4ccc(C)c(O)c4)c(C(C)C)cc3CCC12,22.0,1.7,7.0,0.0,-1.0,185,152.15,0.2,Electrophile,acid03-C5,1,2,8,dmtL@@P\bfbRazV`BH@@,CC1=C(C=C(C=C1)C(=O)O)O,1,1,586-30-1,0,N4,4,297
O5,E200_2-iodobenzoic acid,C1=CC=C(C(=C1)C(=O)O)I,N1_(+)-Dehydroabietylamine,CC(C)c1ccc2c(c1)CC[C@H]1[C@](C)(CN)CCC[C@]21C,CC(C)c1ccc2c(c1)CC[C@H]1[C@](C)(CNCc3ccccc3I)CCC[C@]21C,12.62,38.7,75.4,21.4,-1.0,200,248.02,0.2,Electrophile,acid03-D6,1,2,8,deTD`NDJqIfVVfBA`@@,C1=CC=C(C(=C1)C(=O)O)I,1,1,88-67-5,0,N1,1,298
O17,E200_2-iodobenzoic acid,C1=CC=C(C(=C1)C(=O)O)I,N2_hydroxydehydroabietylamine,CC(C)C(C(O)=C1)=CC2=C1[C@]3(C)C(CC2)[C@](C)(CN)CCC3,CC(C)c1cc2c(cc1O)[C@@]1(C)CCC[C@@](C)(CNCc3ccccc3I)C1CC2,0.0,10.7,100.0,36.0,-1.0,200,248.02,0.2,Electrophile,acid03-D6,1,2,8,deTD`NDJqIfVVfBA`@@,C1=CC=C(C(=C1)C(=O)O)I,1,1,88-67-5,0,N2,2,298
O29,E200_2-iodobenzoic acid,C1=CC=C(C(=C1)C(=O)O)I,N3_Scaffold 7,CC(C)C1=CC2=CCC3[C@](C)(CN)CCC[C@]3(C)C2CC1,CC(C)C1=CC2=CCC3[C@](C)(CNCc4ccccc4I)CCC[C@]3(C)C2CC1,8.2,36.7,81.7,23.3,-1.0,200,248.02,0.2,Electrophile,acid03-D6,1,2,8,deTD`NDJqIfVVfBA`@@,C1=CC=C(C(=C1)C(=O)O)I,1,1,88-67-5,0,N3,3,298
O41,E200_2-iodobenzoic acid,C1=CC=C(C(=C1)C(=O)O)I,N4_Scaffold 6,CCNC[C@@]1(C)C2[C@](C)(CCC1)c3c(CC2)cc(C(C)C)c(c3)N,CCNC[C@]1(C)CCC[C@]2(C)c3cc(NCc4ccccc4I)c(C(C)C)cc3CCC12,18.8,8.6,31.4,37.2,-1.0,200,248.02,0.2,Electrophile,acid03-D6,1,2,8,deTD`NDJqIfVVfBA`@@,C1=CC=C(C(=C1)C(=O)O)I,1,1,88-67-5,0,N4,4,298
W5,E211_4-methylsulfonylbenzoic acid,CS(=O)(=O)C1=CC=C(C=C1)C(=O)O,N1_(+)-Dehydroabietylamine,CC(C)c1ccc2c(c1)CC[C@H]1[C@](C)(CN)CCC[C@]21C,CC(C)c1ccc2c(c1)CC[C@H]1[C@](C)(CNCc3ccc(S(C)(=O)=O)cc3)CCC[C@]21C,34.69,20.3,37.0,63.8,-1.0,211,200.21,0.2,Electrophile,acid03-E2,1,2,8,dklB`HSS@HrRPsIYPYV`@f@@,CS(=O)(=O)C1=CC=C(C=C1)C(=O)O,1,1,4052-30-6,0,N1,1,299
W17,E211_4-methylsulfonylbenzoic acid,CS(=O)(=O)C1=CC=C(C=C1)C(=O)O,N2_hydroxydehydroabietylamine,CC(C)C(C(O)=C1)=CC2=C1[C@]3(C)C(CC2)[C@](C)(CN)CCC3,CC(C)c1cc2c(cc1O)[C@@]1(C)CCC[C@@](C)(CNCc3ccc(S(C)(=O)=O)cc3)C1CC2,1.12,11.5,91.1,4.1,-1.0,211,200.21,0.2,Electrophile,acid03-E2,1,2,8,dklB`HSS@HrRPsIYPYV`@f@@,CS(=O)(=O)C1=CC=C(C=C1)C(=O)O,1,1,4052-30-6,0,N2,2,299
W29,E211_4-methylsulfonylbenzoic acid,CS(=O)(=O)C1=CC=C(C=C1)C(=O)O,N3_Scaffold 7,CC(C)C1=CC2=CCC3[C@](C)(CN)CCC[C@]3(C)C2CC1,CC(C)C1=CC2=CCC3[C@](C)(CNCc4ccc(S(C)(=O)=O)cc4)CCC[C@]3(C)C2CC1,22.0,13.5,38.0,31.1,-1.0,211,200.21,0.2,Electrophile,acid03-E2,1,2,8,dklB`HSS@HrRPsIYPYV`@f@@,CS(=O)(=O)C1=CC=C(C=C1)C(=O)O,1,1,4052-30-6,0,N3,3,299
W41,E211_4-methylsulfonylbenzoic acid,CS(=O)(=O)C1=CC=C(C=C1)C(=O)O,N4_Scaffold 6,CCNC[C@@]1(C)C2[C@](C)(CCC1)c3c(CC2)cc(C(C)C)c(c3)N,CCNC[C@]1(C)CCC[C@]2(C)c3cc(NCc4ccc(S(C)(=O)=O)cc4)c(C(C)C)cc3CCC12,17.2,2.2,11.1,4.4,-1.0,211,200.21,0.2,Electrophile,acid03-E2,1,2,8,dklB`HSS@HrRPsIYPYV`@f@@,CS(=O)(=O)C1=CC=C(C=C1)C(=O)O,1,1,4052-30-6,0,N4,4,299
Y5,E213_4-methylsulfanylbenzoic acid,CSC1=CC=C(C=C1)C(=O)O,N1_(+)-Dehydroabietylamine,CC(C)c1ccc2c(c1)CC[C@H]1[C@](C)(CN)CCC[C@]21C,CSc1ccc(CNC[C@]2(C)CCC[C@]3(C)c4ccc(C(C)C)cc4CC[C@@H]23)cc1,24.9,18.5,42.6,10.9,-1.0,213,168.21,0.2,Electrophile,acid03-E4,1,2,8,dmtD`IT@aJ[WYnh@I`@@,CSC1=CC=C(C=C1)C(=O)O,1,1,13205-48-6,0,N1,1,300
Y17,E213_4-methylsulfanylbenzoic acid,CSC1=CC=C(C=C1)C(=O)O,N2_hydroxydehydroabietylamine,CC(C)C(C(O)=C1)=CC2=C1[C@]3(C)C(CC2)[C@](C)(CN)CCC3,CSc1ccc(CNC[C@]2(C)CCC[C@]3(C)c4cc(O)c(C(C)C)cc4CCC23)cc1,0.0,10.3,100.0,0.0,-1.0,213,168.21,0.2,Electrophile,acid03-E4,1,2,8,dmtD`IT@aJ[WYnh@I`@@,CSC1=CC=C(C=C1)C(=O)O,1,1,13205-48-6,0,N2,2,300
Y29,E213_4-methylsulfanylbenzoic acid,CSC1=CC=C(C=C1)C(=O)O,N3_Scaffold 7,CC(C)C1=CC2=CCC3[C@](C)(CN)CCC[C@]3(C)C2CC1,CSc1ccc(CNC[C@]2(C)CCC[C@]3(C)C4CCC(C(C)C)=CC4=CCC23)cc1,5.1,21.5,80.9,0.0,-1.0,213,168.21,0.2,Electrophile,acid03-E4,1,2,8,dmtD`IT@aJ[WYnh@I`@@,CSC1=CC=C(C=C1)C(=O)O,1,1,13205-48-6,0,N3,3,300
Y41,E213_4-methylsulfanylbenzoic acid,CSC1=CC=C(C=C1)C(=O)O,N4_Scaffold 6,CCNC[C@@]1(C)C2[C@](C)(CCC1)c3c(CC2)cc(C(C)C)c(c3)N,CCNC[C@]1(C)CCC[C@]2(C)c3cc(NCc4ccc(SC)cc4)c(C(C)C)cc3CCC12,24.7,0.6,2.5,0.0,-1.0,213,168.21,0.2,Electrophile,acid03-E4,1,2,8,dmtD`IT@aJ[WYnh@I`@@,CSC1=CC=C(C=C1)C(=O)O,1,1,13205-48-6,0,N4,4,300
D6,E230_6-methoxynaphthalene-2-carboxylic acid,COC1=CC2=C(C=C1)C=C(C=C2)C(=O)O,N1_(+)-Dehydroabietylamine,CC(C)c1ccc2c(c1)CC[C@H]1[C@](C)(CN)CCC[C@]21C,COc1ccc2cc(CNC[C@]3(C)CCC[C@]4(C)c5ccc(C(C)C)cc5CC[C@@H]34)ccc2c1,26.1,36.4,58.2,94.0,20.37,230,202.21,0.2,Electrophile,acid03-F10,1,2,8,foAA`@@HldwJvn|EhsP@@E@@@,COC1=CC2=C(C=C1)C=C(C=C2)C(=O)O,1,1,2471-70-7,0,N1,1,301
D18,E230_6-methoxynaphthalene-2-carboxylic acid,COC1=CC2=C(C=C1)C=C(C=C2)C(=O)O,N2_hydroxydehydroabietylamine,CC(C)C(C(O)=C1)=CC2=C1[C@]3(C)C(CC2)[C@](C)(CN)CCC3,COc1ccc2cc(CNC[C@]3(C)CCC[C@]4(C)c5cc(O)c(C(C)C)cc5CCC34)ccc2c1,1.3,23.3,94.9,16.3,-1.0,230,202.21,0.2,Electrophile,acid03-F10,1,2,8,foAA`@@HldwJvn|EhsP@@E@@@,COC1=CC2=C(C=C1)C=C(C=C2)C(=O)O,1,1,2471-70-7,0,N2,2,301
D30,E230_6-methoxynaphthalene-2-carboxylic acid,COC1=CC2=C(C=C1)C=C(C=C2)C(=O)O,N3_Scaffold 7,CC(C)C1=CC2=CCC3[C@](C)(CN)CCC[C@]3(C)C2CC1,COc1ccc2cc(CNC[C@]3(C)CCC[C@]4(C)C5CCC(C(C)C)=CC5=CCC34)ccc2c1,5.6,22.5,80.1,18.0,-1.0,230,202.21,0.2,Electrophile,acid03-F10,1,2,8,foAA`@@HldwJvn|EhsP@@E@@@,COC1=CC2=C(C=C1)C=C(C=C2)C(=O)O,1,1,2471-70-7,0,N3,3,301
D42,E230_6-methoxynaphthalene-2-carboxylic acid,COC1=CC2=C(C=C1)C=C(C=C2)C(=O)O,N4_Scaffold 6,CCNC[C@@]1(C)C2[C@](C)(CCC1)c3c(CC2)cc(C(C)C)c(c3)N,CCNC[C@]1(C)CCC[C@]2(C)c3cc(NCc4ccc5cc(OC)ccc5c4)c(C(C)C)cc3CCC12,22.1,4.4,16.5,1.9,-1.0,230,202.21,0.2,Electrophile,acid03-F10,1,2,8,foAA`@@HldwJvn|EhsP@@E@@@,COC1=CC2=C(C=C1)C=C(C=C2)C(=O)O,1,1,2471-70-7,0,N4,4,301
H6,E234_naphthalene-2-carboxylic acid,C1=CC=C2C=C(C=CC2=C1)C(=O)O,N1_(+)-Dehydroabietylamine,CC(C)c1ccc2c(c1)CC[C@H]1[C@](C)(CN)CCC[C@]21C,CC(C)c1ccc2c(c1)CC[C@H]1[C@](C)(CNCc3ccc4ccccc4c3)CCC[C@]21C,18.6,33.5,64.4,24.7,-1.0,234,172.18,0.2,Electrophile,acid03-F15,1,2,8,dk\D@@QInUm^GSZ@@@@@@,C1=CC=C2C=C(C=CC2=C1)C(=O)O,1,1,93-09-4,0,N1,1,302
H18,E234_naphthalene-2-carboxylic acid,C1=CC=C2C=C(C=CC2=C1)C(=O)O,N2_hydroxydehydroabietylamine,CC(C)C(C(O)=C1)=CC2=C1[C@]3(C)C(CC2)[C@](C)(CN)CCC3,CC(C)c1cc2c(cc1O)[C@@]1(C)CCC[C@@](C)(CNCc3ccc4ccccc4c3)C1CC2,0.0,13.3,100.0,13.1,-1.0,234,172.18,0.2,Electrophile,acid03-F15,1,2,8,dk\D@@QInUm^GSZ@@@@@@,C1=CC=C2C=C(C=CC2=C1)C(=O)O,1,1,93-09-4,0,N2,2,302
H30,E234_naphthalene-2-carboxylic acid,C1=CC=C2C=C(C=CC2=C1)C(=O)O,N3_Scaffold 7,CC(C)C1=CC2=CCC3[C@](C)(CN)CCC[C@]3(C)C2CC1,CC(C)C1=CC2=CCC3[C@](C)(CNCc4ccc5ccccc5c4)CCC[C@]3(C)C2CC1,3.9,10.4,72.7,10.8,-1.0,234,172.18,0.2,Electrophile,acid03-F15,1,2,8,dk\D@@QInUm^GSZ@@@@@@,C1=CC=C2C=C(C=CC2=C1)C(=O)O,1,1,93-09-4,0,N3,3,302
H42,E234_naphthalene-2-carboxylic acid,C1=CC=C2C=C(C=CC2=C1)C(=O)O,N4_Scaffold 6,CCNC[C@@]1(C)C2[C@](C)(CCC1)c3c(CC2)cc(C(C)C)c(c3)N,CCNC[C@]1(C)CCC[C@]2(C)c3cc(NCc4ccc5ccccc5c4)c(C(C)C)cc3CCC12,18.3,4.1,18.2,18.3,-1.0,234,172.18,0.2,Electrophile,acid03-F15,1,2,8,dk\D@@QInUm^GSZ@@@@@@,C1=CC=C2C=C(C=CC2=C1)C(=O)O,1,1,93-09-4,0,N4,4,302
J6,E236_4-nitrobenzoic acid,C1=CC(=CC=C1C(=O)O)[N+](=O)[O-],N1_(+)-Dehydroabietylamine,CC(C)c1ccc2c(c1)CC[C@H]1[C@](C)(CN)CCC[C@]21C,CC(C)c1ccc2c(c1)CC[C@H]1[C@](C)(CNCc3ccc([N+](=O)[O-])cc3)CCC[C@]21C,28.5,18.7,39.6,25.3,-1.0,236,167.12,0.2,Electrophile,acid04-A2,1,2,8,dcNBAHAEvISdfyW[aZ@BX@@,C1=CC(=CC=C1C(=O)O)[N+](=O)[O-],1,1,62-23-7,0,N1,1,303
J18,E236_4-nitrobenzoic acid,C1=CC(=CC=C1C(=O)O)[N+](=O)[O-],N2_hydroxydehydroabietylamine,CC(C)C(C(O)=C1)=CC2=C1[C@]3(C)C(CC2)[C@](C)(CN)CCC3,CC(C)c1cc2c(cc1O)[C@@]1(C)CCC[C@@](C)(CNCc3ccc([N+](=O)[O-])cc3)C1CC2,4.1,6.0,59.4,0.0,-1.0,236,167.12,0.2,Electrophile,acid04-A2,1,2,8,dcNBAHAEvISdfyW[aZ@BX@@,C1=CC(=CC=C1C(=O)O)[N+](=O)[O-],1,1,62-23-7,0,N2,2,303
J30,E236_4-nitrobenzoic acid,C1=CC(=CC=C1C(=O)O)[N+](=O)[O-],N3_Scaffold 7,CC(C)C1=CC2=CCC3[C@](C)(CN)CCC[C@]3(C)C2CC1,CC(C)C1=CC2=CCC3[C@](C)(CNCc4ccc([N+](=O)[O-])cc4)CCC[C@]3(C)C2CC1,16.9,16.3,49.1,17.6,-1.0,236,167.12,0.2,Electrophile,acid04-A2,1,2,8,dcNBAHAEvISdfyW[aZ@BX@@,C1=CC(=CC=C1C(=O)O)[N+](=O)[O-],1,1,62-23-7,0,N3,3,303
J42,E236_4-nitrobenzoic acid,C1=CC(=CC=C1C(=O)O)[N+](=O)[O-],N4_Scaffold 6,CCNC[C@@]1(C)C2[C@](C)(CCC1)c3c(CC2)cc(C(C)C)c(c3)N,CCNC[C@]1(C)CCC[C@]2(C)c3cc(NCc4ccc([N+](=O)[O-])cc4)c(C(C)C)cc3CCC12,14.6,5.1,25.9,18.6,-1.0,236,167.12,0.2,Electrophile,acid04-A2,1,2,8,dcNBAHAEvISdfyW[aZ@BX@@,C1=CC(=CC=C1C(=O)O)[N+](=O)[O-],1,1,62-23-7,0,N4,4,303
K6,E237_2-nitrobenzoic acid,C1=CC=C(C(=C1)C(=O)O)[N+](=O)[O-],N1_(+)-Dehydroabietylamine,CC(C)c1ccc2c(c1)CC[C@H]1[C@](C)(CN)CCC[C@]21C,CC(C)c1ccc2c(c1)CC[C@H]1[C@](C)(CNCc3ccccc3[N+](=O)[O-])CCC[C@]21C,29.14,34.0,53.9,62.1,-1.0,237,167.12,0.2,Electrophile,acid04-A3,1,2,8,dcNBAHAIVISdfyed]ZBA`@@,C1=CC=C(C(=C1)C(=O)O)[N+](=O)[O-],1,1,552-16-9,0,N1,1,304
K18,E237_2-nitrobenzoic acid,C1=CC=C(C(=C1)C(=O)O)[N+](=O)[O-],N2_hydroxydehydroabietylamine,CC(C)C(C(O)=C1)=CC2=C1[C@]3(C)C(CC2)[C@](C)(CN)CCC3,CC(C)c1cc2c(cc1O)[C@@]1(C)CCC[C@@](C)(CNCc3ccccc3[N+](=O)[O-])C1CC2,0.0,8.2,100.0,31.4,-1.0,237,167.12,0.2,Electrophile,acid04-A3,1,2,8,dcNBAHAIVISdfyed]ZBA`@@,C1=CC=C(C(=C1)C(=O)O)[N+](=O)[O-],1,1,552-16-9,0,N2,2,304
K30,E237_2-nitrobenzoic acid,C1=CC=C(C(=C1)C(=O)O)[N+](=O)[O-],N3_Scaffold 7,CC(C)C1=CC2=CCC3[C@](C)(CN)CCC[C@]3(C)C2CC1,CC(C)C1=CC2=CCC3[C@](C)(CNCc4ccccc4[N+](=O)[O-])CCC[C@]3(C)C2CC1,17.8,33.1,65.0,18.3,-1.0,237,167.12,0.2,Electrophile,acid04-A3,1,2,8,dcNBAHAIVISdfyed]ZBA`@@,C1=CC=C(C(=C1)C(=O)O)[N+](=O)[O-],1,1,552-16-9,0,N3,3,304
K42,E237_2-nitrobenzoic acid,C1=CC=C(C(=C1)C(=O)O)[N+](=O)[O-],N4_Scaffold 6,CCNC[C@@]1(C)C2[C@](C)(CCC1)c3c(CC2)cc(C(C)C)c(c3)N,CCNC[C@]1(C)CCC[C@]2(C)c3cc(NCc4ccccc4[N+](=O)[O-])c(C(C)C)cc3CCC12,16.6,11.9,41.8,29.8,-1.0,237,167.12,0.2,Electrophile,acid04-A3,1,2,8,dcNBAHAIVISdfyed]ZBA`@@,C1=CC=C(C(=C1)C(=O)O)[N+](=O)[O-],1,1,552-16-9,0,N4,4,304
M6,E239_naphthalene-1-carboxylic acid,C1=CC=C2C(=C1)C=CC=C2C(=O)O,N1_(+)-Dehydroabietylamine,CC(C)c1ccc2c(c1)CC[C@H]1[C@](C)(CN)CCC[C@]21C,CC(C)c1ccc2c(c1)CC[C@H]1[C@](C)(CNCc3cccc4ccccc34)CCC[C@]21C,29.33,33.9,53.6,32.8,-1.0,239,172.18,0.2,Electrophile,acid04-A5,1,2,8,dk\D@@SHihheDQgSZ@@@@@@,C1=CC=C2C(=C1)C=CC=C2C(=O)O,1,1,86-55-5,0,N1,1,305
M18,E239_naphthalene-1-carboxylic acid,C1=CC=C2C(=C1)C=CC=C2C(=O)O,N2_hydroxydehydroabietylamine,CC(C)C(C(O)=C1)=CC2=C1[C@]3(C)C(CC2)[C@](C)(CN)CCC3,CC(C)c1cc2c(cc1O)[C@@]1(C)CCC[C@@](C)(CNCc3cccc4ccccc34)C1CC2,0.0,10.9,100.0,7.0,-1.0,239,172.18,0.2,Electrophile,acid04-A5,1,2,8,dk\D@@SHihheDQgSZ@@@@@@,C1=CC=C2C(=C1)C=CC=C2C(=O)O,1,1,86-55-5,0,N2,2,305
M30,E239_naphthalene-1-carboxylic acid,C1=CC=C2C(=C1)C=CC=C2C(=O)O,N3_Scaffold 7,CC(C)C1=CC2=CCC3[C@](C)(CN)CCC[C@]3(C)C2CC1,CC(C)C1=CC2=CCC3[C@](C)(CNCc4cccc5ccccc45)CCC[C@]3(C)C2CC1,6.3,20.3,76.3,10.5,-1.0,239,172.18,0.2,Electrophile,acid04-A5,1,2,8,dk\D@@SHihheDQgSZ@@@@@@,C1=CC=C2C(=C1)C=CC=C2C(=O)O,1,1,86-55-5,0,N3,3,305
M42,E239_naphthalene-1-carboxylic acid,C1=CC=C2C(=C1)C=CC=C2C(=O)O,N4_Scaffold 6,CCNC[C@@]1(C)C2[C@](C)(CCC1)c3c(CC2)cc(C(C)C)c(c3)N,CCNC[C@]1(C)CCC[C@]2(C)c3cc(NCc4cccc5ccccc45)c(C(C)C)cc3CCC12,17.5,0.0,0.0,0.0,-1.0,239,172.18,0.2,Electrophile,acid04-A5,1,2,8,dk\D@@SHihheDQgSZ@@@@@@,C1=CC=C2C(=C1)C=CC=C2C(=O)O,1,1,86-55-5,0,N4,4,305
E10,E243_2-methylbenzoic acid,CC1=CC=CC=C1C(=O)O,N1_(+)-Dehydroabietylamine,CC(C)c1ccc2c(c1)CC[C@H]1[C@](C)(CN)CCC[C@]21C,Cc1ccccc1CNC[C@]1(C)CCC[C@]2(C)c3ccc(C(C)C)cc3CC[C@@H]12,19.35,11.4,37.0,0.0,-1.0,243,136.15,0.2,Electrophile,acid04-A9,1,2,8,deTD@@QInYQehB@@@,CC1=CC=CC=C1C(=O)O,1,1,118-90-1,0,N1,1,306
E22,E243_2-methylbenzoic acid,CC1=CC=CC=C1C(=O)O,N2_hydroxydehydroabietylamine,CC(C)C(C(O)=C1)=CC2=C1[C@]3(C)C(CC2)[C@](C)(CN)CCC3,Cc1ccccc1CNC[C@]1(C)CCC[C@]2(C)c3cc(O)c(C(C)C)cc3CCC12,0.77,5.4,87.5,0.0,-1.0,243,136.15,0.2,Electrophile,acid04-A9,1,2,8,deTD@@QInYQehB@@@,CC1=CC=CC=C1C(=O)O,1,1,118-90-1,0,N2,2,306
E34,E243_2-methylbenzoic acid,CC1=CC=CC=C1C(=O)O,N3_Scaffold 7,CC(C)C1=CC2=CCC3[C@](C)(CN)CCC[C@]3(C)C2CC1,Cc1ccccc1CNC[C@]1(C)CCC[C@]2(C)C3CCC(C(C)C)=CC3=CCC12,3.1,5.6,64.2,10.3,-1.0,243,136.15,0.2,Electrophile,acid04-A9,1,2,8,deTD@@QInYQehB@@@,CC1=CC=CC=C1C(=O)O,1,1,118-90-1,0,N3,3,306
E46,E243_2-methylbenzoic acid,CC1=CC=CC=C1C(=O)O,N4_Scaffold 6,CCNC[C@@]1(C)C2[C@](C)(CCC1)c3c(CC2)cc(C(C)C)c(c3)N,CCNC[C@]1(C)CCC[C@]2(C)c3cc(NCc4ccccc4C)c(C(C)C)cc3CCC12,10.5,1.0,8.7,0.0,-1.0,243,136.15,0.2,Electrophile,acid04-A9,1,2,8,deTD@@QInYQehB@@@,CC1=CC=CC=C1C(=O)O,1,1,118-90-1,0,N4,4,306
R6,E249_2-(1H-Pyrazol-1-yl)benzoic acid,C1=CC=C(C(=C1)C(=O)O)N2C=CC=N2,N1_(+)-Dehydroabietylamine,CC(C)c1ccc2c(c1)CC[C@H]1[C@](C)(CN)CCC[C@]21C,CC(C)c1ccc2c(c1)CC[C@H]1[C@](C)(CNCc3ccccc3-n3cccn3)CCC[C@]21C,30.3,33.9,52.8,73.8,0.0,249,188.18,0.2,Electrophile,acid04-B4,1,2,8,dg}D@FdDR[fV]GSmhHJEH@@,C1=CC=C(C(=C1)C(=O)O)N2C=CC=N2,1,1,55317-53-8,0,N1,1,307
R18,E249_2-(1H-Pyrazol-1-yl)benzoic acid,C1=CC=C(C(=C1)C(=O)O)N2C=CC=N2,N2_hydroxydehydroabietylamine,CC(C)C(C(O)=C1)=CC2=C1[C@]3(C)C(CC2)[C@](C)(CN)CCC3,CC(C)c1cc2c(cc1O)[C@@]1(C)CCC[C@@](C)(CNCc3ccccc3-n3cccn3)C1CC2,0.0,16.5,100.0,0.0,-1.0,249,188.18,0.2,Electrophile,acid04-B4,1,2,8,dg}D@FdDR[fV]GSmhHJEH@@,C1=CC=C(C(=C1)C(=O)O)N2C=CC=N2,1,1,55317-53-8,0,N2,2,307
R30,E249_2-(1H-Pyrazol-1-yl)benzoic acid,C1=CC=C(C(=C1)C(=O)O)N2C=CC=N2,N3_Scaffold 7,CC(C)C1=CC2=CCC3[C@](C)(CN)CCC[C@]3(C)C2CC1,CC(C)C1=CC2=CCC3[C@](C)(CNCc4ccccc4-n4cccn4)CCC[C@]3(C)C2CC1,13.1,46.5,78.0,42.0,-1.0,249,188.18,0.2,Electrophile,acid04-B4,1,2,8,dg}D@FdDR[fV]GSmhHJEH@@,C1=CC=C(C(=C1)C(=O)O)N2C=CC=N2,1,1,55317-53-8,0,N3,3,307
R42,E249_2-(1H-Pyrazol-1-yl)benzoic acid,C1=CC=C(C(=C1)C(=O)O)N2C=CC=N2,N4_Scaffold 6,CCNC[C@@]1(C)C2[C@](C)(CCC1)c3c(CC2)cc(C(C)C)c(c3)N,CCNC[C@]1(C)CCC[C@]2(C)c3cc(NCc4ccccc4-n4cccn4)c(C(C)C)cc3CCC12,32.3,11.9,27.0,4.1,-1.0,249,188.18,0.2,Electrophile,acid04-B4,1,2,8,dg}D@FdDR[fV]GSmhHJEH@@,C1=CC=C(C(=C1)C(=O)O)N2C=CC=N2,1,1,55317-53-8,0,N4,4,307
X6,"E262_4-SULFAMOYLBENZOIC ACID, 97%",C1=CC(=CC=C1C(=O)O)S(=O)(=O)N,N1_(+)-Dehydroabietylamine,CC(C)c1ccc2c(c1)CC[C@H]1[C@](C)(CN)CCC[C@]21C,CC(C)c1ccc2c(c1)CC[C@H]1[C@](C)(CNCc3ccc(S(N)(=O)=O)cc3)CCC[C@]21C,56.5,56.5,50.0,100.0,0.0,262,201.2,0.2,Electrophile,acid04-C9,1,2,8,dknB`LaML@cIIKDeeAeZ@BX@@,C1=CC(=CC=C1C(=O)O)S(=O)(=O)N,1,1,138-41-0,0,N1,1,308
X18,"E262_4-SULFAMOYLBENZOIC ACID, 97%",C1=CC(=CC=C1C(=O)O)S(=O)(=O)N,N2_hydroxydehydroabietylamine,CC(C)C(C(O)=C1)=CC2=C1[C@]3(C)C(CC2)[C@](C)(CN)CCC3,CC(C)c1cc2c(cc1O)[C@@]1(C)CCC[C@@](C)(CNCc3ccc(S(N)(=O)=O)cc3)C1CC2,6.2,5.2,45.6,0.9,-1.0,262,201.2,0.2,Electrophile,acid04-C9,1,2,8,dknB`LaML@cIIKDeeAeZ@BX@@,C1=CC(=CC=C1C(=O)O)S(=O)(=O)N,1,1,138-41-0,0,N2,2,308
X30,"E262_4-SULFAMOYLBENZOIC ACID, 97%",C1=CC(=CC=C1C(=O)O)S(=O)(=O)N,N3_Scaffold 7,CC(C)C1=CC2=CCC3[C@](C)(CN)CCC[C@]3(C)C2CC1,CC(C)C1=CC2=CCC3[C@](C)(CNCc4ccc(S(N)(=O)=O)cc4)CCC[C@]3(C)C2CC1,50.1,0.0,0.0,75.1,0.0,262,201.2,0.2,Electrophile,acid04-C9,1,2,8,dknB`LaML@cIIKDeeAeZ@BX@@,C1=CC(=CC=C1C(=O)O)S(=O)(=O)N,1,1,138-41-0,0,N3,3,308
X42,"E262_4-SULFAMOYLBENZOIC ACID, 97%",C1=CC(=CC=C1C(=O)O)S(=O)(=O)N,N4_Scaffold 6,CCNC[C@@]1(C)C2[C@](C)(CCC1)c3c(CC2)cc(C(C)C)c(c3)N,CCNC[C@]1(C)CCC[C@]2(C)c3cc(NCc4ccc(S(N)(=O)=O)cc4)c(C(C)C)cc3CCC12,28.9,6.0,17.2,18.2,-1.0,262,201.2,0.2,Electrophile,acid04-C9,1,2,8,dknB`LaML@cIIKDeeAeZ@BX@@,C1=CC(=CC=C1C(=O)O)S(=O)(=O)N,1,1,138-41-0,0,N4,4,308
Y6,E264_4-(Trifluoromethoxy)benzoic Acid,C1=CC(=CC=C1C(=O)O)OC(F)(F)F,N1_(+)-Dehydroabietylamine,CC(C)c1ccc2c(c1)CC[C@H]1[C@](C)(CN)CCC[C@]21C,CC(C)c1ccc2c(c1)CC[C@H]1[C@](C)(CNCc3ccc(OC(F)(F)F)cc3)CCC[C@]21C,28.79,2.3,7.3,0.0,-1.0,264,206.12,0.2,Electrophile,acid04-C11,1,2,8,dg\LpBNpdDdLdLbdJbRrdkUP@S@@@,C1=CC(=CC=C1C(=O)O)OC(F)(F)F,1,1,330-12-1,0,N1,1,309
Y18,E264_4-(Trifluoromethoxy)benzoic Acid,C1=CC(=CC=C1C(=O)O)OC(F)(F)F,N2_hydroxydehydroabietylamine,CC(C)C(C(O)=C1)=CC2=C1[C@]3(C)C(CC2)[C@](C)(CN)CCC3,CC(C)c1cc2c(cc1O)[C@@]1(C)CCC[C@@](C)(CNCc3ccc(OC(F)(F)F)cc3)C1CC2,3.01,0.0,0.0,0.0,-1.0,264,206.12,0.2,Electrophile,acid04-C11,1,2,8,dg\LpBNpdDdLdLbdJbRrdkUP@S@@@,C1=CC(=CC=C1C(=O)O)OC(F)(F)F,1,1,330-12-1,0,N2,2,309
Y30,E264_4-(Trifluoromethoxy)benzoic Acid,C1=CC(=CC=C1C(=O)O)OC(F)(F)F,N3_Scaffold 7,CC(C)C1=CC2=CCC3[C@](C)(CN)CCC[C@]3(C)C2CC1,CC(C)C1=CC2=CCC3[C@](C)(CNCc4ccc(OC(F)(F)F)cc4)CCC[C@]3(C)C2CC1,11.1,0.0,0.0,0.0,-1.0,264,206.12,0.2,Electrophile,acid04-C11,1,2,8,dg\LpBNpdDdLdLbdJbRrdkUP@S@@@,C1=CC(=CC=C1C(=O)O)OC(F)(F)F,1,1,330-12-1,0,N3,3,309
Y42,E264_4-(Trifluoromethoxy)benzoic Acid,C1=CC(=CC=C1C(=O)O)OC(F)(F)F,N4_Scaffold 6,CCNC[C@@]1(C)C2[C@](C)(CCC1)c3c(CC2)cc(C(C)C)c(c3)N,CCNC[C@]1(C)CCC[C@]2(C)c3cc(NCc4ccc(OC(F)(F)F)cc4)c(C(C)C)cc3CCC12,8.9,0.0,0.0,0.0,-1.0,264,206.12,0.2,Electrophile,acid04-C11,1,2,8,dg\LpBNpdDdLdLbdJbRrdkUP@S@@@,C1=CC(=CC=C1C(=O)O)OC(F)(F)F,1,1,330-12-1,0,N4,4,309
Z6,E266_2-(Trifluoromethyl)benzoic acid,C1=CC=C(C(=C1)C(=O)O)C(F)(F)F,N1_(+)-Dehydroabietylamine,CC(C)c1ccc2c(c1)CC[C@H]1[C@](C)(CN)CCC[C@]21C,CC(C)c1ccc2c(c1)CC[C@H]1[C@](C)(CNCc3ccccc3C(F)(F)F)CCC[C@]21C,31.7,0.0,0.0,0.0,-1.0,266,190.12,0.2,Electrophile,acid04-D1,1,2,8,dklDpEtIAICICHiCEDhiNjBA`@@,C1=CC=C(C(=C1)C(=O)O)C(F)(F)F,1,1,433-97-6,0,N1,1,310
Z18,E266_2-(Trifluoromethyl)benzoic acid,C1=CC=C(C(=C1)C(=O)O)C(F)(F)F,N2_hydroxydehydroabietylamine,CC(C)C(C(O)=C1)=CC2=C1[C@]3(C)C(CC2)[C@](C)(CN)CCC3,CC(C)c1cc2c(cc1O)[C@@]1(C)CCC[C@@](C)(CNCc3ccccc3C(F)(F)F)C1CC2,3.6,0.4,10.2,0.0,-1.0,266,190.12,0.2,Electrophile,acid04-D1,1,2,8,dklDpEtIAICICHiCEDhiNjBA`@@,C1=CC=C(C(=C1)C(=O)O)C(F)(F)F,1,1,433-97-6,0,N2,2,310
Z30,E266_2-(Trifluoromethyl)benzoic acid,C1=CC=C(C(=C1)C(=O)O)C(F)(F)F,N3_Scaffold 7,CC(C)C1=CC2=CCC3[C@](C)(CN)CCC[C@]3(C)C2CC1,CC(C)C1=CC2=CCC3[C@](C)(CNCc4ccccc4C(F)(F)F)CCC[C@]3(C)C2CC1,13.5,0.0,0.0,12.9,-1.0,266,190.12,0.2,Electrophile,acid04-D1,1,2,8,dklDpEtIAICICHiCEDhiNjBA`@@,C1=CC=C(C(=C1)C(=O)O)C(F)(F)F,1,1,433-97-6,0,N3,3,310
Z42,E266_2-(Trifluoromethyl)benzoic acid,C1=CC=C(C(=C1)C(=O)O)C(F)(F)F,N4_Scaffold 6,CCNC[C@@]1(C)C2[C@](C)(CCC1)c3c(CC2)cc(C(C)C)c(c3)N,CCNC[C@]1(C)CCC[C@]2(C)c3cc(NCc4ccccc4C(F)(F)F)c(C(C)C)cc3CCC12,13.0,0.0,0.0,0.0,-1.0,266,190.12,0.2,Electrophile,acid04-D1,1,2,8,dklDpEtIAICICHiCEDhiNjBA`@@,C1=CC=C(C(=C1)C(=O)O)C(F)(F)F,1,1,433-97-6,0,N4,4,310
AB6,E270_Tolfenamic acid,CC1=C(C=CC=C1Cl)NC2=CC=CC=C2C(=O)O,N1_(+)-Dehydroabietylamine,CC(C)c1ccc2c(c1)CC[C@H]1[C@](C)(CN)CCC[C@]21C,Cc1c(Cl)cccc1Nc1ccccc1CNC[C@]1(C)CCC[C@]2(C)c3ccc(C(C)C)cc3CC[C@@H]12,0.0,14.2,100.0,83.1,3.98,270,261.7,0.2,Electrophile,acid04-D6,1,2,8,fdy`b@N^BBHrJJIPzJIQLDzLADPPL@@@,CC1=C(C=CC=C1Cl)NC2=CC=CC=C2C(=O)O,1,1,13710-19-5,0,N1,1,311
AB18,E270_Tolfenamic acid,CC1=C(C=CC=C1Cl)NC2=CC=CC=C2C(=O)O,N2_hydroxydehydroabietylamine,CC(C)C(C(O)=C1)=CC2=C1[C@]3(C)C(CC2)[C@](C)(CN)CCC3,Cc1c(Cl)cccc1Nc1ccccc1CNC[C@]1(C)CCC[C@]2(C)c3cc(O)c(C(C)C)cc3CCC12,1.2,3.9,76.9,0.0,-1.0,270,261.7,0.2,Electrophile,acid04-D6,1,2,8,fdy`b@N^BBHrJJIPzJIQLDzLADPPL@@@,CC1=C(C=CC=C1Cl)NC2=CC=CC=C2C(=O)O,1,1,13710-19-5,0,N2,2,311
AB30,E270_Tolfenamic acid,CC1=C(C=CC=C1Cl)NC2=CC=CC=C2C(=O)O,N3_Scaffold 7,CC(C)C1=CC2=CCC3[C@](C)(CN)CCC[C@]3(C)C2CC1,Cc1c(Cl)cccc1Nc1ccccc1CNC[C@]1(C)CCC[C@]2(C)C3CCC(C(C)C)=CC3=CCC12,10.6,6.7,38.7,2.7,-1.0,270,261.7,0.2,Electrophile,acid04-D6,1,2,8,fdy`b@N^BBHrJJIPzJIQLDzLADPPL@@@,CC1=C(C=CC=C1Cl)NC2=CC=CC=C2C(=O)O,1,1,13710-19-5,0,N3,3,311
AB42,E270_Tolfenamic acid,CC1=C(C=CC=C1Cl)NC2=CC=CC=C2C(=O)O,N4_Scaffold 6,CCNC[C@@]1(C)C2[C@](C)(CCC1)c3c(CC2)cc(C(C)C)c(c3)N,CCNC[C@]1(C)CCC[C@]2(C)c3cc(NCc4ccccc4Nc4cccc(Cl)c4C)c(C(C)C)cc3CCC12,20.2,17.3,46.1,16.2,-1.0,270,261.7,0.2,Electrophile,acid04-D6,1,2,8,fdy`b@N^BBHrJJIPzJIQLDzLADPPL@@@,CC1=C(C=CC=C1Cl)NC2=CC=CC=C2C(=O)O,1,1,13710-19-5,0,N4,4,311
AC6,E273_3-(Trifluoromethoxy)benzoic acid,C1=CC(=CC(=C1)OC(F)(F)F)C(=O)O,N1_(+)-Dehydroabietylamine,CC(C)c1ccc2c(c1)CC[C@H]1[C@](C)(CN)CCC[C@]21C,CC(C)c1ccc2c(c1)CC[C@H]1[C@](C)(CNCc3cccc(OC(F)(F)F)c3)CCC[C@]21C,28.25,2.5,8.1,0.0,-1.0,273,206.12,0.2,Electrophile,acid04-D9,1,2,8,dg\LpBNpdDdLdLbdJbRfd{UPAC@@@,C1=CC(=CC(=C1)OC(F)(F)F)C(=O)O,1,1,1014-81-9,0,N1,1,312
AC18,E273_3-(Trifluoromethoxy)benzoic acid,C1=CC(=CC(=C1)OC(F)(F)F)C(=O)O,N2_hydroxydehydroabietylamine,CC(C)C(C(O)=C1)=CC2=C1[C@]3(C)C(CC2)[C@](C)(CN)CCC3,CC(C)c1cc2c(cc1O)[C@@]1(C)CCC[C@@](C)(CNCc3cccc(OC(F)(F)F)c3)C1CC2,1.28,0.0,0.0,0.0,-1.0,273,206.12,0.2,Electrophile,acid04-D9,1,2,8,dg\LpBNpdDdLdLbdJbRfd{UPAC@@@,C1=CC(=CC(=C1)OC(F)(F)F)C(=O)O,1,1,1014-81-9,0,N2,2,312
AC30,E273_3-(Trifluoromethoxy)benzoic acid,C1=CC(=CC(=C1)OC(F)(F)F)C(=O)O,N3_Scaffold 7,CC(C)C1=CC2=CCC3[C@](C)(CN)CCC[C@]3(C)C2CC1,CC(C)C1=CC2=CCC3[C@](C)(CNCc4cccc(OC(F)(F)F)c4)CCC[C@]3(C)C2CC1,7.3,0.0,0.0,0.0,-1.0,273,206.12,0.2,Electrophile,acid04-D9,1,2,8,dg\LpBNpdDdLdLbdJbRfd{UPAC@@@,C1=CC(=CC(=C1)OC(F)(F)F)C(=O)O,1,1,1014-81-9,0,N3,3,312
AC42,E273_3-(Trifluoromethoxy)benzoic acid,C1=CC(=CC(=C1)OC(F)(F)F)C(=O)O,N4_Scaffold 6,CCNC[C@@]1(C)C2[C@](C)(CCC1)c3c(CC2)cc(C(C)C)c(c3)N,CCNC[C@]1(C)CCC[C@]2(C)c3cc(NCc4cccc(OC(F)(F)F)c4)c(C(C)C)cc3CCC12,6.7,0.0,0.0,0.0,-1.0,273,206.12,0.2,Electrophile,acid04-D9,1,2,8,dg\LpBNpdDdLdLbdJbRfd{UPAC@@@,C1=CC(=CC(=C1)OC(F)(F)F)C(=O)O,1,1,1014-81-9,0,N4,4,312
AE6,E275_3-(Trifluoromethyl)benzoic acid,C1=CC(=CC(=C1)C(F)(F)F)C(=O)O,N1_(+)-Dehydroabietylamine,CC(C)c1ccc2c(c1)CC[C@H]1[C@](C)(CN)CCC[C@]21C,CC(C)c1ccc2c(c1)CC[C@H]1[C@](C)(CNCc3cccc(C(F)(F)F)c3)CCC[C@]21C,28.63,0.0,0.0,0.0,-1.0,275,190.12,0.2,Electrophile,acid04-D12,1,2,8,dklDpMLIAICICHiCDeMAVj@HX@@,C1=CC(=CC(=C1)C(F)(F)F)C(=O)O,1,1,454-92-2,0,N1,1,313
AE18,E275_3-(Trifluoromethyl)benzoic acid,C1=CC(=CC(=C1)C(F)(F)F)C(=O)O,N2_hydroxydehydroabietylamine,CC(C)C(C(O)=C1)=CC2=C1[C@]3(C)C(CC2)[C@](C)(CN)CCC3,CC(C)c1cc2c(cc1O)[C@@]1(C)CCC[C@@](C)(CNCc3cccc(C(F)(F)F)c3)C1CC2,1.1,0.0,0.0,0.0,-1.0,275,190.12,0.2,Electrophile,acid04-D12,1,2,8,dklDpMLIAICICHiCDeMAVj@HX@@,C1=CC(=CC(=C1)C(F)(F)F)C(=O)O,1,1,454-92-2,0,N2,2,313
AE30,E275_3-(Trifluoromethyl)benzoic acid,C1=CC(=CC(=C1)C(F)(F)F)C(=O)O,N3_Scaffold 7,CC(C)C1=CC2=CCC3[C@](C)(CN)CCC[C@]3(C)C2CC1,CC(C)C1=CC2=CCC3[C@](C)(CNCc4cccc(C(F)(F)F)c4)CCC[C@]3(C)C2CC1,6.9,0.0,0.0,0.0,-1.0,275,190.12,0.2,Electrophile,acid04-D12,1,2,8,dklDpMLIAICICHiCDeMAVj@HX@@,C1=CC(=CC(=C1)C(F)(F)F)C(=O)O,1,1,454-92-2,0,N3,3,313
AE42,E275_3-(Trifluoromethyl)benzoic acid,C1=CC(=CC(=C1)C(F)(F)F)C(=O)O,N4_Scaffold 6,CCNC[C@@]1(C)C2[C@](C)(CCC1)c3c(CC2)cc(C(C)C)c(c3)N,CCNC[C@]1(C)CCC[C@]2(C)c3cc(NCc4cccc(C(F)(F)F)c4)c(C(C)C)cc3CCC12,4.9,0.6,10.2,0.0,-1.0,275,190.12,0.2,Electrophile,acid04-D12,1,2,8,dklDpMLIAICICHiCDeMAVj@HX@@,C1=CC(=CC(=C1)C(F)(F)F)C(=O)O,1,1,454-92-2,0,N4,4,313
X10,"E281_P-TOLUIC ACID, 98%",CC1=CC=C(C=C1)C(=O)O,N1_(+)-Dehydroabietylamine,CC(C)c1ccc2c(c1)CC[C@H]1[C@](C)(CN)CCC[C@]21C,Cc1ccc(CNC[C@]2(C)CCC[C@]3(C)c4ccc(C(C)C)cc4CC[C@@H]23)cc1,22.8,2.5,9.8,0.0,-1.0,281,136.15,0.2,Electrophile,acid04-E3,1,2,8,deTD@@QInU~Eh@H@@,CC1=CC=C(C=C1)C(=O)O,1,1,99-94-5,0,N1,1,314
X22,"E281_P-TOLUIC ACID, 98%",CC1=CC=C(C=C1)C(=O)O,N2_hydroxydehydroabietylamine,CC(C)C(C(O)=C1)=CC2=C1[C@]3(C)C(CC2)[C@](C)(CN)CCC3,Cc1ccc(CNC[C@]2(C)CCC[C@]3(C)c4cc(O)c(C(C)C)cc4CCC23)cc1,0.9,0.3,24.6,19.8,-1.0,281,136.15,0.2,Electrophile,acid04-E3,1,2,8,deTD@@QInU~Eh@H@@,CC1=CC=C(C=C1)C(=O)O,1,1,99-94-5,0,N2,2,314
X34,"E281_P-TOLUIC ACID, 98%",CC1=CC=C(C=C1)C(=O)O,N3_Scaffold 7,CC(C)C1=CC2=CCC3[C@](C)(CN)CCC[C@]3(C)C2CC1,Cc1ccc(CNC[C@]2(C)CCC[C@]3(C)C4CCC(C(C)C)=CC4=CCC23)cc1,8.6,1.6,15.3,8.4,-1.0,281,136.15,0.2,Electrophile,acid04-E3,1,2,8,deTD@@QInU~Eh@H@@,CC1=CC=C(C=C1)C(=O)O,1,1,99-94-5,0,N3,3,314
X46,"E281_P-TOLUIC ACID, 98%",CC1=CC=C(C=C1)C(=O)O,N4_Scaffold 6,CCNC[C@@]1(C)C2[C@](C)(CCC1)c3c(CC2)cc(C(C)C)c(c3)N,CCNC[C@]1(C)CCC[C@]2(C)c3cc(NCc4ccc(C)cc4)c(C(C)C)cc3CCC12,5.9,0.9,13.2,10.3,-1.0,281,136.15,0.2,Electrophile,acid04-E3,1,2,8,deTD@@QInU~Eh@H@@,CC1=CC=C(C=C1)C(=O)O,1,1,99-94-5,0,N4,4,314
B7,E282_Vanillic acid,COC1=C(C=CC(=C1)C(=O)O)O,N1_(+)-Dehydroabietylamine,CC(C)c1ccc2c(c1)CC[C@H]1[C@](C)(CN)CCC[C@]21C,COc1cc(CNC[C@]2(C)CCC[C@]3(C)c4ccc(C(C)C)cc4CC[C@@H]23)ccc1O,33.6,37.4,52.7,100.0,44.86,282,168.15,0.2,Electrophile,acid04-E4,1,2,8,dcLB@@P]R[e[^eh@b`@@,COC1=C(C=CC(=C1)C(=O)O)O,1,1,121-34-6,0,N1,1,315
B19,E282_Vanillic acid,COC1=C(C=CC(=C1)C(=O)O)O,N2_hydroxydehydroabietylamine,CC(C)C(C(O)=C1)=CC2=C1[C@]3(C)C(CC2)[C@](C)(CN)CCC3,COc1cc(CNC[C@]2(C)CCC[C@]3(C)c4cc(O)c(C(C)C)cc4CCC23)ccc1O,12.1,39.4,76.6,4.9,-1.0,282,168.15,0.2,Electrophile,acid04-E4,1,2,8,dcLB@@P]R[e[^eh@b`@@,COC1=C(C=CC(=C1)C(=O)O)O,1,1,121-34-6,0,N2,2,315
B31,E282_Vanillic acid,COC1=C(C=CC(=C1)C(=O)O)O,N3_Scaffold 7,CC(C)C1=CC2=CCC3[C@](C)(CN)CCC[C@]3(C)C2CC1,COc1cc(CNC[C@]2(C)CCC[C@]3(C)C4CCC(C(C)C)=CC4=CCC23)ccc1O,14.2,47.3,76.9,59.6,-1.0,282,168.15,0.2,Electrophile,acid04-E4,1,2,8,dcLB@@P]R[e[^eh@b`@@,COC1=C(C=CC(=C1)C(=O)O)O,1,1,121-34-6,0,N3,3,315
B43,E282_Vanillic acid,COC1=C(C=CC(=C1)C(=O)O)O,N4_Scaffold 6,CCNC[C@@]1(C)C2[C@](C)(CCC1)c3c(CC2)cc(C(C)C)c(c3)N,CCNC[C@]1(C)CCC[C@]2(C)c3cc(NCc4ccc(O)c(OC)c4)c(C(C)C)cc3CCC12,20.6,21.3,50.9,0.0,-1.0,282,168.15,0.2,Electrophile,acid04-E4,1,2,8,dcLB@@P]R[e[^eh@b`@@,COC1=C(C=CC(=C1)C(=O)O)O,1,1,121-34-6,0,N4,4,315
E7,E285_4-(Dimethylcarbamoyl)benzoic acid,CN(C)C(=O)C1=CC=C(C=C1)C(=O)O,N1_(+)-Dehydroabietylamine,CC(C)c1ccc2c(c1)CC[C@H]1[C@](C)(CN)CCC[C@]21C,CC(C)c1ccc2c(c1)CC[C@H]1[C@](C)(CNCc3ccc(C(=O)N(C)C)cc3)CCC[C@]21C,27.24,25.6,48.4,69.2,-1.0,285,193.2,0.2,Electrophile,acid04-E8,1,2,8,dg^L@MAER[e]nxV`@fh@@,CN(C)C(=O)C1=CC=C(C=C1)C(=O)O,1,1,34231-49-7,0,N1,1,316
E19,E285_4-(Dimethylcarbamoyl)benzoic acid,CN(C)C(=O)C1=CC=C(C=C1)C(=O)O,N2_hydroxydehydroabietylamine,CC(C)C(C(O)=C1)=CC2=C1[C@]3(C)C(CC2)[C@](C)(CN)CCC3,CC(C)c1cc2c(cc1O)[C@@]1(C)CCC[C@@](C)(CNCc3ccc(C(=O)N(C)C)cc3)C1CC2,4.27,4.1,49.1,0.0,-1.0,285,193.2,0.2,Electrophile,acid04-E8,1,2,8,dg^L@MAER[e]nxV`@fh@@,CN(C)C(=O)C1=CC=C(C=C1)C(=O)O,1,1,34231-49-7,0,N2,2,316
E31,E285_4-(Dimethylcarbamoyl)benzoic acid,CN(C)C(=O)C1=CC=C(C=C1)C(=O)O,N3_Scaffold 7,CC(C)C1=CC2=CCC3[C@](C)(CN)CCC[C@]3(C)C2CC1,CC(C)C1=CC2=CCC3[C@](C)(CNCc4ccc(C(=O)N(C)C)cc4)CCC[C@]3(C)C2CC1,14.4,13.0,47.5,12.1,-1.0,285,193.2,0.2,Electrophile,acid04-E8,1,2,8,dg^L@MAER[e]nxV`@fh@@,CN(C)C(=O)C1=CC=C(C=C1)C(=O)O,1,1,34231-49-7,0,N3,3,316
E43,E285_4-(Dimethylcarbamoyl)benzoic acid,CN(C)C(=O)C1=CC=C(C=C1)C(=O)O,N4_Scaffold 6,CCNC[C@@]1(C)C2[C@](C)(CCC1)c3c(CC2)cc(C(C)C)c(c3)N,CCNC[C@]1(C)CCC[C@]2(C)c3cc(NCc4ccc(C(=O)N(C)C)cc4)c(C(C)C)cc3CCC12,16.6,1.2,7.0,0.0,-1.0,285,193.2,0.2,Electrophile,acid04-E8,1,2,8,dg^L@MAER[e]nxV`@fh@@,CN(C)C(=O)C1=CC=C(C=C1)C(=O)O,1,1,34231-49-7,0,N4,4,316
AA10,E291_4-(Trifluoromethyl)benzoic acid,C1=CC(=CC=C1C(=O)O)C(F)(F)F,N1_(+)-Dehydroabietylamine,CC(C)c1ccc2c(c1)CC[C@H]1[C@](C)(CN)CCC[C@]21C,CC(C)c1ccc2c(c1)CC[C@H]1[C@](C)(CNCc3ccc(C(F)(F)F)cc3)CCC[C@]21C,32.84,1.8,5.3,17.0,-1.0,291,190.12,0.2,Electrophile,acid04-E14,1,2,8,dklDpMLIAICICHiCDeeAfj@BX@@,C1=CC(=CC=C1C(=O)O)C(F)(F)F,1,1,455-24-3,0,N1,1,317
AA22,E291_4-(Trifluoromethyl)benzoic acid,C1=CC(=CC=C1C(=O)O)C(F)(F)F,N2_hydroxydehydroabietylamine,CC(C)C(C(O)=C1)=CC2=C1[C@]3(C)C(CC2)[C@](C)(CN)CCC3,CC(C)c1cc2c(cc1O)[C@@]1(C)CCC[C@@](C)(CNCc3ccc(C(F)(F)F)cc3)C1CC2,1.81,0.4,19.1,23.4,-1.0,291,190.12,0.2,Electrophile,acid04-E14,1,2,8,dklDpMLIAICICHiCDeeAfj@BX@@,C1=CC(=CC=C1C(=O)O)C(F)(F)F,1,1,455-24-3,0,N2,2,317
AA34,E291_4-(Trifluoromethyl)benzoic acid,C1=CC(=CC=C1C(=O)O)C(F)(F)F,N3_Scaffold 7,CC(C)C1=CC2=CCC3[C@](C)(CN)CCC[C@]3(C)C2CC1,CC(C)C1=CC2=CCC3[C@](C)(CNCc4ccc(C(F)(F)F)cc4)CCC[C@]3(C)C2CC1,8.8,0.5,5.4,0.0,-1.0,291,190.12,0.2,Electrophile,acid04-E14,1,2,8,dklDpMLIAICICHiCDeeAfj@BX@@,C1=CC(=CC=C1C(=O)O)C(F)(F)F,1,1,455-24-3,0,N3,3,317
AA46,E291_4-(Trifluoromethyl)benzoic acid,C1=CC(=CC=C1C(=O)O)C(F)(F)F,N4_Scaffold 6,CCNC[C@@]1(C)C2[C@](C)(CCC1)c3c(CC2)cc(C(C)C)c(c3)N,CCNC[C@]1(C)CCC[C@]2(C)c3cc(NCc4ccc(C(F)(F)F)cc4)c(C(C)C)cc3CCC12,5.2,1.3,19.4,11.1,-1.0,291,190.12,0.2,Electrophile,acid04-E14,1,2,8,dklDpMLIAICICHiCDeeAfj@BX@@,C1=CC(=CC=C1C(=O)O)C(F)(F)F,1,1,455-24-3,0,N4,4,317
AB10,"E293_M-TOLUIC ACID, 99%",CC1=CC(=CC=C1)C(=O)O,N1_(+)-Dehydroabietylamine,CC(C)c1ccc2c(c1)CC[C@H]1[C@](C)(CN)CCC[C@]21C,Cc1cccc(CNC[C@]2(C)CCC[C@]3(C)c4ccc(C(C)C)cc4CC[C@@H]23)c1,20.8,22.8,52.3,0.0,-1.0,293,136.15,0.2,Electrophile,acid04-F1,1,2,8,deTD@@QInUnEh@H@@,CC1=CC(=CC=C1)C(=O)O,1,1,99-04-7,0,N1,1,318
AB22,"E293_M-TOLUIC ACID, 99%",CC1=CC(=CC=C1)C(=O)O,N2_hydroxydehydroabietylamine,CC(C)C(C(O)=C1)=CC2=C1[C@]3(C)C(CC2)[C@](C)(CN)CCC3,Cc1cccc(CNC[C@]2(C)CCC[C@]3(C)c4cc(O)c(C(C)C)cc4CCC23)c1,0.0,2.2,100.0,19.3,-1.0,293,136.15,0.2,Electrophile,acid04-F1,1,2,8,deTD@@QInUnEh@H@@,CC1=CC(=CC=C1)C(=O)O,1,1,99-04-7,0,N2,2,318
AB34,"E293_M-TOLUIC ACID, 99%",CC1=CC(=CC=C1)C(=O)O,N3_Scaffold 7,CC(C)C1=CC2=CCC3[C@](C)(CN)CCC[C@]3(C)C2CC1,Cc1cccc(CNC[C@]2(C)CCC[C@]3(C)C4CCC(C(C)C)=CC4=CCC23)c1,3.0,10.9,78.4,8.1,-1.0,293,136.15,0.2,Electrophile,acid04-F1,1,2,8,deTD@@QInUnEh@H@@,CC1=CC(=CC=C1)C(=O)O,1,1,99-04-7,0,N3,3,318
AB46,"E293_M-TOLUIC ACID, 99%",CC1=CC(=CC=C1)C(=O)O,N4_Scaffold 6,CCNC[C@@]1(C)C2[C@](C)(CCC1)c3c(CC2)cc(C(C)C)c(c3)N,CCNC[C@]1(C)CCC[C@]2(C)c3cc(NCc4cccc(C)c4)c(C(C)C)cc3CCC12,16.4,1.0,5.8,0.0,-1.0,293,136.15,0.2,Electrophile,acid04-F1,1,2,8,deTD@@QInUnEh@H@@,CC1=CC(=CC=C1)C(=O)O,1,1,99-04-7,0,N4,4,318
L7,E296_2-Methoxybenzoic acid,COC1=CC=CC=C1C(=O)O,N1_(+)-Dehydroabietylamine,CC(C)c1ccc2c(c1)CC[C@H]1[C@](C)(CN)CCC[C@]21C,COc1ccccc1CNC[C@]1(C)CCC[C@]2(C)c3ccc(C(C)C)cc3CC[C@@H]12,22.0,0.0,0.0,26.9,-1.0,296,152.15,0.2,Electrophile,acid04-F4,1,2,8,dmtL@@QdfyeQUhHH@@,COC1=CC=CC=C1C(=O)O,1,1,579-75-9,0,N1,1,319
L19,E296_2-Methoxybenzoic acid,COC1=CC=CC=C1C(=O)O,N2_hydroxydehydroabietylamine,CC(C)C(C(O)=C1)=CC2=C1[C@]3(C)C(CC2)[C@](C)(CN)CCC3,COc1ccccc1CNC[C@]1(C)CCC[C@]2(C)c3cc(O)c(C(C)C)cc3CCC12,4.0,0.0,0.0,33.5,-1.0,296,152.15,0.2,Electrophile,acid04-F4,1,2,8,dmtL@@QdfyeQUhHH@@,COC1=CC=CC=C1C(=O)O,1,1,579-75-9,0,N2,2,319
L31,E296_2-Methoxybenzoic acid,COC1=CC=CC=C1C(=O)O,N3_Scaffold 7,CC(C)C1=CC2=CCC3[C@](C)(CN)CCC[C@]3(C)C2CC1,COc1ccccc1CNC[C@]1(C)CCC[C@]2(C)C3CCC(C(C)C)=CC3=CCC12,12.6,0.0,0.0,1.6,-1.0,296,152.15,0.2,Electrophile,acid04-F4,1,2,8,dmtL@@QdfyeQUhHH@@,COC1=CC=CC=C1C(=O)O,1,1,579-75-9,0,N3,3,319
L43,E296_2-Methoxybenzoic acid,COC1=CC=CC=C1C(=O)O,N4_Scaffold 6,CCNC[C@@]1(C)C2[C@](C)(CCC1)c3c(CC2)cc(C(C)C)c(c3)N,CCNC[C@]1(C)CCC[C@]2(C)c3cc(NCc4ccccc4OC)c(C(C)C)cc3CCC12,10.8,0.0,0.0,23.6,-1.0,296,152.15,0.2,Electrophile,acid04-F4,1,2,8,dmtL@@QdfyeQUhHH@@,COC1=CC=CC=C1C(=O)O,1,1,579-75-9,0,N4,4,319
